gene	T303_b10_Esophagus_PCW21
A1BG	8
A1BG-AS1	138
A1CF	149
A2M	5892
A2M-AS1	61
A2ML1	9619
A2ML1-AS1	409
A3GALT2	107
A4GALT	4
A4GNT	70
AAAS	1115
AACS	2175
AADAC	77
AADACL2	71
AADACL2-AS1	1916
AADACL3	10
AADACL4	32
AADAT	1568
AAGAB	2831
AAK1	13610
AAMDC	6105
AAMP	558
AANAT	61
AAR2	636
AARD	79
AARS1	1824
AARS2	1192
AASDH	2348
AASDH-DT	26
AASDHPPT	2789
AASDHPPT-AS1	33
AASS	5677
AATBC	66
AATF	3745
AATK	880
ABALON	15
ABAT	2668
ABCA1	7833
ABCA10	4140
ABCA12	960
ABCA13	9895
ABCA2	484
ABCA3	1018
ABCA4	298
ABCA5	13787
ABCA6	1904
ABCA7	455
ABCA8	3587
ABCA9	1817
ABCA9-AS1	146
ABCB1	1140
ABCB10	3308
ABCB11	249
ABCB4	305
ABCB5	545
ABCB7	5316
ABCB8	1159
ABCB9	677
ABCC1	11153
ABCC10	1432
ABCC11	200
ABCC12	84
ABCC2	289
ABCC3	2548
ABCC4	4120
ABCC5	5585
ABCC5-AS1	31
ABCC6	852
ABCC8	547
ABCC9	7811
ABCD1	236
ABCD2	794
ABCD3	11532
ABCD4	1797
ABCE1	4495
ABCF1	2666
ABCF2	2
ABCF2-H2BK1	4
ABCF3	705
ABCG1	2099
ABCG2	1425
ABCG4	57
ABCG5	50
ABCG8	82
ABHD1	71
ABHD10	1127
ABHD11	569
ABHD12	5210
ABHD12B	206
ABHD13	1220
ABHD14A	57
ABHD14A-ACY1	94
ABHD14B	113
ABHD15	93
ABHD15-AS1	523
ABHD16B	7
ABHD16B-AS1	77
ABHD17A	349
ABHD17B	4638
ABHD17C	4749
ABHD18	6807
ABHD2	6461
ABHD3	3662
ABHD4	668
ABHD5	1537
ABHD6	1310
ABHD8	655
ABI1	21655
ABI2	9861
ABI3	111
ABI3BP	43932
ABITRAM	1135
ABL1	11495
ABL2	7305
ABLIM1	30450
ABLIM2	2330
ABLIM2-DT	17
ABLIM3	4978
ABO	8384
ABR	7924
ABR-AS1	11
ABRA	24
ABRACL	305
ABRAXAS1	1179
ABRAXAS2	2816
ABT1	121
ABTB1	323
ABTB2	2008
ACAA1	1013
ACAA2	531
ACACA	18599
ACACB	13689
ACAD10	3057
ACAD8	590
ACAD9	4383
ACAD9-DT	82
ACADL	363
ACADM	5107
ACADS	313
ACADSB	2212
ACADVL	8429
ACAN	777
ACAP1	92
ACAP2	20959
ACAP3	3153
ACAT1	1685
ACAT2	685
ACBD3	5601
ACBD3-AS1	124
ACBD4	582
ACBD5	4139
ACBD6	11657
ACBD7	185
ACCS	958
ACCSL	29
ACD	277
ACE	67
ACE2	163
ACER1	135
ACER2	993
ACER3	5090
ACER3-AS1	130
ACHE	135
ACIN1	12586
ACKR1	18
ACKR2	35
ACKR3	592
ACKR4	129
ACLY	1896
ACMSD	184
ACO1	2255
ACO2	4413
ACOD1	28
ACOT1	136
ACOT11	10519
ACOT12	160
ACOT13	915
ACOT2	357
ACOT6	53
ACOT7	1010
ACOT8	519
ACOT9	2949
ACOX1	2370
ACOX2	750
ACOX3	7688
ACOXL	941
ACP1	2321
ACP2	283
ACP3	2069
ACP4	15
ACP5	17
ACP6	2164
ACP7	216
ACR	43
ACRBP	144
ACRV1	33
ACSBG1	443
ACSBG2	513
ACSF2	2154
ACSF3	2276
ACSL1	7698
ACSL1-DT	34
ACSL3	7254
ACSL3-AS1	3
ACSL4	5099
ACSL5	347
ACSL6	1
ACSL6-AS1	9
ACSL6-AS2	1
ACSM1	189
ACSM2A	67
ACSM2B	44
ACSM3	729
ACSM4	61
ACSM5	76
ACSM6	192
ACSS1	3164
ACSS2	3618
ACSS3	2796
ACSS3-AS1	42
ACTA1	244
ACTA2	51037
ACTB	14788
ACTBL2	7
ACTC1	542
ACTG1	4798
ACTG2	118560
ACTL10	9
ACTL6A	1311
ACTL6A-AS1	6
ACTL6B	76
ACTL7A	0
ACTL7B	2
ACTL8	29
ACTL9	0
ACTN1	36842
ACTN1-DT	216
ACTN2	2073
ACTN3	57
ACTN3-AS1	3
ACTN4	18172
ACTN4-AS1	73
ACTR10	4859
ACTR1A	1700
ACTR1B	997
ACTR2	4644
ACTR3	10763
ACTR3-AS1	932
ACTR3B	1753
ACTR3C	2044
ACTR5	679
ACTR6	1739
ACTR8	1193
ACTRT2	0
ACTRT3	43
ACVR1	6110
ACVR1B	4579
ACVR1C	412
ACVR2A	8817
ACVR2B	2066
ACVR2B-AS1	36
ACVRL1	228
ACY3	22
ACYP1	1075
ACYP2	17855
ADA	363
ADA2	1000
ADAD1	35
ADAD2	22
ADAD2-AS1	155
ADAL	546
ADAM10	16513
ADAM11	247
ADAM12	3744
ADAM15	776
ADAM17	10642
ADAM18	255
ADAM19	19170
ADAM2	131
ADAM21	43
ADAM22	3120
ADAM23	6554
ADAM28	3186
ADAM29	233
ADAM30	2
ADAM32	1232
ADAM33	4776
ADAM7	131
ADAM7-AS1	1772
ADAM8	129
ADAM9	9888
ADAMDEC1	40
ADAMTS1	2263
ADAMTS10	1755
ADAMTS10-AS1	30
ADAMTS12	9777
ADAMTS13	786
ADAMTS14	2775
ADAMTS15	408
ADAMTS16	545
ADAMTS16-AS1	38
ADAMTS16-DT	21
ADAMTS17	11627
ADAMTS17-AS1	15
ADAMTS18	658
ADAMTS19	27462
ADAMTS19-AS1	1395
ADAMTS2	2906
ADAMTS20	965
ADAMTS3	3289
ADAMTS3-AS1	16
ADAMTS4	155
ADAMTS5	1583
ADAMTS6	4662
ADAMTS7	679
ADAMTS8	755
ADAMTS9	19676
ADAMTS9-AS1	2053
ADAMTS9-AS2	24638
ADAMTSL1	60835
ADAMTSL2	199
ADAMTSL3	17743
ADAMTSL4	1147
ADAMTSL4-AS1	16
ADAMTSL4-AS2	168
ADAMTSL5	564
ADAP1	141
ADAP2	644
ADAR	4840
ADARB1	6718
ADARB2	8759
ADARB2-AS1	86
ADAT1	327
ADAT2	1529
ADCK1	1266
ADCK2	254
ADCK5	497
ADCY1	947
ADCY10	579
ADCY2	5582
ADCY2-AS1	116
ADCY3	1964
ADCY4	341
ADCY5	12738
ADCY6	3404
ADCY6-DT	3
ADCY7	2368
ADCY8	631
ADCY9	7899
ADCYAP1	20
ADCYAP1R1	898
ADD1	12392
ADD2	506
ADD2-AS1	4
ADD3	24252
ADD3-AS1	1025
ADGB	8730
ADGB-DT	2
ADGRA1	86
ADGRA1-AS1	4
ADGRA2	5173
ADGRA3	12430
ADGRB1	443
ADGRB2	631
ADGRB3	44989
ADGRB3-DT	311
ADGRD1	6509
ADGRD1-AS1	20
ADGRD1-AS2	151
ADGRD2	90
ADGRE1	90
ADGRE2	255
ADGRE3	285
ADGRE5	1141
ADGRF1	4697
ADGRF3	240
ADGRF4	420
ADGRF5	1446
ADGRF5-AS1	8
ADGRG1	1501
ADGRG2	1000
ADGRG3	68
ADGRG4	147
ADGRG5	185
ADGRG6	8039
ADGRG7	109
ADGRL1	3927
ADGRL1-AS1	636
ADGRL2	27404
ADGRL3	39922
ADGRL3-AS1	129
ADGRL3-AS2	17
ADGRL3-AS3	30
ADGRL4	3130
ADGRV1	3657
ADH1A	23
ADH1B	194
ADH4	43
ADH5	2449
ADH6	136
ADH7	410
ADI1	612
ADIPOQ	45
ADIPOQ-AS1	8
ADIPOR1	935
ADIPOR2	7972
ADIRF	97
ADIRF-AS1	130
ADK	37625
ADK-AS1	132
ADM	337
ADM2	16
ADM5	10
ADNP	12775
ADNP-AS1	151
ADNP2	1785
ADO	115
ADORA1	162
ADORA1-AS1	12
ADORA1-AS2	13
ADORA2A-AS1	199
ADORA2B	189
ADPGK	1998
ADPGK-AS1	30
ADPRH	58
ADPRH-AS1	2
ADPRHL1	483
ADPRM	413
ADPRS	713
ADRA1A	899
ADRA1B	238
ADRA1D	99
ADRA2A	32
ADRA2B	11
ADRA2C	1
ADRB1	117
ADRB2	168
ADRB3	17
ADRM1	180
ADSL	0
ADSS1	199
ADSS2	7665
ADTRP	308
AEBP1	1099
AEBP2	22941
AEN	63
AFAP1	15397
AFAP1-AS1	66
AFAP1-AS2	98
AFAP1L1	2175
AFAP1L2	3284
AFDN	35230
AFDN-DT	225
AFF1	30968
AFF2	1404
AFF3	17529
AFF4	23363
AFF4-DT	3
AFG1L	5485
AFG3L2	3868
AFM	635
AFMID	1664
AFP	32
AFTPH	6340
AFTPH-DT	7
AGA	342
AGA-DT	3320
AGAP1	46095
AGAP2	145
AGAP3	3317
AGAP4	1056
AGAP9	1198
AGBL1	5864
AGBL1-AS1	10
AGBL2	1289
AGBL3	1501
AGBL4	32896
AGBL4-AS1	29
AGBL5	752
AGBL5-AS1	2
AGER	222
AGFG1	8203
AGFG2	1067
AGGF1	160
AGK	3332
AGK-DT	323
AGL	6927
AGMAT	102
AGMO	1214
AGO1	2040
AGO2	9558
AGO3	13143
AGO4	8654
AGPAT1	330
AGPAT2	301
AGPAT3	7725
AGPAT4	7799
AGPAT5	4127
AGPS	5831
AGR2	1434
AGR3	5150
AGRN	1394
AGRP	3
AGT	41
AGTPBP1	8026
AGTR1	123
AGTR2	24
AGTRAP	462
AGXT	12
AGXT2	87
AHCTF1	8505
AHCY	299
AHCYL1	4062
AHCYL2	13806
AHDC1	10356
AHI1	17896
AHI1-DT	4587
AHNAK	63362
AHNAK2	6746
AHR	900
AHSA1	1204
AHSG	16
AHSP	1
AICDA	18
AIDA	2250
AIF1	10
AIF1L	361
AIFM1	1202
AIFM2	335
AIFM3	47
AIG1	9345
AIM2	537
AIMP1	2707
AIMP2	371
AIP	185
AIPL1	137
AIRE	23
AIRN	21
AJAP1	373
AJM1	149
AJUBA	35
AJUBA-DT	471
AK1	64
AK2	3096
AK2-AS1	225
AK3	10802
AK4	3702
AK4P3	344
AK5	1387
AK5-AS1	3
AK6	952
AK7	1989
AK8	2401
AK9	7360
AKAIN1	51
AKAIN1-AS1	8
AKAP1	3397
AKAP1-DT	102
AKAP10	10318
AKAP11	6716
AKAP12	21070
AKAP13	75766
AKAP13-AS1	287
AKAP14	705
AKAP3	113
AKAP4	8
AKAP5	137
AKAP6	20898
AKAP7	2942
AKAP8	2803
AKAP8L	5857
AKAP9	50920
AKIP1	519
AKIRIN1	1768
AKIRIN2	1970
AKNA	2628
AKNAD1	206
AKR1A1	1701
AKR1B1	303
AKR1B10	44
AKR1B15	33
AKR1C1	642
AKR1C2	641
AKR1C3	298
AKR1C4	43
AKR1C8	96
AKR1D1	276
AKR1E2	656
AKR7A2	278
AKR7A3	66
AKR7L	48
AKT1	1282
AKT1S1	2
AKT2	5007
AKT3	22271
AKTIP	1162
ALAD	1221
ALAS1	995
ALAS2	24
ALB	89
ALCAM	44961
ALDH16A1	172
ALDH18A1	1969
ALDH1A1	1579
ALDH1A2	2367
ALDH1A2-AS1	27
ALDH1A3	756
ALDH1A3-AS1	198
ALDH1B1	174
ALDH1L1	345
ALDH1L1-AS1	7
ALDH1L1-AS2	27
ALDH1L2	1199
ALDH2	2119
ALDH3A1	67
ALDH3A2	3052
ALDH3B1	561
ALDH3B2	897
ALDH4A1	247
ALDH5A1	906
ALDH6A1	995
ALDH7A1	4550
ALDH8A1	250
ALDH9A1	755
ALDOA	13
ALDOB	26
ALDOC-AS1	1
ALG1	971
ALG10	330
ALG10B	337
ALG11	1688
ALG12	545
ALG13	11325
ALG13-AS1	19
ALG14	2068
ALG14-AS1	16
ALG1L2	166
ALG1L9P	1027
ALG2	385
ALG3	130
ALG5	3270
ALG6	2550
ALG8	1842
ALG9	124
ALK	8832
ALKAL1	198
ALKAL2	80
ALKBH1	2207
ALKBH2	138
ALKBH3	1687
ALKBH3-AS1	16
ALKBH4	246
ALKBH5	1658
ALKBH7	121
ALKBH8	1230
ALLC	77
ALMS1	11440
ALOX12	204
ALOX12-AS1	707
ALOX12B	36
ALOX15	55
ALOX15B	31
ALOX5	279
ALOX5AP	95
ALOXE3	82
ALPG	2
ALPI	1
ALPK1	8181
ALPK2	778
ALPK2-AS1	13
ALPK3	2129
ALPL	133
ALPP	7
ALS2	5134
ALS2CL	1738
ALX1	47
ALX3	16
ALX4	115
ALYREF	91
AMACR	19
AMBN	22
AMBP	39
AMBRA1	10154
AMD1	4492
AMDHD1	136
AMDHD2	133
AMELX	4
AMELY	325
AMER1	428
AMER2	27
AMER3	22
AMFR	2978
AMH	47
AMHR2	41
AMIGO1	34
AMIGO2	44
AMMECR1	6645
AMMECR1L	1330
AMN	365
AMN1	2911
AMN1-AS1	59
AMOT	1465
AMOTL1	14971
AMOTL2	816
AMPD1	101
AMPD2	468
AMPD2-AS1	4
AMPD3	1517
AMPH	4464
AMTN	9
AMY1A	1
AMY1B	0
AMY1C	4
AMY2A	4
AMY2B	1695
AMZ1	557
AMZ2	2425
ANAPC1	4315
ANAPC10	6
ANAPC11	284
ANAPC13	224
ANAPC15	100
ANAPC16	4724
ANAPC1P2	1534
ANAPC2	855
ANAPC4	6783
ANAPC5	8812
ANAPC7	2195
ANG	8
ANGEL1	1044
ANGEL2	2532
ANGPT1	2548
ANGPT2	795
ANGPT4	123
ANGPTL1	831
ANGPTL2	976
ANGPTL3	30
ANGPTL4	134
ANGPTL5	174
ANGPTL6	129
ANGPTL7	10
ANGPTL8	49
ANHX	14
ANK1	595
ANK2	43337
ANK2-AS1	319
ANK3	65169
ANK3-DT	23
ANKAR	4750
ANKDD1A	2019
ANKDD1B	3515
ANKEF1	243
ANKFN1	12140
ANKFY1	7931
ANKH	5211
ANKH-AS1	30
ANKH-DT	2
ANKHD1	14
ANKHD1-DT	520
ANKHD1-EIF4EBP3	819
ANKIB1	16795
ANKK1	200
ANKLE1	53
ANKLE2	5463
ANKMY1	6441
ANKMY2	5382
ANKRA2	2966
ANKRD1	188
ANKRD10	12113
ANKRD11	22116
ANKRD12	8970
ANKRD13A	7493
ANKRD13C	9721
ANKRD13D	1974
ANKRD16	1975
ANKRD17	33904
ANKRD17-DT	2795
ANKRD18A	1004
ANKRD18B	1173
ANKRD2	66
ANKRD20A1	453
ANKRD22	1776
ANKRD23	1406
ANKRD24	804
ANKRD26	14586
ANKRD27	5213
ANKRD27-AS1	20
ANKRD28	18074
ANKRD29	1303
ANKRD30A	78
ANKRD30B	176
ANKRD30BL	1567
ANKRD31	461
ANKRD33	4
ANKRD33B	905
ANKRD33B-AS1	1
ANKRD34A	78
ANKRD34B	10
ANKRD34C	5
ANKRD34C-AS1	259
ANKRD35	1029
ANKRD35-DT	3
ANKRD36	26038
ANKRD36B	10368
ANKRD36C	28155
ANKRD37	2596
ANKRD39	8
ANKRD40	759
ANKRD40CL	20
ANKRD42	2278
ANKRD42-DT	1083
ANKRD44	13314
ANKRD44-AS1	53
ANKRD44-DT	0
ANKRD46	2464
ANKRD49	467
ANKRD50	7379
ANKRD52	2013
ANKRD53	107
ANKRD54	704
ANKRD55	316
ANKRD55-AS1	627
ANKRD6	5113
ANKRD6-AS1	9
ANKRD60	14
ANKRD61	15
ANKRD62	71
ANKRD62P1-PARP4P3	19
ANKRD65	229
ANKRD65-AS1	10
ANKRD66	265
ANKRD7	974
ANKRD9	180
ANKS1A	18584
ANKS1B	28696
ANKS3	2317
ANKS4B	35
ANKS6	3603
ANKUB1	5952
ANKZF1	1580
ANLN	3983
ANO1	7747
ANO1-AS1	2
ANO10	12121
ANO2	2742
ANO3	1965
ANO3-AS1	88
ANO4	1114
ANO5	5162
ANO6	19719
ANO7	161
ANO8	770
ANO9	541
ANOS1	2758
ANP32A	5940
ANP32B	3516
ANP32D	18
ANP32E	1334
ANPEP	198
ANTKMT	50
ANTXR1	16637
ANTXR2	12945
ANTXRL	67
ANXA1	67764
ANXA10	1872
ANXA10-AS1	140
ANXA11	6996
ANXA13	175
ANXA2	10771
ANXA2R-AS1	1699
ANXA2R-OT1	1032
ANXA3	5268
ANXA4	6569
ANXA5	3851
ANXA6	6886
ANXA7	2487
ANXA8	509
ANXA9	74
AOAH	1570
AOC1	211
AOC2	88
AOC3	1258
AOPEP	47857
AOPEP-AS1	30
AOX1	305
AOX3P-AOX2P	153
AP1AR	2958
AP1AR-DT	33
AP1B1	1704
AP1G1	10340
AP1G2	1969
AP1G2-AS1	270
AP1M1	1003
AP1M2	339
AP1S1	188
AP1S2	2567
AP1S3	319
AP2A1	1871
AP2A2	9400
AP2B1	9497
AP2M1	1057
AP2S1	704
AP3B1	20757
AP3B2	709
AP3D1	4816
AP3M1	1944
AP3M2	1286
AP3S1	6495
AP3S2	81
AP4B1	1028
AP4B1-AS1	166
AP4E1	2892
AP4M1	856
AP4S1	3128
AP5B1	406
AP5M1	1766
AP5S1	109
AP5Z1	538
APAF1	5821
APBA1	6052
APBA2	1881
APBA3	424
APBB1	1228
APBB1IP	439
APBB2	20178
APBB2-AS1	157
APBB3	365
APC	8729
APC2	215
APC2-AS1	26
APCDD1	1025
APCDD1L	264
APCDD1L-DT	724
APCS	0
APEH	255
APELA	34
APEX1	459
APEX2	174
APH1A	139
APH1B	975
API5	4334
APIP	2842
APLF	3129
APLN	28
APLNR	110
APLP1	139
APLP2	7773
APMAP	1006
APOA1	14
APOA1-AS	93
APOA2	2
APOA4	1
APOA5	12
APOB	41
APOBEC1	31
APOBEC2	73
APOBEC3A	558
APOBEC3B-AS1	15
APOBEC3C	16
APOBEC3F	418
APOBEC3G	121
APOBEC3H	47
APOBEC4	162
APOBR	8
APOC1	59
APOC3	5
APOD	91
APOE	21
APOF	4
APOH	149
APOL1	2270
APOL2	3146
APOL3	391
APOL4	221
APOL5	53
APOL6	530
APOLD1	4953
APOLTP	1083
APOM	65
APOO	2348
APOOL	4125
APP	24003
APP-DT	206
APPBP2	11098
APPBP2-DT	435
APPL1	6419
APPL2	6047
APRG1	1260
APRT	80
APTR	3413
APTX	7644
AQP1	184
AQP10	13
AQP11	177
AQP12A	2
AQP12B	2
AQP2	17
AQP3	3698
AQP4	159
AQP4-AS1	1860
AQP5	75
AQP5-AS1	52
AQP6	70
AQP7	458
AQP7B	41
AQP8	25
AQP9	65
AQR	6878
AR	1265
ARAF	710
ARAP1	3533
ARAP1-AS1	11
ARAP1-AS2	21
ARAP2	13556
ARAP2-AS1	98
ARAP3	1228
ARAP3-DT	1
ARB2A-AS1	196
ARB2A-AS2	28
ARB2A-DT	321
ARC	37
ARCN1	3034
AREG	117
AREL1	1939
ARF1	1633
ARF3	31
ARF4	3256
ARF4-AS1	92
ARF5	179
ARF6	670
ARFGAP1	1759
ARFGAP2	1626
ARFGAP3	3458
ARFGEF1	26663
ARFGEF1-DT	51
ARFGEF2	10754
ARFGEF3	5916
ARFIP1	10857
ARFIP2	968
ARFRP1	719
ARG1	165
ARG2	413
ARGFX	51
ARGLU1	30566
ARHGAP1	2181
ARHGAP10	20520
ARHGAP11A-DT	408
ARHGAP11A-SCG5	34
ARHGAP11B-DT	560
ARHGAP12	16661
ARHGAP15	5629
ARHGAP15-AS1	79
ARHGAP17	12708
ARHGAP18	8992
ARHGAP19	0
ARHGAP19-SLIT1	239
ARHGAP20	3696
ARHGAP21	20594
ARHGAP22	1160
ARHGAP23	7087
ARHGAP24	18678
ARHGAP25	1074
ARHGAP26	30613
ARHGAP26-AS1	190
ARHGAP27	2048
ARHGAP27P1-BPTFP1-KPNA2P3	1723
ARHGAP28	3930
ARHGAP28-AS1	7
ARHGAP29	7439
ARHGAP29-AS1	451
ARHGAP30	940
ARHGAP31	4496
ARHGAP31-AS1	146
ARHGAP32	38844
ARHGAP33	654
ARHGAP35	9557
ARHGAP36	116
ARHGAP39	5591
ARHGAP4	316
ARHGAP40	1455
ARHGAP42	13109
ARHGAP42-AS1	14
ARHGAP44	3324
ARHGAP44-AS1	67
ARHGAP45	118
ARHGAP5	20088
ARHGAP5-AS1	46
ARHGAP6	25891
ARHGAP8	3
ARHGAP9	87
ARHGDIA	487
ARHGDIB	159
ARHGDIG	6
ARHGEF1	2994
ARHGEF10L	6135
ARHGEF11	8756
ARHGEF12	27820
ARHGEF15	158
ARHGEF16	678
ARHGEF17	4136
ARHGEF17-AS1	28
ARHGEF18	5836
ARHGEF18-AS1	119
ARHGEF19	1047
ARHGEF19-AS1	1
ARHGEF2	3962
ARHGEF2-AS1	26
ARHGEF2-AS2	47
ARHGEF25	1267
ARHGEF25-AS1	60
ARHGEF26	12702
ARHGEF26-AS1	3090
ARHGEF28	23906
ARHGEF28-AS2	20
ARHGEF3	16538
ARHGEF3-AS1	36
ARHGEF33	632
ARHGEF35	89
ARHGEF35-AS1	650
ARHGEF37	1351
ARHGEF38	3794
ARHGEF38-DT	271
ARHGEF39	412
ARHGEF4	2146
ARHGEF4-AS1	14
ARHGEF40	2312
ARHGEF5	505
ARHGEF6	1775
ARHGEF7	20591
ARHGEF7-AS1	0
ARHGEF7-AS2	5
ARHGEF9	4713
ARID1A	13015
ARID1B	60385
ARID1B-AS1	48
ARID2	26464
ARID3A	2509
ARID3B	1761
ARID3C	15
ARID4A	13065
ARID4B	27348
ARID5A	690
ARID5B	17651
ARIH1	23388
ARIH2	6641
ARIH2OS	25
ARL1	1681
ARL10	1532
ARL11	27
ARL13A	32
ARL13B	3398
ARL14	19
ARL14EP	1237
ARL14EP-DT	691
ARL14EPL	29
ARL15	36224
ARL16	317
ARL17A	4256
ARL17B	2232
ARL2	0
ARL2-SNX15	54
ARL2BP	705
ARL3	3387
ARL4A	357
ARL4C	265
ARL4D	133
ARL5A	1987
ARL5B	2276
ARL5C	86
ARL6	2594
ARL6IP1	2
ARL6IP5	1364
ARL6IP6	2640
ARL8A	833
ARL8B	9332
ARL9	242
ARLNC1	2
ARMC1	1991
ARMC10	2000
ARMC12	51
ARMC2	7102
ARMC2-AS1	19
ARMC3	9821
ARMC5	165
ARMC6	431
ARMC7	449
ARMC8	8678
ARMC9	15418
ARMCX1	498
ARMCX2	531
ARMCX3	1100
ARMCX3-AS1	18
ARMCX4	8235
ARMCX5	7
ARMCX5-GPRASP2	6207
ARMCX5-GPRASP2.1	139
ARMCX6	362
ARMH1	2904
ARMH3	10360
ARMH4	5917
ARMS2	24
ARMT1	664
ARNILA	179
ARNT	7176
ARNT2	3874
ARNT2-AS1	1
ARNT2-AS2	12
ARNT2-AS3	33
ARNT2-DT	485
ARNTL	2307
ARNTL2	3442
ARNTL2-AS1	107
ARPC1B	47
ARPC2	10906
ARPC3	528
ARPC4	42
ARPC4-TTLL3	29
ARPC5	1721
ARPC5L	340
ARPIN	0
ARPIN-AP3S2	8
ARPP19	2545
ARPP21	2131
ARPP21-AS1	0
ARR3	13
ARRB1	6044
ARRB2	600
ARRDC1	8
ARRDC1-AS1	324
ARRDC2	376
ARRDC3	5858
ARRDC3-AS1	2413
ARRDC4	1132
ARRDC5	909
ARSA	281
ARSB	3053
ARSD	1138
ARSD-AS1	5
ARSF	117
ARSG	955
ARSH	37
ARSI	283
ARSJ	3684
ARSK	1353
ARSL	169
ART1	42
ART3	281
ART4	59
ART5	18
ARTN	62
ARV1	769
ARVCF	788
ARX	42
ASAH1	3213
ASAH1-AS1	63
ASAH2	214
ASAH2B	417
ASAP1	22027
ASAP2	17979
ASAP3	3454
ASB1	955
ASB10	23
ASB11	79
ASB12	6
ASB13	417
ASB14	855
ASB15	261
ASB15-AS1	91
ASB16	114
ASB16-AS1	471
ASB17	32
ASB18	219
ASB2	6016
ASB3	10631
ASB4	145
ASB5	2201
ASB6	182
ASB6-AS1	2
ASB7	2154
ASB8	653
ASB9	186
ASCC1	3058
ASCC2	2237
ASCC3	19116
ASCL1	41
ASCL2	20
ASCL3	24
ASCL4	2
ASCL5	38
ASF1A	903
ASF1B	442
ASGR1	187
ASGR2	68
ASH1L	29659
ASH1L-AS1	27
ASH2L	3277
ASIC1	757
ASIC2	1858
ASIC2-AS1	391
ASIC2-AS2	20
ASIC2-AS3	1
ASIC3	116
ASIC4	142
ASIC4-AS1	185
ASIC5	29
ASIP	248
ASL	639
ASNSD1	192
ASPA	1715
ASPDH	18
ASPG	144
ASPH	16691
ASPHD1	182
ASPHD2	66
ASPM	2844
ASPN	836
ASPSCR1	1316
ASRGL1	396
ASS1	1844
ASTE1	361
ASTILCS	11
ASTL	46
ASTN1	1493
ASTN2	8044
ASTN2-AS1	69
ASXL1	10352
ASXL2	8817
ASXL3	3140
ASXL3-DT	30
ASZ1	82
ATAD1	5034
ATAD2	7061
ATAD2B	19343
ATAD3A	517
ATAD3B	1467
ATAD3C	243
ATAD5	2720
ATAT1	2055
ATCAY	450
ATE1	12573
ATF1	3877
ATF2	9364
ATF3	4328
ATF4	1844
ATF5	143
ATF6	10492
ATF6-DT	44
ATF6B	1401
ATF7	104
ATF7-AS1	14
ATF7-AS2	757
ATF7-NPFF	4
ATF7IP	17245
ATF7IP2	6391
ATG10	12038
ATG10-AS1	0
ATG101	138
ATG12	3938
ATG13	2858
ATG14	3068
ATG16L1	2740
ATG16L2	1845
ATG2A	769
ATG2B	8542
ATG3	2157
ATG4A	946
ATG4B	3530
ATG4C	4509
ATG4D	493
ATG5	7567
ATG7	17212
ATG9A	196
ATG9B	235
ATIC	1152
ATL1	3349
ATL2	23080
ATL3	3893
ATM	10774
ATMIN	550
ATN1	2778
ATOH1	4
ATOH7	1
ATOH8	339
ATOX1	532
ATOX1-AS1	74
ATP10A	8001
ATP10A-DT	43
ATP10B	12496
ATP10D	7345
ATP10D-DT	12
ATP11A	13386
ATP11A-AS1	30
ATP11AUN	93
ATP11B	21289
ATP11B-DT	51
ATP11C	8002
ATP12A	569
ATP13A1	611
ATP13A2	421
ATP13A3	8556
ATP13A3-DT	640
ATP13A4	9974
ATP13A4-AS1	1
ATP13A5	223
ATP13A5-AS1	4
ATP1A1	2825
ATP1A1-AS1	983
ATP1A2	3131
ATP1A3	5
ATP1A4	192
ATP1B1	4420
ATP1B2	224
ATP1B3	3223
ATP1B3-AS1	12
ATP1B4	185
ATP23	662
ATP2A1	423
ATP2A1-AS1	24
ATP2A2	26547
ATP2A3	655
ATP2B1	8504
ATP2B1-AS1	265
ATP2B2	742
ATP2B3	218
ATP2B4	22667
ATP2C1	12287
ATP2C1-AS1	106
ATP2C2	5763
ATP2C2-AS1	386
ATP4A	2428
ATP4B	2581
ATP5F1A	3532
ATP5F1B	2529
ATP5F1C	4573
ATP5F1D	382
ATP5F1E	307
ATP5IF1	768
ATP5IF1-AS1	114
ATP5MC1	150
ATP5MC2	1725
ATP5MC3	752
ATP5ME	587
ATP5MG	3
ATP5MJ	693
ATP5MK	988
ATP5PB	1545
ATP5PD	680
ATP5PF	927
ATP6AP1	249
ATP6AP1-DT	56
ATP6AP2	810
ATP6V0A1	7604
ATP6V0A2	1785
ATP6V0A4	681
ATP6V0B	256
ATP6V0D1	1010
ATP6V0D1-DT	1635
ATP6V0D2	323
ATP6V0E1	3245
ATP6V0E2	237
ATP6V0E2-AS1	329
ATP6V1A	4443
ATP6V1B2	1798
ATP6V1C1	4949
ATP6V1C2	1362
ATP6V1D	1837
ATP6V1E1	2128
ATP6V1E2	348
ATP6V1F	70
ATP6V1FNB	36
ATP6V1G1	1383
ATP6V1G2	67
ATP6V1G2-DDX39B	24
ATP6V1G3	15
ATP6V1H	10075
ATP7A	22
ATP7B	1459
ATP8A1	6876
ATP8A1-DT	7
ATP8A2	2779
ATP8B1	15993
ATP8B1-AS1	65
ATP8B2	2077
ATP8B3	165
ATP8B4	1229
ATP9A	10975
ATP9B	23154
ATP9B-AS1	1
ATPAF1	3180
ATPAF2	1588
ATPSCKMT	1654
ATR	10028
ATRAID	417
ATRIP	428
ATRN	7502
ATRNL1	9403
ATRX	37132
ATXN1	41347
ATXN1-AS1	212
ATXN10	16032
ATXN1L	1106
ATXN2	26591
ATXN2-AS	18
ATXN2L	3532
ATXN3	6708
ATXN3L	0
ATXN7	10284
ATXN7L1	16731
ATXN7L2	417
ATXN7L3	599
ATXN7L3-AS1	418
ATXN7L3B	790
ATXN8OS	94
AUH	16164
AUNIP	92
AUP1	1067
AURKA	360
AURKAIP1	83
AURKB	275
AURKC	84
AUTS2	145254
AVEN	2900
AVIL	737
AVL9	13232
AVP	3
AVPI1	496
AVPR1A	103
AVPR1B	12
AVPR1B-DT	21
AVPR2	7
AWAT1	16
AWAT2	83
AXDND1	832
AXIN1	2264
AXIN2	767
AXL	2793
AZGP1	26
AZI2	3617
AZIN1	3895
AZIN1-AS2	5
AZIN2	667
AZU1	26
B2M	1270
B3GALNT1	551
B3GALNT2	8310
B3GALT1	2149
B3GALT1-AS1	416
B3GALT2	92
B3GALT4	341
B3GALT5	883
B3GALT5-AS1	161
B3GALT6	81
B3GALT9	136
B3GAT1	87
B3GAT1-DT	248
B3GAT2	366
B3GAT3	508
B3GLCT	3775
B3GNT2	575
B3GNT3	752
B3GNT4	20
B3GNT5	2184
B3GNT6	184
B3GNT7	52
B3GNT8	72
B3GNT9	92
B3GNTL1	1944
B4GALNT1	70
B4GALNT2	193
B4GALNT3	4579
B4GALNT4	556
B4GALT1	4398
B4GALT1-AS1	46
B4GALT2	390
B4GALT3	222
B4GALT4	2430
B4GALT4-AS1	171
B4GALT5	24166
B4GALT6	1255
B4GALT7	216
B4GAT1	35
B4GAT1-DT	601
B9D1	2309
B9D2	85
BAALC	779
BAALC-AS1	1408
BAALC-AS2	24
BAAT	66
BABAM1	0
BABAM2	19117
BABAM2-AS2	16
BACE1	1229
BACE1-AS	244
BACE2	16200
BACH1	12333
BACH1-AS1	24
BACH2	15738
BAD	548
BAG1	986
BAG2	4310
BAG3	1410
BAG4	2017
BAG5	832
BAG5-AS1	353
BAG6	1273
BAHCC1	1735
BAHD1	643
BAIAP2	2922
BAIAP2-DT	167
BAIAP2L1	13990
BAIAP2L2	152
BAIAP3	266
BAK1	76
BALR6	378
BAMBI	58
BANCR	92
BANF1	98
BANF2	109
BANK1	2551
BANK1-AS1	79
BANP	5885
BAP1	543
BARD1	11035
BARHL1	14
BARHL2	5
BARX1	65
BARX1-DT	124
BARX2	6413
BASP1	3171
BASP1-AS1	638
BATF	123
BATF2	20
BATF3	94
BAX	290
BAZ1A	10225
BAZ1A-AS1	24
BAZ1B	7925
BAZ2A	7150
BAZ2B	62072
BAZ2B-AS1	67
BBC3	177
BBIP1	1545
BBLN	59
BBOF1	4568
BBOX1	527
BBOX1-AS1	1544
BBS10	242
BBS12	197
BBS2	1245
BBS4	4025
BBS7	2261
BBS7-DT	3
BBS9	33724
BBX	22799
BCAM	1093
BCAN	78
BCAN-AS1	18
BCAN-AS2	63
BCAP29	33
BCAP31	782
BCAR1	1730
BCAR3	5020
BCAR3-AS1	181
BCAR4	37
BCAS1	10244
BCAS1-AS1	43
BCAS2	1063
BCAS3	44108
BCAS3-AS1	258
BCAS4	1102
BCAT1	2148
BCAT1-AS1	2
BCAT1-DT	58
BCAT2	750
BCCIP	1927
BCDIN3D	209
BCDIN3D-AS1	65
BCHE	9955
BCKDHB	14598
BCKDK	291
BCL10	632
BCL10-AS1	1115
BCL11A	11302
BCL11B	848
BCL11B-AS1	0
BCL2	18165
BCL2A1	97
BCL2L1	2977
BCL2L1-AS1	141
BCL2L10	6
BCL2L11	4245
BCL2L12	223
BCL2L13	4919
BCL2L14	1070
BCL2L15	98
BCL2L2	212
BCL2L2-PABPN1	1080
BCL3	632
BCL6	2713
BCL6B	118
BCL7A	2275
BCL7B	492
BCL7C	2723
BCL9	4835
BCL9L	2168
BCLAF1	13048
BCLAF3	4636
BCO1	319
BCO2	1630
BCOR	4349
BCORL1	1789
BCR	4231
BCRP3	55
BCS1L	260
BDH1	4511
BDH2	1287
BDKRB1	26
BDKRB1-AS1	66
BDKRB2	2
BDNF	314
BDNF-AS	2732
BDP1	20185
BEAN1	320
BECN1	1171
BECN2	1
BEGAIN	392
BEGAIN-AS1	8
BEND2	57
BEND3	493
BEND4	205
BEND4-AS1	633
BEND6	515
BEND7	3301
BEND7-DT	8
BEST1	161
BEST2	9
BEST3	371
BEST4	159
BET1	2060
BET1-AS1	94
BET1L	507
BETALINC1	5
BEX1	62
BEX2	135
BEX3	952
BEX4	807
BEX5	29
BFAR	1705
BFSP1	857
BFSP2	245
BFSP2-AS1	42
BGLT3	0
BGN	196
BHLHA15	8
BHLHA9	0
BHLHE22	0
BHLHE22-AS1	17
BHLHE23	6
BHLHE40	6979
BHLHE40-AS1	1167
BHLHE41	914
BHMT	76
BHMT2	228
BICC1	20416
BICD1	10911
BICD1-AS1	24
BICD2	1658
BICDL1	1161
BICDL2	5227
BICRA-AS1	62
BICRA-AS2	19
BICRAL	7667
BID	920
BIK	597
BIN1	2229
BIN2	162
BIN3	2761
BIRC2	4388
BIRC3	380
BIRC5	254
BIRC6	38679
BIRC6-AS1	14
BIRC7	9
BIVM-ERCC5	75
BLACAT1	9
BLACE	19
BLCAP	6106
BLK	141
BLK-AS1	33
BLM	1122
BLMH	1705
BLNK	3592
BLOC1S2	673
BLOC1S4	31
BLOC1S5-TXNDC5	1230
BLOC1S6	8
BLVRA	1202
BLVRB	2390
BLZF1	3441
BMERB1	2310
BMF	890
BMF-AS1	2
BMI1	273
BMP1	1876
BMP10	7
BMP15	1
BMP2	213
BMP2K	8983
BMP2K-DT	9
BMP3	840
BMP4	408
BMP5	5260
BMP6	1090
BMP7	2773
BMP7-AS1	2
BMP8A	197
BMP8B	125
BMP8B-AS1	1
BMPER	1717
BMPR1A	31576
BMPR1B	16411
BMPR1B-DT	18
BMPR2	23059
BMS1	3857
BMS1P14	223
BMS1P4-AGAP5	112
BMT2	10368
BMX	411
BNAT1	4
BNC1	197
BNC2	49234
BNC2-AS1	11
BNIP1	387
BNIP2	2664
BNIP3	1786
BNIP3L	8708
BNIP5	164
BNIPL	3321
BOC	12583
BOD1	919
BOD1L1	10250
BOD1L2	0
BOK	608
BOK-AS1	98
BOLA1	198
BOLA2B	5
BOLA3	174
BOLA3-DT	59
BOLL	49
BOP1	163
BORA	619
BORCS5	3351
BORCS6	20
BORCS7-ASMT	295
BORCS8	8
BPGM	260
BPHL	1951
BPI	51
BPIFA1	3
BPIFA2	38
BPIFA3	68
BPIFB1	102
BPIFB2	77
BPIFB3	13
BPIFB4	99
BPIFB6	6
BPIFC	181
BPNT1	1124
BPNT2	1464
BPTF	29389
BRAF	24160
BRAP	2021
BRAT1	665
BRCA1	3179
BRCA1-OT1	24
BRCA2	1650
BRCC3	2314
BRD1	5448
BRD2	3977
BRD3	1739
BRD3OS	120
BRD4	10874
BRD7	4012
BRD8	3803
BRD9	2844
BRDT	389
BRF1	3528
BRF2	179
BRI3	2215
BRI3BP	704
BRICD5	69
BRINP1	417
BRINP2	443
BRINP3	8282
BRINP3-DT	3
BRIP1	6855
BRIX1	1086
BRK1	882
BRME1	382
BRMS1	129
BRMS1L	1560
BROX	2214
BRPF1	324
BRPF3	1302
BRPF3-AS1	337
BRS3	1
BRSK1	842
BRSK1-AS1	0
BRSK2	428
BRWD1	32240
BRWD1-AS1	96
BRWD1-AS2	30
BRWD3	12123
BSCL2	10
BSDC1	3862
BSG	560
BSG-AS1	103
BSN	511
BSN-AS1	3
BSN-DT	12
BSND	17
BSPH1	87
BSPRY	707
BST1	258
BST2	38
BSX	22
BTAF1	15463
BTBD1	4114
BTBD10	5329
BTBD11	5789
BTBD16	231
BTBD17	10
BTBD18	17
BTBD19	371
BTBD2	2243
BTBD3	5731
BTBD3-AS1	50
BTBD6	107
BTBD7	9359
BTBD8	3781
BTBD9	36194
BTBD9-AS1	1
BTC	3994
BTD	3030
BTF3	1437
BTF3-DT	14
BTF3L4	4556
BTG1	925
BTG1-DT	331
BTG2	2133
BTG2-DT	30
BTG3	2595
BTG3-AS1	149
BTG4	382
BTK	143
BTLA	78
BTN1A1	15
BTN2A1	2370
BTN2A2	670
BTN3A1	1894
BTN3A2	901
BTN3A3	793
BTNL2	21
BTNL3	10
BTNL8	150
BTNL9	548
BTRC	15642
BUB1	1357
BUB1B	1661
BUB3	2021
BUD13	777
BUD13-DT	3
BUD23	1376
BUD31	428
BVES	1400
BVES-AS1	1475
BYSL	154
BZW1	1596
BZW1-AS1	86
BZW2	5896
C10orf105	85
C10orf120	3
C10orf143	664
C10orf53	32
C10orf55	252
C10orf67	1171
C10orf67-AS1	1
C10orf71	97
C10orf71-AS1	1
C10orf82	33
C10orf88	1033
C10orf90	861
C10orf95	49
C10orf95-AS1	198
C10orf99	108
C11orf1	161
C11orf16	1239
C11orf21	18
C11orf24	293
C11orf40	9
C11orf42	16
C11orf53	73
C11orf54	3
C11orf58	7442
C11orf65	1791
C11orf68	38
C11orf71	83
C11orf80	16450
C11orf86	4
C11orf87	4
C11orf94	0
C11orf97	188
C12orf29	1371
C12orf4	2255
C12orf40	1191
C12orf42	1440
C12orf42-AS1	94
C12orf43	358
C12orf50	62
C12orf54	147
C12orf56	826
C12orf57	118
C12orf60	287
C12orf71	1
C12orf73	1069
C12orf75	986
C12orf75-AS1	19
C12orf76	1059
C13orf42	112
C13orf46	199
C14orf119	172
C14orf132	808
C14orf178	82
C14orf180	24
C14orf28	858
C14orf39	441
C14orf93	608
C15orf32	69
C15orf39	346
C15orf40	1027
C15orf48	1220
C15orf61	231
C15orf62	75
C16orf46-AS1	45
C16orf46-DT	4
C16orf54	8
C16orf72	2501
C16orf74	3341
C16orf78	50
C16orf82	3
C16orf86	43
C16orf87	1685
C16orf89	112
C16orf90	3
C16orf91	22
C16orf92	10
C16orf95	672
C16orf95-DT	10
C16orf96	277
C17orf100	298
C17orf107	51
C17orf114	55
C17orf50	45
C17orf58	89
C17orf64	146
C17orf67	867
C17orf75	795
C17orf78	49
C17orf80	819
C17orf97	334
C17orf98	18
C17orf99	176
C18orf21	360
C18orf25	4192
C18orf32	148
C18orf54	806
C18orf63	74
C19orf12	762
C19orf18	755
C19orf25	576
C19orf33	24
C19orf38	253
C19orf44	1039
C19orf47	446
C19orf53	133
C19orf54	154
C19orf67	44
C19orf71	248
C19orf73	11
C19orf81	34
C19orf84	4
C19orf85	1
C1D	2391
C1GALT1	11111
C1GALT1C1	216
C1GALT1C1L	5
C1orf100	108
C1orf105	118
C1orf109	301
C1orf112	2286
C1orf115	76
C1orf116	1531
C1orf122	85
C1orf127	78
C1orf131	940
C1orf141	575
C1orf146	39
C1orf147	15
C1orf159	3449
C1orf162	140
C1orf167	89
C1orf167-AS1	2
C1orf174	990
C1orf185	57
C1orf198	979
C1orf202	30
C1orf21	20950
C1orf21-DT	11
C1orf210	91
C1orf216	135
C1orf220	79
C1orf226	81
C1orf232	19
C1orf35	452
C1orf43	2010
C1orf50	0
C1orf50-AS1	0
C1orf52	2581
C1orf53	11
C1orf54	1462
C1orf56	76
C1orf68	2
C1orf74	1
C1orf87	2607
C1orf94	69
C1QA	2
C1QB	25
C1QBP	183
C1QC	13
C1QL1	91
C1QL2	0
C1QL3	22
C1QL4	16
C1QTNF1	189
C1QTNF1-AS1	63
C1QTNF12	25
C1QTNF2	545
C1QTNF3-AMACR	12762
C1QTNF3-DT	430
C1QTNF4	40
C1QTNF6	535
C1QTNF7	4048
C1QTNF7-AS1	4180
C1QTNF8	37
C1QTNF9	1
C1QTNF9-AS1	2
C1QTNF9B	8
C1R	289
C1RL	1677
C1RL-AS1	1096
C1S	1769
C2	640
C2-AS1	15
C20orf144	29
C20orf173	28
C20orf202	2
C20orf203	5
C20orf204	88
C20orf27	250
C20orf85	564
C20orf96	1588
C21orf58	1963
C21orf62	154
C21orf62-AS1	1706
C21orf91	1163
C21orf91-OT1	77
C22orf15	52
C22orf23	208
C22orf31	39
C22orf39	15
C22orf42	5
C2CD2	3855
C2CD2L	271
C2CD3	5599
C2CD4A	8
C2CD4B	21
C2CD4C	22
C2CD4D	16
C2CD4D-AS1	216
C2CD5	13880
C2CD5-AS1	671
C2CD6	1203
C2orf16	125
C2orf27A	2519
C2orf42	1638
C2orf49	1317
C2orf49-DT	167
C2orf50	371
C2orf66	36
C2orf68	996
C2orf69	1070
C2orf72	83
C2orf73	767
C2orf74-AS1	19
C2orf74-DT	40
C2orf76	1812
C2orf78	10
C2orf80	92
C2orf88	1143
C2orf92	1392
C3	407
C3AR1	30
C3orf14	464
C3orf18	221
C3orf20	353
C3orf22	63
C3orf33	7
C3orf36	3
C3orf38	1500
C3orf49	55
C3orf52	3273
C3orf56	3
C3orf62	323
C3orf70	5805
C3orf80	7
C3orf84	87
C3orf85	61
C4A	19
C4B	6
C4BPA	51
C4BPB	19
C4orf17	37
C4orf19	9951
C4orf3	1374
C4orf33	1136
C4orf36	671
C4orf45	431
C4orf46	184
C4orf47	2745
C4orf48	15
C4orf50	457
C4orf51	346
C4orf54	145
C5	2338
C5AR1	1531
C5AR2	79
C5orf15	1679
C5orf22	1133
C5orf24	728
C5orf34	945
C5orf34-AS1	59
C5orf38	13
C5orf46	137
C5orf47	32
C5orf49	541
C5orf52	10
C5orf58	13
C5orf60	1
C5orf63	790
C5orf64	303
C5orf64-AS1	2
C5orf67	296
C6	271
C6orf118	2828
C6orf120	175
C6orf132	3039
C6orf136	414
C6orf141	148
C6orf15	3
C6orf223	27
C6orf226	15
C6orf47	143
C6orf47-AS1	40
C6orf52	164
C6orf58	240
C6orf62	3444
C6orf89	2072
C7	1865
C7orf31	400
C7orf33	29
C7orf50	4317
C7orf57	1360
C7orf61	247
C7orf77	31
C7orf78	1365
C8A	42
C8B	89
C8G	9
C8orf33	320
C8orf34	9275
C8orf34-AS1	162
C8orf44-SGK3	608
C8orf48	27
C8orf58	65
C8orf74	102
C8orf76	305
C8orf82	126
C8orf86	177
C8orf88	3755
C8orf89	208
C8orf90	9
C9	16
C9orf131	6
C9orf152	170
C9orf153	897
C9orf163	10
C9orf24	302
C9orf40	186
C9orf43	139
C9orf50	97
C9orf57	23
C9orf64	339
C9orf72	4157
C9orf78	355
C9orf85	7494
C9orf92	897
CA1	117
CA10	1380
CA11	377
CA12	1452
CA13	1666
CA14	86
CA2	311
CA3	2965
CA3-AS1	36
CA4	69
CA5A	491
CA5B	4396
CA6	146
CA7	10
CA8	1568
CA9	171
CAAP1	4098
CAB39	11944
CAB39L	8203
CABCOCO1	2237
CABIN1	7673
CABLES1	2331
CABLES2	335
CABP1	478
CABP1-DT	54
CABP2	7
CABP4	39
CABP5	58
CABP7	16
CABP7-DT	14
CABS1	3
CABYR	395
CABYR-AS1	59
CACFD1	137
CACHD1	12824
CACNA1A	2058
CACNA1B	2020
CACNA1B-AS2	19
CACNA1C	89992
CACNA1C-AS1	52
CACNA1C-AS2	6
CACNA1C-AS3	8
CACNA1C-AS4	22
CACNA1D	6321
CACNA1E	3062
CACNA1F	90
CACNA1G	542
CACNA1G-AS1	31
CACNA1H	2625
CACNA1I	676
CACNA1S	335
CACNA2D1	32414
CACNA2D1-AS1	37
CACNA2D2	522
CACNA2D3	7024
CACNA2D3-AS1	76
CACNA2D4	264
CACNB1	677
CACNB1-AS1	20
CACNB2	43852
CACNB2-AS1	1670
CACNB2-AS2	194
CACNB3	659
CACNB4	7060
CACNG1	83
CACNG2	416
CACNG2-DT	12
CACNG3	264
CACNG4	811
CACNG5	33
CACNG6	140
CACNG7	158
CACNG8	162
CACSTL1	4
CACTIN	285
CACTIN-AS1	31
CACUL1	9903
CACYBP	1286
CAD	1142
CADM1	27054
CADM1-AS1	7
CADM2	21533
CADM2-AS1	33
CADM2-AS2	141
CADM3	232
CADM3-AS1	25
CADM4	255
CADPS	3250
CADPS2	10716
CAGE1	81
CAHM	39
CALB1	45
CALB2	298
CALCA	5
CALCB	371
CALCOCO1	4488
CALCOCO2	4403
CALCR	234
CALCRL	3878
CALCRL-AS1	10112
CALD1	75389
CALHM1	4
CALHM2	103
CALHM2-AS1	0
CALHM3	5
CALHM4	18
CALHM5	75
CALHM6-AS1	4
CALM1	4303
CALM2	9
CALM3	662
CALML3	42
CALML3-AS1	590
CALML5	32
CALML6	38
CALN1	3010
CALR	2338
CALU	5358
CALY	75
CAMK1	504
CAMK1D	24841
CAMK1G	66
CAMK2A	1686
CAMK2B	565
CAMK2D	34311
CAMK2G	10416
CAMK2G-AS1	12
CAMK2N1	220
CAMK2N2	1
CAMK4	7163
CAMK4-AS1	41
CAMKK1	1005
CAMKK2	2397
CAMKMT	21070
CAMKV	25
CAMLG	1001
CAMP	6
CAMSAP1	8651
CAMSAP1-DT	588
CAMSAP2	11676
CAMSAP3	809
CAMTA1	17551
CAMTA1-AS1	0
CAMTA1-AS2	25
CAMTA1-AS3	2
CAMTA1-AS4	15
CAMTA1-DT	16
CAMTA2	1405
CAMTA2-AS1	8
CAND1	8364
CAND2	722
CANT1	608
CANX	6648
CAP1	3425
CAP2	11656
CAPG	1023
CAPN1	3024
CAPN1-AS1	179
CAPN10	622
CAPN10-DT	85
CAPN11	94
CAPN12	463
CAPN13	2214
CAPN14	24553
CAPN15	1405
CAPN15-AS1	11
CAPN2	11335
CAPN3	3
CAPN5	2990
CAPN6	338
CAPN7	12866
CAPN8	1317
CAPN9	788
CAPN9-AS1	117
CAPNS1	1199
CAPRIN1	6921
CAPRIN2	4209
CAPS	655
CAPS2	4101
CAPS2-AS1	77
CAPSL	1021
CAPSL-DT	0
CAPZA1	8363
CAPZA2	7142
CAPZA3	4
CAPZB	18643
CARD10	340
CARD11	1711
CARD11-AS1	1
CARD14	1319
CARD16	153
CARD18	451
CARD19	364
CARD6	306
CARD8	3842
CARD8-AS1	19
CARF	3156
CARHSP1	1121
CARHSP1-DT	2
CARM1	3090
CARMAL	169
CARMIL1	15288
CARMIL2	31
CARMIL3	97
CARMN	121039
CARNMT1	3884
CARNMT1-AS1	348
CARNS1	198
CARS1	1558
CARS1-AS1	13
CARS2	6030
CARTPT	19
CASC11	264
CASC15	37223
CASC16	281
CASC17	166
CASC18	347
CASC19	509
CASC2	8363
CASC20	86
CASC22	11
CASC23	6
CASC3	5523
CASC6	243
CASC8	379
CASC9	1070
CASD1	6979
CASK	18225
CASK-AS1	1
CASKIN1	258
CASKIN2	429
CASP1	225
CASP10	2295
CASP12	167
CASP14	8
CASP2	1952
CASP3	1376
CASP4	2642
CASP5	39
CASP6	833
CASP7	1774
CASP8	1526
CASP8AP2	5168
CASP9	1805
CASQ1	104
CASQ2	5985
CASR	192
CASS4	353
CAST	26578
CASTOR1	2
CASTOR2	1776
CASZ1	10588
CASZ1-AS1	129
CAT	2280
CATED	113
CATIP	462
CATIP-AS1	7
CATIP-AS2	102
CATSPER1	39
CATSPER2	1471
CATSPER3	29
CATSPER4	20
CATSPERB	2434
CATSPERD	538
CATSPERE	2720
CATSPERG	1348
CATSPERZ	0
CAV1	3421
CAV2	1450
CAV2-DT	4042
CAV3	352
CAVIN1	2423
CAVIN2	961
CAVIN2-AS1	4209
CAVIN3	58
CAVIN4	244
CBARP	43
CBARP-DT	3
CBFA2T2	20016
CBFA2T3	607
CBFB	8194
CBL	6566
CBLB	22578
CBLC	2193
CBLIF	1228
CBLL1	1108
CBLL1-AS1	28
CBLN1	10
CBLN2	83
CBLN3	62
CBLN4	46
CBR1	116
CBR1-AS1	311
CBR3	473
CBR3-AS1	1877
CBR4	9945
CBR4-DT	4
CBS	7
CBWD1	2067
CBWD2	3415
CBWD3	760
CBWD5	1573
CBWD6	1081
CBX1	2405
CBX2	141
CBX3	2125
CBX4	432
CBX5	4121
CBX6	1747
CBX7	1096
CBX7-AS1	26
CBX8	237
CBY1	1976
CBY2	15
CBY3	16
CC2D1A	1391
CC2D1B	1136
CC2D2A	8591
CC2D2B	3842
CCAR1	15036
CCAR2	890
CCBE1	4285
CCBE1-AS1	2
CCDC102A	475
CCDC102B	5319
CCDC103	5
CCDC105	155
CCDC106	89
CCDC107	793
CCDC110	404
CCDC110-AS1	200
CCDC112	1020
CCDC113	1288
CCDC115	326
CCDC116	18
CCDC117	783
CCDC12	3568
CCDC120	1017
CCDC121	159
CCDC122	2411
CCDC124	333
CCDC125	4952
CCDC126	1593
CCDC127	367
CCDC13-AS1	27
CCDC13-AS2	22
CCDC134	1257
CCDC136	1467
CCDC137	815
CCDC138	4193
CCDC14	11351
CCDC140	29
CCDC141	1400
CCDC142	811
CCDC144A	1
CCDC144NL-AS1	430
CCDC146	15342
CCDC146-AS1	58
CCDC148	6375
CCDC148-AS1	101
CCDC149	4070
CCDC15	1917
CCDC15-DT	28
CCDC150	1016
CCDC152	430
CCDC153	317
CCDC154	100
CCDC157	500
CCDC158	939
CCDC159	967
CCDC160	105
CCDC163	46
CCDC166	0
CCDC167	205
CCDC168	63
CCDC169-SOHLH2	52
CCDC17	1101
CCDC170	4557
CCDC171	12669
CCDC172	60
CCDC174	2595
CCDC175	142
CCDC177	11
CCDC178	2112
CCDC179	20
CCDC18	3247
CCDC18-AS1	11969
CCDC180	25
CCDC181	461
CCDC182	0
CCDC183-AS1	38
CCDC184	9
CCDC185	1
CCDC186	6980
CCDC187	4456
CCDC188	22
CCDC190	4185
CCDC191	5351
CCDC192	831
CCDC192-AS1	132
CCDC194	35
CCDC195	109
CCDC196	145
CCDC197	55
CCDC198	110
CCDC200	958
CCDC201	32
CCDC22	281
CCDC24	459
CCDC25	1169
CCDC26	1918
CCDC27	81
CCDC28A	1548
CCDC28A-AS1	419
CCDC28B	182
CCDC3	2868
CCDC30	12218
CCDC32	1197
CCDC33	1286
CCDC33-AS1	33
CCDC34	1017
CCDC38	129
CCDC39	238
CCDC39-AS1	48
CCDC40	5086
CCDC42	48
CCDC43	549
CCDC47	1688
CCDC50	7068
CCDC51	121
CCDC54	0
CCDC54-AS1	613
CCDC57	9816
CCDC59	2142
CCDC6	9947
CCDC60	5838
CCDC61	621
CCDC62	416
CCDC63	366
CCDC65	532
CCDC66	16651
CCDC68	1559
CCDC69	2400
CCDC7	10636
CCDC70	2
CCDC71	139
CCDC73	690
CCDC74A	254
CCDC74B	118
CCDC77	1196
CCDC78	618
CCDC8	641
CCDC80	2041
CCDC81	4000
CCDC82	4411
CCDC83	211
CCDC85B	19
CCDC85C	4591
CCDC86	80
CCDC86-AS1	11
CCDC87	12
CCDC88A	15317
CCDC88B	375
CCDC88C	6766
CCDC88C-DT	27
CCDC89	102
CCDC9	985
CCDC90B	2363
CCDC90B-AS1	1436
CCDC91	21092
CCDC92	3429
CCDC92B	135
CCDC93	8188
CCDC97	509
CCDC9B	832
CCER1	120
CCER2	31
CCHCR1	1078
CCIN	10
CCK	15
CCKAR	108
CCKBR	89
CCL1	3
CCL11	4
CCL13	3
CCL14	3
CCL15-CCL14	32
CCL16	13
CCL17	131
CCL18	4
CCL19	4
CCL2	81
CCL20	60
CCL21	47
CCL22	45
CCL23	9
CCL24	27
CCL25	91
CCL26	173
CCL28	202
CCL3	12
CCL3-AS1	14
CCL3L1	8
CCL4	16
CCL4L2	10
CCL5	21
CCL5-AS1	137
CCL7	0
CCL8	10
CCM2	4049
CCM2L	156
CCM2L-AS1	64
CCN1	1835
CCN2	1591
CCN2-AS1	8880
CCN3	105
CCN4	3108
CCN5	98
CCN6	20
CCNA1	19
CCNA2	338
CCNB1	770
CCNB1IP1	1304
CCNB2	251
CCNB3	260
CCNC	6084
CCND1	1215
CCND2	41
CCND2-AS1	1557
CCND3	4951
CCNDBP1	704
CCNE1	90
CCNE2	228
CCNF	645
CCNG1	855
CCNG2	2790
CCNH	14486
CCNH-AS1	221
CCNI	5835
CCNI-AS1	62
CCNI-AS2	21
CCNI-DT	75
CCNI2	28
CCNJ	443
CCNJL	1563
CCNK	4013
CCNL1	11879
CCNL2	11188
CCNO	114
CCNO-DT	1093
CCNP	41
CCNQ	76
CCNT1	2384
CCNT2	9890
CCNT2-AS1	1649
CCNY	23156
CCNY-AS1	2115
CCNYL1	2948
CCP110	3927
CCPG1	394
CCR1	36
CCR10	55
CCR2	12
CCR3	177
CCR4	8
CCR5	2
CCR5AS	46
CCR7	360
CCR8	2
CCR9	59
CCRL2	13
CCS	1295
CCSAP	432
CCSER1	40097
CCSER1-AS1	7
CCSER2	12905
CCT2	2015
CCT3	1646
CCT4	3257
CCT5	1480
CCT5-AS1	7
CCT6A	2267
CCT6B	843
CCT7	666
CCT8	2986
CCT8L2	0
CCZ1	1224
CCZ1B	1590
CD101	182
CD101-AS1	164
CD109	3940
CD109-AS1	53
CD14	19
CD151	451
CD160	65
CD163	131
CD163L1	646
CD164	3616
CD164L2	142
CD177	3
CD180	25
CD19	13
CD1A	5
CD1B	619
CD1C	6
CD1D	24
CD1E	9
CD2	26
CD200	2127
CD200R1	160
CD200R1L	53
CD200R1L-AS1	637
CD207	5
CD209	4
CD22	81
CD226	606
CD24	1341
CD244	61
CD247	426
CD248	43
CD27	24
CD27-AS1	1635
CD274	174
CD276	963
CD28	77
CD2AP	16790
CD2AP-DT	34
CD2BP2	265
CD2BP2-DT	64
CD300A	102
CD300C	7
CD300E	15
CD300H	10
CD300LB	15
CD300LD	5
CD300LD-AS1	15
CD300LF	38
CD300LG	21
CD302	75
CD320	95
CD33	18
CD34	2019
CD36	4259
CD37	60
CD38	1794
CD3D	6
CD3E	22
CD3G	56
CD4	190
CD40	250
CD40LG	7
CD44	7574
CD44-AS1	11
CD44-DT	22
CD46	15623
CD47	11006
CD48	50
CD5	85
CD52	36
CD53	92
CD55	7476
CD58	2919
CD59	289
CD5L	60
CD6	140
CD63	762
CD63-AS1	139
CD68	5
CD69	39
CD7	25
CD70	52
CD72	483
CD74	177
CD79A	8
CD79B	2
CD80	54
CD81	849
CD81-AS1	874
CD82	1445
CD82-AS1	3
CD83	502
CD84	60
CD84-AS1	48
CD86	222
CD8A	139
CD8B	114
CD8B2	41
CD9	5739
CD93	304
CD96	3344
CD99L2	3082
CDA	76
CDADC1	2073
CDAN1	764
CDC123	2602
CDC14A	16650
CDC14B	11111
CDC14C	2
CDC16	7346
CDC20	65
CDC20-DT	95
CDC20B	3368
CDC23	1793
CDC25A	165
CDC25B	1233
CDC25C	1049
CDC26	469
CDC27	11399
CDC34	420
CDC37	3678
CDC37L1	2199
CDC37L1-DT	116
CDC40	2717
CDC42	411
CDC42-AS1	260
CDC42BPA	35627
CDC42BPB	13143
CDC42BPB-AS1	54
CDC42BPG	938
CDC42EP1	414
CDC42EP3	1098
CDC42EP3-AS1	51
CDC42EP4	1177
CDC42EP5	1149
CDC42SE1	4042
CDC42SE2	5555
CDC45	573
CDC5L	3855
CDC6	288
CDC7	1165
CDC73	12153
CDCA2	767
CDCA3	215
CDCA4	441
CDCA5	105
CDCA7	600
CDCA7L	2239
CDCA8	650
CDCP1	5161
CDH1	9101
CDH10	964
CDH11	14806
CDH12	3152
CDH12-AS3	0
CDH12-AS5	65
CDH13	11725
CDH13-AS1	17
CDH13-AS2	107
CDH15	246
CDH16	22
CDH17	748
CDH18	3451
CDH18-AS1	32
CDH19	3643
CDH2	3674
CDH2-AS1	60
CDH20	1498
CDH22	220
CDH23	1520
CDH23-AS1	3
CDH24	397
CDH26	8686
CDH3	1846
CDH3-AS1	19
CDH4	3161
CDH4-AS1	31
CDH4-AS2	4
CDH5	768
CDH6	3029
CDH7	387
CDH8	4017
CDH8-AS1	36
CDH9	687
CDHR1	118
CDHR2	321
CDHR3	41597
CDHR4	1367
CDHR5	58
CDIN1	15330
CDIP1	702
CDIPT	209
CDK1	883
CDK10	1598
CDK11A	4
CDK11B	1585
CDK12	7790
CDK13	24200
CDK13-DT	30
CDK14	25277
CDK15	346
CDK16	1279
CDK17	18925
CDK18	1200
CDK19	16391
CDK2	460
CDK20	272
CDK2AP1	689
CDK2AP2	78
CDK4	467
CDK5	36
CDK5R1	32
CDK5R2	3
CDK5R2-AS1	48
CDK5RAP1	1788
CDK5RAP2	11742
CDK5RAP3	50
CDK6	20460
CDK6-AS1	257
CDK7	2908
CDK8	14824
CDK9	618
CDKAL1	33618
CDKL1	4021
CDKL2	1599
CDKL4	549
CDKL5	6377
CDKN1A	583
CDKN1B	1181
CDKN1C	217
CDKN2A	977
CDKN2AIP	279
CDKN2AIPNL	137
CDKN2B	1027
CDKN2B-AS1	1070
CDKN2C	162
CDKN2D	31
CDKN3	341
CDNF	318
CDO1	232
CDON	7748
CDPF1	182
CDR1	0
CDR2	10017
CDR2-DT	33
CDR2L	277
CDRT8	0
CDS1	6971
CDS2	6122
CDSN	14
CDT1	60
CDV3	1345
CDX1	24
CDX2	18
CDX4	4
CDYL	12375
CDYL-AS1	0
CDYL2	758
CEACAM1	699
CEACAM16	25
CEACAM16-AS1	360
CEACAM18	4
CEACAM19	513
CEACAM20	38
CEACAM21	77
CEACAM3	36
CEACAM4	38
CEACAM5	2
CEACAM6	2397
CEACAM7	128
CEACAM8	11
CEBPA	39
CEBPA-DT	41
CEBPB	93
CEBPB-AS1	104
CEBPD	287
CEBPE	3
CEBPG	542
CEBPZ	4290
CEBPZOS	1765
CECR2	6951
CECR3	38
CEDORA	73
CEL	139
CELA1	102
CELA2A	53
CELA2B	74
CELA3B	17
CELF1	20277
CELF2	31613
CELF2-AS1	5
CELF2-AS2	134
CELF2-AS3	8
CELF2-AS4	0
CELF2-DT	153
CELF3	340
CELF4	2211
CELF5	452
CELF6-AS1	318
CELSR1	12878
CELSR2	871
CELSR3	154
CEMIP	1021
CEMIP2	7842
CEMP1	18
CENATAC	3308
CENATAC-AS1	9
CENATAC-DT	83
CEND1	18
CENPA	185
CENPB	68
CENPC	10671
CENPE	3441
CENPF	3504
CENPH	549
CENPI	2427
CENPJ	3915
CENPK	3203
CENPL	280
CENPM	316
CENPN	300
CENPN-AS1	12
CENPO	655
CENPP	11975
CENPQ	1190
CENPS-CORT	156
CENPT	961
CENPU	1865
CENPV	204
CENPVL3	0
CENPW	253
CENPX	249
CEP104	2985
CEP112	26477
CEP120	3117
CEP126	11128
CEP128	10215
CEP131	542
CEP135	3082
CEP152	4137
CEP152-AS1	1
CEP162	6418
CEP164	4485
CEP170	10906
CEP170B	1033
CEP19	98
CEP192	15911
CEP192-DT	17
CEP20	1493
CEP250	4022
CEP250-AS1	133
CEP290	13092
CEP295	5300
CEP350	18151
CEP41	1040
CEP43	17
CEP44	6001
CEP55	440
CEP57	9268
CEP57L1	5157
CEP68	1737
CEP70	6798
CEP72	1632
CEP72-DT	48
CEP76	883
CEP78	2704
CEP83	12088
CEP83-DT	9
CEP85	1277
CEP85L	10030
CEP89	5341
CEP95	12444
CEP97	3315
CEPT1	4721
CER1	8
CERCAM	1860
CERK	2999
CERKL	1877
CERNA1	90
CERNA2	752
CERNA3	6
CEROX1	20
CERS1	6
CERS2	426
CERS2-AS1	6
CERS3	1109
CERS3-AS1	948
CERS4	6251
CERS5	3284
CERS6	40503
CERS6-AS1	40
CERT1	18256
CES1	750
CES2	302
CES3	59
CES4A	1631
CES5A	95
CETN1	1
CETN2	406
CETN3	1779
CETN3-AS1	6
CETP	84
CFAP100	2860
CFAP100-DT	5
CFAP107	727
CFAP119	356
CFAP126	110
CFAP141	110
CFAP157	3561
CFAP161	911
CFAP184-OT1	56
CFAP20	749
CFAP20-AS1	6
CFAP20DC	6322
CFAP20DC-AS1	422
CFAP20DC-DT	1813
CFAP210	4772
CFAP221	4731
CFAP251	6304
CFAP276	377
CFAP298-TCP10L	1943
CFAP299	33463
CFAP300	1091
CFAP36	2738
CFAP410	468
CFAP418	578
CFAP418-AS1	4833
CFAP43	13114
CFAP44	7081
CFAP44-AS1	86
CFAP45	2482
CFAP46	5767
CFAP47	16914
CFAP52	3419
CFAP53	1467
CFAP54	25783
CFAP57	1253
CFAP58	1967
CFAP58-DT	4
CFAP61	4424
CFAP61-AS1	14
CFAP65	1256
CFAP65-AS1	37
CFAP69	8507
CFAP70	9816
CFAP73	1355
CFAP74	2190
CFAP77	2773
CFAP92	986
CFAP95	1039
CFAP95-DT	4
CFAP97	1910
CFAP97D1	7
CFAP97D1-AS1	1
CFAP97D2	839
CFAP99	1103
CFC1	5
CFD	240
CFDP1	10160
CFHR1	34
CFHR2	22
CFHR4	30
CFHR5	44
CFI	41
CFL1	867
CFL2	1214
CFLAR	13784
CFLAR-AS1	96
CFP	9
CFTR	1666
CFTR-AS1	3
CFTR-AS2	52
CGA	20
CGAS	590
CGB2	0
CGB5	0
CGB7	9
CGB8	0
CGGBP1	2701
CGN	3570
CGNL1	3896
CGREF1	80
CGRRF1	622
CH25H	13
CHAC1	20
CHAC2	76
CHAD	87
CHADL	112
CHAER1	5
CHAF1A	1365
CHAF1B	514
CHAMP1	545
CHASERR	520
CHAT	219
CHCHD1	163
CHCHD10	159
CHCHD2	453
CHCHD3	13469
CHCHD4	139
CHCHD5	182
CHCHD6	3984
CHCHD7	526
CHD1	13202
CHD1-DT	2733
CHD2	17836
CHD3	9123
CHD4	382
CHD4-AS1	71
CHD5	347
CHD6	24467
CHD7	15055
CHD8	7637
CHD9	36914
CHD9NB	905
CHDH	269
CHEK1	1197
CHEK2	2920
CHFR	3559
CHFR-DT	6
CHGA	195
CHGB	89
CHI3L1	13
CHI3L2	65
CHIA	30
CHIC1	5798
CHIC2	12292
CHID1	1255
CHILL1	4
CHIT1	101
CHKA	5616
CHKA-DT	56
CHKB	77
CHKB-CPT1B	23
CHKB-DT	313
CHL1	2803
CHL1-AS1	35
CHL1-AS2	194
CHLSN-AS1	24
CHM	7406
CHMP1A	680
CHMP1B-AS1	28
CHMP2A	352
CHMP2B	2373
CHMP3	97
CHMP3-AS1	218
CHMP4B	3210
CHMP4C	370
CHMP5	1755
CHMP6	1389
CHMP7	672
CHN1	5188
CHN2-AS1	20
CHODL	3347
CHODL-AS1	79
CHODL-AS2	233
CHORDC1	4798
CHP1	2349
CHP2	5
CHPF	71
CHPF2	373
CHPT1	6043
CHRAC1	211
CHRD	99
CHRDL1	479
CHRDL2	333
CHRFAM7A	68
CHRM1	30
CHRM1-AS1	38
CHRM2	15993
CHRM3	52797
CHRM3-AS1	7
CHRM3-AS2	371
CHRM4	21
CHRM5	475
CHRNA1	181
CHRNA10	44
CHRNA2	27
CHRNA3	392
CHRNA4	57
CHRNA5	301
CHRNA6	149
CHRNA7	3721
CHRNA9	64
CHRNB1	82
CHRNB2	41
CHRNB3	254
CHRNB4	358
CHRND	62
CHRNE	397
CHRNG	186
CHROMR	606
CHST1	93
CHST10	277
CHST11	4837
CHST12	1365
CHST13	23
CHST14	8
CHST15	7110
CHST2	29
CHST3	1173
CHST4	35
CHST6	185
CHST7	286
CHST8	402
CHST9	27196
CHSY1	3827
CHSY3	14026
CHSY3-AS1	1710
CHTF18	423
CHTOP	3157
CHUK	999
CHUK-DT	30
CHURC1	6
CHURC1-FNTB	1078
CIAO1	1599
CIAO2A	1679
CIAO2B	215
CIAO3	1305
CIAPIN1	810
CIART	227
CIB1	394
CIB2	138
CIB3	22
CIB4	217
CIBAR1	2418
CIBAR1-DT	1659
CIBAR2	1297
CIC	1248
CIDEA	115
CIDEB	215
CIDEC	44
CIITA	280
CILK1	4035
CILP	121
CILP2	25
CINP	672
CIP2A	1508
CIPC	6
CIR1	5270
CIRBP	5262
CIRBP-AS1	38
CISD1	1743
CISD2	941
CISD3	95
CISH	110
CISTR	24
CIT	4225
CITED2	933
CITED4	18
CIZ1	2059
CKAP2	2255
CKAP2-DT	21
CKAP2L	809
CKAP4	480
CKAP5	8437
CKB	2734
CKLF	0
CKLF-CMTM1	1
CKM	391
CKMT1A	71
CKMT1B	120
CKMT2	401
CKMT2-AS1	4777
CKS1B	145
CKS2	272
CLASP1	34361
CLASP1-AS1	144
CLASP2	28446
CLASRP	4621
CLBA1	642
CLC	3
CLCA1	80
CLCA2	82
CLCA4	8563
CLCA4-AS1	788
CLCF1	70
CLCN1	99
CLCN2	290
CLCN3	10150
CLCN4	325
CLCN5	5074
CLCN6	2894
CLCN7	1006
CLCN7-AS1	0
CLCNKA	146
CLCNKB	45
CLDN1	1370
CLDN10	2303
CLDN10-AS1	116
CLDN12	193
CLDN14	270
CLDN14-AS1	194
CLDN15	292
CLDN16	916
CLDN17	2
CLDN18	1280
CLDN19	13
CLDN2	52
CLDN20	54
CLDN22	7
CLDN23	27
CLDN24	5
CLDN3	90
CLDN34	8
CLDN4	1540
CLDN5	101
CLDN6	12
CLDN7	1465
CLDN8	26
CLDN9	9
CLDND1	2238
CLDND1-AS1	11
CLDND2	2
CLEC10A	23
CLEC11A	236
CLEC12A	74
CLEC12A-AS1	0
CLEC12B	8
CLEC14A	34
CLEC16A	9225
CLEC17A	97
CLEC18A	19
CLEC18B	63
CLEC18C	12
CLEC19A	115
CLEC1A	343
CLEC1B	46
CLEC20A	38
CLEC2A	76
CLEC2B	257
CLEC2D	5871
CLEC2L	272
CLEC3A	80
CLEC4C	182
CLEC4D	20
CLEC4E	8
CLEC4F	31
CLEC4M	2
CLEC5A	136
CLEC6A	21
CLEC7A	48
CLEC9A	70
CLGN	351
CLHC1	5236
CLIC1	922
CLIC2	593
CLIC3	76
CLIC4	10150
CLIC5	1338
CLIC6	8707
CLINT1	31830
CLIP1	22606
CLIP1-AS1	145
CLIP2	3751
CLIP3	598
CLIP4	6853
CLK1	15473
CLK2	1709
CLK3	1850
CLK3-AS1	3
CLK4	4657
CLLU1-AS1	11
CLMAT3	183
CLMN	13183
CLMP	11599
CLN3	58
CLN5	7
CLN6	388
CLN8	31
CLN8-AS1	80
CLNK	665
CLNK-AS1	178
CLNK-DT	36
CLNS1A	6907
CLOCK	15369
CLOCK-AS1	8
CLP1	159
CLPB	1419
CLPP	522
CLPS	2
CLPSL1	54
CLPSL2	2
CLPTM1	1667
CLPTM1L	1767
CLPTM1L-DT	81
CLPX	4672
CLRN1	63
CLRN1-AS1	221
CLRN2	81
CLRN3	13
CLSPN	607
CLSPN-AS1	11
CLSTN1	7092
CLSTN2	2315
CLSTN2-AS1	1
CLSTN3	974
CLTA	3253
CLTB	600
CLTC	10570
CLTCL1	2343
CLU	569
CLUAP1	2743
CLUH	1215
CLUL1	153
CLVS1	3867
CLVS1-AS1	0
CLVS2	239
CLXN	1962
CLYBL	4407
CLYBL-AS1	8
CLYBL-AS2	0
CMA1	4
CMAS	2588
CMBL	559
CMC1	5248
CMC2	45
CMIP	34801
CMKLR1	285
CMKLR2	307
CMKLR2-AS	124
CMPK1	4891
CMPK2	110
CMSS1	12390
CMTM2	18
CMTM2-AS1	4
CMTM3	266
CMTM4	4792
CMTM5	21
CMTM6	967
CMTM7	5781
CMTM8	4588
CMTR1	2100
CMTR2	1469
CMYA5	6446
CMYA5-AS1	103
CNBD1	2898
CNBD2	212
CNBP	2989
CNDP1	143
CNDP1-AS1	1
CNDP2	2210
CNEP1R1	896
CNFN	17
CNGA1	3574
CNGA2	8
CNGA3	331
CNGA4	218
CNGB1	512
CNGB3	548
CNGB3-AS1	240
CNIH1	1077
CNIH2	39
CNIH3	3393
CNIH3-AS1	22
CNIH3-AS2	5
CNIH4	1361
CNKSR1	705
CNKSR2	1735
CNKSR3	144
CNMD	48
CNN1	4646
CNN2	1265
CNN3	7020
CNN3-DT	574
CNNM1	350
CNNM2	8107
CNNM3	708
CNNM3-DT	7
CNNM4	1868
CNOT1	14409
CNOT10	6938
CNOT10-AS1	22
CNOT11	1931
CNOT2	18674
CNOT3	2090
CNOT4	14548
CNOT6	7459
CNOT6L	8643
CNOT6L-DT	4
CNOT7	1674
CNOT8	1942
CNOT9	4158
CNP	419
CNPPD1	224
CNPY2	0
CNPY2-AS1	269
CNPY3	462
CNPY4	308
CNR1	235
CNR2	187
CNRIP1	709
CNST	7571
CNTD1	118
CNTF	4
CNTFR	982
CNTFR-AS1	64
CNTLN	17894
CNTN1	12038
CNTN2	116
CNTN3	7200
CNTN4	40920
CNTN4-AS1	115
CNTN4-AS2	58
CNTN5	15353
CNTN6	1760
CNTNAP1	979
CNTNAP1-AS1	367
CNTNAP2	45184
CNTNAP2-AS1	66
CNTNAP3	13535
CNTNAP3B	12005
CNTNAP3C	771
CNTNAP5	27433
CNTNAP5-DT	82
CNTRL	12813
CNTROB	1937
COA1	11808
COA3	113
COA4	382
COA5	995
COA6	322
COA6-AS1	78
COA7	175
COASY	251
COBL	8838
COBLL1	16258
COCH	276
COCH-AS1	101
COG1	949
COG2	1692
COG3	6810
COG4	3729
COG5	23021
COG6	7604
COG7	5993
COG8	306
COIL	1294
COL10A1	66
COL11A1	2604
COL11A2	140
COL12A1	28119
COL13A1	1039
COL14A1	11682
COL15A1	6622
COL15A1-AS1	16
COL16A1	5239
COL17A1	1729
COL18A1	4413
COL18A1-AS1	31
COL18A1-AS2	14
COL19A1	11785
COL1A1	14095
COL1A2	31585
COL20A1	457
COL21A1	19047
COL22A1	1111
COL23A1	3975
COL23A1-AS1	0
COL24A1	8475
COL25A1	4596
COL25A1-DT	15
COL26A1	720
COL27A1	9445
COL28A1	7632
COL2A1	197
COL3A1	44647
COL4A1	26571
COL4A2	44166
COL4A2-AS1	34
COL4A2-AS2	52
COL4A3	365
COL4A4	336
COL4A5	62245
COL4A6	26158
COL5A1	19244
COL5A1-AS1	7
COL5A2	21946
COL5A3	1804
COL6A1	8867
COL6A2	8317
COL6A2-DT	41
COL6A3	28484
COL6A5	155
COL6A6	1927
COL7A1	2946
COL8A1	2150
COL8A2	128
COL9A1	623
COL9A2	325
COL9A3	240
COLCA1	383
COLCA2	176
COLEC10	409
COLEC11	212
COLEC12	19299
COLGALT1	1222
COLGALT2	1690
COLQ	2859
COMETT	194
COMMD1	11069
COMMD10	15866
COMMD10-AS1	51
COMMD2	931
COMMD3-BMI1	5
COMMD4	280
COMMD5	292
COMMD6	603
COMMD8	199
COMMD8-DT	15
COMMD9	289
COMP	38
COMT	3376
COMTD1	236
COP1	24197
COP1-DT	515
COPA	9844
COPB1	5780
COPB2	5518
COPB2-DT	9119
COPDA1	0
COPE	267
COPG1	2679
COPG2	4699
COPG2IT1	2794
COPRS	172
COPS2	4250
COPS3	1447
COPS4	3359
COPS5	993
COPS6	1097
COPS7A	664
COPS7B	2149
COPS8	1168
COPS8-DT	2485
COPS9	136
COPZ1	537
COPZ2	339
COQ10A	104
COQ10B	906
COQ2	452
COQ3	405
COQ4	1512
COQ5	1150
COQ6	781
COQ7	901
COQ7-DT	141
COQ8B	1711
COQ9	1453
CORIN	602
CORIN-AS1	255
CORO1A	51
CORO1A-AS1	8
CORO1B	320
CORO1C	17801
CORO2A	4772
CORO2B	1361
CORO6	573
CORO7	32
COSMOC	10
COTL1	1105
COTL1-AS1	5
COX10	3702
COX10-DT	5113
COX11	1711
COX14	4
COX16	22
COX17	714
COX18	825
COX19	2287
COX20	1910
COX4I1	631
COX4I2	71
COX5A	982
COX5B	212
COX6A1	16
COX6A2	9
COX6B1	418
COX6B2	47
COX6C	2542
COX7A1	53
COX7A2	1270
COX7A2L	1563
COX7B	1251
COX7B2	242
COX7C	365
COXFA4L3-AS1	67
CP	840
CPA1	25
CPA2	134
CPA3	48
CPA4	90
CPA5	56
CPA6	2033
CPAMD8	1142
CPB1	119
CPB2	132
CPB2-AS1	418
CPD	6485
CPE	4346
CPEB1	457
CPEB1-AS1	245
CPEB2	7877
CPEB2-DT	405
CPEB3	17300
CPEB4	7229
CPED1	3956
CPHXL	66
CPHXL2	48
CPLANE1	14706
CPLANE1-AS1	45
CPLANE2	63
CPLX1	178
CPLX1-AS1	28
CPLX2	333
CPLX4	117
CPM	3762
CPMER	163
CPN1	112
CPN2	30
CPNE1	2639
CPNE2	1962
CPNE2-DT	0
CPNE3	5069
CPNE4	4222
CPNE5	1103
CPNE6	8
CPNE7	279
CPNE8	3932
CPNE8-AS1	9
CPNE9	133
CPO	265
CPOX	423
CPPED1	3110
CPQ	10881
CPS1	334
CPSF1	1326
CPSF2	2856
CPSF3	1473
CPSF4	757
CPSF4L	62
CPSF6	18424
CPSF7	4719
CPT1A	5043
CPT1C	373
CPT2	254
CPTP	140
CPVL	1282
CPVL-AS1	3
CPVL-AS2	917
CPXCR1	1
CPXM1	338
CPXM2	15291
CPXM2-AS1	3
CR1	166
CR1-AS1	57
CR1L	472
CR2	47
CRABP1	95
CRABP2	67
CRACD	7361
CRACDL	4172
CRACR2A	1859
CRACR2B	736
CRADD	13623
CRADD-AS1	145
CRAMP1	1176
CRAT	303
CRAT37	2930
CRB1	1307
CRB2	87
CRB3	112
CRBN	4424
CRCP	397
CRCT1	0
CREB1	8178
CREB3	363
CREB3L1	1263
CREB3L2	11776
CREB3L2-AS1	10
CREB3L3	61
CREB3L4	306
CREB5	14685
CREBBP	14496
CREBL2	1324
CREBRF	6933
CREBZF	2939
CREG1	553
CREG2	90
CRELD2	537
CREM	5120
CRH	6
CRHBP	55
CRHR2	130
CRIM1	13110
CRIM1-DT	8
CRIP1	16
CRIP2	1029
CRIP3	51
CRIPT	1984
CRISP1	96
CRISP2	34
CRISP3	48
CRISPLD1	4065
CRISPLD2	9575
CRK	2803
CRK-AS1	6
CRKL	2251
CRLF1	329
CRLF3	2427
CRLS1	23
CRMA	1112
CRMP1	1524
CRNDE	2008
CRNKL1	1251
CRNN	5
CROCC	4541
CROCC2	4651
CROT	2896
CRP	8
CRPPA	7226
CRPPA-AS1	87
CRTAC1	357
CRTAM	77
CRTAP	1295
CRTC1	4445
CRTC2	551
CRTC3	11543
CRTC3-AS1	681
CRX	41
CRY1	5456
CRY2	4207
CRYAB	298
CRYBA1	23
CRYBA2	5
CRYBA4	5
CRYBB1	42
CRYBB2	36
CRYBB3	79
CRYBG1	17024
CRYBG2	2361
CRYBG3	12951
CRYGA	10
CRYGB	82
CRYGC	0
CRYGD	0
CRYGN	36
CRYGN-AS1	16
CRYGS	304
CRYL1	2133
CRYM	1099
CRYZ	1568
CRYZL2P-SEC16B	1631
CS	1034
CSAD	6960
CSAD-AS1	9
CSAG1	3
CSDC2	254
CSDE1	8883
CSE1L	4787
CSE1L-DT	34
CSF1	176
CSF1R	328
CSF2	1
CSF2RB	54
CSF3	7
CSF3R	110
CSGALNACT1	7018
CSGALNACT1-AS1	15
CSGALNACT2	2994
CSGALNACT2-DT	23
CSH1	1
CSH2	0
CSHL1	3
CSK	1355
CSKMT	182
CSMD1	97999
CSMD2	1749
CSMD2-AS1	20
CSMD3	3560
CSN1S1	21
CSN2	3
CSN3	3
CSNK1A1	18784
CSNK1A1L	8
CSNK1D	5694
CSNK1E	387
CSNK1G1	1582
CSNK1G2	1856
CSNK1G2-AS1	5
CSNK1G3	7594
CSNK1G3-AS1	10
CSNK2A1	11167
CSNK2A2	2287
CSNK2B	17
CSNKA2IP	146
CSPG4	1502
CSPG5	129
CSPP1	18123
CSRNP1	445
CSRNP2	931
CSRNP3	11041
CSRP1	16502
CSRP1-AS1	1093
CSRP2	2657
CSRP3	230
CSRP3-AS1	2216
CST1	10
CST11	2
CST2	4
CST3	203
CST4	4
CST5	7
CST6	9
CST7	9
CST8	5
CST9	23
CST9L	3
CSTA	647
CSTB	2691
CSTF1	661
CSTF2	512
CSTF2T	195
CSTF3	7986
CSTF3-DT	491
CSTL1	176
CSTPP1	17063
CT45A1	2
CT45A10	2
CT45A3	0
CT45A7	15
CT47B1	1
CT47C1	3
CT55	11
CT62	15
CT66	12
CT69	269
CT70	73
CT83	1
CTAG2	0
CTAGE1	5
CTAGE15	19
CTAGE4	13
CTAGE6	31
CTAGE9	10
CTBP1	3512
CTBP1-AS	87
CTBP1-DT	640
CTBP2	20178
CTBS	798
CTC-338M12.4	1704
CTC1	1546
CTCF	5297
CTCFL	166
CTD-2194D22.4	14
CTD-2350J17.1	57
CTDNEP1	155
CTDP1	1499
CTDP1-DT	243
CTDSP1	1303
CTDSP2	3930
CTDSP2-AS1	23
CTDSPL	11992
CTDSPL2	10402
CTDSPL2-DT	126
CTF1	228
CTH	363
CTHRC1	226
CTIF	12948
CTIF-AS1	33
CTLA4	1328
CTNNA1	29246
CTNNA1-AS1	41
CTNNA2	10131
CTNNA2-AS1	30
CTNNA3	96395
CTNNA3-AS1	50
CTNNAL1	6405
CTNNB1	14213
CTNNBIP1	2268
CTNNBIP1-AS1	7
CTNNBL1	4268
CTNND1	398
CTNND2	9864
CTNS	517
CTNS-AS1	84
CTPS1	1643
CTPS2	7162
CTR9	3026
CTRB1	54
CTRB2	0
CTRC	32
CTRL	9
CTSA	749
CTSB	4174
CTSC	1366
CTSD	3
CTSE	178
CTSF	146
CTSG	4
CTSH	952
CTSK	557
CTSL	373
CTSO	635
CTSS	1402
CTSV	1172
CTSW	17
CTSZ	944
CTTN	8495
CTTN-DT	1178
CTTNBP2	4509
CTTNBP2NL	6246
CTU1	250
CTU2	110
CTXN1	49
CTXN2	3
CTXN2-AS1	12
CTXN3	12
CTXN3-AS1	24
CTXND1	336
CTXND2	113
CUBN	2631
CUEDC1	7906
CUEDC1-AS1	86
CUEDC2	588
CUL1	13489
CUL2	4188
CUL3	18987
CUL4A	7920
CUL4B	3387
CUL5	10346
CUL7	845
CUL9	1711
CUL9-AS1	75
CUTA	212
CUTC	2276
CUX1	49903
CUX2	1510
CWC15	1707
CWC22	4523
CWC25	1748
CWC27	8756
CWF19L1	2581
CWF19L2	6744
CWH43	518
CX3CL1	210
CX3CR1	37
CXADR	3716
CXCL1	40
CXCL10	5
CXCL11	3
CXCL12	1172
CXCL13	593
CXCL14	153
CXCL16	102
CXCL17	827
CXCL2	130
CXCL3	71
CXCL3-AS1	16
CXCL5	5
CXCL6	7
CXCL8	51
CXCL9	22
CXCR1	5
CXCR2	31
CXCR3	2
CXCR4	125
CXCR5	33
CXCR6	15
CXorf38	1066
CXorf49C	1
CXorf58	163
CXorf65	0
CXorf66	2
CXXC1	740
CXXC4	1643
CXXC4-AS1	3204
CXXC5	1955
CXXC5-AS1	12
CYB561	623
CYB561A3	292
CYB561D1	205
CYB561D2	1
CYB561D2.1	9
CYB5A	1624
CYB5B	2991
CYB5D1	252
CYB5D2	755
CYB5R1	373
CYB5R2	257
CYB5R3	1864
CYB5R4	2965
CYBA	402
CYBC1	504
CYBRD1	3963
CYC1	234
CYCS	747
CYFIP1	6843
CYFIP2	1805
CYGB	150
CYHR1	521
CYKILR	477
CYLC1	45
CYLC2	12
CYLD	6101
CYLD-AS1	48
CYLD-AS2	133
CYMP-AS1	5
CYP11A1	378
CYP11B1	8
CYP11B2	1
CYP17A1	49
CYP19A1	384
CYP1A1	5
CYP1A2	20
CYP1B1	184
CYP1B1-AS1	985
CYP20A1	4653
CYP21A2	11
CYP24A1	94
CYP26B1	64
CYP26C1	4
CYP27A1	939
CYP27B1	33
CYP27C1	982
CYP2A13	44
CYP2A6	24
CYP2A7	3
CYP2B6	62
CYP2C18	265
CYP2C19	71
CYP2C8	166
CYP2C9	919
CYP2D6	38
CYP2D7	98
CYP2E1	284
CYP2F1	188
CYP2J2	1751
CYP2R1	898
CYP2S1	173
CYP2U1	248
CYP2U1-AS1	554
CYP2W1	516
CYP39A1	4678
CYP3A4	51
CYP3A4-AS1	3
CYP3A43	84
CYP3A5	3920
CYP3A7	0
CYP3A7-CYP3A51P	64
CYP46A1	1043
CYP4A11	13
CYP4A22	3
CYP4A22-AS1	125
CYP4B1	670
CYP4F11	35
CYP4F12	1270
CYP4F2	9
CYP4F22	187
CYP4F3	124
CYP4F8	29
CYP4V2	1391
CYP4X1	345
CYP4Z1	70
CYP51A1	265
CYP51A1-AS1	245
CYP7A1	14
CYP7B1	3496
CYP8B1	61
CYREN	1407
CYRIA	1725
CYRIB	13295
CYRIB-AS1	44
CYS1	666
CYSLTR1	2588
CYSLTR2	98
CYSRT1	11
CYSTM1	2944
CYTH1	14792
CYTH2	1369
CYTH3	6541
CYTH4	137
CYTIP	285
CYTL1	58
CYTOR	0
CYYR1	2151
CYYR1-AS1	206
CZIB	618
CZIB-DT	10
D21S2088E	124
D2HGDH	3392
DAAM1	27402
DAAM2	9592
DAAM2-AS1	89
DAB1	7079
DAB1-AS1	8
DAB2	139
DAB2IP	11377
DACH1	10555
DACH2	3923
DACT1	449
DACT2	144
DACT3	1198
DACT3-AS1	321
DAD1	1104
DAG1	1808
DAGARR	4
DAGLA	773
DAGLB	1271
DALRD3	285
DANCR	0
DAND5	95
DANT1	98
DANT2	21930
DAO	169
DAOA	34
DAOA-AS1	187
DAP	4276
DAP-DT	37
DAP3	3182
DAPK1	28085
DAPK2	1609
DAPK3	2901
DAPL1	193
DAPP1	2110
DARS1	9898
DARS1-AS1	503
DARS2	1099
DAW1	1780
DAXX	250
DAZ1	0
DAZ3	0
DAZAP1	7017
DAZAP2	641
DAZL	116
DBET	53
DBF4	2530
DBF4B	1041
DBH	39
DBH-AS1	16
DBI	423
DBN1	1459
DBNDD1	109
DBNL	2697
DBP	530
DBR1	536
DBT	2442
DBX1	7
DBX2	32
DBX2-AS1	158
DCAF1	3536
DCAF10	10472
DCAF11	734
DCAF12	1965
DCAF12-AS1	46
DCAF12L1	4
DCAF12L2	7
DCAF13	1350
DCAF15	362
DCAF16	3370
DCAF17	2783
DCAF4	551
DCAF4L1	20
DCAF4L2	8
DCAF5	11907
DCAF6	17212
DCAF7	24
DCAF8	218
DCAF8-DT	39
DCAF8L1	5
DCAF8L2	130
DCAKD	4369
DCBLD1	2143
DCBLD2	6322
DCC	5862
DCD	17
DCDC1	18065
DCDC2	1455
DCDC2B	254
DCDC2C	405
DCHS1	1178
DCHS1-AS1	2
DCHS2	4131
DCHS2-AS1	922
DCK	393
DCLK1	18556
DCLK2	8141
DCLK3	160
DCLRE1A	489
DCLRE1B	74
DCLRE1C	4878
DCN	5586
DCP1A	7514
DCP1B	5817
DCP2	6354
DCPS	974
DCST1	72
DCST1-AS1	19
DCST2	252
DCSTAMP	16
DCT	172
DCTD	972
DCTN1	2408
DCTN1-AS1	24
DCTN2	1692
DCTN3	185
DCTN4	4919
DCTN5	1566
DCTN6	476
DCTN6-DT	71
DCTPP1	163
DCUN1D1	3585
DCUN1D2	2989
DCUN1D2-AS	15
DCUN1D3	0
DCUN1D4	8889
DCUN1D5	3018
DCX	733
DCXR	120
DCXR-DT	4
DDA1	462
DDAH1	5706
DDAH2	588
DDB1	3413
DDB2	4490
DDC	103
DDC-AS1	9
DDHD1	4385
DDHD1-DT	11
DDHD2	4900
DDI1	2
DDI2	8977
DDIAS	481
DDIT3	402
DDIT4	746
DDIT4L	41
DDIT4L-AS1	21
DDN	11
DDN-AS1	94
DDO	50
DDOST	573
DDR1	1448
DDR1-DT	23
DDR2	9371
DDRGK1	859
DDTL	89
DDX1	6721
DDX10	7822
DDX11	1933
DDX11-AS1	473
DDX17	40222
DDX18	1769
DDX19A	100
DDX19A-DT	563
DDX19B	29
DDX20	647
DDX21	1387
DDX23	1426
DDX24	2603
DDX25	245
DDX25-AS1	134
DDX27	1644
DDX28	17
DDX31	2978
DDX39A	1074
DDX39B-AS1	12
DDX3ILA1	439
DDX3X	9943
DDX3Y	4754
DDX4	148
DDX41	444
DDX42	7467
DDX43	88
DDX46	9383
DDX49	300
DDX5	14938
DDX50	3475
DDX51	737
DDX52	3858
DDX53	3
DDX54	662
DDX55	1728
DDX56	1370
DDX58	3
DDX59	1859
DDX59-AS1	306
DDX6	9246
DDX60	2098
DDX60L	2614
DEAF1	3004
DECR1	6573
DECR2	58
DEDD	1049
DEDD2	507
DEF6	943
DEF8	1030
DEFA3	4
DEFA4	2
DEFA5	2
DEFA6	2
DEFB1	436
DEFB104A	1
DEFB104B	3
DEFB105A	1
DEFB106A	0
DEFB107A	2
DEFB107B	4
DEFB108B	2
DEFB110	8
DEFB112	8
DEFB114	2
DEFB115	0
DEFB116	9
DEFB118	26
DEFB119	37
DEFB121	2
DEFB123	53
DEFB124	58
DEFB125	2
DEFB126	4
DEFB127	0
DEFB128	1
DEFB129	0
DEFB130A	29
DEFB130B	5
DEFB131A	32
DEFB131B	19
DEFB132	1
DEFB134	190
DEFB135	6
DEFB136	4
DEFB4B	2
DEGS1	840
DEGS2	214
DEK	8932
DELE1	1851
DELEC1	1731
DENND10	1008
DENND11	2887
DENND1A	21747
DENND1A-AS1	7
DENND1B	11988
DENND1C	178
DENND2A	10807
DENND2B	20708
DENND2B-AS1	316
DENND2C	9463
DENND2D	1106
DENND3	2214
DENND3-AS1	71
DENND4A	16249
DENND4B	1341
DENND4C	22729
DENND5A	13093
DENND5B	10149
DENND5B-AS1	203
DENND6A	8614
DENND6A-AS1	268
DENND6A-DT	13
DENND6B	1335
DENR	4067
DEPDC1	631
DEPDC1-AS1	69
DEPDC1-AS2	13
DEPDC1B	1254
DEPDC1B-DT	1
DEPDC4	807
DEPDC5	93
DEPDC7	318
DEPP1	239
DEPTOR	5775
DEPTOR-AS1	34
DERA	11946
DERL1	1485
DERL2	828
DERL3	49
DES	11388
DESI1	1105
DESI2	4488
DET1	22
DEUP1	1494
DEXI	275
DFFA	1469
DFFB	569
DGAT1	249
DGAT2	245
DGAT2-DT	33
DGAT2L6	153
DGCR2	3807
DGCR5	385
DGCR6L	200
DGCR8	3150
DGKA	6067
DGKB	16615
DGKD	8296
DGKE	2242
DGKG	18547
DGKH	32319
DGKI	3507
DGKK	210
DGKQ	239
DGKZ	2062
DGLUCY	13907
DGUOK	2170
DGUOK-AS1	483
DHCR24	872
DHCR7	203
DHCR7-DT	166
DHDDS	2238
DHDDS-AS1	199
DHDH	195
DHFR	571
DHFR2	191
DHH	115
DHH-AS1	4
DHODH	220
DHPS	0
DHRS1	463
DHRS11	224
DHRS13	211
DHRS2	98
DHRS3	14014
DHRS4	585
DHRS4-AS1	651
DHRS7	648
DHRS7B	3275
DHRS7C	53
DHRS9	140
DHRSX	4
DHRSX.1	6
DHTKD1	1854
DHX15	13289
DHX16	1194
DHX29	5344
DHX30	3347
DHX32	4781
DHX33	626
DHX33-DT	1
DHX34	1471
DHX35	3415
DHX35-DT	8
DHX36	10860
DHX37	811
DHX38	1524
DHX40	2160
DHX57	3619
DHX58	232
DHX8	3096
DHX9	9549
DHX9-AS1	72
DIAPH1	5325
DIAPH1-AS1	40
DIAPH2	45060
DIAPH2-AS1	640
DIAPH3	10068
DIAPH3-AS1	155
DIAPH3-AS2	19
DICER1	11810
DICER1-AS1	772
DIDO1	10012
DIMT1	2819
DINOL	1
DIO1	204
DIO2	894
DIO2-AS1	489
DIO3	4
DIO3OS	161
DIP2A	10272
DIP2A-DT	678
DIP2B	22108
DIP2C	56591
DIP2C-AS1	474
DIP2C-AS2	8
DIP2C-AS3	9
DIPK1A	7679
DIPK1B	229
DIPK1C	90
DIPK2A	3745
DIPK2B	1057
DIRAS1	26
DIRAS2	189
DIRAS3	272
DIRC3	13118
DIRC3-AS1	7979
DIS3	2723
DIS3L	2686
DIS3L-AS1	225
DIS3L2	16977
DISC1	9369
DISC1FP1	1736
DISP1	9323
DISP2	195
DISP3	149
DIXDC1	15035
DKC1	1049
DKFZP434A062	17
DKK1	11
DKK2	1853
DKK2-AS1	935
DKK2-AS2	242
DKK3	834
DKK4	1
DKKL1	127
DLAT	1574
DLC1	51986
DLD	4481
DLEC1	6021
DLEU1	9059
DLEU2	22841
DLEU7	725
DLG1	35704
DLG1-AS1	64
DLG2	64826
DLG2-AS2	334
DLG3	4725
DLG3-AS1	9
DLG4	1991
DLG5	9714
DLG5-AS1	20
DLGAP1	19602
DLGAP1-AS1	312
DLGAP1-AS2	140
DLGAP1-AS3	47
DLGAP1-AS4	133
DLGAP1-AS5	51
DLGAP1-AS6	1
DLGAP2	6459
DLGAP2-AS1	37
DLGAP3	226
DLGAP4	7779
DLGAP4-AS1	1547
DLGAP5	829
DLK1	233
DLK2	170
DLL1	1149
DLL3	100
DLL4	249
DLST	3075
DLX1	91
DLX1-AS1	9
DLX2	24
DLX2-DT	85
DLX3	24
DLX4	38
DLX5	91
DLX6	26
DLX6-AS1	540
DM1-AS	116
DMAC1	251
DMAC2	432
DMAC2L	1245
DMAP1	1115
DMBT1	51
DMBX1	44
DMC1	501
DMD	144645
DMD-AS3	2
DMGDH	3973
DMKN	1442
DMP1	5
DMP1-AS1	740
DMPK	3693
DMRT1	255
DMRT2	238
DMRT3	135
DMRTA1	178
DMRTA2	212
DMRTB1	10
DMRTC1	19
DMRTC1B	17
DMRTC2	20
DMTF1	17311
DMTF1-AS1	6
DMTN	499
DMWD	310
DMXL1	19595
DMXL1-DT	921
DMXL2	9561
DNA2	2093
DNAAF1	7281
DNAAF10	317
DNAAF11	5982
DNAAF2	695
DNAAF3	313
DNAAF3-AS1	48
DNAAF4	76
DNAAF4-CCPG1	22
DNAAF5	2659
DNAAF6	213
DNAAF8	205
DNAAF9	19821
DNAH1	3659
DNAH10	7039
DNAH11	39511
DNAH12	39176
DNAH14	12558
DNAH17	617
DNAH17-AS1	25
DNAH2	2375
DNAH3	11655
DNAH5	8848
DNAH5-AS1	122
DNAH6	15341
DNAH7	25503
DNAH8	734
DNAH8-AS1	34
DNAH9	14484
DNAI1	7092
DNAI2	2519
DNAI3	4341
DNAI4	6428
DNAI7	6433
DNAJA1	1919
DNAJA2	1137
DNAJA2-DT	57
DNAJA3	1542
DNAJA4	3451
DNAJA4-DT	18
DNAJB1	3011
DNAJB11	1023
DNAJB12	1030
DNAJB13	1328
DNAJB14	6448
DNAJB2	545
DNAJB4	90
DNAJB5	320
DNAJB5-DT	9
DNAJB6	8022
DNAJB7	4
DNAJB8	1
DNAJB8-AS1	13
DNAJB9	177
DNAJC1	15084
DNAJC10	5105
DNAJC11	3995
DNAJC12	444
DNAJC13	15725
DNAJC14	83
DNAJC15	3742
DNAJC16	3459
DNAJC17	2565
DNAJC18	1027
DNAJC19	874
DNAJC2	3038
DNAJC21	3335
DNAJC22	60
DNAJC24	1896
DNAJC25	0
DNAJC25-GNG10	36
DNAJC27	1630
DNAJC27-AS1	1319
DNAJC28	125
DNAJC3	7664
DNAJC3-DT	884
DNAJC30	188
DNAJC4	169
DNAJC5	8034
DNAJC5B	69
DNAJC5G	21
DNAJC6	1090
DNAJC6-AS1	87
DNAJC7	6567
DNAJC8	1881
DNAJC9	2550
DNAJC9-AS1	119
DNAL1	2439
DNALI1	565
DNASE1	4556
DNASE1L1	301
DNASE1L2	31
DNASE1L3	102
DNASE2	102
DNASE2B	25
DND1	5
DNER	1433
DNHD1	2362
DNLZ	18
DNM1	3455
DNM1L	8036
DNM1P35	234
DNM2	6772
DNM3	8271
DNM3OS	2665
DNMBP	7893
DNMBP-AS1	174
DNMT1	4577
DNMT3A	9639
DNMT3B	409
DNMT3L	18
DNPEP	1173
DNPEP-AS1	42
DNPH1	58
DNTT	19
DNTTIP1	702
DNTTIP2	790
DOC2A	551
DOC2B	588
DOCK1	37413
DOCK1-AS1	106
DOCK10	7715
DOCK11	5746
DOCK2	1145
DOCK3	17911
DOCK4	24379
DOCK4-AS1	26
DOCK5	10477
DOCK6	5931
DOCK6-AS1	1484
DOCK7	17756
DOCK7-DT	819
DOCK8	16942
DOCK8-AS1	9
DOCK8-AS2	150
DOCK9	29060
DOCK9-AS1	23
DOCK9-DT	10
DOHH	87
DOK1	182
DOK2	189
DOK3	93
DOK4	278
DOK5	2682
DOK6	14089
DOK7	176
DOLK	22
DOLPP1	82
DONSON	574
DOP1A	11151
DOP1B	5474
DOT1L	4062
DOT1L-AS1	16
DPAGT1	341
DPCD	650
DPEP1	113
DPEP2	46
DPEP2NB	4
DPEP3	2
DPF1	180
DPF2	1636
DPF3	5102
DPH1	1032
DPH1-AS1	107
DPH2	83
DPH3	128
DPH5	1496
DPH5-DT	2450
DPH6	12051
DPH6-DT	7810
DPH7	1260
DPM1	3861
DPM2	155
DPM3	56
DPP10	26946
DPP10-AS1	198
DPP10-AS2	0
DPP10-AS3	87
DPP3	283
DPP3-DT	57
DPP4	506
DPP4-DT	16
DPP6	17738
DPP6-AS1	91
DPP7	235
DPP8	4901
DPP9	1431
DPP9-AS1	35
DPPA2	53
DPPA3	16
DPPA4	55
DPPA5	0
DPRX	11
DPT	22
DPY19L1	2246
DPY19L2	3593
DPY19L3	4800
DPY19L3-DT	111
DPY19L4	6327
DPY30	1820
DPYD	48899
DPYD-AS1	600
DPYD-AS2	3
DPYS	257
DPYSL2	3929
DPYSL3	24562
DPYSL4	108
DPYSL5	502
DQX1	110
DR1	1524
DRAIC	3320
DRAM1	970
DRAM1-AS1	13
DRAM2	2488
DRAP1	167
DRAXIN	160
DRC1	2534
DRC3	2640
DRC7	649
DRD1	54
DRD2	191
DRD3	147
DRD4	161
DRD5	1
DRG1	2582
DRG2	664
DRGX	28
DRICH1	248
DROSHA	7232
DRP2	577
DSC1	56
DSC2	3341
DSC3	5210
DSCAM	12808
DSCAM-AS1	0
DSCAML1	4119
DSCAS	74
DSCC1	313
DSCR8	126
DSCR9	45
DSE	4673
DSEL	1051
DSEL-AS1	2643
DSG1	32
DSG1-AS1	410
DSG2	3656
DSG2-AS1	65
DSG3	4088
DSG4	52
DSN1	853
DSP	24640
DSP-AS1	74
DSPP	9
DST	80619
DST-AS1	113
DSTN	14975
DSTYK	3568
DTD1	168
DTD1-AS1	104
DTD2	0
DTHD1	11014
DTHD1-AS1	312
DTL	1559
DTNA	18112
DTNA-AS1	54
DTNB	10026
DTNB-AS1	20
DTNBP1	3383
DTNBP1-AS1	8
DTWD1	5665
DTWD2	2172
DTX1	358
DTX2	2815
DTX2P1-UPK3BP1-PMS2P11	5505
DTX3	1211
DTX3L	1082
DTX4	3156
DTYMK	535
DUBR	4096
DUOX1	4674
DUOX2	360
DUOXA1	2789
DUOXA2	31
DUS1L	1270
DUS2	1543
DUS3L	285
DUS4L	9
DUS4L-BCAP29	165
DUSP1	6866
DUSP10	3940
DUSP11	3485
DUSP12	732
DUSP13	72
DUSP14	435
DUSP15	145
DUSP16	7486
DUSP18	1724
DUSP19	339
DUSP2	122
DUSP21	0
DUSP22	2037
DUSP23	37
DUSP26	131
DUSP28	69
DUSP29	83
DUSP3	699
DUSP4	451
DUSP5	1402
DUSP5-DT	248
DUSP6	359
DUSP7	141
DUSP8	276
DUSP9	9
DUT	1886
DUT-AS1	171
DUX4	23
DUXA	22
DUXAP8	53
DUXB	11
DVL1	835
DVL2	904
DVL3	2238
DXO	231
DYDC1	654
DYDC2	380
DYM	23153
DYM-AS1	48
DYNAP	116
DYNC1H1	13763
DYNC1I1	1837
DYNC1I2	10523
DYNC1LI1	3139
DYNC1LI2	7530
DYNC1LI2-DT	23
DYNC2H1	26694
DYNC2I1	19624
DYNC2I2	721
DYNC2LI1	4789
DYNLL1	1164
DYNLL2	681
DYNLL2-DT	13
DYNLRB2	1127
DYNLRB2-AS1	870
DYNLT1	1435
DYNLT2	209
DYNLT3	433
DYNLT4	73
DYNLT5	1724
DYRK1A	32904
DYRK1B	613
DYRK2	2846
DYRK3	888
DYRK3-AS1	7
DYRK4	86
DYSF	3916
DYTN	94
DZANK1	2989
DZIP1	6000
DZIP1L	5366
DZIP3	8222
E2F1	171
E2F2	236
E2F3	2514
E2F4	298
E2F5	2022
E2F5-DT	47
E2F6	944
E2F7	988
E2F8	443
E4F1	571
EAF1	401
EAF1-AS1	152
EAF2	1147
EAPP	3575
EARS2	1133
EBAG9	1145
EBF1	23706
EBF2	2155
EBF3	2457
EBF3-AS1	13
EBF4	2625
EBI3	45
EBLN1	4
EBLN3P	1384
EBNA1BP2	833
EBPL	2120
ECD	3718
ECE1	7968
ECE1-AS1	30
ECEL1	10
ECH1	208
ECHDC1	5626
ECHDC2	8026
ECHDC3	541
ECHS1	930
ECI1	771
ECI1-AS1	7
ECI2	2075
ECI2-DT	21
ECM1	164
ECM2	467
ECPAS	16722
ECRG4	223
ECSIT	1774
ECT2	3579
ECT2L	3251
EDA	7844
EDA2R	145
EDAR	1158
EDARADD	3136
EDC3	2438
EDC4	648
EDDM13	120
EDDM3A	2
EDDM3B	1
EDEM1	1970
EDEM2	1048
EDEM3	5072
EDF1	817
EDIL3	7372
EDIL3-DT	903
EDN1	322
EDN2	128
EDN3	228
EDNRA	3471
EDNRB	925
EDNRB-AS1	66
EDRF1	3006
EDRF1-AS1	4
EDRF1-DT	45
EEA1	13669
EED	3232
EEF1A1	4350
EEF1A1-AS1	319
EEF1A2	72
EEF1AKMT1	1368
EEF1AKMT2	196
EEF1AKMT3	21
EEF1AKMT4-ECE2	78
EEF1B2	531
EEF1D	2302
EEF1E1	2
EEF1E1-BLOC1S5	29
EEF1G	0
EEF2	1379
EEF2K	5340
EEF2KMT	100
EEFSEC	4898
EEPD1	8726
EFCAB10	979
EFCAB10-AS1	22
EFCAB11	6
EFCAB12	1288
EFCAB13	3055
EFCAB13-DT	137
EFCAB14	2581
EFCAB14-AS1	44
EFCAB2	13351
EFCAB2-AS1	67
EFCAB3	263
EFCAB5	660
EFCAB6	9085
EFCAB6-AS1	89
EFCAB6-DT	72
EFCAB7	3835
EFCAB8	257
EFCAB9	16
EFCC1	467
EFEMP1	2589
EFEMP2	541
EFHB	1065
EFHC1	9727
EFHC2	4678
EFHD1	371
EFHD2	778
EFHD2-AS1	22
EFL1	2361
EFNA1	618
EFNA2	74
EFNA3	2
EFNA4-EFNA3	34
EFNA5	28814
EFNB1	198
EFNB2	2795
EFNB3	54
EFR3A	10578
EFR3B	1662
EFS	1182
EFTUD2	2912
EGF	324
EGFL6	262
EGFL7	811
EGFLAM	3159
EGFLAM-AS1	5
EGFLAM-AS2	2
EGFLAM-AS3	0
EGFLAM-AS4	4
EGFLAM-AS5	11
EGFR	28918
EGFR-AS1	38
EGILA	85
EGLN1	3
EGLN3	6904
EGLN3-AS1	57
EGOT	139
EGR1	3142
EGR2	10
EGR3	69
EGR3-AS1	232
EGR4	3
EHBP1	45455
EHBP1-AS1	473
EHBP1L1	7965
EHD1	1203
EHD2	1036
EHD3	839
EHD4	1562
EHD4-AS1	36
EHF	12550
EHHADH	1010
EHHADH-AS1	82
EHMT1	16117
EHMT2	1428
EHMT2-AS1	148
EI24	471
EID1	519
EID2	21
EID2B	114
EIF1	987
EIF1AD	180
EIF1AX	1501
EIF1AX-AS1	0
EIF1AY	1147
EIF1B	294
EIF1B-AS1	3620
EIF2A	4267
EIF2AK1	3909
EIF2AK2	6361
EIF2AK3	9632
EIF2AK3-AS1	74
EIF2AK3-DT	86
EIF2AK4	4873
EIF2B1	1909
EIF2B2	400
EIF2B3	4444
EIF2B4	1039
EIF2B5	1336
EIF2B5-DT	36
EIF2D	2185
EIF2S1	1809
EIF2S2	2095
EIF2S3	3863
EIF2S3B	91
EIF3A	8042
EIF3B	3942
EIF3C	273
EIF3CL	136
EIF3D	1748
EIF3E	10926
EIF3F	1801
EIF3G	473
EIF3H	5598
EIF3I	719
EIF3J	3407
EIF3J-DT	1060
EIF3K	2182
EIF3L	3355
EIF3M	2318
EIF4A2	5845
EIF4A3	925
EIF4B	7106
EIF4E	4111
EIF4E1B	27
EIF4E2	1673
EIF4E3	3
EIF4EBP1	558
EIF4EBP2	2294
EIF4ENIF1	2267
EIF4G1	4620
EIF4G2	11431
EIF4G3	27991
EIF4H	2438
EIF5	3068
EIF5-DT	5
EIF5A	269
EIF5A2	217
EIF5AL1	23
EIF5B	7166
EIF6	407
EIPR1	5456
ELAC1	0
ELAC2	1551
ELANE	21
ELAPOR1	833
ELAPOR2	2470
ELAVL1	2812
ELAVL2	723
ELAVL3	282
ELAVL4	1430
ELAVL4-AS1	8
ELDR	77
ELF1	22558
ELF2	26791
ELF2-DT	663
ELF3	3312
ELF3-AS1	621
ELF4	969
ELF5	1392
ELFN1	1134
ELFN1-AS1	11
ELFN2	20
ELFN2-AS1	0
ELK1	461
ELK3	3503
ELK4	3102
ELL	2202
ELL2	7791
ELMO1	9191
ELMO1-AS1	21
ELMO2	2256
ELMO3	160
ELMOD1	276
ELMOD2	2221
ELMOD3	2717
ELN	5268
ELN-AS1	170
ELOA	2085
ELOA-AS1	1753
ELOA2	4
ELOB	205
ELOC	1675
ELOF1	179
ELOVL1	254
ELOVL2	1068
ELOVL2-AS1	133
ELOVL3	3
ELOVL4	597
ELOVL5	5911
ELOVL6	3920
ELOVL6-AS1	9
ELOVL7	611
ELP1	6592
ELP2	7210
ELP3	4521
ELP4	13967
ELP4-AS1	489
ELP5	438
ELP6	530
ELSPBP1	65
EMB	338
EMC1	1145
EMC1-AS1	1376
EMC10	1625
EMC2	6852
EMC3	1564
EMC4	366
EMC6	25
EMC7	469
EMC8	918
EMC9	170
EMCN	3571
EMD	354
EME1	114
EME2	520
EMICERI	37
EMID1	1281
EMILIN1	1540
EMILIN2	765
EMILIN3	104
EML1	5876
EML2	2390
EML2-AS1	10
EML3	638
EML4	20430
EML4-AS1	129
EML5	6746
EML6	4147
EML6-AS1	3
EMP1	3311
EMP2	4308
EMP3	499
EMSLR	47
EMSY	11509
EMSY-DT	138
EMX1	22
EMX2	25
EMX2OS	248
EN1	7
EN2	10
EN2-DT	51
ENAH	16812
ENAM	11
ENAM-AS1	158
ENC1	1125
ENDOD1	599
ENDOG	71
ENDOU	47
ENDOV	848
ENEMAL	22
ENG	695
ENGASE	802
ENHO	5
ENHO-AS1	24
ENKD1	300
ENKUR	1683
ENO1	3933
ENO1-AS1	13
ENO2	612
ENO3	351
ENO4	820
ENOPH1	1809
ENOSF1	11077
ENOX1	27281
ENOX1-AS1	7
ENOX2	4390
ENPEP	2389
ENPP1	2770
ENPP2	1664
ENPP3	534
ENPP4	819
ENPP5	388
ENPP6	266
ENPP7	18
ENSA	9863
ENSG00000100101	74
ENSG00000111780	60
ENSG00000124593	105
ENSG00000125695	34
ENSG00000131152	269
ENSG00000131484	3
ENSG00000132832	74
ENSG00000141979	355
ENSG00000142539	2
ENSG00000144785	481
ENSG00000145063	67
ENSG00000145075	36
ENSG00000159239	209
ENSG00000167046	11
ENSG00000167774	15
ENSG00000173366	22
ENSG00000173867	426
ENSG00000174171	22
ENSG00000175604	12
ENSG00000176320	10
ENSG00000176349	24
ENSG00000176515	95
ENSG00000176868	19
ENSG00000176984	18
ENSG00000177596	5
ENSG00000177699	12
ENSG00000178107	7
ENSG00000179066	108
ENSG00000180458	14
ENSG00000181123	752
ENSG00000183154	29
ENSG00000183308	467
ENSG00000183562	7
ENSG00000184441	91
ENSG00000187185	116
ENSG00000187186	3
ENSG00000188223	14
ENSG00000189229	5294
ENSG00000189316	10
ENSG00000196566	130
ENSG00000196826	808
ENSG00000196893	6
ENSG00000197210	2
ENSG00000197332	1031
ENSG00000197462	8
ENSG00000197585	3313
ENSG00000197644	6
ENSG00000197813	493
ENSG00000197991	5
ENSG00000198106	1006
ENSG00000198211	0
ENSG00000198358	28
ENSG00000198491	10
ENSG00000198671	28
ENSG00000203266	8
ENSG00000203279	492
ENSG00000203325	205
ENSG00000203334	2
ENSG00000203335	6
ENSG00000203364	4
ENSG00000203392	79
ENSG00000203395	11
ENSG00000203402	2
ENSG00000203434	6
ENSG00000203469	3
ENSG00000203472	66
ENSG00000203496	38
ENSG00000203498	2
ENSG00000203520	34
ENSG00000203546	852
ENSG00000203565	21
ENSG00000203605	33
ENSG00000203620	28
ENSG00000203635	59
ENSG00000203643	0
ENSG00000203900	16
ENSG00000203971	2
ENSG00000204003	0
ENSG00000204049	5
ENSG00000204117	150
ENSG00000204398	222
ENSG00000204422	68
ENSG00000204620	85
ENSG00000204684	101
ENSG00000204850	5
ENSG00000204876	27
ENSG00000204990	2
ENSG00000205018	30
ENSG00000205037	26
ENSG00000205300	9
ENSG00000205325	11
ENSG00000205452	2
ENSG00000205537	29
ENSG00000205653	0
ENSG00000205740	453
ENSG00000205745	10
ENSG00000205830	9
ENSG00000205890	99
ENSG00000205959	379
ENSG00000206028	76
ENSG00000206129	1237
ENSG00000206249	95
ENSG00000206549	65
ENSG00000207751	323
ENSG00000211683	47
ENSG00000212663	27
ENSG00000212939	31
ENSG00000213062	298
ENSG00000213121	152
ENSG00000213204	34
ENSG00000213981	236
ENSG00000214248	22
ENSG00000214546	15
ENSG00000214614	0
ENSG00000214719	4038
ENSG00000214770	11
ENSG00000214788	22
ENSG00000214797	30
ENSG00000214803	259
ENSG00000214915	1
ENSG00000214942	115
ENSG00000214999	4
ENSG00000215022	25
ENSG00000215304	88
ENSG00000215692	4
ENSG00000215765	23
ENSG00000215841	27
ENSG00000217455	152
ENSG00000217576	1420
ENSG00000217702	193
ENSG00000217825	0
ENSG00000219159	2
ENSG00000219410	41
ENSG00000219445	139
ENSG00000220256	106
ENSG00000220702	2
ENSG00000221857	3
ENSG00000222000	83
ENSG00000222001	4
ENSG00000222007	27
ENSG00000222012	23
ENSG00000222017	726
ENSG00000222022	12
ENSG00000222031	346
ENSG00000222032	20
ENSG00000222042	204
ENSG00000222043	21
ENSG00000223342	48
ENSG00000223343	86
ENSG00000223344	27
ENSG00000223356	15
ENSG00000223373	108
ENSG00000223374	11
ENSG00000223390	65
ENSG00000223393	117
ENSG00000223400	10
ENSG00000223410	0
ENSG00000223430	1
ENSG00000223432	5
ENSG00000223440	14
ENSG00000223446	15
ENSG00000223461	41
ENSG00000223462	17
ENSG00000223492	30
ENSG00000223502	32
ENSG00000223523	327
ENSG00000223530	0
ENSG00000223536	73
ENSG00000223542	74
ENSG00000223563	68
ENSG00000223576	26
ENSG00000223598	615
ENSG00000223623	7
ENSG00000223634	4
ENSG00000223642	86
ENSG00000223649	2
ENSG00000223665	41
ENSG00000223675	8
ENSG00000223697	14
ENSG00000223711	43
ENSG00000223716	27
ENSG00000223720	181
ENSG00000223725	901
ENSG00000223726	11
ENSG00000223727	6704
ENSG00000223732	443
ENSG00000223742	9
ENSG00000223751	44
ENSG00000223754	6
ENSG00000223761	19
ENSG00000223786	2760
ENSG00000223795	14
ENSG00000223800	2
ENSG00000223808	2
ENSG00000223829	90
ENSG00000223834	24
ENSG00000223838	643
ENSG00000223842	5
ENSG00000223859	31
ENSG00000223870	38
ENSG00000223872	5
ENSG00000223881	0
ENSG00000223884	49
ENSG00000223901	9
ENSG00000223911	13
ENSG00000223930	571
ENSG00000223944	274
ENSG00000223946	3
ENSG00000223947	20
ENSG00000223969	43
ENSG00000223999	1
ENSG00000224015	9
ENSG00000224018	74
ENSG00000224027	25
ENSG00000224038	30
ENSG00000224049	10
ENSG00000224076	3
ENSG00000224077	60
ENSG00000224099	32
ENSG00000224100	3
ENSG00000224127	4
ENSG00000224132	7
ENSG00000224138	2
ENSG00000224194	84
ENSG00000224216	77
ENSG00000224228	764
ENSG00000224239	63
ENSG00000224250	3
ENSG00000224251	8
ENSG00000224260	118
ENSG00000224267	8
ENSG00000224269	61
ENSG00000224272	1
ENSG00000224277	46
ENSG00000224301	5
ENSG00000224322	209
ENSG00000224326	131
ENSG00000224330	61
ENSG00000224359	0
ENSG00000224361	63
ENSG00000224363	61
ENSG00000224371	108
ENSG00000224374	5
ENSG00000224375	21
ENSG00000224376	93
ENSG00000224384	12
ENSG00000224387	2
ENSG00000224400	104
ENSG00000224404	30
ENSG00000224409	11
ENSG00000224413	14
ENSG00000224477	6
ENSG00000224478	65
ENSG00000224481	55
ENSG00000224500	3
ENSG00000224504	11
ENSG00000224513	2
ENSG00000224516	0
ENSG00000224521	5
ENSG00000224525	1
ENSG00000224541	98
ENSG00000224595	38
ENSG00000224605	29
ENSG00000224610	119
ENSG00000224612	64
ENSG00000224621	107
ENSG00000224626	109
ENSG00000224635	70
ENSG00000224643	158
ENSG00000224645	5
ENSG00000224649	25
ENSG00000224658	288
ENSG00000224661	2
ENSG00000224691	0
ENSG00000224715	22
ENSG00000224731	7
ENSG00000224733	5
ENSG00000224738	326
ENSG00000224739	42
ENSG00000224746	455
ENSG00000224750	87
ENSG00000224789	502
ENSG00000224794	29
ENSG00000224799	6
ENSG00000224810	13
ENSG00000224814	69
ENSG00000224819	281
ENSG00000224844	5
ENSG00000224848	947
ENSG00000224865	52
ENSG00000224876	3
ENSG00000224879	22
ENSG00000224883	0
ENSG00000224901	69
ENSG00000224905	13353
ENSG00000224919	14
ENSG00000224935	80
ENSG00000224950	130
ENSG00000224969	13
ENSG00000224970	24
ENSG00000224984	2
ENSG00000224985	24
ENSG00000225000	4
ENSG00000225002	0
ENSG00000225006	98
ENSG00000225007	1
ENSG00000225012	170
ENSG00000225032	223
ENSG00000225044	56
ENSG00000225050	43
ENSG00000225056	3
ENSG00000225057	132
ENSG00000225058	10
ENSG00000225075	21
ENSG00000225084	0
ENSG00000225085	0
ENSG00000225087	551
ENSG00000225096	1321
ENSG00000225102	15
ENSG00000225107	12
ENSG00000225112	8
ENSG00000225129	8
ENSG00000225146	164
ENSG00000225148	40
ENSG00000225152	2
ENSG00000225156	15
ENSG00000225166	57
ENSG00000225172	9
ENSG00000225173	3
ENSG00000225181	0
ENSG00000225208	4
ENSG00000225209	11
ENSG00000225214	71
ENSG00000225218	217
ENSG00000225230	62
ENSG00000225233	185
ENSG00000225258	278
ENSG00000225279	121
ENSG00000225280	2
ENSG00000225284	3
ENSG00000225303	6
ENSG00000225311	137
ENSG00000225313	184
ENSG00000225315	53
ENSG00000225325	95
ENSG00000225330	973
ENSG00000225335	10
ENSG00000225341	37
ENSG00000225359	2
ENSG00000225378	6
ENSG00000225387	9
ENSG00000225399	55
ENSG00000225408	25
ENSG00000225411	27
ENSG00000225417	1
ENSG00000225421	678
ENSG00000225424	13
ENSG00000225450	392
ENSG00000225457	108
ENSG00000225458	60
ENSG00000225488	2
ENSG00000225489	22
ENSG00000225498	118
ENSG00000225519	8
ENSG00000225532	4
ENSG00000225537	149
ENSG00000225545	3
ENSG00000225555	38
ENSG00000225559	2
ENSG00000225563	92
ENSG00000225570	3
ENSG00000225582	0
ENSG00000225588	116
ENSG00000225598	1
ENSG00000225605	73
ENSG00000225606	6
ENSG00000225610	63
ENSG00000225612	1
ENSG00000225620	0
ENSG00000225637	5
ENSG00000225643	111
ENSG00000225647	107
ENSG00000225649	589
ENSG00000225655	13
ENSG00000225656	3
ENSG00000225676	71
ENSG00000225680	35
ENSG00000225689	21456
ENSG00000225703	7
ENSG00000225708	7
ENSG00000225718	563
ENSG00000225721	141
ENSG00000225750	70
ENSG00000225751	66
ENSG00000225752	19
ENSG00000225775	57
ENSG00000225785	2
ENSG00000225790	20
ENSG00000225794	98
ENSG00000225806	231
ENSG00000225807	84
ENSG00000225811	285
ENSG00000225815	0
ENSG00000225818	0
ENSG00000225819	7
ENSG00000225836	9
ENSG00000225850	67
ENSG00000225867	5
ENSG00000225879	68
ENSG00000225881	0
ENSG00000225884	27
ENSG00000225885	334
ENSG00000225886	79
ENSG00000225889	826
ENSG00000225903	0
ENSG00000225913	92
ENSG00000225929	2
ENSG00000225952	9
ENSG00000225956	11
ENSG00000225960	2
ENSG00000225963	170
ENSG00000225970	63
ENSG00000225974	2
ENSG00000225982	16
ENSG00000226022	821
ENSG00000226032	145
ENSG00000226043	403
ENSG00000226047	3
ENSG00000226063	1
ENSG00000226078	32
ENSG00000226079	112
ENSG00000226087	67
ENSG00000226097	56
ENSG00000226115	4
ENSG00000226130	3
ENSG00000226134	8
ENSG00000226143	5
ENSG00000226149	1885
ENSG00000226163	2
ENSG00000226169	18
ENSG00000226172	0
ENSG00000226180	30
ENSG00000226197	2147
ENSG00000226204	7
ENSG00000226206	26
ENSG00000226207	11
ENSG00000226208	3
ENSG00000226218	1
ENSG00000226238	8
ENSG00000226249	2
ENSG00000226252	4
ENSG00000226266	1867
ENSG00000226276	79
ENSG00000226277	2
ENSG00000226281	935
ENSG00000226286	3
ENSG00000226291	5
ENSG00000226296	12
ENSG00000226302	0
ENSG00000226304	37
ENSG00000226308	55
ENSG00000226310	581
ENSG00000226323	3
ENSG00000226332	232
ENSG00000226334	9
ENSG00000226349	155
ENSG00000226355	118
ENSG00000226375	22
ENSG00000226398	35
ENSG00000226409	211
ENSG00000226423	0
ENSG00000226426	9
ENSG00000226433	18
ENSG00000226438	23
ENSG00000226442	0
ENSG00000226455	3
ENSG00000226465	714
ENSG00000226471	2833
ENSG00000226484	63
ENSG00000226506	15
ENSG00000226526	112
ENSG00000226527	30
ENSG00000226530	701
ENSG00000226542	10
ENSG00000226548	6
ENSG00000226566	50
ENSG00000226571	1480
ENSG00000226576	51
ENSG00000226578	25
ENSG00000226587	1
ENSG00000226594	19
ENSG00000226599	9
ENSG00000226601	19
ENSG00000226605	116
ENSG00000226622	357
ENSG00000226643	5
ENSG00000226647	261
ENSG00000226649	0
ENSG00000226655	3
ENSG00000226661	35
ENSG00000226669	12
ENSG00000226680	29
ENSG00000226681	7
ENSG00000226694	6
ENSG00000226699	73
ENSG00000226706	4
ENSG00000226707	0
ENSG00000226708	1
ENSG00000226716	9
ENSG00000226733	279
ENSG00000226739	1
ENSG00000226764	147
ENSG00000226771	3
ENSG00000226772	69
ENSG00000226782	43
ENSG00000226797	31
ENSG00000226798	0
ENSG00000226816	14
ENSG00000226829	471
ENSG00000226842	9
ENSG00000226849	105
ENSG00000226854	3
ENSG00000226861	1
ENSG00000226868	17
ENSG00000226871	4
ENSG00000226872	47
ENSG00000226877	78
ENSG00000226883	74
ENSG00000226890	2
ENSG00000226899	30
ENSG00000226900	88
ENSG00000226919	15
ENSG00000226927	0
ENSG00000226938	0
ENSG00000226939	18
ENSG00000226954	10
ENSG00000226956	0
ENSG00000226957	4
ENSG00000226963	9
ENSG00000226965	3405
ENSG00000226990	177
ENSG00000226992	3
ENSG00000226994	946
ENSG00000226996	74
ENSG00000227006	41
ENSG00000227017	8
ENSG00000227033	206
ENSG00000227042	153
ENSG00000227045	68
ENSG00000227047	0
ENSG00000227050	83
ENSG00000227061	26
ENSG00000227066	9
ENSG00000227068	15
ENSG00000227075	39
ENSG00000227083	12
ENSG00000227088	1143
ENSG00000227089	1
ENSG00000227090	15
ENSG00000227094	0
ENSG00000227098	17
ENSG00000227101	36
ENSG00000227107	77
ENSG00000227125	4
ENSG00000227131	4
ENSG00000227139	2
ENSG00000227148	19
ENSG00000227150	6
ENSG00000227157	38
ENSG00000227161	9
ENSG00000227167	3
ENSG00000227193	232
ENSG00000227197	272
ENSG00000227206	18
ENSG00000227215	4
ENSG00000227218	38
ENSG00000227230	5
ENSG00000227240	2127
ENSG00000227253	10
ENSG00000227269	0
ENSG00000227278	2
ENSG00000227282	0
ENSG00000227292	38
ENSG00000227293	30
ENSG00000227294	20
ENSG00000227297	17
ENSG00000227301	6
ENSG00000227303	287
ENSG00000227307	293
ENSG00000227338	6
ENSG00000227355	1073
ENSG00000227360	87
ENSG00000227365	12
ENSG00000227386	7
ENSG00000227388	1080
ENSG00000227400	585
ENSG00000227407	105
ENSG00000227455	3
ENSG00000227459	3
ENSG00000227463	69
ENSG00000227475	0
ENSG00000227479	302
ENSG00000227481	3
ENSG00000227482	92
ENSG00000227484	3
ENSG00000227485	0
ENSG00000227486	18009
ENSG00000227489	21
ENSG00000227496	367
ENSG00000227498	45
ENSG00000227512	6
ENSG00000227516	2
ENSG00000227519	18
ENSG00000227527	12
ENSG00000227531	150
ENSG00000227549	4
ENSG00000227562	1
ENSG00000227579	900
ENSG00000227598	1686
ENSG00000227619	30
ENSG00000227627	488
ENSG00000227673	8
ENSG00000227678	18
ENSG00000227681	7524
ENSG00000227683	55
ENSG00000227687	6
ENSG00000227704	115
ENSG00000227705	50
ENSG00000227712	166
ENSG00000227713	7
ENSG00000227716	6
ENSG00000227718	84
ENSG00000227719	10
ENSG00000227723	17
ENSG00000227733	802
ENSG00000227743	62
ENSG00000227748	10
ENSG00000227757	556
ENSG00000227769	400
ENSG00000227803	439
ENSG00000227809	5
ENSG00000227818	0
ENSG00000227824	2
ENSG00000227851	1
ENSG00000227857	23
ENSG00000227863	57
ENSG00000227880	1
ENSG00000227885	3218
ENSG00000227912	14
ENSG00000227917	9
ENSG00000227920	1
ENSG00000227930	8
ENSG00000227933	20
ENSG00000227935	1
ENSG00000227938	3
ENSG00000227958	29
ENSG00000227981	1
ENSG00000228005	5
ENSG00000228008	54
ENSG00000228010	793
ENSG00000228021	43
ENSG00000228028	2
ENSG00000228031	25
ENSG00000228033	721
ENSG00000228037	12
ENSG00000228044	46
ENSG00000228048	6
ENSG00000228064	24
ENSG00000228072	0
ENSG00000228073	4
ENSG00000228079	21
ENSG00000228084	26
ENSG00000228086	66
ENSG00000228113	529
ENSG00000228120	0
ENSG00000228136	0
ENSG00000228142	290
ENSG00000228144	40
ENSG00000228150	14
ENSG00000228151	0
ENSG00000228153	2
ENSG00000228160	5
ENSG00000228162	320
ENSG00000228165	0
ENSG00000228170	61
ENSG00000228172	36
ENSG00000228176	0
ENSG00000228201	34
ENSG00000228204	301
ENSG00000228216	137
ENSG00000228235	0
ENSG00000228239	3
ENSG00000228255	218
ENSG00000228272	153
ENSG00000228302	11
ENSG00000228334	364
ENSG00000228343	9
ENSG00000228351	167
ENSG00000228353	3
ENSG00000228355	2
ENSG00000228361	15
ENSG00000228365	4
ENSG00000228368	7
ENSG00000228384	49
ENSG00000228386	5
ENSG00000228391	0
ENSG00000228392	8
ENSG00000228395	332
ENSG00000228404	25
ENSG00000228408	0
ENSG00000228417	21
ENSG00000228421	31
ENSG00000228427	78
ENSG00000228467	54
ENSG00000228470	55
ENSG00000228478	8
ENSG00000228484	182
ENSG00000228487	25
ENSG00000228488	0
ENSG00000228503	5
ENSG00000228505	12
ENSG00000228509	332
ENSG00000228527	1
ENSG00000228528	2
ENSG00000228538	3
ENSG00000228539	14
ENSG00000228541	560
ENSG00000228543	29
ENSG00000228553	7
ENSG00000228554	12
ENSG00000228560	105
ENSG00000228563	62
ENSG00000228566	1755
ENSG00000228577	3
ENSG00000228586	163
ENSG00000228587	27
ENSG00000228596	133
ENSG00000228604	5
ENSG00000228620	5
ENSG00000228622	3
ENSG00000228625	22
ENSG00000228627	5
ENSG00000228629	128
ENSG00000228634	4
ENSG00000228643	79
ENSG00000228648	36
ENSG00000228650	2
ENSG00000228655	786
ENSG00000228658	24
ENSG00000228675	0
ENSG00000228679	48
ENSG00000228680	11
ENSG00000228683	0
ENSG00000228686	3
ENSG00000228689	131
ENSG00000228692	3
ENSG00000228697	275
ENSG00000228707	0
ENSG00000228714	982
ENSG00000228719	165
ENSG00000228734	0
ENSG00000228735	3
ENSG00000228739	24
ENSG00000228748	44
ENSG00000228772	6
ENSG00000228778	3
ENSG00000228779	11
ENSG00000228792	13
ENSG00000228793	963
ENSG00000228800	2
ENSG00000228802	10
ENSG00000228804	42
ENSG00000228809	28
ENSG00000228826	18
ENSG00000228830	50
ENSG00000228838	2
ENSG00000228843	20
ENSG00000228852	166
ENSG00000228862	111
ENSG00000228863	47
ENSG00000228873	1
ENSG00000228876	270
ENSG00000228877	84
ENSG00000228919	13
ENSG00000228933	464
ENSG00000228944	187
ENSG00000228950	66
ENSG00000228959	1
ENSG00000228968	21
ENSG00000228973	3
ENSG00000228988	5
ENSG00000229012	13
ENSG00000229021	201
ENSG00000229025	0
ENSG00000229042	3
ENSG00000229044	85
ENSG00000229047	7
ENSG00000229065	109
ENSG00000229066	331
ENSG00000229116	16
ENSG00000229118	14
ENSG00000229131	8
ENSG00000229151	906
ENSG00000229160	41
ENSG00000229167	108
ENSG00000229177	7
ENSG00000229178	5
ENSG00000229188	49
ENSG00000229191	6
ENSG00000229192	31
ENSG00000229195	1461
ENSG00000229203	4
ENSG00000229209	71
ENSG00000229224	11
ENSG00000229225	0
ENSG00000229227	14
ENSG00000229229	37
ENSG00000229242	10
ENSG00000229255	0
ENSG00000229257	39
ENSG00000229261	67
ENSG00000229262	28
ENSG00000229263	24
ENSG00000229269	153
ENSG00000229271	55
ENSG00000229275	0
ENSG00000229282	7
ENSG00000229283	5
ENSG00000229289	1
ENSG00000229297	11
ENSG00000229306	14
ENSG00000229308	206
ENSG00000229309	94
ENSG00000229312	68
ENSG00000229313	139
ENSG00000229321	2490
ENSG00000229337	453
ENSG00000229345	7
ENSG00000229370	470
ENSG00000229379	16
ENSG00000229382	23
ENSG00000229393	5
ENSG00000229395	13
ENSG00000229402	0
ENSG00000229407	3
ENSG00000229418	15
ENSG00000229422	13
ENSG00000229424	6
ENSG00000229425	560
ENSG00000229454	8
ENSG00000229458	4
ENSG00000229459	63
ENSG00000229491	138
ENSG00000229494	52
ENSG00000229495	12
ENSG00000229498	91
ENSG00000229502	21
ENSG00000229528	50
ENSG00000229533	1
ENSG00000229550	4
ENSG00000229588	570
ENSG00000229591	59
ENSG00000229600	3
ENSG00000229603	38
ENSG00000229607	11
ENSG00000229618	9055
ENSG00000229625	57
ENSG00000229628	5
ENSG00000229642	192
ENSG00000229646	4
ENSG00000229660	3
ENSG00000229672	17
ENSG00000229673	0
ENSG00000229679	2
ENSG00000229699	26
ENSG00000229717	62
ENSG00000229720	2
ENSG00000229727	186
ENSG00000229732	131
ENSG00000229740	2
ENSG00000229750	10
ENSG00000229770	4
ENSG00000229774	51
ENSG00000229779	2
ENSG00000229791	1
ENSG00000229797	22
ENSG00000229821	2
ENSG00000229839	340
ENSG00000229846	234
ENSG00000229848	205
ENSG00000229854	2
ENSG00000229855	728
ENSG00000229881	47
ENSG00000229882	2
ENSG00000229896	27
ENSG00000229913	2
ENSG00000229915	6
ENSG00000229923	0
ENSG00000229925	22
ENSG00000229943	0
ENSG00000229957	2
ENSG00000229960	43
ENSG00000229962	20
ENSG00000229964	28
ENSG00000229969	12
ENSG00000229970	47
ENSG00000229976	131
ENSG00000229983	72
ENSG00000229986	8
ENSG00000229990	17
ENSG00000229996	2
ENSG00000230000	0
ENSG00000230010	161
ENSG00000230015	8
ENSG00000230027	22
ENSG00000230030	112
ENSG00000230033	4
ENSG00000230051	53
ENSG00000230065	48
ENSG00000230074	553
ENSG00000230096	28
ENSG00000230105	62
ENSG00000230107	33
ENSG00000230113	0
ENSG00000230120	0
ENSG00000230121	1
ENSG00000230149	4
ENSG00000230159	2
ENSG00000230163	1
ENSG00000230172	1
ENSG00000230186	125
ENSG00000230197	28
ENSG00000230205	13
ENSG00000230226	8
ENSG00000230233	28
ENSG00000230234	1
ENSG00000230248	1
ENSG00000230258	300
ENSG00000230260	34
ENSG00000230285	3
ENSG00000230286	112
ENSG00000230289	18
ENSG00000230298	6
ENSG00000230303	301
ENSG00000230309	4
ENSG00000230325	277
ENSG00000230333	1062
ENSG00000230352	4
ENSG00000230365	1
ENSG00000230379	156
ENSG00000230393	10
ENSG00000230404	15
ENSG00000230423	63
ENSG00000230432	6
ENSG00000230433	1
ENSG00000230440	0
ENSG00000230472	34
ENSG00000230483	19
ENSG00000230490	13642
ENSG00000230492	24
ENSG00000230498	165
ENSG00000230499	13
ENSG00000230516	10
ENSG00000230526	2
ENSG00000230532	228
ENSG00000230536	31
ENSG00000230552	218
ENSG00000230569	6
ENSG00000230575	1
ENSG00000230597	0
ENSG00000230599	1
ENSG00000230600	2
ENSG00000230615	1473
ENSG00000230623	572
ENSG00000230627	2
ENSG00000230628	231
ENSG00000230631	4
ENSG00000230648	84
ENSG00000230649	82
ENSG00000230668	13
ENSG00000230676	100
ENSG00000230684	16
ENSG00000230686	0
ENSG00000230687	0
ENSG00000230690	3
ENSG00000230694	1
ENSG00000230698	13
ENSG00000230714	2
ENSG00000230725	13
ENSG00000230728	17
ENSG00000230730	1252
ENSG00000230733	11
ENSG00000230735	27
ENSG00000230736	46
ENSG00000230737	4
ENSG00000230741	2
ENSG00000230746	158
ENSG00000230747	8
ENSG00000230759	13
ENSG00000230773	985
ENSG00000230782	169
ENSG00000230790	13
ENSG00000230803	10
ENSG00000230805	46
ENSG00000230826	48
ENSG00000230831	0
ENSG00000230834	2
ENSG00000230843	2
ENSG00000230848	67
ENSG00000230864	69
ENSG00000230881	0
ENSG00000230894	33
ENSG00000230908	8
ENSG00000230912	6
ENSG00000230920	11
ENSG00000230928	25
ENSG00000230941	7
ENSG00000230944	0
ENSG00000230960	159
ENSG00000230972	108
ENSG00000230975	356
ENSG00000230991	44
ENSG00000231010	4
ENSG00000231024	31
ENSG00000231039	64
ENSG00000231052	2
ENSG00000231054	10
ENSG00000231062	0
ENSG00000231073	12
ENSG00000231080	2
ENSG00000231081	5
ENSG00000231083	26
ENSG00000231092	10
ENSG00000231098	7
ENSG00000231104	69
ENSG00000231110	2
ENSG00000231114	9
ENSG00000231119	4
ENSG00000231128	126
ENSG00000231132	2
ENSG00000231143	29
ENSG00000231149	11
ENSG00000231156	2
ENSG00000231173	0
ENSG00000231178	36
ENSG00000231183	12
ENSG00000231189	3
ENSG00000231193	13
ENSG00000231201	73
ENSG00000231236	1297
ENSG00000231243	1
ENSG00000231252	2276
ENSG00000231255	5
ENSG00000231266	0
ENSG00000231291	10
ENSG00000231295	2
ENSG00000231297	15
ENSG00000231324	101
ENSG00000231329	80
ENSG00000231336	0
ENSG00000231355	3
ENSG00000231358	30
ENSG00000231393	1
ENSG00000231394	1
ENSG00000231403	5
ENSG00000231405	41
ENSG00000231413	10
ENSG00000231418	1
ENSG00000231421	4
ENSG00000231460	22
ENSG00000231477	5
ENSG00000231482	876
ENSG00000231492	28
ENSG00000231495	6
ENSG00000231505	20
ENSG00000231509	3
ENSG00000231519	20
ENSG00000231521	42
ENSG00000231530	3
ENSG00000231533	707
ENSG00000231539	19
ENSG00000231557	200
ENSG00000231563	532
ENSG00000231589	2
ENSG00000231597	0
ENSG00000231606	399
ENSG00000231616	89
ENSG00000231620	0
ENSG00000231626	1
ENSG00000231662	933
ENSG00000231678	2
ENSG00000231681	58
ENSG00000231691	9
ENSG00000231698	126
ENSG00000231704	43
ENSG00000231705	77
ENSG00000231713	50
ENSG00000231714	1
ENSG00000231720	26
ENSG00000231724	138
ENSG00000231731	389
ENSG00000231740	100
ENSG00000231748	0
ENSG00000231754	6
ENSG00000231756	9
ENSG00000231760	6
ENSG00000231769	1585
ENSG00000231772	3104
ENSG00000231781	27
ENSG00000231791	2
ENSG00000231794	64
ENSG00000231815	132
ENSG00000231829	94
ENSG00000231830	0
ENSG00000231856	60
ENSG00000231863	610
ENSG00000231864	7
ENSG00000231868	14
ENSG00000231873	190
ENSG00000231876	63
ENSG00000231877	181
ENSG00000231881	130
ENSG00000231892	8
ENSG00000231901	173
ENSG00000231902	73
ENSG00000231903	5
ENSG00000231912	97
ENSG00000231927	1
ENSG00000231949	5
ENSG00000231951	3
ENSG00000231953	1
ENSG00000231955	24
ENSG00000231964	32
ENSG00000231970	122
ENSG00000231977	10
ENSG00000231979	1
ENSG00000231985	13
ENSG00000231986	2
ENSG00000231990	34
ENSG00000232006	1180
ENSG00000232019	12
ENSG00000232035	0
ENSG00000232043	21
ENSG00000232053	439
ENSG00000232058	194
ENSG00000232063	1350
ENSG00000232072	221
ENSG00000232085	12
ENSG00000232120	32
ENSG00000232121	2
ENSG00000232124	6
ENSG00000232130	56
ENSG00000232140	7
ENSG00000232153	278
ENSG00000232188	8
ENSG00000232193	14
ENSG00000232194	1
ENSG00000232197	5
ENSG00000232200	3
ENSG00000232211	122
ENSG00000232227	0
ENSG00000232234	117
ENSG00000232245	12
ENSG00000232252	119
ENSG00000232271	166
ENSG00000232286	4
ENSG00000232290	24
ENSG00000232294	51
ENSG00000232295	1041
ENSG00000232299	4
ENSG00000232306	11
ENSG00000232325	32
ENSG00000232328	120
ENSG00000232347	181
ENSG00000232353	16
ENSG00000232358	2
ENSG00000232359	27
ENSG00000232360	3
ENSG00000232363	42
ENSG00000232386	2
ENSG00000232394	0
ENSG00000232408	14
ENSG00000232413	158
ENSG00000232436	9
ENSG00000232444	2
ENSG00000232451	275
ENSG00000232464	11
ENSG00000232465	29
ENSG00000232470	20
ENSG00000232494	20
ENSG00000232500	0
ENSG00000232512	8
ENSG00000232519	5
ENSG00000232524	6
ENSG00000232529	0
ENSG00000232537	358
ENSG00000232555	662
ENSG00000232557	7
ENSG00000232581	40
ENSG00000232590	36
ENSG00000232597	0
ENSG00000232598	4
ENSG00000232604	5
ENSG00000232611	3851
ENSG00000232628	14
ENSG00000232640	5
ENSG00000232642	15
ENSG00000232667	159
ENSG00000232680	30
ENSG00000232682	37
ENSG00000232692	72
ENSG00000232710	30
ENSG00000232719	6
ENSG00000232721	6
ENSG00000232732	184
ENSG00000232738	6
ENSG00000232748	32
ENSG00000232749	1
ENSG00000232754	109
ENSG00000232762	4
ENSG00000232806	7
ENSG00000232807	44
ENSG00000232811	35
ENSG00000232821	5
ENSG00000232828	725
ENSG00000232835	4
ENSG00000232876	8
ENSG00000232884	154
ENSG00000232886	314
ENSG00000232895	106
ENSG00000232896	28
ENSG00000232900	46
ENSG00000232909	3
ENSG00000232930	106
ENSG00000232934	134
ENSG00000232969	8
ENSG00000232971	0
ENSG00000232978	16
ENSG00000232985	2
ENSG00000232986	5
ENSG00000232993	23
ENSG00000233005	733
ENSG00000233017	44
ENSG00000233060	92
ENSG00000233064	142
ENSG00000233068	69
ENSG00000233069	1
ENSG00000233081	9
ENSG00000233082	6
ENSG00000233085	1
ENSG00000233096	3
ENSG00000233103	9
ENSG00000233138	9
ENSG00000233144	19
ENSG00000233178	91
ENSG00000233179	3
ENSG00000233183	31
ENSG00000233191	4
ENSG00000233193	5
ENSG00000233214	9
ENSG00000233219	10
ENSG00000233222	2
ENSG00000233230	111
ENSG00000233234	0
ENSG00000233242	21
ENSG00000233251	126
ENSG00000233256	11
ENSG00000233258	0
ENSG00000233271	10
ENSG00000233288	7
ENSG00000233290	1034
ENSG00000233330	16
ENSG00000233332	4
ENSG00000233339	17
ENSG00000233340	15
ENSG00000233342	187
ENSG00000233358	871
ENSG00000233363	10
ENSG00000233365	35
ENSG00000233393	9
ENSG00000233397	3
ENSG00000233403	32
ENSG00000233407	69
ENSG00000233408	1
ENSG00000233415	9
ENSG00000233417	71
ENSG00000233420	982
ENSG00000233423	25
ENSG00000233424	4
ENSG00000233427	12
ENSG00000233470	55
ENSG00000233472	44
ENSG00000233478	59
ENSG00000233479	4
ENSG00000233502	6
ENSG00000233516	5
ENSG00000233519	4
ENSG00000233535	68
ENSG00000233538	6
ENSG00000233539	135
ENSG00000233542	5
ENSG00000233547	106
ENSG00000233553	68
ENSG00000233569	29
ENSG00000233571	249
ENSG00000233574	4
ENSG00000233577	5
ENSG00000233616	10
ENSG00000233625	3
ENSG00000233633	25
ENSG00000233635	425
ENSG00000233645	4
ENSG00000233651	1
ENSG00000233665	149
ENSG00000233689	141
ENSG00000233706	4
ENSG00000233714	12
ENSG00000233721	6
ENSG00000233728	2
ENSG00000233735	8
ENSG00000233739	108
ENSG00000233754	6
ENSG00000233755	72
ENSG00000233775	7
ENSG00000233783	90
ENSG00000233817	9
ENSG00000233823	0
ENSG00000233824	2
ENSG00000233835	3
ENSG00000233842	66
ENSG00000233845	15
ENSG00000233848	99
ENSG00000233849	13
ENSG00000233862	293
ENSG00000233875	17
ENSG00000233884	4
ENSG00000233912	283
ENSG00000233919	4
ENSG00000233920	25
ENSG00000233928	6943
ENSG00000233936	36
ENSG00000233941	2
ENSG00000233942	5
ENSG00000233953	10
ENSG00000233960	19
ENSG00000233967	1397
ENSG00000233969	17
ENSG00000233970	1
ENSG00000233977	0
ENSG00000233981	0
ENSG00000233987	9
ENSG00000234019	7
ENSG00000234021	41
ENSG00000234022	35
ENSG00000234026	59
ENSG00000234034	151
ENSG00000234050	1
ENSG00000234055	5
ENSG00000234083	59
ENSG00000234084	11
ENSG00000234089	11
ENSG00000234105	15
ENSG00000234116	0
ENSG00000234117	1
ENSG00000234132	20
ENSG00000234136	9
ENSG00000234139	342
ENSG00000234141	7
ENSG00000234147	919
ENSG00000234149	90
ENSG00000234156	492
ENSG00000234160	31
ENSG00000234162	223
ENSG00000234172	96
ENSG00000234173	293
ENSG00000234174	4
ENSG00000234182	3
ENSG00000234185	275
ENSG00000234190	5
ENSG00000234203	40
ENSG00000234206	6
ENSG00000234210	73
ENSG00000234211	0
ENSG00000234223	216
ENSG00000234225	0
ENSG00000234238	118
ENSG00000234244	41
ENSG00000234255	65
ENSG00000234261	2504
ENSG00000234273	65
ENSG00000234275	155
ENSG00000234286	9
ENSG00000234296	1
ENSG00000234306	3
ENSG00000234318	7
ENSG00000234352	1197
ENSG00000234361	6
ENSG00000234378	287
ENSG00000234393	18
ENSG00000234396	208
ENSG00000234405	305
ENSG00000234418	245
ENSG00000234426	273
ENSG00000234427	1
ENSG00000234428	60
ENSG00000234446	75
ENSG00000234455	16
ENSG00000234459	18
ENSG00000234464	997
ENSG00000234471	46
ENSG00000234477	531
ENSG00000234481	1
ENSG00000234484	3
ENSG00000234519	3
ENSG00000234535	2
ENSG00000234540	14
ENSG00000234542	20
ENSG00000234578	2
ENSG00000234579	0
ENSG00000234580	6
ENSG00000234584	234
ENSG00000234597	35
ENSG00000234613	2
ENSG00000234630	0
ENSG00000234638	41
ENSG00000234640	33
ENSG00000234646	7
ENSG00000234647	26
ENSG00000234675	1
ENSG00000234686	11
ENSG00000234692	11
ENSG00000234698	23
ENSG00000234699	33
ENSG00000234710	250
ENSG00000234712	6
ENSG00000234714	26
ENSG00000234730	59
ENSG00000234763	31
ENSG00000234768	14
ENSG00000234793	14
ENSG00000234796	13
ENSG00000234810	1272
ENSG00000234818	25
ENSG00000234826	116
ENSG00000234848	35
ENSG00000234859	144
ENSG00000234860	61
ENSG00000234862	29
ENSG00000234877	1
ENSG00000234891	1
ENSG00000234892	13
ENSG00000234900	34
ENSG00000234902	166
ENSG00000234915	278
ENSG00000234917	19
ENSG00000234921	2
ENSG00000234929	80
ENSG00000234936	108
ENSG00000234938	17
ENSG00000234940	0
ENSG00000234943	7
ENSG00000234953	77
ENSG00000234961	20
ENSG00000234967	2
ENSG00000234977	0
ENSG00000234979	4
ENSG00000234998	501
ENSG00000235005	4
ENSG00000235007	1058
ENSG00000235011	0
ENSG00000235021	8
ENSG00000235023	41
ENSG00000235038	65
ENSG00000235047	9
ENSG00000235052	3
ENSG00000235056	87
ENSG00000235059	6
ENSG00000235066	162
ENSG00000235070	27
ENSG00000235077	115
ENSG00000235078	44
ENSG00000235085	106
ENSG00000235091	45
ENSG00000235096	43
ENSG00000235099	46
ENSG00000235100	457
ENSG00000235119	65
ENSG00000235122	253
ENSG00000235126	18
ENSG00000235138	21
ENSG00000235140	306
ENSG00000235143	4
ENSG00000235146	3
ENSG00000235151	3
ENSG00000235152	59
ENSG00000235154	41
ENSG00000235158	150
ENSG00000235168	13
ENSG00000235189	641
ENSG00000235192	191
ENSG00000235198	8
ENSG00000235204	17
ENSG00000235209	69
ENSG00000235215	42
ENSG00000235236	17
ENSG00000235242	0
ENSG00000235263	0
ENSG00000235277	38
ENSG00000235281	255
ENSG00000235288	133
ENSG00000235292	98
ENSG00000235293	0
ENSG00000235296	48
ENSG00000235303	48
ENSG00000235356	78
ENSG00000235381	133
ENSG00000235399	1
ENSG00000235403	9
ENSG00000235415	173
ENSG00000235419	124
ENSG00000235426	121
ENSG00000235427	11
ENSG00000235431	116
ENSG00000235435	31
ENSG00000235450	1440
ENSG00000235461	51
ENSG00000235464	10
ENSG00000235480	32
ENSG00000235494	30
ENSG00000235495	323
ENSG00000235503	4
ENSG00000235523	2
ENSG00000235526	0
ENSG00000235533	30
ENSG00000235537	39
ENSG00000235538	166
ENSG00000235563	14
ENSG00000235564	4
ENSG00000235572	18
ENSG00000235575	70
ENSG00000235584	7
ENSG00000235609	1008
ENSG00000235610	4
ENSG00000235612	11
ENSG00000235615	33
ENSG00000235625	0
ENSG00000235637	9
ENSG00000235659	9
ENSG00000235726	1485
ENSG00000235728	0
ENSG00000235743	67
ENSG00000235749	533
ENSG00000235772	5
ENSG00000235774	46
ENSG00000235779	20
ENSG00000235795	6
ENSG00000235806	36
ENSG00000235815	17
ENSG00000235819	136
ENSG00000235820	5
ENSG00000235837	57
ENSG00000235840	10
ENSG00000235852	16
ENSG00000235862	4
ENSG00000235872	32
ENSG00000235880	17
ENSG00000235881	4
ENSG00000235902	68
ENSG00000235911	4
ENSG00000235939	168
ENSG00000235965	0
ENSG00000235978	1268
ENSG00000235979	1757
ENSG00000235994	7
ENSG00000235996	5
ENSG00000236003	0
ENSG00000236009	2
ENSG00000236022	1
ENSG00000236031	7
ENSG00000236046	1
ENSG00000236064	179
ENSG00000236069	19
ENSG00000236098	9
ENSG00000236106	2
ENSG00000236109	45
ENSG00000236115	6
ENSG00000236119	19
ENSG00000236129	5
ENSG00000236140	4
ENSG00000236141	10
ENSG00000236145	4
ENSG00000236151	2
ENSG00000236154	10
ENSG00000236162	6
ENSG00000236164	1
ENSG00000236173	0
ENSG00000236206	69
ENSG00000236209	48
ENSG00000236212	107
ENSG00000236226	0
ENSG00000236230	606
ENSG00000236231	4
ENSG00000236234	37
ENSG00000236255	205
ENSG00000236263	6
ENSG00000236266	240
ENSG00000236283	2468
ENSG00000236295	4
ENSG00000236299	8
ENSG00000236308	12
ENSG00000236326	1
ENSG00000236332	96
ENSG00000236335	0
ENSG00000236341	23
ENSG00000236347	33
ENSG00000236356	128
ENSG00000236358	141
ENSG00000236364	26
ENSG00000236366	205
ENSG00000236372	6
ENSG00000236376	19
ENSG00000236378	3
ENSG00000236385	16
ENSG00000236387	12
ENSG00000236389	1
ENSG00000236390	5
ENSG00000236394	4
ENSG00000236403	5
ENSG00000236414	7
ENSG00000236434	15
ENSG00000236449	643
ENSG00000236451	1195
ENSG00000236453	224
ENSG00000236461	25
ENSG00000236469	122
ENSG00000236472	46
ENSG00000236494	6
ENSG00000236495	64
ENSG00000236498	78
ENSG00000236501	208
ENSG00000236507	4
ENSG00000236513	0
ENSG00000236528	36
ENSG00000236531	32
ENSG00000236536	40
ENSG00000236543	9
ENSG00000236545	0
ENSG00000236556	0
ENSG00000236572	9
ENSG00000236601	159
ENSG00000236605	2
ENSG00000236627	63
ENSG00000236634	2
ENSG00000236641	0
ENSG00000236643	29
ENSG00000236656	9
ENSG00000236665	1
ENSG00000236673	21
ENSG00000236676	156
ENSG00000236687	4
ENSG00000236723	148
ENSG00000236724	8
ENSG00000236733	80
ENSG00000236754	17
ENSG00000236760	215
ENSG00000236772	15
ENSG00000236800	105
ENSG00000236817	124
ENSG00000236833	123
ENSG00000236837	4
ENSG00000236838	0
ENSG00000236841	12
ENSG00000236842	7
ENSG00000236846	4
ENSG00000236856	16
ENSG00000236858	7
ENSG00000236864	15
ENSG00000236874	5
ENSG00000236883	7
ENSG00000236885	102
ENSG00000236889	3
ENSG00000236892	35
ENSG00000236896	3
ENSG00000236897	1
ENSG00000236920	3
ENSG00000236921	19
ENSG00000236924	312
ENSG00000236935	125
ENSG00000236936	3
ENSG00000236938	8
ENSG00000236948	151
ENSG00000236951	10
ENSG00000236961	71
ENSG00000236968	9
ENSG00000236985	3
ENSG00000236986	217
ENSG00000236989	92
ENSG00000236990	91
ENSG00000237002	3
ENSG00000237011	3
ENSG00000237015	24
ENSG00000237019	131
ENSG00000237031	197
ENSG00000237035	6
ENSG00000237062	0
ENSG00000237063	13
ENSG00000237076	81
ENSG00000237087	1
ENSG00000237101	152
ENSG00000237126	109
ENSG00000237153	493
ENSG00000237167	62
ENSG00000237188	1680
ENSG00000237208	2
ENSG00000237220	5
ENSG00000237224	8
ENSG00000237234	108
ENSG00000237250	241
ENSG00000237262	0
ENSG00000237271	13
ENSG00000237283	35
ENSG00000237293	5
ENSG00000237301	223
ENSG00000237311	153
ENSG00000237312	162
ENSG00000237316	16
ENSG00000237320	2
ENSG00000237324	70
ENSG00000237326	6
ENSG00000237342	0
ENSG00000237343	5
ENSG00000237346	5
ENSG00000237356	6059
ENSG00000237370	2
ENSG00000237377	2
ENSG00000237385	2
ENSG00000237387	6
ENSG00000237390	14
ENSG00000237400	40
ENSG00000237414	13
ENSG00000237419	2
ENSG00000237422	117
ENSG00000237429	106
ENSG00000237445	5
ENSG00000237453	5
ENSG00000237464	6
ENSG00000237473	177
ENSG00000237477	35
ENSG00000237479	2
ENSG00000237480	350
ENSG00000237481	75
ENSG00000237498	115
ENSG00000237500	1
ENSG00000237525	397
ENSG00000237527	318
ENSG00000237529	137
ENSG00000237530	10
ENSG00000237532	8
ENSG00000237568	27
ENSG00000237581	5
ENSG00000237588	17
ENSG00000237612	41
ENSG00000237614	7
ENSG00000237626	418
ENSG00000237633	33
ENSG00000237640	105
ENSG00000237685	16
ENSG00000237689	0
ENSG00000237699	5
ENSG00000237707	2
ENSG00000237713	62
ENSG00000237716	4
ENSG00000237718	6
ENSG00000237720	279
ENSG00000237734	11
ENSG00000237735	1218
ENSG00000237741	2
ENSG00000237756	2
ENSG00000237759	0
ENSG00000237760	47
ENSG00000237761	74
ENSG00000237768	154
ENSG00000237773	2076
ENSG00000237832	0
ENSG00000237843	74
ENSG00000237845	1
ENSG00000237851	18
ENSG00000237856	0
ENSG00000237874	13
ENSG00000237896	14
ENSG00000237899	122
ENSG00000237921	6
ENSG00000237934	2
ENSG00000237947	3
ENSG00000237954	42
ENSG00000237987	5
ENSG00000237993	6
ENSG00000238004	0
ENSG00000238009	69
ENSG00000238012	6
ENSG00000238031	3
ENSG00000238034	48
ENSG00000238035	104
ENSG00000238043	59
ENSG00000238054	9
ENSG00000238102	0
ENSG00000238122	3
ENSG00000238129	4
ENSG00000238140	4
ENSG00000238142	28
ENSG00000238156	14
ENSG00000238171	12
ENSG00000238176	43
ENSG00000238186	2
ENSG00000238192	0
ENSG00000238195	0
ENSG00000238207	85
ENSG00000238221	177
ENSG00000238258	8
ENSG00000238260	123
ENSG00000238270	1
ENSG00000238272	51
ENSG00000238273	79
ENSG00000238277	5
ENSG00000238279	19
ENSG00000238280	212
ENSG00000238282	37
ENSG00000239300	190
ENSG00000239311	52
ENSG00000239381	302
ENSG00000239395	5
ENSG00000239407	748
ENSG00000239462	321
ENSG00000239480	33
ENSG00000239482	265
ENSG00000239498	2109
ENSG00000239572	263
ENSG00000239593	2
ENSG00000239628	21
ENSG00000239661	0
ENSG00000239674	1
ENSG00000239715	8
ENSG00000239739	0
ENSG00000239767	42
ENSG00000239791	101
ENSG00000239906	9
ENSG00000239920	2743
ENSG00000239922	150
ENSG00000239991	10
ENSG00000239994	12
ENSG00000240033	32
ENSG00000240040	168
ENSG00000240056	3
ENSG00000240086	459
ENSG00000240093	226
ENSG00000240095	43
ENSG00000240143	4
ENSG00000240240	448
ENSG00000240241	19
ENSG00000240354	4
ENSG00000240355	0
ENSG00000240401	827
ENSG00000240440	9
ENSG00000240478	54
ENSG00000240497	78
ENSG00000240499	398
ENSG00000240521	233
ENSG00000240553	726
ENSG00000240571	173
ENSG00000240573	5
ENSG00000240687	335
ENSG00000240710	75
ENSG00000240792	31
ENSG00000240842	6
ENSG00000240895	0
ENSG00000240915	0
ENSG00000240963	1082
ENSG00000240980	5
ENSG00000241042	1
ENSG00000241048	46
ENSG00000241054	0
ENSG00000241059	0
ENSG00000241168	299
ENSG00000241169	46
ENSG00000241231	102
ENSG00000241317	0
ENSG00000241324	39
ENSG00000241345	136
ENSG00000241357	17
ENSG00000241409	41
ENSG00000241449	141
ENSG00000241489	60
ENSG00000241490	22
ENSG00000241505	23
ENSG00000241525	28
ENSG00000241577	31
ENSG00000241593	125
ENSG00000241666	10
ENSG00000241667	1
ENSG00000241679	46
ENSG00000241690	0
ENSG00000241754	71
ENSG00000241770	57
ENSG00000241772	128
ENSG00000241792	16
ENSG00000241860	137
ENSG00000241881	0
ENSG00000241882	24
ENSG00000241884	20
ENSG00000241912	2
ENSG00000241921	61
ENSG00000241954	2
ENSG00000241962	3885
ENSG00000242009	133
ENSG00000242012	4
ENSG00000242021	358
ENSG00000242029	521
ENSG00000242072	53
ENSG00000242078	18
ENSG00000242136	15
ENSG00000242145	1
ENSG00000242190	2
ENSG00000242282	1
ENSG00000242317	107
ENSG00000242375	53
ENSG00000242396	278
ENSG00000242407	0
ENSG00000242539	116
ENSG00000242540	35
ENSG00000242545	36
ENSG00000242553	68
ENSG00000242568	9
ENSG00000242578	24
ENSG00000242588	23965
ENSG00000242593	1200
ENSG00000242611	2
ENSG00000242628	85
ENSG00000242659	6
ENSG00000242753	95
ENSG00000242775	2
ENSG00000242790	6
ENSG00000242798	114
ENSG00000242816	82
ENSG00000242828	106
ENSG00000242861	1499
ENSG00000242880	1079
ENSG00000243008	299
ENSG00000243018	35
ENSG00000243062	42
ENSG00000243081	26
ENSG00000243089	109
ENSG00000243155	474
ENSG00000243176	4589
ENSG00000243230	8
ENSG00000243243	22
ENSG00000243276	1489
ENSG00000243296	5
ENSG00000243305	479
ENSG00000243349	30
ENSG00000243384	13
ENSG00000243389	526
ENSG00000243415	142
ENSG00000243433	11
ENSG00000243486	100
ENSG00000243491	37
ENSG00000243501	124
ENSG00000243574	18
ENSG00000243613	31
ENSG00000243636	12
ENSG00000243655	2
ENSG00000243696	26
ENSG00000243733	0
ENSG00000243762	84
ENSG00000243797	875
ENSG00000243861	23
ENSG00000243885	4
ENSG00000243903	3
ENSG00000243944	347
ENSG00000243953	0
ENSG00000243960	163
ENSG00000243969	66
ENSG00000244055	1678
ENSG00000244063	6
ENSG00000244125	18
ENSG00000244151	31
ENSG00000244268	38
ENSG00000244278	12
ENSG00000244310	6
ENSG00000244337	11
ENSG00000244345	128
ENSG00000244349	18
ENSG00000244358	202
ENSG00000244380	105
ENSG00000244459	26
ENSG00000244464	100
ENSG00000244545	6
ENSG00000244550	5
ENSG00000244650	105
ENSG00000244675	2
ENSG00000244676	126
ENSG00000244701	603
ENSG00000244706	112
ENSG00000244733	64
ENSG00000244757	212
ENSG00000244791	3
ENSG00000244953	22
ENSG00000245008	125
ENSG00000245156	36
ENSG00000245482	110
ENSG00000245667	15
ENSG00000245768	1429
ENSG00000245869	59
ENSG00000246090	9300
ENSG00000246225	812
ENSG00000246250	154
ENSG00000246308	116
ENSG00000246331	0
ENSG00000246465	36
ENSG00000247011	51
ENSG00000247033	17
ENSG00000247121	2037
ENSG00000247130	81
ENSG00000247134	881
ENSG00000247228	157
ENSG00000247311	218
ENSG00000247324	17
ENSG00000247372	81
ENSG00000247679	150
ENSG00000247765	147
ENSG00000247810	176
ENSG00000247925	1563
ENSG00000247934	182
ENSG00000247970	584
ENSG00000248029	3
ENSG00000248100	8
ENSG00000248101	3
ENSG00000248103	72
ENSG00000248112	1
ENSG00000248125	27
ENSG00000248137	5
ENSG00000248145	40
ENSG00000248148	39
ENSG00000248165	77
ENSG00000248172	63
ENSG00000248176	98
ENSG00000248199	35
ENSG00000248203	18
ENSG00000248223	0
ENSG00000248235	16
ENSG00000248240	42
ENSG00000248242	3681
ENSG00000248254	6
ENSG00000248261	8
ENSG00000248262	11
ENSG00000248285	23
ENSG00000248296	99
ENSG00000248317	62
ENSG00000248346	15
ENSG00000248356	48
ENSG00000248358	4
ENSG00000248359	214
ENSG00000248363	9
ENSG00000248367	224
ENSG00000248369	37
ENSG00000248373	535
ENSG00000248417	1
ENSG00000248428	38
ENSG00000248431	388
ENSG00000248434	20
ENSG00000248440	3
ENSG00000248458	23
ENSG00000248468	50
ENSG00000248469	20
ENSG00000248479	4
ENSG00000248482	14
ENSG00000248484	39
ENSG00000248490	51
ENSG00000248491	491
ENSG00000248514	15
ENSG00000248516	23
ENSG00000248525	3
ENSG00000248533	55
ENSG00000248540	153
ENSG00000248545	338
ENSG00000248551	83
ENSG00000248559	123
ENSG00000248567	2
ENSG00000248576	20
ENSG00000248588	29
ENSG00000248596	156
ENSG00000248597	4
ENSG00000248600	12
ENSG00000248601	214
ENSG00000248605	31
ENSG00000248607	0
ENSG00000248627	7
ENSG00000248629	2
ENSG00000248646	123
ENSG00000248647	112
ENSG00000248656	420
ENSG00000248664	360
ENSG00000248694	2
ENSG00000248701	2
ENSG00000248709	8
ENSG00000248733	14
ENSG00000248734	40
ENSG00000248736	20
ENSG00000248744	16
ENSG00000248747	30
ENSG00000248749	34
ENSG00000248751	18
ENSG00000248752	2828
ENSG00000248758	17
ENSG00000248762	130
ENSG00000248774	161
ENSG00000248779	73
ENSG00000248783	23
ENSG00000248802	109
ENSG00000248816	66
ENSG00000248837	349
ENSG00000248842	6
ENSG00000248870	0
ENSG00000248912	26
ENSG00000248918	3
ENSG00000248927	14
ENSG00000248935	15
ENSG00000248936	13
ENSG00000248939	117
ENSG00000248949	23
ENSG00000248954	121
ENSG00000248964	100
ENSG00000248965	17
ENSG00000248968	4
ENSG00000248973	826
ENSG00000248975	129
ENSG00000248984	7
ENSG00000248991	23
ENSG00000248993	62
ENSG00000248994	1684
ENSG00000249000	239
ENSG00000249016	1
ENSG00000249021	9
ENSG00000249022	80
ENSG00000249036	99
ENSG00000249052	7
ENSG00000249061	490
ENSG00000249091	6
ENSG00000249094	92
ENSG00000249099	17
ENSG00000249100	3
ENSG00000249102	71
ENSG00000249109	8
ENSG00000249111	23
ENSG00000249125	12
ENSG00000249141	287
ENSG00000249150	27
ENSG00000249169	8
ENSG00000249171	146
ENSG00000249174	179
ENSG00000249180	18
ENSG00000249184	25
ENSG00000249198	2
ENSG00000249199	15
ENSG00000249209	1011
ENSG00000249225	44
ENSG00000249228	6
ENSG00000249234	10
ENSG00000249240	1074
ENSG00000249258	199
ENSG00000249261	0
ENSG00000249269	28
ENSG00000249275	13
ENSG00000249276	18
ENSG00000249290	107
ENSG00000249295	88
ENSG00000249304	0
ENSG00000249309	3
ENSG00000249318	7
ENSG00000249319	634
ENSG00000249328	347
ENSG00000249335	1027
ENSG00000249349	3
ENSG00000249359	9
ENSG00000249392	73
ENSG00000249403	0
ENSG00000249404	1
ENSG00000249405	0
ENSG00000249409	24
ENSG00000249413	397
ENSG00000249417	215
ENSG00000249426	58
ENSG00000249429	49
ENSG00000249441	62
ENSG00000249451	16
ENSG00000249456	6538
ENSG00000249474	0
ENSG00000249476	705
ENSG00000249478	13
ENSG00000249483	17
ENSG00000249492	498
ENSG00000249513	22
ENSG00000249526	524
ENSG00000249547	574
ENSG00000249568	5
ENSG00000249574	38
ENSG00000249588	28
ENSG00000249590	0
ENSG00000249602	46
ENSG00000249609	25
ENSG00000249631	1308
ENSG00000249635	443
ENSG00000249638	0
ENSG00000249642	164
ENSG00000249658	3
ENSG00000249664	4
ENSG00000249675	452
ENSG00000249678	98
ENSG00000249685	94
ENSG00000249697	14
ENSG00000249708	0
ENSG00000249722	0
ENSG00000249725	30
ENSG00000249727	6
ENSG00000249737	8
ENSG00000249742	22
ENSG00000249743	204
ENSG00000249746	1
ENSG00000249752	50
ENSG00000249753	182
ENSG00000249773	243
ENSG00000249776	1360
ENSG00000249782	58
ENSG00000249787	253
ENSG00000249791	0
ENSG00000249792	0
ENSG00000249803	38
ENSG00000249807	5
ENSG00000249818	45
ENSG00000249831	6
ENSG00000249837	240
ENSG00000249856	402
ENSG00000249857	1
ENSG00000249865	7
ENSG00000249868	91
ENSG00000249870	225
ENSG00000249875	56
ENSG00000249877	4
ENSG00000249881	328
ENSG00000249883	253
ENSG00000249892	15
ENSG00000249924	1
ENSG00000249926	0
ENSG00000249941	26
ENSG00000249942	136
ENSG00000249945	36
ENSG00000249951	135
ENSG00000249959	13
ENSG00000249967	108
ENSG00000249971	7
ENSG00000249981	1
ENSG00000249982	3
ENSG00000249984	32
ENSG00000249988	203
ENSG00000249994	8
ENSG00000249998	233
ENSG00000250015	32
ENSG00000250024	10
ENSG00000250025	204
ENSG00000250032	12
ENSG00000250034	14
ENSG00000250038	82
ENSG00000250041	58
ENSG00000250043	140
ENSG00000250046	33
ENSG00000250049	2729
ENSG00000250057	211
ENSG00000250064	599
ENSG00000250066	7
ENSG00000250075	1081
ENSG00000250078	1
ENSG00000250081	24
ENSG00000250098	45
ENSG00000250101	1709
ENSG00000250122	4
ENSG00000250126	10
ENSG00000250132	31
ENSG00000250137	393
ENSG00000250149	650
ENSG00000250150	0
ENSG00000250173	4
ENSG00000250180	20
ENSG00000250193	3
ENSG00000250195	2467
ENSG00000250230	44
ENSG00000250234	9
ENSG00000250237	658
ENSG00000250240	194
ENSG00000250242	0
ENSG00000250256	424
ENSG00000250259	10
ENSG00000250260	5
ENSG00000250264	9
ENSG00000250267	31
ENSG00000250274	27
ENSG00000250284	25
ENSG00000250286	81
ENSG00000250310	10
ENSG00000250333	124
ENSG00000250338	1
ENSG00000250349	1350
ENSG00000250360	5
ENSG00000250362	29
ENSG00000250371	179
ENSG00000250375	16
ENSG00000250379	28
ENSG00000250383	11
ENSG00000250390	45
ENSG00000250397	66
ENSG00000250406	28
ENSG00000250418	3
ENSG00000250421	4265
ENSG00000250424	284
ENSG00000250431	5
ENSG00000250438	2
ENSG00000250453	429
ENSG00000250481	84
ENSG00000250493	115
ENSG00000250501	209
ENSG00000250503	0
ENSG00000250509	28
ENSG00000250511	19
ENSG00000250519	193
ENSG00000250524	26
ENSG00000250532	33
ENSG00000250541	26
ENSG00000250543	0
ENSG00000250567	1
ENSG00000250572	7
ENSG00000250576	0
ENSG00000250583	5
ENSG00000250597	17
ENSG00000250604	59
ENSG00000250614	14
ENSG00000250623	10
ENSG00000250626	25
ENSG00000250629	7
ENSG00000250643	145
ENSG00000250644	21
ENSG00000250657	0
ENSG00000250658	19
ENSG00000250659	28
ENSG00000250665	11
ENSG00000250694	2
ENSG00000250697	1349
ENSG00000250699	96
ENSG00000250704	1
ENSG00000250706	61
ENSG00000250723	320
ENSG00000250734	1556
ENSG00000250735	28
ENSG00000250751	62
ENSG00000250764	625
ENSG00000250775	58
ENSG00000250777	65
ENSG00000250781	271
ENSG00000250791	61
ENSG00000250806	2
ENSG00000250820	504
ENSG00000250829	4
ENSG00000250831	2
ENSG00000250838	32
ENSG00000250842	1963
ENSG00000250850	21
ENSG00000250855	49
ENSG00000250863	74
ENSG00000250865	4
ENSG00000250874	0
ENSG00000250882	5
ENSG00000250887	1
ENSG00000250899	22
ENSG00000250908	1
ENSG00000250915	3
ENSG00000250917	433
ENSG00000250920	8
ENSG00000250934	114
ENSG00000250945	43
ENSG00000250949	7
ENSG00000250950	39
ENSG00000250954	322
ENSG00000250955	24
ENSG00000250969	301
ENSG00000250971	107
ENSG00000250976	1
ENSG00000250977	11
ENSG00000250978	14
ENSG00000250992	2
ENSG00000250993	129
ENSG00000250994	286
ENSG00000250999	159
ENSG00000251009	6
ENSG00000251010	4
ENSG00000251012	39
ENSG00000251031	1657
ENSG00000251033	35
ENSG00000251034	1444
ENSG00000251048	2
ENSG00000251049	3
ENSG00000251054	2
ENSG00000251055	20
ENSG00000251058	5
ENSG00000251080	8
ENSG00000251088	358
ENSG00000251125	11
ENSG00000251126	2
ENSG00000251127	7
ENSG00000251131	49
ENSG00000251132	4
ENSG00000251139	32
ENSG00000251152	104
ENSG00000251161	24
ENSG00000251168	1
ENSG00000251170	311
ENSG00000251184	79
ENSG00000251185	121
ENSG00000251189	1
ENSG00000251199	2099
ENSG00000251200	22
ENSG00000251205	122
ENSG00000251214	0
ENSG00000251216	146
ENSG00000251218	29
ENSG00000251239	17
ENSG00000251244	52
ENSG00000251248	5
ENSG00000251259	148
ENSG00000251264	8
ENSG00000251270	16
ENSG00000251293	77
ENSG00000251294	128
ENSG00000251310	4
ENSG00000251314	8335
ENSG00000251325	3
ENSG00000251330	6
ENSG00000251339	1581
ENSG00000251357	70
ENSG00000251361	65
ENSG00000251367	1
ENSG00000251371	9
ENSG00000251377	15
ENSG00000251387	9
ENSG00000251388	2858
ENSG00000251391	164
ENSG00000251393	155
ENSG00000251408	20
ENSG00000251409	82
ENSG00000251410	27
ENSG00000251412	62
ENSG00000251414	8
ENSG00000251416	71
ENSG00000251417	100
ENSG00000251421	3
ENSG00000251426	5
ENSG00000251434	15
ENSG00000251446	14
ENSG00000251448	45
ENSG00000251458	4
ENSG00000251459	8
ENSG00000251460	0
ENSG00000251461	39
ENSG00000251471	106
ENSG00000251488	398
ENSG00000251506	2
ENSG00000251510	12
ENSG00000251511	68
ENSG00000251527	0
ENSG00000251532	15
ENSG00000251537	93
ENSG00000251555	766
ENSG00000251556	152
ENSG00000251567	491
ENSG00000251569	31
ENSG00000251574	956
ENSG00000251598	1149
ENSG00000251599	23
ENSG00000251600	13932
ENSG00000251601	17
ENSG00000251613	695
ENSG00000251615	364
ENSG00000251616	9
ENSG00000251642	2
ENSG00000251652	1843
ENSG00000251654	164
ENSG00000251665	23
ENSG00000251670	120
ENSG00000251678	0
ENSG00000251679	8
ENSG00000251687	5
ENSG00000251867	81
ENSG00000253100	146
ENSG00000253105	84
ENSG00000253106	85
ENSG00000253108	459
ENSG00000253110	0
ENSG00000253112	9
ENSG00000253116	43
ENSG00000253121	2
ENSG00000253122	197
ENSG00000253130	29
ENSG00000253134	7
ENSG00000253141	35
ENSG00000253143	13
ENSG00000253154	116
ENSG00000253163	0
ENSG00000253164	78
ENSG00000253165	0
ENSG00000253168	12
ENSG00000253170	18
ENSG00000253171	89
ENSG00000253172	6
ENSG00000253177	20
ENSG00000253181	197
ENSG00000253184	125
ENSG00000253189	0
ENSG00000253190	41
ENSG00000253194	1172
ENSG00000253197	243
ENSG00000253200	203
ENSG00000253205	87
ENSG00000253206	30
ENSG00000253207	23
ENSG00000253214	51
ENSG00000253215	3
ENSG00000253217	122
ENSG00000253220	20
ENSG00000253235	19
ENSG00000253238	962
ENSG00000253252	5
ENSG00000253256	408
ENSG00000253260	31
ENSG00000253266	20
ENSG00000253269	3
ENSG00000253275	1
ENSG00000253282	17
ENSG00000253286	311
ENSG00000253287	12
ENSG00000253288	771
ENSG00000253295	165
ENSG00000253300	61
ENSG00000253308	3
ENSG00000253317	67
ENSG00000253321	0
ENSG00000253322	262
ENSG00000253331	302
ENSG00000253334	59
ENSG00000253335	15
ENSG00000253339	5
ENSG00000253342	0
ENSG00000253343	26
ENSG00000253344	144
ENSG00000253347	962
ENSG00000253348	287
ENSG00000253354	6
ENSG00000253356	51
ENSG00000253358	6
ENSG00000253363	568
ENSG00000253369	1097
ENSG00000253373	0
ENSG00000253374	28
ENSG00000253376	59
ENSG00000253377	210
ENSG00000253380	35
ENSG00000253381	10
ENSG00000253388	0
ENSG00000253389	5
ENSG00000253392	579
ENSG00000253396	0
ENSG00000253397	9
ENSG00000253398	59
ENSG00000253400	4
ENSG00000253407	6
ENSG00000253416	15
ENSG00000253424	13
ENSG00000253427	72
ENSG00000253432	6
ENSG00000253444	96
ENSG00000253445	34
ENSG00000253449	13
ENSG00000253452	562
ENSG00000253456	0
ENSG00000253469	2
ENSG00000253470	0
ENSG00000253471	279
ENSG00000253474	474
ENSG00000253476	205
ENSG00000253484	0
ENSG00000253496	612
ENSG00000253500	266
ENSG00000253503	234
ENSG00000253508	17
ENSG00000253510	4
ENSG00000253515	54
ENSG00000253519	19
ENSG00000253523	5
ENSG00000253524	159
ENSG00000253526	1
ENSG00000253527	4
ENSG00000253530	18
ENSG00000253538	4
ENSG00000253539	4
ENSG00000253553	7335
ENSG00000253557	350
ENSG00000253561	79
ENSG00000253562	2
ENSG00000253572	1
ENSG00000253573	230
ENSG00000253574	8
ENSG00000253576	3
ENSG00000253583	2
ENSG00000253585	5
ENSG00000253593	15
ENSG00000253596	8
ENSG00000253604	3
ENSG00000253607	131
ENSG00000253608	709
ENSG00000253613	39
ENSG00000253614	3
ENSG00000253619	364
ENSG00000253628	18
ENSG00000253629	8
ENSG00000253632	5
ENSG00000253634	415
ENSG00000253636	936
ENSG00000253642	813
ENSG00000253645	13
ENSG00000253648	23
ENSG00000253652	98
ENSG00000253653	17
ENSG00000253656	87
ENSG00000253659	68
ENSG00000253664	107
ENSG00000253666	54
ENSG00000253672	0
ENSG00000253673	96
ENSG00000253675	143
ENSG00000253678	2
ENSG00000253682	5
ENSG00000253687	31
ENSG00000253688	18
ENSG00000253690	259
ENSG00000253693	1357
ENSG00000253699	44
ENSG00000253706	150
ENSG00000253708	16
ENSG00000253713	2
ENSG00000253715	71
ENSG00000253717	59
ENSG00000253722	9
ENSG00000253728	0
ENSG00000253730	117
ENSG00000253735	55
ENSG00000253736	303
ENSG00000253737	2
ENSG00000253744	10
ENSG00000253745	6
ENSG00000253746	6
ENSG00000253749	2
ENSG00000253754	8
ENSG00000253762	3001
ENSG00000253766	369
ENSG00000253768	13
ENSG00000253774	33
ENSG00000253775	69
ENSG00000253776	48
ENSG00000253782	16
ENSG00000253783	11
ENSG00000253792	4
ENSG00000253796	664
ENSG00000253805	1
ENSG00000253806	3
ENSG00000253809	27
ENSG00000253811	8
ENSG00000253821	91
ENSG00000253824	225
ENSG00000253825	13
ENSG00000253829	11
ENSG00000253832	40
ENSG00000253834	15
ENSG00000253836	262
ENSG00000253844	175
ENSG00000253852	22
ENSG00000253853	3331
ENSG00000253855	32
ENSG00000253859	150
ENSG00000253865	23
ENSG00000253871	29
ENSG00000253875	376
ENSG00000253879	48
ENSG00000253880	351
ENSG00000253887	14
ENSG00000253888	102
ENSG00000253891	9
ENSG00000253892	2
ENSG00000253894	8
ENSG00000253896	2
ENSG00000253901	843
ENSG00000253903	2
ENSG00000253911	10
ENSG00000253917	217
ENSG00000253925	138
ENSG00000253926	44
ENSG00000253927	16
ENSG00000253932	6
ENSG00000253939	346
ENSG00000253947	0
ENSG00000253949	109
ENSG00000253956	11
ENSG00000253965	64
ENSG00000253968	84
ENSG00000253976	129
ENSG00000253979	0
ENSG00000253980	106
ENSG00000253983	442
ENSG00000253986	0
ENSG00000253988	19
ENSG00000253992	9
ENSG00000254000	0
ENSG00000254001	12
ENSG00000254002	58
ENSG00000254006	16
ENSG00000254007	12
ENSG00000254021	4
ENSG00000254024	1436
ENSG00000254028	6
ENSG00000254033	129
ENSG00000254035	544
ENSG00000254038	10
ENSG00000254039	66
ENSG00000254040	16
ENSG00000254043	2
ENSG00000254055	10
ENSG00000254057	19
ENSG00000254060	3
ENSG00000254084	94
ENSG00000254086	4
ENSG00000254089	42
ENSG00000254092	509
ENSG00000254099	49
ENSG00000254111	68
ENSG00000254113	9
ENSG00000254115	145
ENSG00000254129	137
ENSG00000254135	199
ENSG00000254136	44
ENSG00000254138	84
ENSG00000254143	71
ENSG00000254160	0
ENSG00000254162	9
ENSG00000254163	179
ENSG00000254164	3
ENSG00000254171	80
ENSG00000254177	14
ENSG00000254178	47
ENSG00000254180	1064
ENSG00000254186	2864
ENSG00000254192	16
ENSG00000254194	241
ENSG00000254201	2
ENSG00000254202	276
ENSG00000254204	0
ENSG00000254205	17
ENSG00000254208	0
ENSG00000254219	1
ENSG00000254222	81
ENSG00000254230	11
ENSG00000254236	3
ENSG00000254237	97
ENSG00000254238	6
ENSG00000254239	0
ENSG00000254242	149
ENSG00000254246	7
ENSG00000254248	31
ENSG00000254251	2573
ENSG00000254260	5
ENSG00000254261	46
ENSG00000254263	32
ENSG00000254277	71
ENSG00000254278	3
ENSG00000254288	300
ENSG00000254290	39
ENSG00000254291	0
ENSG00000254293	5
ENSG00000254295	35
ENSG00000254298	3
ENSG00000254302	92
ENSG00000254303	920
ENSG00000254306	89
ENSG00000254307	6
ENSG00000254315	2
ENSG00000254317	21
ENSG00000254321	12
ENSG00000254337	2
ENSG00000254339	33
ENSG00000254343	215
ENSG00000254347	13
ENSG00000254350	90
ENSG00000254361	363
ENSG00000254363	269
ENSG00000254365	35
ENSG00000254366	176
ENSG00000254367	165
ENSG00000254372	3
ENSG00000254380	89
ENSG00000254383	2
ENSG00000254391	12
ENSG00000254394	2826
ENSG00000254396	17
ENSG00000254397	22
ENSG00000254400	21
ENSG00000254404	83
ENSG00000254409	541
ENSG00000254420	456
ENSG00000254422	6
ENSG00000254429	0
ENSG00000254431	9
ENSG00000254432	0
ENSG00000254434	12
ENSG00000254443	22
ENSG00000254444	153
ENSG00000254447	240
ENSG00000254458	43
ENSG00000254459	631
ENSG00000254461	102
ENSG00000254467	6
ENSG00000254468	32
ENSG00000254477	21
ENSG00000254488	0
ENSG00000254499	5
ENSG00000254501	9
ENSG00000254510	337
ENSG00000254511	65
ENSG00000254519	36
ENSG00000254526	96
ENSG00000254533	10
ENSG00000254536	199
ENSG00000254538	338
ENSG00000254540	0
ENSG00000254545	6
ENSG00000254548	7
ENSG00000254551	15
ENSG00000254553	341
ENSG00000254557	8
ENSG00000254559	8
ENSG00000254561	293
ENSG00000254563	11
ENSG00000254566	0
ENSG00000254568	26
ENSG00000254571	53
ENSG00000254573	8
ENSG00000254574	6
ENSG00000254575	2
ENSG00000254578	12
ENSG00000254586	5
ENSG00000254587	837
ENSG00000254592	1
ENSG00000254599	3
ENSG00000254604	357
ENSG00000254605	30
ENSG00000254619	0
ENSG00000254625	4
ENSG00000254626	14
ENSG00000254631	306
ENSG00000254632	21
ENSG00000254639	4
ENSG00000254645	232
ENSG00000254648	42
ENSG00000254651	0
ENSG00000254653	13
ENSG00000254662	13
ENSG00000254664	167
ENSG00000254669	8
ENSG00000254673	32
ENSG00000254675	9
ENSG00000254686	9
ENSG00000254687	29
ENSG00000254688	3
ENSG00000254692	725
ENSG00000254695	221
ENSG00000254698	7
ENSG00000254705	7
ENSG00000254706	475
ENSG00000254707	4
ENSG00000254710	107
ENSG00000254718	39
ENSG00000254721	2
ENSG00000254731	373
ENSG00000254734	366
ENSG00000254741	10
ENSG00000254744	31
ENSG00000254746	18
ENSG00000254753	1
ENSG00000254754	0
ENSG00000254756	15
ENSG00000254757	524
ENSG00000254775	96
ENSG00000254777	1694
ENSG00000254787	222
ENSG00000254790	0
ENSG00000254802	7
ENSG00000254804	109
ENSG00000254810	17
ENSG00000254812	167
ENSG00000254814	6
ENSG00000254821	17
ENSG00000254830	5
ENSG00000254833	51
ENSG00000254836	1
ENSG00000254844	12
ENSG00000254846	19
ENSG00000254847	3
ENSG00000254859	49
ENSG00000254861	53
ENSG00000254864	6
ENSG00000254865	85
ENSG00000254873	13
ENSG00000254874	2
ENSG00000254878	21
ENSG00000254885	2
ENSG00000254898	24
ENSG00000254900	2
ENSG00000254905	10
ENSG00000254907	341
ENSG00000254910	5
ENSG00000254913	1
ENSG00000254919	9
ENSG00000254921	4
ENSG00000254927	27
ENSG00000254929	3607
ENSG00000254933	3
ENSG00000254942	6
ENSG00000254943	0
ENSG00000254951	394
ENSG00000254963	3
ENSG00000254964	2
ENSG00000254973	50
ENSG00000254975	50
ENSG00000254979	40
ENSG00000254980	32
ENSG00000254990	59
ENSG00000254991	16
ENSG00000255005	19
ENSG00000255021	74
ENSG00000255026	50
ENSG00000255028	370
ENSG00000255029	228
ENSG00000255031	274
ENSG00000255038	18
ENSG00000255041	67
ENSG00000255046	91
ENSG00000255050	22
ENSG00000255054	4
ENSG00000255060	0
ENSG00000255087	172
ENSG00000255091	0
ENSG00000255092	0
ENSG00000255094	57
ENSG00000255101	36
ENSG00000255102	280
ENSG00000255108	87
ENSG00000255118	7
ENSG00000255126	1
ENSG00000255130	179
ENSG00000255132	34
ENSG00000255139	371
ENSG00000255146	26
ENSG00000255148	2
ENSG00000255158	173
ENSG00000255160	160
ENSG00000255164	6
ENSG00000255173	10
ENSG00000255179	7
ENSG00000255182	256
ENSG00000255191	2
ENSG00000255201	21
ENSG00000255202	76
ENSG00000255206	12
ENSG00000255209	69
ENSG00000255216	64
ENSG00000255219	131
ENSG00000255224	28
ENSG00000255229	60
ENSG00000255233	6
ENSG00000255237	28
ENSG00000255241	29
ENSG00000255244	9
ENSG00000255250	305
ENSG00000255252	30
ENSG00000255260	1
ENSG00000255271	28
ENSG00000255272	12
ENSG00000255279	30
ENSG00000255289	6
ENSG00000255292	1100
ENSG00000255299	13
ENSG00000255301	12
ENSG00000255313	7
ENSG00000255314	199
ENSG00000255317	3
ENSG00000255320	113
ENSG00000255321	11
ENSG00000255328	15
ENSG00000255330	321
ENSG00000255339	368
ENSG00000255340	25
ENSG00000255343	3
ENSG00000255348	8
ENSG00000255357	21
ENSG00000255366	9
ENSG00000255367	979
ENSG00000255372	1
ENSG00000255375	9
ENSG00000255384	7
ENSG00000255389	109
ENSG00000255395	126
ENSG00000255402	2
ENSG00000255404	5
ENSG00000255410	95
ENSG00000255421	1
ENSG00000255422	183
ENSG00000255426	1
ENSG00000255429	28
ENSG00000255432	54
ENSG00000255438	22
ENSG00000255439	110
ENSG00000255446	24
ENSG00000255447	61
ENSG00000255448	9
ENSG00000255451	1
ENSG00000255456	2
ENSG00000255467	95
ENSG00000255470	63
ENSG00000255475	113
ENSG00000255476	542
ENSG00000255477	1
ENSG00000255478	23
ENSG00000255480	5
ENSG00000255482	77
ENSG00000255487	35
ENSG00000255491	200
ENSG00000255495	265
ENSG00000255496	380
ENSG00000255498	2
ENSG00000255506	90
ENSG00000255508	20
ENSG00000255516	13
ENSG00000255520	65
ENSG00000255523	21
ENSG00000255525	11
ENSG00000255528	22
ENSG00000255537	44
ENSG00000255548	2
ENSG00000255555	82
ENSG00000255557	116
ENSG00000255558	103
ENSG00000255565	8
ENSG00000255572	32
ENSG00000255580	52
ENSG00000255599	5
ENSG00000255621	201
ENSG00000255628	4
ENSG00000255629	5
ENSG00000255639	544
ENSG00000255641	8
ENSG00000255644	6
ENSG00000255648	148
ENSG00000255655	19
ENSG00000255663	76
ENSG00000255670	176
ENSG00000255671	3
ENSG00000255672	17
ENSG00000255680	32
ENSG00000255686	2
ENSG00000255689	69
ENSG00000255692	7
ENSG00000255723	400
ENSG00000255730	95
ENSG00000255741	12
ENSG00000255745	327
ENSG00000255775	20
ENSG00000255801	5
ENSG00000255829	35
ENSG00000255835	175
ENSG00000255839	3
ENSG00000255843	2
ENSG00000255845	8
ENSG00000255847	20
ENSG00000255856	46
ENSG00000255858	3
ENSG00000255872	1489
ENSG00000255882	6
ENSG00000255886	188
ENSG00000255910	2168
ENSG00000255916	3
ENSG00000255928	0
ENSG00000255931	54
ENSG00000255945	0
ENSG00000255946	396
ENSG00000255959	17
ENSG00000255983	114
ENSG00000256001	33
ENSG00000256013	20
ENSG00000256029	101
ENSG00000256034	7
ENSG00000256072	6
ENSG00000256084	7
ENSG00000256100	136
ENSG00000256116	301
ENSG00000256149	59
ENSG00000256152	28
ENSG00000256195	43
ENSG00000256196	27
ENSG00000256199	114
ENSG00000256206	135
ENSG00000256209	63
ENSG00000256218	0
ENSG00000256226	155
ENSG00000256237	35
ENSG00000256249	103
ENSG00000256250	21
ENSG00000256256	1
ENSG00000256258	6
ENSG00000256273	12
ENSG00000256281	0
ENSG00000256286	88
ENSG00000256298	9
ENSG00000256306	19
ENSG00000256311	98
ENSG00000256312	4
ENSG00000256314	4
ENSG00000256321	3
ENSG00000256349	5
ENSG00000256357	22
ENSG00000256364	10
ENSG00000256389	532
ENSG00000256403	8
ENSG00000256407	70
ENSG00000256417	365
ENSG00000256427	11
ENSG00000256433	39
ENSG00000256440	0
ENSG00000256442	4
ENSG00000256452	10
ENSG00000256458	10
ENSG00000256469	55
ENSG00000256473	0
ENSG00000256484	3
ENSG00000256504	6
ENSG00000256512	21
ENSG00000256513	2
ENSG00000256514	82
ENSG00000256538	74
ENSG00000256542	4
ENSG00000256566	698
ENSG00000256568	75
ENSG00000256569	6
ENSG00000256591	2328
ENSG00000256632	53
ENSG00000256646	54
ENSG00000256654	322
ENSG00000256658	105
ENSG00000256686	52
ENSG00000256694	0
ENSG00000256695	19
ENSG00000256705	21
ENSG00000256706	9
ENSG00000256732	12
ENSG00000256739	3
ENSG00000256747	2
ENSG00000256757	6
ENSG00000256783	7
ENSG00000256803	22
ENSG00000256814	5
ENSG00000256825	119
ENSG00000256861	7
ENSG00000256875	0
ENSG00000256884	18
ENSG00000256894	24
ENSG00000256897	11
ENSG00000256915	49
ENSG00000256928	3
ENSG00000256947	265
ENSG00000256950	3
ENSG00000256955	55
ENSG00000256966	229
ENSG00000256967	17
ENSG00000256972	12
ENSG00000257000	13
ENSG00000257004	90
ENSG00000257022	177
ENSG00000257027	539
ENSG00000257042	22
ENSG00000257045	3
ENSG00000257058	36
ENSG00000257060	5662
ENSG00000257062	45
ENSG00000257065	52
ENSG00000257083	63
ENSG00000257086	72
ENSG00000257096	1
ENSG00000257105	31
ENSG00000257120	4
ENSG00000257124	0
ENSG00000257165	111
ENSG00000257181	11
ENSG00000257191	127
ENSG00000257194	89
ENSG00000257202	7
ENSG00000257207	3
ENSG00000257221	22
ENSG00000257222	8
ENSG00000257226	7
ENSG00000257235	0
ENSG00000257239	612
ENSG00000257252	1508
ENSG00000257253	4
ENSG00000257256	88
ENSG00000257258	41
ENSG00000257262	21
ENSG00000257264	0
ENSG00000257265	89
ENSG00000257268	99
ENSG00000257270	31
ENSG00000257275	99
ENSG00000257277	222
ENSG00000257279	40
ENSG00000257283	66
ENSG00000257284	6
ENSG00000257286	81
ENSG00000257294	0
ENSG00000257322	3936
ENSG00000257325	2
ENSG00000257327	18
ENSG00000257329	1
ENSG00000257341	37
ENSG00000257355	54
ENSG00000257373	23
ENSG00000257379	181
ENSG00000257386	3
ENSG00000257390	41
ENSG00000257391	3
ENSG00000257395	1
ENSG00000257398	89
ENSG00000257407	59
ENSG00000257410	2
ENSG00000257411	20
ENSG00000257429	31
ENSG00000257431	5
ENSG00000257434	24
ENSG00000257435	4
ENSG00000257438	4
ENSG00000257449	31
ENSG00000257452	212
ENSG00000257454	70
ENSG00000257456	12
ENSG00000257458	96
ENSG00000257472	4
ENSG00000257474	20
ENSG00000257494	8
ENSG00000257496	408
ENSG00000257500	43
ENSG00000257514	15
ENSG00000257515	1
ENSG00000257517	5
ENSG00000257519	7
ENSG00000257524	139
ENSG00000257526	427
ENSG00000257543	7
ENSG00000257548	73
ENSG00000257553	51
ENSG00000257579	5
ENSG00000257587	74
ENSG00000257603	2
ENSG00000257614	7
ENSG00000257622	24
ENSG00000257634	8
ENSG00000257647	21
ENSG00000257653	1
ENSG00000257654	6
ENSG00000257657	371
ENSG00000257663	33
ENSG00000257682	3
ENSG00000257700	4
ENSG00000257703	185
ENSG00000257715	36
ENSG00000257726	2
ENSG00000257729	141
ENSG00000257735	1088
ENSG00000257737	4
ENSG00000257746	117
ENSG00000257754	5
ENSG00000257759	3876
ENSG00000257761	7
ENSG00000257764	24
ENSG00000257766	0
ENSG00000257767	174
ENSG00000257781	46
ENSG00000257797	3
ENSG00000257824	0
ENSG00000257826	7
ENSG00000257829	38
ENSG00000257831	2584
ENSG00000257837	1
ENSG00000257849	1
ENSG00000257863	5
ENSG00000257869	67
ENSG00000257870	2
ENSG00000257878	39
ENSG00000257879	36
ENSG00000257890	8
ENSG00000257891	5
ENSG00000257900	20
ENSG00000257904	69
ENSG00000257910	11
ENSG00000257921	3
ENSG00000257925	110
ENSG00000257932	0
ENSG00000257940	1
ENSG00000257947	33
ENSG00000257948	12
ENSG00000257955	13
ENSG00000257958	8
ENSG00000257959	7
ENSG00000257962	29
ENSG00000257964	0
ENSG00000257985	41
ENSG00000257997	36
ENSG00000258028	729
ENSG00000258034	6
ENSG00000258039	8
ENSG00000258044	18
ENSG00000258050	0
ENSG00000258052	8
ENSG00000258053	62
ENSG00000258064	60
ENSG00000258077	1934
ENSG00000258081	741
ENSG00000258084	296
ENSG00000258108	25
ENSG00000258114	172
ENSG00000258115	18
ENSG00000258119	127
ENSG00000258121	26
ENSG00000258131	223
ENSG00000258137	400
ENSG00000258140	34
ENSG00000258167	44
ENSG00000258170	12
ENSG00000258172	23
ENSG00000258177	3
ENSG00000258178	5
ENSG00000258181	70
ENSG00000258185	1
ENSG00000258196	1
ENSG00000258199	59
ENSG00000258203	6
ENSG00000258210	161
ENSG00000258214	96
ENSG00000258216	1391
ENSG00000258231	1227
ENSG00000258232	83
ENSG00000258234	133
ENSG00000258235	0
ENSG00000258249	9
ENSG00000258256	74
ENSG00000258260	11
ENSG00000258272	404
ENSG00000258283	6
ENSG00000258294	26
ENSG00000258302	398
ENSG00000258311	11
ENSG00000258312	406
ENSG00000258313	1
ENSG00000258314	29
ENSG00000258317	145
ENSG00000258323	13
ENSG00000258338	2
ENSG00000258342	245
ENSG00000258344	98
ENSG00000258345	19
ENSG00000258346	46
ENSG00000258354	2
ENSG00000258365	55
ENSG00000258377	22
ENSG00000258378	278
ENSG00000258379	3
ENSG00000258383	20
ENSG00000258386	74
ENSG00000258393	0
ENSG00000258394	389
ENSG00000258400	13
ENSG00000258402	34
ENSG00000258407	0
ENSG00000258410	94
ENSG00000258416	245
ENSG00000258417	1
ENSG00000258422	68
ENSG00000258424	32
ENSG00000258425	14
ENSG00000258426	14
ENSG00000258428	28
ENSG00000258430	38
ENSG00000258433	6
ENSG00000258435	31
ENSG00000258437	5
ENSG00000258444	1
ENSG00000258449	176
ENSG00000258454	31
ENSG00000258455	74
ENSG00000258459	1
ENSG00000258460	59
ENSG00000258461	275
ENSG00000258464	132
ENSG00000258465	620
ENSG00000258466	16
ENSG00000258471	91
ENSG00000258473	151
ENSG00000258478	12
ENSG00000258481	7
ENSG00000258489	27
ENSG00000258490	2
ENSG00000258496	3
ENSG00000258497	23
ENSG00000258515	2
ENSG00000258516	21
ENSG00000258517	2
ENSG00000258520	116
ENSG00000258526	7384
ENSG00000258529	14
ENSG00000258534	189
ENSG00000258535	114
ENSG00000258539	277
ENSG00000258558	24832
ENSG00000258561	2061
ENSG00000258576	1
ENSG00000258580	108
ENSG00000258593	155
ENSG00000258594	3
ENSG00000258598	0
ENSG00000258600	2
ENSG00000258601	1140
ENSG00000258603	1227
ENSG00000258631	3338
ENSG00000258637	445
ENSG00000258642	2
ENSG00000258646	78
ENSG00000258649	23
ENSG00000258653	33
ENSG00000258654	32
ENSG00000258660	54
ENSG00000258661	125
ENSG00000258662	4
ENSG00000258663	394
ENSG00000258670	43
ENSG00000258672	1
ENSG00000258676	26
ENSG00000258677	431
ENSG00000258683	9
ENSG00000258687	40
ENSG00000258691	302
ENSG00000258693	2
ENSG00000258695	262
ENSG00000258696	3
ENSG00000258698	69
ENSG00000258702	32
ENSG00000258703	12
ENSG00000258711	25
ENSG00000258717	15
ENSG00000258719	1
ENSG00000258723	2
ENSG00000258728	47
ENSG00000258729	4
ENSG00000258736	2
ENSG00000258744	321
ENSG00000258745	9
ENSG00000258747	80
ENSG00000258751	188
ENSG00000258753	0
ENSG00000258757	24
ENSG00000258760	562
ENSG00000258763	230
ENSG00000258765	6
ENSG00000258773	110
ENSG00000258782	144
ENSG00000258784	156
ENSG00000258789	8
ENSG00000258790	48
ENSG00000258795	24
ENSG00000258807	166
ENSG00000258811	22
ENSG00000258820	86
ENSG00000258824	647
ENSG00000258830	82
ENSG00000258831	60
ENSG00000258837	195
ENSG00000258842	9
ENSG00000258843	0
ENSG00000258844	19
ENSG00000258845	4
ENSG00000258847	182
ENSG00000258853	8
ENSG00000258854	9
ENSG00000258857	2
ENSG00000258858	3
ENSG00000258860	1
ENSG00000258864	98
ENSG00000258866	2
ENSG00000258868	23
ENSG00000258871	123
ENSG00000258875	91
ENSG00000258881	429
ENSG00000258885	12
ENSG00000258891	713
ENSG00000258892	199
ENSG00000258902	385
ENSG00000258903	56
ENSG00000258908	4
ENSG00000258909	10
ENSG00000258918	141
ENSG00000258919	10
ENSG00000258921	24
ENSG00000258924	3
ENSG00000258927	57
ENSG00000258928	10
ENSG00000258931	3
ENSG00000258938	34
ENSG00000258942	63
ENSG00000258943	0
ENSG00000258945	36
ENSG00000258949	93
ENSG00000258958	10
ENSG00000258964	106
ENSG00000258973	4
ENSG00000258975	31
ENSG00000258976	5
ENSG00000258983	65
ENSG00000258985	2
ENSG00000258987	21
ENSG00000258989	189
ENSG00000259001	144
ENSG00000259002	2
ENSG00000259003	9
ENSG00000259005	40
ENSG00000259006	16
ENSG00000259007	4
ENSG00000259008	1
ENSG00000259017	0
ENSG00000259018	3
ENSG00000259026	2
ENSG00000259028	0
ENSG00000259033	229
ENSG00000259035	358
ENSG00000259036	0
ENSG00000259038	23
ENSG00000259041	1
ENSG00000259042	2
ENSG00000259044	91
ENSG00000259048	179
ENSG00000259049	163
ENSG00000259052	81
ENSG00000259053	762
ENSG00000259055	3
ENSG00000259058	10
ENSG00000259060	0
ENSG00000259061	38
ENSG00000259066	172
ENSG00000259067	3
ENSG00000259069	2
ENSG00000259072	217
ENSG00000259076	220
ENSG00000259077	54
ENSG00000259080	82
ENSG00000259081	49
ENSG00000259084	14
ENSG00000259087	128
ENSG00000259088	62
ENSG00000259093	61
ENSG00000259097	358
ENSG00000259103	184
ENSG00000259111	23
ENSG00000259113	60
ENSG00000259115	102
ENSG00000259119	2
ENSG00000259124	711
ENSG00000259126	24
ENSG00000259130	5
ENSG00000259132	317
ENSG00000259133	81
ENSG00000259138	114
ENSG00000259149	89
ENSG00000259166	78
ENSG00000259168	231
ENSG00000259170	0
ENSG00000259177	65
ENSG00000259178	8
ENSG00000259180	0
ENSG00000259181	23
ENSG00000259182	1
ENSG00000259185	1
ENSG00000259188	16
ENSG00000259198	8
ENSG00000259199	354
ENSG00000259200	688
ENSG00000259201	85
ENSG00000259203	16
ENSG00000259211	9
ENSG00000259212	2
ENSG00000259213	1
ENSG00000259219	29
ENSG00000259222	4
ENSG00000259223	53
ENSG00000259238	10
ENSG00000259244	384
ENSG00000259250	19
ENSG00000259252	8
ENSG00000259255	135
ENSG00000259265	1
ENSG00000259268	70
ENSG00000259269	65
ENSG00000259275	1689
ENSG00000259277	6
ENSG00000259280	104
ENSG00000259283	66
ENSG00000259294	14
ENSG00000259296	55
ENSG00000259306	38
ENSG00000259309	17
ENSG00000259312	11
ENSG00000259314	45
ENSG00000259316	121
ENSG00000259321	33
ENSG00000259322	8
ENSG00000259326	16
ENSG00000259327	12
ENSG00000259331	0
ENSG00000259336	4003
ENSG00000259345	6610
ENSG00000259351	10
ENSG00000259353	77
ENSG00000259360	1
ENSG00000259362	26
ENSG00000259363	6994
ENSG00000259364	1
ENSG00000259365	1
ENSG00000259368	2
ENSG00000259370	4611
ENSG00000259371	208
ENSG00000259375	22
ENSG00000259376	23
ENSG00000259385	14
ENSG00000259390	45
ENSG00000259395	4
ENSG00000259403	125
ENSG00000259407	177
ENSG00000259408	172
ENSG00000259410	216
ENSG00000259420	99
ENSG00000259422	16
ENSG00000259434	300
ENSG00000259436	3
ENSG00000259437	299
ENSG00000259442	59
ENSG00000259460	118
ENSG00000259463	7
ENSG00000259468	10
ENSG00000259474	23
ENSG00000259478	2985
ENSG00000259483	13
ENSG00000259499	12
ENSG00000259503	6
ENSG00000259504	29
ENSG00000259508	34
ENSG00000259514	15
ENSG00000259519	638
ENSG00000259522	5
ENSG00000259523	17
ENSG00000259528	0
ENSG00000259529	16
ENSG00000259530	0
ENSG00000259532	90
ENSG00000259534	2
ENSG00000259536	181
ENSG00000259539	449
ENSG00000259540	2
ENSG00000259542	22
ENSG00000259543	284
ENSG00000259544	18
ENSG00000259546	1536
ENSG00000259548	13
ENSG00000259551	2
ENSG00000259555	3
ENSG00000259560	572
ENSG00000259563	73
ENSG00000259564	261
ENSG00000259575	22
ENSG00000259579	359
ENSG00000259580	97
ENSG00000259582	147
ENSG00000259584	21
ENSG00000259587	6
ENSG00000259588	2
ENSG00000259589	154
ENSG00000259598	10
ENSG00000259602	5
ENSG00000259605	33
ENSG00000259607	7
ENSG00000259615	4
ENSG00000259616	460
ENSG00000259617	40
ENSG00000259620	90
ENSG00000259624	39
ENSG00000259627	87
ENSG00000259628	11186
ENSG00000259631	16
ENSG00000259635	292
ENSG00000259639	991
ENSG00000259647	52
ENSG00000259652	2
ENSG00000259654	4
ENSG00000259656	3
ENSG00000259669	98
ENSG00000259672	131
ENSG00000259675	78
ENSG00000259676	3
ENSG00000259678	131
ENSG00000259681	46
ENSG00000259684	14
ENSG00000259694	4
ENSG00000259697	28
ENSG00000259700	11
ENSG00000259702	38
ENSG00000259704	88
ENSG00000259709	79
ENSG00000259711	113
ENSG00000259712	116
ENSG00000259713	306
ENSG00000259715	4
ENSG00000259725	2
ENSG00000259727	18
ENSG00000259731	2
ENSG00000259732	69
ENSG00000259737	82
ENSG00000259753	317
ENSG00000259754	316
ENSG00000259756	32
ENSG00000259757	0
ENSG00000259760	22
ENSG00000259762	53
ENSG00000259773	4
ENSG00000259774	5
ENSG00000259776	11
ENSG00000259780	6
ENSG00000259784	3
ENSG00000259789	5
ENSG00000259792	8
ENSG00000259793	14
ENSG00000259805	317
ENSG00000259807	21
ENSG00000259813	4
ENSG00000259814	9
ENSG00000259817	3
ENSG00000259819	11
ENSG00000259827	24
ENSG00000259828	2
ENSG00000259840	2
ENSG00000259846	329
ENSG00000259862	33
ENSG00000259865	383
ENSG00000259868	221
ENSG00000259869	9
ENSG00000259870	1
ENSG00000259876	3
ENSG00000259878	0
ENSG00000259881	22
ENSG00000259889	0
ENSG00000259891	477
ENSG00000259906	11
ENSG00000259912	18
ENSG00000259920	9
ENSG00000259923	5
ENSG00000259925	5370
ENSG00000259928	5
ENSG00000259929	649
ENSG00000259940	4
ENSG00000259941	76
ENSG00000259945	16
ENSG00000259952	12
ENSG00000259955	20
ENSG00000259959	195
ENSG00000259961	1
ENSG00000259968	3
ENSG00000259969	44
ENSG00000259972	6687
ENSG00000259981	10
ENSG00000259985	0
ENSG00000259986	1088
ENSG00000259989	10
ENSG00000259992	553
ENSG00000259994	59
ENSG00000259995	1795
ENSG00000259998	2
ENSG00000260000	56
ENSG00000260003	10
ENSG00000260004	0
ENSG00000260007	180
ENSG00000260008	25
ENSG00000260011	57
ENSG00000260017	58
ENSG00000260021	10
ENSG00000260022	2
ENSG00000260029	5
ENSG00000260037	56
ENSG00000260041	28
ENSG00000260042	16
ENSG00000260046	11
ENSG00000260058	78
ENSG00000260059	3
ENSG00000260060	37
ENSG00000260063	28
ENSG00000260066	0
ENSG00000260070	1
ENSG00000260071	263
ENSG00000260072	51
ENSG00000260073	4
ENSG00000260077	69
ENSG00000260084	36
ENSG00000260086	170
ENSG00000260090	0
ENSG00000260091	51
ENSG00000260092	3
ENSG00000260095	14
ENSG00000260100	3
ENSG00000260107	0
ENSG00000260111	241
ENSG00000260120	21
ENSG00000260121	17
ENSG00000260122	5
ENSG00000260126	592
ENSG00000260136	184
ENSG00000260141	3
ENSG00000260142	0
ENSG00000260145	10
ENSG00000260158	1
ENSG00000260162	6
ENSG00000260166	14
ENSG00000260167	652
ENSG00000260170	126
ENSG00000260171	2
ENSG00000260173	33
ENSG00000260176	11
ENSG00000260177	122
ENSG00000260179	28
ENSG00000260185	45
ENSG00000260188	2
ENSG00000260190	14
ENSG00000260194	6
ENSG00000260196	22
ENSG00000260201	5
ENSG00000260202	73
ENSG00000260205	4
ENSG00000260206	12
ENSG00000260217	3
ENSG00000260223	40
ENSG00000260234	15
ENSG00000260235	5
ENSG00000260237	2
ENSG00000260242	23
ENSG00000260249	166
ENSG00000260252	16
ENSG00000260253	5
ENSG00000260254	5
ENSG00000260257	108
ENSG00000260262	0
ENSG00000260267	277
ENSG00000260269	424
ENSG00000260271	134
ENSG00000260272	51
ENSG00000260273	21
ENSG00000260274	13
ENSG00000260277	8
ENSG00000260279	27
ENSG00000260288	75
ENSG00000260289	538
ENSG00000260296	276
ENSG00000260303	5
ENSG00000260304	9
ENSG00000260306	49
ENSG00000260322	0
ENSG00000260328	5
ENSG00000260331	63
ENSG00000260337	208
ENSG00000260342	58
ENSG00000260345	17
ENSG00000260348	5
ENSG00000260349	5
ENSG00000260360	24
ENSG00000260362	12
ENSG00000260364	566
ENSG00000260366	31
ENSG00000260367	22
ENSG00000260368	105
ENSG00000260369	6
ENSG00000260371	162
ENSG00000260377	16
ENSG00000260378	63
ENSG00000260381	51
ENSG00000260387	0
ENSG00000260390	23
ENSG00000260392	750
ENSG00000260398	23
ENSG00000260400	81
ENSG00000260403	3
ENSG00000260409	261
ENSG00000260416	2
ENSG00000260418	16
ENSG00000260422	3
ENSG00000260425	94
ENSG00000260426	0
ENSG00000260430	68
ENSG00000260441	28
ENSG00000260447	6
ENSG00000260457	18
ENSG00000260460	8
ENSG00000260464	31
ENSG00000260465	171
ENSG00000260467	69
ENSG00000260473	85
ENSG00000260476	2
ENSG00000260478	8
ENSG00000260484	4
ENSG00000260495	136
ENSG00000260496	9
ENSG00000260498	14
ENSG00000260500	7
ENSG00000260505	1
ENSG00000260507	166
ENSG00000260509	5
ENSG00000260510	348
ENSG00000260520	37
ENSG00000260530	3
ENSG00000260532	13
ENSG00000260536	220
ENSG00000260537	160
ENSG00000260542	3
ENSG00000260550	0
ENSG00000260555	34
ENSG00000260563	117
ENSG00000260564	2
ENSG00000260568	2
ENSG00000260569	15
ENSG00000260570	44
ENSG00000260573	269
ENSG00000260575	0
ENSG00000260578	53
ENSG00000260580	14
ENSG00000260581	11
ENSG00000260583	22
ENSG00000260585	41
ENSG00000260593	14
ENSG00000260594	4
ENSG00000260605	5
ENSG00000260611	0
ENSG00000260612	0
ENSG00000260613	69
ENSG00000260617	3
ENSG00000260618	63
ENSG00000260619	5
ENSG00000260620	0
ENSG00000260621	46
ENSG00000260624	6
ENSG00000260633	10
ENSG00000260634	9
ENSG00000260635	5
ENSG00000260640	18
ENSG00000260642	3
ENSG00000260645	132
ENSG00000260646	38
ENSG00000260647	47
ENSG00000260651	5
ENSG00000260657	107
ENSG00000260658	3677
ENSG00000260659	2
ENSG00000260661	386
ENSG00000260664	334
ENSG00000260669	5
ENSG00000260670	2
ENSG00000260672	20
ENSG00000260673	16
ENSG00000260677	7
ENSG00000260679	11
ENSG00000260681	3
ENSG00000260683	2
ENSG00000260693	120
ENSG00000260694	10
ENSG00000260695	1
ENSG00000260698	7
ENSG00000260701	41
ENSG00000260706	106
ENSG00000260715	4
ENSG00000260719	6
ENSG00000260721	2
ENSG00000260725	4
ENSG00000260729	3151
ENSG00000260740	6
ENSG00000260741	21
ENSG00000260743	23
ENSG00000260744	10
ENSG00000260750	6
ENSG00000260755	2
ENSG00000260756	48
ENSG00000260759	4
ENSG00000260763	4
ENSG00000260773	194
ENSG00000260777	1
ENSG00000260779	2
ENSG00000260786	1
ENSG00000260793	98
ENSG00000260796	77
ENSG00000260798	49
ENSG00000260803	50
ENSG00000260805	53
ENSG00000260808	38
ENSG00000260810	6
ENSG00000260814	5
ENSG00000260823	4
ENSG00000260830	5
ENSG00000260832	32
ENSG00000260834	46
ENSG00000260836	13
ENSG00000260838	20
ENSG00000260847	0
ENSG00000260850	414
ENSG00000260851	956
ENSG00000260855	216
ENSG00000260857	0
ENSG00000260858	18
ENSG00000260861	5
ENSG00000260867	45
ENSG00000260871	0
ENSG00000260874	37
ENSG00000260877	643
ENSG00000260879	18
ENSG00000260891	88
ENSG00000260892	11
ENSG00000260899	61
ENSG00000260907	12
ENSG00000260911	251
ENSG00000260912	52
ENSG00000260914	25
ENSG00000260917	217
ENSG00000260918	76
ENSG00000260919	21
ENSG00000260920	28
ENSG00000260922	180
ENSG00000260926	142
ENSG00000260927	208
ENSG00000260932	1
ENSG00000260934	19
ENSG00000260937	149
ENSG00000260945	0
ENSG00000260947	61
ENSG00000260948	139
ENSG00000260949	71
ENSG00000260951	90
ENSG00000260953	7
ENSG00000260955	81
ENSG00000260957	0
ENSG00000260958	91
ENSG00000260959	0
ENSG00000260970	142
ENSG00000260971	155
ENSG00000260972	2
ENSG00000260973	3
ENSG00000260975	147
ENSG00000260978	12
ENSG00000260981	2
ENSG00000260983	49
ENSG00000260986	0
ENSG00000260989	97
ENSG00000260990	37
ENSG00000260995	100
ENSG00000260996	8
ENSG00000260997	2
ENSG00000260999	121
ENSG00000261000	9
ENSG00000261003	8
ENSG00000261012	2
ENSG00000261018	38
ENSG00000261019	30
ENSG00000261020	1
ENSG00000261026	7
ENSG00000261028	231
ENSG00000261030	1
ENSG00000261035	0
ENSG00000261036	40
ENSG00000261037	5
ENSG00000261038	4
ENSG00000261043	3
ENSG00000261049	27
ENSG00000261051	92
ENSG00000261055	1
ENSG00000261058	143
ENSG00000261060	2
ENSG00000261063	101
ENSG00000261065	2
ENSG00000261066	3
ENSG00000261067	1
ENSG00000261070	222
ENSG00000261071	11
ENSG00000261076	0
ENSG00000261078	4
ENSG00000261079	17
ENSG00000261090	14
ENSG00000261093	7
ENSG00000261094	253
ENSG00000261095	19
ENSG00000261096	21
ENSG00000261098	135
ENSG00000261101	92
ENSG00000261103	35
ENSG00000261104	12
ENSG00000261113	4
ENSG00000261117	17
ENSG00000261118	176
ENSG00000261120	7
ENSG00000261124	9
ENSG00000261129	2
ENSG00000261130	43
ENSG00000261135	8
ENSG00000261136	39
ENSG00000261140	18
ENSG00000261141	12
ENSG00000261146	0
ENSG00000261147	3
ENSG00000261158	2
ENSG00000261159	10
ENSG00000261161	27
ENSG00000261166	2
ENSG00000261167	23
ENSG00000261168	23
ENSG00000261170	360
ENSG00000261172	68
ENSG00000261177	53
ENSG00000261184	1
ENSG00000261191	124
ENSG00000261193	109
ENSG00000261198	1
ENSG00000261204	1
ENSG00000261207	4
ENSG00000261211	42
ENSG00000261213	1
ENSG00000261216	22
ENSG00000261218	1
ENSG00000261222	7
ENSG00000261238	2
ENSG00000261240	3
ENSG00000261242	6
ENSG00000261243	8
ENSG00000261244	8
ENSG00000261248	11
ENSG00000261250	6
ENSG00000261253	10
ENSG00000261257	4
ENSG00000261260	63
ENSG00000261261	164
ENSG00000261265	9
ENSG00000261266	17
ENSG00000261267	86
ENSG00000261273	430
ENSG00000261275	0
ENSG00000261276	4
ENSG00000261285	294
ENSG00000261293	2
ENSG00000261294	1
ENSG00000261296	0
ENSG00000261298	0
ENSG00000261305	77
ENSG00000261310	22
ENSG00000261312	28
ENSG00000261313	100
ENSG00000261314	0
ENSG00000261320	2
ENSG00000261324	407
ENSG00000261327	37
ENSG00000261329	213
ENSG00000261334	7
ENSG00000261335	20
ENSG00000261338	56
ENSG00000261346	31
ENSG00000261347	4
ENSG00000261351	16
ENSG00000261357	5
ENSG00000261367	13
ENSG00000261368	0
ENSG00000261376	0
ENSG00000261382	0
ENSG00000261385	7
ENSG00000261386	723
ENSG00000261392	1
ENSG00000261393	2
ENSG00000261396	13
ENSG00000261398	0
ENSG00000261400	6
ENSG00000261402	14
ENSG00000261403	28
ENSG00000261407	13
ENSG00000261411	21
ENSG00000261421	8
ENSG00000261427	329
ENSG00000261433	6
ENSG00000261435	16
ENSG00000261436	294
ENSG00000261445	1
ENSG00000261447	0
ENSG00000261448	27
ENSG00000261449	4
ENSG00000261451	149
ENSG00000261459	109
ENSG00000261462	5
ENSG00000261467	6
ENSG00000261468	22
ENSG00000261470	2
ENSG00000261472	14
ENSG00000261474	743
ENSG00000261478	3
ENSG00000261482	0
ENSG00000261487	7
ENSG00000261489	3
ENSG00000261502	1061
ENSG00000261505	33
ENSG00000261512	31
ENSG00000261513	4
ENSG00000261519	16
ENSG00000261526	53
ENSG00000261532	6
ENSG00000261535	13
ENSG00000261538	0
ENSG00000261540	761
ENSG00000261541	0
ENSG00000261542	23
ENSG00000261543	69
ENSG00000261546	2
ENSG00000261552	8
ENSG00000261553	364
ENSG00000261555	2
ENSG00000261569	1
ENSG00000261572	5
ENSG00000261578	35
ENSG00000261582	23
ENSG00000261583	0
ENSG00000261592	63
ENSG00000261600	3
ENSG00000261604	34
ENSG00000261606	8
ENSG00000261610	15
ENSG00000261611	21
ENSG00000261613	0
ENSG00000261625	63
ENSG00000261627	0
ENSG00000261629	3
ENSG00000261630	2
ENSG00000261633	40
ENSG00000261638	102
ENSG00000261641	1
ENSG00000261642	2
ENSG00000261646	51
ENSG00000261650	9
ENSG00000261653	13
ENSG00000261654	21
ENSG00000261655	29
ENSG00000261659	78
ENSG00000261668	63
ENSG00000261669	88
ENSG00000261670	6
ENSG00000261671	2
ENSG00000261673	23
ENSG00000261693	4
ENSG00000261707	8
ENSG00000261710	0
ENSG00000261717	182
ENSG00000261720	1
ENSG00000261722	36
ENSG00000261728	9
ENSG00000261729	12
ENSG00000261731	6
ENSG00000261732	2
ENSG00000261743	0
ENSG00000261745	0
ENSG00000261751	3
ENSG00000261757	61
ENSG00000261762	41
ENSG00000261763	0
ENSG00000261766	146
ENSG00000261775	41
ENSG00000261779	2
ENSG00000261786	44
ENSG00000261789	1
ENSG00000261790	20
ENSG00000261793	7
ENSG00000261795	9
ENSG00000261798	4
ENSG00000261799	75
ENSG00000261800	3
ENSG00000261804	124
ENSG00000261810	21
ENSG00000261815	0
ENSG00000261816	9
ENSG00000261817	30
ENSG00000261818	69
ENSG00000261821	67
ENSG00000261822	5
ENSG00000261823	24
ENSG00000261826	2
ENSG00000261829	7
ENSG00000261831	60
ENSG00000261832	32
ENSG00000261839	16
ENSG00000261842	3
ENSG00000261845	97
ENSG00000261848	140
ENSG00000261864	51
ENSG00000261872	11
ENSG00000261884	33
ENSG00000261888	77
ENSG00000261889	20
ENSG00000261898	11
ENSG00000261924	18
ENSG00000261938	58
ENSG00000261959	6
ENSG00000261976	1
ENSG00000261978	12
ENSG00000261996	6
ENSG00000262003	33
ENSG00000262006	0
ENSG00000262020	40
ENSG00000262039	442
ENSG00000262049	84
ENSG00000262050	116
ENSG00000262052	52
ENSG00000262079	15
ENSG00000262094	2
ENSG00000262112	10
ENSG00000262115	11
ENSG00000262116	1
ENSG00000262151	48
ENSG00000262160	315
ENSG00000262171	6
ENSG00000262198	715
ENSG00000262202	22
ENSG00000262211	21
ENSG00000262213	60
ENSG00000262227	44
ENSG00000262231	27
ENSG00000262267	143
ENSG00000262296	0
ENSG00000262298	6
ENSG00000262302	887
ENSG00000262312	293
ENSG00000262313	15
ENSG00000262319	2
ENSG00000262332	2
ENSG00000262339	0
ENSG00000262343	4
ENSG00000262358	2
ENSG00000262362	12
ENSG00000262370	71
ENSG00000262372	3
ENSG00000262412	24
ENSG00000262413	22
ENSG00000262429	94
ENSG00000262456	13
ENSG00000262521	3
ENSG00000262526	65
ENSG00000262528	21
ENSG00000262529	22
ENSG00000262533	16
ENSG00000262560	280
ENSG00000262580	215
ENSG00000262624	7
ENSG00000262633	681
ENSG00000262660	32
ENSG00000262662	2
ENSG00000262668	172
ENSG00000262681	4
ENSG00000262714	46
ENSG00000262721	8
ENSG00000262730	8
ENSG00000262732	20
ENSG00000262768	8
ENSG00000262769	197
ENSG00000262786	5
ENSG00000262801	2217
ENSG00000262823	20
ENSG00000262833	3
ENSG00000262837	67
ENSG00000262873	32
ENSG00000262877	120
ENSG00000262880	37
ENSG00000262881	0
ENSG00000262898	86
ENSG00000262899	6
ENSG00000262905	2
ENSG00000262921	20
ENSG00000262950	50
ENSG00000262966	47
ENSG00000262967	9
ENSG00000262983	41
ENSG00000262995	4
ENSG00000262999	34
ENSG00000263011	35
ENSG00000263015	13
ENSG00000263033	277
ENSG00000263041	4
ENSG00000263051	5
ENSG00000263063	46
ENSG00000263065	100
ENSG00000263080	19
ENSG00000263089	51
ENSG00000263098	3
ENSG00000263105	24
ENSG00000263110	3
ENSG00000263126	6
ENSG00000263154	51
ENSG00000263159	8
ENSG00000263164	0
ENSG00000263167	0
ENSG00000263171	16
ENSG00000263176	11
ENSG00000263207	0
ENSG00000263212	125
ENSG00000263218	2
ENSG00000263234	2
ENSG00000263235	17
ENSG00000263253	2
ENSG00000263271	4
ENSG00000263272	39
ENSG00000263279	11
ENSG00000263280	2
ENSG00000263301	18
ENSG00000263321	13
ENSG00000263325	39
ENSG00000263331	157
ENSG00000263342	12
ENSG00000263382	1
ENSG00000263388	2
ENSG00000263393	23
ENSG00000263424	63
ENSG00000263427	3
ENSG00000263450	7
ENSG00000263466	3
ENSG00000263477	11
ENSG00000263489	366
ENSG00000263494	64
ENSG00000263531	35
ENSG00000263547	20
ENSG00000263551	418
ENSG00000263567	1
ENSG00000263571	7
ENSG00000263574	55
ENSG00000263588	5
ENSG00000263594	265
ENSG00000263603	434
ENSG00000263611	58
ENSG00000263612	2
ENSG00000263613	0
ENSG00000263618	2
ENSG00000263620	45
ENSG00000263622	0
ENSG00000263624	144
ENSG00000263635	39
ENSG00000263637	3
ENSG00000263644	76
ENSG00000263655	140
ENSG00000263657	166
ENSG00000263674	0
ENSG00000263680	7
ENSG00000263683	13
ENSG00000263684	20
ENSG00000263707	19
ENSG00000263708	267
ENSG00000263709	75
ENSG00000263745	1050
ENSG00000263756	4
ENSG00000263765	166
ENSG00000263797	1
ENSG00000263798	131
ENSG00000263809	34
ENSG00000263823	15
ENSG00000263826	32
ENSG00000263847	79
ENSG00000263859	4
ENSG00000263860	1
ENSG00000263863	20
ENSG00000263893	1
ENSG00000263917	135
ENSG00000263923	427
ENSG00000263924	2
ENSG00000263952	43
ENSG00000263982	25
ENSG00000263990	110
ENSG00000264000	9
ENSG00000264012	3
ENSG00000264015	437
ENSG00000264016	122
ENSG00000264019	28
ENSG00000264023	4
ENSG00000264044	6
ENSG00000264058	22
ENSG00000264066	2
ENSG00000264067	23
ENSG00000264083	137
ENSG00000264108	4
ENSG00000264116	25
ENSG00000264125	10
ENSG00000264149	133
ENSG00000264151	834
ENSG00000264174	2
ENSG00000264177	17
ENSG00000264187	276
ENSG00000264196	0
ENSG00000264212	2
ENSG00000264215	0
ENSG00000264243	0
ENSG00000264254	48
ENSG00000264262	11
ENSG00000264272	3
ENSG00000264273	5
ENSG00000264304	8
ENSG00000264324	975
ENSG00000264339	19
ENSG00000264365	24
ENSG00000264421	1
ENSG00000264422	3
ENSG00000264434	0
ENSG00000264449	14
ENSG00000264451	92
ENSG00000264472	3
ENSG00000264475	11
ENSG00000264486	4
ENSG00000264488	9
ENSG00000264490	20
ENSG00000264491	3
ENSG00000264513	45
ENSG00000264514	7
ENSG00000264520	101
ENSG00000264545	221
ENSG00000264548	20
ENSG00000264558	1
ENSG00000264577	18
ENSG00000264578	34
ENSG00000264587	22
ENSG00000264595	29
ENSG00000264622	76
ENSG00000264634	21
ENSG00000264666	129
ENSG00000264668	176
ENSG00000264693	4
ENSG00000264695	4
ENSG00000264701	34
ENSG00000264705	30
ENSG00000264734	3
ENSG00000264735	5
ENSG00000264739	8
ENSG00000264750	0
ENSG00000264765	1
ENSG00000264772	7
ENSG00000264785	1
ENSG00000264790	5
ENSG00000264791	0
ENSG00000264808	377
ENSG00000264813	28
ENSG00000264825	38
ENSG00000264829	1
ENSG00000264843	18
ENSG00000264860	34
ENSG00000264869	45
ENSG00000264876	93
ENSG00000264880	2
ENSG00000264924	38
ENSG00000264932	6
ENSG00000264937	7
ENSG00000264956	13
ENSG00000264982	5
ENSG00000264990	2
ENSG00000265008	10
ENSG00000265055	33
ENSG00000265069	1
ENSG00000265073	46
ENSG00000265091	9
ENSG00000265100	12
ENSG00000265101	0
ENSG00000265115	14
ENSG00000265118	4
ENSG00000265128	24
ENSG00000265194	3
ENSG00000265204	68
ENSG00000265205	7
ENSG00000265217	31
ENSG00000265218	657
ENSG00000265246	36
ENSG00000265254	10
ENSG00000265257	39
ENSG00000265265	3
ENSG00000265282	7
ENSG00000265289	2
ENSG00000265303	31
ENSG00000265334	547
ENSG00000265342	5
ENSG00000265349	50
ENSG00000265359	110
ENSG00000265378	0
ENSG00000265380	2
ENSG00000265393	19
ENSG00000265394	82
ENSG00000265399	179
ENSG00000265400	22
ENSG00000265408	237
ENSG00000265425	17
ENSG00000265443	6
ENSG00000265445	22
ENSG00000265474	21
ENSG00000265478	22
ENSG00000265484	79
ENSG00000265490	6
ENSG00000265494	3
ENSG00000265496	40
ENSG00000265542	411
ENSG00000265547	3
ENSG00000265552	2
ENSG00000265554	255
ENSG00000265618	15
ENSG00000265643	188
ENSG00000265644	1
ENSG00000265656	35
ENSG00000265664	2
ENSG00000265670	32
ENSG00000265671	21
ENSG00000265678	19
ENSG00000265689	1
ENSG00000265690	3
ENSG00000265697	2
ENSG00000265717	1
ENSG00000265728	54
ENSG00000265737	483
ENSG00000265739	19
ENSG00000265749	131
ENSG00000265781	48
ENSG00000265784	8
ENSG00000265794	107
ENSG00000265840	6
ENSG00000265844	61
ENSG00000265845	66
ENSG00000265908	4
ENSG00000265927	0
ENSG00000265935	0
ENSG00000265943	428
ENSG00000265964	1
ENSG00000265967	18
ENSG00000265971	0
ENSG00000265975	44
ENSG00000265980	89
ENSG00000265987	259
ENSG00000265994	297
ENSG00000265995	83
ENSG00000266002	5
ENSG00000266014	20
ENSG00000266049	736
ENSG00000266076	1082
ENSG00000266086	1669
ENSG00000266088	50
ENSG00000266100	9
ENSG00000266102	5
ENSG00000266106	8
ENSG00000266111	164
ENSG00000266120	27
ENSG00000266149	11
ENSG00000266171	6
ENSG00000266196	1
ENSG00000266202	435
ENSG00000266213	3
ENSG00000266248	0
ENSG00000266261	19
ENSG00000266268	521
ENSG00000266279	0
ENSG00000266302	2012
ENSG00000266311	1
ENSG00000266335	2
ENSG00000266340	14
ENSG00000266341	3
ENSG00000266368	281
ENSG00000266369	32
ENSG00000266385	167
ENSG00000266456	4
ENSG00000266460	33
ENSG00000266466	8
ENSG00000266469	39
ENSG00000266489	33
ENSG00000266490	243
ENSG00000266505	4
ENSG00000266521	0
ENSG00000266541	10
ENSG00000266560	8
ENSG00000266573	566
ENSG00000266578	156
ENSG00000266586	6
ENSG00000266588	33
ENSG00000266598	9
ENSG00000266599	45
ENSG00000266602	641
ENSG00000266614	0
ENSG00000266642	4
ENSG00000266651	4
ENSG00000266654	0
ENSG00000266667	303
ENSG00000266677	102
ENSG00000266680	27
ENSG00000266696	10
ENSG00000266711	5
ENSG00000266717	1
ENSG00000266718	18
ENSG00000266728	37
ENSG00000266743	18
ENSG00000266765	8
ENSG00000266767	25
ENSG00000266774	1
ENSG00000266775	0
ENSG00000266821	17
ENSG00000266824	108
ENSG00000266830	0
ENSG00000266840	20
ENSG00000266846	286
ENSG00000266869	157
ENSG00000266872	8
ENSG00000266877	512
ENSG00000266901	0
ENSG00000266905	9
ENSG00000266908	245
ENSG00000266923	27
ENSG00000266924	9
ENSG00000266928	19
ENSG00000266929	130
ENSG00000266936	50
ENSG00000266941	5
ENSG00000266947	111
ENSG00000266953	13
ENSG00000266957	178
ENSG00000266961	2
ENSG00000266963	6
ENSG00000266977	41
ENSG00000266980	10
ENSG00000266981	5
ENSG00000266985	2
ENSG00000266987	3
ENSG00000266990	17
ENSG00000266993	4
ENSG00000266994	291
ENSG00000266997	37
ENSG00000266998	84
ENSG00000267000	14
ENSG00000267001	12
ENSG00000267004	3
ENSG00000267006	0
ENSG00000267007	6
ENSG00000267009	491
ENSG00000267011	85
ENSG00000267015	6
ENSG00000267016	57
ENSG00000267022	126
ENSG00000267024	0
ENSG00000267026	67
ENSG00000267027	2
ENSG00000267030	4
ENSG00000267033	10
ENSG00000267035	0
ENSG00000267038	2
ENSG00000267039	81
ENSG00000267042	343
ENSG00000267044	0
ENSG00000267047	53
ENSG00000267049	24
ENSG00000267051	23
ENSG00000267055	82
ENSG00000267059	148
ENSG00000267061	4
ENSG00000267062	54
ENSG00000267069	53
ENSG00000267070	34
ENSG00000267072	26
ENSG00000267073	3
ENSG00000267075	1
ENSG00000267079	31
ENSG00000267081	53
ENSG00000267089	4
ENSG00000267090	8
ENSG00000267095	23
ENSG00000267098	549
ENSG00000267101	138
ENSG00000267108	77
ENSG00000267109	113
ENSG00000267110	6
ENSG00000267114	95
ENSG00000267117	0
ENSG00000267124	5
ENSG00000267127	40
ENSG00000267130	83
ENSG00000267131	286
ENSG00000267133	5
ENSG00000267136	32
ENSG00000267137	6
ENSG00000267139	8
ENSG00000267141	7
ENSG00000267143	2
ENSG00000267149	37
ENSG00000267152	218
ENSG00000267157	0
ENSG00000267159	2
ENSG00000267168	103
ENSG00000267173	68
ENSG00000267175	898
ENSG00000267177	4
ENSG00000267179	485
ENSG00000267188	67
ENSG00000267192	0
ENSG00000267198	43
ENSG00000267199	164
ENSG00000267202	3
ENSG00000267205	7
ENSG00000267211	9
ENSG00000267214	6
ENSG00000267215	5
ENSG00000267219	117
ENSG00000267223	120
ENSG00000267224	1
ENSG00000267228	47
ENSG00000267231	2
ENSG00000267232	9
ENSG00000267234	0
ENSG00000267238	0
ENSG00000267239	8
ENSG00000267240	9
ENSG00000267244	8
ENSG00000267246	78
ENSG00000267248	147
ENSG00000267250	8
ENSG00000267251	55
ENSG00000267255	6
ENSG00000267257	6
ENSG00000267261	16
ENSG00000267273	15
ENSG00000267277	77
ENSG00000267279	13
ENSG00000267283	50
ENSG00000267284	677
ENSG00000267286	0
ENSG00000267287	34
ENSG00000267303	2
ENSG00000267304	17
ENSG00000267314	117
ENSG00000267316	44
ENSG00000267318	110
ENSG00000267320	43
ENSG00000267328	56
ENSG00000267335	18
ENSG00000267338	28
ENSG00000267341	32
ENSG00000267342	11
ENSG00000267344	3
ENSG00000267345	190
ENSG00000267353	2
ENSG00000267356	2
ENSG00000267359	1
ENSG00000267360	179
ENSG00000267363	1
ENSG00000267364	21
ENSG00000267366	2
ENSG00000267372	4
ENSG00000267373	0
ENSG00000267378	4
ENSG00000267379	73
ENSG00000267383	2527
ENSG00000267385	7
ENSG00000267387	7
ENSG00000267388	11
ENSG00000267393	7
ENSG00000267397	15
ENSG00000267401	2
ENSG00000267405	131
ENSG00000267409	2
ENSG00000267420	2
ENSG00000267423	30
ENSG00000267426	120
ENSG00000267439	52
ENSG00000267443	0
ENSG00000267446	2
ENSG00000267448	69
ENSG00000267455	1
ENSG00000267458	12
ENSG00000267461	126
ENSG00000267462	16
ENSG00000267466	20
ENSG00000267469	25
ENSG00000267476	190
ENSG00000267477	31
ENSG00000267491	5
ENSG00000267501	5
ENSG00000267503	8
ENSG00000267505	11
ENSG00000267509	170
ENSG00000267510	10
ENSG00000267523	96
ENSG00000267529	6
ENSG00000267546	233
ENSG00000267547	7
ENSG00000267552	209
ENSG00000267555	9
ENSG00000267559	53
ENSG00000267560	1
ENSG00000267561	46
ENSG00000267563	2
ENSG00000267564	35
ENSG00000267565	11
ENSG00000267567	2
ENSG00000267568	56
ENSG00000267571	77
ENSG00000267580	5
ENSG00000267581	460
ENSG00000267601	0
ENSG00000267605	367
ENSG00000267610	5
ENSG00000267612	3
ENSG00000267615	1
ENSG00000267617	12
ENSG00000267618	102
ENSG00000267625	3
ENSG00000267627	28
ENSG00000267629	4
ENSG00000267633	16
ENSG00000267636	33
ENSG00000267638	20
ENSG00000267643	1
ENSG00000267646	14
ENSG00000267649	15
ENSG00000267650	3
ENSG00000267651	2
ENSG00000267665	27
ENSG00000267666	21
ENSG00000267670	3
ENSG00000267674	3
ENSG00000267675	0
ENSG00000267677	88
ENSG00000267688	72
ENSG00000267695	15
ENSG00000267698	622
ENSG00000267699	492
ENSG00000267703	13
ENSG00000267705	4
ENSG00000267707	173
ENSG00000267709	69
ENSG00000267711	78
ENSG00000267722	1
ENSG00000267723	1007
ENSG00000267724	12
ENSG00000267727	3
ENSG00000267731	130
ENSG00000267732	60
ENSG00000267734	25
ENSG00000267735	11
ENSG00000267737	167
ENSG00000267740	126
ENSG00000267743	15
ENSG00000267745	119
ENSG00000267746	6
ENSG00000267748	231
ENSG00000267755	0
ENSG00000267758	0
ENSG00000267762	83
ENSG00000267769	9
ENSG00000267774	4
ENSG00000267780	15
ENSG00000267782	3
ENSG00000267783	2
ENSG00000267786	97
ENSG00000267787	2140
ENSG00000267789	2
ENSG00000267801	22
ENSG00000267808	4
ENSG00000267811	12
ENSG00000267815	2
ENSG00000267827	340
ENSG00000267834	36
ENSG00000267838	81
ENSG00000267868	2
ENSG00000267872	1
ENSG00000267879	125
ENSG00000267881	97
ENSG00000267882	12
ENSG00000267890	1
ENSG00000267892	42
ENSG00000267898	18
ENSG00000267919	2
ENSG00000267922	246
ENSG00000267924	131
ENSG00000267927	35
ENSG00000267934	16
ENSG00000267939	268
ENSG00000267940	69
ENSG00000267943	151
ENSG00000267952	17
ENSG00000267968	76
ENSG00000267984	11
ENSG00000267992	0
ENSG00000268027	9
ENSG00000268030	23
ENSG00000268047	31
ENSG00000268055	1
ENSG00000268056	131
ENSG00000268069	13
ENSG00000268078	0
ENSG00000268081	732
ENSG00000268083	102
ENSG00000268087	76
ENSG00000268093	77
ENSG00000268107	48
ENSG00000268108	1
ENSG00000268112	23
ENSG00000268119	1375
ENSG00000268120	21
ENSG00000268133	40
ENSG00000268163	1979
ENSG00000268170	10
ENSG00000268173	25
ENSG00000268184	58
ENSG00000268189	36
ENSG00000268191	0
ENSG00000268193	78
ENSG00000268199	17
ENSG00000268204	46
ENSG00000268218	23
ENSG00000268230	6
ENSG00000268240	12
ENSG00000268279	20
ENSG00000268287	3
ENSG00000268289	8
ENSG00000268296	6
ENSG00000268309	0
ENSG00000268326	35
ENSG00000268355	4
ENSG00000268361	60
ENSG00000268375	5
ENSG00000268390	19
ENSG00000268392	254
ENSG00000268400	40
ENSG00000268401	38
ENSG00000268416	17
ENSG00000268434	27
ENSG00000268458	7
ENSG00000268460	44
ENSG00000268465	28
ENSG00000268475	28
ENSG00000268505	81
ENSG00000268509	16
ENSG00000268530	23
ENSG00000268531	0
ENSG00000268533	472
ENSG00000268536	21
ENSG00000268555	477
ENSG00000268560	17
ENSG00000268566	723
ENSG00000268575	1584
ENSG00000268583	130
ENSG00000268584	55
ENSG00000268595	25
ENSG00000268597	0
ENSG00000268615	0
ENSG00000268618	24
ENSG00000268628	22
ENSG00000268635	21
ENSG00000268636	4
ENSG00000268643	55
ENSG00000268649	3
ENSG00000268650	643
ENSG00000268673	6
ENSG00000268677	4
ENSG00000268678	4
ENSG00000268686	49
ENSG00000268739	0
ENSG00000268744	242
ENSG00000268745	0
ENSG00000268746	74
ENSG00000268750	250
ENSG00000268756	10
ENSG00000268764	5
ENSG00000268790	16
ENSG00000268797	2355
ENSG00000268798	15
ENSG00000268810	27
ENSG00000268823	6
ENSG00000268833	185
ENSG00000268836	34
ENSG00000268842	10
ENSG00000268845	0
ENSG00000268854	7
ENSG00000268870	512
ENSG00000268886	33
ENSG00000268896	6
ENSG00000268906	19
ENSG00000268912	144
ENSG00000268926	15
ENSG00000268931	25
ENSG00000268945	118
ENSG00000268981	2717
ENSG00000268985	8
ENSG00000269026	978
ENSG00000269035	55
ENSG00000269043	464
ENSG00000269050	7
ENSG00000269066	49
ENSG00000269068	8
ENSG00000269072	53
ENSG00000269082	174
ENSG00000269085	4
ENSG00000269095	14
ENSG00000269102	126
ENSG00000269106	7
ENSG00000269110	1150
ENSG00000269124	174
ENSG00000269125	3
ENSG00000269139	5
ENSG00000269155	14
ENSG00000269161	7
ENSG00000269177	11
ENSG00000269179	155
ENSG00000269191	22
ENSG00000269194	16
ENSG00000269210	3
ENSG00000269237	4023
ENSG00000269242	49
ENSG00000269256	3
ENSG00000269275	2
ENSG00000269288	2
ENSG00000269292	46
ENSG00000269296	6
ENSG00000269300	5
ENSG00000269307	4
ENSG00000269318	77
ENSG00000269349	1
ENSG00000269350	6
ENSG00000269353	25
ENSG00000269365	16
ENSG00000269371	1
ENSG00000269392	39
ENSG00000269399	46
ENSG00000269403	11
ENSG00000269425	47
ENSG00000269427	51
ENSG00000269445	3
ENSG00000269460	29
ENSG00000269469	26
ENSG00000269476	258
ENSG00000269480	2
ENSG00000269481	72
ENSG00000269482	29
ENSG00000269487	14
ENSG00000269489	0
ENSG00000269495	43
ENSG00000269504	39
ENSG00000269514	485
ENSG00000269534	31
ENSG00000269535	107
ENSG00000269543	2
ENSG00000269547	126
ENSG00000269559	7
ENSG00000269570	6
ENSG00000269583	9
ENSG00000269590	4
ENSG00000269599	9
ENSG00000269600	2
ENSG00000269604	52
ENSG00000269621	107
ENSG00000269635	43
ENSG00000269652	0
ENSG00000269693	300
ENSG00000269694	9
ENSG00000269707	151
ENSG00000269711	7
ENSG00000269729	88
ENSG00000269745	5
ENSG00000269749	327
ENSG00000269752	1
ENSG00000269755	1074
ENSG00000269758	4
ENSG00000269792	11
ENSG00000269796	10
ENSG00000269802	115
ENSG00000269807	132
ENSG00000269813	0
ENSG00000269826	3
ENSG00000269836	8
ENSG00000269842	1
ENSG00000269843	8
ENSG00000269846	7
ENSG00000269873	29
ENSG00000269886	14
ENSG00000269889	28
ENSG00000269892	6
ENSG00000269898	5
ENSG00000269901	14
ENSG00000269903	5
ENSG00000269910	2
ENSG00000269915	178
ENSG00000269927	5
ENSG00000269934	145
ENSG00000269935	3
ENSG00000269937	1
ENSG00000269947	46
ENSG00000269949	9
ENSG00000269950	48
ENSG00000269957	29
ENSG00000269966	222
ENSG00000269967	176
ENSG00000269973	97
ENSG00000269980	1
ENSG00000269982	170
ENSG00000269983	4
ENSG00000269984	42
ENSG00000269987	20
ENSG00000269993	2
ENSG00000270000	42
ENSG00000270008	161
ENSG00000270016	2
ENSG00000270017	0
ENSG00000270020	16
ENSG00000270021	30
ENSG00000270022	264
ENSG00000270035	4
ENSG00000270036	3
ENSG00000270038	0
ENSG00000270050	137
ENSG00000270052	1
ENSG00000270055	218
ENSG00000270066	2779
ENSG00000270068	0
ENSG00000270071	72
ENSG00000270074	0
ENSG00000270075	4
ENSG00000270076	3
ENSG00000270082	5
ENSG00000270087	603
ENSG00000270090	6
ENSG00000270091	8
ENSG00000270096	24
ENSG00000270099	3664
ENSG00000270100	10
ENSG00000270103	146
ENSG00000270104	25
ENSG00000270114	49
ENSG00000270117	21
ENSG00000270127	144
ENSG00000270131	0
ENSG00000270135	18
ENSG00000270139	3
ENSG00000270147	10
ENSG00000270149	1266
ENSG00000270154	28
ENSG00000270159	0
ENSG00000270171	9
ENSG00000270174	88
ENSG00000270175	28
ENSG00000270182	2
ENSG00000270184	8
ENSG00000270207	2110
ENSG00000270210	25
ENSG00000270212	1
ENSG00000270249	62
ENSG00000270265	269
ENSG00000270279	0
ENSG00000270299	8
ENSG00000270302	2
ENSG00000270321	11
ENSG00000270361	4
ENSG00000270380	0
ENSG00000270460	1
ENSG00000270462	3
ENSG00000270482	5
ENSG00000270487	2
ENSG00000270504	42
ENSG00000270540	12
ENSG00000270589	82
ENSG00000270638	32
ENSG00000270659	89
ENSG00000270697	0
ENSG00000270720	7
ENSG00000270725	94
ENSG00000270755	1
ENSG00000270760	14
ENSG00000270792	1914
ENSG00000270823	60
ENSG00000270828	6
ENSG00000270829	2
ENSG00000270871	149
ENSG00000270883	1
ENSG00000270933	32
ENSG00000270947	1
ENSG00000270953	216
ENSG00000270972	1
ENSG00000271009	93
ENSG00000271032	16
ENSG00000271046	1
ENSG00000271109	78
ENSG00000271151	18
ENSG00000271155	37
ENSG00000271156	2
ENSG00000271185	6
ENSG00000271192	0
ENSG00000271201	0
ENSG00000271218	12
ENSG00000271239	0
ENSG00000271265	6
ENSG00000271314	0
ENSG00000271344	50
ENSG00000271366	2
ENSG00000271382	50
ENSG00000271390	3
ENSG00000271398	10
ENSG00000271420	41
ENSG00000271427	14
ENSG00000271434	3
ENSG00000271522	21
ENSG00000271551	48
ENSG00000271553	99
ENSG00000271554	139
ENSG00000271555	6
ENSG00000271579	2
ENSG00000271653	8
ENSG00000271659	9
ENSG00000271670	12
ENSG00000271698	2
ENSG00000271709	6
ENSG00000271715	0
ENSG00000271716	15
ENSG00000271717	115
ENSG00000271725	35
ENSG00000271727	632
ENSG00000271730	19
ENSG00000271732	2
ENSG00000271737	25
ENSG00000271741	16
ENSG00000271743	1
ENSG00000271746	11
ENSG00000271751	6
ENSG00000271752	5
ENSG00000271754	2
ENSG00000271755	7
ENSG00000271758	762
ENSG00000271761	39
ENSG00000271763	50
ENSG00000271771	7
ENSG00000271774	1522
ENSG00000271780	77
ENSG00000271781	19
ENSG00000271787	5
ENSG00000271788	7
ENSG00000271792	4
ENSG00000271793	613
ENSG00000271795	35
ENSG00000271797	4
ENSG00000271803	16
ENSG00000271806	18
ENSG00000271810	12
ENSG00000271820	13
ENSG00000271821	3
ENSG00000271825	6
ENSG00000271828	11
ENSG00000271843	19
ENSG00000271855	24
ENSG00000271857	42
ENSG00000271862	29
ENSG00000271868	9
ENSG00000271871	6
ENSG00000271880	63
ENSG00000271882	6
ENSG00000271893	216
ENSG00000271894	30
ENSG00000271897	2
ENSG00000271901	133
ENSG00000271904	62
ENSG00000271914	0
ENSG00000271916	0
ENSG00000271926	0
ENSG00000271930	4
ENSG00000271933	32
ENSG00000271936	6
ENSG00000271937	5
ENSG00000271938	1
ENSG00000271945	689
ENSG00000271947	1
ENSG00000271949	119
ENSG00000271955	678
ENSG00000271959	60
ENSG00000271963	33
ENSG00000271967	12
ENSG00000271969	34
ENSG00000271971	209
ENSG00000271973	0
ENSG00000271976	41
ENSG00000271978	153
ENSG00000271981	0
ENSG00000271983	7
ENSG00000271984	8
ENSG00000271989	9
ENSG00000271992	0
ENSG00000271996	15
ENSG00000272004	37
ENSG00000272008	36
ENSG00000272010	13
ENSG00000272024	12
ENSG00000272027	50
ENSG00000272030	7
ENSG00000272037	22
ENSG00000272040	66
ENSG00000272043	4
ENSG00000272046	1
ENSG00000272050	1
ENSG00000272056	21
ENSG00000272070	28
ENSG00000272072	20
ENSG00000272076	16
ENSG00000272077	35
ENSG00000272079	29
ENSG00000272084	10
ENSG00000272085	1
ENSG00000272087	0
ENSG00000272088	7
ENSG00000272092	30
ENSG00000272094	8
ENSG00000272100	5
ENSG00000272103	43
ENSG00000272104	65
ENSG00000272106	55
ENSG00000272108	84
ENSG00000272109	44
ENSG00000272112	9
ENSG00000272114	11
ENSG00000272115	6
ENSG00000272121	1
ENSG00000272123	1
ENSG00000272128	3
ENSG00000272129	128
ENSG00000272130	19
ENSG00000272137	142
ENSG00000272141	234
ENSG00000272148	24
ENSG00000272149	6
ENSG00000272153	12
ENSG00000272157	0
ENSG00000272158	2
ENSG00000272162	800
ENSG00000272163	3
ENSG00000272167	2
ENSG00000272173	16
ENSG00000272175	2
ENSG00000272180	1929
ENSG00000272181	6
ENSG00000272182	8
ENSG00000272183	6
ENSG00000272202	5
ENSG00000272203	1
ENSG00000272209	6
ENSG00000272211	20
ENSG00000272221	27
ENSG00000272223	38
ENSG00000272226	1
ENSG00000272234	17
ENSG00000272235	3
ENSG00000272236	6
ENSG00000272240	22
ENSG00000272243	345
ENSG00000272247	6
ENSG00000272248	1
ENSG00000272249	6
ENSG00000272254	4
ENSG00000272255	8
ENSG00000272256	26
ENSG00000272263	8
ENSG00000272265	2
ENSG00000272267	14
ENSG00000272275	5
ENSG00000272277	32
ENSG00000272279	8
ENSG00000272293	20
ENSG00000272297	168
ENSG00000272305	581
ENSG00000272312	19
ENSG00000272316	445
ENSG00000272320	15
ENSG00000272321	2
ENSG00000272329	2
ENSG00000272334	6
ENSG00000272335	257
ENSG00000272338	14
ENSG00000272341	218
ENSG00000272343	14
ENSG00000272345	11
ENSG00000272347	8
ENSG00000272360	6
ENSG00000272361	9
ENSG00000272362	3
ENSG00000272366	5
ENSG00000272368	1257
ENSG00000272371	8
ENSG00000272372	3
ENSG00000272382	3
ENSG00000272396	6
ENSG00000272402	6
ENSG00000272405	8
ENSG00000272406	2
ENSG00000272410	234
ENSG00000272411	5
ENSG00000272416	12
ENSG00000272417	7
ENSG00000272425	11
ENSG00000272426	16
ENSG00000272432	6
ENSG00000272434	18
ENSG00000272438	182
ENSG00000272442	60
ENSG00000272444	18
ENSG00000272446	7
ENSG00000272447	13
ENSG00000272449	47
ENSG00000272456	1
ENSG00000272457	0
ENSG00000272461	72
ENSG00000272463	47
ENSG00000272468	10
ENSG00000272473	4
ENSG00000272476	18
ENSG00000272479	2
ENSG00000272482	77
ENSG00000272483	7
ENSG00000272485	2
ENSG00000272491	46
ENSG00000272501	60
ENSG00000272505	75
ENSG00000272508	90
ENSG00000272509	23
ENSG00000272510	0
ENSG00000272512	49
ENSG00000272516	0
ENSG00000272519	11
ENSG00000272537	1
ENSG00000272540	9
ENSG00000272541	19
ENSG00000272542	3
ENSG00000272554	60
ENSG00000272555	12
ENSG00000272558	60
ENSG00000272563	47
ENSG00000272564	1
ENSG00000272566	6
ENSG00000272567	4
ENSG00000272572	26
ENSG00000272576	30
ENSG00000272582	56
ENSG00000272583	5
ENSG00000272588	160
ENSG00000272599	76
ENSG00000272600	1
ENSG00000272609	23
ENSG00000272622	127
ENSG00000272625	9
ENSG00000272626	57
ENSG00000272630	89
ENSG00000272631	169
ENSG00000272632	2
ENSG00000272638	16
ENSG00000272639	4
ENSG00000272642	24
ENSG00000272646	11
ENSG00000272647	409
ENSG00000272650	70
ENSG00000272656	5
ENSG00000272657	853
ENSG00000272667	29
ENSG00000272668	407
ENSG00000272672	6
ENSG00000272678	20
ENSG00000272682	7
ENSG00000272688	176
ENSG00000272691	4
ENSG00000272692	74
ENSG00000272696	10
ENSG00000272699	10
ENSG00000272702	6
ENSG00000272703	1
ENSG00000272707	6
ENSG00000272715	6
ENSG00000272717	4
ENSG00000272719	14
ENSG00000272720	86
ENSG00000272732	123
ENSG00000272733	64
ENSG00000272735	7
ENSG00000272741	44
ENSG00000272742	18
ENSG00000272744	10
ENSG00000272745	2
ENSG00000272748	1
ENSG00000272750	36
ENSG00000272754	59
ENSG00000272755	2
ENSG00000272764	5
ENSG00000272768	37
ENSG00000272769	4
ENSG00000272770	5
ENSG00000272772	117
ENSG00000272777	24
ENSG00000272783	5
ENSG00000272784	4
ENSG00000272791	21
ENSG00000272797	10
ENSG00000272798	0
ENSG00000272799	0
ENSG00000272800	1296
ENSG00000272807	123
ENSG00000272810	19
ENSG00000272814	0
ENSG00000272815	12
ENSG00000272822	1240
ENSG00000272823	2
ENSG00000272825	0
ENSG00000272829	5
ENSG00000272831	227
ENSG00000272832	4
ENSG00000272836	11
ENSG00000272842	2
ENSG00000272843	2
ENSG00000272844	8
ENSG00000272849	57
ENSG00000272851	13
ENSG00000272854	5
ENSG00000272855	5
ENSG00000272861	0
ENSG00000272862	4
ENSG00000272864	11
ENSG00000272866	3
ENSG00000272871	23
ENSG00000272874	2
ENSG00000272885	16
ENSG00000272892	13
ENSG00000272896	132
ENSG00000272897	13
ENSG00000272905	21
ENSG00000272906	33
ENSG00000272908	10
ENSG00000272910	9
ENSG00000272911	10
ENSG00000272912	9
ENSG00000272915	4
ENSG00000272916	36
ENSG00000272918	129
ENSG00000272921	40
ENSG00000272922	2
ENSG00000272936	24
ENSG00000272940	7
ENSG00000272941	15
ENSG00000272942	0
ENSG00000272944	27
ENSG00000272948	5
ENSG00000272950	3
ENSG00000272953	57
ENSG00000272966	5
ENSG00000272970	419
ENSG00000272973	13
ENSG00000272977	223
ENSG00000272979	16
ENSG00000272980	26
ENSG00000272982	2
ENSG00000272984	2
ENSG00000272986	6
ENSG00000272988	1
ENSG00000272990	8
ENSG00000272991	6
ENSG00000272995	4
ENSG00000273004	27
ENSG00000273007	95
ENSG00000273010	6
ENSG00000273011	1
ENSG00000273012	0
ENSG00000273013	5
ENSG00000273014	78
ENSG00000273025	91
ENSG00000273026	12
ENSG00000273044	2
ENSG00000273047	4
ENSG00000273049	0
ENSG00000273055	4
ENSG00000273056	2
ENSG00000273058	8
ENSG00000273059	0
ENSG00000273063	3
ENSG00000273068	5
ENSG00000273069	1
ENSG00000273073	3
ENSG00000273077	8
ENSG00000273080	44
ENSG00000273088	274
ENSG00000273090	4
ENSG00000273091	6
ENSG00000273098	5
ENSG00000273100	4
ENSG00000273102	2
ENSG00000273108	44
ENSG00000273110	2
ENSG00000273112	120
ENSG00000273113	45
ENSG00000273118	10439
ENSG00000273119	0
ENSG00000273123	4
ENSG00000273124	2
ENSG00000273133	43
ENSG00000273138	4
ENSG00000273139	15
ENSG00000273141	7
ENSG00000273145	17
ENSG00000273149	27
ENSG00000273154	2
ENSG00000273156	95
ENSG00000273165	45
ENSG00000273167	13
ENSG00000273171	6
ENSG00000273174	2
ENSG00000273175	34
ENSG00000273176	4
ENSG00000273177	20
ENSG00000273180	0
ENSG00000273181	4
ENSG00000273183	8
ENSG00000273184	298
ENSG00000273188	14
ENSG00000273189	10
ENSG00000273192	26
ENSG00000273196	38
ENSG00000273198	9
ENSG00000273199	20
ENSG00000273203	17
ENSG00000273204	24
ENSG00000273209	32
ENSG00000273212	2
ENSG00000273214	1
ENSG00000273217	94
ENSG00000273218	10
ENSG00000273219	22
ENSG00000273221	43
ENSG00000273226	26
ENSG00000273230	90
ENSG00000273233	3
ENSG00000273240	9
ENSG00000273244	11
ENSG00000273245	40
ENSG00000273248	107
ENSG00000273254	13
ENSG00000273258	23
ENSG00000273259	74
ENSG00000273261	2
ENSG00000273262	1
ENSG00000273264	1
ENSG00000273267	3
ENSG00000273269	116
ENSG00000273271	8
ENSG00000273275	1
ENSG00000273287	11
ENSG00000273289	24
ENSG00000273291	717
ENSG00000273293	1
ENSG00000273295	122
ENSG00000273300	5
ENSG00000273302	8
ENSG00000273305	16
ENSG00000273306	15
ENSG00000273308	0
ENSG00000273314	19
ENSG00000273319	27
ENSG00000273321	0
ENSG00000273325	0
ENSG00000273329	583
ENSG00000273335	4
ENSG00000273338	15
ENSG00000273341	12
ENSG00000273342	0
ENSG00000273345	366
ENSG00000273348	1
ENSG00000273355	20
ENSG00000273361	18
ENSG00000273362	3
ENSG00000273365	0
ENSG00000273367	2
ENSG00000273374	24
ENSG00000273375	10
ENSG00000273384	10
ENSG00000273387	46
ENSG00000273388	48
ENSG00000273391	12
ENSG00000273394	1
ENSG00000273398	226
ENSG00000273399	0
ENSG00000273403	3
ENSG00000273406	0
ENSG00000273416	35
ENSG00000273419	11
ENSG00000273424	5
ENSG00000273428	5
ENSG00000273437	12
ENSG00000273442	5
ENSG00000273443	2
ENSG00000273445	0
ENSG00000273447	0
ENSG00000273448	224
ENSG00000273449	82
ENSG00000273450	4
ENSG00000273454	21
ENSG00000273455	6
ENSG00000273456	65
ENSG00000273461	9
ENSG00000273471	15
ENSG00000273473	7
ENSG00000273474	11
ENSG00000273476	5
ENSG00000273481	3
ENSG00000273483	3
ENSG00000273487	9
ENSG00000273489	18
ENSG00000273493	6
ENSG00000273507	432
ENSG00000273521	27
ENSG00000273523	10
ENSG00000273550	63
ENSG00000273551	6
ENSG00000273552	15
ENSG00000273565	14
ENSG00000273576	42
ENSG00000273582	2
ENSG00000273599	32
ENSG00000273637	53
ENSG00000273639	49
ENSG00000273650	2
ENSG00000273664	4
ENSG00000273669	2
ENSG00000273674	744
ENSG00000273680	10
ENSG00000273687	7
ENSG00000273702	30
ENSG00000273711	102
ENSG00000273729	59
ENSG00000273733	224
ENSG00000273734	306
ENSG00000273771	91
ENSG00000273784	1255
ENSG00000273805	31
ENSG00000273816	14
ENSG00000273821	0
ENSG00000273828	216
ENSG00000273838	13
ENSG00000273840	50
ENSG00000273877	4
ENSG00000273890	8
ENSG00000273891	27
ENSG00000273901	8
ENSG00000273925	0
ENSG00000273956	93
ENSG00000273965	1
ENSG00000273971	6
ENSG00000273972	3
ENSG00000273980	2
ENSG00000273982	0
ENSG00000273998	19
ENSG00000274002	5
ENSG00000274015	336
ENSG00000274021	25
ENSG00000274029	0
ENSG00000274090	147
ENSG00000274092	8
ENSG00000274104	28
ENSG00000274124	3
ENSG00000274156	6
ENSG00000274177	2
ENSG00000274184	99
ENSG00000274191	12
ENSG00000274198	0
ENSG00000274213	21
ENSG00000274215	11
ENSG00000274220	134
ENSG00000274227	4
ENSG00000274238	0
ENSG00000274248	3
ENSG00000274253	295
ENSG00000274261	3
ENSG00000274269	26
ENSG00000274272	1
ENSG00000274281	1
ENSG00000274292	44
ENSG00000274294	6
ENSG00000274315	19
ENSG00000274322	3401
ENSG00000274331	3
ENSG00000274340	6
ENSG00000274341	103
ENSG00000274363	3
ENSG00000274367	8
ENSG00000274370	13
ENSG00000274373	13
ENSG00000274379	0
ENSG00000274383	928
ENSG00000274387	6
ENSG00000274400	5
ENSG00000274403	51
ENSG00000274415	4
ENSG00000274422	6341
ENSG00000274425	18
ENSG00000274441	52
ENSG00000274444	39
ENSG00000274447	5
ENSG00000274460	61
ENSG00000274492	39
ENSG00000274501	2
ENSG00000274515	4
ENSG00000274554	8
ENSG00000274560	2
ENSG00000274561	199
ENSG00000274565	109
ENSG00000274629	26
ENSG00000274630	0
ENSG00000274670	0
ENSG00000274678	13
ENSG00000274685	0
ENSG00000274695	21
ENSG00000274698	43
ENSG00000274723	9
ENSG00000274751	9
ENSG00000274758	11
ENSG00000274766	148
ENSG00000274767	98
ENSG00000274769	80
ENSG00000274776	38
ENSG00000274797	7
ENSG00000274798	3
ENSG00000274818	1
ENSG00000274825	9
ENSG00000274833	15
ENSG00000274834	0
ENSG00000274859	4
ENSG00000274863	117
ENSG00000274893	11
ENSG00000274904	10
ENSG00000274918	8
ENSG00000274922	20
ENSG00000274937	0
ENSG00000274949	120
ENSG00000274979	46
ENSG00000274987	31
ENSG00000274993	17
ENSG00000274996	2
ENSG00000275005	14
ENSG00000275016	458
ENSG00000275024	5
ENSG00000275025	1
ENSG00000275038	6
ENSG00000275040	0
ENSG00000275055	48
ENSG00000275088	4
ENSG00000275091	10
ENSG00000275097	4
ENSG00000275119	771
ENSG00000275139	14
ENSG00000275173	2
ENSG00000275178	2
ENSG00000275185	7
ENSG00000275186	1
ENSG00000275197	11
ENSG00000275202	17
ENSG00000275210	68
ENSG00000275216	15
ENSG00000275223	28
ENSG00000275228	4
ENSG00000275232	25
ENSG00000275234	44
ENSG00000275263	4
ENSG00000275265	0
ENSG00000275285	2
ENSG00000275286	0
ENSG00000275297	0
ENSG00000275327	7
ENSG00000275329	10
ENSG00000275332	3
ENSG00000275358	0
ENSG00000275367	255
ENSG00000275371	3
ENSG00000275383	35
ENSG00000275390	18
ENSG00000275392	4
ENSG00000275401	7
ENSG00000275409	8
ENSG00000275413	39
ENSG00000275427	4
ENSG00000275431	3
ENSG00000275438	16
ENSG00000275443	965
ENSG00000275445	3
ENSG00000275454	10
ENSG00000275457	11
ENSG00000275465	206
ENSG00000275476	2
ENSG00000275479	4
ENSG00000275496	3
ENSG00000275512	7
ENSG00000275516	4
ENSG00000275532	43
ENSG00000275552	9
ENSG00000275557	103
ENSG00000275563	18
ENSG00000275569	6
ENSG00000275582	7
ENSG00000275613	8
ENSG00000275630	7
ENSG00000275638	19
ENSG00000275649	441
ENSG00000275665	52
ENSG00000275672	24
ENSG00000275674	799
ENSG00000275676	74
ENSG00000275709	12
ENSG00000275710	0
ENSG00000275719	19
ENSG00000275720	1
ENSG00000275728	0
ENSG00000275734	394
ENSG00000275741	189
ENSG00000275759	19
ENSG00000275807	49
ENSG00000275812	5
ENSG00000275846	22
ENSG00000275857	10
ENSG00000275897	6
ENSG00000275898	6
ENSG00000275902	30
ENSG00000275910	23
ENSG00000275936	6
ENSG00000275944	31
ENSG00000275963	3
ENSG00000275964	46
ENSG00000275965	1
ENSG00000276012	2
ENSG00000276063	0
ENSG00000276071	76
ENSG00000276075	55
ENSG00000276087	69
ENSG00000276101	30
ENSG00000276110	14
ENSG00000276122	3
ENSG00000276131	2
ENSG00000276136	24
ENSG00000276148	33
ENSG00000276166	11
ENSG00000276170	47
ENSG00000276188	3
ENSG00000276216	56
ENSG00000276241	112
ENSG00000276250	15
ENSG00000276251	0
ENSG00000276261	7
ENSG00000276272	0
ENSG00000276292	7
ENSG00000276302	180
ENSG00000276308	2
ENSG00000276317	23
ENSG00000276348	9
ENSG00000276384	5
ENSG00000276403	0
ENSG00000276406	0
ENSG00000276407	49
ENSG00000276408	3
ENSG00000276411	5
ENSG00000276412	74
ENSG00000276418	40
ENSG00000276422	24
ENSG00000276436	6
ENSG00000276445	19
ENSG00000276449	75
ENSG00000276454	0
ENSG00000276487	7
ENSG00000276488	12
ENSG00000276490	1367
ENSG00000276502	15
ENSG00000276509	3
ENSG00000276519	0
ENSG00000276527	49
ENSG00000276529	33
ENSG00000276570	26
ENSG00000276571	9
ENSG00000276627	5
ENSG00000276649	143
ENSG00000276651	19
ENSG00000276663	4
ENSG00000276687	8
ENSG00000276691	3
ENSG00000276693	1
ENSG00000276698	13
ENSG00000276702	13
ENSG00000276707	9
ENSG00000276727	13
ENSG00000276728	101
ENSG00000276742	14
ENSG00000276754	6
ENSG00000276768	42
ENSG00000276772	9
ENSG00000276790	1
ENSG00000276791	18
ENSG00000276807	2
ENSG00000276814	5
ENSG00000276831	8
ENSG00000276842	41
ENSG00000276846	7
ENSG00000276850	1157
ENSG00000276851	6
ENSG00000276855	8
ENSG00000276863	18
ENSG00000276867	15
ENSG00000276952	23
ENSG00000276957	6
ENSG00000276968	11
ENSG00000276972	9
ENSG00000276984	0
ENSG00000276993	2
ENSG00000276997	84
ENSG00000277007	273
ENSG00000277010	28
ENSG00000277011	7
ENSG00000277017	5
ENSG00000277020	34
ENSG00000277022	69
ENSG00000277047	53
ENSG00000277087	7
ENSG00000277128	37
ENSG00000277144	12
ENSG00000277151	146
ENSG00000277152	187
ENSG00000277159	16
ENSG00000277182	52
ENSG00000277186	6
ENSG00000277214	3
ENSG00000277228	30
ENSG00000277235	7
ENSG00000277245	9
ENSG00000277247	1
ENSG00000277270	11
ENSG00000277287	223
ENSG00000277301	53
ENSG00000277324	9
ENSG00000277332	41
ENSG00000277350	87
ENSG00000277351	35
ENSG00000277368	12
ENSG00000277369	31
ENSG00000277382	28
ENSG00000277412	3
ENSG00000277423	18
ENSG00000277425	77
ENSG00000277453	4
ENSG00000277463	14
ENSG00000277476	165
ENSG00000277482	0
ENSG00000277491	5
ENSG00000277501	82
ENSG00000277504	2
ENSG00000277550	2
ENSG00000277559	31
ENSG00000277597	5
ENSG00000277602	18
ENSG00000277611	455
ENSG00000277621	2
ENSG00000277675	19
ENSG00000277684	6
ENSG00000277688	30
ENSG00000277692	16
ENSG00000277693	19
ENSG00000277695	12
ENSG00000277701	51
ENSG00000277715	39
ENSG00000277728	15
ENSG00000277738	0
ENSG00000277757	191
ENSG00000277763	6
ENSG00000277767	46
ENSG00000277782	4
ENSG00000277797	0
ENSG00000277801	2
ENSG00000277825	16
ENSG00000277831	1
ENSG00000277837	6
ENSG00000277855	1089
ENSG00000277863	1
ENSG00000277873	7
ENSG00000277879	18
ENSG00000277895	3
ENSG00000277901	12
ENSG00000277930	3
ENSG00000277938	61
ENSG00000277954	79
ENSG00000277959	48
ENSG00000277969	24
ENSG00000277971	18
ENSG00000277978	1
ENSG00000277997	0
ENSG00000278002	27
ENSG00000278011	3
ENSG00000278013	51
ENSG00000278017	8
ENSG00000278035	8
ENSG00000278041	15
ENSG00000278058	12
ENSG00000278060	2
ENSG00000278071	5
ENSG00000278075	8
ENSG00000278147	0
ENSG00000278153	8
ENSG00000278177	26
ENSG00000278192	15
ENSG00000278206	414
ENSG00000278231	32
ENSG00000278239	2
ENSG00000278254	212
ENSG00000278255	1
ENSG00000278276	12
ENSG00000278291	72
ENSG00000278305	14
ENSG00000278341	2
ENSG00000278344	3
ENSG00000278367	10
ENSG00000278370	0
ENSG00000278376	67
ENSG00000278385	3
ENSG00000278389	7
ENSG00000278408	102
ENSG00000278419	38
ENSG00000278445	0
ENSG00000278456	4
ENSG00000278464	10
ENSG00000278467	53
ENSG00000278518	0
ENSG00000278546	12
ENSG00000278595	0
ENSG00000278601	100
ENSG00000278607	8
ENSG00000278626	1
ENSG00000278627	19
ENSG00000278638	11
ENSG00000278642	9
ENSG00000278657	3
ENSG00000278668	52
ENSG00000278703	0
ENSG00000278713	7
ENSG00000278722	2
ENSG00000278727	11
ENSG00000278730	738
ENSG00000278737	8
ENSG00000278740	62
ENSG00000278743	93
ENSG00000278765	12
ENSG00000278766	15
ENSG00000278769	46
ENSG00000278816	17
ENSG00000278831	16
ENSG00000278834	52
ENSG00000278847	15
ENSG00000278869	9
ENSG00000278890	46
ENSG00000278899	1
ENSG00000278903	4
ENSG00000278907	0
ENSG00000278911	1
ENSG00000278920	62
ENSG00000278923	10
ENSG00000278925	15
ENSG00000278932	104
ENSG00000278944	13
ENSG00000278946	1
ENSG00000278996	355
ENSG00000279006	3
ENSG00000279028	1
ENSG00000279068	27
ENSG00000279070	9
ENSG00000279072	25
ENSG00000279073	71
ENSG00000279080	65
ENSG00000279085	23
ENSG00000279110	55
ENSG00000279145	16
ENSG00000279151	6
ENSG00000279159	90
ENSG00000279168	76
ENSG00000279182	2
ENSG00000279217	31
ENSG00000279232	9
ENSG00000279240	20
ENSG00000279277	174
ENSG00000279278	8
ENSG00000279298	2
ENSG00000279317	1024
ENSG00000279321	3
ENSG00000279325	4
ENSG00000279345	13
ENSG00000279440	18
ENSG00000279442	4
ENSG00000279458	26
ENSG00000279467	20
ENSG00000279472	7
ENSG00000279494	21
ENSG00000279501	35
ENSG00000279529	126
ENSG00000279548	1
ENSG00000279558	27
ENSG00000279571	13
ENSG00000279622	61
ENSG00000279652	39
ENSG00000279658	134
ENSG00000279669	26
ENSG00000279686	57
ENSG00000279714	9
ENSG00000279726	164
ENSG00000279738	86
ENSG00000279762	51
ENSG00000279765	211
ENSG00000279848	4
ENSG00000279851	113
ENSG00000279855	2
ENSG00000279914	2
ENSG00000279927	64
ENSG00000279954	33
ENSG00000279956	274
ENSG00000279973	2
ENSG00000279983	347
ENSG00000280007	59
ENSG00000280011	61
ENSG00000280018	1
ENSG00000280025	11
ENSG00000280026	1
ENSG00000280029	60
ENSG00000280108	3
ENSG00000280136	168
ENSG00000280145	2
ENSG00000280148	2
ENSG00000280164	12
ENSG00000280169	9
ENSG00000280195	79
ENSG00000280199	1
ENSG00000280224	0
ENSG00000280273	5
ENSG00000280299	28
ENSG00000280336	2
ENSG00000280356	18
ENSG00000280366	11
ENSG00000280382	17
ENSG00000280383	130
ENSG00000280418	8
ENSG00000280425	2
ENSG00000280441	80
ENSG00000280445	9
ENSG00000280455	10
ENSG00000280485	12
ENSG00000280486	10
ENSG00000280511	0
ENSG00000280537	45
ENSG00000280561	10
ENSG00000280571	241
ENSG00000280607	4
ENSG00000280758	20
ENSG00000280778	30
ENSG00000280850	36
ENSG00000280878	314
ENSG00000280881	1
ENSG00000280893	19
ENSG00000280920	0
ENSG00000280936	0
ENSG00000281016	281
ENSG00000281021	36
ENSG00000281039	242
ENSG00000281091	256
ENSG00000281120	32
ENSG00000281160	3
ENSG00000281167	140
ENSG00000281333	287
ENSG00000281365	2
ENSG00000281383	39
ENSG00000281386	392
ENSG00000281460	0
ENSG00000281538	73
ENSG00000281593	2615
ENSG00000281613	48
ENSG00000281655	58
ENSG00000281883	74
ENSG00000281938	4
ENSG00000282012	5
ENSG00000282021	9
ENSG00000282022	561
ENSG00000282024	13
ENSG00000282041	10
ENSG00000282080	59
ENSG00000282097	49
ENSG00000282121	2
ENSG00000282142	1086
ENSG00000282143	6
ENSG00000282199	14
ENSG00000282218	274
ENSG00000282221	49
ENSG00000282265	0
ENSG00000282278	1496
ENSG00000282304	101
ENSG00000282317	0
ENSG00000282381	177
ENSG00000282386	21
ENSG00000282393	30
ENSG00000282408	7
ENSG00000282418	53
ENSG00000282440	49
ENSG00000282478	6
ENSG00000282527	84
ENSG00000282556	4069
ENSG00000282564	361
ENSG00000282602	2
ENSG00000282686	0
ENSG00000282718	2
ENSG00000282740	0
ENSG00000282759	0
ENSG00000282772	78
ENSG00000282787	1
ENSG00000282793	0
ENSG00000282804	15
ENSG00000282816	6
ENSG00000282828	38
ENSG00000282836	2
ENSG00000282843	127
ENSG00000282849	36
ENSG00000282863	214
ENSG00000282876	2
ENSG00000282882	62
ENSG00000282885	372
ENSG00000282887	2
ENSG00000282906	5
ENSG00000282914	16
ENSG00000282944	4
ENSG00000282950	0
ENSG00000282951	135
ENSG00000282952	15
ENSG00000282965	124
ENSG00000282987	574
ENSG00000282988	162
ENSG00000282998	531
ENSG00000283001	9
ENSG00000283003	196
ENSG00000283025	6
ENSG00000283031	182
ENSG00000283033	2
ENSG00000283044	24
ENSG00000283058	14
ENSG00000283061	8
ENSG00000283072	97
ENSG00000283078	26
ENSG00000283095	9
ENSG00000283096	6
ENSG00000283098	827
ENSG00000283103	198
ENSG00000283108	418
ENSG00000283118	9
ENSG00000283125	3
ENSG00000283128	140
ENSG00000283138	9
ENSG00000283148	10
ENSG00000283149	27
ENSG00000283155	201
ENSG00000283157	2
ENSG00000283164	7
ENSG00000283175	8
ENSG00000283201	205
ENSG00000283205	2
ENSG00000283208	53
ENSG00000283213	5
ENSG00000283217	94
ENSG00000283221	19
ENSG00000283228	7
ENSG00000283235	100
ENSG00000283240	425
ENSG00000283258	75
ENSG00000283286	41
ENSG00000283294	634
ENSG00000283303	0
ENSG00000283321	142
ENSG00000283341	12
ENSG00000283347	38
ENSG00000283360	100
ENSG00000283380	935
ENSG00000283383	13
ENSG00000283384	123
ENSG00000283392	132
ENSG00000283400	70
ENSG00000283403	173
ENSG00000283405	2
ENSG00000283411	176
ENSG00000283413	24
ENSG00000283415	639
ENSG00000283445	510
ENSG00000283457	27
ENSG00000283458	75
ENSG00000283459	4
ENSG00000283462	7
ENSG00000283480	1043
ENSG00000283504	125
ENSG00000283515	45
ENSG00000283517	54
ENSG00000283536	2
ENSG00000283538	173
ENSG00000283546	15
ENSG00000283549	8
ENSG00000283563	458
ENSG00000283573	100
ENSG00000283579	286
ENSG00000283580	151
ENSG00000283627	12
ENSG00000283629	26
ENSG00000283631	6
ENSG00000283633	265
ENSG00000283635	52
ENSG00000283647	1
ENSG00000283648	99
ENSG00000283662	4
ENSG00000283663	47
ENSG00000283667	11
ENSG00000283674	3215
ENSG00000283684	7
ENSG00000283689	94
ENSG00000283692	743
ENSG00000283696	515
ENSG00000283743	1
ENSG00000283757	1026
ENSG00000283761	68
ENSG00000283765	17
ENSG00000283766	2
ENSG00000283769	12
ENSG00000283782	2114
ENSG00000283809	1
ENSG00000283839	9
ENSG00000283877	75
ENSG00000283886	249
ENSG00000283897	54
ENSG00000283907	323
ENSG00000283913	1084
ENSG00000283914	12
ENSG00000283959	276
ENSG00000283973	25
ENSG00000283977	1577
ENSG00000283982	557
ENSG00000283991	6
ENSG00000283999	10
ENSG00000284048	11
ENSG00000284052	1325
ENSG00000284057	146
ENSG00000284070	3
ENSG00000284116	1555
ENSG00000284196	197
ENSG00000284292	128
ENSG00000284309	4
ENSG00000284337	0
ENSG00000284376	36
ENSG00000284377	275
ENSG00000284391	46
ENSG00000284393	24
ENSG00000284430	71
ENSG00000284452	1
ENSG00000284461	101
ENSG00000284500	3
ENSG00000284512	77
ENSG00000284523	373
ENSG00000284526	39
ENSG00000284534	36
ENSG00000284554	9
ENSG00000284600	44
ENSG00000284601	9
ENSG00000284602	173
ENSG00000284606	514
ENSG00000284607	199
ENSG00000284612	33
ENSG00000284616	5
ENSG00000284618	3
ENSG00000284624	1943
ENSG00000284626	100
ENSG00000284632	66
ENSG00000284633	133
ENSG00000284634	2420
ENSG00000284640	37
ENSG00000284641	4
ENSG00000284642	57
ENSG00000284644	750
ENSG00000284645	5
ENSG00000284646	122
ENSG00000284650	8
ENSG00000284652	4
ENSG00000284653	39
ENSG00000284656	2
ENSG00000284657	38
ENSG00000284664	29
ENSG00000284669	170
ENSG00000284675	30
ENSG00000284676	7
ENSG00000284685	1787
ENSG00000284686	320
ENSG00000284691	63
ENSG00000284692	14
ENSG00000284694	6
ENSG00000284695	96
ENSG00000284697	615
ENSG00000284699	70
ENSG00000284700	20
ENSG00000284702	20
ENSG00000284703	10
ENSG00000284705	5
ENSG00000284707	5843
ENSG00000284708	56
ENSG00000284710	2
ENSG00000284716	96
ENSG00000284719	47
ENSG00000284720	0
ENSG00000284721	86
ENSG00000284722	26
ENSG00000284726	98
ENSG00000284732	5
ENSG00000284734	50
ENSG00000284735	71
ENSG00000284738	65
ENSG00000284739	4
ENSG00000284743	3
ENSG00000284744	13
ENSG00000284745	15
ENSG00000284747	140
ENSG00000284748	22
ENSG00000284772	419
ENSG00000284773	191
ENSG00000284776	169
ENSG00000284800	6
ENSG00000284803	19
ENSG00000284808	40
ENSG00000284820	4
ENSG00000284823	54
ENSG00000284825	50
ENSG00000284837	0
ENSG00000284839	1
ENSG00000284846	20
ENSG00000284876	42
ENSG00000284882	39
ENSG00000284906	311
ENSG00000284914	5
ENSG00000284928	2
ENSG00000284930	29
ENSG00000284931	0
ENSG00000284946	47
ENSG00000284952	107
ENSG00000284957	8
ENSG00000284966	133
ENSG00000284969	18
ENSG00000284977	302
ENSG00000284987	43
ENSG00000284989	4
ENSG00000284994	5
ENSG00000284999	911
ENSG00000285000	299
ENSG00000285006	8
ENSG00000285012	19
ENSG00000285016	422
ENSG00000285018	155
ENSG00000285040	21
ENSG00000285041	2
ENSG00000285043	386
ENSG00000285064	5
ENSG00000285068	26
ENSG00000285079	14
ENSG00000285080	737
ENSG00000285082	46
ENSG00000285090	1396
ENSG00000285091	243
ENSG00000285095	689
ENSG00000285108	737
ENSG00000285117	145
ENSG00000285128	27
ENSG00000285130	865
ENSG00000285144	24
ENSG00000285155	254
ENSG00000285159	76
ENSG00000285162	42
ENSG00000285163	31
ENSG00000285165	4
ENSG00000285169	25
ENSG00000285171	11
ENSG00000285177	9
ENSG00000285179	22
ENSG00000285201	49
ENSG00000285212	58
ENSG00000285216	106
ENSG00000285220	129
ENSG00000285238	33
ENSG00000285239	2
ENSG00000285245	56
ENSG00000285253	1718
ENSG00000285269	101
ENSG00000285283	168
ENSG00000285300	197
ENSG00000285304	39
ENSG00000285314	6
ENSG00000285325	1
ENSG00000285329	1351
ENSG00000285330	10
ENSG00000285338	5
ENSG00000285354	17
ENSG00000285361	5
ENSG00000285374	1
ENSG00000285382	618
ENSG00000285402	426
ENSG00000285404	251
ENSG00000285407	512
ENSG00000285409	124
ENSG00000285412	0
ENSG00000285413	3
ENSG00000285424	320
ENSG00000285444	95
ENSG00000285446	90
ENSG00000285467	116
ENSG00000285471	612
ENSG00000285473	220
ENSG00000285486	1
ENSG00000285492	120
ENSG00000285505	68
ENSG00000285517	136
ENSG00000285518	9
ENSG00000285519	133
ENSG00000285520	293
ENSG00000285521	12
ENSG00000285523	3
ENSG00000285524	0
ENSG00000285525	15
ENSG00000285526	13
ENSG00000285527	2
ENSG00000285528	8
ENSG00000285529	98
ENSG00000285530	168
ENSG00000285534	650
ENSG00000285535	2031
ENSG00000285538	3
ENSG00000285539	32
ENSG00000285540	38
ENSG00000285541	64
ENSG00000285542	426
ENSG00000285543	23
ENSG00000285544	161
ENSG00000285545	3
ENSG00000285547	88
ENSG00000285548	36
ENSG00000285549	66
ENSG00000285550	310
ENSG00000285552	52
ENSG00000285553	105
ENSG00000285555	7
ENSG00000285556	29
ENSG00000285557	300
ENSG00000285558	191
ENSG00000285561	4
ENSG00000285562	1
ENSG00000285563	7
ENSG00000285564	13
ENSG00000285565	369
ENSG00000285566	0
ENSG00000285567	350
ENSG00000285568	17
ENSG00000285569	114
ENSG00000285570	139
ENSG00000285571	18
ENSG00000285572	705
ENSG00000285573	1
ENSG00000285575	12
ENSG00000285577	37
ENSG00000285579	933
ENSG00000285580	0
ENSG00000285581	137
ENSG00000285582	1530
ENSG00000285584	31
ENSG00000285585	101
ENSG00000285586	7
ENSG00000285587	65
ENSG00000285588	52
ENSG00000285589	301
ENSG00000285590	23
ENSG00000285591	23
ENSG00000285593	0
ENSG00000285595	39
ENSG00000285596	248
ENSG00000285597	5
ENSG00000285598	7
ENSG00000285599	24
ENSG00000285600	15
ENSG00000285601	29
ENSG00000285602	30
ENSG00000285603	11
ENSG00000285604	4
ENSG00000285605	80
ENSG00000285606	4
ENSG00000285608	99
ENSG00000285610	6
ENSG00000285612	14
ENSG00000285613	37
ENSG00000285614	4
ENSG00000285615	7
ENSG00000285616	12
ENSG00000285619	398
ENSG00000285621	96
ENSG00000285622	1153
ENSG00000285623	17
ENSG00000285624	9
ENSG00000285627	11
ENSG00000285628	60
ENSG00000285629	35
ENSG00000285630	1
ENSG00000285631	2
ENSG00000285632	43
ENSG00000285633	198
ENSG00000285634	94
ENSG00000285635	215
ENSG00000285636	84
ENSG00000285637	173
ENSG00000285638	1596
ENSG00000285639	65
ENSG00000285640	6
ENSG00000285641	179
ENSG00000285642	5
ENSG00000285643	2
ENSG00000285644	20
ENSG00000285645	21
ENSG00000285646	140
ENSG00000285647	8
ENSG00000285648	21
ENSG00000285649	29
ENSG00000285650	68
ENSG00000285651	61
ENSG00000285652	17
ENSG00000285653	1
ENSG00000285654	1
ENSG00000285655	13
ENSG00000285656	61
ENSG00000285658	218
ENSG00000285660	0
ENSG00000285661	4
ENSG00000285663	13
ENSG00000285664	1339
ENSG00000285666	143
ENSG00000285667	957
ENSG00000285668	23
ENSG00000285669	364
ENSG00000285670	5
ENSG00000285671	3
ENSG00000285672	11
ENSG00000285673	182
ENSG00000285675	48
ENSG00000285676	35
ENSG00000285677	149
ENSG00000285679	9793
ENSG00000285680	30
ENSG00000285681	358
ENSG00000285683	158
ENSG00000285684	214
ENSG00000285685	3
ENSG00000285688	213
ENSG00000285689	2
ENSG00000285691	61
ENSG00000285693	902
ENSG00000285694	11
ENSG00000285695	84
ENSG00000285696	218
ENSG00000285698	27
ENSG00000285699	54
ENSG00000285700	0
ENSG00000285701	18
ENSG00000285702	7
ENSG00000285703	42
ENSG00000285704	13
ENSG00000285705	47
ENSG00000285706	173
ENSG00000285707	2
ENSG00000285708	773
ENSG00000285709	7
ENSG00000285710	187
ENSG00000285712	44
ENSG00000285714	4
ENSG00000285715	59
ENSG00000285716	1
ENSG00000285717	55
ENSG00000285718	169
ENSG00000285719	25
ENSG00000285722	2
ENSG00000285724	184
ENSG00000285726	8
ENSG00000285727	5
ENSG00000285728	337
ENSG00000285729	23
ENSG00000285730	11
ENSG00000285731	163
ENSG00000285732	2
ENSG00000285733	61
ENSG00000285734	31
ENSG00000285736	51
ENSG00000285738	3
ENSG00000285739	0
ENSG00000285740	2
ENSG00000285741	587
ENSG00000285742	3
ENSG00000285743	75
ENSG00000285747	8
ENSG00000285748	8
ENSG00000285749	46
ENSG00000285750	11
ENSG00000285751	1864
ENSG00000285754	86
ENSG00000285756	1409
ENSG00000285758	97
ENSG00000285759	3
ENSG00000285761	26
ENSG00000285762	0
ENSG00000285763	146
ENSG00000285764	3
ENSG00000285766	14
ENSG00000285769	188
ENSG00000285770	3
ENSG00000285771	11
ENSG00000285773	74
ENSG00000285775	2
ENSG00000285777	275
ENSG00000285778	191
ENSG00000285779	78
ENSG00000285780	61
ENSG00000285782	169
ENSG00000285783	122
ENSG00000285784	777
ENSG00000285785	39
ENSG00000285786	0
ENSG00000285788	2
ENSG00000285789	100
ENSG00000285790	14
ENSG00000285791	91
ENSG00000285792	1
ENSG00000285796	215
ENSG00000285797	61
ENSG00000285798	66
ENSG00000285800	3
ENSG00000285801	240
ENSG00000285802	51
ENSG00000285803	22
ENSG00000285805	7
ENSG00000285806	14
ENSG00000285807	2
ENSG00000285809	3
ENSG00000285810	22
ENSG00000285811	2
ENSG00000285812	45
ENSG00000285813	5
ENSG00000285816	421
ENSG00000285817	334
ENSG00000285819	47
ENSG00000285820	177
ENSG00000285821	3
ENSG00000285822	63
ENSG00000285824	10
ENSG00000285826	207
ENSG00000285827	25
ENSG00000285829	37
ENSG00000285830	20
ENSG00000285831	107
ENSG00000285833	1
ENSG00000285834	229
ENSG00000285835	2037
ENSG00000285836	23
ENSG00000285837	26
ENSG00000285838	188
ENSG00000285840	33
ENSG00000285841	12
ENSG00000285842	260
ENSG00000285846	5
ENSG00000285847	194
ENSG00000285848	342
ENSG00000285849	9
ENSG00000285850	12
ENSG00000285851	1663
ENSG00000285852	15
ENSG00000285853	8
ENSG00000285854	403
ENSG00000285855	4
ENSG00000285856	14
ENSG00000285857	104
ENSG00000285858	17
ENSG00000285859	1275
ENSG00000285860	291
ENSG00000285861	86
ENSG00000285864	32
ENSG00000285865	12
ENSG00000285867	415
ENSG00000285868	684
ENSG00000285870	5
ENSG00000285871	28
ENSG00000285872	44
ENSG00000285873	129
ENSG00000285876	1054
ENSG00000285877	429
ENSG00000285878	94
ENSG00000285879	53
ENSG00000285880	623
ENSG00000285881	12
ENSG00000285883	6
ENSG00000285884	26
ENSG00000285885	108
ENSG00000285886	7
ENSG00000285887	32
ENSG00000285888	116
ENSG00000285889	160
ENSG00000285890	15
ENSG00000285894	309
ENSG00000285895	4
ENSG00000285897	9
ENSG00000285898	47
ENSG00000285899	119
ENSG00000285900	6
ENSG00000285901	138
ENSG00000285902	289
ENSG00000285904	217
ENSG00000285906	163
ENSG00000285907	61
ENSG00000285908	28
ENSG00000285909	225
ENSG00000285910	0
ENSG00000285911	60
ENSG00000285914	29
ENSG00000285915	12
ENSG00000285917	0
ENSG00000285918	12
ENSG00000285919	99
ENSG00000285920	276
ENSG00000285921	225
ENSG00000285922	11
ENSG00000285923	35
ENSG00000285925	8
ENSG00000285926	20
ENSG00000285928	5
ENSG00000285929	6
ENSG00000285930	41
ENSG00000285931	7
ENSG00000285932	672
ENSG00000285933	27
ENSG00000285934	22
ENSG00000285935	33
ENSG00000285936	1
ENSG00000285938	42
ENSG00000285939	1597
ENSG00000285941	154
ENSG00000285942	182
ENSG00000285945	265
ENSG00000285947	31
ENSG00000285948	50
ENSG00000285952	77
ENSG00000285954	16
ENSG00000285957	11
ENSG00000285958	9
ENSG00000285959	42
ENSG00000285960	124
ENSG00000285961	525
ENSG00000285963	14
ENSG00000285964	50
ENSG00000285966	246
ENSG00000285968	97
ENSG00000285969	4
ENSG00000285970	12
ENSG00000285971	742
ENSG00000285973	108
ENSG00000285974	1
ENSG00000285977	18
ENSG00000285978	36
ENSG00000285979	14
ENSG00000285980	117
ENSG00000285981	73
ENSG00000285982	284
ENSG00000285984	16
ENSG00000285987	596
ENSG00000285991	315
ENSG00000285992	125
ENSG00000285993	0
ENSG00000285996	16
ENSG00000285997	8
ENSG00000285998	4
ENSG00000285999	184
ENSG00000286000	22
ENSG00000286001	513
ENSG00000286002	0
ENSG00000286003	313
ENSG00000286004	36
ENSG00000286006	1
ENSG00000286008	0
ENSG00000286009	28
ENSG00000286010	34
ENSG00000286011	6
ENSG00000286013	22
ENSG00000286015	122
ENSG00000286016	219
ENSG00000286017	28
ENSG00000286018	8
ENSG00000286020	57
ENSG00000286022	679
ENSG00000286023	91
ENSG00000286024	45
ENSG00000286026	113
ENSG00000286031	5
ENSG00000286033	403
ENSG00000286034	51
ENSG00000286035	87
ENSG00000286036	4
ENSG00000286037	13
ENSG00000286039	95
ENSG00000286040	173
ENSG00000286041	65
ENSG00000286043	77
ENSG00000286044	796
ENSG00000286045	54
ENSG00000286047	2
ENSG00000286049	2
ENSG00000286050	244
ENSG00000286052	85
ENSG00000286056	6
ENSG00000286058	9
ENSG00000286059	1
ENSG00000286060	91
ENSG00000286062	157
ENSG00000286063	68
ENSG00000286066	36
ENSG00000286067	40
ENSG00000286068	264
ENSG00000286070	78
ENSG00000286071	207
ENSG00000286072	4065
ENSG00000286076	118
ENSG00000286077	0
ENSG00000286078	27
ENSG00000286080	5
ENSG00000286081	11
ENSG00000286082	29
ENSG00000286083	5
ENSG00000286084	321
ENSG00000286085	128
ENSG00000286087	55
ENSG00000286088	7
ENSG00000286089	39
ENSG00000286090	5
ENSG00000286092	39
ENSG00000286093	25
ENSG00000286097	36
ENSG00000286098	170
ENSG00000286099	291
ENSG00000286100	147
ENSG00000286101	82
ENSG00000286103	22
ENSG00000286104	492
ENSG00000286108	8
ENSG00000286109	75
ENSG00000286110	0
ENSG00000286113	4
ENSG00000286115	144
ENSG00000286116	12
ENSG00000286117	14
ENSG00000286118	25
ENSG00000286119	2
ENSG00000286121	1136
ENSG00000286123	158
ENSG00000286124	7
ENSG00000286125	102
ENSG00000286126	13
ENSG00000286127	39
ENSG00000286128	16
ENSG00000286129	2031
ENSG00000286130	16
ENSG00000286132	1234
ENSG00000286133	512
ENSG00000286134	189
ENSG00000286136	91
ENSG00000286138	102
ENSG00000286141	13
ENSG00000286142	9
ENSG00000286143	31
ENSG00000286144	46
ENSG00000286145	699
ENSG00000286150	108
ENSG00000286152	349
ENSG00000286154	12
ENSG00000286157	0
ENSG00000286158	1
ENSG00000286159	9
ENSG00000286160	51
ENSG00000286161	52
ENSG00000286163	867
ENSG00000286164	35
ENSG00000286167	24
ENSG00000286168	32
ENSG00000286171	2
ENSG00000286174	15
ENSG00000286179	12
ENSG00000286180	17
ENSG00000286182	13
ENSG00000286183	5
ENSG00000286185	383
ENSG00000286186	6
ENSG00000286187	57
ENSG00000286188	3
ENSG00000286191	39
ENSG00000286192	5
ENSG00000286194	9
ENSG00000286195	180
ENSG00000286196	14
ENSG00000286197	77
ENSG00000286198	136
ENSG00000286199	4
ENSG00000286201	839
ENSG00000286202	0
ENSG00000286204	7
ENSG00000286205	15
ENSG00000286206	60
ENSG00000286207	29
ENSG00000286208	27
ENSG00000286209	51
ENSG00000286210	21
ENSG00000286211	468
ENSG00000286212	111
ENSG00000286213	47
ENSG00000286216	339
ENSG00000286218	78
ENSG00000286221	534
ENSG00000286222	10
ENSG00000286223	32
ENSG00000286225	192
ENSG00000286226	65
ENSG00000286227	40
ENSG00000286229	86
ENSG00000286230	28
ENSG00000286231	172
ENSG00000286232	2
ENSG00000286233	0
ENSG00000286234	95
ENSG00000286235	27
ENSG00000286238	90
ENSG00000286239	282
ENSG00000286240	47
ENSG00000286241	13
ENSG00000286242	65
ENSG00000286244	120
ENSG00000286245	9
ENSG00000286246	0
ENSG00000286247	32
ENSG00000286248	42
ENSG00000286249	54
ENSG00000286250	2
ENSG00000286251	787
ENSG00000286253	103
ENSG00000286254	5
ENSG00000286257	217
ENSG00000286258	4
ENSG00000286259	60
ENSG00000286260	107
ENSG00000286262	21
ENSG00000286263	358
ENSG00000286266	161
ENSG00000286268	47
ENSG00000286269	10
ENSG00000286270	20
ENSG00000286271	345
ENSG00000286272	87
ENSG00000286274	129
ENSG00000286275	0
ENSG00000286276	16
ENSG00000286277	2615
ENSG00000286279	131
ENSG00000286280	6
ENSG00000286281	26
ENSG00000286282	430
ENSG00000286284	0
ENSG00000286285	34
ENSG00000286286	35
ENSG00000286288	258
ENSG00000286289	31
ENSG00000286290	22
ENSG00000286291	4
ENSG00000286292	360
ENSG00000286293	20
ENSG00000286295	9
ENSG00000286297	54
ENSG00000286299	8
ENSG00000286300	3
ENSG00000286301	8
ENSG00000286302	15
ENSG00000286305	16
ENSG00000286306	4
ENSG00000286308	110
ENSG00000286309	12
ENSG00000286310	134
ENSG00000286311	15
ENSG00000286312	21
ENSG00000286313	90
ENSG00000286316	28
ENSG00000286317	2
ENSG00000286319	211
ENSG00000286321	324
ENSG00000286322	33
ENSG00000286323	5
ENSG00000286324	43
ENSG00000286325	1
ENSG00000286326	71
ENSG00000286328	217
ENSG00000286329	605
ENSG00000286330	134
ENSG00000286331	5
ENSG00000286332	1
ENSG00000286333	69
ENSG00000286334	115
ENSG00000286335	121
ENSG00000286337	12
ENSG00000286338	66
ENSG00000286339	60
ENSG00000286340	230
ENSG00000286341	10
ENSG00000286342	4
ENSG00000286343	82
ENSG00000286344	3
ENSG00000286345	26
ENSG00000286347	4
ENSG00000286348	27
ENSG00000286349	28
ENSG00000286350	3
ENSG00000286351	251
ENSG00000286352	12
ENSG00000286353	361
ENSG00000286354	4
ENSG00000286355	55
ENSG00000286356	2
ENSG00000286357	15
ENSG00000286358	2
ENSG00000286359	2
ENSG00000286361	4
ENSG00000286362	103
ENSG00000286364	208
ENSG00000286365	5
ENSG00000286366	267
ENSG00000286367	6
ENSG00000286368	16
ENSG00000286369	107
ENSG00000286370	3
ENSG00000286371	154
ENSG00000286372	2
ENSG00000286373	285
ENSG00000286374	3
ENSG00000286375	8
ENSG00000286376	459
ENSG00000286377	48
ENSG00000286378	37
ENSG00000286379	56
ENSG00000286380	6
ENSG00000286383	52
ENSG00000286384	0
ENSG00000286385	436
ENSG00000286386	25
ENSG00000286387	52
ENSG00000286389	40
ENSG00000286390	27
ENSG00000286391	5
ENSG00000286393	1
ENSG00000286394	1
ENSG00000286395	35
ENSG00000286397	17
ENSG00000286398	3
ENSG00000286399	78
ENSG00000286400	2
ENSG00000286401	35
ENSG00000286403	9
ENSG00000286404	21
ENSG00000286405	17
ENSG00000286407	2
ENSG00000286408	21
ENSG00000286409	194
ENSG00000286410	24
ENSG00000286411	10
ENSG00000286412	24
ENSG00000286413	8
ENSG00000286414	214
ENSG00000286415	422
ENSG00000286416	383
ENSG00000286417	175
ENSG00000286419	6
ENSG00000286420	51
ENSG00000286421	2
ENSG00000286422	53
ENSG00000286423	299
ENSG00000286424	6
ENSG00000286425	10
ENSG00000286426	6
ENSG00000286427	78
ENSG00000286428	4
ENSG00000286429	139
ENSG00000286430	15
ENSG00000286431	141
ENSG00000286432	151
ENSG00000286433	15
ENSG00000286434	1
ENSG00000286435	7
ENSG00000286436	7
ENSG00000286437	6
ENSG00000286438	108
ENSG00000286439	5
ENSG00000286440	2
ENSG00000286441	37
ENSG00000286442	11
ENSG00000286443	37
ENSG00000286444	13
ENSG00000286445	18
ENSG00000286446	9
ENSG00000286447	16
ENSG00000286448	0
ENSG00000286449	5
ENSG00000286450	43
ENSG00000286451	95
ENSG00000286453	13
ENSG00000286454	5
ENSG00000286455	9
ENSG00000286456	268
ENSG00000286457	41
ENSG00000286458	1678
ENSG00000286460	9
ENSG00000286461	3
ENSG00000286462	1
ENSG00000286463	27
ENSG00000286464	5
ENSG00000286465	18
ENSG00000286466	47
ENSG00000286467	9
ENSG00000286468	4
ENSG00000286469	63
ENSG00000286470	79
ENSG00000286471	12
ENSG00000286472	13
ENSG00000286473	2
ENSG00000286474	221
ENSG00000286475	757
ENSG00000286476	31
ENSG00000286477	16
ENSG00000286478	45
ENSG00000286479	114
ENSG00000286480	169
ENSG00000286481	5945
ENSG00000286482	26
ENSG00000286483	2
ENSG00000286484	10
ENSG00000286485	5
ENSG00000286486	2
ENSG00000286487	19
ENSG00000286488	25
ENSG00000286489	379
ENSG00000286490	0
ENSG00000286491	39
ENSG00000286492	141
ENSG00000286493	25
ENSG00000286494	606
ENSG00000286495	19
ENSG00000286496	6
ENSG00000286497	0
ENSG00000286498	1
ENSG00000286499	5
ENSG00000286500	38
ENSG00000286501	9
ENSG00000286502	14
ENSG00000286504	31
ENSG00000286505	11
ENSG00000286507	149
ENSG00000286508	116
ENSG00000286509	3
ENSG00000286510	1
ENSG00000286511	606
ENSG00000286512	123
ENSG00000286513	0
ENSG00000286514	23
ENSG00000286515	44
ENSG00000286516	4
ENSG00000286518	17
ENSG00000286520	4
ENSG00000286521	254
ENSG00000286523	207
ENSG00000286524	3
ENSG00000286525	106
ENSG00000286526	7
ENSG00000286527	4
ENSG00000286528	17
ENSG00000286529	10
ENSG00000286531	0
ENSG00000286533	1506
ENSG00000286535	13
ENSG00000286536	851
ENSG00000286537	11
ENSG00000286538	2
ENSG00000286539	13
ENSG00000286540	1006
ENSG00000286541	27
ENSG00000286542	16
ENSG00000286544	14
ENSG00000286545	25
ENSG00000286546	86
ENSG00000286547	6
ENSG00000286548	306
ENSG00000286549	82
ENSG00000286550	80
ENSG00000286551	15
ENSG00000286553	50
ENSG00000286554	2
ENSG00000286555	8
ENSG00000286557	5
ENSG00000286558	45
ENSG00000286559	17
ENSG00000286561	78
ENSG00000286562	47
ENSG00000286564	24
ENSG00000286565	70
ENSG00000286566	59
ENSG00000286567	11
ENSG00000286569	2
ENSG00000286570	27
ENSG00000286571	3
ENSG00000286572	105
ENSG00000286573	3
ENSG00000286575	316
ENSG00000286576	3
ENSG00000286578	3
ENSG00000286580	8
ENSG00000286581	15
ENSG00000286582	14
ENSG00000286584	24
ENSG00000286585	46
ENSG00000286586	14
ENSG00000286587	6
ENSG00000286588	6
ENSG00000286590	51
ENSG00000286591	114
ENSG00000286593	42
ENSG00000286594	1
ENSG00000286595	37
ENSG00000286597	62
ENSG00000286598	3
ENSG00000286599	119
ENSG00000286600	75
ENSG00000286603	3
ENSG00000286604	54
ENSG00000286605	98
ENSG00000286606	2
ENSG00000286607	4
ENSG00000286608	1973
ENSG00000286609	3
ENSG00000286610	3
ENSG00000286611	7
ENSG00000286612	18
ENSG00000286616	45
ENSG00000286617	81
ENSG00000286618	295
ENSG00000286621	19
ENSG00000286622	183
ENSG00000286623	20
ENSG00000286624	2
ENSG00000286625	14
ENSG00000286626	22
ENSG00000286627	2
ENSG00000286628	8
ENSG00000286629	5
ENSG00000286630	7
ENSG00000286631	223
ENSG00000286632	94
ENSG00000286633	1
ENSG00000286636	3
ENSG00000286637	445
ENSG00000286638	19
ENSG00000286639	101
ENSG00000286641	22
ENSG00000286642	194
ENSG00000286643	68
ENSG00000286644	25
ENSG00000286645	32
ENSG00000286647	15
ENSG00000286648	61
ENSG00000286649	4
ENSG00000286650	5
ENSG00000286652	336
ENSG00000286653	7
ENSG00000286654	15
ENSG00000286655	107
ENSG00000286656	44
ENSG00000286657	17
ENSG00000286658	4
ENSG00000286659	4
ENSG00000286660	66
ENSG00000286661	13
ENSG00000286662	87
ENSG00000286663	1
ENSG00000286664	91
ENSG00000286665	0
ENSG00000286666	28
ENSG00000286667	14
ENSG00000286668	8
ENSG00000286669	10
ENSG00000286670	16
ENSG00000286671	7
ENSG00000286672	11
ENSG00000286674	2
ENSG00000286675	226
ENSG00000286677	195
ENSG00000286678	3
ENSG00000286679	122
ENSG00000286680	6
ENSG00000286681	326
ENSG00000286682	34
ENSG00000286683	48
ENSG00000286684	1
ENSG00000286685	241
ENSG00000286686	27
ENSG00000286687	17
ENSG00000286688	115
ENSG00000286690	15
ENSG00000286691	18
ENSG00000286692	6
ENSG00000286693	69
ENSG00000286694	10
ENSG00000286695	67
ENSG00000286696	5
ENSG00000286697	2
ENSG00000286698	10
ENSG00000286700	4
ENSG00000286701	2
ENSG00000286703	51
ENSG00000286705	442
ENSG00000286707	157
ENSG00000286708	71
ENSG00000286709	1
ENSG00000286710	35
ENSG00000286711	1
ENSG00000286712	65
ENSG00000286713	4
ENSG00000286714	4
ENSG00000286717	85
ENSG00000286718	19
ENSG00000286719	92
ENSG00000286720	60
ENSG00000286721	472
ENSG00000286722	19
ENSG00000286723	39
ENSG00000286724	1043
ENSG00000286725	0
ENSG00000286727	4
ENSG00000286728	82
ENSG00000286729	3
ENSG00000286730	39
ENSG00000286732	5
ENSG00000286734	34
ENSG00000286735	272
ENSG00000286736	370
ENSG00000286737	18
ENSG00000286738	190
ENSG00000286739	351
ENSG00000286740	2
ENSG00000286741	6
ENSG00000286742	69
ENSG00000286743	6
ENSG00000286745	72
ENSG00000286746	679
ENSG00000286747	14
ENSG00000286748	19
ENSG00000286749	652
ENSG00000286750	55
ENSG00000286751	104
ENSG00000286752	25
ENSG00000286754	3
ENSG00000286755	22
ENSG00000286756	18
ENSG00000286757	384
ENSG00000286759	4
ENSG00000286760	28
ENSG00000286761	0
ENSG00000286763	117
ENSG00000286764	11
ENSG00000286765	1
ENSG00000286766	6
ENSG00000286770	6
ENSG00000286771	37
ENSG00000286772	3
ENSG00000286774	148
ENSG00000286775	0
ENSG00000286776	34
ENSG00000286777	3
ENSG00000286778	91
ENSG00000286779	3
ENSG00000286780	148
ENSG00000286781	83
ENSG00000286782	53
ENSG00000286784	264
ENSG00000286786	194
ENSG00000286787	989
ENSG00000286788	7
ENSG00000286790	15
ENSG00000286792	110
ENSG00000286795	11
ENSG00000286796	12
ENSG00000286797	4265
ENSG00000286798	5
ENSG00000286799	43
ENSG00000286800	248
ENSG00000286801	7
ENSG00000286802	284
ENSG00000286803	283
ENSG00000286805	67
ENSG00000286806	4
ENSG00000286807	7
ENSG00000286808	121
ENSG00000286809	12
ENSG00000286810	47
ENSG00000286812	27
ENSG00000286815	27
ENSG00000286816	3
ENSG00000286817	43
ENSG00000286818	25
ENSG00000286819	23
ENSG00000286820	8
ENSG00000286821	114
ENSG00000286822	36
ENSG00000286823	174
ENSG00000286824	22
ENSG00000286826	74
ENSG00000286827	137
ENSG00000286829	15
ENSG00000286830	1706
ENSG00000286831	12
ENSG00000286832	8
ENSG00000286833	109
ENSG00000286834	48
ENSG00000286836	419
ENSG00000286837	25
ENSG00000286838	73
ENSG00000286839	109
ENSG00000286840	48
ENSG00000286841	20
ENSG00000286842	13
ENSG00000286843	1
ENSG00000286844	2
ENSG00000286845	0
ENSG00000286846	194
ENSG00000286847	18
ENSG00000286849	9
ENSG00000286850	166
ENSG00000286851	2
ENSG00000286852	2
ENSG00000286853	34
ENSG00000286854	246
ENSG00000286856	204
ENSG00000286857	9
ENSG00000286858	3
ENSG00000286860	7
ENSG00000286861	87
ENSG00000286862	102
ENSG00000286863	3852
ENSG00000286864	14
ENSG00000286865	44
ENSG00000286866	7
ENSG00000286867	4
ENSG00000286868	2
ENSG00000286869	68
ENSG00000286870	6
ENSG00000286871	9
ENSG00000286872	204
ENSG00000286873	145
ENSG00000286874	5
ENSG00000286875	113
ENSG00000286876	4
ENSG00000286877	6
ENSG00000286878	10
ENSG00000286879	4
ENSG00000286880	4
ENSG00000286883	91
ENSG00000286884	3
ENSG00000286885	73
ENSG00000286886	64
ENSG00000286887	72
ENSG00000286888	61
ENSG00000286889	35
ENSG00000286890	6
ENSG00000286891	485
ENSG00000286892	10
ENSG00000286893	6
ENSG00000286894	6
ENSG00000286895	1950
ENSG00000286896	194
ENSG00000286897	85
ENSG00000286898	11
ENSG00000286899	3
ENSG00000286900	17
ENSG00000286901	33
ENSG00000286902	4
ENSG00000286904	341
ENSG00000286905	37
ENSG00000286906	19
ENSG00000286907	11
ENSG00000286908	37
ENSG00000286909	91
ENSG00000286910	6
ENSG00000286912	241
ENSG00000286913	63
ENSG00000286914	6
ENSG00000286915	231
ENSG00000286917	0
ENSG00000286918	53
ENSG00000286919	0
ENSG00000286921	1
ENSG00000286922	45
ENSG00000286923	89
ENSG00000286924	935
ENSG00000286926	1
ENSG00000286927	2
ENSG00000286928	13
ENSG00000286929	3
ENSG00000286933	19
ENSG00000286934	24
ENSG00000286935	3
ENSG00000286937	65
ENSG00000286938	37
ENSG00000286939	6
ENSG00000286941	0
ENSG00000286942	6
ENSG00000286943	15
ENSG00000286944	6
ENSG00000286945	128
ENSG00000286946	16
ENSG00000286947	2
ENSG00000286948	7
ENSG00000286949	75
ENSG00000286950	6
ENSG00000286951	37
ENSG00000286952	36
ENSG00000286953	85
ENSG00000286954	39
ENSG00000286956	63
ENSG00000286957	15
ENSG00000286958	5
ENSG00000286959	129
ENSG00000286960	34
ENSG00000286962	52
ENSG00000286963	60
ENSG00000286964	31
ENSG00000286966	7
ENSG00000286969	0
ENSG00000286971	11
ENSG00000286972	44
ENSG00000286973	346
ENSG00000286974	35
ENSG00000286975	68
ENSG00000286976	6
ENSG00000286977	127
ENSG00000286978	0
ENSG00000286979	35
ENSG00000286980	344
ENSG00000286981	6
ENSG00000286982	43
ENSG00000286983	11
ENSG00000286984	14
ENSG00000286985	23
ENSG00000286986	16
ENSG00000286987	4
ENSG00000286988	44
ENSG00000286989	5
ENSG00000286990	13
ENSG00000286991	10
ENSG00000286992	109
ENSG00000286993	14
ENSG00000286997	229
ENSG00000286998	4
ENSG00000286999	5
ENSG00000287000	37
ENSG00000287001	54
ENSG00000287003	27
ENSG00000287004	3
ENSG00000287005	11
ENSG00000287006	9
ENSG00000287007	4
ENSG00000287008	81
ENSG00000287009	7
ENSG00000287010	4
ENSG00000287011	4
ENSG00000287012	19
ENSG00000287014	125
ENSG00000287015	3
ENSG00000287016	50
ENSG00000287017	0
ENSG00000287018	88
ENSG00000287019	6
ENSG00000287020	36
ENSG00000287021	124
ENSG00000287022	67
ENSG00000287023	103
ENSG00000287024	4
ENSG00000287026	48
ENSG00000287027	19
ENSG00000287028	6
ENSG00000287029	136
ENSG00000287030	30
ENSG00000287032	109
ENSG00000287033	28
ENSG00000287034	6
ENSG00000287035	4
ENSG00000287038	17
ENSG00000287039	6
ENSG00000287040	6
ENSG00000287041	97
ENSG00000287042	5880
ENSG00000287044	681
ENSG00000287045	470
ENSG00000287046	3
ENSG00000287047	128
ENSG00000287049	3
ENSG00000287050	18
ENSG00000287052	3
ENSG00000287053	3
ENSG00000287055	173
ENSG00000287056	9
ENSG00000287057	58
ENSG00000287058	42
ENSG00000287059	122
ENSG00000287060	34
ENSG00000287061	4
ENSG00000287062	0
ENSG00000287063	42
ENSG00000287064	7
ENSG00000287065	64
ENSG00000287066	4
ENSG00000287068	21
ENSG00000287069	1165
ENSG00000287072	42
ENSG00000287073	3
ENSG00000287075	9
ENSG00000287076	4
ENSG00000287077	34
ENSG00000287078	25
ENSG00000287079	16
ENSG00000287081	3
ENSG00000287082	1
ENSG00000287083	176
ENSG00000287084	14
ENSG00000287085	10
ENSG00000287086	38
ENSG00000287087	44
ENSG00000287088	3
ENSG00000287089	4
ENSG00000287090	16
ENSG00000287092	17663
ENSG00000287093	28
ENSG00000287094	5
ENSG00000287095	33
ENSG00000287096	10
ENSG00000287097	320
ENSG00000287098	6
ENSG00000287099	7
ENSG00000287100	5570
ENSG00000287103	20
ENSG00000287104	68
ENSG00000287105	36
ENSG00000287106	2
ENSG00000287107	26
ENSG00000287108	6
ENSG00000287109	32
ENSG00000287112	1
ENSG00000287113	5
ENSG00000287114	17
ENSG00000287117	3391
ENSG00000287118	4
ENSG00000287119	3
ENSG00000287120	9
ENSG00000287121	10
ENSG00000287122	188
ENSG00000287123	39
ENSG00000287124	214
ENSG00000287125	52
ENSG00000287126	39
ENSG00000287127	627
ENSG00000287128	5
ENSG00000287129	248
ENSG00000287130	55
ENSG00000287132	6
ENSG00000287133	16
ENSG00000287134	270
ENSG00000287135	52
ENSG00000287136	1
ENSG00000287137	69
ENSG00000287138	6
ENSG00000287139	88
ENSG00000287140	5
ENSG00000287141	7
ENSG00000287142	50
ENSG00000287143	20
ENSG00000287144	290
ENSG00000287145	25
ENSG00000287146	163
ENSG00000287147	62
ENSG00000287149	411
ENSG00000287150	78
ENSG00000287152	9
ENSG00000287153	1
ENSG00000287155	48
ENSG00000287156	21
ENSG00000287157	5
ENSG00000287159	225
ENSG00000287160	18
ENSG00000287161	79
ENSG00000287162	0
ENSG00000287163	4
ENSG00000287165	4
ENSG00000287166	1
ENSG00000287167	167
ENSG00000287168	76
ENSG00000287169	4
ENSG00000287170	48
ENSG00000287172	326
ENSG00000287173	6
ENSG00000287174	11
ENSG00000287175	40
ENSG00000287176	136
ENSG00000287177	1
ENSG00000287178	93
ENSG00000287179	2
ENSG00000287181	3
ENSG00000287183	68
ENSG00000287184	0
ENSG00000287185	25
ENSG00000287186	14
ENSG00000287187	3
ENSG00000287189	638
ENSG00000287190	18
ENSG00000287191	43
ENSG00000287192	28
ENSG00000287193	16
ENSG00000287195	59
ENSG00000287196	4
ENSG00000287197	25
ENSG00000287198	92
ENSG00000287199	0
ENSG00000287200	42
ENSG00000287201	2
ENSG00000287202	82
ENSG00000287203	4
ENSG00000287204	6
ENSG00000287205	8
ENSG00000287206	30
ENSG00000287207	37
ENSG00000287208	4
ENSG00000287209	6
ENSG00000287210	286
ENSG00000287211	61
ENSG00000287212	2
ENSG00000287213	19
ENSG00000287215	165
ENSG00000287216	52
ENSG00000287217	13
ENSG00000287218	4
ENSG00000287219	53
ENSG00000287220	5
ENSG00000287221	9
ENSG00000287222	27
ENSG00000287223	61
ENSG00000287224	8
ENSG00000287225	7
ENSG00000287226	285
ENSG00000287227	61
ENSG00000287229	11
ENSG00000287230	20
ENSG00000287231	532
ENSG00000287232	529
ENSG00000287233	2
ENSG00000287234	6
ENSG00000287235	10
ENSG00000287236	7
ENSG00000287237	6
ENSG00000287238	11
ENSG00000287239	4
ENSG00000287240	0
ENSG00000287241	4
ENSG00000287242	107
ENSG00000287244	5
ENSG00000287245	25
ENSG00000287246	19
ENSG00000287247	6
ENSG00000287248	41
ENSG00000287249	882
ENSG00000287250	5
ENSG00000287251	34
ENSG00000287252	129
ENSG00000287253	7
ENSG00000287254	8
ENSG00000287255	291
ENSG00000287256	86
ENSG00000287257	11
ENSG00000287258	137
ENSG00000287259	25
ENSG00000287260	57
ENSG00000287262	68
ENSG00000287263	117
ENSG00000287264	146
ENSG00000287265	27
ENSG00000287266	29
ENSG00000287267	0
ENSG00000287268	25
ENSG00000287269	82
ENSG00000287270	51
ENSG00000287271	139
ENSG00000287272	27
ENSG00000287273	4
ENSG00000287274	22
ENSG00000287275	310
ENSG00000287277	1452
ENSG00000287278	8
ENSG00000287279	100
ENSG00000287280	114
ENSG00000287281	227
ENSG00000287282	2
ENSG00000287283	7
ENSG00000287284	365
ENSG00000287285	5
ENSG00000287286	26
ENSG00000287287	2
ENSG00000287288	31
ENSG00000287289	17
ENSG00000287290	672
ENSG00000287291	1269
ENSG00000287293	139
ENSG00000287294	1
ENSG00000287295	2
ENSG00000287296	16
ENSG00000287297	19
ENSG00000287298	0
ENSG00000287299	423
ENSG00000287300	1
ENSG00000287301	3
ENSG00000287302	3
ENSG00000287303	43
ENSG00000287305	39
ENSG00000287306	1992
ENSG00000287307	40
ENSG00000287308	90
ENSG00000287309	0
ENSG00000287310	3
ENSG00000287311	26
ENSG00000287313	2
ENSG00000287314	6
ENSG00000287315	104
ENSG00000287316	24
ENSG00000287317	20
ENSG00000287318	10
ENSG00000287319	239
ENSG00000287321	6
ENSG00000287322	15
ENSG00000287323	7
ENSG00000287324	1
ENSG00000287325	17
ENSG00000287326	30
ENSG00000287329	35
ENSG00000287330	41
ENSG00000287331	26
ENSG00000287332	64
ENSG00000287333	3
ENSG00000287334	7
ENSG00000287335	113
ENSG00000287336	5
ENSG00000287338	37
ENSG00000287339	25
ENSG00000287340	9
ENSG00000287342	27
ENSG00000287343	5
ENSG00000287344	69
ENSG00000287345	28
ENSG00000287346	98
ENSG00000287347	94
ENSG00000287348	111
ENSG00000287349	16
ENSG00000287350	9
ENSG00000287351	215
ENSG00000287352	805
ENSG00000287354	21
ENSG00000287356	54
ENSG00000287357	1
ENSG00000287358	19
ENSG00000287359	33
ENSG00000287360	197
ENSG00000287361	2
ENSG00000287362	21
ENSG00000287364	29
ENSG00000287365	3
ENSG00000287366	33
ENSG00000287367	150
ENSG00000287368	245
ENSG00000287370	36
ENSG00000287372	70
ENSG00000287373	445
ENSG00000287374	9
ENSG00000287375	3
ENSG00000287376	2
ENSG00000287377	38
ENSG00000287378	590
ENSG00000287379	25
ENSG00000287380	1
ENSG00000287381	12
ENSG00000287383	228
ENSG00000287384	8
ENSG00000287385	44
ENSG00000287386	5
ENSG00000287387	54
ENSG00000287389	42
ENSG00000287390	439
ENSG00000287391	178
ENSG00000287392	68
ENSG00000287393	5
ENSG00000287395	5
ENSG00000287396	2
ENSG00000287397	1
ENSG00000287398	336
ENSG00000287399	3
ENSG00000287400	181
ENSG00000287401	277
ENSG00000287402	59
ENSG00000287403	3
ENSG00000287404	156
ENSG00000287406	97
ENSG00000287407	2
ENSG00000287408	9
ENSG00000287409	104
ENSG00000287410	122
ENSG00000287411	0
ENSG00000287412	12
ENSG00000287413	360
ENSG00000287414	9
ENSG00000287415	4
ENSG00000287416	14
ENSG00000287417	4
ENSG00000287418	1
ENSG00000287419	33
ENSG00000287420	118
ENSG00000287421	81
ENSG00000287422	74
ENSG00000287423	9
ENSG00000287424	187
ENSG00000287425	14
ENSG00000287426	137
ENSG00000287427	1
ENSG00000287428	5
ENSG00000287430	60
ENSG00000287432	13
ENSG00000287433	18
ENSG00000287435	0
ENSG00000287437	7
ENSG00000287438	9
ENSG00000287439	56
ENSG00000287440	8
ENSG00000287441	3
ENSG00000287442	10
ENSG00000287443	10
ENSG00000287444	93
ENSG00000287445	5
ENSG00000287446	8
ENSG00000287448	35
ENSG00000287449	7
ENSG00000287451	97
ENSG00000287452	52
ENSG00000287453	101
ENSG00000287454	23
ENSG00000287455	4
ENSG00000287456	21
ENSG00000287457	2
ENSG00000287458	3
ENSG00000287459	22
ENSG00000287460	521
ENSG00000287462	122
ENSG00000287463	13
ENSG00000287464	8
ENSG00000287465	6
ENSG00000287466	5
ENSG00000287468	64
ENSG00000287469	371
ENSG00000287470	107
ENSG00000287472	11
ENSG00000287473	2
ENSG00000287474	484
ENSG00000287475	13
ENSG00000287476	111
ENSG00000287477	2
ENSG00000287478	244
ENSG00000287479	5
ENSG00000287480	10
ENSG00000287481	22
ENSG00000287482	59
ENSG00000287483	9
ENSG00000287484	0
ENSG00000287485	39
ENSG00000287488	35
ENSG00000287489	3
ENSG00000287490	84
ENSG00000287492	6
ENSG00000287493	3
ENSG00000287494	21
ENSG00000287495	5
ENSG00000287496	9
ENSG00000287497	15
ENSG00000287498	6
ENSG00000287499	8
ENSG00000287500	82
ENSG00000287501	21
ENSG00000287502	28
ENSG00000287503	49
ENSG00000287504	2
ENSG00000287505	144
ENSG00000287506	19
ENSG00000287507	14
ENSG00000287508	247
ENSG00000287510	4
ENSG00000287511	146
ENSG00000287513	2
ENSG00000287514	23
ENSG00000287516	73
ENSG00000287517	2
ENSG00000287518	8
ENSG00000287519	12
ENSG00000287520	45
ENSG00000287522	1
ENSG00000287523	430
ENSG00000287524	43
ENSG00000287525	2
ENSG00000287526	131
ENSG00000287527	91
ENSG00000287528	39
ENSG00000287529	0
ENSG00000287530	35
ENSG00000287531	2
ENSG00000287532	35
ENSG00000287533	42
ENSG00000287535	2
ENSG00000287536	1
ENSG00000287537	12
ENSG00000287538	12
ENSG00000287539	19
ENSG00000287540	0
ENSG00000287543	5
ENSG00000287544	727
ENSG00000287545	260
ENSG00000287546	3
ENSG00000287547	3
ENSG00000287548	3
ENSG00000287549	93
ENSG00000287550	68
ENSG00000287551	225
ENSG00000287552	27
ENSG00000287553	12
ENSG00000287554	20
ENSG00000287555	273
ENSG00000287556	32
ENSG00000287557	38
ENSG00000287558	151
ENSG00000287559	484
ENSG00000287560	9
ENSG00000287561	2
ENSG00000287562	324
ENSG00000287563	26
ENSG00000287564	618
ENSG00000287565	3
ENSG00000287566	14
ENSG00000287567	4
ENSG00000287568	0
ENSG00000287570	23
ENSG00000287571	20
ENSG00000287574	22
ENSG00000287575	18
ENSG00000287576	40
ENSG00000287578	243
ENSG00000287580	50
ENSG00000287582	20
ENSG00000287583	6
ENSG00000287584	63
ENSG00000287586	4
ENSG00000287587	13
ENSG00000287588	5
ENSG00000287589	4
ENSG00000287590	8
ENSG00000287591	15
ENSG00000287592	12
ENSG00000287593	90
ENSG00000287594	4
ENSG00000287595	5
ENSG00000287596	174
ENSG00000287597	3
ENSG00000287598	144
ENSG00000287600	153
ENSG00000287601	27
ENSG00000287602	19
ENSG00000287603	349
ENSG00000287605	17
ENSG00000287608	79
ENSG00000287609	9
ENSG00000287610	1
ENSG00000287611	14
ENSG00000287613	9
ENSG00000287615	37
ENSG00000287616	127
ENSG00000287617	103
ENSG00000287619	83
ENSG00000287620	37
ENSG00000287621	1440
ENSG00000287622	49
ENSG00000287623	6
ENSG00000287624	6
ENSG00000287625	326
ENSG00000287627	3
ENSG00000287628	35
ENSG00000287629	27
ENSG00000287630	2
ENSG00000287631	15
ENSG00000287632	22
ENSG00000287633	22
ENSG00000287634	2
ENSG00000287636	91
ENSG00000287637	112
ENSG00000287639	0
ENSG00000287640	6
ENSG00000287643	73
ENSG00000287644	22
ENSG00000287645	42
ENSG00000287646	14
ENSG00000287647	4
ENSG00000287649	2
ENSG00000287650	5
ENSG00000287651	59
ENSG00000287652	47
ENSG00000287653	2
ENSG00000287654	8
ENSG00000287655	2
ENSG00000287656	12
ENSG00000287657	126
ENSG00000287658	2
ENSG00000287659	6
ENSG00000287660	71
ENSG00000287661	4
ENSG00000287662	1
ENSG00000287663	3
ENSG00000287664	0
ENSG00000287666	25
ENSG00000287667	5
ENSG00000287668	1
ENSG00000287669	4
ENSG00000287670	38
ENSG00000287671	8
ENSG00000287672	24
ENSG00000287673	4
ENSG00000287674	0
ENSG00000287675	1
ENSG00000287676	205
ENSG00000287677	73
ENSG00000287678	18
ENSG00000287679	21
ENSG00000287680	2
ENSG00000287682	66
ENSG00000287683	4809
ENSG00000287684	83
ENSG00000287685	35
ENSG00000287687	73
ENSG00000287688	17
ENSG00000287689	4
ENSG00000287690	7
ENSG00000287691	104
ENSG00000287692	14
ENSG00000287693	170
ENSG00000287694	835
ENSG00000287696	0
ENSG00000287697	38
ENSG00000287698	17
ENSG00000287699	3
ENSG00000287700	464
ENSG00000287701	9
ENSG00000287702	99
ENSG00000287703	49
ENSG00000287704	249
ENSG00000287705	5
ENSG00000287706	173
ENSG00000287707	55
ENSG00000287708	187
ENSG00000287709	66
ENSG00000287710	17
ENSG00000287712	115
ENSG00000287713	39
ENSG00000287714	7
ENSG00000287715	5
ENSG00000287717	1
ENSG00000287718	3
ENSG00000287719	52
ENSG00000287720	813
ENSG00000287721	97
ENSG00000287722	562
ENSG00000287723	19
ENSG00000287724	42
ENSG00000287725	789
ENSG00000287726	468
ENSG00000287727	5
ENSG00000287728	24
ENSG00000287729	46
ENSG00000287730	4
ENSG00000287731	12
ENSG00000287732	108
ENSG00000287733	13
ENSG00000287734	7
ENSG00000287735	4
ENSG00000287737	162
ENSG00000287738	65
ENSG00000287739	46
ENSG00000287740	11
ENSG00000287741	76
ENSG00000287742	5
ENSG00000287743	15
ENSG00000287744	52
ENSG00000287746	42
ENSG00000287747	10
ENSG00000287748	26
ENSG00000287749	210
ENSG00000287752	10
ENSG00000287754	30
ENSG00000287755	61
ENSG00000287756	14
ENSG00000287757	61
ENSG00000287758	1
ENSG00000287759	408
ENSG00000287760	21
ENSG00000287761	25
ENSG00000287762	25
ENSG00000287763	55
ENSG00000287765	14
ENSG00000287766	39
ENSG00000287767	5
ENSG00000287769	102
ENSG00000287771	44
ENSG00000287772	6
ENSG00000287773	2
ENSG00000287774	34
ENSG00000287775	90
ENSG00000287776	251
ENSG00000287777	7
ENSG00000287780	256
ENSG00000287781	10
ENSG00000287782	41
ENSG00000287783	13
ENSG00000287784	70
ENSG00000287785	2
ENSG00000287788	4
ENSG00000287789	17
ENSG00000287790	2
ENSG00000287791	3
ENSG00000287792	29
ENSG00000287793	1
ENSG00000287795	59
ENSG00000287796	47
ENSG00000287797	15
ENSG00000287798	160
ENSG00000287799	54
ENSG00000287801	218
ENSG00000287802	3
ENSG00000287803	20
ENSG00000287804	32
ENSG00000287805	82
ENSG00000287806	126
ENSG00000287807	145
ENSG00000287809	11
ENSG00000287811	1202
ENSG00000287812	22
ENSG00000287814	358
ENSG00000287815	90
ENSG00000287816	68
ENSG00000287818	5
ENSG00000287819	0
ENSG00000287820	278
ENSG00000287821	3
ENSG00000287822	6
ENSG00000287823	79
ENSG00000287824	3
ENSG00000287825	27
ENSG00000287826	41
ENSG00000287827	3
ENSG00000287828	48
ENSG00000287830	18
ENSG00000287831	15
ENSG00000287832	48
ENSG00000287833	33
ENSG00000287834	17
ENSG00000287835	0
ENSG00000287836	46
ENSG00000287837	405
ENSG00000287838	41
ENSG00000287839	49
ENSG00000287841	19
ENSG00000287843	2
ENSG00000287844	23
ENSG00000287845	12
ENSG00000287847	2
ENSG00000287848	14
ENSG00000287849	51
ENSG00000287850	31
ENSG00000287851	15
ENSG00000287852	11
ENSG00000287853	42
ENSG00000287854	11
ENSG00000287855	295
ENSG00000287856	275
ENSG00000287857	3
ENSG00000287858	0
ENSG00000287859	16
ENSG00000287860	533
ENSG00000287861	61
ENSG00000287862	983
ENSG00000287863	24
ENSG00000287864	5
ENSG00000287865	42
ENSG00000287866	27
ENSG00000287868	33
ENSG00000287869	2
ENSG00000287870	19
ENSG00000287871	2
ENSG00000287872	5
ENSG00000287873	5
ENSG00000287875	110
ENSG00000287876	436
ENSG00000287877	228
ENSG00000287878	89
ENSG00000287879	19
ENSG00000287880	53
ENSG00000287881	406
ENSG00000287882	61
ENSG00000287883	39
ENSG00000287884	0
ENSG00000287886	6
ENSG00000287887	15
ENSG00000287888	0
ENSG00000287891	10
ENSG00000287893	104
ENSG00000287894	8
ENSG00000287895	10
ENSG00000287896	40
ENSG00000287898	14
ENSG00000287899	281
ENSG00000287900	59
ENSG00000287901	57
ENSG00000287902	4
ENSG00000287903	27
ENSG00000287904	38
ENSG00000287906	49
ENSG00000287907	514
ENSG00000287908	852
ENSG00000287909	0
ENSG00000287910	34
ENSG00000287912	413
ENSG00000287913	27
ENSG00000287914	5
ENSG00000287915	7
ENSG00000287916	3
ENSG00000287917	204
ENSG00000287918	450
ENSG00000287919	7
ENSG00000287920	46
ENSG00000287921	2
ENSG00000287922	13
ENSG00000287923	296
ENSG00000287925	192
ENSG00000287926	3
ENSG00000287927	1
ENSG00000287928	63
ENSG00000287929	48
ENSG00000287930	1
ENSG00000287931	106
ENSG00000287933	32
ENSG00000287934	66
ENSG00000287935	9
ENSG00000287936	6
ENSG00000287937	78
ENSG00000287939	49
ENSG00000287940	11
ENSG00000287941	84
ENSG00000287943	79
ENSG00000287944	5
ENSG00000287945	13
ENSG00000287946	25
ENSG00000287947	3
ENSG00000287948	12
ENSG00000287949	151
ENSG00000287950	133
ENSG00000287951	7
ENSG00000287952	3
ENSG00000287953	97
ENSG00000287955	28
ENSG00000287956	7
ENSG00000287957	35
ENSG00000287958	34
ENSG00000287959	1
ENSG00000287960	9
ENSG00000287961	0
ENSG00000287962	350
ENSG00000287963	158
ENSG00000287964	74
ENSG00000287965	76
ENSG00000287967	12
ENSG00000287968	137
ENSG00000287969	34
ENSG00000287970	21
ENSG00000287971	1
ENSG00000287972	60
ENSG00000287973	4
ENSG00000287975	194
ENSG00000287976	917
ENSG00000287978	75
ENSG00000287979	64
ENSG00000287980	52
ENSG00000287982	0
ENSG00000287983	0
ENSG00000287984	38
ENSG00000287985	18
ENSG00000287986	2
ENSG00000287987	19
ENSG00000287989	65
ENSG00000287990	3
ENSG00000287991	6
ENSG00000287992	2
ENSG00000287993	16
ENSG00000287994	44
ENSG00000287995	0
ENSG00000287996	271
ENSG00000287998	293
ENSG00000287999	335
ENSG00000288000	601
ENSG00000288001	4
ENSG00000288002	202
ENSG00000288003	18
ENSG00000288004	48
ENSG00000288005	31
ENSG00000288006	65
ENSG00000288007	6
ENSG00000288008	5
ENSG00000288009	89
ENSG00000288010	28
ENSG00000288011	67
ENSG00000288012	12
ENSG00000288013	49
ENSG00000288015	221
ENSG00000288016	3699
ENSG00000288017	8
ENSG00000288018	1059
ENSG00000288019	2
ENSG00000288021	213
ENSG00000288023	2
ENSG00000288024	10
ENSG00000288026	12
ENSG00000288029	179
ENSG00000288033	303
ENSG00000288034	2
ENSG00000288035	262
ENSG00000288036	68
ENSG00000288037	28
ENSG00000288038	49
ENSG00000288039	172
ENSG00000288040	31
ENSG00000288041	21
ENSG00000288042	30
ENSG00000288043	123
ENSG00000288044	337
ENSG00000288045	16
ENSG00000288046	36
ENSG00000288047	200
ENSG00000288050	3
ENSG00000288051	4
ENSG00000288052	3
ENSG00000288053	6
ENSG00000288054	13
ENSG00000288056	38
ENSG00000288057	44
ENSG00000288059	278
ENSG00000288060	21
ENSG00000288061	324
ENSG00000288062	5
ENSG00000288063	10
ENSG00000288064	143
ENSG00000288065	28
ENSG00000288066	7
ENSG00000288067	174
ENSG00000288069	25
ENSG00000288070	10
ENSG00000288071	235
ENSG00000288072	10
ENSG00000288075	5721
ENSG00000288076	5
ENSG00000288077	0
ENSG00000288078	16
ENSG00000288079	33
ENSG00000288080	28
ENSG00000288081	12
ENSG00000288082	4
ENSG00000288083	13
ENSG00000288084	17
ENSG00000288085	485
ENSG00000288086	1
ENSG00000288087	221
ENSG00000288088	519
ENSG00000288089	0
ENSG00000288090	9
ENSG00000288091	81
ENSG00000288092	1
ENSG00000288096	295
ENSG00000288097	3
ENSG00000288098	2327
ENSG00000288099	1
ENSG00000288100	1
ENSG00000288101	74
ENSG00000288102	220
ENSG00000288103	13
ENSG00000288104	5
ENSG00000288105	55
ENSG00000288106	372
ENSG00000288107	383
ENSG00000288108	19
ENSG00000288109	2
ENSG00000288110	6
ENSG00000288162	5
ENSG00000288172	9
ENSG00000288177	63
ENSG00000288208	29
ENSG00000288234	20
ENSG00000288245	3
ENSG00000288252	7
ENSG00000288271	159
ENSG00000288302	0
ENSG00000288321	275
ENSG00000288398	38
ENSG00000288459	4
ENSG00000288473	0
ENSG00000288520	377
ENSG00000288523	5
ENSG00000288524	2
ENSG00000288526	350
ENSG00000288528	34
ENSG00000288530	1
ENSG00000288531	16
ENSG00000288532	0
ENSG00000288533	6
ENSG00000288534	27
ENSG00000288535	33
ENSG00000288536	45
ENSG00000288537	6
ENSG00000288538	33
ENSG00000288540	8
ENSG00000288542	733
ENSG00000288543	116
ENSG00000288545	202
ENSG00000288548	74
ENSG00000288549	42
ENSG00000288550	4
ENSG00000288551	11
ENSG00000288552	50
ENSG00000288553	88
ENSG00000288554	24
ENSG00000288555	45
ENSG00000288559	101
ENSG00000288560	315
ENSG00000288562	1
ENSG00000288563	141
ENSG00000288564	1
ENSG00000288565	147
ENSG00000288566	30
ENSG00000288571	5
ENSG00000288573	99
ENSG00000288574	1
ENSG00000288575	14
ENSG00000288576	4
ENSG00000288577	11
ENSG00000288578	11
ENSG00000288580	206
ENSG00000288581	3
ENSG00000288583	643
ENSG00000288584	3
ENSG00000288585	67
ENSG00000288586	56
ENSG00000288587	298
ENSG00000288588	46
ENSG00000288591	3
ENSG00000288595	23
ENSG00000288597	3610
ENSG00000288598	362
ENSG00000288600	22
ENSG00000288605	8
ENSG00000288606	63
ENSG00000288610	7
ENSG00000288612	128
ENSG00000288615	7
ENSG00000288618	21
ENSG00000288632	3769
ENSG00000288637	48
ENSG00000288643	107
ENSG00000288648	2
ENSG00000288657	3
ENSG00000288659	213
ENSG00000288663	5
ENSG00000288665	93
ENSG00000288669	27
ENSG00000288670	226
ENSG00000288671	55
ENSG00000288674	296
ENSG00000288679	2
ENSG00000288681	6
ENSG00000288683	92
ENSG00000288684	911
ENSG00000288685	26
ENSG00000288691	285
ENSG00000288692	747
ENSG00000288695	7
ENSG00000288696	128
ENSG00000288698	275
ENSG00000288699	31
ENSG00000288700	816
ENSG00000288703	145
ENSG00000288704	84
ENSG00000288707	0
ENSG00000288710	1
ENSG00000288711	2
ENSG00000288713	89
ENSG00000288714	911
ENSG00000288717	5
ENSG00000288718	6
ENSG00000288720	110
ENSG00000288721	170
ENSG00000288723	489
ENSG00000288724	26
ENSG00000288725	435
ENSG00000288726	14
ENSG00000288727	0
ENSG00000288728	8
ENSG00000288729	126
ENSG00000288731	4
ENSG00000288734	4
ENSG00000288735	134
ENSG00000288736	90
ENSG00000288737	3
ENSG00000288738	0
ENSG00000288739	38
ENSG00000288740	2
ENSG00000288741	43
ENSG00000288742	1
ENSG00000288743	50
ENSG00000288746	24
ENSG00000288749	0
ENSG00000288750	13
ENSG00000288751	11
ENSG00000288752	83
ENSG00000288753	14
ENSG00000288754	248
ENSG00000288755	100
ENSG00000288756	257
ENSG00000288757	5
ENSG00000288758	2
ENSG00000288759	54
ENSG00000288760	14
ENSG00000288761	11
ENSG00000288762	110
ENSG00000288763	3
ENSG00000288764	17
ENSG00000288765	441
ENSG00000288767	32
ENSG00000288769	5
ENSG00000288770	9
ENSG00000288771	46
ENSG00000288772	58
ENSG00000288773	3
ENSG00000288774	0
ENSG00000288775	4
ENSG00000288776	295
ENSG00000288777	11
ENSG00000288778	3
ENSG00000288779	0
ENSG00000288781	120
ENSG00000288782	181
ENSG00000288783	0
ENSG00000288786	1
ENSG00000288787	16
ENSG00000288788	0
ENSG00000288790	22
ENSG00000288791	2
ENSG00000288795	9
ENSG00000288796	5
ENSG00000288798	48
ENSG00000288799	7
ENSG00000288802	3
ENSG00000288803	2
ENSG00000288804	166
ENSG00000288806	168
ENSG00000288807	3
ENSG00000288808	181
ENSG00000288809	8
ENSG00000288811	3
ENSG00000288813	3
ENSG00000288814	0
ENSG00000288816	76
ENSG00000288817	2
ENSG00000288818	144
ENSG00000288819	53
ENSG00000288820	48
ENSG00000288822	4
ENSG00000288823	53
ENSG00000288826	37
ENSG00000288828	153
ENSG00000288829	26
ENSG00000288830	186
ENSG00000288831	5
ENSG00000288832	2
ENSG00000288833	18
ENSG00000288834	0
ENSG00000288835	12
ENSG00000288837	4
ENSG00000288838	144
ENSG00000288840	14
ENSG00000288842	5
ENSG00000288843	138
ENSG00000288844	4
ENSG00000288846	27
ENSG00000288848	21
ENSG00000288849	295
ENSG00000288851	11
ENSG00000288852	28
ENSG00000288853	24
ENSG00000288854	31
ENSG00000288856	10
ENSG00000288857	73
ENSG00000288858	5
ENSG00000288860	3
ENSG00000288861	0
ENSG00000288862	21
ENSG00000288865	12
ENSG00000288866	28
ENSG00000288868	34
ENSG00000288871	28
ENSG00000288872	8
ENSG00000288873	20
ENSG00000288874	65
ENSG00000288875	4
ENSG00000288877	75
ENSG00000288878	14
ENSG00000288879	27
ENSG00000288880	507
ENSG00000288882	20
ENSG00000288883	10
ENSG00000288885	11
ENSG00000288886	150
ENSG00000288887	15
ENSG00000288889	0
ENSG00000288890	5
ENSG00000288891	8077
ENSG00000288893	1
ENSG00000288894	51
ENSG00000288895	19
ENSG00000288898	87
ENSG00000288899	584
ENSG00000288900	7
ENSG00000288902	337
ENSG00000288903	115
ENSG00000288904	253
ENSG00000288906	43
ENSG00000288907	18
ENSG00000288908	4
ENSG00000288909	16
ENSG00000288912	6
ENSG00000288915	1
ENSG00000288916	22
ENSG00000288918	6
ENSG00000288919	47
ENSG00000288921	86
ENSG00000288922	7
ENSG00000288925	19
ENSG00000288926	28
ENSG00000288927	68
ENSG00000288929	17
ENSG00000288930	14
ENSG00000288932	48
ENSG00000288933	18
ENSG00000288935	40
ENSG00000288937	10
ENSG00000288938	13
ENSG00000288939	10
ENSG00000288940	13
ENSG00000288941	32
ENSG00000288942	34
ENSG00000288945	4
ENSG00000288946	6
ENSG00000288947	2
ENSG00000288949	5
ENSG00000288951	250
ENSG00000288952	123
ENSG00000288953	23
ENSG00000288954	53
ENSG00000288955	10
ENSG00000288956	26
ENSG00000288957	18
ENSG00000288959	3
ENSG00000288960	0
ENSG00000288961	35
ENSG00000288962	2
ENSG00000288963	28
ENSG00000288964	0
ENSG00000288966	9
ENSG00000288970	5
ENSG00000288971	58
ENSG00000288973	285
ENSG00000288974	20
ENSG00000288975	5
ENSG00000288976	6
ENSG00000288978	11
ENSG00000288979	29
ENSG00000288980	1
ENSG00000288982	3
ENSG00000288983	85
ENSG00000288984	0
ENSG00000288985	62
ENSG00000288986	16
ENSG00000288987	1
ENSG00000288988	28
ENSG00000288989	13
ENSG00000288990	5
ENSG00000288991	183
ENSG00000288993	175
ENSG00000288996	8
ENSG00000288997	1
ENSG00000288998	15
ENSG00000288999	17
ENSG00000289000	30
ENSG00000289002	31
ENSG00000289004	15
ENSG00000289009	32
ENSG00000289010	1
ENSG00000289011	20
ENSG00000289012	24
ENSG00000289015	123
ENSG00000289016	58
ENSG00000289018	49
ENSG00000289020	45
ENSG00000289021	15
ENSG00000289026	9
ENSG00000289028	7
ENSG00000289029	22
ENSG00000289030	16
ENSG00000289031	11
ENSG00000289033	30
ENSG00000289035	9
ENSG00000289036	777
ENSG00000289038	5
ENSG00000289039	21
ENSG00000289041	6
ENSG00000289043	31
ENSG00000289045	9
ENSG00000289046	32
ENSG00000289049	9
ENSG00000289052	53
ENSG00000289053	41
ENSG00000289055	12
ENSG00000289056	13
ENSG00000289057	32
ENSG00000289058	8
ENSG00000289060	5
ENSG00000289061	71
ENSG00000289062	17
ENSG00000289063	8
ENSG00000289064	10
ENSG00000289065	6
ENSG00000289066	53
ENSG00000289067	143
ENSG00000289068	24
ENSG00000289070	6
ENSG00000289071	6
ENSG00000289072	143
ENSG00000289073	10
ENSG00000289074	4
ENSG00000289075	4
ENSG00000289076	41
ENSG00000289077	120
ENSG00000289078	5
ENSG00000289079	46
ENSG00000289080	4
ENSG00000289082	137
ENSG00000289084	8255
ENSG00000289086	13
ENSG00000289087	105
ENSG00000289089	0
ENSG00000289090	29
ENSG00000289091	9
ENSG00000289092	31
ENSG00000289093	2
ENSG00000289096	3
ENSG00000289097	3
ENSG00000289098	5
ENSG00000289099	2
ENSG00000289100	149
ENSG00000289101	4
ENSG00000289103	63
ENSG00000289104	25
ENSG00000289105	31
ENSG00000289106	67
ENSG00000289108	136
ENSG00000289109	11
ENSG00000289110	3
ENSG00000289111	0
ENSG00000289112	30
ENSG00000289113	5
ENSG00000289114	19
ENSG00000289115	20
ENSG00000289116	35
ENSG00000289117	19
ENSG00000289119	131
ENSG00000289120	18
ENSG00000289121	69
ENSG00000289122	2
ENSG00000289123	21
ENSG00000289124	16
ENSG00000289125	3
ENSG00000289126	26
ENSG00000289127	1637
ENSG00000289129	0
ENSG00000289130	674
ENSG00000289131	12
ENSG00000289132	32
ENSG00000289135	19
ENSG00000289136	16
ENSG00000289137	2
ENSG00000289140	4
ENSG00000289141	3
ENSG00000289143	417
ENSG00000289144	2
ENSG00000289145	97
ENSG00000289146	58
ENSG00000289147	11
ENSG00000289148	3
ENSG00000289150	101
ENSG00000289151	19
ENSG00000289153	380
ENSG00000289155	39
ENSG00000289157	0
ENSG00000289158	120
ENSG00000289159	22
ENSG00000289160	4
ENSG00000289161	3
ENSG00000289162	12
ENSG00000289163	5
ENSG00000289165	2
ENSG00000289166	0
ENSG00000289167	2
ENSG00000289168	1126
ENSG00000289170	5
ENSG00000289172	102
ENSG00000289173	6
ENSG00000289174	78
ENSG00000289176	2
ENSG00000289177	255
ENSG00000289178	210
ENSG00000289180	129
ENSG00000289183	18
ENSG00000289186	11
ENSG00000289188	19
ENSG00000289190	34
ENSG00000289193	9
ENSG00000289194	40
ENSG00000289195	22
ENSG00000289197	259
ENSG00000289198	37
ENSG00000289199	0
ENSG00000289200	9
ENSG00000289201	3122
ENSG00000289202	13
ENSG00000289203	6
ENSG00000289205	2
ENSG00000289206	3
ENSG00000289207	77
ENSG00000289209	6
ENSG00000289210	39
ENSG00000289211	4
ENSG00000289212	31
ENSG00000289213	13
ENSG00000289214	51
ENSG00000289217	74
ENSG00000289218	4
ENSG00000289219	6
ENSG00000289220	0
ENSG00000289221	3
ENSG00000289222	15
ENSG00000289223	42
ENSG00000289224	12
ENSG00000289225	5
ENSG00000289226	103
ENSG00000289228	4203
ENSG00000289229	2
ENSG00000289230	6
ENSG00000289231	12
ENSG00000289232	22
ENSG00000289235	19
ENSG00000289236	45
ENSG00000289237	1
ENSG00000289238	17
ENSG00000289239	8
ENSG00000289241	0
ENSG00000289242	64
ENSG00000289243	33
ENSG00000289244	23
ENSG00000289245	60
ENSG00000289246	1
ENSG00000289247	4
ENSG00000289248	0
ENSG00000289249	0
ENSG00000289251	10
ENSG00000289253	6
ENSG00000289254	716
ENSG00000289255	20
ENSG00000289256	15
ENSG00000289257	7
ENSG00000289258	3
ENSG00000289259	6
ENSG00000289260	5
ENSG00000289261	19
ENSG00000289262	3
ENSG00000289263	27
ENSG00000289266	9
ENSG00000289267	14
ENSG00000289268	45
ENSG00000289274	11
ENSG00000289275	3
ENSG00000289277	161
ENSG00000289278	17
ENSG00000289280	12
ENSG00000289281	3
ENSG00000289285	21
ENSG00000289286	7
ENSG00000289287	3
ENSG00000289288	9
ENSG00000289289	209
ENSG00000289290	0
ENSG00000289291	20
ENSG00000289292	120
ENSG00000289293	160
ENSG00000289294	64
ENSG00000289296	14
ENSG00000289297	8
ENSG00000289298	5
ENSG00000289299	74
ENSG00000289300	0
ENSG00000289301	7
ENSG00000289302	66
ENSG00000289303	10
ENSG00000289304	6
ENSG00000289305	10
ENSG00000289307	17
ENSG00000289309	337
ENSG00000289311	71
ENSG00000289312	39
ENSG00000289315	274
ENSG00000289317	11
ENSG00000289318	169
ENSG00000289319	5
ENSG00000289320	18
ENSG00000289321	98
ENSG00000289322	3
ENSG00000289324	5
ENSG00000289326	41
ENSG00000289327	11
ENSG00000289328	31
ENSG00000289330	4
ENSG00000289332	44
ENSG00000289333	6
ENSG00000289334	5
ENSG00000289335	6
ENSG00000289336	4
ENSG00000289337	9
ENSG00000289338	12
ENSG00000289339	16
ENSG00000289341	4
ENSG00000289343	2
ENSG00000289344	35
ENSG00000289345	0
ENSG00000289346	2859
ENSG00000289347	86
ENSG00000289348	4
ENSG00000289349	3656
ENSG00000289350	78
ENSG00000289351	9
ENSG00000289352	64
ENSG00000289355	62
ENSG00000289357	14
ENSG00000289358	94
ENSG00000289359	24
ENSG00000289361	61
ENSG00000289362	0
ENSG00000289363	17
ENSG00000289364	38
ENSG00000289365	4
ENSG00000289367	6
ENSG00000289368	1064
ENSG00000289370	25
ENSG00000289371	17
ENSG00000289372	46
ENSG00000289373	1
ENSG00000289375	17
ENSG00000289376	489
ENSG00000289377	6
ENSG00000289378	59
ENSG00000289381	18
ENSG00000289382	2
ENSG00000289383	3
ENSG00000289384	288
ENSG00000289385	3
ENSG00000289386	67
ENSG00000289387	0
ENSG00000289388	6
ENSG00000289390	3
ENSG00000289391	0
ENSG00000289392	4
ENSG00000289395	3
ENSG00000289397	192
ENSG00000289398	11
ENSG00000289399	5
ENSG00000289400	0
ENSG00000289402	6
ENSG00000289406	22
ENSG00000289407	17
ENSG00000289408	11
ENSG00000289410	349
ENSG00000289411	3
ENSG00000289413	10
ENSG00000289414	3
ENSG00000289415	5
ENSG00000289418	29
ENSG00000289420	0
ENSG00000289422	31
ENSG00000289423	7
ENSG00000289424	70
ENSG00000289426	105
ENSG00000289427	9
ENSG00000289428	49
ENSG00000289429	35
ENSG00000289430	18
ENSG00000289431	13
ENSG00000289432	6
ENSG00000289434	26
ENSG00000289435	31
ENSG00000289436	7
ENSG00000289438	1
ENSG00000289439	45
ENSG00000289440	55
ENSG00000289442	106
ENSG00000289445	2
ENSG00000289446	29
ENSG00000289447	22
ENSG00000289448	32
ENSG00000289450	131
ENSG00000289451	31
ENSG00000289452	1
ENSG00000289453	6
ENSG00000289454	0
ENSG00000289455	9
ENSG00000289456	22
ENSG00000289457	16
ENSG00000289458	5
ENSG00000289459	3
ENSG00000289460	18
ENSG00000289461	0
ENSG00000289464	114
ENSG00000289465	32
ENSG00000289467	42
ENSG00000289469	474
ENSG00000289470	39
ENSG00000289471	3
ENSG00000289473	28
ENSG00000289475	1
ENSG00000289476	193
ENSG00000289477	3
ENSG00000289479	0
ENSG00000289480	65
ENSG00000289481	1
ENSG00000289482	3
ENSG00000289483	7
ENSG00000289484	192
ENSG00000289485	53
ENSG00000289486	42
ENSG00000289487	113
ENSG00000289489	11
ENSG00000289492	5
ENSG00000289493	2
ENSG00000289494	30
ENSG00000289495	0
ENSG00000289497	256
ENSG00000289499	20
ENSG00000289500	3
ENSG00000289501	7
ENSG00000289502	362
ENSG00000289503	44
ENSG00000289504	78
ENSG00000289505	2
ENSG00000289506	26
ENSG00000289507	4
ENSG00000289508	1
ENSG00000289509	164
ENSG00000289510	1634
ENSG00000289511	11
ENSG00000289512	62
ENSG00000289513	24
ENSG00000289514	1
ENSG00000289516	658
ENSG00000289517	19
ENSG00000289518	12
ENSG00000289519	22
ENSG00000289520	81
ENSG00000289522	25
ENSG00000289524	82
ENSG00000289525	77
ENSG00000289526	155
ENSG00000289527	5
ENSG00000289529	175
ENSG00000289530	0
ENSG00000289533	72
ENSG00000289535	35
ENSG00000289536	1
ENSG00000289537	6
ENSG00000289538	21
ENSG00000289539	4
ENSG00000289541	26
ENSG00000289543	13
ENSG00000289544	5
ENSG00000289545	113
ENSG00000289547	14
ENSG00000289548	2
ENSG00000289550	61
ENSG00000289551	43
ENSG00000289552	22
ENSG00000289553	7
ENSG00000289555	7
ENSG00000289556	1
ENSG00000289559	12
ENSG00000289560	28
ENSG00000289561	12
ENSG00000289562	29
ENSG00000289563	11
ENSG00000289564	196
ENSG00000289565	39
ENSG00000289566	198
ENSG00000289567	9
ENSG00000289569	31
ENSG00000289570	64
ENSG00000289571	13
ENSG00000289573	5
ENSG00000289576	35
ENSG00000289577	0
ENSG00000289578	76
ENSG00000289580	2
ENSG00000289583	28
ENSG00000289584	5
ENSG00000289585	5
ENSG00000289587	76
ENSG00000289588	0
ENSG00000289589	6
ENSG00000289590	2
ENSG00000289591	349
ENSG00000289592	4
ENSG00000289593	5
ENSG00000289594	6
ENSG00000289595	6
ENSG00000289596	2
ENSG00000289597	1
ENSG00000289599	7
ENSG00000289600	35
ENSG00000289601	2
ENSG00000289602	20
ENSG00000289603	6
ENSG00000289605	738
ENSG00000289606	11
ENSG00000289607	6
ENSG00000289608	7
ENSG00000289609	31
ENSG00000289610	4
ENSG00000289614	9
ENSG00000289615	12
ENSG00000289616	8
ENSG00000289619	47
ENSG00000289621	31
ENSG00000289622	138
ENSG00000289623	6
ENSG00000289624	7
ENSG00000289629	25
ENSG00000289631	12
ENSG00000289633	8
ENSG00000289634	0
ENSG00000289635	14
ENSG00000289637	14
ENSG00000289640	24
ENSG00000289641	7
ENSG00000289644	9
ENSG00000289688	227
ENSG00000289689	84
ENSG00000289690	23
ENSG00000289692	34
ENSG00000289694	124
ENSG00000289695	179
ENSG00000289697	16
ENSG00000289699	4
ENSG00000289700	19
ENSG00000289701	4
ENSG00000289704	2
ENSG00000289707	44
ENSG00000289709	16
ENSG00000289720	67
ENSG00000289722	27
ENSG00000289723	0
ENSG00000289724	14
ENSG00000289725	1417
ENSG00000289726	337
ENSG00000289727	358
ENSG00000289728	54
ENSG00000289733	30
ENSG00000289734	13
ENSG00000289738	46
ENSG00000289739	4
ENSG00000289744	94
ENSG00000289750	33
ENSG00000289754	198
ENSG00000289755	5
ENSG00000289757	3
ENSG00000289768	124
ENSG00000289788	133
ENSG00000289809	149
ENSG00000289810	80
ENSG00000289826	536
ENSG00000289827	12
ENSG00000289828	147
ENSG00000289829	22
ENSG00000289831	11
ENSG00000289832	58
ENSG00000289833	2
ENSG00000289834	0
ENSG00000289835	102
ENSG00000289836	4
ENSG00000289837	1
ENSG00000289838	5
ENSG00000289839	63
ENSG00000289840	8
ENSG00000289841	16
ENSG00000289842	1387
ENSG00000289843	158
ENSG00000289844	54
ENSG00000289845	105
ENSG00000289846	0
ENSG00000289847	49
ENSG00000289848	5
ENSG00000289850	8
ENSG00000289852	9
ENSG00000289853	120
ENSG00000289854	31
ENSG00000289855	7
ENSG00000289856	5
ENSG00000289857	5
ENSG00000289858	39
ENSG00000289859	6
ENSG00000289860	95
ENSG00000289861	1
ENSG00000289862	209
ENSG00000289863	2
ENSG00000289864	2
ENSG00000289866	12
ENSG00000289867	11
ENSG00000289868	311
ENSG00000289869	0
ENSG00000289870	75
ENSG00000289871	14
ENSG00000289872	15
ENSG00000289873	1264
ENSG00000289874	7
ENSG00000289875	15
ENSG00000289876	7
ENSG00000289877	64
ENSG00000289878	45
ENSG00000289879	51
ENSG00000289882	3
ENSG00000289884	552
ENSG00000289885	15
ENSG00000289886	5
ENSG00000289887	50
ENSG00000289888	1
ENSG00000289889	7
ENSG00000289890	78
ENSG00000289891	1
ENSG00000289892	4
ENSG00000289893	84
ENSG00000289894	13
ENSG00000289895	22
ENSG00000289896	5
ENSG00000289897	0
ENSG00000289899	209
ENSG00000289901	6
ENSG00000289902	2
ENSG00000289903	16
ENSG00000289904	23
ENSG00000289907	99
ENSG00000289908	4
ENSG00000289909	3
ENSG00000289910	6
ENSG00000289911	667
ENSG00000289913	10
ENSG00000289915	21
ENSG00000289916	58
ENSG00000289918	6
ENSG00000289919	1
ENSG00000289920	2
ENSG00000289921	1
ENSG00000289923	32
ENSG00000289924	10
ENSG00000289925	7
ENSG00000289926	28
ENSG00000289928	12
ENSG00000289929	187
ENSG00000289930	2
ENSG00000289931	9
ENSG00000289932	23
ENSG00000289933	0
ENSG00000289934	0
ENSG00000289936	1
ENSG00000289937	11
ENSG00000289938	78
ENSG00000289939	9
ENSG00000289940	89
ENSG00000289941	2
ENSG00000289942	24
ENSG00000289943	14
ENSG00000289944	17
ENSG00000289945	8
ENSG00000289946	180
ENSG00000289947	0
ENSG00000289949	53
ENSG00000289950	1199
ENSG00000289951	2
ENSG00000289952	10
ENSG00000289953	86
ENSG00000289954	0
ENSG00000289956	1109
ENSG00000289957	5
ENSG00000289958	68
ENSG00000289959	2
ENSG00000289960	58
ENSG00000289961	33
ENSG00000289962	2
ENSG00000289963	14
ENSG00000289964	15
ENSG00000289965	6
ENSG00000289966	11
ENSG00000289967	0
ENSG00000289968	19
ENSG00000289970	14
ENSG00000289971	2
ENSG00000289972	11
ENSG00000289974	3
ENSG00000289975	31
ENSG00000289976	0
ENSG00000289977	38
ENSG00000289978	13
ENSG00000289979	3
ENSG00000289980	19
ENSG00000289981	1
ENSG00000289982	1
ENSG00000289984	9
ENSG00000289986	781
ENSG00000289987	28
ENSG00000289988	0
ENSG00000289989	2
ENSG00000289990	1
ENSG00000289991	0
ENSG00000289992	52
ENSG00000289993	33
ENSG00000289994	11
ENSG00000289995	18
ENSG00000289996	97
ENSG00000289997	550
ENSG00000289998	2
ENSG00000290000	133
ENSG00000290001	5
ENSG00000290003	17
ENSG00000290004	0
ENSG00000290005	13
ENSG00000290006	11
ENSG00000290007	35
ENSG00000290008	279
ENSG00000290009	3
ENSG00000290010	0
ENSG00000290013	19
ENSG00000290014	18
ENSG00000290016	14
ENSG00000290019	15
ENSG00000290020	82
ENSG00000290023	20
ENSG00000290024	2
ENSG00000290025	21
ENSG00000290026	9
ENSG00000290027	13
ENSG00000290031	2
ENSG00000290032	5
ENSG00000290033	11
ENSG00000290034	23
ENSG00000290035	5
ENSG00000290036	43
ENSG00000290037	3
ENSG00000290041	8
ENSG00000290042	0
ENSG00000290043	10
ENSG00000290044	4
ENSG00000290046	1708
ENSG00000290047	68
ENSG00000290048	99
ENSG00000290049	176
ENSG00000290051	198
ENSG00000290052	1
ENSG00000290053	14
ENSG00000290056	2
ENSG00000290057	17
ENSG00000290058	8
ENSG00000290059	4
ENSG00000290060	2
ENSG00000290061	1
ENSG00000290062	7
ENSG00000290064	4
ENSG00000290065	25
ENSG00000290067	363
ENSG00000290068	7
ENSG00000290069	12
ENSG00000290070	74
ENSG00000290071	4
ENSG00000290072	10
ENSG00000290073	819
ENSG00000290074	15
ENSG00000290075	35
ENSG00000290078	5
ENSG00000290079	0
ENSG00000290080	1
ENSG00000290081	2
ENSG00000290082	25
ENSG00000290083	5
ENSG00000290084	4
ENSG00000290085	70
ENSG00000290086	10
ENSG00000290088	109
ENSG00000290089	52
ENSG00000290090	6
ENSG00000290091	30
ENSG00000290092	8
ENSG00000290095	6
ENSG00000290097	6
ENSG00000290099	2
ENSG00000290100	181
ENSG00000290101	13
ENSG00000290102	12
ENSG00000290103	11
ENSG00000290104	2
ENSG00000290105	16
ENSG00000290106	2
ENSG00000290108	16
ENSG00000290109	2
ENSG00000290110	17
ENSG00000290112	3
ENSG00000290113	97
ENSG00000290114	16
ENSG00000290115	4
ENSG00000290117	18
ENSG00000290119	80
ENSG00000290121	29
ENSG00000290123	27
ENSG00000290124	28
ENSG00000290125	23
ENSG00000290126	19
ENSG00000290127	70
ENSG00000290146	388
ENSG00000290149	89
ENSG00000290166	15
ENTHD1	147
ENTPD1	6004
ENTPD1-AS1	7825
ENTPD2	123
ENTPD3	803
ENTPD3-AS1	1866
ENTPD4	3564
ENTPD4-DT	68
ENTPD5	2020
ENTPD6	2720
ENTPD7	909
ENTPD8	26
ENTR1	920
ENY2	1631
EOGT	1779
EOGT-DT	307
EOLA1	103
EOLA1-DT	0
EOLA2	377
EOLA2-DT	11879
EOMES	23
EP300	14295
EP300-AS1	372
EP400	12603
EPAS1	4990
EPB41	9573
EPB41L1	13325
EPB41L1-AS1	28
EPB41L2	22531
EPB41L3	3339
EPB41L3-AS1	26
EPB41L4A	17269
EPB41L4A-AS1	370
EPB41L4A-AS2	59
EPB41L4A-AS3	123
EPB41L4A-DT	9
EPB41L4B	6735
EPB41L5	10783
EPB42	24
EPC1	22069
EPC1-AS1	144
EPC1-AS2	8
EPC2	7036
EPCAM	2697
EPCAM-DT	1629
EPDR1	36
EPG5	7318
EPGN	64
EPHA1	689
EPHA1-AS1	1158
EPHA10	111
EPHA2	3977
EPHA2-AS1	124
EPHA3	11595
EPHA4	5032
EPHA5	1411
EPHA5-AS1	116
EPHA6	28324
EPHA7	14713
EPHA8	29
EPHB1	1843
EPHB2	2385
EPHB3	758
EPHB4	2038
EPHB6	443
EPHX1	1369
EPHX2	2917
EPHX3	151
EPHX4	235
EPIC1	614
EPIST	206
EPM2A	5598
EPM2A-DT	3152
EPM2AIP1	1972
EPN1	900
EPN2	22747
EPN2-AS1	71
EPN3	514
EPO	3
EPOP	20
EPOR	154
EPPIN-WFDC6	4
EPPK1	996
EPRS1	3407
EPS15	14917
EPS15-AS1	378
EPS15L1	4898
EPS8	14806
EPS8L1	6349
EPS8L2	3849
EPS8L3	68
EPSTI1	1404
EPX	46
EPYC	34
EQTN	92
ERAL1	273
ERAP1	1618
ERAP2	1019
ERAS	7
ERBB2	5231
ERBB3	4594
ERBB4	10587
ERBIN	38967
ERBIN-DT	2
ERC1	40676
ERC1-AS1	29
ERC2	5781
ERC2-AS1	1
ERCC1	2547
ERCC2	638
ERCC3	3085
ERCC4	818
ERCC6	2930
ERCC6L	138
ERCC6L2	10881
ERCC6L2-AS1	4323
ERCC8	4303
ERCC8-AS1	2
EREG	382
ERFE	14
ERFL	100
ERG	2718
ERG28	393
ERGIC1	6624
ERGIC2	4054
ERGIC3	2147
ERH	1062
ERI1	2111
ERI2	1453
ERI3	8979
ERICD	20
ERICH1	4508
ERICH2	366
ERICH2-DT	1033
ERICH3	10029
ERICH3-AS1	183
ERICH4	10
ERICH5	119
ERICH6	157
ERICH6-AS1	844
ERICH6B	73
ERLEC1	3235
ERLIN1	5833
ERLIN2	1269
ERLNC1	1
ERMAP	1096
ERMARD	2196
ERMN	14
ERMP1	4284
ERN1	2597
ERN2	1840
ERO1A	4746
ERO1B	4089
ERP27	25
ERP29	397
ERP44	5714
ERRFI1	5026
ERRFI1-DT	536
ERV3-1	3
ERVE-1	42
ERVE-5	5
ERVFRD-1	12
ERVH-1	17
ERVH-3	58
ERVH48-1	28
ERVK-28	7
ERVK13-1	3103
ERVK3-1	16
ERVMER34-1	73
ERVV-2	34
ERVW-1	9
ESAM	239
ESAM-AS1	99
ESCO1	7061
ESCO2	423
ESD	2210
ESF1	4050
ESM1	80
ESPL1	967
ESPN	260
ESPNL	55
ESR1	4126
ESR2	1508
ESRG	3
ESRP1	8826
ESRP2	1008
ESRRA	856
ESRRB	585
ESRRG	38910
ESS2	238
ESX1	0
ESYT1	2483
ESYT2	28156
ESYT3	379
ETAA1	1862
ETF1	3169
ETFA	7042
ETFB	165
ETFBKMT	245
ETFDH	5656
ETFRF1	1068
ETHE1	1533
ETNK1	18037
ETNK1-DT	42
ETNK2	157
ETNPPL	49
ETS1	3920
ETS1-AS1	9
ETS2	5278
ETS2-AS1	429
ETV1	5046
ETV2	25
ETV3	1190
ETV3L	60
ETV4	556
ETV5	1002
ETV5-AS1	2
ETV6	43883
ETV7	66
ETV7-AS1	8
EUDAL	2
EVA1A	413
EVA1A-AS	183
EVA1B	35
EVA1C	8056
EVC	4335
EVC2	3091
EVI2A	10
EVI2B	4
EVI5	22279
EVI5L	945
EVL	7480
EVL-AS1	58
EVPL	4583
EVPLL	495
EVX1	17
EVX1-AS	14
EVX2	11
EWSAT1	20
EWSR1	9111
EXD1	160
EXD2	3379
EXD3	4038
EXO1	481
EXO5	201
EXO5-DT	791
EXOC1	11660
EXOC1-AS1	87
EXOC1L	18
EXOC2	8579
EXOC3	2718
EXOC3-AS1	44
EXOC3L1	46
EXOC3L2	204
EXOC3L4	149
EXOC4	53971
EXOC5	6395
EXOC6	9212
EXOC6B	41548
EXOC7	3779
EXOC8	240
EXOG	1926
EXOSC1	877
EXOSC10	5666
EXOSC10-AS1	8
EXOSC2	998
EXOSC4	52
EXOSC5	101
EXOSC6	483
EXOSC7	2372
EXOSC8	1754
EXOSC9	1251
EXPH5	9118
EXT1	47744
EXT2	5468
EXTL1	101
EXTL2	2101
EXTL3	2049
EXTL3-AS1	124
EYA1	6257
EYA2	8321
EYA3	6239
EYA4	1467
EYA4-AS2	78
EYS	3844
EZH1	5067
EZH2	10629
EZR	13018
EZR-AS1	43
F10	177
F10-AS1	0
F10-AS2	29
F11	27
F11-AS1	770
F11R	600
F12	53
F13A1	882
F13B	17
F2	142
F2R	249
F2R-AS1	143
F2RL1	133
F2RL2	144
F2RL3	48
F3	4448
F5	105
F7	63
F8	541
F8A1	2
F9	15
FA2H	3227
FAAH	509
FAAH2	5128
FAAP100	425
FAAP20	1251
FAAP24	60
FABP1	4
FABP12	114
FABP2	2
FABP3	116
FABP4	80
FABP5	584
FABP6	1448
FABP6-AS1	36
FABP7	4
FABP9	6
FADD	62
FADS1	869
FADS2	1580
FADS3	433
FADS6	47
FAF1	37704
FAF1-AS1	15
FAF2	4976
FAH	653
FAHD1	191
FAHD2A	816
FAHD2B	240
FAIM	929
FAIM2	375
FALEC	80
FAM102A	5390
FAM102B	6177
FAM104A	1743
FAM104B	586
FAM106A	1086
FAM107A	211
FAM107B	6400
FAM110A	361
FAM110B	7479
FAM110C	164
FAM110D	13
FAM111A	3347
FAM111A-DT	166
FAM111B	456
FAM114A1	9244
FAM114A2	2063
FAM117A	1845
FAM117B	4013
FAM118A	3934
FAM118B	1200
FAM120A	11925
FAM120AOS	991
FAM120B	14499
FAM120C	2293
FAM124A	2752
FAM124B	207
FAM126A	6514
FAM126B	6228
FAM131A	1279
FAM131B	59
FAM131B-AS1	5
FAM131B-AS2	24
FAM131C	36
FAM133A	111
FAM133B	5441
FAM135A	21973
FAM135A-AS1	21
FAM135B	1001
FAM136A	410
FAM138B	12
FAM138E	0
FAM13A	29555
FAM13A-AS1	900
FAM13B	16835
FAM13B-AS1	36
FAM13C	5426
FAM149A	4209
FAM149B1	3635
FAM151A	29
FAM151B	1090
FAM151B-DT	1151
FAM153A	257
FAM153A-AS1	71
FAM153B	288
FAM153CP	344
FAM156A	1113
FAM156B	8
FAM157C	352
FAM157D	39
FAM161A	1284
FAM161B	155
FAM162A	3517
FAM162B	304
FAM163A	1889
FAM163B	53
FAM166A	10
FAM166B	166
FAM166C	188
FAM167A	197
FAM167A-AS1	560
FAM167B	44
FAM168A	9734
FAM168A-AS1	54
FAM168B	4849
FAM169A	1150
FAM169A-AS1	7
FAM170B	5
FAM170B-AS1	57
FAM171A1	5751
FAM171A1-AS1	10
FAM171A2	183
FAM171B	1465
FAM171B-AS1	210
FAM172A	31873
FAM174A	2349
FAM174A-DT	695
FAM174B	3835
FAM174C	76
FAM177A1	3182
FAM177B	62
FAM178B	595
FAM180A	37
FAM180B	6
FAM181A	14
FAM181A-AS1	50
FAM181B	34
FAM182A	275
FAM182B	1064
FAM183A	720
FAM184A	3316
FAM184B	663
FAM185A	4720
FAM186A	362
FAM186B	57
FAM187B	2
FAM189A1	2549
FAM189A2	5902
FAM189B	222
FAM193A	11023
FAM193B	5561
FAM193B-DT	4
FAM199X	1444
FAM200A	452
FAM200B	3
FAM201A	15
FAM204A	4896
FAM205A	4
FAM205C	6
FAM209A	61
FAM209B	20
FAM20A	738
FAM20B	2927
FAM20C	4016
FAM210A	3258
FAM210B	238
FAM214A	18227
FAM214B	452
FAM215A	4
FAM216A	757
FAM216B	616
FAM217A	253
FAM217B	430
FAM218A	76
FAM219A	2806
FAM219B	1080
FAM221A	1669
FAM222A	264
FAM222A-AS1	114
FAM222B	5884
FAM224A	0
FAM225A	1
FAM225B	1
FAM227A	4919
FAM227B	3622
FAM228A	65
FAM228B	1859
FAM229A	132
FAM229B	709
FAM230A	5
FAM230B	2
FAM230C	78
FAM230D	8
FAM230E	9
FAM230F	42
FAM230G	9
FAM230H	2
FAM230I	45
FAM230J	12
FAM234A	1640
FAM234B	553
FAM237A	9
FAM237B	3
FAM240A	32
FAM240B	119
FAM240C	21
FAM241A	1742
FAM241B	35
FAM242A	85
FAM242B	6
FAM242C	110
FAM242D	4
FAM242E	1
FAM242F	23
FAM245A	30
FAM245B	13
FAM247B	8
FAM24A	0
FAM25C	34
FAM25G	14
FAM27C	698
FAM27E3	32
FAM27E5	0
FAM30A	28
FAM32A	294
FAM3A	787
FAM3B	2372
FAM3C	5505
FAM3D	2550
FAM3D-AS1	172
FAM41C	120
FAM43A	171
FAM43B	6
FAM47A	0
FAM47B	0
FAM47C	1
FAM47E	121
FAM47E-STBD1	148
FAM50A	729
FAM53A	447
FAM53B-AS1	31
FAM53C	1248
FAM66A	209
FAM66B	565
FAM66C	2255
FAM66D	1263
FAM66E	64
FAM72A	73
FAM72B	55
FAM72C	31
FAM72D	22
FAM74A7	0
FAM76A	1926
FAM76B	2156
FAM78A	146
FAM78B	1199
FAM78B-AS1	15
FAM81A	2237
FAM81B	1300
FAM83A	497
FAM83A-AS1	30
FAM83B	4590
FAM83C	64
FAM83C-AS1	2
FAM83D	414
FAM83E	1032
FAM83F	1100
FAM83G	448
FAM83H	396
FAM85B	1148
FAM86B1	54
FAM86B2	58
FAM87A	16
FAM87B	15
FAM88B	76
FAM88C	2
FAM88E	6
FAM88F	3
FAM89A	211
FAM89B	50
FAM8A1	711
FAM90A1	14
FAM90A12P	0
FAM90A20P	0
FAM90A22	0
FAM90A24P	0
FAM90A26	25
FAM90A27P	5
FAM91A1	4596
FAM95A	128
FAM98A	1533
FAM98B	1513
FAM98C	525
FAM99A	0
FAM99B	4
FAM9A	7
FAM9B	290
FAM9C	14
FAN1	3010
FANCA	3198
FANCB	1339
FANCC	11773
FANCD2	1540
FANCD2OS	83
FANCE	338
FANCF	78
FANCG	237
FANCI	4476
FANCL	7882
FANCM	2080
FANK1	9437
FAP	1766
FAR1	19474
FAR2	2663
FAR2-AS1	485
FARP1	19965
FARP1-AS1	4
FARP2	8385
FARS2	21502
FARS2-AS1	12
FARSA	731
FARSA-AS1	8
FARSB	3571
FAS	2169
FASLG	9
FASN	603
FASTK	400
FASTKD1	3371
FASTKD2	3150
FASTKD3	238
FAT1	8678
FAT2	4360
FAT3	22636
FAT4	10184
FATE1	11
FAU	141
FAXC	5966
FAXDC2	2842
FBF1	523
FBH1	4294
FBL	551
FBLIM1	1550
FBLL1	0
FBLN1	5716
FBLN2	837
FBLN5	1516
FBLN7	633
FBN1	20245
FBN1-DT	18
FBN2	31362
FBN3	776
FBP1	465
FBP2	182
FBRS	1416
FBRSL1	3392
FBXL12	759
FBXL13	6165
FBXL14	612
FBXL15	117
FBXL16	103
FBXL17	29728
FBXL17-AS1	439
FBXL18	1641
FBXL19	1258
FBXL19-AS1	176
FBXL2	14985
FBXL20	16203
FBXL22	2049
FBXL3	2817
FBXL4	9359
FBXL5	11986
FBXL6	49
FBXL7	57314
FBXL8	253
FBXO10	47
FBXO11	24458
FBXO15	1212
FBXO16	1881
FBXO16-AS1	75
FBXO17	3222
FBXO2	56
FBXO21	3667
FBXO22	3805
FBXO24	274
FBXO25	2647
FBXO27	520
FBXO28	5644
FBXO3	3579
FBXO3-DT	2
FBXO30	2967
FBXO31	3443
FBXO32	13455
FBXO33	2568
FBXO34	15633
FBXO34-AS1	82
FBXO36	2282
FBXO38	4816
FBXO38-DT	3239
FBXO39	48
FBXO4	555
FBXO40	49
FBXO41	99
FBXO42	13917
FBXO43	143
FBXO44	275
FBXO45	324
FBXO46	1551
FBXO47	60
FBXO48	128
FBXO5	343
FBXO6	141
FBXO7	5437
FBXO8	1828
FBXO9	5554
FBXW10	135
FBXW10B	9
FBXW11	13948
FBXW12	80
FBXW2	3330
FBXW4	9487
FBXW5	252
FBXW7	17217
FBXW7-AS1	0
FBXW8	4901
FBXW9	156
FCAMR	13
FCAR	47
FCER1A	12
FCER1G	32
FCER2	146
FCF1	1197
FCGBP	563
FCGR1A	8
FCGR2A	50
FCGR2B	11
FCGR2C	30
FCGR3A	2
FCGRT	1144
FCHO1	310
FCHO2	15933
FCHO2-DT	18
FCHSD1	465
FCHSD2	20170
FCMR	161
FCN1	68
FCN2	7
FCN3	64
FCRL1	30
FCRL2	19
FCRL3	48
FCRL3-AS1	5
FCRL4	27
FCRL5	92
FCRL6	23
FCRLA	5
FCRLB	16
FCSK	782
FDCSP	8
FDFT1	5623
FDPS	2503
FDX1	1844
FDX2-ZGLP1	28
FDXACB1	3
FDXR	284
FECH	758
FEM1A	331
FEM1B	2098
FEM1C	1680
FEN1	0
FENDRR	6899
FER	31837
FER-AS2	183
FER1L5	426
FER1L6	1031
FER1L6-AS1	87
FER1L6-AS2	141
FERD3L	0
FERMT1	666
FERMT2	18703
FERMT3	90
FERRISR	2511
FES	321
FETUB	21
FEV	4
FEZ1	871
FEZ2	3755
FEZF1	27
FEZF1-AS1	19
FEZF2	3
FFAR1	7
FFAR2	25
FFAR3	0
FFAR4	85
FGA	85
FGB	44
FGD1	1620
FGD2	188
FGD3	561
FGD4	24562
FGD5	2671
FGD5-AS1	1271
FGD6	7804
FGF1	939
FGF10	2552
FGF10-AS1	1017
FGF12	4981
FGF12-AS1	79
FGF12-AS2	2
FGF12-AS3	5
FGF13	23365
FGF13-AS1	73
FGF14	21542
FGF14-AS1	21
FGF14-AS2	15
FGF16	9
FGF17	32
FGF18	98
FGF19	4
FGF2	3544
FGF20	72
FGF21	7
FGF22	11
FGF23	31
FGF3	15
FGF4	6
FGF5	73
FGF6	21
FGF7	4477
FGF8	14
FGF9	192
FGFBP1	68
FGFBP2	2
FGFBP3	51
FGFBP3-AS1	6
FGFR1	10414
FGFR1OP2	4134
FGFR2	19547
FGFR3	2696
FGFR4	235
FGFRL1	206
FGG	9
FGGY	9512
FGGY-DT	534
FGL1	111
FGL1-AS1	2
FGL2	1118
FGR	115
FH	850
FHAD1	5275
FHAD1-AS1	283
FHDC1	3606
FHDC1-AS1	23
FHIP1A	20095
FHIP1A-DT	69
FHIP1B	1253
FHIP2A	4336
FHIP2B	1419
FHIT	47313
FHL1	19918
FHL1P1	57
FHL2	2424
FHL3	474
FHL5	218
FHOD1	449
FHOD3	11051
FIBCD1	62
FIBCD1-AS1	15
FIBIN	151
FIBP	244
FICD	99
FIG4	5022
FIGLA	46
FIGN	5719
FIGNL1	373
FIGNL2	300
FIGNL2-DT	31
FILIP1	18620
FILIP1-AS1	87
FILIP1L	5975
FILNC1	213
FIP1L1	163
FIRRE	568
FIS1	553
FITM1	19
FITM2	226
FIZ1	292
FJX1	18
FKBP10	1323
FKBP14	1030
FKBP14-AS1	310
FKBP15	3917
FKBP1A	0
FKBP1B	5
FKBP1C	7
FKBP2	12
FKBP3	2027
FKBP4	815
FKBP5	1997
FKBP6	122
FKBP7	445
FKBP8	921
FKBP8-AS1	1
FKBP9	1997
FKBPL	27
FKRP	558
FKTN	3595
FKTN-AS1	7
FLACC1	1778
FLAD1	348
FLG	46
FLG-AS1	6211
FLG2	8
FLI1	2843
FLII	1199
FLJ12825	215
FLJ13224	15
FLJ16779	195
FLJ20021	25
FLJ36000	1
FLJ40194	367
FLJ40288	215
FLJ42969	54
FLJ46284	1290
FLNA	32582
FLNB	36590
FLNB-AS1	56
FLNC	3061
FLNC-AS1	102
FLOT1	2760
FLOT2	1155
FLRT1	206
FLRT2	13528
FLRT2-AS1	186
FLRT3	894
FLT1	2986
FLT3	465
FLT4	568
FLVCR1	2514
FLVCR1-DT	131
FLVCR2	683
FLVCR2-AS1	11
FLYWCH1	2180
FLYWCH1-AS1	173
FLYWCH2	470
FMC1	4
FMN1	8604
FMN2	5595
FMNL1	149
FMNL1-AS1	42
FMNL1-DT	406
FMNL2	26219
FMNL3	3416
FMO1	109
FMO1-AS1	2890
FMO2	57
FMO3	71
FMO4	769
FMO5	730
FMOD	120
FMR1	7785
FMR1-AS1	11
FMR1NB	84
FN1	38806
FN1-DT	15
FN3K	1128
FN3KRP	1110
FNBP1	38210
FNBP1L	19389
FNBP4	17182
FNDC1	1949
FNDC1-AS1	20
FNDC10	3
FNDC11	46
FNDC3A	23216
FNDC3B	37784
FNDC4	36
FNDC5	859
FNDC7	103
FNDC8	9
FNIP1	3
FNIP2	6692
FNTA	1615
FNTB	54
FOCAD	14650
FOCAD-AS1	10
FOLH1	7341
FOLR1	14
FOLR1-AS1	130
FOLR2	10
FOLR3	24
FOS	11546
FOS-AS1	266
FOSB	4308
FOSL1	115
FOSL2	4397
FOSL2-AS1	112
FOXA1	325
FOXA2	88
FOXA3	140
FOXB1	163
FOXB2	7
FOXC1	107
FOXC2	22
FOXC2-AS1	2
FOXCUT	24
FOXD1	71
FOXD1-AS1	1
FOXD2	1
FOXD2-AS1	16
FOXD3	52
FOXD3-AS1	38
FOXD4	10
FOXD4L1	7
FOXD4L3	0
FOXD4L4	0
FOXD4L5	0
FOXE1	80
FOXE3	0
FOXF1	1030
FOXF2	311
FOXF2-DT	56
FOXG1-AS1	270
FOXH1	16
FOXI1	3
FOXI2	6
FOXI3	1
FOXJ1	202
FOXJ2	899
FOXJ3	16503
FOXK1	10367
FOXK2	6907
FOXK2-AS1	5
FOXL1	23
FOXL2	7
FOXL2NB	12
FOXL3	2
FOXM1	346
FOXN1	265
FOXN2	3515
FOXN3	38570
FOXN3-AS1	28
FOXN3-AS2	8
FOXN3-AS3	1471
FOXN3-AS4	124
FOXN4	309
FOXO1	7756
FOXO3	16748
FOXO3B	286
FOXO4	173
FOXO6	257
FOXO6-AS1	8
FOXP1	2194
FOXP1-AS1	80
FOXP2	86425
FOXP3	89
FOXP4	1957
FOXP4-AS1	702
FOXQ1	239
FOXR1	6
FOXR2	1
FOXRED1	1202
FOXRED2	378
FOXS1	7
FPASL	57
FPGS	760
FPGT-TNNI3K	40
FPR1	200
FPR2	13
FPR3	91
FRA10AC1	6346
FRAS1	28242
FRAT1	7
FRAT2	50
FREM1	5568
FREM2	3239
FREM2-AS1	6
FREM3	179
FRG1	1177
FRG1-DT	3279
FRG2	1
FRG2B	0
FRG2C	3
FRMD1	205
FRMD3	6982
FRMD3-AS1	418
FRMD4A	30274
FRMD4A-AS1	81
FRMD4A-AS2	49
FRMD4A-AS3	29
FRMD4B	17262
FRMD5	8662
FRMD6	19956
FRMD6-AS2	4678
FRMD7	61
FRMD8	711
FRMPD1	433
FRMPD2	3307
FRMPD3	992
FRMPD3-AS1	27
FRMPD4	9744
FRMPD4-AS1	0
FRRS1	3579
FRRS1L	656
FRS2	10199
FRS3	212
FRY	13826
FRY-AS1	39
FRYL	32006
FRZB	477
FSCB	13
FSCN1	671
FSCN2	286
FSCN3	44
FSD1	144
FSD1L	5483
FSD2	267
FSHB	0
FSHR	476
FSIP1	1822
FSIP2	2187
FSIP2-AS1	2418
FST	202
FSTL1	8690
FSTL3	182
FSTL4	3341
FSTL4-AS1	30
FSTL4-AS2	66
FSTL4-AS3	2
FSTL5	5177
FSTL5-AS1	37
FTCD	361
FTCD-AS1	3
FTCDNL1	1436
FTH1	1927
FTHL17	0
FTL	465
FTMT	0
FTO	22329
FTSJ1	529
FTSJ3	874
FTX	85569
FUBP1	14796
FUBP3	7231
FUCA1	450
FUCA2	1013
FUNDC1	336
FUNDC2	923
FUOM	36
FURIN	206
FUS	10148
FUT1	136
FUT10	4236
FUT11	453
FUT2	253
FUT3	4467
FUT6	1136
FUT7	2
FUT8	12355
FUT8-AS1	25
FUT9	3646
FUZ	344
FXR1	14291
FXR2	1158
FXYD2	51
FXYD3	3
FXYD4	6
FXYD5	227
FXYD6	17
FXYD6-AS1	89
FXYD6-FXYD2	312
FXYD7	41
FYB1	628
FYB2	1028
FYCO1	4256
FYN	10872
FYTTD1	2342
FZD1	144
FZD10	54
FZD10-AS1	668
FZD2	57
FZD3	2531
FZD4	1120
FZD4-DT	615
FZD5	180
FZD6	3528
FZD7	284
FZD8	47
FZD9	8
FZR1	1911
G0S2	31
G2E3	5805
G2E3-AS1	510
G3BP1	5792
G3BP2	4561
G6PC1	47
G6PC2	8
G6PC3	206
G6PD	458
GAA	644
GAB1	30098
GAB2	10382
GAB3	984
GAB4	36
GABARAP	7
GABARAPL1	1534
GABARAPL1-AS1	3
GABARAPL2	835
GABBR1	5299
GABBR2	1134
GABPA	3060
GABPB1	3058
GABPB1-AS1	4650
GABPB2	4821
GABRA1	59
GABRA2	1007
GABRA2-AS1	157
GABRA3	509
GABRA3-AS1	24
GABRA4	66
GABRA5	326
GABRA6	284
GABRA6-AS1	0
GABRB1	1248
GABRB2	656
GABRB3	3707
GABRD	17
GABRE	3839
GABRG1	73
GABRG2	292
GABRG3	2707
GABRG3-AS1	457
GABRG3-AS2	4
GABRP	889
GABRQ	69
GABRR1	145
GABRR2	573
GABRR3	55
GACAT1	200
GACAT2	129
GACAT3	272
GAD1	185
GAD1-AS1	15
GAD2	214
GADD45A	142
GADD45B	549
GADD45G	74
GADD45GIP1	91
GADL1	1363
GAGE1	0
GAGE10	129
GAGE12H	0
GAGE12J	3
GAGE13	2
GAGE2A	1
GAGE2E	0
GAK	7497
GAL	64
GAL3ST1	107
GAL3ST2	147
GAL3ST2-AS1	3
GAL3ST3	26
GAL3ST4	156
GALC	2011
GALE	900
GALK1	116
GALK2	8063
GALM	1880
GALM-AS1	11
GALNS	2301
GALNT1	5724
GALNT10	4417
GALNT11	5865
GALNT12	3220
GALNT13	1920
GALNT13-AS1	20
GALNT14	4597
GALNT15	398
GALNT16	1023
GALNT16-AS1	230
GALNT17	37401
GALNT18	8592
GALNT18-AS1	6
GALNT2	6667
GALNT3	4982
GALNT5	2555
GALNT6	348
GALNT7	10314
GALNT7-AS1	14
GALNT7-DT	1445
GALNT8	522
GALNT9	247
GALNT9-AS1	5
GALNTL5	145
GALNTL6	3681
GALP	77
GALR1	250
GALR3	8
GALT	69
GAMT	107
GAN	15374
GANAB	1876
GANC	4600
GAP43	1249
GAPDH	1377
GAPDH-AS1	9
GAPDH-DT	28
GAPDHS	13
GAPLINC	44
GAPT	6
GAPVD1	12428
GAR1	756
GAR1-DT	4
GAREM1	21398
GAREM2	131
GARIN1A	388
GARIN1B	43
GARIN2	130
GARIN3	5
GARIN4	10
GARIN5A	93
GARIN5B	5
GARIN6	5
GARNL3	9421
GARRE1	6854
GARS1	2938
GARS1-DT	7964
GART	3125
GAS1	126
GAS1RR	1107
GAS2	2225
GAS2L1	126
GAS2L2	246
GAS2L3	2332
GAS5	6966
GAS5-AS1	19
GAS6	5714
GAS6-AS1	395
GAS6-DT	41
GAS7	12084
GAS8	2514
GAS8-AS1	5
GASAL1	34
GASK1A	457
GASK1B	2185
GASK1B-AS1	1319
GAST	10
GATA1	8
GATA2	119
GATA2-AS1	159
GATA3	125
GATA3-AS1	9
GATA4	872
GATA5	108
GATA6	1382
GATA6-AS1	406
GATA6-AS2	6
GATAD1	2393
GATAD2A	5333
GATAD2B	13711
GATB	1444
GATB-AS1	12
GATC	283
GATD1	1011
GATD1-DT	908
GATD3	307
GATM	1012
GAU1	91
GBA	130
GBA2	1858
GBA3	310
GBE1	8432
GBF1	11657
GBGT1	0
GBP1	1971
GBP2	4390
GBP3	1266
GBP4	462
GBP5	147
GBP6	1893
GBP7	156
GBX1	105
GBX2	8
GBX2-AS1	459
GC	111
GCA	1455
GCAT	264
GCC1	180
GCC2	14504
GCC2-AS1	1203
GCDH	955
GCFC2	5292
GCG	8
GCGR	54
GCH1	722
GCHFR	34
GCK	106
GCKR	72
GCLC	3534
GCLC-AS1	12
GCLM	791
GCM1	39
GCM2	15
GCN1	4388
GCNA	754
GCNT1	3974
GCNT2	8749
GCNT3	448
GCNT4	1330
GCNT7	55
GCOM1	75
GCSAM	50
GCSAML	195
GCSH	5
GCSIR	35
GDA	450
GDAP1	3247
GDAP1L1	300
GDAP2	3371
GDE1	595
GDF10	118
GDF11	461
GDF15	639
GDF2	6
GDF3	14
GDF5	144
GDF5-AS1	30
GDF6	115
GDF7	89
GDF9	38
GDI1	1809
GDI2	6109
GDNF	1820
GDNF-AS1	2095
GDPD1	1275
GDPD2	32
GDPD3	564
GDPD4	203
GDPD5	605
GDPGP1	6
GEM	3142
GEMIN2	929
GEMIN4	386
GEMIN5	2575
GEMIN6	310
GEMIN7	8
GEMIN7-AS1	629
GEMIN8	1847
GEN1	1854
GET1	5
GET1-SH3BGR	329
GET3	263
GET4-AS1	371
GFAP	41
GFER	69
GFI1	43
GFI1B	129
GFM1	1905
GFM2	3776
GFOD1	4566
GFOD1-AS1	4
GFOD2	1603
GFPT1	10338
GFPT2	1240
GFRA1	8958
GFRA2	1108
GFRA3	130
GFRA4	15
GFRAL	118
GFUS	165
GFY	14
GGA1	1743
GGA2	6628
GGA3	3328
GGACT	34
GGCT	49
GGCX	1079
GGH	750
GGN	14
GGNBP2	6460
GGPS1	13
GGT5	166
GGT6	322
GGT7	1455
GGTA1	320
GGTLC1	7
GGTLC2	1
GGTLC3	0
GH2	7
GHDC	55
GHET1	15
GHITM	960
GHR	18324
GHRH	11
GHRHR	179
GHRL	188
GHRLOS	536
GHSR	15
GID4	840
GID8	1501
GIGYF1	2577
GIGYF2	19452
GIHCG	276
GIMAP2	77
GIMAP4	117
GIMAP5	17
GIMAP6	31
GIMAP7	72
GIMAP8	344
GIMD1	9
GIN1	1548
GINM1	3264
GINS1	1050
GINS2	246
GINS3	1581
GINS4	296
GIP	24
GIPC1	3283
GIPC2	1056
GIPC3	78
GIPR	778
GIT1	655
GIT2	7494
GJA1	875
GJA10	31
GJA3	34
GJA4	20
GJA5	221
GJA8	45
GJB1	29
GJB2	68
GJB3	70
GJB4	28
GJB5	14
GJB6	160
GJB7	178
GJC1	3359
GJC2	152
GJC3	11
GJD2	1
GJD2-DT	57
GJD3	8
GJD3-AS1	13
GJD4	5
GJD4-AS1	9
GJE1	0
GK	3679
GK-AS1	96
GK2	4
GK3P	4
GK5	5032
GKAP1	3580
GKN1	3
GKN2	4
GLA	291
GLB1	3123
GLB1L	213
GLB1L2	349
GLB1L3	58
GLCCI1	13848
GLCCI1-DT	68
GLCE	3884
GLDC	208
GLDN	267
GLE1	1769
GLELR	28
GLG1	15426
GLI1	265
GLI2	8172
GLI3	16454
GLI4	52
GLIDR	392
GLIPR1	434
GLIPR1-AS1	55
GLIPR1L1	46
GLIPR1L2	448
GLIPR2	4398
GLIS1	1130
GLIS2	363
GLIS2-AS1	30
GLIS3	21768
GLIS3-AS1	22
GLIS3-AS2	21
GLMN	6183
GLMP	183
GLO1	2964
GLOD4	1810
GLOD5	98
GLP1R	440
GLP2R	712
GLRA1	210
GLRA2	644
GLRA3	201
GLRB	977
GLRX	451
GLRX2	471
GLRX3	8938
GLRX5	190
GLS	17829
GLS2	5
GLT1D1	624
GLT6D1	100
GLT8D1	1431
GLT8D2	3191
GLTC1	54
GLTP	3008
GLTPD2	16
GLUD1	7829
GLUD2	54
GLUL	4012
GLYAT	488
GLYATL1	357
GLYATL1-AS1	437
GLYATL1B	3
GLYATL2	1470
GLYATL3	63
GLYCTK	281
GLYCTK-AS1	91
GLYR1	5975
GM2A	771
GMCL1	4972
GMCL2	1
GMDS	44361
GMDS-DT	33949
GMEB1	1684
GMEB2	1568
GMFB	1066
GMFG	156
GMIP	319
GML	66
GMNC	142
GMNN	1234
GMPPA	470
GMPPB	183
GMPR	731
GMPR2	335
GMPS	5452
GNA11	1330
GNA12	4300
GNA13	4767
GNA14	7089
GNA14-AS1	295
GNA15	1053
GNA15-DT	44
GNAI1	7826
GNAI2	1666
GNAI3	4579
GNAL	1963
GNAO1	1874
GNAO1-AS1	3
GNAO1-DT	533
GNAQ	34207
GNAS	11308
GNAS-AS1	1061
GNAT1	14
GNAT2	61
GNAT3	63
GNAZ	453
GNB1	15668
GNB1-DT	22
GNB1L	737
GNB2	434
GNB3	126
GNB4	5371
GNB5	1341
GNE	3912
GNG11	202
GNG12	9559
GNG12-AS1	2289
GNG13	6
GNG2	4450
GNG3	6
GNG4	9072
GNG5	1
GNG7	4038
GNG8	66
GNGT1	710
GNGT2	22
GNL1	1435
GNL2	2071
GNL3	6870
GNL3L	3520
GNLY	51
GNMT	28
GNPAT	4193
GNPDA1	480
GNPDA2	1472
GNPNAT1	546
GNPTAB	6400
GNPTG	1383
GNRH1	389
GNRH2	14
GNRHR	18
GNS	2038
GOLGA1	4864
GOLGA2	5263
GOLGA3	6252
GOLGA4	40626
GOLGA4-AS1	24
GOLGA5	3467
GOLGA6A	0
GOLGA6B	7
GOLGA6C	2
GOLGA6D	0
GOLGA6L10	1258
GOLGA6L2	24
GOLGA6L22	4
GOLGA6L24P	0
GOLGA6L26	0
GOLGA6L4	9
GOLGA6L6	4
GOLGA6L7	13
GOLGA6L9	1962
GOLGA6L9-AS1	2296
GOLGA7	866
GOLGA7B	45
GOLGA7B-DT	40
GOLGA8A	5637
GOLGA8B	4024
GOLGA8F	0
GOLGA8G	2
GOLGA8H	64
GOLGA8J	25
GOLGA8K	37
GOLGA8M	227
GOLGA8N	419
GOLGA8O	41
GOLGA8Q	31
GOLGA8R	173
GOLGA8S	14
GOLGA8T	11
GOLGB1	16907
GOLIM4	6674
GOLM1	6055
GOLM2	13297
GOLPH3	8685
GOLPH3-DT	24
GOLPH3L	6414
GOLT1A	106
GOLT1B	1789
GON4L	6978
GON7	202
GOPC	3757
GORAB	1006
GORAB-AS1	95
GORASP1	611
GORASP2	3569
GOSR1	6753
GOSR2-DT	18
GOT1	1218
GOT1-DT	812
GOT1L1	1
GOT2	1170
GP1BA	9
GP2	17
GP5	20
GP6	321
GP6-AS1	420
GP9	3
GPA33	279
GPA33-AS1	11
GPAA1	198
GPALPP1	3499
GPAM	667
GPANK1	286
GPAT2	29
GPAT3	704
GPAT4	2174
GPAT4-AS1	432
GPATCH1	1919
GPATCH11	482
GPATCH2	9717
GPATCH2L	6926
GPATCH3	249
GPATCH4	422
GPATCH8	23244
GPBAR1	9
GPBP1	20590
GPBP1-DT	17
GPBP1L1	19518
GPC1	2030
GPC1-AS1	807
GPC2	163
GPC3	6567
GPC4	3289
GPC5	22898
GPC5-AS1	167
GPC5-AS2	80
GPC6	60721
GPC6-AS1	50
GPC6-AS2	16
GPCPD1	24609
GPD1	46
GPD1L	1024
GPD2	11879
GPER1	145
GPHA2	4
GPHB5	15
GPHN	38991
GPI	10944
GPIHBP1	29
GPKOW	520
GPLD1	1015
GPM6A	30369
GPM6A-DT	28
GPM6B	4360
GPN1	620
GPN2	581
GPN2-AS1	7
GPN3	408
GPNMB	1549
GPR101	23
GPR107	8565
GPR108	578
GPR119	11
GPR12	7
GPR132	117
GPR135	1351
GPR137	711
GPR137B	2827
GPR137C	3729
GPR139	51
GPR142	10
GPR143	794
GPR146	112
GPR148	2
GPR149	91
GPR15	0
GPR150	9
GPR151	0
GPR152	2
GPR153	589
GPR155	5186
GPR155-DT	6
GPR156	802
GPR157	1247
GPR158	971
GPR158-AS1	24
GPR160	3751
GPR161	2584
GPR162	237
GPR17	53
GPR171	11
GPR173	3137
GPR174	122
GPR176	864
GPR176-DT	13
GPR179	82
GPR18	37
GPR180	1885
GPR182	5
GPR183	305
GPR19	133
GPR20	258
GPR22	30
GPR25	2
GPR26	22
GPR27	4
GPR3	18
GPR31	0
GPR33	68
GPR34	33
GPR35	344
GPR37	162
GPR37L1	105
GPR39	1876
GPR42	0
GPR45	2
GPR50	1
GPR50-AS1	2
GPR55	201
GPR6	5
GPR61	20
GPR62	5
GPR63	740
GPR65	15
GPR68	93
GPR78	123
GPR82	29
GPR83	43
GPR84	6
GPR85	148
GPR87	691
GPR88	14
GPR89A	1196
GPR89B	1549
GPRACR	3
GPRC5A	3744
GPRC5B	1250
GPRC5C	482
GPRC5D	47
GPRC5D-AS1	2559
GPRC6A	26
GPRIN1	60
GPRIN2	208
GPRIN3	1126
GPS1	233
GPS2	39
GPSM1	1069
GPSM2	6035
GPSM3	48
GPT	37
GPT2	3422
GPX1	67
GPX2	21
GPX3	47
GPX4	254
GPX5	13
GPX6	45
GPX7	173
GPX8	396
GRAMD1A	2012
GRAMD1A-AS1	18
GRAMD1B	3613
GRAMD1C	3035
GRAMD2A	222
GRAMD2B	7620
GRAMD2B-AS1	398
GRAMD4	2391
GRAP	91
GRAP2	198
GRAPL	79
GRASLND	23
GRB10	5221
GRB14	1132
GRB2	6469
GRB7	1531
GREB1	1349
GREB1L	1827
GREB1L-AS1	461
GREB1L-DT	0
GREM1	214
GREM1-AS1	1
GREM2	6001
GREP1	218
GRHL1	10376
GRHL2	16956
GRHL3	6269
GRHL3-AS1	184
GRHPR	986
GRIA1	1167
GRIA2	1242
GRIA3	1683
GRIA4	1133
GRID1	3408
GRID1-AS1	85
GRID1-AS2	5
GRID2	9237
GRID2-AS1	5
GRID2IP	496
GRIFIN	7
GRIK1	875
GRIK1-AS1	60
GRIK1-AS3	9
GRIK2	14039
GRIK3	3367
GRIK4	2258
GRIK5	1909
GRIN1	124
GRIN2A	1379
GRIN2B	1273
GRIN2C	84
GRIN2D	236
GRIN3A	648
GRIN3B	341
GRINA	250
GRIP1	27939
GRIP2	866
GRIPAP1	3473
GRK1	50
GRK2	1524
GRK3	10848
GRK3-AS1	7
GRK4	1885
GRK5	11526
GRK5-AS1	20
GRK6	689
GRK7	18
GRM1	415
GRM2	16
GRM3	331
GRM3-AS1	194
GRM4	226
GRM5	3445
GRM5-AS1	47
GRM6	22
GRM7	5078
GRM7-AS1	237
GRM7-AS2	1
GRM7-AS3	317
GRM8	2255
GRM8-AS1	147
GRN	391
GRP	66
GRPEL1	290
GRPEL2	298
GRPEL2-AS1	32
GRPR	232
GRSF1	3934
GRTP1	2666
GRTP1-AS1	40
GRWD1	164
GRXCR1	143
GRXCR2	130
GS1-24F4.2	604
GS1-594A7.3	37
GS1-600G8.3	5
GSAP	4598
GSC	3
GSC-DT	5
GSC2	1
GSCAR	2
GSDMA	109
GSDMB	1691
GSDMC	3125
GSDMD	374
GSDME	433
GSE1	19005
GSE1-AS1	24
GSEC	313
GSG1	15
GSG1L	814
GSG1L2	80
GSK3A	76
GSK3B	18601
GSK3B-DT	609
GSKIP	669
GSN	10517
GSN-AS1	25
GSPT1	7739
GSPT2	100
GSR	2827
GSS	828
GSTA1	159
GSTA2	32
GSTA3	161
GSTA4	2557
GSTA5	3
GSTCD	4591
GSTK1	1531
GSTM2	174
GSTM3	248
GSTM4	311
GSTM5	497
GSTO1	1120
GSTO2	2091
GSTP1	618
GSTT2	63
GSTT2B	118
GSTT4	17
GSTZ1	176
GSX1	2
GTDC1	11718
GTF2A1	2401
GTF2A1-AS1	43
GTF2A2	453
GTF2B	2281
GTF2E1	564
GTF2E2	5209
GTF2F1	806
GTF2F2	5301
GTF2H1	3807
GTF2H2	1339
GTF2H2C	943
GTF2H3	1452
GTF2H5	657
GTF2I	15636
GTF2I-AS1	381
GTF2IRD1	15724
GTF2IRD2B	3198
GTF3A	854
GTF3C1	7768
GTF3C2	4171
GTF3C2-AS1	28
GTF3C2-AS2	463
GTF3C3	3099
GTF3C4	661
GTF3C5	1498
GTF3C6	213
GTPBP1	2965
GTPBP10	3179
GTPBP2	1354
GTPBP3	338
GTPBP4	2057
GTPBP8	561
GTSCR1	18
GTSE1	665
GTSE1-DT	3
GTSF1	24
GTSF1L	0
GUCA1A	6
GUCA1ANB-GUCA1A	27
GUCA1B	399
GUCA1C	80
GUCA2A	4
GUCA2B	0
GUCD1	440
GUCY1A1	9112
GUCY1A2	3927
GUCY1B1	4466
GUCY2C	180
GUCY2C-AS1	790
GUCY2D	26
GUCY2F	274
GUF1	2982
GUK1	1363
GULP1	18490
GUSB	1006
GUSBP11	5138
GVQW3	934
GXYLT1	2230
GXYLT2	2492
GYG1	544
GYG2	839
GYG2-AS1	0
GYPA	0
GYPB	55
GYPC	1748
GYPE	126
GYS1	3608
GZF1	354
GZMA	12
GZMB	4
GZMH	1
GZMH-AS1	166
GZMK	3
GZMK-AS1	20
GZMM	31
H1-0	1532
H1-1	41
H1-10	175
H1-10-AS1	258
H1-2	2028
H1-3	1413
H1-4	2615
H1-5	342
H1-6	1
H1-7	9
H1-8	7
H19	2076
H2AB1	3
H2AC11	145
H2AC12	72
H2AC13	52
H2AC14	66
H2AC15	175
H2AC16	65
H2AC17	7
H2AC20	398
H2AC21	77
H2AC4	34
H2AC6	5457
H2AC8	120
H2AJ	330
H2AW	69
H2AX	54
H2AZ1	286
H2AZ1-DT	627
H2AZ2	2578
H2AZ2-DT	17
H2BC10	29
H2BC11	223
H2BC12	93
H2BC13	38
H2BC14	40
H2BC15	296
H2BC17	33
H2BC18	712
H2BC21	457
H2BC3	34
H2BC4	390
H2BC5	712
H2BC6	151
H2BC6-AS1	100
H2BC7	112
H2BC8	200
H2BC9	83
H2BU1	89
H2BW1	3
H2BW2	0
H3-3A	2543
H3-3A-DT	288
H3-3B	2599
H3-4	0
H3-5	12
H3-7	440
H3C1	25
H3C10	72
H3C11	48
H3C12	57
H3C13	46
H3C2	149
H3C3	45
H3C6	131
H3C7	50
H3C8	85
H3Y1	0
H4-16	306
H4C1	36
H4C11	12
H4C12	63
H4C13	21
H4C14	41
H4C15	23
H4C2	52
H4C3	201
H4C4	77
H4C5	276
H4C6	56
H4C8	408
H4C9	33
H6PD	1735
HAAO	718
HABP2	84
HABP4	2274
HACD1	3884
HACD2	2699
HACD3	4301
HACD4	821
HACE1	7151
HACL1	3451
HADH	2523
HADHA	5130
HADHB	7697
HAFML	112
HAGH	894
HAGHL	123
HAGLR	169
HAGLROS	4
HAL	123
HAMP	5
HAND1	2
HAND2	2261
HAND2-AS1	6667
HAO1	85
HAO2	36
HAP1	80
HAPLN1	655
HAPLN2	35
HAPLN3	161
HAPSTR2	1
HAR1A	5
HAR1B	18
HARBI1	176
HARS1	1944
HARS2	732
HAS1	21
HAS2	524
HAS2-AS1	1452
HAS3	169
HASPIN	17
HAT1	3589
HAUS1	1594
HAUS2	777
HAUS3	4
HAUS4	2
HAUS5	1025
HAUS5-DT	3
HAUS6	2360
HAUS7	91
HAUS8	624
HAVCR1	72
HAVCR2	710
HAX1	296
HBA1	47
HBA2	62
HBB	15
HBD	5
HBEGF	257
HBM	20
HBP1	8750
HBQ1	2
HBS1L	6766
HBZ	60
HCAR1	14
HCAR2	132
HCAR3	72
HCCAT5	3
HCCS	224
HCCS-DT	4257
HCFC1	1304
HCFC1-AS1	3
HCFC1R1	226
HCFC2	3835
HCG11	347
HCG14	16
HCG15	6
HCG17	4097
HCG18	169
HCG20	313
HCG22	90
HCG24	21
HCG25	152
HCG27	293
HCG9	15
HCK	198
HCLS1	233
HCN1	1543
HCN2	58
HCN3	268
HCN4	81
HCN4-AS1	8
HCP5	84
HCP5B	1
HCRT	7
HCRTR1	90
HCRTR2	233
HCST	7
HDAC1	3782
HDAC10	146
HDAC11	1043
HDAC11-AS1	15
HDAC2	5599
HDAC2-AS2	3485
HDAC3	1501
HDAC3-AS1	123
HDAC4	20307
HDAC4-AS1	39
HDAC4-AS2	6
HDAC4-AS3	17
HDAC5	4140
HDAC6	3006
HDAC7	2675
HDAC8	3
HDAC9	32624
HDAC9-AS1	10
HDC	188
HDDC2	884
HDDC3	136
HDGF	1322
HDGFL2	1226
HDGFL3	4534
HDHD2	58
HDHD3	506
HDHD5	1737
HDHD5-AS1	105
HDLBP	12010
HDX	2969
HEATR1	5373
HEATR3	1431
HEATR3-AS1	119
HEATR4	647
HEATR5A	2193
HEATR5A-DT	162
HEATR5B	6592
HEATR6	2162
HEATR6-DT	236
HEATR9	19
HEBP1	746
HEBP2	3118
HECA	2697
HECTD1	28764
HECTD2	8145
HECTD3	294
HECTD4	23227
HECW1	1309
HECW2	18334
HECW2-AS1	8
HEG1	3354
HEIH	114
HELB	1542
HELLPAR	293
HELLS	3905
HELQ	1162
HELT	3
HELZ	17194
HELZ2	367
HEMGN	143
HEMK1	1271
HENMT1	118
HEPACAM	37
HEPACAM2	72
HEPFAL	45
HEPH	6570
HEPHL1	140
HEPN1	17
HERC1	24406
HERC2	16478
HERC3	193
HERC3.1	25
HERC4	25081
HERC5	319
HERC6	1912
HERPUD1	2475
HERPUD2	4421
HERPUD2-AS1	93
HES1	2739
HES2	212
HES3	5
HES4	188
HES5	19
HES6	26
HES7	55
HESX1	192
HEXA	6
HEXA-AS1	25
HEXB	1758
HEXD	1430
HEXIM1	417
HEXIM2	112
HEXIM2-AS1	1775
HEXIM2-AS2	44
HEY1	143
HEY2	684
HEY2-AS1	735
HEYL	446
HFE	238
HFM1	2840
HGD	103
HGF	1707
HGFAC	54
HGH1	30
HGS	1310
HGSNAT	7020
HHAT	9564
HHATL-AS1	1
HHEX	68
HHIP	880
HHIPL1	266
HHIPL2	36
HHLA1	80
HHLA2	927
HHLA3	393
HHLA3-AS1	6
HIBADH	13310
HIBCH	23051
HIC1	321
HIC2	779
HID1	462
HID1-AS1	26
HIF1A	6722
HIF1A-AS1	78
HIF1A-AS3	1504
HIF1AN	1964
HIF3A	17726
HIGD1B	30
HIGD2B	75
HIKESHI	2607
HINFP	763
HINT1	1158
HINT3	1902
HIP1	7704
HIP1R	2042
HIPK1	4355
HIPK1-AS1	42
HIPK2	10150
HIPK3	14127
HIPK4	78
HIRA	1149
HIRIP3	191
HIVEP1	12420
HIVEP2	19398
HIVEP2-DT	212
HIVEP3	7855
HJURP	716
HJV	113
HK1	9900
HK2	1608
HK2-DT	10
HK3	32
HKDC1	122
HLA-A	397
HLA-B	271
HLA-C	450
HLA-DMA	213
HLA-DMB	23
HLA-DOA	7
HLA-DOB	2
HLA-DPA1	58
HLA-DPB1	326
HLA-DQA1	46
HLA-DQA2	27
HLA-DQB1	23
HLA-DQB2	7
HLA-DRA	47
HLA-DRB1	143
HLA-DRB5	66
HLA-E	594
HLA-F	61
HLA-F-AS1	371
HLA-G	16
HLCS	9597
HLCS-AS1	61
HLF	10086
HLF-AS1	13
HLMR1	21
HLTF	4431
HLTF-AS1	33
HLX	6
HLX-AS1	325
HM13	3341
HM13-AS1	37
HMBOX1	18216
HMBS	216
HMCES	1154
HMCN1	18628
HMCN2	3225
HMG20A	5032
HMG20B	995
HMGA1	391
HMGA1P4	2099
HMGA2	4872
HMGA2-AS1	510
HMGA2-AS2	79
HMGB1	9345
HMGB1P1	323
HMGB2	2034
HMGB3	120
HMGB4	6
HMGCL	1608
HMGCLL1	2715
HMGCR	3235
HMGCS1	4924
HMGCS2	281
HMGN1	6971
HMGN2	2760
HMGN3	8790
HMGN3-AS1	172
HMGN4	811
HMGN5	2028
HMGXB3	2707
HMGXB4	4824
HMMR	480
HMMR-AS1	5
HMOX1	131
HMOX2	1144
HMSD	39
HMX1	11
HMX2	10
HMX3	10
HNF1A	91
HNF1A-AS1	2057
HNF1B	387
HNF4A	453
HNF4A-AS1	102
HNF4G	1781
HNMT	1910
HNRNPA0	469
HNRNPA1L3	166
HNRNPA2B1	29243
HNRNPA3	10533
HNRNPAB	592
HNRNPC	22697
HNRNPCL1	0
HNRNPCL2	0
HNRNPD	13494
HNRNPD-DT	177
HNRNPDL	22988
HNRNPF	4254
HNRNPH1	24188
HNRNPH2	103
HNRNPH3	7654
HNRNPK	7298
HNRNPK-AS1	102
HNRNPL	2496
HNRNPLL	9303
HNRNPLL-AS1	4
HNRNPM	12771
HNRNPR	13178
HNRNPU	36159
HNRNPUL1	4888
HNRNPUL2	4
HNRNPUL2-BSCL2	87
HOATZ	1153
HOMER1	3856
HOMER2	2790
HOMER3	182
HOMER3-AS1	32
HOMEZ	530
HOOK1	4181
HOOK2	4352
HOOK3	21261
HOPX	4132
HORMAD1	266
HORMAD2	119
HORMAD2-AS1	91
HOTAIR	16
HOTAIRM1	2574
HOTTIP	116
HOXA-AS2	841
HOXA-AS3	132
HOXA1	31
HOXA10	1
HOXA10-AS	12
HOXA11	14
HOXA11-AS	8
HOXA13	5
HOXA2	143
HOXA3	2389
HOXA7	18
HOXA9	2
HOXB-AS1	627
HOXB-AS3	662
HOXB-AS4	11
HOXB1	12
HOXB13	9
HOXB2	538
HOXB3	4583
HOXB6	2
HOXB7	31
HOXC-AS1	4
HOXC-AS2	5
HOXC-AS3	10
HOXC10	9
HOXC11	5
HOXC12	7
HOXC13	9
HOXC13-AS	8
HOXC4	1645
HOXD-AS2	91
HOXD1	18
HOXD10	69
HOXD11	9
HOXD12	3
HOXD13	5
HOXD3	1091
HOXD8	28
HOXD9	13
HP	10
HP1BP3	21743
HPAT5	19
HPCA	29
HPCAL1	2425
HPCAL4	72
HPD	196
HPDL	8
HPF1	1107
HPGD	6783
HPGD-AS2	435
HPGDS	231
HPN	477
HPN-AS1	238
HPR	6
HPRT1	2279
HPS1	4
HPS1-AS1	18
HPS3	2019
HPS4	3236
HPS5	2426
HPS6	25
HPSE	241
HPSE2	88819
HPX	96
HPYR1	233
HR	137
HRAS	273
HRAT17	240
HRC	86
HRCT1	11
HRDAL	3
HRG	21
HRG-AS1	422
HRH1	1994
HRH2	342
HRH3	11
HRH4	75
HRK	192
HRNR	12
HROB	148
HS1BP3	1882
HS2ST1	5843
HS3ST1	366
HS3ST1-AS1	1158
HS3ST2	194
HS3ST3A1	1237
HS3ST3B1	417
HS3ST4	706
HS3ST5	4055
HS3ST6	195
HS6ST1	1678
HS6ST2	9292
HS6ST2-AS1	2
HS6ST3	8883
HSALR1	103
HSBP1	129
HSBP1L1	714
HSCB	1623
HSD11B1	145
HSD11B1-AS1	312
HSD11B2	140
HSD17B1-AS1	93
HSD17B10	64
HSD17B11	2105
HSD17B12	1184
HSD17B13	72
HSD17B14	788
HSD17B2	1055
HSD17B2-AS1	869
HSD17B3-AS1	4
HSD17B4	6746
HSD17B6	173
HSD17B7	1196
HSD17B8	133
HSD3B1	7
HSD3B2	3
HSD3B7	44
HSDL1	1289
HSDL2	7964
HSDL2-AS1	674
HSF1	1763
HSF2	4340
HSF2BP	516
HSF4	99
HSF5	178
HSFX1	0
HSFX2	3
HSFX3	1
HSH2D	340
HSH2D-AS1	33
HSP90AA1	13472
HSP90AB1	3232
HSP90B1	11896
HSPA12A	4667
HSPA12A-AS1	11
HSPA12B	702
HSPA13	369
HSPA14	862
HSPA1A	813
HSPA1B	263
HSPA1L	64
HSPA2	540
HSPA2-AS1	154
HSPA4	5736
HSPA4L	7307
HSPA5	3888
HSPA5-DT	55
HSPA8	2159
HSPA9	4748
HSPB1	4348
HSPB11	4093
HSPB2-C11orf52	26
HSPB3	27
HSPB6	199
HSPB7	283
HSPB8	1933
HSPB8-AS1	5
HSPB9	3
HSPBAP1	1275
HSPBP1	465
HSPD1	6419
HSPE1	47
HSPE1-MOB4	252
HSPG2	22113
HSPH1	11318
HTATIP2	103
HTATSF1	1017
HTN1	5
HTN3	2
HTR1B	17
HTR1D	63
HTR1E	915
HTR1F	811
HTR2A	193
HTR2A-AS1	1
HTR2B	491
HTR2C	435
HTR3A	28
HTR3B	135
HTR3C	14
HTR3D	3
HTR3E	28
HTR3E-AS1	41
HTR4	517
HTR5A	5
HTR5A-AS1	3
HTR6	22
HTR7	573
HTRA1	949
HTRA1-AS1	126
HTRA2	212
HTRA3	721
HTRA4	80
HTT	13485
HTT-AS	236
HULC	1290
HUNK	3866
HUNK-AS1	0
HUS1	1389
HUWE1	16838
HVCN1	617
HYAL1	255
HYAL2	46
HYAL3	41
HYAL4	53
HYDIN	16855
HYDIN-AS1	8
HYI	445
HYI-AS1	47
HYKK	426
HYLS1	337
HYOU1	683
HYOU1-AS1	17
IADEN	9
IAH1	1337
IAPP	31
IARS1	5431
IARS2	4747
IATPR	59
IBA57	464
IBA57-DT	10
IBSP	7
IBTK	11057
ICA1	8179
ICA1L	5649
ICAM1	238
ICAM2	216
ICAM3	24
ICAM4	10
ICAM4-AS1	8
ICAM5	46
ICE1	5443
ICE1-DT	578
ICE2	7079
ICMT	238
ICMT-DT	8
ICOS	38
ICOSLG	130
ID1	225
ID2	756
ID2-AS1	151
ID3	250
ID4	1222
IDE	4843
IDH1	1673
IDH1-AS1	5
IDH2	4478
IDH2-DT	638
IDH3A	1342
IDH3B	515
IDH3B-DT	7
IDH3G	484
IDI1	1316
IDI2	10
IDI2-AS1	126
IDNK	292
IDO1	69
IDO2	208
IDUA	392
IER2	1837
IER2-AS1	21
IER3	591
IER3-AS1	21
IER5	159
IER5L	100
IER5L-AS1	4
IFFO1	628
IFFO2	1728
IFI16	6131
IFI27	92
IFI27L1	831
IFI27L2	78
IFI35	124
IFI44	851
IFI44L	154
IFI6	78
IFIH1	1076
IFIT1	259
IFIT1B	18
IFIT2	134
IFIT3	286
IFIT5	257
IFITM10	9
IFITM2	31
IFITM3	115
IFITM3-AS1	54
IFITM5	2
IFNA1	0
IFNA10	0
IFNA14	0
IFNA16	0
IFNA21	2
IFNA4	0
IFNA5	1
IFNA6	0
IFNA7	0
IFNA8	0
IFNAR1	4846
IFNAR2	130
IFNAR2-IL10RB	22
IFNB1	0
IFNG	9
IFNG-AS1	665
IFNGR1	2519
IFNGR2	3770
IFNK	0
IFNL1	0
IFNL2	1
IFNL4	0
IFNLR1	1031
IFRD1	76
IFRD2	382
IFT122	7141
IFT122P3	59
IFT140	3796
IFT172	5199
IFT20	924
IFT22	327
IFT27	1328
IFT43	8350
IFT46	1323
IFT52	3056
IFT57	4640
IFT70A-AS1	29
IFT74	6100
IFT74-AS1	2
IFT81	8692
IFT88	12341
IFTAP	1783
IGBP1	2631
IGBP1-AS1	5
IGBP1-AS2	5
IGDCC3	788
IGDCC4	1639
IGF1	690
IGF1R	44731
IGF1R-AS2	91
IGF2	2924
IGF2-AS	135
IGF2BP1	899
IGF2BP2	59409
IGF2BP2-AS1	119
IGF2BP3	42648
IGF2R	13035
IGFALS	5
IGFBP1	7
IGFBP2	2848
IGFBP3	1219
IGFBP4	2207
IGFBP5	4408
IGFBP6	48
IGFBP7	6411
IGFBP7-AS1	446
IGFBPL1	51
IGFL1	2
IGFL2-AS1	114
IGFL3	6
IGFL4	263
IGFLR1	0
IGFN1	342
IGHA1	3
IGHA2	3
IGHD	10
IGHD2-8	0
IGHD3-16	0
IGHD5-12	0
IGHD6-13	0
IGHE	3
IGHEP1	0
IGHG1	1
IGHG2	1
IGHG3	4
IGHG4	4
IGHGP	6
IGHJ3P	0
IGHJ6	0
IGHM	10
IGHMBP2	2223
IGHV1-12	0
IGHV1-14	1
IGHV1-17	0
IGHV1-18	1
IGHV1-2	0
IGHV1-3	0
IGHV1-45	0
IGHV1-46	0
IGHV1-67	1
IGHV1OR15-9	1
IGHV1OR21-1	3
IGHV2-26	0
IGHV2-5	0
IGHV3-11	0
IGHV3-13	2
IGHV3-16	0
IGHV3-20	0
IGHV3-21	0
IGHV3-23	0
IGHV3-29	0
IGHV3-30	3
IGHV3-32	0
IGHV3-33-2	0
IGHV3-36	0
IGHV3-38	0
IGHV3-49	1
IGHV3-50	0
IGHV3-52	2
IGHV3-54	0
IGHV3-57	0
IGHV3-65	0
IGHV3-66	2
IGHV3-7	0
IGHV3-72	0
IGHV4-28	1
IGHV4-31	0
IGHV4-34	0
IGHV4-39	0
IGHV5-78	2
IGHV6-1	0
IGHV7-27	0
IGHV7-40	0
IGHV7-81	0
IGHV8-51-1	0
IGHVII-1-1	0
IGHVII-22-1	1
IGHVII-28-1	0
IGHVII-33-1	0
IGHVII-60-1	0
IGHVIII-16-1	0
IGHVIII-2-1	2
IGHVIII-26-1	0
IGIP	284
IGKJ1	0
IGKV1-12	0
IGKV1-16	1
IGKV1-22	0
IGKV1-27	0
IGKV1-8	0
IGKV1-9	0
IGKV1D-22	1
IGKV1D-8	0
IGKV1OR22-1	0
IGKV2-4	0
IGKV2D-10	0
IGKV2D-28	0
IGKV2D-30	0
IGKV2OR22-3	0
IGKV3-11	0
IGKV3-15	0
IGKV3-20	0
IGKV3-7	0
IGKV3D-11	0
IGKV4-1	0
IGKV6D-41	0
IGKV7-3	0
IGLC2	0
IGLCOR22-2	0
IGLL1	14
IGLL5	12
IGLON5	97
IGLV1-40	1
IGLV1-41	0
IGLV1-44	2
IGLV1-47	0
IGLV1-62	0
IGLV2-18	0
IGLV2-8	0
IGLV3-1	0
IGLV3-10	0
IGLV3-12	0
IGLV3-16	0
IGLV3-19	0
IGLV3-21	1
IGLV3-22	0
IGLV3-24	0
IGLV3-25	0
IGLV3-31	0
IGLV3-32	4
IGLV3-6	0
IGLV3-9	1
IGLV4-60	0
IGLV5-37	0
IGLV5-48	0
IGLV9-49	0
IGLVI-56	0
IGLVI-70	0
IGLVIV-65	1
IGLVIV-66-1	0
IGLVV-66	0
IGLVVI-22-1	0
IGSF1	271
IGSF10	906
IGSF11	6320
IGSF11-AS1	1
IGSF21	411
IGSF21-AS1	5
IGSF22	62
IGSF22-AS1	165
IGSF23	166
IGSF3	2582
IGSF5	621
IGSF6	57
IGSF8	230
IGSF9	740
IGSF9B	9056
IHH	59
IHO1	1183
IK	1748
IKBIP	2450
IKBKB	7619
IKBKB-DT	145
IKBKE	1124
IKBKG	271
IKZF1	371
IKZF2	20908
IKZF3	543
IKZF4	908
IKZF5	2439
IL10	12
IL10RA	122
IL10RB	84
IL10RB-DT	10
IL11	23
IL11RA	0
IL12A	225
IL12A-AS1	1115
IL12B	14
IL12B-AS1	1162
IL12RB1	211
IL12RB2	481
IL13	5
IL13RA1	1972
IL13RA2	7
IL15	1303
IL15RA	320
IL16	1564
IL17A	2
IL17B	159
IL17C	4
IL17D	743
IL17F	11
IL17RA	1218
IL17RB	166
IL17RC	0
IL17RD	1721
IL17RE	978
IL17REL	45
IL18	305
IL18BP	496
IL18R1	515
IL18RAP	381
IL19	194
IL1A	52
IL1B	13
IL1F10	17
IL1R1	3757
IL1R1-AS1	20
IL1R2	736
IL1RAP	3040
IL1RAPL1	55273
IL1RAPL2	48369
IL1RL2	1110
IL1RN	5008
IL2	6
IL20	3
IL20RA	256
IL20RB	443
IL20RB-AS1	61
IL21	11
IL21-AS1	56
IL21R	84
IL21R-AS1	19
IL22	2
IL22RA1	143
IL22RA2	27
IL23A	22
IL23R	210
IL24	8
IL25	10
IL26	72
IL27	37
IL27RA	219
IL2RA	109
IL2RA-AS1	139
IL2RB	170
IL2RB-AS1	48
IL2RG	2
IL3	3
IL31	1
IL31RA	125
IL32	174
IL33	2427
IL34	1621
IL36A	4
IL36B	43
IL36G	14
IL36RN	21
IL37	27
IL4	9
IL4I1	70
IL4R	6245
IL5	24
IL5RA	1196
IL6	8
IL6R	3571
IL6R-AS1	22
IL6ST	6418
IL7	1980
IL7R	122
IL7R-AS1	335
IL9	5
IL9R	3
ILDR1	366
ILDR2	684
ILF2	1058
ILF3	10764
ILF3-DT	307
ILK	4712
ILKAP	4229
ILRUN	6779
ILRUN-AS1	43
ILVBL	691
ILVBL-AS1	24
IMMP1L	5685
IMMP2L	83998
IMMT	4673
IMP3	176
IMP4	239
IMPA1	2575
IMPA2	3488
IMPA2-AS1	1
IMPACT	956
IMPDH1	456
IMPDH2	624
IMPG1	329
IMPG2	549
INA	112
INAFM1	106
INAFM2	171
INAVA	1536
INCA1	52
INCENP	844
INCR1	2935
INE2	3
INF2	1408
ING1	446
ING2	409
ING2-DT	556
ING3	1398
ING4	1667
ING5	3026
ING5-AS1	3
INHA	83
INHBA	416
INHBA-AS1	264
INHBB	124
INHBC	45
INHBE	18
INIP	2269
INKA1	38
INKA2	1715
INKA2-AS1	223
INMT	173
INMT-MINDY4	68
INO80	8388
INO80-AS1	47
INO80B-WBP1	85
INO80C	0
INO80D	9747
INO80D-AS1	97
INO80E	1977
INPP1	2159
INPP4A	9062
INPP4B	47678
INPP4B-AS1	201
INPP5A	21187
INPP5B	3882
INPP5B-AS1	3
INPP5D	1838
INPP5E	526
INPP5F	5397
INPP5J	265
INPP5K	689
INPPL1	2410
INS-IGF2	6
INSC	1225
INSIG1	1066
INSIG1-DT	30
INSIG2	2452
INSL3	17
INSL4	5
INSL5	4
INSL6	77
INSM1	5
INSM2	5
INSR	13924
INSRR	78
INSYN1	135
INSYN1-AS1	82
INSYN2A	340
INSYN2B	265
INTS1	1423
INTS10	4379
INTS11	2309
INTS12	2315
INTS13	2086
INTS14	1693
INTS15	677
INTS2	2979
INTS3	7672
INTS4	4236
INTS5	33
INTS6	7744
INTS6-AS1	875
INTS6L	4711
INTS6L-AS1	4
INTS7	3530
INTS8	5594
INTS9	3532
INTS9-AS1	7
INTU	7914
INVS	14134
IP6K1	5053
IP6K2	4908
IP6K3	114
IPAN	24
IPCEF1	58
IPMK	3878
IPO11	4493
IPO13	375
IPO4	26
IPO5	5618
IPO7	5939
IPO8	5609
IPO9	6263
IPO9-AS1	1026
IPP	1594
IPPK	1677
IQANK1	1743
IQCA1	3241
IQCA1-AS1	16
IQCA1L	11
IQCB1	7726
IQCC	89
IQCC-AS1	140
IQCD	547
IQCE	3324
IQCF1	11
IQCF2	3
IQCF5	0
IQCF5-AS1	1
IQCG	4500
IQCH	4502
IQCH-AS1	2189
IQCJ-SCHIP1	16247
IQCJ-SCHIP1-AS1	25
IQCK	4265
IQCK-AS1	18
IQCM	662
IQCM-AS1	64
IQCN	923
IQGAP1	14689
IQGAP2	14471
IQGAP2-AS1	10
IQGAP3	1723
IQSEC1	4441
IQSEC2	1630
IQSEC3	341
IQSEC3-AS1	14
IQSEC3-AS2	10
IQSEC3-AS3	16
IQUB	3435
IRAG1	12972
IRAG1-AS1	759
IRAG2	14462
IRAIN	34
IRAK1	422
IRAK1BP1	4535
IRAK2	1543
IRAK3	1564
IRAK4	1728
IREB2	6352
IRF1	947
IRF1-AS1	7
IRF2	7579
IRF2-DT	24
IRF2BP1	52
IRF2BP2	2980
IRF2BPL	284
IRF3	2224
IRF4	53
IRF5	420
IRF7	83
IRF8	314
IRF9	58
IRGC	6
IRGM	88
IRGQ	88
IRS1	3852
IRS2	2829
IRS4	141
IRS4-AS1	49
IRX1	3
IRX1-AS1	1
IRX2	84
IRX3	327
IRX3-AS1	16
IRX4	16
IRX4-AS1	0
IRX5	92
IRX6	14
ISCA1	879
ISCA2	268
ISCU	583
ISG15	249
ISG20	792
ISG20L2	372
ISL1	339
ISL1-DT	174
ISL2	130
ISLR	33
ISLR2	183
ISM1	419
ISM1-AS1	13
ISM2	131
ISOC1	1034
ISOC2	234
IST1	7985
ISX	35
ISY1	0
ISY1-RAB43	74
ISYNA1	493
ITCH-AS1	0
ITFG1	29190
ITFG1-AS1	29
ITFG1-AS2	69
ITFG2	3969
ITFG2-AS1	1351
ITGA1	55745
ITGA1-AS1	148
ITGA10	395
ITGA11	609
ITGA2	5922
ITGA2-AS1	337
ITGA2-AS2	35
ITGA2B	233
ITGA3	1610
ITGA4	2130
ITGA5	2607
ITGA6	5339
ITGA6-AS1	7
ITGA7	3203
ITGA8	8055
ITGA9	14330
ITGA9-AS1	5114
ITGAD	50
ITGAE	922
ITGAE-AS1	10
ITGAL	393
ITGAL-AS1	2
ITGAM	150
ITGAV	8854
ITGAX	58
ITGB1	10969
ITGB1-DT	421
ITGB1BP1	2330
ITGB1BP2	377
ITGB2	129
ITGB2-AS1	36
ITGB3	0
ITGB3BP	6709
ITGB4	1142
ITGB5	4230
ITGB5-AS1	39
ITGB6	789
ITGB7	80
ITGB8	21155
ITGB8-AS1	73
ITGBL1	528
ITIH1	23
ITIH2	55
ITIH3	33
ITIH4	81
ITIH4-AS1	2
ITIH5	2719
ITIH6	76
ITK	400
ITLN1	16
ITLN2	35
ITM2A	276
ITM2B	6403
ITM2C	457
ITPA	837
ITPK1	3900
ITPK1-AS1	60
ITPKA	242
ITPKB	7517
ITPKB-AS1	197
ITPKC	3306
ITPR1	20584
ITPR1-DT	122
ITPR2	19330
ITPR2-AS1	65
ITPR2-AS2	159
ITPR3	3572
ITPRID1	210
ITPRID2	7817
ITPRID2-DT	13
ITPRIP	893
ITPRIP-AS1	18
ITPRIPL1	43
ITPRIPL2-AS1	83
ITSN1	14735
ITSN2	16014
IUR1	55
IVD	1873
IVL	26
IVNS1ABP	5586
IWS1	8941
IYD	110
IZUMO1	142
IZUMO1R	5
IZUMO2	58
IZUMO3	98
IZUMO4	136
JADE1	2486
JADE2	1393
JADE3	2384
JADRR	19
JAG1	4334
JAG2	517
JAGN1	85
JAK1	14136
JAK2	12537
JAK3	200
JAKMIP1-AS1	12
JAKMIP2	3593
JAKMIP2-AS1	1018
JAKMIP3	458
JAKMIP3-AS1	12
JAM2	3087
JAM3	6369
JAML	215
JARID2	21444
JARID2-AS1	3
JARID2-DT	8
JAZF1	19487
JAZF1-AS1	145
JCAD	1349
JCHAIN	136
JDP2	1030
JDP2-AS1	19
JHY	1862
JKAMP	2229
JMJD1C	60516
JMJD1C-AS1	26
JMJD4	163
JMJD6	904
JMJD7-PLA2G4B	13
JMJD8	91
JMY	7048
JOSD1	1469
JOSD2	129
JPH1	1011
JPH2	11541
JPH3	479
JPH4	216
JPT1	566
JPT2	2321
JPX	18543
JRK	853
JRKL	931
JRKL-AS1	195
JSRP1	103
JTB-DT	26
JUN	9694
JUNB	3651
JUND	1206
JUP	8508
KAAG1	5
KALRN	14686
KANK1	18172
KANK1-AS1	41
KANK2	11323
KANK3	342
KANK4	651
KANSL1	50141
KANSL1-AS1	99
KANSL1L	13312
KANSL1L-AS1	1900
KANSL2	1729
KANSL3	7545
KANTR	6941
KARS1	1159
KASH5	106
KAT14	879
KAT2A	802
KAT2B	9490
KAT5	950
KAT6A	18833
KAT6B	18437
KAT7	4442
KAT8	1638
KATNA1	2299
KATNAL1	5911
KATNAL2	2817
KATNB1	444
KATNBL1	11956
KATNIP	22631
KAZALD1	67
KAZALD1-DT	29
KAZN	49499
KAZN-AS1	289
KBTBD11	270
KBTBD11-AS1	44
KBTBD11-OT1	251
KBTBD11-OT1.1	9
KBTBD12	1597
KBTBD13	11
KBTBD2	2697
KBTBD3	922
KBTBD4	127
KBTBD6	125
KBTBD6-DT	1147
KBTBD7	293
KBTBD8	34
KC6	4067
KCMF1	8343
KCNA10	1
KCNA2	207
KCNA3	37
KCNA4	67
KCNA5	15
KCNA6-AS1	47
KCNA7	11
KCNAB1	199
KCNAB1-AS1	11
KCNAB1-AS2	7
KCNAB2	948
KCNAB3	276
KCNB1	5874
KCNB2	6665
KCNB2-AS1	17
KCNC1	259
KCNC2	738
KCNC3	334
KCNC4	524
KCNC4-DT	3
KCND1	53
KCND2	9073
KCND3	4396
KCND3-AS1	2
KCNE1	2410
KCNE2	248
KCNE3	350
KCNE4	1513
KCNE5	3
KCNF1	5
KCNG1	240
KCNG2	417
KCNG3	178
KCNG4	23
KCNH1	411
KCNH2	1214
KCNH3	189
KCNH4	60
KCNH5	1122
KCNH6	49
KCNH7	3249
KCNH7-AS1	49
KCNH8	5968
KCNIP1	2445
KCNIP1-AS1	28
KCNIP1-AS2	10
KCNIP2	733
KCNIP2-AS1	162
KCNIP3	801
KCNIP4	56307
KCNIP4-AS1	30
KCNIP4-AS2	40
KCNIP4-AS3	75
KCNIP4-DT	402
KCNJ1	47
KCNJ10	78
KCNJ11	30
KCNJ12	539
KCNJ13	33
KCNJ14	321
KCNJ15	190
KCNJ16	559
KCNJ18	28
KCNJ2	214
KCNJ2-AS1	31
KCNJ3	1468
KCNJ4	36
KCNJ5	352
KCNJ5-AS1	35
KCNJ6	987
KCNJ8	502
KCNJ8-AS1	155
KCNJ9	22
KCNK1	3086
KCNK10	314
KCNK10-AS1	35
KCNK12	112
KCNK13	449
KCNK15	9
KCNK15-AS1	211
KCNK16	8
KCNK17	107
KCNK18	13
KCNK2	865
KCNK3	847
KCNK4	0
KCNK4-TEX40	2
KCNK5	300
KCNK6	793
KCNK7	22
KCNK9	97
KCNMA1	60247
KCNMA1-AS1	249
KCNMA1-AS2	13
KCNMA1-AS3	67
KCNMB1	1895
KCNMB2	205
KCNMB2-AS1	1689
KCNMB3	1045
KCNMB4	2538
KCNN1	262
KCNN2	17864
KCNN2-AS1	397
KCNN3	8104
KCNN4	82
KCNQ1	4201
KCNQ1-AS1	66
KCNQ1DN	1
KCNQ1OT1	28490
KCNQ2	541
KCNQ2-AS1	2
KCNQ3	4809
KCNQ4	1900
KCNQ5	18750
KCNQ5-AS1	16
KCNQ5-DT	14
KCNRG	35
KCNS1	18
KCNS2	5
KCNS3	2271
KCNT1	152
KCNT2	17172
KCNU1	634
KCNV1	7
KCNV2	26
KCP	2561
KCTD1	10515
KCTD10	1488
KCTD11	174
KCTD12	879
KCTD13	1305
KCTD13-DT	58
KCTD14	9
KCTD15	1415
KCTD16	1367
KCTD17	86
KCTD18	935
KCTD19	233
KCTD2	780
KCTD20	7263
KCTD21	307
KCTD21-AS1	335
KCTD3	11533
KCTD4	16
KCTD5	307
KCTD6	1274
KCTD7	5
KCTD8	5802
KCTD9	4266
KDELR1	779
KDELR3	251
KDF1	165
KDM1A	9303
KDM1B	2836
KDM2A	28951
KDM2B	4491
KDM2B-DT	494
KDM3A	17888
KDM3B	9920
KDM4A-AS1	247
KDM4B	10869
KDM4C	20462
KDM4D	154
KDM4E	0
KDM5A	9992
KDM5B	15788
KDM5C	3296
KDM5D	6938
KDM5D-DT	176
KDM6A	21205
KDM6B	1421
KDM7A	18997
KDM7A-DT	94
KDM8	205
KDNBY	54
KDR	1212
KDR-AS1	137
KDSR	2439
KDSR-DT	156
KEAP1	385
KEL	237
KERA	5
KHDC1	1190
KHDC1-AS1	2523
KHDC3L	2
KHDC4	4929
KHDRBS1	8752
KHDRBS2	7958
KHDRBS2-OT1	495
KHDRBS3	5267
KHK	127
KHNYN	1867
KHSRP	1824
KIAA0040	625
KIAA0087	5
KIAA0100	2288
KIAA0232	10910
KIAA0319	1669
KIAA0319L	9954
KIAA0513	3222
KIAA0586	7069
KIAA0753	5652
KIAA0825	20141
KIAA0895	1419
KIAA0895L	1149
KIAA0930	1063
KIAA1109	30183
KIAA1143	469
KIAA1191	1066
KIAA1191-AS1	43
KIAA1210	68
KIAA1217	57326
KIAA1328	19090
KIAA1522	5319
KIAA1549	3019
KIAA1549L	1282
KIAA1586	1422
KIAA1614	1103
KIAA1671	15073
KIAA1671-AS1	79
KIAA1755	1183
KIAA1958	9677
KIAA2012	7637
KIAA2012-AS1	171
KIAA2013	183
KIAA2026	12276
KICS2	276
KIDINS220	18899
KIF11	2960
KIF12	190
KIF13A	22906
KIF13B	12284
KIF14	1405
KIF15	2665
KIF16B	11510
KIF17	401
KIF18A	1165
KIF18B	967
KIF18B-DT	2
KIF19	454
KIF1A	1022
KIF1B	23103
KIF1C	1808
KIF1C-AS1	4
KIF20A	206
KIF20B	2586
KIF21A	15947
KIF21B	223
KIF22	870
KIF23	1469
KIF23-AS1	398
KIF24	2020
KIF25	94
KIF25-AS1	26
KIF26A	437
KIF26A-DT	3
KIF26B	11629
KIF26B-AS1	87
KIF26B-AS2	0
KIF26B-AS3	32
KIF27	8093
KIF2A	0
KIF2B	1
KIF2C	577
KIF3A	4042
KIF3A-AS1	121
KIF3B	2197
KIF3C	1369
KIF4A	1609
KIF4B	14
KIF5A	485
KIF5B	12611
KIF5C	2060
KIF5C-AS1	89
KIF6	4765
KIF7	999
KIF9	1308
KIF9-AS1	5831
KIFAP3	9236
KIFAP3-AS1	1
KIFBP	717
KIFC1	816
KIFC2	795
KIFC3	1292
KIN	1953
KIR2DL4	10
KIR2DS4	10
KIR3DL1	5
KIR3DL2	9
KIRREL1	8374
KIRREL2	24
KIRREL3	7311
KIRREL3-AS1	134
KIRREL3-AS2	3
KIRREL3-AS3	5
KIRREL3-AS4	84
KISS1	22
KISS1R	12
KIT	4270
KITLG	3788
KIZ	5470
KIZ-AS1	222
KL	375
KLB	163
KLC1	3594
KLC1-AS1	45
KLC2	751
KLC2-AS1	35
KLC2-AS2	14
KLC3	726
KLC4	1480
KLC4-AS1	4
KLF1	25
KLF10	721
KLF11	355
KLF12	31783
KLF13	2021
KLF14	1
KLF15	124
KLF16	174
KLF16-AS1	4
KLF17	86
KLF18	0
KLF2	450
KLF2-DT	809
KLF3	7068
KLF3-AS1	5054
KLF4	2285
KLF5	17735
KLF6	3430
KLF7	11355
KLF8	2805
KLF9	504
KLHDC1	3437
KLHDC10	7200
KLHDC2	3056
KLHDC3	1294
KLHDC4	3627
KLHDC7A	24
KLHDC7B	17
KLHDC7B-DT	6
KLHDC8A	980
KLHDC8B	296
KLHDC9	64
KLHL1	944
KLHL10	98
KLHL11	296
KLHL12	1471
KLHL13	12027
KLHL14	2574
KLHL14-AS1	204
KLHL15	1111
KLHL17	111
KLHL18	1380
KLHL2	2875
KLHL20	4544
KLHL21	1684
KLHL22	5827
KLHL23	6679
KLHL24	8509
KLHL25	1160
KLHL26	527
KLHL28	2947
KLHL29	8544
KLHL3	1754
KLHL30	47
KLHL30-AS1	2
KLHL31	278
KLHL32	3370
KLHL33	49
KLHL34	69
KLHL35	58
KLHL36	1017
KLHL38	44
KLHL4	3499
KLHL40	39
KLHL41	31
KLHL42	2486
KLHL5	8750
KLHL6	862
KLHL6-AS1	54
KLHL7	5174
KLHL7-DT	22
KLHL8	2961
KLHL9	1031
KLK1	14
KLK10	36
KLK11	165
KLK12	11
KLK13	54
KLK14	32
KLK15	22
KLK2	7
KLK3	9
KLK4	6
KLK5	8
KLK6	11
KLK7	9
KLKB1	399
KLLN	28
KLRB1	87
KLRC1	23
KLRC2	6
KLRC4-KLRK1	27
KLRD1	2256
KLRF1	137
KLRF2	87
KLRG1	723
KLRG2	164
KLRK1-AS1	599
KMO	143
KMT2A	8350
KMT2B	1787
KMT2C	54455
KMT2D	3433
KMT2E	36613
KMT2E-AS1	233
KMT5A	1509
KMT5B	9685
KMT5C	772
KNCN	15
KNDC1	2075
KNG1	65
KNL1	2242
KNOP1	1196
KNSTRN	431
KNTC1	5757
KPNA1	7838
KPNA2	369
KPNA3	7016
KPNA4	7637
KPNA5	3884
KPNA6	5370
KPNA7	674
KPNB1	6406
KPNB1-DT	2481
KPRP	5
KPTN	181
KRAS	4938
KRBA1	471
KRBA2	749
KRBOX1-AS1	1
KRBOX4	2454
KRBOX5	2855
KRCC1	2637
KREMEN1	6682
KREMEN2	111
KRI1	1112
KRIT1	5
KRR1	2331
KRT1	3
KRT10	133
KRT10-AS1	439
KRT12	3
KRT13	38032
KRT14	5
KRT15	7063
KRT16	15
KRT17	443
KRT18	530
KRT19	11622
KRT2	1
KRT20	13
KRT23	573
KRT24	6
KRT25	7
KRT26	48
KRT27	3
KRT28	6
KRT3	8
KRT31	4
KRT32	12
KRT33A	4
KRT33B	6
KRT34	2
KRT35	5
KRT36	8
KRT37	4
KRT38	3
KRT39	54
KRT4	5820
KRT40	20
KRT5	3683
KRT6A	79
KRT6B	123
KRT6C	14
KRT7	2934
KRT7-AS	9
KRT71	7
KRT72	40
KRT73	5
KRT73-AS1	25
KRT74	16
KRT75	13
KRT76	14
KRT77	5
KRT78	523
KRT79	8
KRT8	3325
KRT80	1336
KRT81	5
KRT82	18
KRT83	13
KRT84	10
KRT84-AS1	25
KRT85	5
KRT86	135
KRT86-AS1	55
KRT86-AS2	50
KRT9	2
KRTAP1-1	0
KRTAP1-5	0
KRTAP10-10	1
KRTAP10-11	0
KRTAP10-12	0
KRTAP10-4	1
KRTAP10-7	3
KRTAP10-8	0
KRTAP10-9	1
KRTAP11-1	0
KRTAP13-1	1
KRTAP13-2	0
KRTAP13-3	0
KRTAP16-1	3
KRTAP17-1	1
KRTAP19-1	0
KRTAP19-4	0
KRTAP19-7	0
KRTAP2-2	0
KRTAP2-3	0
KRTAP20-3	0
KRTAP21-1	0
KRTAP21-2	2
KRTAP24-1	2
KRTAP26-1	0
KRTAP27-1	0
KRTAP29-1	4
KRTAP3-1	11
KRTAP3-2	2
KRTAP3-3	2
KRTAP4-11	0
KRTAP4-12	0
KRTAP4-2	3
KRTAP4-9	0
KRTAP5-1	1
KRTAP5-10	4
KRTAP5-11	52
KRTAP5-2	0
KRTAP5-4	2
KRTAP5-5	0
KRTAP5-6	1
KRTAP5-7	2
KRTAP5-8	0
KRTAP5-9	6
KRTAP5-AS1	380
KRTAP6-2	1
KRTAP6-3	1
KRTAP7-1	0
KRTAP9-6	0
KRTCAP3	246
KRTDAP	86
KSR1	11683
KSR2	1582
KTN1	16224
KTN1-AS1	542
KU-MEL-3	1
KXD1	528
KXD1-AS1	3
KY	667
KYAT1	105
KYAT3	5284
KYNU	5085
L1CAM	348
L1CAM-AS1	15
L1TD1	355
L2HGDH	2898
L3HYPDH	1176
L3MBTL2	1026
L3MBTL2-AS1	533
L3MBTL3	2322
L3MBTL4	12664
L3MBTL4-AS1	4
LACC1	104
LACRT	1
LACTB	706
LACTB2	584
LACTB2-AS1	169
LACTBL1	27
LAD1	1198
LAG3	23
LAGE3	14
LAIR1	54
LAIR2	4
LALBA	0
LALTOP	208
LAMA1	767
LAMA2	24777
LAMA3	7878
LAMA4	45829
LAMA4-AS1	0
LAMA5	8277
LAMA5-AS1	18
LAMB1	20926
LAMB2	1906
LAMB3	1226
LAMB4	554
LAMC1	12953
LAMC1-AS1	7
LAMC2	1963
LAMC3	415
LAMP1	1120
LAMP2	4394
LAMP3	147
LAMP5	49
LAMP5-AS1	10
LAMTOR1	622
LAMTOR2	211
LAMTOR3	949
LAMTOR4	575
LAMTOR5	577
LAMTOR5-AS1	5644
LANCL1	2206
LANCL1-AS1	691
LANCL2	1887
LAP3	879
LAPTM4A	2398
LAPTM4A-DT	35
LAPTM4B	1536
LAPTM5	83
LARGE-AS1	66
LARGE1	26892
LARGE1-AS1	4
LARGE1-AS2	8
LARGE2	170
LARP1	10606
LARP1B	9628
LARP4	7786
LARP4B	15170
LARP4B-DT	35
LARP6	244
LARP7	3372
LARRPM	132
LARS1	10495
LARS2	5291
LARS2-AS1	36
LAS1L	1738
LASP1	4537
LASTR	154
LAT2	353
LATS1	6267
LATS2	5062
LATS2-AS1	135
LAX1	109
LAYN	295
LBH	939
LBHD1	197
LBHD2	25
LBP	76
LBR	9440
LBX1	2
LBX1-AS1	48
LBX2	39
LBX2-AS1	22
LCA5	4486
LCA5L	671
LCAL1	11
LCAT	333
LCE1C	2
LCE1D	2
LCE1E	1
LCE1F	0
LCE2A	1
LCE2B	0
LCE2C	3
LCE2D	2
LCE3A	0
LCE3D	2
LCE3E	0
LCE4A	0
LCE5A	9
LCE6A	0
LCE7A	2
LCIIAR	21
LCK	204
LCLAT1	8416
LCMT1	2985
LCMT1-AS1	227
LCMT1-AS2	11
LCMT2	43
LCN1	6
LCN12	98
LCN15	15
LCN2	250
LCN8	7
LCN9	7
LCNL1	14
LCOR	22870
LCORL	16238
LCP1	478
LCP2	484
LCT	90
LCT-AS1	4
LCTL	59
LDAF1	2238
LDAH	7143
LDB1	2905
LDB2	32618
LDB2-AS1	422
LDB3	4104
LDHA	2743
LDHAL6A	88
LDHAL6B	8
LDHB	168
LDHC	108
LDHD	38
LDLR	5549
LDLRAD1	990
LDLRAD2	57
LDLRAD3	8570
LDLRAD4	30003
LDLRAD4-AS1	14
LDLRAD4-AS2	8
LDLRAD4-AS3	71
LDLRAP1	1079
LDOC1	1130
LEAP2	40
LECT2	144
LEF1	2332
LEF1-AS1	277
LEFTY1	2
LEFTY2	5
LEKR1	4692
LELP1	0
LEMD1	275
LEMD1-AS1	31
LEMD1-DT	35
LEMD2	1694
LEMD3	7430
LENEP	4
LENG1	232
LENG8	6305
LENG8-AS1	942
LENG9	41
LEO1	1491
LEP	46
LEPR	4971
LEPROT	9
LEPROTL1	1446
LERFS	104
LETM1	1111
LETM2	348
LETMD1	2269
LETR1	958
LEUTX	11
LEXM	98
LFNG	323
LGALS1	384
LGALS12	21
LGALS13	0
LGALS14	3
LGALS16	1
LGALS2	74
LGALS3	5400
LGALS3BP	277
LGALS4	93
LGALS7	0
LGALS7B	0
LGALS8	3320
LGALS8-AS1	9
LGALS9	236
LGALS9B	113
LGALS9C	22
LGALSL	135
LGALSL-DT	872
LGI1	397
LGI2	526
LGI3	51
LGI4	760
LGMN	1854
LGR4	17211
LGR4-AS1	81
LGR5	1625
LGR6	2124
LGSN	207
LHB	5
LHFPL1	64
LHFPL2	8099
LHFPL3	4021
LHFPL3-AS1	81
LHFPL3-AS2	99
LHFPL4	415
LHFPL5	201
LHFPL6	15004
LHFPL7	89
LHPP	1982
LHX1	43
LHX1-DT	118
LHX2	77
LHX2-AS1	4
LHX3	5
LHX4	112
LHX5	11
LHX5-AS1	16
LHX6	145
LHX8	41
LHX9	48
LIAS	1663
LIF	32
LIF-AS1	4
LIF-AS2	6
LIFR	6878
LIFR-AS1	596
LIG1	2710
LIG1-AS1	1
LIG3	1968
LIG4	913
LILRA1	3
LILRA2	25
LILRA4	2
LILRA5	0
LILRA6	5
LILRB1	31
LILRB1-AS1	3
LILRB2	30
LILRB3	28
LILRB4	62
LILRB5	58
LIM2	6
LIM2-AS1	43
LIMA1	12364
LIMASI	131
LIMCH1	9226
LIMCH1-AS1	4
LIMD1	3044
LIMD1-AS1	71
LIMK1	696
LIMK2	5963
LIMS1	13937
LIMS1-AS1	2
LIMS2	7497
LIN28A	36
LIN28B	202
LIN28B-AS1	178
LIN52	3471
LIN54	3840
LIN7A	1495
LIN7B	230
LIN7C	1612
LIN9	1972
LINC-PINT	6342
LINC-ROR	24
LINC00028	9
LINC00029	2
LINC00051	73
LINC00052	2
LINC00092	28
LINC00111	35
LINC00112	4
LINC00113	44
LINC00114	31
LINC00115	255
LINC00158	112
LINC00159	1474
LINC00160	65
LINC00161	7
LINC00163	24
LINC00165	2
LINC00173	302
LINC00174	4541
LINC00184	14
LINC00189	13
LINC00200	448
LINC00205	846
LINC00207	2
LINC00208	9
LINC00210	32
LINC00211	230
LINC00216	13
LINC00221	35
LINC00222	251
LINC00229	36
LINC00235	88
LINC00237	21
LINC00239	7
LINC00240	346
LINC00242	10
LINC00243	133
LINC00251	38
LINC00261	521
LINC00265	2686
LINC00269	24
LINC00272	2
LINC00273	0
LINC00276	1874
LINC00278	25005
LINC00279	257
LINC00290	156
LINC00293	98
LINC00297	6
LINC00298	111
LINC00299	561
LINC00303	6
LINC00305	52
LINC00307	0
LINC00308	14
LINC00309	48
LINC00313	11
LINC00314	13
LINC00315	24
LINC00316	6
LINC00317	10
LINC00319	0
LINC00320	196
LINC00322	20
LINC00323	24
LINC00324	60
LINC00326	115
LINC00327	447
LINC00330	17
LINC00331	68
LINC00332	50
LINC00333	5
LINC00334	170
LINC00336	18
LINC00342	19421
LINC00343	159
LINC00345	7
LINC00347	16
LINC00348	279
LINC00349	36
LINC00350	37
LINC00351	555
LINC00352	10
LINC00353	1
LINC00354	408
LINC00355	200
LINC00358	26
LINC00363	42
LINC00364	55
LINC00365	44
LINC00366	73
LINC00368	16
LINC00370	30
LINC00373	74
LINC00374	18
LINC00375	24
LINC00376	95
LINC00377	509
LINC00378	830
LINC00379	15
LINC00380	2
LINC00381	73
LINC00382	197
LINC00383	76
LINC00384	32
LINC00385	6
LINC00387	4
LINC00388	0
LINC00390	110
LINC00391	45
LINC00392	38
LINC00393	729
LINC00395	78
LINC00396	0
LINC00397	4
LINC00398	12
LINC00399	0
LINC00402	35
LINC00404	0
LINC00407	266
LINC00408	60
LINC00410	20
LINC00411	15
LINC00415	0
LINC00421	0
LINC00423	52
LINC00424	4
LINC00426	167
LINC00427	10
LINC00428	1
LINC00430	17
LINC00433	231
LINC00434	0
LINC00437	6
LINC00440	106
LINC00442	20
LINC00445	5
LINC00448	229
LINC00449	7
LINC00452	50
LINC00454	9
LINC00456	28
LINC00457	166
LINC00458	8
LINC00459	60
LINC00460	13
LINC00461	432
LINC00462	84
LINC00463	2
LINC00466	348
LINC00467	504
LINC00469	66
LINC00470	381
LINC00471	115
LINC00472	294
LINC00474	47
LINC00477	14
LINC00479	40
LINC00482	66
LINC00484	277
LINC00485	16
LINC00486	3503
LINC00486.1	31
LINC00487	48
LINC00488	95
LINC00489	4
LINC00491	249
LINC00492	36
LINC00494	27
LINC00498	43
LINC00499	529
LINC00501	96
LINC00502	42
LINC00504	1153
LINC00506	614
LINC00507	76
LINC00508	89
LINC00511	16137
LINC00513	839
LINC00517	4
LINC00518	25
LINC00519	94
LINC00520	47
LINC00523	43
LINC00524	2
LINC00525	16
LINC00526	2
LINC00528	2
LINC00529	51
LINC00533	4
LINC00534	862
LINC00536	526
LINC00539	133
LINC00540	1032
LINC00543	2
LINC00544	75
LINC00545	54
LINC00547	16
LINC00550	25
LINC00551	348
LINC00554	7
LINC00555	0
LINC00556	0
LINC00557	0
LINC00558	158
LINC00559	80
LINC00560	1
LINC00561	0
LINC00563	0
LINC00565	10
LINC00566	2
LINC00567	4
LINC00570	71
LINC00571	3363
LINC00572	32
LINC00574	45
LINC00575	17
LINC00578	32710
LINC00581	84
LINC00582	187
LINC00583	23
LINC00587	127
LINC00588	3
LINC00589	699
LINC00592	216
LINC00596	65
LINC00598	2309
LINC00601	19
LINC00602	6
LINC00603	405
LINC00604	25
LINC00605	5
LINC00606	2
LINC00607	1430
LINC00608	26
LINC00609	277
LINC00612	27
LINC00613	81
LINC00615	36
LINC00616	314
LINC00620	95
LINC00621	364
LINC00622	22
LINC00623	1153
LINC00624	400
LINC00626	40
LINC00629	257
LINC00630	5037
LINC00632	2412
LINC00635	100
LINC00636	202
LINC00638	29
LINC00639	424
LINC00640	168
LINC00641	579
LINC00642	63
LINC00644	4
LINC00645	17
LINC00648	192
LINC00649	1593
LINC00652	22
LINC00653	82
LINC00654	323
LINC00656	13
LINC00658	87
LINC00659	7
LINC00661	22
LINC00662	4662
LINC00663	269
LINC00664	8
LINC00665	1929
LINC00667	1231
LINC00668	9
LINC00670	256
LINC00671	144
LINC00672	68
LINC00676	0
LINC00677	9
LINC00678	13
LINC00680-GUSBP4	2278
LINC00681	42
LINC00682	226
LINC00683	720
LINC00686	6
LINC00687	177
LINC00689	119
LINC00690	2
LINC00691	36
LINC00692	27
LINC00698	197
LINC00700	7
LINC00701	10
LINC00702	464
LINC00703	62
LINC00705	142
LINC00706	15
LINC00707	0
LINC00708	4
LINC00709	9
LINC00710	185
LINC00824	349
LINC00836	419
LINC00837	3
LINC00838	7
LINC00839	130
LINC00840	166
LINC00841	89
LINC00844	63
LINC00845	439
LINC00847	132
LINC00850	70
LINC00851	0
LINC00853	22
LINC00857	35
LINC00858	132
LINC00861	555
LINC00862	841
LINC00863	256
LINC00865	403
LINC00867	130
LINC00868	46
LINC00870	182
LINC00871	1341
LINC00877	1497
LINC00879	402
LINC00880	189
LINC00881	214
LINC00882	5309
LINC00885	330
LINC00886	3014
LINC00887	162
LINC00891	30
LINC00892	4
LINC00895	6
LINC00896	11
LINC00898	14
LINC00899	236
LINC00900	54
LINC00901	24
LINC00903	88
LINC00904	13
LINC00905	8
LINC00906	117
LINC00907	1688
LINC00910	936
LINC00911	95
LINC00917	48
LINC00919	0
LINC00920	14
LINC00922	566
LINC00923	5075
LINC00924	467
LINC00926	193
LINC00927	276
LINC00928	44
LINC00929	44
LINC00930	99
LINC00934	33
LINC00937	963
LINC00938	1324
LINC00939	626
LINC00940	34
LINC00941	19
LINC00942	12
LINC00943	11
LINC00944	34
LINC00945	4
LINC00951	150
LINC00954	289
LINC00955	7
LINC00957	29
LINC00958	475
LINC00960	479
LINC00963	1861
LINC00964	622
LINC00967	6
LINC00968	173
LINC00971	390
LINC00972	120
LINC00974	5
LINC00987	0
LINC00989	625
LINC00992	566
LINC00994	37
LINC00996	72
LINC00997	75
LINC01001	85
LINC01002	456
LINC01003	44
LINC01004	7419
LINC01005	2
LINC01007	4
LINC01010	373
LINC01012	386
LINC01013	267
LINC01015	1
LINC01016	72
LINC01018	30
LINC01019	425
LINC01020	281
LINC01022	2
LINC01023	56
LINC01028	2
LINC01029	15
LINC01031	397
LINC01033	344
LINC01034	3
LINC01035	123
LINC01036	1682
LINC01038	4
LINC01039	3
LINC01040	14
LINC01043	6
LINC01044	8
LINC01046	7
LINC01047	20
LINC01048	5
LINC01049	54
LINC01050	39
LINC01052	144
LINC01053	18
LINC01054	2
LINC01055	35
LINC01058	19
LINC01060	917
LINC01063	21
LINC01065	37
LINC01066	0
LINC01067	2
LINC01068	253
LINC01069	32
LINC01070	1
LINC01072	2
LINC01074	1
LINC01075	61
LINC01076	10
LINC01077	39
LINC01078	0
LINC01079	4
LINC01080	79
LINC01081	446
LINC01082	103
LINC01087	13
LINC01088	5677
LINC01089	10
LINC01090	1340
LINC01091	12628
LINC01093	4
LINC01094	235
LINC01095	31
LINC01096	6
LINC01097	12
LINC01098	537
LINC01099	493
LINC01100	28
LINC01102	159
LINC01103	68
LINC01104	82
LINC01106	44
LINC01107	52
LINC01108	7
LINC01109	2
LINC01111	194
LINC01114	7
LINC01115	8
LINC01115.1	228
LINC01116	225
LINC01117	1028
LINC01118	984
LINC01119	379
LINC01120	1
LINC01121	269
LINC01122	2553
LINC01123	31
LINC01126	69
LINC01127	54
LINC01128	1178
LINC01132	104
LINC01133	634
LINC01134	82
LINC01135	1875
LINC01138	5275
LINC01139	49
LINC01141	40
LINC01142	18
LINC01143	1
LINC01144	24
LINC01146	161
LINC01147	9
LINC01148	1
LINC01150	36
LINC01151	2915
LINC01152	12
LINC01153	32
LINC01159	5
LINC01160	637
LINC01162	300
LINC01163	218
LINC01164	9
LINC01165	15
LINC01166	46
LINC01168	9
LINC01169	314
LINC01170	3334
LINC01173	38
LINC01177	2
LINC01179	102
LINC01180	7
LINC01181	12
LINC01182	668
LINC01186	140
LINC01187	4
LINC01189	20
LINC01191	204
LINC01192	459
LINC01193	31
LINC01194	357
LINC01195	11
LINC01198	269
LINC01201	84
LINC01202	130
LINC01203	125
LINC01204	458
LINC01205	375
LINC01206	166
LINC01208	1286
LINC01210	6
LINC01213	19
LINC01214	95
LINC01215	11
LINC01219	16
LINC01220	90
LINC01221	115
LINC01222	20
LINC01224	87
LINC01226	347
LINC01227	15
LINC01228	25
LINC01229	330
LINC01230	11
LINC01231	20
LINC01232	75
LINC01233	2
LINC01234	363
LINC01235	299
LINC01237	2832
LINC01238.1	3
LINC01239	1644
LINC01241	48
LINC01242	332
LINC01243	7
LINC01247	2
LINC01248	15
LINC01249	48
LINC01250	962
LINC01251	3
LINC01252	323
LINC01254	13
LINC01255	33
LINC01256	62
LINC01257	53
LINC01258	353
LINC01259	144
LINC01262	1
LINC01264	3
LINC01266	15320
LINC01267	13
LINC01269	70
LINC01270	72
LINC01271	96
LINC01273	47
LINC01275	41
LINC01276	40
LINC01277	397
LINC01278	18685
LINC01280	243
LINC01281	21
LINC01282	12
LINC01283	76
LINC01284	349
LINC01285	490
LINC01287	93
LINC01288	118
LINC01289	852
LINC01290	780
LINC01291	21
LINC01293	0
LINC01297	125
LINC01298	15
LINC01299	57
LINC01300	5
LINC01301	1506
LINC01303	79
LINC01304	315
LINC01305	18
LINC01307	83
LINC01309	21
LINC01310	28
LINC01311	23
LINC01312	232
LINC01315	69
LINC01320	2686
LINC01322	15157
LINC01323	9
LINC01324	313
LINC01327	26
LINC01331	1194
LINC01333	28
LINC01337	56
LINC01338	88
LINC01339	93
LINC01340	483
LINC01341	585
LINC01342	91
LINC01343	1
LINC01344	745
LINC01345	6
LINC01346	66
LINC01348	98
LINC01349	30
LINC01350	118
LINC01353	134
LINC01354	28
LINC01355	1514
LINC01356	190
LINC01357	160
LINC01358	987
LINC01360	34
LINC01361	42
LINC01362	515
LINC01363	22
LINC01364	55
LINC01365	4
LINC01366	39
LINC01370	5
LINC01374	1770
LINC01375	46
LINC01376	6137
LINC01377	3
LINC01378	321
LINC01381	15
LINC01385	3
LINC01386	23
LINC01387	162
LINC01388	0
LINC01389	99
LINC01391	13
LINC01392	1767
LINC01393	310
LINC01394	92
LINC01395	68
LINC01396	39
LINC01397	41
LINC01398	12
LINC01402	55
LINC01404	11
LINC01405	134
LINC01409	2058
LINC01410	174
LINC01411	553
LINC01412	126
LINC01413	12
LINC01414	835
LINC01415	23
LINC01416	286
LINC01418	10343
LINC01419	2
LINC01422	1845
LINC01423	8
LINC01424	13
LINC01425	54
LINC01426	52
LINC01427	16
LINC01428	50
LINC01429	313
LINC01431	17
LINC01432	11
LINC01433	9
LINC01435	1104
LINC01436	6
LINC01438	5
LINC01440	558
LINC01441	3
LINC01443	75
LINC01444	0
LINC01445	146
LINC01446	442
LINC01447	48
LINC01448	46
LINC01449	116
LINC01450	12
LINC01451	96
LINC01455	85
LINC01456	162
LINC01460	55
LINC01461	19
LINC01465	29
LINC01467	37
LINC01470	1014
LINC01471	87
LINC01472	0
LINC01473	30915
LINC01474	24
LINC01475	9
LINC01476	520
LINC01477	75
LINC01478	560
LINC01479	167
LINC01480	2
LINC01482	987
LINC01483	698
LINC01484	59
LINC01485	109
LINC01486	56
LINC01487	11
LINC01488	35
LINC01489	12
LINC01490	15
LINC01491	76
LINC01492	239
LINC01493	34
LINC01494	63
LINC01495	92
LINC01496	2
LINC01497	1109
LINC01498	125
LINC01499	303
LINC01500	1647
LINC01501	199
LINC01502	9
LINC01503	1139
LINC01504	525
LINC01505	4699
LINC01506	11
LINC01507	3
LINC01508	476
LINC01509	163
LINC01511	32
LINC01512	84
LINC01513	156
LINC01514	90
LINC01515	17740
LINC01517	414
LINC01518	47
LINC01519	3
LINC01520	49
LINC01521	34
LINC01522	31
LINC01523	3
LINC01524	1143
LINC01525	160
LINC01526	0
LINC01527	21
LINC01530	30
LINC01531	33
LINC01532	12
LINC01533	152
LINC01535	243
LINC01537	3
LINC01538	136
LINC01541	54
LINC01543	20
LINC01544	8
LINC01545	32
LINC01546	18
LINC01547	59
LINC01548	16
LINC01549	14
LINC01550	1807
LINC01551	179
LINC01553	31
LINC01554	170
LINC01555	32
LINC01556	7
LINC01558	170
LINC01559	134
LINC01560	31
LINC01561	9
LINC01562	211
LINC01563	92
LINC01564	145
LINC01565	11
LINC01566	12
LINC01567	27
LINC01568	424
LINC01569	145
LINC01570	61
LINC01571	136
LINC01572	11558
LINC01574	0
LINC01579	1088
LINC01580	337
LINC01581	143
LINC01583	22
LINC01584	140
LINC01585	14
LINC01586	64
LINC01587	11
LINC01588	1251
LINC01589	47
LINC01591	234
LINC01592	555
LINC01593	10
LINC01594	253
LINC01595	13
LINC01596	3
LINC01597	68
LINC01600	180
LINC01602	254
LINC01603	103
LINC01605	905
LINC01606	224
LINC01607	114
LINC01608	122
LINC01609	907
LINC01610	13
LINC01611	217
LINC01612	192
LINC01613	2
LINC01614	11
LINC01615	13
LINC01618	317
LINC01619	1697
LINC01620	25
LINC01621	22
LINC01622	1051
LINC01623	13
LINC01624	23
LINC01625	215
LINC01626	6
LINC01627	0
LINC01628	3
LINC01629	90
LINC01630	326
LINC01633	7
LINC01634	16
LINC01635	15
LINC01637	93
LINC01638	180
LINC01639	11
LINC01640	57
LINC01641	102
LINC01643	441
LINC01644	1618
LINC01645	406
LINC01646	11
LINC01647	0
LINC01648	38
LINC01649	38
LINC01650	0
LINC01651	0
LINC01653	24
LINC01654	12
LINC01655	1100
LINC01656	1
LINC01657	1
LINC01659	6
LINC01661	186
LINC01664	70
LINC01665	4
LINC01666	2
LINC01668	2
LINC01670	0
LINC01671	46
LINC01672	14
LINC01673	54
LINC01674	23
LINC01675	13
LINC01676	59
LINC01677	111
LINC01678	2
LINC01679	15
LINC01680	2
LINC01681	247
LINC01682	80
LINC01683	12
LINC01684	372
LINC01685	148
LINC01686	10
LINC01687	66
LINC01688	1
LINC01689	40
LINC01691	3
LINC01692	459
LINC01693	100
LINC01694	26
LINC01695	8415
LINC01696	7
LINC01697	339
LINC01698	23
LINC01699	18
LINC01700	7
LINC01701	63
LINC01702	10
LINC01703	68
LINC01704	47
LINC01705	75
LINC01706	17
LINC01707	742
LINC01708	1461
LINC01709	134
LINC01710	5
LINC01711	5
LINC01712	21
LINC01713	4
LINC01714	48
LINC01716	51
LINC01717	43
LINC01718	4
LINC01719	32
LINC01720	221
LINC01721	185
LINC01722	259
LINC01723	58
LINC01724	19
LINC01725	6594
LINC01726	164
LINC01727	216
LINC01728	3
LINC01730	33
LINC01731	5
LINC01732	26
LINC01733	22
LINC01734	4
LINC01735	11
LINC01736	3
LINC01737	5
LINC01738	7
LINC01739	95
LINC01740	13
LINC01741	8
LINC01742	0
LINC01743	8
LINC01744	48
LINC01745	5
LINC01746	24
LINC01747	24
LINC01748	3923
LINC01749	57
LINC01750	31
LINC01751	4
LINC01753	49
LINC01754	102
LINC01756	52
LINC01757	0
LINC01758	1
LINC01760	3
LINC01761	5
LINC01762	334
LINC01763	16
LINC01765	218
LINC01766	18
LINC01767	3
LINC01768	134
LINC01770	192
LINC01772	197
LINC01774	2
LINC01775	60
LINC01776	475
LINC01777	8
LINC01778	56
LINC01779	4
LINC01780	80
LINC01781	177
LINC01782	6
LINC01783	14
LINC01785	6
LINC01786	257
LINC01787	192
LINC01788	95
LINC01789	193
LINC01790	109
LINC01791	115
LINC01792	28
LINC01793	0
LINC01794	89
LINC01795	34
LINC01796	19
LINC01797	29
LINC01798	3683
LINC01799	974
LINC01800	73
LINC01801	152
LINC01802	31
LINC01803	0
LINC01804	64
LINC01805	30
LINC01806	19
LINC01807	530
LINC01808	65
LINC01809	0
LINC01810	0
LINC01811	958
LINC01812	73
LINC01813	68
LINC01814	534
LINC01815	2
LINC01816	170
LINC01817	20
LINC01818	478
LINC01819	39
LINC01820	3
LINC01821	397
LINC01822	44
LINC01823	52
LINC01824	18
LINC01825	4
LINC01826	7
LINC01827	5
LINC01828	3726
LINC01829	2825
LINC01830	1153
LINC01831	1
LINC01832	6
LINC01833	29
LINC01834	0
LINC01836	188
LINC01837	311
LINC01838	1
LINC01839	5
LINC01840	43
LINC01841	508
LINC01842	74
LINC01843	24
LINC01844	692
LINC01845	25
LINC01846	159
LINC01847	325
LINC01848	0
LINC01849	9
LINC01850	43
LINC01851	5
LINC01852	32
LINC01853	112
LINC01854	33
LINC01855	3
LINC01856	54
LINC01857	31
LINC01858	18
LINC01859	16
LINC01861	12
LINC01863	10
LINC01864	68
LINC01865	11
LINC01866	5
LINC01868	16
LINC01870	14
LINC01871	6
LINC01872	25
LINC01873	39
LINC01874	9
LINC01876	33956
LINC01877	726
LINC01878	29
LINC01879	28
LINC01880	18
LINC01882	24
LINC01883	19
LINC01884	51
LINC01885	607
LINC01886	59
LINC01887	15
LINC01888	9
LINC01889	9391
LINC01890	15
LINC01891	49
LINC01892	39
LINC01893	20
LINC01894	106
LINC01895	197
LINC01896	3
LINC01897	6
LINC01898	66
LINC01899	101
LINC01900	334
LINC01901	77
LINC01902	639
LINC01903	4
LINC01904	0
LINC01905	391
LINC01906	4
LINC01907	16
LINC01908	529
LINC01909	130
LINC01910	16
LINC01911	379
LINC01913	136
LINC01914	34
LINC01915	279
LINC01916	65
LINC01917	201
LINC01918	6
LINC01919	58
LINC01920	33
LINC01922	10
LINC01923	153
LINC01924	728
LINC01925	28
LINC01926	90
LINC01927	17
LINC01928	50
LINC01929	30
LINC01931	384
LINC01933	938
LINC01934	632
LINC01935	14
LINC01936	47
LINC01937	388
LINC01938	7
LINC01939	3
LINC01940	7
LINC01941	12
LINC01942	28
LINC01943	24
LINC01944	47
LINC01945	12
LINC01946	16
LINC01947	258
LINC01948	512
LINC01949	103
LINC01950	343
LINC01951	251
LINC01953	6
LINC01954	205
LINC01955	1
LINC01956	345
LINC01957	5
LINC01958	37
LINC01960	3
LINC01961	2
LINC01962	67
LINC01963	10
LINC01964	12
LINC01965	477
LINC01966	4
LINC01967	549
LINC01968	165
LINC01970	9
LINC01971	7
LINC01972	6
LINC01973	38
LINC01974	1
LINC01975	18
LINC01976	2
LINC01977	53
LINC01978	13
LINC01979	34
LINC01980	209
LINC01981	0
LINC01982	281
LINC01983	62
LINC01985	32
LINC01986	37
LINC01987	12
LINC01988	6
LINC01989	28
LINC01990	66
LINC01991	29
LINC01992	206
LINC01993	48
LINC01994	257
LINC01995	77
LINC01996	33
LINC01997	87
LINC01998	5
LINC01999	34
LINC02000	6
LINC02002	19
LINC02003	25
LINC02004	114
LINC02005	115
LINC02006	7615
LINC02008	710
LINC02009	9
LINC02010	0
LINC02011	14
LINC02012	9
LINC02013	156
LINC02014	35
LINC02015	397
LINC02016	34
LINC02017	8
LINC02018	5897
LINC02019	45
LINC02020	20
LINC02021	625
LINC02022	17
LINC02023	20
LINC02025	7
LINC02026	180
LINC02027	137
LINC02028	301
LINC02029	20
LINC02030	61
LINC02031	303
LINC02032	3
LINC02033	11
LINC02034	2
LINC02035	230
LINC02036	262
LINC02037	13
LINC02038	13
LINC02039	20
LINC02040	53
LINC02041	1
LINC02042	27
LINC02043	44
LINC02044	156
LINC02045	79
LINC02046	334
LINC02047	36
LINC02048	20
LINC02050	90
LINC02051	2
LINC02052	32
LINC02053	168
LINC02054	197
LINC02055	5606
LINC02056	356
LINC02057	1802
LINC02058	28
LINC02059	3
LINC02060	32
LINC02061	5
LINC02063	6
LINC02064	156
LINC02065	5
LINC02066	56
LINC02067	106
LINC02068	77
LINC02069	160
LINC02070	8
LINC02071	107
LINC02073	336
LINC02074	304
LINC02075	0
LINC02076	22
LINC02077	10
LINC02078	32
LINC02080	121
LINC02082	713
LINC02084	1
LINC02085	29
LINC02086	54
LINC02087	64
LINC02088	14
LINC02089	36
LINC02090	4
LINC02091	19
LINC02092	19
LINC02093	9
LINC02094	84
LINC02096	156
LINC02097	24
LINC02098	106
LINC02099	94
LINC02100	124
LINC02101	13
LINC02102	163
LINC02103	2
LINC02104	12
LINC02105	119
LINC02106	6
LINC02108	26
LINC02109	792
LINC02111	11
LINC02112	394
LINC02113	39
LINC02114	0
LINC02115	53
LINC02117	41
LINC02118	78
LINC02119	270
LINC02120	8
LINC02121	13
LINC02122	32
LINC02123	9
LINC02124	1
LINC02126	117
LINC02127	21
LINC02128	35
LINC02129	18
LINC02130	9
LINC02131	22
LINC02132	1
LINC02133	306
LINC02134	4
LINC02135	35
LINC02136	190
LINC02137	133
LINC02138	12
LINC02139	29
LINC02140	5
LINC02141	648
LINC02142	12
LINC02143	65
LINC02144	111
LINC02145	258
LINC02146	7
LINC02147	2729
LINC02148	2
LINC02149	261
LINC02150	64
LINC02151	5
LINC02152	0
LINC02153	35
LINC02154	20
LINC02156	108
LINC02159	12
LINC02160	119
LINC02161	162
LINC02162	17
LINC02163	386
LINC02164	6
LINC02165	65
LINC02166	392
LINC02167	12
LINC02168	5
LINC02169	69
LINC02171	9
LINC02172	48
LINC02173	16
LINC02174	150
LINC02175	830
LINC02176	66
LINC02177	15
LINC02178	19
LINC02179	5
LINC02180	32
LINC02181	8
LINC02182	70
LINC02183	134
LINC02185	29
LINC02188	239
LINC02189	3
LINC02190	13
LINC02191	10
LINC02192	32
LINC02193	38
LINC02194	11
LINC02195	3
LINC02196	483
LINC02197	66
LINC02199	45
LINC02200	67
LINC02201	187
LINC02202	203
LINC02203	15
LINC02204	100
LINC02205	6
LINC02206	63
LINC02207	248
LINC02208	987
LINC02209	28
LINC02210-CRHR1	2392
LINC02211	277
LINC02212	46
LINC02213	44
LINC02214	24
LINC02215	146
LINC02216	2
LINC02217	35
LINC02218	64
LINC02219	12
LINC02220	149
LINC02221	55
LINC02222	3
LINC02223	565
LINC02224	404
LINC02225	11
LINC02226	15
LINC02227	200
LINC02228	247
LINC02229	3
LINC02231	133
LINC02232	241
LINC02233	183
LINC02234	210
LINC02235	505
LINC02236	126
LINC02237	782
LINC02238	84
LINC02240	1596
LINC02241	915
LINC02242	73
LINC02243	4
LINC02244	0
LINC02245	1619
LINC02247	3
LINC02248	158
LINC02249	41
LINC02250	431
LINC02251	193
LINC02252	56
LINC02253	358
LINC02254	547
LINC02255	40
LINC02256.1	1496
LINC02257	3731
LINC02258	8
LINC02259	68
LINC02260	1
LINC02261	95
LINC02262	96
LINC02263	51
LINC02264	128
LINC02265	140
LINC02266	8
LINC02267	748
LINC02268	1782
LINC02269	759
LINC02270	32
LINC02271	31
LINC02272	9
LINC02273	25
LINC02274	25
LINC02275	137
LINC02276	3
LINC02277	183
LINC02278	30
LINC02279	6
LINC02280	13
LINC02281	102
LINC02282	11
LINC02283	123
LINC02284	595
LINC02285	5
LINC02286	62
LINC02287	1
LINC02288	151
LINC02290	9
LINC02291	83
LINC02292	37
LINC02294	213
LINC02295	28
LINC02296	504
LINC02298	96
LINC02299	69
LINC02300	138
LINC02301	362
LINC02302	168
LINC02303	28
LINC02304	25
LINC02305	5
LINC02306	4739
LINC02307	614
LINC02308	23
LINC02309	111
LINC02311	17
LINC02312	12
LINC02313	34
LINC02314	2
LINC02315	3037
LINC02316	61
LINC02317	8
LINC02318	20
LINC02319	64
LINC02320	225
LINC02321	24
LINC02322	0
LINC02323	54
LINC02324	76
LINC02325	207
LINC02326	285
LINC02327	170
LINC02328	657
LINC02329	1
LINC02330	11
LINC02331	420
LINC02332	1
LINC02333	63
LINC02334	259
LINC02335	192
LINC02336	795
LINC02338	21
LINC02340	579
LINC02341	299
LINC02342	6
LINC02343	691
LINC02345	1764
LINC02346	241
LINC02347	23
LINC02348	19
LINC02349	0
LINC02350	837
LINC02351	115
LINC02352	136
LINC02353	0
LINC02354	44
LINC02355	250
LINC02356	194
LINC02357	55
LINC02358	16
LINC02359	100
LINC02360	90
LINC02361	21
LINC02362	479
LINC02363	311
LINC02364	56
LINC02365	131
LINC02366	12
LINC02367	191
LINC02368	6
LINC02369	82
LINC02370	20
LINC02371	71
LINC02372	3
LINC02373	80
LINC02374	5
LINC02375	8
LINC02376	10
LINC02377	375
LINC02378	152
LINC02379	6
LINC02380	46
LINC02381	1229
LINC02382	0
LINC02383	49
LINC02384	305
LINC02385	3
LINC02386	53
LINC02387	18
LINC02388	407
LINC02389	10
LINC02390	8
LINC02391	277
LINC02392	14
LINC02393	27
LINC02394	58
LINC02395	66
LINC02396	2
LINC02397	26
LINC02398	1141
LINC02400	2
LINC02401	56
LINC02402	52
LINC02403	2
LINC02404	2
LINC02405	233
LINC02406	211
LINC02408	325
LINC02409	2
LINC02410	29
LINC02411	5
LINC02412	17
LINC02413	69
LINC02414	19
LINC02415	1
LINC02416	19
LINC02417	2
LINC02419	1
LINC02420	4
LINC02421	35
LINC02422	448
LINC02423	1
LINC02424	166
LINC02425	5
LINC02426	98
LINC02427	582
LINC02428	453
LINC02429	70
LINC02430	4
LINC02431	10
LINC02432	156
LINC02433	7
LINC02435	35
LINC02436	244
LINC02437	24
LINC02438	503
LINC02439	43
LINC02440	0
LINC02441	4
LINC02442	15
LINC02443	12
LINC02444	30
LINC02445	71
LINC02446	26
LINC02447	37
LINC02448	8
LINC02449	177
LINC02450	36
LINC02451	72
LINC02452	19
LINC02453	98
LINC02454	48
LINC02455	18
LINC02456	216
LINC02457	111
LINC02458	624
LINC02459	1
LINC02460	33
LINC02461	8
LINC02462	234
LINC02463	180
LINC02464	175
LINC02465	284
LINC02466	174
LINC02468	5
LINC02469	43
LINC02470	10
LINC02471	264
LINC02472	71
LINC02473	41
LINC02474	132
LINC02475	2
LINC02476	548
LINC02477	44
LINC02479	1502
LINC02480	3
LINC02481	51
LINC02482	403
LINC02483	2
LINC02484	298
LINC02485	9
LINC02487	34
LINC02488	57
LINC02489	25
LINC02490	142
LINC02492	247
LINC02493	42
LINC02494	11
LINC02496	59
LINC02497	208
LINC02498	5
LINC02499	155
LINC02500	37
LINC02501	30
LINC02502	27
LINC02503	71
LINC02504	4
LINC02505	159
LINC02506	481
LINC02507	120
LINC02508	40
LINC02509	28
LINC02510	9
LINC02511	587
LINC02512	160
LINC02513	38
LINC02514	0
LINC02515	38
LINC02516	814
LINC02517	9
LINC02518	40
LINC02519	214
LINC02520	42
LINC02521	48
LINC02522	6
LINC02523	76
LINC02524	3
LINC02525	16
LINC02526	31
LINC02527	13
LINC02528	17
LINC02529	10
LINC02530	0
LINC02531	19
LINC02532	181
LINC02533	50
LINC02534	11
LINC02535	4
LINC02536	11
LINC02537	11
LINC02538	20
LINC02539	104
LINC02540	92
LINC02541	408
LINC02542	863
LINC02543	4
LINC02544	5
LINC02546	162
LINC02547	72
LINC02548	60
LINC02549	239
LINC02550	321
LINC02551	67
LINC02552	105
LINC02553	81
LINC02554	9
LINC02555	0
LINC02556	6
LINC02557	35
LINC02558	172
LINC02559	0
LINC02560	10
LINC02561	33
LINC02562	60
LINC02564	0
LINC02565	0
LINC02566	94
LINC02567	20
LINC02568	334
LINC02569	12
LINC02570	22
LINC02571	2
LINC02572	332
LINC02573	1
LINC02574	44
LINC02575	43
LINC02576	85
LINC02577	82
LINC02578	10
LINC02579	29
LINC02580	462
LINC02582	32
LINC02584	3
LINC02585	55
LINC02587	112
LINC02590	8
LINC02593	64
LINC02594	101
LINC02595	399
LINC02596	8
LINC02598	4
LINC02600	7
LINC02601	2
LINC02603	216
LINC02604	128
LINC02606	73
LINC02607	567
LINC02608	569
LINC02609	336
LINC02610	36
LINC02611	39
LINC02612	24
LINC02613	1370
LINC02614	5711
LINC02615	5285
LINC02616	56
LINC02617	6
LINC02619	5
LINC02620	12
LINC02621	9
LINC02623	2
LINC02624	155
LINC02625	112
LINC02626	14
LINC02627	10
LINC02628	16
LINC02629	36
LINC02630	6
LINC02631	43
LINC02632	13
LINC02633	4
LINC02634	29
LINC02635	36
LINC02636	130
LINC02637	5
LINC02639	4
LINC02640	33
LINC02641	2615
LINC02642	114
LINC02643	108
LINC02644	2
LINC02645	223
LINC02646	895
LINC02647	83
LINC02648	7
LINC02649	1551
LINC02650	7
LINC02651	14
LINC02652	312
LINC02653	558
LINC02654	105
LINC02655	4
LINC02658	2
LINC02659	33
LINC02660	203
LINC02661	150
LINC02662	6
LINC02663	94
LINC02664	347
LINC02665	5
LINC02666	1003
LINC02667	4
LINC02668	52
LINC02669	193
LINC02670	3
LINC02671	194
LINC02672	165
LINC02673	3
LINC02674	5
LINC02675	8
LINC02676	5
LINC02679	6
LINC02680	408
LINC02681	82
LINC02682	51
LINC02683	2
LINC02684	11
LINC02685	29
LINC02686	33
LINC02687	18
LINC02688	17
LINC02689	33
LINC02690	2
LINC02691	1262
LINC02692	5
LINC02693	1009
LINC02694	1010
LINC02695	0
LINC02696	49
LINC02697	3
LINC02698	342
LINC02699	88
LINC02700	18
LINC02701	4
LINC02702	21
LINC02703	27
LINC02704	1
LINC02705	1
LINC02706	0
LINC02707	18
LINC02708	1
LINC02709	29
LINC02710	5
LINC02711	6
LINC02712	113
LINC02713	179
LINC02714	111
LINC02715	71
LINC02716	4
LINC02717	4
LINC02718	591
LINC02719	34
LINC02720	27
LINC02721	59
LINC02722	0
LINC02723	4
LINC02724	2
LINC02725	359
LINC02726	153
LINC02727	0
LINC02728	67
LINC02729	0
LINC02730	36
LINC02731	273
LINC02732	107
LINC02733	86
LINC02734	45
LINC02735	18
LINC02736	20
LINC02737	7
LINC02739	42
LINC02740	135
LINC02741	356
LINC02742	548
LINC02743	34
LINC02744	31
LINC02745	392
LINC02746	22
LINC02747	13
LINC02748	71
LINC02749	73
LINC02750	32
LINC02751	121
LINC02752	373
LINC02753	45
LINC02754	123
LINC02755	1611
LINC02756	77
LINC02757	81
LINC02758	6
LINC02759	124
LINC02760	9
LINC02761	8
LINC02762	1233
LINC02763	557
LINC02764	45
LINC02765	222
LINC02766	27
LINC02767	73
LINC02768	35
LINC02769	3
LINC02770	537
LINC02771	13
LINC02772	11
LINC02773	10
LINC02774	224
LINC02775	266
LINC02777	206
LINC02778	12
LINC02779	8
LINC02780	31
LINC02781	59
LINC02782	2
LINC02783	38
LINC02784	23
LINC02785	45
LINC02786	21
LINC02787	9
LINC02788	18
LINC02789	285
LINC02790	44
LINC02791	25
LINC02792	10
LINC02793	2
LINC02794	148
LINC02795	1495
LINC02796	48
LINC02797	52
LINC02798	768
LINC02801	56
LINC02802	152
LINC02803	195
LINC02804	44
LINC02805	19
LINC02808	138
LINC02809	45
LINC02810	64
LINC02811	155
LINC02812	4
LINC02813	82
LINC02814	445
LINC02815	23
LINC02816	3
LINC02817	16
LINC02818	37
LINC02819	56
LINC02820	138
LINC02821	59
LINC02822	430
LINC02823	41
LINC02824	19
LINC02825	3
LINC02826	346
LINC02827	14
LINC02828	105
LINC02829	9
LINC02830	0
LINC02831	79
LINC02832	110
LINC02833	5
LINC02834	45
LINC02835	4
LINC02836	95
LINC02837	1
LINC02838	5
LINC02839	149
LINC02840	148
LINC02841	33
LINC02842	136
LINC02843	135
LINC02844	1
LINC02845	5
LINC02846	28
LINC02847	39
LINC02848	35
LINC02849	14
LINC02850	0
LINC02851	15
LINC02852	3
LINC02853	647
LINC02854	32
LINC02855	46
LINC02856	6
LINC02857	14
LINC02858	7
LINC02860	8
LINC02861	226
LINC02862	101
LINC02863	22
LINC02864	105
LINC02865	76
LINC02866	86
LINC02868	34
LINC02869	163
LINC02870	25
LINC02871	201
LINC02872	68
LINC02873	43
LINC02874	22
LINC02875	22
LINC02876	1
LINC02877	121
LINC02880	183
LINC02881	4
LINC02882	668
LINC02883	40
LINC02884	285
LINC02885	758
LINC02887	23
LINC02889	1436
LINC02891	29
LINC02893	115
LINC02894	21
LINC02895	277
LINC02896	41
LINC02897	26
LINC02898	143
LINC02899	5238
LINC02900	35
LINC02901	168
LINC02902	16
LINC02903	1
LINC02904	100
LINC02906	44
LINC02907	5
LINC02908	30
LINC02909	39
LINC02910	49
LINC02911	74
LINC02912	1
LINC02913	16
LINC02914	47
LINC02915	3
LINC02916	15
LINC02917	139
LINC02918	51
LINC02919	4
LINC02921	575
LINC02922	3
LINC02923	12
LINC02924	16
LINC02925	347
LINC02926	10
LINC02927	4
LINC02928	2
LINC02930	558
LINC02931	5
LINC02932	273
LINC02933	41
LINC02934	5214
LINC02935	309
LINC02936	130
LINC02937	754
LINC02938	42
LINC02939	44
LINC02940	722
LINC02941	107
LINC02942	195
LINC02944	31
LINC02945	536
LINC02946	14
LINC02947	4
LINC02948	15
LINC02949	36
LINC02950	54
LINC02951	121
LINC02952	21
LINC02953	5
LINC02954	34
LINC02955	1343
LINC02956	1
LINC02957	6
LINC02958	384
LINC02960	35
LINC02961	3
LINC02963	100
LINC02964	547
LINC02965	70
LINC02966	1961
LINC02967	22
LINC02969	1003
LINC02970	11
LINC02971	21
LINC02972	53
LINC02973	22
LINC02974	65
LINC02975	291
LINC02976	356
LINC02977	414
LINC02979	3
LINC02980	205
LINC02981	964
LINC02982	41
LINC02983	123
LINC02984	696
LINC02985	287
LINC02986	26
LINC02987	1341
LINC02988	123
LINC02989	9
LINC02990	258
LINC02991	5
LINC02993	7
LINC02994	1726
LINC02995	2
LINC02997	1171
LINC02999	59
LINC03000	2685
LINC03002	359
LINC03004	214
LINC03007	1817
LINC03008	21
LINC03010	60
LINC03011	53
LINC03012	64
LINC03013	58
LINC03014	36
LINC03015	145
LINC03016	280
LINC03017	80
LINC03018	7
LINC03019	63
LINC03020	39
LINC03021	1117
LINC03021.1	2339
LINC03022	231
LINC03024	36
LINC03025	7
LINC03025.1	4
LINC03026	123
LINC03031	100
LINC03033	8
LINC03034	89
LINC03036	515
LINC03037	32
LINC03044	21
LINC03046	105
LINC03047	27
LINC03048	119
LINC03050	239
LINC03051	10966
LINC03052	27
LINC03053	11
LINC03056	66
LINC03057	13
LINC03058	1
LINC03059	192
LINC03060	376
LINC03062	171
LINC03064	13
LINC03065	10
LINC03066	56
LINC03067	29
LINC03068	21
LINC03070	58
LINC03071	22
LINC03072	234
LINC03073	153
LINC03074	13
LINC03076	941
LINC03077	481
LINC03078	2
LINC03080	43
LINC03082	366
LINC03083	2
LINC03084	74
LINC03085	39
LINC03086	2
LINC03088	93
LINC03089	7
LINC03090	5
LINC03092	2569
LINC03093	5
LINC03094	1
LINC03095	18
LINC03096	14
LINC03097	0
LINC03098	108
LINC03099	78
LINC03101	3
LINC03104	6
LINC03106	54
LINC03107	73
LINC03108	13
LINC03109	25
LINC03111	154
LINC03113	61
LINC03114	24
LINC03121	0
LINC03125	136
LINC03129	4
LINC03133	7
LINC03134	20
LINC03135	5
LINC03136	30
LINC03137	4
LINC03138	51558
LINC03140	2
LINC03141	35
LINC03142	1325
LINC03143	159
LINC03144	0
LINC03145	69
LINC03146	144
LINC03148	40
LINC03149	18
LINC03150	324
LINC03151	2
LINC03152	47
LINC03157	37
LINC03161	883
LINC03162	73
LINC03163	105
LINC03165	7
LINC03170	0
LINC03171	618
LINC03173	29
LINC03176	6
LINC03177	7
LINC03178	1063
LINC03182	641
LINC03183	260
LINC03188	88
LINC03189	5
LINC03190	51
LINC03191	26
LINC03195	48
LINC03196	81
LINC03198	122
LINC03199	413
LINC03200	55
LINC03204	359
LINC03205	26
LINC03209	47
LINC03210	23
LINC03211	24
LINC03212	3
LINC03213	107
LINC03214	99
LINC03215	943
LINC03216	835
LINC03218	0
LINC03219	247
LINC03222	127
LINC03223	19
LINC03224	14
LINC03227	7
LINC03229	48
LINC03230	8
LINC03232	4
LINC03233	218
LINC03235	120
LINC03237	125
LINC03239	3
LINC03240	26
LINCADL	14
LINCMD1	16
LINGO1	6122
LINGO1-AS1	19
LINGO1-AS2	9
LINGO2	19739
LINGO3	95
LINGO4	3
LINS1	1336
LIPA	1936
LIPC	357
LIPC-AS1	0
LIPE	403
LIPE-AS1	4666
LIPF	247
LIPG	425
LIPH	7184
LIPI	184
LIPJ	27
LIPK	30
LIPM	62
LIPN	90
LIPT2	19
LIPT2-AS1	20
LIRIL2R	6
LITAF	3468
LITAFD	8
LIVAR	0
LIX1	236
LIX1-AS1	1475
LIX1L	1001
LIX1L-AS1	11
LKAAEAR1	16
LL22NC01-81G9.3	2
LL22NC03-63E9.3	3
LLCFC1	7
LLGL1	516
LLGL2	5128
LLPH	114
LLPH-DT	47
LMAN1	5526
LMAN1L	12
LMAN2	2612
LMAN2L	2923
LMBR1	13905
LMBR1L	2145
LMBRD1	10787
LMBRD2	1671
LMCD1	1526
LMCD1-AS1	11856
LMF1	7704
LMF1-AS1	100
LMF2	269
LMLN	2254
LMLN-AS1	5
LMLN2	20
LMNA	6272
LMNB1	1810
LMNB1-DT	183
LMNB2	746
LMNTD1	10514
LMNTD2	69
LMNTD2-AS1	77
LMO1	176
LMO2	186
LMO3	1228
LMO4	4073
LMO7	19378
LMO7-AS1	470
LMO7DN	38
LMOD1	25854
LMOD1-AS1	110
LMOD2	93
LMOD3	322
LMTK2	6053
LMTK3	432
LMX1A	180
LMX1A-AS1	3
LMX1A-AS2	4
LMX1B	241
LMX1B-DT	54
LNC-LBCS	18571
LNC-RHL1	2
LNC-WAL	1813
LNCARGI	6
LNCAROD	676
LNCARSR	62
LNCATV	64
LNCBRM	47
LNCDAT	1
LNCEGFL7OS	59
LNCHR1	24
LNCMB1	15
LNCMB2	31
LNCMB3	13
LNCNEF	78
LNCOB1	75
LNCOC1	65
LNCOG	55
LNCPNKY	25
LNCPOIR	10
LNCPRESS1	3
LNCPRESS2	4
LNCPTCTS	5
LNCRI	4
LNCRMP	11
LNCRNA-IUR	864
LNCROPM	116
LNCSRLR	282
LNCTAM34A	165
LNCTSI	101
LNMICC	19
LNP1	801
LNPEP	11635
LNPK	5179
LNPPS	509
LNX1	9184
LNX2	4945
LOH12CR2	15
LOLI1	222
LONP1	1575
LONP2	11889
LONRF1	4008
LONRF2	1323
LONRF3	918
LORICRIN	3
LOX	297
LOXHD1	308
LOXL1	1010
LOXL1-AS1	256
LOXL2	4523
LOXL2-AS1	224
LOXL3	620
LOXL4	200
LPA	991
LPAR1	7916
LPAR2	215
LPAR3	1589
LPAR4	641
LPAR5	483
LPAR6	1597
LPCAT1	1346
LPCAT2	2686
LPCAT3	3475
LPCAT4	2526
LPGAT1	8557
LPGAT1-AS1	51
LPIN1	3107
LPIN2	4891
LPIN2-AS1	60
LPIN2-AS2	78
LPIN3	915
LPL	301
LPO	66
LPP	231243
LPP-AS1	26
LPP-AS2	75
LPXN	1491
LRAT	482
LRATD1	1325
LRATD2	199
LRBA	60361
LRBA-AS1	8
LRCH1	16981
LRCH2	3284
LRCH3	16541
LRCH4	290
LRCOL1	24
LRFN1	66
LRFN2	1173
LRFN3	188
LRFN4	61
LRFN5	8889
LRFN5-DT	498
LRGUK	4844
LRIF1	704
LRIG1	12720
LRIG2	6010
LRIG2-DT	885
LRIG3	17724
LRIG3-DT	1220
LRIT1	6
LRIT2	2
LRIT3	46
LRMDA	43957
LROMI1	636
LRP1	9394
LRP1-AS	7
LRP10	717
LRP11-AS1	0
LRP12	2600
LRP1B	17492
LRP2	403
LRP2BP	1342
LRP2BP-AS1	870
LRP3	323
LRP4	5872
LRP4-AS1	100
LRP5	7195
LRP6	10245
LRP8	578
LRP8-DT	19
LRPAP1	1276
LRPPRC	10731
LRR1	522
LRRC1	7126
LRRC10	2
LRRC10B	37
LRRC14	219
LRRC14B	10
LRRC15	26
LRRC17	1831
LRRC18	3
LRRC19	44
LRRC2	463
LRRC2-AS1	1
LRRC20	1327
LRRC23	1528
LRRC24	115
LRRC25	16
LRRC26	4
LRRC27	1467
LRRC28	5188
LRRC3	105
LRRC3-DT	31
LRRC30	2
LRRC31	252
LRRC32	228
LRRC32-AS1	14
LRRC34	1122
LRRC36	400
LRRC37A	641
LRRC37A2	3203
LRRC37A2-AS1	4456
LRRC37A3	2544
LRRC37B	4450
LRRC38	209
LRRC39	598
LRRC3B	3597
LRRC3B-AS1	26
LRRC3C	14
LRRC4	135
LRRC40	3099
LRRC41	3489
LRRC42	759
LRRC43	641
LRRC45	226
LRRC46	352
LRRC47	741
LRRC49	3829
LRRC4B	803
LRRC4C	7241
LRRC52	33
LRRC52-AS1	126
LRRC53	54
LRRC55	50
LRRC56	644
LRRC58	2150
LRRC59	519
LRRC59-AS1	4
LRRC61	294
LRRC63	1650
LRRC66	260
LRRC69	1492
LRRC7	20350
LRRC7-AS1	30
LRRC71	830
LRRC72	151
LRRC73	40
LRRC74A	106
LRRC74B	501
LRRC75A	542
LRRC75B	228
LRRC8A	2138
LRRC8B	2803
LRRC8C-DT	338
LRRC8D	133
LRRC8D-DT	9
LRRC8E	147
LRRC9	316
LRRCC1	1149
LRRFIP1	24967
LRRFIP2	16022
LRRIQ1	17909
LRRIQ3	700
LRRIQ4	129
LRRK1	3237
LRRK1-AS1	295
LRRK2	13227
LRRK2-DT	187
LRRN1	1924
LRRN2	783
LRRN2-AS1	14
LRRN3	725
LRRN4	27
LRRN4CL	78
LRRTM1	79
LRRTM2	93
LRRTM3	888
LRRTM4	11282
LRRTM4-AS1	20
LRSAM1	4504
LRTM1	115
LRTM2	15
LRTOMT	64
LRWD1	124
LSAMP	45095
LSAMP-AS1	41
LSG1	1851
LSINCT5	0
LSM1	599
LSM10	153
LSM11	662
LSM12	1631
LSM14A	14549
LSM14B	1242
LSM2	343
LSM3	1002
LSM4	280
LSM5	824
LSM6	1050
LSM7	575
LSM8	2511
LSMEM1	5
LSMEM2	126
LSP1	1059
LSR	936
LSS	3117
LST1	22
LTA	5
LTA4H	5327
LTB	12
LTB4R	224
LTB4R2	20
LTBP1	33277
LTBP2	1845
LTBP3	3774
LTBP4	4074
LTBR	1442
LTC4S	59
LTF	89
LTK	260
LTN1	6055
LTO1	942
LTV1	790
LUADT1	94
LUARIS	19
LUC7L	12196
LUC7L2	267
LUC7L3	40385
LUCAT1	860
LUM	292
LUNAR1	132
LURAP1	707
LURAP1L	2941
LURAP1L-AS1	490
LUZP1	6015
LUZP2	8690
LUZP4	10
LVRN	148
LXN	530
LY6D	6
LY6E	110
LY6E-DT	368
LY6G5B	8
LY6G5C	49
LY6G6C	16
LY6G6F-LY6G6D	15
LY6H	24
LY6K	15
LY6L	3
LY75-CD302	31
LY86	159
LY86-AS1	409
LY9	174
LY96	299
LYAR	513
LYG1	272
LYG2	29
LYL1	25
LYN	2373
LYNX1-SLURP2	12
LYPD1	60
LYPD2	52
LYPD3	671
LYPD4	16
LYPD5	129
LYPD6	2272
LYPD6B	6916
LYPD8	49
LYPLA1	4585
LYPLA2	214
LYPLAL1	9175
LYPLAL1-AS1	145
LYPLAL1-DT	1383
LYRM1	1622
LYRM2	1150
LYRM4	4983
LYRM4-AS1	270
LYRM7	1587
LYRM9	6
LYRM9-AS1	21
LYSMD1	388
LYSMD2	245
LYSMD3	1597
LYSMD4	1225
LYST	13473
LYST-AS1	0
LYVE1	593
LYZ	184
LYZL1	46
LYZL2	20
LYZL4	15
LYZL6	42
LZIC	1654
LZTFL1	2106
LZTR1	231
LZTS1	438
LZTS1-AS1	22
LZTS2	1471
LZTS3	324
M1AP	296
M6PR	797
MAB21L1	64
MAB21L2	16
MAB21L3	219
MAB21L4	341
MACC1	19479
MACC1-AS1	47
MACC1-DT	34
MACC1-OT1	2908
MACF1	81911
MACIR	1019
MACO1	8012
MACORIS	62
MACROD1	3335
MACROD2	65735
MACROD2-AS1	133
MACROH2A1	9369
MACROH2A2	2566
MAD2L1	125
MAD2L1-DT	2739
MAD2L1BP	130
MAD2L2	451
MADCAM1	155
MADCAM1-AS1	102
MADD	3133
MADD-AS1	6
MAEA	5125
MAEL	233
MAF	452
MAF1	142
MAFA	30
MAFA-AS1	69
MAFB	201
MAFF	774
MAFG	376
MAFG-AS1	6
MAFG-DT	56
MAFK	839
MAFTRR	348
MAG	51
MAGEA1	0
MAGEA11	31
MAGEA12	2
MAGEA3	0
MAGEA3-DT	221
MAGEA4	2
MAGEA4-AS1	49
MAGEA6	0
MAGEA6-DT	0
MAGEA8	3
MAGEA8-AS1	8
MAGEA9	0
MAGEA9B	1
MAGEB1	35
MAGEB10	16
MAGEB16	2
MAGEB17	15
MAGEB17-AS1	22
MAGEB18	0
MAGEB2	6
MAGEB3	33
MAGEB4	0
MAGEB5	0
MAGEB6	1
MAGEB6B	0
MAGEC1	2
MAGEC2	0
MAGEC3	68
MAGED1	9018
MAGED2	3234
MAGED4	2
MAGED4B	0
MAGEE1	22
MAGEE2	1
MAGEF1	187
MAGEH1	182
MAGEL2	18
MAGI1	61280
MAGI1-AS1	210
MAGI2	36710
MAGI2-AS1	1
MAGI2-AS2	2
MAGI2-AS3	2498
MAGI3	28249
MAGIX	169
MAGOH	1362
MAGOH-DT	17
MAGOHB	1782
MAGT1	3371
MAILR	6069
MAIP1	1354
MAJIN	98
MAK	2571
MAK16	342
MAL	2002
MAL-AS1	58
MAL2	12496
MAL2-AS1	188
MALAT1	2917747
MALINC1	90
MALL	1769
MALRD1	6323
MALRD1-AS1	84
MALSU1	2783
MALT1	5952
MALT1-AS1	12
MAMDC2	12878
MAMDC2-AS1	2559
MAMDC4	244
MAML1	2937
MAML2	84971
MAML3	37515
MAML3-AS1	21
MAML3-AS2	27
MAMLD1	2780
MAMSTR	377
MAN1A1	6746
MAN1A2	12820
MAN1B1	1175
MAN1B1-DT	11
MAN1C1	1711
MAN2A1	11141
MAN2A2	1141
MAN2A2-AS1	5
MAN2B1	498
MAN2B2	574
MAN2C1	1710
MANBA	6111
MANBAL	1070
MANCR	175
MANEA	961
MANEA-DT	125
MANEAL	59
MANF	662
MANSC1	731
MANSC4	148
MAOA	5113
MAOB	1273
MAP10	82
MAP1A	1349
MAP1B	8269
MAP1B-AS1	330
MAP1LC3A	627
MAP1LC3B	805
MAP1LC3B2	256
MAP1LC3C	30
MAP1S	376
MAP2	6753
MAP2K1	4173
MAP2K2	1818
MAP2K3	1092
MAP2K4	15459
MAP2K5	14141
MAP2K5-DT	19
MAP2K6	5871
MAP2K6-AS1	43
MAP2K7	1281
MAP2K7-AS1	7
MAP3K1	12846
MAP3K1-AS1	66
MAP3K10	922
MAP3K11	855
MAP3K12	1011
MAP3K13	13718
MAP3K14	4688
MAP3K14-AS1	143
MAP3K15	357
MAP3K19	3279
MAP3K2	10355
MAP3K2-DT	150
MAP3K20	16776
MAP3K20-AS1	357
MAP3K21	1370
MAP3K3	3772
MAP3K4	15990
MAP3K4-AS1	16
MAP3K5	12651
MAP3K5-AS1	54
MAP3K5-AS2	21
MAP3K6	499
MAP3K7	6151
MAP3K7CL	2416
MAP3K8	5677
MAP3K9	3898
MAP3K9-DT	193
MAP4	25272
MAP4K1	148
MAP4K1-AS1	52
MAP4K2	573
MAP4K3	28659
MAP4K3-DT	8099
MAP4K4	19100
MAP4K5	21111
MAP6	2101
MAP6-AS1	34
MAP7	12559
MAP7-AS1	12
MAP7D1	1063
MAP7D2	449
MAP7D3	2269
MAP9	1863
MAP9-AS1	161
MAPK1	11570
MAPK10	54274
MAPK10-AS1	471
MAPK11	169
MAPK12	226
MAPK13	934
MAPK14	10259
MAPK15	877
MAPK1IP1L	5766
MAPK3	805
MAPK4	1759
MAPK6	5639
MAPK6-DT	40
MAPK7	261
MAPK8	16694
MAPK8IP1	248
MAPK8IP2	93
MAPK8IP3	6053
MAPK8IP3-AS1	3
MAPK9	3284
MAPKAP1	12141
MAPKAPK2	2818
MAPKAPK3	669
MAPKAPK5	3672
MAPKAPK5-AS1	139
MAPKBP1	7451
MAPRE1	1397
MAPRE2	9826
MAPRE3	1794
MAPRE3-AS1	8
MAPT	1552
MAPT-AS1	153
MARCHF1	4007
MARCHF10	2762
MARCHF10-AS1	244
MARCHF10-DT	154
MARCHF11	253
MARCHF11-AS1	5
MARCHF11-DT	17
MARCHF2	688
MARCHF3	3518
MARCHF4	457
MARCHF4-AS1	14
MARCHF5	4984
MARCHF6	19923
MARCHF6-DT	32
MARCHF7	20948
MARCHF8	3950
MARCHF9	203
MARCKS	1504
MARCKSL1	126
MARCO	81
MARCO-AS1	2
MARCOL	20
MARF1	5858
MARK1	11568
MARK2	10226
MARK3	24986
MARK4	4749
MARS1	1750
MARVELD1	424
MARVELD2	1251
MARVELD3	458
MAS1	27
MASP1	165
MASP2	108
MAST1	395
MAST2	9513
MAST3	833
MAST3-AS1	38
MAST4	34868
MAST4-AS1	101
MASTL	2223
MAT1A	214
MAT2A	3860
MAT2B	1668
MATK	121
MATN1	114
MATN1-AS1	148
MATN2	5154
MATN3	33
MATN4	28
MATR3	250
MATR3.1	0
MAU2	4834
MAVS	2930
MAX	7245
MAX-AS1	107
MAZ	105
MB	142
MB21D2	4147
MBD1	2120
MBD2	11241
MBD3	188
MBD3L1	43
MBD3L3	40
MBD4	1570
MBD5	55895
MBD6	1057
MBIP	2679
MBL2	6
MBLAC1	42
MBLAC2	540
MBNL1	40102
MBNL1-AS1	756
MBNL2	26431
MBNL3	3679
MBOAT1	6044
MBOAT2	20835
MBOAT4	94
MBOAT7	978
MBP	6745
MBP-AS1	34
MBP-AS2	14
MBTD1	13237
MBTPS1	7417
MBTPS1-DT	8
MBTPS2	2163
MC1R	56
MC2R	52
MC3R	2
MC4R	8
MC5R	9
MCAM	3209
MCAT	390
MCC	15853
MCC-AS1	396
MCCC1	7803
MCCC1-AS1	4
MCCC2	4089
MCCD1	3
MCEE	3500
MCEMP1	2
MCF2	356
MCF2L	4307
MCF2L-AS1	17
MCF2L2	1372
MCFD2	993
MCFD2-AS1	29
MCHR1	5
MCHR2	175
MCHR2-AS1	197
MCIDAS	136
MCL1	2813
MCM10	448
MCM2	236
MCM3	923
MCM3AP	5000
MCM3AP-AS1	1002
MCM4	774
MCM5	647
MCM6	1012
MCM7	963
MCM8	61
MCM8-AS1	23
MCM9	4172
MCMBP	2930
MCMDC2	323
MCOLN1	291
MCOLN2	272
MCOLN3	94
MCPH1	9828
MCPH1-AS1	1774
MCPH1-DT	46
MCRIP1	678
MCRIP2	152
MCRS1	380
MCTP1	5858
MCTP1-AS1	0
MCTP1-AS2	12
MCTP2	10850
MCTS1	1193
MCU	20809
MCUB	2045
MCUR1	1683
MDC1	1383
MDC1-AS1	69
MDFI	510
MDFIC	8808
MDFIC2	173
MDGA1	695
MDGA2	14683
MDH1	4099
MDH1B	773
MDH2	994
MDK	1250
MDM1	3487
MDM2	11864
MDM4	12805
MDN1	12436
MDN1-AS1	7
MDS2	265
ME1	1202
ME2	4274
ME3	3859
ME3-AS1	2632
MEA1	190
MEAF6	2179
MEAK7	2318
MECOM	98838
MECOM-AS1	140
MECP2	7384
MECR	1696
MED1	2581
MED10	1131
MED10-DT	55
MED11	160
MED12	1961
MED12L	2723
MED13	18085
MED13L	39705
MED14	5604
MED14OS	13
MED15	5855
MED16	1747
MED17	16
MED18	114
MED19	528
MED21	1170
MED22	469
MED23	5359
MED24	3281
MED25	3499
MED27	4885
MED28	3310
MED28-DT	184
MED29	371
MED30	787
MED31	524
MED4	4027
MED4-AS1	29
MED6	2699
MED7	71
MED8	471
MED8-AS1	10
MED9	771
MEDAG	98
MEF2A	31900
MEF2C	11716
MEF2C-AS1	6992
MEF2C-AS2	294
MEF2D	2893
MEFV	9
MEG3	26383
MEG8	27478
MEG9	1422
MEGF10	1745
MEGF10-DT	143
MEGF11	992
MEGF6	2115
MEGF8	1409
MEGF9	3199
MEI1	474
MEI4	515
MEIG1	150
MEIKIN-AS1	24
MEIOC	111
MEIOSIN	135
MEIS1	47616
MEIS1-AS2	132
MEIS1-AS3	323
MEIS2	48706
MEIS3	1314
MELK	2191
MELTF	340
MELTF-AS1	168
MEMO1	433
MEN1	305
MEOX1	715
MEOX2	3328
MEOX2-AS2	32
MEP1A	113
MEP1B	68
MEPCE	2
MEPE	21
MERTK	3931
MESD	1859
MESP1	11
MESP2	41
MEST	2219
MESTIT1	26
MET	1657
METAP1	6574
METAP1D	1480
METAP2	5493
METRN	92
METRNL	772
METTL1	143
METTL13	876
METTL14	3001
METTL14-DT	88
METTL15	19549
METTL16	5207
METTL17	1832
METTL18	71
METTL21A	2071
METTL21C	11
METTL22	2147
METTL23	465
METTL24	3028
METTL25	3865
METTL25B	665
METTL26	286
METTL27	294
METTL2A	1276
METTL2B	1237
METTL3	1745
METTL4	1749
METTL5	1874
METTL6	2732
METTL7A	26
METTL7B	9
METTL8	4228
METTL9	3940
MEX3A	468
MEX3B	236
MEX3C	1039
MEX3D	301
MFAP1	1164
MFAP2	334
MFAP3	1674
MFAP3L	197
MFAP3L-AS1	6
MFAP4	297
MFAP5	393
MFF	4065
MFF-DT	792
MFGE8	1581
MFHAS1	5417
MFN1	6613
MFN2	2325
MFNG	93
MFRP	9
MFSD1	2180
MFSD10	247
MFSD11	4689
MFSD12	554
MFSD12-AS1	169
MFSD13A	137
MFSD14A	1
MFSD14B	3318
MFSD2A	223
MFSD2B	269
MFSD3	48
MFSD4A	820
MFSD4B	7104
MFSD4B-DT	134
MFSD5	21
MFSD6	3396
MFSD6L	33
MFSD8	4308
MFSD9	674
MGA	7956
MGAM	389
MGAM2	213
MGARP	11
MGAT1	1300
MGAT2	75
MGAT3	625
MGAT3-AS1	0
MGAT4A	2568
MGAT4B	443
MGAT4C	7829
MGAT4D	67
MGAT5	27443
MGAT5B	260
MGC15885	47
MGC16275	86
MGC27382	140
MGC32805	197
MGC4859	515
MGLL	6636
MGME1	2082
MGMT	10482
MGP	164
MGRN1	4273
MGRN1-AS1	26
MGST1	2041
MGST2	3567
MGST3	3100
MHENCR	195
MIA-RAB4B	12
MIA2	8533
MIA2-AS1	6
MIA3	5344
MIAT	387
MIATNB	3909
MIB1	14779
MIB2	825
MICA	29
MICAL1	1170
MICAL2	4732
MICAL2-AS1	3
MICAL3	19888
MICALL1	4916
MICALL2	1299
MICALL2-DT	27
MICB	46
MICB-DT	34
MICOS10	2637
MICOS10-DT	13
MICOS13	118
MICU1	16553
MICU2	8533
MICU3	5684
MID1	23159
MID1IP1	172
MID1IP1-AS1	13
MID2	4390
MIDEAS	5441
MIDEAS-AS1	566
MIDN	1413
MIEF1	566
MIEF2	225
MIEN1	165
MIER1	7719
MIER2	1287
MIER3	2223
MIER3-AS1	24
MIF-AS1	53
MIF4GD	64
MIF4GD-DT	24
MIGA1	6568
MIGA2	1431
MIIP	256
MILR1	63
MIMT1	77
MINAR1	331
MINAR2	95
MINCR	29
MINDY1	1278
MINDY2	10437
MINDY2-DT	26
MINDY3	6697
MINDY4B	32
MINK1	7723
MINPP1	1099
MIOS	4682
MIOS-DT	437
MIOX	7
MIP	2
MIPEP	8300
MIPOL1	15113
MIR1-1HG	1274
MIR100HG	38618
MIR106AHG	58
MIR122HG	7
MIR124-1HG	151
MIR124-2HG	3
MIR1302-9HG	4
MIR130AHG	535
MIR133A1HG	1098
MIR137HG	1973
MIR142HG	11
MIR155HG	145
MIR17HG	458
MIR181A1HG	4141
MIR181A2HG	2469
MIR1915HG	172
MIR193BHG	825
MIR194-2HG	28
MIR200CHG	77
MIR202HG	1
MIR2052HG	762
MIR205HG	3285
MIR210HG	494
MIR2113HG	2743
MIR2117HG	16
MIR217HG	294
MIR219A2HG	0
MIR222HG	2279
MIR223HG	13
MIR22HG	209
MIR23AHG	2538
MIR29B2CHG	6358
MIR302CHG	92
MIR30DHG	1641
MIR3142HG	85
MIR3147HG	22
MIR3150BHG	11
MIR31HG	1162
MIR325HG	2470
MIR34AHG	1554
MIR34BHG	39
MIR3659HG	293
MIR365BHG	103
MIR3663HG	43
MIR3667HG	1431
MIR3677HG	76
MIR3681HG	1622
MIR378D2HG	6
MIR3936HG	5909
MIR3945HG	20
MIR3976HG	273
MIR4280HG	205
MIR4290HG	41
MIR4300HG	1421
MIR4422HG	309
MIR4432HG	233
MIR4435-2HG	3832
MIR4453HG	166
MIR4458HG	288
MIR4500HG	784
MIR4527HG	243
MIR4713HG	2259
MIR4733HG	39
MIR493HG	2324
MIR497HG	11
MIR503HG	607
MIR548A1HG	214
MIR548BAHG	12854
MIR548XHG	256
MIR5689HG	40
MIR646HG	1961
MIR663AHG	118
MIR7-3HG	315
MIR7515HG	44
MIR762HG	411
MIR9-1HG	505
MIR9-3HG	206
MIR924HG	14713
MIR99AHG	49311
MIRLET7A1HG	4260
MIRLET7BHG	3820
MIRLET7IHG	1072
MIS12	493
MIS18A	293
MIS18A-AS1	13
MIS18BP1	6875
MISP	170
MISP3	57
MITA1	3107
MITD1	1912
MITF	8501
MIX23	1526
MIXL1	25
MKI67	2685
MKKS	563
MKLN1	26609
MKLN1-AS	141
MKNK1	2592
MKNK1-AS1	160
MKNK2	1862
MKRN1	2922
MKRN2	1560
MKRN2OS	257
MKRN3	1380
MKS1	1024
MKX	1079
MKX-AS1	49
MLANA	20
MLC1	78
MLEC	1837
MLF1	2737
MLF1-DT	95
MLF2	815
MLH1	3715
MLH3	4287
MLIP	1599
MLIP-AS1	224
MLKL	473
MLLT1	1715
MLLT10	28258
MLLT11	209
MLLT3	17074
MLLT6	4632
MLN	9
MLNR	9
MLPH	6612
MLST8	142
MLX	356
MLXIP	5778
MLXIPL	171
MLYCD	1104
MMAA	839
MMAB	1026
MMACHC	272
MMADHC	1556
MMADHC-DT	4481
MMD	1012
MMD2	338
MME	960
MME-AS1	39
MMEL1	96
MMEL1-AS1	2
MMGT1	405
MMP1	6
MMP10	8
MMP11	109
MMP12	9
MMP13	14
MMP14	1732
MMP15	282
MMP16	21759
MMP17	501
MMP19	127
MMP2	1020
MMP2-AS1	40
MMP20	98
MMP20-AS1	19
MMP21	271
MMP23B	42
MMP24	283
MMP24OS	2864
MMP25	79
MMP25-AS1	451
MMP26	508
MMP27	19
MMP28	1135
MMP3	16
MMP7	14
MMP8	16
MMP9	55
MMRN1	958
MMRN2	264
MMS19	3600
MMS22L	6830
MMUT	2139
MN1	3017
MNAT1	10920
MNDA	31
MNS1	3111
MNT	1445
MNX1	696
MNX1-AS1	26
MNX1-AS2	11
MOAP1	106
MOB1A	2070
MOB1B	7785
MOB1B-AS1	57
MOB2	4388
MOB3A	2347
MOB3B	5054
MOB4	268
MOBP	75
MOCOS	511
MOCS1	257
MOCS2	877
MOCS2-DT	63
MOCS3	60
MOG	191
MOGAT1	192
MOGAT2	21
MOGAT3	100
MOGS	381
MOK	10750
MON1A	234
MON1B	315
MON2	26896
MON2-AS1	10
MORC1	183
MORC1-AS1	35
MORC2	3302
MORC2-AS1	56
MORC3	14243
MORC4	3352
MORF4L1	8132
MORF4L2	6611
MORF4L2-AS1	134
MORN1	1819
MORN2	549
MORN3	405
MORN4	689
MORN5	1615
MOS	0
MOSMO	3931
MOSPD1	795
MOSPD2	3496
MOSPD3	122
MOV10	2849
MOV10L1	545
MOXD1	5290
MPC1	2878
MPC1-DT	87
MPC2	1237
MPDU1	311
MPDU1-AS1	27
MPDZ	18703
MPEG1	34
MPG	225
MPHOSPH10	2184
MPHOSPH6	1502
MPHOSPH6-DT	24
MPHOSPH8	7997
MPHOSPH9	6075
MPI	387
MPIG6B	34
MPL	55
MPLKIP	911
MPND	292
MPO	6
MPP1	437
MPP2	1097
MPP3	1204
MPP4	102
MPP7	24744
MPP7-DT	24
MPPE1	1230
MPPED1	801
MPPED2	9744
MPPED2-AS1	291
MPRIP	17636
MPRIP-AS1	14
MPST	618
MPV17	1230
MPV17L2	32
MPZ	163
MPZL1	5358
MPZL2	2013
MPZL3	2083
MR1	929
MRAP	36
MRAP-AS1	34
MRAP2	347
MRAS	1322
MRC1	681
MRC2	2615
MRE11	5793
MREG	3576
MRFAP1	369
MRFAP1L1	542
MRFAP1L2	221
MRGBP	345
MRGPRD	2
MRGPRE	20
MRGPRF	706
MRGPRF-AS1	225
MRGPRG	2
MRGPRG-AS1	2
MRGPRX1	4
MRGPRX2	45
MRGPRX3	181
MRGPRX4	0
MRI1	1321
MRLN	116
MRM1	121
MRM3	453
MRM3-AS1	46
MRNIP	2605
MRNIP-DT	67
MRO	35
MROCKI	44
MROH1	5538
MROH2A	70
MROH2B	120
MROH5	236
MROH6	427
MROH7	4
MROH7-TTC4	479
MROH8	1462
MROH9	766
MRPL1	4887
MRPL10	170
MRPL11	256
MRPL13	1952
MRPL14	734
MRPL15	603
MRPL16	467
MRPL17	144
MRPL18	535
MRPL19	1572
MRPL2	96
MRPL20	1457
MRPL20-AS1	82
MRPL20-DT	90
MRPL21	732
MRPL22	1545
MRPL23	154
MRPL23-AS1	37
MRPL24	215
MRPL27	456
MRPL28	96
MRPL3	3076
MRPL32	685
MRPL33	2787
MRPL34	239
MRPL35	466
MRPL36	56
MRPL37	970
MRPL39	1798
MRPL4	327
MRPL40	65
MRPL41	143
MRPL42	3007
MRPL43	235
MRPL44	276
MRPL45	972
MRPL46	1
MRPL47	672
MRPL48	2253
MRPL49	150
MRPL50	441
MRPL51	111
MRPL52	970
MRPL54	135
MRPL55	242
MRPL57	159
MRPL58	319
MRPL9	317
MRPS10	982
MRPS11	561
MRPS12	69
MRPS14	797
MRPS15	564
MRPS16	757
MRPS18A	1046
MRPS18B	506
MRPS18C	1300
MRPS2	126
MRPS21	1198
MRPS22	1847
MRPS23	570
MRPS25	2122
MRPS26	189
MRPS27	3017
MRPS28	5
MRPS30	1113
MRPS30-DT	1728
MRPS31	5189
MRPS33	183
MRPS34	135
MRPS35	2332
MRPS35-DT	33
MRPS36	732
MRPS5	0
MRPS6	7
MRPS7	368
MRPS9	2814
MRPS9-AS1	25
MRPS9-AS2	201
MRRF	3401
MRS2	2966
MRTFA	17122
MRTFA-AS1	33
MRTFA-AS2	3
MRTFB	18441
MRTO4	601
MS4A1	21
MS4A10	9
MS4A12	16
MS4A13	91
MS4A14	33
MS4A15	58
MS4A18	13
MS4A2	13
MS4A3	19
MS4A4A	195
MS4A4E	217
MS4A5	88
MS4A6A	174
MS4A6E	324
MS4A8	2948
MSANTD1	245
MSANTD2	3554
MSANTD2-AS1	320
MSANTD3	228
MSANTD3-TMEFF1	172
MSANTD4	858
MSANTD7	1
MSC	43
MSC-AS1	6737
MSGN1	1
MSH2	6994
MSH3	8141
MSH4	640
MSH5	7
MSH6	3079
MSI1	440
MSI2	29666
MSI2-AS1	21
MSL1	4431
MSL2	3790
MSL3	1302
MSL3-DT	793
MSLN	356
MSLNL	139
MSMB	42
MSMO1	2919
MSMP	16
MSN	3327
MSR1	1187
MSRA	6219
MSRB1	93
MSRB2	990
MSRB3	29880
MSRB3-AS1	253
MSS51	407
MST1	334
MST1R	200
MSTN	83
MSTO1	1425
MSX1	46
MSX2	34
MT-ATP6	386
MT-ATP8	153
MT-CO1	1119
MT-CO2	393
MT-CO3	454
MT-CYB	769
MT-ND1	461
MT-ND2	390
MT-ND3	177
MT-ND4	1065
MT-ND4L	213
MT-ND5	1216
MT-ND6	544
MT1A	3
MT1B	0
MT1E	29
MT1F	6
MT1G	7
MT1H	6
MT1M	2
MT2A	35
MT3	2
MT4	6
MTA1	2152
MTA1-DT	55
MTA2	717
MTA3	10449
MTARC1	6
MTARC2	2486
MTBP	2387
MTCH1	2222
MTCH2	2169
MTCL1	20066
MTCP1	207
MTDH	13793
MTERF1	4995
MTERF2	1821
MTERF3	791
MTERF4	2564
MTF1	1321
MTF2	10802
MTFMT	1924
MTFP1	0
MTFR1	4542
MTFR1L	454
MTFR2	99
MTG1	165
MTG2	1384
MTHFD1	1696
MTHFD1L	7819
MTHFD2	173
MTHFD2L	2597
MTHFR	1685
MTHFS	115
MTHFSD	1346
MTIF2	1504
MTIF3	2227
MTLN	97
MTM1	3968
MTMR1	6708
MTMR10	5882
MTMR11	823
MTMR12	7244
MTMR14	2014
MTMR2	5412
MTMR3	17719
MTMR4	2131
MTMR6	1902
MTMR7	1867
MTMR8	3397
MTMR9	1886
MTMR9-AS1	8
MTNR1A	0
MTNR1B	18
MTO1	1890
MTOR	5143
MTOR-AS1	8
MTPAP	2110
MTPN	2298
MTR	14318
MTRES1	1067
MTREX	11712
MTRF1	1654
MTRF1L	838
MTRFR	958
MTRR	1639
MTSS1	14947
MTSS2	5514
MTTP	174
MTTP-AS1	197
MTURN	2638
MTUS1	15045
MTUS1-DT	1531
MTUS2	14100
MTUS2-AS1	26
MTUS2-AS2	11
MTX1	153
MTX2	10029
MTX3	1883
MUC1	454
MUC12	104
MUC12-AS1	28
MUC13	249
MUC15	1317
MUC16	28282
MUC17	68
MUC19	191
MUC2	70
MUC20	73
MUC20-OT1	31485
MUC21	178
MUC22	70
MUC3A	127
MUC4	15793
MUC5AC	2808
MUC5B	1152
MUC5B-AS1	38
MUC6	5453
MUC7	60
MUCL1	62
MUCL3	75
MUL1	220
MUS81	751
MUSK	408
MUTYH	2
MVB12A	537
MVB12B	6193
MVD	645
MVK	659
MVP	1546
MVP-DT	265
MX1	876
MX1-AS1	16
MX2	569
MXD1	4079
MXD3	387
MXD4	1096
MXI1	9614
MXRA5	725
MXRA7	3917
MXRA8	590
MYADM	870
MYADM-AS1	456
MYADM-AS2	5
MYADML2	16
MYB	1485
MYB-AS1	0
MYBBP1A	1205
MYBL1	804
MYBL2	548
MYBPC1	5181
MYBPC2	202
MYBPC3	100
MYBPH	65
MYBPHL	45
MYC	387
MYCBP2	33306
MYCBP2-AS1	3
MYCBPAP	853
MYCL	165
MYCL-AS1	2
MYCN	154
MYCNOS	42
MYCNUT	30
MYCT1	321
MYD88	143
MYDGF	663
MYEF2	4110
MYEOV	85
MYF5	24
MYF6	42
MYG1-AS1	10
MYH1	70
MYH10	16587
MYH11	375328
MYH13	374
MYH14	13757
MYH15	438
MYH2	216
MYH3	16108
MYH4	20
MYH6	81
MYH7	1157
MYH7B	827
MYH8	2223
MYH9	27253
MYH9-DT	389
MYHAS	155
MYL1	411
MYL10	33
MYL12-AS1	19
MYL12A	825
MYL12B	1041
MYL2	119
MYL3	365
MYL4	267
MYL5	192
MYL6	4603
MYL6B	346
MYL6B-AS1	203
MYL7	8
MYL9	10634
MYLIP	1681
MYLK	35673
MYLK-AS1	1128
MYLK-AS2	14
MYLK2	50
MYLK3	357
MYLK4	788
MYLPF	291
MYMK	27
MYMX	6
MYNN	1792
MYO10	10505
MYO15A	332
MYO15B	7649
MYO16	3808
MYO16-AS1	742
MYO18A	6184
MYO18B	2295
MYO18B-AS1	34
MYO19	4057
MYO1A	80
MYO1B	11017
MYO1B-AS1	221
MYO1C	3120
MYO1D	20790
MYO1D-AS1	167
MYO1D-DT	22
MYO1E	18207
MYO1F	476
MYO1G	48
MYO1H	305
MYO3A	3249
MYO3B	2467
MYO3B-AS1	138
MYO5A	6194
MYO5B	15959
MYO5C	8078
MYO6	21361
MYO7A	291
MYO7B	217
MYO7B-AS1	42
MYO9A	37866
MYO9A-AS1	1057
MYO9B	8577
MYOC	52
MYOCD	9286
MYOCD-AS1	151
MYOCOS	83
MYOD1	7
MYOF	30805
MYOG	27
MYOM1	12596
MYOM2	2791
MYOM3	584
MYORG	101
MYOSLID	216
MYOT	452
MYOZ1	36
MYOZ2	704
MYOZ3	121
MYOZ3-AS1	5
MYPN	1067
MYPOP	475
MYREM	296
MYRF	1179
MYRF-AS1	39
MYRFL	254
MYRIP	4600
MYSM1	11468
MYT1	716
MYT1L	3334
MYT1L-AS1	10
MYT1L-AS2	12
MZB1	36
MZF1	1685
MZF1-AS1	625
MZT1	323
MZT2A	833
MZT2B	413
N4BP1	8912
N4BP2	7544
N4BP2L1	3759
N4BP2L2	29785
N4BP3	966
N6AMT1	1493
NAA10	0
NAA11	117
NAA15	9473
NAA16	10548
NAA20	1544
NAA25	8429
NAA30	2178
NAA35	11370
NAA38	2315
NAA40	1675
NAA50	8151
NAAA	832
NAALAD2	1813
NAALADL1	87
NAALADL2	90483
NAALADL2-AS1	45
NAALADL2-AS2	111
NAALADL2-AS3	74
NAB1	6824
NAB2	1121
NABP1	1277
NABP2	155
NACA	1237
NACA2	19
NACAD	142
NACC1	493
NACC1-AS1	14
NACC2	3318
NADK	1227
NADK2	6374
NADK2-AS1	4
NADSYN1	2352
NAE1	3688
NAF1	3527
NAF1-AS1	15
NAGA	283
NAGK	2370
NAGLU	5
NAGPA	154
NAGS	43
NAIF1	151
NAIP	184
NALCN	2683
NALCN-AS1	832
NALF1	10022
NALF2	28
NALT1	652
NAMA	71
NAMPT	9797
NAMPT-AS1	19
NANOG	17
NANOGNB	16
NANOGP11	0
NANOGP8	23
NANOS1	17
NANOS2	0
NANOS3	197
NANP	242
NANS	1119
NAP1L1	11800
NAP1L2	41
NAP1L3	58
NAP1L4	16512
NAP1L5	84
NAPA	1850
NAPA-AS1	220
NAPB	3803
NAPEPLD	2997
NAPG	3652
NAPRT	321
NAPSA	48
NARF	4281
NARF-AS1	6
NARF-AS2	43
NARS1	1961
NARS2	5341
NARS2-AS1	53
NASP	6449
NAT1	346
NAT10	2265
NAT14	72
NAT16	25
NAT2	11
NAT8	11
NAT8B	0
NAT8L	29
NAT9	475
NATD1	75
NAV1	10119
NAV2	40042
NAV2-AS1	10
NAV2-AS2	25
NAV2-AS3	20
NAV2-AS4	6
NAV2-AS5	3
NAV2-AS6	13
NAV3	34351
NAV3-AS1	109
NAXD	2007
NAXD-AS1	12
NAXE	333
NBAS	27654
NBAT1	75
NBDY	4260
NBEA	37104
NBEAL1	23773
NBEAL2	7053
NBL1	134
NBN	3402
NBPF1	3271
NBPF10	2071
NBPF11	3383
NBPF12	5299
NBPF14	2404
NBPF15	4956
NBPF20	1030
NBPF26	3180
NBPF3	1716
NBPF4	3
NBPF6	3
NBPF8	2532
NBPF9	1812
NBR1	5901
NBR2	1690
NCAL1	536
NCALD	27607
NCAM1	18956
NCAM1-AS1	10
NCAM1-AS2	58
NCAM2	21100
NCAN	116
NCAPD2	2426
NCAPD3	2397
NCAPG	1893
NCAPG2	3285
NCAPH	588
NCAPH2	577
NCBP1	3156
NCBP2	551
NCBP2-AS1	22
NCBP2AS2	43
NCBP2L	93
NCBP3	6084
NCCRP1	112
NCDN	281
NCEH1	1525
NCF1	30
NCF2	166
NCF4	59
NCF4-AS1	27
NCK1	6399
NCK1-DT	1070
NCK2	8410
NCK2-AS1	46
NCKAP1	28180
NCKAP1L	713
NCKAP5	25201
NCKAP5-AS1	41
NCKAP5-AS2	226
NCKAP5L	1661
NCKIPSD	625
NCL	5389
NCLN	870
NCMAP	330
NCMAP-DT	94
NCOA1	35717
NCOA2	45011
NCOA3	17242
NCOA4	1335
NCOA5	1828
NCOA6	13146
NCOA7	6341
NCOA7-AS1	99
NCOR1	26638
NCOR2	15675
NCOR2-AS1	46
NCR1	107
NCR2	5
NCR3	7
NCR3LG1	235
NCRNA00250	34
NCS1	5258
NCSTN	814
NDC1	1915
NDC80	1290
NDE1	5223
NDEL1	6449
NDFIP1	7211
NDFIP2	9723
NDFIP2-AS1	7
NDN	56
NDNF	728
NDNF-AS1	31
NDOR1	875
NDP	41
NDP-AS1	47
NDRG1	35860
NDRG2	3222
NDRG3	2294
NDRG4	437
NDST1	3317
NDST1-AS1	124
NDST2	4
NDST3	629
NDST4	569
NDUFA1	482
NDUFA10	8752
NDUFA11	3
NDUFA12	1243
NDUFA13	5
NDUFA2	142
NDUFA3	657
NDUFA4	1068
NDUFA4L2	85
NDUFA5	2463
NDUFA6	251
NDUFA6-DT	1614
NDUFA8	570
NDUFAB1	845
NDUFAF1	732
NDUFAF2	7951
NDUFAF3	93
NDUFAF4	304
NDUFAF5	3587
NDUFAF6	5622
NDUFAF7	1857
NDUFAF8	243
NDUFB1	1313
NDUFB10	207
NDUFB11	96
NDUFB2	906
NDUFB2-AS1	32
NDUFB3	281
NDUFB4	1029
NDUFB5	1
NDUFB6	1362
NDUFB7	510
NDUFB8	4
NDUFB9	590
NDUFC1	1036
NDUFC2-KCTD14	178
NDUFS1	8682
NDUFS2	1894
NDUFS3	366
NDUFS4	8008
NDUFS5	578
NDUFS6	646
NDUFS7	836
NDUFS7-AS1	50
NDUFS8	471
NDUFV1	1391
NDUFV1-DT	4
NDUFV2	7
NDUFV2-AS1	397
NDUFV3	3484
NEAT1	111156
NEB	10972
NEBL	27316
NEBL-AS1	11
NECAB1	1005
NECAB2	97
NECAB3	647
NECAP1	20
NECAP2	1144
NECTIN1	7989
NECTIN1-AS1	64
NECTIN1-DT	148
NECTIN2	5926
NECTIN3	7256
NECTIN3-AS1	788
NECTIN4	4632
NECTIN4-AS1	14
NEDD1	4155
NEDD4	6946
NEDD4L	23249
NEDD4L-AS1	2
NEDD8-MDP1	7
NEDD9	3317
NEFH	68
NEFL	22
NEFM	43
NEGR1	49423
NEIL1	987
NEIL1-AS1	16
NEIL2	307
NEIL3	930
NEIL3-AS1	50
NEK1	15611
NEK10	29808
NEK11	13751
NEK11-AS1	18
NEK2	123
NEK2-DT	1005
NEK3	1642
NEK4	2968
NEK5	4889
NEK6	3391
NEK7	16316
NEK8	329
NEK9	4687
NELFA	2893
NELFB	1042
NELFCD	2653
NELFE	873
NELL1	14684
NELL1-AS1	3
NELL1-AS2	0
NELL2	6959
NEMF	18405
NEMP1	3545
NEMP2	1083
NEMP2-DT	861
NENF	518
NEO1	13082
NEPRO	1532
NEPRO-AS1	1302
NES	912
NET1	6529
NETO1	118
NETO1-DT	6
NETO2	1585
NEU1	234
NEU2	4
NEU3	630
NEU4	21
NEUID	91
NEURL1	563
NEURL1-AS1	91
NEURL1B	6632
NEURL2	76
NEURL3	29
NEURL4	462
NEUROD1	1
NEUROD1-DT	7
NEUROD2	40
NEUROD4	8
NEUROD6	2
NEUROG1	2
NEUROG2	3
NEUROG2-AS1	92
NEUROG3	2
NEXMIF	4719
NEXN	16697
NEXN-AS1	192
NF1	31462
NF2	2725
NFAM1	214
NFASC	7320
NFAT5	30341
NFATC1	2156
NFATC2	2680
NFATC2IP	2640
NFATC2IP-AS1	148
NFATC3	5283
NFATC4	1230
NFE2	16
NFE2L1	1936
NFE2L1-DT	56
NFE2L2	11241
NFE2L3	357
NFE4	45
NFIA	69001
NFIA-AS1	12
NFIA-AS2	1163
NFIB	35585
NFIB-AS1	466
NFIC	8419
NFIL3	699
NFILZ	104
NFIX	5053
NFIX-AS1	2
NFKB1	7098
NFKB1-AS1	32
NFKB2	1311
NFKBIA	1531
NFKBIB	170
NFKBID	688
NFKBIE	116
NFKBIL1	325
NFKBIZ	4427
NFRKB	3553
NFS1	595
NFU1	2353
NFX1	10192
NFXL1	4888
NFYA	2238
NFYB	1351
NFYC	6907
NFYC-AS1	128
NGB	34
NGDN	1801
NGEF	621
NGF	1058
NGF-AS1	224
NGFR	341
NGFR-AS1	92
NGLY1	3981
NHEG1	23
NHEJ1	57
NHIP	25
NHLH1	7
NHLH2	22
NHLRC1	11
NHLRC2	9817
NHLRC3	2671
NHP2	323
NHS	17008
NHS-AS1	538
NHSL1	23566
NHSL1-AS1	230
NHSL2	10556
NIBAN1	13329
NIBAN2	6916
NIBAN3	210
NID1	19694
NID2	2781
NIF3L1	531
NIFK	849
NIFK-AS1	2179
NIM1K	563
NIN	6794
NINJ1	239
NINJ2	1951
NINJ2-AS1	182
NINL	8650
NIP7	130
NIPA1	2184
NIPA2	1699
NIPAL1	2041
NIPAL2	3699
NIPAL3	3201
NIPAL4	277
NIPBL	41905
NIPBL-DT	665
NIPSNAP1	1035
NIPSNAP2	6455
NIPSNAP3A	491
NIPSNAP3B	462
NISCH	5453
NIT1	590
NIT2	1177
NKAIN1	571
NKAIN2	14741
NKAIN3	15662
NKAIN4	412
NKAP	1162
NKAPD1	927
NKAPL	46
NKD1	6346
NKD1-AS1	38
NKD2	259
NKG7	2
NKILA	25
NKIRAS1	1347
NKIRAS2	264
NKPD1	85
NKRF	449
NKTR	27800
NKX1-1	1
NKX1-2	3
NKX2-2	18
NKX2-2-AS1	0
NKX2-3	22
NKX2-4	2
NKX2-5	5
NKX2-6	11
NKX2-8	4
NKX3-1	23
NKX3-2	54
NKX6-1	1228
NKX6-2	3
NKX6-3	5
NLE1	146
NLGN1	77930
NLGN1-AS1	21
NLGN2	1021
NLGN3	209
NLGN4X	4710
NLGN4Y	14050
NLGN4Y-AS1	5
NLK	8017
NLN	1769
NLRC3	178
NLRC4	92
NLRC5	695
NLRP1	1017
NLRP10	27
NLRP11	82
NLRP12	221
NLRP13	40
NLRP14	94
NLRP2	387
NLRP2B	4
NLRP3	1
NLRP4	56
NLRP5	424
NLRP6	11
NLRP7	213
NLRP8	95
NLRP9	92
NLRX1	514
NMB	31
NMBR	499
NMBR-AS1	8
NMD3	6881
NME1-NME2	79
NME3	190
NME4	441
NME5	1531
NME6	670
NME7	10394
NME9	924
NMI	670
NMNAT1	1296
NMNAT2	1671
NMNAT3	2934
NMRAL1	1182
NMRK1	1326
NMRK2	37
NMS	11
NMT1	4777
NMT2	3884
NMU	2691
NMUR1	55
NMUR2	105
NNAT	117
NNMT	237
NNT	8639
NNT-AS1	1977
NOA1	657
NOB1	572
NOBOX	107
NOC2L	1205
NOC3L	1514
NOC4L	176
NOCT	382
NOD1	2155
NOD2	997
NODAL	58
NOG	23
NOL10	6400
NOL11	1997
NOL12	69
NOL3	624
NOL4	1392
NOL4L	2672
NOL4L-AS1	13
NOL4L-DT	54
NOL6	403
NOL7	1865
NOL8	3223
NOL9	1670
NOLC1	621
NOM1	2452
NOMO1	924
NOMO2	494
NOMO3	349
NONO	3952
NOP10	108
NOP14	1719
NOP14-AS1	534
NOP16	125
NOP53	818
NOP53-AS1	157
NOP56	1917
NOP58	9291
NOP9	201
NOPCHAP1	1081
NORAD	3534
NOS1	1752
NOS1AP	12254
NOS2	76
NOS3	282
NOSIP	976
NOSTRIN	1242
NOTCH1	2629
NOTCH2	12688
NOTCH2NLR	0
NOTCH3	5525
NOTCH4	826
NOTO	16
NOTUM	68
NOVA1	8555
NOVA1-DT	9
NOVA2	409
NOX1	114
NOX3	56
NOX4	1645
NOX5	46
NOXA1	1452
NOXO1	32
NOXRED1	345
NPAS1	237
NPAS2	15764
NPAS2-AS1	15
NPAS3	16893
NPAS4	141
NPAT	5556
NPB	17
NPBWR1	12
NPBWR2	6
NPC1	6586
NPC1L1	126
NPC2	1084
NPDC1	397
NPEPL1	182
NPEPPS	20319
NPFFR1	97
NPFFR2	326
NPHP1	4584
NPHP3-ACAD11	418
NPHP3-AS1	328
NPHP4	2327
NPHS1	152
NPHS2	24
NPIPA1	1247
NPIPA2	11
NPIPA3	5
NPIPA5	162
NPIPA6	425
NPIPA7	59
NPIPA9	151
NPIPB11	622
NPIPB13	469
NPIPB15	313
NPIPB2	612
NPIPB3	259
NPIPB4	2539
NPIPB5	647
NPIPB6	141
NPIPB8	389
NPIPB9	46
NPL	847
NPLOC4	4743
NPM1	4136
NPM2	124
NPM3	36
NPNT	5022
NPNT-AS1	11
NPPA	16
NPPB	0
NPPC	44
NPR1	221
NPR2	623
NPR3	1454
NPRL2	426
NPRL3	3243
NPS	4
NPSR1	611
NPSR1-AS1	708
NPTN	16156
NPTX1	103
NPTX2	67
NPTXR	234
NPVF	0
NPW	101
NPY	82
NPY1R	83
NPY2R-AS1	9
NPY4R	2
NPY4R2	1
NPY5R	25
NQO1	152
NQO1-AS1	28
NQO1-DT	298
NQO2	991
NQO2-AS1	75
NR0B1	15
NR0B2	26
NR1D1	925
NR1D2	5533
NR1H2	720
NR1H3	679
NR1H4	369
NR1I2	38
NR1I3	75
NR2C1	6298
NR2C2	7462
NR2C2AP	54
NR2E1	35
NR2E3	326
NR2F1	1332
NR2F1-AS1	9009
NR2F2	2331
NR2F2-AS1	21291
NR2F6	550
NR3C1	13642
NR3C2	31685
NR3C2-AS1	430
NR3C2-DT	6367
NR4A1	4819
NR4A1AS	7
NR4A2	1304
NR4A3	1352
NR5A1	22
NR5A2	1315
NR6A1	13991
NRAD1	233
NRAL	1
NRAP	457
NRARP	245
NRAS	489
NRAV	594
NRBF2	467
NRBP1	2212
NRBP2	1690
NRCAM	2919
NRDC	12374
NRDE2	3048
NREP	14102
NREP-AS1	160
NRF1	9672
NRG1	15905
NRG2	4106
NRG2-AS1	16
NRG3	15672
NRG3-AS1	4
NRG4	4052
NRGN	50
NRGN-AS1	14
NRIP1	7578
NRIP2	68
NRIP3	496
NRIP3-DT	188
NRIR	65
NRK	10931
NRL	266
NRM	65
NRN1	106
NRN1L	9
NRP1	12069
NRP2	15775
NRP2-AS1	35
NRROS	0
NRSN1	360
NRSN2	379
NRSN2-AS1	2570
NRTN	995
NRXN1	44001
NRXN1-DT	2085
NRXN2	1205
NRXN2-AS1	64
NRXN3	52872
NRXN3-AS1	3
NRXN3-AS2	4
NRXN3-AS3	39
NSA2	1079
NSD1	15827
NSD2	12108
NSD3	21906
NSDHL	768
NSF	2569
NSFL1C	1978
NSG1	247
NSG2	588
NSG2-AS1	2
NSL1	4022
NSMAF	5512
NSMCE1	1160
NSMCE1-DT	397
NSMCE2	19384
NSMCE4A	2805
NSMF	600
NSRP1	9315
NSUN2	3848
NSUN3	3182
NSUN4	1305
NSUN5	188
NSUN6	11593
NSUN7	11388
NSUN7-AS1	112
NT5C	270
NT5C1A	104
NT5C1B-RDH14	7
NT5C2	29106
NT5C3A	5262
NT5C3B	769
NT5DC1	6855
NT5DC2	309
NT5DC3	5813
NT5DC4	46
NT5E	423
NT5M	892
NTAN1	755
NTAQ1	975
NTF3	2347
NTHL1	311
NTM	23700
NTM-AS1	134
NTM-AS2	194
NTM-AS3	48
NTM-AS4	42
NTMT1	393
NTMT2	104
NTN1	28325
NTN3	23
NTN4	4402
NTN5	196
NTNG1	7595
NTNG2	175
NTPCR	1758
NTRK1	169
NTRK2	4884
NTRK3	4053
NTRK3-AS1	64
NTS	45
NTSR1	200
NTSR1-AS1	2
NTSR2	118
NUAK1	1174
NUAK2	494
NUB1	3556
NUBP1	888
NUBP2	274
NUBPL	11950
NUBPL-DT	26
NUCB1	1891
NUCB1-AS1	78
NUCB2	4943
NUCKS1	11032
NUDC	2312
NUDCD1	2340
NUDCD2	478
NUDCD3	6134
NUDT1	108
NUDT10	48
NUDT11	61
NUDT12	718
NUDT13	380
NUDT14	7
NUDT15	89
NUDT16	355
NUDT16-DT	1347
NUDT16L1	64
NUDT17	139
NUDT18	14
NUDT19	1547
NUDT19-DT	31
NUDT2	715
NUDT21	113
NUDT22	953
NUDT3	570
NUDT4	4511
NUDT5	1734
NUDT6	537
NUDT7	286
NUDT8	40
NUDT9	2680
NUF2	1396
NUFIP1	927
NUFIP2	10027
NUGGC	204
NUMA1	14291
NUMA1-AS1	84
NUMB	16180
NUMBL	1418
NUP107	4526
NUP107-DT	104
NUP133	3759
NUP133-DT	23
NUP153	10069
NUP153-AS1	20
NUP155	2113
NUP160	8726
NUP188	2841
NUP205	6371
NUP210	1582
NUP210L	822
NUP214	7278
NUP214-AS1	47
NUP35	2554
NUP37	1603
NUP42	2232
NUP43	1786
NUP50	3316
NUP50-DT	2639
NUP54	4413
NUP54-DT	354
NUP58	5384
NUP62CL	864
NUP85	2970
NUP88	5898
NUP93	3002
NUP93-DT	266
NUP98	10201
NUPR1	172
NUPR2	6
NUS1	3461
NUSAP1	6
NUTF2	742
NUTM1	91
NUTM2A	14
NUTM2A-AS1	10730
NUTM2B	7
NUTM2B-AS1	9658
NUTM2D	11
NUTM2E	220
NUTM2F	19
NUTM2G	51
NVL	5982
NWD1	1915
NWD2	8086
NXF1	1591
NXF2	23
NXF3	134
NXN	35577
NXN-AS1	32
NXNL1	0
NXNL2	448
NXPE1	73
NXPE2	72
NXPE3	1428
NXPE4	15
NXPH1	580
NXPH2	452
NXPH3	36
NXPH4	35
NXT1	66
NXT1-AS1	49
NXT2	56
NYAP1	173
NYAP2	1368
NYNRIN	2147
NYX	51
OAF	1059
OARD1	1573
OAS1	1161
OAS2	323
OAS3	509
OASL	32
OAT	1340
OAZ2	3143
OAZ3	32
OBI1	1836
OBI1-AS1	1406
OBP2A	1
OBP2B	1
OBSCN	7512
OBSCN-AS1	135
OBSCN-AS2	34
OBSL1	1227
OCA2	2178
OCEL1	92
OCIAD1	7898
OCIAD1-AS1	70
OCIAD2	642
OCLN	5598
OCM	52
OCM2	24
OCRL	2330
OCSTAMP	9
ODAD1	1788
ODAD2	7431
ODAD3	442
ODAD4	1173
ODAM	16
ODAPH	66
ODC1	639
ODC1-DT	97
ODF1	29
ODF2	3094
ODF2-AS1	8
ODF2L	14461
ODF3	7
ODF3B	296
ODF3L1	46
ODF3L2	60
ODF4	25
ODR4	5271
OFD1	8980
OGA	27531
OGDH	7981
OGDHL	103
OGFOD1	1879
OGFOD2	13
OGFOD3	991
OGFR	991
OGFR-AS1	29
OGFRL1	1553
OGFRP1	51
OGG1	1460
OGN	1107
OGT	20611
OIP5	450
OIP5-AS1	2
OIT3	183
OLA1	8624
OLAH	143
OLFM1	204
OLFM2	1513
OLFM3	1038
OLFM4	38
OLFML1	407
OLFML2A	994
OLFML2B	1875
OLFML3	514
OLIG1	12
OLIG2	2
OLIG3	4
OLMALINC	1781
OLR1	56
OMA1	3
OMD	98
OMG	172
ONECUT1	82
ONECUT2	65
ONECUT3	159
OOEP	308
OOEP-AS1	63
OOSP1	2
OOSP2	9
OOSP3	32
OOSP4B	45
OPA1	10143
OPA1-AS1	23
OPA3	1088
OPALIN	17
OPCML	4944
OPHN1	10544
OPLAH	116
OPN1LW	23
OPN1MW	12
OPN1SW	21
OPN3	571
OPN5	139
OPRD1	366
OPRK1	29
OPRL1	83
OPRM1	874
OPRPN	10
OPTC	51
OPTN	3712
OR10A2	10
OR10A3	9
OR10A4	2
OR10A5	0
OR10A6	1
OR10A7	0
OR10AC1	28
OR10AD1	1
OR10AG1	0
OR10C1	2
OR10D3	2
OR10G3	12
OR10G4	5
OR10G6	0
OR10G7	3
OR10G8	5
OR10G9	1
OR10H1	23
OR10H2	0
OR10H3	9
OR10H4	2
OR10H5	37
OR10J1	2
OR10J3	1
OR10J4	0
OR10K1	28
OR10K2	106
OR10Q1	0
OR10R2	13
OR10S1	1
OR10W1	0
OR10X1	0
OR10Z1	8
OR11A1	21
OR11G2	159
OR11H2	3
OR11H4	3
OR11H6	3
OR11H7	0
OR11L1	0
OR12D1	5
OR12D2	0
OR13A1	12
OR13C2	0
OR13C3	0
OR13C4	0
OR13C5	3
OR13C8	0
OR13C9	3
OR13F1	1
OR13G1	6
OR13H1	0
OR13J1	0
OR14A16	5
OR14C36	0
OR14J1	11
OR14L1P	2
OR1A1	12
OR1B1	3
OR1C1	4
OR1D2	6
OR1E1	0
OR1E2	0
OR1I1	22
OR1J1	0
OR1K1	4
OR1L1	0
OR1L3	0
OR1L4	0
OR1L6	8
OR1L8	38
OR1M1	29
OR1N1	1
OR1R1P	0
OR1S1	1
OR1S2	0
OR2A1	8
OR2A12	7
OR2A14	48
OR2A2	0
OR2A25	5
OR2A42	6
OR2A5	5
OR2AE1	0
OR2AG1	12
OR2AG2	22
OR2AJ1	6
OR2AK2	0
OR2AP1	3
OR2B11	7
OR2B3	0
OR2B6	0
OR2C1	6
OR2C3	48
OR2D3	1
OR2F1	107
OR2F2	3
OR2G2	2
OR2G3	0
OR2G6	6
OR2H1	2
OR2H2	13
OR2I1P	7
OR2J1	4
OR2J2	5
OR2J3	5
OR2K2	5
OR2L13	9
OR2L2	38
OR2L3	33
OR2L5	46
OR2L8	4
OR2M2	5
OR2M3	12
OR2M4	14
OR2M5	4
OR2M7	1
OR2S2	1
OR2T1	4
OR2T10	1
OR2T11	3
OR2T12	7
OR2T2	6
OR2T27	3
OR2T29	0
OR2T3	0
OR2T33	2
OR2T34	0
OR2T35	3
OR2T4	0
OR2T6	15
OR2T7	2
OR2T8	6
OR2V1	11
OR2V2	55
OR2W1-AS1	39
OR2W3	0
OR2Y1	0
OR2Z1	10
OR3A2	323
OR3A3	15
OR4A15	0
OR4A16	0
OR4A47	2
OR4A5	0
OR4B1	0
OR4C11	0
OR4C3	0
OR4C45	0
OR4C5	0
OR4C6	3
OR4D1	5
OR4D10	13
OR4D11	3
OR4D2	14
OR4D5	1
OR4D6	0
OR4D9	26
OR4E1	3
OR4E2	8
OR4F15	56
OR4F17	0
OR4F6	0
OR4K1	6
OR4K13	5
OR4K14	3
OR4K17	6
OR4K2	3
OR4K3	0
OR4K5	0
OR4L1	2
OR4N2	87
OR4N5	4
OR4P4	0
OR4Q2	1
OR4S2	2
OR4X1	1
OR4X2	2
OR51A4	2
OR51B6	0
OR51D1	15
OR51E1	45
OR51E2	9
OR51F1	0
OR51G1	0
OR51G2	5
OR51I2	46
OR51L1	6
OR51M1	5
OR51Q1	0
OR51S1	0
OR51V1	0
OR52A1	58
OR52A5	21
OR52B4	3
OR52B6	0
OR52D1	0
OR52E1	2
OR52E2	0
OR52E4	7
OR52E5	24
OR52I1	1
OR52I2	6
OR52J3	0
OR52K1	14
OR52K2	0
OR52L1	0
OR52M1	0
OR52N2	28
OR52N4	0
OR52R1	0
OR52W1	0
OR56A1	23
OR56A3	25
OR56A4	27
OR56A5	0
OR56B1	4
OR56B2P	2
OR56B4	1
OR5A1	26
OR5A2	5
OR5AC1	0
OR5AC2	0
OR5AK3P	0
OR5AL1	1
OR5AN1	16
OR5AP2	0
OR5AR1	0
OR5AS1	15
OR5AU1	0
OR5B12	1
OR5B17	4
OR5B2	8
OR5B21	2
OR5B3	1
OR5BS1P	31
OR5C1	0
OR5D13	0
OR5D14	0
OR5D16	0
OR5D18	0
OR5D3P	1
OR5F1	0
OR5G3	1
OR5H1	4
OR5H14	5
OR5H15	2
OR5I1	0
OR5J2	0
OR5K1	9
OR5K2	0
OR5L1	3
OR5L2	0
OR5M1	5
OR5M11	3
OR5M8	0
OR5T1	0
OR5T2	2
OR5T3	0
OR5V1	49
OR5W2	0
OR6A2	20
OR6B1	9
OR6B2	0
OR6B3	0
OR6C1	7
OR6C2	433
OR6C3	1
OR6C4	9
OR6C6	2
OR6C65	0
OR6C68	0
OR6C74	6
OR6C75	3
OR6C76	7
OR6J1	46
OR6K2	0
OR6K3	1
OR6K6	0
OR6M1	0
OR6N1	17
OR6N2	5
OR6P1	8
OR6S1	0
OR6T1	4
OR6V1	0
OR6X1	0
OR6Y1	150
OR7A10	19
OR7A17	6
OR7C1	91
OR7D2	52
OR7D4	10
OR7E24	2
OR7G1	0
OR7G2	40
OR7G3	0
OR8A1	201
OR8B12	3
OR8B2	0
OR8B3	0
OR8B4	3
OR8B8	8
OR8D1	9
OR8D2	0
OR8D4	25
OR8G1	10
OR8G3P	10
OR8G5	6
OR8H1	3
OR8H2	3
OR8I2	0
OR8J1	3
OR8J2	4
OR8J3	4
OR8K1	0
OR8K3	2
OR8K5	0
OR8S1	3
OR8U1	1
OR9A1P	1
OR9A2	4
OR9G1	9
OR9G4	7
OR9H1P	28
OR9I1	8
OR9K2	2
OR9Q1	235
OR9Q2	4
ORAI1	338
ORAI2	374
ORC1	465
ORC2	5990
ORC3	5481
ORC4	10083
ORC5	4088
ORC6	468
ORM1	2
ORM2	3
ORMDL1	1628
ORMDL2	91
ORMDL3	443
OS9	2127
OS9-AS1	153
OSBP	3155
OSBP2	2478
OSBPL10	8067
OSBPL10-AS1	22
OSBPL11	2513
OSBPL1A	8660
OSBPL2	4376
OSBPL3	9483
OSBPL5	3036
OSBPL6	2426
OSBPL7	698
OSBPL8	15078
OSBPL9	12736
OSCAR	52
OSCP1	1320
OSER1	1030
OSER1-DT	355
OSGEP	1428
OSGEPL1	583
OSGEPL1-AS1	118
OSGIN1	102
OSGIN2	1010
OSM	13
OSMR	1940
OSMR-DT	2912
OSR1	323
OSR2	421
OST4	302
OSTC	1791
OSTF1	3968
OSTM1	1243
OSTM1-AS1	115
OSTN	167
OSTN-AS1	37
OTOA	192
OTOF	291
OTOG	107
OTOGL	1769
OTOL1	4
OTOP1	30
OTOP2	36
OTOP3	64
OTOR	15
OTOS	7
OTP	32
OTUB1	772
OTUB2	195
OTUD3	2271
OTUD4	8184
OTUD5	2188
OTUD6A	1
OTUD6B	2607
OTUD6B-AS1	321
OTUD7A	3725
OTUD7B	9545
OTULIN	2646
OTULIN-DT	49
OTULINL	435
OTX1	30
OTX2	27
OTX2-AS1	601
OTX2-NT1	221
OVAAL	120
OVCH1	293
OVCH1-AS1	262
OVCH2	274
OVGP1	250
OVOL1	223
OVOL1-AS1	3
OVOL2	1838
OVOL3	6
OXA1L	659
OXA1L-DT	619
OXCT1	4287
OXER1	30
OXGR1	224
OXLD1	73
OXNAD1	3507
OXR1	33701
OXR1-AS1	883
OXSM	320
OXSR1	13993
OXT	1
OXTR	106
P2RX1	143
P2RX2	8
P2RX3	246
P2RX4	897
P2RX5-TAX1BP3	16
P2RX6	111
P2RX7	1079
P2RY1	971
P2RY10	25
P2RY11	112
P2RY12	110
P2RY13	18
P2RY14	387
P2RY2	542
P2RY4	14
P2RY6	274
P3H1	1192
P3H2	4583
P3H2-AS1	175
P3H3	567
P3H4	545
P3R3URF-PIK3R3	158
P4HA1	19020
P4HA2	2431
P4HA2-AS1	24
P4HA3	308
P4HA3-AS1	26
P4HB	2676
P4HB-AS1	8
P4HTM	1030
PA2G4	446
PAAF1	2371
PABIR2	1208
PABIR3	2282
PABPC1	8509
PABPC1L	1622
PABPC1L2B	0
PABPC3	1
PABPC4	2390
PABPC4-AS1	36
PABPC5	87
PABPC5-AS1	52
PABPN1L	5
PACC1	611
PACERR	73
PACRG	23262
PACRG-AS1	16
PACRG-AS2	9
PACRG-AS3	40
PACRGL	4968
PACS1	17947
PACS2	5878
PACSIN1	234
PACSIN2	9872
PACSIN3	535
PADI1	7244
PADI2	340
PADI3	109
PADI4	176
PADI6	65
PAEP	3
PAF1	302
PAFAH1B1	23693
PAFAH1B2	3351
PAFAH1B3	183
PAFAH2	918
PAG1	3597
PAGE1	2
PAGE2	1
PAGE2B	5
PAGE3	2
PAGE4	0
PAGE5	1
PAH	149
PAICS	1294
PAIP1	2854
PAIP2	4239
PAIP2B	2031
PAK1	11560
PAK1IP1	534
PAK2	7743
PAK3	3256
PAK4	3708
PAK4-AS1	18
PAK5	1170
PAK6	160
PAK6-AS1	7
PALB2	1336
PALB2-AS1	97
PALD1	3124
PALLD	33742
PALLD-AS1	3
PALM	2486
PALM2AKAP2	17075
PALM2AKAP2-AS1	21
PALM3	231
PALMD	2570
PALS1	7318
PALS2	4032
PAM	16209
PAM16	41
PAMR1	1201
PAN2	2417
PAN3	28207
PAN3-AS1	32
PANCR	252
PANDAR	5
PANK1	1243
PANK1-AS1	30
PANK2	5602
PANK2-AS1	172
PANK3	3255
PANK4	962
PANO1	25
PANTR1	201
PANX1	688
PANX2	36
PANX3	26
PAOX	16
PAPLN	2660
PAPLN-AS1	19
PAPLN-AS2	57
PAPOLA	16274
PAPOLA-DT	22
PAPOLG	3109
PAPPA	1358
PAPPA-AS1	40
PAPPA-AS2	6
PAPPA2	767
PAPSS1	5097
PAPSS2	1232
PAQR3	833
PAQR4	50
PAQR5	792
PAQR5-DT	20
PAQR6	91
PAQR7	930
PAQR8	6
PAQR9	13
PAQR9-AS1	4
PARD3	120218
PARD3-DT	22
PARD3B	56322
PARD6A	8
PARD6B	3064
PARD6G	3172
PARD6G-AS1	941
PARG	4279
PARK7	1124
PARM1	2652
PARM1-AS1	23
PARN	5903
PARP1	1707
PARP10	458
PARP11	2750
PARP11-AS1	109
PARP12	1558
PARP14	5629
PARP15	124
PARP16	1808
PARP2	1396
PARP3	163
PARP4	10933
PARP6	3477
PARP8	12655
PARP9	2729
PARPBP	1367
PARS2	79
PART1	1890
PARTICL	42
PARVA	28776
PARVB	1223
PARVG	118
PASD1	164
PASK	964
PATE1	2
PATE2	9
PATE3	3
PATE4	4
PATJ	38127
PATJ-DT	36
PATL1	2510
PATL1-DT	30
PATL2	285
PATZ1	686
PAWR	10241
PAX1	39
PAX2	214
PAX3	128
PAX4	6
PAX5	241
PAX6	78
PAX7	577
PAX8	294
PAX8-AS1	2662
PAX9	2864
PAXBP1	9571
PAXBP1-AS1	215
PAXIP1	2898
PAXIP1-AS2	744
PAXIP1-DT	243
PAXX	244
PBDC1	242
PBK	586
PBLD	802
PBOV1	8
PBRM1	14197
PBX1	84680
PBX1-AS1	30
PBX2	1224
PBX3	27358
PBX3-DT	16
PBX4	2119
PBX4-AS1	12
PBXIP1	1119
PC	824
PCA3	811
PCARE	45
PCAT1	8977
PCAT14	20
PCAT18	190
PCAT19	610
PCAT4	90
PCAT5	39
PCAT6	31
PCAT7	123
PCBD1	131
PCBD2	4714
PCBP1	330
PCBP1-AS1	7354
PCBP2	4259
PCBP3	4491
PCBP3-AS1	11
PCBP4	249
PCCA	37014
PCCA-AS1	33
PCCA-DT	1232
PCCB	2457
PCDH1	1475
PCDH10	345
PCDH10-DT	508
PCDH11X	1363
PCDH11Y	856
PCDH12	202
PCDH15	6074
PCDH17	3826
PCDH18	1113
PCDH19	500
PCDH20	2
PCDH7	76049
PCDH7-AS1	27
PCDH8	19
PCDH9	18513
PCDH9-AS1	56
PCDH9-AS2	170
PCDH9-AS3	14
PCDH9-AS4	16
PCDHA-AS1	0
PCDHA-AS2	3
PCDHA1	28
PCDHB-AS1	155
PCDHB1	43
PCDHB1-AS1	84
PCDHB10	45
PCDHB11	52
PCDHB12	57
PCDHB13	167
PCDHB14	2
PCDHB15	115
PCDHB2	186
PCDHB3	113
PCDHB4	116
PCDHB5	78
PCDHB6	34
PCDHB7	17
PCDHB8	0
PCDHB9	63
PCDHGA1	100
PCED1A	847
PCED1B	3210
PCED1B-AS1	29
PCF11	5161
PCGEM1	14
PCGF1	176
PCGF2	696
PCGF3	5469
PCGF3-AS1	10040
PCGF3-AS2	5
PCGF5	8232
PCGF6	2403
PCHILR	16
PCID2	3329
PCIF1	1217
PCK1	4
PCK2	198
PCLAF	61
PCLO	9505
PCM1	41250
PCMT1	2808
PCMTD1	18867
PCMTD1-DT	977
PCMTD2	5104
PCNA	391
PCNP	6826
PCNT	7169
PCNX1	21524
PCNX2	10970
PCNX3	502
PCNX4	7877
PCNX4-DT	1148
PCOLCE	622
PCOLCE-AS1	288
PCOLCE2	248
PCOTH	85
PCP2	38
PCP4	1727
PCP4L1	2662
PCSEAT	8
PCSK1	226
PCSK1N	15
PCSK2	1729
PCSK4	208
PCSK5	19854
PCSK6	2748
PCSK6-AS1	3
PCSK7	2741
PCSK9	135
PCTP	1277
PCYOX1	639
PCYOX1L	340
PCYT1A	1284
PCYT1B	893
PCYT1B-AS1	51
PCYT2	166
PDAP1	1527
PDC	32
PDC-AS1	1768
PDCD1	14
PDCD10	4606
PDCD11	3013
PDCD1LG2	231
PDCD2	659
PDCD2L	182
PDCD4	18194
PDCD4-AS1	71
PDCD5	1350
PDCD6-AHRR	35
PDCD6-DT	11
PDCD6IP	10917
PDCD6IP-DT	216
PDCD7	1211
PDCL	715
PDCL2	167
PDCL3	211
PDE10A	8831
PDE11A	683
PDE11A-AS1	125
PDE12	350
PDE1A	11451
PDE1B	394
PDE1C	15908
PDE2A	1044
PDE2A-AS1	8
PDE2A-AS2	2
PDE3A	53306
PDE3A-AS1	56
PDE3B	14821
PDE4A	394
PDE4B	7637
PDE4B-AS1	6
PDE4C	256
PDE4D	197485
PDE4D-AS1	66
PDE4DIP	3601
PDE5A	22654
PDE6A	324
PDE6B	199
PDE6B-AS1	40
PDE6B-AS2	72
PDE6C	64
PDE6D	1792
PDE6G	45
PDE6H	7
PDE7A	7307
PDE7A-DT	17
PDE7B	7472
PDE7B-AS1	618
PDE8A	20014
PDE8B	273
PDE9A	7414
PDE9A-AS1	25
PDGFA	1082
PDGFA-DT	69
PDGFB	430
PDGFC	10946
PDGFD	4475
PDGFDDN	1068
PDGFRA	307
PDGFRB	2769
PDGFRL	609
PDHA1	2447
PDHA2	1
PDHB	824
PDHX	7666
PDIA2	94
PDIA3	4290
PDIA4	1920
PDIA5	3348
PDIA6	4384
PDIK1L	634
PDILT	81
PDILT-AS1	7
PDK1	4889
PDK1-AS1	438
PDK2	514
PDK2-AS1	10
PDK3	5294
PDK4	674
PDK4-AS1	334
PDLIM1	4031
PDLIM2	70
PDLIM3	20605
PDLIM4	1795
PDLIM5	28347
PDLIM7	15349
PDLIM7-AS1	88
PDP1	937
PDP2	467
PDPK1	2378
PDPN	681
PDPR	2584
PDRG1	240
PDS5A	22755
PDS5B	27178
PDSS1	1415
PDSS2	22657
PDX1	11
PDXDC1	8794
PDXDC2P-NPIPB14P	15819
PDXK	3541
PDXP-DT	160
PDYN	30
PDYN-AS1	155
PDZD11	232
PDZD2	21000
PDZD3	27
PDZD4	453
PDZD7	130
PDZD8	4570
PDZD9	48
PDZK1	127
PDZK1IP1	11
PDZRN3	35737
PDZRN3-AS1	62
PDZRN4	38187
PDZRN4-AS1	144
PEA15	446
PEA15-AS1	39
PEAK1	23317
PEAK3	19
PEAR1	694
PEARL1	1
PEBP1	435
PEBP4	815
PEBP4-AS1	12
PECAM1	4068
PECR	817
PEDS1	14
PEDS1-UBE2V1	18
PEF1	678
PEF1-AS1	60
PEG10	923
PELATON	86
PELI1	11780
PELI2	9506
PELI3	140
PELO-AS1	446
PELP1	1632
PELP1-DT	5
PEMT	1082
PENK	35
PENK-AS1	304
PEPD	2170
PER1	2286
PER2	7986
PER3	11467
PERCC1	11
PERM1	46
PERP	3684
PES1	798
PES1-AS1	32
PEX1	3132
PEX10	292
PEX11A	528
PEX11B	539
PEX11G	176
PEX12	42
PEX13	4225
PEX14	6141
PEX16	195
PEX19	22
PEX2	2419
PEX26	0
PEX3	4449
PEX5	1020
PEX5L	1091
PEX5L-AS1	15
PEX5L-AS2	14
PEX6	1026
PEX7	1827
PF4	0
PF4V1	0
PFAS	499
PFDN1	2703
PFDN2	558
PFDN4	682
PFDN5	4
PFDN6	287
PFKFB1	185
PFKFB2	603
PFKFB3	6327
PFKFB3-AS1	26
PFKFB4	950
PFKL	2511
PFKM	1682
PFKP	5459
PFKP-DT	9
PFN1	601
PFN2	378
PFN2-AS1	30
PFN3	4
PFN4	63
PGA3	5
PGA5	1
PGAM1	496
PGAM2	52
PGAM4	0
PGAM5	156
PGAP1	12890
PGAP2	1658
PGAP3	736
PGAP4	637
PGAP6	345
PGBD1	1443
PGBD2	238
PGBD4	196
PGBD5	604
PGC	161
PGCKA1-AS1	179
PGD	2026
PGF	191
PGGHG	398
PGGT1B	3348
PGK1	5065
PGK2	0
PGLS	490
PGLS-DT	1080
PGLYRP1	5
PGLYRP2	82
PGLYRP3	455
PGLYRP4	131
PGM1	2294
PGM2	4198
PGM2L1	2144
PGM3	3531
PGM5	25025
PGM5-AS1	142
PGM5P3-AS1	36
PGM5P4-AS1	45
PGP	268
PGPEP1	1645
PGR	118
PGR-AS1	106
PGRMC1	408
PGRMC2	3233
PGS1	2088
PHACTR1	6465
PHACTR2	20686
PHACTR2-AS1	41
PHACTR3	2200
PHACTR3-AS1	2
PHACTR4	13400
PHAF1	1280
PHAX	1035
PHB1	312
PHB2	630
PHC1	1487
PHC2	7638
PHC2-AS1	311
PHC3	21924
PHETA1	136
PHETA2	143
PHEX	1603
PHEX-AS1	34
PHF1	740
PHF10	4283
PHF11	2527
PHF12	4330
PHF13	524
PHF14	19409
PHF19	965
PHF2	4956
PHF20	7937
PHF20L1	9025
PHF21A	24263
PHF21B	2045
PHF23	389
PHF24	42
PHF3	19738
PHF5A	313
PHF6	3190
PHF7	734
PHF8	6055
PHGDH	1482
PHGR1	19
PHIP	33087
PHKA1	1985
PHKA1-AS1	46
PHKA2	3109
PHKA2-AS1	21
PHKB	14770
PHKG1	392
PHKG2	397
PHLDA1	658
PHLDA1-AS1	12
PHLDA1-DT	47
PHLDA2	13
PHLDA3	426
PHLDB1	2670
PHLDB2	13894
PHLDB3	3474
PHLPP1	21757
PHLPP2	2489
PHOSPHO1	33
PHOX2A	82
PHOX2B	136
PHOX2B-AS1	3235
PHPT1	512
PHRF1	5467
PHTF1	2304
PHTF2	9908
PHYH	790
PHYHD1	995
PHYHIP	129
PHYHIPL	400
PHYKPL	5192
PI15	421
PI16	46
PI3	1
PI4K2A	67
PI4K2B	3937
PI4KA	8861
PI4KB	3163
PIANP	51
PIAS1	18467
PIAS2	8590
PIAS3	1876
PIAS4	1887
PIBF1	22882
PICALM	38600
PICART1	87
PICK1	1003
PICSAR	5
PID1	13178
PIDD1	375
PIERCE1	204
PIERCE2	189
PIEZO1	3223
PIEZO1-AS1	14
PIEZO2	14632
PIF1	356
PIFO	936
PIGA	557
PIGB	1364
PIGBOS1	0
PIGC	820
PIGF	2605
PIGG	3306
PIGH	331
PIGK	1655
PIGL	4904
PIGN	12487
PIGO	355
PIGO-AS1	17
PIGP	706
PIGQ	281
PIGR	45
PIGT	816
PIGU	5474
PIGV	250
PIGW	34
PIGX	1078
PIGZ	850
PIH1D1	583
PIH1D2	644
PIK3AP1	410
PIK3C2A	12819
PIK3C2B	5727
PIK3C2G	11273
PIK3C3	10815
PIK3CA	11666
PIK3CA-DT	265
PIK3CB	8094
PIK3CD	982
PIK3CD-AS1	1
PIK3CD-AS2	195
PIK3CG	133
PIK3IP1	544
PIK3IP1-DT	524
PIK3R1	7851
PIK3R3	50
PIK3R4	3004
PIK3R5	353
PIK3R5-DT	0
PIK3R6	269
PIKFYVE	10963
PILRA	483
PIM1	960
PIM2	116
PIM3	503
PIMREG	54
PIN1	413
PIN1-DT	6
PIN4	2313
PINCR	54
PINK1	547
PINK1-AS	120
PINLYP	305
PINX1	177
PINX1-DT	10
PINX1.1	0
PIP	19
PIP4K2A	11238
PIP4K2B	2161
PIP4K2C	619
PIP4P1	426
PIP4P2	2122
PIP5K1A	10981
PIP5K1B	4361
PIP5K1C	5040
PIP5KL1	152
PIPOX	3026
PIR	1620
PISD	3281
PITHD1	779
PITPNA	6130
PITPNA-AS1	36
PITPNB	10159
PITPNC1	9007
PITPNM1	536
PITPNM2	3254
PITPNM2-AS1	7
PITPNM3	4897
PITRM1	3933
PITRM1-AS1	169
PITX1	4037
PITX1-AS1	10921
PITX2	1249
PITX3	56
PIWIL1	105
PIWIL2	557
PIWIL2-DT	146
PIWIL3	108
PIWIL4	1687
PIWIL4-AS1	975
PJA1	281
PJA2	15051
PJVK	583
PKD1	4561
PKD1-AS1	65
PKD1L1	5796
PKD1L1-AS1	77
PKD1L2	523
PKD1L3	287
PKD1P6-NPIPP1	2406
PKD2	9011
PKD2L1	63
PKD2L2	467
PKD2L2-DT	1079
PKDCC	1017
PKDREJ	11
PKHD1	1613
PKHD1L1	652
PKIA	2613
PKIA-AS1	1262
PKIB	1435
PKIG	4354
PKLR	26
PKM	3834
PKMYT1	97
PKMYT1AR	47
PKN1	1638
PKN2	36576
PKN2-AS1	5887
PKN3	232
PKNOX1	4846
PKNOX2	4965
PKNOX2-AS1	15
PKNOX2-DT	8
PKP1	5364
PKP2	1993
PKP3	608
PKP4	29370
PKP4-AS1	279
PLA1A	37
PLA2G10	119
PLA2G12A	388
PLA2G12B	57
PLA2G15	188
PLA2G1B	94
PLA2G2A	46
PLA2G2C	551
PLA2G2D	4
PLA2G2E	0
PLA2G2F	9
PLA2G3	5
PLA2G4A	4160
PLA2G4C	1062
PLA2G4C-AS1	5
PLA2G4D	40
PLA2G4E	91
PLA2G4E-AS1	67
PLA2G4F	62
PLA2G5	283
PLA2G6	1239
PLA2G7	183
PLA2R1	4424
PLAA	1510
PLAAT1	192
PLAAT2	85
PLAAT3	732
PLAAT4	96
PLAAT5	551
PLAC1	552
PLAC1-AS1	6
PLAC4	325
PLAC8	6924
PLAC8L1	198
PLAC9	452
PLAG1	9194
PLAGL1	20697
PLAGL2	849
PLAT	979
PLAU	168
PLAUR	779
PLB1	1090
PLBD1	1918
PLBD1-AS1	395
PLBD1-AS2	26
PLBD2	772
PLCB1	54976
PLCB2	290
PLCB2-AS1	4
PLCB3	742
PLCB4	22151
PLCD1	733
PLCD3	685
PLCD4	2377
PLCE1	16862
PLCE1-AS1	20
PLCE1-AS2	52
PLCG1	3154
PLCG1-AS1	348
PLCG2	146
PLCH1	7779
PLCH1-AS1	8
PLCH1-AS2	0
PLCH2	1195
PLCL1	26676
PLCL2	4403
PLCL2-AS1	2
PLCXD2	241
PLCXD2-AS1	0
PLCXD3	1003
PLCZ1	315
PLD1	15112
PLD2	904
PLD3	3536
PLD4	85
PLD5	2822
PLD5-AS1	123
PLD5P1	1202
PLD6	87
PLEC	6444
PLEK	164
PLEK2	190
PLEKHA1	5024
PLEKHA2	5805
PLEKHA3	1731
PLEKHA4	1500
PLEKHA5	65120
PLEKHA6	5072
PLEKHA7	22842
PLEKHA8	4080
PLEKHB1	121
PLEKHB2	2052
PLEKHD1	194
PLEKHF1	62
PLEKHF2	1774
PLEKHG1	17600
PLEKHG2	1836
PLEKHG3	4649
PLEKHG4	149
PLEKHG4B	6256
PLEKHG5	1326
PLEKHG6	1789
PLEKHG7	1141
PLEKHH1	2413
PLEKHH2	6014
PLEKHH3	2206
PLEKHJ1	339
PLEKHM1	1902
PLEKHM2	2707
PLEKHM2-AS1	62
PLEKHM3	4488
PLEKHN1	1591
PLEKHO1	3030
PLEKHS1	1445
PLET1	104
PLG	95
PLGLB1	130
PLGRKT	1649
PLIN1	71
PLIN2	800
PLIN3	2024
PLIN3-AS1	5
PLIN4	1102
PLIN5	176
PLK1	200
PLK2	892
PLK3	156
PLK4	864
PLK5	174
PLLP	600
PLN	342
PLOD1	3292
PLOD2	12848
PLOD3	958
PLP1	394
PLP2	357
PLPBP	820
PLPP1	10499
PLPP2	273
PLPP3	4840
PLPP4	661
PLPP5	1357
PLPP6	41
PLPP7	355
PLPPR1	1659
PLPPR2	261
PLPPR3	89
PLPPR4	1858
PLPPR5	986
PLPPR5-AS1	620
PLRG1	2354
PLS1	1858
PLS1-AS1	8
PLS3	7821
PLS3-AS1	231
PLSCR1	5641
PLSCR2	850
PLSCR4	9890
PLSCR5	69
PLSCR5-AS1	0
PLTP	324
PLUT	300
PLVAP	377
PLXDC1	999
PLXDC2	31771
PLXDC2-AS1	53
PLXNA1	1650
PLXNA2	13952
PLXNA3	1201
PLXNA4	10163
PLXNA4-AS1	26
PLXNA4-AS2	11
PLXNB1	5111
PLXNB2	4513
PLXNB3	342
PLXNB3-AS1	209
PLXNC1	1290
PLXNC1-AS1	21
PLXND1	1617
PM20D1	80
PM20D1-AS1	233
PM20D2	2114
PMAIP1	151
PMAR72	31
PMCH	2
PMEL	175
PMEPA1	2530
PMF1-BGLAP	60
PMFBP1	939
PMIS2	0
PML	1874
PMM1	344
PMM2	7060
PMM2-AS1	33
PMP2	36
PMP22	2728
PMPCA	1007
PMPCB	3009
PMS1	4823
PMS2	1309
PMVK	370
PNCK	1519
PNISR	33706
PNISR-AS1	1335
PNKD	786
PNKP	1348
PNLDC1	114
PNLIP	70
PNLIPRP1	29
PNLIPRP2	80
PNLIPRP3	249
PNMA1	246
PNMA2	68
PNMA3	51
PNMA5	4
PNMA6A	26
PNMA6E	6
PNMA6F	1
PNMA8A	102
PNMA8B	180
PNMA8C	33
PNMT	26
PNN	12954
PNN-AS1	20
PNO1	408
PNOC	152
PNP	194
PNPLA1	384
PNPLA2	716
PNPLA3	99
PNPLA4	211
PNPLA5	13
PNPLA6	1068
PNPLA7	4224
PNPLA8	3108
PNPO	54
PNPT1	3188
PNRC1	1797
PNRC1-DT	16
PNRC2	923
POC1A	543
POC1B	6280
POC1B-AS1	1095
POC1B-GALNT4	2
POC5	1227
PODN	612
PODNL1	83
PODXL	939
PODXL2	251
POF1B	9177
POFUT1	861
POFUT2	2287
POGK	1364
POGLUT1	1647
POGLUT2	455
POGLUT3	979
POGZ	17591
POLA1	13570
POLB	2394
POLD1	470
POLD2	898
POLD3	4249
POLD4	20
POLDIP2	573
POLDIP3	23
POLE	3469
POLE2	2004
POLE3	228
POLE4	309
POLG	1317
POLG-DT	5
POLG2	2113
POLH	3091
POLH-AS1	28
POLI	3045
POLK	11177
POLK-AS1	2
POLL	804
POLM	763
POLN	99
POLQ	2242
POLR1A	2335
POLR1B	853
POLR1C	1295
POLR1D	4296
POLR1E	441
POLR1F	316
POLR1G	65
POLR1H	146
POLR2A	2537
POLR2B	5344
POLR2C	434
POLR2D	571
POLR2E	351
POLR2F	2484
POLR2F-AS1	7
POLR2G	268
POLR2H	826
POLR2I	62
POLR2J	217
POLR2J4	204
POLR2K	153
POLR2L	72
POLR2M	278
POLR3A	2552
POLR3B	2263
POLR3C	2121
POLR3D	1277
POLR3E	3100
POLR3F	802
POLR3G	583
POLR3GL	76
POLR3H	428
POLR3K	191
POLRMT	689
POM121	5343
POM121C	4555
POM121L12	0
POM121L2	63
POMC	39
POMGNT1	1000
POMGNT2	375
POMGNT2-AS1	6
POMK	1603
POMP	1448
POMT1	1504
POMT2	1125
POMZP3	758
PON1	38
PON2	4130
PON3	424
POP1	809
POP4	144
POP5	264
POP7	43
POPDC2	407
POPDC3	75
POR	4252
PORCN	115
PORCN-DT	8
POSTN	8064
POT1	4013
POT1-AS1	2688
POTEA	80
POTEB	0
POTEB3	18
POTEC	18
POTED	0
POTEF	40
POTEF-AS1	1
POTEG	29
POTEH	13
POTEH-AS1	3
POTEI	59
POTEJ	99
POTEM	13
POU1F1	25
POU2AF1	1111
POU2F1	16668
POU2F1-DT	12
POU2F2	939
POU2F2-AS1	2
POU2F3	378
POU2F3-AS1	37
POU3F1	13
POU3F2	5
POU3F4	60
POU4F1	10
POU4F2	5
POU4F3	4
POU5F1	108
POU5F1B	4
POU6F1	816
POU6F2	1174
POU6F2-AS1	1
POU6F2-AS2	73
PP12613	2
PP2D1	238
PP7080	26
PPA1	2186
PPA2	16423
PPAN-P2RY11	4
PPARA	4126
PPARD	4543
PPARG	10516
PPARGC1A	8518
PPARGC1A-AS1	5
PPARGC1B	13052
PPAT	950
PPCDC	6045
PPCS	601
PPDPF	819
PPDPFL	10
PPEF1	572
PPEF1-AS1	84
PPEF2	124
PPFIA1	6952
PPFIA2	5157
PPFIA2-AS1	72
PPFIA2-AS2	513
PPFIA3	599
PPFIA4	1145
PPFIBP1	22395
PPFIBP2	5495
PPHLN1	9974
PPIA	1452
PPIAL4C	0
PPIB	844
PPIC	344
PPIC-AS1	102
PPID	1577
PPIE	1091
PPIF	375
PPIG	10363
PPIH	1531
PPIL1	359
PPIL2	3397
PPIL3	1298
PPIL4	4362
PPIL6	3998
PPIP5K1	1328
PPIP5K2	11699
PPL	6179
PPM1A	4951
PPM1B	13
PPM1B-DT	23
PPM1D	4086
PPM1E	3858
PPM1F	1165
PPM1F-AS1	152
PPM1G	1344
PPM1H	2428
PPM1J	20
PPM1J-DT	11
PPM1K	3938
PPM1K-DT	442
PPM1L	27882
PPM1L-DT	49
PPM1M	130
PPM1N	89
PPME1	8588
PPOX	660
PPP1CA	521
PPP1CB	19422
PPP1CB-DT	770
PPP1CC	2405
PPP1R10	3296
PPP1R11	479
PPP1R12A	56279
PPP1R12A-AS1	490
PPP1R12A-AS2	877
PPP1R12B	52099
PPP1R12C	4557
PPP1R13B	8066
PPP1R13B-DT	72
PPP1R13L	5139
PPP1R14A	627
PPP1R14B	71
PPP1R14B-AS1	16
PPP1R14C	2665
PPP1R14D	50
PPP1R15A	1035
PPP1R15B	1033
PPP1R15B-AS1	306
PPP1R16A	703
PPP1R16B	1220
PPP1R17	18
PPP1R18	424
PPP1R1A	73
PPP1R1B	55
PPP1R1C	453
PPP1R2	2868
PPP1R21	11272
PPP1R21-DT	7
PPP1R26	455
PPP1R26-AS1	582
PPP1R27	17
PPP1R2B	10
PPP1R2C	0
PPP1R32	322
PPP1R35	109
PPP1R35-AS1	16
PPP1R36	466
PPP1R3A	1593
PPP1R3B	1482
PPP1R3B-AS1	27
PPP1R3B-DT	877
PPP1R3C	2929
PPP1R3D	71
PPP1R3E	657
PPP1R3F	678
PPP1R3G	18
PPP1R42	2066
PPP1R7	1644
PPP1R8	1020
PPP1R9A	38471
PPP1R9A-AS1	597
PPP1R9B	618
PPP2CA-DT	9
PPP2CB	5666
PPP2R1A	2739
PPP2R1A-AS1	30
PPP2R1B	4015
PPP2R2A	23271
PPP2R2B	13857
PPP2R2B-AS2	73
PPP2R2C	2907
PPP2R2D	8321
PPP2R3A	18657
PPP2R3C	3294
PPP2R5A	6427
PPP2R5B	461
PPP2R5C	20262
PPP2R5D	1108
PPP2R5E	12808
PPP3CA	21845
PPP3CB	10892
PPP3CB-AS1	341
PPP3CC	8742
PPP3R1-AS1	623
PPP4C	869
PPP4R1	14222
PPP4R1-AS1	32
PPP4R2	8697
PPP4R3A	11294
PPP4R3B	11893
PPP4R3B-DT	145
PPP4R3C	0
PPP4R4	784
PPP5C	3358
PPP5C-AS1	610
PPP6C	3195
PPP6R1	1437
PPP6R2	13576
PPP6R3	38376
PPRC1	1148
PPT1	496
PPT2	56
PPT2-EGFL8	79
PPTC7	3832
PPWD1	4701
PPY	6
PQBP1	363
PRAC1	3
PRAC2	2
PRADC1	82
PRADX	13
PRAF2	14
PRAG1	2703
PRAM1	205
PRAME	52
PRAMEF1	1
PRAMEF10	1
PRAMEF11	4
PRAMEF12	4
PRAMEF14	11
PRAMEF15	2
PRAMEF17	2
PRAMEF18	1
PRAMEF19	3
PRAMEF2	1
PRAMEF20	13
PRAMEF27	1
PRAMEF33	0
PRAMEF4	1
PRAMEF5	0
PRAMEF6	5
PRAMEF9	0
PRANCR	3005
PRB1	1
PRB2	35
PRB3	2
PRB4	5
PRC1	30
PRC1-AS1	410
PRCC	2249
PRCD	209
PRCP	4407
PRDM1	2179
PRDM10	4134
PRDM10-DT	16
PRDM11	3866
PRDM12	31
PRDM13	22
PRDM14	257
PRDM15	1785
PRDM16	6347
PRDM16-DT	1409
PRDM2	11336
PRDM4	2183
PRDM4-AS1	100
PRDM5	6161
PRDM6	1634
PRDM6-AS1	23
PRDM7	78
PRDM8	480
PRDM8-AS1	42
PRDM9	143
PRDX1	535
PRDX3	1279
PRDX4	771
PRDX5	302
PRDX6	1883
PRDX6-AS1	3142
PREB	237
PRECSIT	34
PRELID1	112
PRELID2	25381
PRELID3A	792
PRELID3B	531
PRELP	465
PREP	3016
PREP-AS1	6
PREPL	9135
PREX1	2013
PREX2	8150
PRF1	3
PRG3	1
PRG4	13
PRH1	674
PRH2	16
PRICKLE1	7793
PRICKLE1-AS1	22
PRICKLE2	39533
PRICKLE2-AS1	90
PRICKLE2-AS2	9
PRICKLE2-AS3	86
PRICKLE2-DT	32
PRICKLE3	751
PRIM1	625
PRIM2	11769
PRIMA1	2353
PRIMPOL	4597
PRKAA1	3453
PRKAA1-DT	6
PRKAA2	6169
PRKAB1	1012
PRKAB1-AS1	1478
PRKAB2	2195
PRKACA	1299
PRKACB	13887
PRKACB-DT	103
PRKACG	1
PRKAG2	14628
PRKAG2-AS1	19
PRKAG2-AS2	11
PRKAG3	33
PRKAR1A	3487
PRKAR1B	4538
PRKAR1B-AS1	10
PRKAR1B-AS2	2
PRKAR2A	5267
PRKAR2A-AS1	22
PRKAR2B	4285
PRKAR2B-AS1	254
PRKCA	21836
PRKCA-AS1	114
PRKCB	1641
PRKCD	1530
PRKCE	39863
PRKCE-AS1	3
PRKCE-AS2	2
PRKCG	111
PRKCH	15335
PRKCH-AS1	2110
PRKCH-AS2	24
PRKCI	12096
PRKCQ	3301
PRKCQ-AS1	374
PRKCSH	1068
PRKCZ	3782
PRKCZ-AS1	48
PRKCZ-DT	2
PRKD1	20521
PRKD2	3827
PRKD3	5852
PRKD3-DT	5
PRKDC	15372
PRKG1	145720
PRKG1-AS1	166
PRKG2	953
PRKG2-AS1	48
PRKN	26141
PRKRA	3531
PRKRIP1	8850
PRKX	4842
PRKX-AS1	24
PRL	4
PRLH	1
PRLHR	6
PRLR	1149
PRM2	2
PRM3	0
PRMT1	1365
PRMT2	7861
PRMT3	4976
PRMT5	599
PRMT5-AS1	46
PRMT5-DT	403
PRMT6	169
PRMT7	3419
PRMT8	389
PRMT9	2226
PRND	90
PRNP	528
PRNT	8
PROB1	32
PROC	21
PROCA1	253
PROCR	523
PRODH	14
PRODH2	22
PROK1	11
PROK2	35
PROKR1	3
PROKR2	26
PROM1	4049
PROM2	1251
PROP1	10
PRORP	15
PRORY	37
PROS1	2869
PROSER1	1598
PROSER2	1984
PROSER2-AS1	212
PROSER3	1169
PROX1	863
PROX1-AS1	389
PROX2	63
PROZ	16
PRPF18	5498
PRPF19	862
PRPF19-DT	8
PRPF3	5679
PRPF31	751
PRPF31-AS1	36
PRPF38A	1637
PRPF38B	3042
PRPF39	8141
PRPF39-DT	4
PRPF4	1078
PRPF40A	9378
PRPF40B	5659
PRPF4B	10803
PRPF6	3419
PRPF8	5141
PRPH	114
PRPH2	691
PRPS1	251
PRPS1L1	0
PRPS2	636
PRPSAP1	4237
PRPSAP2	4260
PRR11	569
PRR11-AS1	4
PRR12	2680
PRR13	0
PRR14	474
PRR14L	7897
PRR15	96
PRR15-DT	534
PRR15L	244
PRR16	4193
PRR18	11
PRR19	49
PRR20C	2
PRR20G	3
PRR22	33
PRR23A	2
PRR23B	0
PRR23C	0
PRR27	41
PRR29	462
PRR29-AS1	22
PRR3	794
PRR30	1
PRR32	11
PRR33	12
PRR34	19
PRR34-AS1	10
PRR35	5
PRR36	70
PRR5	198
PRR5-ARHGAP8	207
PRR5L	1265
PRR7	80
PRR7-AS1	133
PRR9	1
PRRC1	3773
PRRC2A	3188
PRRC2B	13933
PRRC2C	29324
PRRG1	0
PRRG2	187
PRRG3	371
PRRG4	3421
PRRT1	49
PRRT1B	49
PRRT3	113
PRRT3-AS1	745
PRRT4	83
PRRX1	2519
PRRX2	505
PRRX2-AS1	11
PRSS1	4
PRSS12	2289
PRSS16	37
PRSS2	16
PRSS21	8
PRSS22	1201
PRSS23	2384
PRSS23-AS1	2638
PRSS27	133
PRSS3	362
PRSS30P	19
PRSS33	7
PRSS35	58
PRSS36	55
PRSS37	7
PRSS38	139
PRSS41	14
PRSS48	126
PRSS51	374
PRSS54	39
PRSS55	94
PRSS56	12
PRSS57	26
PRSS58	13
PRSS8	362
PRTFDC1	2182
PRTG	2977
PRTN3	24
PRUNE1	1366
PRUNE2	51814
PRX	247
PRXL2A	2275
PRXL2B	154
PRXL2C	318
PRY2	1
PSAP	3446
PSAPL1	11
PSAT1	687
PSCA	303
PSD	1255
PSD2	136
PSD2-AS1	16
PSD3	46444
PSD3-AS1	38
PSD4	1350
PSEN1	9126
PSENEN	1
PSG1	22
PSG11	47
PSG11-AS1	232
PSG2	19
PSG3	5
PSG4	8
PSG5	22
PSG6	4
PSG7	22
PSG8	137
PSG8-AS1	24
PSG9	88
PSIP1	4942
PSKH1	1006
PSKH2	40
PSLNR	21
PSMA1	4346
PSMA3	1890
PSMA4	903
PSMA5	2190
PSMA7	728
PSMA8	175
PSMB1	1711
PSMB10	109
PSMB11	2
PSMB2	1731
PSMB3	469
PSMB4	380
PSMB5	1012
PSMB6	89
PSMB7	2775
PSMB8	96
PSMB8-AS1	1
PSMB9	241
PSMC1	1059
PSMC2	1784
PSMC3	604
PSMC3IP	149
PSMC4	812
PSMC5	757
PSMC6	3824
PSMD1	4660
PSMD10	265
PSMD11	3029
PSMD12	3110
PSMD13	1927
PSMD14	3887
PSMD14-DT	249
PSMD2	847
PSMD3	962
PSMD3-AS1	12
PSMD4	1084
PSMD5	3030
PSMD6	1099
PSMD6-AS1	225
PSMD6-AS2	774
PSMD7	1254
PSMD7-DT	1588
PSMD8	794
PSMD9	1
PSME1	277
PSME2	969
PSME3	619
PSME3IP1	3206
PSME4	19445
PSMF1	3661
PSMG1	703
PSMG2	2176
PSMG3	202
PSMG3-AS1	233
PSMG4	2397
PSORS1C1	152
PSORS1C2	3
PSPC1	12232
PSPC1-AS2	21
PSPH	1344
PSPN	44
PSRC1	273
PSTK	343
PSTPIP1	101
PSTPIP2	1094
PTAFR	236
PTAR1	9027
PTBP1	2652
PTBP2	32734
PTBP3	22327
PTCD1	61
PTCD2	1016
PTCD3	7979
PTCH1	5013
PTCH2	1380
PTCHD1	1384
PTCHD1-AS	205
PTCHD3	14
PTCHD4	1230
PTCRA	16
PTCSC2	2254
PTCSC3	34
PTDSS1	1067
PTDSS2	1499
PTEN	20286
PTENP1-AS	133
PTER	1128
PTF1A	3
PTGDR	98
PTGDR2	4
PTGDS	7
PTGER1	35
PTGER2	166
PTGER3	2293
PTGER3-AS1	4
PTGER4	259
PTGER4P2-CDK2AP2P2	3
PTGES	100
PTGES2	299
PTGES2-AS1	22
PTGES3	9388
PTGES3L-AARSD1	106
PTGFR	578
PTGFRN	3144
PTGIR	165
PTGIS	1659
PTGR1	3396
PTGR2	58
PTGS1	1371
PTGS2	478
PTH	37
PTH1R	524
PTH2	3
PTH2R	626
PTHLH	39
PTK2	61593
PTK2B	2393
PTK6	1918
PTK7	4533
PTMA	3802
PTMS	921
PTN	5206
PTOV1	1126
PTOV1-AS1	654
PTOV1-AS2	157
PTP4A1	129
PTP4A2	2483
PTP4A3	960
PTPA	1097
PTPDC1	3049
PTPN1	4412
PTPN11	3981
PTPN12	17860
PTPN13	30671
PTPN14	14726
PTPN18	1531
PTPN2	6922
PTPN20	680
PTPN21	5000
PTPN22	363
PTPN23	1579
PTPN23-DT	187
PTPN3	9029
PTPN4	13686
PTPN5	217
PTPN6	474
PTPN7	56
PTPN9	2104
PTPRA	15637
PTPRB	3167
PTPRB-AS1	151
PTPRC	757
PTPRC-AS1	56
PTPRD	24277
PTPRD-AS1	28
PTPRD-DT	12
PTPRE	3432
PTPRE-AS1	11
PTPRF	10262
PTPRG	32337
PTPRG-AS1	878
PTPRH	412
PTPRJ	11580
PTPRJ-AS1	2
PTPRK	60588
PTPRK-AS1	134
PTPRM	42876
PTPRN	163
PTPRN2	26273
PTPRN2-AS1	9
PTPRN2-AS2	11
PTPRN2-AS3	7
PTPRO	1408
PTPRQ	741
PTPRR	2568
PTPRS	8347
PTPRS-AS1	15
PTPRT	4735
PTPRT-AS1	1
PTPRT-DT	10
PTPRU	1787
PTPRZ1	14799
PTRH1	224
PTRH2	1379
PTRHD1	50
PTS	2112
PTTG1	446
PTTG1IP	5657
PTX3	141
PTX4	7
PUDP	4441
PUF60	423
PUM1	30210
PUM2	35412
PUM3	9521
PURA	2059
PURB	2402
PURG	1672
PURPL	325
PUS1	608
PUS1-AS1	32
PUS10	2267
PUS3	131
PUS7	2055
PUS7L	3092
PUSL1	82
PVALB	69
PVALEF	237
PVR	872
PVT1	6765
PWP1	2237
PWP2	213
PWRN1	6282
PWRN2	3
PWRN4	1611
PWWP2A	5290
PWWP2B	1036
PWWP3A	4651
PWWP3B	358
PWWP4	1
PXDC1	1669
PXDN	7156
PXDNL	1817
PXK	6642
PXMP2	34
PXMP4	512
PXN	4137
PXN-AS1	431
PXT1	149
PXYLP1	1500
PYCARD	10
PYCARD-AS1	6
PYCR1	121
PYCR1-AS1	4
PYCR2	0
PYCR3	77
PYDC1	3
PYDC2-AS1	217
PYDC5	7
PYGB	7130
PYGL	1475
PYGM	460
PYGO1	2684
PYGO2	218
PYGO2-AS1	27
PYHIN1	138
PYM1	918
PYROXD1	1806
PYROXD2	1308
PYY	214
PZP	593
QARS1	857
QDPR	1014
QKI	29932
QKILA	264
QPCT	111
QPCTL	456
QPRT	607
QRFP	1
QRFPR	160
QRICH1	5541
QRICH2	1103
QRSL1	2582
QSER1	10469
QSOX1	3860
QSOX2	752
QTMAN-AS1	79
QTRT1	718
QTRT2	1643
R3HCC1	317
R3HCC1L	5366
R3HDM1	12784
R3HDM2	16079
R3HDM2-DT	5
R3HDM4	593
R3HDML	60
R3HDML-AS1	159
RAB10	18819
RAB11A	3867
RAB11B	1007
RAB11B-AS1	339
RAB11FIP1	16347
RAB11FIP2	4262
RAB11FIP3	5428
RAB11FIP4	1315
RAB11FIP5	573
RAB12	5262
RAB12-AS1	4
RAB13	5
RAB14	6489
RAB15	552
RAB17	334
RAB17-DT	19
RAB18	8706
RAB19	201
RAB1A	18303
RAB1B	626
RAB20	1048
RAB21	4419
RAB22A	3604
RAB23	3388
RAB24	16
RAB25	725
RAB26	74
RAB27A	6184
RAB27B	4879
RAB27B-AS1	10
RAB28	9907
RAB29	332
RAB2A	15750
RAB2B	1993
RAB30	1958
RAB30-DT	3916
RAB31	4789
RAB32	273
RAB33A	48
RAB33B	495
RAB33B-AS1	5633
RAB34	228
RAB35	816
RAB35-AS1	48
RAB36	924
RAB37	377
RAB37-AS1	20
RAB38	949
RAB39A	214
RAB39B	14
RAB3A	111
RAB3B	199
RAB3C	1473
RAB3C-AS1	154
RAB3D	1013
RAB3GAP1	12859
RAB3GAP2	12317
RAB3IL1	178
RAB3IP	2499
RAB3IP-DT	51
RAB40A	256
RAB40AL	32
RAB40B	2270
RAB40C	4278
RAB41	5
RAB42	20
RAB44	131
RAB4A	2717
RAB4A-AS1	275
RAB4B-EGLN2	23
RAB5A	6900
RAB5B	2178
RAB5C	0
RAB5C-AS1	16
RAB5IF	16
RAB6A	14197
RAB6B	376
RAB6C	13
RAB6D	20
RAB7A	13032
RAB7B	636
RAB8A	893
RAB8B	4247
RAB9A	1587
RABAC1	36
RABEP1	8773
RABEP2	2197
RABEPK	1385
RABGAP1	32117
RABGAP1L	57872
RABGAP1L-AS1	109
RABGAP1L-DT	226
RABGEF1	28
RABGGTA	196
RABGGTB	1400
RABIF	178
RABL2A	2076
RABL2B	2944
RABL3	921
RABL6	1270
RAC1	6151
RAC2	91
RAC3	72
RACGAP1	2533
RACK1	1876
RAD1	670
RAD17	3159
RAD18	4128
RAD21	5238
RAD21-AS1	14
RAD21L1	40
RAD23A	850
RAD23B	11254
RAD50	31
RAD51	522
RAD51-AS1	1232
RAD51AP1	757
RAD51AP2	150
RAD51B	50508
RAD51B-AS1	40
RAD51C	1591
RAD52	4133
RAD54B	724
RAD54L	647
RAD54L2	4408
RAD9A	10917
RAD9B	193
RADIL	1121
RADX	514
RAE1	1548
RAET1E	33
RAET1E-AS1	235
RAET1G	29
RAET1L	50
RAF1	10460
RAG1	167
RAG2	68
RAI1	10076
RAI1-AS1	80
RAI14	13366
RAI14-DT	2
RAI2	653
RALA	11759
RALB	2009
RALBP1	4739
RALGAPA1	30358
RALGAPA2	28648
RALGAPB	7436
RALGDS	437
RALGPS1	10874
RALGPS2	35767
RALGPS2-AS1	17
RALY	5991
RALY-AS1	157
RALYL	7049
RAMP1	4660
RAMP2	33
RAMP2-AS1	228
RAMP3	177
RAN	289
RANBP1	665
RANBP10	3973
RANBP17	16365
RANBP2	9047
RANBP3	4582
RANBP3-DT	286
RANBP3L	603
RANBP6	767
RANBP9	16949
RANGAP1	1672
RANGRF	39
RAP1A	25933
RAP1B	20033
RAP1GAP	690
RAP1GAP2	4718
RAP1GAP2-AS1	2
RAP1GDS1	10643
RAP1GDS1-AS1	87
RAP2A	1552
RAP2B	391
RAP2C	1655
RAP2C-AS1	3922
RAPGEF1	9335
RAPGEF2	22139
RAPGEF3	820
RAPGEF4	5028
RAPGEF4-AS1	119
RAPGEF5	13322
RAPGEF6	257
RAPGEFL1	4810
RAPH1	10631
RAPSN	137
RARA	1412
RARA-AS1	36
RARB	33426
RARG	3386
RARRES1	453
RARRES2	366
RARS1	4284
RARS2	10294
RASA1	16934
RASA2	18134
RASA3	5685
RASA4B	382
RASAL1	1378
RASAL2	24755
RASAL2-AS1	23
RASAL3	100
RASD1	21
RASD2	240
RASEF	5106
RASGEF1A	127
RASGEF1B	12542
RASGEF1C	1251
RASGRF1	332
RASGRF2	1977
RASGRF2-AS1	28
RASGRF2-AS2	2
RASGRP1	618
RASGRP2	1484
RASGRP3	1824
RASGRP4	34
RASIP1	628
RASL10A	24
RASL10B	80
RASL11A	31
RASL12	1541
RASSF1	1021
RASSF1-AS1	7
RASSF10	103
RASSF10-DT	290
RASSF2	1560
RASSF3	13121
RASSF3-DT	22
RASSF4	873
RASSF5	3122
RASSF6	5424
RASSF7	329
RASSF8	5266
RASSF8-AS1	815
RASSF9	1290
RAVER1	549
RAVER2	6482
RAX	21
RAX2	2
RB1	16815
RB1-DT	72
RB1CC1	21442
RBAK-RBAKDN	272
RBBP4	8963
RBBP5	1315
RBBP6	7775
RBBP7	4451
RBBP8	3883
RBBP8NL	261
RBBP9	377
RBCK1	2001
RBFOX1	15808
RBFOX2	51429
RBFOX3	2030
RBIS	1490
RBKS	1564
RBL1	3390
RBL2	8250
RBM10	3941
RBM11	64
RBM12B	4130
RBM12B-DT	5
RBM14-RBM4	2492
RBM15	2270
RBM15-AS1	206
RBM15B	218
RBM17	4233
RBM18	837
RBM19	3574
RBM19-AS1	17
RBM20	3343
RBM22	1100
RBM23	2359
RBM24	1531
RBM25	25776
RBM25-AS1	17
RBM26	20255
RBM26-AS1	335
RBM27-POU4F3	148
RBM28	4628
RBM3	1418
RBM33	16562
RBM33-DT	11
RBM34	3
RBM38	2057
RBM38-AS1	326
RBM39	30904
RBM4	4375
RBM41	5858
RBM42	283
RBM43	294
RBM44	498
RBM45	1303
RBM46	53
RBM46-AS1	137
RBM47	24169
RBM47-AS1	2
RBM48	896
RBM4B	1020
RBM5	12159
RBM5-AS1	52
RBM6	29756
RBM7	8
RBM8A	500
RBMS1	24661
RBMS2	9019
RBMS3	17463
RBMS3-AS1	10
RBMS3-AS2	572
RBMS3-AS3	833
RBMX	12033
RBMX2	687
RBMXL1	0
RBMXL2	4
RBMXL3	2
RBP1	525
RBP2	46
RBP3	8
RBP4	22
RBP5	109
RBP7	131
RBPJ	17931
RBPJL	49
RBPMS	90909
RBPMS-AS1	142
RBPMS2	3770
RBSN	0
RBX1	3682
RC3H1	14322
RC3H1-DT	9
RC3H2	8215
RCAN1	1
RCAN2	7139
RCAN2-DT	386
RCAN3	1234
RCAN3AS	174
RCBTB1	1677
RCBTB2	2122
RCC1	1285
RCC1L	1983
RCC2	2245
RCC2-AS1	0
RCCD1	508
RCCD1-AS1	19
RCE1	118
RCHY1	3659
RCL1	3695
RCN1	92
RCN2	4184
RCN3	576
RCOR1	14209
RCOR2	60
RCOR3	14452
RCSD1	1844
RCVRN	20
RD3	21
RD3L	4
RDH10	1920
RDH10-AS1	150
RDH11	545
RDH12	86
RDH13	1572
RDH14	118
RDH16	28
RDH8	17
RDM1	45
RDX	9738
REC114	287
REC8	501
RECK	4810
RECQL	1131
RECQL4	205
RECQL5	2409
REELD1	22
REEP1	5978
REEP2	299
REEP3	5931
REEP4	375
REEP5	2180
REEP6	44
REG1A	6
REG1B	1
REG3A	0
REG3G	6
REG4	36
REL	8233
REL-DT	298
RELA	999
RELA-DT	65
RELB	1302
RELCH	19052
RELL1	2779
RELL2	39
RELN	4106
RELT	171
REM1	348
REM2	43
REN	156
RENBP	110
RENO1	304
REP15	56
REPIN1	8
REPIN1-AS1	49
REPS1	17986
REPS2	4872
RER1	1614
RERE	71610
RERE-AS1	61
RERG	4629
RERG-AS1	7
RERGL	1617
RESF1	4122
RESP18	3
REST	2957
RET	415
RETN	0
RETNLB	16
RETREG1	2620
RETREG1-AS1	240
RETREG2	345
RETREG3	3067
RETSAT	569
REV1	13306
REV3L	42959
REX1BD	325
REXO1	1094
REXO2	1231
REXO4	795
REXO5	933
RFC1	7489
RFC2	793
RFC3	5796
RFC4	1023
RFC5	708
RFESD	198
RFFL	342
RFK	226
RFLNA	2406
RFLNB	128
RFNG	315
RFPL1	7
RFPL1S	284
RFPL2	21
RFPL3	1
RFPL3S	149
RFPL4A	1
RFPL4AL1	2
RFPL4B	3
RFT1	711
RFTN1	5952
RFTN2	3495
RFWD3	1839
RFX1	1691
RFX2	18805
RFX2-AS1	129
RFX2-AS2	612
RFX3	38362
RFX3-DT	6500
RFX4	306
RFX4-AS1	563
RFX5	450
RFX5-AS1	5
RFX6	181
RFX7	16408
RFX8	354
RFXANK	375
RFXAP	1072
RGCC	508
RGL1	9221
RGL2	1903
RGL3	828
RGL4	30
RGMA	4493
RGMB	3496
RGMB-AS1	32
RGN	516
RGP1	721
RGPD1	203
RGPD2	349
RGPD3	186
RGPD4	211
RGPD4-AS1	5
RGPD5	19
RGPD6	43
RGPD8	1103
RGR	140
RGS1	409
RGS10	1065
RGS11	248
RGS12	13540
RGS13	25
RGS14	198
RGS16	160
RGS17	4559
RGS18	33
RGS19	54
RGS2	3824
RGS2-AS1	8906
RGS20	540
RGS21	57
RGS22	5209
RGS3	3231
RGS3-AS1	47
RGS4	96
RGS5	2719
RGS5-AS1	128
RGS5.1	0
RGS6	12769
RGS7	3639
RGS7BP	1158
RGS8	65
RGS9	1059
RGS9BP	41
RGSL1	193
RHAG	109
RHBDD1	8076
RHBDD2	733
RHBDD3	406
RHBDF1	487
RHBDF2	2041
RHBDL1	38
RHBDL2	2139
RHBDL3	830
RHBG	87
RHCE	284
RHCG	3861
RHD	171
RHEB	8125
RHEBL1	89
RHEX	100
RHNO1	4
RHO	6
RHOA	4158
RHOB	2717
RHOBTB1	3205
RHOBTB2	372
RHOBTB2-AS1	110
RHOBTB3	9130
RHOC	142
RHOD	399
RHOF	165
RHOG	216
RHOH	197
RHOJ	9320
RHOQ	5380
RHOQ-AS1	127
RHOT1	7289
RHOT2	970
RHOU	861
RHOV	550
RHOXF1	99
RHOXF1-AS1	313
RHPN1	275
RHPN1-AS1	7
RHPN2	2533
RIBC1	234
RIBC2	908
RIC1	13427
RIC3	1521
RIC3-DT	17
RIC8A	284
RIC8B	4609
RICTOR	21740
RICTOR-DT	14
RIDA	383
RIF1	14645
RIIAD1	291
RILP	64
RILPL1	4804
RILPL2	693
RIMBP2	2968
RIMBP2-AS1	27
RIMBP3	4
RIMBP3C	0
RIMKLA	482
RIMKLB	8565
RIMOC1	1519
RIMS1	7568
RIMS2	3320
RIMS3	259
RIMS4	204
RIN1	53
RIN2	15761
RIN3	4591
RING1	1573
RINL	179
RINT1	2559
RIOK1	1673
RIOK2	1243
RIOK3	9050
RIOX1	126
RIOX2	1353
RIPK1	2551
RIPK2	1724
RIPK2-DT	18322
RIPK3	72
RIPK4	2895
RIPOR1	1395
RIPOR2	2069
RIPOR3	1620
RIPOR3-AS1	97
RIPPLY2	17
RIPPLY3	165
RIT1	2184
RIT2	762
RITA1	142
RLBP1	38
RLF	13405
RLIM	3248
RLN1	10
RLN2	10
RLN3	6
RMC1	977
RMDN1	3300
RMDN2	1383
RMDN2-AS1	215
RMDN3	1340
RMEL3	171
RMI1	946
RMI2	840
RMI2-AS1	4
RMND1	2053
RMND5A	3182
RMND5B	2910
RMRP	5945
RMST	910
RN7SL832P	60
RNASE1	44
RNASE10	70
RNASE11	3
RNASE11-AS1	17
RNASE2CP	2
RNASE3	0
RNASE4	6
RNASE6	1
RNASE7	13
RNASE8	2
RNASE9	3
RNASEH1-DT	185
RNASEH2A	0
RNASEH2B	4497
RNASEH2B-AS1	191
RNASEH2C	355
RNASEK	4
RNASEL	622
RNASET2	166
RND1	80
RND2	27
RND3	5275
RNF10	4885
RNF103-CHMP3	2155
RNF11	3623
RNF111	8859
RNF112	104
RNF112-AS1	2
RNF113A	47
RNF113B	2
RNF114	2209
RNF115	9056
RNF121	3689
RNF122	976
RNF123	972
RNF126	788
RNF128	746
RNF13	10523
RNF130	11094
RNF130-AS1	0
RNF135	1009
RNF138	2714
RNF139	528
RNF139-DT	207
RNF14	1830
RNF141	1400
RNF144A	4613
RNF144B	2844
RNF145	16097
RNF146	2199
RNF149	31685
RNF150	24509
RNF151	10
RNF152	6636
RNF157	949
RNF157-AS1	198
RNF165	2911
RNF166	215
RNF167	453
RNF168	3891
RNF169	8373
RNF17	204
RNF170	3890
RNF175	799
RNF180	2430
RNF181	133
RNF182	155
RNF183	219
RNF185	3846
RNF185-AS1	1
RNF186	3
RNF186-AS1	9
RNF187	183
RNF19A	10419
RNF19B	1032
RNF2	2606
RNF20	2618
RNF207	1348
RNF208	30
RNF212	597
RNF212-DT	66
RNF212B	500
RNF213	14778
RNF213-AS1	7395
RNF214	3059
RNF215	1322
RNF216	17093
RNF216P1	836
RNF217	9998
RNF217-AS1	2976
RNF220	3807
RNF222	60
RNF223	170
RNF224	12
RNF225	6
RNF227	61
RNF228	27
RNF24	6828
RNF25	260
RNF26	30
RNF26-AS1	1
RNF31	30
RNF32	324
RNF32-AS1	87
RNF32-DT	2464
RNF34	1947
RNF38	9130
RNF39	669
RNF4	3725
RNF40	2008
RNF41	835
RNF44	954
RNF5	173
RNF6	615
RNF7	63
RNF8	2818
RNFT1	697
RNFT1-DT	44
RNFT2	996
RNGTT	12414
RNH1	590
RNLS	2825
RNMT	5326
RNPC3	8794
RNPC3-DT	1040
RNPEP	1291
RNPEPL1	220
RNPS1	1560
RO60	3849
ROBO1	31314
ROBO2	25133
ROBO3	355
ROBO4	292
ROCK1	18351
ROCK2	20447
ROCR	89
ROGDI	109
ROM1	48
ROMO1	80
ROPN1	24
ROPN1B	40
ROPN1L	2395
ROPN1L-AS1	2
ROR1	29725
ROR1-AS1	416
ROR2	23802
RORA	100979
RORA-AS1	2122
RORA-AS2	7
RORA-AS3	144
RORA-AS4	1
RORB	445
RORB-AS1	16
RORC	441
ROS1	96
RP1	26104
RP1L1	352
RP2	1090
RP9	972
RPA1	4110
RPA2	1144
RPA3	487
RPAIN	2301
RPAP1	881
RPAP2	9494
RPAP3	2788
RPAP3-DT	176
RPE	2878
RPE65	1265
RPEL1	24
RPF1	840
RPF2	2383
RPGR	6362
RPGRIP1	174
RPGRIP1L	4474
RPH3A	706
RPH3AL	5580
RPH3AL-AS1	9
RPH3AL-AS2	34
RPH3AL-AS3	4
RPIA	3139
RPL10	1303
RPL10A	1318
RPL10L	1
RPL11	2083
RPL12	1002
RPL13	1066
RPL13A	1798
RPL14	1154
RPL15	540
RPL17	4
RPL17-C18orf32	32
RPL18	429
RPL18A	195
RPL19	855
RPL21	1105
RPL22	482
RPL22L1	285
RPL23	1158
RPL23A	1680
RPL24	971
RPL26	0
RPL26L1	131
RPL26L1-AS1	55
RPL27	405
RPL27A	1132
RPL28	856
RPL29	251
RPL3	1659
RPL30	1570
RPL30-AS1	20
RPL31	4365
RPL32	885
RPL34	1200
RPL34-DT	672
RPL35	649
RPL35A	736
RPL36	489
RPL36A	0
RPL36A-HNRNPH2	83
RPL36AL	148
RPL37	2035
RPL37A	7143
RPL37A-DT	119
RPL38	678
RPL39	146
RPL39L	311
RPL3L	177
RPL4	1761
RPL41	403
RPL5	3496
RPL6	1143
RPL7	790
RPL7A	822
RPL7L1	1649
RPL8	523
RPL9	925
RPLP0	609
RPLP1	841
RPLP2	724
RPN1	1562
RPN2	2673
RPP14	225
RPP25	8
RPP25L	29
RPP30	2059
RPP38	2191
RPP38-DT	31
RPP40	133
RPRD1A	6548
RPRD1B	6828
RPRD2	13948
RPRML	3
RPS10-NUDT3	572
RPS11	744
RPS12	994
RPS13	535
RPS14	906
RPS15	173
RPS15A	486
RPS16	642
RPS18	1036
RPS19	1105
RPS19BP1	215
RPS2	356
RPS20	1299
RPS21	243
RPS21-DT	46
RPS23	751
RPS24	3512
RPS25	934
RPS26	156
RPS27	325
RPS27A	851
RPS27L	957
RPS28	123
RPS29	2197
RPS3	2349
RPS3A	1400
RPS4X	668
RPS4Y1	4117
RPS4Y2	13
RPS5	376
RPS6	2028
RPS6KA1	840
RPS6KA2	13435
RPS6KA2-AS1	0
RPS6KA3	13510
RPS6KA4	338
RPS6KA5	26985
RPS6KA6	5074
RPS6KB1	5483
RPS6KB2	572
RPS6KB2-AS1	17
RPS6KC1	13414
RPS6KL1	162
RPS7	776
RPS8	2136
RPS9	1242
RPSA	1293
RPSAP58	8259
RPTN	8
RPTOR	13486
RPUSD1	49
RPUSD2	132
RPUSD3	912
RPUSD4	568
RRAD	116
RRAGA	162
RRAGAP1-AS1	115
RRAGB	3458
RRAGC	78
RRAGC-DT	2986
RRAGD	1743
RRAS	407
RRAS2	5005
RRBP1	12956
RREB1	34102
RRH	190
RRM1	2034
RRM1-AS1	3
RRM2	2245
RRM2B	858
RRN3	1670
RRN3P2	1243
RRP1	833
RRP12	2349
RRP15	1437
RRP1B	2072
RRP36	883
RRP7A	1044
RRP8	772
RRP9	142
RRS1	31
RS1	97
RSAD1	815
RSAD2	403
RSBN1	3328
RSBN1L	12750
RSF1	20912
RSKR	415
RSL1D1	1165
RSL1D1-DT	2015
RSL24D1	775
RSPH1	4299
RSPH10B	468
RSPH10B2	860
RSPH14	926
RSPH3	3661
RSPH4A	893
RSPH6A	77
RSPH9	1291
RSPO1	71
RSPO2	1789
RSPO3	798
RSPO4	148
RSPRY1	6133
RSRC1	16050
RSRC2	8522
RSRP1	7396
RSU1	7717
RTBDN-AS1	13
RTCA	3291
RTCA-AS1	1325
RTCB	2312
RTEL1	98
RTEL1-TNFRSF6B	7
RTF1	4305
RTF2	1813
RTKN	1696
RTKN2	11092
RTL1	199
RTL3	23
RTL4	410
RTL5	182
RTL6	228
RTL8A	61
RTL8B	46
RTL8C	176
RTL9	272
RTN1	2091
RTN2	341
RTN3	8577
RTN4	20463
RTN4IP1	1436
RTN4R	167
RTN4RL1	336
RTN4RL1-AS1	4
RTN4RL1-AS2	25
RTN4RL2	72
RTP1	40
RTP2	4
RTP3	19
RTP4	98
RTP5	4
RTRAF	1076
RTTN	6905
RUBCN	2804
RUBCNL	523
RUFY1	6024
RUFY1-AS1	135
RUFY2	14322
RUFY3	14370
RUFY4	213
RUNDC1	996
RUNDC3A	82
RUNDC3A-AS1	51
RUNDC3B	1116
RUNX1	12278
RUNX1-AS1	123
RUNX1-AS2	4
RUNX1T1	20318
RUNX2	4482
RUNX2-AS1	6
RUNX3	209
RUNX3-AS1	1
RUSC1	555
RUSC1-AS1	199
RUSC2	7462
RUSF1	1536
RUSF1-DT	29
RUVBL1	1495
RUVBL1-AS1	12
RUVBL2	864
RWDD1	694
RWDD2A	171
RWDD2B	376
RWDD3-DT	908
RWDD4	984
RXFP1	631
RXFP1-AS1	17
RXFP2	59
RXFP3	0
RXFP4	5
RXRA	3564
RXRB	705
RXRG	288
RXYLT1	603
RXYLT1-AS1	37
RYBP	10038
RYK	11165
RYR1	2530
RYR2	46608
RYR3	21613
RYR3-AS1	6
RYR3-DT	173
S100A1	15
S100A10	951
S100A11	726
S100A12	5
S100A13	248
S100A14	343
S100A16	673
S100A2	408
S100A4	151
S100A5	14
S100A6	861
S100A7	3
S100A7A	3
S100A8	0
S100A9	722
S100B	196
S100G	3
S100P	623
S100PBP	4688
S100Z	218
S1PR1	209
S1PR1-DT	37
S1PR2	0
S1PR3	650
S1PR4	35
S1PR5	25
SAA1	19
SAA2-SAA4	11
SAAL1	932
SAC3D1	39
SACK1A-AS2	1
SACM1L	5785
SACS	7008
SACS-AS1	38
SAE1	4254
SAFB	10646
SAFB2	6060
SAG	149
SAGE1	15
SALL1	35
SALL1-AS1	785
SALL2	117
SALL3	14
SALL4	219
SALRNA1	1
SALRNA2	0
SAMD1	179
SAMD10	135
SAMD11	381
SAMD12	30943
SAMD12-AS1	3477
SAMD13	534
SAMD14	137
SAMD15	598
SAMD3	999
SAMD4A	21163
SAMD4A-AS1	1722
SAMD4B	4602
SAMD5	11017
SAMD7	25
SAMD8	4696
SAMD9	1520
SAMD9L	1038
SAMHD1	11046
SAMM50	1438
SAMMSON	1746
SAMSN1	420
SAMSN1-AS1	21
SANBR	5106
SAP130	4052
SAP18	563
SAP30	957
SAP30-DT	879
SAP30BP	2626
SAP30BP-AS1	4
SAP30L	395
SAP30L-AS1	1744
SAPCD1-AS1	64
SAPCD2	83
SAR1A	3492
SAR1B	2885
SARAF	2378
SARDH	303
SARM1	927
SARNP	265
SARS1	2847
SARS2	34
SART1	1549
SART3	3322
SASH1	22453
SASH3	143
SASS6	1639
SAT1	5203
SAT1-DT	50
SAT2	725
SATB1	4
SATB1-AS1	1563
SATB2	2481
SATB2-AS1	76
SATL1	375
SAV1	1398
SAXO1	905
SAXO2	2814
SAXO3	10
SAYSD1	309
SBDS	566
SBF1	1532
SBF2	52757
SBF2-AS1	1535
SBK1	295
SBK2	13
SBK3	8
SBNO1	6656
SBNO1-AS1	49
SBNO2	1820
SBSN	4
SBSPON	2143
SC5D	1075
SCAANT1	0
SCAF1	1004
SCAF11	21051
SCAF4	7564
SCAF8	18179
SCAI	8102
SCAMP1	5725
SCAMP1-AS1	134
SCAMP2	1412
SCAMP3	516
SCAMP4	970
SCAMP5	571
SCAND1	85
SCAP	2709
SCAPER	28880
SCARA3	1780
SCARA5	642
SCARB1	1351
SCARB2	5850
SCARF1	266
SCARF2	519
SCART1	1358
SCAT1	62
SCAT2	115
SCAT8	32
SCCPDH	2925
SCD	387
SCD-DT	139
SCD5	3932
SCDAL	66
SCEL	38997
SCEL-AS1	60
SCFD1	15916
SCFD2	13960
SCFD2-AS1	17
SCG2	95
SCG3	167
SCG3-AS1	1
SCG5-AS1	28
SCGB1A1	314
SCGB1B2P	11
SCGB1C1	0
SCGB1C2	0
SCGB1D1	0
SCGB1D2	2
SCGB1D4	6
SCGB2A1	16
SCGB2A2	102
SCGB2B2	3236
SCGB3A1	1
SCGB3A2	11
SCGN	280
SCHLAP1	402
SCIMP	110
SCIN	2892
SCIRT	740
SCLT1	21774
SCMH1	24503
SCML1	2084
SCML2	1843
SCML4	430
SCN10A	236
SCN11A	1178
SCN1A	622
SCN1A-AS1	1480
SCN1B	58
SCN2A	1193
SCN2B	95
SCN3A	956
SCN3B	355
SCN4A	221
SCN4B	123
SCN5A	700
SCN7A	18527
SCN8A	1606
SCN9A	4765
SCNM1	393
SCNN1A	4386
SCNN1B	2524
SCNN1D	322
SCNN1G	807
SCO1	820
SCO2	99
SCOC	1022
SCOC-AS1	519
SCP2	5899
SCP2D1	1
SCP2D1-AS1	29
SCPEP1	2522
SCPPPQ1	4
SCRG1	323
SCRG1-AS1	819
SCRIB	1554
SCRN1	3349
SCRN2	246
SCRN3	2158
SCRT1	25
SCT	15
SCTR	154
SCTR-AS1	9
SCUBE1	739
SCUBE1-AS1	10
SCUBE1-AS2	1
SCUBE2	2121
SCUBE3	588
SCUBE3-AS1	229
SCX	51
SCYGR10	0
SCYL1	738
SCYL2	6468
SCYL3	2567
SDAD1	3061
SDAD1-AS1	39
SDC1	3099
SDC2	4419
SDC3	1250
SDC4	2511
SDCBP	2500
SDCBP2	568
SDCBP2-AS1	1298
SDCCAG8	18344
SDE2	696
SDF2	496
SDF2L1	64
SDF4	812
SDHAF1	21
SDHAF3	1023
SDHAF4	1123
SDHB	2647
SDHC	2204
SDHD	0
SDK1	32251
SDK1-AS1	251
SDK2	2765
SDK2-AS1	7
SDR16C5	160
SDR39U1	480
SDR42E1	327
SDR42E2	197
SDR9C7	26
SDS	242
SDSL	96
SEBOX	1
SEC11A	3673
SEC11C	315
SEC13	1785
SEC14L1	4009
SEC14L2	208
SEC14L3	72
SEC14L4	95
SEC14L5	710
SEC14L6	89
SEC16A	3764
SEC16B	34
SEC22A	6678
SEC22B	2052
SEC22C	1197
SEC23A	8534
SEC23A-AS1	14
SEC23B	2203
SEC23IP	3402
SEC24A	5609
SEC24B	12774
SEC24B-AS1	1228
SEC24C	2044
SEC24D	13271
SEC31A	20412
SEC31B	1198
SEC61A1	2149
SEC61A2	1867
SEC61B	770
SEC61G	781
SEC61G-DT	245
SEC62	5139
SEC62-AS1	25
SEC63	11945
SECISBP2	7882
SECISBP2L	13642
SECTM1	181
SEH1L	1895
SEL1L	4316
SEL1L2	530
SEL1L3	3170
SELE	92
SELENBP1	633
SELENOF	5585
SELENOI	4353
SELENOK	398
SELENOM	192
SELENON	457
SELENOO	2648
SELENOO-AS1	43
SELENOP	1353
SELENOS	742
SELENOT	1998
SELENOV	64
SELENOW	1103
SELL	45
SELP	122
SELPLG	65
SEM1	6336
SEMA3A	32336
SEMA3B	1580
SEMA3B-AS1	7
SEMA3C	28325
SEMA3D	4106
SEMA3E	3319
SEMA3F	2839
SEMA3F-AS1	341
SEMA3G	134
SEMA4A	860
SEMA4B	7807
SEMA4C	855
SEMA4D	5291
SEMA4F	404
SEMA4G	355
SEMA5A	11825
SEMA5A-AS1	7
SEMA5A-AS2	172
SEMA5A-AS3	125
SEMA5B	1731
SEMA6A	9789
SEMA6A-AS1	1596
SEMA6A-AS2	237
SEMA6B	416
SEMA6C	750
SEMA6D	14735
SEMA6D-AS1	112
SEMA7A	102
SEMG1	3
SEMG2	1
SENCR	13
SENP1	2633
SENP2	4982
SENP3	72
SENP3-EIF4A1	26
SENP5	9914
SENP6	31532
SENP7	20270
SENP8	546
SEPHS1	1233
SEPHS2	61
SEPSECS	1040
SEPTIN1	190
SEPTIN10	9414
SEPTIN11	10105
SEPTIN11-DT	943
SEPTIN12	2
SEPTIN14	312
SEPTIN14P23	1
SEPTIN2	16882
SEPTIN3	189
SEPTIN4	235
SEPTIN4-AS1	249
SEPTIN5	144
SEPTIN6	6339
SEPTIN7	14055
SEPTIN7-DT	790
SEPTIN8	975
SEPTIN9	14182
SEPTIN9-DT	131
SERAC1	2402
SERBP1	5806
SERF1A	39
SERF1B	68
SERF2	1555
SERGEF	3694
SERHL2	192
SERINC1	2713
SERINC2	1149
SERINC3	2489
SERINC4	11
SERINC5	16712
SERINC5-AS1	55
SERP1	3632
SERP2	516
SERPINA1	24
SERPINA10	5
SERPINA11	14
SERPINA12	19
SERPINA2	2
SERPINA5	25
SERPINA6	14
SERPINA7	5
SERPINA9	212
SERPINB1	1062
SERPINB10	109
SERPINB11	1433
SERPINB12	58
SERPINB13	502
SERPINB2	2984
SERPINB3	57
SERPINB4	8
SERPINB5	918
SERPINB6	3224
SERPINB7	61
SERPINB8	136
SERPINB9	284
SERPINB9P1	347
SERPINC1	8
SERPIND1	28
SERPINE1	554
SERPINE2	2157
SERPINE3	81
SERPINF1	457
SERPINF2	122
SERPING1	521
SERPINH1	1762
SERPINI1	1061
SERPINI2	6871
SERTAD1	44
SERTAD2	4333
SERTAD2-AS1	23
SERTAD3	247
SERTAD3-AS1	10
SERTAD4	187
SERTAD4-AS1	75
SERTM1	20
SERTM2	31
SESN1	7516
SESN2	249
SESN3	11208
SESTD1	12955
SET	1395
SETBP1	35486
SETBP1-DT	18
SETD1A	883
SETD1B	1792
SETD2	26613
SETD3	8897
SETD4	1990
SETD4-AS1	9
SETD5	30963
SETD6	484
SETD7	3372
SETD9	131
SETDB1	3807
SETDB2	5576
SETMAR	738
SETSIP	3
SETX	16455
SEZ6	194
SEZ6L	1133
SEZ6L-AS1	11
SEZ6L2	361
SF1	6197
SF1-DT	67
SF3A1	972
SF3A2	835
SF3A3	2120
SF3B1	15637
SF3B2	2960
SF3B3	6761
SF3B4	258
SF3B5	55
SF3B6	436
SFI1	4111
SFMBT1	2504
SFMBT2	18014
SFN	200
SFPQ	15610
SFR1	186
SFRP1	205
SFRP2	149
SFRP4	364
SFRP5	8
SFSPAT	44
SFSWAP	10360
SFSWAP-AS1	3
SFT2D1	3029
SFT2D2	2001
SFT2D3	69
SFTA1P	21
SFTA2	110
SFTA3	2
SFTPA1	2
SFTPA2	9
SFTPB	21
SFTPC	26
SFTPD	142
SFTPD-AS1	33
SFXN1	4905
SFXN2	1100
SFXN3	471
SFXN4	2579
SFXN5	2339
SGCA	405
SGCB	1083
SGCD	39812
SGCE	7380
SGCG	2337
SGCZ	6673
SGF29	1413
SGIP1	8514
SGK1	1376
SGK2	286
SGK3	110
SGMS1	17297
SGMS1-AS1	167
SGMS2	3580
SGO1	551
SGO1-AS1	7389
SGO2	1489
SGPL1	9
SGPP1	2272
SGPP2	3160
SGSH	501
SGSM1	2262
SGSM2	4626
SGSM2-AS1	104
SGSM3	56
SGSM3-AS1	97
SGTA	1480
SGTB	857
SH2B1	2293
SH2B2	503
SH2B3	981
SH2D1B	72
SH2D2A	66
SH2D3A	1029
SH2D3C	962
SH2D4A	6393
SH2D4B	204
SH2D5	38
SH2D6	43
SH2D7	34
SH3BGRL	15749
SH3BGRL2	5677
SH3BGRL3	91
SH3BP1	53
SH3BP2	1244
SH3BP4	2595
SH3BP5	2528
SH3BP5-AS1	935
SH3BP5L	610
SH3D19	23685
SH3D19-AS1	7
SH3D21	1899
SH3GL1	3267
SH3GL1-AS1	15
SH3GL2	1172
SH3GL3	4781
SH3GLB1	7661
SH3GLB2	1059
SH3KBP1	4250
SH3PXD2A	28483
SH3PXD2A-AS1	104
SH3PXD2B	10132
SH3RF1	9911
SH3RF1-AS1	183
SH3RF2	6838
SH3RF3	6781
SH3RF3-AS1	9
SH3TC1	717
SH3TC2	831
SH3TC2-DT	408
SH3YL1	6611
SHANK1	618
SHANK2	16754
SHANK2-AS1	27
SHANK2-AS2	4
SHANK2-AS3	0
SHANK3	2577
SHARPIN	543
SHB	25
SHBG	161
SHC1	807
SHC2	2793
SHC3	805
SHC4	1424
SHCBP1	632
SHCBP1L	946
SHD	80
SHE	640
SHF	774
SHFL	849
SHH	65
SHISA2	30
SHISA3	59
SHISA4	32
SHISA5	963
SHISA6	1903
SHISA7	85
SHISA8	21
SHISA9	5465
SHISAL1	339
SHISAL2A	129
SHISAL2B	15
SHKBP1	488
SHLD1	1685
SHLD2	7974
SHMT1	1348
SHMT2	161
SHOC1	514
SHOC2	11485
SHOX2	43
SHPRH	14872
SHQ1	4037
SHROOM1	316
SHROOM2	2222
SHROOM3	7132
SHROOM3-AS1	275
SHROOM4	7713
SHTN1	5598
SI	222
SIAE	526
SIAH1	2476
SIAH2	1672
SIAH2-AS1	1126
SIAH3	403
SIDT1	5424
SIDT1-AS1	3
SIDT2	1453
SIGIRR	443
SIGLEC1	135
SIGLEC10	22
SIGLEC10-AS1	7
SIGLEC10-AS2	1
SIGLEC11	3
SIGLEC12	13
SIGLEC14	0
SIGLEC15	50
SIGLEC16	11
SIGLEC5	19
SIGLEC5.1	4
SIGLEC6	10
SIGLEC7	4
SIGLEC8	2
SIGLEC9	26
SIGLECL1	43
SIGMAR1	82
SIK1	2
SIK2	12393
SIK3	33932
SIKE1	945
SIL1	11582
SIL1-AS1	111
SILC1	107
SIM1	109
SIM1-AS1	79
SIM2	11183
SIMC1	4414
SIN3A	7208
SIN3B	4017
SINHCAF	3645
SIPA1	510
SIPA1L1	20831
SIPA1L1-AS1	422
SIPA1L2	18547
SIPA1L3	13393
SIRLNT	85
SIRPA	592
SIRPB2	52
SIRPD	120
SIRPG	75
SIRPG-AS1	17
SIRT1	3077
SIRT2	2275
SIRT3	704
SIRT4	235
SIRT5	2292
SIRT6	246
SIRT7	944
SIT1	3
SIVA1	523
SIX1	219
SIX2	14
SIX3	67
SIX3-AS1	3
SIX4	382
SIX5	206
SIX6	3
SKA1	211
SKA2	2922
SKA3	550
SKAP1	1021
SKAP1-AS1	50
SKAP1-AS2	10
SKAP2	26591
SKI	7403
SKIDA1	166
SKIL	3362
SKIV2L	562
SKOR1	65
SKOR1-AS1	16
SKOR2	36
SKP1	879
SKP2	2217
SLA	572
SLA2	306
SLAIN1	1657
SLAIN2	9578
SLAMF1	48
SLAMF6	78
SLAMF7	43
SLAMF8	17
SLAMF9	7
SLBP	1314
SLC10A1	107
SLC10A2	44
SLC10A3	22
SLC10A4	67
SLC10A5	77
SLC10A6	170
SLC10A7	8681
SLC11A1	107
SLC11A2	5594
SLC12A1	183
SLC12A2	9291
SLC12A2-DT	8542
SLC12A3	90
SLC12A4	1685
SLC12A5	32
SLC12A5-AS1	23
SLC12A6	6169
SLC12A7	1056
SLC12A8	1792
SLC12A9	1881
SLC12A9-AS1	245
SLC13A1	117
SLC13A2	46
SLC13A3	1485
SLC13A4	164
SLC13A5	51
SLC14A1	228
SLC14A2	858
SLC14A2-AS1	160
SLC15A1	382
SLC15A2	3106
SLC15A3	204
SLC15A4	1594
SLC15A5	142
SLC16A1	2160
SLC16A1-AS1	11677
SLC16A10	1380
SLC16A11	16
SLC16A12	992
SLC16A12-AS1	14
SLC16A13	158
SLC16A14	1686
SLC16A2	2943
SLC16A3	1451
SLC16A4	576
SLC16A5	872
SLC16A6	245
SLC16A7	8391
SLC16A8	7
SLC16A9	1596
SLC17A1	60
SLC17A2	9
SLC17A3	130
SLC17A4	27
SLC17A5	2837
SLC17A6	51
SLC17A6-DT	161
SLC17A7	34
SLC17A8	184
SLC17A9	228
SLC18A1	59
SLC18A2	143
SLC18A2-AS1	7
SLC18B1	2773
SLC19A1	727
SLC19A2	3004
SLC19A3	120
SLC1A1	1963
SLC1A2	531
SLC1A2-AS1	9
SLC1A2-AS2	6
SLC1A3	2261
SLC1A3-AS1	184
SLC1A4	405
SLC1A5	444
SLC1A6	168
SLC1A7	159
SLC20A1	2443
SLC20A1-DT	44
SLC20A2	12093
SLC22A1	221
SLC22A10	43
SLC22A11	26
SLC22A12	12
SLC22A13	153
SLC22A14	117
SLC22A15	3845
SLC22A16	91
SLC22A17	356
SLC22A18	391
SLC22A18AS	101
SLC22A2	225
SLC22A23	11739
SLC22A24	111
SLC22A25	134
SLC22A3	1368
SLC22A31	9
SLC22A4	1180
SLC22A5	1297
SLC22A6	192
SLC22A7	13
SLC22A8	40
SLC22A9	62
SLC23A1	71
SLC23A2	4206
SLC24A1	586
SLC24A2	1161
SLC24A3	20831
SLC24A3-AS1	37
SLC24A3-AS2	6
SLC24A4	316
SLC24A5	34
SLC25A1	103
SLC25A10	24
SLC25A11	244
SLC25A12	10525
SLC25A13	7803
SLC25A14	900
SLC25A15	197
SLC25A16	3891
SLC25A17	3310
SLC25A18	74
SLC25A19	214
SLC25A20	520
SLC25A21	6540
SLC25A21-AS1	107
SLC25A21-AS2	2130
SLC25A22	157
SLC25A23	1614
SLC25A24	4459
SLC25A25	2820
SLC25A25-AS1	594
SLC25A26	3890
SLC25A27	6549
SLC25A28	1543
SLC25A28-DT	19
SLC25A29	2404
SLC25A29-AS1	25
SLC25A3	1980
SLC25A30	549
SLC25A30-AS1	42
SLC25A31	156
SLC25A32	7
SLC25A33	1877
SLC25A34	113
SLC25A34-AS1	51
SLC25A35	112
SLC25A36	10792
SLC25A37	2915
SLC25A38	560
SLC25A39	459
SLC25A4	845
SLC25A40	3205
SLC25A41	134
SLC25A42	1468
SLC25A43	2665
SLC25A44	435
SLC25A45	216
SLC25A46	2499
SLC25A47	4
SLC25A48	448
SLC25A48-AS1	6
SLC25A5	138
SLC25A5-AS1	20
SLC25A52	5
SLC25A53	2100
SLC26A1	20
SLC26A11	1362
SLC26A2	930
SLC26A3	5504
SLC26A4	168
SLC26A4-AS1	13
SLC26A5	546
SLC26A5-AS1	134
SLC26A6	274
SLC26A7	3827
SLC26A8	275
SLC26A9	489
SLC27A1	2648
SLC27A2	907
SLC27A3	243
SLC27A4	683
SLC27A5	468
SLC27A6	7636
SLC28A1	211
SLC28A2	845
SLC28A2-AS1	215
SLC28A3	2009
SLC28A3-AS1	54
SLC29A1	1427
SLC29A2	319
SLC29A3	387
SLC29A4	330
SLC2A1	5601
SLC2A1-DT	1685
SLC2A10	1306
SLC2A11	45
SLC2A12	2012
SLC2A13	14936
SLC2A14	2088
SLC2A2	34
SLC2A3	3320
SLC2A4	581
SLC2A4RG	616
SLC2A5	246
SLC2A6	57
SLC2A7	120
SLC2A8	255
SLC2A9	4211
SLC2A9-AS1	14
SLC2A9-AS2	0
SLC30A1	334
SLC30A10	1490
SLC30A2	22
SLC30A3	106
SLC30A4	1820
SLC30A4-AS1	3761
SLC30A5	2808
SLC30A6	4135
SLC30A6-DT	45
SLC30A7	5442
SLC30A8	648
SLC30A9	9520
SLC31A1	1716
SLC31A2	78
SLC32A1	6
SLC34A1	71
SLC34A2	74
SLC34A3	29
SLC35A1	141
SLC35A2	115
SLC35A3	7
SLC35A4	114
SLC35A5	1061
SLC35B1	401
SLC35B2	94
SLC35B3	2713
SLC35B4	1119
SLC35C1	282
SLC35C2	1583
SLC35D1	3856
SLC35D2	1013
SLC35D3	3
SLC35E2B	2596
SLC35E3	3363
SLC35E4	409
SLC35F1	14094
SLC35F2	1093
SLC35F3	1187
SLC35F3-AS1	2
SLC35F4	790
SLC35F4-AS1	232
SLC35F5	11803
SLC35F6	0
SLC35G1	605
SLC35G2	899
SLC35G3	259
SLC35G4	0
SLC35G5	18
SLC35G6	16
SLC36A1	687
SLC36A2	58
SLC36A3	80
SLC36A4	3081
SLC37A1	7456
SLC37A2	373
SLC37A3	3952
SLC37A4	148
SLC38A1	16937
SLC38A10	2980
SLC38A11	1124
SLC38A2	10024
SLC38A2-AS1	53
SLC38A3	53
SLC38A4	510
SLC38A4-AS1	19053
SLC38A5	131
SLC38A6	6350
SLC38A7	361
SLC38A8	129
SLC38A9	4587
SLC39A1	5
SLC39A10	3723
SLC39A11	10744
SLC39A12	158
SLC39A12-AS1	13
SLC39A13	347
SLC39A13-AS1	104
SLC39A14	1485
SLC39A2	4
SLC39A4	101
SLC39A5	126
SLC39A6	748
SLC39A7	515
SLC39A8	608
SLC39A9	3572
SLC3A1	10
SLC3A2	1790
SLC40A1	1026
SLC41A1	799
SLC41A2	2743
SLC41A3	1035
SLC41A3-AS1	83
SLC43A1	527
SLC43A2	1890
SLC43A3	56
SLC44A1	3919
SLC44A2	3005
SLC44A3	2921
SLC44A4	2092
SLC44A5	5997
SLC45A1	250
SLC45A2	75
SLC45A3	204
SLC45A4	4720
SLC45A4-AS1	5
SLC45A4-AS2	69
SLC46A1	113
SLC46A2	49
SLC46A2-AS1	16
SLC46A3	145
SLC47A1	300
SLC47A2	118
SLC48A1	470
SLC49A3	102
SLC49A4	3781
SLC4A1	109
SLC4A10	819
SLC4A11	158
SLC4A1AP	1630
SLC4A2	1133
SLC4A3	230
SLC4A4	8612
SLC4A7	10664
SLC4A8	1242
SLC4A8-AS1	4
SLC4A9	88
SLC50A1	224
SLC51A	150
SLC51B	75
SLC52A1	134
SLC52A2	102
SLC52A3	34
SLC5A1	96
SLC5A10	195
SLC5A11	227
SLC5A12	119
SLC5A2	61
SLC5A4	226
SLC5A4-AS1	289
SLC5A5	44
SLC5A6	229
SLC5A7	945
SLC5A8	151
SLC5A9	68
SLC66A1	203
SLC66A2	2431
SLC66A3	407
SLC6A1	284
SLC6A1-AS1	58
SLC6A11	194
SLC6A12	37
SLC6A12-AS1	4
SLC6A13	73
SLC6A14	132
SLC6A15	564
SLC6A16	1206
SLC6A17	83
SLC6A17-AS1	7
SLC6A18	24
SLC6A19	36
SLC6A2	274
SLC6A20	68
SLC6A3	93
SLC6A4	164
SLC6A5	95
SLC6A6	1479
SLC6A7	98
SLC6A8	754
SLC6A9	578
SLC71A1-AS1	117
SLC7A1	6157
SLC7A10	211
SLC7A10-AS1	7
SLC7A11	307
SLC7A11-AS1	275
SLC7A13	229
SLC7A14	374
SLC7A14-AS1	0
SLC7A2	4735
SLC7A3	10
SLC7A4	13
SLC7A5	396
SLC7A5-AS1	2
SLC7A6	1334
SLC7A6OS	1069
SLC7A7	410
SLC7A8	1390
SLC7A9	265
SLC8A1	57484
SLC8A1-AS1	1750
SLC8A2	857
SLC8A3	780
SLC8B1	1816
SLC9A1	1095
SLC9A2	1844
SLC9A3	286
SLC9A3-AS1	1053
SLC9A3-AS2	1
SLC9A3R1	1056
SLC9A3R1-AS1	20
SLC9A3R2	394
SLC9A4	1096
SLC9A5	343
SLC9A6	1966
SLC9A7	1155
SLC9A8	4648
SLC9A9	11731
SLC9A9-AS1	16
SLC9A9-AS2	1
SLC9B1	1101
SLC9B2	1068
SLC9C1	1327
SLC9C2	1301
SLCO1A2	119
SLCO1B1	141
SLCO1B3	2
SLCO1B3-SLCO1B7	441
SLCO1C1	197
SLCO2A1	961
SLCO2B1	627
SLCO3A1	26325
SLCO4A1	360
SLCO4A1-AS1	16
SLCO4A1-AS2	23
SLCO4C1	388
SLCO5A1	890
SLCO5A1-AS1	157
SLCO6A1	197
SLCO6A1-DT	9
SLF1	3994
SLF2	6810
SLFN11	397
SLFN12	447
SLFN12L	195
SLFN13	1187
SLFN14	34
SLFN5	1980
SLFNL1	83
SLFNL1-AS1	887
SLIRP	1689
SLIT1	1175
SLIT1-AS1	1
SLIT2	41641
SLIT3	29796
SLIT3-AS1	93
SLIT3-AS2	56
SLITRK1	47
SLITRK2	89
SLITRK3	140
SLITRK4	156
SLITRK5	1681
SLITRK6	1034
SLK	21525
SLMAP	33995
SLN	89
SLPI	104
SLTM	17653
SLU7	1332
SLURP1	5
SLURP2-AS1	7
SLX1B	2
SLX1B-SULT1A4	9
SLX4	700
SLX4IP	6732
SLX9	525
SMAD1	6655
SMAD1-AS1	7
SMAD1-AS2	10
SMAD2	14671
SMAD3	16165
SMAD3-AS1	12
SMAD3-DT	282
SMAD4	3817
SMAD5	7650
SMAD5-AS1	36
SMAD6	1882
SMAD7	951
SMAD9	3159
SMAGP	1374
SMANTIS	31
SMAP1	9453
SMAP2	2572
SMARCA1	11498
SMARCA2	21372
SMARCA2-AS1	52
SMARCA4	12255
SMARCA5	7623
SMARCA5-AS1	21
SMARCAD1	10571
SMARCAD1-DT	193
SMARCAL1	2576
SMARCAL1-AS1	39
SMARCB1	3079
SMARCC1	20184
SMARCD1	1113
SMARCD2	993
SMARCD3	1673
SMARCE1	23
SMC1A	2859
SMC1B	255
SMC2	1662
SMC2-DT	553
SMC3	5918
SMC4	7189
SMC5	28986
SMC5-DT	2988
SMC6	7624
SMCHD1	32002
SMCO1	25
SMCO2	373
SMCO3	27
SMCO4	1657
SMCP	19
SMCR2	10
SMCR5	36
SMCR8	420
SMDT1	304
SMG1	18268
SMG1-DT	90
SMG5	3509
SMG6	17330
SMG6-AS1	71
SMG7	9006
SMG7-AS1	94
SMG9	1362
SMILR	523
SMIM1	24
SMIM10	35
SMIM10L1	289
SMIM10L2A	40
SMIM10L2B	31
SMIM10L2B-AS1	48
SMIM11	6
SMIM12	1399
SMIM13	1196
SMIM14	6933
SMIM14-DT	199
SMIM15	295
SMIM15-AS1	628
SMIM18	37
SMIM19	595
SMIM2	10
SMIM2-AS1	528
SMIM20	570
SMIM21	10
SMIM22	97
SMIM23	15
SMIM24	21
SMIM26	1
SMIM27	162
SMIM28	31
SMIM29	47
SMIM29-AS1	337
SMIM3	526
SMIM30	230
SMIM31	269
SMIM32	8
SMIM33	4
SMIM35	485
SMIM36	232
SMIM4	1126
SMIM41	286
SMIM41-AS1	50
SMIM42	0
SMIM43	22
SMIM44	4
SMIM45	13
SMIM47	114
SMIM5	659
SMIM6	15
SMIM7	4
SMIM8	3711
SMIM9	6
SMKR1	18
SMLR1	13
SMN1	404
SMN2	292
SMNDC1	1206
SMO	1919
SMOC1	787
SMOC2	8127
SMOX	406
SMPD1	56
SMPD2	188
SMPD3	1062
SMPD4	1668
SMPDL3A	390
SMPDL3B	71
SMPX	605
SMR3A	4
SMR3B	15
SMS	2813
SMTN	15580
SMTNL1	29
SMTNL2	236
SMU1	3009
SMUG1	901
SMURF1	21360
SMURF2	12493
SMYD1	1916
SMYD2	4870
SMYD3	66351
SMYD3-AS1	19
SMYD4	2307
SMYD5	516
SNAI1	19
SNAI2	209
SNAI3	102
SNAI3-AS1	442
SNAP23	4052
SNAP25	751
SNAP25-AS1	656
SNAP29	1294
SNAP47	910
SNAP47-AS1	34
SNAP91	1872
SNAPC1	1807
SNAPC2	44
SNAPC3	7516
SNAPC4	1535
SNAPC5	182
SNAPIN	148
SNCA	4067
SNCA-AS1	17
SNCAIP	7126
SNCAIP-AS1	75
SNCAIP-AS2	353
SNCAIP-AS4	0
SNCB	20
SNCG	46
SND1	17752
SND1-DT	41
SNED1	3313
SNED1-AS1	663
SNF8	922
SNHG1	2061
SNHG10	685
SNHG11	67
SNHG12	937
SNHG14	29556
SNHG15	316
SNHG16	1280
SNHG17	417
SNHG18	559
SNHG19	180
SNHG20	29
SNHG21	129
SNHG22	2695
SNHG25	918
SNHG26	365
SNHG27	299
SNHG29	2786
SNHG30	516
SNHG31	2609
SNHG32	5
SNHG35	4
SNHG5	4
SNHG6	1124
SNHG7	396
SNHG8	290
SNHG9	107
SNIP1	852
SNN	111
SNORC	256
SNPH	99
SNRK	5380
SNRK-AS1	283
SNRNP200	3199
SNRNP25	153
SNRNP27	880
SNRNP35	1371
SNRNP40	2234
SNRNP48	3360
SNRNP70	10002
SNRPA	963
SNRPA1	1659
SNRPA1-DT	98
SNRPB	435
SNRPB2	527
SNRPC	752
SNRPD1	797
SNRPD2	311
SNRPD3	2
SNRPE	479
SNRPF	854
SNRPF-DT	562
SNRPG	662
SNRPN	944
SNTA1	362
SNTB1	10889
SNTB1-AS1	3
SNTB1-AS2	42
SNTB2	5153
SNTG1	2077
SNTG2	2493
SNTG2-AS1	14
SNTN	1384
SNU13	812
SNUPN	1069
SNW1	4569
SNX1	7663
SNX10	417
SNX10-AS1	35
SNX11	487
SNX12	463
SNX13	18204
SNX16	2010
SNX17	413
SNX18	1483
SNX19	2659
SNX2	7843
SNX20	33
SNX21	950
SNX22	51
SNX24	7271
SNX25	10272
SNX27	7553
SNX29	18785
SNX29-AS1	6
SNX29-AS2	2
SNX29-AS3	211
SNX3	4449
SNX30	3871
SNX30-DT	7
SNX31	2742
SNX32	582
SNX33	629
SNX4	6888
SNX5	3780
SNX6	7862
SNX7	3291
SNX8	2806
SNX9	11408
SNX9-AS1	23
SOAT1	2091
SOAT2	39
SOBP	11724
SOCS1	20
SOCS2	423
SOCS2-AS1	674
SOCS3	102
SOCS3-DT	111
SOCS4	1004
SOCS6	1944
SOCS7	2399
SOD1	583
SOD1-DT	27
SOD2	3035
SOD3	136
SOGA1	6301
SOGA3	4
SOHLH1	9
SOHLH2	8
SON	16676
SORBS1	148619
SORBS2	62210
SORBS2-AS1	34
SORBS2-AS2	0
SORBS3	770
SORCS1	15488
SORCS2	13802
SORCS3	8618
SORCS3-AS1	0
SORD	1177
SORD-AS1	32
SORL1	6833
SORL1-AS1	29
SORT1	8506
SOS1	28116
SOS2	10850
SOST	13
SOSTDC1	31
SOWAHA	4
SOWAHB	60
SOWAHC	215
SOWAHD	3
SOX1-OT	333
SOX10	422
SOX11	260
SOX12	269
SOX13	5095
SOX14	1
SOX15	59
SOX17	34
SOX18	16
SOX2-OT	12017
SOX21	54
SOX21-AS1	322
SOX3	10
SOX30	155
SOX4	1561
SOX5	29889
SOX5-AS1	63
SOX6	27341
SOX7	102
SOX7-AS1	145
SOX8	85
SOX9	1064
SOX9-AS1	45
SP1	3561
SP100	7371
SP110	2421
SP140	483
SP140L	4739
SP2	810
SP2-AS1	399
SP2-DT	40
SP3	9884
SP4	2104
SP5	17
SP6	37
SP7	32
SP8	7
SP9	12
SPA17	500
SPAAR	151
SPACA1	9
SPACA3	62
SPACA4	4
SPACA5	1
SPACA6	2972
SPACA6-AS1	76
SPACA7	169
SPACA9	283
SPADH	9
SPAG1	2243
SPAG11A	0
SPAG11B	3
SPAG16	21767
SPAG16-DT	25
SPAG17	18056
SPAG4	70
SPAG5-AS1	131
SPAG6	2225
SPAG7	981
SPAG8	701
SPAG9	21101
SPAM1	140
SPANXA2-OT1	1135
SPANXB1	0
SPANXN1	2
SPANXN2	10
SPANXN3	7
SPANXN4	17
SPARC	3858
SPARCL1	10130
SPART	7320
SPART-AS1	341
SPAST	4506
SPATA1	420
SPATA12	222
SPATA13-AS1	0
SPATA16	507
SPATA17	11138
SPATA17-AS1	12
SPATA18	4656
SPATA19	5
SPATA2	186
SPATA20	844
SPATA21	375
SPATA22	248
SPATA24	147
SPATA25	47
SPATA2L	242
SPATA3	93
SPATA3-AS1	53
SPATA31A1	2
SPATA31A3	0
SPATA31A6	5
SPATA31A7	0
SPATA31C2	14
SPATA31D1	7
SPATA31D3	3
SPATA31D4	0
SPATA31E1	2
SPATA32	60
SPATA33	765
SPATA4	289
SPATA41	36
SPATA42	1
SPATA45	124
SPATA46	5
SPATA48	153
SPATA5	11266
SPATA5L1	1410
SPATA6	17834
SPATA6L	6835
SPATA7	3747
SPATA8	0
SPATA8-AS1	12
SPATA9	346
SPATC1	223
SPATC1L	308
SPATS1	28
SPATS2	9091
SPATS2L	20331
SPC24	530
SPC25	1519
SPCS1	282
SPCS2	2153
SPCS3	2390
SPCS3-AS1	76
SPDEF	175
SPDL1	763
SPDYA	921
SPDYC	4
SPDYE1	45
SPDYE10	127
SPDYE12	108
SPDYE16	15
SPDYE17	25
SPDYE18	143
SPDYE2	29
SPDYE21	79
SPDYE2B	25
SPDYE3	45
SPDYE4	25
SPDYE5	53
SPDYE6	15
SPDYE9	2
SPECC1	2006
SPECC1-DT	0
SPECC1L	22
SPEF1	143
SPEF2	12019
SPEG	6515
SPEGNB	2
SPEN	11197
SPEN-AS1	559
SPESP1	1264
SPG11	12077
SPG21	2051
SPG7	6730
SPHK1	116
SPHK2	575
SPHKAP	671
SPI1	177
SPIB	16
SPIC	19
SPICE1-CFAP44	78
SPIDR	45091
SPIN1	14440
SPIN2A	22
SPIN2B	240
SPIN3	1967
SPIN4-AS1	9
SPINDOC	462
SPINK1	361
SPINK13	13
SPINK14	18
SPINK2	17
SPINK4	98
SPINK5	12835
SPINK6	5
SPINK7	3
SPINK8	61
SPINK9	27
SPINT1	2172
SPINT1-AS1	259
SPINT2	2087
SPINT3	0
SPINT4	64
SPIRE1	7434
SPIRE2	3273
SPMAP2L-DT	118
SPNS1	13
SPNS2	3215
SPNS2-AS1	11
SPNS3	173
SPO11	9
SPOCD1	134
SPOCK1	3280
SPOCK2	149
SPOCK3	3403
SPON1	3899
SPON1-AS1	343
SPON2	983
SPON2-AS1	37
SPOP	11881
SPOPL	7252
SPOPL-DT	2872
SPP1	83
SPP2	117
SPPL2A	5747
SPPL2B	1821
SPPL2C	0
SPPL3	23234
SPR	23
SPRED1	9250
SPRED2	7464
SPRED3	91
SPRING1	340
SPRN	6
SPRR1A	6
SPRR1B	1
SPRR2A	2
SPRR2B	0
SPRR2D	1
SPRR2E	13
SPRR2F	0
SPRR2G	3
SPRR3	423
SPRR4	2
SPRR5	2
SPRTN	511
SPRY1	1071
SPRY2	499
SPRY3	1385
SPRY4	378
SPRY4-AS1	9048
SPRYD3	351
SPRYD4	387
SPRYD7	1134
SPSB1	3260
SPSB2	127
SPSB3	667
SPSB4	1615
SPTA1	289
SPTAN1	16880
SPTB	868
SPTBN1	37322
SPTBN1-AS1	120
SPTBN1-AS2	144
SPTBN2	1757
SPTBN4	1705
SPTBN5	199
SPTLC1	6055
SPTLC2	5410
SPTLC3	4276
SPTSSB	421
SPTY2D1	1032
SPTY2D1OS	959
SPX	343
SPZ1	5
SQLE	2011
SQLE-DT	8
SQOR	376
SQSTM1	6024
SRA1	903
SRARP	28
SRBD1	7711
SRC	2278
SRCAP	273
SRCAP-AS1	39
SRCIN1	926
SRD5A1	905
SRD5A2	185
SRD5A3-AS1	197
SREBF1	2703
SREBF2	17566
SREBF2-AS1	47
SREK1	14530
SREK1IP1	3791
SRF	1403
SRFBP1	2878
SRGAP1	21605
SRGAP1-AS1	57
SRGAP2	5370
SRGAP2-AS1	32
SRGAP2B	2108
SRGAP2C	2147
SRGAP3	10984
SRGAP3-AS1	0
SRGAP3-AS2	39
SRGAP3-AS3	1
SRGAP3-AS4	19
SRGN	244
SRI	1014
SRI-AS1	7
SRL	811
SRM	412
SRMS	50
SRP14	485
SRP14-DT	970
SRP19	1060
SRP54	7674
SRP68	2605
SRP72	5216
SRP9	2584
SRPK1	7092
SRPK2	26095
SRPK2-AS1	2
SRPK3	104
SRPRA	715
SRPRB	998
SRPX	1051
SRPX2	4152
SRR	783
SRRD	370
SRRM1	13749
SRRM2	30265
SRRM2-AS1	313
SRRM3	884
SRRM4	1306
SRRM4-AS1	149
SRRM5	141
SRRT	2828
SRSF1	4
SRSF10	6720
SRSF11	22125
SRSF12	548
SRSF2	2543
SRSF3	4673
SRSF4	9810
SRSF5	14039
SRSF6	73
SRSF7	3772
SRSF8	249
SRSF9	1040
SRY	11
SS18	8414
SS18L1	2838
SS18L2	370
SSB	2605
SSBP1	5228
SSBP2	74339
SSBP3	12108
SSBP3-AS1	16
SSBP3-AS2	9
SSBP4	1251
SSC4D	77
SSC5D	641
SSH1	6788
SSH2	21100
SSH3	578
SSMEM1	106
SSNA1	69
SSPN	1985
SSR1	1947
SSR2	665
SSR3	1100
SSR4	88
SSRP1	949
SST	31
SSTR1	9
SSTR3	13
SSTR5	7
SSTR5-AS1	43
SSU72	1375
SSU72-AS1	63
SSU72P2	0
SSU72P3	0
SSUH2	291
SSX1	7
SSX2	4
SSX2B	19
SSX2IP	2671
SSX3	4
SSX4	0
SSX4B	2
SSX5	31
SSX7	26
ST13	4379
ST14	3906
ST18	939
ST18-AS1	7
ST18-AS2	16
ST18-AS3	6
ST20-AS1	27
ST20-MTHFS	14
ST3GAL1	3705
ST3GAL1-DT	52
ST3GAL2	2799
ST3GAL3	10
ST3GAL3-AS1	199
ST3GAL4	1740
ST3GAL5	960
ST3GAL5-AS1	20
ST3GAL6	4310
ST3GAL6-AS1	430
ST6GAL1	2523
ST6GAL2	9433
ST6GALNAC1	877
ST6GALNAC2	1151
ST6GALNAC3	18977
ST6GALNAC4	146
ST6GALNAC5	12329
ST7	3436
ST7-AS1	10
ST7-AS2	143
ST7L	6186
ST8SIA1	4506
ST8SIA2	838
ST8SIA3	77
ST8SIA4	2290
ST8SIA4-DT	4
ST8SIA5	418
ST8SIA5-DT	85
ST8SIA6	1011
ST8SIA6-AS1	311
STAB1	579
STAB2	1530
STAB2-AS1	517
STAC	2327
STAC2	125
STAC3	356
STAG1	53794
STAG1-DT	25
STAG2	19401
STAG2-AS1	69
STAG3	213
STAG3L5P-PVRIG2P-PILRB	4540
STAM	5610
STAM-AS2	15
STAM-DT	51
STAM2	8780
STAMBP	2854
STAMBPL1	4468
STAP1	196
STAP2	1750
STAR	29
STARD13	35824
STARD13-AS	532
STARD3	1367
STARD3NL	2165
STARD4	1163
STARD4-AS1	863
STARD5	474
STARD6	211
STARD7	1871
STARD7-AS1	645
STARD8	640
STARD9	20306
STAT1	3243
STAT2	4374
STAT3	12585
STAT4	1142
STAT4-AS1	13
STAT5A	425
STAT5B	8385
STAT6	6160
STATH	7
STAU1	7621
STAU2	10287
STAU2-AS1	35
STC1	191
STC2	157
STEAP1	181
STEAP1B	984
STEAP1B-AS1	10
STEAP1B-AS2	42
STEAP2	1921
STEAP2-AS1	1036
STEAP3	324
STEAP3-AS1	129
STEAP4	383
STEEP1	926
STIL	1683
STIM1	13023
STIM1-AS1	7
STIM2	4413
STIM2-AS1	5
STIMATE-MUSTN1	38
STING1	454
STIP1	1793
STK10	4226
STK11	1064
STK11IP	748
STK16	173
STK17A	2049
STK17B	3194
STK19	477
STK24	15078
STK24-AS1	21
STK25	1503
STK26	1609
STK3	26296
STK31	496
STK32A	1200
STK32A-AS1	269
STK32B	3798
STK32C	979
STK33	29559
STK35	2161
STK36	1791
STK38	19248
STK38L	11817
STK39	67569
STK4	3879
STK4-DT	7
STK40	2335
STKLD1	226
STMN1	1226
STMN2	468
STMN3	355
STMN4	235
STMND1	822
STMP1	1857
STOM	3172
STOML1	238
STOML2	202
STOML3	379
STON1	21
STON1-GTF2A1L	4004
STON2	4889
STOX1	1614
STOX2	29256
STPG1	1019
STPG2	3990
STPG2-AS1	157
STPG3	7
STPG3-AS1	21
STPG4	61
STRA6	325
STRA8	32
STRADA	51
STRADB	2151
STRAP	1785
STRBP	22319
STRC	36
STRIP1	2345
STRIP2	685
STRIT1	33
STRN	12522
STRN3	23365
STRN4	1567
STS	3452
STT3A	1957
STT3B	9848
STUB1	235
STUB1-DT	8
STUM	1639
STX10	345
STX11	395
STX12	8503
STX16	356
STX16-NPEPL1	878
STX17	6665
STX17-DT	672
STX18	9232
STX18-AS1	5236
STX19	1167
STX1A	643
STX1B	405
STX2	4120
STX3	2096
STX4	862
STX5	3672
STX5-DT	36
STX6	4433
STX7	9066
STX8	12866
STXBP1	4668
STXBP2	136
STXBP3	6734
STXBP4	9706
STXBP5	12719
STXBP5-AS1	1706
STXBP5L	1221
STXBP6	7304
STYK1	5911
STYX	2329
STYXL1	3220
STYXL2	151
SUB1	3169
SUCLA2	4239
SUCLA2-AS1	3
SUCLG1	3644
SUCLG2	14375
SUCLG2-DT	3622
SUCNR1	8
SUCO	9197
SUDS3	3763
SUFU	3820
SUGCT	7073
SUGCT-AS1	83
SUGP1	1764
SUGP2	8087
SUGT1	5085
SUGT1-DT	17
SUGT1P4-STRA6LP	2
SUGT1P4-STRA6LP-CCDC180	708
SULF1	10322
SULF2	4145
SULT1B1	312
SULT1C2	1406
SULT1C3	31
SULT1C4	1173
SULT1E1	688
SULT2A1	76
SULT2B1	1385
SULT4A1	144
SULT6B1	79
SUMF1	26419
SUMF2	1967
SUMO1	2563
SUMO2	1659
SUMO3	228
SUN1	14496
SUN2	1603
SUN3	164
SUN5	23
SUNO1	20
SUOX	782
SUPT16H	3361
SUPT20H	8200
SUPT20HL1	3
SUPT20HL2	6
SUPT3H	24781
SUPT5H	2979
SUPT6H	4127
SUPT7L	954
SUPV3L1	2003
SURF1	135
SURF2	96
SURF4	1070
SURF6	771
SUSD1	4409
SUSD2	26
SUSD3	66
SUSD4	4211
SUSD5	281
SUSD6	7204
SUV39H1	96
SUV39H2	1310
SUV39H2-DT	127
SUZ12	9596
SV2A	254
SV2B	602
SV2C	1040
SV2C-AS1	2
SV2C-AS2	42
SVBP	392
SVEP1	3945
SVIL	92117
SVIP	1092
SVOP	565
SVOPL	1000
SWAP70	4388
SWI5	1193
SWSAP1	61
SWT1	3365
SYAP1	2076
SYBU	965
SYBU-AS1	2
SYCE1	35
SYCE1L	60
SYCE2	254
SYCE3	37
SYCN	4
SYCP1	134
SYCP2	1440
SYCP2L	733
SYCP3	72
SYDE1	226
SYDE2	3131
SYF2	540
SYK	3071
SYMPK	4703
SYMPK-AS1	12
SYN1	16
SYN2	3683
SYN3	3432
SYN3-AS1	2
SYNAGE	165
SYNC	2404
SYNDIG1	1263
SYNDIG1L	21
SYNE1	38643
SYNE1-AS1	10
SYNE1-AS2	4
SYNE2	60324
SYNE3	742
SYNE3-AS1	8
SYNE4	140
SYNGAP1	5042
SYNGAP1-AS1	428
SYNGR1	1433
SYNGR2	273
SYNGR3	21
SYNGR4	58
SYNJ1	3332
SYNJ2	5829
SYNM	22369
SYNM-AS1	1577
SYNM-AS2	111
SYNPO	808
SYNPO2	81784
SYNPO2L	91
SYNPO2L-AS1	325
SYNPR	2209
SYNPR-AS1	1515
SYNRG	7921
SYP	379
SYP-AS1	20
SYPL1	2389
SYPL2	94
SYS1	12
SYS1-DBNDD2	581
SYT1	16693
SYT1-AS1	1066
SYT10	610
SYT11	985
SYT12	132
SYT13	67
SYT14	1412
SYT15	19
SYT15-AS1	350
SYT15B	27
SYT16	884
SYT17	3120
SYT2	743
SYT2-AS1	32
SYT3	208
SYT4	47
SYT5	194
SYT6	240
SYT7	341
SYT8	324
SYT9	1057
SYT9-AS1	1574
SYTL1	3381
SYTL2	23160
SYTL3	5790
SYTL4	3053
SYVN1	614
SZRD1	1952
SZT2	4422
SZT2-AS1	17
TAAR1	14
TAAR2	10
TAAR5	2
TAAR6	0
TAAR8	1
TAAR9	0
TAB1	1717
TAB2	14089
TAB2-AS1	21
TAB3	5692
TAB3-AS1	4
TAB3-AS2	4
TAC1	27
TAC3	54
TAC4	51
TAC4-AS1	90
TACC1	17997
TACC2	24017
TACC3	1565
TACR1	762
TACR1-AS1	986
TACR2	1216
TACR3	445
TACR3-AS1	78
TACSTD2	1097
TADA1	1121
TADA2A	3488
TADA2B	625
TADA3	817
TAF1	10913
TAF10	122
TAF11	2224
TAF11L11	0
TAF11L12	0
TAF11L13	0
TAF11L14	1
TAF12	1623
TAF12-DT	59
TAF13	405
TAF15	14274
TAF1A	968
TAF1A-AS1	34
TAF1B	4302
TAF1C	799
TAF1D	9140
TAF1L	39
TAF2	6242
TAF3	4878
TAF4	3878
TAF4B	2425
TAF5	445
TAF5L	1081
TAF6	299
TAF6L	603
TAF7	1170
TAF7L	71
TAF8	1822
TAF9B	311
TAFA1	6424
TAFA2	10465
TAFA3	142
TAFA4	1108
TAFA5	1908
TAFA5-AS1	24
TAFAZZIN	1224
TAGAP	88
TAGAP-AS1	1862
TAGLN	9529
TAGLN2	422
TAGLN3	145
TAL1	101
TAL2	19
TALAM1	21526
TALDO1	903
TAMALIN	551
TAMM41	3788
TANAR	51
TANC1	23958
TANC2	29843
TANGO2	802
TANGO2-AS1	55
TANGO6	4509
TANK	11833
TANK-AS1	107
TAOK1	16455
TAOK2	1197
TAOK3	15024
TAP1	502
TAPBP	3280
TAPBPL	881
TAPT1	5849
TAPT1-AS1	5229
TARBP1	5494
TARBP2	250
TARDBP	5933
TARID	5467
TARM1	25
TARP	7
TARS1	2761
TARS1-DT	154
TARS2	872
TARS3	5846
TAS1R1	140
TAS1R2	18
TAS1R3	31
TAS2R16	2
TAS2R38	1
TAS2R39	0
TAS2R40	0
TAS2R42	0
TAS2R5	93
TAS2R7	3
TAS2R8	4
TAS2R9	1
TASL	37
TASOR	10168
TASOR2	10470
TASP1	9686
TAT	9
TAT-AS1	49
TATDN1	4133
TATDN2	43
TATDN3	1600
TAX1BP1	17469
TAX1BP1-AS1	76
TAX1BP3	12
TBATA	16
TBC1D1	22601
TBC1D10A	1108
TBC1D10B	986
TBC1D10C	25
TBC1D12	8383
TBC1D13	813
TBC1D14	7571
TBC1D15	9760
TBC1D16	2137
TBC1D17	1258
TBC1D19	11314
TBC1D2	2012
TBC1D20	2379
TBC1D21	41
TBC1D22A	17981
TBC1D22A-AS1	2
TBC1D22A-DT	67
TBC1D22B	5080
TBC1D23	7404
TBC1D24	230
TBC1D25	704
TBC1D26	2
TBC1D26-AS1	44
TBC1D28	5
TBC1D2B	3052
TBC1D3	10
TBC1D31	2164
TBC1D32	12825
TBC1D3B	32
TBC1D3C	2
TBC1D3E	0
TBC1D3F	3
TBC1D3G	2
TBC1D3H	0
TBC1D3I	4
TBC1D3K	10
TBC1D3L	102
TBC1D3P1-DHX40P1	279
TBC1D4	7917
TBC1D5	51711
TBC1D7	1357
TBC1D8	13864
TBC1D8-AS1	102
TBC1D8B	3017
TBC1D9	6400
TBC1D9-AS1	8
TBC1D9-AS2	32
TBC1D9B	4448
TBCA	9145
TBCB	520
TBCC	79
TBCCD1	702
TBCD	15040
TBCE	436
TBCE.1	112
TBCEL-TECTA	69
TBCK	22006
TBILA	237
TBK1	3680
TBKBP1	556
TBL1X	20472
TBL1XR1	32937
TBL1XR1-AS1	32
TBL1Y	2325
TBL2	814
TBL3	207
TBP	1503
TBPL1	632
TBPL2	136
TBR1	12
TBRG1	1736
TBRG4	476
TBX1	424
TBX10	62
TBX15	347
TBX18	1723
TBX18-AS1	33
TBX19	1088
TBX2	751
TBX2-AS1	56
TBX20	68
TBX21	29
TBX22	15
TBX3	582
TBX3-AS1	483
TBX4	63
TBX5	4832
TBX5-AS1	99
TBX6	239
TBXA2R	239
TBXAS1	1111
TBXT	7
TC2N	6643
TCAF1	3112
TCAF2	120
TCAIM	7018
TCAP	84
TCEA1	4728
TCEA2	406
TCEA3	6320
TCEAL1	401
TCEAL2	125
TCEAL3	333
TCEAL3-AS1	23
TCEAL4	1604
TCEAL5	73
TCEAL6	6
TCEAL7	224
TCEAL8	281
TCEAL9	936
TCEANC	226
TCEANC2	1422
TCERG1	13898
TCERG1L	304
TCERG1L-AS1	0
TCF12	47251
TCF15	23
TCF19	215
TCF20	6809
TCF21	1027
TCF23	120
TCF24	48
TCF25	10306
TCF3	2859
TCF4	41002
TCF4-AS1	124
TCF4-AS2	19
TCF7	280
TCF7L1	16766
TCF7L2	21593
TCFL5	813
TCHH	149
TCHHL1	0
TCHP	2421
TCIM	473
TCIRG1	679
TCL1A	7
TCL6	19
TCN1	200
TCN2	253
TCOF1	1307
TCP1	1778
TCP11	149
TCP11L1	2111
TCP11L2	3789
TCP11X1	11
TCTA	231
TCTE1	319
TCTN1	3042
TCTN2	1415
TCTN3	1866
TDG	2377
TDGF1	53
TDH-AS1	5
TDO2	248
TDP1	3523
TDP2	1650
TDRD1	296
TDRD10	448
TDRD12	243
TDRD15	7
TDRD3	15136
TDRD5	252
TDRD6	149
TDRD6-AS1	56
TDRD7	1688
TDRD9	433
TDRG1	91
TDRKH	323
TDRKH-AS1	48
TDRP	2977
TEAD1	30327
TEAD1-AS1	12
TEAD2	1440
TEAD2-AS1	83
TEAD3	5168
TEAD4	594
TEC	2204
TECPR1	1273
TECPR2	4061
TECR	1826
TECRL	179
TECTA	324
TECTB	23
TEDC1	95
TEDC2	61
TEDC2-AS1	25
TEDDM1	4
TEF	1209
TEFM	1193
TEK	2079
TEKT1	3612
TEKT2	561
TEKT3	751
TEKT4	163
TEKT5	524
TELO2	548
TEMN3-AS1	10
TEN1-CDK3	1
TENM1	9478
TENM2	6976
TENM2-AS1	156
TENM2-AS2	5
TENM2-AS3	19
TENM2-AS4	21
TENM3	16209
TENM3-AS1	599
TENM4	20259
TENM4-AS1	13
TENT2	19494
TENT4A	4562
TENT4B	4441
TENT5A	5555
TENT5B	177
TENT5C	368
TENT5C-DT	89
TENT5D	121
TEP1	2247
TEPP	54
TEPSIN	253
TEPSIN-AS1	15
TERB1	246
TERB2	23
TERC	133
TERF1	3922
TERF2	2528
TERF2IP	5125
TERLR1	60
TERT	128
TERT-AS1	3
TES	6824
TESC	580
TESC-AS1	112
TESK1	249
TESMIN	401
TESPA1	67
TET1	10420
TET2	25892
TET2-AS1	66
TET3	9408
TEX10	3803
TEX101	63
TEX11	447
TEX12-AS1	3
TEX13A	0
TEX13C	4
TEX14	628
TEX15	1209
TEX19	5
TEX2	5579
TEX22	902
TEX26	478
TEX26-AS1	152
TEX26-AS2	5
TEX264	366
TEX28	9
TEX29	269
TEX30	220
TEX33	64
TEX35	65
TEX36	102
TEX36-AS1	5
TEX37	2
TEX38	9
TEX41	1518
TEX43	10
TEX44	1
TEX45	33
TEX46	55
TEX47	3
TEX48	49
TEX49	216
TEX50	1
TEX51	22
TEX52	44
TEX53	18
TEX54	0
TEX55	7
TEX9	6315
TF	287
TFAM	904
TFAP2A	896
TFAP2A-AS1	112
TFAP2A-AS2	24
TFAP2B	424
TFAP2C	504
TFAP2D	61
TFAP2E	218
TFAP2E-AS1	53
TFAP4	625
TFB1M	3120
TFB2M	1016
TFCP2	11773
TFCP2L1	706
TFDP1	2869
TFDP2	18061
TFDP3	3
TFE3	1099
TFEB	1118
TFEB-AS1	42
TFEC	253
TFF1	24
TFF2	185
TFF3	45
TFG	8293
TFIP11	443
TFIP11-DT	75
TFPI	4488
TFPI2	54
TFPT	255
TFR2	232
TFRC	6321
TG	1381
TGDS	2203
TGFA	2430
TGFB1	990
TGFB1I1	1024
TGFB2	2837
TGFB2-AS1	11
TGFB3	993
TGFBI	1105
TGFBR1	3377
TGFBR2	7377
TGFBR3	11628
TGFBR3L	22
TGFBRAP1	1252
TGFBRAP1-AS1	9
TGIF1	1390
TGIF2	66
TGIF2-RAB5IF	303
TGILR	37
TGM1	131
TGM2	1706
TGM4	66
TGM5	75
TGM6	196
TGM7	30
TGOLN2	3178
TGS1	3429
TH	38
TH2LCRR	67
THADA	16118
THAP1	113
THAP10	89
THAP11	29
THAP12	850
THAP2	539
THAP3	575
THAP4	1351
THAP5	0
THAP6	1854
THAP7	123
THAP7-AS1	210
THAP8	685
THAP9	837
THBD	47
THBS1	3291
THBS2	3246
THBS2-AS1	170
THBS3	2344
THBS3-AS1	756
THBS4	764
THBS4-AS1	307
THCAT155	8
THEG	23
THEG5	5
THEGL	131
THEM4	825
THEM5	8
THEM6	86
THEMIS	375
THEMIS2	152
THG1L	230
THNSL2	636
THOC1	9253
THOC1-DT	25
THOC2	18237
THOC3	1382
THOC3-AS1	12
THOC5	1469
THOC6	96
THOC7	1784
THOC7-AS1	3
THOP1	964
THORLNC	174
THPO	23
THRA	3464
THRAP3	11973
THRB	26020
THRB-AS1	336
THRIL	6
THRSP	39
THSD1	884
THSD4	42142
THSD4-AS1	215
THSD7A	15277
THSD7B	3491
THSD8	45
THUMPD1	1397
THUMPD2	6070
THUMPD3	1373
THUMPD3-AS1	3535
THY1	241
THYN1	426
TIA1	4
TIAL1	9631
TIALD	1
TIAM1	14616
TIAM1-AS1	14
TIAM2	16680
TICAM1	919
TICAM2	3
TICAM2-AS1	362
TICRR	822
TIE1	405
TIFA	278
TIFAB	7
TIFAB-AS1	3
TIGD1	400
TIGD2	138
TIGD3	6
TIGD4	443
TIGD5	78
TIGD6	108
TIGD7	522
TIGIT	34
TILAM	121
TILRLS	5
TIMD4	67
TIMELESS	872
TIMM10	29
TIMM13	132
TIMM17A	924
TIMM17B	118
TIMM21	944
TIMM22	322
TIMM23	2471
TIMM23B-AGAP6	695
TIMM29	312
TIMM44	1912
TIMM50	614
TIMM8A	117
TIMM8B	146
TIMM9	1474
TIMMDC1	2235
TIMMDC1-DT	6
TIMP1	77
TIMP2	5870
TIMP3	6393
TIMP4	16
TINAG	118
TINAG-AS1	0
TINAGL1	870
TINCR	355
TINF2	197
TIPARP	5755
TIPARP-AS1	25
TIPIN	1209
TIPRL	1910
TIRAP	426
TIRAP-AS1	311
TJAP1	1583
TJP1	26561
TJP2	69
TJP3	5124
TK1	300
TK2	1068
TKFC	298
TKT	1091
TKTL1	106
TKTL2	1
TLCD1	46
TLCD2	475
TLCD3A	310
TLCD3B	124
TLCD4	16
TLCD4-RWDD3	206
TLCD5	354
TLDC2	88
TLE1	4426
TLE1-DT	1125
TLE2	2742
TLE3	2501
TLE4	12696
TLE5	2018
TLE6	111
TLE7	7
TLK1	17881
TLK2	11193
TLL1	9681
TLL2	644
TLN1	6914
TLN2	13671
TLNRD1	94
TLR1	234
TLR10	11
TLR2	249
TLR3	341
TLR5	1214
TLR7	119
TLR8	10
TLR8-AS1	9
TLX1	8
TLX1NB	46
TLX2	58
TLX3	10
TM2D1	6141
TM2D2	171
TM2D3	1309
TM4SF1	1069
TM4SF1-AS1	122
TM4SF18	82
TM4SF18-AS1	138
TM4SF19-AS1	144
TM4SF19-DYNLT2B	5
TM4SF20	56
TM4SF4	116
TM4SF5	19
TM6SF1	146
TM7SF2	205
TM7SF3	5291
TM7SF3-AS1	20
TM9SF2	10383
TM9SF3	12733
TM9SF4	6490
TMA16	2586
TMA7	796
TMBIM1	1373
TMBIM4	0
TMBIM6	2158
TMC1	1839
TMC2	389
TMC3	317
TMC3-AS1	744
TMC4	1782
TMC5	4354
TMC5-AS1	98
TMC6	749
TMC7	654
TMC8	280
TMCC1	24278
TMCC1-DT	536
TMCC2	577
TMCC2-AS1	4
TMCC3	2468
TMCO1	1622
TMCO1-AS1	130
TMCO2	77
TMCO3	4404
TMCO4	5096
TMCO5A	144
TMCO6	173
TMDD1	4
TMED1	95
TMED10	2994
TMED2	932
TMED2-DT	232
TMED3	2542
TMED4	1407
TMED5	2085
TMED7	26
TMED7-TICAM2	312
TMED8	2209
TMED9	213
TMEFF2	1259
TMEM100	171
TMEM101	268
TMEM104	510
TMEM105	83
TMEM106A	710
TMEM106B	3539
TMEM106C	547
TMEM107	274
TMEM108	7739
TMEM108-AS1	17
TMEM109	183
TMEM109-DT	6
TMEM11	481
TMEM11-DT	1200
TMEM114	110
TMEM115	67
TMEM116	1846
TMEM117	26967
TMEM119	71
TMEM120A	350
TMEM120B	3885
TMEM121	29
TMEM121B	2
TMEM123	10241
TMEM123-DT	315
TMEM125	84
TMEM126A	464
TMEM126B	1001
TMEM127	366
TMEM128	644
TMEM128-DT	7
TMEM129	227
TMEM130	297
TMEM131	29288
TMEM131L	14008
TMEM132A	339
TMEM132B	1737
TMEM132C	5847
TMEM132D	1926
TMEM132D-AS1	3
TMEM132D-AS2	2
TMEM132E	117
TMEM132E-DT	5
TMEM134	463
TMEM135	13883
TMEM138	743
TMEM139	49
TMEM139-AS1	266
TMEM140	135
TMEM141	3
TMEM143	833
TMEM144	1580
TMEM145	121
TMEM147	44
TMEM147-AS1	183
TMEM14A	591
TMEM14B	2
TMEM14B-DT	37
TMEM14C	696
TMEM150A	83
TMEM150B	153
TMEM150C	757
TMEM151A	5
TMEM151B	17
TMEM154	9924
TMEM154-AS1	5
TMEM156	337
TMEM158	14
TMEM160	46
TMEM161A	652
TMEM161B	4656
TMEM161B-DT	10526
TMEM163	2419
TMEM164	4102
TMEM165	12662
TMEM167A	1561
TMEM167B	381
TMEM167B-DT	74
TMEM168	7656
TMEM169	152
TMEM17	97
TMEM170A	7
TMEM170B	965
TMEM171	91
TMEM174	1
TMEM175	698
TMEM176A	51
TMEM176B	355
TMEM177	217
TMEM178A	1581
TMEM178B	5097
TMEM179	412
TMEM179B	350
TMEM18	494
TMEM18-DT	61
TMEM181	4886
TMEM182	3174
TMEM183A	875
TMEM184A	4533
TMEM184B	2803
TMEM184B-AS1	5
TMEM184C	1717
TMEM184C-DT	14
TMEM185A	1700
TMEM185B	218
TMEM186	138
TMEM187	244
TMEM19	145
TMEM190	353
TMEM191B	9
TMEM191C	12
TMEM192	1505
TMEM196	272
TMEM198	86
TMEM199	0
TMEM200A	537
TMEM200B	186
TMEM200C	48
TMEM201	268
TMEM202	1
TMEM202-AS1	597
TMEM203	39
TMEM204	185
TMEM205	4
TMEM207	49
TMEM208	203
TMEM209	1564
TMEM210	0
TMEM212	1129
TMEM212-AS1	259
TMEM213	181
TMEM214	803
TMEM215	2
TMEM216	165
TMEM218	830
TMEM219	636
TMEM220	1237
TMEM221	0
TMEM222	558
TMEM223	409
TMEM225	3
TMEM225B	13
TMEM229A	3
TMEM229B	396
TMEM230	2435
TMEM232	24655
TMEM233	363
TMEM234	938
TMEM235	16
TMEM236	177
TMEM237	1549
TMEM238	93
TMEM239	0
TMEM240	112
TMEM241	5700
TMEM242	1920
TMEM242-DT	4
TMEM243	1393
TMEM244	46
TMEM245	10636
TMEM246-AS1	66
TMEM248	1975
TMEM249	1
TMEM25	324
TMEM250	75
TMEM252	11
TMEM252-DT	409
TMEM253	30
TMEM254	725
TMEM254-AS1	469
TMEM255A	204
TMEM255B	660
TMEM256-PLSCR3	242
TMEM258	295
TMEM259	1399
TMEM26	657
TMEM26-AS1	36
TMEM260	5310
TMEM262	4
TMEM263	3190
TMEM263-DT	51
TMEM266	449
TMEM267	1733
TMEM268	1311
TMEM269	93
TMEM270	15
TMEM271	0
TMEM273	124
TMEM275	34
TMEM30A	4034
TMEM30A-DT	276
TMEM30B	77
TMEM31	6
TMEM33	956
TMEM33-DT	196
TMEM35A	424
TMEM37	93
TMEM38A	811
TMEM38B	2528
TMEM39A	3837
TMEM39B	1127
TMEM40	5829
TMEM41A	741
TMEM41A-DT	52
TMEM41B	6414
TMEM43	1560
TMEM44	2515
TMEM44-AS1	181
TMEM44-AS2	64
TMEM45A	2062
TMEM45B	1911
TMEM47	592
TMEM50A	1810
TMEM50B	3855
TMEM51	5214
TMEM51-AS1	783
TMEM51-AS2	104
TMEM52	23
TMEM52B	49
TMEM53	512
TMEM54	94
TMEM59	3661
TMEM59L	160
TMEM60	222
TMEM61	35
TMEM62	2057
TMEM63A	8757
TMEM63B	1948
TMEM63C	208
TMEM64	1064
TMEM65	7974
TMEM67	6347
TMEM68	4380
TMEM69	541
TMEM70	254
TMEM71	1622
TMEM72	46
TMEM72-AS1	1421
TMEM74	479
TMEM74B	58
TMEM78	3
TMEM79	652
TMEM81	20
TMEM82	15
TMEM86A	41
TMEM86B	39
TMEM87A	8130
TMEM87B	6632
TMEM88	12
TMEM88B	35
TMEM89	0
TMEM8B	2690
TMEM9	691
TMEM92	67
TMEM92-AS1	62
TMEM94	2513
TMEM95	32
TMEM97	125
TMEM98	1911
TMEM9B	406
TMEM9B-AS1	3261
TMF1	9867
TMIE	40
TMIGD1	46
TMIGD2	29
TMIGD3	461
TMLHE	7198
TMLHE-AS1	540
TMOD1	1776
TMOD1-AS1	22
TMOD2	2368
TMOD3	9774
TMOD4	66
TMPO	6834
TMPO-AS1	67
TMPRSS11A	5110
TMPRSS11B	9449
TMPRSS11D	496
TMPRSS11E	1150
TMPRSS11F	583
TMPRSS12	149
TMPRSS13	169
TMPRSS15	431
TMPRSS2	3124
TMPRSS3	321
TMPRSS4	10222
TMPRSS5	401
TMPRSS6	57
TMPRSS6-AS1	0
TMPRSS7	157
TMPRSS9	471
TMSB10	881
TMSB15A	34
TMSB15B	261
TMSB15B-AS1	7
TMSB15B.1	8
TMSB4X	2887
TMSB4Y	220
TMTC1	8207
TMTC2	57835
TMTC3	4456
TMTC4	2579
TMUB1	122
TMUB2	549
TMX1	1541
TMX3	3330
TMX4	2009
TMX4-AS1	129
TNC	5147
TNF	5
TNFAIP1	613
TNFAIP2	541
TNFAIP3	1290
TNFAIP6	360
TNFAIP8	6978
TNFAIP8L1	693
TNFAIP8L3	381
TNFRSF10A	569
TNFRSF10A-AS1	2
TNFRSF10A-DT	17
TNFRSF10A-DT.1	30
TNFRSF10B	1521
TNFRSF10B-AS1	35
TNFRSF10C	2
TNFRSF10D	620
TNFRSF11A	665
TNFRSF11B	168
TNFRSF12A	53
TNFRSF13B	53
TNFRSF13C	65
TNFRSF14	771
TNFRSF14-AS1	233
TNFRSF17	3
TNFRSF18	7
TNFRSF19	5772
TNFRSF1A	1598
TNFRSF1B	624
TNFRSF21	4044
TNFRSF25	570
TNFRSF4	8
TNFRSF8	471
TNFRSF9	56
TNFSF10	1167
TNFSF11	41
TNFSF12	1
TNFSF12-TNFSF13	8
TNFSF13B	1371
TNFSF14	8
TNFSF15	551
TNFSF18	23
TNFSF4	224
TNFSF8	114
TNFSF9	9
TNIK	17350
TNIP1	2897
TNIP2	331
TNIP3	135
TNK1	135
TNK2	2586
TNK2-AS1	25
TNKS	26963
TNKS1BP1	3581
TNKS2	14718
TNKS2-DT	24
TNMD	26
TNN	142
TNNC1	84
TNNC2	323
TNNI1	148
TNNI2	246
TNNI3	40
TNNT1	578
TNNT3	3413
TNP1	0
TNP2	2
TNPO1	16946
TNPO1-DT	160
TNPO2	2316
TNPO3	10556
TNR	732
TNRC18	21543
TNRC18-AS1	27
TNRC6A	31990
TNRC6B	39382
TNRC6B-DT	8
TNRC6C	11002
TNS1	44523
TNS1-AS1	170
TNS2	2210
TNS2-AS1	854
TNS3	10569
TNS4	2299
TNXB	2779
TOB1	2944
TOB1-AS1	883
TOB2	1711
TOE1	88
TOGARAM1	13864
TOGARAM2	4080
TOLLIP	2151
TOLLIP-DT	16
TOM1	3238
TOM1L1	3963
TOM1L2	19157
TOM1L2-AS1	27
TOMM20	1767
TOMM20L	13
TOMM20L-DT	108
TOMM22	85
TOMM22-DT	152
TOMM34	436
TOMM40	448
TOMM40L	105
TOMM7	378
TOMM70	2939
TONSL	279
TONSL-AS1	10
TOP1	17220
TOP1MT	497
TOP2A	2992
TOP2B	17652
TOP3A	2337
TOP3B	1141
TOPAZ1	537
TOPBP1	4314
TOR1A	339
TOR1AIP1	3750
TOR1AIP2	4624
TOR1B	676
TOR2A	61
TOR3A	232
TOR4A	23
TOX	27755
TOX-DT	99
TOX2	2397
TOX3	3878
TOX4	2068
TP53	1280
TP53AIP1	308
TP53BP1	10559
TP53BP2	4221
TP53I11	1398
TP53I3	801
TP53INP1	1562
TP53INP2	261
TP53RK	119
TP53RK-DT	5
TP53TG1	479
TP53TG3D	0
TP53TG5	193
TP63	12287
TP73	899
TP73-AS2	0
TP73-AS3	31
TPBG	1051
TPBGL	3
TPBGL-AS1	121
TPCN1	5913
TPCN2	865
TPD52	9418
TPD52L1	2742
TPD52L2	1662
TPD52L3	2
TPGS1	317
TPGS2	3017
TPH1	94
TPH2	212
TPI1	605
TPK1	3597
TPL1	778
TPM1	106362
TPM1-AS	167
TPM2	36765
TPM3	3007
TPM4	17537
TPMT	654
TPO	262
TPP1	359
TPP2	13540
TPPP	1190
TPPP-AS1	8
TPPP2	23
TPPP3	691
TPR	15450
TPRA1	578
TPRG1	7164
TPRG1-AS1	15
TPRG1-AS2	5
TPRG1L	171
TPRKB	817
TPRN	291
TPRX1	88
TPRX2	0
TPSAB1	1
TPSB2	7
TPSD1	2
TPSG1	10
TPST1	12844
TPST2	1573
TPT1	3177
TPT1-AS1	13781
TPTE2	783
TPTEP2-CSNK1E	7045
TPX2	1790
TRA2A	25710
TRA2B	9738
TRABD	854
TRABD-AS1	69
TRABD2A	283
TRABD2B	3182
TRABD2B-AS1	1
TRAC	11
TRADD	497
TRAF1	814
TRAF2	1035
TRAF3	6819
TRAF3IP1	7439
TRAF3IP2	2042
TRAF3IP2-AS1	14685
TRAF3IP3	118
TRAF4	765
TRAF5	9289
TRAF6	2942
TRAF7	735
TRAFD1	1408
TRAIP	261
TRAJ10	0
TRAJ12	4
TRAJ13	1
TRAJ14	0
TRAJ16	0
TRAJ17	0
TRAJ18	0
TRAJ19	0
TRAJ20	4
TRAJ21	0
TRAJ23	1
TRAJ24	0
TRAJ26	1
TRAJ27	0
TRAJ29	0
TRAJ30	0
TRAJ31	0
TRAJ32	0
TRAJ33	0
TRAJ34	0
TRAJ35	1
TRAJ36	1
TRAJ37	0
TRAJ39	0
TRAJ4	0
TRAJ40	0
TRAJ41	0
TRAJ45	0
TRAJ47	1
TRAJ48	1
TRAJ49	0
TRAJ5	1
TRAJ50	0
TRAJ55	0
TRAJ56	0
TRAJ57	0
TRAJ6	2
TRAJ60	0
TRAJ7	3
TRAK1	13105
TRAK2	5028
TRAM1	3377
TRAM1L1	51
TRAM2	4978
TRAM2-AS1	393
TRANK1	5325
TRAP1	4323
TRAPPC1	97
TRAPPC10	3301
TRAPPC11	7117
TRAPPC12	9677
TRAPPC12-AS1	8
TRAPPC13	2449
TRAPPC14	132
TRAPPC2	1503
TRAPPC2L	195
TRAPPC3	1193
TRAPPC3L	53
TRAPPC4	308
TRAPPC5	114
TRAPPC6A	417
TRAPPC6B	3472
TRAPPC8	10128
TRAPPC9	25427
TRARG1	32
TRAT1	61
TRAV1-2	2
TRAV10	0
TRAV11	1
TRAV12-1	1
TRAV12-2	1
TRAV13-1	1
TRAV14DV4	0
TRAV16	1
TRAV17	2
TRAV18	3
TRAV19	1
TRAV2	0
TRAV20	0
TRAV21	3
TRAV22	0
TRAV24	0
TRAV25	0
TRAV27	0
TRAV29DV5	0
TRAV30	0
TRAV31	2
TRAV33	5
TRAV34	0
TRAV35	0
TRAV36DV7	0
TRAV37	0
TRAV38-2DV8	3
TRAV39	0
TRAV4	0
TRAV41	0
TRAV5	2
TRAV6	1
TRAV8-1	0
TRAV8-2	0
TRAV8-3	3
TRAV8-4	2
TRAV8-5	2
TRAV8-6	0
TRAV9-1	1
TRAV9-2	0
TRBC1	8
TRBC2	14
TRBD1	0
TRBJ1-2	1
TRBJ1-3	0
TRBJ2-2	2
TRBJ2-2P	1
TRBJ2-3	3
TRBJ2-4	0
TRBJ2-5	2
TRBJ2-6	0
TRBJ2-7	1
TRBV10-2	3
TRBV10-3	1
TRBV11-1	0
TRBV11-3	0
TRBV12-3	2
TRBV12-4	0
TRBV13	6
TRBV16	0
TRBV17	0
TRBV18	0
TRBV19	0
TRBV2	0
TRBV20-1	1
TRBV20OR9-2	36
TRBV23-1	0
TRBV25-1	0
TRBV26	0
TRBV26OR9-2	5
TRBV27	1
TRBV28	2
TRBV3-1	0
TRBV30	0
TRBV4-1	0
TRBV4-2	0
TRBV5-1	3
TRBV5-2	0
TRBV5-3	1
TRBV5-4	2
TRBV5-5	3
TRBV5-6	0
TRBV5-7	1
TRBV6-5	0
TRBV6-6	2
TRBV6-7	1
TRBV7-1	0
TRBV7-2	2
TRBV7-3	0
TRBV7-4	0
TRBV7-5	0
TRBV7-6	3
TRBV7-7	0
TRBV7-9	0
TRBV8-1	1
TRBV9	0
TRBVA	4
TRBVB	0
TRD-AS1	459
TRDC	6
TRDD3	0
TRDJ1	0
TRDJ2	0
TRDMT1	2783
TRDN	2304
TRDN-AS1	300
TRDV1	6
TRDV2	0
TREH	43
TREM1	28
TREM2	3
TREML1	5
TREML2	8
TREML4	3
TRERF1	12989
TRERNA1	0
TREX2	5
TRG-AS1	394
TRGC1	3
TRGC2	13
TRGJP1	4
TRGJP2	0
TRGV1	0
TRGV10	3
TRGV2	1
TRGV3	0
TRGV4	0
TRGV5	1
TRGV5P	0
TRGV6	0
TRGV7	3
TRGV8	1
TRGV9	0
TRGVA	0
TRGVB	0
TRH	6
TRHDE	2016
TRHDE-AS1	374
TRHR	31
TRIAP1	33
TRIB1	240
TRIB1AL	188
TRIB2	861
TRIB3	197
TRIL	57
TRIM10	9
TRIM11	543
TRIM11-AS1	3
TRIM13	2646
TRIM14	2979
TRIM15	9
TRIM16	1285
TRIM17	61
TRIM2	1
TRIM21	529
TRIM22	830
TRIM23	2732
TRIM24	9041
TRIM25	2051
TRIM26	2894
TRIM27	3824
TRIM28	811
TRIM29	4758
TRIM3	942
TRIM31	38
TRIM31-AS1	58
TRIM32	522
TRIM33	11252
TRIM35	769
TRIM36	362
TRIM37	4031
TRIM38	5744
TRIM39	90
TRIM39-RPP21	15
TRIM4	3081
TRIM40	12
TRIM41	814
TRIM41-AS1	35
TRIM42	27
TRIM43	2
TRIM43B	1
TRIM44	9518
TRIM45	501
TRIM46	268
TRIM47	121
TRIM48	8
TRIM49	4
TRIM49B	11
TRIM49C	9
TRIM49D1	2
TRIM5	1020
TRIM50	317
TRIM51	1
TRIM51G	5
TRIM52	1211
TRIM52-AS1	15
TRIM54	220
TRIM55	663
TRIM56	3458
TRIM58	146
TRIM59	62
TRIM59-IFT80	598
TRIM6	5
TRIM6-TRIM34	40
TRIM60	106
TRIM61	76
TRIM62	839
TRIM63	104
TRIM64	3
TRIM64B	10
TRIM64C	1
TRIM65	910
TRIM66	2654
TRIM67	297
TRIM67-AS1	2
TRIM68	327
TRIM69	681
TRIM7	180
TRIM7-AS1	52
TRIM7-AS2	68
TRIM71	408
TRIM72	199
TRIM73	105
TRIM74	54
TRIM75	12
TRIM77	3
TRIM8	1008
TRIM8-DT	42
TRIM9	1394
TRIML1	10
TRIML2	32
TRINGS	512
TRIO	45572
TRIO-AS1	10
TRIOBP	3896
TRIP10	4842
TRIP10-AS1	76
TRIP11	13610
TRIP12	17700
TRIP13	400
TRIP4	3707
TRIP6	911
TRIQK	5208
TRIQK-AS1	201
TRIR	817
TRIT1	5593
TRMO	482
TRMT1	711
TRMT10A	401
TRMT10B	2351
TRMT10C	199
TRMT11	9791
TRMT112	55
TRMT12	336
TRMT13	4795
TRMT1L	2559
TRMT2A	410
TRMT2B	2414
TRMT2B-AS1	151
TRMT44	2702
TRMT44-AS1	3
TRMT5	718
TRMT6	263
TRMT61A	151
TRMT61A-DT	67
TRMT61B	2541
TRMT9B	3779
TRMU	2652
TRNAU1AP	4470
TRNP1	2798
TRNT1	1871
TRO	1406
TROAP	272
TROAP-AS1	477
TRPA1	485
TRPC1	6826
TRPC3	1365
TRPC3-AS1	109
TRPC4	1391
TRPC4AP	16594
TRPC5	693
TRPC5OS	52
TRPC6	9152
TRPC7	327
TRPC7-AS1	30
TRPC7-AS2	9
TRPM1	750
TRPM1-AS1	63
TRPM2	220
TRPM2-AS	9
TRPM3	4792
TRPM4	2762
TRPM5	134
TRPM6	578
TRPM7	14280
TRPM8	89
TRPS1	34755
TRPS1-AS1	5
TRPT1	221
TRPV1	455
TRPV2	160
TRPV3	440
TRPV4	2304
TRPV5	84
TRPV6	148
TRRAP	14589
TRUB1	1649
TRUB2	497
TSACC	71
TSBP1	300
TSBP1-AS1	6740
TSC1	6843
TSC2	3823
TSC22D1	16791
TSC22D1-AS1	161
TSC22D2	17984
TSC22D3	1980
TSC22D4	1631
TSEN15	2528
TSEN2	4454
TSEN34	137
TSEN54	656
TSFM	175
TSG101	5542
TSGA10	9287
TSGA10IP	72
TSGA13	60
TSHB	2
TSHR	497
TSHR-AS1	2408
TSHZ1	7704
TSHZ2	62104
TSHZ2-AS1	1255
TSHZ3	6789
TSHZ3-AS1	1466
TSIX	423
TSKS	97
TSKU	351
TSKU-AS1	34
TSLP	56
TSN	855
TSNARE1	3354
TSNAX	0
TSNAX-DISC1	866
TSNAXIP1	587
TSPAN1	822
TSPAN10	122
TSPAN11	1181
TSPAN12	1868
TSPAN13	756
TSPAN14	7212
TSPAN14-AS1	33
TSPAN15	3315
TSPAN16	119
TSPAN16-AS1	137
TSPAN17	423
TSPAN18	9747
TSPAN18-AS1	52
TSPAN19	683
TSPAN2	8201
TSPAN3	4581
TSPAN31	325
TSPAN32	118
TSPAN33	119
TSPAN4	673
TSPAN5	13506
TSPAN5-AS1	33
TSPAN5-DT	121
TSPAN6	407
TSPAN7	11
TSPAN8	776
TSPAN9	7194
TSPEAR	560
TSPEAR-AS1	94
TSPEAR-AS2	15
TSPO	408
TSPO2	3
TSPOAP1	2106
TSPOAP1-AS1	970
TSPYL1	414
TSPYL2	1054
TSPYL4	644
TSPYL5	291
TSPYL6	5
TSR1	1377
TSR2	358
TSR3	74
TSSC4	74
TSSK2	2
TSSK3	355
TSSK4	13
TSSK6	28
TST	190
TSTD2	2004
TSTD3	5174
TTBK1	226
TTBK2	8697
TTBK2-AS1	29
TTC1	3077
TTC12	3078
TTC12-DT	72
TTC13	3148
TTC14	9508
TTC14-DT	109
TTC16	333
TTC17	26488
TTC19	4948
TTC21A	2688
TTC21B	14537
TTC21B-AS1	81
TTC22	675
TTC23	5250
TTC23-AS1	1315
TTC23L	1520
TTC23L-AS1	9
TTC24	10
TTC26	3028
TTC27	6627
TTC28	56690
TTC28-AS1	8692
TTC29	11337
TTC29-AS1	6
TTC3	36150
TTC3-AS1	36
TTC30A	213
TTC30B	145
TTC31	1096
TTC32	781
TTC32-DT	4
TTC33	3594
TTC34	1208
TTC36	8
TTC36-AS1	158
TTC37	17168
TTC38	648
TTC39A	1087
TTC39A-AS1	61
TTC39B	6767
TTC39C	5066
TTC39C-AS1	138
TTC4	16
TTC5	1381
TTC6	7724
TTC7A	4539
TTC7B	7271
TTC7B-AS1	21
TTC7B-AS2	6
TTC7B-AS3	7
TTC8	4530
TTC9	2713
TTC9-DT	15
TTC9B	7
TTC9C	1188
TTF1	1887
TTF2	3339
TTI1	2856
TTI2	774
TTK	1177
TTL	2478
TTLL1	994
TTLL1-AS1	151
TTLL10	1173
TTLL10-AS1	47
TTLL11	6280
TTLL12	980
TTLL2	54
TTLL3	502
TTLL4	1580
TTLL5	15040
TTLL6	483
TTLL7	8933
TTLL8	44
TTLL9	1498
TTN	58442
TTN-AS1	13643
TTPA	368
TTPAL	288
TTR	141
TTTY10	3574
TTTY12	1
TTTY13	44
TTTY14	27329
TTTY17C	4
TTTY18	75
TTTY20	1
TTTY22	7
TTTY2B	5
TTTY4	3
TTTY4C	0
TTYH1	249
TTYH2	954
TTYH3	1211
TUB	1355
TUBA1A	1541
TUBA1B	259
TUBA1B-AS1	2911
TUBA1C	852
TUBA1C-AS1	199
TUBA3C	29
TUBA3D	11
TUBA3E	2
TUBA3FP	139
TUBA4A	290
TUBA4B	374
TUBA8	110
TUBAL3	65
TUBB	656
TUBB1	82
TUBB2A	79
TUBB2B	109
TUBB3	3
TUBB4A	28
TUBB4B	622
TUBB6	5157
TUBB8	333
TUBB8B	2
TUBD1	1275
TUBE1	2786
TUBG1	181
TUBG2	797
TUBGCP2	4132
TUBGCP3	7137
TUBGCP4	1340
TUBGCP5	2452
TUBGCP6	1543
TUFM	226
TUFT1	2869
TUG1	4390
TULP1	89
TULP2	376
TULP3	7284
TULP4	6866
TUNAR	93
TUSC1	23
TUSC2	90
TUSC3	13570
TUSC7	14
TUSC8	27
TUT1	4
TUT4	25416
TUT7	8911
TVP23A	887
TVP23B	1791
TVP23C-CDRT4	1950
TWF1	786
TWF2	109
TWF2-DT	10
TWIST1	2031
TWIST2	2744
TWNK	79
TWSG1	3806
TWSG1-DT	410
TXK	642
TXLNA	1776
TXLNB	544
TXLNG	2636
TXN	1579
TXN2	536
TXNDC11	4690
TXNDC11-AS1	27
TXNDC12	1029
TXNDC12-AS1	0
TXNDC15	1365
TXNDC16	4469
TXNDC17	117
TXNDC2	5
TXNDC8	76
TXNDC9	948
TXNIP	9975
TXNL1	3884
TXNL4A	2977
TXNL4B	1128
TXNRD1	4987
TXNRD1-AS1	49
TXNRD2	1082
TXNRD3	1835
TYK2	1728
TYMP	262
TYMS	809
TYMSOS	196
TYR	293
TYRO3	683
TYROBP	31
TYRP1	219
TYSND1	540
TYW1	7106
TYW1B	5084
TYW3	1664
TYW5	3089
U2AF1	407
U2AF2	2547
U2SURP	18425
U2SURP-AS1	32
UACA	19351
UAP1	3123
UAP1-DT	3
UAP1L1	112
UBA1	3477
UBA2	9040
UBA3	4267
UBA5	4343
UBA52	276
UBA6	13418
UBA6-DT	9431
UBA7	446
UBAC1	2090
UBAC2	16673
UBAC2-AS1	130
UBALD1	353
UBALD2	416
UBAP1	11676
UBAP1L	983
UBAP2	12572
UBAP2L	8750
UBASH3A	260
UBASH3B	2383
UBB	728
UBB-AS1	4
UBC	6906
UBD	3
UBE2A	1889
UBE2B	7337
UBE2C	138
UBE2D1	1363
UBE2D2	11923
UBE2D3	16437
UBE2D3-AS1	510
UBE2D4	329
UBE2E1	17789
UBE2E1-AS1	11
UBE2E2	26965
UBE2E2-DT	346
UBE2E3	11026
UBE2E3-DT	3
UBE2F	4
UBE2F-SCLY	313
UBE2G1	12272
UBE2G2	4533
UBE2H	30303
UBE2H-DT	323
UBE2I	3512
UBE2I-AS1	55
UBE2J1	2379
UBE2J2	2466
UBE2K	22973
UBE2L3	3791
UBE2L5	37
UBE2L6	211
UBE2M	135
UBE2N	3050
UBE2NL	3
UBE2O	2818
UBE2Q1	673
UBE2Q1-AS1	0
UBE2Q2	5210
UBE2QL1	283
UBE2R2	12757
UBE2R2-AS1	347
UBE2S	119
UBE2T	375
UBE2U	157
UBE2V2	3799
UBE2W	1
UBE2Z	2951
UBE3A	17975
UBE3B	3477
UBE3C	16078
UBE3D	9034
UBE4A	3635
UBE4B	17825
UBFD1	1133
UBIAD1	352
UBL3	10916
UBL4A	38
UBL4B	5
UBL5	122
UBL7	385
UBL7-DT	643
UBLCP1	1448
UBN1	3203
UBN2	9753
UBOX5	1539
UBOX5-AS1	271
UBP1	4857
UBQLN1	6180
UBQLN1-AS1	43
UBQLN2	309
UBQLN4	602
UBR1	13286
UBR2	22778
UBR3	23318
UBR4	11820
UBR5	38417
UBR5-DT	521
UBR7	326
UBTD1	1060
UBTD2	5052
UBTF	2085
UBXN1	351
UBXN10	829
UBXN11	1473
UBXN2A	8083
UBXN2B	2552
UBXN4	9115
UBXN6	842
UBXN7	7388
UBXN7-AS1	34
UBXN8	297
UCA1	16
UCHL1	374
UCHL1-DT	44
UCHL3	7
UCHL5	4226
UCK1	184
UCK2	2553
UCKL1	1667
UCKL1-AS1	320
UCMA	36
UCN	13
UCN2	3
UCN3	14
UCP1	9
UCP2	1641
UCP3	125
UEVLD	1786
UFC1	610
UFD1	1309
UFD1-AS1	13
UFL1	5082
UFL1-AS1	1838
UFM1	3499
UFSP1	17
UFSP2	2925
UGCG	11305
UGDH	2790
UGDH-AS1	2807
UGGT1	3363
UGGT2	18509
UGP2	6212
UGT1A8	34
UGT2A1	8
UGT2A3	259
UGT2B10	11
UGT2B11	40
UGT2B11-AS1	30
UGT2B15	187
UGT2B17	44
UGT2B28	8
UGT2B4	63
UGT2B7	1072
UGT3A1	49
UGT3A2	49
UGT8	793
UHMK1	2517
UHRF1	584
UHRF1BP1	2682
UHRF1BP1L	6136
UHRF1BP1L-DT	23
UHRF2	8305
UHRF2-AS1	169
UICLM	160
UIMC1	8490
ULBP1	16
ULBP2	24
ULBP3	47
ULK1	3382
ULK2	5158
ULK3	847
ULK4	24543
UMAD1	4
UMLILO	32
UMOD	75
UMODL1	198
UMODL1-AS1	70
UMPS	1498
UNC119B	664
UNC13A	618
UNC13B	11935
UNC13C	1647
UNC13D	441
UNC45A	1664
UNC45B	245
UNC50	1830
UNC5A	158
UNC5B	1172
UNC5B-AS1	23
UNC5C	12861
UNC5C-AS1	16
UNC5CL	218
UNC5D	3941
UNC79	3305
UNC80	1927
UNC93A	84
UNC93B1	571
UNCX	10
UNG	558
UNK	9724
UNKL	2183
UNKL-AS1	17
UPB1	269
UPF1	2263
UPF2	13116
UPF3A	6605
UPF3B	2415
UPK1A	144
UPK1A-AS1	12
UPK1B	601
UPK2	405
UPK3A	101
UPK3B	156
UPP1	659
UPP2	3221
UPRT	2150
UQCC1	7191
UQCC2	872
UQCC3	108
UQCR10	125
UQCRB	582
UQCRB-AS1	10
UQCRC1	1267
UQCRC2	8234
UQCRFS1	255
UQCRFS1-DT	11
UQCRH	2183
UQCRHL	147
UQCRQ	192
URAD	18
URB1	6340
URB1-AS1	53
URB2	313
URGCP	955
URGCP-MRPS24	43
URI1	10541
URM1	785
UROC1	62
UROD	176
UROS	1182
USB1	266
USE1	341
USF1	630
USF2	1198
USF3	3058
USH1C	486
USH1G	55
USH2A	1482
USH2A-AS1	7
USH2A-AS2	28
USHBP1	204
USO1	12047
USP1	1519
USP10	6346
USP11	1659
USP12	9455
USP12-AS1	24
USP12-DT	202
USP13	370
USP14	4765
USP15	17639
USP16	4121
USP17L15	0
USP17L2	1
USP17L22	0
USP17L7	0
USP18	234
USP19	636
USP2	367
USP2-AS1	2597
USP20	2054
USP21	1075
USP22	6682
USP24	17322
USP25	21552
USP26	177
USP27X	59
USP27X-DT	16
USP28	4850
USP29	10
USP3	16900
USP3-AS1	772
USP30	2211
USP30-AS1	6
USP31	7659
USP32	13294
USP33	15419
USP34	46506
USP34-DT	445
USP35	378
USP36	4753
USP37	8169
USP38	1525
USP38-DT	2451
USP39	1380
USP4	5836
USP40	9534
USP42	2841
USP43	1600
USP44	169
USP45	2963
USP46	3124
USP46-DT	115
USP47	30264
USP48	16426
USP49	147
USP5	422
USP50	270
USP51	112
USP53	16599
USP54	13067
USP6	380
USP6NL	12874
USP6NL-AS1	12
USP7	9159
USP7-AS1	20
USP8	10854
USP9X	19295
USP9Y	24714
USPL1	3837
UST	12989
UST-AS1	13
UST-AS2	9
UTF1	0
UTP11	913
UTP14A	1264
UTP15	566
UTP18	2884
UTP20	3636
UTP23	1910
UTP25	1083
UTP3	306
UTP4	1470
UTP6	3432
UTRN	51834
UTS2	59
UTS2B	181
UTS2R	17
UTY	35887
UVRAG	13585
UVRAG-DT	85
UVSSA	3826
UXS1	5953
UXT	439
UXT-AS1	103
VAC14	2159
VAC14-AS1	51
VAC14-AS2	11
VAMP1	357
VAMP1-AS1	20
VAMP2	7
VAMP3	1083
VAMP4	2434
VAMP5	156
VAMP8	424
VANGL1	1569
VANGL2	1128
VAPA	11823
VAPB	4554
VARS1	407
VASH1	570
VASH1-AS1	129
VASH1-DT	438
VASH2	1121
VASN	202
VASP	1634
VAT1	248
VAT1L	1333
VAV1	232
VAV2	4060
VAV3	4386
VAV3-AS1	42
VAX1	8
VAX2	110
VBP1	705
VCAM1	379
VCAN	21526
VCAN-AS1	206
VCL	30890
VCP	1841
VCPIP1	1779
VCPKMT	1157
VCX	5
VCX3A	0
VCX3B	5
VDAC1	2492
VDAC2	2950
VDAC3	3455
VDR	533
VEGFA	7574
VEGFB	870
VEGFC	3713
VEGFD	228
VENTX	9
VEPH1	985
VEZF1	3229
VEZT	13315
VGF	16
VGLL1	93
VGLL2	28
VGLL3	1522
VGLL4	19652
VHL	2724
VHLL	2
VIL1	166
VILL	1223
VILMIR	40
VIM	2973
VIM-AS1	176
VIP	198
VIPAS39	1569
VIPR1	621
VIPR1-AS1	50
VIPR2	911
VIRMA	5259
VIRMA-DT	568
VIT	837
VKORC1	0
VKORC1L1	5865
VLDLR	3345
VLDLR-AS1	4544
VMA21	320
VMO1	5
VMP1	18965
VN1R2	7
VNN1	252
VNN2	236
VOPP1	4095
VOPP1-DT	38
VPREB1	0
VPREB3	7
VPS11	588
VPS11-DT	13
VPS13A	19506
VPS13A-AS1	12
VPS13B	51628
VPS13B-DT	2094
VPS13C	22213
VPS13C-DT	14
VPS13D	22026
VPS16	750
VPS18	300
VPS25	243
VPS26A	4966
VPS26B	1428
VPS26C	2863
VPS28	573
VPS29	3455
VPS33A	2
VPS33B-DT	25
VPS35	3894
VPS35L	7678
VPS36	8905
VPS37A	4286
VPS37B	9057
VPS37C	2130
VPS37D	68
VPS39	4205
VPS39-DT	62
VPS41	10537
VPS45	9986
VPS45-AS1	1551
VPS4A	246
VPS4B	4011
VPS50	8388
VPS51	2570
VPS52	1256
VPS53	10817
VPS53-AS1	120
VPS54	17048
VPS72	716
VPS8	14347
VPS9D1	1285
VPS9D1-AS1	101
VRK1	3475
VRK2	8090
VRK3	2184
VRTN	131
VSIG1	379
VSIG10	2360
VSIG10L	135
VSIG10L-AS1	9
VSIG10L2	36
VSIG2	326
VSIG4	47
VSIR	1256
VSNL1	6693
VSTM1	57
VSTM2A	91
VSTM2A-OT1	0
VSTM2B	168
VSTM2B-DT	299
VSTM2L	655
VSTM4	3135
VSTM5	132
VSX1	10
VSX2	54
VTA1	3276
VTCN1	914
VTI1A	22641
VTI1B	573
VTN	30
VWA1	137
VWA2	1046
VWA3A	8490
VWA3B	5617
VWA5A	610
VWA5B1	358
VWA5B1-AS1	235
VWA5B2	53
VWA7	143
VWA8	18027
VWA8-AS1	134
VWC2	592
VWC2L	320
VWCE	269
VWDE	1269
VWF	2317
WAC	29291
WAC-AS1	1235
WAKMAR2	616
WAPL	11007
WAPL-DT	65
WARS1	978
WARS1-AS1	59
WARS2	3540
WARS2-AS1	9549
WARS2-IT1	61
WAS	65
WASF1	3412
WASF2	19954
WASF3	2029
WASF3-AS1	86
WASHC1	490
WASHC2A	2497
WASHC2C	2307
WASHC3	2314
WASHC4	12833
WASHC5	2717
WASHC5-AS1	9
WASIR2	2
WASL	7918
WASL-DT	99
WBP11	1969
WBP1L	4397
WBP2	1501
WBP2NL	1244
WBP4	3945
WDCP	203
WDFY1	2
WDFY2	10626
WDFY3	31212
WDFY3-AS1	125
WDFY3-AS2	399
WDFY4	825
WDHD1	2190
WDPCP	25155
WDR1	6613
WDR1-AS1	49
WDR11	7212
WDR11-DT	801
WDR12	2298
WDR13	987
WDR17	3369
WDR18	198
WDR19	6594
WDR19-DT	384
WDR20	7806
WDR24	91
WDR25	1655
WDR26	17698
WDR27	4
WDR3	1920
WDR31	905
WDR33	12194
WDR35	4244
WDR35-DT	21
WDR36	2550
WDR37	7077
WDR38	121
WDR4	1298
WDR41	10786
WDR43	5738
WDR44	6847
WDR45	576
WDR45B	8620
WDR46	539
WDR47	2605
WDR48	5127
WDR49	24746
WDR5	1923
WDR5-DT	19
WDR53	323
WDR54	194
WDR55	464
WDR59	10005
WDR5B	306
WDR5B-DT	1198
WDR6	2788
WDR61	1860
WDR62	689
WDR64	454
WDR7	10561
WDR7-AS1	1
WDR7-OT1	68
WDR70	21528
WDR72	540
WDR73	2142
WDR74	958
WDR75	4298
WDR76	1015
WDR77	484
WDR81	471
WDR81-AS1	20
WDR82	3075
WDR83	284
WDR86	624
WDR86-AS1	286
WDR87	92
WDR88	108
WDR89	1414
WDR90	900
WDR91	831
WDR93	691
WDR97	86
WDSUB1	4774
WDTC1	4141
WDTC1-DT	28
WEE1	3381
WEE2	74
WEE2-AS1	356
WFDC1	2579
WFDC10A	1
WFDC10B	367
WFDC11	27
WFDC12	0
WFDC13	4
WFDC2	420
WFDC3	380
WFDC5	5
WFDC8	15
WFDC9	26
WFIKKN1	25
WFIKKN2	35
WFS1	900
WFS1-AS1	33
WHAMM	3482
WHRN	4780
WIF1	768
WIPF1	6413
WIPF2	6046
WIPF3	1528
WIPI1	1389
WIPI2	3113
WIZ	545
WLS	17729
WNK1	17556
WNK2	12978
WNK3	1726
WNK4	247
WNT1	9
WNT10A	199
WNT10B	34
WNT11	102
WNT16	135
WNT2	107
WNT2B	1233
WNT3	133
WNT3A	244
WNT4	441
WNT5A	868
WNT5A-AS1	6
WNT5B	6951
WNT6	52
WNT7A	78
WNT7B	333
WNT8A	19
WNT8B	16
WNT9A	2208
WNT9B	51
WRAP53	426
WRAP73	526
WRN	15168
WRN-AS1	13
WRNIP1	1867
WSB1	28721
WSB2	1700
WSCD1	249
WSCD2	1576
WSPAR	2
WT1	185
WT1-AS	177
WTAP	5533
WTIP	1417
WWC1	4520
WWC2	12538
WWC2-AS1	10
WWC2-AS2	25
WWC3	6597
WWC3-AS1	55
WWOX	55239
WWOX-AS1	61
WWOX-AS2	29
WWP1	13549
WWP1-AS1	28
WWP2	5176
WWTR1	17632
WWTR1-AS1	32
XAB2	464
XACT	875
XAF1	2038
XAGE2	1
XAGE3	2
XAGE5	3
XBP1	2557
XCL1	16
XCL2	2
XCR1	114
XDH	1882
XG	74
XIAP	6516
XIAP-AS1	7
XIRP1	58
XIRP2	855
XIRP2-AS1	17
XIST	7529
XKR3	139
XKR4	21096
XKR4-AS1	2
XKR5	195
XKR6	16606
XKR7	107
XKR8	106
XKR9	0
XKRX	411
XNDC1N-ZNF705EP-ALG1L9P	835
XPA	3433
XPC	3093
XPC-AS1	98
XPNPEP1	3942
XPNPEP2	165
XPNPEP3	3019
XPO1	42832
XPO4	7094
XPO5	2535
XPO6	7152
XPO7	8157
XPOT	2719
XPR1	8595
XRCC1	809
XRCC2	754
XRCC3	309
XRCC4	3818
XRCC5	12010
XRCC6	3654
XRN1	20808
XRN2	8031
XRRA1	4355
XXYLT1	3785
XXYLT1-AS1	2
XXYLT1-AS2	45
XYLB	2490
XYLT1	21916
XYLT2	1376
YAE1	1589
YAE1-DT	62
YAF2	5664
YAP1	29369
YAP1-DT	10
YARS1	2566
YARS2	1590
YBEY	567
YBX1	4165
YBX2	99
YBX3	7776
YDJC	42
YEATS2	12207
YEATS2-AS1	13
YEATS4	1086
YES1	7408
YIF1A	131
YIF1B	423
YIPF1	692
YIPF2	603
YIPF3	520
YIPF4	4449
YIPF5	694
YIPF6	1975
YIPF7	218
YJEFN3	183
YJU2	481
YJU2B	2803
YKT6	290
YLPM1	9273
YME1L1	8804
YOD1	873
YPEL1	2124
YPEL2	5954
YPEL3	1071
YPEL3-DT	49
YPEL4	79
YPEL5	2929
YRDC	74
YTHDC1	19485
YTHDC2	8944
YTHDF1	1248
YTHDF2	4359
YTHDF3	5065
YTHDF3-DT	6
YWHAB	1383
YWHAE	11352
YWHAG	2759
YWHAH	153
YWHAH-AS1	98
YWHAQ	6365
YWHAZ	11684
YY1	4389
YY1-DT	220
YY1AP1	7063
ZACN	54
ZADH2	2571
ZAN	197
ZAP70	71
ZAR1	17
ZAR1L	38
ZBBX	17732
ZBED2	7
ZBED3	662
ZBED4	1830
ZBED5	3801
ZBED5-AS1	603
ZBED8	526
ZBED9	576
ZBED9-AS1	12
ZBP1	25
ZBTB1	5402
ZBTB10	2489
ZBTB11	2543
ZBTB11-AS1	104
ZBTB12	74
ZBTB14	178
ZBTB16	7427
ZBTB17	839
ZBTB18	814
ZBTB2	493
ZBTB20	82516
ZBTB20-AS1	79
ZBTB20-AS2	19
ZBTB20-AS3	9
ZBTB20-AS4	16
ZBTB20-AS5	292
ZBTB21	1524
ZBTB22	156
ZBTB24	299
ZBTB24-DT	80
ZBTB25	2567
ZBTB26	813
ZBTB3	189
ZBTB32	89
ZBTB33	357
ZBTB34	816
ZBTB37	2693
ZBTB38	7479
ZBTB39	131
ZBTB4	4228
ZBTB40	2750
ZBTB41	2737
ZBTB42	49
ZBTB43	2275
ZBTB44	5692
ZBTB44-DT	680
ZBTB45	390
ZBTB46	3379
ZBTB46-AS1	30
ZBTB46-AS2	64
ZBTB47	391
ZBTB47-AS1	1135
ZBTB48	567
ZBTB49	745
ZBTB5	1610
ZBTB6	204
ZBTB7A	3520
ZBTB7B	1049
ZBTB7C	9157
ZBTB7C-AS1	72
ZBTB8A	283
ZBTB8OS	4142
ZBTB9	63
ZC2HC1A	9108
ZC2HC1C	735
ZC3H11A	34
ZC3H11B	9
ZC3H11C	29
ZC3H12A	350
ZC3H12A-DT	865
ZC3H12B	20586
ZC3H12C	3959
ZC3H12D	163
ZC3H13	9949
ZC3H14	6333
ZC3H15	5394
ZC3H18	2880
ZC3H3	1836
ZC3H4	1385
ZC3H6	7913
ZC3H7A	7508
ZC3H7B	2914
ZC3H8	3134
ZC3HAV1	2864
ZC3HAV1L	796
ZC3HC1	1161
ZC4H2	4103
ZCCHC10	1576
ZCCHC10-AS1	159
ZCCHC12	16
ZCCHC14	5918
ZCCHC14-DT	102
ZCCHC17	2926
ZCCHC18	56
ZCCHC2	5079
ZCCHC24	3781
ZCCHC3	101
ZCCHC4	2553
ZCCHC7	33278
ZCCHC8	4314
ZCCHC9	1233
ZCRB1	1116
ZCWPW1	678
ZCWPW2	21
ZDBF2	1774
ZDHHC1	746
ZDHHC11	1995
ZDHHC11B	4424
ZDHHC12	23
ZDHHC12-DT	34
ZDHHC13	7412
ZDHHC14	5728
ZDHHC15	2001
ZDHHC16	817
ZDHHC17	12065
ZDHHC18	1290
ZDHHC19	38
ZDHHC2	1832
ZDHHC20	13099
ZDHHC21	9355
ZDHHC22	83
ZDHHC23	269
ZDHHC24	327
ZDHHC3	4023
ZDHHC4	408
ZDHHC5	3922
ZDHHC6	2561
ZDHHC7	3192
ZDHHC8	353
ZDHHC9	1064
ZEB1	35805
ZEB1-AS1	2187
ZEB2	20183
ZEB2-AS1	44
ZEBTR	38
ZER1	4154
ZFAND1	2490
ZFAND2A	421
ZFAND2A-DT	72
ZFAND2B	420
ZFAND3	47560
ZFAND3-DT	8
ZFAND4	1859
ZFAND5	8563
ZFAND6	12799
ZFAS1	2601
ZFAT	3808
ZFAT-AS1	2
ZFC3H1	19289
ZFHX2	1851
ZFHX2-AS1	697
ZFHX3	23613
ZFHX3-AS1	4110
ZFHX3-AS2	48
ZFHX3-AS3	104
ZFHX4	7403
ZFHX4-AS1	871
ZFP1	781
ZFP14	2611
ZFP14-AS1	3
ZFP2	961
ZFP28	705
ZFP28-DT	39
ZFP3	575
ZFP3-DT	9
ZFP30	4451
ZFP36	3492
ZFP36L1	13653
ZFP36L2	2620
ZFP37	803
ZFP41	28
ZFP42	23
ZFP57	5
ZFP62	1477
ZFP64	3819
ZFP69	320
ZFP69B	206
ZFP69B-DT	42
ZFP82	1479
ZFP90	3183
ZFP91	9
ZFP91-CNTF	17
ZFP92	71
ZFPL1	288
ZFPM1	2239
ZFPM1-AS1	526
ZFPM2	30945
ZFPM2-AS1	1326
ZFR	19683
ZFR2	374
ZFTA	297
ZFX	5303
ZFX-AS1	8
ZFY	2362
ZFY-AS1	331
ZFYVE1	2794
ZFYVE16	10525
ZFYVE19	398
ZFYVE21	2078
ZFYVE26	2831
ZFYVE27	1383
ZFYVE28	1511
ZFYVE28-AS1	60
ZFYVE9	10858
ZG16	3
ZG16B	20
ZGLP1	49
ZGPAT	67
ZGRF1	2628
ZHX1	54
ZHX1-C8orf76	361
ZHX2	9879
ZHX2-AS1	16
ZHX3	3898
ZIC1	257
ZIC2	11
ZIC3	42
ZIC4	102
ZIC4-AS1	3
ZIC5	11
ZIK1	221
ZIM2	484
ZIM2-AS1	423
ZIM3	27
ZKSCAN1	13680
ZKSCAN2	390
ZKSCAN2-DT	329
ZKSCAN3	684
ZKSCAN4	200
ZKSCAN5	915
ZKSCAN7	668
ZKSCAN7-AS1	2026
ZKSCAN8	1849
ZKSCAN8P1	160
ZMAT1	2257
ZMAT2	413
ZMAT3	832
ZMAT4	2277
ZMAT5	474
ZMIZ1	10739
ZMIZ1-AS1	1161
ZMIZ2	2697
ZMPSTE24	1889
ZMPSTE24-DT	165
ZMYM1	4339
ZMYM2	27811
ZMYM3	1228
ZMYM4	15853
ZMYM4-AS1	56
ZMYM5	5206
ZMYM6	81
ZMYND10	418
ZMYND10-AS1	58
ZMYND11	13418
ZMYND12	416
ZMYND15	45
ZMYND19	232
ZMYND8	15098
ZNF10	155
ZNF100	2352
ZNF101	514
ZNF106	6376
ZNF107	2917
ZNF112	228
ZNF114	191
ZNF114-AS1	39
ZNF117	5045
ZNF12	2643
ZNF121	3183
ZNF124	1737
ZNF131	8119
ZNF132	398
ZNF132-DT	56
ZNF133	5265
ZNF134	904
ZNF135	1679
ZNF136	1240
ZNF138	4428
ZNF14	2114
ZNF140	2101
ZNF141	5788
ZNF142	1159
ZNF143	3417
ZNF143-AS1	53
ZNF146	6245
ZNF148	19902
ZNF154	2944
ZNF155	1473
ZNF157	188
ZNF16	544
ZNF160	6560
ZNF165	99
ZNF169	796
ZNF175	816
ZNF18	502
ZNF180	1254
ZNF181	604
ZNF182	696
ZNF184	650
ZNF185	5614
ZNF189	1994
ZNF19	888
ZNF195	990
ZNF197	2513
ZNF2	370
ZNF20	592
ZNF200	337
ZNF202	869
ZNF205	199
ZNF207	11730
ZNF208	414
ZNF211	1232
ZNF212	1301
ZNF213	161
ZNF213-AS1	1073
ZNF214	1242
ZNF215	178
ZNF217	3326
ZNF217-AS1	237
ZNF219	682
ZNF22	242
ZNF22-AS1	19
ZNF221	539
ZNF222-DT	0
ZNF224	2118
ZNF225	454
ZNF225-AS1	92
ZNF226	2545
ZNF227	1592
ZNF229	0
ZNF230	237
ZNF230-DT	6
ZNF232	544
ZNF232-AS1	174
ZNF233	480
ZNF234	1302
ZNF235	6097
ZNF236	6408
ZNF236-DT	444
ZNF239	241
ZNF24	1871
ZNF248	6736
ZNF248-AS1	26
ZNF25	2089
ZNF25-DT	69
ZNF250	1520
ZNF251	2990
ZNF252P-AS1	37
ZNF253	2494
ZNF254	8841
ZNF256	238
ZNF257	503
ZNF26	2053
ZNF260	1444
ZNF263	1150
ZNF264	2491
ZNF266	4106
ZNF267	1469
ZNF268	516
ZNF273	4234
ZNF274	2132
ZNF275	339
ZNF276	2258
ZNF276-AS1	168
ZNF277	4706
ZNF277-AS1	141
ZNF28	757
ZNF280A	36
ZNF280B	185
ZNF280C	1579
ZNF280D	4935
ZNF281	287
ZNF282	1994
ZNF283	2146
ZNF284	78
ZNF286A-TBC1D26	164
ZNF287	485
ZNF292	44134
ZNF295-AS1	149
ZNF296	44
ZNF3	1836
ZNF30	475
ZNF30-AS1	69
ZNF300	931
ZNF302	2220
ZNF304	365
ZNF311	270
ZNF316	1099
ZNF317	1281
ZNF318	3294
ZNF319	33
ZNF32	430
ZNF32-AS3	106
ZNF320	3056
ZNF322	795
ZNF324	303
ZNF324B	155
ZNF326	11057
ZNF329	1022
ZNF330	2321
ZNF331	2695
ZNF333	1784
ZNF334	1734
ZNF335	1500
ZNF337	4094
ZNF337-AS1	1750
ZNF33A	8955
ZNF33B	5336
ZNF34	317
ZNF341	725
ZNF341-AS1	78
ZNF343	122
ZNF345	4109
ZNF346	4346
ZNF347	1765
ZNF35	384
ZNF350	787
ZNF350-AS1	493
ZNF354A	82
ZNF354B	1740
ZNF354C	1141
ZNF358	39
ZNF362	2615
ZNF366	365
ZNF367	492
ZNF37A	1
ZNF382	1056
ZNF383	1785
ZNF384	1416
ZNF385A	575
ZNF385B	17130
ZNF385C	384
ZNF385D	32978
ZNF385D-AS1	70
ZNF385D-AS2	98
ZNF391	683
ZNF394	1694
ZNF395	692
ZNF396	139
ZNF397	3460
ZNF398	3174
ZNF404	561
ZNF407	21449
ZNF407-AS1	590
ZNF408	90
ZNF41	1798
ZNF410	6
ZNF414	158
ZNF415	656
ZNF416	189
ZNF418	1296
ZNF420	4304
ZNF423	6897
ZNF425	476
ZNF426	747
ZNF426-DT	15
ZNF428	340
ZNF429	3328
ZNF43	3699
ZNF430	2540
ZNF431	7618
ZNF432	1921
ZNF433	613
ZNF436	625
ZNF436-AS1	195
ZNF438	11631
ZNF439	1760
ZNF44	8061
ZNF440	4987
ZNF441	1735
ZNF442	1076
ZNF444	1393
ZNF445	3387
ZNF446	193
ZNF449	710
ZNF45	966
ZNF45-AS1	426
ZNF451	10865
ZNF451-AS1	390
ZNF454	724
ZNF454-DT	14
ZNF460	2594
ZNF460-AS1	566
ZNF461	1819
ZNF462	11398
ZNF467	230
ZNF469	353
ZNF470	595
ZNF470-DT	425
ZNF471	2767
ZNF473	390
ZNF473-AS1	437
ZNF473CR	322
ZNF474	7
ZNF474-AS1	3
ZNF479	29
ZNF48	625
ZNF480	1585
ZNF483	1452
ZNF484	1499
ZNF485	217
ZNF486	965
ZNF487	2072
ZNF488	44
ZNF490	1247
ZNF491	546
ZNF492	293
ZNF493	1580
ZNF496	2019
ZNF496-DT	10
ZNF497	4
ZNF497-AS1	320
ZNF497-AS2	12
ZNF500	600
ZNF501	241
ZNF502	392
ZNF503	38
ZNF503-AS1	3336
ZNF503-AS2	254
ZNF507	4236
ZNF510	1292
ZNF511	29
ZNF511-PRAP1	84
ZNF512	0
ZNF512B	1773
ZNF513	132
ZNF514	17
ZNF516	20200
ZNF516-AS1	48
ZNF516-DT	9
ZNF517	219
ZNF518A	15084
ZNF518B	941
ZNF519	2487
ZNF519-AS1	0
ZNF521	7565
ZNF524	59
ZNF525	1112
ZNF526	373
ZNF527	722
ZNF528	2496
ZNF528-AS1	586
ZNF529	3172
ZNF529-AS1	2686
ZNF530	237
ZNF532	12123
ZNF534	203
ZNF536	12296
ZNF536-AS1	9
ZNF540	1028
ZNF541	147
ZNF543	514
ZNF544	10
ZNF546	877
ZNF547	0
ZNF549	1200
ZNF550	785
ZNF552	1301
ZNF554	367
ZNF555	890
ZNF555-AS1	54
ZNF556	205
ZNF557	1037
ZNF558	1268
ZNF559	5
ZNF559-ZNF177	659
ZNF560	73
ZNF561	1665
ZNF561-AS1	2452
ZNF562	4946
ZNF563	689
ZNF565	1365
ZNF566	2399
ZNF566-AS1	15
ZNF567	1390
ZNF567-DT	329
ZNF568	3693
ZNF569	1812
ZNF57	484
ZNF570	536
ZNF571	1576
ZNF571-AS1	36
ZNF572	82
ZNF573	2748
ZNF574	180
ZNF575	137
ZNF576	7
ZNF577	2782
ZNF578	424
ZNF579	85
ZNF580	121
ZNF582	285
ZNF582-DT	64
ZNF583	877
ZNF584	465
ZNF584-DT	115
ZNF585B	102
ZNF586	6920
ZNF587	2761
ZNF589	1641
ZNF592	2750
ZNF593	41
ZNF593OS	12
ZNF594	1529
ZNF594-DT	3334
ZNF595	1826
ZNF596	459
ZNF597	128
ZNF598	372
ZNF599	168
ZNF600	798
ZNF606	2037
ZNF606-AS1	1455
ZNF607	88
ZNF608	12399
ZNF608-AS1	26
ZNF609	19846
ZNF610	564
ZNF611	2446
ZNF613	402
ZNF614	734
ZNF615	1235
ZNF616	829
ZNF618	5052
ZNF620	480
ZNF621	2142
ZNF622	326
ZNF623	1223
ZNF624	1302
ZNF625-ZNF20	33
ZNF627	1628
ZNF628	65
ZNF628-DT	1
ZNF629	515
ZNF630	2785
ZNF630-AS1	49
ZNF638	46745
ZNF639	1076
ZNF641	655
ZNF644	18471
ZNF646	163
ZNF648	10
ZNF649	1061
ZNF649-AS1	70
ZNF652	6559
ZNF652-AS1	65
ZNF653	3
ZNF654	11305
ZNF655	13
ZNF658	490
ZNF66	2276
ZNF664	8
ZNF665	625
ZNF667	1413
ZNF667-AS1	997
ZNF668	160
ZNF669	143
ZNF670-ZNF695	71
ZNF671	381
ZNF672	379
ZNF674	917
ZNF674-AS1	65
ZNF675	2606
ZNF676	239
ZNF677	845
ZNF678	4386
ZNF679	100
ZNF680	4447
ZNF681	725
ZNF682	1965
ZNF683	10
ZNF684	571
ZNF687	282
ZNF687-AS1	29
ZNF688	194
ZNF689	110
ZNF69	3074
ZNF691	186
ZNF691-DT	52
ZNF692	1926
ZNF692-DT	25
ZNF696	574
ZNF697	1034
ZNF699	554
ZNF7	936
ZNF70	626
ZNF701	1732
ZNF703	114
ZNF704	16194
ZNF705A	6
ZNF705B	15
ZNF705D	6
ZNF705G	40
ZNF706	5883
ZNF707	277
ZNF708	3658
ZNF710	6159
ZNF710-AS1	1051
ZNF711	2182
ZNF714	3636
ZNF716	87
ZNF717	5640
ZNF718	4084
ZNF721	12269
ZNF722	59
ZNF723	53
ZNF724	68
ZNF726	983
ZNF728	45
ZNF729	33
ZNF730	1664
ZNF732	1243
ZNF735	15
ZNF736	4244
ZNF737	2236
ZNF738	1806
ZNF74	347
ZNF740	1370
ZNF746	886
ZNF747	6
ZNF747-DT	71
ZNF749	590
ZNF750	1877
ZNF75A	1855
ZNF75D	4019
ZNF76	1698
ZNF761	2535
ZNF763	118
ZNF764	239
ZNF765	1669
ZNF766	1834
ZNF768	112
ZNF77	472
ZNF770	1126
ZNF771	363
ZNF772	0
ZNF773	13
ZNF774	432
ZNF775	115
ZNF775-AS1	16
ZNF776	845
ZNF777	769
ZNF778	490
ZNF778-DT	122
ZNF780B	6489
ZNF782	4617
ZNF783	1259
ZNF784	51
ZNF785	1749
ZNF786	1088
ZNF787	892
ZNF789	2676
ZNF79	551
ZNF790	1682
ZNF790-AS1	2653
ZNF791	2835
ZNF792	126
ZNF793	2611
ZNF793-AS1	88
ZNF8-DT	1287
ZNF80	3
ZNF800	4279
ZNF804A	9482
ZNF804B	3988
ZNF805	1015
ZNF808	2132
ZNF81	1753
ZNF813	486
ZNF814	3007
ZNF816-ZNF321P	1042
ZNF821	1629
ZNF823	1533
ZNF827	10531
ZNF829	465
ZNF83	9892
ZNF830	290
ZNF831	317
ZNF835	80
ZNF836	9
ZNF837	63
ZNF839	1143
ZNF84	5377
ZNF84-DT	41
ZNF843	86
ZNF845	468
ZNF846	6468
ZNF846-DT	160
ZNF85	1732
ZNF850	1030
ZNF850-DT	23
ZNF852	1479
ZNF853	84
ZNF860	116
ZNF862	1740
ZNF865	438
ZNF875	4601
ZNF879	245
ZNF880	899
ZNF888	596
ZNF888-AS1	4
ZNF891	2315
ZNF892	1961
ZNF90	1949
ZNF91	22363
ZNF92	698
ZNF93	3076
ZNF98	1397
ZNF99	198
ZNFX1	2476
ZNHIT1	555
ZNHIT2	31
ZNHIT3	396
ZNHIT6	4507
ZNNT1	324
ZNRD2	245
ZNRD2-DT	92
ZNRF1	10770
ZNRF2	4584
ZNRF3	7713
ZNRF3-AS1	30
ZNRF4	0
ZP1	9
ZP2	110
ZP3	396
ZP4	45
ZPBP	828
ZPBP2	3
ZPLD1	511
ZPR1	209
ZRANB1	6385
ZRANB2	18110
ZRANB2-AS1	62
ZRANB2-DT	3284
ZRANB3	7548
ZRSR2	1994
ZSCAN1	109
ZSCAN10	21
ZSCAN12	1061
ZSCAN16	149
ZSCAN16-AS1	1146
ZSCAN18	2518
ZSCAN2	379
ZSCAN2-AS1	406
ZSCAN20	393
ZSCAN21	681
ZSCAN22	162
ZSCAN23	1100
ZSCAN25	963
ZSCAN26	0
ZSCAN29	655
ZSCAN30	2525
ZSCAN31	421
ZSCAN32	498
ZSCAN4	8
ZSCAN5A	4134
ZSCAN5A-AS1	208
ZSCAN5B	10
ZSCAN5C	11
ZSCAN9	772
ZSWIM1	64
ZSWIM2	36
ZSWIM3	399
ZSWIM4	2095
ZSWIM4-AS1	2
ZSWIM5	4764
ZSWIM6	40284
ZSWIM6-DT	222
ZSWIM7	2301
ZSWIM8	2315
ZSWIM9	807
ZUP1	1616
ZW10	2151
ZWILCH	1214
ZWINT	176
ZXDA	147
ZXDB	141
ZXDC	4690
ZYG11A	332
ZYG11B	4616
ZYX	2298
ZZEF1	9242
ZZZ3	13749
