gene	T11_b19_Skin_PCW19	T408S_b19_Skin_PCW19	T45_b19_Skin_PCW17
A1BG	18	17	33
A1BG-AS1	464	360	688
A1CF	247	211	375
A2M	3028	2186	3762
A2M-AS1	34	23	44
A2ML1	833	449	1148
A2ML1-AS1	431	269	680
A3GALT2	125	83	177
A4GALT	0	0	1
A4GNT	30	20	34
AAAS	1314	921	1536
AACS	1784	1313	2012
AADAC	127	75	154
AADACL2	273	239	344
AADACL2-AS1	804	466	910
AADACL3	40	58	61
AADACL4	82	59	94
AADAT	1387	1056	1923
AAGAB	1694	1241	2037
AAK1	9757	6456	12320
AAMDC	2993	2036	3654
AAMP	605	396	622
AANAT	83	58	99
AAR2	598	423	777
AARD	69	56	83
AARS1	1636	1151	2035
AARS2	935	617	1176
AASDH	1764	1432	2563
AASDH-DT	25	31	41
AASDHPPT	1429	1098	1973
AASDHPPT-AS1	51	39	75
AASS	4304	2778	6362
AATBC	112	104	127
AATF	2983	2128	4062
AATK	520	390	762
ABALON	59	25	62
ABAT	1777	1214	2265
ABCA1	5162	4279	5911
ABCA10	13790	9011	12059
ABCA12	1251	1209	1706
ABCA13	1465	1066	1850
ABCA2	333	245	385
ABCA3	779	647	1060
ABCA4	883	662	1164
ABCA5	2233	1983	2642
ABCA6	4537	3676	4445
ABCA7	300	338	401
ABCA8	9954	5002	9259
ABCA9	4072	3222	3845
ABCA9-AS1	327	217	376
ABCB1	1825	1213	2120
ABCB10	2015	1370	2381
ABCB11	464	468	581
ABCB4	1896	1176	2704
ABCB5	1010	788	1804
ABCB7	2313	1712	3047
ABCB8	1136	838	1516
ABCB9	1142	701	1411
ABCC1	3436	2626	4660
ABCC10	983	695	1302
ABCC11	312	200	421
ABCC12	200	163	288
ABCC2	431	330	595
ABCC3	489	359	619
ABCC4	2202	1417	2504
ABCC5	4725	3062	6043
ABCC5-AS1	16	14	16
ABCC6	498	317	571
ABCC8	656	369	680
ABCC9	5219	3282	5760
ABCD1	247	195	306
ABCD2	363	260	408
ABCD3	4255	3058	5648
ABCD4	1923	1519	2538
ABCE1	2866	2161	3809
ABCF1	2734	1801	3258
ABCF2	3	2	2
ABCF2-H2BK1	4	5	4
ABCF3	956	673	1288
ABCG1	1279	827	1385
ABCG2	1556	954	1686
ABCG4	47	30	63
ABCG5	80	66	102
ABCG8	138	128	202
ABHD1	56	41	80
ABHD10	959	660	1204
ABHD11	136	88	145
ABHD12	2381	1720	3211
ABHD12B	123	86	181
ABHD13	635	507	865
ABHD14A	67	52	116
ABHD14A-ACY1	116	76	148
ABHD14B	116	95	124
ABHD15	116	87	165
ABHD15-AS1	643	490	835
ABHD16B	10	6	12
ABHD16B-AS1	54	39	82
ABHD17A	248	193	389
ABHD17B	1373	1089	1666
ABHD17C	826	583	1126
ABHD18	3639	2766	4862
ABHD2	2747	1842	3345
ABHD3	2288	1697	2903
ABHD4	231	170	270
ABHD5	1288	1220	1466
ABHD6	1041	701	1206
ABHD8	582	378	720
ABI1	7583	5580	9554
ABI2	6250	4517	8131
ABI3	138	100	162
ABI3BP	26596	17230	45023
ABITRAM	1109	936	1506
ABL1	10412	6903	12440
ABL2	5234	3516	6141
ABLIM1	11475	7653	13793
ABLIM2	1575	1689	1839
ABLIM2-DT	19	15	7
ABLIM3	1515	1237	1732
ABO	1393	806	1668
ABR	4874	3616	6358
ABR-AS1	16	13	16
ABRA	61	58	55
ABRACL	267	207	533
ABRAXAS1	1209	758	1531
ABRAXAS2	1357	906	1724
ABT1	233	155	269
ABTB1	256	221	395
ABTB2	2590	2362	3429
ACAA1	873	623	1193
ACAA2	434	332	543
ACACA	12162	8605	15321
ACACB	4743	3287	4670
ACAD10	2158	1606	2832
ACAD8	683	555	968
ACAD9	3798	3421	5207
ACAD9-DT	153	117	248
ACADL	317	347	349
ACADM	2769	2184	3725
ACADS	291	233	396
ACADSB	1468	1124	1999
ACADVL	5007	4069	6208
ACAN	1106	1043	1375
ACAP1	162	149	209
ACAP2	10431	7128	12927
ACAP3	2088	1457	2607
ACAT1	1143	821	1468
ACAT2	640	501	845
ACBD3	3130	2164	3712
ACBD3-AS1	28	21	23
ACBD4	493	391	601
ACBD5	1860	1438	2460
ACBD6	9766	6724	12611
ACBD7	126	69	196
ACCS	1001	674	1295
ACCSL	57	35	53
ACD	623	487	842
ACE	138	120	123
ACE2	224	128	238
ACER1	88	101	124
ACER2	781	497	1068
ACER3	5326	3752	6827
ACER3-AS1	66	40	92
ACHE	137	155	159
ACIN1	11785	7928	15101
ACKR1	59	24	73
ACKR2	37	11	31
ACKR3	936	531	1017
ACKR4	377	216	511
ACLY	2875	2012	3376
ACMSD	221	154	295
ACO1	2056	1361	2405
ACO2	2133	1627	2866
ACOD1	43	32	47
ACOT1	44	23	61
ACOT11	1848	1445	2168
ACOT12	257	172	307
ACOT13	738	572	1016
ACOT2	165	97	180
ACOT4	2	2	6
ACOT6	65	42	84
ACOT7	1275	1028	1627
ACOT8	398	303	508
ACOT9	2669	1734	3150
ACOX1	1813	1325	2157
ACOX2	901	562	886
ACOX3	2634	1867	3257
ACOXL	1652	1106	2511
ACP1	1629	1248	2166
ACP2	275	214	285
ACP3	746	662	1281
ACP4	22	13	34
ACP5	17	12	22
ACP6	582	511	991
ACP7	130	100	149
ACR	68	31	65
ACRBP	133	100	197
ACRV1	26	26	43
ACSBG1	599	774	827
ACSBG2	408	277	486
ACSF2	1764	1534	2411
ACSF3	1692	1215	2466
ACSL1	2886	2236	2521
ACSL1-DT	74	40	104
ACSL3	3497	2633	4100
ACSL3-AS1	0	5	6
ACSL4	1949	1617	2889
ACSL5	336	240	342
ACSL6	0	0	6
ACSL6-AS1	18	9	16
ACSL6-AS2	8	10	17
ACSM1	205	113	285
ACSM2A	94	90	113
ACSM2B	87	86	102
ACSM3	747	529	1081
ACSM4	113	60	147
ACSM5	104	54	132
ACSM6	214	234	264
ACSS1	1729	1217	2531
ACSS2	3096	2771	3941
ACSS3	3697	2541	4650
ACSS3-AS1	80	49	115
ACTA1	556	1825	673
ACTA2	3170	2233	3486
ACTB	8198	4363	6823
ACTBL2	3	3	4
ACTC1	488	1265	550
ACTG1	2835	1730	2773
ACTG2	181	158	223
ACTL10	33	26	36
ACTL6A	1245	798	1435
ACTL6A-AS1	5	2	5
ACTL6B	39	43	60
ACTL7A	4	6	13
ACTL7B	3	1	5
ACTL8	153	75	197
ACTL9	5	3	15
ACTN1	3946	3206	4670
ACTN1-DT	66	55	100
ACTN2	1487	3609	1863
ACTN3	151	244	175
ACTN3-AS1	15	7	15
ACTN4	7668	5976	9130
ACTN4-AS1	71	64	88
ACTR10	2833	2082	3669
ACTR1A	1630	1194	2134
ACTR1B	538	376	637
ACTR2	2826	2221	3603
ACTR3	5406	3412	6293
ACTR3-AS1	569	451	964
ACTR3B	1825	1220	2381
ACTR3C	842	738	1298
ACTR5	786	521	924
ACTR6	1091	739	1490
ACTR8	1591	1176	2141
ACTRT2	9	3	14
ACTRT3	72	32	64
ACVR1	4332	3170	5598
ACVR1B	1700	1176	2067
ACVR1C	558	375	677
ACVR2A	8601	4719	10622
ACVR2B	1293	1120	1886
ACVR2B-AS1	26	38	33
ACVRL1	793	534	904
ACY3	19	22	42
ACYP1	1336	996	1747
ACYP2	10508	8828	14160
ADA	507	320	589
ADA2	415	381	550
ADAD1	123	94	187
ADAD2	64	36	75
ADAD2-AS1	86	68	131
ADAL	618	451	828
ADAM10	10002	6771	13092
ADAM11	254	192	399
ADAM12	15918	11174	27502
ADAM15	737	481	823
ADAM17	3709	2562	4753
ADAM18	428	266	541
ADAM19	2951	1881	3336
ADAM2	222	138	297
ADAM21	89	72	132
ADAM22	7567	4368	12406
ADAM23	1882	1287	2465
ADAM28	361	221	606
ADAM29	400	284	528
ADAM30	3	1	12
ADAM32	2570	1394	2814
ADAM33	6433	4423	6728
ADAM7	253	147	346
ADAM7-AS1	1754	1358	2257
ADAM8	147	94	184
ADAM9	4336	2469	5071
ADAMDEC1	51	50	63
ADAMTS1	3569	1988	3914
ADAMTS10	3463	2062	4315
ADAMTS10-AS1	33	13	31
ADAMTS12	14435	8718	13449
ADAMTS13	616	410	758
ADAMTS14	3327	2143	3770
ADAMTS15	741	719	860
ADAMTS16	1089	763	1041
ADAMTS16-AS1	99	42	101
ADAMTS16-DT	53	54	78
ADAMTS17	7542	5816	12559
ADAMTS17-AS1	7	16	19
ADAMTS18	7607	5752	6627
ADAMTS19	31473	13741	20150
ADAMTS19-AS1	793	448	703
ADAMTS2	7243	4414	7674
ADAMTS20	604	366	929
ADAMTS3	1546	898	1607
ADAMTS3-AS1	40	21	41
ADAMTS4	777	443	698
ADAMTS5	4496	2537	4720
ADAMTS6	5415	4147	7863
ADAMTS7	876	555	1064
ADAMTS8	177	131	197
ADAMTS9	22464	14131	27439
ADAMTS9-AS1	1980	1280	1986
ADAMTS9-AS2	10522	7305	12103
ADAMTSL1	21854	11257	24474
ADAMTSL2	484	299	568
ADAMTSL3	7129	4453	7285
ADAMTSL4	2569	1785	2754
ADAMTSL4-AS1	38	12	34
ADAMTSL4-AS2	285	188	286
ADAMTSL5	216	146	259
ADAP1	23	7	19
ADAP2	663	550	857
ADAR	3044	2177	4107
ADARB1	5891	5375	8247
ADARB2	2570	1722	3537
ADARB2-AS1	113	63	116
ADAT1	555	395	763
ADAT2	1751	1221	1881
ADCK1	1153	737	1600
ADCK2	170	180	264
ADCK5	486	346	617
ADCY1	4807	2754	6659
ADCY10	456	348	629
ADCY2	3751	3690	5196
ADCY2-AS1	151	108	174
ADCY3	2666	1780	3425
ADCY4	817	454	943
ADCY5	1376	879	1573
ADCY6	2216	1585	2831
ADCY6-DT	0	1	2
ADCY7	845	612	1264
ADCY8	1115	727	1311
ADCY9	6695	4695	7599
ADCYAP1	65	18	37
ADCYAP1R1	487	344	709
ADD1	8342	6050	10362
ADD2	1164	705	1415
ADD2-AS1	9	4	16
ADD3	18235	10918	18833
ADD3-AS1	1846	899	1707
ADGB	648	438	848
ADGB-DT	10	4	9
ADGRA1	147	102	218
ADGRA1-AS1	12	8	21
ADGRA2	4757	3285	6301
ADGRA3	7036	5384	9401
ADGRB1	1719	1274	3488
ADGRB2	815	480	892
ADGRB3	8681	7322	12556
ADGRB3-DT	79	52	137
ADGRD1	3185	1349	3134
ADGRD1-AS1	11	5	17
ADGRD1-AS2	29	32	33
ADGRD2	118	65	165
ADGRE1	99	54	126
ADGRE2	567	458	808
ADGRE3	245	177	327
ADGRE5	1169	832	1513
ADGRF1	175	95	226
ADGRF3	284	215	400
ADGRF4	218	253	280
ADGRF5	3152	1834	3503
ADGRF5-AS1	33	12	36
ADGRG1	912	824	1365
ADGRG2	1038	630	1181
ADGRG3	104	55	128
ADGRG4	280	197	351
ADGRG5	256	202	388
ADGRG6	3413	2025	4740
ADGRG7	209	141	262
ADGRL1	3785	2481	4717
ADGRL1-AS1	602	464	838
ADGRL2	22235	14759	25411
ADGRL3	27480	22884	37267
ADGRL3-AS1	251	197	348
ADGRL3-AS2	31	33	49
ADGRL3-AS3	78	33	90
ADGRL4	8503	3874	8528
ADGRV1	3701	2952	7201
ADH1A	65	56	68
ADH1B	314	232	305
ADH4	88	78	133
ADH5	1125	857	1480
ADH6	164	127	188
ADH7	69	56	82
ADI1	583	366	728
ADIPOQ	114	84	151
ADIPOQ-AS1	7	10	12
ADIPOR1	838	614	1029
ADIPOR2	4412	3063	5024
ADIRF	201	131	220
ADIRF-AS1	66	38	90
ADK	27939	19149	37611
ADK-AS1	68	60	126
ADM	234	130	314
ADM2	31	34	40
ADM5	26	19	34
ADNP	8144	5770	10436
ADNP-AS1	155	131	171
ADNP2	1210	752	1453
ADO	64	63	79
ADORA1	330	289	434
ADORA1-AS1	19	13	24
ADORA1-AS2	66	50	49
ADORA2A-AS1	249	187	327
ADORA2B	282	238	349
ADPGK	1580	1098	2074
ADPGK-AS1	148	65	185
ADPRH	96	75	140
ADPRH-AS1	8	1	2
ADPRHL1	605	567	736
ADPRM	380	288	550
ADPRS	327	190	411
ADRA1A	635	908	784
ADRA1B	626	439	788
ADRA1D	157	119	221
ADRA2A	52	60	59
ADRA2B	37	20	35
ADRA2C	3	4	2
ADRB1	12	14	24
ADRB2	55	39	55
ADRB3	11	5	6
ADRM1	277	223	352
ADSL	0	3	4
ADSS1	134	152	240
ADSS2	2127	1525	2749
ADTRP	572	505	893
AEBP1	1344	1033	1620
AEBP2	7635	5417	9892
AEN	143	99	190
AFAP1	10637	6345	12319
AFAP1-AS1	131	70	165
AFAP1-AS2	157	88	192
AFAP1L1	2415	2040	3010
AFAP1L2	4159	3024	5614
AFDN	8577	6170	10103
AFDN-DT	82	73	112
AFF1	11523	8822	17821
AFF2	3994	2185	5210
AFF3	16375	8747	17526
AFF4	9820	6502	11998
AFF4-DT	9	1	7
AFG1L	3320	2404	4646
AFG3L2	2566	1980	3248
AFM	95	112	135
AFMID	1536	1000	1807
AFP	99	152	123
AFTPH	2809	2163	3410
AFTPH-DT	9	12	26
AGA	337	284	450
AGA-DT	1885	1429	2581
AGAP1	46055	28543	61213
AGAP2	261	167	326
AGAP3	2186	1451	2505
AGAP4	443	327	704
AGAP9	317	226	408
AGBL1	3292	5947	4177
AGBL1-AS1	50	27	58
AGBL2	287	216	446
AGBL3	1290	963	1618
AGBL4	5365	3572	7355
AGBL4-AS1	44	19	64
AGBL5	543	397	722
AGBL5-AS1	4	3	5
AGER	239	201	325
AGFG1	3353	2572	4581
AGFG2	761	503	848
AGGF1	334	293	547
AGK	3080	2046	3874
AGK-DT	391	255	467
AGL	2027	2916	2821
AGMAT	90	52	84
AGMO	2430	1711	2643
AGO1	1447	1079	1915
AGO2	6357	4764	8179
AGO3	9146	6510	11891
AGO4	3916	2626	5007
AGPAT1	331	258	426
AGPAT2	261	229	339
AGPAT3	5144	3737	6765
AGPAT4	5585	3632	6518
AGPAT5	1726	1582	2754
AGPS	3822	2584	4605
AGR2	252	200	415
AGR3	125	74	153
AGRN	943	623	1341
AGRP	5	9	7
AGT	76	89	101
AGTPBP1	5772	3715	7395
AGTR1	2273	1307	2187
AGTR2	31	19	28
AGTRAP	390	274	466
AGXT	46	58	59
AGXT2	208	151	261
AHCTF1	4283	2926	5188
AHCY	485	367	624
AHCYL1	1938	1342	2341
AHCYL2	7376	5538	9800
AHDC1	6094	4729	7306
AHI1	13243	8387	15690
AHI1-DT	2471	1756	3471
AHNAK	25502	19354	28601
AHNAK2	1526	1091	1986
AHR	1974	1394	2797
AHSA1	738	551	975
AHSG	54	72	89
AHSP	6	14	12
AICDA	71	35	70
AIDA	1171	924	1545
AIF1	61	62	100
AIF1L	844	527	1136
AIFM1	905	688	1096
AIFM2	344	262	397
AIFM3	56	35	69
AIG1	3978	3172	4419
AIM2	637	413	1058
AIMP1	1932	1336	2457
AIMP2	349	276	406
AIP	339	207	402
AIPL1	186	117	259
AIRE	77	66	118
AIRN	31	25	48
AJAP1	777	461	1161
AJM1	96	94	139
AJUBA	136	113	230
AJUBA-DT	866	644	1178
AK1	66	80	85
AK2	2994	2264	3774
AK2-AS1	251	195	304
AK3	2755	1588	3567
AK4	1410	920	1582
AK4P3	449	264	638
AK5	2463	1539	3307
AK5-AS1	11	10	12
AK6	474	365	655
AK7	481	368	669
AK8	976	764	1458
AK9	1842	1390	2610
AKAIN1	116	83	150
AKAIN1-AS1	18	18	46
AKAP1	600	654	745
AKAP1-DT	77	83	141
AKAP10	4699	3501	6417
AKAP11	3838	2568	4684
AKAP12	6643	4028	6718
AKAP13	23188	15462	29210
AKAP13-AS1	249	173	320
AKAP14	94	61	129
AKAP3	152	135	212
AKAP4	29	14	35
AKAP5	51	47	76
AKAP6	6170	5951	6847
AKAP7	2982	1955	3816
AKAP8	1801	1312	2387
AKAP8L	4481	3246	5412
AKAP9	19474	14905	25279
AKIP1	723	499	932
AKIRIN1	1122	703	1352
AKIRIN2	1119	729	1347
AKNA	2254	1433	2685
AKNAD1	411	282	507
AKR1A1	1190	958	1509
AKR1B1	261	234	356
AKR1B10	69	63	72
AKR1B15	130	91	164
AKR1C1	333	112	279
AKR1C2	328	199	383
AKR1C3	346	214	366
AKR1C4	66	49	101
AKR1C8	653	212	376
AKR1D1	450	290	590
AKR1E2	896	575	1172
AKR7A2	313	234	425
AKR7A3	67	46	86
AKR7L	58	46	84
AKT1	779	579	1030
AKT1S1	4	1	7
AKT2	3036	2145	3599
AKT3	13106	8212	15649
AKTIP	1103	732	1400
ALAD	570	543	833
ALAS1	761	568	948
ALAS2	93	120	101
ALB	233	726	315
ALCAM	9962	7689	18178
ALDH16A1	309	267	405
ALDH18A1	1984	1348	2282
ALDH1A1	915	627	1166
ALDH1A2	2761	2056	4421
ALDH1A2-AS1	52	19	44
ALDH1A3	565	334	452
ALDH1A3-AS1	578	330	657
ALDH1B1	53	40	78
ALDH1L1	369	241	511
ALDH1L1-AS1	18	5	19
ALDH1L1-AS2	83	54	100
ALDH1L2	3425	2275	3620
ALDH2	879	658	1180
ALDH3A1	59	62	97
ALDH3A2	1793	1787	2234
ALDH3B1	151	133	180
ALDH3B2	731	615	1055
ALDH4A1	390	321	534
ALDH5A1	649	474	855
ALDH6A1	864	681	1205
ALDH7A1	3592	2716	5370
ALDH8A1	202	150	309
ALDH9A1	1076	701	1186
ALDOA	4	0	0
ALDOB	96	74	112
ALDOC-AS1	0	10	2
ALG1	1368	913	1721
ALG10	142	111	217
ALG10B	178	109	251
ALG11	1928	1243	2389
ALG12	411	259	496
ALG13	5414	3835	6970
ALG13-AS1	10	10	20
ALG14	1911	1331	2702
ALG14-AS1	13	13	23
ALG1L2	280	210	409
ALG1L9P	905	571	1130
ALG2	298	250	384
ALG3	257	192	312
ALG5	2744	1917	3493
ALG6	2300	1652	2931
ALG8	1938	1477	2652
ALG9	88	64	101
ALK	2383	1631	3176
ALKAL1	89	64	134
ALKAL2	61	27	49
ALKBH1	1265	907	1565
ALKBH2	298	201	379
ALKBH3	1567	1038	1973
ALKBH3-AS1	51	26	70
ALKBH4	226	198	398
ALKBH5	929	650	1115
ALKBH7	91	106	145
ALKBH8	1269	951	1580
ALLC	167	101	177
ALMS1	8357	5501	11105
ALOX12	73	57	76
ALOX12-AS1	664	555	965
ALOX12B	77	50	66
ALOX15	51	35	57
ALOX15B	32	30	58
ALOX5	483	365	734
ALOX5AP	169	117	201
ALOXE3	121	114	158
ALPG	13	18	24
ALPI	13	10	19
ALPK1	3782	2188	4536
ALPK2	799	905	1091
ALPK2-AS1	25	25	34
ALPK3	755	1039	855
ALPL	541	341	707
ALPP	6	7	22
ALS2	3218	2286	4328
ALS2CL	491	362	767
ALX1	118	94	179
ALX3	77	43	75
ALX4	1660	1245	2301
ALYREF	104	64	142
AMACR	8	6	10
AMBN	57	34	63
AMBP	85	87	121
AMBRA1	6752	4841	8653
AMD1	2655	1816	3299
AMDHD1	151	116	180
AMDHD2	154	103	201
AMELX	19	10	26
AMELY	251	194	326
AMER1	335	237	443
AMER2	57	29	88
AMER3	30	20	33
AMFR	1572	1109	2044
AMH	66	39	87
AMHR2	36	35	47
AMIGO1	21	16	49
AMIGO2	146	47	121
AMMECR1	3105	2212	4373
AMMECR1L	1224	798	1513
AMN	144	108	251
AMN1	1512	1041	2057
AMN1-AS1	56	29	60
AMOT	1383	864	1648
AMOTL1	8031	5746	10661
AMOTL2	1256	736	1480
AMPD1	132	458	197
AMPD2	581	395	751
AMPD2-AS1	4	9	11
AMPD3	1128	743	1387
AMPH	1818	1166	2772
AMTN	24	11	19
AMY1A	3	2	2
AMY1C	4	7	9
AMY2A	8	3	6
AMY2B	460	327	588
AMZ1	558	368	693
AMZ2	3107	2000	4082
ANAPC1	2811	2063	3923
ANAPC10	14	3	15
ANAPC11	396	252	420
ANAPC13	422	320	560
ANAPC15	164	114	215
ANAPC16	2316	2008	3351
ANAPC1P2	810	483	982
ANAPC2	701	483	975
ANAPC4	3785	3032	5346
ANAPC5	8882	6616	11941
ANAPC7	918	697	1345
ANG	8	7	7
ANGEL1	1368	1028	1910
ANGEL2	1877	1391	2442
ANGPT1	4563	2696	6684
ANGPT2	1626	1014	2223
ANGPT4	295	205	402
ANGPTL1	1510	1021	1589
ANGPTL2	1858	1145	2141
ANGPTL3	15	21	30
ANGPTL4	281	194	269
ANGPTL5	235	148	276
ANGPTL6	94	37	105
ANGPTL7	41	59	38
ANGPTL8	53	41	67
ANHX	42	29	32
ANK1	1143	1297	1474
ANK2	27796	20620	29399
ANK2-AS1	321	221	470
ANK3	13556	12739	19016
ANK3-DT	27	12	53
ANKAR	4156	3021	5233
ANKDD1A	648	370	723
ANKDD1B	1550	1324	2020
ANKEF1	187	119	309
ANKFN1	4531	3802	5901
ANKFY1	5623	3948	7215
ANKH	2749	2201	3475
ANKH-AS1	33	27	53
ANKH-DT	7	6	10
ANKHD1	22	16	43
ANKHD1-DT	479	413	728
ANKHD1-EIF4EBP3	442	378	694
ANKIB1	10240	6976	13173
ANKK1	97	58	118
ANKLE1	44	34	67
ANKLE2	3605	2473	4524
ANKMY1	2320	1665	3167
ANKMY2	1908	1487	2335
ANKRA2	2221	1680	2982
ANKRD1	52	57	65
ANKRD10	5693	4573	7408
ANKRD11	12031	8258	15668
ANKRD12	3884	2728	4916
ANKRD13A	1592	1251	2219
ANKRD13C	4704	3328	6030
ANKRD13D	1205	907	1456
ANKRD16	1027	806	1319
ANKRD17	15898	10948	20007
ANKRD17-DT	3080	1930	4132
ANKRD18A	239	177	390
ANKRD18B	175	136	212
ANKRD2	94	149	101
ANKRD20A1	162	126	246
ANKRD22	212	193	265
ANKRD23	792	645	1133
ANKRD24	545	409	703
ANKRD26	6417	4512	8343
ANKRD27	2671	1913	3277
ANKRD27-AS1	17	23	42
ANKRD28	9266	5976	12224
ANKRD29	2187	1293	3347
ANKRD30A	184	116	190
ANKRD30B	432	267	495
ANKRD30BL	1620	1223	2490
ANKRD31	524	362	689
ANKRD33	60	56	95
ANKRD33B	2124	1214	2379
ANKRD33B-AS1	20	10	33
ANKRD34A	89	62	127
ANKRD34B	58	34	74
ANKRD34C	38	19	49
ANKRD34C-AS1	477	284	643
ANKRD35	492	448	671
ANKRD35-DT	0	3	3
ANKRD36	13410	8705	20474
ANKRD36B	7160	4562	6860
ANKRD36C	18459	10715	20097
ANKRD37	157	109	196
ANKRD39	14	12	16
ANKRD40	656	496	757
ANKRD40CL	26	17	27
ANKRD42	840	504	969
ANKRD42-DT	753	533	1004
ANKRD44	7248	5185	10447
ANKRD44-AS1	8	4	8
ANKRD44-DT	3	6	3
ANKRD46	1577	1116	2091
ANKRD49	703	587	996
ANKRD50	5885	4437	7451
ANKRD52	1705	1127	2157
ANKRD53	118	66	89
ANKRD54	451	312	580
ANKRD55	499	355	687
ANKRD55-AS1	882	573	1110
ANKRD6	3629	2120	4635
ANKRD6-AS1	27	10	35
ANKRD60	35	17	53
ANKRD61	11	16	11
ANKRD62	75	66	104
ANKRD62P1-PARP4P3	38	30	58
ANKRD65	61	64	95
ANKRD65-AS1	9	8	12
ANKRD66	27	12	26
ANKRD7	1255	800	1681
ANKRD9	76	84	105
ANKS1A	8726	6437	10393
ANKS1B	7129	5659	11148
ANKS3	1659	1260	2102
ANKS4B	79	44	60
ANKS6	1676	1080	1981
ANKUB1	1790	1458	2425
ANKZF1	946	658	1309
ANLN	2559	1792	3608
ANO1	1327	1008	1896
ANO1-AS1	1	0	1
ANO10	8319	6103	10958
ANO2	7136	3735	7836
ANO3	1438	1009	1958
ANO3-AS1	144	110	183
ANO4	1544	1042	2044
ANO5	1818	1709	2309
ANO6	10942	7492	13076
ANO7	146	103	255
ANO8	566	388	767
ANO9	307	303	501
ANOS1	2797	2090	3962
ANP32A	3832	2813	5380
ANP32B	2160	1678	2657
ANP32D	9	11	15
ANP32E	682	500	869
ANPEP	1058	647	1210
ANTKMT	59	37	66
ANTXR1	25575	17234	32723
ANTXR2	7204	4226	8763
ANTXRL	199	121	347
ANXA1	9639	3456	9763
ANXA10	252	178	343
ANXA10-AS1	150	82	163
ANXA11	3087	2000	3845
ANXA13	252	184	312
ANXA2	8946	5611	10262
ANXA2R-AS1	744	503	1041
ANXA2R-OT1	1004	743	1299
ANXA3	606	504	868
ANXA4	4724	3463	6444
ANXA5	5410	3761	6431
ANXA6	4981	3572	5837
ANXA7	1283	961	1587
ANXA8	130	105	168
ANXA9	74	50	100
AOAH	1564	1035	1786
AOC1	270	180	371
AOC2	56	39	96
AOC3	219	161	235
AOPEP	25098	19557	37450
AOPEP-AS1	44	42	64
AOX1	523	280	554
AOX3P-AOX2P	365	269	408
AP1AR	1477	944	2000
AP1AR-DT	12	21	27
AP1B1	1265	1024	1737
AP1G1	6063	4079	7443
AP1G2	1173	783	1501
AP1G2-AS1	386	211	455
AP1M1	1361	932	1746
AP1M2	223	184	287
AP1S1	196	159	279
AP1S2	1756	1014	2708
AP1S3	360	287	570
AP2A1	2184	1614	2794
AP2A2	9554	6346	11651
AP2B1	6112	4120	7685
AP2M1	1097	817	1299
AP2S1	493	388	636
AP3B1	12943	9007	15925
AP3B2	332	200	562
AP3D1	2600	1864	3291
AP3M1	1289	1048	1743
AP3M2	1375	887	1844
AP3S1	4506	2772	4847
AP3S2	60	59	103
AP4B1	1163	854	1440
AP4B1-AS1	145	98	190
AP4E1	2785	2095	3766
AP4M1	677	537	940
AP4S1	1812	1257	2304
AP5B1	161	140	298
AP5M1	1046	800	1412
AP5S1	98	79	139
AP5Z1	599	469	720
APAF1	3091	2095	3866
APBA1	4448	2829	6311
APBA2	3042	1844	4813
APBA3	272	193	337
APBB1	896	571	1156
APBB1IP	1382	871	1465
APBB2	31333	20284	39622
APBB2-AS1	69	31	56
APBB3	492	376	643
APC	5207	3666	6184
APC2	208	167	268
APC2-AS1	16	13	11
APCDD1	6592	5060	11558
APCDD1L	671	550	874
APCDD1L-DT	1916	1535	2129
APCS	5	6	9
APEH	356	209	471
APELA	271	171	499
APEX1	658	456	880
APEX2	198	149	286
APH1A	124	76	173
APH1B	891	709	1295
API5	2583	1848	3594
APIP	1405	947	1765
APLF	2517	1798	3602
APLN	111	75	140
APLNR	295	181	290
APLP1	94	60	119
APLP2	5143	3658	6393
APMAP	1509	1049	1888
APOA1	54	39	65
APOA1-AS	116	68	154
APOA2	19	54	21
APOA4	2	0	5
APOA5	19	11	26
APOB	187	330	224
APOBEC1	45	19	37
APOBEC2	127	300	135
APOBEC3A	153	104	207
APOBEC3B-AS1	21	17	40
APOBEC3C	37	30	30
APOBEC3F	358	265	516
APOBEC3G	144	103	209
APOBEC3H	24	23	45
APOBEC4	29	18	43
APOBR	38	15	49
APOC1	96	93	109
APOC3	15	3	19
APOC4-APOC2	0	0	1
APOD	139	107	204
APOE	128	150	117
APOF	3	5	7
APOH	148	121	203
APOL1	103	74	134
APOL2	740	560	915
APOL3	421	273	365
APOL4	500	432	662
APOL5	70	69	99
APOL6	384	230	390
APOLD1	4904	3415	6389
APOLTP	836	636	1202
APOM	72	54	91
APOO	1236	906	1560
APOOL	1845	1432	2545
APP	14067	9355	18519
APP-DT	208	168	259
APPBP2	6326	4492	8392
APPBP2-DT	444	344	661
APPL1	3141	2232	3920
APPL2	5952	4308	7778
APRG1	739	550	993
APRT	92	65	136
APTR	1043	796	1299
APTX	4360	2688	6025
AQP1	96	80	86
AQP10	33	20	37
AQP11	133	113	210
AQP12A	6	5	4
AQP12B	7	2	3
AQP2	23	24	34
AQP3	84	59	90
AQP4	37	28	66
AQP4-AS1	2030	1449	2710
AQP5	10	13	13
AQP5-AS1	36	30	60
AQP6	70	47	100
AQP7	752	559	632
AQP7B	92	57	142
AQP8	37	28	61
AQP9	191	99	217
AQR	5276	3606	6869
AR	2026	1493	2297
ARAF	770	847	968
ARAP1	3429	2310	4456
ARAP1-AS1	33	18	41
ARAP1-AS2	53	37	58
ARAP2	2546	2455	3643
ARAP2-AS1	118	83	145
ARAP3	1502	883	1804
ARAP3-DT	23	12	25
ARB2A-AS1	154	123	232
ARB2A-AS2	49	39	80
ARB2A-DT	350	251	450
ARC	26	15	34
ARCN1	2560	1889	3235
AREG	165	87	203
AREL1	1963	1312	2422
ARF1	1614	1015	1863
ARF3	96	58	122
ARF4	1956	1127	1964
ARF4-AS1	101	96	151
ARF5	342	270	439
ARF6	275	178	324
ARFGAP1	2356	1603	2719
ARFGAP2	1609	1198	2010
ARFGAP3	2317	1561	2764
ARFGEF1	9912	6950	12820
ARFGEF1-DT	39	29	57
ARFGEF2	4846	3193	6322
ARFGEF3	938	746	1227
ARFIP1	8405	5539	11040
ARFIP2	1084	720	1229
ARFRP1	777	564	966
ARG1	323	237	416
ARG2	180	137	268
ARGFX	36	41	74
ARGLU1	29754	21900	37599
ARHGAP1	1343	968	1659
ARHGAP10	21136	14505	28576
ARHGAP11A-DT	338	275	475
ARHGAP11A-SCG5	44	31	57
ARHGAP11B	3	3	5
ARHGAP11B-DT	617	470	864
ARHGAP12	7740	5456	10634
ARHGAP15	5478	3656	7130
ARHGAP15-AS1	148	111	209
ARHGAP17	6486	4196	7814
ARHGAP18	5651	3455	5879
ARHGAP19	0	1	3
ARHGAP19-SLIT1	268	208	406
ARHGAP20	4837	2498	4111
ARHGAP21	13110	8558	14152
ARHGAP22	936	575	1097
ARHGAP23	3509	2608	4538
ARHGAP24	38864	26955	52452
ARHGAP25	994	646	1303
ARHGAP26	21721	12147	26092
ARHGAP26-AS1	201	162	244
ARHGAP27	887	603	1066
ARHGAP27P1-BPTFP1-KPNA2P3	1540	885	1788
ARHGAP28	19933	11969	25228
ARHGAP28-AS1	18	19	23
ARHGAP29	11979	7861	14339
ARHGAP29-AS1	627	448	820
ARHGAP30	225	232	331
ARHGAP31	9626	6113	12377
ARHGAP31-AS1	73	66	156
ARHGAP32	10803	7910	14686
ARHGAP33	649	461	823
ARHGAP35	7280	5168	9714
ARHGAP36	199	450	240
ARHGAP39	2786	2086	3684
ARHGAP4	377	280	465
ARHGAP40	112	107	181
ARHGAP42	11261	8667	14644
ARHGAP42-AS1	36	23	39
ARHGAP44	3622	2374	5456
ARHGAP44-AS1	98	62	115
ARHGAP45	175	118	185
ARHGAP5	6338	4483	8095
ARHGAP5-AS1	9	18	24
ARHGAP6	13303	7851	14148
ARHGAP8	3	0	0
ARHGAP9	128	78	135
ARHGDIA	695	465	778
ARHGDIB	345	233	433
ARHGDIG	9	3	4
ARHGEF1	3342	2421	4208
ARHGEF10L	2840	2120	3529
ARHGEF11	5360	3655	7030
ARHGEF12	11798	7799	15347
ARHGEF15	446	260	492
ARHGEF16	253	174	333
ARHGEF17	2506	1819	3470
ARHGEF17-AS1	83	49	110
ARHGEF18	2606	1942	3506
ARHGEF18-AS1	290	199	355
ARHGEF19	560	483	837
ARHGEF19-AS1	3	2	1
ARHGEF2	2619	1954	2956
ARHGEF2-AS1	51	37	49
ARHGEF2-AS2	60	70	85
ARHGEF25	897	708	1037
ARHGEF25-AS1	62	45	65
ARHGEF26	7384	4578	10046
ARHGEF26-AS1	1376	816	1764
ARHGEF28	4962	3009	6081
ARHGEF28-AS2	38	17	37
ARHGEF3	13667	9977	15168
ARHGEF3-AS1	65	58	89
ARHGEF33	430	260	541
ARHGEF35	45	34	43
ARHGEF35-AS1	1268	634	1335
ARHGEF37	869	768	1021
ARHGEF38	597	381	755
ARHGEF38-DT	43	24	38
ARHGEF39	424	307	583
ARHGEF4	2843	1717	4021
ARHGEF4-AS1	19	16	28
ARHGEF40	2123	1565	2614
ARHGEF5	300	153	339
ARHGEF6	2045	1170	2387
ARHGEF7	14660	9547	17125
ARHGEF7-AS1	0	1	7
ARHGEF7-AS2	15	17	8
ARHGEF9	3564	2372	4586
ARID1A	7837	5408	10519
ARID1B	28284	20435	36159
ARID1B-AS1	52	28	56
ARID2	12361	8850	15603
ARID3A	1668	1157	2359
ARID3B	1382	891	1616
ARID3C	53	31	71
ARID4A	4336	3236	5773
ARID4B	11113	7753	14300
ARID5A	1384	697	1464
ARID5B	16594	10297	20960
ARIH1	11130	7069	13043
ARIH2	4033	2948	5187
ARIH2OS	16	22	25
ARL1	959	692	1217
ARL10	1287	898	1551
ARL11	31	28	46
ARL13A	32	17	55
ARL13B	2612	1700	3361
ARL14	5	4	9
ARL14EP	898	711	1261
ARL14EP-DT	916	593	1171
ARL14EPL	62	36	87
ARL15	40705	28496	53428
ARL16	831	635	1088
ARL17A	948	925	711
ARL17B	738	691	497
ARL2	3	3	6
ARL2-SNX15	67	53	91
ARL2BP	372	317	523
ARL3	1501	1252	2059
ARL4A	652	500	1063
ARL4C	195	166	448
ARL4D	62	35	80
ARL5A	946	737	1213
ARL5B	1278	772	1239
ARL5C	133	105	182
ARL6	947	655	1282
ARL6IP1	0	0	1
ARL6IP5	607	578	798
ARL6IP6	2324	1652	2818
ARL8A	519	352	621
ARL8B	2757	2016	3709
ARL9	283	180	399
ARLNC1	9	2	11
ARMC1	1407	974	1980
ARMC10	1029	726	1316
ARMC12	108	64	116
ARMC2	3461	2323	4319
ARMC2-AS1	3	2	10
ARMC3	391	254	521
ARMC5	255	227	365
ARMC6	592	483	751
ARMC7	403	260	550
ARMC8	5711	4060	7159
ARMC9	3914	2519	5429
ARMCX1	406	288	558
ARMCX2	513	378	638
ARMCX3	1040	814	1292
ARMCX3-AS1	16	18	16
ARMCX4	8220	5661	11124
ARMCX5	25	15	40
ARMCX5-GPRASP2	4185	2678	5352
ARMCX5-GPRASP2.1	93	58	140
ARMCX6	602	451	791
ARMH1	747	610	1026
ARMH3	7046	4971	8897
ARMH4	4612	3129	5905
ARMS2	7	5	23
ARMT1	516	359	614
ARNILA	133	89	184
ARNT	4632	3250	5825
ARNT2	1826	1151	2530
ARNT2-AS1	2	2	5
ARNT2-AS2	31	23	30
ARNT2-AS3	35	30	45
ARNT2-DT	235	145	362
ARNTL	1241	932	1573
ARNTL2	958	616	1260
ARNTL2-AS1	177	120	218
ARPC1B	78	57	103
ARPC2	5171	3591	6888
ARPC3	446	241	501
ARPC4	152	85	156
ARPC4-TTLL3	15	14	27
ARPC5	1102	848	1403
ARPC5L	412	328	547
ARPIN	3	4	4
ARPIN-AP3S2	7	7	15
ARPP19	1413	1110	1841
ARPP21	1221	3244	1733
ARPP21-AS1	8	1	4
ARR3	26	17	30
ARRB1	3885	2394	4301
ARRB2	427	290	474
ARRDC1	7	4	10
ARRDC1-AS1	398	317	580
ARRDC2	361	227	423
ARRDC3	2665	1651	3000
ARRDC3-AS1	1800	1369	2691
ARRDC4	471	284	498
ARRDC5	560	404	685
ARSA	271	225	371
ARSB	3675	2375	4954
ARSD	908	572	1210
ARSD-AS1	4	1	8
ARSF	194	141	296
ARSG	854	681	1109
ARSH	40	31	48
ARSI	244	259	362
ARSJ	2054	1435	2786
ARSK	942	630	1250
ARSL	167	108	216
ART1	80	85	89
ART3	461	541	668
ART4	82	73	94
ART5	29	18	33
ARTN	58	36	102
ARV1	501	388	671
ARVCF	681	602	928
ARX	37	30	54
ASAH1	1671	1725	2465
ASAH1-AS1	94	83	146
ASAH2	304	199	406
ASAH2B	434	296	638
ASAP1	22099	14716	26389
ASAP2	6141	3888	7527
ASAP3	3956	2721	4569
ASB1	839	653	1107
ASB10	56	52	78
ASB11	133	108	191
ASB12	20	18	23
ASB13	524	393	665
ASB14	120	92	162
ASB15	258	230	386
ASB15-AS1	150	229	165
ASB16	45	73	85
ASB16-AS1	452	384	678
ASB17	39	31	49
ASB18	314	384	385
ASB2	186	268	352
ASB3	8031	5287	10015
ASB4	293	294	369
ASB5	331	777	395
ASB6	229	173	269
ASB6-AS1	7	4	15
ASB7	1471	1040	1804
ASB8	444	417	657
ASB9	244	226	344
ASCC1	2792	1887	3476
ASCC2	1773	1302	2269
ASCC3	10632	7657	14261
ASCL1	22	6	30
ASCL2	20	9	20
ASCL3	24	10	20
ASCL4	32	34	149
ASCL5	63	51	99
ASF1A	576	474	835
ASF1B	471	324	656
ASGR1	325	243	442
ASGR2	103	69	121
ASH1L	17788	12672	22699
ASH1L-AS1	47	40	82
ASH2L	2695	1970	3183
ASIC1	579	354	632
ASIC2	2600	1644	3407
ASIC2-AS1	414	291	480
ASIC2-AS2	70	49	126
ASIC2-AS3	10	1	15
ASIC3	103	61	100
ASIC4	335	215	416
ASIC4-AS1	320	227	384
ASIC5	78	45	75
ASIP	2369	1909	4025
ASL	363	237	471
ASNSD1	116	104	153
ASPA	1909	1415	2927
ASPDH	48	27	59
ASPG	168	152	240
ASPH	11327	7492	13406
ASPHD1	91	60	105
ASPHD2	111	49	96
ASPM	3347	2175	4921
ASPN	1692	823	1118
ASPSCR1	1764	1324	2278
ASRGL1	443	356	637
ASS1	1219	935	1470
ASTE1	558	373	717
ASTILCS	17	15	24
ASTL	59	52	84
ASTN1	1572	1084	1870
ASTN2	11981	7460	17804
ASTN2-AS1	177	136	205
ASXL1	7844	5070	10032
ASXL2	5454	4139	6936
ASXL3	4255	2568	5024
ASXL3-DT	64	40	85
ASZ1	192	98	245
ATAD1	2908	2034	3740
ATAD2	5025	3702	6866
ATAD2B	10754	7806	14107
ATAD3A	603	410	747
ATAD3B	1161	829	1444
ATAD3C	110	75	179
ATAD5	3067	2002	4302
ATAT1	1962	1374	2720
ATCAY	179	127	258
ATE1	10362	6974	13193
ATF1	2693	1902	3675
ATF2	6253	4140	7761
ATF3	2990	1183	2614
ATF4	1104	836	1242
ATF5	178	132	237
ATF6	5737	3955	7008
ATF6-DT	108	83	125
ATF6B	1168	895	1604
ATF7	445	259	529
ATF7-AS1	16	12	47
ATF7-AS2	594	486	794
ATF7-NPFF	0	1	3
ATF7IP	10793	7340	13849
ATF7IP2	3385	2391	5824
ATG10	7847	5461	10816
ATG10-AS1	0	0	0
ATG101	378	150	309
ATG12	2896	2035	3691
ATG13	1726	1340	2328
ATG14	3496	2507	4299
ATG16L1	1944	1365	2420
ATG16L2	1152	860	1482
ATG2A	496	389	743
ATG2B	4336	3003	5595
ATG3	1112	774	1335
ATG4A	721	554	1024
ATG4B	2639	1901	3728
ATG4C	3192	2333	4396
ATG4D	231	186	309
ATG5	5752	4165	7536
ATG7	12397	8499	14637
ATG9A	213	165	265
ATG9B	267	203	471
ATIC	1135	737	1472
ATL1	2507	1570	3057
ATL2	4296	3688	5480
ATL3	2469	1698	2887
ATM	8257	6014	11634
ATMIN	341	240	495
ATN1	2553	1602	2855
ATOH1	18	14	17
ATOH7	11	6	14
ATOH8	878	478	923
ATOX1	687	547	844
ATOX1-AS1	103	66	88
ATP10A	6285	4549	5500
ATP10A-DT	56	50	85
ATP10B	1381	1021	1666
ATP10D	3485	2625	5102
ATP10D-DT	13	22	28
ATP11A	6495	4424	7853
ATP11A-AS1	47	30	49
ATP11AUN	111	86	140
ATP11B	5322	3970	6807
ATP11B-DT	70	32	87
ATP11C	4815	3171	6019
ATP12A	174	127	300
ATP13A1	493	368	616
ATP13A2	374	280	481
ATP13A3	4051	2562	4812
ATP13A3-DT	385	262	471
ATP13A4	1114	862	1465
ATP13A4-AS1	4	5	9
ATP13A5	390	406	502
ATP13A5-AS1	33	19	35
ATP1A1	1340	1063	1597
ATP1A1-AS1	902	708	1384
ATP1A2	770	759	1052
ATP1A3	17	2	20
ATP1A4	131	105	205
ATP1B1	980	738	1163
ATP1B2	184	157	247
ATP1B3	2513	1834	3429
ATP1B3-AS1	9	4	16
ATP1B4	235	735	259
ATP23	488	369	618
ATP2A1	558	1907	751
ATP2A1-AS1	25	48	67
ATP2A2	5531	4255	6391
ATP2A3	476	286	497
ATP2B1	6697	5009	8500
ATP2B1-AS1	258	204	388
ATP2B2	1245	935	1718
ATP2B3	244	178	338
ATP2B4	7982	5594	9967
ATP2C1	10900	7525	13604
ATP2C1-AS1	165	117	226
ATP2C2	1124	1027	1509
ATP2C2-AS1	139	82	223
ATP4A	46	30	54
ATP4B	26	24	41
ATP5F1A	1455	1176	1949
ATP5F1B	1349	1141	1838
ATP5F1C	2900	2110	3793
ATP5F1D	194	187	269
ATP5F1E	452	381	575
ATP5IF1	770	622	1016
ATP5IF1-AS1	63	60	87
ATP5MC1	271	260	430
ATP5MC2	1232	891	1383
ATP5MC3	392	370	573
ATP5ME	679	598	885
ATP5MF-PTCD1	0	0	0
ATP5MG	6	1	11
ATP5MJ	540	443	732
ATP5MK	785	606	1029
ATP5PB	789	629	1039
ATP5PD	513	429	723
ATP5PF	746	703	1114
ATP6AP1	248	223	365
ATP6AP1-DT	67	54	74
ATP6AP2	692	569	828
ATP6V0A1	4125	3080	5239
ATP6V0A2	1544	1125	2026
ATP6V0A4	407	358	617
ATP6V0B	199	170	281
ATP6V0D1	875	628	1061
ATP6V0D1-DT	1070	909	1671
ATP6V0D2	568	423	695
ATP6V0E1	1324	1029	1647
ATP6V0E2	158	105	227
ATP6V0E2-AS1	272	186	361
ATP6V1A	2045	1555	2604
ATP6V1B1	0	2	0
ATP6V1B2	1539	1153	2184
ATP6V1C1	2854	2100	3687
ATP6V1C2	554	454	852
ATP6V1D	1856	1272	2303
ATP6V1E1	1203	950	1647
ATP6V1E2	469	360	556
ATP6V1F	72	63	94
ATP6V1FNB	80	65	130
ATP6V1G1	884	777	1114
ATP6V1G2	111	76	144
ATP6V1G2-DDX39B	46	32	71
ATP6V1G3	44	36	77
ATP6V1H	3337	2445	4352
ATP7A	44	32	68
ATP7B	1334	1006	1878
ATP8A1	3120	2152	3953
ATP8A1-DT	5	5	14
ATP8A2	2631	1820	3805
ATP8B1	3512	2435	4054
ATP8B1-AS1	180	85	177
ATP8B2	1949	1289	2329
ATP8B3	264	134	342
ATP8B4	1701	1181	2237
ATP9A	3935	2590	4280
ATP9B	17198	12136	22234
ATP9B-AS1	0	2	1
ATPAF1	1406	1071	1789
ATPAF2	1044	739	1328
ATPSCKMT	1306	981	1894
ATR	6334	4354	8383
ATRAID	442	350	567
ATRIP	551	370	712
ATRN	5721	3891	7173
ATRNL1	10621	6322	14347
ATRX	21230	14217	27484
ATXN1	31376	20014	40330
ATXN1-AS1	114	93	187
ATXN10	12910	8480	17335
ATXN1L	1326	865	1603
ATXN2	11744	8135	14321
ATXN2-AS	21	13	15
ATXN2L	2139	1495	2841
ATXN3	4647	3384	5960
ATXN3L	3	2	2
ATXN7	6121	4038	7321
ATXN7L1	9516	6521	12977
ATXN7L2	462	372	655
ATXN7L3	562	353	687
ATXN7L3-AS1	263	197	325
ATXN7L3B	898	693	1059
ATXN8OS	156	130	240
AUH	7497	5636	10018
AUNIP	187	166	238
AUP1	1071	798	1282
AURKA	364	286	588
AURKAIP1	144	93	176
AURKB	430	321	627
AURKC	33	23	58
AUTS2	101860	63216	137378
AVEN	3338	2142	3862
AVIL	745	599	1138
AVL9	5797	4206	7484
AVP	12	8	24
AVPI1	110	72	140
AVPR1A	273	198	362
AVPR1B	43	25	67
AVPR1B-DT	27	21	28
AVPR2	21	9	28
AWAT1	35	30	36
AWAT2	53	46	72
AXDND1	814	728	1072
AXIN1	1617	1123	1936
AXIN2	1048	768	1633
AXL	2112	1597	2641
AZGP1	78	65	67
AZI2	2107	1416	2509
AZIN1	1782	1309	2368
AZIN1-AS2	10	6	10
AZIN2	925	630	1146
AZU1	45	40	45
B2M	1136	713	1177
B3GALNT1	1020	696	1334
B3GALNT2	2211	1891	2969
B3GALT1	1776	1252	2271
B3GALT1-AS1	452	296	603
B3GALT2	136	99	175
B3GALT4	157	108	207
B3GALT5	397	224	577
B3GALT5-AS1	91	65	145
B3GALT6	80	73	150
B3GALT9	176	113	225
B3GAT1	98	56	143
B3GAT1-DT	311	174	439
B3GAT2	486	361	580
B3GAT3	730	605	935
B3GLCT	3572	2455	4958
B3GNT2	619	425	713
B3GNT3	87	50	120
B3GNT4	21	28	48
B3GNT5	628	397	679
B3GNT6	45	36	63
B3GNT7	25	19	50
B3GNT8	23	28	45
B3GNT9	76	52	103
B3GNTL1	1787	1183	2131
B4GALNT1	104	55	143
B4GALNT2	180	150	249
B4GALNT3	1898	2360	2957
B4GALNT4	657	435	867
B4GALT1	2954	1919	3090
B4GALT1-AS1	113	82	159
B4GALT2	317	242	404
B4GALT3	259	166	305
B4GALT4	1095	804	1559
B4GALT4-AS1	256	156	328
B4GALT5	4066	2671	4736
B4GALT6	740	711	1174
B4GALT7	313	215	339
B4GAT1	32	33	50
B4GAT1-DT	648	463	899
B9D1	1072	763	1447
B9D2	147	88	166
BAALC	784	495	910
BAALC-AS1	1028	793	1295
BAALC-AS2	28	19	63
BAAT	134	119	187
BABAM1	0	2	3
BABAM2	8825	6366	11345
BABAM2-AS2	12	8	16
BACE1	1283	877	1445
BACE1-AS	162	120	209
BACE2	5719	3608	7352
BACH1	10256	7297	15604
BACH1-AS1	33	32	40
BACH2	14018	10762	17811
BAD	475	374	618
BAG1	390	266	424
BAG2	785	629	1079
BAG3	554	409	673
BAG4	967	747	1310
BAG5	492	402	699
BAG5-AS1	52	57	81
BAG6	1182	782	1379
BAHCC1	2608	1879	3793
BAHD1	628	476	713
BAIAP2	1690	1172	2308
BAIAP2-DT	100	83	153
BAIAP2L1	1956	1586	2734
BAIAP2L2	204	132	247
BAIAP3	114	75	157
BAK1	130	97	195
BALR6	406	298	508
BAMBI	79	47	94
BANCR	105	61	155
BANF1	165	171	229
BANF2	189	134	200
BANK1	2144	1463	2871
BANK1-AS1	159	87	165
BANP	3722	2655	5249
BAP1	442	346	595
BARD1	3093	1992	4100
BARHL1	44	26	54
BARHL2	21	15	25
BARX1	6	5	14
BARX1-DT	20	5	11
BARX2	1208	1682	1689
BASP1	5417	2937	6698
BASP1-AS1	1295	809	1773
BATF	99	50	112
BATF2	25	16	48
BATF3	121	80	116
BAX	248	158	356
BAZ1A	5483	3842	7256
BAZ1A-AS1	34	17	39
BAZ1B	5247	3640	6488
BAZ2A	3192	2349	3990
BAZ2B	25419	16855	33348
BAZ2B-AS1	93	58	105
BBC3	123	123	192
BBIP1	884	646	1170
BBLN	79	74	82
BBOF1	2024	1272	2501
BBOX1	458	505	583
BBOX1-AS1	1442	998	2021
BBS10	140	136	208
BBS12	140	111	208
BBS2	881	685	1315
BBS4	2566	1821	3418
BBS7	1591	1092	1910
BBS7-DT	8	9	10
BBS9	23597	14799	29908
BBX	9588	7044	12465
BCAM	1618	1462	2426
BCAN	145	97	204
BCAN-AS1	21	8	16
BCAN-AS2	130	108	217
BCAP29	44	27	54
BCAP31	727	491	852
BCAR1	1541	1052	1879
BCAR3	6860	4991	10485
BCAR3-AS1	129	74	125
BCAR4	154	125	272
BCAS1	1067	572	1217
BCAS1-AS1	58	51	92
BCAS2	857	610	1003
BCAS3	18630	12871	24252
BCAS3-AS1	206	121	250
BCAS4	518	384	545
BCAT1	3141	1967	3169
BCAT1-AS1	15	6	19
BCAT1-DT	83	44	113
BCAT2	727	637	1045
BCCIP	2236	1798	2869
BCDIN3D	210	175	290
BCDIN3D-AS1	147	113	189
BCHE	1472	899	1832
BCKDHB	7922	5667	10532
BCKDK	300	184	378
BCL10	630	356	713
BCL10-AS1	1302	916	1652
BCL11A	4200	3816	8439
BCL11B	7939	5443	12825
BCL11B-AS1	11	16	27
BCL2	17103	10525	24269
BCL2A1	109	67	121
BCL2L1	2628	1791	3498
BCL2L1-AS1	147	117	210
BCL2L10	18	9	24
BCL2L11	1516	961	1639
BCL2L12	270	206	360
BCL2L13	3202	2487	3833
BCL2L14	908	656	1195
BCL2L15	71	53	96
BCL2L2	233	176	309
BCL2L2-PABPN1	758	582	986
BCL3	237	144	329
BCL6	1110	941	1397
BCL6B	368	207	405
BCL7A	1435	1230	2031
BCL7B	447	321	547
BCL7C	2489	1615	2850
BCL9	2491	1682	3302
BCL9L	1807	1323	2241
BCLAF1	6055	4019	7636
BCLAF3	2871	2047	3734
BCO1	216	173	324
BCO2	297	215	341
BCOR	4244	3082	5257
BCORL1	1746	1142	2065
BCR	2833	2045	3390
BCRP3	75	79	124
BCS1L	414	316	540
BDH1	919	771	1435
BDH2	2188	1419	3216
BDKRB1	20	16	35
BDKRB1-AS1	69	42	103
BDKRB2	3	2	7
BDNF	418	300	787
BDNF-AS	2379	1658	3344
BDP1	12266	8688	15872
BEAN1	357	300	569
BECN1	1084	766	1374
BECN2	4	6	3
BEGAIN	488	353	740
BEGAIN-AS1	7	4	14
BEND2	111	60	119
BEND3	523	339	682
BEND4	132	80	188
BEND4-AS1	497	340	742
BEND6	898	702	1287
BEND7	1315	826	1494
BEND7-DT	6	3	13
BEST1	278	178	431
BEST2	24	8	27
BEST3	515	1233	693
BEST4	53	42	104
BET1	1243	1093	1840
BET1-AS1	176	135	256
BET1L	813	498	1069
BETALINC1	9	4	20
BEX1	23	21	39
BEX2	45	50	73
BEX3	1233	913	1593
BEX4	334	316	488
BEX5	32	19	35
BFAR	1308	964	1749
BFSP1	508	314	617
BFSP2	422	293	557
BFSP2-AS1	76	61	142
BGLT3	3	2	6
BGN	384	271	439
BHLHA15	10	9	15
BHLHA9	5	2	13
BHLHE22	46	65	63
BHLHE22-AS1	63	34	65
BHLHE23	11	6	10
BHLHE40	401	270	429
BHLHE40-AS1	518	428	667
BHLHE41	260	273	373
BHMT	116	71	126
BHMT2	487	308	584
BICC1	23253	15109	25584
BICD1	7596	5130	9807
BICD1-AS1	37	21	52
BICD2	1416	1105	1790
BICDL1	738	769	1040
BICDL2	226	209	262
BICRA-AS1	57	36	58
BICRA-AS2	30	21	32
BICRAL	5059	4058	6996
BID	824	552	985
BIK	122	89	171
BIN1	2940	2854	3390
BIN2	327	222	516
BIN3	2394	1596	2897
BIRC2	1932	1357	2393
BIRC3	118	72	146
BIRC5	445	296	668
BIRC6	18231	12746	23100
BIRC6-AS1	13	10	14
BIRC7	31	31	71
BISPR	2	0	0
BIVM-ERCC5	80	40	97
BLACAT1	16	7	4
BLACE	31	29	58
BLCAP	3371	2893	4126
BLK	293	210	393
BLK-AS1	72	47	110
BLM	1429	979	2274
BLMH	2021	1498	2725
BLNK	731	546	1111
BLOC1S2	539	470	750
BLOC1S4	31	30	32
BLOC1S5-TXNDC5	797	623	1057
BLOC1S6	12	16	16
BLVRA	954	641	1265
BLVRB	506	445	683
BLZF1	3632	2527	4524
BMERB1	3638	2300	4562
BMF	488	340	653
BMF-AS1	4	1	4
BMI1	162	106	225
BMP1	3173	2128	3767
BMP10	20	13	22
BMP15	13	5	16
BMP2	257	148	379
BMP2K	5830	3735	7136
BMP2K-DT	18	13	15
BMP3	173	107	221
BMP4	498	361	868
BMP5	2075	1106	3374
BMP6	889	552	1058
BMP7	2109	1474	3848
BMP7-AS1	2	1	4
BMP8A	155	93	191
BMP8B	95	69	144
BMP8B-AS1	4	1	4
BMPER	5853	3702	5493
BMPR1A	14733	10272	18983
BMPR1B	3121	2659	4401
BMPR1B-DT	27	19	59
BMPR2	17626	12225	20944
BMS1	2842	2081	3645
BMS1P14	188	95	339
BMS1P4	0	2	3
BMS1P4-AGAP5	58	43	63
BMT2	4376	3159	5952
BMX	827	391	749
BNAT1	15	6	8
BNC1	402	372	625
BNC2	32556	24083	41357
BNC2-AS1	20	14	26
BNIP1	565	414	756
BNIP2	1599	1146	1935
BNIP3	668	536	914
BNIP3L	2926	2152	3822
BNIP5	98	76	148
BNIPL	466	446	696
BOC	15427	9423	15571
BOD1	597	448	877
BOD1L1	5148	3466	6615
BOD1L2	4	2	3
BOK	303	257	386
BOK-AS1	106	93	178
BOLA1	173	157	261
BOLA2B	0	3	7
BOLA3	255	173	310
BOLA3-DT	88	64	106
BOLL	115	90	151
BOP1	302	241	387
BORA	674	443	926
BORCS5	2375	1762	3166
BORCS6	18	27	21
BORCS7-ASMT	198	150	263
BORCS8	18	8	13
BPGM	472	346	679
BPHL	1575	1119	2066
BPI	89	71	101
BPIFA1	12	9	29
BPIFA2	53	38	69
BPIFA3	51	34	60
BPIFB1	120	65	135
BPIFB2	110	60	128
BPIFB3	30	15	71
BPIFB4	150	77	179
BPIFB6	26	3	16
BPIFC	381	408	357
BPNT1	884	668	1176
BPNT2	1214	912	1690
BPTF	17080	12401	22648
BRAF	12950	9783	16351
BRAP	1584	1235	2105
BRAT1	923	719	1102
BRCA1	2761	1933	3908
BRCA1-OT1	53	29	57
BRCA2	1743	1205	2903
BRCC3	1444	1005	1974
BRD1	3439	2362	4463
BRD2	2529	1863	3378
BRD3	1500	1186	1940
BRD3OS	216	134	243
BRD4	6590	4703	8756
BRD7	2028	1435	2572
BRD8	4306	3066	5668
BRD9	2109	1455	3090
BRDT	413	363	623
BRF1	2495	1776	3150
BRF2	155	168	253
BRI3	1255	944	1620
BRI3BP	473	426	643
BRICD5	71	46	81
BRINP1	893	662	1286
BRINP2	705	513	1008
BRINP3	1575	930	1745
BRINP3-DT	6	6	20
BRIP1	4078	2667	5806
BRIX1	1081	842	1502
BRK1	649	504	964
BRME1	504	319	705
BRMS1	244	210	304
BRMS1L	1866	1314	2585
BROX	968	767	1398
BRPF1	386	288	501
BRPF3	1482	1090	1887
BRPF3-AS1	449	321	494
BRS3	18	7	22
BRSK1	788	461	1080
BRSK1-AS1	2	5	5
BRSK2	399	219	479
BRWD1	12552	9135	16978
BRWD1-AS1	116	99	188
BRWD1-AS2	28	34	57
BRWD3	3775	2603	4908
BSCL2	19	14	16
BSDC1	2233	1662	2844
BSG	496	438	611
BSG-AS1	131	83	182
BSN	555	422	716
BSN-AS1	9	2	11
BSN-DT	17	13	33
BSND	71	36	65
BSPH1	76	54	117
BSPRY	87	68	113
BST1	281	147	318
BST2	28	19	46
BSX	39	25	54
BTAF1	7840	5489	9972
BTBD1	2012	1459	2357
BTBD10	3646	2287	4326
BTBD11	5641	4631	9550
BTBD16	386	246	579
BTBD17	19	18	25
BTBD18	44	33	61
BTBD19	426	303	473
BTBD2	1841	1303	2358
BTBD3	3114	2148	4553
BTBD3-AS1	66	36	111
BTBD6	146	107	163
BTBD7	4844	3490	6289
BTBD8	1619	1132	2114
BTBD9	12816	9038	16997
BTBD9-AS1	3	2	6
BTC	335	241	407
BTD	2345	1424	2533
BTF3	858	671	1095
BTF3-DT	17	11	26
BTF3L4	2751	1961	3553
BTG1	1564	1020	1982
BTG1-DT	575	488	901
BTG2	752	427	638
BTG2-DT	43	40	46
BTG3	1798	1248	2287
BTG3-AS1	188	118	235
BTG4	124	84	130
BTK	240	159	256
BTLA	106	61	147
BTN1A1	32	24	23
BTN2A1	1635	1106	2058
BTN2A2	297	213	442
BTN3A1	1264	702	1446
BTN3A2	594	372	695
BTN3A3	679	422	795
BTNL2	63	38	49
BTNL3	37	33	33
BTNL8	116	72	138
BTNL9	1413	843	1357
BTRC	9728	7020	12080
BUB1	1356	888	2050
BUB1B	2026	1368	2898
BUB3	1891	1416	2519
BUD13	748	493	975
BUD13-DT	3	2	6
BUD23	1147	841	1438
BUD31	664	462	799
BVES	265	341	371
BVES-AS1	343	422	401
BYSL	302	216	342
BZW1	1476	868	1656
BZW1-AS1	142	86	183
BZW2	2990	2124	4053
C10orf105	144	89	179
C10orf120	11	5	9
C10orf143	598	504	909
C10orf53	71	63	114
C10orf55	161	133	209
C10orf67	377	271	485
C10orf67-AS1	10	16	16
C10orf71	195	289	272
C10orf71-AS1	12	18	17
C10orf82	76	60	106
C10orf88	1132	841	1509
C10orf90	2180	1446	3668
C10orf95	35	23	48
C10orf95-AS1	187	169	321
C10orf99	70	46	98
C11orf1	133	108	243
C11orf16	44	25	71
C11orf21	60	54	78
C11orf24	388	294	536
C11orf40	18	11	22
C11orf42	43	11	51
C11orf53	132	69	154
C11orf54	5	4	10
C11orf58	3915	2794	5246
C11orf65	992	813	1543
C11orf68	38	27	43
C11orf71	66	69	120
C11orf80	4874	4690	7014
C11orf86	10	8	12
C11orf87	57	26	80
C11orf94	4	7	6
C11orf97	98	97	174
C12orf29	481	381	581
C12orf4	2097	1473	2789
C12orf40	1630	1135	2201
C12orf42	948	704	1174
C12orf42-AS1	108	62	149
C12orf43	498	384	648
C12orf50	144	101	236
C12orf54	80	71	93
C12orf56	550	441	724
C12orf57	272	185	335
C12orf60	505	299	662
C12orf71	5	1	4
C12orf73	723	741	1036
C12orf75	3462	2112	4323
C12orf75-AS1	115	80	110
C12orf76	819	567	1206
C13orf42	379	198	423
C13orf46	216	151	263
C14orf119	197	140	238
C14orf132	790	506	958
C14orf178	100	58	99
C14orf180	150	116	189
C14orf28	331	254	421
C14orf39	709	552	963
C14orf93	595	436	820
C15orf32	127	80	167
C15orf39	326	209	426
C15orf40	1005	807	1302
C15orf48	126	113	199
C15orf61	165	156	249
C15orf62	22	13	27
C16orf46-AS1	46	21	57
C16orf46-DT	11	6	9
C16orf54	4	8	16
C16orf72	1292	849	1679
C16orf74	1668	1161	2775
C16orf78	80	49	71
C16orf82	9	2	11
C16orf86	60	52	93
C16orf87	994	778	1421
C16orf89	74	48	65
C16orf90	15	9	12
C16orf91	26	34	52
C16orf92	18	13	19
C16orf95	1129	765	1574
C16orf95-DT	22	21	45
C16orf96	236	173	305
C17orf100	320	272	554
C17orf107	70	66	87
C17orf114	71	58	88
C17orf50	48	18	60
C17orf58	108	81	135
C17orf64	221	144	241
C17orf67	793	563	1102
C17orf75	856	598	1019
C17orf78	56	37	64
C17orf80	1285	934	1797
C17orf97	190	107	288
C17orf98	12	9	18
C17orf99	145	147	209
C18orf21	400	311	569
C18orf25	2998	2277	3688
C18orf32	72	64	101
C18orf54	707	544	988
C18orf63	181	107	246
C19orf12	928	617	1132
C19orf18	397	273	543
C19orf25	818	693	1079
C19orf33	7	5	11
C19orf38	376	208	358
C19orf44	1017	738	1567
C19orf47	394	360	502
C19orf53	232	195	386
C19orf54	183	161	259
C19orf67	52	44	71
C19orf71	174	150	278
C19orf73	13	9	18
C19orf81	55	43	79
C19orf84	4	4	6
C19orf85	15	9	26
C1D	1409	994	1686
C1GALT1	2631	1643	3825
C1GALT1C1	170	180	244
C1GALT1C1L	12	2	7
C1orf100	115	77	154
C1orf105	290	270	315
C1orf109	390	315	524
C1orf112	2732	1828	3671
C1orf115	142	81	148
C1orf116	146	128	224
C1orf122	126	131	157
C1orf127	178	169	217
C1orf131	1018	791	1416
C1orf141	441	312	587
C1orf146	53	32	83
C1orf147	24	16	42
C1orf159	2138	1527	2961
C1orf162	106	70	121
C1orf167	116	112	176
C1orf167-AS1	15	4	17
C1orf174	643	552	989
C1orf185	98	76	125
C1orf198	1811	1167	2301
C1orf202	46	41	32
C1orf21	12374	7656	15009
C1orf21-DT	27	15	29
C1orf210	26	26	32
C1orf216	209	132	265
C1orf220	42	29	35
C1orf226	23	15	26
C1orf232	52	25	69
C1orf35	589	377	634
C1orf43	965	781	1416
C1orf50	0	0	1
C1orf50-AS1	2	3	5
C1orf52	2784	2124	3679
C1orf53	22	15	31
C1orf54	977	656	1184
C1orf56	75	54	70
C1orf68	6	3	4
C1orf74	6	5	7
C1orf87	538	332	646
C1orf94	227	147	316
C1QA	2	5	10
C1QB	42	26	52
C1QBP	391	351	528
C1QC	29	16	29
C1QL1	28	18	42
C1QL2	13	4	10
C1QL3	37	20	42
C1QL4	45	34	51
C1QTNF1	476	310	640
C1QTNF1-AS1	132	73	157
C1QTNF12	88	47	90
C1QTNF2	1512	998	2011
C1QTNF3-AMACR	4269	2858	6099
C1QTNF3-DT	574	414	808
C1QTNF4	81	52	105
C1QTNF6	509	418	783
C1QTNF7	2141	1206	2104
C1QTNF7-AS1	2880	1715	3711
C1QTNF8	30	32	57
C1QTNF9	5	0	6
C1QTNF9-AS1	14	11	31
C1QTNF9B	35	17	37
C1R	439	275	438
C1RL	1276	834	1635
C1RL-AS1	1211	794	1597
C1S	2116	1380	2203
C2	335	256	485
C2-AS1	16	3	13
C20orf144	59	25	66
C20orf173	31	14	32
C20orf202	9	8	12
C20orf203	0	0	3
C20orf204	161	114	176
C20orf27	226	176	293
C20orf85	50	32	51
C20orf96	605	473	799
C21orf58	2464	1895	3357
C21orf62	105	64	124
C21orf62-AS1	1578	848	1954
C21orf91	1052	875	1552
C21orf91-OT1	85	87	171
C22orf15	20	17	33
C22orf23	90	58	113
C22orf31	76	53	111
C22orf39	41	39	79
C22orf42	20	10	17
C2CD2	1237	931	1466
C2CD2L	286	208	375
C2CD3	4780	3430	6458
C2CD4A	19	12	26
C2CD4B	347	105	120
C2CD4C	58	28	57
C2CD4D	39	24	45
C2CD4D-AS1	135	144	191
C2CD5	5509	3694	7033
C2CD5-AS1	637	457	911
C2CD6	1034	650	1249
C2orf16	113	86	158
C2orf27A	2235	1445	2816
C2orf42	1339	951	1814
C2orf49	1197	956	1574
C2orf49-DT	172	144	264
C2orf50	123	103	139
C2orf66	22	15	23
C2orf68	700	527	904
C2orf69	823	596	1046
C2orf72	74	55	106
C2orf73	312	171	366
C2orf74-AS1	15	16	25
C2orf74-DT	75	55	97
C2orf76	1266	928	1763
C2orf78	22	13	27
C2orf80	99	65	126
C2orf88	1509	989	1729
C2orf92	987	745	1343
C3	386	356	491
C3AR1	58	49	90
C3orf14	364	278	535
C3orf18	311	208	366
C3orf20	457	325	636
C3orf22	131	79	171
C3orf33	8	7	11
C3orf36	19	6	33
C3orf38	801	662	1136
C3orf49	94	62	101
C3orf52	490	394	574
C3orf56	12	2	10
C3orf62	289	209	342
C3orf70	2166	1487	2782
C3orf80	15	9	9
C3orf84	99	46	119
C3orf85	118	69	141
C4A	5	7	9
C4B	5	5	7
C4BPA	111	54	129
C4BPB	48	24	96
C4orf17	93	50	130
C4orf19	1247	839	2088
C4orf3	393	364	511
C4orf33	628	426	792
C4orf36	347	287	633
C4orf45	657	422	856
C4orf46	227	157	232
C4orf47	253	244	342
C4orf48	55	29	72
C4orf50	389	241	538
C4orf51	389	268	560
C4orf54	190	577	257
C5	2770	1936	3757
C5AR1	585	430	488
C5AR2	59	54	91
C5orf15	1088	659	1379
C5orf22	834	628	1135
C5orf24	326	297	469
C5orf34	755	518	987
C5orf34-AS1	58	30	68
C5orf38	67	59	116
C5orf46	205	163	241
C5orf47	61	42	88
C5orf49	91	47	111
C5orf52	29	25	39
C5orf58	63	32	57
C5orf60	9	6	7
C5orf63	630	558	918
C5orf64	816	496	936
C5orf64-AS1	8	4	14
C5orf67	530	364	676
C6	358	241	510
C6orf118	315	197	384
C6orf120	100	116	147
C6orf132	533	460	770
C6orf136	176	143	239
C6orf141	263	221	322
C6orf15	4	2	9
C6orf223	46	29	60
C6orf226	20	23	37
C6orf47	146	133	221
C6orf47-AS1	66	45	91
C6orf52	161	110	204
C6orf58	324	199	403
C6orf62	2232	1569	2909
C6orf89	1823	1423	2245
C7	565	377	566
C7orf31	509	335	685
C7orf33	61	49	73
C7orf50	4449	3017	5897
C7orf57	93	62	126
C7orf61	142	99	195
C7orf77	63	29	64
C7orf78	255	159	359
C8A	156	103	170
C8B	161	117	213
C8G	9	13	14
C8orf33	730	663	1026
C8orf34	3059	2701	4737
C8orf34-AS1	130	96	186
C8orf44-SGK3	597	466	796
C8orf48	44	36	77
C8orf58	136	84	185
C8orf74	134	93	157
C8orf76	166	128	231
C8orf82	149	95	182
C8orf86	217	145	292
C8orf88	737	527	975
C8orf89	243	166	308
C8orf90	30	10	44
C9	84	67	124
C9orf131	17	11	24
C9orf152	73	54	102
C9orf153	661	554	735
C9orf163	20	12	34
C9orf24	214	162	318
C9orf40	213	134	267
C9orf43	154	111	212
C9orf50	103	63	137
C9orf57	60	49	86
C9orf64	285	305	457
C9orf72	797	570	1173
C9orf78	493	355	565
C9orf85	3052	2354	4208
C9orf92	1173	828	1568
CA1	134	111	216
CA10	1834	1909	2453
CA11	269	212	305
CA12	410	302	457
CA13	857	721	1321
CA14	52	51	74
CA2	127	122	118
CA3	926	1169	1285
CA3-AS1	85	64	116
CA4	158	94	250
CA5A	513	370	643
CA5B	3180	2220	3915
CA6	130	121	171
CA7	37	12	58
CA8	742	435	951
CA9	59	41	61
CAAP1	2230	1697	2830
CAB39	5537	3966	6342
CAB39L	2589	2148	3267
CABCOCO1	716	511	1186
CABIN1	4771	3247	5866
CABLES1	3297	2466	4543
CABLES2	249	174	359
CABP1	425	253	524
CABP1-DT	38	32	65
CABP2	13	9	17
CABP4	68	46	100
CABP5	51	39	61
CABP7	27	23	47
CABP7-DT	47	28	55
CABS1	7	6	14
CABYR	415	278	582
CABYR-AS1	52	24	81
CACFD1	114	114	199
CACHD1	12018	8479	16129
CACNA1A	1710	1195	2165
CACNA1B	1003	661	1541
CACNA1B-AS2	55	22	78
CACNA1C	10369	7038	15265
CACNA1C-AS1	71	51	104
CACNA1C-AS2	4	3	7
CACNA1C-AS3	18	8	10
CACNA1C-AS4	15	7	17
CACNA1D	7050	4000	10170
CACNA1E	2470	2525	3105
CACNA1F	101	61	106
CACNA1G	1646	1159	2409
CACNA1G-AS1	133	82	195
CACNA1H	612	530	780
CACNA1I	532	350	684
CACNA1S	541	1000	688
CACNA2D1	13484	11162	14285
CACNA2D1-AS1	58	44	71
CACNA2D2	958	682	1239
CACNA2D3	4588	3169	6922
CACNA2D3-AS1	175	107	206
CACNA2D4	500	434	741
CACNB1	853	902	962
CACNB1-AS1	50	28	66
CACNB2	4071	2230	4411
CACNB2-AS1	1262	955	1628
CACNB2-AS2	189	108	210
CACNB3	638	418	963
CACNB4	3087	2079	2645
CACNG1	130	422	177
CACNG2	514	342	733
CACNG2-DT	37	10	47
CACNG3	343	267	489
CACNG4	1005	630	1168
CACNG5	140	96	208
CACNG6	106	145	152
CACNG7	114	90	154
CACNG8	186	133	204
CACSTL1	11	10	17
CACTIN	338	220	376
CACTIN-AS1	62	37	76
CACUL1	4266	3008	5574
CACYBP	738	647	1009
CAD	1192	819	1507
CADM1	8388	6102	16545
CADM1-AS1	5	2	7
CADM2	5541	6957	9291
CADM2-AS1	82	38	90
CADM2-AS2	140	104	196
CADM3	267	148	432
CADM3-AS1	90	42	116
CADM4	162	99	213
CADPS	2121	1496	2704
CADPS2	6245	4304	8957
CAGE1	128	83	148
CAHM	69	40	74
CALB1	97	51	125
CALB2	248	188	412
CALCA	34	13	37
CALCB	740	491	938
CALCOCO1	2509	1874	3406
CALCOCO2	1623	1173	2150
CALCR	438	532	604
CALCRL	5965	3047	5573
CALCRL-AS1	8075	6170	11283
CALD1	23096	16077	28013
CALHM1	10	10	14
CALHM2	210	140	281
CALHM2-AS1	7	5	10
CALHM3	15	24	28
CALHM4	79	56	130
CALHM5	83	56	111
CALHM6-AS1	37	8	26
CALM1	1661	1226	2084
CALM2	18	7	11
CALM3	534	388	587
CALML3	16	9	19
CALML3-AS1	72	123	87
CALML5	57	51	49
CALML6	59	139	92
CALN1	3466	3167	4059
CALR	1103	814	1400
CALU	4790	2946	5033
CALY	123	61	162
CAMK1	593	309	511
CAMK1D	13271	10801	19016
CAMK1G	129	87	188
CAMK2A	412	569	621
CAMK2B	747	584	946
CAMK2D	23782	15508	21072
CAMK2G	3088	2230	4248
CAMK2G-AS1	8	4	4
CAMK2N1	143	121	138
CAMK2N2	6	4	7
CAMK4	3093	1800	3458
CAMK4-AS1	90	56	85
CAMKK1	961	764	1106
CAMKK2	2609	1643	2934
CAMKMT	13578	9294	16188
CAMKV	54	31	69
CAMLG	566	362	710
CAMP	10	7	11
CAMSAP1	3577	2492	4556
CAMSAP1-DT	471	390	656
CAMSAP2	7743	5653	10500
CAMSAP3	192	207	257
CAMTA1	9469	6433	12278
CAMTA1-AS1	2	4	5
CAMTA1-AS2	38	30	41
CAMTA1-AS3	15	11	22
CAMTA1-AS4	18	11	26
CAMTA1-DT	21	15	16
CAMTA2	810	657	1077
CAMTA2-AS1	23	19	27
CAND1	6129	4363	7578
CAND2	638	586	799
CANT1	571	391	767
CANX	2851	2197	3782
CAP1	1672	1195	1936
CAP2	2275	2985	3504
CAPG	475	333	517
CAPN1	1092	807	1274
CAPN1-AS1	108	130	181
CAPN10	400	286	558
CAPN10-DT	82	58	107
CAPN11	153	118	207
CAPN12	399	406	547
CAPN13	428	280	549
CAPN14	236	198	279
CAPN15	893	659	1059
CAPN15-AS1	35	24	37
CAPN2	4436	2808	5137
CAPN3	9	6	14
CAPN5	695	478	879
CAPN6	394	456	525
CAPN7	6304	4978	9065
CAPN8	387	305	497
CAPN9	354	253	489
CAPN9-AS1	272	199	341
CAPNS1	536	429	741
CAPRIN1	5179	3491	6767
CAPRIN2	4176	3023	5559
CAPS	218	147	217
CAPS2	1379	902	1964
CAPS2-AS1	178	116	207
CAPSL	157	87	190
CAPSL-DT	8	2	8
CAPZA1	3540	2335	4129
CAPZA2	4162	2945	4922
CAPZA3	10	4	3
CAPZB	6876	5248	8219
CARD10	280	165	294
CARD11	749	473	915
CARD11-AS1	9	11	12
CARD14	238	203	308
CARD16	386	363	648
CARD18	1075	789	2043
CARD19	279	205	342
CARD6	339	196	379
CARD8	6013	3660	7556
CARD8-AS1	40	28	38
CARD9	0	0	2
CARF	2295	1691	3206
CARHSP1	911	657	1239
CARHSP1-DT	10	4	10
CARM1	1830	1331	2299
CARMAL	172	101	184
CARMIL1	8462	5091	9276
CARMIL2	56	33	62
CARMIL3	136	87	169
CARMN	4822	3441	5844
CARNMT1	1604	1205	2107
CARNMT1-AS1	385	284	512
CARNS1	112	199	147
CARS1	1626	1146	2047
CARS1-AS1	35	34	53
CARS2	3640	2469	4330
CARTPT	11	3	21
CASC11	318	253	457
CASC15	47268	30372	76668
CASC16	355	238	462
CASC17	287	240	416
CASC18	285	223	399
CASC19	607	510	801
CASC2	1437	1103	2286
CASC20	175	134	250
CASC22	24	13	23
CASC23	16	13	23
CASC3	3890	2587	4844
CASC6	430	333	494
CASC8	630	423	780
CASC9	939	624	1806
CASD1	4138	3052	5784
CASK	26776	14695	36637
CASK-AS1	7	3	11
CASKIN1	152	113	206
CASKIN2	532	323	585
CASP1	364	381	520
CASP10	1105	571	1141
CASP12	194	121	173
CASP14	181	138	157
CASP2	1721	1124	2081
CASP3	699	523	981
CASP4	1569	1057	2023
CASP5	70	69	101
CASP6	1075	696	1407
CASP7	1555	1144	2014
CASP8	1087	747	1436
CASP8AP2	3738	2622	5130
CASP9	609	431	718
CASQ1	159	303	214
CASQ2	994	2445	1133
CASR	360	291	517
CASS4	317	195	423
CAST	8001	6008	10669
CASTOR1	5	2	10
CASTOR2	1004	838	1313
CASZ1	4531	5395	6302
CASZ1-AS1	120	77	160
CAT	2837	2080	3277
CATED	170	126	243
CATIP	108	79	172
CATIP-AS1	12	14	10
CATIP-AS2	143	90	176
CATSPER1	45	49	95
CATSPER2	580	417	711
CATSPER3	20	17	25
CATSPER4	37	39	64
CATSPERB	950	735	1483
CATSPERD	446	305	570
CATSPERE	1796	1375	2864
CATSPERG	840	642	1173
CATSPERZ	0	0	5
CAV1	4548	2579	5055
CAV2	1806	1220	2136
CAV2-DT	3877	2650	4861
CAV3	555	937	658
CAVIN1	2012	1475	2082
CAVIN2	1006	436	726
CAVIN2-AS1	1016	753	1252
CAVIN3	184	147	182
CAVIN4	740	948	1112
CBARP	65	48	71
CBARP-DT	4	5	5
CBFA2T2	9719	6539	11874
CBFA2T3	1607	1124	2286
CBFB	4648	3298	5914
CBL	4288	2843	5184
CBLB	18344	11557	24437
CBLC	351	316	559
CBLIF	69	37	94
CBLL1	741	536	1025
CBLL1-AS1	37	38	68
CBLN1	19	11	12
CBLN2	259	187	390
CBLN3	119	50	112
CBLN4	27	20	44
CBR1	67	76	104
CBR1-AS1	182	153	332
CBR3	441	267	523
CBR3-AS1	460	424	693
CBR4	5246	4154	7157
CBR4-DT	3	2	13
CBS	29	25	43
CBWD1	878	813	1716
CBWD2	1553	1015	2106
CBWD3	353	265	453
CBWD5	1105	598	1320
CBWD6	305	186	312
CBX1	1792	1259	2256
CBX2	307	186	428
CBX3	2273	1753	3343
CBX4	204	120	266
CBX5	3622	2784	5102
CBX6	694	439	900
CBX7	404	307	516
CBX7-AS1	18	19	20
CBX8	338	188	352
CBY1	1023	681	1163
CBY2	40	21	53
CBY3	34	23	57
CC2D1A	607	488	834
CC2D1B	1042	701	1347
CC2D2A	3042	1949	4225
CC2D2B	863	468	932
CCAR1	7836	5835	10909
CCAR2	813	564	1117
CCBE1	10106	5736	12536
CCBE1-AS1	12	7	12
CCDC102A	597	385	779
CCDC102B	15712	10765	19141
CCDC103	14	1	15
CCDC105	166	109	241
CCDC106	162	139	233
CCDC107	238	240	279
CCDC110	200	118	213
CCDC110-AS1	162	150	244
CCDC112	959	680	1355
CCDC113	645	411	816
CCDC115	263	249	384
CCDC116	50	23	41
CCDC117	622	451	778
CCDC12	2242	1526	2844
CCDC120	327	287	475
CCDC121	82	65	121
CCDC122	1226	868	1456
CCDC124	372	295	479
CCDC125	1111	887	1844
CCDC126	991	698	1224
CCDC127	467	403	620
CCDC13-AS1	42	46	76
CCDC13-AS2	43	23	42
CCDC134	762	599	1005
CCDC136	760	464	886
CCDC137	1116	866	1485
CCDC138	2967	1977	4124
CCDC14	9676	6195	13525
CCDC140	73	50	153
CCDC141	1462	2205	1651
CCDC142	770	608	1073
CCDC144A	2	1	5
CCDC144NL-AS1	680	350	819
CCDC146	4471	2957	5723
CCDC146-AS1	52	26	59
CCDC148	1636	1053	2231
CCDC148-AS1	228	143	270
CCDC149	2671	1627	3203
CCDC15	1089	780	1451
CCDC15-DT	52	36	69
CCDC150	1531	942	1936
CCDC152	1215	700	1689
CCDC153	107	87	174
CCDC154	155	86	201
CCDC157	218	125	264
CCDC158	377	284	478
CCDC159	621	412	792
CCDC160	28	9	34
CCDC163	47	28	55
CCDC166	9	5	2
CCDC167	386	276	496
CCDC168	118	97	154
CCDC169-SOHLH2	48	38	51
CCDC17	61	41	64
CCDC170	1035	573	1212
CCDC171	7329	5016	10207
CCDC172	154	113	182
CCDC174	2350	1876	3266
CCDC175	208	124	349
CCDC177	23	17	29
CCDC178	2246	1480	2981
CCDC179	31	13	47
CCDC18	2906	2117	3903
CCDC18-AS1	6809	5215	9317
CCDC180	20	7	30
CCDC181	211	116	274
CCDC182	0	1	1
CCDC183-AS1	129	66	202
CCDC184	30	24	19
CCDC185	9	3	10
CCDC186	2966	2224	3825
CCDC187	295	212	482
CCDC188	26	16	45
CCDC190	162	125	261
CCDC191	2434	1671	3272
CCDC192	793	569	1076
CCDC192-AS1	98	87	136
CCDC194	59	51	93
CCDC195	109	87	153
CCDC196	243	168	327
CCDC197	134	80	144
CCDC198	67	53	136
CCDC200	525	429	880
CCDC201	36	24	56
CCDC22	225	152	322
CCDC24	111	70	149
CCDC25	1056	842	1380
CCDC26	4430	2589	5693
CCDC27	113	92	149
CCDC28A	975	724	1155
CCDC28A-AS1	411	353	654
CCDC28B	266	191	285
CCDC3	7143	4911	11418
CCDC30	2169	1624	3298
CCDC32	2042	1406	2489
CCDC33	630	374	809
CCDC33-AS1	91	42	120
CCDC34	2295	2025	3174
CCDC38	224	141	265
CCDC39	62	46	87
CCDC39-AS1	68	41	61
CCDC40	1175	845	1459
CCDC42	54	50	79
CCDC43	549	365	649
CCDC47	1515	1062	1848
CCDC50	4181	2673	4678
CCDC51	146	136	220
CCDC54	4	1	5
CCDC54-AS1	732	937	1270
CCDC57	5784	4194	8340
CCDC59	1339	966	1664
CCDC6	4272	2752	5282
CCDC60	546	363	744
CCDC61	598	461	697
CCDC62	378	230	380
CCDC63	430	262	566
CCDC65	193	103	203
CCDC66	6718	4458	8519
CCDC68	505	325	718
CCDC69	340	307	394
CCDC7	7193	6389	11944
CCDC70	13	5	21
CCDC71	203	155	316
CCDC73	628	417	811
CCDC74A	150	80	192
CCDC74B	65	50	119
CCDC77	1285	884	1807
CCDC78	26	19	38
CCDC8	456	406	586
CCDC80	3322	2466	3962
CCDC81	436	283	625
CCDC82	2705	1771	3421
CCDC83	292	187	352
CCDC85B	44	27	54
CCDC85C	1055	759	1396
CCDC86	152	111	197
CCDC86-AS1	43	24	44
CCDC87	24	9	13
CCDC88A	10341	6943	12641
CCDC88B	222	190	274
CCDC88C	2805	1923	3703
CCDC88C-DT	26	19	15
CCDC89	42	50	66
CCDC9	1208	793	1386
CCDC90B	1572	1410	2165
CCDC90B-AS1	1131	732	1658
CCDC91	9642	6970	12921
CCDC92	2726	1904	3842
CCDC92B	107	74	126
CCDC93	5683	4080	7212
CCDC97	492	426	645
CCDC9B	273	278	362
CCER1	248	138	303
CCER2	50	58	94
CCHCR1	1357	1065	1973
CCIN	18	14	14
CCK	46	42	76
CCKAR	35	21	43
CCKBR	48	46	57
CCL1	21	14	31
CCL11	8	3	4
CCL13	19	4	20
CCL14	4	5	7
CCL15-CCL14	33	14	42
CCL16	57	19	56
CCL17	47	51	61
CCL18	15	13	25
CCL19	11	3	9
CCL2	345	153	211
CCL20	29	25	45
CCL21	131	118	118
CCL22	40	21	52
CCL23	16	9	14
CCL24	36	17	54
CCL25	46	34	62
CCL26	206	134	306
CCL28	166	118	241
CCL3	149	112	125
CCL3-AS1	56	38	60
CCL3L1	62	56	56
CCL4	149	71	92
CCL4L2	179	94	102
CCL5	16	13	29
CCL5-AS1	56	43	74
CCL7	3	3	5
CCL8	70	38	61
CCM2	4684	3147	6165
CCM2L	493	246	619
CCM2L-AS1	105	69	132
CCN1	13738	4141	7475
CCN2	1808	576	1056
CCN2-AS1	5969	3557	6914
CCN3	372	146	282
CCN4	1757	1223	2455
CCN5	88	70	104
CCN6	54	26	58
CCNA1	38	23	50
CCNA2	383	319	533
CCNB1	1599	1028	2182
CCNB1IP1	906	573	1209
CCNB2	477	376	782
CCNB3	237	169	336
CCNC	2034	1471	2767
CCND1	1823	1312	2390
CCND2	74	61	113
CCND2-AS1	1007	709	1175
CCND3	2540	1996	3492
CCNDBP1	378	259	524
CCNE1	155	108	173
CCNE2	628	390	961
CCNF	1070	763	1341
CCNG1	360	365	459
CCNG2	2478	1882	3452
CCNH	7484	5390	8765
CCNH-AS1	291	203	396
CCNI	2746	2057	3544
CCNI-AS1	110	91	137
CCNI-AS2	30	30	27
CCNI-DT	97	59	120
CCNI2	31	12	37
CCNJ	686	417	806
CCNJL	2491	1649	2906
CCNK	2510	1672	3263
CCNL1	6117	3745	6808
CCNL2	12894	9595	16531
CCNO	18	17	15
CCNO-DT	235	212	336
CCNP	56	37	72
CCNQ	96	62	104
CCNT1	1506	1128	2033
CCNT2	5228	3854	6986
CCNT2-AS1	1210	854	1503
CCNY	12812	8732	15276
CCNY-AS1	1179	951	1700
CCNYL1	1416	967	1728
CCP110	2135	1530	2849
CCPG1	221	170	280
CCR1	58	43	59
CCR10	96	59	122
CCR2	29	12	36
CCR3	357	216	431
CCR4	20	8	23
CCR5	23	11	16
CCR5AS	138	86	127
CCR7	59	43	77
CCR8	16	7	16
CCR9	62	42	71
CCRL2	31	33	34
CCS	1736	1308	2000
CCSAP	367	284	561
CCSER1	6676	4614	9263
CCSER1-AS1	8	9	7
CCSER2	8711	6265	11280
CCT2	1697	1073	2048
CCT3	1521	1111	1876
CCT4	1708	1292	2474
CCT5	1130	830	1405
CCT5-AS1	19	23	30
CCT6A	1560	1147	2060
CCT6B	856	576	1282
CCT7	731	550	972
CCT8	1568	1194	2155
CCT8L2	2	1	5
CCZ1	748	597	999
CCZ1B	862	583	1344
CD101	314	211	387
CD101-AS1	195	159	299
CD109	6249	4666	7470
CD109-AS1	94	76	141
CD14	80	66	114
CD151	683	566	795
CD160	76	50	86
CD163	302	264	441
CD163L1	1356	966	1560
CD164	1479	1057	1818
CD164L2	14	24	20
CD177	24	10	27
CD180	44	50	73
CD19	34	21	26
CD1A	29	43	55
CD1B	22	17	28
CD1C	27	17	32
CD1D	61	44	59
CD1E	9	8	14
CD2	92	49	93
CD200	1741	1031	1597
CD200R1	328	264	394
CD200R1L	84	77	121
CD200R1L-AS1	80	34	85
CD207	112	74	119
CD209	34	16	21
CD22	96	63	147
CD226	672	495	1070
CD24	153	71	201
CD244	126	71	190
CD247	318	256	472
CD248	118	84	140
CD27	38	25	64
CD27-AS1	831	688	1019
CD274	103	75	167
CD276	1298	849	1479
CD28	281	197	286
CD2AP	5446	3766	7135
CD2AP-DT	31	20	26
CD2BP2	302	234	425
CD2BP2-DT	68	64	73
CD300A	77	48	89
CD300C	15	10	19
CD300E	40	24	57
CD300H	17	13	27
CD300LB	20	13	56
CD300LD	17	9	30
CD300LD-AS1	22	16	31
CD300LF	33	25	61
CD300LG	103	46	128
CD302	75	64	102
CD320	161	130	251
CD33	57	45	90
CD34	6073	3705	7889
CD36	11658	7470	8420
CD37	122	90	163
CD38	237	165	304
CD3D	14	8	20
CD3E	27	20	41
CD3G	57	39	80
CD4	360	219	435
CD40	416	257	568
CD40LG	20	16	43
CD44	8744	6413	10093
CD44-AS1	41	18	46
CD44-DT	63	28	64
CD46	7636	5340	9860
CD47	7529	4948	8190
CD48	88	61	133
CD5	425	191	530
CD52	28	26	35
CD53	164	128	203
CD55	4076	2123	5262
CD58	1863	1407	2141
CD59	278	180	351
CD5L	226	135	301
CD6	199	139	266
CD63	903	720	1067
CD63-AS1	112	99	157
CD68	2	2	2
CD69	100	47	46
CD7	17	13	29
CD70	114	59	143
CD72	367	362	549
CD74	258	145	247
CD79A	17	19	21
CD79B	9	2	7
CD80	102	78	147
CD81	771	476	911
CD81-AS1	919	583	1190
CD82	786	816	916
CD82-AS1	5	2	5
CD83	727	279	536
CD84	135	118	188
CD84-AS1	104	63	133
CD86	436	223	394
CD8A	142	102	187
CD8B	150	122	228
CD8B2	81	60	125
CD9	1558	1226	1865
CD93	547	318	539
CD96	1747	1320	2378
CD99	0	3	0
CD99.1	0	3	0
CD99L2	2866	2032	3734
CDA	104	69	107
CDADC1	1502	984	2056
CDAN1	628	492	745
CDC123	2689	1873	3372
CDC14A	4358	2987	5064
CDC14B	5605	3989	7579
CDC14C	21	5	7
CDC16	4049	3018	4953
CDC20	106	87	133
CDC20-DT	64	61	101
CDC20B	193	127	271
CDC23	1330	1036	1832
CDC25A	338	210	440
CDC25B	1156	874	1468
CDC25C	1117	751	1564
CDC26	225	199	323
CDC27	6264	4370	7890
CDC34	247	172	313
CDC37	7023	4932	8172
CDC37L1	1038	749	1259
CDC37L1-DT	58	61	78
CDC40	1715	1275	2245
CDC42	289	199	428
CDC42-AS1	203	170	321
CDC42BPA	17696	11288	20323
CDC42BPB	7642	5340	9340
CDC42BPB-AS1	34	16	44
CDC42BPG	289	270	392
CDC42EP1	264	201	293
CDC42EP3	2218	1525	3029
CDC42EP3-AS1	63	35	72
CDC42EP4	953	644	1192
CDC42EP5	789	450	1065
CDC42SE1	1875	1550	2478
CDC42SE2	5223	3396	6267
CDC45	701	491	1028
CDC5L	3172	2019	3945
CDC6	848	613	1183
CDC7	1516	1044	2426
CDC73	6719	4978	9183
CDCA2	1107	828	1766
CDCA3	328	209	450
CDCA4	461	383	704
CDCA5	191	137	300
CDCA7	1615	1171	2628
CDCA7L	1603	1188	2000
CDCA8	622	410	848
CDCP1	769	570	1106
CDH1	2062	2054	3071
CDH10	623	382	867
CDH11	23994	14303	32360
CDH12	7360	6265	14757
CDH12-AS3	4	2	8
CDH12-AS5	93	52	110
CDH13	9893	10764	13920
CDH13-AS1	44	38	56
CDH13-AS2	95	53	114
CDH15	328	805	488
CDH16	29	31	55
CDH17	858	604	1139
CDH18	8969	4528	8947
CDH18-AS1	110	79	156
CDH19	2023	918	2947
CDH2	2384	1356	3067
CDH2-AS1	100	73	124
CDH20	2954	1601	3153
CDH22	850	696	1049
CDH23	2379	1619	2590
CDH23-AS1	13	6	11
CDH24	269	199	425
CDH26	389	236	559
CDH3	1690	1315	2904
CDH3-AS1	37	10	41
CDH4	2877	1843	3753
CDH4-AS1	73	54	96
CDH4-AS2	7	9	9
CDH5	2174	1280	2476
CDH6	2258	1535	3313
CDH7	632	444	1084
CDH8	3647	2911	4252
CDH8-AS1	59	37	74
CDH9	520	359	678
CDHR1	170	84	214
CDHR2	373	235	440
CDHR3	8024	4539	9614
CDHR4	97	51	128
CDHR5	46	46	75
CDIN1	7370	5020	9826
CDIP1	709	511	835
CDIPT	166	113	249
CDK1	1633	1000	2372
CDK10	1523	1121	2174
CDK11A	4	5	8
CDK11B	2447	1757	3128
CDK12	5063	3515	6609
CDK13	10875	7955	14125
CDK13-DT	31	32	54
CDK14	26973	17006	29549
CDK15	637	429	882
CDK16	1070	710	1330
CDK17	9268	6275	11125
CDK18	626	578	1012
CDK19	10264	6553	13162
CDK2	779	569	1048
CDK20	196	138	274
CDK2AP1	713	541	942
CDK2AP2	65	31	67
CDK4	327	288	431
CDK5	147	101	199
CDK5R1	39	24	64
CDK5R2	9	2	11
CDK5R2-AS1	56	49	73
CDK5RAP1	1293	989	1821
CDK5RAP2	9367	6640	12028
CDK5RAP3	32	23	63
CDK6	14422	9424	17691
CDK6-AS1	628	406	933
CDK7	1448	1098	1839
CDK8	5932	4226	7119
CDK9	499	336	579
CDKAL1	18569	13267	24208
CDKL1	2772	1849	3172
CDKL2	261	200	384
CDKL4	401	325	552
CDKL5	5372	3248	7394
CDKN1A	273	270	296
CDKN1B	673	488	882
CDKN1C	253	208	405
CDKN2A	399	281	587
CDKN2AIP	166	170	263
CDKN2AIPNL	201	173	286
CDKN2B	100	76	136
CDKN2B-AS1	362	233	557
CDKN2C	231	151	265
CDKN2D	42	32	43
CDKN3	555	400	764
CDNF	291	209	379
CDO1	793	507	967
CDON	11273	6899	16539
CDPF1	185	113	253
CDR1	2	1	0
CDR2	4739	3536	6192
CDR2-DT	23	27	35
CDR2L	272	176	287
CDRT15	3	1	1
CDRT15L2	3	0	1
CDRT8	0	2	0
CDS1	713	622	1088
CDS2	2674	1771	3400
CDSN	25	34	43
CDT1	87	74	147
CDV3	1035	683	1190
CDX1	96	69	119
CDX2	30	21	62
CDX4	15	6	26
CDYL	6972	4827	9334
CDYL-AS1	2	0	4
CDYL2	1919	1212	2464
CEACAM1	331	171	351
CEACAM16	52	23	36
CEACAM16-AS1	541	337	649
CEACAM18	22	11	29
CEACAM19	470	291	495
CEACAM20	93	60	100
CEACAM21	198	128	276
CEACAM3	37	19	41
CEACAM4	33	17	46
CEACAM6	40	32	67
CEACAM7	66	53	115
CEACAM8	24	28	54
CEBPA	63	51	79
CEBPA-DT	27	25	54
CEBPB	101	72	115
CEBPB-AS1	134	94	142
CEBPD	72	65	84
CEBPE	9	8	16
CEBPG	666	505	880
CEBPZ	2679	2010	3463
CEBPZOS	1463	1075	1921
CECR2	2808	3573	4238
CECR3	92	83	111
CEDORA	195	121	278
CEL	91	82	161
CELA1	131	63	169
CELA2A	78	52	88
CELA2B	71	62	77
CELA3B	10	8	25
CELF1	9525	6602	11725
CELF2	29659	20284	27252
CELF2-AS1	3	6	9
CELF2-AS2	163	97	227
CELF2-AS3	15	15	10
CELF2-AS4	7	6	2
CELF2-DT	275	178	325
CELF3	95	82	96
CELF4	1613	1062	2179
CELF5	367	225	467
CELF6-AS1	327	206	469
CELSR1	2304	1863	3565
CELSR2	421	363	504
CELSR3	175	102	211
CEMIP	1040	1266	1410
CEMIP2	4800	3270	6034
CEMP1	11	6	14
CENATAC	3185	2203	4262
CENATAC-AS1	6	7	13
CENATAC-DT	107	88	137
CEND1	28	17	31
CENPA	257	184	368
CENPB	48	48	59
CENPC	6247	4205	8492
CENPE	3157	2076	4354
CENPF	4069	2785	5494
CENPH	738	503	1047
CENPI	2341	1529	3212
CENPJ	3224	2070	4360
CENPK	3339	2189	4892
CENPL	427	328	627
CENPM	430	355	648
CENPN	534	384	760
CENPN-AS1	7	9	8
CENPO	1131	802	1606
CENPP	10084	7109	14145
CENPQ	759	624	1243
CENPS-CORT	83	58	112
CENPT	1564	1075	1967
CENPU	2283	1692	3553
CENPV	191	150	271
CENPVL3	4	0	5
CENPW	251	282	434
CENPX	469	337	678
CEP104	1874	1417	2855
CEP112	22426	14762	27188
CEP120	2554	1562	3202
CEP126	4646	3207	5459
CEP128	6332	4224	9217
CEP131	593	423	763
CEP135	3091	2019	4401
CEP152	2785	1845	3972
CEP162	4365	3009	6369
CEP164	4820	3254	5833
CEP170	8673	5608	10886
CEP170B	600	409	636
CEP19	74	54	113
CEP192	9621	6007	11349
CEP192-DT	43	23	57
CEP20	1043	724	1447
CEP250	2106	1427	2773
CEP250-AS1	98	71	119
CEP290	7651	5056	10122
CEP295	3822	2548	5353
CEP350	7918	5987	10127
CEP41	1216	916	1733
CEP43	109	73	122
CEP44	2556	1699	3472
CEP55	524	317	672
CEP57	3621	2497	4886
CEP57L1	4474	2918	5436
CEP63	0	0	5
CEP68	1630	1230	2040
CEP70	3139	2162	4087
CEP72	1009	666	1486
CEP72-DT	55	39	73
CEP76	743	579	1066
CEP78	2280	1564	3155
CEP83	6326	4011	8104
CEP83-DT	24	13	34
CEP85	1157	816	1533
CEP85L	8922	6359	10362
CEP89	4739	3091	5811
CEP95	6427	4329	8548
CEP97	2059	1519	2938
CEPT1	3088	2269	3950
CER1	20	26	38
CERCAM	1602	1209	2044
CERK	2105	1396	2558
CERKL	383	279	480
CERNA1	112	89	190
CERNA2	20	10	29
CERNA3	7	5	7
CEROX1	61	33	96
CERS1	6	6	12
CERS2	546	388	651
CERS2-AS1	18	13	24
CERS3	1476	1328	1822
CERS3-AS1	2157	1574	2257
CERS4	2522	2342	3869
CERS5	2667	1691	2962
CERS6	11830	8506	15565
CERS6-AS1	74	47	83
CERT1	8179	5527	10522
CES1	48	44	102
CES2	238	172	295
CES3	47	41	70
CES4A	349	223	447
CES5A	237	177	340
CETN1	12	3	11
CETN2	110	84	182
CETN3	1630	1304	2420
CETN3-AS1	14	9	36
CETP	131	78	161
CFAP100	175	80	195
CFAP100-DT	5	4	14
CFAP107	83	42	92
CFAP119	103	65	128
CFAP126	8	5	14
CFAP141	87	83	113
CFAP157	85	51	111
CFAP161	1365	852	1534
CFAP184-OT1	38	39	61
CFAP20	728	369	741
CFAP20-AS1	8	3	18
CFAP206	0	3	2
CFAP20DC	2215	1327	2966
CFAP20DC-AS1	599	330	768
CFAP20DC-DT	2603	1663	3121
CFAP210	750	293	524
CFAP221	671	423	836
CFAP251	756	558	947
CFAP276	45	36	66
CFAP298-TCP10L	1565	930	1853
CFAP299	2218	1341	2827
CFAP300	744	512	990
CFAP36	1751	1172	2197
CFAP410	553	328	571
CFAP418	515	410	659
CFAP418-AS1	2369	1691	3141
CFAP43	733	507	1098
CFAP44	2308	1587	3263
CFAP44-AS1	118	70	145
CFAP45	170	106	199
CFAP46	914	543	1306
CFAP47	1098	631	1404
CFAP52	155	117	232
CFAP53	303	169	367
CFAP54	1899	1231	2324
CFAP57	414	340	570
CFAP58	372	273	489
CFAP58-DT	20	18	20
CFAP61	929	677	1180
CFAP61-AS1	27	18	37
CFAP65	134	86	184
CFAP65-AS1	42	30	50
CFAP69	1904	1361	2261
CFAP70	1261	936	1834
CFAP73	116	79	124
CFAP74	347	231	502
CFAP77	689	437	954
CFAP91	0	0	5
CFAP92	579	363	747
CFAP95	305	204	440
CFAP95-DT	8	4	11
CFAP97	1810	1283	2164
CFAP97D1	28	26	50
CFAP97D1-AS1	8	5	8
CFAP97D2	165	125	234
CFAP99	171	126	232
CFC1	12	6	19
CFD	532	292	451
CFDP1	7642	5060	9011
CFHR1	102	48	117
CFHR2	51	37	57
CFHR4	123	73	186
CFHR5	90	82	130
CFI	119	51	99
CFL1	1246	838	1498
CFL2	549	739	801
CFLAR	7409	5424	9453
CFLAR-AS1	65	51	81
CFP	8	5	8
CFTR	1885	1218	2453
CFTR-AS1	22	12	25
CFTR-AS2	107	76	140
CGA	780	664	2485
CGAS	838	584	955
CGB2	0	1	0
CGB3	0	0	6
CGB5	8	2	14
CGB7	20	18	28
CGB8	5	2	10
CGGBP1	3136	2066	4404
CGN	151	124	261
CGNL1	6444	4031	7434
CGREF1	214	160	259
CGRRF1	690	411	742
CH25H	28	28	52
CHAC1	35	20	68
CHAC2	71	66	95
CHAD	58	33	85
CHADL	113	65	115
CHAER1	20	17	34
CHAF1A	1042	729	1495
CHAF1B	646	492	957
CHAMP1	602	436	766
CHASERR	492	352	594
CHAT	223	123	383
CHCHD1	151	109	181
CHCHD10	39	35	90
CHCHD2	405	330	526
CHCHD3	9470	7086	12593
CHCHD4	156	141	246
CHCHD5	275	171	312
CHCHD6	3434	2268	4512
CHCHD7	610	421	808
CHD1	6705	4454	8177
CHD1-DT	1848	1525	2513
CHD1L	0	3	0
CHD2	7548	5493	9925
CHD3	6603	4237	9034
CHD4	342	242	466
CHD4-AS1	79	40	93
CHD5	178	106	255
CHD6	15145	10582	20663
CHD7	4054	3077	5123
CHD8	5069	3525	6549
CHD9	27820	19847	36644
CHD9NB	426	294	497
CHDH	208	155	281
CHEK1	1475	1007	2086
CHEK2	1086	730	1374
CHFR	3908	2625	4628
CHFR-DT	8	11	13
CHGA	55	41	109
CHGB	61	35	81
CHI3L1	221	630	342
CHI3L2	205	116	220
CHIA	93	47	130
CHIC1	2691	1812	3461
CHIC2	4429	3072	5284
CHID1	1445	1084	1740
CHILL1	5	6	11
CHIT1	216	151	273
CHKA	3042	2044	3799
CHKA-DT	105	77	118
CHKB	104	71	108
CHKB-CPT1B	21	13	22
CHKB-DT	481	278	605
CHL1	1148	728	1220
CHL1-AS1	82	60	105
CHL1-AS2	306	211	396
CHLSN-AS1	22	5	20
CHM	5302	3807	6727
CHMP1A	745	637	1060
CHMP1B-AS1	19	13	36
CHMP2A	378	232	452
CHMP2B	1055	777	1562
CHMP3	64	69	107
CHMP3-AS1	222	169	251
CHMP4B	1363	1021	1702
CHMP4C	161	126	190
CHMP5	1141	712	1338
CHMP6	1266	990	1814
CHMP7	506	350	669
CHN1	4716	3091	6173
CHN2-AS1	18	13	34
CHODL	3206	2573	5554
CHODL-AS1	155	95	169
CHODL-AS2	333	228	408
CHORDC1	2806	1925	3685
CHP1	1130	751	1319
CHP2	35	27	48
CHPF	96	59	105
CHPF2	391	245	392
CHPT1	2062	1602	2825
CHRAC1	199	165	248
CHRD	668	462	863
CHRDL1	977	425	635
CHRDL2	148	102	195
CHRFAM7A	58	37	83
CHRM1	72	35	98
CHRM1-AS1	56	45	85
CHRM2	1062	488	910
CHRM3	3868	2626	4469
CHRM3-AS1	20	6	14
CHRM3-AS2	271	186	370
CHRM4	30	25	41
CHRM5	621	447	905
CHRNA1	301	263	426
CHRNA10	65	36	101
CHRNA2	118	61	159
CHRNA3	103	88	147
CHRNA4	169	121	199
CHRNA5	133	90	231
CHRNA6	135	69	176
CHRNA7	1476	943	2090
CHRNA9	56	49	71
CHRNB1	113	151	116
CHRNB2	69	39	104
CHRNB3	239	177	338
CHRNB4	349	211	447
CHRND	129	151	132
CHRNE	406	359	565
CHRNG	213	700	232
CHROMR	811	507	1181
CHST1	217	129	252
CHST10	372	265	436
CHST11	5635	3190	6280
CHST12	1167	880	1510
CHST13	83	53	110
CHST14	15	12	15
CHST15	1811	1148	2118
CHST2	153	74	207
CHST3	1891	1262	2150
CHST4	38	27	66
CHST6	133	94	175
CHST7	352	224	405
CHST8	498	309	723
CHST9	1170	894	1967
CHSY1	4527	3036	6155
CHSY3	16180	9831	17790
CHSY3-AS1	2493	1533	3281
CHTF18	614	402	783
CHTOP	2637	1877	3647
CHUK	1268	851	1672
CHUK-DT	42	22	40
CHURC1	10	9	9
CHURC1-FNTB	801	518	1073
CIAO1	1491	1099	1984
CIAO2A	954	726	1207
CIAO2B	256	184	319
CIAO3	866	631	1131
CIAPIN1	616	493	839
CIART	54	46	79
CIB1	170	134	238
CIB2	216	159	239
CIB3	40	32	50
CIB4	178	113	212
CIBAR1	2567	1731	3419
CIBAR1-DT	2190	1494	2891
CIBAR2	61	38	94
CIC	1077	759	1562
CIDEA	120	85	138
CIDEB	254	202	333
CIDEC	108	93	128
CIITA	432	256	513
CILK1	2061	1372	2613
CILP	300	196	232
CILP2	63	44	126
CINP	956	600	1099
CIP2A	1830	1230	2480
CIPC	16	7	15
CIR1	2890	2022	3879
CIRBP	5138	3982	6439
CIRBP-AS1	109	57	124
CISD1	561	397	809
CISD2	514	417	715
CISD3	79	65	96
CISH	109	87	156
CISTR	124	81	136
CIT	3438	2213	4929
CITED2	871	644	1118
CITED4	6	7	8
CIZ1	1632	1108	2082
CKAP2	2518	1882	3659
CKAP2-DT	40	22	28
CKAP2L	1103	714	1658
CKAP4	556	405	625
CKAP5	7738	5234	9968
CKB	282	254	327
CKLF	0	0	3
CKLF-CMTM1	0	0	0
CKM	416	881	553
CKMT1A	11	14	39
CKMT1B	68	76	95
CKMT2	247	236	364
CKMT2-AS1	5479	3723	7719
CKS1B	186	146	255
CKS2	327	230	399
CLASP1	16071	12499	20467
CLASP1-AS1	281	211	247
CLASP2	8846	6671	11993
CLASRP	3501	2515	4394
CLBA1	281	246	443
CLC	12	4	18
CLCA1	198	112	233
CLCA2	344	273	455
CLCA4	135	103	158
CLCA4-AS1	581	388	717
CLCC1	0	0	3
CLCF1	89	61	127
CLCN1	143	199	210
CLCN2	422	298	538
CLCN3	3385	2542	4378
CLCN4	663	513	874
CLCN5	3203	4100	3990
CLCN6	1823	1297	2244
CLCN7	833	628	1124
CLCN7-AS1	6	1	9
CLCNKA	128	75	122
CLCNKB	107	69	153
CLDN1	611	709	989
CLDN10	652	466	880
CLDN10-AS1	245	142	246
CLDN12	151	120	180
CLDN14	498	530	826
CLDN14-AS1	255	158	329
CLDN15	313	239	413
CLDN16	387	293	533
CLDN17	0	2	3
CLDN18	96	58	120
CLDN19	46	34	63
CLDN2	83	69	111
CLDN20	68	51	86
CLDN22	6	5	9
CLDN23	14	8	8
CLDN24	0	1	2
CLDN25	0	2	2
CLDN3	6	1	7
CLDN34	6	2	6
CLDN4	232	206	321
CLDN5	198	152	223
CLDN6	40	47	31
CLDN7	54	36	118
CLDN8	18	19	36
CLDN9	8	13	18
CLDND1	968	546	969
CLDND1-AS1	20	16	38
CLDND2	11	4	11
CLEC10A	23	14	18
CLEC11A	939	739	1210
CLEC12A	165	125	224
CLEC12A-AS1	10	8	22
CLEC12B	40	17	34
CLEC14A	109	68	150
CLEC16A	7255	5461	9598
CLEC17A	110	63	136
CLEC18A	23	19	35
CLEC18B	57	32	34
CLEC18C	18	11	24
CLEC19A	119	65	110
CLEC1A	435	258	626
CLEC1B	117	83	129
CLEC20A	98	59	154
CLEC2A	1027	1352	825
CLEC2B	243	250	263
CLEC2D	2852	1900	3990
CLEC2L	2183	977	2014
CLEC3A	108	88	160
CLEC3B	2	1	0
CLEC4C	117	88	225
CLEC4D	33	22	42
CLEC4E	29	16	22
CLEC4F	52	41	102
CLEC4M	11	13	18
CLEC5A	163	114	236
CLEC6A	63	34	79
CLEC7A	118	56	126
CLEC9A	120	80	138
CLGN	129	83	201
CLHC1	3315	2565	4759
CLIC1	772	544	985
CLIC2	502	339	594
CLIC3	87	58	132
CLIC4	7439	4895	9360
CLIC5	1224	822	1491
CLIC6	318	209	373
CLINT1	7601	5187	9160
CLIP1	8360	6264	11415
CLIP1-AS1	106	68	158
CLIP2	3805	2566	4958
CLIP3	390	316	500
CLIP4	1882	1771	2396
CLK1	8626	6181	10956
CLK2	1360	975	1868
CLK3	1785	1246	2304
CLK3-AS1	29	17	19
CLK4	5638	3644	6997
CLLU1-AS1	32	14	22
CLMAT3	446	268	544
CLMN	1954	1299	2604
CLMP	8982	5414	10038
CLN3	52	25	66
CLN5	31	20	23
CLN6	296	225	398
CLN8	106	56	121
CLN8-AS1	58	44	110
CLNK	947	625	1217
CLNK-AS1	262	196	371
CLNK-DT	46	47	76
CLNS1A	3824	2730	5081
CLOCK	5982	3922	7202
CLOCK-AS1	5	2	11
CLP1	278	153	317
CLPB	1587	1105	1997
CLPP	321	202	427
CLPS	7	2	10
CLPSL1	73	44	90
CLPSL2	7	2	7
CLPTM1	1338	930	1718
CLPTM1L	1132	717	1300
CLPTM1L-DT	72	54	107
CLPX	2263	1781	3065
CLRN1	88	55	101
CLRN1-AS1	322	233	480
CLRN2	177	103	218
CLRN3	56	43	61
CLSPN	1226	884	1728
CLSPN-AS1	16	4	11
CLSTN1	3281	2377	4091
CLSTN2	2972	2586	3482
CLSTN2-AS1	10	10	3
CLSTN3	668	466	875
CLTA	2293	1726	3182
CLTB	549	372	632
CLTC	6120	4619	8167
CLTCL1	1921	1803	3096
CLU	220	153	231
CLUAP1	784	551	941
CLUH	485	458	661
CLUL1	221	133	288
CLVS1	2462	1543	3082
CLVS1-AS1	0	1	3
CLVS2	249	152	331
CLXN	354	223	518
CLYBL	2347	1844	3132
CLYBL-AS1	10	9	14
CLYBL-AS2	5	2	4
CMA1	10	9	11
CMAS	820	608	1107
CMBL	825	665	806
CMC1	3109	2080	3949
CMC2	53	38	69
CMIP	12374	8412	15923
CMKLR1	521	440	760
CMKLR2	329	248	427
CMKLR2-AS	287	180	442
CMPK1	2878	2086	3524
CMPK2	164	114	233
CMSS1	11565	7511	13547
CMTM2	52	46	77
CMTM2-AS1	5	8	7
CMTM3	537	330	641
CMTM4	1544	1063	2195
CMTM5	23	19	54
CMTM6	574	394	649
CMTM7	2688	1748	2870
CMTM8	2379	1996	3490
CMTR1	2524	1763	2950
CMTR2	885	616	1227
CMYA5	3938	4729	4438
CMYA5-AS1	128	89	151
CNBD1	4165	2635	4877
CNBD2	360	258	431
CNBP	1875	1456	2426
CNDP1	239	148	318
CNDP1-AS1	4	2	0
CNDP2	1079	816	1559
CNEP1R1	526	348	672
CNFN	56	33	65
CNGA1	406	387	566
CNGA2	23	9	24
CNGA3	120	89	164
CNGA4	102	68	118
CNGB1	348	263	468
CNGB3	790	505	984
CNGB3-AS1	376	177	385
CNIH1	594	443	746
CNIH2	67	47	93
CNIH3	3072	2229	3914
CNIH3-AS1	36	25	55
CNIH3-AS2	23	28	31
CNIH4	756	586	1044
CNKSR1	292	201	447
CNKSR2	2918	1732	4329
CNKSR3	81	45	87
CNMD	115	75	163
CNN1	129	79	147
CNN2	1049	536	983
CNN3	3681	2437	4678
CNN3-DT	360	245	416
CNNM1	262	169	360
CNNM2	4230	2841	5710
CNNM3	295	269	398
CNNM3-DT	6	9	6
CNNM4	1541	1075	1772
CNOT1	8875	6164	11935
CNOT10	4960	3400	6580
CNOT10-AS1	34	15	28
CNOT11	614	496	842
CNOT2	11120	7620	14421
CNOT3	2094	1527	2883
CNOT4	8162	5873	10665
CNOT6	3797	2557	5086
CNOT6L	3609	2889	4800
CNOT6L-DT	1	9	4
CNOT7	1251	919	1725
CNOT8	1587	1076	1946
CNOT9	2089	1515	2671
CNP	404	294	536
CNPPD1	207	181	283
CNPY1	0	0	0
CNPY2	3	5	6
CNPY2-AS1	207	211	303
CNPY3	441	277	551
CNPY4	318	181	407
CNR1	274	200	460
CNR2	179	159	234
CNRIP1	725	544	778
CNST	4160	3018	5072
CNTD1	70	56	94
CNTF	6	11	11
CNTFR	1552	919	1474
CNTFR-AS1	102	75	157
CNTLN	14652	8923	16522
CNTN1	7259	3453	7393
CNTN2	216	142	308
CNTN3	7397	5473	10158
CNTN4	26815	19383	40543
CNTN4-AS1	108	72	128
CNTN4-AS2	95	61	144
CNTN5	5516	7019	7600
CNTN6	2358	1195	3322
CNTNAP1	862	494	1011
CNTNAP1-AS1	269	201	298
CNTNAP2	9767	7061	14395
CNTNAP2-AS1	65	52	103
CNTNAP3	925	498	1132
CNTNAP3B	1288	974	1592
CNTNAP3C	196	137	261
CNTNAP5	7294	5518	8897
CNTNAP5-DT	30	15	50
CNTRL	6699	4465	8641
CNTROB	924	651	1155
COA1	8841	6292	11785
COA3	125	100	207
COA4	355	286	472
COA5	749	582	1051
COA6	309	240	440
COA6-AS1	62	34	66
COA7	230	148	267
COASY	301	233	383
COBL	2539	2897	4504
COBLL1	8444	5383	10691
COCH	257	254	342
COCH-AS1	174	111	212
COG1	734	488	830
COG2	1596	1222	2003
COG3	3986	2775	5082
COG4	3277	2356	4584
COG5	12048	8519	14518
COG6	6056	3998	6942
COG7	3476	2412	4128
COG8	195	178	256
COIL	737	574	1010
COL10A1	95	61	133
COL11A1	3194	2669	5474
COL11A2	208	198	320
COL12A1	70237	34177	68958
COL13A1	2524	1949	3437
COL14A1	9515	5809	11335
COL15A1	5270	3779	5880
COL15A1-AS1	5	6	10
COL16A1	13336	8563	17110
COL17A1	1902	1525	3245
COL18A1	4332	2904	5487
COL18A1-AS1	35	26	24
COL18A1-AS2	17	13	11
COL19A1	2895	2106	4991
COL1A1	52925	32809	54857
COL1A2	60338	36761	58727
COL20A1	514	330	1107
COL21A1	31484	18408	45874
COL22A1	1262	871	1794
COL23A1	12278	6773	18518
COL23A1-AS1	2	2	11
COL24A1	15552	7463	19129
COL25A1	8378	5364	11905
COL25A1-DT	52	30	66
COL26A1	1106	888	1523
COL27A1	10685	7414	13900
COL28A1	2023	1275	3089
COL2A1	212	121	249
COL3A1	81204	50450	89415
COL4A1	17560	10911	20677
COL4A2	20189	12878	25420
COL4A2-AS1	17	13	24
COL4A2-AS2	29	20	29
COL4A3	546	356	781
COL4A4	523	286	703
COL4A5	6194	4782	10724
COL4A6	1286	1051	2031
COL5A1	36246	21527	45248
COL5A1-AS1	27	25	39
COL5A2	44571	22745	48881
COL5A3	3399	2789	4262
COL6A1	11392	8387	15410
COL6A2	9304	6490	12364
COL6A2-DT	79	57	110
COL6A3	14563	12025	17686
COL6A5	338	249	450
COL6A6	18815	9226	16573
COL7A1	3974	2625	6390
COL8A1	1513	1338	1805
COL8A2	272	221	294
COL9A1	371	221	495
COL9A2	206	226	340
COL9A3	353	284	467
COLCA1	145	102	181
COLCA2	90	60	171
COLEC10	366	260	493
COLEC11	212	157	312
COLEC12	17601	9780	21310
COLGALT1	1161	825	1508
COLGALT2	1642	1178	1975
COLQ	1637	1045	2187
COMETT	424	275	627
COMMD1	8929	6406	11326
COMMD10	17632	11508	23681
COMMD10-AS1	59	48	74
COMMD2	1468	921	1893
COMMD3-BMI1	9	7	9
COMMD4	351	277	485
COMMD5	288	211	368
COMMD6	556	361	694
COMMD8	254	212	379
COMMD8-DT	36	23	41
COMMD9	662	453	839
COMP	139	125	152
COMT	2805	1964	3680
COMTD1	99	68	133
COP1	15141	10017	19301
COP1-DT	883	598	1079
COPA	8390	5456	9712
COPB1	3408	2099	4109
COPB2	3065	2227	4021
COPB2-DT	4248	3276	5857
COPDA1	5	2	6
COPE	245	199	319
COPG1	2343	1600	2864
COPG2	4076	3055	5835
COPG2IT1	3949	3060	5659
COPRS	121	92	119
COPS2	1913	1385	2621
COPS3	1562	965	1858
COPS4	1914	1316	2361
COPS5	1019	787	1292
COPS6	2156	1651	2790
COPS7A	944	701	1047
COPS7B	1625	1172	2171
COPS8	1345	873	1805
COPS8-DT	1835	1237	2533
COPS9	312	205	350
COPZ1	345	249	382
COPZ2	865	577	920
COQ10A	120	100	139
COQ10B	857	610	976
COQ2	521	378	647
COQ3	267	225	374
COQ4	1237	856	1609
COQ5	722	577	986
COQ6	842	656	1173
COQ7	644	458	782
COQ7-DT	136	98	156
COQ8B	1047	831	1364
COQ9	604	500	812
CORIN	1329	1065	2267
CORIN-AS1	293	277	432
CORO1A	60	47	70
CORO1A-AS1	19	8	17
CORO1B	251	151	286
CORO1C	5141	3393	5759
CORO2A	429	303	598
CORO2B	2066	1409	2831
CORO6	352	288	481
CORO7	44	28	54
COSMOC	29	31	36
COTL1	776	482	969
COTL1-AS1	7	1	5
COX10	3142	2459	4108
COX10-DT	6263	4163	7929
COX11	1595	1251	2343
COX14	13	5	12
COX16	15	15	16
COX17	545	479	794
COX18	504	437	670
COX19	2207	1582	3056
COX20	716	642	1002
COX4I1	422	351	519
COX4I2	147	99	198
COX5A	407	356	510
COX5B	222	266	348
COX6A1	33	51	79
COX6A2	44	86	52
COX6B1	306	316	463
COX6B2	49	32	106
COX6C	1875	1579	2877
COX7A1	136	171	121
COX7A2	874	666	1226
COX7A2L	1060	788	1352
COX7B	403	361	542
COX7B2	498	315	603
COX7C	184	204	278
COXFA4L3-AS1	77	30	75
CP	195	154	252
CPA1	70	51	70
CPA2	214	138	311
CPA3	174	104	191
CPA4	449	454	615
CPA5	420	244	334
CPA6	3457	2394	7329
CPAMD8	1133	681	1480
CPB1	359	215	406
CPB2	182	141	256
CPB2-AS1	862	545	1135
CPD	1793	1199	2130
CPE	2892	1593	2934
CPEB1	209	163	286
CPEB1-AS1	152	106	225
CPEB2	1445	1322	1811
CPEB2-DT	304	232	402
CPEB3	3564	2531	3907
CPEB4	2038	1748	2661
CPED1	6518	3836	10071
CPHXL	45	32	70
CPHXL2	32	34	49
CPLANE1	9208	6490	12067
CPLANE1-AS1	71	39	67
CPLANE2	49	34	64
CPLX1	244	168	327
CPLX1-AS1	64	31	91
CPLX2	283	198	439
CPLX4	195	109	216
CPM	1048	779	1353
CPMER	168	108	222
CPN1	101	85	152
CPN2	61	45	65
CPNE1	978	761	1283
CPNE2	1036	672	1380
CPNE2-DT	11	4	11
CPNE3	1569	1034	1885
CPNE4	3241	2011	4837
CPNE5	1421	1189	1902
CPNE6	26	26	39
CPNE7	186	138	346
CPNE8	3922	1887	4037
CPNE8-AS1	8	6	13
CPNE9	120	119	196
CPO	193	111	254
CPOX	291	211	426
CPPED1	1691	1166	2785
CPQ	13539	9127	17008
CPS1	938	673	1034
CPSF1	990	721	1472
CPSF2	1925	1400	2633
CPSF3	1297	849	1616
CPSF4	585	446	725
CPSF4L	103	94	114
CPSF6	9125	6700	12305
CPSF7	2980	2235	4190
CPT1A	3377	2143	3611
CPT1C	219	188	319
CPT2	382	298	533
CPTP	96	83	115
CPVL	990	783	1413
CPVL-AS1	13	5	21
CPVL-AS2	576	457	733
CPXCR1	4	4	10
CPXM1	2448	1613	3013
CPXM2	2544	1494	3854
CPXM2-AS1	4	1	5
CR1	402	332	609
CR1-AS1	135	97	148
CR1L	428	314	499
CR2	94	84	118
CRABP1	198	119	224
CRABP2	279	271	328
CRACD	5355	2897	8087
CRACDL	749	568	1001
CRACR2A	1425	980	1797
CRACR2B	160	120	147
CRADD	6016	4868	8872
CRADD-AS1	165	107	190
CRAMP1	879	571	1139
CRAT	410	324	500
CRAT37	634	443	772
CRB1	1288	953	1694
CRB2	96	83	156
CRB3	29	24	39
CRBN	3950	2933	5204
CRCP	306	202	335
CRCT1	6	12	8
CREB1	5619	3847	7158
CREB3	278	200	310
CREB3L1	2070	1205	2327
CREB3L2	6398	4319	8157
CREB3L2-AS1	23	11	28
CREB3L3	57	41	70
CREB3L4	305	231	458
CREB5	27589	16011	29044
CREBBP	11143	7816	14463
CREBL2	943	598	1136
CREBRF	2511	1988	3274
CREBZF	2466	1910	3659
CREG1	310	292	416
CREG2	130	100	186
CRELD2	378	276	563
CREM	2161	1597	2584
CRH	18	10	25
CRHBP	85	56	132
CRHR2	169	110	248
CRIM1	13039	8012	17204
CRIM1-DT	36	27	67
CRIP1	35	16	41
CRIP2	516	424	572
CRIP3	61	39	80
CRIPT	2233	1628	3345
CRISP1	163	102	212
CRISP2	45	38	80
CRISP3	94	43	118
CRISPLD1	1081	755	1355
CRISPLD2	1021	731	1420
CRK	2286	1691	2818
CRK-AS1	13	7	7
CRKL	945	790	1370
CRLF1	475	344	548
CRLF3	2222	1557	2968
CRLS1	13	8	14
CRMA	59	136	71
CRMP1	1622	968	2654
CRNDE	3061	2262	4240
CRNKL1	1114	871	1387
CRNN	15	23	36
CROCC	2706	1547	2721
CROCC2	395	277	552
CROT	2545	1843	3389
CRP	6	5	14
CRPPA	4957	3603	6255
CRPPA-AS1	224	140	246
CRTAC1	557	406	745
CRTAM	127	65	125
CRTAP	938	740	1119
CRTC1	4201	2602	5226
CRTC2	513	323	639
CRTC3	6687	4633	8402
CRTC3-AS1	1056	732	1376
CRX	50	36	79
CRY1	2471	1481	2869
CRY2	1835	1217	1745
CRYAA	0	3	4
CRYAB	225	256	284
CRYBA1	18	17	32
CRYBA2	27	7	17
CRYBA4	26	20	40
CRYBB1	98	74	150
CRYBB2	66	40	85
CRYBB3	49	46	63
CRYBG1	2411	2241	3989
CRYBG2	397	342	615
CRYBG3	15738	8889	16195
CRYGA	8	7	19
CRYGB	54	41	78
CRYGC	8	5	13
CRYGD	4	3	5
CRYGN	77	54	86
CRYGN-AS1	55	34	65
CRYGS	329	216	457
CRYL1	2567	1863	3368
CRYM	519	345	734
CRYZ	1129	759	1467
CRYZL2P-SEC16B	1307	892	1617
CS	703	509	858
CSAD	6893	4409	6199
CSAD-AS1	7	8	20
CSAG1	4	10	16
CSDC2	119	109	153
CSDE1	5058	3700	6574
CSE1L	3283	2287	4617
CSE1L-DT	28	17	32
CSF1	667	410	652
CSF1R	542	369	744
CSF2	8	9	9
CSF2RB	178	83	238
CSF3	22	8	7
CSF3R	515	353	1011
CSGALNACT1	9417	6155	12828
CSGALNACT1-AS1	45	27	52
CSGALNACT2	3563	2575	5231
CSGALNACT2-DT	24	27	34
CSH1	786	620	2386
CSH2	339	247	931
CSHL1	299	252	585
CSK	591	376	746
CSKMT	167	203	180
CSMD1	20570	14990	35355
CSMD2	7791	4616	11264
CSMD2-AS1	83	33	125
CSMD3	4037	2679	4979
CSN1S1	35	26	48
CSN2	9	7	12
CSN3	29	12	26
CSNK1A1	7420	5528	9596
CSNK1A1L	19	17	19
CSNK1D	3592	2548	4560
CSNK1E	347	267	426
CSNK1G1	564	424	684
CSNK1G2	1494	969	1918
CSNK1G2-AS1	3	5	10
CSNK1G3	5291	3617	6757
CSNK1G3-AS1	7	6	11
CSNK2A1	4689	3389	6482
CSNK2A2	1772	1215	2153
CSNK2B	25	24	47
CSNKA2IP	355	198	453
CSPG4	1260	1021	1513
CSPG5	97	77	103
CSPP1	7916	5286	10518
CSRNP1	867	293	577
CSRNP2	1344	856	1739
CSRNP3	5140	3259	5657
CSRP1	988	675	1114
CSRP1-AS1	402	311	625
CSRP2	631	418	797
CSRP3	157	451	213
CSRP3-AS1	416	333	513
CST1	18	8	19
CST11	7	3	6
CST2	10	6	9
CST3	257	164	299
CST4	11	4	12
CST5	12	15	20
CST6	41	38	56
CST7	43	32	56
CST8	9	3	3
CST9	10	10	17
CST9L	10	8	13
CSTA	157	109	301
CSTB	349	233	380
CSTF1	526	388	749
CSTF2	501	369	765
CSTF2T	200	179	264
CSTF3	4981	3676	6663
CSTF3-DT	331	283	482
CSTL1	70	33	78
CSTPP1	8392	5534	11756
CT45A1	7	8	9
CT45A10	8	5	13
CT45A3	0	0	5
CT45A7	14	12	20
CT47B1	3	2	8
CT47C1	16	5	16
CT55	25	25	58
CT62	19	10	25
CT66	24	12	11
CT69	431	315	506
CT70	121	79	119
CT83	3	1	9
CTAG2	5	3	4
CTAGE1	16	8	21
CTAGE15	20	4	10
CTAGE4	18	6	24
CTAGE6	22	13	28
CTAGE9	16	10	19
CTBP1	2171	1520	2898
CTBP1-AS	162	167	186
CTBP1-DT	431	343	641
CTBP2	12231	8455	18151
CTBS	618	431	805
CTC-338M12.4	932	786	1304
CTC1	750	557	948
CTCF	3953	2695	4929
CTCFL	221	162	329
CTD-2194D22.4	60	38	72
CTD-2350J17.1	80	40	129
CTDNEP1	57	47	83
CTDP1	1075	721	1449
CTDP1-DT	276	210	401
CTDSP1	1204	867	1631
CTDSP2	2220	1629	2889
CTDSP2-AS1	53	29	66
CTDSPL	7824	5824	11050
CTDSPL2	6954	4993	9184
CTDSPL2-DT	138	95	164
CTF1	177	106	222
CTH	278	197	403
CTHRC1	294	203	348
CTIF	7377	5054	9356
CTIF-AS1	75	51	90
CTLA4	976	407	1188
CTNNA1	16975	11068	21634
CTNNA1-AS1	51	40	59
CTNNA2	5390	3786	7035
CTNNA2-AS1	57	28	70
CTNNA3	13552	11225	17794
CTNNA3-AS1	111	74	144
CTNNAL1	2171	1619	2973
CTNNB1	6811	5015	10086
CTNNBIP1	1955	1587	2682
CTNNBIP1-AS1	13	2	8
CTNNBL1	4458	3325	5423
CTNND1	112	93	167
CTNND2	4485	3142	6133
CTNS	620	487	880
CTNS-AS1	94	50	144
CTPS1	2413	1541	3090
CTPS2	4024	2769	5358
CTR9	1887	1472	2572
CTRB1	73	51	88
CTRB2	5	4	9
CTRC	59	31	67
CTRL	43	26	48
CTSA	666	517	819
CTSB	1059	835	1267
CTSC	2035	1549	2717
CTSD	10	7	14
CTSE	25	13	47
CTSF	290	197	382
CTSG	16	15	13
CTSH	595	360	703
CTSK	859	597	1137
CTSL	255	195	412
CTSO	638	464	945
CTSS	254	169	312
CTSV	587	652	871
CTSW	22	21	32
CTSZ	940	624	1266
CTTN	4943	3242	6457
CTTN-DT	861	666	1235
CTTNBP2	2363	1933	2662
CTTNBP2NL	3537	2332	4557
CTU1	169	102	164
CTU2	185	135	189
CTXN1	11	11	18
CTXN2	10	3	9
CTXN2-AS1	11	8	29
CTXN3	30	24	40
CTXN3-AS1	41	22	45
CTXND1	254	196	455
CTXND2	119	59	132
CUBN	8357	5193	11939
CUEDC1	4161	2541	4891
CUEDC1-AS1	55	55	78
CUEDC2	742	544	897
CUL1	5737	4283	7770
CUL2	3218	2279	3940
CUL3	8347	5819	10674
CUL4A	5232	3838	6963
CUL4B	1797	1367	2494
CUL5	6935	4926	8841
CUL7	688	527	881
CUL9	1433	1017	1815
CUL9-AS1	61	43	70
CUTA	131	113	189
CUTC	1271	973	1602
CUX1	18813	18006	22282
CUX2	1883	1312	3241
CWC15	1246	903	1721
CWC22	2839	2089	3699
CWC25	1588	1083	2171
CWC27	6287	4135	8009
CWF19L1	1554	1200	2067
CWF19L2	7561	5338	9617
CWH43	396	514	441
CX3CL1	75	75	103
CX3CR1	75	57	113
CXADR	1343	1067	1961
CXCL1	41	57	37
CXCL10	11	3	12
CXCL11	15	7	21
CXCL12	4019	2860	5192
CXCL13	776	1055	1125
CXCL14	3471	2628	5551
CXCL16	41	21	70
CXCL17	85	46	113
CXCL2	71	20	46
CXCL3	32	13	28
CXCL3-AS1	10	6	14
CXCL5	9	3	8
CXCL6	26	11	26
CXCL8	33	6	36
CXCL9	29	21	31
CXCR1	6	10	20
CXCR2	59	54	81
CXCR3	10	6	12
CXCR4	107	97	154
CXCR5	61	48	69
CXCR6	35	18	34
CXorf38	706	480	906
CXorf49C	6	2	11
CXorf58	151	93	197
CXorf66	23	8	17
CXXC1	652	476	782
CXXC4	186	169	278
CXXC4-AS1	1116	783	1511
CXXC5	858	917	1149
CXXC5-AS1	35	49	41
CYB561	448	295	537
CYB561A3	339	249	447
CYB561D1	268	218	355
CYB561D2	7	4	8
CYB561D2.1	0	0	4
CYB5A	1476	1081	1892
CYB5B	2107	1664	2641
CYB5D1	150	109	204
CYB5D2	662	594	931
CYB5R1	232	212	306
CYB5R2	239	191	341
CYB5R3	1231	922	1483
CYB5R4	2672	1905	3508
CYBA	312	221	395
CYBC1	758	583	995
CYBRD1	3082	2610	3914
CYC1	216	192	278
CYCS	808	543	752
CYDAER	3	1	3
CYFIP1	6152	4118	7802
CYFIP2	1490	1182	2073
CYGB	275	203	307
CYHR1	697	493	849
CYKILR	453	312	571
CYLC1	72	44	73
CYLC2	43	31	53
CYLD	1574	1180	1858
CYLD-AS1	101	60	136
CYLD-AS2	107	64	152
CYMP-AS1	20	6	14
CYP11A1	269	207	554
CYP11B1	24	20	48
CYP11B2	26	11	27
CYP17A1	37	29	71
CYP19A1	5006	4049	11768
CYP1A1	15	8	23
CYP1A2	35	16	36
CYP1B1	318	261	378
CYP1B1-AS1	3089	2135	3168
CYP20A1	5116	3588	6374
CYP21A2	13	15	14
CYP24A1	91	63	141
CYP26A1	0	0	3
CYP26B1	768	586	801
CYP26C1	21	17	41
CYP26C1-DT	0	2	7
CYP27A1	959	757	1140
CYP27B1	83	65	92
CYP27C1	2422	1539	2583
CYP2A13	35	31	50
CYP2A6	25	10	46
CYP2A7	16	10	18
CYP2B6	74	42	91
CYP2C18	29	17	41
CYP2C19	7	5	12
CYP2C8	116	87	183
CYP2C9	161	110	198
CYP2D6	40	17	19
CYP2D7	74	37	148
CYP2E1	136	87	165
CYP2F1	34	16	47
CYP2J2	278	614	452
CYP2R1	526	402	689
CYP2S1	76	59	109
CYP2U1	193	152	296
CYP2U1-AS1	577	488	903
CYP2W1	511	394	806
CYP39A1	842	766	1186
CYP3A4	72	42	82
CYP3A4-AS1	0	2	2
CYP3A43	111	96	171
CYP3A5	246	212	280
CYP3A7	5	52	11
CYP3A7-CYP3A51P	66	47	84
CYP46A1	1203	746	1536
CYP4A11	45	40	64
CYP4A22	43	31	47
CYP4A22-AS1	317	220	490
CYP4B1	228	115	281
CYP4F11	55	50	88
CYP4F12	516	213	446
CYP4F2	47	32	59
CYP4F22	255	258	355
CYP4F3	56	80	86
CYP4F8	51	27	66
CYP4V2	655	574	701
CYP4X1	296	219	411
CYP4Z1	116	82	178
CYP51A1	155	89	156
CYP51A1-AS1	234	182	346
CYP7A1	12	16	28
CYP7B1	6928	4379	9179
CYP8B1	100	76	106
CYREN	1248	1081	1602
CYRIA	1238	1130	1810
CYRIB	4771	3541	6079
CYRIB-AS1	57	34	71
CYS1	145	109	176
CYSLTR1	371	293	440
CYSLTR2	302	202	348
CYSRT1	8	10	15
CYSTM1	1889	1154	1919
CYTH1	5170	3767	6571
CYTH2	1251	864	1794
CYTH3	7600	4904	9892
CYTH4	306	202	360
CYTIP	293	191	369
CYTL1	235	141	336
CYTOR	3	3	3
CYYR1	7045	4267	10809
CYYR1-AS1	342	223	434
CZIB	896	582	1106
CZIB-DT	23	13	17
D21S2088E	409	270	495
D2HGDH	1843	1442	2435
DAAM1	9771	6691	12602
DAAM2	12076	8242	17948
DAAM2-AS1	178	130	200
DAB1	8861	6439	11433
DAB1-AS1	30	20	32
DAB2	509	381	748
DAB2IP	5701	3864	7265
DACH1	11387	7994	16367
DACH2	2895	1954	3982
DACT1	362	253	375
DACT2	252	134	381
DACT3	512	354	539
DACT3-AS1	208	146	279
DAD1	785	595	1047
DAG1	1475	1512	1948
DAGARR	12	15	13
DAGLA	735	528	936
DAGLB	865	532	1043
DALRD3	298	182	387
DANCR	7	4	5
DAND5	61	54	94
DANT1	293	167	304
DANT2	5348	4042	7115
DAO	191	139	268
DAOA	85	53	78
DAOA-AS1	255	195	286
DAP	3914	2594	4757
DAP-DT	82	55	118
DAP3	3007	2302	3962
DAPK1	9594	6711	13204
DAPK2	1443	1253	1953
DAPK3	1192	871	1346
DAPL1	840	843	1648
DAPP1	400	272	579
DARS1	5152	3822	6534
DARS1-AS1	264	225	412
DARS2	699	608	1068
DAW1	196	113	242
DAXX	223	178	310
DAZ1	0	0	0
DAZ2	3	1	1
DAZAP1	2875	2135	3539
DAZAP2	731	508	940
DAZL	173	103	260
DBET	55	70	90
DBF4	1588	1121	2167
DBF4B	1012	628	1182
DBH	69	65	99
DBH-AS1	25	18	83
DBI	594	492	710
DBN1	1533	950	1767
DBNDD1	61	57	130
DBNL	1469	1013	1800
DBP	96	90	176
DBR1	427	284	516
DBT	1310	976	1844
DBX1	24	13	31
DBX2	112	65	155
DBX2-AS1	390	214	414
DCAF1	2904	2103	3761
DCAF10	5265	3846	7096
DCAF11	340	324	505
DCAF12	1065	753	1232
DCAF12-AS1	50	34	74
DCAF12L1	20	9	34
DCAF12L2	25	8	12
DCAF13	1403	982	1803
DCAF15	325	241	462
DCAF16	3151	2355	4507
DCAF17	2280	1717	3026
DCAF4	977	563	1148
DCAF4L1	17	17	17
DCAF4L2	14	4	17
DCAF5	4720	3287	5837
DCAF6	9000	7147	11295
DCAF7	34	30	67
DCAF8	192	164	248
DCAF8-DT	54	21	73
DCAF8L1	9	0	10
DCAF8L2	341	208	370
DCAKD	2765	2136	4180
DCBLD1	1281	1005	1588
DCBLD2	5218	3379	6682
DCC	5682	4373	9394
DCD	18	14	32
DCDC1	2430	1518	3337
DCDC2	751	544	1090
DCDC2B	70	31	112
DCDC2C	621	365	802
DCHS1	1518	842	1719
DCHS1-AS1	8	4	11
DCHS2	6325	3759	8617
DCHS2-AS1	3829	2475	5394
DCK	177	145	267
DCLK1	61790	34848	64953
DCLK2	6855	5089	8461
DCLK3	225	161	299
DCLRE1A	236	183	355
DCLRE1B	134	67	158
DCLRE1C	1761	1187	2217
DCN	8349	5823	10709
DCP1A	4040	2982	5132
DCP1B	1775	1510	2420
DCP2	3926	2939	5533
DCPS	1253	887	1546
DCST1	101	90	140
DCST1-AS1	25	19	27
DCST2	163	114	206
DCSTAMP	49	28	70
DCT	3564	2411	5446
DCTD	1093	726	1379
DCTN1	2492	1651	3022
DCTN1-AS1	47	30	63
DCTN2	1246	850	1553
DCTN3	240	181	281
DCTN4	2902	2078	3595
DCTN5	1414	1010	1757
DCTN6	263	217	382
DCTN6-DT	110	88	124
DCTPP1	131	102	181
DCUN1D1	2235	1668	3139
DCUN1D2	2170	1372	2692
DCUN1D2-AS	40	15	47
DCUN1D3	0	0	1
DCUN1D4	5428	3566	6622
DCUN1D5	2080	1491	2618
DCX	480	318	621
DCXR	180	184	280
DCXR-DT	6	4	6
DDA1	695	461	978
DDAH1	5060	3364	6087
DDAH2	987	667	1241
DDB1	2566	1972	3422
DDB2	1442	1162	1848
DDC	80	62	120
DDC-AS1	30	26	54
DDHD1	4544	3012	5813
DDHD1-DT	26	15	44
DDHD2	3976	2716	4886
DDI1	10	4	13
DDI2	2582	2144	3257
DDIAS	507	397	766
DDIT3	232	147	289
DDIT4	92	155	154
DDIT4L	63	89	59
DDIT4L-AS1	84	30	69
DDN	51	43	60
DDN-AS1	184	120	174
DDO	101	74	96
DDOST	453	342	536
DDR1	636	494	1062
DDR1-DT	30	13	43
DDR2	8250	5128	9730
DDRGK1	659	480	818
DDTL	118	36	173
DDX1	4220	3245	5763
DDX10	8196	5620	10356
DDX11	1322	1106	2194
DDX11-AS1	857	489	973
DDX17	28710	21385	37553
DDX18	2506	1702	3097
DDX19A	71	58	82
DDX19A-DT	504	386	684
DDX19B	48	25	57
DDX20	624	443	802
DDX21	2157	1470	2406
DDX23	1205	816	1547
DDX24	3347	2225	3934
DDX25	348	218	435
DDX25-AS1	237	124	329
DDX27	2035	1325	2290
DDX28	19	21	44
DDX31	3512	2283	4010
DDX39A	1096	743	1412
DDX39B-AS1	4	3	10
DDX3ILA1	28	17	22
DDX3X	6581	3674	7572
DDX3Y	60	58	57
DDX4	230	162	251
DDX41	549	424	689
DDX42	4391	2846	5481
DDX43	135	103	178
DDX46	6987	5012	9048
DDX49	290	204	429
DDX5	13210	8630	16458
DDX50	3269	2508	4204
DDX51	647	439	840
DDX52	3920	2819	5311
DDX53	3	5	8
DDX54	900	577	1016
DDX55	2093	1509	2668
DDX56	834	561	1052
DDX59	2931	1698	3260
DDX59-AS1	176	199	221
DDX6	4761	3455	6016
DDX60	1599	989	2153
DDX60L	3526	1856	3719
DEAF1	1936	1254	2280
DECR1	3303	2462	4151
DECR2	121	94	92
DEDD	912	594	1028
DEDD2	172	115	198
DEF6	351	272	553
DEF8	889	694	1086
DEFA3	8	7	11
DEFA4	10	3	9
DEFA5	0	3	8
DEFA6	1	4	12
DEFB1	38	38	41
DEFB104A	16	3	17
DEFB104B	6	3	3
DEFB105A	0	1	0
DEFB106A	0	0	3
DEFB106B	3	1	6
DEFB107A	10	3	6
DEFB107B	11	2	9
DEFB108B	7	1	1
DEFB110	32	22	37
DEFB112	21	14	30
DEFB113	4	1	6
DEFB114	5	4	3
DEFB115	6	5	6
DEFB116	10	7	12
DEFB118	29	34	47
DEFB119	90	109	133
DEFB121	12	6	20
DEFB123	49	27	77
DEFB124	66	35	69
DEFB125	22	4	21
DEFB126	0	4	9
DEFB127	7	4	5
DEFB128	4	3	2
DEFB129	9	3	4
DEFB130A	9	8	17
DEFB130B	0	2	7
DEFB131A	31	19	38
DEFB131B	14	9	23
DEFB132	4	5	5
DEFB134	25	23	72
DEFB135	6	2	4
DEFB136	4	0	5
DEFB4A	7	0	3
DEFB4B	4	2	6
DEGS1	1066	797	1447
DEGS2	110	97	156
DEK	6025	4414	7906
DELE1	1522	1106	2054
DELEC1	2548	1509	3096
DENND10	926	690	1081
DENND11	1435	1007	1803
DENND1A	15090	10652	20170
DENND1A-AS1	5	3	6
DENND1B	3632	2340	4031
DENND1C	123	132	196
DENND2A	14446	8267	19584
DENND2B	10855	6768	13350
DENND2B-AS1	289	231	364
DENND2C	1812	1578	1994
DENND2D	368	236	459
DENND3	995	591	1203
DENND3-AS1	50	61	85
DENND4A	7244	4961	9248
DENND4B	811	613	1116
DENND4C	9683	7039	12120
DENND5A	7280	4229	8284
DENND5B	5438	3847	6416
DENND5B-AS1	194	109	249
DENND6A	4717	3409	6211
DENND6A-AS1	266	162	313
DENND6A-DT	9	6	7
DENND6B	763	499	1010
DENR	2687	1889	3522
DEPDC1	601	475	990
DEPDC1-AS1	150	107	174
DEPDC1-AS2	18	15	24
DEPDC1B	2690	1751	4165
DEPDC1B-DT	46	12	38
DEPDC4	743	484	1050
DEPDC5	177	133	258
DEPDC7	457	357	592
DEPP1	135	119	154
DEPTOR	3440	3652	3750
DEPTOR-AS1	60	57	89
DERA	4155	2776	5130
DERL1	838	572	969
DERL2	723	520	922
DERL3	59	36	68
DES	277	850	386
DESI1	771	563	1018
DESI2	2240	1499	2600
DET1	83	49	117
DEUP1	447	259	610
DEXI	260	225	309
DFFA	887	693	1150
DFFB	600	392	822
DGAT1	306	185	345
DGAT2	406	311	436
DGAT2-DT	41	38	38
DGAT2L6	211	299	303
DGCR2	2593	1865	3318
DGCR5	714	467	970
DGCR6L	321	264	472
DGCR8	2875	2033	3725
DGKA	2697	1915	3521
DGKB	9107	5799	18509
DGKD	4584	2776	5525
DGKE	1333	989	1743
DGKG	1497	1057	2027
DGKH	7863	5085	11168
DGKI	3045	2023	3432
DGKK	271	195	378
DGKQ	297	212	440
DGKZ	1362	1054	1734
DGLUCY	4226	2963	5455
DGUOK	1732	1250	2236
DGUOK-AS1	177	182	295
DHCR24	811	733	1065
DHCR7	293	239	330
DHCR7-DT	132	106	171
DHDDS	1876	1276	2283
DHDDS-AS1	141	111	244
DHDH	77	64	104
DHFR	740	597	1043
DHFR2	246	242	321
DHH	116	73	113
DHH-AS1	32	14	35
DHODH	432	295	534
DHPS	0	0	2
DHRS1	349	230	381
DHRS11	139	101	177
DHRS13	122	74	173
DHRS2	63	35	89
DHRS3	1734	1055	2122
DHRS4	481	354	747
DHRS4-AS1	750	567	1021
DHRS7	725	580	914
DHRS7B	2173	1570	2870
DHRS7C	72	111	72
DHRS9	163	85	199
DHRSX	0	1	0
DHRSX.1	0	2	1
DHTKD1	1814	1286	2501
DHX15	6684	4678	8252
DHX16	1077	786	1281
DHX29	4096	2921	5468
DHX30	3397	2296	4395
DHX32	1802	1404	2317
DHX33	646	411	824
DHX33-DT	1	5	1
DHX34	998	712	1292
DHX35	1868	1366	2455
DHX35-DT	0	4	4
DHX36	4741	3235	6205
DHX37	1361	982	1633
DHX38	1335	849	1577
DHX40	1321	957	1799
DHX57	3247	2188	4230
DHX58	196	168	266
DHX8	3199	2304	4035
DHX9	5330	3582	7092
DHX9-AS1	77	51	93
DIAPH1	3364	2252	3823
DIAPH1-AS1	109	54	152
DIAPH2	18944	11744	20531
DIAPH2-AS1	577	372	734
DIAPH3	9847	5825	12741
DIAPH3-AS1	130	101	165
DIAPH3-AS2	37	20	42
DICER1	6579	4340	8130
DICER1-AS1	271	258	386
DIDO1	6172	4577	7919
DIMT1	1386	1075	1846
DINOL	7	0	3
DIO1	181	157	282
DIO2	908	884	1158
DIO2-AS1	868	628	1069
DIO3	12	9	19
DIO3OS	602	338	677
DIP2A	7797	5345	9754
DIP2A-DT	393	412	644
DIP2B	16934	11614	22700
DIP2C	26271	17521	34258
DIP2C-AS1	134	100	229
DIP2C-AS2	8	11	16
DIP2C-AS3	13	5	22
DIPK1A	3879	2607	4724
DIPK1B	328	203	423
DIPK1C	203	123	262
DIPK2A	1584	1149	1952
DIPK2B	3760	2194	4303
DIRAS1	20	18	36
DIRAS2	220	155	307
DIRAS3	175	112	210
DIRC3	4002	3015	4890
DIRC3-AS1	4417	4102	6194
DIS3	1834	1369	2221
DIS3L	2068	1384	2569
DIS3L-AS1	219	191	319
DIS3L2	11336	7641	14824
DISC1	5826	3590	8157
DISC1FP1	3367	1896	3780
DISP1	6199	4177	8201
DISP2	169	142	273
DISP3	180	126	274
DIXDC1	2869	1913	3651
DKC1	1195	813	1554
DKFZP434A062	23	14	42
DKK1	74	64	184
DKK2	16406	8648	17607
DKK2-AS1	3389	1642	3906
DKK2-AS2	189	187	261
DKK3	1979	1260	2588
DKK4	10	4	8
DKKL1	201	157	288
DLAT	1017	786	1305
DLC1	79810	46457	78091
DLD	3144	2296	3993
DLEC1	471	311	673
DLEU1	5274	4121	7873
DLEU2	20186	14625	23966
DLEU7	1268	862	1624
DLG1	18728	13374	25005
DLG1-AS1	41	67	81
DLG2	27696	26765	36805
DLG2-AS2	339	232	475
DLG3	1341	891	1900
DLG3-AS1	35	19	49
DLG4	1519	1048	2106
DLG5	4881	3488	6771
DLG5-AS1	15	12	23
DLGAP1	18841	11825	23011
DLGAP1-AS1	300	230	371
DLGAP1-AS2	177	106	202
DLGAP1-AS3	93	49	111
DLGAP1-AS4	243	147	298
DLGAP1-AS5	88	57	95
DLGAP1-AS6	8	5	7
DLGAP2	3812	1972	4171
DLGAP2-AS1	127	83	170
DLGAP3	424	253	540
DLGAP4	4742	3380	5960
DLGAP4-AS1	944	572	1238
DLGAP5	1122	875	1943
DLK1	484	635	574
DLK2	63	32	98
DLL1	942	604	1275
DLL3	96	62	117
DLL4	317	238	405
DLST	2118	1416	2474
DLX1	66	47	85
DLX1-AS1	13	14	13
DLX2	31	32	37
DLX2-DT	162	86	172
DLX3	109	164	151
DLX4	58	59	66
DLX5	78	55	122
DLX6	18	4	33
DLX6-AS1	271	164	396
DM1-AS	79	55	94
DMAC1	419	322	502
DMAC2	432	320	506
DMAC2L	1328	999	1835
DMAP1	1155	839	1376
DMBT1	144	109	218
DMBX1	106	103	151
DMC1	594	412	808
DMD	20979	27319	26452
DMD-AS3	2	5	4
DMGDH	2648	1806	3238
DMKN	827	946	1182
DMP1	20	15	38
DMP1-AS1	507	363	749
DMPK	1182	1066	1467
DMRT1	310	222	432
DMRT2	610	309	574
DMRT3	42	37	48
DMRTA1	48	37	61
DMRTA2	36	17	59
DMRTB1	22	17	30
DMRTC1	13	7	25
DMRTC1B	11	8	31
DMRTC2	19	13	33
DMTF1	9519	6720	13130
DMTF1-AS1	25	6	23
DMTN	293	227	335
DMWD	310	217	417
DMXL1	9422	6978	11816
DMXL1-DT	749	597	1060
DMXL2	4854	3181	6798
DNA2	1779	1257	2410
DNAAF1	262	205	349
DNAAF10	215	180	329
DNAAF11	1633	1052	2145
DNAAF2	477	408	614
DNAAF3	58	56	72
DNAAF3-AS1	78	51	114
DNAAF4	79	56	126
DNAAF4-CCPG1	33	19	49
DNAAF5	1298	955	1805
DNAAF6	57	45	76
DNAAF8	169	123	223
DNAAF9	12482	8368	16688
DNAH1	1601	1056	1920
DNAH10	707	471	892
DNAH11	1457	1108	2221
DNAH12	806	559	1111
DNAH14	7544	4693	10177
DNAH17	672	516	863
DNAH17-AS1	89	65	111
DNAH2	512	404	724
DNAH3	925	594	1181
DNAH5	1078	696	1474
DNAH5-AS1	171	113	254
DNAH6	1543	1116	2188
DNAH7	1228	831	1695
DNAH8	839	654	1189
DNAH8-AS1	73	42	93
DNAH8-DT	0	1	0
DNAH9	2359	1507	2876
DNAI1	398	275	521
DNAI2	211	135	269
DNAI3	1194	712	1583
DNAI4	2034	1355	2925
DNAI7	884	683	1246
DNAJA1	2615	1532	2558
DNAJA2	653	449	783
DNAJA2-DT	80	59	85
DNAJA3	1197	1020	1634
DNAJA4	608	523	730
DNAJA4-DT	26	30	50
DNAJB1	1166	1648	1454
DNAJB11	841	581	1024
DNAJB12	1184	843	1516
DNAJB13	91	65	111
DNAJB14	4733	3326	6060
DNAJB2	592	420	793
DNAJB4	187	168	336
DNAJB5	129	103	179
DNAJB5-DT	42	22	35
DNAJB6	4112	2859	5260
DNAJB7	4	9	14
DNAJB8	7	8	18
DNAJB8-AS1	16	17	34
DNAJB9	132	100	159
DNAJC1	8312	5287	10654
DNAJC10	4204	2981	5331
DNAJC11	2995	2194	3911
DNAJC12	213	124	259
DNAJC13	6605	4773	8875
DNAJC14	208	140	303
DNAJC15	3353	2288	4130
DNAJC16	1827	1398	2241
DNAJC17	2105	1512	2697
DNAJC18	1236	756	1371
DNAJC19	826	599	1105
DNAJC2	2572	1802	3265
DNAJC21	1695	1209	2184
DNAJC22	61	49	80
DNAJC24	2702	1792	3582
DNAJC25	5	3	4
DNAJC25-GNG10	42	44	73
DNAJC27	1043	763	1371
DNAJC27-AS1	894	808	1100
DNAJC28	102	117	177
DNAJC3	3553	2317	4347
DNAJC3-DT	361	252	555
DNAJC30	153	114	235
DNAJC4	172	133	248
DNAJC5	2674	1947	3286
DNAJC5B	214	235	333
DNAJC5G	50	23	60
DNAJC6	1063	657	1722
DNAJC6-AS1	99	73	135
DNAJC7	4110	2916	5369
DNAJC8	1691	1310	2399
DNAJC9	1711	1372	2412
DNAJC9-AS1	203	122	306
DNAL1	1511	975	1799
DNAL4	3	1	4
DNALI1	142	100	193
DNASE1	2899	2199	4286
DNASE1L1	189	158	271
DNASE1L2	51	56	89
DNASE1L3	124	87	146
DNASE2	58	46	73
DNASE2B	68	32	93
DND1	15	9	23
DNER	1751	1044	2228
DNHD1	1644	1089	1892
DNLZ	37	16	37
DNM1	9461	6514	13001
DNM1L	3871	2866	5206
DNM1P35	207	140	303
DNM2	4066	2978	5283
DNM3	10015	6079	11155
DNM3OS	7113	4095	6909
DNMBP	5758	3727	6272
DNMBP-AS1	150	93	180
DNMT1	6424	4412	8693
DNMT3A	8230	5721	11094
DNMT3B	584	419	755
DNMT3L	34	25	58
DNPEP	869	648	1114
DNPEP-AS1	71	56	111
DNPH1	100	74	113
DNTT	85	51	115
DNTTIP1	530	376	615
DNTTIP2	887	623	1136
DOC2A	152	115	220
DOC2B	449	314	468
DOCK1	27215	18608	38386
DOCK1-AS1	180	123	236
DOCK10	11624	7341	15324
DOCK11	5080	3027	5483
DOCK2	1837	1302	2309
DOCK3	3303	2285	5073
DOCK4	19356	11337	22433
DOCK4-AS1	25	27	46
DOCK5	5610	2954	6463
DOCK6	2794	1967	3478
DOCK6-AS1	192	152	242
DOCK7	9273	6445	11012
DOCK7-DT	1681	1008	2174
DOCK8	4346	3059	6829
DOCK8-AS1	24	11	34
DOCK8-AS2	150	100	223
DOCK9	13252	9081	16503
DOCK9-AS1	23	13	23
DOCK9-DT	7	1	14
DOHH	134	98	147
DOK1	222	113	230
DOK2	182	131	208
DOK3	135	80	175
DOK4	381	231	476
DOK5	5960	3156	6671
DOK6	12448	7665	15211
DOK7	229	275	272
DOLK	19	20	26
DOLPP1	118	94	137
DONSON	525	360	729
DOP1A	5401	3750	6543
DOP1B	2079	1646	2648
DOT1L	2857	1946	3565
DOT1L-AS1	16	10	18
DPAGT1	486	319	582
DPCD	750	505	927
DPEP1	374	252	487
DPEP2	99	52	117
DPEP2NB	2	6	13
DPEP3	11	16	16
DPF1	233	165	328
DPF2	1620	1186	2088
DPF3	1367	1224	1753
DPH1	891	756	1211
DPH1-AS1	41	22	28
DPH2	101	87	163
DPH3	210	127	215
DPH5	1371	939	1646
DPH5-DT	2282	1742	2823
DPH6	8761	6720	11595
DPH6-DT	3971	2986	6042
DPH7	1397	1037	1802
DPM1	1984	1522	2664
DPM2	202	151	231
DPM3	65	95	71
DPP10	5549	4346	8537
DPP10-AS1	137	51	160
DPP10-AS2	2	3	7
DPP10-AS3	43	46	92
DPP3	290	178	370
DPP3-DT	83	73	141
DPP4	1762	1018	2213
DPP4-DT	68	44	63
DPP6	7968	5097	11007
DPP6-AS1	86	61	102
DPP7	259	205	365
DPP8	3342	2450	4364
DPP9	1171	952	1620
DPP9-AS1	15	25	45
DPPA2	50	42	80
DPPA3	14	13	24
DPPA4	90	70	204
DPPA5	4	2	2
DPRX	12	12	16
DPT	89	71	65
DPY19L1	2094	1414	2541
DPY19L2	2143	1490	3492
DPY19L3	5929	3468	6898
DPY19L3-DT	139	103	208
DPY19L4	5315	3555	6746
DPY30	2297	1700	2985
DPYD	9155	5903	9502
DPYD-AS1	885	489	1048
DPYD-AS2	7	4	9
DPYS	598	483	836
DPYSL2	5346	3545	6064
DPYSL3	6839	3415	5020
DPYSL4	211	122	220
DPYSL5	331	336	460
DQX1	46	43	68
DR1	885	759	1247
DRAIC	1538	1161	2114
DRAM1	1067	620	1169
DRAM1-AS1	52	26	42
DRAM2	1264	906	1816
DRAP1	459	311	536
DRAXIN	208	163	296
DRC1	170	80	205
DRC3	488	354	595
DRC7	194	133	241
DRD1	30	13	43
DRD2	252	164	361
DRD3	255	145	374
DRD4	71	30	57
DRD5	7	1	14
DRG1	2196	1683	2872
DRG2	689	507	875
DRGX	108	70	154
DRICH1	256	232	451
DROSHA	4666	3115	5922
DRP2	333	227	540
DSC1	526	718	582
DSC2	655	585	1298
DSC3	3213	3161	4973
DSCAM	3036	2114	4231
DSCAM-AS1	0	3	4
DSCAML1	3538	2189	5560
DSCAS	211	166	276
DSCC1	1013	679	1239
DSCR8	133	102	188
DSCR9	104	81	113
DSE	3240	2317	4469
DSEL	1391	943	1657
DSEL-AS1	3741	1845	3750
DSG1	1499	1559	2047
DSG1-AS1	426	317	680
DSG2	742	578	1084
DSG2-AS1	70	57	139
DSG3	483	474	947
DSG4	155	100	175
DSN1	891	612	1218
DSP	7142	7690	10059
DSP-AS1	77	41	102
DSPP	21	15	20
DST	46402	30001	57026
DST-AS1	158	127	218
DSTN	2683	1577	2614
DSTYK	2015	1386	2538
DTD1	163	107	206
DTD1-AS1	112	70	121
DTD2	4	4	7
DTHD1	287	186	376
DTHD1-AS1	357	248	450
DTL	1830	1227	2755
DTNA	3137	4284	4010
DTNA-AS1	89	64	142
DTNB	6649	4557	9676
DTNB-AS1	21	10	18
DTNBP1	3185	2151	3827
DTNBP1-AS1	18	10	20
DTWD1	4091	3555	5622
DTWD2	1599	1190	2079
DTX1	629	401	625
DTX2	627	550	731
DTX2P1-UPK3BP1-PMS2P11	1526	981	2544
DTX3	526	353	638
DTX3L	501	404	732
DTX4	1835	1168	2750
DTYMK	1016	721	1381
DUBR	2187	1817	2844
DUOX1	529	475	993
DUOX2	154	81	227
DUOXA1	408	315	709
DUOXA2	29	25	67
DUS1L	843	563	991
DUS2	1238	891	1470
DUS3L	414	298	481
DUS4L	15	16	13
DUS4L-BCAP29	147	97	185
DUSP1	4346	1631	2958
DUSP10	821	679	1143
DUSP11	3053	2297	4162
DUSP12	637	534	994
DUSP13	170	171	214
DUSP14	267	188	337
DUSP15	279	161	316
DUSP16	3761	2484	4844
DUSP18	716	532	1010
DUSP19	190	156	262
DUSP2	125	79	102
DUSP21	0	0	3
DUSP22	1389	1171	1961
DUSP23	80	54	95
DUSP26	65	72	70
DUSP28	104	80	132
DUSP29	153	151	246
DUSP3	363	227	425
DUSP4	499	340	564
DUSP5	536	190	383
DUSP5-DT	343	299	488
DUSP6	459	314	485
DUSP7	119	106	129
DUSP8	223	148	297
DUSP9	36	19	67
DUT	1292	931	1775
DUT-AS1	259	180	403
DUX4	151	60	194
DUXA	16	15	25
DUXAP8	66	55	106
DUXB	18	20	29
DVL1	343	298	502
DVL2	604	501	827
DVL3	1358	952	1730
DXO	512	361	587
DYDC1	51	46	107
DYDC2	69	63	131
DYM	13178	9078	16349
DYM-AS1	153	70	163
DYNAP	25	11	23
DYNC1H1	14046	9203	17407
DYNC1I1	2624	1554	2943
DYNC1I2	7405	5380	10067
DYNC1LI1	2271	1668	2758
DYNC1LI2	6789	4652	8634
DYNC1LI2-DT	21	6	38
DYNC2H1	12427	7808	15235
DYNC2I1	11291	7471	14641
DYNC2I2	764	550	956
DYNC2LI1	3738	2765	4982
DYNLL1	1468	1140	1845
DYNLL2	485	394	702
DYNLL2-DT	27	20	26
DYNLRB2	194	122	225
DYNLRB2-AS1	1435	1121	1989
DYNLT1	695	498	951
DYNLT2	160	156	224
DYNLT3	205	135	231
DYNLT4	19	13	17
DYNLT5	464	244	568
DYRK1A	15115	10509	19652
DYRK1B	722	556	939
DYRK2	708	662	955
DYRK3	495	293	573
DYRK3-AS1	20	19	24
DYRK4	184	134	245
DYSF	5984	4405	7043
DYTN	201	135	260
DZANK1	936	687	1310
DZIP1	3899	2475	4343
DZIP1L	2041	1403	2570
DZIP3	2950	2108	3983
E2F1	308	183	369
E2F2	304	290	424
E2F3	3097	2179	4583
E2F4	340	229	465
E2F5	1314	1003	2012
E2F5-DT	44	34	69
E2F6	753	609	996
E2F7	1399	900	1993
E2F8	416	393	646
E4F1	532	393	689
EAF1	392	300	495
EAF1-AS1	133	88	159
EAF2	888	760	1281
EAPP	1984	1495	2578
EARS2	840	622	1135
EBAG9	693	537	956
EBF1	76953	43839	91844
EBF2	7329	4387	7421
EBF3	19758	8084	15714
EBF3-AS1	61	24	81
EBF4	1192	903	1639
EBI3	93	73	174
EBLN1	21	12	22
EBLN3P	735	522	919
EBNA1BP2	837	625	1096
EBP	2	0	0
EBPL	1481	976	1812
ECD	3302	2188	4199
ECE1	3401	2454	4268
ECE1-AS1	34	19	24
ECEL1	23	17	30
ECH1	126	118	155
ECHDC1	4299	3384	5493
ECHDC2	1996	1655	2814
ECHDC3	337	334	465
ECHS1	908	647	995
ECI1	411	305	500
ECI1-AS1	12	18	17
ECI2	1119	983	1756
ECI2-DT	28	25	57
ECM1	207	136	323
ECM2	1386	1473	1596
ECPAS	7563	5565	8782
ECRG4	127	88	147
ECSIT	871	656	1058
ECT2	2692	1714	3972
ECT2L	527	349	638
EDA	12795	8787	17355
EDA2R	315	185	247
EDAR	1413	963	2909
EDARADD	1583	1210	2641
EDC3	2562	1809	3113
EDC4	477	432	629
EDDM13	223	176	305
EDDM3A	14	4	13
EDDM3B	8	5	11
EDEM1	1065	766	1430
EDEM2	703	526	911
EDEM3	2538	1741	3198
EDF1	1237	909	1492
EDIL3	4036	3424	5540
EDIL3-DT	1031	931	1505
EDN1	506	315	559
EDN2	105	90	141
EDN3	661	446	1170
EDNRA	12420	7774	16829
EDNRB	1065	1116	1369
EDNRB-AS1	222	111	317
EDRF1	3535	2697	4774
EDRF1-AS1	9	8	8
EDRF1-DT	62	25	72
EEA1	10280	7037	13077
EED	2134	1551	2758
EEF1A1	2690	1854	2963
EEF1A1-AS1	276	181	329
EEF1A2	91	257	135
EEF1AKMT1	1417	1018	1847
EEF1AKMT2	906	552	1134
EEF1AKMT3	63	33	77
EEF1AKMT4	3	0	3
EEF1AKMT4-ECE2	99	69	133
EEF1B2	435	350	572
EEF1D	2092	1552	2754
EEF1E1	4	0	2
EEF1E1-BLOC1S5	74	39	81
EEF1G	0	1	0
EEF2	1059	919	1157
EEF2K	4246	3669	5063
EEF2KMT	168	130	224
EEFSEC	5172	3495	5906
EEPD1	3595	2708	5314
EFCAB10	218	149	273
EFCAB10-AS1	27	22	46
EFCAB11	29	13	59
EFCAB12	160	118	235
EFCAB13	1678	1134	2341
EFCAB13-DT	195	138	298
EFCAB14	2098	1554	2915
EFCAB14-AS1	59	49	72
EFCAB2	8126	4806	8692
EFCAB2-AS1	94	54	114
EFCAB3	278	179	335
EFCAB5	1102	673	1459
EFCAB6	2310	1685	3407
EFCAB6-AS1	127	104	224
EFCAB6-DT	103	59	135
EFCAB7	2240	1473	3149
EFCAB8	288	209	376
EFCAB9	14	12	33
EFCC1	760	421	1154
EFEMP1	1651	1260	3015
EFEMP2	544	376	630
EFHB	263	258	330
EFHC1	3491	2408	4881
EFHC2	976	589	1190
EFHD1	610	436	785
EFHD2	252	185	283
EFHD2-AS1	34	11	27
EFL1	2327	1713	3116
EFNA1	346	282	478
EFNA2	138	110	178
EFNA3	9	12	20
EFNA4-EFNA3	88	81	153
EFNA5	27705	22840	44747
EFNB1	316	281	405
EFNB2	3357	2289	4194
EFNB3	78	59	92
EFR3A	3801	2834	4707
EFR3B	1840	1416	2735
EFS	1108	867	1373
EFTUD2	2524	1807	3243
EGF	647	1069	943
EGFL6	734	424	953
EGFL7	2042	1180	2249
EGFLAM	6797	4202	10323
EGFLAM-AS1	2	5	15
EGFLAM-AS2	19	6	16
EGFLAM-AS3	2	3	5
EGFLAM-AS4	29	17	36
EGFLAM-AS5	54	36	81
EGFR	10170	10307	17219
EGFR-AS1	49	50	78
EGILA	67	47	96
EGLN1	3	0	0
EGLN3	2741	2468	3906
EGLN3-AS1	61	40	93
EGOT	39	22	38
EGR1	6505	1815	2509
EGR2	129	68	71
EGR3	715	270	398
EGR3-AS1	1210	1057	1977
EGR4	15	10	14
EHBP1	24482	16246	26885
EHBP1-AS1	577	403	693
EHBP1L1	1504	1625	1736
EHD1	578	488	722
EHD2	1152	854	1203
EHD3	285	201	357
EHD4	2278	1568	2555
EHD4-AS1	38	25	56
EHF	372	266	613
EHHADH	1004	637	1326
EHHADH-AS1	118	85	182
EHMT1	9309	6570	12157
EHMT2	1040	735	1380
EHMT2-AS1	34	30	29
EI24	407	331	524
EID1	437	380	665
EID2	27	24	42
EID2B	100	60	134
EIF1	2293	1067	1851
EIF1AD	207	154	291
EIF1AX	1096	827	1381
EIF1AX-AS1	3	3	6
EIF1AY	42	30	40
EIF1B	214	170	302
EIF1B-AS1	3046	2080	4008
EIF2A	2561	1795	3218
EIF2AK1	1803	1313	2357
EIF2AK2	4086	2954	5330
EIF2AK3	3131	2079	3631
EIF2AK3-AS1	108	72	173
EIF2AK3-DT	82	54	104
EIF2AK4	4574	3166	6207
EIF2B1	2508	1852	3091
EIF2B2	326	231	486
EIF2B3	7461	5336	9427
EIF2B4	2460	1755	2818
EIF2B5	812	513	954
EIF2B5-DT	22	11	35
EIF2D	1493	1148	1902
EIF2S1	1489	1054	1860
EIF2S2	2382	1900	3239
EIF2S3	2680	1892	3405
EIF2S3B	109	69	165
EIF3A	5058	3683	6479
EIF3B	2073	1544	2676
EIF3C	250	182	342
EIF3CL	67	63	93
EIF3D	1450	1077	1877
EIF3E	4583	3428	5744
EIF3F	1208	882	1618
EIF3G	810	574	977
EIF3H	4041	2870	4984
EIF3I	696	440	805
EIF3J	3537	2727	4633
EIF3J-DT	845	655	1093
EIF3K	1349	1046	1744
EIF3L	1996	1403	2577
EIF3M	1601	1238	2178
EIF4A2	6159	4147	7806
EIF4A3	883	484	950
EIF4B	2989	2346	3911
EIF4E	2711	1867	3369
EIF4E1B	91	62	115
EIF4E2	2602	2373	3094
EIF4E3	23	7	13
EIF4EBP1	855	581	976
EIF4EBP2	1280	962	1716
EIF4ENIF1	1918	1337	2490
EIF4G1	3358	2323	3870
EIF4G2	7498	5551	10105
EIF4G3	20613	13859	25481
EIF4H	1506	1064	1950
EIF5	2126	1625	2687
EIF5-DT	2	8	5
EIF5A	275	221	292
EIF5A2	322	204	381
EIF5AL1	22	28	32
EIF5B	6664	4667	8088
EIF6	231	153	303
EIPR1	3179	2249	4336
ELAC1	0	0	2
ELAC2	1511	1165	1930
ELANE	32	22	35
ELAPOR1	469	295	601
ELAPOR2	2449	1418	3573
ELAVL1	2165	1636	2858
ELAVL2	881	638	1248
ELAVL3	82	77	137
ELAVL4	629	409	960
ELAVL4-AS1	9	3	13
ELDR	143	85	192
ELF1	7675	5806	9452
ELF2	8467	6341	11369
ELF2-DT	583	424	875
ELF3	79	42	97
ELF3-AS1	131	72	138
ELF4	1400	823	1493
ELF5	532	263	653
ELFN1	2438	1606	3327
ELFN1-AS1	12	6	18
ELFN2	67	37	115
ELFN2-AS1	8	6	2
ELK1	351	267	448
ELK3	5268	2921	5397
ELK4	1672	1090	2030
ELL	1805	1354	2261
ELL2	2558	1847	3159
ELMO1	14838	8807	17048
ELMO1-AS1	60	48	65
ELMO2	1760	1165	2169
ELMO3	100	94	178
ELMOD1	718	366	758
ELMOD2	1980	1407	2688
ELMOD3	2170	1489	2812
ELN	4614	3107	3629
ELN-AS1	16	12	32
ELOA	1173	914	1600
ELOA-AS1	1266	937	1545
ELOA2	0	2	5
ELOB	347	316	501
ELOC	1204	897	1546
ELOF1	223	172	245
ELOVL1	210	191	269
ELOVL2	570	309	776
ELOVL2-AS1	124	89	178
ELOVL3	30	33	39
ELOVL4	449	570	489
ELOVL5	3786	2109	4276
ELOVL6	3139	2518	4344
ELOVL6-AS1	22	17	28
ELOVL7	512	397	752
ELP1	3589	2348	4610
ELP2	3914	2782	5014
ELP3	3319	2318	4343
ELP4	7801	5532	10360
ELP4-AS1	517	362	708
ELP5	446	290	517
ELP6	873	590	1131
ELSPBP1	72	45	103
EMB	418	417	821
EMC1	1067	696	1239
EMC1-AS1	1311	936	1696
EMC10	918	772	1292
EMC2	2607	1921	3197
EMC3	1344	1081	1828
EMC4	470	350	650
EMC6	49	44	64
EMC7	406	338	539
EMC8	723	533	954
EMC9	105	102	168
EMCN	10128	5130	10564
EMD	290	217	322
EME1	270	216	405
EME2	369	256	470
EMICERI	89	61	125
EMID1	1669	1479	2204
EMILIN1	662	417	735
EMILIN2	4125	2017	4778
EMILIN3	322	280	405
EML1	4810	3059	5441
EML2	1586	1212	2395
EML2-AS1	18	11	20
EML3	621	406	775
EML4	14630	10161	19419
EML4-AS1	145	99	212
EML5	689	437	853
EML6	1355	1297	2135
EML6-AS1	6	4	6
EMP1	6478	2512	4623
EMP2	2037	2116	2608
EMP3	612	446	763
EMSLR	40	32	60
EMSY	5646	3928	7766
EMSY-DT	109	93	214
EMX1	112	55	122
EMX2	1271	910	1508
EMX2OS	5098	2811	5175
EN1	113	128	183
EN2	19	10	20
EN2-DT	204	135	367
ENAH	8445	6304	8754
ENAM	40	16	35
ENAM-AS1	166	96	260
ENC1	1126	970	1110
ENDOD1	550	592	800
ENDOG	52	34	64
ENDOU	143	139	209
ENDOV	918	684	1192
ENEMAL	18	12	22
ENG	1353	837	1538
ENGASE	523	372	695
ENHO	24	14	26
ENHO-AS1	38	20	47
ENKD1	163	125	249
ENKUR	509	309	620
ENO1	994	824	1175
ENO1-AS1	8	9	20
ENO2	329	213	383
ENO3	656	1506	880
ENO4	510	307	600
ENOPH1	1113	816	1499
ENOSF1	5396	4174	7466
ENOX1	13166	8031	13993
ENOX1-AS1	12	1	29
ENOX1-AS2	3	0	2
ENOX2	4243	2982	5390
ENPEP	4010	2276	5510
ENPP1	1399	1091	1986
ENPP2	2995	1836	3936
ENPP3	625	385	768
ENPP4	71	104	98
ENPP5	131	83	171
ENPP6	525	396	659
ENPP7	33	20	40
ENSA	5468	4025	7266
ENSG00000100101	114	60	155
ENSG00000111780	47	31	72
ENSG00000124593	64	69	138
ENSG00000125695	48	37	72
ENSG00000131152	144	114	232
ENSG00000131484	0	0	0
ENSG00000132832	169	101	171
ENSG00000141979	321	226	433
ENSG00000142539	6	6	4
ENSG00000144785	473	332	541
ENSG00000145063	140	103	187
ENSG00000145075	101	58	116
ENSG00000159239	124	97	188
ENSG00000167046	24	10	28
ENSG00000167774	25	16	29
ENSG00000173366	24	18	34
ENSG00000173867	299	191	379
ENSG00000174171	32	28	34
ENSG00000175604	17	13	31
ENSG00000176320	31	17	30
ENSG00000176349	52	44	75
ENSG00000176515	149	86	203
ENSG00000176868	24	9	35
ENSG00000176984	18	19	42
ENSG00000177596	14	7	18
ENSG00000177699	43	17	43
ENSG00000178107	40	21	52
ENSG00000179066	107	90	144
ENSG00000180458	26	11	28
ENSG00000181123	49	54	55
ENSG00000183154	41	22	33
ENSG00000183308	428	381	643
ENSG00000183562	11	6	13
ENSG00000184441	82	59	90
ENSG00000184566	4	2	3
ENSG00000187185	171	128	254
ENSG00000187186	2	2	10
ENSG00000188223	21	25	22
ENSG00000189229	1647	2039	4979
ENSG00000189316	18	18	24
ENSG00000196566	202	140	285
ENSG00000196826	445	265	568
ENSG00000196893	3	4	7
ENSG00000197210	5	4	12
ENSG00000197332	818	573	1078
ENSG00000197462	57	28	52
ENSG00000197585	1617	1101	2338
ENSG00000197644	22	8	25
ENSG00000197813	363	191	393
ENSG00000197991	21	12	34
ENSG00000198106	645	172	379
ENSG00000198211	5	2	0
ENSG00000198358	40	24	49
ENSG00000198491	50	40	62
ENSG00000198671	81	61	109
ENSG00000203266	42	23	37
ENSG00000203279	210	157	236
ENSG00000203325	219	166	336
ENSG00000203334	9	3	4
ENSG00000203335	20	14	28
ENSG00000203364	3	3	3
ENSG00000203392	60	48	74
ENSG00000203395	15	7	13
ENSG00000203402	2	6	3
ENSG00000203434	27	20	37
ENSG00000203469	5	1	3
ENSG00000203472	93	68	132
ENSG00000203496	28	15	46
ENSG00000203498	4	4	5
ENSG00000203520	33	15	24
ENSG00000203546	901	714	1144
ENSG00000203565	84	51	97
ENSG00000203605	83	57	131
ENSG00000203620	51	36	54
ENSG00000203635	30	13	40
ENSG00000203643	1	3	14
ENSG00000203900	63	56	59
ENSG00000203971	5	6	7
ENSG00000204003	6	6	2
ENSG00000204049	11	8	15
ENSG00000204117	75	47	72
ENSG00000204398	110	63	89
ENSG00000204422	179	123	343
ENSG00000204620	88	61	110
ENSG00000204684	216	121	319
ENSG00000204850	35	27	59
ENSG00000204876	64	31	77
ENSG00000204990	11	4	8
ENSG00000205018	88	67	156
ENSG00000205037	104	62	122
ENSG00000205300	35	26	32
ENSG00000205325	38	23	80
ENSG00000205452	2	4	4
ENSG00000205537	56	35	83
ENSG00000205653	9	2	7
ENSG00000205740	209	205	341
ENSG00000205745	47	20	36
ENSG00000205830	16	9	40
ENSG00000205890	38	23	36
ENSG00000205959	300	187	380
ENSG00000206028	86	43	107
ENSG00000206062	3	2	4
ENSG00000206129	465	321	647
ENSG00000206249	112	60	127
ENSG00000206549	210	147	402
ENSG00000207751	460	282	616
ENSG00000211683	56	56	81
ENSG00000212663	36	18	35
ENSG00000212930	0	0	1
ENSG00000212939	16	14	32
ENSG00000213062	154	123	244
ENSG00000213121	374	281	432
ENSG00000213204	10	9	20
ENSG00000213981	1297	653	2851
ENSG00000214248	48	26	72
ENSG00000214546	41	30	49
ENSG00000214614	1	0	2
ENSG00000214719	2293	1486	2435
ENSG00000214770	12	9	6
ENSG00000214788	22	12	33
ENSG00000214797	48	27	38
ENSG00000214803	298	179	411
ENSG00000214915	0	0	1
ENSG00000214942	338	249	388
ENSG00000214999	22	6	14
ENSG00000215022	15	13	13
ENSG00000215304	109	63	153
ENSG00000215692	15	17	22
ENSG00000215765	58	47	101
ENSG00000215841	22	15	16
ENSG00000217455	216	113	208
ENSG00000217576	1143	908	1518
ENSG00000217702	157	113	208
ENSG00000217825	10	4	16
ENSG00000219159	21	9	30
ENSG00000219410	50	45	71
ENSG00000219445	266	177	262
ENSG00000220256	218	156	260
ENSG00000220702	0	3	2
ENSG00000221857	1	0	2
ENSG00000222000	61	47	73
ENSG00000222001	13	5	8
ENSG00000222007	39	25	37
ENSG00000222012	19	18	35
ENSG00000222017	369	296	567
ENSG00000222022	35	18	33
ENSG00000222031	562	377	639
ENSG00000222032	18	22	33
ENSG00000222042	890	498	1063
ENSG00000222043	34	24	37
ENSG00000223342	69	46	112
ENSG00000223343	48	36	66
ENSG00000223344	83	52	92
ENSG00000223356	13	9	8
ENSG00000223373	66	56	125
ENSG00000223374	3	10	13
ENSG00000223390	80	39	77
ENSG00000223393	177	121	230
ENSG00000223400	10	6	11
ENSG00000223410	14	6	11
ENSG00000223430	14	10	20
ENSG00000223432	7	4	11
ENSG00000223440	47	27	43
ENSG00000223446	12	13	32
ENSG00000223461	70	39	72
ENSG00000223462	38	36	60
ENSG00000223492	56	28	62
ENSG00000223502	78	58	98
ENSG00000223523	826	584	999
ENSG00000223530	7	4	6
ENSG00000223536	161	111	172
ENSG00000223542	19	5	29
ENSG00000223554	2	4	2
ENSG00000223563	219	123	227
ENSG00000223576	9	11	15
ENSG00000223598	693	508	936
ENSG00000223623	13	9	19
ENSG00000223634	16	8	20
ENSG00000223642	57	35	71
ENSG00000223643	0	0	0
ENSG00000223649	0	3	5
ENSG00000223660	0	1	5
ENSG00000223665	37	31	43
ENSG00000223675	32	14	24
ENSG00000223697	27	12	33
ENSG00000223711	36	33	61
ENSG00000223716	96	61	103
ENSG00000223720	129	95	155
ENSG00000223725	1346	891	1781
ENSG00000223726	45	28	54
ENSG00000223727	3503	2638	4475
ENSG00000223732	455	329	609
ENSG00000223742	32	13	50
ENSG00000223751	20	25	27
ENSG00000223754	6	9	22
ENSG00000223761	43	33	53
ENSG00000223786	23754	13376	20426
ENSG00000223795	58	40	69
ENSG00000223800	0	2	3
ENSG00000223808	13	7	19
ENSG00000223829	156	125	204
ENSG00000223834	67	47	123
ENSG00000223838	878	566	1263
ENSG00000223842	24	11	49
ENSG00000223859	1	3	6
ENSG00000223870	24	23	45
ENSG00000223872	12	5	16
ENSG00000223881	7	1	13
ENSG00000223884	110	98	161
ENSG00000223901	23	7	31
ENSG00000223911	20	11	10
ENSG00000223930	707	550	956
ENSG00000223944	438	275	601
ENSG00000223946	4	6	7
ENSG00000223947	37	36	59
ENSG00000223969	67	68	73
ENSG00000223999	0	0	3
ENSG00000224015	17	9	33
ENSG00000224018	132	64	182
ENSG00000224027	36	44	48
ENSG00000224038	13	5	12
ENSG00000224049	26	21	54
ENSG00000224076	5	7	9
ENSG00000224077	52	33	64
ENSG00000224091	0	0	0
ENSG00000224099	121	81	148
ENSG00000224100	3	1	3
ENSG00000224127	16	10	28
ENSG00000224132	4	4	12
ENSG00000224138	0	2	3
ENSG00000224194	89	74	142
ENSG00000224216	66	46	72
ENSG00000224228	1002	629	1283
ENSG00000224239	13	14	33
ENSG00000224250	11	7	11
ENSG00000224251	18	11	19
ENSG00000224260	207	100	256
ENSG00000224267	26	17	33
ENSG00000224269	36	17	54
ENSG00000224272	19	4	28
ENSG00000224277	57	44	71
ENSG00000224301	2	4	8
ENSG00000224322	142	85	176
ENSG00000224326	111	119	188
ENSG00000224330	59	34	52
ENSG00000224359	0	0	1
ENSG00000224361	95	96	147
ENSG00000224363	106	56	155
ENSG00000224371	166	111	245
ENSG00000224374	9	5	8
ENSG00000224375	30	25	31
ENSG00000224376	35	22	39
ENSG00000224384	43	26	50
ENSG00000224387	1	3	2
ENSG00000224400	259	192	344
ENSG00000224404	31	22	42
ENSG00000224409	21	17	29
ENSG00000224413	28	15	34
ENSG00000224477	9	8	11
ENSG00000224478	103	91	150
ENSG00000224481	122	96	202
ENSG00000224500	6	4	7
ENSG00000224504	47	33	73
ENSG00000224513	39	18	52
ENSG00000224516	8	3	10
ENSG00000224521	17	11	17
ENSG00000224525	1	2	5
ENSG00000224541	129	71	180
ENSG00000224595	18	16	28
ENSG00000224605	20	15	36
ENSG00000224610	411	284	529
ENSG00000224612	102	52	134
ENSG00000224621	21	30	26
ENSG00000224626	18	9	28
ENSG00000224635	98	109	142
ENSG00000224643	196	144	234
ENSG00000224645	13	10	20
ENSG00000224649	49	26	56
ENSG00000224658	337	184	405
ENSG00000224661	14	1	17
ENSG00000224691	0	2	4
ENSG00000224698	3	2	2
ENSG00000224715	49	23	57
ENSG00000224731	13	8	19
ENSG00000224733	3	3	13
ENSG00000224738	267	244	374
ENSG00000224739	68	56	97
ENSG00000224746	689	506	862
ENSG00000224750	140	94	182
ENSG00000224789	290	180	388
ENSG00000224794	31	35	47
ENSG00000224799	0	3	8
ENSG00000224810	35	32	38
ENSG00000224814	59	38	71
ENSG00000224819	467	321	712
ENSG00000224844	3	5	5
ENSG00000224848	1271	1113	2227
ENSG00000224865	123	97	168
ENSG00000224876	5	3	9
ENSG00000224879	54	31	73
ENSG00000224883	4	0	0
ENSG00000224901	78	59	94
ENSG00000224905	5722	3380	7339
ENSG00000224918	0	2	5
ENSG00000224919	15	5	16
ENSG00000224935	190	119	206
ENSG00000224950	110	79	116
ENSG00000224969	12	7	9
ENSG00000224970	70	53	106
ENSG00000224984	5	2	8
ENSG00000224985	81	62	115
ENSG00000225000	15	6	8
ENSG00000225002	8	10	8
ENSG00000225006	118	87	146
ENSG00000225007	3	1	11
ENSG00000225012	32	15	47
ENSG00000225032	153	129	213
ENSG00000225044	104	78	109
ENSG00000225050	111	86	173
ENSG00000225056	13	3	15
ENSG00000225057	194	108	237
ENSG00000225058	18	11	22
ENSG00000225075	47	35	56
ENSG00000225084	3	6	14
ENSG00000225085	0	0	2
ENSG00000225087	819	585	1285
ENSG00000225096	1967	1420	2355
ENSG00000225102	34	13	32
ENSG00000225107	49	22	72
ENSG00000225112	7	8	16
ENSG00000225129	29	14	40
ENSG00000225146	143	109	194
ENSG00000225148	40	32	79
ENSG00000225152	11	10	16
ENSG00000225156	73	51	84
ENSG00000225166	119	68	152
ENSG00000225172	32	25	41
ENSG00000225173	17	11	14
ENSG00000225181	8	0	3
ENSG00000225208	6	5	3
ENSG00000225209	32	23	52
ENSG00000225214	67	30	63
ENSG00000225218	252	167	333
ENSG00000225230	104	82	125
ENSG00000225233	306	172	380
ENSG00000225258	547	322	716
ENSG00000225279	267	180	328
ENSG00000225280	4	4	5
ENSG00000225284	6	1	5
ENSG00000225303	7	1	13
ENSG00000225311	153	98	199
ENSG00000225313	293	224	353
ENSG00000225315	79	66	79
ENSG00000225325	204	127	253
ENSG00000225330	341	201	524
ENSG00000225335	33	16	36
ENSG00000225341	37	24	72
ENSG00000225359	7	4	13
ENSG00000225378	7	4	11
ENSG00000225387	7	7	20
ENSG00000225399	83	39	65
ENSG00000225408	17	9	21
ENSG00000225411	71	29	89
ENSG00000225417	1	4	4
ENSG00000225421	1230	821	1521
ENSG00000225424	81	36	90
ENSG00000225450	265	191	342
ENSG00000225457	147	90	196
ENSG00000225458	217	143	362
ENSG00000225488	9	7	14
ENSG00000225489	30	23	32
ENSG00000225498	101	58	91
ENSG00000225519	48	23	54
ENSG00000225532	24	11	26
ENSG00000225537	252	161	292
ENSG00000225545	28	8	34
ENSG00000225555	69	49	95
ENSG00000225559	0	2	1
ENSG00000225563	105	74	146
ENSG00000225570	6	3	5
ENSG00000225582	10	4	3
ENSG00000225588	108	71	120
ENSG00000225598	3	3	4
ENSG00000225605	227	169	329
ENSG00000225606	23	7	28
ENSG00000225610	72	40	58
ENSG00000225612	9	4	11
ENSG00000225620	2	3	3
ENSG00000225637	19	6	27
ENSG00000225643	88	53	109
ENSG00000225647	177	117	248
ENSG00000225649	970	906	1232
ENSG00000225655	38	26	44
ENSG00000225656	21	21	27
ENSG00000225676	97	84	147
ENSG00000225680	41	49	65
ENSG00000225689	19945	10793	22915
ENSG00000225703	16	4	15
ENSG00000225708	12	18	23
ENSG00000225718	1031	704	1256
ENSG00000225721	213	133	287
ENSG00000225750	74	45	114
ENSG00000225751	52	45	95
ENSG00000225752	20	13	17
ENSG00000225775	155	92	159
ENSG00000225785	4	0	2
ENSG00000225790	35	38	48
ENSG00000225794	85	54	113
ENSG00000225806	215	180	303
ENSG00000225807	107	52	107
ENSG00000225811	431	275	576
ENSG00000225815	5	3	4
ENSG00000225818	1	3	3
ENSG00000225819	4	4	4
ENSG00000225836	20	23	25
ENSG00000225850	61	38	83
ENSG00000225867	8	9	10
ENSG00000225879	192	149	287
ENSG00000225881	1	1	5
ENSG00000225884	79	50	107
ENSG00000225885	414	279	500
ENSG00000225886	141	122	204
ENSG00000225889	956	738	1357
ENSG00000225903	0	0	2
ENSG00000225913	185	118	250
ENSG00000225929	8	8	14
ENSG00000225952	10	10	11
ENSG00000225956	5	7	11
ENSG00000225960	4	2	2
ENSG00000225963	270	152	325
ENSG00000225970	137	90	181
ENSG00000225974	5	2	4
ENSG00000225982	18	11	26
ENSG00000226012	3	1	5
ENSG00000226022	827	553	1257
ENSG00000226032	157	96	195
ENSG00000226041	5	4	10
ENSG00000226043	514	319	875
ENSG00000226047	12	11	13
ENSG00000226063	4	2	8
ENSG00000226078	20	22	26
ENSG00000226079	97	63	135
ENSG00000226087	61	48	85
ENSG00000226097	67	37	94
ENSG00000226115	21	13	19
ENSG00000226130	16	10	11
ENSG00000226134	7	6	9
ENSG00000226143	0	5	7
ENSG00000226149	2019	1144	2336
ENSG00000226163	0	0	3
ENSG00000226169	26	12	29
ENSG00000226172	8	5	14
ENSG00000226180	13	8	10
ENSG00000226197	6003	3264	6796
ENSG00000226204	23	20	37
ENSG00000226206	135	104	154
ENSG00000226207	17	13	24
ENSG00000226208	6	4	8
ENSG00000226218	15	5	7
ENSG00000226238	18	17	31
ENSG00000226249	15	10	15
ENSG00000226252	44	25	46
ENSG00000226266	2037	1266	2491
ENSG00000226276	15	11	19
ENSG00000226277	2	4	13
ENSG00000226281	634	428	795
ENSG00000226286	0	1	16
ENSG00000226291	10	2	8
ENSG00000226296	63	52	70
ENSG00000226302	7	4	10
ENSG00000226304	40	34	48
ENSG00000226308	73	72	116
ENSG00000226310	319	242	436
ENSG00000226323	10	6	7
ENSG00000226332	70	90	138
ENSG00000226334	24	19	26
ENSG00000226349	174	112	248
ENSG00000226355	87	47	110
ENSG00000226375	13	9	19
ENSG00000226398	23	21	45
ENSG00000226409	1213	710	1886
ENSG00000226423	4	2	2
ENSG00000226426	5	3	10
ENSG00000226433	18	10	31
ENSG00000226438	47	29	46
ENSG00000226455	10	6	21
ENSG00000226465	718	443	1117
ENSG00000226471	2080	1790	3447
ENSG00000226484	165	108	207
ENSG00000226506	31	17	38
ENSG00000226526	166	126	193
ENSG00000226527	44	14	54
ENSG00000226530	377	223	461
ENSG00000226542	24	5	35
ENSG00000226548	10	4	9
ENSG00000226566	124	93	170
ENSG00000226571	1655	1127	2190
ENSG00000226576	137	97	164
ENSG00000226578	21	16	33
ENSG00000226587	3	4	3
ENSG00000226594	31	23	36
ENSG00000226599	11	3	9
ENSG00000226601	17	14	25
ENSG00000226605	111	63	106
ENSG00000226619	2	2	1
ENSG00000226622	463	315	578
ENSG00000226643	33	29	37
ENSG00000226647	197	174	258
ENSG00000226649	0	2	0
ENSG00000226655	8	3	8
ENSG00000226661	87	54	112
ENSG00000226669	28	16	27
ENSG00000226680	100	59	138
ENSG00000226681	10	4	15
ENSG00000226694	30	14	46
ENSG00000226699	151	110	229
ENSG00000226706	15	6	20
ENSG00000226707	3	1	2
ENSG00000226708	5	0	3
ENSG00000226716	7	4	15
ENSG00000226733	374	271	453
ENSG00000226739	8	5	7
ENSG00000226764	250	171	309
ENSG00000226771	15	13	19
ENSG00000226772	54	51	80
ENSG00000226782	50	49	78
ENSG00000226797	27	17	38
ENSG00000226798	0	2	2
ENSG00000226816	43	36	43
ENSG00000226829	556	365	728
ENSG00000226842	5	4	9
ENSG00000226849	74	63	98
ENSG00000226854	9	1	10
ENSG00000226861	9	9	21
ENSG00000226868	41	24	55
ENSG00000226871	0	1	0
ENSG00000226872	70	61	77
ENSG00000226877	49	50	63
ENSG00000226883	162	93	206
ENSG00000226890	0	1	6
ENSG00000226899	27	14	42
ENSG00000226900	132	92	149
ENSG00000226904	2	2	2
ENSG00000226919	24	17	19
ENSG00000226927	1	4	3
ENSG00000226938	3	2	2
ENSG00000226939	28	15	28
ENSG00000226954	16	9	15
ENSG00000226956	4	1	3
ENSG00000226957	4	5	7
ENSG00000226963	16	6	13
ENSG00000226965	1862	1271	2562
ENSG00000226990	237	168	327
ENSG00000226992	384	217	672
ENSG00000226994	1364	910	1776
ENSG00000226996	68	37	77
ENSG00000227006	82	48	66
ENSG00000227017	18	15	17
ENSG00000227033	249	144	276
ENSG00000227042	370	244	447
ENSG00000227045	88	59	126
ENSG00000227047	7	6	14
ENSG00000227050	150	83	165
ENSG00000227061	54	27	54
ENSG00000227066	28	20	40
ENSG00000227068	17	18	19
ENSG00000227075	94	63	112
ENSG00000227083	4	2	13
ENSG00000227088	1728	1239	2772
ENSG00000227089	3	5	6
ENSG00000227090	45	36	69
ENSG00000227094	0	2	2
ENSG00000227098	76	50	101
ENSG00000227101	63	52	88
ENSG00000227107	136	108	170
ENSG00000227125	18	14	27
ENSG00000227131	16	7	11
ENSG00000227139	1	2	6
ENSG00000227148	25	15	37
ENSG00000227150	17	23	20
ENSG00000227157	69	47	63
ENSG00000227161	35	22	43
ENSG00000227167	0	5	6
ENSG00000227169	0	1	4
ENSG00000227193	277	198	354
ENSG00000227197	504	302	641
ENSG00000227206	25	25	28
ENSG00000227215	11	5	15
ENSG00000227218	86	55	126
ENSG00000227230	12	4	17
ENSG00000227240	2797	2414	3415
ENSG00000227253	11	11	14
ENSG00000227269	27	7	32
ENSG00000227278	0	2	3
ENSG00000227282	12	6	9
ENSG00000227292	91	80	133
ENSG00000227293	5	2	6
ENSG00000227294	23	18	44
ENSG00000227297	18	7	10
ENSG00000227301	21	18	20
ENSG00000227303	611	429	864
ENSG00000227305	0	0	1
ENSG00000227307	440	301	585
ENSG00000227338	9	7	16
ENSG00000227355	1599	1126	1912
ENSG00000227360	33	32	47
ENSG00000227365	26	19	32
ENSG00000227386	9	6	15
ENSG00000227388	221	199	324
ENSG00000227400	617	404	772
ENSG00000227407	143	99	155
ENSG00000227455	11	9	14
ENSG00000227459	14	20	18
ENSG00000227463	125	74	160
ENSG00000227475	3	1	0
ENSG00000227479	390	267	690
ENSG00000227481	16	4	14
ENSG00000227482	214	131	262
ENSG00000227484	15	10	12
ENSG00000227485	0	0	6
ENSG00000227486	10113	7027	15722
ENSG00000227489	6	19	33
ENSG00000227496	980	530	1117
ENSG00000227498	69	41	65
ENSG00000227512	12	9	18
ENSG00000227516	3	2	6
ENSG00000227519	19	16	38
ENSG00000227527	14	3	18
ENSG00000227531	318	207	412
ENSG00000227549	24	12	29
ENSG00000227554	1	0	1
ENSG00000227562	9	7	13
ENSG00000227579	1890	1265	2472
ENSG00000227598	1586	1146	2428
ENSG00000227619	54	46	99
ENSG00000227627	445	356	595
ENSG00000227673	5	4	4
ENSG00000227678	28	28	41
ENSG00000227681	5387	3929	8080
ENSG00000227683	90	56	124
ENSG00000227687	3	0	5
ENSG00000227704	143	129	197
ENSG00000227705	38	37	61
ENSG00000227712	396	297	518
ENSG00000227713	23	13	19
ENSG00000227716	8	15	14
ENSG00000227718	91	63	117
ENSG00000227719	12	5	11
ENSG00000227723	37	25	53
ENSG00000227733	360	232	600
ENSG00000227734	3	2	3
ENSG00000227743	102	76	147
ENSG00000227748	51	27	66
ENSG00000227757	534	330	635
ENSG00000227769	465	285	598
ENSG00000227803	399	270	480
ENSG00000227809	37	22	36
ENSG00000227818	1	0	3
ENSG00000227824	11	3	14
ENSG00000227851	5	8	8
ENSG00000227857	46	16	45
ENSG00000227863	94	67	149
ENSG00000227880	9	5	16
ENSG00000227885	1170	837	1697
ENSG00000227912	53	32	66
ENSG00000227917	36	15	45
ENSG00000227920	20	13	37
ENSG00000227930	22	16	30
ENSG00000227933	40	33	57
ENSG00000227935	2	1	7
ENSG00000227938	8	8	13
ENSG00000227958	114	45	119
ENSG00000227981	14	14	24
ENSG00000228005	7	2	8
ENSG00000228008	80	52	119
ENSG00000228010	1102	716	1256
ENSG00000228021	210	116	256
ENSG00000228028	3	4	11
ENSG00000228031	23	8	11
ENSG00000228033	948	586	1128
ENSG00000228037	11	7	13
ENSG00000228044	123	89	193
ENSG00000228048	16	15	22
ENSG00000228064	43	38	77
ENSG00000228072	2	1	5
ENSG00000228073	7	3	8
ENSG00000228079	17	9	48
ENSG00000228084	24	22	41
ENSG00000228086	86	50	138
ENSG00000228113	844	640	1650
ENSG00000228120	3	0	2
ENSG00000228136	5	3	1
ENSG00000228142	583	456	909
ENSG00000228144	28	53	55
ENSG00000228150	9	5	14
ENSG00000228151	6	7	8
ENSG00000228153	3	5	3
ENSG00000228160	14	9	29
ENSG00000228162	71	45	103
ENSG00000228165	0	0	3
ENSG00000228170	82	51	112
ENSG00000228172	50	25	62
ENSG00000228176	3	2	2
ENSG00000228201	27	31	42
ENSG00000228204	581	377	764
ENSG00000228216	44	25	62
ENSG00000228229	1	0	3
ENSG00000228235	4	0	4
ENSG00000228239	13	14	25
ENSG00000228255	297	205	402
ENSG00000228272	167	122	234
ENSG00000228302	14	13	9
ENSG00000228334	333	203	425
ENSG00000228343	0	4	3
ENSG00000228351	170	112	216
ENSG00000228353	6	1	1
ENSG00000228355	26	12	24
ENSG00000228361	35	21	35
ENSG00000228365	7	2	6
ENSG00000228368	5	7	9
ENSG00000228384	75	62	79
ENSG00000228386	14	19	7
ENSG00000228391	9	2	9
ENSG00000228392	21	11	35
ENSG00000228395	354	195	416
ENSG00000228404	12	10	14
ENSG00000228408	3	1	3
ENSG00000228417	16	12	20
ENSG00000228421	59	42	61
ENSG00000228427	53	45	87
ENSG00000228467	32	40	83
ENSG00000228470	144	89	208
ENSG00000228478	24	22	24
ENSG00000228484	196	134	227
ENSG00000228487	69	46	107
ENSG00000228488	3	1	11
ENSG00000228503	9	5	10
ENSG00000228505	26	29	52
ENSG00000228509	634	398	919
ENSG00000228527	1	0	0
ENSG00000228528	11	7	13
ENSG00000228538	32	27	53
ENSG00000228539	48	27	53
ENSG00000228541	759	581	972
ENSG00000228543	81	46	86
ENSG00000228553	14	6	19
ENSG00000228554	5	9	10
ENSG00000228560	297	190	347
ENSG00000228563	104	61	141
ENSG00000228566	4002	3559	5258
ENSG00000228577	11	6	15
ENSG00000228586	348	208	401
ENSG00000228587	14	17	24
ENSG00000228596	101	80	157
ENSG00000228604	8	8	2
ENSG00000228620	7	5	3
ENSG00000228622	3	0	4
ENSG00000228625	28	16	26
ENSG00000228627	39	35	48
ENSG00000228629	110	97	153
ENSG00000228634	5	4	5
ENSG00000228643	113	78	136
ENSG00000228648	9	8	15
ENSG00000228650	3	3	5
ENSG00000228655	1271	890	1667
ENSG00000228658	18	19	48
ENSG00000228675	14	4	13
ENSG00000228679	98	70	119
ENSG00000228680	27	13	41
ENSG00000228683	0	2	4
ENSG00000228686	6	3	3
ENSG00000228689	154	134	241
ENSG00000228692	0	2	7
ENSG00000228697	378	347	548
ENSG00000228707	4	2	3
ENSG00000228708	0	0	2
ENSG00000228714	1595	1078	2139
ENSG00000228719	74	75	92
ENSG00000228734	6	4	3
ENSG00000228735	11	5	9
ENSG00000228739	43	28	51
ENSG00000228748	44	26	42
ENSG00000228772	13	11	18
ENSG00000228778	26	10	24
ENSG00000228779	8	3	16
ENSG00000228792	37	18	51
ENSG00000228793	982	689	1398
ENSG00000228800	2	1	2
ENSG00000228802	7	3	12
ENSG00000228804	90	67	118
ENSG00000228809	75	56	87
ENSG00000228826	46	28	60
ENSG00000228830	68	35	72
ENSG00000228838	5	1	11
ENSG00000228843	11	4	25
ENSG00000228852	162	100	229
ENSG00000228862	122	97	187
ENSG00000228863	122	74	167
ENSG00000228873	28	11	33
ENSG00000228876	517	296	634
ENSG00000228877	369	348	409
ENSG00000228919	32	19	49
ENSG00000228933	585	335	917
ENSG00000228944	245	178	368
ENSG00000228950	25	16	40
ENSG00000228959	4	2	1
ENSG00000228968	59	42	72
ENSG00000228973	3	1	0
ENSG00000228988	6	7	8
ENSG00000229012	18	10	31
ENSG00000229021	282	217	410
ENSG00000229025	3	1	5
ENSG00000229042	8	2	10
ENSG00000229044	70	36	84
ENSG00000229047	0	0	1
ENSG00000229065	40	36	42
ENSG00000229066	650	421	861
ENSG00000229116	58	32	59
ENSG00000229118	31	32	29
ENSG00000229131	32	21	35
ENSG00000229151	829	495	1001
ENSG00000229160	37	28	46
ENSG00000229167	40	33	62
ENSG00000229177	10	7	6
ENSG00000229178	17	16	17
ENSG00000229188	23	23	38
ENSG00000229191	24	16	36
ENSG00000229192	206	306	238
ENSG00000229195	986	396	744
ENSG00000229203	11	3	4
ENSG00000229206	4	5	0
ENSG00000229209	240	125	275
ENSG00000229224	15	13	22
ENSG00000229225	0	0	3
ENSG00000229227	15	10	22
ENSG00000229229	50	23	57
ENSG00000229242	53	20	49
ENSG00000229257	58	50	94
ENSG00000229261	72	51	85
ENSG00000229262	38	13	42
ENSG00000229263	34	25	54
ENSG00000229269	187	138	271
ENSG00000229271	82	43	103
ENSG00000229275	3	2	4
ENSG00000229282	18	11	18
ENSG00000229283	15	10	27
ENSG00000229289	9	3	20
ENSG00000229297	19	21	23
ENSG00000229306	49	34	64
ENSG00000229308	78	56	102
ENSG00000229309	139	100	165
ENSG00000229311	0	2	0
ENSG00000229312	72	55	103
ENSG00000229313	106	91	171
ENSG00000229321	1356	928	1758
ENSG00000229337	315	252	509
ENSG00000229345	15	11	23
ENSG00000229370	502	330	696
ENSG00000229379	4	7	10
ENSG00000229382	19	15	16
ENSG00000229393	12	5	10
ENSG00000229395	27	41	65
ENSG00000229402	2	4	9
ENSG00000229407	9	8	12
ENSG00000229418	57	30	68
ENSG00000229422	12	17	16
ENSG00000229424	21	17	34
ENSG00000229425	888	618	1196
ENSG00000229454	12	5	6
ENSG00000229458	18	5	16
ENSG00000229459	91	60	101
ENSG00000229491	398	221	426
ENSG00000229494	114	56	141
ENSG00000229495	21	9	19
ENSG00000229498	123	79	119
ENSG00000229502	23	6	22
ENSG00000229528	82	59	100
ENSG00000229533	22	18	45
ENSG00000229550	20	7	10
ENSG00000229588	905	788	1389
ENSG00000229591	50	41	69
ENSG00000229600	7	4	6
ENSG00000229603	116	106	186
ENSG00000229607	32	17	36
ENSG00000229618	4742	3348	7401
ENSG00000229625	328	190	268
ENSG00000229628	21	11	14
ENSG00000229642	517	311	702
ENSG00000229646	13	4	7
ENSG00000229660	2	3	3
ENSG00000229672	21	28	57
ENSG00000229673	10	4	7
ENSG00000229679	10	7	6
ENSG00000229699	46	30	58
ENSG00000229717	52	35	66
ENSG00000229720	23	15	41
ENSG00000229727	281	165	309
ENSG00000229732	8	7	14
ENSG00000229740	38	21	33
ENSG00000229750	13	10	22
ENSG00000229755	2	1	0
ENSG00000229770	36	21	25
ENSG00000229774	156	100	247
ENSG00000229779	0	1	3
ENSG00000229791	2	1	8
ENSG00000229797	20	22	34
ENSG00000229821	6	0	3
ENSG00000229839	454	329	556
ENSG00000229846	697	452	907
ENSG00000229848	195	120	236
ENSG00000229854	8	6	11
ENSG00000229855	1258	913	1499
ENSG00000229881	46	30	55
ENSG00000229882	11	6	13
ENSG00000229896	28	16	44
ENSG00000229913	9	9	9
ENSG00000229915	17	14	31
ENSG00000229923	0	1	5
ENSG00000229925	68	48	75
ENSG00000229943	11	4	12
ENSG00000229957	8	4	14
ENSG00000229960	89	66	109
ENSG00000229962	26	14	22
ENSG00000229964	88	43	103
ENSG00000229969	9	11	10
ENSG00000229970	126	86	220
ENSG00000229971	0	0	2
ENSG00000229976	198	120	243
ENSG00000229983	168	99	182
ENSG00000229986	14	12	20
ENSG00000229990	14	11	20
ENSG00000229996	9	2	6
ENSG00000230000	2	0	0
ENSG00000230010	219	133	262
ENSG00000230015	27	16	31
ENSG00000230027	69	43	86
ENSG00000230030	62	29	136
ENSG00000230033	2	3	10
ENSG00000230051	94	81	130
ENSG00000230065	25	17	38
ENSG00000230074	493	338	562
ENSG00000230096	29	23	31
ENSG00000230105	118	73	140
ENSG00000230107	69	39	79
ENSG00000230113	6	3	6
ENSG00000230120	1	0	0
ENSG00000230121	6	12	19
ENSG00000230149	4	3	5
ENSG00000230159	0	0	3
ENSG00000230163	8	6	8
ENSG00000230172	4	5	5
ENSG00000230186	149	105	225
ENSG00000230197	57	19	37
ENSG00000230205	9	6	17
ENSG00000230226	3	6	14
ENSG00000230233	90	74	147
ENSG00000230234	9	10	22
ENSG00000230248	0	1	5
ENSG00000230258	341	255	418
ENSG00000230260	40	22	49
ENSG00000230285	5	3	9
ENSG00000230286	135	106	177
ENSG00000230289	44	19	41
ENSG00000230298	10	7	6
ENSG00000230303	117	112	197
ENSG00000230309	118	101	324
ENSG00000230325	402	259	551
ENSG00000230333	1965	1391	2600
ENSG00000230352	15	8	16
ENSG00000230365	5	0	6
ENSG00000230379	341	233	463
ENSG00000230393	7	6	15
ENSG00000230404	13	9	23
ENSG00000230423	125	60	137
ENSG00000230432	21	7	25
ENSG00000230433	5	2	5
ENSG00000230440	5	5	5
ENSG00000230472	112	78	170
ENSG00000230483	33	23	43
ENSG00000230490	5951	3830	10943
ENSG00000230492	109	53	124
ENSG00000230498	115	65	150
ENSG00000230499	37	15	32
ENSG00000230516	5	10	7
ENSG00000230526	0	1	2
ENSG00000230532	127	118	224
ENSG00000230534	4	2	3
ENSG00000230536	40	29	39
ENSG00000230552	535	342	601
ENSG00000230569	6	6	14
ENSG00000230575	4	4	2
ENSG00000230597	2	1	0
ENSG00000230599	10	4	10
ENSG00000230600	4	2	8
ENSG00000230615	513	284	544
ENSG00000230623	695	502	912
ENSG00000230627	4	8	8
ENSG00000230628	65	62	110
ENSG00000230631	3	1	5
ENSG00000230648	161	89	190
ENSG00000230649	213	118	238
ENSG00000230668	26	12	31
ENSG00000230676	135	121	199
ENSG00000230684	9	5	10
ENSG00000230686	5	10	13
ENSG00000230687	10	8	10
ENSG00000230690	28	18	32
ENSG00000230694	2	7	13
ENSG00000230698	23	12	41
ENSG00000230714	3	4	4
ENSG00000230725	35	17	53
ENSG00000230728	11	7	19
ENSG00000230730	187	143	271
ENSG00000230733	25	11	15
ENSG00000230735	30	22	41
ENSG00000230736	25	14	39
ENSG00000230737	3	2	3
ENSG00000230741	7	1	10
ENSG00000230746	239	164	305
ENSG00000230747	25	28	59
ENSG00000230759	34	14	35
ENSG00000230773	1587	1099	2033
ENSG00000230782	360	274	544
ENSG00000230790	27	10	27
ENSG00000230803	20	18	38
ENSG00000230805	54	78	61
ENSG00000230826	71	47	113
ENSG00000230831	5	3	7
ENSG00000230834	10	4	15
ENSG00000230843	6	3	10
ENSG00000230848	87	52	93
ENSG00000230864	238	154	264
ENSG00000230881	2	0	0
ENSG00000230894	63	48	100
ENSG00000230908	24	19	24
ENSG00000230912	9	6	18
ENSG00000230920	19	9	24
ENSG00000230928	37	21	44
ENSG00000230941	4	8	16
ENSG00000230944	3	1	4
ENSG00000230960	267	225	333
ENSG00000230967	0	0	3
ENSG00000230968	3	0	4
ENSG00000230972	168	118	268
ENSG00000230975	582	420	743
ENSG00000230991	32	34	62
ENSG00000231010	23	11	26
ENSG00000231015	1	2	7
ENSG00000231024	63	32	71
ENSG00000231039	76	56	128
ENSG00000231052	0	4	0
ENSG00000231054	18	9	9
ENSG00000231062	4	6	12
ENSG00000231073	26	11	24
ENSG00000231078	5	0	14
ENSG00000231080	7	1	10
ENSG00000231081	9	9	24
ENSG00000231083	67	45	83
ENSG00000231092	20	14	29
ENSG00000231098	7	3	14
ENSG00000231104	107	70	139
ENSG00000231110	4	0	4
ENSG00000231114	14	12	28
ENSG00000231119	13	7	16
ENSG00000231128	172	102	173
ENSG00000231132	7	3	8
ENSG00000231143	77	49	114
ENSG00000231149	4	8	10
ENSG00000231156	12	0	3
ENSG00000231173	5	2	4
ENSG00000231178	127	109	170
ENSG00000231183	18	20	35
ENSG00000231189	21	8	21
ENSG00000231193	8	5	12
ENSG00000231201	78	35	103
ENSG00000231236	810	439	868
ENSG00000231243	2	1	5
ENSG00000231252	2681	1639	3177
ENSG00000231255	8	5	4
ENSG00000231266	6	4	16
ENSG00000231291	25	30	44
ENSG00000231295	6	10	16
ENSG00000231297	87	54	83
ENSG00000231324	56	28	35
ENSG00000231329	77	40	78
ENSG00000231336	4	3	7
ENSG00000231355	3	6	2
ENSG00000231358	58	32	79
ENSG00000231393	7	3	4
ENSG00000231394	5	1	8
ENSG00000231403	14	9	14
ENSG00000231405	39	35	48
ENSG00000231413	18	5	15
ENSG00000231418	18	13	20
ENSG00000231421	11	10	13
ENSG00000231460	64	38	89
ENSG00000231476	3	0	6
ENSG00000231477	2	2	4
ENSG00000231482	1084	688	1289
ENSG00000231487	3	1	10
ENSG00000231492	31	26	28
ENSG00000231495	8	7	11
ENSG00000231505	61	27	77
ENSG00000231509	7	5	18
ENSG00000231519	23	20	23
ENSG00000231521	41	18	35
ENSG00000231530	5	5	11
ENSG00000231533	522	406	732
ENSG00000231539	36	37	65
ENSG00000231557	928	669	973
ENSG00000231563	528	420	701
ENSG00000231589	29	32	52
ENSG00000231597	1	0	3
ENSG00000231601	3	0	9
ENSG00000231604	3	3	6
ENSG00000231606	460	307	608
ENSG00000231616	64	48	74
ENSG00000231620	4	0	1
ENSG00000231626	2	1	2
ENSG00000231630	0	0	5
ENSG00000231662	136	100	197
ENSG00000231678	3	3	5
ENSG00000231681	181	105	252
ENSG00000231691	15	11	22
ENSG00000231698	316	186	401
ENSG00000231704	63	29	69
ENSG00000231705	35	25	49
ENSG00000231713	12	14	22
ENSG00000231714	5	1	4
ENSG00000231720	5	10	7
ENSG00000231724	174	87	195
ENSG00000231731	414	308	582
ENSG00000231740	100	81	154
ENSG00000231748	9	6	10
ENSG00000231754	11	8	14
ENSG00000231756	18	9	25
ENSG00000231760	12	7	9
ENSG00000231769	126	144	137
ENSG00000231772	1094	728	1480
ENSG00000231781	57	31	68
ENSG00000231791	8	8	11
ENSG00000231794	74	49	90
ENSG00000231815	109	79	124
ENSG00000231829	59	29	82
ENSG00000231830	4	6	5
ENSG00000231856	89	81	124
ENSG00000231863	271	212	499
ENSG00000231864	28	17	41
ENSG00000231868	18	8	18
ENSG00000231873	469	314	590
ENSG00000231876	74	47	114
ENSG00000231877	130	83	182
ENSG00000231881	203	129	286
ENSG00000231892	18	15	20
ENSG00000231901	140	100	196
ENSG00000231902	128	97	206
ENSG00000231903	15	10	9
ENSG00000231912	170	107	229
ENSG00000231927	6	1	4
ENSG00000231949	16	10	13
ENSG00000231951	13	8	14
ENSG00000231953	0	1	1
ENSG00000231955	24	17	33
ENSG00000231964	37	26	56
ENSG00000231970	140	91	173
ENSG00000231977	66	34	77
ENSG00000231979	5	5	3
ENSG00000231985	8	9	9
ENSG00000231990	117	65	142
ENSG00000232006	715	402	889
ENSG00000232019	10	13	13
ENSG00000232035	1	2	5
ENSG00000232043	48	32	57
ENSG00000232053	1116	697	1335
ENSG00000232058	221	126	277
ENSG00000232063	298	279	585
ENSG00000232072	672	686	772
ENSG00000232085	12	11	17
ENSG00000232120	90	57	111
ENSG00000232121	7	5	18
ENSG00000232124	11	7	9
ENSG00000232130	58	49	82
ENSG00000232140	25	20	27
ENSG00000232153	350	236	439
ENSG00000232183	1	1	1
ENSG00000232188	7	5	7
ENSG00000232193	45	21	36
ENSG00000232194	5	5	6
ENSG00000232197	16	6	10
ENSG00000232200	45	30	59
ENSG00000232211	296	218	425
ENSG00000232227	2	3	3
ENSG00000232234	177	113	227
ENSG00000232245	22	13	43
ENSG00000232252	302	176	346
ENSG00000232271	264	231	430
ENSG00000232286	14	4	8
ENSG00000232290	12	8	15
ENSG00000232294	99	63	172
ENSG00000232295	397	321	575
ENSG00000232299	25	16	45
ENSG00000232306	22	10	19
ENSG00000232325	91	53	126
ENSG00000232328	123	96	205
ENSG00000232347	339	269	443
ENSG00000232353	16	22	34
ENSG00000232358	28	18	49
ENSG00000232359	89	42	87
ENSG00000232360	10	7	23
ENSG00000232363	98	47	89
ENSG00000232386	4	4	10
ENSG00000232394	4	3	2
ENSG00000232408	14	12	19
ENSG00000232413	291	137	313
ENSG00000232436	15	15	25
ENSG00000232444	12	6	16
ENSG00000232451	767	619	971
ENSG00000232464	30	38	56
ENSG00000232465	69	23	61
ENSG00000232470	86	39	89
ENSG00000232494	69	37	90
ENSG00000232500	6	2	9
ENSG00000232512	24	20	30
ENSG00000232519	6	8	12
ENSG00000232524	5	7	13
ENSG00000232529	3	3	2
ENSG00000232537	492	331	653
ENSG00000232555	1067	747	1439
ENSG00000232557	8	8	8
ENSG00000232581	38	30	61
ENSG00000232590	34	20	52
ENSG00000232597	2	4	3
ENSG00000232598	12	3	17
ENSG00000232604	7	9	10
ENSG00000232611	1109	913	1598
ENSG00000232628	15	20	26
ENSG00000232640	2	1	5
ENSG00000232642	24	17	37
ENSG00000232667	260	165	314
ENSG00000232680	32	35	45
ENSG00000232682	30	25	45
ENSG00000232692	83	52	123
ENSG00000232710	21	16	27
ENSG00000232719	5	4	8
ENSG00000232721	8	2	18
ENSG00000232732	240	185	336
ENSG00000232738	6	3	9
ENSG00000232748	25	20	38
ENSG00000232749	6	10	10
ENSG00000232754	57	42	56
ENSG00000232762	15	6	23
ENSG00000232806	20	6	17
ENSG00000232807	56	53	74
ENSG00000232811	28	22	35
ENSG00000232821	35	19	41
ENSG00000232828	841	587	1081
ENSG00000232835	21	13	28
ENSG00000232876	27	15	45
ENSG00000232884	287	215	406
ENSG00000232886	50	30	63
ENSG00000232895	148	87	243
ENSG00000232896	22	16	36
ENSG00000232900	122	67	139
ENSG00000232909	7	10	21
ENSG00000232930	257	167	356
ENSG00000232934	164	105	200
ENSG00000232969	18	10	17
ENSG00000232971	0	0	1
ENSG00000232978	9	14	17
ENSG00000232985	0	2	3
ENSG00000232986	5	6	14
ENSG00000232993	54	33	65
ENSG00000233005	1484	1059	1855
ENSG00000233017	73	47	79
ENSG00000233060	77	64	120
ENSG00000233064	103	58	130
ENSG00000233068	178	142	245
ENSG00000233069	3	2	7
ENSG00000233078	1	2	2
ENSG00000233081	6	7	5
ENSG00000233082	5	1	6
ENSG00000233085	10	7	16
ENSG00000233096	4	5	4
ENSG00000233103	10	11	27
ENSG00000233138	16	13	14
ENSG00000233144	8	5	9
ENSG00000233145	0	0	1
ENSG00000233178	54	26	78
ENSG00000233179	0	0	6
ENSG00000233183	118	60	147
ENSG00000233191	23	26	27
ENSG00000233193	3	1	3
ENSG00000233214	12	4	6
ENSG00000233219	20	22	19
ENSG00000233222	7	4	4
ENSG00000233230	144	88	162
ENSG00000233234	6	0	0
ENSG00000233242	33	16	27
ENSG00000233251	292	164	424
ENSG00000233256	16	15	23
ENSG00000233258	7	2	7
ENSG00000233271	44	22	52
ENSG00000233288	24	13	31
ENSG00000233290	2037	1410	2681
ENSG00000233330	9	12	17
ENSG00000233332	13	13	19
ENSG00000233339	12	7	19
ENSG00000233340	23	26	23
ENSG00000233342	31	19	53
ENSG00000233358	1889	1060	2188
ENSG00000233363	14	11	15
ENSG00000233365	55	38	73
ENSG00000233372	4	4	4
ENSG00000233393	13	27	34
ENSG00000233397	12	6	4
ENSG00000233403	65	44	81
ENSG00000233407	73	44	89
ENSG00000233408	0	2	2
ENSG00000233415	38	27	48
ENSG00000233417	212	131	282
ENSG00000233420	1191	766	1608
ENSG00000233423	35	32	54
ENSG00000233424	2	5	7
ENSG00000233427	27	25	32
ENSG00000233470	76	48	101
ENSG00000233472	140	83	148
ENSG00000233478	65	53	77
ENSG00000233479	11	1	3
ENSG00000233502	2	3	7
ENSG00000233516	29	20	55
ENSG00000233519	6	1	3
ENSG00000233535	46	23	66
ENSG00000233538	3	0	4
ENSG00000233539	264	240	401
ENSG00000233542	39	15	32
ENSG00000233547	125	85	191
ENSG00000233553	37	38	69
ENSG00000233569	53	29	92
ENSG00000233571	495	304	647
ENSG00000233574	20	13	31
ENSG00000233577	9	10	15
ENSG00000233616	8	5	14
ENSG00000233625	7	8	8
ENSG00000233633	74	52	100
ENSG00000233635	550	459	668
ENSG00000233645	17	11	14
ENSG00000233651	3	0	0
ENSG00000233665	201	171	246
ENSG00000233689	88	47	134
ENSG00000233706	6	4	6
ENSG00000233714	26	12	23
ENSG00000233721	18	12	19
ENSG00000233728	5	9	5
ENSG00000233735	7	8	6
ENSG00000233739	88	114	148
ENSG00000233754	11	8	7
ENSG00000233755	244	174	298
ENSG00000233775	5	8	14
ENSG00000233783	137	85	151
ENSG00000233817	66	22	46
ENSG00000233823	3	0	0
ENSG00000233824	16	10	17
ENSG00000233835	16	6	18
ENSG00000233842	144	86	191
ENSG00000233845	22	10	16
ENSG00000233848	146	104	176
ENSG00000233849	45	22	52
ENSG00000233862	334	219	443
ENSG00000233866	0	0	0
ENSG00000233875	6	5	12
ENSG00000233884	11	9	15
ENSG00000233912	208	180	309
ENSG00000233919	12	9	13
ENSG00000233920	58	35	78
ENSG00000233928	2367	1790	2845
ENSG00000233936	21	16	32
ENSG00000233941	3	1	2
ENSG00000233942	9	11	8
ENSG00000233953	15	10	34
ENSG00000233960	49	29	79
ENSG00000233967	612	363	838
ENSG00000233969	57	33	78
ENSG00000233970	14	7	6
ENSG00000233977	12	2	2
ENSG00000233981	5	0	4
ENSG00000233987	27	18	31
ENSG00000234019	18	8	20
ENSG00000234021	76	40	90
ENSG00000234022	22	26	58
ENSG00000234026	71	50	102
ENSG00000234034	89	68	130
ENSG00000234050	11	0	12
ENSG00000234055	6	2	11
ENSG00000234083	46	29	58
ENSG00000234084	17	14	16
ENSG00000234089	20	8	40
ENSG00000234105	8	16	18
ENSG00000234116	4	2	0
ENSG00000234117	7	3	9
ENSG00000234132	69	33	75
ENSG00000234136	0	3	4
ENSG00000234139	246	150	305
ENSG00000234141	14	2	6
ENSG00000234147	1154	783	1516
ENSG00000234149	107	86	133
ENSG00000234156	797	486	965
ENSG00000234160	47	31	49
ENSG00000234162	401	267	491
ENSG00000234172	136	102	175
ENSG00000234173	489	367	714
ENSG00000234174	10	4	10
ENSG00000234182	14	6	10
ENSG00000234185	302	203	392
ENSG00000234190	32	13	44
ENSG00000234203	55	26	61
ENSG00000234206	9	3	9
ENSG00000234210	126	63	188
ENSG00000234211	12	6	12
ENSG00000234223	379	228	463
ENSG00000234225	0	0	3
ENSG00000234238	137	98	172
ENSG00000234244	81	58	98
ENSG00000234255	94	67	129
ENSG00000234261	2390	1739	3169
ENSG00000234273	179	142	213
ENSG00000234275	323	198	351
ENSG00000234286	5	6	13
ENSG00000234296	6	3	3
ENSG00000234306	8	2	4
ENSG00000234318	20	13	23
ENSG00000234352	1554	1065	1959
ENSG00000234361	3	3	9
ENSG00000234378	317	242	425
ENSG00000234393	33	22	62
ENSG00000234396	186	106	196
ENSG00000234405	139	107	219
ENSG00000234418	361	248	586
ENSG00000234426	644	458	881
ENSG00000234427	5	3	5
ENSG00000234428	117	87	146
ENSG00000234446	143	71	158
ENSG00000234455	50	44	77
ENSG00000234459	14	9	22
ENSG00000234464	648	449	902
ENSG00000234471	46	42	86
ENSG00000234477	426	298	719
ENSG00000234481	23	13	27
ENSG00000234484	7	7	7
ENSG00000234519	4	7	5
ENSG00000234535	0	2	3
ENSG00000234540	37	32	46
ENSG00000234542	62	21	67
ENSG00000234578	7	0	4
ENSG00000234579	6	6	20
ENSG00000234580	27	16	36
ENSG00000234584	170	117	238
ENSG00000234597	92	70	145
ENSG00000234613	7	5	7
ENSG00000234630	6	5	5
ENSG00000234638	8	6	5
ENSG00000234640	20	16	36
ENSG00000234646	12	6	21
ENSG00000234647	67	46	93
ENSG00000234675	5	9	12
ENSG00000234686	22	16	36
ENSG00000234692	5	3	4
ENSG00000234698	26	27	47
ENSG00000234699	59	49	90
ENSG00000234710	442	312	542
ENSG00000234712	6	3	7
ENSG00000234714	37	28	71
ENSG00000234730	131	64	146
ENSG00000234763	146	75	157
ENSG00000234768	30	28	46
ENSG00000234791	0	3	2
ENSG00000234793	10	2	5
ENSG00000234796	28	12	35
ENSG00000234810	2603	1856	3469
ENSG00000234818	55	29	79
ENSG00000234826	29	17	62
ENSG00000234848	33	18	39
ENSG00000234859	145	95	219
ENSG00000234860	168	93	189
ENSG00000234862	4	0	20
ENSG00000234877	7	7	6
ENSG00000234891	4	2	4
ENSG00000234892	39	15	39
ENSG00000234900	34	23	45
ENSG00000234902	208	160	286
ENSG00000234915	257	213	366
ENSG00000234917	32	25	45
ENSG00000234918	0	0	2
ENSG00000234921	3	4	6
ENSG00000234929	232	127	249
ENSG00000234936	87	56	101
ENSG00000234938	83	40	90
ENSG00000234940	2	0	5
ENSG00000234943	10	6	6
ENSG00000234953	132	120	190
ENSG00000234961	63	34	74
ENSG00000234967	12	9	19
ENSG00000234977	3	2	5
ENSG00000234979	18	2	17
ENSG00000234998	131	97	163
ENSG00000235005	19	7	29
ENSG00000235007	413	424	534
ENSG00000235011	0	2	0
ENSG00000235021	18	27	16
ENSG00000235023	30	33	32
ENSG00000235038	82	54	81
ENSG00000235047	18	11	25
ENSG00000235052	6	7	16
ENSG00000235056	101	88	152
ENSG00000235059	7	5	9
ENSG00000235066	252	153	353
ENSG00000235070	52	34	78
ENSG00000235077	138	107	195
ENSG00000235078	73	58	101
ENSG00000235085	84	55	86
ENSG00000235091	91	62	136
ENSG00000235096	44	31	53
ENSG00000235099	90	54	134
ENSG00000235100	395	328	563
ENSG00000235119	104	56	130
ENSG00000235122	439	261	476
ENSG00000235126	45	27	57
ENSG00000235138	20	19	32
ENSG00000235140	399	250	554
ENSG00000235143	27	13	18
ENSG00000235146	11	8	20
ENSG00000235151	7	1	5
ENSG00000235152	108	74	123
ENSG00000235154	30	11	43
ENSG00000235158	76	56	112
ENSG00000235168	4	5	12
ENSG00000235189	995	700	1340
ENSG00000235192	65	52	78
ENSG00000235198	52	26	55
ENSG00000235204	26	8	28
ENSG00000235209	36	20	40
ENSG00000235215	136	92	169
ENSG00000235236	24	13	21
ENSG00000235242	10	6	21
ENSG00000235263	5	3	4
ENSG00000235277	62	35	56
ENSG00000235281	426	266	520
ENSG00000235288	181	139	251
ENSG00000235292	251	184	340
ENSG00000235293	3	1	4
ENSG00000235296	52	73	74
ENSG00000235303	189	126	168
ENSG00000235321	5	3	6
ENSG00000235356	119	84	187
ENSG00000235381	94	87	182
ENSG00000235399	5	7	7
ENSG00000235403	21	13	27
ENSG00000235415	214	166	269
ENSG00000235419	261	178	280
ENSG00000235426	249	138	267
ENSG00000235427	50	20	61
ENSG00000235431	300	224	455
ENSG00000235435	109	71	149
ENSG00000235450	1285	896	1523
ENSG00000235461	45	35	65
ENSG00000235464	38	15	41
ENSG00000235480	74	47	94
ENSG00000235494	31	19	30
ENSG00000235495	347	305	504
ENSG00000235503	21	20	37
ENSG00000235523	2	3	4
ENSG00000235526	7	3	5
ENSG00000235533	34	30	47
ENSG00000235537	72	57	113
ENSG00000235538	528	347	590
ENSG00000235563	24	18	16
ENSG00000235564	21	18	39
ENSG00000235572	21	11	37
ENSG00000235575	108	67	108
ENSG00000235578	0	0	0
ENSG00000235584	23	16	27
ENSG00000235609	418	299	541
ENSG00000235610	5	4	13
ENSG00000235612	39	27	34
ENSG00000235615	53	32	51
ENSG00000235620	0	1	5
ENSG00000235625	10	8	10
ENSG00000235637	8	8	7
ENSG00000235659	0	3	0
ENSG00000235726	717	494	1074
ENSG00000235728	8	1	8
ENSG00000235743	135	85	171
ENSG00000235749	612	415	790
ENSG00000235772	2	4	19
ENSG00000235774	101	77	141
ENSG00000235779	76	40	87
ENSG00000235795	6	1	6
ENSG00000235806	48	27	66
ENSG00000235815	31	18	44
ENSG00000235819	288	230	352
ENSG00000235820	14	1	8
ENSG00000235837	78	46	95
ENSG00000235840	71	48	88
ENSG00000235852	44	20	53
ENSG00000235858	0	1	4
ENSG00000235862	14	10	14
ENSG00000235872	38	35	59
ENSG00000235880	22	11	23
ENSG00000235881	10	12	26
ENSG00000235886	6	0	9
ENSG00000235902	15	19	26
ENSG00000235911	27	22	31
ENSG00000235939	173	124	306
ENSG00000235965	2	0	0
ENSG00000235972	3	2	3
ENSG00000235978	1029	742	1404
ENSG00000235979	1783	1167	2259
ENSG00000235994	21	17	28
ENSG00000235996	12	3	17
ENSG00000236003	8	9	13
ENSG00000236009	2	3	2
ENSG00000236022	6	1	4
ENSG00000236031	11	3	15
ENSG00000236046	5	4	4
ENSG00000236064	309	200	426
ENSG00000236069	45	46	57
ENSG00000236098	39	26	61
ENSG00000236102	3	2	1
ENSG00000236106	18	13	16
ENSG00000236109	94	81	118
ENSG00000236115	12	10	10
ENSG00000236116	4	0	6
ENSG00000236119	21	26	39
ENSG00000236129	6	5	9
ENSG00000236140	9	7	3
ENSG00000236141	20	20	29
ENSG00000236145	8	7	14
ENSG00000236151	3	2	5
ENSG00000236154	16	5	22
ENSG00000236162	10	6	22
ENSG00000236164	3	5	13
ENSG00000236173	3	4	6
ENSG00000236206	128	82	169
ENSG00000236209	49	57	116
ENSG00000236212	272	169	325
ENSG00000236226	4	3	3
ENSG00000236230	1447	939	1738
ENSG00000236231	64	36	72
ENSG00000236234	45	19	52
ENSG00000236255	146	117	153
ENSG00000236263	7	6	16
ENSG00000236266	83	122	104
ENSG00000236283	1574	1045	2006
ENSG00000236295	8	6	10
ENSG00000236299	31	13	35
ENSG00000236308	12	5	22
ENSG00000236326	8	3	6
ENSG00000236332	164	104	208
ENSG00000236335	3	1	7
ENSG00000236341	62	46	84
ENSG00000236347	65	51	97
ENSG00000236356	186	121	184
ENSG00000236358	52	53	95
ENSG00000236364	63	43	86
ENSG00000236366	343	238	420
ENSG00000236372	12	11	23
ENSG00000236376	14	11	18
ENSG00000236378	6	4	5
ENSG00000236385	26	19	34
ENSG00000236387	41	16	43
ENSG00000236389	4	2	5
ENSG00000236390	5	3	14
ENSG00000236394	10	6	17
ENSG00000236403	30	13	39
ENSG00000236414	17	12	17
ENSG00000236434	12	4	12
ENSG00000236449	1219	835	1698
ENSG00000236451	1280	867	1886
ENSG00000236453	237	147	313
ENSG00000236461	81	47	101
ENSG00000236469	217	152	312
ENSG00000236472	95	54	108
ENSG00000236494	54	23	54
ENSG00000236495	43	21	51
ENSG00000236498	62	50	87
ENSG00000236501	906	446	918
ENSG00000236507	43	28	64
ENSG00000236513	10	12	16
ENSG00000236528	28	16	39
ENSG00000236531	64	38	82
ENSG00000236536	162	133	300
ENSG00000236543	57	32	64
ENSG00000236545	8	3	7
ENSG00000236556	4	2	3
ENSG00000236572	4	3	9
ENSG00000236601	91	69	162
ENSG00000236605	3	2	1
ENSG00000236627	75	46	112
ENSG00000236634	13	9	16
ENSG00000236641	4	0	9
ENSG00000236643	45	28	54
ENSG00000236656	88	50	143
ENSG00000236665	10	8	18
ENSG00000236673	90	51	112
ENSG00000236676	185	145	258
ENSG00000236687	20	9	26
ENSG00000236723	150	104	214
ENSG00000236724	12	7	14
ENSG00000236733	111	81	140
ENSG00000236754	33	24	42
ENSG00000236760	137	105	241
ENSG00000236772	30	16	24
ENSG00000236800	69	52	104
ENSG00000236817	274	169	307
ENSG00000236833	14	13	23
ENSG00000236837	20	8	23
ENSG00000236838	4	4	13
ENSG00000236841	38	26	31
ENSG00000236842	4	5	22
ENSG00000236846	3	2	3
ENSG00000236856	90	64	118
ENSG00000236858	28	15	30
ENSG00000236864	58	37	73
ENSG00000236874	3	4	3
ENSG00000236883	0	6	6
ENSG00000236885	228	156	276
ENSG00000236889	5	0	4
ENSG00000236892	60	42	69
ENSG00000236896	8	3	5
ENSG00000236897	5	6	6
ENSG00000236920	10	8	12
ENSG00000236921	51	19	52
ENSG00000236924	300	262	520
ENSG00000236935	92	72	131
ENSG00000236936	10	3	8
ENSG00000236938	32	26	33
ENSG00000236948	311	207	382
ENSG00000236951	11	3	10
ENSG00000236961	102	81	130
ENSG00000236968	11	8	8
ENSG00000236985	14	5	10
ENSG00000236986	167	137	256
ENSG00000236989	112	67	176
ENSG00000236990	175	109	220
ENSG00000237002	5	4	7
ENSG00000237011	13	11	15
ENSG00000237015	36	32	41
ENSG00000237019	214	130	249
ENSG00000237031	278	179	341
ENSG00000237035	11	6	19
ENSG00000237062	5	1	0
ENSG00000237063	12	7	6
ENSG00000237076	133	95	198
ENSG00000237087	5	9	9
ENSG00000237101	100	81	102
ENSG00000237126	138	93	167
ENSG00000237153	726	478	882
ENSG00000237167	110	71	154
ENSG00000237188	1290	959	1615
ENSG00000237208	6	6	13
ENSG00000237220	17	4	19
ENSG00000237224	41	23	37
ENSG00000237234	107	55	103
ENSG00000237250	283	223	468
ENSG00000237262	0	0	2
ENSG00000237271	52	28	59
ENSG00000237283	68	41	83
ENSG00000237293	45	27	90
ENSG00000237301	139	132	222
ENSG00000237311	188	86	217
ENSG00000237312	372	234	450
ENSG00000237316	18	10	19
ENSG00000237320	5	1	11
ENSG00000237324	96	51	104
ENSG00000237326	59	37	65
ENSG00000237342	5	2	4
ENSG00000237343	11	0	10
ENSG00000237346	15	10	12
ENSG00000237356	9706	6344	13490
ENSG00000237370	3	0	3
ENSG00000237377	8	8	11
ENSG00000237385	3	0	3
ENSG00000237387	6	1	5
ENSG00000237390	29	23	39
ENSG00000237400	113	65	161
ENSG00000237414	5	1	7
ENSG00000237419	6	4	6
ENSG00000237422	123	113	185
ENSG00000237429	86	43	112
ENSG00000237445	3	3	4
ENSG00000237453	11	4	11
ENSG00000237461	0	2	0
ENSG00000237464	4	5	7
ENSG00000237473	560	329	670
ENSG00000237477	38	24	50
ENSG00000237479	6	5	2
ENSG00000237480	555	353	671
ENSG00000237481	69	53	77
ENSG00000237498	166	133	212
ENSG00000237525	645	450	916
ENSG00000237527	422	265	614
ENSG00000237529	95	68	135
ENSG00000237530	26	22	27
ENSG00000237532	16	12	14
ENSG00000237568	32	22	57
ENSG00000237581	23	20	32
ENSG00000237588	31	17	61
ENSG00000237612	79	49	96
ENSG00000237614	16	11	16
ENSG00000237626	959	751	1163
ENSG00000237633	104	66	132
ENSG00000237640	127	82	141
ENSG00000237685	7	5	9
ENSG00000237689	6	0	4
ENSG00000237699	8	3	13
ENSG00000237707	6	5	6
ENSG00000237713	86	58	98
ENSG00000237716	8	5	8
ENSG00000237718	4	3	10
ENSG00000237720	647	393	801
ENSG00000237734	25	13	34
ENSG00000237735	183	124	276
ENSG00000237741	3	1	4
ENSG00000237756	5	3	3
ENSG00000237759	1	4	5
ENSG00000237760	107	54	109
ENSG00000237761	192	136	250
ENSG00000237768	93	70	126
ENSG00000237773	2266	1614	2824
ENSG00000237832	0	5	3
ENSG00000237843	132	94	172
ENSG00000237845	9	6	11
ENSG00000237851	25	26	25
ENSG00000237856	5	1	6
ENSG00000237874	29	19	28
ENSG00000237896	70	52	75
ENSG00000237899	135	91	160
ENSG00000237921	13	4	21
ENSG00000237934	2	1	4
ENSG00000237947	6	0	2
ENSG00000237954	99	54	118
ENSG00000237987	21	7	11
ENSG00000237993	10	7	11
ENSG00000238004	6	4	7
ENSG00000238009	61	41	66
ENSG00000238012	24	14	29
ENSG00000238019	6	4	7
ENSG00000238031	15	7	21
ENSG00000238034	64	37	98
ENSG00000238035	27	14	40
ENSG00000238043	159	125	223
ENSG00000238054	49	30	48
ENSG00000238102	6	5	11
ENSG00000238122	9	0	4
ENSG00000238124	0	0	0
ENSG00000238129	26	7	19
ENSG00000238140	8	6	4
ENSG00000238142	133	59	151
ENSG00000238156	26	14	28
ENSG00000238171	79	31	71
ENSG00000238176	24	19	33
ENSG00000238186	3	0	4
ENSG00000238192	1	0	5
ENSG00000238195	0	1	3
ENSG00000238207	173	81	219
ENSG00000238221	90	80	121
ENSG00000238232	3	2	0
ENSG00000238258	35	16	26
ENSG00000238260	62	57	75
ENSG00000238270	4	1	0
ENSG00000238272	137	127	196
ENSG00000238273	126	97	164
ENSG00000238277	28	16	36
ENSG00000238279	38	31	33
ENSG00000238280	429	342	518
ENSG00000238282	110	62	151
ENSG00000239300	184	136	230
ENSG00000239311	101	64	119
ENSG00000239381	706	487	899
ENSG00000239395	12	3	12
ENSG00000239407	427	233	548
ENSG00000239462	691	430	891
ENSG00000239480	51	34	50
ENSG00000239482	142	84	190
ENSG00000239498	2608	1070	1945
ENSG00000239572	474	291	595
ENSG00000239593	7	4	14
ENSG00000239628	23	23	46
ENSG00000239661	6	4	5
ENSG00000239674	0	0	6
ENSG00000239715	2	4	6
ENSG00000239739	5	3	14
ENSG00000239767	40	41	67
ENSG00000239791	90	63	173
ENSG00000239906	3	4	0
ENSG00000239920	1948	1158	2173
ENSG00000239922	667	775	866
ENSG00000239991	34	31	66
ENSG00000239994	8	8	43
ENSG00000240033	35	25	55
ENSG00000240040	298	157	357
ENSG00000240056	2	4	4
ENSG00000240086	1006	597	1230
ENSG00000240093	165	149	240
ENSG00000240095	9	7	7
ENSG00000240143	5	4	5
ENSG00000240240	61	29	100
ENSG00000240241	63	29	83
ENSG00000240354	20	7	11
ENSG00000240355	3	0	7
ENSG00000240401	635	517	752
ENSG00000240440	15	4	17
ENSG00000240478	88	61	111
ENSG00000240497	48	43	74
ENSG00000240499	495	341	690
ENSG00000240521	476	262	622
ENSG00000240553	581	426	795
ENSG00000240571	134	112	211
ENSG00000240573	8	11	15
ENSG00000240687	227	174	278
ENSG00000240710	57	44	73
ENSG00000240792	39	44	62
ENSG00000240842	11	8	18
ENSG00000240895	5	4	4
ENSG00000240915	2	3	3
ENSG00000240963	517	367	864
ENSG00000240980	15	22	56
ENSG00000241042	3	4	1
ENSG00000241048	159	112	173
ENSG00000241054	6	5	4
ENSG00000241059	3	1	3
ENSG00000241168	520	350	655
ENSG00000241169	13	13	24
ENSG00000241231	182	119	244
ENSG00000241269	0	1	0
ENSG00000241317	3	1	10
ENSG00000241324	64	54	61
ENSG00000241345	175	128	224
ENSG00000241357	44	24	61
ENSG00000241409	25	21	40
ENSG00000241449	154	110	231
ENSG00000241489	28	15	59
ENSG00000241490	61	36	96
ENSG00000241505	35	26	53
ENSG00000241525	74	35	82
ENSG00000241577	144	81	170
ENSG00000241593	157	109	230
ENSG00000241666	28	19	18
ENSG00000241667	2	5	4
ENSG00000241679	354	225	497
ENSG00000241690	0	0	0
ENSG00000241754	137	97	212
ENSG00000241770	73	56	74
ENSG00000241772	65	39	82
ENSG00000241792	71	35	79
ENSG00000241860	52	35	35
ENSG00000241881	8	4	7
ENSG00000241882	17	10	29
ENSG00000241884	40	19	35
ENSG00000241912	3	5	6
ENSG00000241921	136	67	169
ENSG00000241954	0	1	4
ENSG00000241962	2667	1731	3507
ENSG00000242009	309	242	431
ENSG00000242012	2	4	2
ENSG00000242021	350	226	540
ENSG00000242029	285	219	516
ENSG00000242072	85	52	96
ENSG00000242078	10	8	15
ENSG00000242136	16	9	18
ENSG00000242145	3	1	0
ENSG00000242190	4	7	5
ENSG00000242282	0	2	7
ENSG00000242317	43	22	55
ENSG00000242375	20	20	43
ENSG00000242391	2	0	1
ENSG00000242396	334	273	456
ENSG00000242407	0	0	3
ENSG00000242539	60	53	85
ENSG00000242540	86	76	195
ENSG00000242545	131	87	165
ENSG00000242553	182	101	210
ENSG00000242568	84	52	88
ENSG00000242578	41	26	55
ENSG00000242588	9952	7120	13238
ENSG00000242593	1410	919	1874
ENSG00000242611	13	10	17
ENSG00000242628	62	64	99
ENSG00000242659	20	12	29
ENSG00000242753	180	96	236
ENSG00000242775	3	5	8
ENSG00000242790	10	9	13
ENSG00000242798	105	110	198
ENSG00000242816	191	151	327
ENSG00000242828	173	196	296
ENSG00000242861	499	344	700
ENSG00000242880	1928	1245	2450
ENSG00000243008	295	144	407
ENSG00000243018	78	46	92
ENSG00000243062	74	39	98
ENSG00000243081	50	23	40
ENSG00000243089	91	68	115
ENSG00000243155	456	345	590
ENSG00000243176	2030	1307	2836
ENSG00000243230	31	21	26
ENSG00000243243	6	2	9
ENSG00000243276	2688	1769	3571
ENSG00000243296	17	8	21
ENSG00000243305	562	411	752
ENSG00000243345	10	4	3
ENSG00000243349	47	36	86
ENSG00000243384	18	9	27
ENSG00000243389	272	201	373
ENSG00000243415	139	90	177
ENSG00000243433	37	12	29
ENSG00000243486	276	123	249
ENSG00000243491	92	77	104
ENSG00000243501	156	116	222
ENSG00000243574	28	26	51
ENSG00000243613	29	18	30
ENSG00000243636	14	9	9
ENSG00000243655	3	1	4
ENSG00000243696	50	22	42
ENSG00000243733	1	1	2
ENSG00000243762	67	44	76
ENSG00000243797	1559	976	1927
ENSG00000243861	68	41	82
ENSG00000243885	9	4	7
ENSG00000243903	20	17	34
ENSG00000243944	724	478	864
ENSG00000243953	3	5	3
ENSG00000243960	98	64	108
ENSG00000243969	100	65	100
ENSG00000244055	672	444	793
ENSG00000244063	3	5	6
ENSG00000244125	38	27	61
ENSG00000244151	35	20	40
ENSG00000244268	45	37	78
ENSG00000244278	22	7	21
ENSG00000244310	21	13	27
ENSG00000244337	21	19	24
ENSG00000244345	206	143	249
ENSG00000244349	17	13	34
ENSG00000244358	55	29	80
ENSG00000244380	99	91	135
ENSG00000244459	52	37	60
ENSG00000244464	179	90	221
ENSG00000244545	7	2	3
ENSG00000244550	8	18	20
ENSG00000244650	227	142	295
ENSG00000244675	5	5	16
ENSG00000244676	113	88	222
ENSG00000244701	280	182	391
ENSG00000244706	310	189	370
ENSG00000244733	41	28	53
ENSG00000244757	375	200	483
ENSG00000244791	4	4	3
ENSG00000244953	19	11	29
ENSG00000245008	330	228	502
ENSG00000245156	33	31	49
ENSG00000245482	160	126	224
ENSG00000245667	5	2	10
ENSG00000245768	1702	1156	2221
ENSG00000245869	12	9	12
ENSG00000246090	4662	3344	5906
ENSG00000246225	710	582	869
ENSG00000246250	157	87	194
ENSG00000246308	129	109	171
ENSG00000246331	0	1	2
ENSG00000246465	41	29	66
ENSG00000247011	47	47	57
ENSG00000247033	19	12	21
ENSG00000247121	1254	926	1797
ENSG00000247130	26	26	39
ENSG00000247134	817	558	1443
ENSG00000247228	136	106	207
ENSG00000247311	199	128	249
ENSG00000247324	31	22	49
ENSG00000247372	79	47	115
ENSG00000247679	111	70	120
ENSG00000247765	45	38	44
ENSG00000247810	232	117	302
ENSG00000247925	1313	968	1739
ENSG00000247934	175	126	241
ENSG00000247970	399	264	570
ENSG00000248029	8	6	8
ENSG00000248100	35	27	25
ENSG00000248101	6	2	11
ENSG00000248103	52	33	81
ENSG00000248112	5	10	10
ENSG00000248125	47	44	78
ENSG00000248137	8	4	11
ENSG00000248145	98	57	146
ENSG00000248148	132	78	157
ENSG00000248165	186	96	235
ENSG00000248172	74	68	119
ENSG00000248176	225	150	268
ENSG00000248199	103	68	154
ENSG00000248203	35	24	50
ENSG00000248223	3	1	1
ENSG00000248235	28	25	61
ENSG00000248240	54	31	82
ENSG00000248242	1154	943	1573
ENSG00000248254	7	1	9
ENSG00000248261	10	9	24
ENSG00000248262	18	11	24
ENSG00000248285	55	39	62
ENSG00000248296	202	94	178
ENSG00000248317	88	54	121
ENSG00000248322	0	1	5
ENSG00000248346	39	21	40
ENSG00000248356	35	39	65
ENSG00000248358	0	2	4
ENSG00000248359	263	132	310
ENSG00000248363	33	22	32
ENSG00000248367	157	121	194
ENSG00000248369	42	15	47
ENSG00000248373	824	620	1164
ENSG00000248378	3	2	2
ENSG00000248393	0	0	4
ENSG00000248417	20	10	15
ENSG00000248428	129	103	151
ENSG00000248431	701	456	819
ENSG00000248434	66	42	75
ENSG00000248440	3	1	3
ENSG00000248458	51	27	59
ENSG00000248468	92	73	122
ENSG00000248469	24	15	37
ENSG00000248479	0	1	4
ENSG00000248482	33	26	46
ENSG00000248484	76	56	85
ENSG00000248490	57	27	78
ENSG00000248491	886	612	1079
ENSG00000248514	20	33	29
ENSG00000248516	60	31	57
ENSG00000248518	0	1	3
ENSG00000248525	12	14	24
ENSG00000248533	41	20	42
ENSG00000248540	219	140	256
ENSG00000248545	376	265	542
ENSG00000248551	188	117	242
ENSG00000248559	66	38	96
ENSG00000248567	5	1	8
ENSG00000248576	59	47	75
ENSG00000248588	52	31	73
ENSG00000248596	61	32	79
ENSG00000248597	13	14	17
ENSG00000248600	57	31	55
ENSG00000248601	471	336	562
ENSG00000248605	117	59	98
ENSG00000248607	4	3	14
ENSG00000248627	11	9	19
ENSG00000248629	4	4	6
ENSG00000248646	254	142	309
ENSG00000248647	235	147	305
ENSG00000248656	759	499	915
ENSG00000248664	367	270	427
ENSG00000248667	0	4	0
ENSG00000248694	3	4	8
ENSG00000248701	9	2	6
ENSG00000248709	42	37	55
ENSG00000248733	47	27	63
ENSG00000248734	33	19	57
ENSG00000248736	62	42	99
ENSG00000248744	82	66	99
ENSG00000248747	95	49	117
ENSG00000248749	27	27	31
ENSG00000248751	55	35	85
ENSG00000248752	3658	2725	4699
ENSG00000248758	51	34	60
ENSG00000248762	112	84	151
ENSG00000248774	79	60	144
ENSG00000248779	66	44	72
ENSG00000248783	74	48	140
ENSG00000248802	100	66	126
ENSG00000248813	6	3	3
ENSG00000248816	65	31	87
ENSG00000248837	844	402	751
ENSG00000248842	34	16	25
ENSG00000248870	8	1	12
ENSG00000248876	0	0	6
ENSG00000248912	29	22	47
ENSG00000248918	8	4	7
ENSG00000248927	59	43	55
ENSG00000248935	42	30	55
ENSG00000248936	14	11	20
ENSG00000248939	255	173	333
ENSG00000248949	39	40	62
ENSG00000248954	79	73	126
ENSG00000248962	0	1	4
ENSG00000248964	179	122	207
ENSG00000248965	21	6	18
ENSG00000248968	24	21	24
ENSG00000248973	1263	813	1659
ENSG00000248975	292	196	381
ENSG00000248984	11	2	13
ENSG00000248991	108	58	117
ENSG00000248993	70	41	73
ENSG00000248994	5414	3197	6347
ENSG00000249000	260	216	369
ENSG00000249016	5	3	1
ENSG00000249021	3	4	4
ENSG00000249022	232	166	274
ENSG00000249023	2	0	0
ENSG00000249036	326	218	408
ENSG00000249052	10	19	19
ENSG00000249061	643	431	916
ENSG00000249091	21	13	24
ENSG00000249094	30	48	66
ENSG00000249099	31	15	37
ENSG00000249100	16	8	10
ENSG00000249102	51	35	59
ENSG00000249109	9	5	16
ENSG00000249111	45	33	90
ENSG00000249125	40	32	83
ENSG00000249141	92	74	132
ENSG00000249150	32	20	31
ENSG00000249153	0	2	4
ENSG00000249169	57	35	60
ENSG00000249171	217	139	261
ENSG00000249174	365	210	479
ENSG00000249180	12	9	14
ENSG00000249184	104	75	132
ENSG00000249198	0	0	2
ENSG00000249199	26	21	34
ENSG00000249209	1380	940	1684
ENSG00000249225	133	95	181
ENSG00000249228	7	5	11
ENSG00000249234	14	5	12
ENSG00000249240	610	416	708
ENSG00000249258	205	157	343
ENSG00000249261	5	4	5
ENSG00000249269	57	36	80
ENSG00000249275	52	21	55
ENSG00000249276	36	12	30
ENSG00000249290	100	78	153
ENSG00000249295	107	53	129
ENSG00000249304	3	0	9
ENSG00000249309	39	13	43
ENSG00000249317	3	1	7
ENSG00000249318	13	7	12
ENSG00000249319	313	227	409
ENSG00000249328	476	294	632
ENSG00000249335	1428	801	1638
ENSG00000249349	2	4	6
ENSG00000249359	31	22	29
ENSG00000249392	178	117	265
ENSG00000249403	3	1	4
ENSG00000249404	3	6	7
ENSG00000249405	6	1	5
ENSG00000249409	39	35	57
ENSG00000249413	547	371	789
ENSG00000249417	400	265	521
ENSG00000249426	66	59	104
ENSG00000249429	185	136	250
ENSG00000249441	85	47	104
ENSG00000249451	33	26	41
ENSG00000249456	2645	1888	3293
ENSG00000249474	6	1	7
ENSG00000249476	672	525	1012
ENSG00000249478	25	26	54
ENSG00000249479	3	1	4
ENSG00000249483	22	17	32
ENSG00000249492	354	298	507
ENSG00000249513	5	5	11
ENSG00000249526	833	614	1209
ENSG00000249547	552	628	683
ENSG00000249568	20	9	35
ENSG00000249574	69	64	175
ENSG00000249588	41	25	40
ENSG00000249590	4	1	8
ENSG00000249602	63	43	74
ENSG00000249609	49	40	84
ENSG00000249631	1210	745	1616
ENSG00000249635	415	278	521
ENSG00000249638	6	0	1
ENSG00000249642	299	204	345
ENSG00000249658	2	3	3
ENSG00000249664	4	7	3
ENSG00000249675	483	278	516
ENSG00000249678	66	53	113
ENSG00000249685	109	60	133
ENSG00000249697	40	27	69
ENSG00000249708	17	9	22
ENSG00000249722	0	2	3
ENSG00000249725	60	40	94
ENSG00000249727	47	19	41
ENSG00000249737	20	8	15
ENSG00000249742	119	72	135
ENSG00000249743	3305	1750	6498
ENSG00000249746	6	6	5
ENSG00000249752	117	83	126
ENSG00000249753	387	244	516
ENSG00000249773	198	132	302
ENSG00000249776	940	639	1186
ENSG00000249782	139	142	174
ENSG00000249787	455	319	571
ENSG00000249791	2	0	4
ENSG00000249803	2190	1256	3506
ENSG00000249807	7	1	7
ENSG00000249818	119	63	136
ENSG00000249831	15	8	22
ENSG00000249837	271	187	346
ENSG00000249842	4	0	0
ENSG00000249847	4	3	4
ENSG00000249856	451	276	540
ENSG00000249857	0	1	0
ENSG00000249865	21	5	20
ENSG00000249868	86	55	83
ENSG00000249870	177	152	242
ENSG00000249875	91	65	158
ENSG00000249877	5	5	11
ENSG00000249881	871	578	1109
ENSG00000249883	227	165	316
ENSG00000249892	73	40	85
ENSG00000249926	0	1	5
ENSG00000249941	34	18	49
ENSG00000249942	112	83	139
ENSG00000249945	36	34	54
ENSG00000249951	142	101	187
ENSG00000249959	38	22	56
ENSG00000249966	2	0	4
ENSG00000249967	122	99	189
ENSG00000249971	21	12	23
ENSG00000249981	5	0	7
ENSG00000249982	3	5	1
ENSG00000249984	46	29	63
ENSG00000249988	431	229	485
ENSG00000249994	47	27	61
ENSG00000249998	363	283	490
ENSG00000250015	16	7	29
ENSG00000250024	20	10	35
ENSG00000250025	255	166	415
ENSG00000250032	37	12	27
ENSG00000250034	30	14	27
ENSG00000250038	122	116	225
ENSG00000250041	72	100	143
ENSG00000250043	131	75	212
ENSG00000250046	40	31	56
ENSG00000250049	1491	1047	1865
ENSG00000250057	212	97	229
ENSG00000250064	995	622	982
ENSG00000250066	22	17	29
ENSG00000250075	745	563	1124
ENSG00000250078	8	5	16
ENSG00000250081	16	14	29
ENSG00000250098	18	20	33
ENSG00000250101	277	190	349
ENSG00000250122	13	7	18
ENSG00000250126	36	31	49
ENSG00000250132	53	55	64
ENSG00000250137	692	483	792
ENSG00000250149	941	667	1183
ENSG00000250150	0	0	1
ENSG00000250164	4	3	0
ENSG00000250173	20	23	25
ENSG00000250180	12	11	18
ENSG00000250193	12	5	18
ENSG00000250195	1939	1308	2398
ENSG00000250230	128	94	142
ENSG00000250234	26	20	38
ENSG00000250237	1038	614	1133
ENSG00000250240	362	224	423
ENSG00000250242	5	1	3
ENSG00000250256	61	41	78
ENSG00000250259	12	13	19
ENSG00000250260	7	2	4
ENSG00000250264	23	18	39
ENSG00000250267	66	54	86
ENSG00000250274	21	9	27
ENSG00000250284	1205	829	2009
ENSG00000250286	85	52	93
ENSG00000250310	50	29	43
ENSG00000250333	165	94	231
ENSG00000250338	4	1	2
ENSG00000250349	2169	1503	3117
ENSG00000250360	5	5	13
ENSG00000250362	68	56	90
ENSG00000250371	100	61	114
ENSG00000250375	74	32	59
ENSG00000250379	6	16	17
ENSG00000250383	43	20	39
ENSG00000250390	59	37	73
ENSG00000250397	80	66	74
ENSG00000250406	47	36	72
ENSG00000250418	2	3	4
ENSG00000250421	354	316	595
ENSG00000250424	246	135	283
ENSG00000250431	4	2	7
ENSG00000250438	0	0	2
ENSG00000250453	733	450	993
ENSG00000250481	145	83	172
ENSG00000250493	168	82	205
ENSG00000250501	283	201	375
ENSG00000250503	7	6	17
ENSG00000250509	88	41	68
ENSG00000250511	29	8	22
ENSG00000250519	847	493	772
ENSG00000250524	25	14	23
ENSG00000250532	68	40	79
ENSG00000250541	27	16	25
ENSG00000250543	7	1	8
ENSG00000250567	11	8	21
ENSG00000250572	15	11	19
ENSG00000250576	5	2	8
ENSG00000250583	16	7	18
ENSG00000250597	42	27	51
ENSG00000250604	115	73	153
ENSG00000250614	10	7	5
ENSG00000250623	6	6	7
ENSG00000250626	99	61	107
ENSG00000250629	37	17	29
ENSG00000250643	114	76	188
ENSG00000250644	12	18	24
ENSG00000250657	16	6	18
ENSG00000250658	19	10	33
ENSG00000250659	32	15	37
ENSG00000250665	27	15	37
ENSG00000250681	0	1	2
ENSG00000250694	4	1	0
ENSG00000250697	1579	1021	1879
ENSG00000250699	92	69	132
ENSG00000250704	4	3	5
ENSG00000250706	119	76	151
ENSG00000250723	458	336	551
ENSG00000250734	73	46	112
ENSG00000250735	70	37	71
ENSG00000250751	82	79	148
ENSG00000250764	701	494	1025
ENSG00000250775	145	101	178
ENSG00000250777	155	91	222
ENSG00000250781	384	220	510
ENSG00000250791	85	55	124
ENSG00000250806	15	6	15
ENSG00000250820	40	41	80
ENSG00000250829	5	3	5
ENSG00000250831	5	2	7
ENSG00000250838	44	17	42
ENSG00000250842	613	376	885
ENSG00000250850	32	20	50
ENSG00000250855	127	74	150
ENSG00000250863	143	97	171
ENSG00000250865	28	29	47
ENSG00000250874	2	0	4
ENSG00000250882	15	9	14
ENSG00000250887	3	1	6
ENSG00000250899	53	38	59
ENSG00000250908	2	1	4
ENSG00000250915	12	6	7
ENSG00000250917	778	574	1099
ENSG00000250920	25	24	38
ENSG00000250934	121	60	212
ENSG00000250945	108	73	145
ENSG00000250949	16	10	18
ENSG00000250950	14	12	21
ENSG00000250954	630	447	891
ENSG00000250955	38	31	71
ENSG00000250969	379	259	488
ENSG00000250971	134	88	175
ENSG00000250976	4	4	5
ENSG00000250977	2	5	9
ENSG00000250978	26	89	53
ENSG00000250992	28	13	42
ENSG00000250993	282	159	323
ENSG00000250994	339	220	389
ENSG00000250999	122	86	168
ENSG00000251009	22	12	31
ENSG00000251010	16	6	27
ENSG00000251012	31	19	54
ENSG00000251031	1321	825	1617
ENSG00000251033	80	53	99
ENSG00000251034	4500	2894	7497
ENSG00000251048	4	4	5
ENSG00000251049	12	26	28
ENSG00000251054	19	6	19
ENSG00000251055	33	21	60
ENSG00000251058	3	1	3
ENSG00000251080	21	7	30
ENSG00000251088	723	480	895
ENSG00000251125	29	26	29
ENSG00000251126	4	3	4
ENSG00000251127	17	9	29
ENSG00000251131	42	22	46
ENSG00000251132	0	1	4
ENSG00000251139	37	19	55
ENSG00000251152	67	38	76
ENSG00000251161	28	21	43
ENSG00000251168	5	3	10
ENSG00000251170	578	418	790
ENSG00000251184	94	72	102
ENSG00000251185	220	165	302
ENSG00000251189	16	5	9
ENSG00000251199	1799	1228	2474
ENSG00000251200	46	26	53
ENSG00000251205	215	130	283
ENSG00000251214	5	1	6
ENSG00000251216	178	122	258
ENSG00000251218	75	59	117
ENSG00000251239	26	21	35
ENSG00000251244	81	54	106
ENSG00000251248	11	7	14
ENSG00000251259	46	37	101
ENSG00000251264	21	15	38
ENSG00000251270	49	24	53
ENSG00000251293	204	119	246
ENSG00000251294	187	127	265
ENSG00000251310	32	22	45
ENSG00000251314	2491	1910	3631
ENSG00000251320	0	0	4
ENSG00000251325	23	13	28
ENSG00000251330	6	2	5
ENSG00000251339	1555	857	2121
ENSG00000251357	70	55	89
ENSG00000251361	143	85	175
ENSG00000251367	0	2	3
ENSG00000251371	21	11	21
ENSG00000251376	2	1	3
ENSG00000251377	43	33	46
ENSG00000251387	11	10	31
ENSG00000251388	1923	1278	2309
ENSG00000251391	284	196	394
ENSG00000251393	82	60	115
ENSG00000251408	21	13	28
ENSG00000251409	145	94	187
ENSG00000251410	59	32	82
ENSG00000251412	75	57	103
ENSG00000251414	9	6	18
ENSG00000251416	70	35	76
ENSG00000251417	67	54	103
ENSG00000251421	32	16	19
ENSG00000251426	5	8	8
ENSG00000251434	7	5	2
ENSG00000251446	41	22	62
ENSG00000251448	75	34	92
ENSG00000251458	15	6	17
ENSG00000251459	23	12	19
ENSG00000251460	6	3	5
ENSG00000251461	47	33	71
ENSG00000251471	134	96	184
ENSG00000251488	378	260	549
ENSG00000251490	0	1	0
ENSG00000251506	16	6	12
ENSG00000251510	0	0	2
ENSG00000251511	20	31	43
ENSG00000251517	4	5	3
ENSG00000251527	2	2	2
ENSG00000251532	47	30	68
ENSG00000251537	83	68	104
ENSG00000251555	273	196	408
ENSG00000251556	176	98	205
ENSG00000251567	682	450	857
ENSG00000251569	34	20	56
ENSG00000251574	2133	1871	2969
ENSG00000251598	1205	875	1512
ENSG00000251599	58	35	74
ENSG00000251600	8021	4659	7619
ENSG00000251601	20	21	40
ENSG00000251613	248	161	321
ENSG00000251615	93	62	125
ENSG00000251616	35	22	42
ENSG00000251642	0	0	0
ENSG00000251652	2314	1147	2361
ENSG00000251654	191	146	278
ENSG00000251665	22	31	42
ENSG00000251670	351	193	449
ENSG00000251678	7	3	2
ENSG00000251679	25	13	30
ENSG00000251687	13	13	16
ENSG00000251867	63	41	90
ENSG00000253100	266	178	345
ENSG00000253105	68	48	111
ENSG00000253106	49	44	85
ENSG00000253108	630	386	847
ENSG00000253110	1	5	2
ENSG00000253112	4	2	5
ENSG00000253116	74	46	102
ENSG00000253121	5	1	7
ENSG00000253122	93	65	98
ENSG00000253130	69	38	88
ENSG00000253134	29	22	69
ENSG00000253141	59	41	87
ENSG00000253143	31	25	51
ENSG00000253154	313	253	400
ENSG00000253163	6	1	6
ENSG00000253164	125	165	194
ENSG00000253165	0	1	9
ENSG00000253168	21	12	15
ENSG00000253170	44	19	30
ENSG00000253171	180	101	244
ENSG00000253172	7	8	14
ENSG00000253177	56	40	59
ENSG00000253181	75	49	54
ENSG00000253184	211	142	274
ENSG00000253189	2	2	4
ENSG00000253190	98	70	153
ENSG00000253194	1885	1246	2371
ENSG00000253197	271	230	379
ENSG00000253200	134	95	199
ENSG00000253205	257	169	314
ENSG00000253206	70	61	99
ENSG00000253207	58	32	75
ENSG00000253214	59	46	60
ENSG00000253215	0	0	2
ENSG00000253217	59	51	76
ENSG00000253220	37	24	40
ENSG00000253235	68	20	59
ENSG00000253238	975	645	1189
ENSG00000253244	0	0	5
ENSG00000253252	8	10	19
ENSG00000253256	619	438	781
ENSG00000253260	64	45	97
ENSG00000253266	34	14	32
ENSG00000253269	8	7	11
ENSG00000253275	4	0	4
ENSG00000253282	32	15	33
ENSG00000253286	200	164	279
ENSG00000253287	39	24	36
ENSG00000253288	1222	786	1472
ENSG00000253295	112	66	135
ENSG00000253300	158	98	180
ENSG00000253308	32	9	26
ENSG00000253317	67	73	79
ENSG00000253321	5	3	21
ENSG00000253322	570	383	800
ENSG00000253331	428	308	597
ENSG00000253334	52	38	84
ENSG00000253335	35	26	46
ENSG00000253339	5	2	7
ENSG00000253342	3	1	1
ENSG00000253343	16	12	23
ENSG00000253344	222	154	258
ENSG00000253347	780	486	935
ENSG00000253348	356	279	518
ENSG00000253354	6	4	6
ENSG00000253356	78	71	138
ENSG00000253358	4	2	5
ENSG00000253363	1220	870	1560
ENSG00000253369	668	599	914
ENSG00000253373	8	4	12
ENSG00000253374	48	25	67
ENSG00000253376	210	115	225
ENSG00000253377	324	233	420
ENSG00000253380	57	36	67
ENSG00000253381	9	11	18
ENSG00000253388	7	4	5
ENSG00000253389	23	32	40
ENSG00000253392	495	376	637
ENSG00000253396	10	12	23
ENSG00000253397	37	14	27
ENSG00000253398	155	92	189
ENSG00000253400	12	13	10
ENSG00000253407	63	33	56
ENSG00000253416	31	17	34
ENSG00000253424	35	22	65
ENSG00000253427	102	59	134
ENSG00000253432	21	6	27
ENSG00000253444	78	51	79
ENSG00000253445	63	39	72
ENSG00000253449	26	19	40
ENSG00000253452	1109	720	1412
ENSG00000253456	8	2	16
ENSG00000253469	21	11	17
ENSG00000253470	0	2	4
ENSG00000253471	363	265	571
ENSG00000253474	390	373	524
ENSG00000253476	74	56	95
ENSG00000253484	11	9	28
ENSG00000253496	1156	872	1470
ENSG00000253500	551	381	703
ENSG00000253503	394	274	505
ENSG00000253508	46	31	63
ENSG00000253510	4	6	14
ENSG00000253515	105	64	165
ENSG00000253519	24	13	28
ENSG00000253523	10	4	13
ENSG00000253524	287	185	359
ENSG00000253526	22	12	30
ENSG00000253527	12	7	14
ENSG00000253530	36	21	47
ENSG00000253538	0	4	14
ENSG00000253539	8	2	10
ENSG00000253553	8463	4922	9734
ENSG00000253557	942	617	1165
ENSG00000253561	141	85	155
ENSG00000253562	11	2	18
ENSG00000253572	12	8	13
ENSG00000253573	378	272	453
ENSG00000253574	11	7	13
ENSG00000253576	14	4	13
ENSG00000253583	7	3	10
ENSG00000253585	28	21	35
ENSG00000253593	46	16	53
ENSG00000253596	13	9	18
ENSG00000253604	12	3	17
ENSG00000253607	181	101	187
ENSG00000253608	1660	937	2265
ENSG00000253613	61	45	79
ENSG00000253614	13	11	15
ENSG00000253619	559	421	674
ENSG00000253628	22	12	25
ENSG00000253629	14	12	10
ENSG00000253632	24	20	33
ENSG00000253634	732	496	936
ENSG00000253636	631	394	936
ENSG00000253642	1360	840	1761
ENSG00000253645	14	12	19
ENSG00000253648	84	37	92
ENSG00000253652	69	33	115
ENSG00000253653	24	15	28
ENSG00000253656	277	168	344
ENSG00000253659	177	111	235
ENSG00000253664	188	138	258
ENSG00000253666	88	64	149
ENSG00000253672	4	2	9
ENSG00000253673	334	213	705
ENSG00000253675	193	129	283
ENSG00000253678	12	11	21
ENSG00000253682	31	31	49
ENSG00000253687	95	74	102
ENSG00000253688	53	29	47
ENSG00000253690	357	246	430
ENSG00000253693	1633	1253	2302
ENSG00000253699	77	60	120
ENSG00000253706	223	131	304
ENSG00000253708	10	10	7
ENSG00000253713	10	10	10
ENSG00000253715	126	96	208
ENSG00000253717	0	7	6
ENSG00000253722	16	5	19
ENSG00000253728	4	3	5
ENSG00000253730	75	52	128
ENSG00000253735	33	24	32
ENSG00000253736	348	194	366
ENSG00000253737	3	6	7
ENSG00000253740	3	3	3
ENSG00000253744	23	16	39
ENSG00000253745	20	11	24
ENSG00000253746	5	9	5
ENSG00000253749	0	1	6
ENSG00000253754	1	1	7
ENSG00000253762	146	108	177
ENSG00000253766	641	385	801
ENSG00000253768	43	24	61
ENSG00000253774	21	14	35
ENSG00000253775	172	109	215
ENSG00000253776	105	81	136
ENSG00000253782	34	30	63
ENSG00000253783	36	21	43
ENSG00000253792	34	9	40
ENSG00000253796	561	374	677
ENSG00000253805	8	7	2
ENSG00000253806	13	4	6
ENSG00000253809	71	43	106
ENSG00000253811	12	7	19
ENSG00000253821	244	141	348
ENSG00000253824	323	217	409
ENSG00000253825	25	12	28
ENSG00000253829	14	11	10
ENSG00000253832	72	29	92
ENSG00000253834	17	9	15
ENSG00000253836	418	266	554
ENSG00000253844	265	180	336
ENSG00000253852	45	35	54
ENSG00000253853	3202	1633	4317
ENSG00000253855	14	15	10
ENSG00000253859	384	251	437
ENSG00000253865	25	18	20
ENSG00000253871	86	45	124
ENSG00000253875	326	171	255
ENSG00000253879	31	19	45
ENSG00000253880	631	445	911
ENSG00000253887	14	11	20
ENSG00000253888	135	76	151
ENSG00000253891	20	12	24
ENSG00000253892	4	3	6
ENSG00000253894	38	23	35
ENSG00000253896	5	2	3
ENSG00000253901	1683	1147	2277
ENSG00000253903	4	3	6
ENSG00000253911	10	9	17
ENSG00000253917	252	181	412
ENSG00000253925	348	246	479
ENSG00000253926	94	60	100
ENSG00000253927	36	28	52
ENSG00000253932	23	12	30
ENSG00000253939	362	249	498
ENSG00000253947	3	3	7
ENSG00000253949	180	102	175
ENSG00000253956	44	24	48
ENSG00000253965	103	69	116
ENSG00000253968	146	102	240
ENSG00000253976	91	64	125
ENSG00000253979	13	5	14
ENSG00000253980	107	85	152
ENSG00000253983	565	374	706
ENSG00000253986	9	4	8
ENSG00000253988	25	19	35
ENSG00000253992	40	29	43
ENSG00000254000	6	6	6
ENSG00000254001	36	16	35
ENSG00000254002	114	68	183
ENSG00000254006	56	50	54
ENSG00000254007	42	26	45
ENSG00000254021	7	6	8
ENSG00000254024	560	589	1052
ENSG00000254028	12	13	16
ENSG00000254033	87	52	112
ENSG00000254035	674	459	927
ENSG00000254038	16	8	15
ENSG00000254039	96	85	107
ENSG00000254040	31	20	37
ENSG00000254043	4	3	5
ENSG00000254050	2	2	2
ENSG00000254055	27	25	38
ENSG00000254057	42	28	50
ENSG00000254060	10	16	11
ENSG00000254084	185	120	229
ENSG00000254086	9	7	17
ENSG00000254089	315	295	358
ENSG00000254092	1469	838	1875
ENSG00000254099	52	56	81
ENSG00000254111	105	58	112
ENSG00000254113	23	12	31
ENSG00000254115	309	201	341
ENSG00000254129	107	57	145
ENSG00000254135	574	336	724
ENSG00000254136	51	41	72
ENSG00000254138	109	86	128
ENSG00000254143	47	45	81
ENSG00000254160	2	4	5
ENSG00000254162	13	3	13
ENSG00000254163	170	99	208
ENSG00000254164	7	7	10
ENSG00000254171	83	39	121
ENSG00000254177	29	18	34
ENSG00000254178	34	32	61
ENSG00000254180	1491	1000	2028
ENSG00000254186	3528	2465	4826
ENSG00000254192	92	70	101
ENSG00000254194	254	162	312
ENSG00000254201	6	3	7
ENSG00000254202	602	416	777
ENSG00000254204	0	0	2
ENSG00000254205	10	7	24
ENSG00000254208	3	0	9
ENSG00000254219	7	4	8
ENSG00000254222	101	63	138
ENSG00000254230	34	14	45
ENSG00000254236	24	14	18
ENSG00000254237	178	103	226
ENSG00000254238	13	8	10
ENSG00000254239	18	6	19
ENSG00000254242	287	210	463
ENSG00000254246	26	19	24
ENSG00000254248	57	39	71
ENSG00000254251	231	144	278
ENSG00000254258	10	0	4
ENSG00000254260	29	19	30
ENSG00000254261	128	81	172
ENSG00000254263	36	19	59
ENSG00000254277	224	149	239
ENSG00000254278	8	5	27
ENSG00000254288	148	110	181
ENSG00000254290	28	29	38
ENSG00000254291	4	5	5
ENSG00000254293	8	6	18
ENSG00000254295	43	31	70
ENSG00000254298	28	17	28
ENSG00000254302	145	92	171
ENSG00000254303	972	579	1075
ENSG00000254306	132	113	151
ENSG00000254307	8	2	8
ENSG00000254315	0	0	6
ENSG00000254317	50	28	60
ENSG00000254321	44	22	40
ENSG00000254337	63	26	126
ENSG00000254339	120	63	124
ENSG00000254343	65	103	61
ENSG00000254347	30	15	50
ENSG00000254350	164	133	278
ENSG00000254361	597	398	759
ENSG00000254363	312	237	348
ENSG00000254365	33	29	63
ENSG00000254366	2259	954	1720
ENSG00000254367	231	170	295
ENSG00000254372	0	1	0
ENSG00000254380	172	90	216
ENSG00000254383	4	0	11
ENSG00000254391	27	15	43
ENSG00000254394	6589	4685	8044
ENSG00000254396	14	7	31
ENSG00000254397	15	16	24
ENSG00000254400	58	27	68
ENSG00000254404	83	63	140
ENSG00000254409	693	403	836
ENSG00000254420	598	329	628
ENSG00000254422	5	5	8
ENSG00000254429	3	0	3
ENSG00000254431	4	3	7
ENSG00000254434	26	13	27
ENSG00000254443	25	11	28
ENSG00000254444	223	152	318
ENSG00000254447	128	76	167
ENSG00000254458	128	74	120
ENSG00000254459	535	356	743
ENSG00000254461	123	100	210
ENSG00000254467	15	3	22
ENSG00000254468	22	9	18
ENSG00000254477	17	12	19
ENSG00000254488	0	2	3
ENSG00000254499	0	2	5
ENSG00000254501	22	19	30
ENSG00000254510	32	23	27
ENSG00000254511	74	47	86
ENSG00000254514	0	5	2
ENSG00000254519	74	47	113
ENSG00000254526	309	185	398
ENSG00000254533	7	7	10
ENSG00000254536	95	66	187
ENSG00000254538	307	187	407
ENSG00000254539	0	0	0
ENSG00000254540	3	1	3
ENSG00000254545	15	7	19
ENSG00000254548	10	15	10
ENSG00000254551	10	11	18
ENSG00000254553	345	234	459
ENSG00000254557	23	11	27
ENSG00000254559	13	5	14
ENSG00000254561	234	149	290
ENSG00000254563	29	21	33
ENSG00000254566	8	6	7
ENSG00000254568	47	23	56
ENSG00000254571	56	36	61
ENSG00000254573	22	30	67
ENSG00000254574	10	9	11
ENSG00000254575	11	8	17
ENSG00000254578	24	18	23
ENSG00000254586	20	18	13
ENSG00000254587	1505	1078	1964
ENSG00000254592	12	4	20
ENSG00000254599	16	7	25
ENSG00000254604	322	275	464
ENSG00000254605	30	31	41
ENSG00000254619	7	0	3
ENSG00000254625	8	7	16
ENSG00000254626	30	18	33
ENSG00000254631	279	178	400
ENSG00000254632	34	33	60
ENSG00000254639	17	8	20
ENSG00000254645	346	258	468
ENSG00000254648	27	20	30
ENSG00000254651	0	0	5
ENSG00000254653	4	4	7
ENSG00000254662	20	9	22
ENSG00000254664	62	23	59
ENSG00000254669	30	12	23
ENSG00000254673	35	25	52
ENSG00000254675	12	14	9
ENSG00000254686	11	4	17
ENSG00000254687	174	107	260
ENSG00000254688	10	11	20
ENSG00000254692	526	406	723
ENSG00000254695	561	367	764
ENSG00000254698	6	3	14
ENSG00000254705	19	18	23
ENSG00000254706	84	54	132
ENSG00000254707	9	22	30
ENSG00000254710	175	116	267
ENSG00000254718	62	37	94
ENSG00000254721	4	8	2
ENSG00000254731	170	131	227
ENSG00000254734	555	372	714
ENSG00000254741	17	6	14
ENSG00000254744	37	18	40
ENSG00000254746	65	29	95
ENSG00000254753	22	9	12
ENSG00000254754	8	4	2
ENSG00000254756	49	36	66
ENSG00000254757	226	130	305
ENSG00000254775	253	148	339
ENSG00000254777	497	363	667
ENSG00000254787	244	193	325
ENSG00000254790	7	2	7
ENSG00000254802	14	9	18
ENSG00000254804	92	59	99
ENSG00000254810	53	29	45
ENSG00000254812	100	80	161
ENSG00000254814	13	5	9
ENSG00000254821	15	8	26
ENSG00000254822	0	0	2
ENSG00000254830	12	11	22
ENSG00000254833	158	87	174
ENSG00000254836	6	1	7
ENSG00000254844	31	18	35
ENSG00000254846	11	9	14
ENSG00000254847	14	12	24
ENSG00000254859	142	84	193
ENSG00000254861	87	74	121
ENSG00000254864	42	23	45
ENSG00000254865	94	66	120
ENSG00000254873	28	22	35
ENSG00000254874	10	14	14
ENSG00000254878	38	34	59
ENSG00000254885	1	4	7
ENSG00000254898	9	7	8
ENSG00000254900	11	5	14
ENSG00000254905	9	6	16
ENSG00000254907	115	91	191
ENSG00000254910	9	4	16
ENSG00000254913	0	1	4
ENSG00000254919	11	12	15
ENSG00000254921	21	8	20
ENSG00000254927	76	41	103
ENSG00000254929	2402	1623	2955
ENSG00000254933	17	16	15
ENSG00000254942	22	20	30
ENSG00000254943	9	14	14
ENSG00000254951	322	243	569
ENSG00000254963	1	2	6
ENSG00000254964	9	1	6
ENSG00000254971	3	3	3
ENSG00000254973	48	56	72
ENSG00000254975	159	83	177
ENSG00000254979	102	67	131
ENSG00000254980	43	34	71
ENSG00000254989	5	0	5
ENSG00000254990	85	66	110
ENSG00000254991	15	18	23
ENSG00000255005	27	12	36
ENSG00000255021	158	160	182
ENSG00000255026	61	41	61
ENSG00000255028	932	659	1205
ENSG00000255029	186	112	240
ENSG00000255031	175	94	210
ENSG00000255038	20	8	17
ENSG00000255041	237	141	336
ENSG00000255046	66	63	95
ENSG00000255050	32	38	38
ENSG00000255054	8	4	10
ENSG00000255060	1	5	4
ENSG00000255087	433	321	508
ENSG00000255091	8	0	5
ENSG00000255092	7	8	11
ENSG00000255094	183	132	307
ENSG00000255101	47	33	77
ENSG00000255102	306	248	497
ENSG00000255108	115	80	162
ENSG00000255118	7	3	11
ENSG00000255126	0	2	5
ENSG00000255130	216	139	274
ENSG00000255132	111	67	160
ENSG00000255139	366	267	488
ENSG00000255146	35	38	56
ENSG00000255148	11	6	12
ENSG00000255158	121	97	126
ENSG00000255160	25	19	30
ENSG00000255164	4	0	1
ENSG00000255173	31	25	43
ENSG00000255179	9	13	14
ENSG00000255182	158	94	221
ENSG00000255191	2	0	0
ENSG00000255201	37	24	57
ENSG00000255202	210	173	252
ENSG00000255206	32	20	33
ENSG00000255209	109	78	189
ENSG00000255216	30	8	34
ENSG00000255219	135	84	164
ENSG00000255224	60	22	54
ENSG00000255229	67	42	89
ENSG00000255233	7	4	5
ENSG00000255237	31	21	30
ENSG00000255241	44	25	70
ENSG00000255244	35	17	55
ENSG00000255250	252	146	262
ENSG00000255252	52	35	43
ENSG00000255260	1	3	4
ENSG00000255271	78	43	111
ENSG00000255272	25	11	36
ENSG00000255279	86	47	98
ENSG00000255289	6	7	15
ENSG00000255292	712	506	850
ENSG00000255299	15	11	21
ENSG00000255301	17	5	17
ENSG00000255313	26	14	30
ENSG00000255314	217	160	272
ENSG00000255317	14	11	22
ENSG00000255320	165	86	233
ENSG00000255321	15	18	16
ENSG00000255328	28	27	48
ENSG00000255330	130	86	186
ENSG00000255339	207	161	257
ENSG00000255340	26	20	30
ENSG00000255343	4	1	2
ENSG00000255348	12	11	26
ENSG00000255351	0	0	4
ENSG00000255357	67	42	70
ENSG00000255366	15	6	28
ENSG00000255367	447	283	624
ENSG00000255372	0	2	4
ENSG00000255375	28	15	36
ENSG00000255384	19	7	18
ENSG00000255389	113	65	126
ENSG00000255395	162	113	177
ENSG00000255402	10	5	18
ENSG00000255404	4	4	10
ENSG00000255410	226	141	290
ENSG00000255421	0	1	4
ENSG00000255422	175	148	234
ENSG00000255429	141	74	187
ENSG00000255432	71	48	86
ENSG00000255438	47	28	71
ENSG00000255439	67	60	99
ENSG00000255446	27	7	25
ENSG00000255447	59	42	70
ENSG00000255448	28	14	27
ENSG00000255451	6	4	5
ENSG00000255456	9	7	7
ENSG00000255467	107	86	128
ENSG00000255470	117	68	155
ENSG00000255475	72	53	68
ENSG00000255476	727	479	914
ENSG00000255477	2	0	3
ENSG00000255478	28	17	38
ENSG00000255480	17	15	17
ENSG00000255482	96	66	140
ENSG00000255487	39	30	64
ENSG00000255491	258	180	354
ENSG00000255495	436	312	565
ENSG00000255496	713	421	877
ENSG00000255498	3	5	6
ENSG00000255506	95	57	138
ENSG00000255508	35	19	55
ENSG00000255516	19	14	40
ENSG00000255520	32	27	51
ENSG00000255523	46	17	74
ENSG00000255525	21	12	31
ENSG00000255528	78	46	81
ENSG00000255537	42	31	70
ENSG00000255548	3	0	5
ENSG00000255555	162	116	185
ENSG00000255557	93	67	137
ENSG00000255558	208	154	274
ENSG00000255565	8	8	12
ENSG00000255572	59	50	84
ENSG00000255580	40	22	66
ENSG00000255599	10	10	10
ENSG00000255621	333	246	449
ENSG00000255628	23	15	18
ENSG00000255629	7	5	3
ENSG00000255639	438	306	615
ENSG00000255641	4	5	6
ENSG00000255644	20	15	22
ENSG00000255648	87	69	147
ENSG00000255655	23	14	37
ENSG00000255663	112	80	142
ENSG00000255670	125	85	142
ENSG00000255671	6	5	5
ENSG00000255672	34	20	46
ENSG00000255680	79	62	92
ENSG00000255686	14	8	16
ENSG00000255689	94	74	184
ENSG00000255692	7	3	3
ENSG00000255723	249	137	333
ENSG00000255730	133	110	171
ENSG00000255741	2	4	3
ENSG00000255745	450	300	607
ENSG00000255775	15	13	28
ENSG00000255801	51	29	50
ENSG00000255825	3	0	2
ENSG00000255829	57	28	76
ENSG00000255835	205	166	301
ENSG00000255839	3	4	6
ENSG00000255843	0	1	4
ENSG00000255845	17	11	27
ENSG00000255847	36	36	66
ENSG00000255856	46	57	74
ENSG00000255858	13	9	7
ENSG00000255872	1468	1034	1888
ENSG00000255882	5	5	7
ENSG00000255886	229	137	252
ENSG00000255910	2037	1342	3123
ENSG00000255916	3	0	6
ENSG00000255931	71	47	78
ENSG00000255945	2	3	7
ENSG00000255946	325	265	412
ENSG00000255959	39	20	37
ENSG00000255983	98	69	112
ENSG00000256001	26	21	61
ENSG00000256013	19	12	23
ENSG00000256029	46	41	78
ENSG00000256034	26	28	37
ENSG00000256071	5	4	1
ENSG00000256072	10	8	12
ENSG00000256084	14	14	26
ENSG00000256100	76	58	127
ENSG00000256116	159	97	210
ENSG00000256149	170	96	193
ENSG00000256152	26	31	29
ENSG00000256195	87	72	129
ENSG00000256196	58	39	68
ENSG00000256199	125	70	136
ENSG00000256206	131	82	164
ENSG00000256209	170	87	172
ENSG00000256218	3	0	2
ENSG00000256220	4	1	4
ENSG00000256226	208	109	257
ENSG00000256237	64	35	71
ENSG00000256249	144	99	172
ENSG00000256250	21	8	26
ENSG00000256256	5	4	15
ENSG00000256258	11	6	21
ENSG00000256273	17	6	4
ENSG00000256281	0	1	0
ENSG00000256286	55	41	100
ENSG00000256298	16	10	15
ENSG00000256306	72	30	86
ENSG00000256311	139	87	234
ENSG00000256312	3	0	3
ENSG00000256314	5	6	7
ENSG00000256321	7	3	10
ENSG00000256349	20	14	14
ENSG00000256357	74	48	99
ENSG00000256364	8	7	15
ENSG00000256389	848	588	1079
ENSG00000256403	8	3	8
ENSG00000256407	107	66	129
ENSG00000256417	305	333	465
ENSG00000256427	5	7	14
ENSG00000256433	97	44	95
ENSG00000256440	7	3	3
ENSG00000256442	4	3	6
ENSG00000256452	9	6	15
ENSG00000256458	30	14	31
ENSG00000256469	209	113	255
ENSG00000256473	5	0	0
ENSG00000256484	10	7	19
ENSG00000256504	22	10	19
ENSG00000256512	8	7	11
ENSG00000256513	12	7	12
ENSG00000256514	27	30	38
ENSG00000256538	90	53	106
ENSG00000256542	12	9	25
ENSG00000256566	588	424	783
ENSG00000256568	90	55	122
ENSG00000256569	10	7	12
ENSG00000256591	1535	1218	2022
ENSG00000256632	72	59	110
ENSG00000256646	44	31	63
ENSG00000256654	847	452	817
ENSG00000256658	71	39	89
ENSG00000256686	102	60	141
ENSG00000256694	5	10	12
ENSG00000256695	18	13	23
ENSG00000256705	25	20	28
ENSG00000256706	13	12	27
ENSG00000256732	41	34	59
ENSG00000256739	8	5	7
ENSG00000256747	12	9	27
ENSG00000256757	24	16	37
ENSG00000256783	22	15	18
ENSG00000256803	39	16	60
ENSG00000256814	11	4	7
ENSG00000256825	62	55	119
ENSG00000256861	11	9	17
ENSG00000256875	3	3	1
ENSG00000256884	12	7	17
ENSG00000256894	32	27	45
ENSG00000256897	8	9	10
ENSG00000256915	145	110	158
ENSG00000256928	8	5	14
ENSG00000256947	535	348	670
ENSG00000256950	5	3	10
ENSG00000256955	77	66	123
ENSG00000256966	246	155	317
ENSG00000256967	37	19	54
ENSG00000256972	17	10	23
ENSG00000257000	30	11	35
ENSG00000257004	93	64	136
ENSG00000257022	238	161	378
ENSG00000257027	227	175	345
ENSG00000257042	45	22	50
ENSG00000257045	14	10	19
ENSG00000257058	42	41	65
ENSG00000257060	4525	3070	7720
ENSG00000257062	122	95	133
ENSG00000257065	97	73	101
ENSG00000257083	107	72	170
ENSG00000257086	101	46	114
ENSG00000257096	7	2	8
ENSG00000257105	46	34	54
ENSG00000257120	19	9	16
ENSG00000257124	2	2	3
ENSG00000257165	279	199	344
ENSG00000257181	4	4	4
ENSG00000257191	235	165	316
ENSG00000257194	42	26	63
ENSG00000257202	2	7	5
ENSG00000257207	10	1	3
ENSG00000257221	80	54	141
ENSG00000257222	65	47	78
ENSG00000257226	25	25	44
ENSG00000257235	10	6	15
ENSG00000257239	752	799	1745
ENSG00000257252	611	407	965
ENSG00000257253	5	4	7
ENSG00000257256	109	55	124
ENSG00000257258	72	62	111
ENSG00000257262	43	25	74
ENSG00000257264	2	2	0
ENSG00000257265	109	78	218
ENSG00000257268	62	45	90
ENSG00000257270	29	20	33
ENSG00000257275	161	102	205
ENSG00000257277	396	321	619
ENSG00000257279	61	42	82
ENSG00000257283	164	112	207
ENSG00000257284	43	19	59
ENSG00000257286	104	89	154
ENSG00000257294	6	10	13
ENSG00000257322	2015	1517	3399
ENSG00000257325	20	9	17
ENSG00000257327	11	9	18
ENSG00000257329	12	6	8
ENSG00000257341	47	29	47
ENSG00000257355	51	25	64
ENSG00000257373	58	29	72
ENSG00000257379	134	91	138
ENSG00000257386	21	6	25
ENSG00000257390	77	59	105
ENSG00000257391	12	6	3
ENSG00000257395	2	6	3
ENSG00000257398	216	134	271
ENSG00000257407	764	498	936
ENSG00000257410	9	7	13
ENSG00000257411	35	21	30
ENSG00000257429	31	22	64
ENSG00000257431	8	3	6
ENSG00000257434	72	43	88
ENSG00000257435	10	4	19
ENSG00000257438	16	8	20
ENSG00000257449	69	45	80
ENSG00000257452	358	269	483
ENSG00000257454	88	51	129
ENSG00000257456	44	26	48
ENSG00000257458	162	107	203
ENSG00000257472	23	11	22
ENSG00000257474	50	27	57
ENSG00000257494	11	5	10
ENSG00000257496	517	364	659
ENSG00000257500	68	55	92
ENSG00000257514	39	45	61
ENSG00000257515	8	0	8
ENSG00000257517	15	7	22
ENSG00000257519	17	16	41
ENSG00000257524	103	80	162
ENSG00000257526	614	411	776
ENSG00000257543	8	3	8
ENSG00000257548	131	87	166
ENSG00000257553	73	69	109
ENSG00000257579	20	12	27
ENSG00000257587	153	188	197
ENSG00000257603	9	5	8
ENSG00000257614	12	1	8
ENSG00000257622	46	33	69
ENSG00000257634	31	12	43
ENSG00000257647	7	9	12
ENSG00000257653	4	2	14
ENSG00000257654	21	5	14
ENSG00000257657	472	339	684
ENSG00000257663	29	25	39
ENSG00000257682	10	12	18
ENSG00000257700	10	2	12
ENSG00000257703	298	223	357
ENSG00000257715	31	22	35
ENSG00000257726	7	2	15
ENSG00000257729	313	234	447
ENSG00000257735	721	535	1019
ENSG00000257737	14	3	11
ENSG00000257746	140	105	174
ENSG00000257754	14	3	7
ENSG00000257759	1695	1053	1886
ENSG00000257761	22	13	37
ENSG00000257764	8	9	13
ENSG00000257766	3	2	4
ENSG00000257767	138	108	149
ENSG00000257781	156	100	197
ENSG00000257797	6	5	5
ENSG00000257824	5	1	5
ENSG00000257826	31	15	37
ENSG00000257829	16	6	16
ENSG00000257831	239	213	308
ENSG00000257837	6	7	10
ENSG00000257849	2	6	10
ENSG00000257863	17	5	9
ENSG00000257869	235	143	277
ENSG00000257870	13	10	19
ENSG00000257878	68	39	83
ENSG00000257879	83	54	118
ENSG00000257890	39	46	57
ENSG00000257891	12	13	7
ENSG00000257900	43	23	54
ENSG00000257904	127	99	180
ENSG00000257910	47	20	68
ENSG00000257921	5	3	6
ENSG00000257925	144	113	198
ENSG00000257932	4	3	6
ENSG00000257940	5	2	2
ENSG00000257947	49	23	68
ENSG00000257948	48	27	58
ENSG00000257955	29	23	28
ENSG00000257958	8	4	12
ENSG00000257959	29	8	37
ENSG00000257962	20	10	30
ENSG00000257964	0	2	3
ENSG00000257985	57	36	74
ENSG00000257997	63	36	87
ENSG00000258007	0	2	4
ENSG00000258028	1369	946	1958
ENSG00000258034	9	4	8
ENSG00000258039	33	22	40
ENSG00000258044	9	7	13
ENSG00000258050	10	7	4
ENSG00000258052	16	13	47
ENSG00000258053	81	39	134
ENSG00000258064	56	46	63
ENSG00000258077	3758	2157	5464
ENSG00000258081	2150	1137	2679
ENSG00000258084	606	371	751
ENSG00000258108	47	29	64
ENSG00000258114	365	234	453
ENSG00000258115	47	27	62
ENSG00000258119	182	137	260
ENSG00000258121	54	35	74
ENSG00000258131	437	431	631
ENSG00000258137	150	97	225
ENSG00000258140	48	22	51
ENSG00000258167	108	91	144
ENSG00000258170	41	25	49
ENSG00000258172	58	35	65
ENSG00000258177	10	5	9
ENSG00000258178	3	12	3
ENSG00000258181	74	54	113
ENSG00000258185	7	4	4
ENSG00000258196	25	11	25
ENSG00000258199	87	61	113
ENSG00000258203	17	9	27
ENSG00000258210	176	111	239
ENSG00000258214	194	122	252
ENSG00000258216	1347	994	1802
ENSG00000258231	1920	1452	2853
ENSG00000258232	68	59	81
ENSG00000258234	121	91	183
ENSG00000258235	4	2	5
ENSG00000258249	32	23	38
ENSG00000258254	4	1	5
ENSG00000258256	95	75	146
ENSG00000258260	17	12	15
ENSG00000258272	447	299	544
ENSG00000258283	16	17	34
ENSG00000258294	69	42	81
ENSG00000258302	269	195	347
ENSG00000258311	12	7	8
ENSG00000258312	680	624	966
ENSG00000258313	0	1	0
ENSG00000258314	30	13	50
ENSG00000258317	191	127	202
ENSG00000258323	10	4	8
ENSG00000258338	7	1	10
ENSG00000258342	440	250	529
ENSG00000258344	177	124	207
ENSG00000258345	61	18	60
ENSG00000258346	89	69	146
ENSG00000258364	5	2	4
ENSG00000258365	124	78	130
ENSG00000258377	49	38	59
ENSG00000258378	193	143	279
ENSG00000258379	0	1	1
ENSG00000258383	11	19	28
ENSG00000258386	117	74	146
ENSG00000258393	6	4	10
ENSG00000258394	1140	702	1677
ENSG00000258400	10	8	11
ENSG00000258402	83	44	89
ENSG00000258407	23	11	38
ENSG00000258410	110	72	139
ENSG00000258416	302	208	376
ENSG00000258417	6	4	7
ENSG00000258422	137	113	177
ENSG00000258424	14	3	17
ENSG00000258425	40	45	54
ENSG00000258426	46	17	35
ENSG00000258428	47	41	66
ENSG00000258430	17	30	26
ENSG00000258433	33	23	36
ENSG00000258435	30	36	37
ENSG00000258437	9	2	8
ENSG00000258444	3	2	8
ENSG00000258449	34	19	71
ENSG00000258454	37	40	69
ENSG00000258455	53	27	51
ENSG00000258459	4	5	9
ENSG00000258460	99	70	155
ENSG00000258461	132	103	154
ENSG00000258464	192	128	237
ENSG00000258465	436	346	593
ENSG00000258466	21	14	34
ENSG00000258471	108	110	133
ENSG00000258473	192	148	269
ENSG00000258478	33	18	36
ENSG00000258481	36	18	55
ENSG00000258489	116	65	138
ENSG00000258490	5	0	3
ENSG00000258496	1	3	0
ENSG00000258497	34	29	58
ENSG00000258515	3	4	0
ENSG00000258516	64	35	91
ENSG00000258517	18	21	25
ENSG00000258520	400	182	331
ENSG00000258526	5693	4220	8469
ENSG00000258529	61	39	82
ENSG00000258534	138	108	203
ENSG00000258535	179	135	245
ENSG00000258539	153	103	210
ENSG00000258558	313699	192555	352756
ENSG00000258561	2170	1360	2603
ENSG00000258576	17	8	9
ENSG00000258580	186	181	209
ENSG00000258593	39	38	87
ENSG00000258594	11	9	18
ENSG00000258598	14	6	8
ENSG00000258600	0	0	1
ENSG00000258601	64	40	80
ENSG00000258603	675	478	824
ENSG00000258631	2780	2172	4645
ENSG00000258637	453	286	574
ENSG00000258642	0	4	7
ENSG00000258646	65	44	98
ENSG00000258649	64	31	91
ENSG00000258653	24	14	27
ENSG00000258654	59	55	109
ENSG00000258660	36	30	63
ENSG00000258661	134	54	130
ENSG00000258662	12	6	6
ENSG00000258663	414	300	570
ENSG00000258670	88	73	163
ENSG00000258672	1	2	3
ENSG00000258676	58	36	85
ENSG00000258677	198	152	224
ENSG00000258683	21	10	21
ENSG00000258687	53	39	85
ENSG00000258691	69	35	64
ENSG00000258693	4	3	5
ENSG00000258695	143	95	191
ENSG00000258696	5	5	6
ENSG00000258698	89	50	117
ENSG00000258702	42	29	64
ENSG00000258703	29	18	27
ENSG00000258711	20	25	33
ENSG00000258717	32	25	47
ENSG00000258719	5	4	13
ENSG00000258723	6	7	11
ENSG00000258728	50	49	102
ENSG00000258729	7	7	14
ENSG00000258736	4	8	12
ENSG00000258744	461	427	669
ENSG00000258745	6	8	13
ENSG00000258747	135	90	178
ENSG00000258751	282	187	356
ENSG00000258753	0	3	1
ENSG00000258757	11	8	30
ENSG00000258760	564	359	712
ENSG00000258763	523	341	637
ENSG00000258765	8	3	9
ENSG00000258773	222	148	271
ENSG00000258782	145	96	213
ENSG00000258784	166	122	195
ENSG00000258789	3	9	14
ENSG00000258790	33	20	35
ENSG00000258795	51	26	93
ENSG00000258800	3	2	2
ENSG00000258807	428	276	655
ENSG00000258811	31	17	32
ENSG00000258820	122	75	130
ENSG00000258824	344	281	456
ENSG00000258830	49	45	90
ENSG00000258831	27	27	35
ENSG00000258837	37	15	36
ENSG00000258842	30	19	43
ENSG00000258843	9	8	12
ENSG00000258844	67	35	63
ENSG00000258845	3	3	7
ENSG00000258847	223	164	313
ENSG00000258853	14	15	15
ENSG00000258854	29	14	20
ENSG00000258857	10	13	8
ENSG00000258858	14	8	17
ENSG00000258860	8	5	10
ENSG00000258864	142	82	194
ENSG00000258866	9	8	14
ENSG00000258868	41	27	50
ENSG00000258871	97	70	144
ENSG00000258875	99	60	125
ENSG00000258881	458	274	506
ENSG00000258885	13	6	14
ENSG00000258891	473	376	583
ENSG00000258892	202	128	251
ENSG00000258902	713	481	817
ENSG00000258903	55	25	57
ENSG00000258908	14	2	4
ENSG00000258909	16	7	29
ENSG00000258918	93	55	121
ENSG00000258919	16	6	23
ENSG00000258921	54	43	74
ENSG00000258924	5	5	12
ENSG00000258927	59	33	84
ENSG00000258928	6	8	7
ENSG00000258931	7	1	9
ENSG00000258938	57	59	90
ENSG00000258942	108	85	128
ENSG00000258943	8	7	10
ENSG00000258945	81	57	84
ENSG00000258949	83	60	97
ENSG00000258958	20	15	23
ENSG00000258964	173	93	195
ENSG00000258973	17	10	17
ENSG00000258975	66	43	98
ENSG00000258976	14	6	21
ENSG00000258983	98	101	123
ENSG00000258985	5	4	11
ENSG00000258987	23	14	30
ENSG00000258989	158	94	205
ENSG00000259001	92	91	122
ENSG00000259002	0	1	0
ENSG00000259003	39	21	46
ENSG00000259005	8	7	19
ENSG00000259006	20	18	33
ENSG00000259007	2	5	7
ENSG00000259008	10	5	7
ENSG00000259017	0	0	1
ENSG00000259018	10	4	8
ENSG00000259026	10	7	20
ENSG00000259028	0	1	1
ENSG00000259033	341	245	596
ENSG00000259035	943	571	1077
ENSG00000259036	4	3	5
ENSG00000259038	19	19	42
ENSG00000259041	12	15	16
ENSG00000259042	14	6	16
ENSG00000259044	110	60	154
ENSG00000259048	416	346	616
ENSG00000259049	101	70	119
ENSG00000259052	117	68	128
ENSG00000259053	821	629	1092
ENSG00000259055	9	10	9
ENSG00000259058	30	9	47
ENSG00000259060	0	0	1
ENSG00000259061	113	80	145
ENSG00000259066	166	135	208
ENSG00000259067	7	4	4
ENSG00000259069	15	10	12
ENSG00000259072	780	494	1099
ENSG00000259076	224	152	324
ENSG00000259077	114	56	132
ENSG00000259080	82	76	121
ENSG00000259081	95	58	117
ENSG00000259084	28	15	35
ENSG00000259087	26	20	37
ENSG00000259088	89	81	139
ENSG00000259093	213	140	291
ENSG00000259097	595	345	662
ENSG00000259103	174	142	213
ENSG00000259111	47	26	49
ENSG00000259113	33	21	35
ENSG00000259115	40	27	44
ENSG00000259119	24	12	33
ENSG00000259124	988	667	1283
ENSG00000259126	30	13	45
ENSG00000259130	8	5	11
ENSG00000259132	355	323	568
ENSG00000259133	206	147	313
ENSG00000259138	159	121	213
ENSG00000259149	130	87	164
ENSG00000259166	85	61	136
ENSG00000259168	292	191	413
ENSG00000259170	0	1	5
ENSG00000259177	60	34	72
ENSG00000259178	17	6	11
ENSG00000259180	4	2	2
ENSG00000259181	33	15	58
ENSG00000259182	21	14	28
ENSG00000259185	0	0	2
ENSG00000259188	32	31	55
ENSG00000259198	9	14	12
ENSG00000259199	732	526	885
ENSG00000259200	1024	722	1284
ENSG00000259201	79	45	103
ENSG00000259203	38	22	43
ENSG00000259211	9	12	10
ENSG00000259212	1	3	3
ENSG00000259213	2	0	4
ENSG00000259219	16	25	27
ENSG00000259222	14	12	30
ENSG00000259223	103	77	166
ENSG00000259238	24	12	35
ENSG00000259244	234	118	305
ENSG00000259250	26	12	36
ENSG00000259252	24	11	22
ENSG00000259255	267	155	348
ENSG00000259265	14	12	30
ENSG00000259268	95	49	114
ENSG00000259269	142	97	159
ENSG00000259275	721	522	865
ENSG00000259277	27	10	25
ENSG00000259280	180	94	232
ENSG00000259283	314	208	407
ENSG00000259294	1	9	9
ENSG00000259296	40	32	69
ENSG00000259306	35	21	46
ENSG00000259309	52	34	80
ENSG00000259312	9	5	16
ENSG00000259314	66	42	82
ENSG00000259316	128	93	213
ENSG00000259321	23	19	33
ENSG00000259322	6	6	8
ENSG00000259326	16	7	31
ENSG00000259327	26	8	34
ENSG00000259331	0	0	4
ENSG00000259336	2057	1471	2696
ENSG00000259345	2631	2044	4035
ENSG00000259351	21	21	30
ENSG00000259353	52	39	91
ENSG00000259360	14	5	15
ENSG00000259362	63	38	66
ENSG00000259363	4030	2604	5701
ENSG00000259364	4	2	5
ENSG00000259365	3	0	3
ENSG00000259368	8	5	5
ENSG00000259370	219	142	287
ENSG00000259371	97	106	146
ENSG00000259375	8	5	10
ENSG00000259376	24	20	38
ENSG00000259383	4	2	5
ENSG00000259385	35	17	30
ENSG00000259390	33	17	40
ENSG00000259395	6	10	4
ENSG00000259403	204	133	261
ENSG00000259407	158	149	246
ENSG00000259408	118	115	160
ENSG00000259410	302	201	390
ENSG00000259420	267	182	345
ENSG00000259422	25	19	37
ENSG00000259434	436	280	612
ENSG00000259436	17	6	25
ENSG00000259437	538	315	470
ENSG00000259442	48	26	58
ENSG00000259460	137	92	180
ENSG00000259463	16	8	8
ENSG00000259468	12	5	7
ENSG00000259474	8	7	24
ENSG00000259478	28	19	24
ENSG00000259483	17	11	23
ENSG00000259499	7	6	12
ENSG00000259503	38	26	54
ENSG00000259504	56	41	82
ENSG00000259508	8	4	10
ENSG00000259514	32	20	23
ENSG00000259519	464	330	607
ENSG00000259522	43	9	42
ENSG00000259523	14	9	16
ENSG00000259528	2	1	4
ENSG00000259529	22	13	38
ENSG00000259530	12	3	10
ENSG00000259532	69	68	108
ENSG00000259534	3	1	3
ENSG00000259536	268	231	442
ENSG00000259539	357	233	487
ENSG00000259540	3	2	5
ENSG00000259542	36	30	65
ENSG00000259543	732	468	773
ENSG00000259544	17	8	9
ENSG00000259546	971	659	1266
ENSG00000259548	10	5	18
ENSG00000259551	5	4	8
ENSG00000259553	0	0	2
ENSG00000259555	11	6	10
ENSG00000259560	1127	796	1446
ENSG00000259563	40	25	47
ENSG00000259564	277	178	399
ENSG00000259575	7	7	8
ENSG00000259579	740	502	890
ENSG00000259580	162	111	247
ENSG00000259582	40	25	62
ENSG00000259584	27	19	32
ENSG00000259587	6	2	6
ENSG00000259588	8	7	8
ENSG00000259589	119	78	159
ENSG00000259598	19	16	29
ENSG00000259602	19	21	25
ENSG00000259605	56	42	77
ENSG00000259607	7	5	6
ENSG00000259615	5	2	4
ENSG00000259616	1019	676	1249
ENSG00000259617	23	20	32
ENSG00000259620	109	75	172
ENSG00000259624	22	23	29
ENSG00000259627	51	28	39
ENSG00000259628	3542	2693	5372
ENSG00000259631	25	16	42
ENSG00000259635	295	195	332
ENSG00000259639	1404	999	1802
ENSG00000259647	97	56	128
ENSG00000259652	11	8	8
ENSG00000259654	7	3	4
ENSG00000259656	5	2	8
ENSG00000259669	157	101	202
ENSG00000259672	109	72	163
ENSG00000259675	193	118	220
ENSG00000259676	16	9	20
ENSG00000259678	216	192	324
ENSG00000259681	25	17	28
ENSG00000259684	12	11	11
ENSG00000259694	2	2	6
ENSG00000259697	33	29	48
ENSG00000259700	23	21	40
ENSG00000259702	48	46	61
ENSG00000259704	117	99	205
ENSG00000259709	103	62	132
ENSG00000259711	398	257	508
ENSG00000259712	142	110	180
ENSG00000259713	325	246	472
ENSG00000259715	7	5	2
ENSG00000259725	21	12	25
ENSG00000259727	16	15	18
ENSG00000259731	7	5	4
ENSG00000259732	80	51	163
ENSG00000259734	0	0	2
ENSG00000259737	177	92	250
ENSG00000259753	711	393	729
ENSG00000259754	830	546	1328
ENSG00000259756	33	27	44
ENSG00000259757	17	18	22
ENSG00000259759	12	13	14
ENSG00000259760	46	44	57
ENSG00000259762	41	30	63
ENSG00000259773	9	7	10
ENSG00000259774	11	6	16
ENSG00000259776	10	10	11
ENSG00000259780	10	8	18
ENSG00000259784	8	0	13
ENSG00000259789	9	8	10
ENSG00000259791	0	0	3
ENSG00000259792	10	9	14
ENSG00000259793	5	7	8
ENSG00000259798	1	0	0
ENSG00000259805	352	267	482
ENSG00000259807	36	23	36
ENSG00000259813	6	6	15
ENSG00000259814	8	3	8
ENSG00000259817	6	3	12
ENSG00000259819	18	13	21
ENSG00000259827	8	14	18
ENSG00000259828	9	11	19
ENSG00000259840	4	5	0
ENSG00000259846	658	453	906
ENSG00000259861	0	0	2
ENSG00000259862	61	18	73
ENSG00000259865	224	146	297
ENSG00000259868	276	235	394
ENSG00000259869	21	15	29
ENSG00000259870	3	4	4
ENSG00000259876	4	1	5
ENSG00000259878	2	1	2
ENSG00000259881	55	45	85
ENSG00000259889	5	7	19
ENSG00000259891	288	248	458
ENSG00000259906	21	19	28
ENSG00000259907	2	0	2
ENSG00000259912	27	22	30
ENSG00000259920	14	12	13
ENSG00000259923	9	5	14
ENSG00000259925	233	164	369
ENSG00000259928	6	1	4
ENSG00000259929	245	142	264
ENSG00000259940	12	7	18
ENSG00000259941	107	57	123
ENSG00000259945	9	10	18
ENSG00000259952	12	10	10
ENSG00000259955	9	9	12
ENSG00000259959	115	77	192
ENSG00000259961	5	13	7
ENSG00000259968	6	3	6
ENSG00000259969	13	15	17
ENSG00000259972	3899	3098	5868
ENSG00000259981	16	12	28
ENSG00000259985	2	3	1
ENSG00000259986	1486	1108	2139
ENSG00000259989	42	28	74
ENSG00000259992	548	466	728
ENSG00000259994	51	25	48
ENSG00000259995	1126	601	1277
ENSG00000259998	3	1	2
ENSG00000260000	119	66	115
ENSG00000260003	50	26	60
ENSG00000260004	6	1	3
ENSG00000260007	135	91	133
ENSG00000260008	30	26	40
ENSG00000260011	51	37	66
ENSG00000260017	67	46	90
ENSG00000260021	5	3	1
ENSG00000260022	0	2	10
ENSG00000260029	19	4	28
ENSG00000260037	65	58	100
ENSG00000260041	36	25	72
ENSG00000260042	60	30	66
ENSG00000260046	8	10	10
ENSG00000260058	135	66	191
ENSG00000260059	10	11	12
ENSG00000260060	41	22	67
ENSG00000260063	55	44	83
ENSG00000260066	3	6	12
ENSG00000260070	4	2	4
ENSG00000260071	370	248	456
ENSG00000260072	78	66	109
ENSG00000260073	8	3	8
ENSG00000260077	70	43	70
ENSG00000260084	37	21	43
ENSG00000260086	404	280	603
ENSG00000260090	5	4	8
ENSG00000260091	10	4	4
ENSG00000260092	3	2	3
ENSG00000260095	16	11	23
ENSG00000260100	6	4	8
ENSG00000260107	17	4	7
ENSG00000260111	275	187	296
ENSG00000260120	49	26	59
ENSG00000260121	19	14	33
ENSG00000260122	13	11	10
ENSG00000260126	320	253	501
ENSG00000260136	148	119	224
ENSG00000260141	19	15	40
ENSG00000260142	5	5	4
ENSG00000260145	13	14	29
ENSG00000260158	15	8	19
ENSG00000260162	46	20	46
ENSG00000260166	31	27	29
ENSG00000260167	606	495	892
ENSG00000260170	95	73	122
ENSG00000260171	0	2	1
ENSG00000260173	33	26	49
ENSG00000260176	0	0	6
ENSG00000260177	128	80	186
ENSG00000260179	16	21	30
ENSG00000260185	15	15	23
ENSG00000260188	3	0	9
ENSG00000260190	14	7	18
ENSG00000260194	6	4	9
ENSG00000260196	25	13	18
ENSG00000260201	0	2	8
ENSG00000260202	86	64	133
ENSG00000260205	7	7	14
ENSG00000260206	11	3	16
ENSG00000260217	13	3	6
ENSG00000260223	88	74	122
ENSG00000260234	63	40	72
ENSG00000260235	26	4	21
ENSG00000260237	18	11	18
ENSG00000260242	35	14	46
ENSG00000260249	211	141	376
ENSG00000260252	21	10	19
ENSG00000260253	6	4	10
ENSG00000260254	22	12	22
ENSG00000260256	0	0	1
ENSG00000260257	71	47	69
ENSG00000260262	0	7	4
ENSG00000260267	264	243	428
ENSG00000260269	553	388	770
ENSG00000260271	245	153	335
ENSG00000260272	94	35	82
ENSG00000260273	25	23	33
ENSG00000260274	24	20	38
ENSG00000260277	34	17	19
ENSG00000260279	19	10	16
ENSG00000260288	152	103	199
ENSG00000260289	805	505	1212
ENSG00000260296	186	143	247
ENSG00000260303	7	7	23
ENSG00000260304	14	4	16
ENSG00000260306	82	41	108
ENSG00000260312	3	0	0
ENSG00000260322	8	1	3
ENSG00000260328	8	3	12
ENSG00000260331	50	20	58
ENSG00000260337	58	46	105
ENSG00000260342	58	50	99
ENSG00000260345	18	14	41
ENSG00000260348	21	11	29
ENSG00000260349	13	3	14
ENSG00000260360	22	16	29
ENSG00000260362	23	26	39
ENSG00000260364	943	614	1169
ENSG00000260366	17	14	18
ENSG00000260367	28	27	52
ENSG00000260368	30	18	58
ENSG00000260369	6	1	12
ENSG00000260370	0	2	0
ENSG00000260371	138	105	167
ENSG00000260377	19	13	41
ENSG00000260378	46	33	86
ENSG00000260381	59	41	82
ENSG00000260387	3	2	3
ENSG00000260390	44	29	54
ENSG00000260392	831	692	854
ENSG00000260398	22	35	23
ENSG00000260400	82	50	97
ENSG00000260402	6	1	5
ENSG00000260403	4	4	3
ENSG00000260406	2	1	2
ENSG00000260409	57	43	69
ENSG00000260416	2	0	6
ENSG00000260418	7	5	4
ENSG00000260422	11	5	9
ENSG00000260425	52	55	95
ENSG00000260426	7	3	14
ENSG00000260430	123	88	173
ENSG00000260441	39	26	49
ENSG00000260447	6	3	6
ENSG00000260457	67	47	83
ENSG00000260460	21	23	23
ENSG00000260464	23	19	46
ENSG00000260465	71	41	89
ENSG00000260467	99	54	110
ENSG00000260473	158	130	270
ENSG00000260476	10	7	12
ENSG00000260478	31	25	35
ENSG00000260484	7	5	9
ENSG00000260495	49	51	80
ENSG00000260496	39	33	42
ENSG00000260498	42	27	54
ENSG00000260500	17	4	19
ENSG00000260504	3	2	5
ENSG00000260505	10	5	10
ENSG00000260507	79	76	118
ENSG00000260509	19	14	18
ENSG00000260510	224	121	299
ENSG00000260515	0	2	0
ENSG00000260520	17	16	30
ENSG00000260530	12	5	18
ENSG00000260532	20	8	10
ENSG00000260536	233	163	322
ENSG00000260537	121	85	177
ENSG00000260542	5	7	11
ENSG00000260550	0	4	5
ENSG00000260555	33	16	25
ENSG00000260563	78	61	106
ENSG00000260564	16	6	11
ENSG00000260568	1	1	3
ENSG00000260569	73	41	86
ENSG00000260570	37	24	64
ENSG00000260573	496	324	682
ENSG00000260575	1	0	4
ENSG00000260578	32	17	27
ENSG00000260580	23	27	46
ENSG00000260581	17	4	16
ENSG00000260583	18	6	18
ENSG00000260585	46	17	41
ENSG00000260593	20	15	31
ENSG00000260594	10	8	21
ENSG00000260605	18	8	20
ENSG00000260611	3	1	8
ENSG00000260612	3	0	8
ENSG00000260613	54	25	69
ENSG00000260617	0	5	3
ENSG00000260618	56	42	83
ENSG00000260619	7	8	18
ENSG00000260620	3	3	2
ENSG00000260621	27	20	38
ENSG00000260624	11	3	9
ENSG00000260633	9	9	17
ENSG00000260634	20	12	14
ENSG00000260635	17	15	13
ENSG00000260640	4	4	13
ENSG00000260642	7	3	10
ENSG00000260645	65	54	101
ENSG00000260646	61	47	123
ENSG00000260647	39	27	52
ENSG00000260651	8	1	3
ENSG00000260657	97	68	132
ENSG00000260658	2555	1872	3117
ENSG00000260659	5	7	4
ENSG00000260661	578	390	843
ENSG00000260664	285	192	411
ENSG00000260669	3	4	4
ENSG00000260670	14	12	13
ENSG00000260672	15	20	17
ENSG00000260673	28	22	33
ENSG00000260677	8	6	6
ENSG00000260679	20	16	27
ENSG00000260681	3	6	5
ENSG00000260683	0	3	5
ENSG00000260693	46	32	77
ENSG00000260694	16	9	21
ENSG00000260695	5	5	12
ENSG00000260698	15	9	25
ENSG00000260701	136	87	170
ENSG00000260706	362	272	453
ENSG00000260715	8	4	2
ENSG00000260719	5	10	7
ENSG00000260721	7	5	10
ENSG00000260725	65	31	88
ENSG00000260729	2948	2221	3943
ENSG00000260740	20	21	23
ENSG00000260741	52	38	75
ENSG00000260743	15	13	17
ENSG00000260744	17	18	17
ENSG00000260750	14	8	18
ENSG00000260755	2	6	3
ENSG00000260756	21	26	37
ENSG00000260759	10	7	16
ENSG00000260763	4	4	7
ENSG00000260771	2	6	6
ENSG00000260773	226	202	348
ENSG00000260777	11	2	11
ENSG00000260779	22	8	27
ENSG00000260786	9	5	9
ENSG00000260793	104	94	124
ENSG00000260796	46	35	58
ENSG00000260798	29	23	38
ENSG00000260803	92	51	114
ENSG00000260805	73	52	73
ENSG00000260808	52	39	49
ENSG00000260810	6	4	11
ENSG00000260814	4	0	5
ENSG00000260823	22	7	31
ENSG00000260830	9	6	11
ENSG00000260832	99	71	117
ENSG00000260834	93	74	114
ENSG00000260836	29	24	45
ENSG00000260838	9	9	9
ENSG00000260845	0	1	0
ENSG00000260847	4	2	5
ENSG00000260850	717	505	914
ENSG00000260851	534	434	673
ENSG00000260855	213	119	220
ENSG00000260857	0	0	4
ENSG00000260858	37	20	49
ENSG00000260861	8	9	6
ENSG00000260867	72	39	77
ENSG00000260871	0	1	0
ENSG00000260874	74	49	86
ENSG00000260877	112	144	145
ENSG00000260879	46	39	35
ENSG00000260891	65	45	98
ENSG00000260892	15	6	7
ENSG00000260899	55	45	94
ENSG00000260907	3	3	12
ENSG00000260911	227	194	276
ENSG00000260912	52	47	77
ENSG00000260914	49	29	58
ENSG00000260917	126	77	158
ENSG00000260918	69	26	74
ENSG00000260919	64	25	47
ENSG00000260920	21	12	28
ENSG00000260922	426	250	475
ENSG00000260926	118	119	169
ENSG00000260927	266	169	366
ENSG00000260932	2	1	2
ENSG00000260934	3	1	9
ENSG00000260937	124	62	170
ENSG00000260945	0	0	3
ENSG00000260947	42	44	46
ENSG00000260948	40	29	60
ENSG00000260949	81	67	110
ENSG00000260951	377	239	439
ENSG00000260953	11	3	11
ENSG00000260955	41	37	99
ENSG00000260957	3	2	0
ENSG00000260958	174	105	193
ENSG00000260959	8	3	2
ENSG00000260970	310	209	341
ENSG00000260971	380	216	477
ENSG00000260972	6	1	10
ENSG00000260973	4	4	5
ENSG00000260974	0	0	1
ENSG00000260975	159	112	211
ENSG00000260978	11	7	23
ENSG00000260981	8	4	17
ENSG00000260983	98	41	127
ENSG00000260989	105	72	141
ENSG00000260990	85	67	149
ENSG00000260995	173	110	208
ENSG00000260996	13	3	6
ENSG00000260997	12	15	15
ENSG00000260999	130	98	144
ENSG00000261000	12	8	15
ENSG00000261003	22	17	26
ENSG00000261012	4	5	3
ENSG00000261018	67	45	95
ENSG00000261019	10	8	13
ENSG00000261020	8	4	12
ENSG00000261025	4	1	4
ENSG00000261026	69	33	59
ENSG00000261028	348	249	416
ENSG00000261030	5	2	2
ENSG00000261035	5	0	7
ENSG00000261036	148	111	205
ENSG00000261037	14	2	13
ENSG00000261038	3	0	8
ENSG00000261043	11	3	14
ENSG00000261049	74	47	92
ENSG00000261051	19	6	19
ENSG00000261055	10	8	16
ENSG00000261058	136	104	186
ENSG00000261060	5	3	6
ENSG00000261063	244	127	256
ENSG00000261065	5	8	8
ENSG00000261066	16	7	24
ENSG00000261067	0	3	8
ENSG00000261070	194	103	244
ENSG00000261071	26	15	41
ENSG00000261076	4	5	12
ENSG00000261078	4	2	3
ENSG00000261079	18	19	43
ENSG00000261090	25	16	49
ENSG00000261093	11	5	7
ENSG00000261094	101	106	126
ENSG00000261095	58	39	66
ENSG00000261096	33	23	56
ENSG00000261098	139	88	149
ENSG00000261101	51	37	80
ENSG00000261103	74	51	123
ENSG00000261104	9	5	16
ENSG00000261113	6	1	5
ENSG00000261117	34	25	35
ENSG00000261118	126	120	211
ENSG00000261120	12	7	13
ENSG00000261124	16	13	25
ENSG00000261129	16	11	19
ENSG00000261130	99	72	112
ENSG00000261135	5	2	12
ENSG00000261136	41	36	77
ENSG00000261140	6	11	16
ENSG00000261141	5	3	11
ENSG00000261146	10	9	18
ENSG00000261147	8	5	6
ENSG00000261158	4	1	6
ENSG00000261159	10	16	21
ENSG00000261161	76	70	99
ENSG00000261166	0	3	2
ENSG00000261167	26	34	53
ENSG00000261168	19	19	34
ENSG00000261170	338	247	384
ENSG00000261172	53	62	80
ENSG00000261177	40	35	65
ENSG00000261184	14	10	33
ENSG00000261191	162	87	209
ENSG00000261193	148	81	132
ENSG00000261198	3	1	2
ENSG00000261204	0	0	2
ENSG00000261207	6	2	4
ENSG00000261211	62	50	73
ENSG00000261213	8	2	9
ENSG00000261215	0	0	2
ENSG00000261216	18	9	30
ENSG00000261218	4	3	7
ENSG00000261222	27	12	33
ENSG00000261238	5	2	3
ENSG00000261240	0	2	5
ENSG00000261242	13	4	13
ENSG00000261243	15	5	12
ENSG00000261244	25	14	37
ENSG00000261248	16	10	19
ENSG00000261250	19	18	36
ENSG00000261253	23	18	30
ENSG00000261257	7	4	15
ENSG00000261260	92	46	118
ENSG00000261261	226	168	307
ENSG00000261265	20	16	46
ENSG00000261266	0	1	0
ENSG00000261267	120	73	117
ENSG00000261273	2252	1372	2080
ENSG00000261275	7	3	16
ENSG00000261276	7	4	9
ENSG00000261285	341	243	478
ENSG00000261293	5	5	4
ENSG00000261294	4	5	2
ENSG00000261296	5	5	14
ENSG00000261298	1	3	14
ENSG00000261305	58	31	57
ENSG00000261310	82	50	98
ENSG00000261312	46	35	77
ENSG00000261313	83	67	127
ENSG00000261314	8	5	5
ENSG00000261320	8	6	8
ENSG00000261324	105	85	168
ENSG00000261327	75	48	57
ENSG00000261329	119	87	152
ENSG00000261334	9	8	17
ENSG00000261335	19	30	41
ENSG00000261338	29	22	45
ENSG00000261346	46	21	58
ENSG00000261347	7	6	14
ENSG00000261350	4	3	3
ENSG00000261351	22	18	32
ENSG00000261357	3	4	2
ENSG00000261364	3	2	4
ENSG00000261367	10	9	11
ENSG00000261368	0	3	4
ENSG00000261376	5	1	4
ENSG00000261382	5	4	6
ENSG00000261385	6	3	7
ENSG00000261386	781	631	1065
ENSG00000261392	7	3	6
ENSG00000261393	15	4	14
ENSG00000261396	28	25	30
ENSG00000261398	6	4	8
ENSG00000261400	14	19	14
ENSG00000261402	24	25	54
ENSG00000261403	56	31	75
ENSG00000261407	9	9	19
ENSG00000261411	10	9	19
ENSG00000261421	11	8	17
ENSG00000261427	319	229	476
ENSG00000261433	2	2	4
ENSG00000261435	18	13	35
ENSG00000261436	421	305	549
ENSG00000261445	4	5	15
ENSG00000261447	6	3	8
ENSG00000261448	26	8	23
ENSG00000261449	12	9	12
ENSG00000261451	101	98	188
ENSG00000261459	189	111	219
ENSG00000261462	7	2	6
ENSG00000261467	10	11	19
ENSG00000261468	85	35	102
ENSG00000261470	8	4	11
ENSG00000261472	58	40	59
ENSG00000261474	427	315	502
ENSG00000261478	0	0	0
ENSG00000261482	5	5	10
ENSG00000261487	6	4	12
ENSG00000261489	6	0	4
ENSG00000261502	664	468	864
ENSG00000261505	29	24	50
ENSG00000261512	23	10	32
ENSG00000261513	9	8	12
ENSG00000261519	25	17	44
ENSG00000261526	76	82	111
ENSG00000261532	10	13	23
ENSG00000261535	3	5	11
ENSG00000261538	9	6	12
ENSG00000261540	489	279	598
ENSG00000261541	3	5	2
ENSG00000261542	26	15	50
ENSG00000261543	127	86	168
ENSG00000261546	7	6	4
ENSG00000261552	5	4	9
ENSG00000261553	285	216	333
ENSG00000261555	0	2	2
ENSG00000261569	5	2	5
ENSG00000261572	15	20	12
ENSG00000261578	55	43	97
ENSG00000261582	37	14	32
ENSG00000261583	3	0	3
ENSG00000261592	60	50	54
ENSG00000261600	30	11	20
ENSG00000261604	19	15	23
ENSG00000261606	9	3	16
ENSG00000261610	7	9	15
ENSG00000261611	5	9	15
ENSG00000261613	4	2	4
ENSG00000261625	43	25	74
ENSG00000261629	8	3	9
ENSG00000261630	3	1	7
ENSG00000261633	78	63	79
ENSG00000261638	141	109	179
ENSG00000261641	5	5	4
ENSG00000261642	11	8	13
ENSG00000261646	5	2	6
ENSG00000261650	23	13	46
ENSG00000261653	7	5	2
ENSG00000261654	19	12	22
ENSG00000261655	10	12	17
ENSG00000261659	98	49	148
ENSG00000261668	59	35	51
ENSG00000261669	144	86	144
ENSG00000261670	10	10	24
ENSG00000261671	4	9	6
ENSG00000261673	13	8	22
ENSG00000261693	14	10	12
ENSG00000261707	5	3	9
ENSG00000261710	5	2	9
ENSG00000261717	122	95	166
ENSG00000261720	8	1	7
ENSG00000261722	93	45	75
ENSG00000261728	6	5	9
ENSG00000261729	35	25	46
ENSG00000261731	12	7	16
ENSG00000261732	7	7	18
ENSG00000261751	29	23	33
ENSG00000261757	11	13	13
ENSG00000261762	2	1	6
ENSG00000261763	16	6	17
ENSG00000261766	99	102	140
ENSG00000261775	54	58	103
ENSG00000261779	5	1	3
ENSG00000261786	53	43	90
ENSG00000261789	5	0	2
ENSG00000261790	16	15	21
ENSG00000261793	8	4	4
ENSG00000261795	15	11	17
ENSG00000261798	1	1	2
ENSG00000261799	48	60	91
ENSG00000261800	7	3	5
ENSG00000261804	45	33	89
ENSG00000261810	29	19	42
ENSG00000261815	12	3	3
ENSG00000261816	15	11	14
ENSG00000261817	34	20	32
ENSG00000261818	155	105	235
ENSG00000261821	53	27	74
ENSG00000261822	24	8	30
ENSG00000261823	80	39	80
ENSG00000261826	14	6	14
ENSG00000261829	16	3	11
ENSG00000261831	73	38	71
ENSG00000261832	25	10	36
ENSG00000261839	25	16	32
ENSG00000261842	2	3	4
ENSG00000261845	60	45	79
ENSG00000261848	152	99	298
ENSG00000261864	72	47	78
ENSG00000261872	4	4	8
ENSG00000261884	37	18	27
ENSG00000261888	44	34	53
ENSG00000261889	17	27	18
ENSG00000261898	24	16	31
ENSG00000261924	30	20	27
ENSG00000261938	10	9	12
ENSG00000261959	8	14	15
ENSG00000261976	12	5	10
ENSG00000261978	57	31	68
ENSG00000261996	8	8	11
ENSG00000262003	32	14	38
ENSG00000262006	3	3	0
ENSG00000262011	4	4	4
ENSG00000262020	28	28	50
ENSG00000262039	581	439	761
ENSG00000262049	74	53	76
ENSG00000262050	93	69	107
ENSG00000262052	109	61	133
ENSG00000262079	28	15	27
ENSG00000262094	3	1	4
ENSG00000262112	11	7	5
ENSG00000262115	13	12	23
ENSG00000262116	14	5	16
ENSG00000262151	80	42	126
ENSG00000262160	40	56	83
ENSG00000262171	6	5	5
ENSG00000262198	145	102	260
ENSG00000262202	13	6	16
ENSG00000262211	24	15	34
ENSG00000262213	80	63	115
ENSG00000262227	104	85	115
ENSG00000262231	74	31	89
ENSG00000262267	188	144	285
ENSG00000262296	0	0	4
ENSG00000262298	4	3	3
ENSG00000262302	136	84	151
ENSG00000262312	102	77	115
ENSG00000262313	6	5	11
ENSG00000262319	0	1	0
ENSG00000262332	8	3	4
ENSG00000262339	8	4	6
ENSG00000262343	0	3	3
ENSG00000262358	5	5	7
ENSG00000262362	3	6	4
ENSG00000262370	173	105	174
ENSG00000262372	1	0	2
ENSG00000262412	45	40	59
ENSG00000262413	21	16	34
ENSG00000262429	153	98	182
ENSG00000262456	17	7	14
ENSG00000262521	7	2	8
ENSG00000262526	44	30	73
ENSG00000262528	16	10	24
ENSG00000262529	31	26	40
ENSG00000262533	5	10	6
ENSG00000262560	377	259	505
ENSG00000262580	138	70	162
ENSG00000262624	24	16	15
ENSG00000262633	271	170	450
ENSG00000262660	57	47	64
ENSG00000262662	4	7	6
ENSG00000262668	185	121	228
ENSG00000262681	13	16	21
ENSG00000262714	8	8	23
ENSG00000262721	25	6	23
ENSG00000262730	18	7	18
ENSG00000262732	19	9	24
ENSG00000262768	9	13	22
ENSG00000262769	188	125	250
ENSG00000262786	16	5	15
ENSG00000262801	923	665	1186
ENSG00000262823	32	25	58
ENSG00000262833	12	13	10
ENSG00000262837	27	17	48
ENSG00000262873	62	47	73
ENSG00000262877	99	77	151
ENSG00000262880	26	19	29
ENSG00000262881	11	9	16
ENSG00000262898	383	277	452
ENSG00000262899	14	8	20
ENSG00000262905	3	0	6
ENSG00000262921	26	23	39
ENSG00000262950	79	36	94
ENSG00000262966	36	42	50
ENSG00000262967	14	10	12
ENSG00000262983	54	29	97
ENSG00000262995	16	5	14
ENSG00000262999	43	39	67
ENSG00000263011	16	8	17
ENSG00000263015	25	21	54
ENSG00000263033	214	180	341
ENSG00000263041	0	1	4
ENSG00000263051	4	2	4
ENSG00000263063	15	13	18
ENSG00000263065	0	3	1
ENSG00000263080	21	16	33
ENSG00000263089	65	34	65
ENSG00000263098	6	2	12
ENSG00000263105	19	24	25
ENSG00000263110	10	1	8
ENSG00000263126	13	3	19
ENSG00000263154	81	58	92
ENSG00000263159	4	1	8
ENSG00000263164	3	2	0
ENSG00000263167	0	4	7
ENSG00000263171	26	19	29
ENSG00000263176	19	5	11
ENSG00000263207	2	2	4
ENSG00000263212	106	111	155
ENSG00000263218	2	2	2
ENSG00000263234	6	3	3
ENSG00000263235	19	15	23
ENSG00000263253	3	2	6
ENSG00000263271	5	2	4
ENSG00000263272	31	33	63
ENSG00000263279	18	11	8
ENSG00000263280	11	4	16
ENSG00000263301	29	34	41
ENSG00000263321	13	12	15
ENSG00000263325	19	17	28
ENSG00000263331	189	101	242
ENSG00000263342	11	0	12
ENSG00000263382	9	3	11
ENSG00000263388	3	2	9
ENSG00000263393	18	13	33
ENSG00000263424	62	33	62
ENSG00000263427	11	4	7
ENSG00000263450	10	5	8
ENSG00000263466	3	3	10
ENSG00000263477	11	9	13
ENSG00000263489	135	263	192
ENSG00000263494	317	161	460
ENSG00000263531	47	46	84
ENSG00000263547	71	63	86
ENSG00000263551	803	587	1252
ENSG00000263567	15	12	11
ENSG00000263571	27	19	44
ENSG00000263574	83	52	116
ENSG00000263588	12	11	16
ENSG00000263594	430	270	565
ENSG00000263603	385	240	556
ENSG00000263611	65	44	75
ENSG00000263612	0	1	3
ENSG00000263613	0	2	6
ENSG00000263618	28	12	30
ENSG00000263620	65	56	93
ENSG00000263622	14	2	9
ENSG00000263624	142	112	190
ENSG00000263635	83	59	84
ENSG00000263637	9	2	5
ENSG00000263644	111	74	112
ENSG00000263655	367	242	540
ENSG00000263657	205	117	242
ENSG00000263674	2	0	3
ENSG00000263680	12	8	18
ENSG00000263683	10	5	10
ENSG00000263684	24	16	30
ENSG00000263707	27	14	28
ENSG00000263708	246	201	308
ENSG00000263709	149	84	177
ENSG00000263745	1823	1180	2422
ENSG00000263756	44	17	48
ENSG00000263765	301	209	410
ENSG00000263797	17	10	15
ENSG00000263798	126	99	159
ENSG00000263809	64	49	84
ENSG00000263821	5	0	4
ENSG00000263823	25	13	26
ENSG00000263826	65	50	68
ENSG00000263847	52	41	57
ENSG00000263859	3	3	5
ENSG00000263860	5	2	3
ENSG00000263863	66	35	73
ENSG00000263893	1	2	2
ENSG00000263917	182	163	232
ENSG00000263923	488	330	690
ENSG00000263924	4	4	2
ENSG00000263952	54	44	88
ENSG00000263982	24	15	37
ENSG00000263990	91	86	137
ENSG00000264000	20	6	23
ENSG00000264012	3	1	1
ENSG00000264015	381	293	616
ENSG00000264016	134	97	189
ENSG00000264019	22	16	21
ENSG00000264023	8	3	10
ENSG00000264044	8	3	16
ENSG00000264058	20	11	35
ENSG00000264066	6	22	11
ENSG00000264067	72	37	67
ENSG00000264072	4	0	3
ENSG00000264083	68	55	92
ENSG00000264108	18	17	32
ENSG00000264116	40	33	77
ENSG00000264125	19	10	35
ENSG00000264131	3	2	5
ENSG00000264149	153	105	179
ENSG00000264151	906	596	1236
ENSG00000264174	1	0	2
ENSG00000264177	13	16	19
ENSG00000264187	71	67	120
ENSG00000264196	0	4	0
ENSG00000264212	9	4	13
ENSG00000264215	0	4	0
ENSG00000264243	7	7	7
ENSG00000264254	51	25	63
ENSG00000264262	18	17	35
ENSG00000264272	19	11	30
ENSG00000264273	3	4	12
ENSG00000264304	3	2	10
ENSG00000264324	782	473	922
ENSG00000264339	21	16	21
ENSG00000264365	38	27	67
ENSG00000264421	5	5	4
ENSG00000264422	8	1	7
ENSG00000264434	6	4	3
ENSG00000264449	54	26	60
ENSG00000264451	58	49	71
ENSG00000264472	5	7	14
ENSG00000264475	7	10	13
ENSG00000264486	27	24	43
ENSG00000264488	23	13	25
ENSG00000264490	17	32	19
ENSG00000264491	4	2	15
ENSG00000264513	51	33	50
ENSG00000264514	14	7	16
ENSG00000264520	96	61	96
ENSG00000264545	269	204	382
ENSG00000264548	24	24	41
ENSG00000264558	2	1	0
ENSG00000264577	27	12	15
ENSG00000264578	48	34	66
ENSG00000264587	96	69	110
ENSG00000264595	27	61	53
ENSG00000264622	109	52	129
ENSG00000264634	31	34	60
ENSG00000264643	3	0	0
ENSG00000264666	242	180	330
ENSG00000264668	154	96	169
ENSG00000264693	7	6	7
ENSG00000264695	5	2	6
ENSG00000264701	48	34	77
ENSG00000264705	108	98	126
ENSG00000264734	23	20	38
ENSG00000264735	3	6	3
ENSG00000264739	23	7	19
ENSG00000264750	10	6	17
ENSG00000264765	3	0	4
ENSG00000264772	26	17	26
ENSG00000264785	2	1	8
ENSG00000264790	4	6	16
ENSG00000264791	15	5	7
ENSG00000264808	465	295	609
ENSG00000264813	62	31	86
ENSG00000264825	37	22	65
ENSG00000264829	2	2	5
ENSG00000264843	16	9	21
ENSG00000264860	64	44	84
ENSG00000264869	50	41	82
ENSG00000264876	248	176	332
ENSG00000264880	4	4	5
ENSG00000264924	61	47	84
ENSG00000264932	11	5	6
ENSG00000264937	3	9	7
ENSG00000264956	46	36	65
ENSG00000264982	14	12	12
ENSG00000264990	8	2	4
ENSG00000265008	12	3	19
ENSG00000265046	4	0	3
ENSG00000265055	33	32	51
ENSG00000265069	8	4	4
ENSG00000265073	58	48	90
ENSG00000265091	15	5	20
ENSG00000265100	9	11	25
ENSG00000265101	5	8	5
ENSG00000265115	22	15	31
ENSG00000265118	18	5	10
ENSG00000265128	32	18	44
ENSG00000265194	6	7	11
ENSG00000265204	92	68	162
ENSG00000265205	13	8	23
ENSG00000265217	102	60	143
ENSG00000265218	48	118	67
ENSG00000265246	15	20	18
ENSG00000265254	28	20	47
ENSG00000265257	43	25	50
ENSG00000265265	0	2	3
ENSG00000265282	10	5	9
ENSG00000265289	12	3	11
ENSG00000265303	24	24	44
ENSG00000265334	547	436	706
ENSG00000265342	4	6	8
ENSG00000265349	41	40	80
ENSG00000265359	118	57	189
ENSG00000265378	3	3	9
ENSG00000265380	13	11	12
ENSG00000265393	28	18	22
ENSG00000265394	109	69	120
ENSG00000265399	230	163	305
ENSG00000265400	23	18	31
ENSG00000265408	168	129	225
ENSG00000265425	31	12	38
ENSG00000265443	0	8	11
ENSG00000265445	60	37	60
ENSG00000265474	39	17	44
ENSG00000265478	7	3	15
ENSG00000265484	100	53	126
ENSG00000265490	1	4	2
ENSG00000265494	6	2	6
ENSG00000265496	35	31	52
ENSG00000265519	4	0	2
ENSG00000265542	381	259	560
ENSG00000265547	0	0	3
ENSG00000265552	7	4	9
ENSG00000265554	386	260	566
ENSG00000265618	7	8	7
ENSG00000265643	363	230	447
ENSG00000265644	5	7	19
ENSG00000265656	27	17	37
ENSG00000265664	6	3	0
ENSG00000265670	70	62	91
ENSG00000265671	30	22	41
ENSG00000265678	10	7	21
ENSG00000265690	2	0	3
ENSG00000265697	7	10	15
ENSG00000265717	15	15	25
ENSG00000265728	81	60	100
ENSG00000265737	561	472	683
ENSG00000265739	10	9	21
ENSG00000265749	176	108	223
ENSG00000265781	73	50	105
ENSG00000265784	15	5	10
ENSG00000265794	146	109	182
ENSG00000265840	2	1	5
ENSG00000265844	183	112	235
ENSG00000265845	72	59	67
ENSG00000265908	0	3	7
ENSG00000265927	10	1	6
ENSG00000265935	0	0	3
ENSG00000265943	392	322	603
ENSG00000265964	6	4	3
ENSG00000265967	22	16	38
ENSG00000265971	8	4	16
ENSG00000265975	59	46	98
ENSG00000265980	202	131	258
ENSG00000265987	153	121	203
ENSG00000265994	463	314	668
ENSG00000265995	155	119	235
ENSG00000266002	9	7	10
ENSG00000266014	31	23	50
ENSG00000266049	509	375	751
ENSG00000266065	14	3	5
ENSG00000266076	1132	848	1700
ENSG00000266086	720	578	998
ENSG00000266088	42	42	71
ENSG00000266100	8	2	3
ENSG00000266102	14	8	30
ENSG00000266106	3	5	7
ENSG00000266111	176	118	220
ENSG00000266120	62	49	101
ENSG00000266149	20	11	21
ENSG00000266171	7	2	6
ENSG00000266196	0	0	0
ENSG00000266202	581	396	797
ENSG00000266213	12	4	5
ENSG00000266248	9	1	11
ENSG00000266261	22	19	41
ENSG00000266268	770	536	1143
ENSG00000266273	3	0	4
ENSG00000266279	4	1	3
ENSG00000266302	206	373	314
ENSG00000266311	6	4	3
ENSG00000266335	13	6	9
ENSG00000266340	3	8	12
ENSG00000266341	3	1	4
ENSG00000266368	254	178	325
ENSG00000266369	24	21	47
ENSG00000266385	86	84	128
ENSG00000266456	4	2	9
ENSG00000266460	50	34	53
ENSG00000266466	28	11	30
ENSG00000266469	38	34	71
ENSG00000266489	92	40	111
ENSG00000266490	192	115	248
ENSG00000266505	5	4	8
ENSG00000266521	1	0	5
ENSG00000266541	6	4	5
ENSG00000266560	47	27	67
ENSG00000266573	938	609	1238
ENSG00000266578	195	165	276
ENSG00000266586	16	16	25
ENSG00000266588	46	23	62
ENSG00000266598	3	3	7
ENSG00000266599	69	31	107
ENSG00000266602	1248	798	1773
ENSG00000266614	3	2	8
ENSG00000266642	6	10	9
ENSG00000266651	12	5	12
ENSG00000266667	289	217	319
ENSG00000266677	123	78	158
ENSG00000266680	10	13	24
ENSG00000266696	17	4	11
ENSG00000266711	11	7	14
ENSG00000266718	28	19	43
ENSG00000266728	34	22	33
ENSG00000266743	22	24	27
ENSG00000266765	34	27	39
ENSG00000266767	57	51	58
ENSG00000266774	6	5	4
ENSG00000266775	4	0	8
ENSG00000266821	25	15	25
ENSG00000266824	106	64	101
ENSG00000266830	7	8	10
ENSG00000266840	43	39	66
ENSG00000266846	430	255	491
ENSG00000266869	204	172	298
ENSG00000266872	12	4	4
ENSG00000266877	769	635	781
ENSG00000266901	0	2	0
ENSG00000266905	18	8	11
ENSG00000266908	410	313	546
ENSG00000266923	92	74	113
ENSG00000266924	26	9	37
ENSG00000266928	56	40	90
ENSG00000266929	206	154	331
ENSG00000266936	21	17	34
ENSG00000266941	9	7	5
ENSG00000266947	77	66	95
ENSG00000266951	5	4	3
ENSG00000266953	11	9	22
ENSG00000266957	107	83	218
ENSG00000266961	0	0	1
ENSG00000266963	9	2	11
ENSG00000266977	69	38	95
ENSG00000266980	5	2	11
ENSG00000266981	10	13	6
ENSG00000266985	4	1	5
ENSG00000266987	2	4	4
ENSG00000266990	20	9	18
ENSG00000266993	5	4	11
ENSG00000266994	294	199	365
ENSG00000266997	66	38	81
ENSG00000266998	91	67	105
ENSG00000267000	28	11	35
ENSG00000267001	37	28	45
ENSG00000267004	4	3	7
ENSG00000267006	7	0	6
ENSG00000267007	11	8	15
ENSG00000267009	551	393	686
ENSG00000267011	106	87	129
ENSG00000267015	6	4	4
ENSG00000267016	109	79	122
ENSG00000267022	134	102	160
ENSG00000267024	11	17	12
ENSG00000267026	154	91	158
ENSG00000267027	3	1	9
ENSG00000267030	16	9	20
ENSG00000267033	13	14	21
ENSG00000267035	3	2	2
ENSG00000267038	3	1	0
ENSG00000267039	88	64	117
ENSG00000267042	459	381	637
ENSG00000267044	3	2	5
ENSG00000267047	102	66	119
ENSG00000267049	12	13	20
ENSG00000267051	36	25	50
ENSG00000267055	170	97	228
ENSG00000267059	82	70	126
ENSG00000267061	19	7	22
ENSG00000267062	75	52	108
ENSG00000267069	18	9	17
ENSG00000267070	28	25	52
ENSG00000267072	56	39	74
ENSG00000267073	4	0	3
ENSG00000267075	11	5	10
ENSG00000267079	50	19	32
ENSG00000267081	63	49	111
ENSG00000267089	6	4	5
ENSG00000267090	12	16	15
ENSG00000267095	62	43	72
ENSG00000267098	856	630	1137
ENSG00000267101	253	164	318
ENSG00000267108	86	62	80
ENSG00000267109	197	112	225
ENSG00000267110	7	2	3
ENSG00000267114	67	58	127
ENSG00000267117	0	2	1
ENSG00000267124	7	2	5
ENSG00000267127	28	31	40
ENSG00000267130	65	64	112
ENSG00000267131	247	151	330
ENSG00000267133	15	9	20
ENSG00000267136	24	24	43
ENSG00000267137	14	7	18
ENSG00000267139	5	3	6
ENSG00000267141	26	12	23
ENSG00000267143	0	0	0
ENSG00000267149	22	26	35
ENSG00000267152	147	116	166
ENSG00000267159	2	0	2
ENSG00000267168	35	51	62
ENSG00000267173	38	39	57
ENSG00000267175	700	455	959
ENSG00000267177	12	10	8
ENSG00000267179	215	132	360
ENSG00000267188	58	29	85
ENSG00000267192	0	1	5
ENSG00000267198	24	14	24
ENSG00000267199	118	106	156
ENSG00000267202	14	7	23
ENSG00000267205	7	6	16
ENSG00000267211	6	5	10
ENSG00000267214	3	3	5
ENSG00000267215	25	4	31
ENSG00000267219	77	67	125
ENSG00000267223	146	108	183
ENSG00000267224	8	4	3
ENSG00000267228	69	41	106
ENSG00000267231	6	1	10
ENSG00000267232	27	12	29
ENSG00000267234	2	0	0
ENSG00000267238	4	8	8
ENSG00000267239	42	19	48
ENSG00000267240	20	15	30
ENSG00000267244	21	9	14
ENSG00000267246	27	15	34
ENSG00000267247	3	1	5
ENSG00000267248	257	177	361
ENSG00000267250	53	25	73
ENSG00000267251	69	58	91
ENSG00000267255	12	4	8
ENSG00000267257	12	15	15
ENSG00000267261	52	24	41
ENSG00000267273	13	24	36
ENSG00000267277	73	46	81
ENSG00000267279	42	28	65
ENSG00000267283	48	41	73
ENSG00000267284	774	593	1418
ENSG00000267286	6	2	8
ENSG00000267287	203	161	291
ENSG00000267303	1	2	4
ENSG00000267304	15	7	16
ENSG00000267314	41	33	73
ENSG00000267316	68	40	94
ENSG00000267318	116	90	139
ENSG00000267320	216	137	222
ENSG00000267328	51	21	43
ENSG00000267335	15	15	18
ENSG00000267338	15	12	25
ENSG00000267341	27	18	46
ENSG00000267342	22	18	26
ENSG00000267344	6	3	3
ENSG00000267345	95	73	118
ENSG00000267353	3	9	11
ENSG00000267356	0	0	0
ENSG00000267359	4	9	6
ENSG00000267360	108	80	138
ENSG00000267363	9	7	5
ENSG00000267364	44	24	30
ENSG00000267366	13	5	7
ENSG00000267372	6	6	9
ENSG00000267373	0	4	3
ENSG00000267378	19	12	30
ENSG00000267379	93	71	110
ENSG00000267383	2911	1989	4282
ENSG00000267385	11	6	15
ENSG00000267387	4	2	6
ENSG00000267388	11	14	16
ENSG00000267393	17	8	13
ENSG00000267397	20	12	29
ENSG00000267401	20	16	29
ENSG00000267405	44	26	90
ENSG00000267409	8	12	14
ENSG00000267420	25	17	18
ENSG00000267423	45	26	48
ENSG00000267426	94	72	143
ENSG00000267439	114	52	104
ENSG00000267443	1	4	6
ENSG00000267446	9	9	9
ENSG00000267448	83	47	99
ENSG00000267455	5	5	6
ENSG00000267458	4	3	0
ENSG00000267461	79	56	94
ENSG00000267462	27	13	28
ENSG00000267466	27	17	36
ENSG00000267469	9	11	13
ENSG00000267476	191	163	272
ENSG00000267477	24	16	41
ENSG00000267491	7	5	4
ENSG00000267501	7	1	4
ENSG00000267503	14	7	17
ENSG00000267505	3	3	9
ENSG00000267509	204	129	274
ENSG00000267510	19	7	22
ENSG00000267523	90	57	103
ENSG00000267529	5	5	12
ENSG00000267546	136	137	220
ENSG00000267547	16	5	16
ENSG00000267552	128	78	169
ENSG00000267555	17	8	11
ENSG00000267559	133	82	147
ENSG00000267560	0	0	2
ENSG00000267561	174	100	173
ENSG00000267563	5	3	8
ENSG00000267564	77	68	141
ENSG00000267565	16	15	23
ENSG00000267567	5	4	4
ENSG00000267568	64	48	79
ENSG00000267571	50	34	74
ENSG00000267574	1	1	3
ENSG00000267580	17	13	21
ENSG00000267581	281	249	340
ENSG00000267601	0	0	3
ENSG00000267605	235	213	342
ENSG00000267610	17	13	20
ENSG00000267612	3	8	5
ENSG00000267614	1	0	0
ENSG00000267615	5	5	9
ENSG00000267617	35	18	49
ENSG00000267618	101	62	111
ENSG00000267625	5	4	7
ENSG00000267627	32	22	45
ENSG00000267629	18	4	22
ENSG00000267633	13	10	15
ENSG00000267636	26	10	35
ENSG00000267638	39	26	46
ENSG00000267643	10	1	6
ENSG00000267646	12	5	32
ENSG00000267649	9	11	22
ENSG00000267650	14	7	6
ENSG00000267651	9	9	19
ENSG00000267665	62	40	70
ENSG00000267666	50	24	47
ENSG00000267670	4	1	3
ENSG00000267674	1	4	7
ENSG00000267675	3	4	4
ENSG00000267677	109	69	124
ENSG00000267688	17	17	14
ENSG00000267695	42	23	57
ENSG00000267698	461	352	609
ENSG00000267699	514	341	648
ENSG00000267703	13	11	32
ENSG00000267705	4	3	9
ENSG00000267706	0	2	4
ENSG00000267707	257	148	269
ENSG00000267709	24	16	27
ENSG00000267711	66	45	88
ENSG00000267722	6	6	4
ENSG00000267723	766	500	1176
ENSG00000267724	8	9	19
ENSG00000267727	5	3	7
ENSG00000267731	67	45	46
ENSG00000267732	78	54	119
ENSG00000267734	28	12	38
ENSG00000267735	16	16	33
ENSG00000267737	235	135	316
ENSG00000267740	107	67	126
ENSG00000267743	17	19	36
ENSG00000267745	136	86	166
ENSG00000267746	11	5	15
ENSG00000267748	72	83	102
ENSG00000267755	9	6	5
ENSG00000267758	2	3	4
ENSG00000267762	123	82	138
ENSG00000267769	15	13	16
ENSG00000267774	29	25	53
ENSG00000267780	26	23	40
ENSG00000267782	11	3	12
ENSG00000267783	2	2	5
ENSG00000267786	87	46	108
ENSG00000267787	3519	2096	3970
ENSG00000267789	15	14	17
ENSG00000267791	0	2	0
ENSG00000267801	54	36	45
ENSG00000267808	6	2	10
ENSG00000267811	22	20	16
ENSG00000267815	3	3	4
ENSG00000267827	228	183	304
ENSG00000267834	13	9	20
ENSG00000267838	105	67	149
ENSG00000267857	0	0	5
ENSG00000267868	9	5	12
ENSG00000267872	9	3	5
ENSG00000267879	185	129	249
ENSG00000267881	72	35	67
ENSG00000267882	25	19	43
ENSG00000267890	3	2	6
ENSG00000267892	20	26	35
ENSG00000267898	38	25	37
ENSG00000267919	3	4	12
ENSG00000267922	819	465	977
ENSG00000267924	174	123	218
ENSG00000267927	33	18	58
ENSG00000267934	12	8	20
ENSG00000267939	172	163	267
ENSG00000267940	30	35	45
ENSG00000267943	229	171	375
ENSG00000267952	18	13	33
ENSG00000267968	58	36	102
ENSG00000267984	28	22	37
ENSG00000267992	4	5	7
ENSG00000268027	18	13	34
ENSG00000268030	35	36	54
ENSG00000268047	29	18	43
ENSG00000268055	9	6	10
ENSG00000268056	72	51	84
ENSG00000268069	21	14	24
ENSG00000268078	3	0	3
ENSG00000268081	630	505	1301
ENSG00000268083	75	75	126
ENSG00000268087	115	89	156
ENSG00000268093	98	65	147
ENSG00000268107	60	43	79
ENSG00000268108	7	5	15
ENSG00000268112	28	36	34
ENSG00000268119	688	542	1313
ENSG00000268120	20	15	27
ENSG00000268133	37	27	62
ENSG00000268163	492	370	778
ENSG00000268170	15	15	23
ENSG00000268173	16	18	24
ENSG00000268184	77	60	101
ENSG00000268189	44	27	39
ENSG00000268191	2	0	0
ENSG00000268193	103	71	154
ENSG00000268199	26	33	28
ENSG00000268204	19	12	21
ENSG00000268218	30	17	44
ENSG00000268230	12	4	10
ENSG00000268240	21	16	36
ENSG00000268279	39	21	36
ENSG00000268287	6	8	13
ENSG00000268289	9	3	11
ENSG00000268296	17	14	17
ENSG00000268309	4	0	0
ENSG00000268326	41	14	50
ENSG00000268355	35	21	36
ENSG00000268361	42	41	62
ENSG00000268375	6	4	8
ENSG00000268390	16	26	45
ENSG00000268392	139	118	188
ENSG00000268400	72	43	68
ENSG00000268401	48	35	66
ENSG00000268416	66	61	97
ENSG00000268434	15	13	25
ENSG00000268458	16	22	25
ENSG00000268460	262	152	276
ENSG00000268465	47	32	62
ENSG00000268475	14	13	36
ENSG00000268505	16	13	29
ENSG00000268509	27	24	44
ENSG00000268530	44	36	61
ENSG00000268531	7	1	3
ENSG00000268533	310	233	468
ENSG00000268536	31	27	22
ENSG00000268555	107	88	129
ENSG00000268560	18	3	22
ENSG00000268566	46	26	60
ENSG00000268575	1503	1181	1899
ENSG00000268583	205	150	226
ENSG00000268584	124	107	172
ENSG00000268595	51	36	72
ENSG00000268597	4	3	6
ENSG00000268615	3	2	13
ENSG00000268618	5	2	9
ENSG00000268628	20	11	40
ENSG00000268635	44	13	53
ENSG00000268636	2	2	2
ENSG00000268643	147	98	193
ENSG00000268649	11	10	24
ENSG00000268650	700	554	1028
ENSG00000268673	20	12	26
ENSG00000268677	20	13	30
ENSG00000268678	38	20	36
ENSG00000268686	74	55	76
ENSG00000268739	0	0	1
ENSG00000268744	166	106	248
ENSG00000268745	3	2	11
ENSG00000268746	86	61	122
ENSG00000268750	157	117	192
ENSG00000268756	11	9	21
ENSG00000268764	4	1	3
ENSG00000268777	0	0	2
ENSG00000268790	15	13	20
ENSG00000268797	1205	906	1495
ENSG00000268798	16	17	28
ENSG00000268810	34	38	72
ENSG00000268823	12	7	28
ENSG00000268833	105	76	159
ENSG00000268836	35	19	34
ENSG00000268842	15	15	15
ENSG00000268845	6	0	2
ENSG00000268854	17	6	26
ENSG00000268870	479	310	666
ENSG00000268886	28	27	54
ENSG00000268896	16	7	9
ENSG00000268906	13	10	12
ENSG00000268912	81	58	97
ENSG00000268926	42	33	61
ENSG00000268931	24	17	28
ENSG00000268945	64	56	80
ENSG00000268981	933	815	1291
ENSG00000268985	11	2	15
ENSG00000269026	871	571	1188
ENSG00000269035	62	38	70
ENSG00000269043	550	393	770
ENSG00000269050	10	4	11
ENSG00000269066	35	27	39
ENSG00000269068	7	3	8
ENSG00000269072	122	67	129
ENSG00000269082	118	93	201
ENSG00000269085	5	3	6
ENSG00000269095	41	22	45
ENSG00000269102	137	98	167
ENSG00000269106	3	2	0
ENSG00000269110	484	446	661
ENSG00000269124	119	51	147
ENSG00000269125	6	7	9
ENSG00000269139	9	6	12
ENSG00000269155	23	14	35
ENSG00000269161	9	9	5
ENSG00000269177	5	3	8
ENSG00000269179	119	84	156
ENSG00000269191	15	13	23
ENSG00000269194	21	13	37
ENSG00000269210	3	3	1
ENSG00000269237	675	580	1050
ENSG00000269242	40	33	73
ENSG00000269256	17	9	22
ENSG00000269275	2	1	4
ENSG00000269288	0	1	3
ENSG00000269292	107	63	94
ENSG00000269296	10	2	12
ENSG00000269300	4	6	8
ENSG00000269307	0	2	2
ENSG00000269318	52	41	67
ENSG00000269349	4	2	2
ENSG00000269350	11	4	6
ENSG00000269353	4	2	4
ENSG00000269365	14	17	11
ENSG00000269371	5	1	5
ENSG00000269387	0	0	1
ENSG00000269392	35	33	63
ENSG00000269399	28	42	49
ENSG00000269403	18	14	34
ENSG00000269425	80	64	104
ENSG00000269427	17	13	25
ENSG00000269445	0	4	11
ENSG00000269446	0	1	0
ENSG00000269460	36	95	61
ENSG00000269469	32	36	46
ENSG00000269476	127	91	144
ENSG00000269480	4	5	3
ENSG00000269481	88	60	108
ENSG00000269482	39	21	51
ENSG00000269487	23	21	34
ENSG00000269489	4	0	4
ENSG00000269495	52	40	50
ENSG00000269504	74	50	117
ENSG00000269514	171	128	323
ENSG00000269534	42	26	57
ENSG00000269535	166	110	196
ENSG00000269543	31	20	48
ENSG00000269547	166	131	229
ENSG00000269559	16	9	17
ENSG00000269570	4	3	7
ENSG00000269583	14	13	26
ENSG00000269590	20	16	31
ENSG00000269599	10	18	19
ENSG00000269600	7	2	5
ENSG00000269604	53	44	91
ENSG00000269621	30	12	48
ENSG00000269635	49	29	66
ENSG00000269652	4	3	10
ENSG00000269693	137	117	211
ENSG00000269694	10	4	5
ENSG00000269707	297	198	369
ENSG00000269711	29	10	32
ENSG00000269729	84	54	101
ENSG00000269745	8	4	14
ENSG00000269749	131	83	163
ENSG00000269752	2	1	0
ENSG00000269755	450	317	571
ENSG00000269758	10	7	18
ENSG00000269792	18	8	24
ENSG00000269796	6	4	14
ENSG00000269802	116	62	151
ENSG00000269807	136	84	137
ENSG00000269813	0	1	5
ENSG00000269826	3	5	9
ENSG00000269836	8	7	5
ENSG00000269842	4	8	16
ENSG00000269843	14	13	23
ENSG00000269846	15	8	19
ENSG00000269873	21	8	37
ENSG00000269877	3	0	2
ENSG00000269886	11	7	14
ENSG00000269889	29	28	55
ENSG00000269892	4	6	8
ENSG00000269898	8	7	10
ENSG00000269901	10	8	4
ENSG00000269903	16	13	9
ENSG00000269910	4	6	10
ENSG00000269915	168	105	170
ENSG00000269927	14	13	22
ENSG00000269934	193	144	264
ENSG00000269935	3	0	2
ENSG00000269937	4	0	2
ENSG00000269947	63	45	83
ENSG00000269949	7	8	12
ENSG00000269950	34	24	26
ENSG00000269957	125	82	168
ENSG00000269966	105	99	165
ENSG00000269967	231	200	318
ENSG00000269973	130	80	145
ENSG00000269980	0	0	0
ENSG00000269982	179	91	145
ENSG00000269983	0	0	0
ENSG00000269984	19	20	31
ENSG00000269987	19	13	17
ENSG00000269993	0	1	4
ENSG00000270000	10	7	10
ENSG00000270008	40	28	46
ENSG00000270016	1	3	10
ENSG00000270017	3	3	3
ENSG00000270020	23	19	24
ENSG00000270021	12	16	21
ENSG00000270022	169	135	160
ENSG00000270035	6	10	16
ENSG00000270036	1	2	4
ENSG00000270038	4	2	2
ENSG00000270050	238	142	304
ENSG00000270052	4	4	10
ENSG00000270055	88	64	112
ENSG00000270066	3336	2051	3403
ENSG00000270068	8	5	13
ENSG00000270071	75	53	95
ENSG00000270074	7	1	3
ENSG00000270075	6	6	17
ENSG00000270076	0	2	3
ENSG00000270082	3	3	1
ENSG00000270087	608	434	740
ENSG00000270090	22	10	23
ENSG00000270091	26	14	24
ENSG00000270096	8	5	19
ENSG00000270099	806	463	947
ENSG00000270100	15	13	15
ENSG00000270103	256	171	232
ENSG00000270104	25	12	24
ENSG00000270114	53	42	73
ENSG00000270117	28	23	34
ENSG00000270127	85	95	70
ENSG00000270131	3	1	3
ENSG00000270135	4	5	12
ENSG00000270139	11	5	12
ENSG00000270147	5	9	4
ENSG00000270149	261	312	370
ENSG00000270154	16	6	14
ENSG00000270159	0	0	4
ENSG00000270171	8	8	12
ENSG00000270174	89	73	128
ENSG00000270175	88	44	92
ENSG00000270182	8	5	6
ENSG00000270184	5	5	7
ENSG00000270207	1024	817	1455
ENSG00000270210	6	5	12
ENSG00000270212	14	7	23
ENSG00000270249	51	36	100
ENSG00000270265	83	50	125
ENSG00000270279	7	6	10
ENSG00000270299	33	13	27
ENSG00000270302	9	7	12
ENSG00000270321	30	24	49
ENSG00000270361	3	7	6
ENSG00000270380	0	0	3
ENSG00000270403	2	4	1
ENSG00000270460	2	0	0
ENSG00000270462	7	1	2
ENSG00000270482	12	13	22
ENSG00000270487	2	0	6
ENSG00000270504	69	45	86
ENSG00000270540	8	3	15
ENSG00000270589	46	32	53
ENSG00000270638	26	18	45
ENSG00000270659	6	9	11
ENSG00000270697	0	0	3
ENSG00000270720	11	0	5
ENSG00000270725	72	40	103
ENSG00000270755	5	2	5
ENSG00000270760	21	19	18
ENSG00000270792	2298	1499	2484
ENSG00000270823	42	39	96
ENSG00000270828	3	3	6
ENSG00000270829	5	4	0
ENSG00000270866	0	0	0
ENSG00000270871	64	37	105
ENSG00000270883	4	4	8
ENSG00000270933	30	21	59
ENSG00000270953	366	256	473
ENSG00000270972	2	3	4
ENSG00000271009	30	28	21
ENSG00000271032	46	28	44
ENSG00000271046	5	1	5
ENSG00000271109	100	94	154
ENSG00000271148	0	0	3
ENSG00000271151	8	11	26
ENSG00000271155	45	37	78
ENSG00000271156	2	4	11
ENSG00000271185	10	3	25
ENSG00000271192	4	2	4
ENSG00000271201	7	4	3
ENSG00000271218	6	9	14
ENSG00000271228	0	1	0
ENSG00000271239	2	0	2
ENSG00000271265	6	5	13
ENSG00000271314	7	2	4
ENSG00000271344	27	15	27
ENSG00000271366	0	3	6
ENSG00000271367	0	2	1
ENSG00000271382	18	11	30
ENSG00000271390	3	6	2
ENSG00000271398	17	6	20
ENSG00000271420	30	21	40
ENSG00000271427	6	6	13
ENSG00000271434	8	5	13
ENSG00000271522	123	67	137
ENSG00000271551	27	24	54
ENSG00000271553	66	48	87
ENSG00000271554	89	88	111
ENSG00000271555	5	10	9
ENSG00000271579	17	11	23
ENSG00000271653	11	16	11
ENSG00000271659	11	5	18
ENSG00000271670	7	4	9
ENSG00000271698	4	0	4
ENSG00000271709	5	9	11
ENSG00000271715	2	2	5
ENSG00000271716	32	30	41
ENSG00000271717	98	90	163
ENSG00000271725	98	85	133
ENSG00000271727	547	396	848
ENSG00000271730	7	6	17
ENSG00000271732	0	2	4
ENSG00000271737	52	37	85
ENSG00000271741	16	2	18
ENSG00000271742	1	1	0
ENSG00000271743	5	3	13
ENSG00000271746	32	22	32
ENSG00000271751	3	3	6
ENSG00000271752	2	0	2
ENSG00000271754	7	5	12
ENSG00000271755	9	9	4
ENSG00000271758	400	279	642
ENSG00000271761	4	6	11
ENSG00000271763	95	71	153
ENSG00000271771	4	5	7
ENSG00000271774	837	548	1026
ENSG00000271780	19	36	68
ENSG00000271781	18	19	32
ENSG00000271787	4	2	3
ENSG00000271788	7	11	14
ENSG00000271792	5	4	6
ENSG00000271793	403	294	653
ENSG00000271795	27	20	42
ENSG00000271797	13	5	14
ENSG00000271803	6	6	9
ENSG00000271806	17	14	20
ENSG00000271810	43	20	70
ENSG00000271820	44	23	41
ENSG00000271821	3	4	6
ENSG00000271825	2	1	5
ENSG00000271828	10	7	7
ENSG00000271843	8	6	16
ENSG00000271853	0	0	1
ENSG00000271855	28	28	46
ENSG00000271857	10	11	25
ENSG00000271862	43	42	62
ENSG00000271868	2	5	8
ENSG00000271871	9	7	16
ENSG00000271880	113	84	143
ENSG00000271882	4	1	7
ENSG00000271893	336	241	430
ENSG00000271894	37	15	36
ENSG00000271897	4	4	5
ENSG00000271901	151	156	199
ENSG00000271904	163	116	240
ENSG00000271914	0	0	5
ENSG00000271926	1	1	2
ENSG00000271930	41	20	30
ENSG00000271933	48	23	49
ENSG00000271936	10	4	11
ENSG00000271937	16	7	13
ENSG00000271938	2	1	2
ENSG00000271945	933	621	1421
ENSG00000271947	6	6	10
ENSG00000271949	513	205	371
ENSG00000271955	1251	844	1594
ENSG00000271959	32	28	44
ENSG00000271963	24	29	42
ENSG00000271967	7	7	8
ENSG00000271969	14	5	7
ENSG00000271971	71	46	95
ENSG00000271973	4	4	4
ENSG00000271976	31	27	70
ENSG00000271978	231	108	216
ENSG00000271981	0	0	3
ENSG00000271983	9	5	4
ENSG00000271984	1	5	12
ENSG00000271989	10	7	11
ENSG00000271992	4	3	6
ENSG00000271996	15	5	20
ENSG00000272004	41	36	52
ENSG00000272008	81	57	72
ENSG00000272010	14	7	21
ENSG00000272024	5	4	9
ENSG00000272027	69	48	80
ENSG00000272030	7	5	7
ENSG00000272037	6	5	12
ENSG00000272040	67	47	100
ENSG00000272043	29	10	20
ENSG00000272046	4	2	3
ENSG00000272050	2	3	1
ENSG00000272056	21	11	21
ENSG00000272070	31	28	39
ENSG00000272072	22	6	24
ENSG00000272076	13	5	19
ENSG00000272077	33	26	33
ENSG00000272079	6	13	19
ENSG00000272084	13	9	29
ENSG00000272085	5	0	3
ENSG00000272087	0	0	0
ENSG00000272088	0	2	4
ENSG00000272092	78	32	96
ENSG00000272094	11	7	13
ENSG00000272100	9	2	10
ENSG00000272103	28	30	55
ENSG00000272104	154	80	229
ENSG00000272106	53	37	68
ENSG00000272108	22	20	21
ENSG00000272109	30	21	29
ENSG00000272112	4	4	1
ENSG00000272114	9	4	11
ENSG00000272115	7	4	10
ENSG00000272121	6	3	6
ENSG00000272123	3	2	3
ENSG00000272128	1	5	6
ENSG00000272129	57	44	84
ENSG00000272130	13	7	15
ENSG00000272137	31	21	65
ENSG00000272141	30	41	80
ENSG00000272148	12	9	22
ENSG00000272149	19	12	28
ENSG00000272153	2	7	10
ENSG00000272157	6	1	4
ENSG00000272158	2	0	4
ENSG00000272162	450	425	638
ENSG00000272163	8	11	15
ENSG00000272167	13	13	23
ENSG00000272173	30	25	40
ENSG00000272175	1	1	0
ENSG00000272180	727	434	910
ENSG00000272181	9	13	12
ENSG00000272182	15	14	15
ENSG00000272183	11	3	19
ENSG00000272202	19	25	30
ENSG00000272203	7	1	2
ENSG00000272209	1	2	7
ENSG00000272211	9	2	12
ENSG00000272218	0	3	0
ENSG00000272221	15	6	14
ENSG00000272223	44	31	50
ENSG00000272226	3	4	0
ENSG00000272234	16	10	16
ENSG00000272235	19	8	14
ENSG00000272236	5	6	12
ENSG00000272239	2	2	0
ENSG00000272240	9	2	21
ENSG00000272243	671	431	764
ENSG00000272247	8	6	14
ENSG00000272248	4	5	10
ENSG00000272249	1	2	5
ENSG00000272254	0	0	2
ENSG00000272255	4	1	5
ENSG00000272256	47	18	49
ENSG00000272263	10	5	12
ENSG00000272265	4	3	5
ENSG00000272267	34	18	44
ENSG00000272275	7	5	13
ENSG00000272277	76	52	87
ENSG00000272279	16	10	25
ENSG00000272293	15	20	39
ENSG00000272297	73	50	94
ENSG00000272305	751	510	927
ENSG00000272312	3	3	5
ENSG00000272316	192	162	196
ENSG00000272320	21	14	25
ENSG00000272321	8	9	5
ENSG00000272329	5	4	11
ENSG00000272334	6	5	7
ENSG00000272335	85	65	99
ENSG00000272338	19	14	24
ENSG00000272341	83	68	119
ENSG00000272343	3	8	15
ENSG00000272345	14	5	15
ENSG00000272347	11	13	20
ENSG00000272360	15	3	16
ENSG00000272361	7	9	16
ENSG00000272362	5	5	13
ENSG00000272366	11	9	15
ENSG00000272368	1226	938	1622
ENSG00000272371	19	15	26
ENSG00000272372	3	4	6
ENSG00000272382	4	0	0
ENSG00000272396	19	18	27
ENSG00000272402	3	2	7
ENSG00000272405	23	10	23
ENSG00000272406	3	4	8
ENSG00000272410	146	103	192
ENSG00000272411	0	1	4
ENSG00000272416	28	21	47
ENSG00000272417	6	5	7
ENSG00000272425	17	16	26
ENSG00000272426	21	16	15
ENSG00000272428	0	2	4
ENSG00000272432	10	11	32
ENSG00000272434	45	22	48
ENSG00000272438	309	231	377
ENSG00000272442	140	75	171
ENSG00000272444	3	2	9
ENSG00000272446	2	3	9
ENSG00000272447	7	9	8
ENSG00000272449	153	114	207
ENSG00000272456	2	2	1
ENSG00000272457	2	2	7
ENSG00000272461	64	38	105
ENSG00000272463	19	8	19
ENSG00000272468	8	2	6
ENSG00000272473	4	2	10
ENSG00000272476	50	32	76
ENSG00000272479	0	0	3
ENSG00000272482	22	12	25
ENSG00000272483	6	5	7
ENSG00000272485	14	8	21
ENSG00000272491	49	30	52
ENSG00000272501	71	56	58
ENSG00000272505	64	44	108
ENSG00000272508	121	70	119
ENSG00000272509	14	9	23
ENSG00000272510	0	0	1
ENSG00000272512	67	45	82
ENSG00000272516	6	0	10
ENSG00000272519	25	14	26
ENSG00000272537	0	1	0
ENSG00000272540	24	10	32
ENSG00000272541	8	12	13
ENSG00000272542	5	0	5
ENSG00000272554	133	94	160
ENSG00000272555	15	7	26
ENSG00000272558	73	46	95
ENSG00000272563	8	9	14
ENSG00000272564	5	4	5
ENSG00000272566	9	7	17
ENSG00000272567	0	3	5
ENSG00000272572	11	12	29
ENSG00000272576	11	13	31
ENSG00000272582	14	19	26
ENSG00000272583	7	2	5
ENSG00000272588	79	86	140
ENSG00000272592	4	1	4
ENSG00000272599	60	41	81
ENSG00000272600	1	2	8
ENSG00000272609	15	8	16
ENSG00000272622	181	216	346
ENSG00000272625	60	28	73
ENSG00000272626	30	11	36
ENSG00000272630	119	80	140
ENSG00000272631	139	116	198
ENSG00000272632	4	5	4
ENSG00000272638	6	8	11
ENSG00000272639	4	4	11
ENSG00000272642	81	50	112
ENSG00000272646	9	15	19
ENSG00000272647	272	234	407
ENSG00000272650	27	19	46
ENSG00000272656	6	4	7
ENSG00000272657	931	726	1022
ENSG00000272667	44	38	71
ENSG00000272668	575	316	581
ENSG00000272672	4	5	4
ENSG00000272678	7	6	9
ENSG00000272682	15	4	23
ENSG00000272688	83	76	119
ENSG00000272691	22	11	14
ENSG00000272692	83	59	118
ENSG00000272696	7	7	30
ENSG00000272699	13	5	14
ENSG00000272702	5	2	8
ENSG00000272703	0	1	3
ENSG00000272707	4	7	18
ENSG00000272715	4	5	1
ENSG00000272717	6	6	9
ENSG00000272719	4	5	6
ENSG00000272720	110	72	120
ENSG00000272732	36	22	53
ENSG00000272733	88	67	170
ENSG00000272735	31	22	47
ENSG00000272741	37	31	65
ENSG00000272742	6	5	12
ENSG00000272744	4	7	1
ENSG00000272745	0	2	0
ENSG00000272748	1	2	6
ENSG00000272750	44	26	55
ENSG00000272754	68	57	97
ENSG00000272755	4	3	0
ENSG00000272764	4	4	12
ENSG00000272768	52	37	76
ENSG00000272769	5	3	18
ENSG00000272770	19	4	10
ENSG00000272772	206	153	258
ENSG00000272777	21	23	25
ENSG00000272783	0	1	0
ENSG00000272784	12	9	19
ENSG00000272791	20	15	40
ENSG00000272797	0	3	6
ENSG00000272798	2	1	3
ENSG00000272799	2	1	1
ENSG00000272800	787	592	1091
ENSG00000272801	3	2	1
ENSG00000272807	64	51	61
ENSG00000272810	2	5	8
ENSG00000272814	0	0	3
ENSG00000272815	8	16	26
ENSG00000272822	1408	947	1788
ENSG00000272823	3	2	6
ENSG00000272825	4	2	10
ENSG00000272829	15	15	19
ENSG00000272831	326	302	456
ENSG00000272832	5	3	7
ENSG00000272836	7	7	16
ENSG00000272839	2	3	0
ENSG00000272842	3	4	7
ENSG00000272843	11	8	10
ENSG00000272844	12	6	17
ENSG00000272849	100	60	122
ENSG00000272851	4	3	6
ENSG00000272854	5	10	12
ENSG00000272855	5	0	6
ENSG00000272861	4	3	3
ENSG00000272862	3	2	3
ENSG00000272864	5	10	20
ENSG00000272866	4	0	7
ENSG00000272871	24	26	27
ENSG00000272874	12	4	11
ENSG00000272885	22	10	29
ENSG00000272892	17	18	27
ENSG00000272896	55	43	86
ENSG00000272897	29	16	41
ENSG00000272905	17	24	15
ENSG00000272906	31	18	37
ENSG00000272908	6	3	10
ENSG00000272910	6	7	15
ENSG00000272911	12	9	21
ENSG00000272912	14	9	20
ENSG00000272915	0	6	3
ENSG00000272916	36	20	51
ENSG00000272918	74	53	93
ENSG00000272921	81	65	117
ENSG00000272922	0	3	2
ENSG00000272936	10	20	35
ENSG00000272940	5	6	7
ENSG00000272941	12	14	15
ENSG00000272942	0	0	4
ENSG00000272944	43	32	44
ENSG00000272948	16	13	20
ENSG00000272950	5	3	3
ENSG00000272953	70	97	118
ENSG00000272966	11	10	15
ENSG00000272970	927	758	1097
ENSG00000272971	0	3	0
ENSG00000272973	10	19	12
ENSG00000272977	149	115	236
ENSG00000272979	5	6	16
ENSG00000272980	38	16	56
ENSG00000272982	0	3	6
ENSG00000272984	4	1	2
ENSG00000272986	7	4	4
ENSG00000272988	4	1	3
ENSG00000272990	5	8	15
ENSG00000272991	14	13	22
ENSG00000272995	5	3	8
ENSG00000273004	21	12	26
ENSG00000273007	84	64	144
ENSG00000273010	23	8	26
ENSG00000273011	3	1	0
ENSG00000273012	7	13	15
ENSG00000273013	9	2	4
ENSG00000273014	37	36	40
ENSG00000273025	132	79	183
ENSG00000273026	10	7	9
ENSG00000273044	4	0	0
ENSG00000273047	10	4	12
ENSG00000273049	17	5	23
ENSG00000273055	3	9	12
ENSG00000273056	8	6	6
ENSG00000273058	17	8	24
ENSG00000273059	5	5	11
ENSG00000273063	12	2	4
ENSG00000273068	11	6	10
ENSG00000273069	2	1	6
ENSG00000273073	9	3	11
ENSG00000273077	12	25	24
ENSG00000273080	33	24	60
ENSG00000273088	79	72	99
ENSG00000273090	6	3	7
ENSG00000273091	12	7	16
ENSG00000273098	20	17	23
ENSG00000273100	13	7	4
ENSG00000273102	7	2	9
ENSG00000273108	50	29	56
ENSG00000273110	6	4	4
ENSG00000273112	553	360	438
ENSG00000273113	17	6	15
ENSG00000273115	0	2	1
ENSG00000273118	1677	1179	2307
ENSG00000273119	0	0	0
ENSG00000273123	6	0	2
ENSG00000273124	2	1	2
ENSG00000273133	15	12	21
ENSG00000273138	3	5	9
ENSG00000273139	17	14	28
ENSG00000273141	6	6	11
ENSG00000273145	27	20	35
ENSG00000273149	65	37	99
ENSG00000273154	0	2	2
ENSG00000273156	32	33	76
ENSG00000273165	27	22	30
ENSG00000273167	24	13	36
ENSG00000273171	10	6	15
ENSG00000273174	0	7	0
ENSG00000273175	48	42	76
ENSG00000273176	1	2	3
ENSG00000273177	6	2	5
ENSG00000273180	3	6	3
ENSG00000273181	0	0	5
ENSG00000273183	18	12	12
ENSG00000273184	352	266	366
ENSG00000273188	12	7	13
ENSG00000273189	40	23	53
ENSG00000273192	23	13	26
ENSG00000273196	7	7	7
ENSG00000273198	7	4	8
ENSG00000273199	24	24	40
ENSG00000273203	75	49	103
ENSG00000273204	41	30	53
ENSG00000273209	29	16	31
ENSG00000273212	7	2	4
ENSG00000273214	2	3	3
ENSG00000273217	95	65	140
ENSG00000273218	11	5	13
ENSG00000273219	32	17	50
ENSG00000273221	21	20	42
ENSG00000273226	25	14	28
ENSG00000273230	90	50	102
ENSG00000273233	3	4	5
ENSG00000273240	15	4	15
ENSG00000273244	34	26	52
ENSG00000273245	28	21	36
ENSG00000273248	78	79	109
ENSG00000273254	22	19	20
ENSG00000273258	43	31	50
ENSG00000273259	94	55	94
ENSG00000273261	11	5	2
ENSG00000273262	3	2	5
ENSG00000273264	0	0	3
ENSG00000273267	0	3	1
ENSG00000273269	74	55	145
ENSG00000273271	4	2	5
ENSG00000273275	2	3	1
ENSG00000273287	10	7	24
ENSG00000273289	23	18	37
ENSG00000273291	463	293	719
ENSG00000273293	2	4	1
ENSG00000273295	59	147	67
ENSG00000273300	7	2	7
ENSG00000273302	17	12	21
ENSG00000273305	7	4	11
ENSG00000273306	12	7	24
ENSG00000273308	0	0	5
ENSG00000273314	29	16	42
ENSG00000273319	127	80	142
ENSG00000273321	5	4	8
ENSG00000273325	2	1	1
ENSG00000273329	624	591	922
ENSG00000273335	4	5	4
ENSG00000273338	59	44	36
ENSG00000273341	21	11	25
ENSG00000273342	4	1	7
ENSG00000273345	333	282	487
ENSG00000273348	0	1	3
ENSG00000273355	22	27	26
ENSG00000273361	20	20	30
ENSG00000273362	6	2	7
ENSG00000273365	0	2	0
ENSG00000273367	9	5	11
ENSG00000273374	23	22	36
ENSG00000273375	7	6	9
ENSG00000273384	7	4	9
ENSG00000273387	37	20	33
ENSG00000273388	120	88	159
ENSG00000273391	20	17	24
ENSG00000273394	0	1	1
ENSG00000273398	294	242	445
ENSG00000273399	8	7	11
ENSG00000273403	7	7	4
ENSG00000273406	3	2	1
ENSG00000273416	24	13	30
ENSG00000273419	15	6	23
ENSG00000273424	5	14	6
ENSG00000273428	11	7	18
ENSG00000273437	12	8	17
ENSG00000273442	21	17	14
ENSG00000273443	7	4	17
ENSG00000273445	3	3	2
ENSG00000273447	15	6	13
ENSG00000273448	81	80	82
ENSG00000273449	46	32	70
ENSG00000273450	7	1	9
ENSG00000273454	10	4	13
ENSG00000273455	5	2	7
ENSG00000273456	83	75	123
ENSG00000273461	19	12	29
ENSG00000273471	45	28	65
ENSG00000273473	12	10	25
ENSG00000273474	3	4	3
ENSG00000273476	0	4	3
ENSG00000273481	6	2	14
ENSG00000273483	4	7	7
ENSG00000273487	3	2	12
ENSG00000273489	24	15	31
ENSG00000273493	3	6	0
ENSG00000273507	691	584	924
ENSG00000273521	36	19	38
ENSG00000273523	17	8	18
ENSG00000273550	164	103	200
ENSG00000273551	2	3	8
ENSG00000273552	19	16	37
ENSG00000273565	29	15	45
ENSG00000273576	28	20	35
ENSG00000273582	0	3	0
ENSG00000273599	46	27	83
ENSG00000273637	39	28	52
ENSG00000273639	63	46	77
ENSG00000273650	23	14	18
ENSG00000273664	14	12	11
ENSG00000273669	1	3	6
ENSG00000273674	676	518	859
ENSG00000273680	11	13	15
ENSG00000273687	3	1	5
ENSG00000273702	26	27	56
ENSG00000273711	76	72	107
ENSG00000273729	68	50	79
ENSG00000273733	8	8	12
ENSG00000273734	400	243	559
ENSG00000273771	70	23	86
ENSG00000273784	1743	1194	2160
ENSG00000273805	72	54	89
ENSG00000273816	12	4	21
ENSG00000273828	237	210	374
ENSG00000273838	24	13	33
ENSG00000273840	96	65	148
ENSG00000273877	14	7	10
ENSG00000273890	5	3	14
ENSG00000273891	9	24	48
ENSG00000273901	4	5	2
ENSG00000273925	4	4	5
ENSG00000273956	64	58	74
ENSG00000273965	0	1	5
ENSG00000273971	1	1	4
ENSG00000273972	2	0	3
ENSG00000273980	2	1	4
ENSG00000273998	27	14	27
ENSG00000274002	2	0	0
ENSG00000274015	390	266	509
ENSG00000274021	43	25	72
ENSG00000274029	6	4	5
ENSG00000274090	243	181	311
ENSG00000274092	8	5	10
ENSG00000274104	38	25	40
ENSG00000274124	3	9	5
ENSG00000274156	5	2	7
ENSG00000274177	1	3	4
ENSG00000274184	62	53	88
ENSG00000274191	18	10	14
ENSG00000274198	0	0	3
ENSG00000274213	20	18	35
ENSG00000274215	26	14	35
ENSG00000274220	147	114	196
ENSG00000274227	7	2	9
ENSG00000274238	2	1	10
ENSG00000274248	5	4	7
ENSG00000274253	109	61	146
ENSG00000274261	12	1	13
ENSG00000274269	46	43	79
ENSG00000274272	0	2	0
ENSG00000274281	3	6	11
ENSG00000274292	68	72	126
ENSG00000274294	4	8	4
ENSG00000274312	3	0	3
ENSG00000274315	19	24	33
ENSG00000274322	1219	768	1432
ENSG00000274331	3	2	5
ENSG00000274340	6	4	7
ENSG00000274341	49	60	69
ENSG00000274363	9	4	5
ENSG00000274367	6	7	6
ENSG00000274370	18	11	17
ENSG00000274373	16	18	28
ENSG00000274383	406	319	562
ENSG00000274387	12	3	10
ENSG00000274400	8	4	15
ENSG00000274403	35	28	61
ENSG00000274415	0	3	11
ENSG00000274422	5694	3870	6425
ENSG00000274425	19	23	38
ENSG00000274441	78	55	96
ENSG00000274444	24	17	43
ENSG00000274447	2	0	7
ENSG00000274460	59	40	80
ENSG00000274478	3	2	2
ENSG00000274492	17	23	22
ENSG00000274501	4	6	1
ENSG00000274507	3	0	0
ENSG00000274508	2	0	3
ENSG00000274515	7	3	8
ENSG00000274554	10	6	11
ENSG00000274560	0	0	4
ENSG00000274561	110	70	97
ENSG00000274565	158	118	194
ENSG00000274629	30	20	47
ENSG00000274630	0	0	0
ENSG00000274670	0	1	6
ENSG00000274678	17	11	16
ENSG00000274685	3	0	2
ENSG00000274695	13	7	19
ENSG00000274698	19	13	18
ENSG00000274723	6	4	17
ENSG00000274751	30	20	37
ENSG00000274758	0	0	2
ENSG00000274766	153	120	227
ENSG00000274767	132	74	214
ENSG00000274769	87	37	85
ENSG00000274776	24	25	48
ENSG00000274797	11	7	6
ENSG00000274798	2	1	7
ENSG00000274818	3	3	6
ENSG00000274825	11	9	16
ENSG00000274833	22	23	25
ENSG00000274834	3	0	1
ENSG00000274859	11	4	1
ENSG00000274863	258	245	323
ENSG00000274893	7	2	2
ENSG00000274904	5	6	10
ENSG00000274918	4	0	7
ENSG00000274922	14	19	27
ENSG00000274937	5	3	12
ENSG00000274949	160	97	204
ENSG00000274979	16	16	23
ENSG00000274987	34	14	26
ENSG00000274993	34	22	37
ENSG00000274996	24	14	27
ENSG00000275005	32	22	72
ENSG00000275016	607	367	736
ENSG00000275024	3	16	10
ENSG00000275025	2	2	4
ENSG00000275038	30	13	44
ENSG00000275040	0	0	0
ENSG00000275055	61	31	86
ENSG00000275088	13	11	19
ENSG00000275091	12	10	11
ENSG00000275097	0	4	2
ENSG00000275119	1495	1053	1735
ENSG00000275139	30	18	43
ENSG00000275173	7	5	8
ENSG00000275178	6	6	7
ENSG00000275185	13	9	19
ENSG00000275186	5	9	13
ENSG00000275197	2	6	10
ENSG00000275202	46	20	58
ENSG00000275210	75	55	124
ENSG00000275216	39	40	92
ENSG00000275223	26	19	25
ENSG00000275228	0	3	4
ENSG00000275232	43	23	55
ENSG00000275234	7	5	16
ENSG00000275263	0	2	1
ENSG00000275265	2	2	6
ENSG00000275285	16	3	15
ENSG00000275286	1	2	5
ENSG00000275327	27	18	27
ENSG00000275329	31	14	56
ENSG00000275332	2	1	0
ENSG00000275358	0	2	5
ENSG00000275367	173	104	282
ENSG00000275371	11	4	11
ENSG00000275383	10	11	28
ENSG00000275390	49	27	45
ENSG00000275392	9	8	7
ENSG00000275401	10	13	15
ENSG00000275409	2	1	4
ENSG00000275413	42	23	68
ENSG00000275427	14	9	23
ENSG00000275431	21	11	23
ENSG00000275438	10	7	9
ENSG00000275443	1150	780	1487
ENSG00000275445	4	6	16
ENSG00000275454	22	21	41
ENSG00000275457	39	28	64
ENSG00000275465	674	486	1271
ENSG00000275476	10	5	13
ENSG00000275479	3	4	4
ENSG00000275496	5	0	2
ENSG00000275512	10	8	10
ENSG00000275516	0	4	1
ENSG00000275532	52	37	84
ENSG00000275552	15	6	26
ENSG00000275557	31	29	61
ENSG00000275563	11	9	12
ENSG00000275569	9	6	12
ENSG00000275582	15	15	16
ENSG00000275613	16	13	33
ENSG00000275630	32	23	53
ENSG00000275638	10	8	21
ENSG00000275649	485	278	560
ENSG00000275665	41	34	59
ENSG00000275672	6	6	5
ENSG00000275674	531	417	627
ENSG00000275676	2	1	0
ENSG00000275709	4	5	5
ENSG00000275710	3	3	1
ENSG00000275719	15	12	31
ENSG00000275720	3	7	3
ENSG00000275728	6	3	2
ENSG00000275734	344	255	558
ENSG00000275741	120	82	184
ENSG00000275759	4	4	6
ENSG00000275773	3	4	1
ENSG00000275807	56	42	62
ENSG00000275812	6	4	5
ENSG00000275846	62	44	72
ENSG00000275857	5	4	13
ENSG00000275897	23	23	47
ENSG00000275898	12	4	10
ENSG00000275902	33	14	45
ENSG00000275910	11	9	6
ENSG00000275923	0	2	0
ENSG00000275936	7	7	7
ENSG00000275944	19	19	38
ENSG00000275963	3	4	8
ENSG00000275964	56	53	99
ENSG00000275965	0	1	0
ENSG00000276012	12	10	12
ENSG00000276063	0	0	4
ENSG00000276071	38	27	73
ENSG00000276075	124	75	131
ENSG00000276087	50	39	83
ENSG00000276093	2	0	3
ENSG00000276101	18	9	23
ENSG00000276110	36	10	40
ENSG00000276121	1	2	4
ENSG00000276122	18	8	33
ENSG00000276131	8	10	17
ENSG00000276136	35	19	36
ENSG00000276148	38	28	37
ENSG00000276166	10	6	30
ENSG00000276170	46	31	84
ENSG00000276188	6	2	3
ENSG00000276216	115	37	63
ENSG00000276241	187	103	249
ENSG00000276250	21	7	24
ENSG00000276251	4	0	11
ENSG00000276261	10	4	12
ENSG00000276272	7	4	5
ENSG00000276292	15	4	9
ENSG00000276302	116	66	144
ENSG00000276308	7	10	14
ENSG00000276317	5	3	12
ENSG00000276348	8	9	17
ENSG00000276384	6	1	6
ENSG00000276403	9	12	9
ENSG00000276406	0	0	2
ENSG00000276407	96	73	114
ENSG00000276408	5	4	8
ENSG00000276411	10	5	11
ENSG00000276412	27	13	8
ENSG00000276418	47	34	64
ENSG00000276422	1	2	5
ENSG00000276436	11	3	3
ENSG00000276445	6	6	10
ENSG00000276449	72	69	75
ENSG00000276454	4	2	1
ENSG00000276473	4	1	0
ENSG00000276487	14	8	30
ENSG00000276488	1	3	5
ENSG00000276490	90	80	125
ENSG00000276502	37	26	41
ENSG00000276508	3	0	3
ENSG00000276509	4	3	7
ENSG00000276519	0	1	2
ENSG00000276527	75	55	95
ENSG00000276529	68	54	83
ENSG00000276570	16	9	17
ENSG00000276571	5	3	8
ENSG00000276627	46	15	28
ENSG00000276631	0	3	0
ENSG00000276649	253	172	270
ENSG00000276651	41	18	57
ENSG00000276663	7	3	7
ENSG00000276687	7	8	12
ENSG00000276691	10	5	13
ENSG00000276693	3	0	3
ENSG00000276698	1	8	7
ENSG00000276702	13	20	22
ENSG00000276707	53	19	48
ENSG00000276727	44	19	36
ENSG00000276728	114	93	138
ENSG00000276742	6	6	27
ENSG00000276754	8	3	12
ENSG00000276768	31	20	31
ENSG00000276772	22	13	21
ENSG00000276790	12	2	11
ENSG00000276791	13	14	23
ENSG00000276807	5	4	6
ENSG00000276814	4	2	6
ENSG00000276831	6	10	14
ENSG00000276842	3	2	4
ENSG00000276846	3	3	6
ENSG00000276850	317	273	624
ENSG00000276851	30	10	31
ENSG00000276855	9	4	5
ENSG00000276863	0	6	5
ENSG00000276867	14	10	17
ENSG00000276888	0	1	0
ENSG00000276898	2	0	0
ENSG00000276952	10	6	15
ENSG00000276957	3	3	10
ENSG00000276968	8	3	13
ENSG00000276972	34	19	33
ENSG00000276984	3	5	1
ENSG00000276993	4	3	4
ENSG00000276997	64	54	101
ENSG00000277007	142	103	211
ENSG00000277010	4	6	6
ENSG00000277011	9	6	20
ENSG00000277017	7	4	3
ENSG00000277020	25	18	29
ENSG00000277022	67	37	85
ENSG00000277047	125	80	148
ENSG00000277087	7	4	8
ENSG00000277128	68	77	108
ENSG00000277144	4	3	9
ENSG00000277151	133	71	162
ENSG00000277152	478	241	408
ENSG00000277159	31	21	44
ENSG00000277182	63	37	65
ENSG00000277186	2	3	5
ENSG00000277214	15	4	15
ENSG00000277228	93	69	123
ENSG00000277235	3	3	3
ENSG00000277245	3	5	8
ENSG00000277247	1	1	4
ENSG00000277270	17	7	26
ENSG00000277287	94	77	155
ENSG00000277301	56	38	64
ENSG00000277324	23	11	52
ENSG00000277332	140	82	186
ENSG00000277350	18	14	14
ENSG00000277351	23	12	30
ENSG00000277368	12	8	14
ENSG00000277369	82	59	126
ENSG00000277382	7	16	15
ENSG00000277412	8	2	5
ENSG00000277423	14	8	18
ENSG00000277425	59	41	86
ENSG00000277453	5	7	5
ENSG00000277463	13	19	36
ENSG00000277476	117	74	132
ENSG00000277482	1	3	0
ENSG00000277491	4	4	6
ENSG00000277501	112	70	158
ENSG00000277504	4	1	3
ENSG00000277543	0	0	4
ENSG00000277550	9	7	7
ENSG00000277559	19	23	33
ENSG00000277587	5	0	3
ENSG00000277597	17	17	27
ENSG00000277602	21	23	32
ENSG00000277611	240	192	347
ENSG00000277621	5	2	8
ENSG00000277675	38	37	63
ENSG00000277684	9	2	4
ENSG00000277688	44	34	47
ENSG00000277692	8	10	20
ENSG00000277693	84	58	90
ENSG00000277695	32	18	35
ENSG00000277701	43	40	34
ENSG00000277715	41	23	53
ENSG00000277728	5	8	9
ENSG00000277738	2	0	4
ENSG00000277757	529	287	586
ENSG00000277763	0	1	5
ENSG00000277767	30	14	40
ENSG00000277782	4	2	2
ENSG00000277797	4	7	9
ENSG00000277801	3	0	3
ENSG00000277825	17	17	33
ENSG00000277831	5	4	6
ENSG00000277837	17	8	20
ENSG00000277855	332	228	427
ENSG00000277863	4	2	4
ENSG00000277873	3	4	13
ENSG00000277879	15	10	17
ENSG00000277895	14	10	27
ENSG00000277901	25	20	29
ENSG00000277930	0	0	0
ENSG00000277938	28	34	72
ENSG00000277954	80	55	105
ENSG00000277959	47	42	49
ENSG00000277969	47	35	45
ENSG00000277971	51	26	65
ENSG00000277978	2	2	4
ENSG00000277997	3	1	1
ENSG00000278002	32	28	51
ENSG00000278011	2	1	4
ENSG00000278013	94	82	128
ENSG00000278017	17	3	26
ENSG00000278035	4	3	4
ENSG00000278041	14	5	16
ENSG00000278052	3	3	2
ENSG00000278058	17	14	30
ENSG00000278060	8	5	6
ENSG00000278071	6	7	11
ENSG00000278075	6	5	7
ENSG00000278084	0	3	0
ENSG00000278153	3	2	7
ENSG00000278177	45	23	46
ENSG00000278192	15	17	25
ENSG00000278206	265	200	367
ENSG00000278231	85	64	110
ENSG00000278239	3	2	5
ENSG00000278254	341	244	430
ENSG00000278255	0	1	0
ENSG00000278276	9	3	18
ENSG00000278291	55	28	77
ENSG00000278305	61	52	96
ENSG00000278341	6	7	17
ENSG00000278344	3	1	6
ENSG00000278367	2	3	7
ENSG00000278370	4	1	3
ENSG00000278376	81	40	88
ENSG00000278385	9	5	15
ENSG00000278389	5	2	2
ENSG00000278408	101	82	131
ENSG00000278419	25	15	30
ENSG00000278445	8	5	17
ENSG00000278456	6	2	3
ENSG00000278464	18	14	27
ENSG00000278467	41	58	60
ENSG00000278518	2	2	4
ENSG00000278546	21	10	16
ENSG00000278601	52	46	74
ENSG00000278607	9	9	10
ENSG00000278626	7	2	3
ENSG00000278627	16	14	16
ENSG00000278638	14	13	45
ENSG00000278642	0	1	1
ENSG00000278657	9	1	9
ENSG00000278668	40	19	46
ENSG00000278690	2	0	2
ENSG00000278698	0	1	0
ENSG00000278703	5	3	2
ENSG00000278713	31	7	42
ENSG00000278722	5	2	19
ENSG00000278727	14	10	18
ENSG00000278730	429	245	547
ENSG00000278737	7	6	8
ENSG00000278740	23	12	25
ENSG00000278743	100	60	124
ENSG00000278765	11	4	13
ENSG00000278766	27	25	13
ENSG00000278769	31	25	42
ENSG00000278816	13	14	15
ENSG00000278831	6	7	7
ENSG00000278834	37	35	63
ENSG00000278847	0	0	0
ENSG00000278869	18	15	25
ENSG00000278890	41	28	69
ENSG00000278899	29	10	31
ENSG00000278903	0	1	2
ENSG00000278907	2	0	0
ENSG00000278911	10	6	10
ENSG00000278920	95	57	112
ENSG00000278923	19	15	19
ENSG00000278925	7	5	10
ENSG00000278932	253	192	290
ENSG00000278944	34	20	40
ENSG00000278946	4	1	0
ENSG00000278960	0	0	2
ENSG00000278996	218	211	323
ENSG00000279006	15	13	21
ENSG00000279028	4	2	5
ENSG00000279068	24	14	44
ENSG00000279070	8	8	8
ENSG00000279072	56	21	90
ENSG00000279073	70	56	83
ENSG00000279080	69	61	87
ENSG00000279085	30	19	33
ENSG00000279110	76	65	111
ENSG00000279145	21	18	28
ENSG00000279151	6	5	12
ENSG00000279159	89	55	121
ENSG00000279168	87	62	131
ENSG00000279182	6	4	12
ENSG00000279217	33	20	46
ENSG00000279232	26	16	35
ENSG00000279240	43	26	40
ENSG00000279277	107	72	148
ENSG00000279278	16	8	33
ENSG00000279298	2	0	4
ENSG00000279317	309	281	521
ENSG00000279321	3	2	1
ENSG00000279325	20	21	39
ENSG00000279345	10	7	15
ENSG00000279440	21	8	12
ENSG00000279442	3	4	2
ENSG00000279458	18	9	22
ENSG00000279467	36	19	43
ENSG00000279472	14	12	23
ENSG00000279494	24	18	30
ENSG00000279501	82	65	143
ENSG00000279529	108	95	181
ENSG00000279548	4	4	9
ENSG00000279558	7	9	23
ENSG00000279571	10	13	15
ENSG00000279597	3	0	2
ENSG00000279622	55	47	82
ENSG00000279652	41	29	57
ENSG00000279658	209	144	249
ENSG00000279669	78	53	92
ENSG00000279686	125	91	116
ENSG00000279714	15	13	18
ENSG00000279726	197	125	228
ENSG00000279738	78	67	94
ENSG00000279762	85	60	91
ENSG00000279765	67	59	92
ENSG00000279848	8	3	4
ENSG00000279851	122	86	132
ENSG00000279914	7	2	3
ENSG00000279927	17	20	32
ENSG00000279954	29	22	42
ENSG00000279956	262	177	387
ENSG00000279973	18	9	20
ENSG00000279983	269	223	399
ENSG00000279998	2	0	0
ENSG00000280007	83	76	116
ENSG00000280011	74	78	128
ENSG00000280018	2	1	8
ENSG00000280025	17	12	27
ENSG00000280026	0	2	7
ENSG00000280029	132	77	171
ENSG00000280108	12	11	21
ENSG00000280136	82	47	90
ENSG00000280145	2	1	3
ENSG00000280148	21	9	32
ENSG00000280164	12	14	11
ENSG00000280169	11	14	22
ENSG00000280195	127	100	192
ENSG00000280199	3	3	2
ENSG00000280224	3	1	3
ENSG00000280273	11	7	17
ENSG00000280299	40	26	49
ENSG00000280336	0	3	0
ENSG00000280341	2	1	6
ENSG00000280356	37	22	50
ENSG00000280366	50	27	76
ENSG00000280382	14	9	8
ENSG00000280383	64	50	118
ENSG00000280418	22	13	48
ENSG00000280425	24	11	22
ENSG00000280441	131	94	232
ENSG00000280445	36	31	61
ENSG00000280455	7	7	22
ENSG00000280485	44	24	57
ENSG00000280486	27	20	34
ENSG00000280511	0	6	1
ENSG00000280537	23	20	33
ENSG00000280561	39	20	57
ENSG00000280571	152	123	218
ENSG00000280607	7	4	7
ENSG00000280758	29	20	39
ENSG00000280778	58	42	70
ENSG00000280850	28	17	35
ENSG00000280878	418	326	535
ENSG00000280881	4	3	2
ENSG00000280893	19	13	40
ENSG00000280920	6	2	10
ENSG00000280936	9	6	8
ENSG00000281016	245	195	330
ENSG00000281021	39	31	68
ENSG00000281039	186	174	252
ENSG00000281091	208	144	266
ENSG00000281120	80	46	125
ENSG00000281160	11	3	14
ENSG00000281167	272	170	352
ENSG00000281333	205	159	280
ENSG00000281365	6	5	5
ENSG00000281383	4	7	9
ENSG00000281386	102	71	121
ENSG00000281460	4	2	7
ENSG00000281538	33	19	40
ENSG00000281593	1108	911	1415
ENSG00000281613	131	104	179
ENSG00000281655	148	78	163
ENSG00000281883	63	50	77
ENSG00000281904	0	3	3
ENSG00000281938	8	7	26
ENSG00000282012	16	10	15
ENSG00000282021	10	8	11
ENSG00000282022	522	360	708
ENSG00000282024	16	24	18
ENSG00000282041	17	8	25
ENSG00000282080	81	47	85
ENSG00000282097	86	48	113
ENSG00000282121	6	6	13
ENSG00000282142	465	191	409
ENSG00000282143	7	6	5
ENSG00000282199	39	20	44
ENSG00000282218	562	299	651
ENSG00000282221	26	20	30
ENSG00000282265	10	2	7
ENSG00000282278	2629	1634	3397
ENSG00000282304	53	57	76
ENSG00000282317	1	1	2
ENSG00000282381	229	155	330
ENSG00000282386	18	16	29
ENSG00000282393	7	8	9
ENSG00000282408	20	12	24
ENSG00000282418	67	30	66
ENSG00000282440	79	67	106
ENSG00000282478	21	16	20
ENSG00000282527	139	82	177
ENSG00000282556	775	610	893
ENSG00000282564	674	467	884
ENSG00000282602	0	1	2
ENSG00000282686	7	6	12
ENSG00000282718	0	2	8
ENSG00000282740	5	0	2
ENSG00000282759	8	5	8
ENSG00000282772	40	46	73
ENSG00000282787	5	1	6
ENSG00000282793	6	6	2
ENSG00000282804	51	41	96
ENSG00000282816	21	9	16
ENSG00000282828	115	92	147
ENSG00000282836	2	3	7
ENSG00000282843	27	15	30
ENSG00000282849	30	21	41
ENSG00000282863	470	370	631
ENSG00000282876	3	4	6
ENSG00000282882	118	75	137
ENSG00000282885	249	197	306
ENSG00000282887	0	0	1
ENSG00000282898	0	0	0
ENSG00000282906	40	25	54
ENSG00000282914	55	53	64
ENSG00000282925	0	0	2
ENSG00000282944	12	3	7
ENSG00000282950	5	1	8
ENSG00000282951	110	98	123
ENSG00000282952	71	33	80
ENSG00000282965	60	33	54
ENSG00000282987	858	607	1163
ENSG00000282988	87	70	110
ENSG00000282998	766	553	1072
ENSG00000283001	31	31	63
ENSG00000283003	208	154	314
ENSG00000283025	10	13	14
ENSG00000283031	148	101	163
ENSG00000283033	10	5	14
ENSG00000283044	29	22	34
ENSG00000283058	32	23	32
ENSG00000283061	16	13	25
ENSG00000283072	288	168	342
ENSG00000283078	17	11	26
ENSG00000283095	10	15	27
ENSG00000283096	8	5	1
ENSG00000283098	1137	731	1544
ENSG00000283103	286	219	342
ENSG00000283108	359	219	551
ENSG00000283118	42	27	51
ENSG00000283125	0	2	8
ENSG00000283128	315	191	348
ENSG00000283138	15	9	29
ENSG00000283148	34	15	38
ENSG00000283149	47	53	75
ENSG00000283155	249	165	289
ENSG00000283157	14	12	13
ENSG00000283164	15	11	14
ENSG00000283175	180	161	301
ENSG00000283201	204	163	329
ENSG00000283205	5	3	7
ENSG00000283208	72	43	85
ENSG00000283213	28	10	33
ENSG00000283217	91	41	114
ENSG00000283221	32	13	42
ENSG00000283228	21	22	30
ENSG00000283235	56	24	67
ENSG00000283240	703	462	742
ENSG00000283258	146	77	117
ENSG00000283286	40	32	62
ENSG00000283294	572	339	766
ENSG00000283303	6	10	13
ENSG00000283321	545	357	826
ENSG00000283341	19	17	17
ENSG00000283347	74	73	113
ENSG00000283360	139	79	169
ENSG00000283380	1916	1239	2606
ENSG00000283383	61	43	69
ENSG00000283384	346	238	460
ENSG00000283392	142	112	186
ENSG00000283400	119	92	171
ENSG00000283403	622	313	791
ENSG00000283405	6	3	18
ENSG00000283411	144	115	226
ENSG00000283413	90	39	113
ENSG00000283415	585	387	878
ENSG00000283445	177	132	249
ENSG00000283457	56	33	58
ENSG00000283458	84	64	110
ENSG00000283459	17	12	14
ENSG00000283462	18	16	28
ENSG00000283480	911	720	1288
ENSG00000283504	149	131	203
ENSG00000283515	42	39	75
ENSG00000283517	114	105	174
ENSG00000283536	5	1	0
ENSG00000283538	217	172	328
ENSG00000283546	72	46	96
ENSG00000283549	23	17	32
ENSG00000283563	304	213	336
ENSG00000283573	184	126	223
ENSG00000283579	355	227	479
ENSG00000283580	112	92	139
ENSG00000283627	40	21	55
ENSG00000283629	94	41	105
ENSG00000283631	20	10	14
ENSG00000283633	258	188	292
ENSG00000283635	85	42	74
ENSG00000283647	0	1	6
ENSG00000283648	164	231	196
ENSG00000283662	5	11	9
ENSG00000283663	31	33	55
ENSG00000283667	26	16	30
ENSG00000283674	7189	5213	11047
ENSG00000283684	16	9	15
ENSG00000283689	76	61	134
ENSG00000283692	2262	1598	3330
ENSG00000283696	532	322	655
ENSG00000283743	21	20	36
ENSG00000283757	462	303	623
ENSG00000283761	69	43	77
ENSG00000283765	33	20	39
ENSG00000283766	12	5	17
ENSG00000283769	21	11	31
ENSG00000283782	1105	715	1246
ENSG00000283809	12	6	12
ENSG00000283839	24	10	18
ENSG00000283877	89	61	117
ENSG00000283886	121	78	240
ENSG00000283897	61	53	106
ENSG00000283907	164	115	194
ENSG00000283913	1356	1072	1913
ENSG00000283914	27	15	27
ENSG00000283959	263	244	363
ENSG00000283973	36	26	30
ENSG00000283977	872	615	993
ENSG00000283982	755	479	1034
ENSG00000283991	17	9	11
ENSG00000283999	31	13	55
ENSG00000284048	7	3	14
ENSG00000284052	858	781	1175
ENSG00000284057	113	95	159
ENSG00000284070	33	11	16
ENSG00000284116	808	332	894
ENSG00000284196	386	276	459
ENSG00000284292	166	114	240
ENSG00000284309	19	4	19
ENSG00000284337	3	0	5
ENSG00000284341	0	2	1
ENSG00000284376	69	27	48
ENSG00000284377	346	251	452
ENSG00000284391	61	32	66
ENSG00000284393	58	30	65
ENSG00000284428	0	0	6
ENSG00000284430	193	96	245
ENSG00000284452	7	4	2
ENSG00000284461	141	80	164
ENSG00000284500	0	5	5
ENSG00000284512	63	38	97
ENSG00000284523	301	214	454
ENSG00000284526	41	33	51
ENSG00000284534	55	54	85
ENSG00000284554	4	3	8
ENSG00000284600	76	41	75
ENSG00000284601	21	17	29
ENSG00000284602	221	207	361
ENSG00000284604	7	4	3
ENSG00000284606	960	693	1511
ENSG00000284607	214	138	296
ENSG00000284612	59	48	69
ENSG00000284616	9	7	12
ENSG00000284618	14	9	16
ENSG00000284624	673	381	1079
ENSG00000284626	90	60	107
ENSG00000284632	170	128	181
ENSG00000284633	201	132	244
ENSG00000284634	1724	1085	2605
ENSG00000284640	36	27	71
ENSG00000284641	9	7	8
ENSG00000284642	25	22	38
ENSG00000284644	335	229	354
ENSG00000284645	14	13	25
ENSG00000284646	160	117	185
ENSG00000284650	16	7	18
ENSG00000284652	9	5	9
ENSG00000284653	76	46	116
ENSG00000284656	10	9	7
ENSG00000284657	65	41	68
ENSG00000284664	34	15	29
ENSG00000284669	256	149	322
ENSG00000284675	47	37	65
ENSG00000284676	55	33	55
ENSG00000284685	2299	1043	1714
ENSG00000284686	722	464	1071
ENSG00000284691	60	40	85
ENSG00000284692	37	32	54
ENSG00000284694	20	4	26
ENSG00000284695	595	325	978
ENSG00000284697	421	313	591
ENSG00000284699	51	40	61
ENSG00000284700	11	7	6
ENSG00000284702	34	25	46
ENSG00000284703	20	9	22
ENSG00000284705	19	4	21
ENSG00000284707	3598	2331	4810
ENSG00000284708	77	44	104
ENSG00000284710	13	5	9
ENSG00000284716	28	16	39
ENSG00000284719	21	25	47
ENSG00000284720	5	5	5
ENSG00000284721	34	29	47
ENSG00000284722	60	27	67
ENSG00000284726	58	40	77
ENSG00000284732	25	14	28
ENSG00000284734	28	18	31
ENSG00000284735	50	54	86
ENSG00000284738	64	56	118
ENSG00000284739	14	9	23
ENSG00000284743	3	3	11
ENSG00000284744	7	6	14
ENSG00000284745	30	17	36
ENSG00000284747	103	52	104
ENSG00000284748	59	27	89
ENSG00000284772	201	140	268
ENSG00000284773	154	117	220
ENSG00000284776	106	88	180
ENSG00000284800	3	4	8
ENSG00000284803	34	28	32
ENSG00000284808	129	82	189
ENSG00000284820	20	9	35
ENSG00000284823	55	28	85
ENSG00000284825	50	33	91
ENSG00000284837	4	1	5
ENSG00000284839	12	2	7
ENSG00000284846	73	31	79
ENSG00000284876	60	42	76
ENSG00000284882	57	43	86
ENSG00000284906	259	186	355
ENSG00000284914	14	8	14
ENSG00000284928	26	8	33
ENSG00000284930	8	10	17
ENSG00000284931	19	12	15
ENSG00000284946	52	45	59
ENSG00000284952	93	93	123
ENSG00000284957	8	4	11
ENSG00000284966	152	98	183
ENSG00000284968	0	1	0
ENSG00000284969	43	18	82
ENSG00000284977	614	399	874
ENSG00000284987	76	57	121
ENSG00000284989	6	3	4
ENSG00000284994	7	6	10
ENSG00000284999	1114	721	1597
ENSG00000285000	189	169	269
ENSG00000285006	6	1	10
ENSG00000285012	54	27	52
ENSG00000285016	278	182	388
ENSG00000285018	56	25	47
ENSG00000285040	63	38	84
ENSG00000285041	13	14	13
ENSG00000285043	174	145	251
ENSG00000285064	4	11	24
ENSG00000285068	69	55	107
ENSG00000285079	24	25	39
ENSG00000285080	509	374	567
ENSG00000285082	172	102	213
ENSG00000285090	2292	1341	2418
ENSG00000285091	198	131	285
ENSG00000285095	1308	835	1685
ENSG00000285108	151	125	173
ENSG00000285117	122	75	142
ENSG00000285128	11	10	10
ENSG00000285130	789	571	938
ENSG00000285144	40	21	48
ENSG00000285155	283	477	337
ENSG00000285159	52	41	82
ENSG00000285162	53	54	88
ENSG00000285163	88	44	105
ENSG00000285165	22	14	19
ENSG00000285169	21	10	30
ENSG00000285171	4	1	11
ENSG00000285177	15	13	29
ENSG00000285179	34	32	29
ENSG00000285201	54	50	90
ENSG00000285212	99	66	151
ENSG00000285216	245	171	335
ENSG00000285220	156	98	197
ENSG00000285238	29	21	18
ENSG00000285239	3	4	9
ENSG00000285245	54	22	67
ENSG00000285253	2264	1265	2315
ENSG00000285269	103	72	126
ENSG00000285283	310	185	459
ENSG00000285300	396	238	502
ENSG00000285304	32	24	39
ENSG00000285314	26	15	28
ENSG00000285325	5	1	7
ENSG00000285329	996	706	1320
ENSG00000285330	31	12	39
ENSG00000285338	39	20	51
ENSG00000285354	21	3	24
ENSG00000285361	3	2	12
ENSG00000285374	6	4	6
ENSG00000285382	589	412	725
ENSG00000285402	292	223	489
ENSG00000285404	281	214	338
ENSG00000285407	849	588	1091
ENSG00000285409	272	176	332
ENSG00000285413	17	1	17
ENSG00000285424	1023	827	1191
ENSG00000285444	161	95	191
ENSG00000285446	77	54	92
ENSG00000285467	222	153	290
ENSG00000285471	638	826	767
ENSG00000285473	196	137	253
ENSG00000285486	14	11	16
ENSG00000285492	200	165	295
ENSG00000285505	72	33	100
ENSG00000285517	382	257	432
ENSG00000285518	19	22	48
ENSG00000285519	136	86	184
ENSG00000285520	467	348	639
ENSG00000285521	21	21	30
ENSG00000285523	17	9	24
ENSG00000285524	7	1	8
ENSG00000285525	56	23	76
ENSG00000285526	26	14	27
ENSG00000285527	34	10	20
ENSG00000285528	7	13	21
ENSG00000285529	93	74	114
ENSG00000285530	199	125	235
ENSG00000285534	1525	757	1333
ENSG00000285535	1367	988	1861
ENSG00000285538	11	8	13
ENSG00000285539	11	7	19
ENSG00000285540	45	45	52
ENSG00000285541	129	99	174
ENSG00000285542	130	109	182
ENSG00000285543	38	30	57
ENSG00000285544	133	85	173
ENSG00000285545	7	11	10
ENSG00000285547	181	79	209
ENSG00000285548	34	27	80
ENSG00000285549	115	81	146
ENSG00000285550	516	318	633
ENSG00000285552	129	83	140
ENSG00000285553	108	63	149
ENSG00000285555	5	5	14
ENSG00000285556	101	53	93
ENSG00000285557	644	444	780
ENSG00000285558	171	129	296
ENSG00000285559	0	1	2
ENSG00000285561	12	14	12
ENSG00000285562	7	11	8
ENSG00000285563	35	14	37
ENSG00000285564	50	60	81
ENSG00000285565	109	68	144
ENSG00000285566	0	0	2
ENSG00000285567	410	293	534
ENSG00000285568	63	38	81
ENSG00000285569	159	95	199
ENSG00000285570	369	261	456
ENSG00000285571	5	4	1
ENSG00000285572	2904	1863	3093
ENSG00000285573	7	6	9
ENSG00000285575	35	28	52
ENSG00000285577	23	23	31
ENSG00000285579	1418	941	1781
ENSG00000285580	3	6	4
ENSG00000285581	58	38	85
ENSG00000285582	1729	1128	2564
ENSG00000285584	90	38	113
ENSG00000285585	40	14	41
ENSG00000285586	19	10	25
ENSG00000285587	73	27	113
ENSG00000285588	106	59	137
ENSG00000285589	220	148	309
ENSG00000285590	45	30	49
ENSG00000285591	62	44	103
ENSG00000285593	0	1	8
ENSG00000285595	51	49	90
ENSG00000285596	176	133	318
ENSG00000285597	15	11	17
ENSG00000285598	18	14	25
ENSG00000285599	24	19	23
ENSG00000285600	24	20	32
ENSG00000285601	27	24	50
ENSG00000285602	62	44	83
ENSG00000285603	15	12	19
ENSG00000285604	13	7	23
ENSG00000285605	135	83	156
ENSG00000285606	14	6	14
ENSG00000285608	43	36	83
ENSG00000285610	19	9	16
ENSG00000285612	11	9	6
ENSG00000285613	73	37	92
ENSG00000285614	7	10	19
ENSG00000285615	25	26	26
ENSG00000285616	39	19	42
ENSG00000285619	505	353	552
ENSG00000285621	87	59	106
ENSG00000285622	589	418	791
ENSG00000285623	44	19	65
ENSG00000285624	20	7	22
ENSG00000285627	25	13	19
ENSG00000285628	19	10	28
ENSG00000285629	34	23	52
ENSG00000285630	4	8	3
ENSG00000285631	5	5	11
ENSG00000285632	57	33	68
ENSG00000285633	329	235	464
ENSG00000285634	229	147	284
ENSG00000285635	211	168	298
ENSG00000285636	77	61	143
ENSG00000285637	379	308	516
ENSG00000285638	808	557	1088
ENSG00000285639	215	139	299
ENSG00000285640	33	20	24
ENSG00000285641	181	142	222
ENSG00000285642	7	6	9
ENSG00000285643	15	9	24
ENSG00000285644	26	14	38
ENSG00000285645	26	19	39
ENSG00000285646	245	215	242
ENSG00000285647	25	18	39
ENSG00000285648	75	38	86
ENSG00000285649	116	62	116
ENSG00000285650	166	143	209
ENSG00000285651	50	42	69
ENSG00000285652	57	54	81
ENSG00000285653	6	4	4
ENSG00000285654	0	2	4
ENSG00000285655	33	16	39
ENSG00000285656	57	47	81
ENSG00000285658	165	129	247
ENSG00000285660	7	5	4
ENSG00000285661	11	4	15
ENSG00000285663	10	6	10
ENSG00000285664	1458	1055	1873
ENSG00000285666	214	171	313
ENSG00000285667	672	624	1088
ENSG00000285668	16	8	21
ENSG00000285669	274	269	371
ENSG00000285670	15	7	21
ENSG00000285671	18	24	23
ENSG00000285672	8	5	23
ENSG00000285673	426	249	536
ENSG00000285675	117	47	147
ENSG00000285676	64	56	65
ENSG00000285677	124	90	156
ENSG00000285679	4887	3515	6450
ENSG00000285680	56	42	91
ENSG00000285681	660	630	824
ENSG00000285683	229	171	321
ENSG00000285684	70	58	86
ENSG00000285685	14	8	14
ENSG00000285688	161	101	196
ENSG00000285689	15	4	13
ENSG00000285691	112	62	134
ENSG00000285693	402	405	564
ENSG00000285694	44	21	53
ENSG00000285695	65	49	85
ENSG00000285696	128	102	206
ENSG00000285698	67	33	85
ENSG00000285699	70	56	93
ENSG00000285700	18	19	22
ENSG00000285701	35	33	34
ENSG00000285702	5	3	10
ENSG00000285703	131	67	146
ENSG00000285704	3	5	8
ENSG00000285705	76	39	69
ENSG00000285706	28	13	38
ENSG00000285707	14	7	21
ENSG00000285708	899	634	1107
ENSG00000285709	21	13	26
ENSG00000285710	162	98	227
ENSG00000285712	107	61	111
ENSG00000285714	24	13	36
ENSG00000285715	6	5	19
ENSG00000285716	13	4	22
ENSG00000285717	166	91	167
ENSG00000285718	357	262	455
ENSG00000285719	108	45	97
ENSG00000285722	2	2	6
ENSG00000285724	340	251	489
ENSG00000285726	23	25	38
ENSG00000285727	29	23	49
ENSG00000285728	260	209	355
ENSG00000285729	97	65	143
ENSG00000285730	47	30	70
ENSG00000285731	277	178	338
ENSG00000285732	8	7	6
ENSG00000285733	93	59	95
ENSG00000285734	39	32	55
ENSG00000285736	61	58	119
ENSG00000285738	20	9	15
ENSG00000285739	13	4	9
ENSG00000285740	8	5	9
ENSG00000285741	648	398	888
ENSG00000285742	23	14	22
ENSG00000285743	103	64	126
ENSG00000285747	20	13	40
ENSG00000285748	49	24	56
ENSG00000285749	124	80	153
ENSG00000285750	21	20	38
ENSG00000285751	718	585	947
ENSG00000285754	252	153	269
ENSG00000285756	759	555	1207
ENSG00000285758	149	114	184
ENSG00000285759	28	11	25
ENSG00000285761	77	38	106
ENSG00000285762	6	0	4
ENSG00000285763	259	188	272
ENSG00000285764	21	8	31
ENSG00000285766	16	13	20
ENSG00000285769	383	257	523
ENSG00000285770	9	3	13
ENSG00000285771	23	18	32
ENSG00000285773	82	73	144
ENSG00000285775	22	23	42
ENSG00000285777	20	25	44
ENSG00000285778	354	237	448
ENSG00000285779	115	90	159
ENSG00000285780	97	88	104
ENSG00000285782	145	94	248
ENSG00000285783	230	156	333
ENSG00000285784	1285	876	1623
ENSG00000285785	51	31	62
ENSG00000285786	8	6	15
ENSG00000285788	3	2	10
ENSG00000285789	199	141	274
ENSG00000285790	29	22	37
ENSG00000285791	117	83	166
ENSG00000285792	9	8	20
ENSG00000285796	252	256	351
ENSG00000285797	102	81	150
ENSG00000285798	164	126	214
ENSG00000285800	16	10	17
ENSG00000285801	303	203	432
ENSG00000285802	107	73	128
ENSG00000285803	12	7	21
ENSG00000285805	9	10	24
ENSG00000285806	31	19	46
ENSG00000285807	7	5	12
ENSG00000285809	39	21	40
ENSG00000285810	54	37	70
ENSG00000285811	9	7	12
ENSG00000285812	41	31	53
ENSG00000285813	22	12	22
ENSG00000285816	467	335	528
ENSG00000285817	492	295	623
ENSG00000285819	96	47	105
ENSG00000285820	196	109	256
ENSG00000285821	8	6	12
ENSG00000285822	152	107	214
ENSG00000285824	21	7	10
ENSG00000285826	383	244	481
ENSG00000285827	42	23	69
ENSG00000285829	69	49	73
ENSG00000285830	17	14	25
ENSG00000285831	168	91	202
ENSG00000285833	2	3	4
ENSG00000285834	330	189	370
ENSG00000285835	2693	2278	4278
ENSG00000285836	17	22	34
ENSG00000285837	92	70	138
ENSG00000285838	179	131	220
ENSG00000285840	54	28	81
ENSG00000285841	14	9	13
ENSG00000285842	511	341	721
ENSG00000285846	7	7	18
ENSG00000285847	291	202	314
ENSG00000285848	206	143	301
ENSG00000285849	11	4	15
ENSG00000285850	15	10	8
ENSG00000285851	1409	952	1751
ENSG00000285852	20	20	37
ENSG00000285853	32	13	39
ENSG00000285854	374	265	519
ENSG00000285855	22	16	26
ENSG00000285856	27	22	28
ENSG00000285857	62	55	58
ENSG00000285858	62	38	83
ENSG00000285859	1319	884	1849
ENSG00000285860	244	167	284
ENSG00000285861	95	107	159
ENSG00000285864	55	38	57
ENSG00000285865	20	15	19
ENSG00000285867	259	197	324
ENSG00000285868	254	181	329
ENSG00000285870	18	21	22
ENSG00000285871	44	29	60
ENSG00000285872	96	60	107
ENSG00000285873	76	41	114
ENSG00000285876	1963	1032	1759
ENSG00000285877	527	409	670
ENSG00000285878	124	86	148
ENSG00000285879	33	15	35
ENSG00000285880	195	93	185
ENSG00000285881	30	12	30
ENSG00000285883	9	5	20
ENSG00000285884	54	47	84
ENSG00000285885	24	15	39
ENSG00000285886	6	8	8
ENSG00000285887	28	28	46
ENSG00000285888	38	31	49
ENSG00000285889	154	118	210
ENSG00000285890	36	31	58
ENSG00000285894	463	282	611
ENSG00000285895	4	2	10
ENSG00000285897	10	4	20
ENSG00000285898	131	98	175
ENSG00000285899	277	194	405
ENSG00000285900	3	1	8
ENSG00000285901	168	101	258
ENSG00000285902	136	207	144
ENSG00000285904	225	147	311
ENSG00000285906	161	136	228
ENSG00000285907	175	105	250
ENSG00000285908	62	49	85
ENSG00000285909	364	280	480
ENSG00000285910	2	1	4
ENSG00000285911	83	49	99
ENSG00000285914	50	44	49
ENSG00000285915	15	17	31
ENSG00000285917	13	15	19
ENSG00000285918	21	9	16
ENSG00000285919	168	107	183
ENSG00000285920	223	173	256
ENSG00000285921	314	191	399
ENSG00000285922	19	22	32
ENSG00000285923	70	42	73
ENSG00000285925	33	8	22
ENSG00000285926	25	24	32
ENSG00000285928	9	4	4
ENSG00000285929	23	13	36
ENSG00000285930	45	30	57
ENSG00000285931	7	10	9
ENSG00000285932	667	373	679
ENSG00000285933	19	12	21
ENSG00000285934	54	41	65
ENSG00000285935	68	19	40
ENSG00000285936	4	9	12
ENSG00000285938	137	63	95
ENSG00000285939	2850	1874	3722
ENSG00000285941	329	247	374
ENSG00000285942	114	89	181
ENSG00000285945	26	17	37
ENSG00000285947	31	34	40
ENSG00000285948	47	32	66
ENSG00000285952	53	37	62
ENSG00000285954	63	33	59
ENSG00000285957	54	27	47
ENSG00000285958	53	26	44
ENSG00000285959	54	45	58
ENSG00000285960	233	150	260
ENSG00000285961	530	343	732
ENSG00000285963	18	16	29
ENSG00000285964	258	163	267
ENSG00000285966	370	274	473
ENSG00000285968	103	57	158
ENSG00000285969	11	2	15
ENSG00000285970	18	8	20
ENSG00000285971	365	312	514
ENSG00000285973	136	115	146
ENSG00000285974	6	2	7
ENSG00000285977	8	4	7
ENSG00000285978	46	34	66
ENSG00000285979	11	12	26
ENSG00000285980	192	114	192
ENSG00000285981	96	81	168
ENSG00000285982	278	175	381
ENSG00000285984	23	19	27
ENSG00000285987	1008	708	1342
ENSG00000285991	129	78	167
ENSG00000285992	74	69	153
ENSG00000285993	3	2	5
ENSG00000285996	19	12	27
ENSG00000285997	7	9	14
ENSG00000285998	20	7	28
ENSG00000285999	389	273	585
ENSG00000286000	12	13	23
ENSG00000286001	353	254	513
ENSG00000286002	5	4	6
ENSG00000286003	438	294	534
ENSG00000286004	53	32	65
ENSG00000286006	10	11	16
ENSG00000286008	4	0	4
ENSG00000286009	12	9	2
ENSG00000286010	42	22	37
ENSG00000286011	14	9	6
ENSG00000286013	19	5	16
ENSG00000286015	181	160	263
ENSG00000286016	297	161	378
ENSG00000286017	45	33	52
ENSG00000286018	10	3	8
ENSG00000286020	73	34	62
ENSG00000286022	284	197	397
ENSG00000286023	164	135	206
ENSG00000286024	53	59	77
ENSG00000286026	159	167	213
ENSG00000286031	5	2	4
ENSG00000286033	308	259	451
ENSG00000286034	152	94	209
ENSG00000286035	145	64	159
ENSG00000286036	33	24	35
ENSG00000286037	8	9	4
ENSG00000286039	88	83	128
ENSG00000286040	229	138	299
ENSG00000286041	132	110	164
ENSG00000286043	103	60	108
ENSG00000286044	836	545	1035
ENSG00000286045	120	96	181
ENSG00000286047	4	6	5
ENSG00000286049	6	2	8
ENSG00000286050	169	66	140
ENSG00000286052	56	48	67
ENSG00000286056	25	15	22
ENSG00000286058	59	29	64
ENSG00000286059	9	8	10
ENSG00000286060	76	54	92
ENSG00000286062	369	235	585
ENSG00000286063	118	89	174
ENSG00000286066	137	102	160
ENSG00000286067	51	27	66
ENSG00000286068	412	293	522
ENSG00000286070	105	75	127
ENSG00000286071	319	247	412
ENSG00000286072	850	500	1124
ENSG00000286076	244	199	330
ENSG00000286077	0	0	3
ENSG00000286078	12	14	13
ENSG00000286080	26	10	21
ENSG00000286081	54	38	67
ENSG00000286082	89	60	101
ENSG00000286083	15	6	23
ENSG00000286084	768	550	1046
ENSG00000286085	336	190	443
ENSG00000286087	5	7	6
ENSG00000286088	20	12	18
ENSG00000286089	28	25	40
ENSG00000286090	7	3	16
ENSG00000286092	34	40	42
ENSG00000286093	31	22	37
ENSG00000286097	97	54	134
ENSG00000286098	160	131	237
ENSG00000286099	576	427	909
ENSG00000286100	91	52	110
ENSG00000286101	103	70	129
ENSG00000286103	68	42	75
ENSG00000286104	455	340	566
ENSG00000286108	10	6	12
ENSG00000286109	48	32	71
ENSG00000286110	3	1	3
ENSG00000286113	8	8	11
ENSG00000286115	151	114	265
ENSG00000286116	31	23	25
ENSG00000286117	63	26	62
ENSG00000286118	36	33	88
ENSG00000286119	17	9	12
ENSG00000286121	1309	743	1713
ENSG00000286123	224	120	293
ENSG00000286124	31	25	29
ENSG00000286125	84	63	134
ENSG00000286126	22	7	30
ENSG00000286127	26	18	40
ENSG00000286128	7	8	12
ENSG00000286129	5931	3695	6141
ENSG00000286130	11	4	21
ENSG00000286132	688	447	897
ENSG00000286133	957	708	1638
ENSG00000286134	347	258	455
ENSG00000286136	151	84	191
ENSG00000286138	47	45	68
ENSG00000286141	52	20	48
ENSG00000286142	26	20	32
ENSG00000286143	25	27	26
ENSG00000286144	58	27	66
ENSG00000286145	845	530	1089
ENSG00000286150	199	117	216
ENSG00000286152	584	397	695
ENSG00000286154	14	14	21
ENSG00000286157	3	5	3
ENSG00000286158	3	5	5
ENSG00000286159	16	9	19
ENSG00000286160	54	43	79
ENSG00000286161	87	51	108
ENSG00000286163	961	561	1217
ENSG00000286164	54	27	91
ENSG00000286167	45	35	60
ENSG00000286168	99	64	100
ENSG00000286171	5	0	5
ENSG00000286174	34	24	52
ENSG00000286179	61	49	60
ENSG00000286180	15	12	28
ENSG00000286182	52	31	60
ENSG00000286183	10	13	14
ENSG00000286185	180	120	250
ENSG00000286186	23	16	38
ENSG00000286187	39	29	63
ENSG00000286188	31	14	33
ENSG00000286191	61	118	73
ENSG00000286192	18	12	17
ENSG00000286194	17	4	11
ENSG00000286195	185	161	245
ENSG00000286196	25	24	33
ENSG00000286197	203	166	216
ENSG00000286198	184	110	237
ENSG00000286199	39	22	59
ENSG00000286201	27	16	50
ENSG00000286202	3	1	1
ENSG00000286204	29	12	33
ENSG00000286205	11	7	24
ENSG00000286206	106	60	123
ENSG00000286207	55	37	83
ENSG00000286208	28	21	63
ENSG00000286209	62	61	102
ENSG00000286210	29	21	41
ENSG00000286211	395	285	512
ENSG00000286212	149	103	226
ENSG00000286213	85	75	123
ENSG00000286216	268	224	346
ENSG00000286218	190	116	223
ENSG00000286221	586	415	744
ENSG00000286222	26	14	34
ENSG00000286223	21	18	23
ENSG00000286225	520	341	654
ENSG00000286226	29	27	50
ENSG00000286227	71	34	84
ENSG00000286229	106	80	142
ENSG00000286230	27	25	43
ENSG00000286231	274	186	346
ENSG00000286232	4	3	5
ENSG00000286233	0	2	3
ENSG00000286234	191	121	222
ENSG00000286235	48	28	72
ENSG00000286238	191	123	230
ENSG00000286239	244	164	383
ENSG00000286240	32	24	50
ENSG00000286241	19	17	23
ENSG00000286242	59	39	64
ENSG00000286244	116	98	135
ENSG00000286245	18	11	24
ENSG00000286246	1	3	4
ENSG00000286247	12	13	10
ENSG00000286248	74	61	88
ENSG00000286249	110	74	145
ENSG00000286250	26	9	3
ENSG00000286251	12190	8089	20110
ENSG00000286253	128	67	156
ENSG00000286254	12	5	13
ENSG00000286257	362	268	448
ENSG00000286258	11	13	18
ENSG00000286259	134	96	178
ENSG00000286260	163	108	233
ENSG00000286262	44	21	55
ENSG00000286263	689	478	802
ENSG00000286266	257	172	336
ENSG00000286268	82	43	82
ENSG00000286269	34	13	29
ENSG00000286270	44	22	66
ENSG00000286271	559	340	727
ENSG00000286272	136	87	136
ENSG00000286274	93	57	125
ENSG00000286275	7	5	10
ENSG00000286276	42	34	38
ENSG00000286277	348	230	441
ENSG00000286278	0	3	3
ENSG00000286279	280	166	423
ENSG00000286280	13	14	5
ENSG00000286281	37	28	45
ENSG00000286282	1394	656	1360
ENSG00000286283	1	2	3
ENSG00000286284	3	2	9
ENSG00000286285	62	57	41
ENSG00000286286	111	56	116
ENSG00000286288	559	364	697
ENSG00000286289	571	385	627
ENSG00000286290	87	64	97
ENSG00000286291	17	11	21
ENSG00000286292	351	204	472
ENSG00000286293	9	5	15
ENSG00000286295	54	29	61
ENSG00000286297	84	42	106
ENSG00000286299	17	12	25
ENSG00000286300	16	10	21
ENSG00000286301	25	14	38
ENSG00000286302	12	11	23
ENSG00000286305	26	9	24
ENSG00000286306	6	7	7
ENSG00000286308	197	108	225
ENSG00000286309	27	20	47
ENSG00000286310	76	53	118
ENSG00000286311	13	9	9
ENSG00000286312	19	6	42
ENSG00000286313	154	66	180
ENSG00000286316	17	22	27
ENSG00000286317	14	2	14
ENSG00000286319	132	87	146
ENSG00000286321	271	172	315
ENSG00000286322	54	53	72
ENSG00000286323	22	14	8
ENSG00000286324	52	40	85
ENSG00000286325	10	1	7
ENSG00000286326	74	44	73
ENSG00000286328	434	282	608
ENSG00000286329	353	438	615
ENSG00000286330	406	219	396
ENSG00000286331	4	11	9
ENSG00000286332	12	4	14
ENSG00000286333	84	55	131
ENSG00000286334	81	63	109
ENSG00000286335	90	68	117
ENSG00000286337	4	5	8
ENSG00000286338	199	135	258
ENSG00000286339	66	29	53
ENSG00000286340	283	153	338
ENSG00000286341	3	3	11
ENSG00000286342	33	38	46
ENSG00000286343	197	102	224
ENSG00000286344	5	3	3
ENSG00000286345	41	43	68
ENSG00000286347	20	12	16
ENSG00000286348	50	30	53
ENSG00000286349	22	21	25
ENSG00000286350	26	15	27
ENSG00000286351	273	193	366
ENSG00000286352	9	8	21
ENSG00000286353	271	176	388
ENSG00000286354	3	4	7
ENSG00000286355	40	29	56
ENSG00000286356	10	8	19
ENSG00000286357	31	18	28
ENSG00000286358	6	5	9
ENSG00000286359	4	5	10
ENSG00000286361	7	6	21
ENSG00000286362	134	87	150
ENSG00000286364	984	481	881
ENSG00000286365	10	12	14
ENSG00000286366	254	196	377
ENSG00000286367	11	5	5
ENSG00000286368	48	27	68
ENSG00000286369	90	74	151
ENSG00000286370	11	10	12
ENSG00000286371	558	339	548
ENSG00000286372	5	3	9
ENSG00000286373	218	144	247
ENSG00000286374	33	15	21
ENSG00000286375	30	14	34
ENSG00000286376	275	187	350
ENSG00000286377	221	122	281
ENSG00000286378	35	19	45
ENSG00000286379	287	190	374
ENSG00000286380	22	28	36
ENSG00000286382	0	4	0
ENSG00000286383	50	37	86
ENSG00000286384	5	1	10
ENSG00000286385	846	592	1028
ENSG00000286386	89	44	109
ENSG00000286387	125	80	171
ENSG00000286389	66	43	61
ENSG00000286390	76	45	86
ENSG00000286391	13	15	36
ENSG00000286393	7	4	11
ENSG00000286394	13	4	19
ENSG00000286395	55	55	80
ENSG00000286397	11	8	13
ENSG00000286398	18	10	17
ENSG00000286399	69	54	108
ENSG00000286400	9	13	11
ENSG00000286401	81	53	80
ENSG00000286403	19	24	28
ENSG00000286404	21	14	36
ENSG00000286405	15	8	32
ENSG00000286407	7	6	15
ENSG00000286408	21	17	16
ENSG00000286409	176	162	261
ENSG00000286410	51	21	53
ENSG00000286411	20	11	20
ENSG00000286412	35	15	26
ENSG00000286413	0	2	4
ENSG00000286414	346	228	347
ENSG00000286415	371	299	438
ENSG00000286416	385	347	585
ENSG00000286417	322	198	379
ENSG00000286419	12	11	17
ENSG00000286420	98	60	134
ENSG00000286421	11	16	32
ENSG00000286422	80	65	112
ENSG00000286423	911	638	745
ENSG00000286424	15	10	20
ENSG00000286425	63	45	83
ENSG00000286426	32	20	43
ENSG00000286427	75	62	100
ENSG00000286428	13	11	19
ENSG00000286429	71	34	88
ENSG00000286430	44	36	36
ENSG00000286431	148	123	179
ENSG00000286432	341	252	397
ENSG00000286433	38	25	37
ENSG00000286434	10	10	18
ENSG00000286435	14	8	23
ENSG00000286436	14	8	33
ENSG00000286437	9	12	10
ENSG00000286438	163	110	218
ENSG00000286439	28	12	26
ENSG00000286440	6	3	11
ENSG00000286441	41	32	80
ENSG00000286442	34	8	38
ENSG00000286443	41	32	61
ENSG00000286444	34	12	37
ENSG00000286445	25	15	26
ENSG00000286446	12	9	16
ENSG00000286447	15	12	24
ENSG00000286448	8	2	10
ENSG00000286449	10	4	11
ENSG00000286450	37	30	60
ENSG00000286451	36	25	48
ENSG00000286452	3	4	9
ENSG00000286453	7	9	11
ENSG00000286454	23	6	32
ENSG00000286455	24	14	24
ENSG00000286456	248	185	374
ENSG00000286457	24	21	33
ENSG00000286458	1304	977	1596
ENSG00000286459	0	1	0
ENSG00000286460	9	6	9
ENSG00000286461	4	3	5
ENSG00000286462	6	4	15
ENSG00000286463	34	24	51
ENSG00000286464	9	9	12
ENSG00000286465	36	18	40
ENSG00000286466	115	77	124
ENSG00000286467	5	9	11
ENSG00000286468	16	9	14
ENSG00000286469	88	187	89
ENSG00000286470	143	62	164
ENSG00000286471	48	23	38
ENSG00000286472	6	13	24
ENSG00000286473	3	8	2
ENSG00000286474	375	240	468
ENSG00000286475	1516	609	1249
ENSG00000286476	99	58	111
ENSG00000286477	39	20	59
ENSG00000286478	48	16	40
ENSG00000286479	247	130	350
ENSG00000286480	269	168	388
ENSG00000286481	3864	2730	4834
ENSG00000286482	42	32	65
ENSG00000286483	2	3	5
ENSG00000286484	28	11	22
ENSG00000286485	3	6	6
ENSG00000286486	9	7	10
ENSG00000286487	69	53	103
ENSG00000286488	38	36	57
ENSG00000286489	166	110	207
ENSG00000286490	6	4	6
ENSG00000286491	46	18	59
ENSG00000286492	220	126	296
ENSG00000286493	22	20	25
ENSG00000286494	691	487	809
ENSG00000286495	41	12	63
ENSG00000286496	10	7	10
ENSG00000286497	4	2	6
ENSG00000286499	35	29	54
ENSG00000286500	33	30	45
ENSG00000286501	28	16	32
ENSG00000286502	40	21	63
ENSG00000286504	28	16	27
ENSG00000286505	20	10	19
ENSG00000286507	69	41	71
ENSG00000286508	333	184	364
ENSG00000286509	12	8	6
ENSG00000286510	4	7	5
ENSG00000286511	256	176	361
ENSG00000286512	119	63	131
ENSG00000286513	11	18	12
ENSG00000286514	25	17	38
ENSG00000286515	121	82	156
ENSG00000286516	3	3	5
ENSG00000286518	18	17	29
ENSG00000286520	9	8	10
ENSG00000286521	226	184	341
ENSG00000286523	515	313	657
ENSG00000286524	2	1	2
ENSG00000286525	435	256	532
ENSG00000286526	12	2	14
ENSG00000286527	4	6	6
ENSG00000286528	49	27	57
ENSG00000286529	27	14	25
ENSG00000286531	3	4	2
ENSG00000286533	1401	1039	1628
ENSG00000286535	19	16	25
ENSG00000286536	1014	755	1384
ENSG00000286537	12	5	6
ENSG00000286538	13	9	15
ENSG00000286539	45	39	61
ENSG00000286540	1717	947	1482
ENSG00000286541	112	65	99
ENSG00000286542	57	56	99
ENSG00000286544	14	10	21
ENSG00000286545	25	15	24
ENSG00000286546	248	157	275
ENSG00000286547	24	26	35
ENSG00000286548	383	266	517
ENSG00000286549	67	44	76
ENSG00000286550	107	74	155
ENSG00000286551	37	30	49
ENSG00000286553	58	39	93
ENSG00000286554	3	8	17
ENSG00000286555	11	2	11
ENSG00000286557	27	14	30
ENSG00000286558	19	21	26
ENSG00000286559	30	8	29
ENSG00000286561	68	59	99
ENSG00000286562	48	40	56
ENSG00000286564	45	32	45
ENSG00000286565	83	51	68
ENSG00000286566	112	81	109
ENSG00000286567	43	35	56
ENSG00000286569	8	5	14
ENSG00000286570	42	34	50
ENSG00000286571	15	6	25
ENSG00000286572	92	52	111
ENSG00000286573	32	13	25
ENSG00000286575	119	81	155
ENSG00000286576	4	0	8
ENSG00000286578	11	6	15
ENSG00000286580	38	22	54
ENSG00000286581	63	25	75
ENSG00000286582	78	31	73
ENSG00000286584	23	17	40
ENSG00000286585	57	44	58
ENSG00000286586	16	6	22
ENSG00000286587	18	8	14
ENSG00000286588	0	2	3
ENSG00000286589	1	2	1
ENSG00000286590	67	34	86
ENSG00000286591	267	154	322
ENSG00000286593	49	29	60
ENSG00000286594	2	5	5
ENSG00000286595	103	69	130
ENSG00000286597	73	52	97
ENSG00000286598	7	10	14
ENSG00000286599	267	139	340
ENSG00000286600	32	36	52
ENSG00000286603	0	0	2
ENSG00000286604	60	39	101
ENSG00000286605	288	187	376
ENSG00000286606	9	8	11
ENSG00000286607	6	5	3
ENSG00000286608	807	674	1211
ENSG00000286609	5	3	18
ENSG00000286610	17	11	25
ENSG00000286611	12	12	11
ENSG00000286612	58	25	81
ENSG00000286616	24	23	31
ENSG00000286617	57	45	87
ENSG00000286618	199	116	220
ENSG00000286621	86	65	105
ENSG00000286622	336	201	409
ENSG00000286623	15	16	30
ENSG00000286624	11	3	7
ENSG00000286625	84	45	95
ENSG00000286626	25	21	53
ENSG00000286627	0	2	10
ENSG00000286628	29	15	32
ENSG00000286629	5	2	4
ENSG00000286630	5	7	10
ENSG00000286631	256	161	294
ENSG00000286632	101	70	107
ENSG00000286633	12	4	20
ENSG00000286636	7	6	16
ENSG00000286637	550	403	742
ENSG00000286638	23	20	32
ENSG00000286639	138	105	194
ENSG00000286641	42	27	53
ENSG00000286642	220	194	364
ENSG00000286643	72	36	85
ENSG00000286644	55	42	52
ENSG00000286645	40	23	45
ENSG00000286647	24	33	48
ENSG00000286648	67	59	87
ENSG00000286649	11	5	3
ENSG00000286650	2	4	9
ENSG00000286652	466	367	610
ENSG00000286653	7	6	10
ENSG00000286654	25	17	46
ENSG00000286655	241	133	287
ENSG00000286656	42	30	58
ENSG00000286657	35	19	29
ENSG00000286658	3	5	8
ENSG00000286659	15	7	19
ENSG00000286660	44	23	50
ENSG00000286661	24	30	33
ENSG00000286662	204	153	235
ENSG00000286663	9	3	8
ENSG00000286664	168	113	216
ENSG00000286665	0	1	4
ENSG00000286666	74	47	80
ENSG00000286667	37	44	43
ENSG00000286668	15	8	20
ENSG00000286669	16	11	11
ENSG00000286670	11	10	6
ENSG00000286671	9	3	16
ENSG00000286672	14	14	15
ENSG00000286674	5	5	10
ENSG00000286675	187	124	265
ENSG00000286677	168	127	194
ENSG00000286678	7	3	8
ENSG00000286679	379	248	445
ENSG00000286680	11	8	15
ENSG00000286681	338	251	403
ENSG00000286682	26	18	38
ENSG00000286683	43	43	50
ENSG00000286684	7	6	5
ENSG00000286685	324	207	432
ENSG00000286686	59	31	110
ENSG00000286687	72	57	66
ENSG00000286688	73	71	109
ENSG00000286690	50	41	69
ENSG00000286691	73	34	82
ENSG00000286692	5	4	13
ENSG00000286693	110	86	135
ENSG00000286694	82	62	81
ENSG00000286695	184	130	230
ENSG00000286696	7	6	16
ENSG00000286697	8	10	12
ENSG00000286698	35	13	53
ENSG00000286700	18	12	18
ENSG00000286701	24	7	25
ENSG00000286703	81	44	117
ENSG00000286705	254	225	387
ENSG00000286707	152	103	168
ENSG00000286708	62	45	88
ENSG00000286709	0	3	6
ENSG00000286710	71	37	100
ENSG00000286711	11	11	10
ENSG00000286712	134	97	219
ENSG00000286713	11	4	5
ENSG00000286714	10	4	16
ENSG00000286717	165	107	208
ENSG00000286718	27	13	28
ENSG00000286719	268	175	326
ENSG00000286720	168	140	255
ENSG00000286721	156	120	284
ENSG00000286722	44	51	53
ENSG00000286723	19	13	23
ENSG00000286724	1469	975	1751
ENSG00000286725	3	0	3
ENSG00000286727	6	12	20
ENSG00000286728	176	97	188
ENSG00000286729	6	8	8
ENSG00000286730	82	58	109
ENSG00000286732	3	3	4
ENSG00000286734	62	53	95
ENSG00000286735	486	247	585
ENSG00000286736	331	226	439
ENSG00000286737	62	42	71
ENSG00000286738	321	228	451
ENSG00000286739	379	279	503
ENSG00000286740	17	13	40
ENSG00000286741	15	12	44
ENSG00000286742	97	62	111
ENSG00000286743	13	11	13
ENSG00000286745	131	78	165
ENSG00000286746	1090	799	1464
ENSG00000286747	12	18	18
ENSG00000286748	90	79	174
ENSG00000286749	1288	858	1702
ENSG00000286750	0	1	8
ENSG00000286751	153	91	202
ENSG00000286752	73	38	85
ENSG00000286754	11	2	19
ENSG00000286755	18	25	34
ENSG00000286756	13	14	18
ENSG00000286757	666	434	803
ENSG00000286759	2	6	3
ENSG00000286760	53	29	76
ENSG00000286761	0	1	0
ENSG00000286763	185	110	246
ENSG00000286764	11	6	20
ENSG00000286765	11	2	4
ENSG00000286766	47	14	42
ENSG00000286770	8	6	22
ENSG00000286771	23	21	43
ENSG00000286772	5	6	3
ENSG00000286774	211	130	250
ENSG00000286776	81	43	96
ENSG00000286777	5	4	10
ENSG00000286778	130	91	157
ENSG00000286779	16	8	17
ENSG00000286780	413	256	554
ENSG00000286781	136	80	161
ENSG00000286782	35	50	62
ENSG00000286784	408	287	580
ENSG00000286786	123	87	170
ENSG00000286787	1347	990	1839
ENSG00000286788	28	19	33
ENSG00000286790	6	4	9
ENSG00000286792	220	128	280
ENSG00000286794	4	3	4
ENSG00000286795	7	3	16
ENSG00000286796	24	25	32
ENSG00000286797	1048	905	3320
ENSG00000286798	40	13	35
ENSG00000286799	58	37	50
ENSG00000286800	404	272	605
ENSG00000286801	19	11	29
ENSG00000286802	118	101	181
ENSG00000286803	300	196	341
ENSG00000286805	111	55	96
ENSG00000286806	4	5	7
ENSG00000286807	15	20	34
ENSG00000286808	121	84	185
ENSG00000286809	33	22	37
ENSG00000286810	152	86	178
ENSG00000286812	65	46	72
ENSG00000286815	29	19	23
ENSG00000286816	16	10	22
ENSG00000286817	37	26	52
ENSG00000286818	25	17	39
ENSG00000286819	21	14	26
ENSG00000286820	25	20	33
ENSG00000286821	157	119	230
ENSG00000286822	34	13	31
ENSG00000286823	184	149	207
ENSG00000286824	85	60	105
ENSG00000286826	78	58	113
ENSG00000286827	292	187	379
ENSG00000286829	56	27	61
ENSG00000286830	226	182	374
ENSG00000286831	21	15	36
ENSG00000286832	27	14	39
ENSG00000286833	106	67	145
ENSG00000286834	84	43	118
ENSG00000286836	538	344	741
ENSG00000286837	27	26	50
ENSG00000286838	73	59	89
ENSG00000286839	182	93	206
ENSG00000286840	157	91	165
ENSG00000286841	38	31	51
ENSG00000286842	22	14	29
ENSG00000286843	5	2	6
ENSG00000286844	0	1	4
ENSG00000286845	0	0	0
ENSG00000286846	194	90	216
ENSG00000286847	27	18	18
ENSG00000286849	35	16	28
ENSG00000286850	180	147	325
ENSG00000286851	3	3	4
ENSG00000286852	3	2	4
ENSG00000286853	130	72	121
ENSG00000286854	367	253	639
ENSG00000286856	479	321	623
ENSG00000286857	44	38	45
ENSG00000286858	8	12	5
ENSG00000286860	15	9	21
ENSG00000286861	103	83	107
ENSG00000286862	232	148	320
ENSG00000286863	2212	1392	2798
ENSG00000286864	10	10	24
ENSG00000286865	31	23	42
ENSG00000286866	15	5	20
ENSG00000286867	20	7	12
ENSG00000286868	3	1	5
ENSG00000286869	189	95	251
ENSG00000286870	51	27	39
ENSG00000286871	25	7	36
ENSG00000286872	143	94	136
ENSG00000286873	211	147	277
ENSG00000286874	15	10	16
ENSG00000286875	101	52	126
ENSG00000286876	35	22	52
ENSG00000286877	5	4	3
ENSG00000286878	41	25	70
ENSG00000286879	8	7	7
ENSG00000286880	7	3	9
ENSG00000286883	139	122	193
ENSG00000286884	12	6	11
ENSG00000286885	70	57	95
ENSG00000286886	125	109	165
ENSG00000286887	57	45	79
ENSG00000286888	39	29	38
ENSG00000286889	71	63	87
ENSG00000286890	18	28	40
ENSG00000286891	731	457	899
ENSG00000286892	19	16	22
ENSG00000286893	20	15	17
ENSG00000286894	13	11	12
ENSG00000286895	1130	743	1312
ENSG00000286896	303	351	351
ENSG00000286897	96	66	97
ENSG00000286898	13	12	15
ENSG00000286899	3	4	2
ENSG00000286900	12	6	12
ENSG00000286901	36	27	43
ENSG00000286902	4	4	9
ENSG00000286904	255	191	322
ENSG00000286905	57	48	71
ENSG00000286906	7	6	7
ENSG00000286907	23	39	53
ENSG00000286908	36	20	33
ENSG00000286909	39	59	56
ENSG00000286910	15	15	22
ENSG00000286912	46	40	55
ENSG00000286913	92	72	115
ENSG00000286914	8	9	9
ENSG00000286915	198	139	278
ENSG00000286917	0	1	6
ENSG00000286918	98	67	112
ENSG00000286919	13	9	10
ENSG00000286921	20	7	18
ENSG00000286922	99	71	120
ENSG00000286923	87	75	128
ENSG00000286924	613	440	969
ENSG00000286926	5	2	4
ENSG00000286927	6	4	11
ENSG00000286928	23	23	39
ENSG00000286929	9	7	9
ENSG00000286933	21	7	29
ENSG00000286934	34	19	39
ENSG00000286935	13	2	8
ENSG00000286937	157	138	200
ENSG00000286938	28	27	64
ENSG00000286939	7	4	5
ENSG00000286941	8	3	11
ENSG00000286942	10	6	9
ENSG00000286943	28	13	26
ENSG00000286944	39	22	36
ENSG00000286945	33	26	40
ENSG00000286946	35	30	66
ENSG00000286947	8	8	7
ENSG00000286948	5	6	10
ENSG00000286949	53	35	77
ENSG00000286950	26	12	31
ENSG00000286951	39	16	38
ENSG00000286952	37	21	30
ENSG00000286953	267	158	299
ENSG00000286954	90	54	117
ENSG00000286956	62	41	79
ENSG00000286957	29	18	30
ENSG00000286958	17	11	21
ENSG00000286959	176	139	314
ENSG00000286960	94	53	98
ENSG00000286962	245	166	276
ENSG00000286963	133	82	150
ENSG00000286964	132	85	128
ENSG00000286966	10	4	10
ENSG00000286969	8	6	7
ENSG00000286971	37	13	37
ENSG00000286972	129	62	154
ENSG00000286973	268	190	366
ENSG00000286974	148	85	155
ENSG00000286975	64	47	87
ENSG00000286976	15	17	21
ENSG00000286977	72	46	85
ENSG00000286978	13	4	9
ENSG00000286979	40	42	80
ENSG00000286980	438	331	555
ENSG00000286981	14	8	28
ENSG00000286982	125	58	149
ENSG00000286983	14	8	14
ENSG00000286984	12	9	22
ENSG00000286985	54	38	70
ENSG00000286986	23	20	29
ENSG00000286987	20	6	14
ENSG00000286988	96	60	146
ENSG00000286989	15	16	22
ENSG00000286990	3	2	14
ENSG00000286991	6	11	19
ENSG00000286992	226	181	357
ENSG00000286993	27	24	55
ENSG00000286997	179	121	299
ENSG00000286998	14	15	29
ENSG00000286999	14	12	12
ENSG00000287000	10	6	22
ENSG00000287001	108	68	151
ENSG00000287003	59	57	71
ENSG00000287004	2	3	1
ENSG00000287005	13	8	14
ENSG00000287006	36	34	45
ENSG00000287007	51	20	76
ENSG00000287008	174	121	183
ENSG00000287009	8	12	28
ENSG00000287010	22	11	38
ENSG00000287011	22	7	25
ENSG00000287012	53	27	69
ENSG00000287014	319	221	416
ENSG00000287015	3	5	9
ENSG00000287016	63	45	120
ENSG00000287017	16	6	12
ENSG00000287018	130	96	177
ENSG00000287019	10	6	9
ENSG00000287020	101	75	112
ENSG00000287021	290	169	357
ENSG00000287022	182	161	475
ENSG00000287023	175	127	210
ENSG00000287024	7	11	10
ENSG00000287026	110	71	150
ENSG00000287027	37	21	50
ENSG00000287028	42	26	52
ENSG00000287029	161	122	216
ENSG00000287030	42	30	52
ENSG00000287032	141	101	233
ENSG00000287033	47	35	64
ENSG00000287034	12	6	13
ENSG00000287035	6	7	9
ENSG00000287038	60	26	54
ENSG00000287039	48	23	35
ENSG00000287040	9	7	10
ENSG00000287041	122	92	154
ENSG00000287042	5498	3500	7449
ENSG00000287044	585	351	771
ENSG00000287045	300	226	429
ENSG00000287046	16	21	19
ENSG00000287047	125	95	155
ENSG00000287049	2	5	10
ENSG00000287050	40	49	54
ENSG00000287052	12	1	12
ENSG00000287053	22	10	21
ENSG00000287055	441	254	752
ENSG00000287056	11	6	19
ENSG00000287057	68	44	92
ENSG00000287058	64	42	85
ENSG00000287059	197	121	234
ENSG00000287060	24	16	34
ENSG00000287061	18	8	34
ENSG00000287062	0	2	4
ENSG00000287063	25	25	27
ENSG00000287064	18	9	32
ENSG00000287065	177	126	205
ENSG00000287066	12	6	8
ENSG00000287068	85	38	114
ENSG00000287069	1503	878	1763
ENSG00000287072	110	75	119
ENSG00000287073	0	0	3
ENSG00000287075	12	13	17
ENSG00000287076	32	24	43
ENSG00000287077	37	21	53
ENSG00000287078	35	30	75
ENSG00000287079	43	23	31
ENSG00000287081	19	15	30
ENSG00000287082	6	8	8
ENSG00000287083	350	310	503
ENSG00000287084	39	25	47
ENSG00000287085	18	7	19
ENSG00000287086	19	11	20
ENSG00000287087	26	23	45
ENSG00000287088	10	12	8
ENSG00000287089	10	13	24
ENSG00000287090	24	24	39
ENSG00000287092	9455	5954	15080
ENSG00000287093	67	58	115
ENSG00000287094	7	3	8
ENSG00000287095	41	36	78
ENSG00000287096	19	21	30
ENSG00000287097	638	502	762
ENSG00000287098	5	6	6
ENSG00000287099	12	8	21
ENSG00000287100	4699	3459	5610
ENSG00000287102	3	0	7
ENSG00000287103	24	21	33
ENSG00000287104	55	69	55
ENSG00000287105	69	54	108
ENSG00000287106	4	8	10
ENSG00000287107	77	47	102
ENSG00000287108	11	3	13
ENSG00000287109	54	31	50
ENSG00000287112	4	2	8
ENSG00000287113	3	1	4
ENSG00000287114	39	18	28
ENSG00000287117	1672	1222	2241
ENSG00000287118	6	7	6
ENSG00000287119	20	14	18
ENSG00000287120	63	35	73
ENSG00000287121	32	17	32
ENSG00000287122	203	168	293
ENSG00000287123	59	42	66
ENSG00000287124	323	210	425
ENSG00000287125	52	35	60
ENSG00000287126	79	56	92
ENSG00000287127	525	361	774
ENSG00000287128	17	16	12
ENSG00000287129	187	121	245
ENSG00000287130	47	19	56
ENSG00000287132	12	18	25
ENSG00000287133	17	4	21
ENSG00000287134	362	197	441
ENSG00000287135	43	49	68
ENSG00000287136	0	2	0
ENSG00000287137	175	102	183
ENSG00000287138	7	11	8
ENSG00000287139	99	65	113
ENSG00000287140	29	21	32
ENSG00000287141	4	3	9
ENSG00000287142	75	68	74
ENSG00000287143	27	13	23
ENSG00000287144	435	277	542
ENSG00000287145	46	25	61
ENSG00000287146	144	124	262
ENSG00000287147	192	122	246
ENSG00000287149	769	587	1018
ENSG00000287150	164	95	183
ENSG00000287152	28	16	32
ENSG00000287153	13	18	15
ENSG00000287155	76	40	103
ENSG00000287156	48	27	72
ENSG00000287157	22	15	33
ENSG00000287159	228	157	304
ENSG00000287160	44	36	66
ENSG00000287161	240	173	295
ENSG00000287162	2	1	7
ENSG00000287163	18	5	10
ENSG00000287165	6	8	7
ENSG00000287166	13	11	18
ENSG00000287167	18	11	22
ENSG00000287168	273	185	265
ENSG00000287169	9	8	8
ENSG00000287170	46	26	62
ENSG00000287172	640	466	807
ENSG00000287173	25	20	24
ENSG00000287174	38	16	43
ENSG00000287175	39	24	54
ENSG00000287176	393	259	495
ENSG00000287177	5	7	18
ENSG00000287178	171	104	214
ENSG00000287179	0	4	6
ENSG00000287181	20	15	26
ENSG00000287183	52	34	67
ENSG00000287184	4	1	6
ENSG00000287185	22	6	28
ENSG00000287186	16	11	31
ENSG00000287187	28	18	29
ENSG00000287189	18	14	18
ENSG00000287190	44	24	44
ENSG00000287191	42	29	50
ENSG00000287192	26	11	27
ENSG00000287193	47	22	38
ENSG00000287195	40	30	62
ENSG00000287196	8	5	2
ENSG00000287197	16	9	38
ENSG00000287198	177	110	209
ENSG00000287199	3	1	4
ENSG00000287200	204	133	274
ENSG00000287201	7	8	9
ENSG00000287202	61	47	69
ENSG00000287203	29	13	39
ENSG00000287204	35	26	37
ENSG00000287205	3	9	16
ENSG00000287206	77	39	92
ENSG00000287207	22	13	23
ENSG00000287208	29	19	45
ENSG00000287209	34	33	46
ENSG00000287210	405	302	572
ENSG00000287211	142	92	177
ENSG00000287212	3	2	12
ENSG00000287213	10	7	20
ENSG00000287215	198	150	316
ENSG00000287216	90	52	111
ENSG00000287217	18	11	19
ENSG00000287218	18	11	19
ENSG00000287219	40	42	46
ENSG00000287220	5	10	12
ENSG00000287221	14	9	13
ENSG00000287222	30	22	49
ENSG00000287223	90	41	108
ENSG00000287224	11	16	25
ENSG00000287225	36	22	43
ENSG00000287226	645	445	761
ENSG00000287227	106	50	147
ENSG00000287229	18	14	29
ENSG00000287230	47	33	38
ENSG00000287231	1008	665	1450
ENSG00000287232	198	175	308
ENSG00000287233	6	3	4
ENSG00000287234	6	10	15
ENSG00000287235	25	20	57
ENSG00000287236	7	9	8
ENSG00000287237	16	16	14
ENSG00000287238	22	15	33
ENSG00000287239	12	10	16
ENSG00000287240	2	0	3
ENSG00000287241	0	0	5
ENSG00000287242	147	104	182
ENSG00000287244	21	15	26
ENSG00000287245	103	63	124
ENSG00000287246	39	33	57
ENSG00000287247	9	7	13
ENSG00000287248	30	23	58
ENSG00000287249	725	460	1017
ENSG00000287250	22	18	20
ENSG00000287251	111	54	131
ENSG00000287252	226	157	341
ENSG00000287253	18	11	18
ENSG00000287254	18	14	16
ENSG00000287255	156	112	201
ENSG00000287256	196	112	246
ENSG00000287257	23	8	18
ENSG00000287258	229	143	292
ENSG00000287259	34	17	49
ENSG00000287260	145	89	188
ENSG00000287262	43	55	56
ENSG00000287263	143	78	175
ENSG00000287264	228	137	284
ENSG00000287265	44	22	53
ENSG00000287266	21	14	22
ENSG00000287267	2	1	3
ENSG00000287268	30	20	41
ENSG00000287269	44	50	67
ENSG00000287270	47	37	69
ENSG00000287271	293	205	328
ENSG00000287272	81	46	143
ENSG00000287273	4	6	2
ENSG00000287274	38	28	47
ENSG00000287275	487	438	764
ENSG00000287277	886	556	1182
ENSG00000287278	35	16	39
ENSG00000287279	107	81	145
ENSG00000287280	239	122	263
ENSG00000287281	64	28	52
ENSG00000287282	10	1	14
ENSG00000287283	13	7	19
ENSG00000287284	46	22	63
ENSG00000287285	11	6	22
ENSG00000287286	30	25	34
ENSG00000287287	4	7	2
ENSG00000287288	37	21	68
ENSG00000287289	28	11	21
ENSG00000287290	1462	1207	2183
ENSG00000287291	1823	1002	2174
ENSG00000287293	144	107	219
ENSG00000287294	16	8	18
ENSG00000287295	6	1	13
ENSG00000287296	19	12	14
ENSG00000287297	66	45	89
ENSG00000287298	4	0	5
ENSG00000287299	373	221	411
ENSG00000287300	16	15	24
ENSG00000287301	13	6	15
ENSG00000287302	5	2	0
ENSG00000287303	51	29	72
ENSG00000287305	58	42	89
ENSG00000287306	450	424	639
ENSG00000287307	95	57	110
ENSG00000287308	145	112	218
ENSG00000287309	10	3	10
ENSG00000287310	6	3	10
ENSG00000287311	54	41	64
ENSG00000287313	8	8	10
ENSG00000287314	16	12	29
ENSG00000287315	72	51	118
ENSG00000287316	77	67	98
ENSG00000287317	28	15	25
ENSG00000287318	9	6	18
ENSG00000287319	372	186	546
ENSG00000287321	25	16	23
ENSG00000287322	5	5	7
ENSG00000287323	10	4	8
ENSG00000287324	0	2	5
ENSG00000287325	9	4	11
ENSG00000287326	219	129	352
ENSG00000287329	30	18	47
ENSG00000287330	70	48	79
ENSG00000287331	21	14	27
ENSG00000287332	198	159	273
ENSG00000287333	3	0	1
ENSG00000287334	16	13	17
ENSG00000287335	169	147	167
ENSG00000287336	15	18	26
ENSG00000287338	52	25	52
ENSG00000287339	47	21	55
ENSG00000287340	18	15	23
ENSG00000287342	32	29	60
ENSG00000287343	21	13	33
ENSG00000287344	156	108	201
ENSG00000287345	34	24	35
ENSG00000287346	78	49	94
ENSG00000287347	200	142	325
ENSG00000287348	103	56	105
ENSG00000287349	27	20	37
ENSG00000287350	43	37	70
ENSG00000287351	205	160	257
ENSG00000287352	496	356	842
ENSG00000287354	16	9	27
ENSG00000287356	149	90	174
ENSG00000287357	17	6	10
ENSG00000287358	12	13	35
ENSG00000287359	77	51	91
ENSG00000287360	350	261	453
ENSG00000287361	6	3	17
ENSG00000287362	37	31	31
ENSG00000287364	59	57	82
ENSG00000287365	23	7	17
ENSG00000287366	97	82	150
ENSG00000287367	326	180	363
ENSG00000287368	312	206	392
ENSG00000287370	87	48	121
ENSG00000287372	128	83	162
ENSG00000287373	371	264	426
ENSG00000287374	5	4	10
ENSG00000287375	14	4	14
ENSG00000287376	11	4	18
ENSG00000287377	54	31	89
ENSG00000287378	1012	675	1237
ENSG00000287379	32	19	38
ENSG00000287380	8	6	12
ENSG00000287381	17	11	19
ENSG00000287383	417	314	554
ENSG00000287384	9	7	6
ENSG00000287385	59	44	73
ENSG00000287386	31	20	39
ENSG00000287387	47	36	72
ENSG00000287389	59	40	78
ENSG00000287390	923	689	1273
ENSG00000287391	165	104	212
ENSG00000287392	203	121	245
ENSG00000287393	7	7	19
ENSG00000287395	27	13	29
ENSG00000287396	10	3	13
ENSG00000287397	7	3	7
ENSG00000287398	373	239	494
ENSG00000287399	5	3	15
ENSG00000287400	382	186	456
ENSG00000287401	259	211	320
ENSG00000287402	131	68	183
ENSG00000287403	7	8	16
ENSG00000287404	217	181	239
ENSG00000287406	151	116	215
ENSG00000287407	10	1	7
ENSG00000287408	17	10	38
ENSG00000287409	236	182	319
ENSG00000287410	318	205	365
ENSG00000287411	0	0	2
ENSG00000287412	19	6	21
ENSG00000287413	178	104	234
ENSG00000287414	16	8	17
ENSG00000287415	21	11	31
ENSG00000287416	39	20	44
ENSG00000287417	9	6	11
ENSG00000287418	15	5	10
ENSG00000287419	59	48	79
ENSG00000287420	93	78	118
ENSG00000287421	240	149	291
ENSG00000287422	76	47	106
ENSG00000287423	42	26	38
ENSG00000287424	537	329	691
ENSG00000287425	14	12	23
ENSG00000287426	148	104	232
ENSG00000287427	16	8	21
ENSG00000287428	6	3	15
ENSG00000287430	64	39	90
ENSG00000287432	24	36	37
ENSG00000287433	46	24	44
ENSG00000287435	3	1	4
ENSG00000287437	9	7	12
ENSG00000287438	16	3	13
ENSG00000287439	114	70	154
ENSG00000287440	33	19	45
ENSG00000287441	19	9	26
ENSG00000287442	38	16	39
ENSG00000287443	13	7	12
ENSG00000287444	77	58	115
ENSG00000287445	9	7	13
ENSG00000287446	8	10	9
ENSG00000287448	49	39	67
ENSG00000287449	10	6	10
ENSG00000287451	298	175	331
ENSG00000287452	134	101	182
ENSG00000287453	108	68	121
ENSG00000287454	66	44	62
ENSG00000287455	28	22	51
ENSG00000287456	24	18	36
ENSG00000287457	10	11	8
ENSG00000287458	1	4	7
ENSG00000287459	39	27	43
ENSG00000287460	440	316	631
ENSG00000287462	114	108	189
ENSG00000287463	18	4	14
ENSG00000287464	36	32	58
ENSG00000287465	28	16	23
ENSG00000287466	15	17	16
ENSG00000287468	41	31	59
ENSG00000287469	653	454	826
ENSG00000287470	574	318	722
ENSG00000287472	23	11	28
ENSG00000287473	5	1	7
ENSG00000287474	1150	874	1463
ENSG00000287475	32	33	43
ENSG00000287476	228	159	330
ENSG00000287477	8	10	19
ENSG00000287478	359	234	401
ENSG00000287479	16	6	15
ENSG00000287480	29	18	34
ENSG00000287481	15	10	20
ENSG00000287482	78	45	91
ENSG00000287483	10	10	22
ENSG00000287484	5	2	2
ENSG00000287485	78	46	95
ENSG00000287488	68	30	88
ENSG00000287489	13	10	22
ENSG00000287490	126	94	233
ENSG00000287492	10	6	17
ENSG00000287493	11	3	7
ENSG00000287494	17	13	27
ENSG00000287495	4	5	9
ENSG00000287496	7	7	10
ENSG00000287497	37	15	26
ENSG00000287498	26	16	20
ENSG00000287499	39	27	67
ENSG00000287500	46	43	71
ENSG00000287501	73	52	85
ENSG00000287502	18	14	31
ENSG00000287503	28	31	53
ENSG00000287504	13	10	17
ENSG00000287505	194	135	216
ENSG00000287506	47	14	57
ENSG00000287507	18	24	19
ENSG00000287508	197	142	295
ENSG00000287510	7	7	9
ENSG00000287511	158	89	196
ENSG00000287513	6	6	5
ENSG00000287514	114	72	161
ENSG00000287516	181	118	214
ENSG00000287517	15	8	9
ENSG00000287518	9	7	8
ENSG00000287519	26	19	39
ENSG00000287520	148	153	267
ENSG00000287521	2	0	4
ENSG00000287522	5	4	12
ENSG00000287523	525	350	722
ENSG00000287524	64	44	94
ENSG00000287525	5	3	7
ENSG00000287526	186	113	229
ENSG00000287527	47	13	51
ENSG00000287528	60	45	66
ENSG00000287529	2	1	2
ENSG00000287530	50	29	78
ENSG00000287531	10	19	23
ENSG00000287532	51	34	58
ENSG00000287533	56	34	83
ENSG00000287535	6	3	2
ENSG00000287536	11	6	10
ENSG00000287537	6	6	12
ENSG00000287538	64	27	50
ENSG00000287539	24	13	34
ENSG00000287540	6	7	5
ENSG00000287543	42	18	44
ENSG00000287544	1413	907	1828
ENSG00000287545	300	211	435
ENSG00000287546	16	7	34
ENSG00000287547	0	3	5
ENSG00000287548	16	5	16
ENSG00000287549	54	41	85
ENSG00000287550	90	65	111
ENSG00000287551	179	128	232
ENSG00000287552	108	55	114
ENSG00000287553	24	16	24
ENSG00000287554	49	48	75
ENSG00000287555	314	205	390
ENSG00000287556	70	36	76
ENSG00000287557	43	35	56
ENSG00000287558	95	70	158
ENSG00000287559	149	119	212
ENSG00000287560	11	9	21
ENSG00000287561	1	0	2
ENSG00000287562	149	101	216
ENSG00000287563	67	51	115
ENSG00000287564	750	546	976
ENSG00000287565	7	3	20
ENSG00000287566	35	21	32
ENSG00000287567	15	9	8
ENSG00000287568	7	5	9
ENSG00000287570	10	15	11
ENSG00000287571	15	10	22
ENSG00000287574	14	8	22
ENSG00000287575	34	18	34
ENSG00000287576	57	28	53
ENSG00000287578	339	242	411
ENSG00000287580	38	27	60
ENSG00000287582	10	8	22
ENSG00000287583	13	8	18
ENSG00000287584	73	66	130
ENSG00000287585	2	0	3
ENSG00000287586	9	15	19
ENSG00000287587	40	19	60
ENSG00000287588	16	6	17
ENSG00000287589	13	10	22
ENSG00000287590	14	10	17
ENSG00000287591	27	18	42
ENSG00000287592	17	9	24
ENSG00000287593	37	30	46
ENSG00000287594	17	9	22
ENSG00000287595	5	4	12
ENSG00000287596	178	112	210
ENSG00000287597	41	28	33
ENSG00000287598	308	221	423
ENSG00000287600	26	15	31
ENSG00000287601	40	27	44
ENSG00000287602	4	8	4
ENSG00000287603	274	215	317
ENSG00000287605	40	13	41
ENSG00000287608	136	83	183
ENSG00000287609	23	10	54
ENSG00000287610	5	9	5
ENSG00000287611	81	32	80
ENSG00000287613	3	6	7
ENSG00000287615	49	29	71
ENSG00000287616	366	216	423
ENSG00000287617	49	27	49
ENSG00000287619	97	72	147
ENSG00000287620	40	25	46
ENSG00000287621	1218	774	1375
ENSG00000287622	102	62	133
ENSG00000287623	7	4	9
ENSG00000287624	23	8	19
ENSG00000287625	297	216	429
ENSG00000287627	16	11	37
ENSG00000287628	33	12	39
ENSG00000287629	71	40	77
ENSG00000287630	8	5	12
ENSG00000287631	23	26	34
ENSG00000287632	62	35	81
ENSG00000287633	32	27	50
ENSG00000287634	4	3	12
ENSG00000287636	231	365	267
ENSG00000287637	141	101	179
ENSG00000287639	5	4	9
ENSG00000287640	8	4	17
ENSG00000287641	0	2	0
ENSG00000287643	89	46	99
ENSG00000287644	47	34	57
ENSG00000287645	105	83	126
ENSG00000287646	30	14	32
ENSG00000287647	8	8	17
ENSG00000287649	13	3	12
ENSG00000287650	16	7	9
ENSG00000287651	182	98	214
ENSG00000287652	32	21	37
ENSG00000287653	2	6	5
ENSG00000287654	4	4	7
ENSG00000287655	17	10	15
ENSG00000287656	48	37	63
ENSG00000287657	109	84	148
ENSG00000287658	8	7	5
ENSG00000287659	17	9	25
ENSG00000287660	79	56	123
ENSG00000287661	18	8	10
ENSG00000287662	8	7	13
ENSG00000287663	14	8	17
ENSG00000287664	0	2	3
ENSG00000287666	71	34	99
ENSG00000287667	26	13	18
ENSG00000287668	9	4	13
ENSG00000287669	10	3	5
ENSG00000287670	31	34	54
ENSG00000287671	27	17	32
ENSG00000287672	36	23	41
ENSG00000287673	32	14	43
ENSG00000287674	6	5	7
ENSG00000287676	73	69	125
ENSG00000287677	289	163	416
ENSG00000287678	9	6	21
ENSG00000287679	58	40	80
ENSG00000287680	6	6	8
ENSG00000287682	155	101	219
ENSG00000287683	1270	636	1331
ENSG00000287684	301	202	520
ENSG00000287685	110	59	118
ENSG00000287687	156	120	216
ENSG00000287688	29	15	50
ENSG00000287689	14	9	19
ENSG00000287690	12	12	9
ENSG00000287691	115	100	173
ENSG00000287692	36	24	24
ENSG00000287693	307	198	413
ENSG00000287694	1239	559	1182
ENSG00000287696	5	9	11
ENSG00000287697	61	46	83
ENSG00000287698	78	63	105
ENSG00000287699	18	13	19
ENSG00000287700	67	58	86
ENSG00000287701	11	6	12
ENSG00000287702	178	98	174
ENSG00000287703	111	63	137
ENSG00000287704	657	537	959
ENSG00000287705	27	6	29
ENSG00000287706	105	68	141
ENSG00000287707	73	47	75
ENSG00000287708	480	250	563
ENSG00000287709	256	155	365
ENSG00000287710	25	17	26
ENSG00000287712	201	96	214
ENSG00000287713	34	39	52
ENSG00000287714	7	15	8
ENSG00000287715	10	9	23
ENSG00000287717	28	15	26
ENSG00000287718	30	18	20
ENSG00000287719	48	30	55
ENSG00000287720	780	671	1012
ENSG00000287721	109	73	155
ENSG00000287722	1435	998	1804
ENSG00000287723	17	7	15
ENSG00000287724	47	25	39
ENSG00000287725	252	237	308
ENSG00000287726	198	129	271
ENSG00000287727	6	3	10
ENSG00000287728	56	39	55
ENSG00000287729	73	40	87
ENSG00000287730	9	8	24
ENSG00000287731	21	11	27
ENSG00000287732	187	132	238
ENSG00000287733	43	23	50
ENSG00000287734	23	10	14
ENSG00000287735	7	7	6
ENSG00000287737	69	48	110
ENSG00000287738	119	89	165
ENSG00000287739	33	22	48
ENSG00000287740	15	9	26
ENSG00000287741	44	21	41
ENSG00000287742	8	9	23
ENSG00000287743	37	26	56
ENSG00000287744	77	47	105
ENSG00000287746	36	20	49
ENSG00000287747	34	20	47
ENSG00000287748	81	46	97
ENSG00000287749	241	164	327
ENSG00000287752	3	9	10
ENSG00000287754	35	21	52
ENSG00000287755	11	5	16
ENSG00000287756	15	9	23
ENSG00000287757	72	58	108
ENSG00000287758	4	6	8
ENSG00000287759	161	143	226
ENSG00000287760	1	1	14
ENSG00000287761	27	20	32
ENSG00000287762	27	25	39
ENSG00000287763	193	122	304
ENSG00000287765	16	18	25
ENSG00000287766	13	10	19
ENSG00000287767	12	7	9
ENSG00000287768	2	2	3
ENSG00000287769	50	37	78
ENSG00000287771	117	64	129
ENSG00000287772	10	12	12
ENSG00000287773	4	3	6
ENSG00000287774	71	48	112
ENSG00000287775	126	86	198
ENSG00000287776	115	92	159
ENSG00000287777	14	6	20
ENSG00000287780	415	320	641
ENSG00000287781	15	12	20
ENSG00000287782	72	41	100
ENSG00000287783	17	19	33
ENSG00000287784	147	112	226
ENSG00000287785	13	11	14
ENSG00000287788	28	17	27
ENSG00000287789	40	21	36
ENSG00000287790	14	0	12
ENSG00000287791	5	7	11
ENSG00000287792	59	39	72
ENSG00000287793	3	5	10
ENSG00000287795	169	117	231
ENSG00000287796	27	22	32
ENSG00000287797	25	11	23
ENSG00000287798	45	18	42
ENSG00000287799	35	28	43
ENSG00000287801	347	253	515
ENSG00000287802	20	7	17
ENSG00000287803	40	22	48
ENSG00000287804	57	34	60
ENSG00000287805	50	29	55
ENSG00000287806	88	45	137
ENSG00000287807	92	56	104
ENSG00000287809	18	15	19
ENSG00000287811	544	405	761
ENSG00000287812	43	28	51
ENSG00000287814	298	212	437
ENSG00000287815	65	59	114
ENSG00000287816	73	49	118
ENSG00000287818	18	11	14
ENSG00000287819	6	0	15
ENSG00000287820	384	245	463
ENSG00000287821	0	4	4
ENSG00000287822	14	12	22
ENSG00000287823	73	68	124
ENSG00000287824	4	6	7
ENSG00000287825	22	18	42
ENSG00000287826	575	529	745
ENSG00000287827	4	4	5
ENSG00000287828	63	38	86
ENSG00000287830	12	4	13
ENSG00000287831	21	13	13
ENSG00000287832	60	19	51
ENSG00000287833	82	52	118
ENSG00000287834	85	56	94
ENSG00000287835	11	4	10
ENSG00000287836	53	27	58
ENSG00000287837	246	148	317
ENSG00000287838	106	62	93
ENSG00000287839	333	247	291
ENSG00000287841	38	37	54
ENSG00000287843	5	12	9
ENSG00000287844	93	70	134
ENSG00000287845	59	34	72
ENSG00000287847	0	2	3
ENSG00000287848	7	4	4
ENSG00000287849	85	72	147
ENSG00000287850	21	12	41
ENSG00000287851	17	16	16
ENSG00000287852	47	16	57
ENSG00000287853	72	42	63
ENSG00000287854	64	23	51
ENSG00000287855	233	159	327
ENSG00000287856	326	197	396
ENSG00000287857	9	10	16
ENSG00000287858	2	4	5
ENSG00000287859	14	21	25
ENSG00000287860	644	471	861
ENSG00000287861	96	64	129
ENSG00000287862	906	588	1219
ENSG00000287863	22	11	28
ENSG00000287864	8	6	7
ENSG00000287865	109	58	165
ENSG00000287866	68	40	88
ENSG00000287868	74	49	83
ENSG00000287869	9	1	6
ENSG00000287870	25	18	39
ENSG00000287871	2	2	4
ENSG00000287872	23	16	40
ENSG00000287873	0	1	3
ENSG00000287875	175	151	258
ENSG00000287876	579	400	722
ENSG00000287877	412	301	522
ENSG00000287878	127	80	165
ENSG00000287879	22	18	24
ENSG00000287880	146	105	227
ENSG00000287881	935	634	1443
ENSG00000287882	111	63	160
ENSG00000287883	107	68	94
ENSG00000287884	14	5	11
ENSG00000287886	14	17	45
ENSG00000287887	33	22	43
ENSG00000287888	3	4	12
ENSG00000287891	17	27	22
ENSG00000287893	242	145	338
ENSG00000287894	10	3	16
ENSG00000287895	13	11	18
ENSG00000287896	54	38	71
ENSG00000287898	43	37	62
ENSG00000287899	251	178	349
ENSG00000287900	42	33	61
ENSG00000287901	83	44	101
ENSG00000287902	28	10	22
ENSG00000287903	71	49	113
ENSG00000287904	47	34	64
ENSG00000287906	17	11	16
ENSG00000287907	715	526	1053
ENSG00000287908	420	315	501
ENSG00000287909	6	5	10
ENSG00000287910	92	59	123
ENSG00000287912	764	507	1022
ENSG00000287913	51	39	81
ENSG00000287914	23	9	20
ENSG00000287915	14	20	34
ENSG00000287916	13	6	15
ENSG00000287917	299	210	400
ENSG00000287918	803	552	1039
ENSG00000287919	16	13	38
ENSG00000287920	34	30	37
ENSG00000287921	15	13	10
ENSG00000287922	30	12	45
ENSG00000287923	673	388	687
ENSG00000287925	85	75	127
ENSG00000287926	5	6	11
ENSG00000287927	18	14	9
ENSG00000287928	156	83	166
ENSG00000287929	16	17	20
ENSG00000287930	26	14	20
ENSG00000287931	159	116	197
ENSG00000287933	36	31	52
ENSG00000287934	92	54	92
ENSG00000287935	37	19	59
ENSG00000287936	6	6	18
ENSG00000287937	80	57	95
ENSG00000287939	91	69	144
ENSG00000287940	43	21	45
ENSG00000287941	160	106	245
ENSG00000287943	229	120	258
ENSG00000287944	10	5	21
ENSG00000287945	20	15	27
ENSG00000287946	28	23	53
ENSG00000287947	6	8	17
ENSG00000287948	44	23	53
ENSG00000287949	313	222	417
ENSG00000287950	272	206	369
ENSG00000287951	13	8	4
ENSG00000287952	20	7	27
ENSG00000287953	160	114	203
ENSG00000287955	62	55	80
ENSG00000287956	9	7	14
ENSG00000287957	33	7	22
ENSG00000287958	136	90	174
ENSG00000287959	8	6	10
ENSG00000287960	16	13	25
ENSG00000287961	5	7	10
ENSG00000287962	523	367	700
ENSG00000287963	349	205	436
ENSG00000287964	88	66	122
ENSG00000287965	56	47	80
ENSG00000287967	28	13	36
ENSG00000287968	214	116	380
ENSG00000287969	73	50	110
ENSG00000287970	20	15	23
ENSG00000287971	27	8	20
ENSG00000287972	112	100	135
ENSG00000287973	31	13	41
ENSG00000287975	159	130	231
ENSG00000287976	717	592	1109
ENSG00000287978	89	52	113
ENSG00000287979	100	29	50
ENSG00000287980	76	54	97
ENSG00000287982	4	1	4
ENSG00000287983	1	6	9
ENSG00000287984	105	69	127
ENSG00000287985	20	12	19
ENSG00000287986	19	7	14
ENSG00000287987	58	46	111
ENSG00000287989	209	147	288
ENSG00000287990	26	20	31
ENSG00000287991	13	7	23
ENSG00000287992	11	5	16
ENSG00000287993	61	36	69
ENSG00000287994	56	36	72
ENSG00000287995	8	3	9
ENSG00000287996	408	284	534
ENSG00000287998	554	350	753
ENSG00000287999	801	512	1076
ENSG00000288000	545	486	830
ENSG00000288001	21	15	33
ENSG00000288002	404	238	513
ENSG00000288003	25	9	31
ENSG00000288004	134	64	140
ENSG00000288005	59	52	65
ENSG00000288006	57	38	75
ENSG00000288007	12	9	8
ENSG00000288008	3	12	10
ENSG00000288009	64	84	116
ENSG00000288010	28	22	52
ENSG00000288011	110	60	100
ENSG00000288012	38	30	59
ENSG00000288013	108	73	107
ENSG00000288015	371	250	497
ENSG00000288016	1953	1197	2448
ENSG00000288017	27	22	47
ENSG00000288018	1301	803	1823
ENSG00000288019	5	6	8
ENSG00000288021	290	195	376
ENSG00000288023	7	3	13
ENSG00000288024	26	19	42
ENSG00000288026	15	9	29
ENSG00000288029	57	36	79
ENSG00000288033	236	166	392
ENSG00000288034	3	3	8
ENSG00000288035	561	396	712
ENSG00000288036	153	103	189
ENSG00000288037	85	51	118
ENSG00000288038	108	73	130
ENSG00000288039	258	165	329
ENSG00000288040	24	19	25
ENSG00000288041	69	28	66
ENSG00000288042	104	72	147
ENSG00000288043	110	70	169
ENSG00000288044	475	325	581
ENSG00000288045	38	31	73
ENSG00000288046	71	34	70
ENSG00000288047	125	100	191
ENSG00000288050	19	6	24
ENSG00000288051	35	18	61
ENSG00000288052	8	2	23
ENSG00000288053	14	13	29
ENSG00000288054	26	22	38
ENSG00000288056	17	11	14
ENSG00000288057	48	34	67
ENSG00000288059	179	115	214
ENSG00000288060	58	29	58
ENSG00000288061	284	255	417
ENSG00000288062	8	9	12
ENSG00000288063	28	21	23
ENSG00000288064	108	73	169
ENSG00000288065	15	12	15
ENSG00000288066	7	4	4
ENSG00000288067	344	180	460
ENSG00000288069	36	17	52
ENSG00000288070	30	30	44
ENSG00000288071	284	192	365
ENSG00000288072	40	23	43
ENSG00000288075	2699	2385	3179
ENSG00000288076	24	13	22
ENSG00000288077	17	5	8
ENSG00000288078	17	11	27
ENSG00000288079	88	52	91
ENSG00000288080	39	35	36
ENSG00000288081	24	25	40
ENSG00000288082	16	6	9
ENSG00000288083	38	26	41
ENSG00000288084	41	26	47
ENSG00000288085	147	89	160
ENSG00000288086	5	11	18
ENSG00000288087	428	282	477
ENSG00000288088	769	573	1138
ENSG00000288089	16	12	16
ENSG00000288090	10	8	12
ENSG00000288091	141	113	233
ENSG00000288092	9	0	2
ENSG00000288096	186	140	316
ENSG00000288097	7	3	9
ENSG00000288098	1933	1313	2456
ENSG00000288099	1	2	0
ENSG00000288100	2	1	0
ENSG00000288101	28	15	34
ENSG00000288102	446	292	556
ENSG00000288103	28	12	49
ENSG00000288104	8	4	7
ENSG00000288105	159	108	224
ENSG00000288106	161	85	212
ENSG00000288107	202	134	389
ENSG00000288108	83	47	92
ENSG00000288109	0	1	0
ENSG00000288110	25	14	17
ENSG00000288162	28	18	28
ENSG00000288172	140	84	153
ENSG00000288177	90	60	93
ENSG00000288208	52	24	73
ENSG00000288234	9	12	25
ENSG00000288245	61	43	79
ENSG00000288252	17	23	36
ENSG00000288271	228	143	289
ENSG00000288302	7	16	9
ENSG00000288321	689	478	840
ENSG00000288398	30	30	32
ENSG00000288459	3	7	11
ENSG00000288473	9	4	5
ENSG00000288520	263	164	428
ENSG00000288523	19	6	31
ENSG00000288524	8	7	11
ENSG00000288526	172	132	285
ENSG00000288528	56	38	66
ENSG00000288530	5	6	14
ENSG00000288531	23	20	25
ENSG00000288532	8	2	7
ENSG00000288533	14	10	24
ENSG00000288534	46	38	65
ENSG00000288535	62	43	69
ENSG00000288536	92	88	124
ENSG00000288537	13	6	28
ENSG00000288538	14	12	35
ENSG00000288540	42	12	38
ENSG00000288542	470	387	618
ENSG00000288543	45	28	69
ENSG00000288545	250	167	321
ENSG00000288548	59	70	66
ENSG00000288549	30	17	37
ENSG00000288550	2	1	6
ENSG00000288551	12	8	9
ENSG00000288552	78	56	89
ENSG00000288553	82	55	121
ENSG00000288554	62	52	92
ENSG00000288555	117	72	127
ENSG00000288559	108	79	153
ENSG00000288560	504	351	709
ENSG00000288562	10	5	12
ENSG00000288563	320	231	409
ENSG00000288564	0	1	0
ENSG00000288565	219	151	328
ENSG00000288566	36	24	68
ENSG00000288571	21	12	29
ENSG00000288573	94	60	91
ENSG00000288574	15	4	16
ENSG00000288575	36	32	75
ENSG00000288576	18	18	27
ENSG00000288577	51	23	52
ENSG00000288578	40	33	45
ENSG00000288580	123	54	154
ENSG00000288581	14	15	20
ENSG00000288583	616	507	1179
ENSG00000288584	46	20	70
ENSG00000288585	118	72	219
ENSG00000288586	69	50	84
ENSG00000288587	267	210	349
ENSG00000288588	64	45	105
ENSG00000288589	2	1	2
ENSG00000288591	13	4	16
ENSG00000288595	37	16	38
ENSG00000288597	1078	592	1345
ENSG00000288598	359	254	414
ENSG00000288600	56	29	68
ENSG00000288605	37	12	29
ENSG00000288606	66	46	108
ENSG00000288610	6	7	14
ENSG00000288612	89	84	183
ENSG00000288615	6	2	8
ENSG00000288618	12	13	28
ENSG00000288632	2020	1566	2638
ENSG00000288637	109	63	124
ENSG00000288643	138	77	182
ENSG00000288648	31	25	64
ENSG00000288657	27	9	46
ENSG00000288659	283	169	385
ENSG00000288663	21	6	22
ENSG00000288665	58	49	89
ENSG00000288669	30	19	32
ENSG00000288670	100	83	136
ENSG00000288671	31	23	27
ENSG00000288674	128	138	194
ENSG00000288679	12	5	11
ENSG00000288681	41	12	31
ENSG00000288683	96	81	158
ENSG00000288684	504	356	635
ENSG00000288685	90	51	85
ENSG00000288691	424	311	667
ENSG00000288692	2289	1404	3394
ENSG00000288695	4	2	6
ENSG00000288696	334	275	491
ENSG00000288698	180	134	239
ENSG00000288699	93	50	109
ENSG00000288700	1354	955	1660
ENSG00000288703	202	123	299
ENSG00000288704	81	57	124
ENSG00000288707	12	10	23
ENSG00000288710	4	7	13
ENSG00000288711	3	4	6
ENSG00000288713	47	45	86
ENSG00000288714	2337	1679	5150
ENSG00000288717	18	18	21
ENSG00000288718	7	5	17
ENSG00000288720	207	122	221
ENSG00000288721	124	99	183
ENSG00000288723	597	431	842
ENSG00000288724	29	16	36
ENSG00000288725	314	228	393
ENSG00000288726	17	11	23
ENSG00000288727	4	0	2
ENSG00000288728	19	14	24
ENSG00000288729	196	119	252
ENSG00000288730	0	1	0
ENSG00000288731	7	6	11
ENSG00000288734	6	5	12
ENSG00000288735	176	133	266
ENSG00000288736	98	50	102
ENSG00000288737	10	1	9
ENSG00000288738	0	3	9
ENSG00000288739	48	41	48
ENSG00000288740	3	1	10
ENSG00000288741	49	54	84
ENSG00000288742	3	3	6
ENSG00000288743	89	67	118
ENSG00000288746	24	23	47
ENSG00000288749	8	5	6
ENSG00000288750	23	13	33
ENSG00000288751	22	12	21
ENSG00000288752	92	97	117
ENSG00000288753	33	32	49
ENSG00000288754	34	21	54
ENSG00000288755	166	101	216
ENSG00000288756	151	110	200
ENSG00000288757	0	1	6
ENSG00000288758	11	4	1
ENSG00000288759	36	37	40
ENSG00000288760	24	14	31
ENSG00000288761	42	27	58
ENSG00000288762	142	111	219
ENSG00000288763	11	7	16
ENSG00000288764	27	34	55
ENSG00000288765	428	193	491
ENSG00000288767	45	34	81
ENSG00000288769	15	7	14
ENSG00000288770	5	6	8
ENSG00000288771	93	48	88
ENSG00000288772	114	101	161
ENSG00000288773	2	4	3
ENSG00000288775	7	13	12
ENSG00000288776	48	19	61
ENSG00000288777	4	5	9
ENSG00000288778	9	8	12
ENSG00000288779	2	3	2
ENSG00000288781	268	155	306
ENSG00000288782	9	4	10
ENSG00000288783	0	4	3
ENSG00000288786	3	4	5
ENSG00000288787	26	15	31
ENSG00000288788	6	2	5
ENSG00000288790	41	36	51
ENSG00000288791	23	10	25
ENSG00000288795	16	6	30
ENSG00000288796	12	6	20
ENSG00000288798	59	51	77
ENSG00000288799	11	10	25
ENSG00000288801	3	1	1
ENSG00000288802	26	12	35
ENSG00000288803	9	5	9
ENSG00000288804	114	91	170
ENSG00000288806	67	42	88
ENSG00000288807	5	5	4
ENSG00000288808	58	48	147
ENSG00000288809	12	11	16
ENSG00000288811	13	9	16
ENSG00000288813	0	0	2
ENSG00000288814	9	4	8
ENSG00000288816	58	50	74
ENSG00000288817	3	4	1
ENSG00000288818	150	100	152
ENSG00000288819	19	13	23
ENSG00000288820	85	48	91
ENSG00000288822	11	11	35
ENSG00000288823	98	70	139
ENSG00000288826	50	18	53
ENSG00000288828	221	143	313
ENSG00000288829	11	15	24
ENSG00000288830	224	210	351
ENSG00000288831	15	4	4
ENSG00000288832	3	1	6
ENSG00000288833	47	40	48
ENSG00000288834	4	2	4
ENSG00000288835	6	7	9
ENSG00000288836	0	1	0
ENSG00000288837	3	5	15
ENSG00000288838	474	246	387
ENSG00000288840	14	20	27
ENSG00000288842	5	14	17
ENSG00000288843	269	175	348
ENSG00000288844	7	1	5
ENSG00000288846	12	11	25
ENSG00000288848	51	40	77
ENSG00000288849	389	258	497
ENSG00000288851	55	30	50
ENSG00000288852	12	8	9
ENSG00000288853	28	14	37
ENSG00000288854	24	22	20
ENSG00000288856	17	19	17
ENSG00000288857	142	117	161
ENSG00000288858	13	6	17
ENSG00000288860	13	7	12
ENSG00000288861	7	2	9
ENSG00000288862	14	19	24
ENSG00000288865	14	13	40
ENSG00000288866	42	34	59
ENSG00000288868	55	28	70
ENSG00000288871	105	61	72
ENSG00000288872	22	14	27
ENSG00000288873	46	52	64
ENSG00000288874	57	43	100
ENSG00000288875	7	5	8
ENSG00000288877	72	46	69
ENSG00000288878	39	32	67
ENSG00000288879	35	39	41
ENSG00000288880	472	344	528
ENSG00000288882	43	26	59
ENSG00000288883	11	10	14
ENSG00000288885	24	19	31
ENSG00000288886	232	148	281
ENSG00000288887	42	29	62
ENSG00000288889	4	2	3
ENSG00000288890	12	11	23
ENSG00000288891	2556	1732	2102
ENSG00000288893	12	13	24
ENSG00000288894	91	61	130
ENSG00000288895	90	61	117
ENSG00000288898	132	113	239
ENSG00000288899	164	126	182
ENSG00000288900	6	1	4
ENSG00000288902	290	158	341
ENSG00000288903	623	473	698
ENSG00000288904	149	111	236
ENSG00000288906	46	47	65
ENSG00000288907	19	21	45
ENSG00000288908	8	2	3
ENSG00000288909	39	34	44
ENSG00000288912	47	40	59
ENSG00000288915	4	4	5
ENSG00000288916	10	7	20
ENSG00000288918	11	2	4
ENSG00000288919	41	24	57
ENSG00000288921	121	68	147
ENSG00000288922	17	14	23
ENSG00000288925	13	7	19
ENSG00000288926	17	21	27
ENSG00000288927	8	6	19
ENSG00000288929	35	25	54
ENSG00000288930	12	5	8
ENSG00000288932	90	52	101
ENSG00000288933	56	23	55
ENSG00000288935	90	78	135
ENSG00000288937	13	19	15
ENSG00000288938	43	30	53
ENSG00000288939	10	6	13
ENSG00000288940	17	8	19
ENSG00000288941	55	31	72
ENSG00000288942	97	76	147
ENSG00000288945	10	5	12
ENSG00000288946	6	4	7
ENSG00000288947	5	3	11
ENSG00000288949	9	7	17
ENSG00000288951	358	249	498
ENSG00000288952	193	114	248
ENSG00000288953	27	15	40
ENSG00000288954	73	46	96
ENSG00000288955	9	8	11
ENSG00000288956	33	23	41
ENSG00000288957	40	32	64
ENSG00000288959	0	3	3
ENSG00000288960	3	0	1
ENSG00000288961	21	17	30
ENSG00000288962	2	0	0
ENSG00000288963	59	53	96
ENSG00000288964	7	6	11
ENSG00000288966	5	4	4
ENSG00000288968	2	0	0
ENSG00000288970	34	16	45
ENSG00000288971	30	15	55
ENSG00000288973	250	144	311
ENSG00000288974	38	32	48
ENSG00000288975	9	2	21
ENSG00000288976	11	4	11
ENSG00000288977	0	1	2
ENSG00000288978	29	19	43
ENSG00000288979	14	9	22
ENSG00000288980	5	3	7
ENSG00000288982	2	3	2
ENSG00000288983	65	56	117
ENSG00000288984	0	2	3
ENSG00000288985	91	39	142
ENSG00000288986	15	14	20
ENSG00000288987	11	4	10
ENSG00000288988	33	24	38
ENSG00000288989	8	16	16
ENSG00000288990	20	11	11
ENSG00000288991	146	121	264
ENSG00000288993	77	53	101
ENSG00000288996	16	8	21
ENSG00000288997	10	8	11
ENSG00000288998	23	19	27
ENSG00000288999	23	26	31
ENSG00000289000	83	73	80
ENSG00000289002	35	23	47
ENSG00000289004	18	16	43
ENSG00000289009	18	9	19
ENSG00000289010	3	1	0
ENSG00000289011	29	24	30
ENSG00000289012	46	25	71
ENSG00000289015	129	140	211
ENSG00000289016	216	104	175
ENSG00000289018	40	26	49
ENSG00000289020	40	31	50
ENSG00000289021	26	14	24
ENSG00000289026	30	9	40
ENSG00000289028	18	15	30
ENSG00000289029	12	12	24
ENSG00000289030	22	17	22
ENSG00000289031	17	15	19
ENSG00000289033	55	32	50
ENSG00000289035	17	12	36
ENSG00000289036	59	35	76
ENSG00000289038	11	7	9
ENSG00000289039	10	8	21
ENSG00000289041	7	9	15
ENSG00000289043	58	20	93
ENSG00000289045	7	11	8
ENSG00000289046	36	16	29
ENSG00000289049	15	9	13
ENSG00000289052	39	26	61
ENSG00000289053	53	51	130
ENSG00000289055	19	10	10
ENSG00000289056	19	15	47
ENSG00000289057	32	17	39
ENSG00000289058	28	20	38
ENSG00000289060	17	10	11
ENSG00000289061	81	50	88
ENSG00000289062	71	35	91
ENSG00000289063	8	10	16
ENSG00000289064	32	6	22
ENSG00000289065	10	15	17
ENSG00000289066	65	47	76
ENSG00000289067	106	108	174
ENSG00000289068	68	45	85
ENSG00000289070	10	6	11
ENSG00000289071	8	2	5
ENSG00000289072	109	93	136
ENSG00000289073	14	18	25
ENSG00000289074	11	5	11
ENSG00000289075	31	32	51
ENSG00000289076	82	61	82
ENSG00000289077	93	72	88
ENSG00000289078	28	9	21
ENSG00000289079	115	63	154
ENSG00000289080	13	6	3
ENSG00000289082	100	91	153
ENSG00000289084	4185	4197	6009
ENSG00000289086	18	3	21
ENSG00000289087	1152	573	1308
ENSG00000289089	4	2	6
ENSG00000289090	94	58	176
ENSG00000289091	16	6	21
ENSG00000289092	24	21	31
ENSG00000289093	4	0	2
ENSG00000289095	5	3	17
ENSG00000289096	6	2	9
ENSG00000289097	15	6	17
ENSG00000289098	7	0	10
ENSG00000289099	2	3	4
ENSG00000289100	78	72	159
ENSG00000289101	10	3	7
ENSG00000289103	26	33	58
ENSG00000289104	33	23	30
ENSG00000289105	29	12	29
ENSG00000289106	47	32	55
ENSG00000289108	130	117	200
ENSG00000289109	14	19	12
ENSG00000289110	7	2	11
ENSG00000289111	9	9	13
ENSG00000289112	99	96	170
ENSG00000289113	10	11	13
ENSG00000289114	22	13	31
ENSG00000289115	44	28	59
ENSG00000289116	44	27	49
ENSG00000289117	14	12	22
ENSG00000289119	98	66	133
ENSG00000289120	72	39	64
ENSG00000289121	67	43	106
ENSG00000289122	28	14	24
ENSG00000289123	23	25	31
ENSG00000289124	81	38	108
ENSG00000289125	5	6	5
ENSG00000289126	46	36	67
ENSG00000289127	594	372	772
ENSG00000289129	13	10	10
ENSG00000289130	704	512	910
ENSG00000289131	65	29	54
ENSG00000289132	31	14	27
ENSG00000289135	21	19	18
ENSG00000289136	38	14	41
ENSG00000289137	8	6	1
ENSG00000289139	0	2	4
ENSG00000289140	16	3	20
ENSG00000289141	15	11	8
ENSG00000289143	293	200	349
ENSG00000289144	13	10	25
ENSG00000289145	46	46	55
ENSG00000289146	85	75	133
ENSG00000289147	20	10	21
ENSG00000289148	5	1	8
ENSG00000289150	192	144	250
ENSG00000289151	44	38	42
ENSG00000289153	527	389	781
ENSG00000289155	39	37	50
ENSG00000289157	11	7	8
ENSG00000289158	410	277	467
ENSG00000289159	26	30	31
ENSG00000289160	11	10	11
ENSG00000289161	6	4	13
ENSG00000289162	63	44	62
ENSG00000289163	7	6	5
ENSG00000289165	12	13	24
ENSG00000289166	7	10	16
ENSG00000289167	3	0	3
ENSG00000289168	26	15	21
ENSG00000289169	0	0	2
ENSG00000289170	18	13	19
ENSG00000289172	58	48	87
ENSG00000289173	5	3	1
ENSG00000289174	165	140	245
ENSG00000289176	7	3	2
ENSG00000289177	209	214	350
ENSG00000289178	441	270	532
ENSG00000289180	155	93	175
ENSG00000289181	0	2	2
ENSG00000289183	36	28	38
ENSG00000289186	13	18	16
ENSG00000289188	21	18	46
ENSG00000289190	47	29	77
ENSG00000289193	57	35	83
ENSG00000289194	24	19	40
ENSG00000289195	57	56	113
ENSG00000289197	436	297	559
ENSG00000289198	70	52	81
ENSG00000289199	4	0	3
ENSG00000289200	27	11	34
ENSG00000289201	332	230	325
ENSG00000289202	27	7	14
ENSG00000289203	11	16	26
ENSG00000289205	21	24	23
ENSG00000289206	28	9	12
ENSG00000289207	55	46	69
ENSG00000289209	0	1	2
ENSG00000289210	17	16	34
ENSG00000289211	4	7	11
ENSG00000289212	121	112	222
ENSG00000289213	34	22	43
ENSG00000289214	31	15	32
ENSG00000289217	97	84	97
ENSG00000289218	57	26	65
ENSG00000289219	7	4	10
ENSG00000289220	5	4	12
ENSG00000289221	0	4	3
ENSG00000289222	22	15	28
ENSG00000289223	37	22	39
ENSG00000289224	21	21	27
ENSG00000289225	9	4	17
ENSG00000289226	139	132	194
ENSG00000289228	1709	1404	2891
ENSG00000289229	13	5	9
ENSG00000289230	7	6	9
ENSG00000289231	9	12	12
ENSG00000289232	84	52	104
ENSG00000289235	56	48	99
ENSG00000289236	27	21	45
ENSG00000289237	13	2	18
ENSG00000289238	15	18	23
ENSG00000289239	9	1	6
ENSG00000289241	9	6	7
ENSG00000289242	162	99	201
ENSG00000289243	34	27	64
ENSG00000289244	28	18	39
ENSG00000289245	39	40	75
ENSG00000289246	3	4	5
ENSG00000289247	3	7	17
ENSG00000289248	8	4	3
ENSG00000289249	2	3	1
ENSG00000289251	27	26	28
ENSG00000289252	7	1	1
ENSG00000289253	8	3	16
ENSG00000289254	137	520	196
ENSG00000289255	67	49	79
ENSG00000289256	63	30	48
ENSG00000289257	9	6	13
ENSG00000289258	0	1	1
ENSG00000289259	13	8	13
ENSG00000289260	29	11	25
ENSG00000289261	12	4	16
ENSG00000289262	13	8	20
ENSG00000289263	27	25	46
ENSG00000289266	33	36	86
ENSG00000289267	30	12	14
ENSG00000289268	44	25	55
ENSG00000289274	19	6	13
ENSG00000289275	27	30	40
ENSG00000289277	86	67	132
ENSG00000289278	17	16	29
ENSG00000289280	10	4	11
ENSG00000289281	0	2	1
ENSG00000289285	20	41	30
ENSG00000289286	7	4	10
ENSG00000289287	20	13	32
ENSG00000289288	12	13	18
ENSG00000289289	95	81	144
ENSG00000289290	8	6	10
ENSG00000289291	41	25	46
ENSG00000289292	132	117	224
ENSG00000289293	371	269	516
ENSG00000289294	93	74	132
ENSG00000289296	22	11	21
ENSG00000289297	20	20	28
ENSG00000289298	65	29	56
ENSG00000289299	80	56	126
ENSG00000289300	2	4	4
ENSG00000289301	7	6	6
ENSG00000289302	60	59	115
ENSG00000289303	22	11	43
ENSG00000289304	10	16	23
ENSG00000289305	32	11	34
ENSG00000289307	20	21	21
ENSG00000289309	677	566	823
ENSG00000289311	30	31	51
ENSG00000289312	23	17	39
ENSG00000289315	135	78	129
ENSG00000289317	14	5	8
ENSG00000289318	669	260	661
ENSG00000289319	5	7	5
ENSG00000289320	74	44	98
ENSG00000289321	98	40	176
ENSG00000289322	6	7	10
ENSG00000289324	7	10	15
ENSG00000289326	34	24	47
ENSG00000289327	31	20	17
ENSG00000289328	22	15	21
ENSG00000289330	3	2	10
ENSG00000289332	98	89	142
ENSG00000289333	5	0	3
ENSG00000289334	6	3	15
ENSG00000289335	12	10	18
ENSG00000289336	11	9	25
ENSG00000289337	27	15	25
ENSG00000289338	26	16	32
ENSG00000289339	11	12	13
ENSG00000289341	13	10	22
ENSG00000289343	3	1	4
ENSG00000289344	24	17	51
ENSG00000289345	0	2	8
ENSG00000289346	2369	2440	4343
ENSG00000289347	148	95	178
ENSG00000289348	8	5	17
ENSG00000289349	1110	790	1992
ENSG00000289350	116	92	177
ENSG00000289351	10	7	10
ENSG00000289352	79	56	115
ENSG00000289355	105	70	136
ENSG00000289356	0	0	0
ENSG00000289357	14	16	21
ENSG00000289358	141	94	218
ENSG00000289359	54	37	73
ENSG00000289361	27	24	29
ENSG00000289362	8	3	13
ENSG00000289363	23	16	28
ENSG00000289364	126	95	130
ENSG00000289365	11	3	5
ENSG00000289366	0	1	8
ENSG00000289367	0	3	5
ENSG00000289368	1253	893	1603
ENSG00000289370	35	39	39
ENSG00000289371	4	7	15
ENSG00000289372	55	72	106
ENSG00000289374	2	2	3
ENSG00000289375	54	31	59
ENSG00000289376	383	221	455
ENSG00000289377	7	8	6
ENSG00000289378	65	41	101
ENSG00000289381	48	33	80
ENSG00000289382	11	6	9
ENSG00000289383	6	3	10
ENSG00000289384	228	129	292
ENSG00000289385	9	3	6
ENSG00000289386	20	10	24
ENSG00000289387	5	1	5
ENSG00000289388	9	7	5
ENSG00000289390	14	9	15
ENSG00000289391	0	0	0
ENSG00000289392	8	3	7
ENSG00000289395	4	8	12
ENSG00000289397	37	37	41
ENSG00000289398	27	15	29
ENSG00000289399	35	17	18
ENSG00000289400	11	12	28
ENSG00000289402	24	9	32
ENSG00000289403	4	2	2
ENSG00000289406	46	37	61
ENSG00000289407	18	9	10
ENSG00000289408	40	16	47
ENSG00000289410	316	361	454
ENSG00000289411	3	0	6
ENSG00000289413	19	15	25
ENSG00000289414	9	1	13
ENSG00000289415	13	6	22
ENSG00000289416	4	4	3
ENSG00000289418	40	6	27
ENSG00000289420	3	1	2
ENSG00000289422	34	24	61
ENSG00000289423	16	13	17
ENSG00000289424	77	41	114
ENSG00000289426	149	94	214
ENSG00000289427	42	25	49
ENSG00000289428	21	27	19
ENSG00000289429	72	52	138
ENSG00000289430	12	12	16
ENSG00000289431	8	5	13
ENSG00000289432	6	4	6
ENSG00000289434	70	59	86
ENSG00000289435	46	39	53
ENSG00000289436	51	23	60
ENSG00000289438	4	0	1
ENSG00000289439	49	27	52
ENSG00000289440	94	127	138
ENSG00000289442	189	132	246
ENSG00000289445	11	6	11
ENSG00000289446	45	37	57
ENSG00000289447	50	25	69
ENSG00000289448	69	32	91
ENSG00000289450	484	287	623
ENSG00000289451	112	83	158
ENSG00000289452	5	4	10
ENSG00000289453	11	10	7
ENSG00000289454	6	15	6
ENSG00000289455	7	10	13
ENSG00000289456	26	13	29
ENSG00000289457	44	35	57
ENSG00000289458	10	13	17
ENSG00000289459	13	9	29
ENSG00000289460	16	11	16
ENSG00000289461	2	0	3
ENSG00000289464	267	122	303
ENSG00000289465	135	88	175
ENSG00000289467	27	13	18
ENSG00000289469	468	381	604
ENSG00000289470	20	31	30
ENSG00000289471	4	1	7
ENSG00000289473	90	59	105
ENSG00000289475	4	8	9
ENSG00000289476	35	30	72
ENSG00000289477	17	13	21
ENSG00000289479	14	7	9
ENSG00000289480	51	21	73
ENSG00000289481	11	5	14
ENSG00000289482	2	4	3
ENSG00000289483	0	1	0
ENSG00000289484	215	147	280
ENSG00000289485	96	65	114
ENSG00000289486	22	10	24
ENSG00000289487	337	242	421
ENSG00000289489	10	9	15
ENSG00000289492	8	7	12
ENSG00000289493	22	4	9
ENSG00000289494	52	53	90
ENSG00000289495	2	1	4
ENSG00000289497	295	199	338
ENSG00000289499	30	17	29
ENSG00000289500	16	10	17
ENSG00000289501	21	16	60
ENSG00000289502	17	5	20
ENSG00000289503	91	40	128
ENSG00000289504	55	50	80
ENSG00000289505	4	8	13
ENSG00000289506	15	10	35
ENSG00000289507	14	6	9
ENSG00000289508	4	3	3
ENSG00000289509	274	154	324
ENSG00000289510	354	272	475
ENSG00000289511	9	18	18
ENSG00000289512	85	47	125
ENSG00000289513	27	31	48
ENSG00000289514	5	4	5
ENSG00000289516	578	395	747
ENSG00000289517	49	23	40
ENSG00000289518	27	9	34
ENSG00000289519	13	15	11
ENSG00000289520	34	26	38
ENSG00000289522	39	27	45
ENSG00000289524	93	94	119
ENSG00000289525	80	85	115
ENSG00000289526	254	202	381
ENSG00000289527	13	12	17
ENSG00000289529	314	205	428
ENSG00000289530	6	3	14
ENSG00000289533	86	48	104
ENSG00000289535	102	63	112
ENSG00000289536	0	4	1
ENSG00000289537	28	15	35
ENSG00000289538	61	22	80
ENSG00000289539	6	6	6
ENSG00000289541	80	59	108
ENSG00000289543	14	14	19
ENSG00000289544	12	4	13
ENSG00000289545	219	145	206
ENSG00000289547	111	31	55
ENSG00000289548	10	6	11
ENSG00000289550	22	12	18
ENSG00000289551	100	48	66
ENSG00000289552	25	21	59
ENSG00000289553	5	6	11
ENSG00000289555	5	17	15
ENSG00000289556	4	0	6
ENSG00000289559	9	5	22
ENSG00000289560	67	42	93
ENSG00000289561	18	9	21
ENSG00000289562	69	39	88
ENSG00000289563	144	98	128
ENSG00000289564	203	155	223
ENSG00000289565	87	50	102
ENSG00000289566	147	118	190
ENSG00000289567	8	9	6
ENSG00000289569	76	94	130
ENSG00000289570	134	83	167
ENSG00000289571	40	21	53
ENSG00000289573	8	2	6
ENSG00000289576	31	24	52
ENSG00000289577	14	9	25
ENSG00000289578	171	121	246
ENSG00000289580	14	5	17
ENSG00000289583	49	44	58
ENSG00000289584	7	3	9
ENSG00000289585	6	29	18
ENSG00000289587	94	76	145
ENSG00000289588	8	13	25
ENSG00000289589	7	1	14
ENSG00000289590	8	3	8
ENSG00000289591	479	318	616
ENSG00000289592	14	10	6
ENSG00000289593	9	6	4
ENSG00000289594	4	8	24
ENSG00000289595	5	8	8
ENSG00000289596	3	4	6
ENSG00000289597	2	1	3
ENSG00000289598	0	0	1
ENSG00000289599	17	13	28
ENSG00000289600	72	45	73
ENSG00000289601	3	1	6
ENSG00000289602	45	33	51
ENSG00000289603	0	13	9
ENSG00000289605	1349	916	1778
ENSG00000289606	6	3	7
ENSG00000289607	12	9	28
ENSG00000289608	40	27	39
ENSG00000289609	46	25	51
ENSG00000289610	10	4	20
ENSG00000289614	9	6	16
ENSG00000289615	27	32	48
ENSG00000289616	12	9	16
ENSG00000289619	74	53	115
ENSG00000289621	51	26	53
ENSG00000289622	208	148	222
ENSG00000289623	13	12	25
ENSG00000289624	4	4	12
ENSG00000289629	7	12	22
ENSG00000289631	19	16	32
ENSG00000289633	0	3	4
ENSG00000289634	8	3	6
ENSG00000289635	13	12	7
ENSG00000289636	0	1	0
ENSG00000289637	15	11	14
ENSG00000289640	33	18	35
ENSG00000289641	13	5	10
ENSG00000289644	12	7	4
ENSG00000289688	203	156	298
ENSG00000289689	60	47	94
ENSG00000289690	45	28	67
ENSG00000289692	46	22	33
ENSG00000289694	82	107	139
ENSG00000289695	156	93	162
ENSG00000289697	50	40	69
ENSG00000289699	15	5	15
ENSG00000289700	36	12	37
ENSG00000289701	5	6	12
ENSG00000289704	13	6	12
ENSG00000289707	30	20	35
ENSG00000289709	22	27	43
ENSG00000289710	0	0	1
ENSG00000289720	110	64	153
ENSG00000289722	31	24	34
ENSG00000289723	3	2	8
ENSG00000289724	21	9	38
ENSG00000289725	167	124	319
ENSG00000289726	275	219	442
ENSG00000289727	327	255	483
ENSG00000289728	75	56	117
ENSG00000289733	25	18	43
ENSG00000289734	13	15	22
ENSG00000289738	86	79	103
ENSG00000289739	30	13	41
ENSG00000289744	92	67	124
ENSG00000289750	50	45	102
ENSG00000289754	238	155	292
ENSG00000289755	19	16	19
ENSG00000289757	9	5	6
ENSG00000289768	339	153	271
ENSG00000289788	154	90	185
ENSG00000289809	231	168	329
ENSG00000289810	5	23	20
ENSG00000289826	24	21	50
ENSG00000289827	31	16	40
ENSG00000289828	261	208	341
ENSG00000289829	17	10	13
ENSG00000289831	7	6	28
ENSG00000289832	67	53	77
ENSG00000289833	11	6	10
ENSG00000289834	1	3	9
ENSG00000289835	64	28	51
ENSG00000289836	25	23	30
ENSG00000289837	4	0	5
ENSG00000289838	0	2	2
ENSG00000289839	85	58	89
ENSG00000289840	18	6	34
ENSG00000289841	19	16	36
ENSG00000289842	249	158	346
ENSG00000289843	528	212	871
ENSG00000289844	37	23	36
ENSG00000289845	77	49	96
ENSG00000289847	116	100	167
ENSG00000289848	8	4	3
ENSG00000289850	16	14	47
ENSG00000289852	11	7	9
ENSG00000289853	208	155	305
ENSG00000289854	43	35	62
ENSG00000289855	9	2	3
ENSG00000289856	5	1	16
ENSG00000289857	5	3	11
ENSG00000289858	33	32	54
ENSG00000289859	24	21	28
ENSG00000289860	172	99	201
ENSG00000289861	5	0	3
ENSG00000289862	458	321	629
ENSG00000289863	9	8	19
ENSG00000289864	2	0	3
ENSG00000289866	67	46	49
ENSG00000289867	18	12	21
ENSG00000289868	269	191	396
ENSG00000289869	46	34	90
ENSG00000289870	92	68	137
ENSG00000289871	60	35	58
ENSG00000289872	14	13	20
ENSG00000289873	1834	880	3516
ENSG00000289874	20	4	18
ENSG00000289875	28	18	38
ENSG00000289876	112	56	204
ENSG00000289877	45	23	57
ENSG00000289878	34	45	71
ENSG00000289879	87	49	90
ENSG00000289882	10	9	14
ENSG00000289884	589	412	846
ENSG00000289885	24	18	43
ENSG00000289886	7	4	11
ENSG00000289887	43	22	51
ENSG00000289888	12	5	4
ENSG00000289889	7	7	20
ENSG00000289890	110	53	114
ENSG00000289891	14	9	12
ENSG00000289892	6	3	5
ENSG00000289893	198	110	246
ENSG00000289894	24	21	37
ENSG00000289895	5	12	9
ENSG00000289896	10	9	21
ENSG00000289897	3	3	4
ENSG00000289899	255	156	326
ENSG00000289901	0	2	2
ENSG00000289902	9	5	9
ENSG00000289903	16	6	21
ENSG00000289904	17	22	22
ENSG00000289905	0	1	3
ENSG00000289907	221	157	281
ENSG00000289908	6	4	3
ENSG00000289909	8	10	7
ENSG00000289910	4	3	13
ENSG00000289911	802	576	1236
ENSG00000289913	12	21	34
ENSG00000289915	49	26	63
ENSG00000289916	23	16	43
ENSG00000289918	9	4	16
ENSG00000289919	9	10	5
ENSG00000289920	0	0	5
ENSG00000289921	2	2	7
ENSG00000289922	3	2	2
ENSG00000289923	31	16	38
ENSG00000289924	5	4	11
ENSG00000289925	5	1	11
ENSG00000289926	32	45	65
ENSG00000289928	12	11	21
ENSG00000289929	74	76	138
ENSG00000289930	3	0	4
ENSG00000289931	14	17	41
ENSG00000289932	24	20	37
ENSG00000289933	7	2	4
ENSG00000289934	6	10	15
ENSG00000289936	6	2	2
ENSG00000289937	15	6	11
ENSG00000289938	115	85	177
ENSG00000289939	18	24	33
ENSG00000289940	5	7	6
ENSG00000289941	3	4	8
ENSG00000289942	32	17	31
ENSG00000289943	67	43	68
ENSG00000289944	60	45	83
ENSG00000289945	6	6	11
ENSG00000289946	172	135	296
ENSG00000289947	3	0	3
ENSG00000289949	66	54	88
ENSG00000289950	663	1599	789
ENSG00000289951	9	7	16
ENSG00000289952	14	16	19
ENSG00000289953	167	100	213
ENSG00000289954	3	3	9
ENSG00000289956	875	640	1390
ENSG00000289957	13	6	18
ENSG00000289958	130	125	211
ENSG00000289959	4	2	10
ENSG00000289960	96	79	118
ENSG00000289961	240	129	298
ENSG00000289962	9	4	9
ENSG00000289963	15	8	30
ENSG00000289964	7	8	11
ENSG00000289965	47	57	60
ENSG00000289966	18	10	24
ENSG00000289967	6	1	5
ENSG00000289968	20	18	32
ENSG00000289970	12	5	11
ENSG00000289971	14	5	23
ENSG00000289972	22	15	26
ENSG00000289974	9	3	5
ENSG00000289975	17	10	35
ENSG00000289976	13	13	16
ENSG00000289977	34	24	36
ENSG00000289978	26	24	35
ENSG00000289979	36	24	61
ENSG00000289980	16	20	27
ENSG00000289981	4	4	5
ENSG00000289982	4	7	6
ENSG00000289984	18	18	47
ENSG00000289986	421	279	459
ENSG00000289987	26	29	40
ENSG00000289988	2	6	7
ENSG00000289989	10	9	5
ENSG00000289990	5	0	3
ENSG00000289991	7	4	6
ENSG00000289992	36	23	45
ENSG00000289993	24	20	38
ENSG00000289994	35	48	43
ENSG00000289995	55	35	74
ENSG00000289996	500	233	461
ENSG00000289997	441	328	628
ENSG00000289998	11	6	9
ENSG00000290000	243	150	309
ENSG00000290001	1	2	1
ENSG00000290003	17	8	7
ENSG00000290004	4	4	3
ENSG00000290005	19	8	10
ENSG00000290006	9	2	15
ENSG00000290007	62	54	90
ENSG00000290008	553	364	678
ENSG00000290009	6	11	18
ENSG00000290010	2662	2077	3039
ENSG00000290013	24	18	36
ENSG00000290014	69	30	70
ENSG00000290016	30	11	19
ENSG00000290019	31	29	32
ENSG00000290020	64	44	112
ENSG00000290023	58	32	82
ENSG00000290024	4	3	7
ENSG00000290025	36	20	42
ENSG00000290026	6	6	10
ENSG00000290027	32	24	42
ENSG00000290030	7	2	1
ENSG00000290031	0	0	1
ENSG00000290032	3	7	5
ENSG00000290033	15	9	40
ENSG00000290034	57	31	73
ENSG00000290035	21	13	23
ENSG00000290036	69	37	82
ENSG00000290037	2	5	9
ENSG00000290038	0	0	2
ENSG00000290041	47	21	57
ENSG00000290042	4	1	4
ENSG00000290043	15	34	52
ENSG00000290044	11	9	15
ENSG00000290046	851	824	1272
ENSG00000290047	184	149	284
ENSG00000290048	100	55	111
ENSG00000290049	184	132	262
ENSG00000290050	0	3	0
ENSG00000290051	21	26	39
ENSG00000290052	2	0	3
ENSG00000290053	13	9	13
ENSG00000290056	4	2	10
ENSG00000290057	15	14	27
ENSG00000290058	0	5	5
ENSG00000290059	5	7	7
ENSG00000290060	16	12	11
ENSG00000290061	4	1	8
ENSG00000290062	24	12	19
ENSG00000290064	56	53	51
ENSG00000290065	20	11	33
ENSG00000290067	728	507	936
ENSG00000290068	5	3	9
ENSG00000290069	4	10	11
ENSG00000290070	26	29	46
ENSG00000290071	9	5	9
ENSG00000290072	4	16	11
ENSG00000290073	546	389	699
ENSG00000290074	17	17	30
ENSG00000290075	18	14	28
ENSG00000290078	17	6	13
ENSG00000290079	5	1	5
ENSG00000290080	5	6	8
ENSG00000290081	6	5	2
ENSG00000290082	45	26	60
ENSG00000290083	5	2	3
ENSG00000290084	5	5	10
ENSG00000290085	46	24	53
ENSG00000290086	13	8	23
ENSG00000290087	0	1	0
ENSG00000290088	116	92	174
ENSG00000290089	36	21	56
ENSG00000290090	20	12	36
ENSG00000290091	92	75	101
ENSG00000290092	43	27	49
ENSG00000290095	9	9	11
ENSG00000290097	12	7	16
ENSG00000290099	6	3	3
ENSG00000290100	242	157	301
ENSG00000290101	47	39	92
ENSG00000290102	9	9	11
ENSG00000290103	26	25	36
ENSG00000290104	11	5	5
ENSG00000290105	27	13	25
ENSG00000290106	7	7	12
ENSG00000290108	7	8	13
ENSG00000290109	0	4	0
ENSG00000290110	13	19	35
ENSG00000290111	3	1	2
ENSG00000290112	0	0	3
ENSG00000290113	265	180	418
ENSG00000290114	15	8	14
ENSG00000290115	21	4	26
ENSG00000290117	27	21	38
ENSG00000290119	112	67	122
ENSG00000290121	32	5	16
ENSG00000290123	46	37	72
ENSG00000290124	44	23	52
ENSG00000290125	15	11	19
ENSG00000290126	21	20	35
ENSG00000290127	57	55	98
ENSG00000290146	186	148	280
ENSG00000290149	223	123	284
ENSG00000290166	16	17	28
ENTHD1	263	152	303
ENTPD1	2442	1489	2889
ENTPD1-AS1	5996	4820	8397
ENTPD2	184	135	234
ENTPD3	219	181	358
ENTPD3-AS1	2348	1384	2696
ENTPD4	3155	2168	3917
ENTPD4-DT	144	111	169
ENTPD5	2056	1426	2675
ENTPD6	1941	1486	2706
ENTPD7	513	418	589
ENTPD8	84	41	120
ENTR1	815	634	1109
ENY2	887	619	1139
EOGT	899	671	1095
EOGT-DT	278	188	333
EOLA1	84	70	115
EOLA1-DT	5	2	0
EOLA2	253	174	271
EOLA2-DT	5187	3810	7011
EOMES	50	34	64
EP300	7147	5150	9521
EP300-AS1	81	55	115
EP400	6508	4555	8691
EPAS1	4145	2253	5401
EPB41	4763	3618	6864
EPB41L1	2093	1220	2301
EPB41L1-AS1	45	27	45
EPB41L2	31446	19155	36041
EPB41L3	5943	3819	7006
EPB41L3-AS1	70	56	81
EPB41L4A	4695	3323	7061
EPB41L4A-AS1	297	220	388
EPB41L4A-AS2	66	48	92
EPB41L4A-AS3	111	78	168
EPB41L4A-DT	16	19	29
EPB41L4B	1098	1206	1368
EPB41L5	4078	3048	5105
EPB42	69	67	78
EPC1	11549	8016	13859
EPC1-AS1	123	99	178
EPC1-AS2	12	12	23
EPC2	7644	5106	10133
EPCAM	470	336	724
EPCAM-DT	1026	843	1508
EPDR1	15	41	23
EPG5	6157	4132	8187
EPGN	100	79	90
EPHA1	180	156	262
EPHA1-AS1	599	431	875
EPHA10	149	116	263
EPHA2	505	360	505
EPHA2-AS1	34	31	46
EPHA3	3496	3031	4398
EPHA4	5803	4900	7850
EPHA5	1584	1036	2362
EPHA5-AS1	149	87	224
EPHA6	4783	3179	7306
EPHA7	2831	1134	2421
EPHA8	92	60	152
EPHB1	2345	1615	2917
EPHB2	5493	3528	5374
EPHB3	1319	916	1753
EPHB4	1931	1203	2336
EPHB6	1937	1445	1983
EPHX1	1241	753	1210
EPHX2	1717	1413	2034
EPHX3	78	47	103
EPHX4	247	306	292
EPIC1	1455	992	1840
EPIST	6	9	10
EPM2A	2134	1615	2770
EPM2A-DT	1485	1236	1989
EPM2AIP1	1129	925	1399
EPN1	881	561	1074
EPN2	8828	6573	11790
EPN2-AS1	80	60	110
EPN3	105	94	142
EPO	22	9	22
EPOP	29	18	37
EPOR	79	62	115
EPPIN	0	1	9
EPPIN-WFDC6	5	5	8
EPPK1	300	199	393
EPRS1	2844	2173	3504
EPS15	8656	6080	10358
EPS15-AS1	243	188	330
EPS15L1	4033	2843	5242
EPS8	13874	8436	15187
EPS8L1	373	344	678
EPS8L2	625	559	974
EPS8L3	31	36	53
EPSTI1	1459	717	1529
EPX	62	33	78
EPYC	149	103	224
EQTN	62	47	109
ERAL1	274	212	358
ERAP1	998	690	1231
ERAP2	567	371	628
ERAS	24	9	22
ERBB2	1765	1630	2612
ERBB3	852	1152	1457
ERBB4	5182	7310	6599
ERBIN	14130	9780	17997
ERBIN-DT	3	4	9
ERC1	19465	13866	24351
ERC1-AS1	33	37	34
ERC2	5669	3975	6928
ERC2-AS1	10	5	9
ERCC1	3112	2034	3588
ERCC2	649	449	881
ERCC3	3462	2383	4514
ERCC4	970	706	1308
ERCC6	2479	1775	3580
ERCC6L	202	141	286
ERCC6L2	11503	7983	16859
ERCC6L2-AS1	3143	2445	5214
ERCC8	3530	2509	4899
ERCC8-AS1	5	1	10
EREG	162	93	161
ERFE	34	24	40
ERFL	171	106	222
ERG	6604	3587	7056
ERG28	331	238	438
ERGIC1	3676	2363	4544
ERGIC2	2794	2055	3659
ERGIC3	1634	1121	1653
ERH	937	678	1115
ERI1	2246	1579	2702
ERI2	845	563	1132
ERI3	6154	4233	7956
ERICD	25	12	32
ERICH1	7324	4846	9708
ERICH2	249	168	359
ERICH2-DT	827	632	1306
ERICH3	322	241	429
ERICH3-AS1	251	159	322
ERICH4	17	6	14
ERICH5	152	92	198
ERICH6	129	106	203
ERICH6-AS1	445	272	547
ERICH6B	201	122	281
ERLEC1	2565	2006	3260
ERLIN1	1335	940	1595
ERLIN2	747	569	1087
ERLNC1	11	3	6
ERMAP	676	627	984
ERMARD	1528	1044	2055
ERMN	29	14	33
ERMP1	1559	1163	1907
ERN1	1330	955	1693
ERN2	63	37	97
ERO1A	1304	848	1392
ERO1B	2080	1630	2711
ERP27	99	64	122
ERP29	277	221	364
ERP44	3620	2656	4828
ERRFI1	819	607	1222
ERRFI1-DT	400	311	534
ERV3-1	4	2	1
ERVE-1	49	24	65
ERVE-5	21	24	27
ERVFRD-1	49	24	86
ERVH-1	29	19	24
ERVH-3	62	24	71
ERVH48-1	89	60	170
ERVK-28	13	12	22
ERVK13-1	2769	1987	3821
ERVK3-1	33	27	55
ERVMER34-1	151	107	193
ERVV-1	9	9	35
ERVV-2	67	52	129
ERVW-1	340	266	836
ESAM	630	440	884
ESAM-AS1	115	91	168
ESCO1	3231	2396	4085
ESCO2	958	608	1266
ESD	1810	1365	2549
ESF1	3658	2653	4686
ESM1	158	93	148
ESPL1	712	468	868
ESPN	280	258	357
ESPNL	135	105	211
ESR1	3656	1713	3130
ESR2	1146	710	1420
ESRG	18	8	25
ESRP1	1286	1211	1941
ESRP2	230	207	369
ESRRA	440	379	514
ESRRB	792	508	1022
ESRRG	3286	4052	4758
ESS2	295	195	421
ESX1	10	5	12
ESYT1	1153	782	1257
ESYT2	6058	4575	8234
ESYT3	905	726	1378
ETAA1	1261	1001	1864
ETDA	4	0	0
ETDB	3	3	0
ETF1	2605	1592	2813
ETFA	5032	3538	5924
ETFB	144	112	194
ETFBKMT	302	237	413
ETFDH	1630	1270	1985
ETFRF1	669	535	890
ETHE1	435	363	645
ETNK1	5946	4089	7875
ETNK1-DT	69	42	77
ETNK2	110	72	169
ETNPPL	75	35	91
ETS1	5112	3275	6496
ETS1-AS1	36	28	53
ETS2	2066	1149	2334
ETS2-AS1	674	524	889
ETV1	1585	994	1804
ETV2	45	32	55
ETV3	1135	933	1460
ETV3L	120	80	163
ETV4	389	368	602
ETV5	1137	890	1619
ETV5-AS1	15	5	10
ETV6	9434	6455	11537
ETV7	167	85	201
ETV7-AS1	40	33	41
EUDAL	8	6	7
EVA1A	2146	1443	3715
EVA1A-AS	152	113	190
EVA1B	94	57	104
EVA1C	1482	1133	1741
EVC	4529	2933	5624
EVC2	3660	2360	5203
EVI2A	18	7	10
EVI2B	3	5	5
EVI5	13188	8689	16042
EVI5L	948	681	1324
EVL	6832	4321	8478
EVL-AS1	99	62	116
EVPL	654	542	970
EVPLL	62	42	107
EVX1	65	26	66
EVX1-AS	58	28	53
EVX2	39	24	62
EWSAT1	61	37	59
EWSR1	7375	5004	9497
EXD1	177	127	226
EXD2	1263	1007	1712
EXD3	2389	1621	3036
EXO1	892	628	1494
EXO5	249	191	331
EXO5-DT	777	587	1064
EXOC1	4276	2960	5515
EXOC1-AS1	369	213	403
EXOC1L	48	25	48
EXOC2	5665	4174	8178
EXOC3	1710	1138	2228
EXOC3-AS1	60	56	93
EXOC3L1	124	109	136
EXOC3L2	267	192	307
EXOC3L4	120	116	204
EXOC4	30822	21144	39184
EXOC5	3485	2463	4465
EXOC6	8913	5641	9726
EXOC6B	30794	22139	42105
EXOC7	3070	2243	3864
EXOC8	166	121	206
EXOG	1819	1325	2195
EXOSC1	707	536	978
EXOSC10	4220	3038	5634
EXOSC10-AS1	27	15	20
EXOSC2	820	638	1153
EXOSC4	55	56	97
EXOSC5	183	170	256
EXOSC6	312	289	395
EXOSC7	1589	1182	1976
EXOSC8	1893	1389	2588
EXOSC9	1492	1006	2064
EXPH5	2771	2040	4842
EXT1	42959	24124	46860
EXT2	4638	3065	5778
EXTL1	137	136	207
EXTL2	1586	1179	2172
EXTL3	2774	1948	3969
EXTL3-AS1	154	93	239
EYA1	1734	1186	1880
EYA2	1185	798	1787
EYA2-AS1	0	2	6
EYA3	4448	3230	5655
EYA4	1275	2155	1669
EYA4-AS2	21	6	16
EYS	6811	4494	9316
EZH1	3247	2471	4365
EZH2	10068	6366	13999
EZR	3300	2349	4210
EZR-AS1	48	22	41
F10	836	472	831
F10-AS1	0	4	5
F10-AS2	26	12	44
F11	45	44	58
F11-AS1	607	389	783
F11R	90	80	129
F12	88	73	92
F13A1	4708	4225	6426
F13B	70	78	102
F2	72	104	132
F2R	1186	955	1876
F2R-AS1	523	391	1213
F2RL1	128	129	175
F2RL2	251	197	459
F2RL3	31	12	20
F3	304	221	532
F5	339	219	670
F7	159	127	216
F8	891	628	1055
F8A1	2	2	2
F9	57	44	110
FA2H	379	335	514
FAAH	446	350	570
FAAH2	2240	1697	3336
FAAP100	538	350	631
FAAP20	1061	713	1321
FAAP24	85	56	117
FABP1	22	33	23
FABP12	251	166	280
FABP2	7	9	12
FABP3	166	120	196
FABP4	1550	998	1022
FABP5	945	653	884
FABP6	265	194	332
FABP6-AS1	52	36	59
FABP7	10	18	24
FABP9	35	74	52
FADD	62	67	102
FADS1	934	634	1154
FADS2	2106	1418	2532
FADS3	595	490	761
FADS6	61	62	90
FAF1	18200	12863	23070
FAF1-AS1	15	7	18
FAF2	3035	2230	3872
FAH	447	333	536
FAHD1	287	199	284
FAHD2A	693	443	865
FAHD2B	211	162	266
FAIM	790	566	1019
FAIM2	251	185	256
FALEC	89	87	142
FAM102A	1341	981	1441
FAM102B	3066	1766	3317
FAM104A	1173	914	1573
FAM104B	404	296	596
FAM106A	2579	952	3221
FAM107A	334	200	404
FAM107B	7062	4388	9928
FAM110A	276	251	381
FAM110B	8294	6211	9598
FAM110C	27	31	58
FAM110D	47	23	56
FAM111A	3361	2183	4472
FAM111A-DT	202	160	270
FAM111B	595	424	963
FAM114A1	7360	4711	7776
FAM114A2	1324	861	1596
FAM117A	1049	930	1550
FAM117B	3158	2117	4258
FAM118A	1845	1461	2814
FAM118B	1561	1071	2182
FAM120A	5831	4221	7405
FAM120AOS	840	643	1083
FAM120B	11649	6933	14020
FAM120C	1981	1377	2504
FAM124A	675	373	944
FAM124B	248	212	402
FAM126A	6025	3854	6158
FAM126B	4321	3057	5178
FAM131A	669	419	760
FAM131B	41	20	36
FAM131B-AS2	27	21	34
FAM131C	47	36	56
FAM133A	161	97	192
FAM133B	3407	2299	4384
FAM135A	5565	4138	7456
FAM135A-AS1	43	35	59
FAM135B	1229	853	1595
FAM136A	454	359	533
FAM138B	8	10	12
FAM138E	8	0	2
FAM13A	11573	8196	14459
FAM13A-AS1	747	532	858
FAM13B	7314	5014	9310
FAM13B-AS1	51	28	48
FAM13C	3524	2564	4049
FAM149A	647	362	745
FAM149B1	2750	1773	3328
FAM151A	49	30	59
FAM151B	1385	952	1737
FAM151B-DT	1027	841	1345
FAM153A	176	104	252
FAM153A-AS1	49	52	95
FAM153B	287	195	386
FAM153CP	375	259	434
FAM156A	827	613	1092
FAM156B	5	2	3
FAM157C	150	173	165
FAM157D	28	31	45
FAM161A	1450	993	1747
FAM161B	190	137	262
FAM162A	637	506	731
FAM162B	350	239	455
FAM163A	362	180	450
FAM163B	112	91	182
FAM166A	21	15	41
FAM166B	17	9	40
FAM166C	71	46	98
FAM167A	340	264	526
FAM167A-AS1	203	162	265
FAM167B	23	17	24
FAM168A	7807	5071	9365
FAM168A-AS1	74	49	114
FAM168B	2075	1527	2667
FAM169A	958	816	1794
FAM169A-AS1	9	8	15
FAM170B	21	13	25
FAM170B-AS1	152	91	192
FAM171A1	5109	3191	6034
FAM171A1-AS1	12	14	15
FAM171A2	219	184	302
FAM171B	1577	966	1649
FAM171B-AS1	275	190	333
FAM172A	18907	12996	23694
FAM174A	967	696	1167
FAM174A-DT	835	576	1184
FAM174B	2701	1839	3912
FAM174C	138	114	164
FAM177A1	2403	2065	3149
FAM177B	66	47	103
FAM178B	681	509	903
FAM180A	114	79	123
FAM180B	29	24	34
FAM181A	28	25	46
FAM181A-AS1	63	49	77
FAM181B	13	7	17
FAM182A	262	182	621
FAM182B	599	446	891
FAM183A	121	76	214
FAM184A	2719	1549	3138
FAM184B	653	596	904
FAM185A	1660	1131	2265
FAM186A	258	177	279
FAM186B	89	65	106
FAM187B	5	6	13
FAM189A1	3260	1947	6353
FAM189A2	1447	1580	1786
FAM189B	303	171	291
FAM193A	6631	4646	8710
FAM193B	2813	2238	3546
FAM193B-DT	6	2	6
FAM197Y7	0	0	0
FAM199X	893	696	1160
FAM200A	305	263	467
FAM200B	2	5	11
FAM201A	14	8	26
FAM204A	3509	2470	4631
FAM205A	14	9	15
FAM205C	25	9	29
FAM209A	78	51	102
FAM209B	8	14	18
FAM20A	1339	899	1588
FAM20B	1399	1010	1776
FAM20C	2226	1601	2806
FAM210A	1766	1274	2116
FAM210B	173	185	266
FAM214A	4720	3496	5492
FAM214B	314	221	403
FAM215A	7	11	10
FAM216A	678	467	757
FAM216B	31	16	40
FAM217A	238	142	280
FAM217B	516	380	645
FAM218A	73	64	107
FAM219A	2209	1467	2527
FAM219B	663	548	795
FAM221A	570	307	593
FAM222A	458	360	686
FAM222A-AS1	159	139	243
FAM222B	5268	3550	6456
FAM224A	0	0	0
FAM224B	0	0	0
FAM225A	3	0	0
FAM225B	5	5	8
FAM227A	1356	1066	1934
FAM227B	1637	1386	2230
FAM228A	53	40	59
FAM228B	1614	1300	2254
FAM229A	117	86	142
FAM229B	503	379	712
FAM230A	1	5	8
FAM230B	8	2	12
FAM230C	84	48	170
FAM230D	2	2	9
FAM230E	4	4	4
FAM230F	16	10	21
FAM230G	12	2	14
FAM230H	0	1	2
FAM230I	69	38	67
FAM230J	4	8	10
FAM234A	1375	1118	1864
FAM234B	1179	744	1434
FAM236C	0	2	5
FAM236D	0	0	4
FAM237A	26	15	26
FAM237B	7	17	20
FAM240A	48	39	68
FAM240B	108	76	135
FAM240C	82	50	78
FAM241A	1965	1041	2198
FAM241B	22	12	38
FAM242A	71	58	93
FAM242B	16	7	26
FAM242C	155	88	225
FAM242D	7	6	9
FAM242E	4	6	9
FAM242F	48	47	38
FAM245A	76	49	108
FAM245B	22	20	50
FAM246A	0	0	3
FAM247B	5	5	12
FAM24A	14	8	10
FAM24B	0	0	2
FAM25C	45	35	73
FAM25G	16	12	11
FAM27C	367	315	498
FAM27E3	11	6	10
FAM27E5	1	2	3
FAM30A	104	61	146
FAM32A	804	549	980
FAM3A	411	349	566
FAM3B	264	182	333
FAM3C	2150	1519	2865
FAM3D	201	91	268
FAM3D-AS1	208	102	242
FAM41C	145	130	219
FAM43A	188	169	232
FAM43B	18	10	19
FAM47A	5	2	9
FAM47B	3	0	6
FAM47C	14	4	7
FAM47E	172	113	245
FAM47E-STBD1	75	79	95
FAM50A	801	586	1093
FAM53A	581	422	827
FAM53B-AS1	89	53	97
FAM53C	908	563	1174
FAM66A	300	172	414
FAM66B	346	191	255
FAM66C	1223	854	1869
FAM66D	1552	769	1191
FAM66E	66	24	142
FAM72A	110	91	144
FAM72B	78	58	108
FAM72C	37	14	61
FAM72D	22	18	29
FAM74A1	0	3	5
FAM74A7	4	6	7
FAM76A	1376	1006	1615
FAM76B	1474	1014	1998
FAM78A	187	169	229
FAM78B	1657	1207	2391
FAM78B-AS1	24	20	51
FAM81A	956	579	1337
FAM81B	228	171	377
FAM83A	195	158	290
FAM83A-AS1	20	16	25
FAM83B	1402	1136	2273
FAM83C	74	46	86
FAM83C-AS1	3	2	6
FAM83D	483	363	571
FAM83E	335	187	401
FAM83F	315	243	467
FAM83G	211	174	301
FAM83H	161	166	253
FAM85B	697	492	715
FAM86B1	81	51	78
FAM86B2	67	33	81
FAM87A	23	13	28
FAM87B	23	5	17
FAM88B	77	62	136
FAM88C	0	5	3
FAM88E	27	21	28
FAM88F	9	11	4
FAM89A	535	289	746
FAM89B	41	34	29
FAM8A1	334	255	348
FAM90A1	18	14	24
FAM90A10	0	1	0
FAM90A12P	3	7	6
FAM90A20P	4	1	5
FAM90A22	0	2	8
FAM90A23	0	0	2
FAM90A24P	6	3	19
FAM90A26	25	25	31
FAM90A27P	14	9	16
FAM91A1	2338	1603	2868
FAM95A	147	80	203
FAM98A	1776	1190	2168
FAM98B	1083	830	1608
FAM98C	352	232	423
FAM99A	6	2	12
FAM99B	8	4	12
FAM9A	20	11	17
FAM9B	637	404	754
FAM9C	23	27	33
FAN1	3391	2361	4223
FANCA	4313	2828	6079
FANCB	1709	1087	2364
FANCC	8729	6159	11926
FANCD2	1951	1331	2745
FANCD2OS	68	67	122
FANCE	244	223	353
FANCF	38	39	72
FANCG	269	206	377
FANCI	3374	2270	5157
FANCL	4672	3229	6596
FANCM	1990	1268	2576
FANK1	1019	809	1597
FANK1-AS1	5	1	5
FAP	3796	2953	4751
FAR1	9407	6202	11845
FAR2	5023	2669	4970
FAR2-AS1	409	301	512
FARP1	21902	15584	30496
FARP1-AS1	9	3	7
FARP2	5936	4015	8178
FARS2	13033	8885	17579
FARS2-AS1	24	9	31
FARSA	488	387	657
FARSA-AS1	12	11	14
FARSB	4453	3148	5727
FAS	871	791	886
FASLG	26	14	34
FASN	729	597	907
FASTK	519	395	660
FASTKD1	1415	1140	2026
FASTKD2	2102	1548	2718
FASTKD3	293	205	381
FAT1	6668	4885	8534
FAT2	1235	1061	1921
FAT3	13560	10944	17425
FAT4	15235	11033	15498
FATE1	28	18	33
FAU	147	124	197
FAXC	636	413	928
FAXDC2	1470	1147	1809
FBF1	637	422	1003
FBH1	2924	2097	3839
FBL	780	573	935
FBLIM1	657	475	877
FBLL1	6	4	2
FBLN1	5060	3523	8539
FBLN2	1955	956	1984
FBLN5	1965	1257	2200
FBLN7	714	411	732
FBN1	20939	11926	20453
FBN1-DT	46	37	56
FBN2	21841	13432	32547
FBN3	1703	1251	3012
FBP1	202	152	248
FBP2	122	194	177
FBRS	1075	753	1399
FBRSL1	2437	1690	3194
FBXL12	627	467	831
FBXL13	2199	1386	2932
FBXL14	430	303	609
FBXL15	201	143	254
FBXL16	34	44	64
FBXL17	14674	10818	18354
FBXL17-AS1	529	414	745
FBXL18	1444	1008	1637
FBXL19	917	616	1271
FBXL19-AS1	198	145	362
FBXL2	6218	4245	8787
FBXL20	7836	5514	10088
FBXL22	101	125	126
FBXL3	1733	1221	2256
FBXL4	4811	3318	6177
FBXL5	5946	4207	7672
FBXL6	43	40	66
FBXL7	63573	38992	70600
FBXL8	664	584	961
FBXO10	40	28	30
FBXO11	14560	9677	18190
FBXO15	457	287	687
FBXO16	908	743	1195
FBXO16-AS1	69	39	58
FBXO17	2061	1518	2597
FBXO2	109	82	132
FBXO21	2216	1666	3172
FBXO22	3064	2267	4302
FBXO24	204	184	345
FBXO25	2137	1526	2767
FBXO27	374	318	490
FBXO28	2536	1881	3304
FBXO3	1331	1013	1872
FBXO3-DT	0	2	7
FBXO30	865	688	1043
FBXO31	1758	1194	2016
FBXO32	649	721	834
FBXO33	1340	931	1753
FBXO34	5615	3854	6819
FBXO34-AS1	96	63	107
FBXO36	1501	1057	1896
FBXO38	3400	2380	4539
FBXO38-DT	3907	2807	4653
FBXO39	117	82	102
FBXO4	584	417	773
FBXO40	149	119	166
FBXO41	143	116	202
FBXO42	6996	5164	8958
FBXO43	301	166	369
FBXO44	520	344	629
FBXO45	238	194	372
FBXO46	941	627	1107
FBXO47	92	53	96
FBXO48	167	152	234
FBXO5	501	311	719
FBXO6	109	75	135
FBXO7	1985	1295	2368
FBXO8	900	805	1240
FBXO9	2742	2159	3677
FBXW10	150	89	171
FBXW10B	19	13	29
FBXW11	8959	6345	11341
FBXW12	133	101	183
FBXW2	2693	1830	3378
FBXW4	4717	3416	6228
FBXW5	383	281	405
FBXW7	8575	6793	11367
FBXW7-AS1	0	1	2
FBXW8	4755	3468	6048
FBXW9	156	101	173
FCAMR	28	15	46
FCAR	46	39	72
FCER1A	64	35	73
FCER1G	65	48	67
FCER2	117	92	162
FCF1	1064	780	1328
FCGBP	446	350	577
FCGR1A	17	3	18
FCGR2A	78	37	77
FCGR2B	51	27	88
FCGR2C	99	44	70
FCGR3A	10	4	8
FCGR3B	0	2	0
FCGRT	1726	1064	2117
FCHO1	269	209	345
FCHO2	8947	5737	10999
FCHO2-DT	32	31	64
FCHSD1	350	252	415
FCHSD2	12746	8411	15861
FCMR	153	130	214
FCN1	98	85	109
FCN2	17	24	32
FCN3	30	19	41
FCRL1	97	83	82
FCRL2	103	68	135
FCRL3	137	69	125
FCRL3-AS1	16	7	21
FCRL4	81	51	109
FCRL5	161	109	203
FCRL6	59	34	73
FCRLA	26	12	26
FCRLB	45	28	77
FCSK	491	332	570
FDCSP	20	16	26
FDFT1	1954	1512	2608
FDPS	2072	1515	2419
FDX1	1744	1201	2238
FDX2-ZGLP1	18	13	30
FDXACB1	15	10	21
FDXR	254	245	381
FECH	780	642	1074
FEM1A	416	340	553
FEM1B	691	621	980
FEM1C	1328	869	1524
FEN1	8	7	2
FENDRR	147	99	210
FER	21582	13447	25948
FER-AS2	166	120	203
FER1L5	360	243	561
FER1L6	900	671	1217
FER1L6-AS1	171	102	209
FER1L6-AS2	298	194	386
FERD3L	20	13	19
FERMT1	849	777	1335
FERMT2	8647	4922	8885
FERMT3	148	119	206
FERRISR	853	615	1420
FES	490	349	569
FETUB	59	51	59
FEV	18	7	39
FEZ1	919	579	1175
FEZ2	3618	2408	4834
FEZF1	83	38	98
FEZF1-AS1	72	40	64
FEZF2	15	5	22
FFAR1	35	18	39
FFAR2	43	26	57
FFAR3	12	3	10
FFAR4	245	156	273
FGA	31	40	45
FGB	40	57	44
FGD1	1427	843	1674
FGD2	236	200	292
FGD3	1257	956	1632
FGD4	7343	4930	8396
FGD5	3828	2221	4048
FGD5-AS1	942	701	1089
FGD6	4502	3171	7213
FGF1	737	556	926
FGF10	3556	1511	2298
FGF10-AS1	3258	1670	2238
FGF12	4091	2491	5268
FGF12-AS1	165	79	216
FGF12-AS2	6	2	5
FGF12-AS3	9	6	12
FGF13	8136	9347	9568
FGF13-AS1	48	29	53
FGF14	3910	2414	5716
FGF14-AS1	17	19	29
FGF14-AS2	24	30	57
FGF16	55	38	66
FGF17	52	39	65
FGF18	734	442	609
FGF19	48	34	71
FGF2	1384	1088	1487
FGF20	71	50	130
FGF21	8	7	9
FGF22	22	21	43
FGF23	45	46	95
FGF3	30	11	33
FGF4	9	6	24
FGF5	166	119	249
FGF6	62	81	79
FGF7	6009	3520	4979
FGF8	59	36	80
FGF9	297	239	318
FGFBP1	17	9	20
FGFBP2	10	6	11
FGFBP3	119	90	162
FGFBP3-AS1	13	20	41
FGFR1	11518	7974	14285
FGFR1OP2	3120	2257	4058
FGFR2	13826	9749	18886
FGFR3	1025	720	1378
FGFR4	124	183	152
FGFRL1	198	203	226
FGG	39	63	41
FGGY	4456	3758	6484
FGGY-DT	863	610	1105
FGL1	275	235	547
FGL1-AS1	26	20	29
FGL2	122	110	111
FGR	240	149	277
FH	633	506	838
FHAD1	1068	691	1357
FHAD1-AS1	155	78	140
FHDC1	2010	1586	3367
FHDC1-AS1	24	15	46
FHIP1A	4206	4342	7193
FHIP1A-DT	23	22	39
FHIP1B	1236	839	1459
FHIP2A	2894	1960	3760
FHIP2B	1164	910	1660
FHIT	17268	12023	21838
FHL1	3187	2345	3187
FHL1P1	75	55	106
FHL2	1872	1345	1935
FHL3	511	461	715
FHL5	178	113	251
FHOD1	494	442	723
FHOD3	8167	7206	10430
FIBCD1	136	100	217
FIBCD1-AS1	49	25	59
FIBIN	103	69	104
FIBP	453	331	601
FICD	162	110	181
FIG4	2798	1969	3793
FIGLA	57	51	79
FIGN	4838	3394	9650
FIGNL1	650	446	1076
FIGNL2	777	426	741
FIGNL2-DT	78	49	105
FILIP1	4316	3667	4793
FILIP1-AS1	163	91	175
FILIP1L	7374	6832	8410
FILNC1	574	365	788
FIP1L1	720	541	962
FIRRE	1672	1123	2260
FIS1	963	725	1213
FITM1	21	40	19
FITM2	263	195	418
FIZ1	331	208	363
FJX1	45	26	63
FKBP10	1401	930	1480
FKBP14	555	431	657
FKBP14-AS1	275	193	359
FKBP15	2594	1815	3116
FKBP1A	10	4	7
FKBP1B	6	3	7
FKBP1C	12	13	14
FKBP2	13	8	10
FKBP3	957	752	1265
FKBP4	365	259	434
FKBP5	2136	1327	2926
FKBP6	140	102	205
FKBP7	394	349	523
FKBP8	590	446	789
FKBP8-AS1	3	4	0
FKBP9	3382	2292	4537
FKBPL	44	37	54
FKRP	551	351	810
FKTN	3646	2362	4615
FKTN-AS1	13	13	31
FLACC1	675	410	955
FLAD1	623	537	837
FLG	149	160	167
FLG-AS1	5449	3183	6441
FLG2	76	137	104
FLI1	6682	3846	8095
FLICR	2	0	0
FLII	1054	743	1187
FLJ12825	701	295	754
FLJ13224	30	29	35
FLJ16779	111	76	185
FLJ20021	31	26	45
FLJ36000	15	7	16
FLJ40194	355	276	527
FLJ40288	277	159	397
FLJ42969	103	78	153
FLJ46284	982	996	1527
FLNA	4843	3460	6280
FLNB	10761	6926	10756
FLNB-AS1	71	36	63
FLNC	1159	1480	1349
FLNC-AS1	81	79	109
FLOT1	1582	1050	1936
FLOT2	825	586	1074
FLRT1	182	115	250
FLRT2	25053	16766	35568
FLRT2-AS1	244	175	361
FLRT3	924	827	1773
FLT1	3629	2197	4750
FLT3	471	326	558
FLT4	994	603	962
FLVCR1	1246	893	1470
FLVCR1-DT	127	117	172
FLVCR2	667	443	788
FLVCR2-AS1	34	36	57
FLYWCH1	1172	860	1548
FLYWCH1-AS1	122	94	128
FLYWCH2	375	353	615
FMC1	14	3	16
FMN1	7091	6217	12206
FMN2	2131	1431	2888
FMNL1	227	170	294
FMNL1-AS1	27	28	54
FMNL1-DT	278	196	400
FMNL2	22700	15304	32200
FMNL3	4618	2915	5934
FMO1	323	204	429
FMO1-AS1	6777	3469	6722
FMO2	145	92	166
FMO3	57	54	78
FMO4	572	451	794
FMO5	393	271	509
FMOD	225	134	289
FMR1	2049	1303	2723
FMR1-AS1	25	18	22
FMR1NB	152	110	172
FN1	11625	6662	14023
FN1-DT	41	29	65
FN3K	418	292	474
FN3KRP	690	545	918
FNBP1	9983	6576	12130
FNBP1L	10522	7896	14720
FNBP4	13468	9544	16615
FNDC1	16834	11020	12154
FNDC1-AS1	119	83	100
FNDC10	5	2	8
FNDC11	58	48	78
FNDC3A	10981	7594	15455
FNDC3B	46081	29564	50158
FNDC4	86	68	105
FNDC5	606	590	844
FNDC7	130	87	163
FNDC8	21	21	28
FNIP1	2	0	2
FNIP2	3653	2207	4166
FNTA	866	647	1094
FNTB	30	24	46
FOCAD	8629	5959	12211
FOCAD-AS1	44	19	56
FOLH1	2792	2803	4484
FOLR1	20	8	19
FOLR1-AS1	186	122	220
FOLR2	26	32	31
FOLR3	54	48	70
FOS	18084	5724	9955
FOS-AS1	383	265	546
FOSB	11581	2369	4273
FOSL1	131	76	142
FOSL2	2016	1213	2051
FOSL2-AS1	126	70	144
FOXA1	27	17	31
FOXA2	35	26	39
FOXA3	52	38	73
FOXB1	233	184	312
FOXB2	16	5	8
FOXC1	44	75	52
FOXC2	20	16	24
FOXC2-AS1	6	2	11
FOXCUT	58	35	83
FOXD1	40	32	67
FOXD1-AS1	10	7	5
FOXD2	17	22	30
FOXD2-AS1	58	43	66
FOXD3	33	29	31
FOXD3-AS1	52	53	91
FOXD4	12	8	21
FOXD4L1	12	9	3
FOXD4L3	4	3	3
FOXD4L4	4	5	10
FOXD4L5	1	3	2
FOXD4L6	2	0	0
FOXE1	15	33	24
FOXE3	2	3	5
FOXF1	21	21	38
FOXF2	34	14	35
FOXF2-DT	8	3	8
FOXG1-AS1	74	47	125
FOXH1	21	28	33
FOXI1	17	13	23
FOXI2	12	12	19
FOXI3	94	50	167
FOXJ1	38	22	48
FOXJ2	637	457	818
FOXJ3	10528	7505	13397
FOXK1	3818	2687	4518
FOXK2	4974	3770	6501
FOXK2-AS1	8	5	16
FOXL1	54	35	50
FOXL2	38	19	24
FOXL2NB	29	20	30
FOXL3	4	2	5
FOXM1	491	349	707
FOXN1	352	320	482
FOXN2	2819	1907	3155
FOXN3	12312	10146	17741
FOXN3-AS1	17	11	21
FOXN3-AS2	6	6	12
FOXN3-AS3	66	54	97
FOXN3-AS4	108	60	132
FOXN4	115	87	162
FOXO1	5077	3658	5171
FOXO3	6263	4537	7900
FOXO3B	272	192	361
FOXO4	151	113	228
FOXO6	591	534	758
FOXO6-AS1	28	18	15
FOXP1	394	236	396
FOXP1-AS1	64	39	97
FOXP2	7951	6006	8408
FOXP3	107	68	138
FOXP4	695	443	990
FOXP4-AS1	451	318	596
FOXQ1	22	13	34
FOXR1	23	14	36
FOXR2	5	4	8
FOXRED1	1028	685	1283
FOXRED2	280	194	346
FOXS1	17	19	26
FPASL	37	37	68
FPGS	845	654	1120
FPGT-TNNI3K	10	6	6
FPR1	208	142	387
FPR2	34	20	39
FPR3	135	72	165
FRA10AC1	5044	3653	6389
FRAS1	6154	4497	12126
FRAT1	14	11	25
FRAT2	18	25	43
FREM1	11814	9381	22880
FREM2	1743	1474	2676
FREM2-AS1	30	14	19
FREM3	376	255	484
FRG1	1174	802	1504
FRG1-DT	2200	1531	3899
FRG2	4	1	5
FRG2B	1	0	4
FRG2C	8	5	13
FRMD1	246	167	250
FRMD3	7735	5007	10467
FRMD3-AS1	268	157	366
FRMD4A	23319	14229	28752
FRMD4A-AS1	114	62	114
FRMD4A-AS2	73	57	90
FRMD4A-AS3	78	39	80
FRMD4B	16844	10974	23393
FRMD5	2123	1389	3228
FRMD6	10121	9109	15351
FRMD6-AS2	1526	1232	2165
FRMD7	98	82	182
FRMD8	693	605	968
FRMPD1	469	548	742
FRMPD2	288	202	386
FRMPD3	736	474	1085
FRMPD3-AS1	88	56	120
FRMPD4	3885	2874	4720
FRMPD4-AS1	3	1	3
FRRS1	807	660	1104
FRRS1L	895	412	948
FRS2	6221	4589	7499
FRS3	295	202	392
FRY	7801	7300	10818
FRY-AS1	33	32	40
FRYL	13268	9472	16999
FRZB	328	306	539
FSCB	22	14	28
FSCN1	1285	903	1449
FSCN2	161	105	220
FSCN3	90	65	117
FSD1	140	103	169
FSD1L	3802	2837	4785
FSD2	241	539	302
FSHB	16	8	22
FSHR	698	520	864
FSIP1	941	587	1208
FSIP2	854	671	2242
FSIP2-AS1	1802	1147	2573
FST	808	560	1011
FSTL1	12101	6711	12354
FSTL3	386	251	507
FSTL4	1357	1099	1808
FSTL4-AS1	87	57	90
FSTL4-AS2	120	92	203
FSTL4-AS3	0	1	0
FSTL5	3539	2412	7461
FSTL5-AS1	77	63	93
FTCD	306	271	414
FTCD-AS1	7	12	9
FTCDNL1	638	507	948
FTH1	1275	1052	1720
FTHL17	3	2	3
FTL	500	553	575
FTMT	2	5	4
FTO	20296	15103	24430
FTSJ1	671	467	899
FTSJ3	973	617	1242
FTX	50386	34834	62743
FUBP1	7127	5202	9507
FUBP3	3618	2535	4808
FUCA1	189	137	268
FUCA2	917	637	1057
FUNDC1	270	197	367
FUNDC2	643	417	708
FUOM	126	95	162
FURIN	296	226	389
FUS	10702	7234	13737
FUT1	54	34	70
FUT10	3237	2354	4264
FUT11	251	184	338
FUT2	34	16	58
FUT3	31	23	44
FUT5	0	0	5
FUT6	27	30	33
FUT7	7	5	8
FUT8	8027	5591	11373
FUT8-AS1	28	30	42
FUT9	648	435	962
FUZ	292	211	434
FXR1	6942	5328	9471
FXR2	792	602	987
FXYD2	48	27	59
FXYD3	4	3	6
FXYD4	11	4	10
FXYD5	372	250	506
FXYD6	25	23	31
FXYD6-AS1	54	36	57
FXYD6-FXYD2	152	118	174
FXYD7	37	23	48
FYB1	844	532	1040
FYB2	308	235	404
FYCO1	1736	1247	2171
FYN	17798	10444	19794
FYTTD1	1903	1283	2370
FZD1	106	75	120
FZD10	46	27	56
FZD10-AS1	328	292	620
FZD2	82	74	108
FZD3	953	873	1635
FZD4	1416	856	1342
FZD4-DT	514	385	588
FZD5	52	50	81
FZD6	1203	1030	1632
FZD7	124	110	161
FZD8	35	44	68
FZD9	6	13	14
FZR1	1204	851	1669
G0S2	197	159	171
G2E3	4492	3097	5935
G2E3-AS1	650	417	862
G3BP1	3726	2695	4324
G3BP2	2796	2241	3337
G6PC1	38	37	58
G6PC2	21	16	42
G6PC3	251	175	328
G6PD	486	364	621
GAA	550	374	769
GAB1	12186	9402	16419
GAB2	7662	4051	7403
GAB3	932	565	968
GAB4	102	67	156
GABARAP	18	14	26
GABARAPL1	547	379	736
GABARAPL1-AS1	0	1	4
GABARAPL2	556	396	715
GABBR1	5066	3283	6474
GABBR2	1590	1020	2192
GABPA	1764	1176	2156
GABPB1	2165	1540	2681
GABPB1-AS1	4278	3308	7804
GABPB2	3050	2250	4082
GABRA1	174	91	166
GABRA2	1238	709	2075
GABRA2-AS1	401	218	507
GABRA3	748	507	1017
GABRA3-AS1	92	62	142
GABRA4	247	190	381
GABRA5	245	138	341
GABRA6	610	387	749
GABRA6-AS1	6	3	6
GABRB1	1442	890	1871
GABRB2	930	764	1277
GABRB3	1679	1255	2892
GABRD	89	64	96
GABRE	3709	2780	4776
GABRG1	194	120	262
GABRG2	476	326	577
GABRG3	2646	1619	4356
GABRG3-AS1	518	308	657
GABRG3-AS2	9	2	14
GABRP	237	294	295
GABRQ	105	64	106
GABRR1	185	151	265
GABRR2	434	305	526
GABRR3	202	97	244
GACAT1	290	181	403
GACAT2	58	51	78
GACAT3	356	246	410
GAD1	277	189	339
GAD1-AS1	48	33	45
GAD2	334	231	451
GADD45A	117	100	127
GADD45B	265	141	249
GADD45G	182	141	187
GADD45GIP1	88	134	118
GADL1	627	974	853
GAGE1	9	2	7
GAGE10	47	29	62
GAGE12C	0	0	3
GAGE12J	5	4	11
GAGE13	8	1	4
GAGE2A	10	4	12
GAGE2E	11	8	18
GAK	5716	4020	8020
GAL	36	27	49
GAL3ST1	71	53	124
GAL3ST2	95	88	132
GAL3ST2-AS1	3	2	4
GAL3ST3	38	29	66
GAL3ST4	321	192	307
GALC	1538	997	1994
GALE	291	246	424
GALK1	158	118	206
GALK2	5432	3953	7076
GALM	1252	812	1496
GALM-AS1	11	3	15
GALNS	1729	1138	2290
GALNT1	5242	3695	6598
GALNT10	2851	1890	3249
GALNT11	4485	3052	5962
GALNT12	270	157	383
GALNT13	2842	2249	3903
GALNT13-AS1	80	54	113
GALNT14	950	787	1303
GALNT15	815	500	1526
GALNT16	3536	2076	3464
GALNT16-AS1	231	153	322
GALNT17	17366	8510	14571
GALNT18	7242	4984	9711
GALNT18-AS1	13	7	22
GALNT2	5860	4224	7294
GALNT3	866	507	948
GALNT5	671	415	772
GALNT6	243	177	364
GALNT7	3086	2301	3735
GALNT7-AS1	29	11	41
GALNT7-DT	672	476	845
GALNT8	477	270	561
GALNT9	700	438	1112
GALNT9-AS1	11	9	14
GALNTL5	179	120	231
GALNTL6	6636	5276	10202
GALP	49	48	83
GALR1	116	88	225
GALR3	14	11	17
GALT	101	66	132
GAMT	136	198	241
GAN	2282	1811	3116
GANAB	1439	1128	1868
GANC	2464	1798	3268
GAP43	635	482	787
GAPDH	661	797	926
GAPDH-AS1	16	17	20
GAPDH-DT	10	13	21
GAPDHS	57	24	61
GAPLINC	120	62	150
GAPT	14	8	16
GAPVD1	5314	3677	6846
GAR1	754	444	847
GAR1-DT	7	14	10
GAREM1	7585	5410	10229
GAREM2	164	133	236
GARIN1A	276	219	396
GARIN1B	94	55	121
GARIN2	161	101	206
GARIN3	10	9	18
GARIN4	19	10	24
GARIN5A	72	74	127
GARIN5B	8	4	11
GARIN6	13	10	19
GARNL3	10978	6989	14175
GARRE1	4384	2874	5241
GARS1	2910	2079	3756
GARS1-DT	5114	3401	6211
GART	2540	1864	3302
GAS1	376	238	369
GAS1RR	973	861	1155
GAS2	2709	2863	3402
GAS2L1	198	139	241
GAS2L2	41	19	49
GAS2L3	1983	1345	2654
GAS5	10772	6991	12117
GAS5-AS1	16	12	27
GAS6	1989	1629	2949
GAS6-AS1	295	221	351
GAS6-DT	11	2	13
GAS7	20002	13345	23223
GAS8	1448	953	1761
GAS8-AS1	2	2	6
GASAL1	81	42	64
GASK1A	262	168	376
GASK1B	2270	1423	2365
GASK1B-AS1	464	265	576
GAST	7	5	10
GATA1	39	32	38
GATA2	298	164	322
GATA2-AS1	381	246	522
GATA3	2212	2466	3845
GATA3-AS1	59	61	90
GATA4	435	298	776
GATA5	70	48	92
GATA6	521	233	461
GATA6-AS1	86	22	58
GATA6-AS2	29	12	18
GATAD1	740	625	1034
GATAD2A	5463	4050	7159
GATAD2B	10410	7589	13042
GATB	1234	885	1652
GATB-AS1	35	32	47
GATC	211	178	260
GATD1	915	763	1216
GATD1-DT	821	646	1222
GATD3	194	175	144
GATM	400	627	552
GAU1	89	49	111
GBA	151	124	247
GBA2	946	734	1186
GBA3	562	347	742
GBE1	3873	3009	5187
GBF1	9565	6630	11528
GBP1	2076	692	1127
GBP2	358	238	549
GBP3	220	169	303
GBP4	119	101	153
GBP5	147	118	163
GBP6	95	70	100
GBP7	182	101	264
GBX1	258	247	222
GBX2	34	19	49
GBX2-AS1	909	597	1226
GC	168	165	225
GCA	501	386	720
GCAT	171	128	238
GCC1	237	146	307
GCC2	6419	4215	8258
GCC2-AS1	615	509	932
GCDH	734	646	1138
GCFC2	4131	3150	4984
GCG	18	10	27
GCGR	52	30	68
GCH1	391	297	475
GCHFR	28	19	37
GCK	205	131	254
GCKR	81	72	137
GCLC	2014	1416	2998
GCLC-AS1	10	7	13
GCLM	469	378	604
GCM1	165	140	320
GCM2	21	12	43
GCN1	3762	2545	4847
GCNA	515	488	816
GCNT1	3471	1776	4610
GCNT2	2175	1575	2996
GCNT3	193	118	259
GCNT4	303	270	555
GCNT7	105	85	118
GCOM1	116	74	177
GCSAM	56	37	68
GCSAML	425	233	552
GCSH	4	5	8
GCSIR	74	33	98
GDA	511	329	785
GDAP1	1804	1332	2597
GDAP1L1	243	192	306
GDAP2	2093	1582	2905
GDE1	258	228	362
GDF10	89	67	118
GDF11	680	455	821
GDF15	117	86	235
GDF2	11	10	18
GDF3	23	14	21
GDF5	121	95	157
GDF5-AS1	40	37	51
GDF6	147	77	193
GDF7	79	46	85
GDF9	64	41	79
GDI1	2388	1544	2880
GDI2	4523	3171	5802
GDNF	435	284	604
GDNF-AS1	1012	703	1355
GDPD1	556	451	804
GDPD2	39	24	62
GDPD3	295	199	308
GDPD4	364	233	537
GDPD5	1345	943	1687
GDPGP1	18	7	13
GEM	692	318	717
GEMIN2	673	513	887
GEMIN4	370	263	445
GEMIN5	1756	1189	2187
GEMIN6	390	254	506
GEMIN7	2	6	8
GEMIN7-AS1	376	281	482
GEMIN8	1153	877	1434
GEN1	1576	1174	2590
GET1	36	11	35
GET1-SH3BGR	217	136	207
GET3	351	189	376
GET4-AS1	62	39	62
GFAP	60	62	89
GFER	57	46	72
GFI1	92	60	127
GFI1B	181	153	264
GFM1	2352	1791	2902
GFM2	2181	1497	2891
GFOD1	4969	2982	6134
GFOD1-AS1	5	4	8
GFOD2	1465	1114	1782
GFPT1	6356	4332	7711
GFPT2	1012	722	1056
GFRA1	5818	4425	8902
GFRA2	1770	1338	2539
GFRA3	176	123	290
GFRA4	25	11	28
GFRAL	242	166	327
GFUS	295	213	338
GFY	31	32	48
GGA1	1266	909	1620
GGA2	2731	1929	3415
GGA3	2153	1574	2711
GGACT	72	55	129
GGCT	54	39	75
GGCX	1116	834	1424
GGH	409	306	644
GGN	30	26	36
GGNBP2	4661	3340	5782
GGPS1	27	16	50
GGT5	377	296	398
GGT6	50	39	70
GGT7	1349	841	1627
GGTA1	734	535	911
GGTLC1	12	3	18
GGTLC2	11	4	5
GH2	51	45	142
GHDC	83	76	127
GHET1	16	10	30
GHITM	595	452	739
GHR	11402	8257	14818
GHRH	20	18	34
GHRHR	280	165	322
GHRL	62	33	61
GHRLOS	346	227	420
GHSR	18	13	28
GID4	522	421	760
GID8	637	490	878
GIGYF1	2056	1461	2885
GIGYF2	9998	7433	13077
GIHCG	244	159	380
GIMAP1	0	1	3
GIMAP2	102	75	166
GIMAP4	128	118	172
GIMAP5	53	25	72
GIMAP6	100	72	94
GIMAP7	115	80	155
GIMAP8	476	329	513
GIMD1	29	19	34
GIN1	771	653	1087
GINM1	1368	1015	1790
GINS1	1588	1080	2257
GINS2	551	388	767
GINS3	685	429	813
GINS4	590	362	825
GIP	26	30	37
GIPC1	1089	960	1525
GIPC2	1384	904	1607
GIPC3	87	42	86
GIPR	684	539	996
GIT1	665	553	851
GIT2	3917	2894	5238
GJA1	1805	1621	2493
GJA10	60	39	84
GJA3	75	86	100
GJA4	31	22	34
GJA5	383	272	512
GJA8	42	38	68
GJB1	35	28	61
GJB2	118	215	198
GJB3	45	34	60
GJB4	10	18	26
GJB5	23	32	58
GJB6	327	589	542
GJB7	204	106	319
GJC1	2196	1535	2995
GJC2	85	73	111
GJC3	17	21	23
GJD2	13	11	24
GJD2-DT	162	141	147
GJD3	23	15	28
GJD3-AS1	35	22	34
GJD4	22	7	22
GJD4-AS1	14	13	26
GJE1	1	3	10
GK	740	516	1064
GK-AS1	70	52	102
GK2	6	5	7
GK3P	9	1	14
GK5	4047	3028	4802
GKAP1	954	776	1221
GKN1	17	11	19
GKN2	21	13	27
GLA	377	197	361
GLB1	1959	1272	2270
GLB1L	199	129	268
GLB1L2	208	135	261
GLB1L3	160	107	200
GLCCI1	4002	3010	5635
GLCCI1-DT	75	46	92
GLCE	3500	2406	4057
GLDC	426	289	659
GLDN	957	863	1336
GLE1	1044	821	1509
GLELR	35	35	49
GLG1	9063	6602	10983
GLI1	1811	1007	2696
GLI2	20056	12501	28374
GLI3	19285	13562	29792
GLI4	69	43	63
GLIDR	268	281	566
GLIPR1	173	100	149
GLIPR1-AS1	48	27	52
GLIPR1L1	90	51	101
GLIPR1L2	424	314	351
GLIPR2	1304	865	1552
GLIS1	6249	4058	9055
GLIS2	589	424	683
GLIS2-AS1	76	36	77
GLIS3	12202	8926	18298
GLIS3-AS1	10	6	9
GLIS3-AS2	34	27	47
GLMN	4040	2773	5043
GLMP	232	163	331
GLO1	1153	978	1616
GLOD4	738	599	1049
GLOD5	94	70	113
GLP1R	127	84	180
GLP2R	172	142	242
GLRA1	367	254	499
GLRA2	653	470	853
GLRA3	487	304	653
GLRB	655	352	699
GLRX	540	369	664
GLRX2	376	316	535
GLRX3	3911	2910	5182
GLRX5	256	149	304
GLS	11700	8212	12561
GLS2	2	3	7
GLT1D1	900	668	1252
GLT6D1	74	41	105
GLT8D1	1240	839	1451
GLT8D2	1816	1519	1883
GLTC1	59	69	107
GLTP	1145	926	1558
GLTPD2	25	18	38
GLUD1	2374	1579	2816
GLUD2	68	34	80
GLUL	1352	1195	1754
GLYAT	393	256	520
GLYATL1	502	338	758
GLYATL1-AS1	1201	672	1058
GLYATL1B	16	7	18
GLYATL2	2265	1405	3814
GLYATL3	84	73	110
GLYCTK	584	373	668
GLYCTK-AS1	73	58	120
GLYR1	4708	3244	5909
GM2A	455	355	669
GMCL1	2374	1765	3016
GMCL2	4	4	9
GMDS	12605	8274	15637
GMDS-DT	15211	9566	17786
GMEB1	1370	932	1718
GMEB2	1037	612	1189
GMFB	1076	645	1280
GMFG	293	191	327
GMIP	505	360	718
GML	146	115	228
GMNC	130	78	143
GMNN	702	488	1046
GMPPA	588	448	733
GMPPB	334	197	387
GMPR	664	635	786
GMPR2	383	270	548
GMPS	3563	2484	4458
GNA11	750	563	979
GNA12	4217	2737	5461
GNA13	2101	1471	2525
GNA14	2349	1457	2318
GNA14-AS1	329	163	420
GNA15	227	172	283
GNA15-DT	38	29	64
GNAI1	7162	4399	8477
GNAI2	1576	1033	1946
GNAI3	3851	2425	4329
GNAL	1454	1300	2062
GNAO1	1957	1121	2881
GNAO1-AS1	11	6	13
GNAO1-DT	895	595	1161
GNAQ	15674	10023	18425
GNAS	10271	9107	12370
GNAS-AS1	1165	837	1487
GNAT1	41	25	61
GNAT2	111	67	119
GNAT3	201	92	192
GNAZ	283	210	324
GNB1	12962	8486	15904
GNB1-DT	15	14	14
GNB1L	604	473	794
GNB2	375	330	458
GNB3	134	128	172
GNB4	5066	3040	5174
GNB5	1282	866	1657
GNE	2201	1439	2648
GNG11	666	494	888
GNG12	6238	3544	6136
GNG12-AS1	2738	1666	3188
GNG13	16	11	24
GNG14	3	3	0
GNG2	4831	3091	6707
GNG3	17	13	32
GNG4	721	474	919
GNG5	0	0	2
GNG7	2271	1579	2964
GNG8	88	56	92
GNGT1	1169	926	1860
GNGT2	30	19	26
GNL1	1458	881	1627
GNL2	2318	1548	2841
GNL3	6598	4218	8262
GNL3L	3170	2313	4341
GNLY	45	34	64
GNMT	34	22	36
GNPAT	2110	1526	2776
GNPDA1	303	231	365
GNPDA2	1043	747	1498
GNPNAT1	627	420	720
GNPTAB	1751	1235	2305
GNPTG	1908	1333	2493
GNRH1	150	99	237
GNRH2	32	21	36
GNRHR	50	45	63
GNS	1337	961	1751
GOLGA1	7308	4684	7650
GOLGA2	6194	4043	7361
GOLGA3	4588	3008	5387
GOLGA4	16164	11317	20052
GOLGA4-AS1	56	22	74
GOLGA5	2441	1958	3202
GOLGA6A	11	10	14
GOLGA6B	16	16	14
GOLGA6C	12	6	14
GOLGA6D	6	4	7
GOLGA6L1	0	0	2
GOLGA6L10	170	85	265
GOLGA6L2	64	40	82
GOLGA6L22	8	4	12
GOLGA6L24P	6	1	4
GOLGA6L25P	4	0	6
GOLGA6L26	2	1	0
GOLGA6L4	11	10	40
GOLGA6L6	5	2	11
GOLGA6L7	21	10	24
GOLGA6L9	263	171	338
GOLGA6L9-AS1	322	233	478
GOLGA7	781	564	1034
GOLGA7B	144	155	204
GOLGA7B-DT	67	47	81
GOLGA8A	3452	2333	4206
GOLGA8B	1170	1312	1969
GOLGA8F	4	1	4
GOLGA8G	10	4	6
GOLGA8H	59	34	82
GOLGA8J	24	12	32
GOLGA8K	21	9	39
GOLGA8M	257	142	202
GOLGA8N	257	151	290
GOLGA8O	14	11	52
GOLGA8Q	24	17	48
GOLGA8R	91	46	93
GOLGA8S	14	12	23
GOLGA8T	7	4	24
GOLGB1	10661	7079	13748
GOLIM4	3721	2653	4454
GOLM1	2773	1789	3551
GOLM2	6901	4619	8425
GOLPH3	4355	2651	4743
GOLPH3-DT	50	52	58
GOLPH3L	1419	1029	1936
GOLT1A	93	56	115
GOLT1B	1090	820	1300
GON4L	5964	4184	7420
GON7	252	196	360
GOPC	3304	2411	4402
GORAB	1981	1356	2472
GORAB-AS1	352	227	437
GORASP1	566	351	743
GORASP2	2422	1632	3062
GOSR1	4298	3022	5569
GOSR2	3	1	1
GOSR2-DT	32	35	47
GOT1	620	526	767
GOT1-DT	347	274	485
GOT2	868	636	1138
GP1BA	9	8	15
GP2	45	37	69
GP5	53	29	78
GP6	213	172	306
GP6-AS1	204	115	351
GP9	6	6	10
GPA33	397	255	533
GPA33-AS1	36	25	45
GPAA1	278	217	358
GPALPP1	2478	1909	3278
GPAM	2006	1631	2535
GPANK1	262	204	389
GPAT2	68	41	58
GPAT3	1101	700	811
GPAT4	2085	1359	2560
GPAT4-AS1	577	414	796
GPATCH1	2161	1558	2928
GPATCH11	754	505	971
GPATCH2	6411	4470	7913
GPATCH2L	4341	3326	5588
GPATCH3	247	197	307
GPATCH4	446	324	563
GPATCH8	13333	9670	17002
GPBAR1	38	28	51
GPBP1	9713	6411	11672
GPBP1-DT	19	11	29
GPBP1L1	8642	6330	11301
GPC1	1072	749	1702
GPC1-AS1	135	95	222
GPC2	464	308	623
GPC3	25494	14947	29865
GPC4	3467	2728	4145
GPC5	13960	14576	18893
GPC5-AS1	87	53	98
GPC5-AS2	110	84	149
GPC6	24996	16889	31028
GPC6-AS1	65	41	78
GPC6-AS2	29	14	38
GPCPD1	7980	5884	9265
GPD1	296	326	290
GPD1L	1256	953	1505
GPD2	3791	2606	4752
GPER1	166	137	158
GPHA2	5	7	7
GPHB5	20	15	39
GPHN	16703	12379	22116
GPI	2145	1511	2392
GPIHBP1	89	54	81
GPKOW	331	256	437
GPLD1	544	453	698
GPM6A	2165	1364	2341
GPM6A-DT	54	46	77
GPM6B	4036	2251	5736
GPN1	384	246	442
GPN2	418	346	522
GPN2-AS1	11	3	18
GPN3	356	276	533
GPNMB	1243	1102	2088
GPR101	46	23	52
GPR107	4372	2954	5585
GPR108	403	306	541
GPR119	26	19	28
GPR12	14	9	9
GPR132	139	71	187
GPR135	1043	894	1282
GPR137	842	686	1125
GPR137B	1885	1342	2649
GPR137C	2570	1706	3535
GPR139	101	64	149
GPR141	0	0	2
GPR142	15	8	16
GPR143	588	347	825
GPR146	133	97	158
GPR148	1	1	6
GPR149	378	148	404
GPR15	9	7	10
GPR150	3	3	18
GPR151	5	2	9
GPR152	7	4	2
GPR153	654	649	831
GPR155	1119	786	1472
GPR155-DT	9	9	12
GPR156	712	566	913
GPR157	204	190	288
GPR158	1351	871	1790
GPR158-AS1	68	27	88
GPR160	290	178	339
GPR161	1888	1408	2824
GPR162	170	99	214
GPR17	102	57	172
GPR171	22	18	28
GPR173	3704	2331	4364
GPR174	97	73	118
GPR176	1493	926	2261
GPR176-DT	18	21	24
GPR179	77	46	100
GPR18	45	32	44
GPR180	1786	1275	2098
GPR182	26	17	26
GPR183	156	80	131
GPR19	241	130	306
GPR20	76	72	145
GPR22	9	9	3
GPR25	8	5	15
GPR26	84	52	113
GPR27	9	10	10
GPR3	41	23	31
GPR31	5	4	9
GPR32	3	0	4
GPR33	31	20	39
GPR34	76	55	94
GPR35	146	134	213
GPR37	121	106	122
GPR37L1	91	71	107
GPR39	1106	817	1498
GPR42	5	0	7
GPR45	22	10	14
GPR50	10	12	19
GPR50-AS1	16	8	13
GPR55	333	260	483
GPR55-AS1	4	2	4
GPR6	10	4	13
GPR61	70	55	75
GPR62	13	6	27
GPR63	328	255	394
GPR65	33	24	65
GPR68	175	97	216
GPR78	261	173	431
GPR82	32	22	40
GPR83	91	52	93
GPR84	18	6	20
GPR85	216	163	245
GPR87	196	256	311
GPR88	32	11	26
GPR89A	937	623	1365
GPR89B	1045	770	1484
GPRACR	14	5	25
GPRC5A	477	250	542
GPRC5B	1541	1072	1427
GPRC5C	191	202	256
GPRC5D	43	30	54
GPRC5D-AS1	705	315	683
GPRC6A	112	57	119
GPRIN1	184	94	232
GPRIN2	168	102	272
GPRIN3	889	590	1186
GPS1	282	190	374
GPS2	40	38	47
GPSM1	1511	1017	1894
GPSM2	3347	2598	4474
GPSM3	164	76	168
GPT	26	33	27
GPT2	962	942	1209
GPX1	68	52	59
GPX2	17	11	21
GPX3	68	78	97
GPX4	233	201	386
GPX5	23	17	31
GPX6	90	58	122
GPX7	272	174	310
GPX8	515	472	803
GRAMD1A	1553	1128	1937
GRAMD1A-AS1	28	9	31
GRAMD1B	2135	1520	3250
GRAMD1C	1185	836	1297
GRAMD2A	219	189	512
GRAMD2B	3140	2524	4423
GRAMD2B-AS1	476	380	647
GRAMD4	1722	1358	2247
GRAP	178	91	200
GRAP2	273	208	311
GRAPL	98	28	83
GRASLND	65	22	68
GRB10	7037	4364	8899
GRB14	614	476	830
GRB2	3879	2968	4880
GRB7	181	147	282
GREB1	2726	1884	3674
GREB1L	1495	1617	1810
GREB1L-AS1	492	322	689
GREB1L-DT	4	1	3
GREM1	518	314	554
GREM1-AS1	20	8	28
GREM2	4314	2966	8302
GREP1	1207	966	2239
GRHL1	1794	1632	2467
GRHL2	4640	4071	8828
GRHL3	871	703	1196
GRHL3-AS1	104	75	161
GRHPR	1005	733	1252
GRIA1	2273	1912	2297
GRIA2	2407	1475	4909
GRIA3	4022	2196	5926
GRIA4	4866	4649	9963
GRID1	8753	4913	10648
GRID1-AS1	115	102	137
GRID1-AS2	17	12	25
GRID2	19851	7288	17934
GRID2-AS1	20	9	18
GRID2IP	472	288	676
GRIFIN	9	10	7
GRIK1	4219	3518	7039
GRIK1-AS1	228	135	484
GRIK1-AS3	4	7	13
GRIK2	6817	4174	9522
GRIK3	756	489	1007
GRIK4	2957	1649	4481
GRIK5	1109	794	1531
GRIN1	144	93	170
GRIN2A	1424	939	1807
GRIN2B	1915	1171	2429
GRIN2C	143	76	202
GRIN2D	693	371	703
GRIN3A	1030	493	961
GRIN3B	73	47	100
GRINA	354	270	507
GRIP1	11860	7325	22953
GRIP2	755	829	1056
GRIPAP1	2835	1988	3737
GRK1	137	93	158
GRK2	865	629	1194
GRK3	6176	4600	8187
GRK3-AS1	16	6	23
GRK4	1894	1223	2370
GRK5	8480	5248	10105
GRK5-AS1	39	20	45
GRK6	703	496	880
GRK7	39	41	50
GRM1	1237	786	1588
GRM2	59	33	81
GRM3	851	571	1078
GRM3-AS1	142	140	243
GRM4	533	364	673
GRM5	1916	1152	2457
GRM5-AS1	122	92	158
GRM6	39	33	53
GRM7	5173	2791	5194
GRM7-AS1	175	91	207
GRM7-AS2	2	3	7
GRM7-AS3	616	403	711
GRM8	3055	2277	4323
GRM8-AS1	95	75	126
GRN	255	187	312
GRP	176	115	301
GRPEL1	230	218	335
GRPEL2	451	316	485
GRPEL2-AS1	39	41	66
GRPR	182	100	305
GRSF1	1712	1317	2312
GRTP1	1222	797	1553
GRTP1-AS1	44	26	64
GRWD1	270	166	273
GRXCR1	381	236	453
GRXCR2	207	127	297
GS1-24F4.2	602	433	1086
GS1-594A7.3	46	33	61
GS1-600G8.3	16	10	15
GSAP	1062	871	1561
GSC	30	9	35
GSC-DT	38	15	35
GSC2	7	1	10
GSCAR	26	12	23
GSDMA	152	187	243
GSDMB	819	599	1006
GSDMC	184	152	222
GSDMD	582	448	625
GSDME	451	300	638
GSE1	20844	15176	27075
GSE1-AS1	50	22	63
GSEC	501	371	600
GSG1	26	24	39
GSG1L	1097	883	1436
GSG1L2	77	38	96
GSK3A	57	38	67
GSK3B	10037	6877	12792
GSK3B-DT	662	493	1037
GSKIP	452	341	527
GSN	7687	5071	9671
GSN-AS1	57	55	84
GSPT1	2870	2048	3309
GSPT2	47	44	79
GSR	1097	731	1436
GSS	864	672	1016
GSTA1	23	26	35
GSTA2	56	35	58
GSTA3	74	57	128
GSTA4	2683	1977	3620
GSTA5	29	25	46
GSTCD	2653	1883	3660
GSTK1	1308	1000	1638
GSTM2	193	143	288
GSTM3	370	267	526
GSTM4	405	274	479
GSTM5	517	347	632
GSTO1	883	720	1233
GSTO2	749	659	1214
GSTP1	404	343	514
GSTT2	135	59	212
GSTT2B	47	47	68
GSTT4	36	19	67
GSTZ1	247	192	341
GSX1	18	8	21
GTDC1	17958	12104	23636
GTF2A1	1850	1297	2402
GTF2A1-AS1	25	10	34
GTF2A2	242	184	292
GTF2B	1330	952	1660
GTF2E1	509	402	695
GTF2E2	2862	1777	3246
GTF2F1	870	659	1283
GTF2F2	3867	2834	5087
GTF2H1	2291	1776	3270
GTF2H2	385	362	692
GTF2H2C	1774	1391	2388
GTF2H3	1327	990	1749
GTF2H4	2	2	0
GTF2H5	684	547	923
GTF2I	13666	10077	17458
GTF2I-AS1	741	580	1414
GTF2IRD1	6169	5066	9544
GTF2IRD2B	2161	1509	2931
GTF3A	645	560	838
GTF3C1	6581	4524	8802
GTF3C2	2046	1506	2796
GTF3C2-AS1	25	16	32
GTF3C2-AS2	348	337	604
GTF3C3	2214	1510	2948
GTF3C4	648	504	870
GTF3C5	1313	1014	1781
GTF3C6	540	386	691
GTPBP1	1240	836	1462
GTPBP10	2127	1572	2722
GTPBP2	1025	730	1293
GTPBP3	376	305	537
GTPBP4	2155	1543	2781
GTPBP8	508	403	605
GTSCR1	53	30	68
GTSE1	1065	801	1509
GTSE1-DT	10	11	10
GTSF1	80	54	131
GTSF1L	0	2	3
GUCA1A	4	4	6
GUCA1ANB-GUCA1A	38	18	39
GUCA1B	265	180	336
GUCA1C	184	142	245
GUCA2A	9	6	11
GUCA2B	11	9	14
GUCD1	358	244	448
GUCY1A1	2217	1568	3086
GUCY1A2	6448	3448	7266
GUCY1B1	1383	999	1974
GUCY2C	285	158	329
GUCY2C-AS1	440	291	530
GUCY2D	76	56	91
GUCY2F	439	269	503
GUF1	2099	1629	3065
GUK1	984	679	1132
GULP1	16199	10497	18720
GUSB	952	678	1165
GUSBP11	4800	3107	5826
GVQW3	906	573	1204
GXYLT1	1650	1151	1991
GXYLT2	5416	3748	6088
GYG1	406	346	518
GYG2	877	563	754
GYG2-AS1	4	1	4
GYPA	4	4	6
GYPB	97	98	106
GYPC	1419	873	1297
GYPE	303	197	278
GYS1	1822	1450	2211
GYS2	0	2	0
GZF1	278	196	366
GZMA	16	6	10
GZMB	4	14	14
GZMH	16	9	22
GZMH-AS1	230	185	311
GZMK	37	14	30
GZMK-AS1	51	30	58
GZMM	27	22	43
H1-0	1583	1338	2237
H1-1	72	66	148
H1-10	171	164	230
H1-10-AS1	316	146	384
H1-2	1389	1244	1734
H1-3	981	706	1278
H1-4	2701	2451	3135
H1-5	708	645	1155
H1-6	1	3	3
H1-7	0	4	4
H1-8	18	13	20
H19	1543	1635	1701
H2AC1	0	1	2
H2AC11	314	324	452
H2AC12	194	183	292
H2AC13	102	132	184
H2AC14	252	235	324
H2AC15	278	206	324
H2AC16	179	156	231
H2AC17	29	44	72
H2AC20	370	303	459
H2AC21	116	85	150
H2AC4	68	56	87
H2AC6	942	988	1401
H2AC8	179	164	271
H2AJ	259	294	380
H2AL1Q	5	5	9
H2AW	90	61	129
H2AX	52	73	89
H2AZ1	460	357	650
H2AZ1-DT	1345	964	1678
H2AZ2	1267	933	1650
H2AZ2-DT	23	16	21
H2BC1	5	1	4
H2BC10	48	39	92
H2BC11	218	168	271
H2BC12	50	68	103
H2BC13	61	57	85
H2BC14	67	60	107
H2BC15	136	114	167
H2BC17	60	61	82
H2BC18	280	218	413
H2BC21	287	269	433
H2BC3	35	54	71
H2BC4	473	439	661
H2BC5	218	236	291
H2BC6	140	144	190
H2BC6-AS1	126	104	182
H2BC7	90	74	171
H2BC8	54	70	109
H2BC9	123	124	236
H2BU1	37	34	68
H2BW1	12	10	8
H2BW2	5	0	10
H3-3A	1574	1071	1962
H3-3A-DT	349	293	525
H3-3B	3607	2376	3491
H3-4	0	1	0
H3-5	75	29	56
H3-7	85	50	132
H3C1	63	51	94
H3C10	162	133	230
H3C11	60	52	84
H3C12	76	80	123
H3C13	23	8	26
H3C2	668	527	949
H3C3	155	118	247
H3C6	158	149	251
H3C7	72	75	126
H3C8	314	274	395
H3Y1	3	2	8
H3Y2	3	1	3
H4-16	131	126	198
H4C1	38	42	87
H4C11	10	20	20
H4C12	68	67	139
H4C13	43	32	45
H4C14	5	6	12
H4C15	4	7	7
H4C2	67	51	97
H4C3	181	236	262
H4C4	85	72	119
H4C5	387	338	497
H4C6	152	117	177
H4C7	0	0	2
H4C8	329	242	470
H4C9	104	86	127
H6PD	1376	939	1655
HAAO	950	703	1298
HABP2	164	139	275
HABP4	1730	1217	2212
HACD1	347	573	561
HACD2	2044	1412	2121
HACD3	2848	1840	3680
HACD4	367	254	555
HACE1	5941	3978	7716
HACL1	2019	1487	2537
HADH	1784	1375	2289
HADHA	3346	2312	3933
HADHB	3629	2526	4649
HAFML	155	92	195
HAGH	741	661	982
HAGHL	83	70	95
HAGLR	361	164	357
HAGLROS	17	12	20
HAL	312	320	343
HAMP	19	24	38
HAND1	31	14	46
HAND2	152	84	292
HAND2-AS1	1257	586	1294
HAO1	185	109	225
HAO2	56	49	94
HAP1	149	111	222
HAPLN1	516	383	796
HAPLN2	36	23	42
HAPLN3	174	141	261
HAPSTR2	1	2	0
HAR1A	16	8	13
HAR1B	42	28	72
HARBI1	218	132	252
HARS1	2050	1484	2606
HARS2	679	484	908
HAS1	66	47	83
HAS2	5288	2470	2931
HAS2-AS1	1555	1144	2024
HAS3	165	100	228
HASPIN	31	46	43
HAT1	2905	1909	3703
HAUS1	2057	1246	2739
HAUS2	749	568	1004
HAUS3	6	5	12
HAUS4	4	3	8
HAUS5	1179	837	1531
HAUS5-DT	14	13	10
HAUS6	1632	1131	2042
HAUS7	289	228	359
HAUS8	758	517	996
HAVCR1	136	92	141
HAVCR2	515	387	675
HAX1	324	247	436
HBA1	3181	2413	3500
HBA2	228	135	130
HBB	197	185	108
HBD	33	25	37
HBEGF	257	123	237
HBM	78	88	95
HBP1	3264	2243	4174
HBQ1	12	7	12
HBS1L	3587	2726	4841
HBZ	52	47	73
HCAR1	25	28	23
HCAR2	29	11	21
HCAR3	19	7	13
HCCAT5	20	12	38
HCCS	253	178	348
HCCS-DT	3590	2188	4928
HCFC1	744	495	969
HCFC1-AS1	9	11	31
HCFC1R1	234	204	241
HCFC2	2121	1649	2639
HCG11	294	285	316
HCG14	21	6	31
HCG15	12	6	11
HCG17	3722	2629	5158
HCG18	526	449	652
HCG20	309	242	386
HCG22	96	50	101
HCG24	17	7	23
HCG25	148	110	215
HCG27	137	95	237
HCG9	30	17	32
HCK	310	237	428
HCLS1	384	233	540
HCN1	2116	1480	3187
HCN2	113	81	107
HCN3	250	185	307
HCN4	161	87	221
HCN4-AS1	11	19	31
HCP5	92	51	90
HCP5B	3	1	11
HCRT	20	12	27
HCRTR1	104	73	167
HCRTR2	432	332	662
HCST	19	12	18
HDAC1	1473	1081	1919
HDAC10	140	103	164
HDAC11	504	410	689
HDAC11-AS1	24	19	44
HDAC2	3501	2804	5099
HDAC2-AS2	4812	4767	5664
HDAC3	1183	837	1459
HDAC3-AS1	174	99	228
HDAC4	12220	8700	16023
HDAC4-AS1	30	20	43
HDAC4-AS2	14	13	23
HDAC4-AS3	25	14	49
HDAC5	2216	1626	2979
HDAC6	2747	1917	3599
HDAC7	3859	2606	4544
HDAC8	12	13	30
HDAC9	10998	7848	13129
HDAC9-AS1	28	20	54
HDC	193	98	164
HDDC2	1461	1083	2028
HDDC3	209	160	266
HDGF	695	540	888
HDGFL2	909	646	1184
HDGFL3	3539	2249	4561
HDHD2	52	37	60
HDHD3	181	117	216
HDHD5	882	759	1196
HDHD5-AS1	126	107	239
HDLBP	7554	5428	9521
HDX	2746	1904	3520
HEATR1	4142	3000	5365
HEATR3	1372	977	1732
HEATR3-AS1	97	55	143
HEATR4	342	222	466
HEATR5A	1569	950	1683
HEATR5A-DT	201	125	276
HEATR5B	4854	3390	6052
HEATR6	1030	765	1429
HEATR6-DT	192	192	360
HEATR9	29	19	32
HEBP1	797	445	830
HEBP2	657	542	791
HECA	1720	1020	2207
HECTD1	9127	6553	11471
HECTD2	4904	3525	6014
HECTD3	416	346	469
HECTD4	11982	9271	16141
HECW1	3201	1570	5708
HECW2	9298	4620	8754
HECW2-AS1	26	12	27
HEG1	3201	2010	3665
HEIH	141	98	134
HELB	1124	816	1672
HELLPAR	536	361	777
HELLS	6223	4331	8939
HELQ	1408	1037	1913
HELT	19	7	21
HELZ	9373	7176	11733
HELZ2	287	221	345
HEMGN	177	137	176
HEMK1	852	656	1166
HENMT1	260	237	392
HEPACAM	98	62	91
HEPACAM2	131	82	170
HEPFAL	42	28	48
HEPH	2115	1268	2411
HEPHL1	299	219	405
HEPN1	16	8	27
HERC1	14413	9381	16983
HERC2	11939	8044	16453
HERC3	293	200	387
HERC3.1	11	12	14
HERC4	12410	8821	15525
HERC5	270	197	377
HERC6	782	499	1052
HERPUD1	1365	890	1568
HERPUD2	2416	1803	3249
HERPUD2-AS1	68	50	76
HES1	869	735	1068
HES2	100	119	189
HES3	53	19	69
HES4	233	171	305
HES5	108	69	197
HES6	20	27	32
HES7	72	44	95
HESX1	294	250	402
HEXA	15	10	24
HEXA-AS1	42	63	88
HEXB	952	702	1386
HEXD	1104	871	1678
HEXIM1	317	345	433
HEXIM2	154	125	241
HEXIM2-AS1	1032	820	1507
HEXIM2-AS2	21	21	33
HEY1	152	120	261
HEY2	666	523	1202
HEY2-AS1	832	603	1028
HEYL	1096	766	1376
HFE	192	165	271
HFM1	2389	1553	3956
HGD	169	139	286
HGF	900	528	1559
HGFAC	58	37	69
HGH1	45	36	55
HGS	1407	1021	1888
HGSNAT	5979	3989	7287
HHAT	10661	6733	12604
HHATL-AS1	23	13	27
HHEX	146	81	166
HHIP	1291	961	2275
HHIPL1	365	226	410
HHIPL2	90	50	94
HHLA1	127	55	129
HHLA2	282	173	371
HHLA3	396	313	557
HHLA3-AS1	4	5	11
HIBADH	8499	5462	10413
HIBCH	14619	9982	17995
HIC1	286	159	246
HIC2	541	370	685
HID1	253	180	309
HID1-AS1	26	26	34
HIF1A	3644	2629	4427
HIF1A-AS1	131	114	162
HIF1A-AS3	227	198	298
HIF1AN	1659	1210	2211
HIF3A	9496	7613	11866
HIGD1B	25	27	56
HIGD2B	79	61	100
HIKESHI	1559	1216	2262
HINFP	740	537	955
HINT1	1057	802	1360
HINT3	566	381	695
HIP1	9122	6479	11759
HIP1R	1185	1003	1596
HIPK1	1632	1067	1917
HIPK1-AS1	52	25	72
HIPK2	5861	3986	7755
HIPK3	7037	4936	7451
HIPK4	92	67	113
HIRA	703	475	860
HIRIP3	204	166	286
HIVEP1	7461	4871	9809
HIVEP2	7977	5535	7184
HIVEP2-DT	170	134	166
HIVEP3	4373	3173	5286
HJURP	1272	715	1618
HJV	153	188	199
HK1	3011	1966	3608
HK2	591	410	715
HK2-DT	14	13	18
HK3	67	44	79
HKDC1	194	142	227
HLA-A	532	308	613
HLA-B	349	195	385
HLA-C	252	198	254
HLA-DMA	153	164	261
HLA-DMB	33	21	31
HLA-DOA	40	24	41
HLA-DOB	6	4	12
HLA-DPA1	97	56	126
HLA-DPB1	262	164	314
HLA-DQA1	156	56	85
HLA-DQA2	36	20	41
HLA-DQB1	74	31	47
HLA-DQB1-AS1	2	0	0
HLA-DQB2	42	23	51
HLA-DRA	114	36	102
HLA-DRB1	141	73	148
HLA-DRB5	60	33	96
HLA-E	598	318	602
HLA-F	142	102	181
HLA-F-AS1	301	207	337
HLA-G	35	28	30
HLCS	5579	3733	7417
HLCS-AS1	78	60	96
HLF	1379	1091	2089
HLF-AS1	5	4	7
HLMR1	95	52	107
HLTF	3925	2558	5360
HLTF-AS1	67	47	86
HLX	40	20	48
HLX-AS1	853	586	1050
HM13	3467	2415	4288
HM13-AS1	62	38	79
HMBOX1	8961	6038	11171
HMBS	310	255	409
HMCES	740	520	957
HMCN1	14522	10916	19621
HMCN2	2448	2027	2463
HMG20A	3743	2669	4828
HMG20B	1103	809	1561
HMGA1	143	138	221
HMGA1P4	1108	745	1449
HMGA2	4124	2524	7660
HMGA2-AS1	512	306	482
HMGA2-AS2	133	73	165
HMGB1	8600	6479	10962
HMGB1P1	43	32	56
HMGB2	1457	1069	2031
HMGB3	343	221	525
HMGB4	9	4	21
HMGCL	827	670	1139
HMGCLL1	1325	962	1606
HMGCR	1415	1018	1734
HMGCS1	2512	1831	3041
HMGCS2	70	48	84
HMGN1	4155	3228	5464
HMGN2	2831	2042	3571
HMGN3	4797	3582	6848
HMGN3-AS1	176	145	297
HMGN4	679	539	923
HMGN5	899	519	1090
HMGXB3	3213	2273	4503
HMGXB4	2462	1829	3376
HMMR	649	466	863
HMMR-AS1	30	19	34
HMOX1	129	97	156
HMOX2	1394	978	1618
HMSD	123	87	202
HMX1	79	41	134
HMX2	34	14	23
HMX3	25	12	24
HNF1A	60	43	94
HNF1A-AS1	200	161	214
HNF1B	197	109	245
HNF4A	225	145	290
HNF4A-AS1	117	66	153
HNF4G	508	352	630
HNMT	1484	951	1770
HNRNPA0	421	305	589
HNRNPA1L3	320	198	393
HNRNPA2B1	39102	27818	51466
HNRNPA3	6005	4032	7892
HNRNPAB	668	440	838
HNRNPC	13241	9352	17512
HNRNPCL1	4	3	2
HNRNPCL2	3	5	1
HNRNPCL3	0	0	1
HNRNPD	6206	4371	8285
HNRNPD-DT	227	177	321
HNRNPDL	14532	9580	19753
HNRNPF	2428	1644	2999
HNRNPH1	14681	9621	19559
HNRNPH2	48	54	76
HNRNPH3	4291	3016	5672
HNRNPK	6858	5033	9399
HNRNPK-AS1	52	37	75
HNRNPL	1791	1306	2192
HNRNPLL	2556	1630	3244
HNRNPLL-AS1	14	4	15
HNRNPM	9242	6543	11812
HNRNPR	8971	6230	12001
HNRNPU	14095	9631	16797
HNRNPUL1	2740	2068	3681
HNRNPUL2	33	15	39
HNRNPUL2-BSCL2	126	66	119
HOATZ	53	49	72
HOMER1	1948	1527	2364
HOMER2	1360	1062	1940
HOMER3	207	153	263
HOMER3-AS1	60	39	66
HOMEZ	373	316	543
HOOK1	426	419	704
HOOK2	2402	1822	3144
HOOK3	9195	6421	11558
HOPX	887	706	1298
HORMAD1	101	90	108
HORMAD2	192	161	256
HORMAD2-AS1	213	124	259
HOTAIR	498	238	884
HOTAIRM1	354	271	442
HOTTIP	199	122	296
HOXA-AS2	160	169	264
HOXA-AS3	319	218	391
HOXA1	22	13	29
HOXA10	32	8	19
HOXA10-AS	157	118	199
HOXA11	42	31	87
HOXA11-AS	90	35	114
HOXA13	58	26	89
HOXA2	66	39	73
HOXA3	993	533	1132
HOXA7	125	73	173
HOXA9	162	128	217
HOXB-AS1	716	486	827
HOXB-AS3	812	602	1284
HOXB-AS4	34	15	25
HOXB1	14	8	11
HOXB13	36	28	29
HOXB2	320	279	400
HOXB3	2135	2057	3797
HOXB6	31	28	75
HOXB7	166	140	221
HOXC-AS1	39	25	32
HOXC-AS2	108	55	124
HOXC-AS3	221	72	301
HOXC10	81	29	87
HOXC11	105	43	146
HOXC12	41	29	48
HOXC13	83	97	126
HOXC13-AS	69	54	79
HOXC4	2708	1421	3680
HOXD-AS2	443	281	491
HOXD1	28	28	28
HOXD10	194	98	192
HOXD11	50	28	40
HOXD12	21	17	33
HOXD13	18	12	35
HOXD3	3581	2282	3583
HOXD8	113	109	113
HOXD9	248	157	176
HP	8	8	11
HP1BP3	16324	11581	21241
HPAT5	31	13	24
HPCA	88	65	159
HPCAL1	2051	1453	2526
HPCAL4	54	29	71
HPD	206	149	271
HPDL	10	15	22
HPF1	1555	1219	1914
HPGD	1079	825	1166
HPGD-AS2	183	132	169
HPGDS	734	498	873
HPN	151	132	203
HPN-AS1	241	194	350
HPR	45	27	49
HPRT1	1020	837	1533
HPS1	4	4	7
HPS1-AS1	52	23	62
HPS3	1768	1404	2303
HPS4	2423	1824	3478
HPS5	1321	953	1889
HPS6	24	28	37
HPSE	251	143	309
HPSE2	9505	6120	7997
HPX	153	110	189
HPYR1	268	169	361
HR	419	434	414
HRAS	176	169	226
HRAT17	147	192	225
HRC	249	493	285
HRCT1	14	11	28
HRDAL	3	4	8
HRG	31	29	57
HRG-AS1	686	541	946
HRH1	1921	1453	2034
HRH2	304	195	494
HRH3	12	11	14
HRH4	53	46	77
HRK	193	124	214
HRNR	30	26	45
HROB	188	145	266
HS1BP3	1305	943	1667
HS2ST1	3653	2545	4979
HS3ST1	244	149	365
HS3ST1-AS1	411	321	622
HS3ST2	500	285	579
HS3ST3A1	1123	727	1301
HS3ST3B1	969	602	1607
HS3ST4	1327	784	2342
HS3ST5	3938	1465	3081
HS3ST6	79	53	104
HS6ST1	3012	1912	4187
HS6ST2	2366	2446	3857
HS6ST2-AS1	8	1	3
HS6ST3	7551	5374	7498
hsa-mir-1253	4	0	0
HSALR1	84	58	116
HSBP1	176	138	220
HSBP1L1	224	215	319
HSCB	1228	863	1495
HSD11B1	305	205	391
HSD11B1-AS1	305	257	418
HSD11B2	225	182	334
HSD17B1-AS1	126	86	210
HSD17B10	80	70	85
HSD17B11	1210	828	1632
HSD17B12	483	376	687
HSD17B13	83	42	93
HSD17B14	624	452	843
HSD17B2	373	423	977
HSD17B2-AS1	480	322	712
HSD17B3-AS1	7	11	30
HSD17B4	3637	2713	4687
HSD17B6	174	109	197
HSD17B7	480	415	867
HSD17B8	102	93	180
HSD3B1	700	535	1275
HSD3B2	14	14	32
HSD3B7	108	75	103
HSDL1	1311	901	1599
HSDL2	3605	2749	4499
HSDL2-AS1	768	487	978
HSF1	1353	938	1675
HSF2	2023	1445	2629
HSF2BP	619	477	833
HSF4	116	80	149
HSF5	224	140	271
HSFX2	0	1	0
HSFX3	0	2	0
HSFX4	0	1	0
HSFY1	0	0	0
HSFY2	0	0	0
HSH2D	190	119	249
HSH2D-AS1	42	42	70
HSP90AA1	4053	2913	5062
HSP90AB1	1836	1562	2214
HSP90B1	6269	4211	8070
HSPA12A	2733	1597	3568
HSPA12A-AS1	24	18	28
HSPA12B	1550	995	1902
HSPA13	268	187	342
HSPA14	499	339	706
HSPA1A	54	46	61
HSPA1B	22	18	17
HSPA1L	80	45	95
HSPA2	157	110	238
HSPA2-AS1	140	88	182
HSPA4	2475	1839	3204
HSPA4L	640	595	818
HSPA5	1328	906	1569
HSPA5-DT	72	49	77
HSPA8	1760	1310	2088
HSPA9	2155	1648	2789
HSPB1	453	638	519
HSPB11	3763	2385	4874
HSPB2-C11orf52	49	47	54
HSPB3	54	48	51
HSPB6	155	234	122
HSPB7	46	68	68
HSPB8	551	517	829
HSPB8-AS1	4	7	6
HSPB9	3	5	2
HSPBAP1	1430	1073	2068
HSPBP1	415	239	440
HSPD1	3019	1851	3576
HSPE1	41	38	44
HSPE1-MOB4	81	72	134
HSPG2	5868	4218	7077
HSPH1	1758	1092	2230
HTATIP2	66	58	130
HTATSF1	674	576	827
HTN1	12	11	31
HTN3	22	16	25
HTR1B	12	4	18
HTR1D	111	63	116
HTR1E	718	547	936
HTR1F	2238	1581	3361
HTR2A	326	218	460
HTR2A-AS1	13	4	13
HTR2B	90	42	93
HTR2C	874	606	1393
HTR3A	30	27	47
HTR3B	96	69	140
HTR3C	28	20	46
HTR3D	13	13	22
HTR3E	31	14	29
HTR3E-AS1	34	21	45
HTR4	608	468	816
HTR5A	25	26	35
HTR5A-AS1	10	9	15
HTR6	42	26	66
HTR7	410	274	508
HTRA1	1434	1088	1590
HTRA1-AS1	205	170	336
HTRA2	253	177	300
HTRA3	652	507	740
HTRA4	113	80	143
HTT	7133	5156	9181
HTT-AS	253	199	339
HULC	2422	1796	3239
HUNK	6968	4275	9419
HUNK-AS1	0	1	0
HUS1	1569	1035	1933
HUWE1	10179	7382	13354
HVCN1	709	499	848
HYAL1	272	207	290
HYAL2	65	46	92
HYAL3	82	58	122
HYAL4	184	139	298
HYDIN	1209	793	2039
HYDIN-AS1	14	9	10
HYI	293	213	417
HYI-AS1	42	44	68
HYKK	434	286	531
HYLS1	387	271	496
HYOU1	575	433	808
HYOU1-AS1	18	13	15
IADEN	35	29	44
IAH1	1231	896	1595
IAPP	73	61	88
IARS1	6142	4002	7357
IARS2	2255	1568	2768
IATPR	161	103	210
IBA57	585	348	660
IBA57-DT	17	8	13
IBSP	33	21	47
IBTK	4940	3508	6202
ICA1	3011	1843	4272
ICA1-AS1	4	0	2
ICA1L	3104	2048	3858
ICAM1	476	160	267
ICAM2	246	150	290
ICAM3	89	80	116
ICAM4	8	10	18
ICAM4-AS1	25	8	41
ICAM5	65	30	77
ICE1	4744	2970	5979
ICE1-DT	361	253	482
ICE2	4903	3700	6641
ICMT	262	220	353
ICMT-DT	28	17	24
ICOS	76	49	92
ICOSLG	18	19	19
ID1	250	171	383
ID2	738	483	766
ID2-AS1	244	161	298
ID3	698	575	998
ID4	734	762	734
IDE	3858	2824	5032
IDH1	1364	1027	1628
IDH1-AS1	12	9	15
IDH2	1238	946	1656
IDH2-DT	215	168	316
IDH3A	988	696	1221
IDH3B	582	444	785
IDH3B-DT	12	13	10
IDH3G	489	373	658
IDI1	962	564	1015
IDI2	20	8	20
IDI2-AS1	193	167	306
IDNK	443	341	599
IDO1	77	61	157
IDO2	343	197	481
IDUA	416	286	546
IER2	2512	1452	2460
IER2-AS1	30	31	43
IER3	228	185	266
IER3-AS1	34	11	39
IER3IP1	0	0	1
IER5	55	51	101
IER5L	92	70	111
IER5L-AS1	6	3	7
IFFO1	763	544	853
IFFO2	1297	1008	1496
IFI16	3116	1853	3609
IFI27	205	103	227
IFI27L1	1256	879	1545
IFI27L2	99	65	152
IFI35	165	115	187
IFI44	1262	663	1534
IFI44L	333	207	370
IFI6	89	60	157
IFIH1	388	335	562
IFIT1	129	117	171
IFIT1B	29	26	42
IFIT2	146	124	206
IFIT3	475	320	543
IFIT5	235	160	245
IFITM10	5	6	14
IFITM2	52	27	62
IFITM3	245	119	227
IFITM3-AS1	98	85	127
IFITM5	5	6	9
IFNA1	2	2	1
IFNA10	4	2	2
IFNA13	0	2	2
IFNA14	0	2	2
IFNA16	0	0	3
IFNA17	2	0	1
IFNA21	7	2	2
IFNA4	6	0	3
IFNA5	5	3	12
IFNA6	3	0	9
IFNA7	2	1	3
IFNA8	0	1	5
IFNAR1	3153	2437	4459
IFNAR2	123	68	150
IFNAR2-IL10RB	20	11	27
IFNB1	2	1	5
IFNG	10	7	10
IFNG-AS1	877	730	1086
IFNGR1	2100	1551	2775
IFNGR2	2486	1824	3099
IFNK	2	5	6
IFNL1	6	4	3
IFNL2	5	4	5
IFNL3	0	2	0
IFNL4	9	7	7
IFNLR1	339	283	567
IFNW1	0	1	5
IFRD1	114	101	168
IFRD2	455	357	585
IFT122	3503	2324	4193
IFT122P3	69	39	78
IFT140	2324	1720	3409
IFT172	3123	2249	4153
IFT20	1318	849	1648
IFT22	349	239	482
IFT27	961	667	1269
IFT43	4520	3136	5832
IFT46	676	477	962
IFT52	2233	1576	2791
IFT57	1434	911	1626
IFT70A-AS1	137	78	194
IFT74	4669	2974	6262
IFT74-AS1	6	3	4
IFT81	2802	2156	4265
IFT88	7335	4830	10024
IFTAP	1592	1104	2220
IGBP1	1499	1099	1929
IGBP1-AS1	9	3	7
IGBP1-AS2	4	4	4
IGDCC3	825	525	1168
IGDCC4	2521	2001	3208
IGF1	1025	884	1104
IGF1R	20166	13626	26299
IGF1R-AS2	131	68	175
IGF2	1460	1616	1543
IGF2-AS	145	138	171
IGF2BP1	1394	790	2275
IGF2BP2	21784	12866	31642
IGF2BP2-AS1	98	82	138
IGF2BP3	8683	6190	12590
IGF2R	7159	5106	9315
IGFALS	7	4	6
IGFBP1	42	22	42
IGFBP2	736	450	956
IGFBP3	1629	984	2172
IGFBP4	1084	805	1152
IGFBP5	2753	2980	2989
IGFBP6	87	72	104
IGFBP7	6387	3944	6907
IGFBP7-AS1	488	321	692
IGFBPL1	101	62	147
IGFL1	11	8	11
IGFL2-AS1	118	95	208
IGFL3	10	9	13
IGFL4	282	298	315
IGFLR1	8	3	8
IGFN1	1771	1482	2835
IGHA1	23	25	29
IGHA2	13	5	20
IGHD	26	12	29
IGHD1-1	0	0	2
IGHD1-20	0	0	3
IGHD1-26	4	0	4
IGHD2-2	0	0	0
IGHD3-16	2	0	0
IGHD5-24	0	0	1
IGHD5OR15-5B	0	0	1
IGHD6-19	0	0	1
IGHE	9	11	12
IGHEP1	5	2	3
IGHG1	17	14	31
IGHG2	12	7	12
IGHG3	23	10	27
IGHG4	9	9	22
IGHGP	20	10	21
IGHJ1	0	0	0
IGHJ3P	0	0	0
IGHJ4	0	0	0
IGHJ5	0	0	0
IGHM	19	17	32
IGHMBP2	1547	1115	1948
IGHV1-12	1	1	1
IGHV1-17	3	1	1
IGHV1-18	0	0	3
IGHV1-2	0	0	4
IGHV1-24	0	0	4
IGHV1-3	0	5	0
IGHV1-45	0	2	0
IGHV1-46	2	4	6
IGHV1-58	5	3	0
IGHV1OR15-9	0	2	0
IGHV1OR16-1	0	2	0
IGHV1OR16-2	0	0	3
IGHV1OR16-3	0	3	4
IGHV1OR21-1	4	1	4
IGHV2-26	0	0	0
IGHV2-5	4	0	0
IGHV2-70D	0	2	3
IGHV3-11	6	0	3
IGHV3-15	0	2	2
IGHV3-16	0	0	3
IGHV3-19	0	1	2
IGHV3-20	3	1	3
IGHV3-21	4	0	0
IGHV3-22	0	0	1
IGHV3-23	3	1	4
IGHV3-25	3	0	0
IGHV3-29	2	3	2
IGHV3-30	5	2	2
IGHV3-30-2	0	1	3
IGHV3-32	1	0	2
IGHV3-33	0	2	0
IGHV3-33-2	0	1	0
IGHV3-35	2	1	4
IGHV3-36	0	0	2
IGHV3-37	3	3	3
IGHV3-38	0	2	1
IGHV3-41	0	0	3
IGHV3-42	0	0	4
IGHV3-43	0	0	1
IGHV3-47	0	2	0
IGHV3-48	0	1	6
IGHV3-49	5	0	2
IGHV3-50	0	1	0
IGHV3-52	3	1	1
IGHV3-53	0	1	1
IGHV3-54	0	0	0
IGHV3-57	0	0	0
IGHV3-6	0	0	0
IGHV3-60	3	2	7
IGHV3-62	0	0	0
IGHV3-63	0	1	0
IGHV3-64	0	2	3
IGHV3-64D	2	0	0
IGHV3-65	0	0	0
IGHV3-66	0	3	0
IGHV3-7	3	5	4
IGHV3-71	0	0	0
IGHV3-72	0	0	1
IGHV3-73	3	2	0
IGHV3-74	3	2	3
IGHV3-75	0	0	5
IGHV3-76	0	1	2
IGHV3OR16-13	2	0	1
IGHV3OR16-15	3	0	0
IGHV3OR16-6	0	0	2
IGHV3OR16-8	2	0	3
IGHV3OR16-9	0	0	0
IGHV4-28	0	3	2
IGHV4-31	0	2	6
IGHV4-34	2	5	5
IGHV4-39	0	0	2
IGHV4-4	3	0	0
IGHV4-55	10	3	6
IGHV4-59	0	4	1
IGHV4-80	4	0	2
IGHV5-51	2	0	0
IGHV6-1	4	1	7
IGHV7-27	0	0	6
IGHV7-34-1	3	3	4
IGHV7-4-1	0	0	3
IGHV7-40	0	0	3
IGHV7-56	1	0	0
IGHV7-81	0	0	2
IGHV8-51-1	0	0	0
IGHVII-1-1	0	0	0
IGHVII-22-1	3	2	3
IGHVII-26-2	3	3	3
IGHVII-28-1	0	1	5
IGHVII-30-1	0	2	0
IGHVII-30-21	0	0	0
IGHVII-33-1	0	2	2
IGHVII-49-1	0	2	0
IGHVII-51-2	0	1	0
IGHVII-53-1	0	0	3
IGHVII-62-1	0	0	3
IGHVII-65-1	3	0	3
IGHVII-67-1	0	0	2
IGHVII-74-1	0	1	0
IGHVII-78-1	0	0	0
IGHVIII-13-1	0	0	1
IGHVIII-16-1	0	0	1
IGHVIII-2-1	4	1	2
IGHVIII-25-1	0	0	0
IGHVIII-38-1	0	1	3
IGHVIII-47-1	0	0	2
IGHVIII-5-1	3	0	5
IGHVIII-67-2	0	0	3
IGHVIII-67-3	0	0	1
IGHVIII-67-4	0	0	0
IGHVIII-76-1	0	1	0
IGHVIII-82	0	0	1
IGIP	153	128	141
IGKV1-12	7	1	4
IGKV1-13	0	0	3
IGKV1-16	0	0	0
IGKV1-22	0	0	0
IGKV1-27	2	3	4
IGKV1-33	0	0	1
IGKV1-39	0	0	1
IGKV1-5	4	0	2
IGKV1-9	0	2	4
IGKV1D-13	3	1	0
IGKV1D-16	0	0	1
IGKV1D-17	3	2	2
IGKV1D-22	0	0	3
IGKV1D-43	0	0	3
IGKV1D-8	1	4	7
IGKV1OR10-1	0	0	2
IGKV1OR2-118	3	0	2
IGKV1OR2-6	1	1	5
IGKV1OR22-5	0	0	3
IGKV2-10	3	0	0
IGKV2-14	0	2	6
IGKV2-19	0	0	6
IGKV2-23	0	0	0
IGKV2-24	0	1	2
IGKV2-26	2	2	4
IGKV2-28	0	0	3
IGKV2-29	0	2	2
IGKV2-30	3	0	2
IGKV2-4	2	0	4
IGKV2D-10	1	0	2
IGKV2D-14	3	0	0
IGKV2D-24	0	4	3
IGKV2D-26	4	0	3
IGKV2D-29	0	1	3
IGKV2D-30	7	1	2
IGKV2D-40	0	2	2
IGKV2OR2-1	0	2	2
IGKV2OR22-3	0	2	1
IGKV2OR22-4	0	1	2
IGKV3-11	2	0	2
IGKV3-15	5	0	4
IGKV3-20	0	1	0
IGKV3-25	1	2	0
IGKV3-7	5	1	9
IGKV3D-20	0	0	2
IGKV3D-25	2	0	0
IGKV3D-31	0	0	0
IGKV3OR2-268	0	0	4
IGKV3OR2-5	0	0	2
IGKV3OR22-2	0	2	3
IGKV4-1	4	1	4
IGKV5-2	3	1	1
IGKV6D-21	3	0	0
IGKV6D-41	0	1	4
IGKV7-3	3	0	3
IGLC2	2	6	8
IGLC4	0	0	1
IGLC5	0	0	2
IGLC7	0	0	1
IGLCOR22-1	0	1	2
IGLJ2	0	0	3
IGLJ3	0	3	5
IGLJ5	0	0	3
IGLJ6	0	1	4
IGLJCOR18	0	2	0
IGLL1	30	25	26
IGLL5	18	14	23
IGLON5	55	41	106
IGLV1-40	3	2	5
IGLV1-41	0	0	3
IGLV1-44	3	3	9
IGLV1-47	0	3	2
IGLV1-62	0	0	3
IGLV10-54	3	1	6
IGLV10-67	2	0	0
IGLV11-55	1	0	0
IGLV2-11	4	0	7
IGLV2-18	0	0	0
IGLV2-23	0	3	0
IGLV2-28	0	0	2
IGLV2-33	4	2	7
IGLV2-5	3	2	3
IGLV2-8	0	0	3
IGLV3-1	3	1	3
IGLV3-10	2	1	2
IGLV3-12	5	2	3
IGLV3-16	4	0	3
IGLV3-21	4	2	3
IGLV3-22	0	0	2
IGLV3-24	1	1	0
IGLV3-25	0	3	4
IGLV3-26	2	3	3
IGLV3-27	0	0	0
IGLV3-30	3	1	3
IGLV3-31	0	1	0
IGLV3-32	4	2	3
IGLV3-4	3	0	0
IGLV3-9	3	0	2
IGLV4-3	2	3	0
IGLV4-60	6	2	2
IGLV4-69	3	0	0
IGLV5-37	0	0	4
IGLV5-45	0	1	4
IGLV5-48	6	0	4
IGLV6-57	0	1	0
IGLV7-35	0	0	0
IGLV7-43	3	1	4
IGLV7-46	3	2	4
IGLV8-61	0	1	0
IGLV8OR8-1	2	3	5
IGLV9-49	0	0	3
IGLVI-38	3	1	0
IGLVI-42	0	3	4
IGLVI-56	0	1	2
IGLVI-63	0	3	3
IGLVI-68	2	2	0
IGLVI-70	0	0	0
IGLVIV-53	0	0	7
IGLVIV-64	0	0	0
IGLVIV-65	0	0	5
IGLVIV-66-1	0	0	4
IGLVIVOR22-1	0	2	5
IGLVV-66	3	0	5
IGLVVI-25-1	0	0	5
IGLVVII-41-1	1	0	0
IGSF1	798	581	1113
IGSF10	2427	1625	2879
IGSF11	1541	1073	3082
IGSF11-AS1	14	9	22
IGSF21	658	410	1009
IGSF21-AS1	27	13	22
IGSF22	185	141	239
IGSF22-AS1	280	154	422
IGSF23	169	103	185
IGSF3	2437	1694	3329
IGSF5	299	249	599
IGSF6	53	49	86
IGSF8	147	139	229
IGSF9	604	537	1106
IGSF9B	626	410	786
IHH	33	7	27
IHO1	2081	1053	1736
IK	2136	1502	2826
IKBIP	1575	1251	1919
IKBKB	2601	1986	3799
IKBKB-DT	143	103	186
IKBKE	635	416	803
IKBKG	271	179	410
IKZF1	559	420	637
IKZF2	1101	769	1660
IKZF3	380	255	432
IKZF4	602	467	741
IKZF5	1161	827	1431
IL10	28	18	39
IL10RA	143	121	208
IL10RB	86	51	117
IL10RB-DT	10	21	22
IL11	37	12	15
IL12A	32	18	33
IL12A-AS1	1347	854	1704
IL12B	52	24	70
IL12B-AS1	2160	1582	2932
IL12RB1	192	155	296
IL12RB2	725	555	982
IL13	26	15	27
IL13RA1	748	515	749
IL13RA2	37	14	27
IL15	736	768	870
IL15RA	209	127	253
IL16	2029	1844	2499
IL17A	16	3	16
IL17B	225	194	297
IL17C	12	9	13
IL17D	792	486	960
IL17F	36	18	39
IL17RA	817	592	1045
IL17RB	153	81	200
IL17RC	0	0	4
IL17RD	2546	1869	2988
IL17RE	885	801	1724
IL17REL	77	54	111
IL18	189	222	252
IL18BP	460	282	503
IL18R1	476	341	668
IL18RAP	113	53	143
IL19	306	214	378
IL1A	46	37	55
IL1B	54	27	76
IL1F10	26	14	45
IL1R1	2196	1320	2405
IL1R1-AS1	47	26	48
IL1R2	411	283	618
IL1RAP	1150	873	1672
IL1RAPL1	16374	12102	21377
IL1RAPL2	7802	5231	15966
IL1RL2	621	490	840
IL1RN	215	133	294
IL2	13	7	19
IL20	8	6	8
IL20RA	414	417	498
IL20RB	607	432	727
IL20RB-AS1	89	65	119
IL21	36	18	48
IL21-AS1	210	117	233
IL21R	144	77	179
IL21R-AS1	35	19	51
IL22	12	9	11
IL22RA1	323	280	553
IL22RA2	115	91	136
IL23A	54	27	50
IL23R	397	252	529
IL24	21	18	36
IL25	35	16	34
IL26	128	89	140
IL27	29	49	57
IL27RA	372	238	463
IL2RA	184	117	269
IL2RA-AS1	94	63	143
IL2RB	296	207	333
IL2RB-AS1	101	80	125
IL2RG	0	1	0
IL3	12	4	12
IL31	3	1	4
IL31RA	983	932	1170
IL32	349	368	416
IL33	1501	919	1689
IL34	848	551	958
IL36A	10	7	14
IL36B	86	66	124
IL36G	45	19	63
IL36RN	79	61	183
IL37	22	30	30
IL4	24	16	28
IL4I1	100	48	122
IL4R	1583	888	1700
IL5	46	28	50
IL5RA	208	149	262
IL6	94	30	58
IL6R	739	481	788
IL6R-AS1	38	25	32
IL6ST	7906	5031	9745
IL7	1177	651	912
IL7R	106	72	108
IL7R-AS1	391	297	557
IL9	10	7	6
IL9R	0	0	2
ILDR1	125	97	221
ILDR2	345	213	466
ILF2	2148	1531	2626
ILF3	9420	6424	12432
ILF3-DT	194	216	300
ILK	2190	1512	2528
ILKAP	2916	2151	3873
ILRUN	2891	2336	3462
ILRUN-AS1	35	29	35
ILVBL	310	247	428
ILVBL-AS1	27	25	55
IMMP1L	3302	2489	4641
IMMP2L	31976	23839	46621
IMMT	3504	2496	4596
IMP3	210	167	327
IMP4	391	259	502
IMPA1	1428	928	1755
IMPA2	1284	1090	1617
IMPA2-AS1	4	3	4
IMPACT	825	567	1050
IMPDH1	387	281	480
IMPDH2	568	407	680
IMPG1	545	338	697
IMPG2	801	487	1031
INA	90	69	140
INAFM1	186	130	171
INAFM2	12	28	29
INAVA	252	261	378
INCA1	44	41	65
INCENP	853	619	1134
INCR1	3426	2679	4717
INE2	6	4	10
INF2	1793	1206	2478
ING1	424	228	404
ING2	218	186	274
ING2-DT	578	451	807
ING3	1386	984	1784
ING4	1559	1171	2143
ING5	4223	2947	5141
ING5-AS1	8	7	7
INHA	82	82	159
INHBA	1205	783	1838
INHBA-AS1	380	242	488
INHBB	103	80	105
INHBC	60	49	81
INHBE	74	53	110
INIP	906	716	1220
INKA1	60	54	119
INKA2	880	760	1262
INKA2-AS1	144	93	165
INMT	239	162	348
INMT-MINDY4	66	38	83
INO80	5483	3843	6650
INO80-AS1	55	48	74
INO80B-WBP1	47	32	78
INO80C	5	3	6
INO80D	9742	7672	11965
INO80D-AS1	112	102	152
INO80E	1951	1334	2329
INPP1	786	467	886
INPP4A	4536	3098	5942
INPP4B	16877	13014	22439
INPP4B-AS1	260	173	353
INPP5A	5477	3791	7256
INPP5B	3402	2448	4135
INPP5B-AS1	4	5	2
INPP5D	2194	1299	2414
INPP5E	389	287	502
INPP5F	2359	1834	3306
INPP5J	88	71	156
INPP5K	537	424	758
INPPL1	1476	1009	1751
INS-IGF2	11	4	6
INSC	929	555	1399
INSIG1	402	367	521
INSIG1-DT	14	15	26
INSIG2	1495	949	1729
INSL3	12	6	13
INSL4	17	19	43
INSL5	10	4	15
INSL6	178	141	236
INSM1	0	2	5
INSM2	25	10	22
INSR	6852	5155	8632
INSRR	137	77	149
INSYN1	144	91	165
INSYN1-AS1	69	62	95
INSYN2A	350	219	516
INSYN2B	521	296	658
INTS1	1430	1012	1839
INTS10	3484	2504	4467
INTS11	1986	1403	2616
INTS12	2143	1473	2750
INTS13	1328	920	1600
INTS14	1053	779	1377
INTS15	832	437	855
INTS2	1434	1119	1986
INTS3	4165	2849	5236
INTS4	3878	2733	4968
INTS5	83	43	96
INTS6	5155	3682	6530
INTS6-AS1	688	551	929
INTS6L	2708	1695	3804
INTS6L-AS1	7	2	7
INTS7	3058	2097	3902
INTS8	2947	1927	3918
INTS9	2142	1494	2764
INTS9-AS1	24	11	25
INTU	5520	3944	7187
INVS	12920	7796	15670
IP6K1	2767	1949	3599
IP6K2	4796	3095	6298
IP6K3	167	249	247
IPAN	11	14	21
IPCEF1	53	35	83
IPMK	1957	1127	2464
IPO11	2395	1616	2833
IPO13	429	343	518
IPO4	28	13	42
IPO5	4222	2706	5420
IPO7	3594	2517	4437
IPO8	2498	1735	3148
IPO9	5271	3936	7271
IPO9-AS1	1453	893	1921
IPP	1261	869	1600
IPPK	1490	1219	1941
IQANK1	451	397	731
IQCA1	1371	895	2182
IQCA1-AS1	0	2	2
IQCA1L	99	62	89
IQCB1	4377	2929	5903
IQCC	93	71	134
IQCC-AS1	146	91	222
IQCD	275	200	381
IQCE	1438	949	1796
IQCF1	22	14	30
IQCF2	2	8	10
IQCF5	7	4	5
IQCF5-AS1	9	6	10
IQCF6	3	1	4
IQCG	1576	1048	2027
IQCH	1241	886	1669
IQCH-AS1	1948	1556	2629
IQCJ-SCHIP1	3754	2615	5177
IQCJ-SCHIP1-AS1	28	22	44
IQCK	3386	2270	4216
IQCK-AS1	27	28	62
IQCM	1518	1164	1929
IQCM-AS1	129	64	142
IQCN	827	387	1003
IQGAP1	8764	6340	10870
IQGAP2	8093	5478	11468
IQGAP2-AS1	43	44	98
IQGAP3	2171	1466	3015
IQSEC1	5294	3895	7163
IQSEC2	1103	727	1340
IQSEC3	574	404	851
IQSEC3-AS1	78	35	125
IQSEC3-AS2	12	7	16
IQSEC3-AS3	42	25	88
IQUB	336	250	472
IRAG1	887	636	1174
IRAG1-AS1	291	187	401
IRAG2	699	481	781
IRAIN	26	8	41
IRAK1	405	270	480
IRAK1BP1	3529	2486	5385
IRAK2	659	480	806
IRAK3	3527	1992	2943
IRAK4	1146	812	1558
IREB2	4456	3221	5922
IRF1	728	444	877
IRF1-AS1	5	2	7
IRF2	2653	1797	3266
IRF2-DT	28	13	43
IRF2BP1	44	27	60
IRF2BP2	741	560	977
IRF2BPL	258	187	293
IRF3	1692	1214	2182
IRF4	689	260	530
IRF5	87	64	103
IRF7	123	111	160
IRF8	270	184	288
IRF9	91	52	98
IRGC	13	4	8
IRGM	108	76	149
IRGQ	99	50	87
IRS1	3482	2812	5116
IRS2	1071	791	1267
IRS4	138	75	248
IRS4-AS1	65	33	78
IRX1	370	228	692
IRX1-AS1	52	33	74
IRX2	600	472	1016
IRX3	251	237	356
IRX3-AS1	6	5	8
IRX4	237	194	409
IRX4-AS1	17	6	31
IRX5	168	178	271
IRX6	134	100	242
ISCA1	921	628	1079
ISCA2	326	285	442
ISCU	554	447	684
ISG15	284	186	397
ISG20	207	137	307
ISG20L2	349	275	469
ISL1	95	64	207
ISL1-DT	70	51	156
ISL2	49	24	59
ISLR	66	40	59
ISLR2	278	191	377
ISM1	1693	2677	1930
ISM1-AS1	16	4	14
ISM2	126	65	192
ISOC1	463	380	503
ISOC2	297	227	379
IST1	4249	2922	5300
ISX	62	57	103
ISY1	1	4	5
ISY1-RAB43	73	56	88
ISYNA1	451	453	629
ITCH-AS1	3	3	4
ITFG1	14504	10881	19777
ITFG1-AS1	42	39	69
ITFG1-AS2	40	50	85
ITFG2	2662	2059	3404
ITFG2-AS1	1147	758	1580
ITGA1	5157	3097	6812
ITGA1-AS1	94	62	106
ITGA10	220	174	308
ITGA11	1362	875	1581
ITGA2	2908	2379	4032
ITGA2-AS1	228	204	371
ITGA2-AS2	45	27	55
ITGA2B	233	183	278
ITGA3	818	943	1099
ITGA4	1420	1154	2357
ITGA5	1637	817	1411
ITGA6	5688	3583	7150
ITGA6-AS1	23	3	14
ITGA7	2399	1919	2984
ITGA8	2830	2911	3217
ITGA9	9982	6443	9225
ITGA9-AS1	4405	2988	5894
ITGAD	103	64	137
ITGAE	1078	847	1482
ITGAE-AS1	3	4	8
ITGAL	320	232	462
ITGAL-AS1	12	4	17
ITGAM	246	162	282
ITGAV	4902	2924	5727
ITGAX	75	69	133
ITGB1	6816	4478	9018
ITGB1-DT	576	423	775
ITGB1BP1	2384	1559	2478
ITGB1BP2	66	59	105
ITGB2	191	167	259
ITGB2-AS1	54	33	67
ITGB3	5	2	7
ITGB3BP	3617	2429	5034
ITGB4	670	596	1149
ITGB5	4158	2777	5759
ITGB5-AS1	51	59	83
ITGB6	335	541	455
ITGB7	153	114	203
ITGB8	2095	2056	3203
ITGB8-AS1	91	70	126
ITGBL1	1123	875	1603
ITIH1	48	92	84
ITIH2	104	120	148
ITIH3	73	67	75
ITIH4	42	29	92
ITIH4-AS1	4	2	7
ITIH5	2207	1688	2623
ITIH6	154	97	228
ITK	579	373	678
ITLN1	52	27	61
ITLN2	36	18	57
ITM2A	299	217	373
ITM2B	2226	1833	2837
ITM2C	305	215	403
ITPA	1306	816	1494
ITPK1	3018	2130	4449
ITPK1-AS1	72	48	69
ITPKA	177	107	222
ITPKB	5525	3455	6610
ITPKB-AS1	171	108	224
ITPKC	714	618	807
ITPR1	5438	3277	6420
ITPR1-DT	61	40	67
ITPR2	12389	8874	17440
ITPR2-AS1	233	140	284
ITPR2-AS2	351	217	457
ITPR3	4854	3134	6346
ITPRID1	481	418	687
ITPRID2	4090	3074	6031
ITPRID2-DT	25	13	20
ITPRIP	756	399	763
ITPRIP-AS1	33	15	33
ITPRIPL1	116	64	138
ITPRIPL2	4	0	3
ITPRIPL2-AS1	47	31	89
ITSN1	13771	8761	15654
ITSN2	7265	4754	8789
IUR1	76	68	122
IVD	1462	1129	2024
IVL	97	64	119
IVNS1ABP	5296	3251	6796
IWS1	4898	3565	6492
IYD	140	101	207
IZUMO1	66	47	87
IZUMO1R	12	9	20
IZUMO2	51	42	80
IZUMO3	77	33	95
IZUMO4	87	69	143
JADE1	1176	1040	1604
JADE2	784	540	1006
JADE3	2314	1419	3227
JADRR	18	10	21
JAG1	4842	3551	6189
JAG2	570	549	792
JAGN1	66	74	116
JAK1	11924	7779	13224
JAK2	6517	4395	8400
JAK3	287	204	412
JAKMIP1	0	0	2
JAKMIP1-AS1	11	11	20
JAKMIP2	1369	815	1792
JAKMIP2-AS1	499	330	618
JAKMIP3	846	583	1101
JAKMIP3-AS1	17	14	21
JAM2	3455	2443	4208
JAM3	4452	3079	5311
JAML	166	99	177
JARID2	15214	11114	19801
JARID2-AS1	7	5	4
JARID2-DT	4	4	7
JAZF1	13737	10645	15985
JAZF1-AS1	205	159	252
JCAD	2121	1140	2152
JCHAIN	192	117	223
JDP2	1680	832	1291
JDP2-AS1	12	4	21
JHY	1499	1059	2180
JKAMP	1629	1135	1874
JMJD1C	43183	28565	52021
JMJD1C-AS1	51	31	70
JMJD4	258	180	269
JMJD6	767	598	950
JMJD7-PLA2G4B	2	4	6
JMJD8	138	95	180
JMY	2173	1568	2699
JOSD1	929	580	1121
JOSD2	182	132	235
JPH1	813	1047	1458
JPH2	485	920	621
JPH3	413	265	590
JPH4	97	70	151
JPT1	791	641	1126
JPT2	809	612	1201
JPX	16437	11459	21789
JRK	781	623	1149
JRKL	799	573	979
JRKL-AS1	412	285	504
JSRP1	129	141	161
JTB-DT	14	14	18
JUN	8572	3532	6602
JUNB	2350	1062	1809
JUND	2015	697	1265
JUP	1878	1704	2536
KAAG1	5	8	6
KALRN	19282	11262	20983
KANK1	9126	6887	14312
KANK1-AS1	70	54	71
KANK2	2874	2055	3452
KANK3	764	450	811
KANK4	1116	921	1732
KANSL1	19102	15491	23385
KANSL1-AS1	61	62	95
KANSL1L	6913	5226	10440
KANSL1L-AS1	1551	1103	1911
KANSL2	2003	1510	2597
KANSL3	3579	2535	4530
KANTR	4351	3103	5834
KARS1	1271	972	1602
KASH5	149	95	203
KAT14	937	647	1284
KAT2A	801	529	1048
KAT2B	3600	2649	4364
KAT5	805	531	965
KAT6A	10386	7171	13003
KAT6B	14878	9879	16399
KAT7	3587	2604	4775
KAT8	849	707	1073
KATNA1	1656	1032	2064
KATNAL1	5301	3634	6908
KATNAL2	2066	1565	3439
KATNB1	299	256	455
KATNBL1	8622	6564	11631
KATNIP	4124	2884	5333
KAZALD1	222	127	242
KAZALD1-DT	59	43	67
KAZN	23332	14086	28275
KAZN-AS1	296	162	351
KBTBD11	787	501	912
KBTBD11-AS1	158	110	226
KBTBD11-OT1	299	211	373
KBTBD11-OT1.1	142	84	208
KBTBD12	335	574	423
KBTBD13	32	12	16
KBTBD2	2103	1388	2488
KBTBD3	370	290	508
KBTBD4	110	85	160
KBTBD6	95	106	132
KBTBD6-DT	1005	713	1390
KBTBD7	163	118	191
KBTBD8	77	43	103
KC6	1216	1036	2418
KCMF1	4062	2758	4993
KCNA10	6	10	11
KCNA2	351	234	544
KCNA3	89	57	93
KCNA4	42	25	62
KCNA5	25	19	47
KCNA6-AS1	79	53	104
KCNA7	27	42	34
KCNAB1	572	376	694
KCNAB1-AS1	22	19	23
KCNAB1-AS2	20	16	33
KCNAB2	1298	860	1909
KCNAB3	313	234	474
KCNB1	1723	1128	2257
KCNB2	2703	2116	4139
KCNB2-AS1	10	3	14
KCNC1	498	390	665
KCNC2	487	351	712
KCNC3	256	160	463
KCNC4	513	391	756
KCNC4-DT	13	10	18
KCND1	158	92	157
KCND2	4847	2125	4390
KCND3	800	638	1011
KCND3-AS1	4	3	5
KCNE1	114	95	165
KCNE2	66	55	73
KCNE3	110	77	184
KCNE4	2256	1051	2448
KCNE5	2	5	6
KCNF1	0	1	5
KCNG1	143	59	189
KCNG2	351	230	397
KCNG3	173	125	255
KCNG4	85	48	84
KCNH1	606	415	701
KCNH2	235	193	292
KCNH3	183	112	265
KCNH4	108	93	158
KCNH5	2101	1255	2568
KCNH6	80	70	95
KCNH7	1524	1153	2100
KCNH7-AS1	77	76	93
KCNH8	3136	2926	4787
KCNIP1	3881	2899	4121
KCNIP1-AS1	98	64	156
KCNIP1-AS2	22	19	37
KCNIP2	761	390	839
KCNIP2-AS1	103	59	167
KCNIP3	820	531	946
KCNIP4	26270	15001	38436
KCNIP4-AS1	49	29	61
KCNIP4-AS2	75	50	105
KCNIP4-AS3	129	79	180
KCNIP4-DT	918	561	1192
KCNJ1	104	60	137
KCNJ10	271	170	325
KCNJ11	76	72	104
KCNJ12	428	358	588
KCNJ13	31	24	42
KCNJ14	221	169	270
KCNJ15	671	483	861
KCNJ16	322	177	372
KCNJ18	45	28	46
KCNJ2	157	130	240
KCNJ2-AS1	12	15	23
KCNJ3	941	1015	1342
KCNJ4	89	91	114
KCNJ5	273	229	429
KCNJ5-AS1	51	39	63
KCNJ6	1987	1230	2578
KCNJ8	362	240	500
KCNJ8-AS1	377	258	562
KCNJ9	49	22	58
KCNK1	615	331	783
KCNK10	452	286	560
KCNK10-AS1	25	20	23
KCNK12	217	146	315
KCNK13	545	392	779
KCNK15	40	19	41
KCNK15-AS1	379	222	448
KCNK16	32	18	37
KCNK17	94	59	130
KCNK18	45	22	43
KCNK2	1269	1185	1871
KCNK3	158	110	224
KCNK4	12	1	9
KCNK4-TEX40	6	5	10
KCNK5	192	141	296
KCNK6	339	243	313
KCNK7	37	22	47
KCNK9	304	166	437
KCNMA1	9623	5333	12964
KCNMA1-AS1	376	255	553
KCNMA1-AS2	2	4	4
KCNMA1-AS3	59	38	53
KCNMB1	98	60	100
KCNMB2	453	324	568
KCNMB2-AS1	1627	1076	2272
KCNMB3	890	517	1001
KCNMB4	1934	1329	2954
KCNN1	419	317	665
KCNN2	5366	4125	9287
KCNN2-AS1	989	564	1246
KCNN3	1515	1304	1956
KCNN4	116	70	197
KCNQ1	3071	2066	4280
KCNQ1-AS1	124	70	132
KCNQ1DN	2	1	2
KCNQ1OT1	43989	26302	55455
KCNQ2	336	218	481
KCNQ2-AS1	11	1	5
KCNQ3	3988	2437	4804
KCNQ4	407	452	469
KCNQ5	2745	2234	4249
KCNQ5-AS1	43	25	50
KCNQ5-DT	29	23	49
KCNRG	15	10	10
KCNS1	36	13	51
KCNS2	37	25	39
KCNS3	3186	2664	4852
KCNT1	409	362	542
KCNT2	8155	4962	8776
KCNU1	697	511	1019
KCNV1	49	33	64
KCNV2	33	33	42
KCP	1125	794	1592
KCTD1	3898	2826	5966
KCTD10	1240	811	1520
KCTD11	61	56	74
KCTD12	930	619	648
KCTD13	1462	1039	1782
KCTD13-DT	17	25	91
KCTD14	9	6	11
KCTD14-AS2	0	3	1
KCTD15	1348	905	1686
KCTD16	1386	715	1497
KCTD17	167	92	182
KCTD18	496	374	664
KCTD19	191	152	303
KCTD2	508	385	710
KCTD20	3814	2609	4625
KCTD21	247	181	293
KCTD21-AS1	514	295	557
KCTD3	3491	2550	4730
KCTD4	35	19	33
KCTD5	239	184	392
KCTD6	232	205	357
KCTD7	2	0	9
KCTD8	1050	526	1141
KCTD9	1822	1253	2252
KDELR1	604	487	780
KDELR3	405	242	421
KDF1	72	52	117
KDM1A	3875	2580	4765
KDM1B	2073	1601	2662
KDM2A	12184	8607	15360
KDM2B	3422	2745	4709
KDM2B-DT	422	332	603
KDM3A	4395	3215	5476
KDM3B	4595	3426	6125
KDM4A-AS1	255	212	291
KDM4B	6663	4824	9013
KDM4C	7459	5816	9469
KDM4D	206	168	353
KDM4E	3	3	4
KDM4F	9	0	3
KDM5A	6320	4624	8272
KDM5B	6698	4703	8301
KDM5C	4301	3056	5391
KDM5D	115	81	121
KDM5D-DT	0	2	8
KDM6A	16224	10562	19911
KDM6B	1069	689	1403
KDM7A	2805	2249	3512
KDM7A-DT	34	43	48
KDM8	293	209	383
KDNBY	2	0	0
KDR	3885	2364	4442
KDR-AS1	213	119	274
KDSR	1731	1191	1893
KDSR-DT	313	199	335
KEAP1	327	317	438
KEL	209	152	239
KERA	65	29	55
KHDC1	843	522	905
KHDC1-AS1	2138	1657	3183
KHDC3L	7	6	12
KHDC4	3440	2504	4100
KHDRBS1	5835	3900	7507
KHDRBS2	3391	2064	5128
KHDRBS2-OT1	158	115	263
KHDRBS3	3148	2118	3793
KHK	143	74	221
KHNYN	960	643	1287
KHSRP	1072	793	1404
KIAA0040	686	506	972
KIAA0087	22	12	26
KIAA0100	2185	1522	2943
KIAA0232	5609	3766	7264
KIAA0319	358	254	516
KIAA0319L	6264	4378	8058
KIAA0513	703	500	884
KIAA0586	3640	2528	4739
KIAA0753	2971	2040	4309
KIAA0825	9064	6459	12284
KIAA0895	343	248	507
KIAA0895L	862	592	1215
KIAA0930	1460	1093	1713
KIAA1109	15778	11071	19326
KIAA1143	433	283	497
KIAA1191	668	470	860
KIAA1191-AS1	62	26	52
KIAA1210	182	111	238
KIAA1217	24879	19847	31984
KIAA1328	13632	8746	16987
KIAA1522	870	767	1320
KIAA1549	2543	1884	3385
KIAA1549L	1858	1330	2974
KIAA1586	1308	942	1640
KIAA1614	1185	861	1533
KIAA1671	4453	3586	5772
KIAA1671-AS1	77	60	80
KIAA1755	655	430	988
KIAA1958	5126	3254	6446
KIAA2012	594	413	776
KIAA2012-AS1	205	169	296
KIAA2013	128	95	171
KIAA2026	6622	4819	8469
KICS2	207	192	346
KIDINS220	9330	6315	11243
KIF11	2514	1665	3539
KIF12	386	371	707
KIF13A	12484	8946	16922
KIF13B	3146	2136	3706
KIF14	1341	939	1999
KIF15	2367	1493	3311
KIF16B	6433	5268	8379
KIF17	236	155	303
KIF18A	1887	1213	2673
KIF18B	1111	775	1622
KIF18B-DT	5	1	7
KIF19	153	94	223
KIF1A	504	312	722
KIF1B	12623	9501	15845
KIF1C	1145	970	1325
KIF1C-AS1	10	8	13
KIF20A	299	247	417
KIF20B	2150	1455	3004
KIF21A	2172	2384	2850
KIF21B	369	238	512
KIF22	1163	773	1749
KIF23	1452	988	1976
KIF23-AS1	214	130	304
KIF24	1120	782	1481
KIF25	307	215	424
KIF25-AS1	47	29	53
KIF26A	1275	819	1863
KIF26A-DT	20	10	23
KIF26B	21334	13276	30832
KIF26B-AS1	176	94	243
KIF26B-AS2	0	0	1
KIF26B-AS3	15	12	15
KIF27	2942	1927	3930
KIF2A	2	1	2
KIF2B	5	2	6
KIF2C	732	559	1036
KIF3A	2176	1549	2871
KIF3A-AS1	120	93	135
KIF3B	1599	1042	2090
KIF3C	1128	732	1512
KIF4A	1852	1149	2430
KIF4B	26	10	32
KIF5A	211	143	263
KIF5B	4925	3583	6345
KIF5C	837	507	1124
KIF5C-AS1	122	55	146
KIF6	2469	1540	3308
KIF7	1877	1089	2195
KIF9	487	330	603
KIF9-AS1	3351	2529	4120
KIFAP3	7886	5374	9942
KIFAP3-AS1	3	0	2
KIFBP	1192	855	1555
KIFC1	1416	998	1848
KIFC2	560	431	700
KIFC3	1022	826	1553
KILH	5	0	0
KIN	2160	1619	2971
KIR2DL4	30	19	31
KIR2DS4	24	11	34
KIR3DL1	32	15	41
KIR3DL2	26	14	38
KIRREL1	7289	4198	8645
KIRREL2	29	25	49
KIRREL3	9004	6081	18909
KIRREL3-AS1	495	330	660
KIRREL3-AS2	12	14	16
KIRREL3-AS3	18	13	30
KIRREL3-AS4	133	100	195
KISS1	227	183	848
KISS1R	16	11	34
KIT	2148	1432	3179
KITLG	4242	2456	4876
KIZ	4537	3062	5853
KIZ-AS1	235	134	256
KL	630	383	755
KLB	382	215	337
KLC1	2295	1626	2883
KLC1-AS1	29	18	34
KLC2	703	475	881
KLC2-AS1	21	25	41
KLC2-AS2	21	23	48
KLC3	277	278	427
KLC4	1095	721	1272
KLC4-AS1	4	3	6
KLF1	42	39	40
KLF10	511	329	505
KLF11	452	287	451
KLF12	26487	14633	27603
KLF13	1858	1490	2342
KLF14	42	23	39
KLF15	170	100	184
KLF16	159	104	192
KLF16-AS1	28	21	26
KLF17	49	34	56
KLF18	0	2	7
KLF2	1113	432	646
KLF2-DT	489	391	691
KLF3	3099	2208	3650
KLF3-AS1	3376	2570	4126
KLF4	3061	860	1833
KLF5	1537	1334	2213
KLF6	4888	2308	4260
KLF7	8496	5112	8536
KLF8	832	731	1255
KLF9	266	178	262
KLHDC1	2596	1617	2979
KLHDC10	7278	4747	9521
KLHDC2	1760	1438	2346
KLHDC3	1224	886	1340
KLHDC4	2359	1848	2630
KLHDC7A	17	7	23
KLHDC7B	32	6	36
KLHDC7B-DT	0	2	2
KLHDC8A	587	252	451
KLHDC8B	273	239	296
KLHDC9	35	17	45
KLHL1	1246	814	1681
KLHL10	93	49	105
KLHL11	278	279	408
KLHL12	1165	836	1514
KLHL13	3325	3251	3767
KLHL14	575	348	760
KLHL14-AS1	20	19	24
KLHL15	851	516	895
KLHL17	115	53	135
KLHL18	1697	1188	2154
KLHL2	1931	1093	2107
KLHL20	3185	2105	3864
KLHL21	858	721	1132
KLHL22	4025	2944	5268
KLHL23	2180	1923	2907
KLHL24	2544	2149	3401
KLHL25	843	693	1126
KLHL26	290	200	343
KLHL28	1526	1161	2006
KLHL29	10851	7585	13367
KLHL3	2537	1613	2930
KLHL30	87	112	97
KLHL30-AS1	16	1	6
KLHL31	255	445	354
KLHL32	871	581	1178
KLHL33	64	32	63
KLHL34	44	35	57
KLHL35	112	79	120
KLHL36	503	373	719
KLHL38	50	58	57
KLHL4	2264	1137	1868
KLHL40	75	123	72
KLHL41	44	122	57
KLHL42	1307	942	1787
KLHL5	3098	2036	3986
KLHL6	432	291	544
KLHL6-AS1	66	46	88
KLHL7	3529	2441	4547
KLHL7-DT	38	34	45
KLHL8	2170	1535	2809
KLHL9	425	385	638
KLK1	49	41	66
KLK10	65	64	64
KLK11	60	64	87
KLK12	14	8	8
KLK13	12	34	28
KLK14	21	28	39
KLK15	56	23	55
KLK2	42	35	63
KLK3	20	6	19
KLK4	38	26	39
KLK5	45	73	58
KLK6	41	33	56
KLK7	51	113	56
KLKB1	250	173	272
KLLN	45	44	58
KLRB1	66	45	80
KLRC1	30	28	44
KLRC2	10	8	14
KLRC4-KLRK1	48	27	51
KLRD1	841	618	1239
KLRF1	49	29	73
KLRF2	56	49	83
KLRG1	487	336	666
KLRG2	335	211	514
KLRK1-AS1	381	344	602
KMO	520	425	1037
KMT2A	4056	2686	5724
KMT2B	1206	867	1534
KMT2C	26246	19245	34778
KMT2D	1960	1407	2558
KMT2E	12243	8896	15301
KMT2E-AS1	397	291	527
KMT5A	1423	974	1671
KMT5B	7138	4981	9257
KMT5C	420	416	615
KNCN	40	18	33
KNDC1	534	348	863
KNG1	83	84	115
KNL1	2906	1922	3864
KNOP1	2147	2108	3008
KNSTRN	483	403	704
KNTC1	4862	3314	7075
KPNA1	7956	5451	9514
KPNA2	1071	685	1258
KPNA3	5606	3630	6879
KPNA4	4889	3349	5658
KPNA5	2865	2097	3718
KPNA6	3291	2332	4114
KPNA7	354	221	438
KPNB1	3951	2652	4907
KPNB1-DT	1926	1421	2712
KPRP	19	12	17
KPTN	263	195	408
KRAS	1592	1002	1630
KRBA1	526	341	610
KRBA2	472	369	735
KRBOX1-AS1	5	2	9
KRBOX4	1630	1183	2154
KRBOX5	1558	1239	2173
KRCC1	2221	1720	2978
KREMEN1	5097	4001	7225
KREMEN2	546	325	966
KRI1	1129	833	1385
KRIT1	26	5	22
KRR1	1415	990	1896
KRT1	1196	886	1975
KRT10	8660	5933	10879
KRT10-AS1	377	258	547
KRT12	29	20	20
KRT13	442	301	1231
KRT14	1067	941	1358
KRT15	1646	1622	2777
KRT16	93	99	88
KRT17	2357	1607	3017
KRT18	130	107	278
KRT19	285	221	605
KRT2	49	32	81
KRT20	34	30	32
KRT23	681	412	963
KRT24	8	8	18
KRT25	367	612	363
KRT26	64	54	55
KRT27	176	296	183
KRT28	283	538	252
KRT3	17	10	22
KRT31	19	25	34
KRT32	24	46	59
KRT33A	13	16	11
KRT33B	11	7	16
KRT34	12	4	8
KRT35	44	99	46
KRT36	20	21	34
KRT37	11	5	23
KRT38	22	14	20
KRT39	48	46	54
KRT4	452	308	1366
KRT40	38	48	73
KRT5	1870	1391	2844
KRT6A	159	138	188
KRT6B	65	95	53
KRT6C	10	3	19
KRT7	154	137	285
KRT7-AS	10	6	14
KRT71	328	556	348
KRT72	65	75	91
KRT73	87	172	97
KRT73-AS1	61	36	59
KRT74	104	213	146
KRT75	146	282	170
KRT76	25	12	31
KRT77	108	166	131
KRT78	102	62	123
KRT79	151	322	168
KRT8	413	267	690
KRT80	250	251	322
KRT81	14	8	12
KRT82	67	49	79
KRT83	28	19	46
KRT84	21	15	30
KRT84-AS1	88	71	101
KRT85	122	134	99
KRT86	198	129	241
KRT86-AS1	40	26	34
KRT86-AS2	38	37	69
KRT9	27	15	30
KRTAP1-1	4	7	9
KRTAP1-3	3	3	7
KRTAP1-4	1	2	3
KRTAP1-5	6	2	6
KRTAP10-10	1	2	4
KRTAP10-11	0	2	6
KRTAP10-12	3	3	5
KRTAP10-4	4	3	6
KRTAP10-7	9	7	12
KRTAP10-8	3	4	7
KRTAP10-9	3	4	6
KRTAP11-1	4	6	6
KRTAP12-3	3	1	4
KRTAP13-1	2	5	4
KRTAP13-2	0	3	0
KRTAP13-3	2	0	0
KRTAP13-4	2	0	3
KRTAP15-1	3	2	5
KRTAP16-1	9	6	12
KRTAP17-1	17	9	13
KRTAP19-1	6	3	5
KRTAP19-2	3	0	2
KRTAP19-3	2	2	3
KRTAP19-4	3	2	4
KRTAP19-5	7	3	10
KRTAP19-6	0	0	1
KRTAP19-7	0	0	2
KRTAP19-8	0	2	0
KRTAP2-1	2	4	9
KRTAP2-2	10	3	15
KRTAP2-3	3	3	9
KRTAP2-4	7	4	5
KRTAP20-1	0	1	0
KRTAP20-3	0	0	3
KRTAP20-4	0	0	0
KRTAP21-1	4	2	2
KRTAP21-2	0	3	6
KRTAP22-1	0	0	1
KRTAP22-2	0	0	2
KRTAP23-1	5	1	8
KRTAP24-1	11	2	9
KRTAP25-1	0	0	3
KRTAP26-1	2	6	7
KRTAP27-1	4	3	3
KRTAP29-1	5	0	3
KRTAP3-1	26	17	29
KRTAP3-2	2	5	8
KRTAP3-3	9	4	4
KRTAP4-1	11	5	6
KRTAP4-11	3	5	1
KRTAP4-12	4	5	6
KRTAP4-2	4	3	3
KRTAP4-3	7	2	4
KRTAP4-4	8	1	6
KRTAP4-5	7	4	2
KRTAP4-6	7	3	11
KRTAP4-7	7	2	13
KRTAP4-8	7	8	3
KRTAP4-9	10	4	5
KRTAP5-1	3	2	4
KRTAP5-10	8	10	15
KRTAP5-11	106	52	90
KRTAP5-2	5	8	7
KRTAP5-3	5	2	3
KRTAP5-4	5	2	10
KRTAP5-5	9	8	12
KRTAP5-6	7	4	4
KRTAP5-7	7	9	7
KRTAP5-8	5	4	16
KRTAP5-9	9	9	10
KRTAP5-AS1	152	164	223
KRTAP6-1	0	1	4
KRTAP6-2	4	1	1
KRTAP6-3	0	4	2
KRTAP7-1	5	3	9
KRTAP8-1	3	2	8
KRTAP9-1	0	0	0
KRTAP9-2	5	6	8
KRTAP9-3	5	5	11
KRTAP9-4	9	11	10
KRTAP9-7	2	1	2
KRTAP9-8	6	5	7
KRTAP9-9	7	5	5
KRTCAP3	98	95	179
KRTDAP	348	326	457
KSR1	4971	3123	5956
KSR2	1710	1175	2265
KTN1	8845	6673	12023
KTN1-AS1	882	625	1119
KU-MEL-3	19	17	27
KXD1	426	290	525
KXD1-AS1	18	7	13
KY	452	932	588
KYAT1	92	68	109
KYAT3	2298	1639	3198
KYNU	974	681	1492
L1CAM	105	74	173
L1CAM-AS1	45	23	48
L1TD1	499	262	855
L2HGDH	1587	1183	2304
L3HYPDH	835	671	1061
L3MBTL2	986	752	1290
L3MBTL2-AS1	231	171	332
L3MBTL3	2385	1584	2902
L3MBTL4	17161	9955	17050
L3MBTL4-AS1	17	11	22
LACC1	112	79	140
LACRT	17	5	21
LACTB	343	301	449
LACTB2	360	264	532
LACTB2-AS1	287	189	402
LACTBL1	67	57	96
LAD1	368	279	530
LAG3	104	42	91
LAGE3	24	20	40
LAIR1	92	85	119
LAIR2	17	17	27
LALBA	3	1	2
LALTOP	257	152	291
LAMA1	697	481	1113
LAMA2	20518	19073	24131
LAMA3	8725	5417	13430
LAMA4	32940	19217	34679
LAMA4-AS1	2	1	14
LAMA5	1594	1355	2417
LAMA5-AS1	14	17	23
LAMB1	16650	11099	24788
LAMB2	2771	1809	3339
LAMB3	410	339	606
LAMB4	1830	984	2555
LAMC1	9313	6124	11442
LAMC1-AS1	17	18	19
LAMC2	827	629	1270
LAMC3	3874	2420	6540
LAMP1	895	701	1113
LAMP2	1589	1329	1917
LAMP3	110	106	226
LAMP5	101	48	104
LAMP5-AS1	39	19	43
LAMTOR1	754	519	1037
LAMTOR2	154	139	189
LAMTOR3	547	440	796
LAMTOR4	511	421	688
LAMTOR5	373	319	462
LAMTOR5-AS1	2983	2235	4399
LANCL1	1584	1301	2202
LANCL1-AS1	648	1016	821
LANCL2	1886	1188	2223
LAP3	1428	961	1719
LAPTM4A	2093	1574	2549
LAPTM4A-DT	47	45	68
LAPTM4B	1481	1015	1784
LAPTM5	171	124	200
LARGE-AS1	112	78	128
LARGE1	16448	10629	22206
LARGE1-AS1	0	0	4
LARGE1-AS2	10	3	12
LARGE2	210	200	398
LARP1	6196	4322	7975
LARP1B	6129	4706	7631
LARP4	4181	3176	5324
LARP4B	6680	5473	8913
LARP4B-DT	47	39	63
LARP6	451	252	526
LARP7	3284	2252	4459
LARRPM	72	52	87
LARS1	8991	6265	10836
LARS2	4118	2801	5468
LARS2-AS1	103	77	104
LAS1L	1637	1089	2107
LASP1	2912	1867	3211
LASTR	300	183	404
LAT2	366	241	459
LATS1	4453	3267	5805
LATS2	5072	3088	5785
LATS2-AS1	106	73	131
LAX1	111	78	142
LAYN	330	210	336
LBH	1536	965	1951
LBHD1	243	155	304
LBHD2	31	26	41
LBP	79	76	127
LBR	3207	2165	4053
LBX1	15	23	17
LBX1-AS1	163	194	185
LBX2	92	51	115
LBX2-AS1	35	25	43
LCA5	1115	770	1530
LCA5L	247	203	302
LCAL1	49	51	92
LCAT	484	354	584
LCE1A	3	0	4
LCE1B	6	6	2
LCE1C	23	9	8
LCE1D	4	3	5
LCE1E	4	6	13
LCE1F	9	10	10
LCE2A	2	4	0
LCE2B	9	2	5
LCE2C	8	1	5
LCE2D	6	10	8
LCE3A	0	0	4
LCE3B	0	0	2
LCE3C	0	0	5
LCE3D	4	5	5
LCE3E	4	1	4
LCE4A	7	5	7
LCE5A	10	3	15
LCE6A	4	4	3
LCE7A	2	0	3
LCIIAR	56	38	118
LCK	188	121	236
LCLAT1	6062	4076	7889
LCMT1	2283	1803	2771
LCMT1-AS1	259	189	372
LCMT1-AS2	679	508	1294
LCMT2	80	55	103
LCN1	25	19	32
LCN12	91	88	153
LCN15	37	15	35
LCN2	31	18	31
LCN6	0	0	2
LCN8	18	28	29
LCN9	13	3	22
LCNL1	15	5	13
LCOR	10380	7388	12997
LCORL	12248	8479	15964
LCP1	759	459	1050
LCP2	622	352	680
LCT	183	119	206
LCT-AS1	6	2	10
LCTL	62	61	97
LDAF1	359	382	492
LDAH	4096	2732	5730
LDB1	1589	1129	2095
LDB2	42268	21103	40337
LDB2-AS1	468	296	690
LDB3	948	2744	1142
LDHA	857	561	911
LDHAL6A	91	69	111
LDHAL6B	3	3	9
LDHB	412	259	535
LDHC	160	106	192
LDHD	34	29	53
LDLR	4067	1925	3679
LDLRAD1	26	28	54
LDLRAD2	87	35	70
LDLRAD3	9661	6894	13497
LDLRAD4	11570	8494	12049
LDLRAD4-AS1	21	20	28
LDLRAD4-AS2	7	5	9
LDLRAD4-AS3	85	52	109
LDLRAP1	748	589	1094
LDOC1	899	635	1096
LEAP2	34	16	36
LECT2	142	96	207
LEF1	9190	6456	16659
LEF1-AS1	1171	797	1820
LEFTY1	3	3	0
LEFTY2	22	10	23
LEKR1	1163	806	1655
LELP1	7	5	6
LEMD1	171	131	293
LEMD1-AS1	37	42	58
LEMD1-DT	49	23	72
LEMD2	1024	692	1287
LEMD3	3638	2644	4584
LENEP	0	4	3
LENG1	402	288	473
LENG8	5612	4206	6929
LENG8-AS1	719	531	836
LENG9	35	31	53
LEO1	1682	1197	2222
LEP	77	60	88
LEPR	4087	2594	4463
LEPROT	20	14	16
LEPROTL1	949	724	1281
LERFS	513	156	360
LETM1	905	682	1119
LETM2	369	256	464
LETMD1	1673	1222	2079
LETR1	2202	1274	2351
LEUTX	15	1	13
LEXM	110	67	156
LFNG	528	436	774
LGALS1	572	516	636
LGALS12	212	121	158
LGALS13	40	23	65
LGALS14	27	29	74
LGALS16	13	10	23
LGALS2	31	25	44
LGALS3	1228	848	1627
LGALS3BP	158	127	161
LGALS4	108	79	106
LGALS7	37	44	33
LGALS7B	56	39	70
LGALS8	1860	1288	2574
LGALS8-AS1	30	16	40
LGALS9	81	67	119
LGALS9B	45	27	44
LGALS9C	55	25	73
LGALSL	263	143	283
LGALSL-DT	989	670	1279
LGI1	178	206	258
LGI2	121	94	179
LGI3	46	41	104
LGI4	1580	1046	2001
LGMN	1483	1198	1738
LGR4	11525	9642	15275
LGR4-AS1	120	95	153
LGR5	5389	4133	6289
LGR6	2498	1941	4329
LGSN	173	122	231
LHB	4	0	7
LHFPL1	158	137	199
LHFPL2	19371	10485	27113
LHFPL3	3531	2234	4677
LHFPL3-AS1	263	170	355
LHFPL3-AS2	151	88	183
LHFPL4	217	164	325
LHFPL5	119	85	183
LHFPL6	21375	14364	23742
LHFPL7	88	58	135
LHPP	1656	1210	2170
LHX1	66	54	108
LHX1-DT	270	151	313
LHX2	790	804	1138
LHX2-AS1	17	11	27
LHX3	20	23	49
LHX4	229	140	311
LHX5	57	30	71
LHX5-AS1	39	21	71
LHX6	434	218	459
LHX8	153	89	187
LHX9	132	90	174
LIAS	961	748	1291
LIF	106	56	88
LIF-AS1	4	1	10
LIF-AS2	20	7	24
LIFR	9293	6063	11832
LIFR-AS1	813	585	1107
LIG1	3243	2056	4314
LIG1-AS1	3	0	0
LIG3	1252	894	1714
LIG4	522	406	730
LILRA1	18	10	21
LILRA2	29	15	60
LILRA4	3	6	10
LILRA5	4	0	2
LILRA6	15	11	16
LILRB1	76	56	89
LILRB1-AS1	6	3	7
LILRB2	47	27	46
LILRB3	33	30	50
LILRB4	66	50	89
LILRB5	198	139	182
LIM2	8	7	14
LIM2-AS1	59	29	82
LIMA1	9508	4638	8890
LIMASI	209	158	275
LIMCH1	14249	12337	15108
LIMCH1-AS1	7	9	6
LIMD1	3668	2510	5069
LIMD1-AS1	94	82	122
LIMK1	689	518	971
LIMK2	2428	1736	3147
LIMS1	10986	6736	12564
LIMS1-AS1	5	2	6
LIMS2	817	617	1139
LIN28A	74	57	68
LIN28B	508	360	1305
LIN28B-AS1	257	167	363
LIN52	3392	2444	4572
LIN54	2253	1586	2810
LIN7A	1642	1248	2516
LIN7B	276	215	413
LIN7C	1344	1013	1634
LIN9	1839	1280	2617
LINC-PINT	2690	1968	3775
LINC-ROR	69	44	76
LINC00028	26	13	20
LINC00029	2	10	14
LINC00051	65	49	96
LINC00052	6	5	13
LINC00092	185	136	240
LINC00111	81	60	137
LINC00112	8	9	7
LINC00113	58	39	66
LINC00114	53	37	71
LINC00115	647	446	860
LINC00158	221	119	237
LINC00159	1111	891	1547
LINC00160	53	41	83
LINC00161	6	4	1
LINC00163	26	19	23
LINC00165	10	9	12
LINC00173	255	205	344
LINC00174	2547	2174	3674
LINC00184	21	5	30
LINC00189	54	23	65
LINC00200	541	302	598
LINC00205	840	636	1001
LINC00207	7	8	14
LINC00208	19	21	21
LINC00210	104	74	127
LINC00211	360	260	470
LINC00216	5	6	9
LINC00221	82	52	119
LINC00222	112	83	124
LINC00226	2	0	5
LINC00229	111	77	139
LINC00235	86	56	115
LINC00237	78	55	107
LINC00239	11	7	6
LINC00240	312	190	394
LINC00242	57	36	55
LINC00243	157	116	208
LINC00244	0	0	4
LINC00251	62	46	83
LINC00261	91	82	129
LINC00265	1398	912	1898
LINC00269	104	71	134
LINC00272	6	4	5
LINC00273	4	3	6
LINC00276	2834	1861	3516
LINC00278	181	137	198
LINC00279	204	135	236
LINC00290	287	184	381
LINC00293	271	171	306
LINC00297	29	23	37
LINC00298	252	159	271
LINC00299	755	649	1082
LINC00303	11	12	18
LINC00304	0	2	0
LINC00305	187	119	269
LINC00307	6	3	9
LINC00308	26	21	42
LINC00309	122	66	137
LINC00313	10	5	26
LINC00314	27	16	18
LINC00315	47	23	45
LINC00316	24	11	14
LINC00317	28	22	40
LINC00319	0	0	6
LINC00320	321	277	503
LINC00322	53	26	70
LINC00323	47	20	58
LINC00324	83	42	98
LINC00326	420	285	567
LINC00327	1969	1348	3135
LINC00330	25	20	42
LINC00331	153	116	199
LINC00332	108	89	139
LINC00333	0	3	2
LINC00334	123	117	259
LINC00336	39	37	63
LINC00342	16173	9127	16785
LINC00343	218	170	317
LINC00345	29	16	42
LINC00347	35	16	43
LINC00348	461	301	590
LINC00349	24	18	36
LINC00350	84	37	85
LINC00351	827	489	907
LINC00352	39	24	52
LINC00353	3	5	4
LINC00354	130	105	172
LINC00355	452	345	609
LINC00358	70	38	86
LINC00362	7	0	6
LINC00363	61	33	100
LINC00364	128	90	184
LINC00365	45	19	41
LINC00366	180	112	265
LINC00368	26	30	32
LINC00370	49	44	83
LINC00373	170	139	254
LINC00374	48	34	63
LINC00375	38	27	38
LINC00376	369	277	446
LINC00377	226	147	260
LINC00378	1922	1328	3308
LINC00379	32	19	39
LINC00380	10	2	16
LINC00381	72	43	106
LINC00382	192	132	250
LINC00383	251	135	318
LINC00384	39	17	56
LINC00385	17	22	21
LINC00387	8	6	14
LINC00388	4	1	15
LINC00390	187	141	252
LINC00391	90	53	140
LINC00392	96	55	113
LINC00393	1203	825	1544
LINC00395	153	100	183
LINC00396	2	1	8
LINC00397	5	4	6
LINC00398	29	15	28
LINC00399	3	3	5
LINC00400	3	0	4
LINC00402	78	45	96
LINC00404	8	1	8
LINC00407	284	167	300
LINC00408	72	66	94
LINC00410	92	56	101
LINC00411	36	35	49
LINC00415	14	6	13
LINC00421	8	5	12
LINC00423	120	72	150
LINC00424	22	11	27
LINC00426	138	116	243
LINC00427	16	5	9
LINC00428	0	1	4
LINC00430	65	45	67
LINC00433	294	232	398
LINC00434	6	4	5
LINC00437	18	9	43
LINC00440	234	161	318
LINC00442	36	21	64
LINC00445	19	12	26
LINC00448	300	221	437
LINC00449	15	8	12
LINC00452	94	64	112
LINC00454	26	14	33
LINC00456	63	40	69
LINC00457	270	224	334
LINC00458	66	43	105
LINC00459	55	42	63
LINC00460	46	17	69
LINC00461	755	465	1016
LINC00462	103	71	124
LINC00463	13	19	33
LINC00466	502	396	674
LINC00467	522	417	766
LINC00469	277	168	341
LINC00470	680	566	1293
LINC00471	235	189	280
LINC00472	187	155	252
LINC00474	165	85	203
LINC00477	34	28	50
LINC00479	15	17	25
LINC00482	78	63	155
LINC00484	359	295	484
LINC00485	35	27	76
LINC00486	4562	3023	6113
LINC00486.1	187	90	177
LINC00487	139	89	195
LINC00488	94	78	124
LINC00489	13	4	9
LINC00491	323	238	463
LINC00492	123	83	149
LINC00494	25	16	43
LINC00498	82	43	109
LINC00499	1151	808	1416
LINC00501	100	76	103
LINC00502	110	59	113
LINC00504	1291	920	1550
LINC00506	1202	882	1574
LINC00507	124	94	139
LINC00508	185	110	206
LINC00511	4053	2721	6252
LINC00513	9789	5910	12197
LINC00517	77	47	115
LINC00518	51	35	60
LINC00519	125	87	126
LINC00520	77	45	82
LINC00523	127	83	167
LINC00524	16	4	19
LINC00525	27	19	35
LINC00526	5	4	9
LINC00528	8	6	9
LINC00529	88	61	127
LINC00533	19	6	27
LINC00534	1549	1004	2068
LINC00536	2842	1870	4779
LINC00539	175	120	217
LINC00540	1273	827	2159
LINC00543	12	10	19
LINC00544	95	63	104
LINC00545	151	102	212
LINC00547	59	64	85
LINC00550	75	56	102
LINC00551	637	405	749
LINC00554	12	5	24
LINC00555	8	4	13
LINC00556	6	4	4
LINC00557	0	3	4
LINC00558	319	213	446
LINC00559	168	94	158
LINC00560	24	10	15
LINC00561	5	4	8
LINC00563	6	4	7
LINC00564	6	5	7
LINC00565	38	20	52
LINC00566	16	6	13
LINC00567	10	15	18
LINC00570	167	95	222
LINC00571	2090	1661	3005
LINC00572	34	29	58
LINC00574	106	88	129
LINC00575	51	34	67
LINC00578	2436	2087	3234
LINC00581	127	71	203
LINC00582	101	66	102
LINC00583	105	51	87
LINC00587	252	191	392
LINC00588	11	15	25
LINC00589	272	214	396
LINC00592	277	276	400
LINC00596	84	46	107
LINC00598	2189	1601	2559
LINC00601	79	44	140
LINC00602	13	8	14
LINC00603	525	382	646
LINC00604	80	37	94
LINC00605	9	4	16
LINC00606	21	15	23
LINC00607	1464	805	1601
LINC00608	48	25	52
LINC00609	400	252	498
LINC00612	29	16	38
LINC00613	139	101	196
LINC00615	111	77	126
LINC00616	735	557	959
LINC00620	308	187	399
LINC00621	269	230	420
LINC00622	9	13	17
LINC00623	567	284	770
LINC00624	756	493	873
LINC00626	35	14	32
LINC00629	258	217	357
LINC00630	2993	1910	3836
LINC00632	3757	2328	4866
LINC00635	203	120	279
LINC00636	475	338	541
LINC00638	24	35	33
LINC00639	813	638	1022
LINC00640	439	406	570
LINC00641	446	283	540
LINC00642	105	72	133
LINC00644	22	11	44
LINC00645	81	42	83
LINC00648	293	161	518
LINC00649	588	453	949
LINC00652	46	30	58
LINC00653	101	76	130
LINC00654	306	242	457
LINC00656	43	27	37
LINC00658	106	54	137
LINC00659	14	13	16
LINC00661	47	39	81
LINC00662	2929	2048	4076
LINC00663	98	74	134
LINC00664	18	19	43
LINC00665	1545	1158	2184
LINC00667	1249	857	1442
LINC00668	50	25	57
LINC00670	473	260	656
LINC00671	159	114	188
LINC00672	70	54	97
LINC00676	10	2	14
LINC00677	22	15	24
LINC00678	54	36	59
LINC00680-GUSBP4	2749	2137	3349
LINC00681	94	55	122
LINC00682	80	39	98
LINC00683	1012	699	1412
LINC00686	29	16	20
LINC00687	225	169	358
LINC00689	109	108	145
LINC00690	30	29	42
LINC00691	44	26	55
LINC00692	55	28	37
LINC00698	522	324	694
LINC00700	59	39	61
LINC00701	23	18	31
LINC00702	277	220	403
LINC00703	62	35	91
LINC00705	104	68	128
LINC00706	21	11	27
LINC00707	15	7	14
LINC00708	7	6	6
LINC00709	18	4	23
LINC00710	162	139	196
LINC00824	662	490	785
LINC00836	421	250	563
LINC00837	27	5	22
LINC00838	28	16	29
LINC00839	140	81	138
LINC00840	583	313	700
LINC00841	282	164	296
LINC00844	178	136	230
LINC00845	751	523	1063
LINC00847	131	94	170
LINC00850	161	107	209
LINC00851	6	9	9
LINC00853	30	24	41
LINC00857	51	33	68
LINC00858	169	110	193
LINC00861	1141	821	1534
LINC00862	769	523	1064
LINC00863	303	210	480
LINC00865	146	105	182
LINC00867	201	144	249
LINC00868	77	52	104
LINC00870	346	251	434
LINC00871	1853	1229	2383
LINC00877	2769	1742	3967
LINC00879	713	501	932
LINC00880	189	143	263
LINC00881	174	115	212
LINC00882	7463	4784	10891
LINC00885	226	253	336
LINC00886	839	544	1225
LINC00887	375	299	498
LINC00891	30	12	21
LINC00892	7	7	9
LINC00895	10	5	15
LINC00896	18	8	22
LINC00898	54	39	66
LINC00899	216	202	295
LINC00900	83	56	108
LINC00901	23	26	38
LINC00903	94	67	121
LINC00904	26	22	33
LINC00905	38	21	66
LINC00906	398	252	483
LINC00907	2105	1364	2738
LINC00910	1031	534	964
LINC00911	152	96	187
LINC00917	54	27	80
LINC00919	7	4	10
LINC00920	92	45	90
LINC00921	3	2	0
LINC00922	1156	860	1519
LINC00923	1466	859	1434
LINC00924	2347	1399	2378
LINC00926	360	243	749
LINC00927	325	176	402
LINC00928	45	25	48
LINC00929	66	40	84
LINC00930	81	58	146
LINC00934	71	57	118
LINC00937	978	500	1002
LINC00938	517	490	753
LINC00939	112	77	161
LINC00940	40	26	54
LINC00941	40	35	49
LINC00942	21	10	22
LINC00943	82	32	86
LINC00944	125	71	151
LINC00945	12	11	22
LINC00951	97	66	137
LINC00954	513	270	724
LINC00955	35	31	75
LINC00957	23	23	40
LINC00958	166	94	230
LINC00960	622	414	992
LINC00963	1853	1206	2067
LINC00964	552	490	809
LINC00967	22	27	47
LINC00968	748	522	1189
LINC00971	679	491	869
LINC00972	265	175	347
LINC00974	34	24	51
LINC00987	6	2	4
LINC00989	723	501	900
LINC00992	387	268	568
LINC00994	62	28	52
LINC00996	92	58	88
LINC00997	53	47	62
LINC01001	21	12	23
LINC01002	365	378	315
LINC01003	38	36	59
LINC01004	4335	3398	6127
LINC01005	13	16	22
LINC01007	15	15	20
LINC01010	549	491	723
LINC01012	400	243	507
LINC01013	498	315	576
LINC01015	12	14	28
LINC01016	125	72	170
LINC01018	71	31	85
LINC01019	681	405	972
LINC01020	341	232	391
LINC01023	95	72	100
LINC01028	101	32	93
LINC01029	49	19	55
LINC01031	345	323	415
LINC01033	541	388	754
LINC01034	9	6	8
LINC01035	275	199	364
LINC01036	3218	2025	4796
LINC01038	5	0	7
LINC01039	7	6	22
LINC01040	29	22	29
LINC01043	28	17	32
LINC01044	31	14	35
LINC01046	26	13	34
LINC01047	51	44	57
LINC01048	18	18	24
LINC01049	121	70	150
LINC01050	56	43	97
LINC01052	160	115	223
LINC01053	80	37	67
LINC01054	21	5	18
LINC01055	62	43	69
LINC01058	29	17	39
LINC01060	3503	3888	4266
LINC01063	40	39	41
LINC01065	205	122	256
LINC01066	4	2	3
LINC01067	7	6	7
LINC01068	23	23	29
LINC01069	48	36	66
LINC01070	14	12	13
LINC01072	0	7	3
LINC01074	5	4	0
LINC01075	98	68	169
LINC01076	41	18	64
LINC01077	54	36	61
LINC01078	3	2	4
LINC01079	9	3	6
LINC01080	67	53	85
LINC01081	251	177	351
LINC01082	11	7	33
LINC01087	28	24	38
LINC01088	1894	1186	2312
LINC01089	13	4	11
LINC01090	2141	1494	3018
LINC01091	8411	8171	9087
LINC01093	17	13	23
LINC01094	305	202	465
LINC01095	101	77	149
LINC01096	11	10	13
LINC01097	59	34	59
LINC01098	900	626	1145
LINC01099	775	512	994
LINC01100	42	24	71
LINC01102	539	393	909
LINC01103	75	62	112
LINC01104	172	123	228
LINC01106	14	12	24
LINC01107	230	136	287
LINC01108	16	21	22
LINC01109	3	5	8
LINC01111	316	250	404
LINC01114	36	23	51
LINC01115	3	7	17
LINC01115.1	383	271	552
LINC01116	694	662	885
LINC01117	4650	2920	4982
LINC01118	834	579	963
LINC01119	490	328	645
LINC01120	8	8	25
LINC01121	566	332	708
LINC01122	2925	1995	5088
LINC01123	12	9	15
LINC01126	33	29	68
LINC01127	95	79	133
LINC01128	717	496	820
LINC01132	195	118	225
LINC01133	1364	788	1495
LINC01134	148	131	217
LINC01135	878	838	1296
LINC01138	2291	1737	3364
LINC01139	149	48	155
LINC01141	161	87	209
LINC01142	67	44	127
LINC01143	10	12	5
LINC01144	35	28	74
LINC01146	274	272	335
LINC01147	46	28	60
LINC01148	41	31	57
LINC01150	70	49	84
LINC01151	1373	842	1501
LINC01152	28	21	45
LINC01153	27	21	36
LINC01159	27	15	34
LINC01160	44	30	47
LINC01162	584	413	690
LINC01163	545	321	704
LINC01164	48	32	70
LINC01165	14	14	41
LINC01166	115	75	160
LINC01168	46	16	51
LINC01169	616	416	762
LINC01170	2158	1273	2268
LINC01173	111	65	164
LINC01177	10	3	4
LINC01179	311	184	404
LINC01180	1	7	10
LINC01181	60	66	74
LINC01182	1236	752	1438
LINC01186	206	144	260
LINC01187	19	17	22
LINC01189	49	25	39
LINC01191	209	92	228
LINC01192	780	534	1002
LINC01193	61	60	107
LINC01194	744	504	1308
LINC01195	27	22	26
LINC01198	356	197	495
LINC01201	170	163	267
LINC01202	260	209	347
LINC01203	264	156	307
LINC01204	307	216	406
LINC01205	684	480	1013
LINC01206	302	184	342
LINC01208	1683	2937	2216
LINC01210	20	25	62
LINC01213	25	19	34
LINC01214	151	142	208
LINC01215	51	36	67
LINC01219	7	3	7
LINC01220	112	57	132
LINC01221	210	132	239
LINC01222	51	27	69
LINC01224	67	35	106
LINC01226	250	157	375
LINC01227	50	29	55
LINC01228	115	98	204
LINC01229	674	529	828
LINC01230	169	78	120
LINC01231	66	31	74
LINC01232	93	52	109
LINC01233	2	0	3
LINC01234	500	307	689
LINC01235	500	428	699
LINC01237	3478	2194	5078
LINC01238.1	0	6	8
LINC01239	768	546	945
LINC01241	144	88	199
LINC01242	436	294	596
LINC01243	18	10	23
LINC01247	25	17	26
LINC01248	50	38	57
LINC01249	83	57	96
LINC01250	1370	888	2017
LINC01251	18	10	18
LINC01252	615	429	754
LINC01254	48	35	61
LINC01255	99	76	148
LINC01256	163	111	257
LINC01257	209	135	262
LINC01258	388	256	511
LINC01259	131	92	145
LINC01262	4	4	12
LINC01264	9	12	12
LINC01266	4118	4950	6847
LINC01267	16	15	21
LINC01269	49	33	74
LINC01270	164	136	225
LINC01271	148	103	185
LINC01273	78	52	124
LINC01275	44	40	47
LINC01276	82	61	95
LINC01277	370	323	420
LINC01278	8698	5611	10846
LINC01280	202	139	257
LINC01281	68	31	55
LINC01282	65	42	87
LINC01283	90	63	142
LINC01284	354	207	439
LINC01285	271	184	359
LINC01287	219	123	241
LINC01288	217	144	285
LINC01289	118	65	118
LINC01290	392	503	595
LINC01291	106	38	122
LINC01293	5	1	8
LINC01297	161	118	232
LINC01298	36	30	59
LINC01299	150	79	177
LINC01300	15	8	22
LINC01301	1646	1171	2235
LINC01303	108	59	102
LINC01304	283	221	343
LINC01305	258	384	633
LINC01307	203	131	260
LINC01309	21	20	46
LINC01310	61	46	105
LINC01311	28	25	25
LINC01312	178	153	320
LINC01315	70	58	113
LINC01320	4111	3080	4864
LINC01322	2109	1497	2713
LINC01323	11	5	11
LINC01324	379	281	464
LINC01326	2	7	4
LINC01327	48	49	59
LINC01331	1410	1036	1774
LINC01333	76	51	90
LINC01337	102	76	145
LINC01338	320	219	483
LINC01339	359	229	445
LINC01340	1181	704	1905
LINC01341	692	444	802
LINC01342	36	26	44
LINC01343	18	16	25
LINC01344	1261	1159	1450
LINC01345	13	6	10
LINC01346	42	17	43
LINC01348	38	51	56
LINC01349	59	33	74
LINC01350	179	124	243
LINC01353	178	132	263
LINC01354	24	13	55
LINC01355	881	773	1236
LINC01356	156	128	228
LINC01357	246	161	390
LINC01358	1460	1025	1888
LINC01360	90	70	140
LINC01361	49	29	73
LINC01362	962	642	1295
LINC01363	62	38	83
LINC01364	58	50	78
LINC01365	16	6	15
LINC01366	71	57	122
LINC01370	19	5	20
LINC01374	1539	1171	2093
LINC01375	109	71	161
LINC01376	3050	2382	3909
LINC01377	6	4	7
LINC01378	740	484	1010
LINC01381	28	18	48
LINC01385	12	6	15
LINC01386	65	51	94
LINC01387	331	281	417
LINC01388	9	4	18
LINC01389	144	100	193
LINC01391	89	41	77
LINC01392	548	349	681
LINC01393	353	243	446
LINC01394	25	7	24
LINC01395	42	30	39
LINC01396	51	23	51
LINC01397	153	87	169
LINC01398	16	13	28
LINC01400	2	4	1
LINC01402	5	13	8
LINC01404	9	5	12
LINC01405	106	89	178
LINC01409	4541	2979	5704
LINC01410	528	213	533
LINC01411	790	596	1030
LINC01412	386	273	578
LINC01413	10	16	21
LINC01414	1707	1220	2167
LINC01415	69	42	115
LINC01416	895	597	1516
LINC01418	6070	3711	14505
LINC01419	16	6	19
LINC01422	1352	762	1584
LINC01423	35	10	22
LINC01424	23	22	34
LINC01425	154	98	185
LINC01426	151	90	197
LINC01427	49	38	56
LINC01428	115	88	120
LINC01429	298	241	434
LINC01431	40	22	37
LINC01432	58	18	67
LINC01433	18	8	14
LINC01435	1527	1007	1985
LINC01436	4	1	7
LINC01438	13	10	12
LINC01440	859	605	1206
LINC01441	13	16	25
LINC01443	88	48	104
LINC01444	3	8	5
LINC01445	312	201	403
LINC01446	532	408	904
LINC01447	96	67	107
LINC01448	164	153	242
LINC01449	194	147	255
LINC01450	34	27	55
LINC01451	72	46	62
LINC01455	115	89	168
LINC01456	296	213	490
LINC01460	101	69	82
LINC01461	14	11	20
LINC01465	48	27	78
LINC01467	45	36	49
LINC01470	1979	1290	2532
LINC01471	162	96	230
LINC01472	4	1	2
LINC01473	13497	9509	18146
LINC01474	20	8	25
LINC01475	32	25	39
LINC01476	404	354	558
LINC01477	99	82	168
LINC01478	883	687	1164
LINC01479	148	180	180
LINC01480	14	14	19
LINC01482	1507	964	2078
LINC01483	1254	878	1819
LINC01484	138	115	171
LINC01485	160	114	193
LINC01486	43	37	51
LINC01487	35	41	46
LINC01488	95	67	109
LINC01489	35	23	33
LINC01490	40	28	55
LINC01491	276	164	334
LINC01492	548	324	647
LINC01493	83	50	77
LINC01494	114	61	199
LINC01495	197	165	235
LINC01496	25	11	35
LINC01497	213	387	246
LINC01498	283	206	347
LINC01499	359	247	459
LINC01500	2606	1730	2956
LINC01501	309	202	419
LINC01502	22	13	28
LINC01503	507	391	786
LINC01504	461	464	541
LINC01505	6955	3648	6331
LINC01506	13	7	10
LINC01507	32	26	26
LINC01508	490	369	680
LINC01509	196	140	337
LINC01511	75	52	71
LINC01512	224	147	343
LINC01513	18	8	32
LINC01514	95	73	103
LINC01515	9218	5925	13031
LINC01517	645	364	798
LINC01518	112	66	147
LINC01519	10	15	14
LINC01520	118	76	121
LINC01521	45	47	71
LINC01522	51	47	58
LINC01523	6	0	9
LINC01524	2199	1392	3616
LINC01525	182	175	256
LINC01526	6	2	0
LINC01527	47	42	62
LINC01530	21	26	22
LINC01531	42	37	58
LINC01532	30	11	41
LINC01533	261	153	288
LINC01535	396	211	454
LINC01537	9	2	12
LINC01538	285	166	337
LINC01541	154	86	206
LINC01543	69	37	71
LINC01544	30	19	41
LINC01545	60	61	63
LINC01546	56	36	75
LINC01547	92	77	127
LINC01548	30	14	26
LINC01549	31	35	57
LINC01550	2676	1781	4356
LINC01551	176	99	261
LINC01553	30	20	33
LINC01554	203	128	256
LINC01555	30	35	46
LINC01556	16	7	25
LINC01558	281	152	274
LINC01559	84	55	106
LINC01560	35	32	40
LINC01561	9	6	11
LINC01562	178	146	241
LINC01563	117	160	157
LINC01564	280	232	404
LINC01565	21	12	24
LINC01566	40	32	42
LINC01567	23	9	30
LINC01568	557	412	776
LINC01569	144	128	172
LINC01570	100	83	154
LINC01571	126	73	128
LINC01572	6361	4341	8630
LINC01574	4	3	1
LINC01579	1102	828	1507
LINC01580	405	356	547
LINC01581	170	139	240
LINC01583	23	13	16
LINC01584	201	118	199
LINC01585	41	27	48
LINC01586	74	47	94
LINC01587	5	3	6
LINC01588	1343	1047	1687
LINC01589	51	46	83
LINC01591	288	155	345
LINC01592	817	513	1027
LINC01593	17	10	13
LINC01594	213	107	297
LINC01595	14	7	18
LINC01596	10	10	12
LINC01597	28	9	59
LINC01600	182	149	264
LINC01602	465	263	554
LINC01603	143	94	176
LINC01605	814	570	1104
LINC01606	345	212	553
LINC01607	152	92	191
LINC01608	303	205	403
LINC01609	1469	1088	1768
LINC01610	25	9	37
LINC01611	547	386	622
LINC01612	150	173	258
LINC01613	5	4	7
LINC01614	22	8	19
LINC01615	45	34	52
LINC01618	544	373	723
LINC01619	3196	1571	3175
LINC01620	57	42	68
LINC01621	125	89	159
LINC01622	614	438	837
LINC01623	29	27	57
LINC01624	43	31	32
LINC01625	229	148	293
LINC01626	16	13	27
LINC01627	5	0	2
LINC01628	4	0	0
LINC01629	61	53	80
LINC01630	830	501	1069
LINC01633	16	8	22
LINC01634	33	37	54
LINC01635	27	14	21
LINC01637	46	31	59
LINC01638	238	162	265
LINC01639	29	23	42
LINC01640	101	59	132
LINC01641	128	58	162
LINC01643	516	337	699
LINC01644	97	47	100
LINC01645	416	268	521
LINC01646	47	16	37
LINC01647	8	6	5
LINC01648	67	44	78
LINC01649	101	50	119
LINC01650	2	3	9
LINC01651	3	1	0
LINC01653	30	22	45
LINC01654	16	15	33
LINC01655	95	51	103
LINC01656	7	4	10
LINC01657	10	9	14
LINC01659	20	23	38
LINC01661	198	114	281
LINC01664	42	47	62
LINC01665	4	2	4
LINC01666	9	11	19
LINC01668	10	6	10
LINC01670	0	2	3
LINC01671	55	40	74
LINC01672	13	14	10
LINC01673	96	54	117
LINC01674	84	57	90
LINC01675	52	32	63
LINC01676	65	36	90
LINC01677	199	174	307
LINC01678	2	1	2
LINC01679	41	44	43
LINC01680	12	12	14
LINC01681	653	402	853
LINC01682	180	149	260
LINC01683	19	10	28
LINC01684	867	434	893
LINC01685	157	100	195
LINC01686	27	14	39
LINC01687	216	141	267
LINC01688	8	1	9
LINC01689	65	56	99
LINC01691	10	8	11
LINC01692	631	449	856
LINC01693	104	65	136
LINC01694	85	62	113
LINC01695	2094	1142	2516
LINC01696	7	9	14
LINC01697	252	219	335
LINC01698	94	42	94
LINC01699	10	8	19
LINC01700	16	9	25
LINC01701	110	81	131
LINC01702	60	28	68
LINC01703	132	107	151
LINC01704	139	83	163
LINC01705	185	128	221
LINC01706	73	35	51
LINC01707	425	316	613
LINC01708	933	723	1195
LINC01709	370	260	517
LINC01710	20	15	23
LINC01711	15	2	9
LINC01712	77	63	122
LINC01713	29	14	24
LINC01714	45	38	55
LINC01716	62	13	74
LINC01717	75	48	101
LINC01718	18	6	29
LINC01719	25	31	39
LINC01720	489	283	590
LINC01721	438	303	616
LINC01722	321	202	451
LINC01723	132	103	161
LINC01724	57	43	92
LINC01725	3642	3131	6036
LINC01726	290	195	439
LINC01727	261	183	418
LINC01728	0	0	2
LINC01730	27	25	41
LINC01731	23	16	30
LINC01732	46	31	63
LINC01733	43	25	42
LINC01734	11	11	30
LINC01735	14	6	19
LINC01736	9	12	30
LINC01737	6	7	13
LINC01738	124	91	149
LINC01739	172	89	186
LINC01740	16	16	37
LINC01741	29	11	34
LINC01742	0	3	3
LINC01743	21	21	28
LINC01744	88	61	103
LINC01745	5	8	17
LINC01746	50	30	71
LINC01747	74	37	87
LINC01748	1591	949	1643
LINC01749	206	125	267
LINC01750	30	19	34
LINC01751	9	6	15
LINC01753	101	86	128
LINC01754	45	34	68
LINC01756	79	68	104
LINC01757	3	4	1
LINC01758	8	2	10
LINC01760	19	14	35
LINC01761	8	13	15
LINC01762	224	165	335
LINC01763	37	35	64
LINC01765	51	26	55
LINC01766	19	12	11
LINC01767	10	6	9
LINC01768	189	118	222
LINC01770	68	45	57
LINC01772	102	67	137
LINC01774	12	8	12
LINC01775	157	80	181
LINC01776	204	125	285
LINC01777	20	7	32
LINC01778	46	40	81
LINC01779	13	9	17
LINC01780	127	79	195
LINC01781	353	237	468
LINC01782	30	18	29
LINC01783	13	13	19
LINC01784	0	0	0
LINC01785	29	13	42
LINC01786	261	158	344
LINC01787	402	227	440
LINC01788	234	170	282
LINC01789	349	229	451
LINC01790	152	101	202
LINC01791	193	141	220
LINC01792	72	41	71
LINC01793	4	2	5
LINC01794	169	122	236
LINC01795	53	38	68
LINC01796	48	43	93
LINC01797	47	35	91
LINC01798	673	443	936
LINC01799	139	129	171
LINC01800	194	107	234
LINC01801	197	134	283
LINC01802	48	32	43
LINC01803	0	2	7
LINC01804	192	136	259
LINC01805	61	46	91
LINC01806	28	26	57
LINC01807	1521	929	1730
LINC01808	156	115	233
LINC01809	0	2	0
LINC01810	2	0	5
LINC01811	1863	1282	2484
LINC01812	69	76	75
LINC01813	95	77	129
LINC01814	441	314	676
LINC01815	7	4	11
LINC01816	255	165	338
LINC01817	50	38	73
LINC01818	712	572	1016
LINC01819	99	55	137
LINC01820	8	10	6
LINC01821	632	430	797
LINC01822	46	35	52
LINC01823	86	63	132
LINC01824	46	32	54
LINC01825	28	15	40
LINC01826	7	11	17
LINC01827	7	9	9
LINC01828	930	636	1281
LINC01829	1107	803	1519
LINC01830	1748	1295	2355
LINC01831	8	5	10
LINC01832	18	11	16
LINC01833	89	46	108
LINC01834	10	5	4
LINC01836	179	153	269
LINC01837	706	469	924
LINC01838	6	4	8
LINC01839	25	18	38
LINC01840	63	37	109
LINC01841	457	320	665
LINC01842	79	59	108
LINC01843	8	6	11
LINC01844	599	336	682
LINC01845	118	65	123
LINC01846	363	223	555
LINC01847	773	525	1005
LINC01848	3	2	8
LINC01849	37	22	52
LINC01850	73	40	72
LINC01851	10	6	12
LINC01852	132	82	156
LINC01853	101	60	133
LINC01854	115	126	109
LINC01855	9	3	4
LINC01856	102	57	150
LINC01857	41	16	45
LINC01858	52	28	82
LINC01859	35	23	39
LINC01861	35	27	45
LINC01863	30	24	62
LINC01864	52	36	77
LINC01865	44	29	54
LINC01866	6	6	17
LINC01868	30	12	28
LINC01870	47	29	40
LINC01871	29	21	38
LINC01872	34	15	30
LINC01873	16	17	31
LINC01874	42	22	60
LINC01875	0	0	0
LINC01876	4280	2680	9307
LINC01877	1139	927	1450
LINC01878	83	48	83
LINC01879	46	27	45
LINC01880	80	64	122
LINC01882	62	42	76
LINC01883	20	23	22
LINC01884	85	43	104
LINC01885	932	909	1162
LINC01886	645	260	503
LINC01887	29	8	39
LINC01888	33	17	48
LINC01889	209	88	279
LINC01890	54	36	80
LINC01891	52	58	87
LINC01892	54	27	67
LINC01893	26	13	38
LINC01894	281	417	346
LINC01895	212	217	321
LINC01896	5	6	10
LINC01897	9	3	6
LINC01898	59	31	56
LINC01899	200	79	213
LINC01900	286	186	410
LINC01901	229	144	253
LINC01902	417	363	441
LINC01903	11	6	17
LINC01904	8	2	3
LINC01905	305	241	493
LINC01906	15	9	13
LINC01907	31	28	38
LINC01908	55	34	87
LINC01909	222	186	314
LINC01910	16	13	31
LINC01911	740	490	935
LINC01913	212	163	270
LINC01914	40	18	44
LINC01915	518	385	671
LINC01916	121	63	134
LINC01917	432	313	531
LINC01918	7	4	7
LINC01919	170	101	187
LINC01920	72	47	88
LINC01922	23	9	13
LINC01923	302	195	401
LINC01924	1324	901	1781
LINC01925	18	11	36
LINC01926	87	62	124
LINC01927	22	22	36
LINC01928	42	25	43
LINC01929	61	45	112
LINC01931	610	438	820
LINC01933	1280	870	1792
LINC01934	1298	876	1552
LINC01935	55	31	66
LINC01936	51	38	56
LINC01937	1217	888	1765
LINC01938	51	48	100
LINC01939	19	10	26
LINC01940	37	25	36
LINC01941	19	7	20
LINC01942	48	35	72
LINC01943	80	53	93
LINC01944	60	46	70
LINC01945	25	15	23
LINC01946	21	27	46
LINC01947	184	144	279
LINC01948	374	249	444
LINC01949	1356	1153	3215
LINC01950	747	641	1165
LINC01951	315	212	434
LINC01953	37	26	42
LINC01954	89	125	154
LINC01955	6	6	11
LINC01956	853	611	1332
LINC01957	5	5	13
LINC01958	88	67	125
LINC01960	12	14	25
LINC01961	4	8	18
LINC01962	165	125	188
LINC01963	32	17	41
LINC01964	40	28	37
LINC01965	708	434	955
LINC01966	14	10	13
LINC01967	542	348	762
LINC01968	442	341	578
LINC01970	13	11	20
LINC01971	13	10	22
LINC01972	13	13	19
LINC01973	39	28	63
LINC01974	4	3	6
LINC01975	17	20	23
LINC01976	3	6	8
LINC01977	46	34	42
LINC01978	21	20	42
LINC01979	69	41	77
LINC01980	365	258	483
LINC01981	12	10	6
LINC01982	418	254	476
LINC01983	95	72	106
LINC01985	57	34	64
LINC01986	40	30	50
LINC01987	43	30	59
LINC01988	9	5	19
LINC01989	60	38	66
LINC01990	82	59	174
LINC01991	75	32	84
LINC01992	245	170	315
LINC01993	93	74	90
LINC01994	298	197	419
LINC01995	175	108	227
LINC01996	31	48	56
LINC01997	90	65	117
LINC01998	18	11	24
LINC01999	85	60	116
LINC02000	12	12	14
LINC02002	78	40	76
LINC02003	69	23	56
LINC02004	90	69	110
LINC02005	321	220	412
LINC02006	3796	2019	3607
LINC02008	1357	1067	1960
LINC02009	16	14	21
LINC02010	30	10	16
LINC02011	53	24	63
LINC02012	18	11	22
LINC02013	148	108	193
LINC02014	41	23	53
LINC02015	413	273	503
LINC02016	164	125	247
LINC02017	32	28	56
LINC02018	1779	1337	2688
LINC02019	30	18	37
LINC02020	33	26	51
LINC02021	665	448	902
LINC02022	36	20	39
LINC02023	26	18	43
LINC02025	41	25	45
LINC02026	366	306	535
LINC02027	259	264	424
LINC02028	290	269	470
LINC02029	40	23	41
LINC02030	231	128	316
LINC02031	33	24	38
LINC02032	48	27	50
LINC02033	14	10	23
LINC02034	7	4	6
LINC02035	115	78	145
LINC02036	362	260	437
LINC02037	88	71	135
LINC02038	11	3	18
LINC02039	46	27	52
LINC02040	115	73	125
LINC02041	0	0	0
LINC02042	51	36	90
LINC02043	68	38	87
LINC02044	255	185	271
LINC02045	275	160	331
LINC02046	417	275	518
LINC02047	30	15	48
LINC02048	130	79	156
LINC02050	114	140	193
LINC02051	7	0	5
LINC02052	88	48	120
LINC02053	264	180	320
LINC02054	409	283	550
LINC02055	4896	3143	6865
LINC02056	315	215	381
LINC02057	333	196	408
LINC02058	106	55	115
LINC02059	7	13	11
LINC02060	47	41	58
LINC02061	19	11	21
LINC02063	51	33	80
LINC02064	234	161	319
LINC02065	14	7	12
LINC02066	126	78	102
LINC02067	121	74	181
LINC02068	127	93	166
LINC02069	361	210	352
LINC02070	31	28	39
LINC02071	118	84	151
LINC02073	636	380	833
LINC02074	433	278	650
LINC02075	20	24	25
LINC02076	26	30	53
LINC02077	22	19	30
LINC02078	46	39	68
LINC02080	117	89	173
LINC02082	236	136	278
LINC02084	6	2	5
LINC02085	76	44	79
LINC02086	134	71	167
LINC02087	134	94	155
LINC02088	41	19	49
LINC02089	129	167	152
LINC02090	9	7	9
LINC02091	19	19	29
LINC02092	40	22	46
LINC02093	12	5	5
LINC02094	80	71	82
LINC02096	435	298	586
LINC02097	65	43	85
LINC02098	161	115	180
LINC02099	205	160	285
LINC02100	181	133	275
LINC02101	63	45	54
LINC02102	114	124	147
LINC02103	2	3	13
LINC02104	60	28	47
LINC02105	194	121	213
LINC02106	13	8	34
LINC02108	31	27	49
LINC02109	1247	855	2427
LINC02111	35	20	33
LINC02112	692	438	906
LINC02113	100	58	107
LINC02114	0	0	3
LINC02115	40	25	41
LINC02116	0	0	0
LINC02117	87	67	139
LINC02118	154	131	188
LINC02119	439	291	606
LINC02120	36	35	51
LINC02121	15	10	23
LINC02122	49	45	63
LINC02123	4	3	6
LINC02124	7	2	2
LINC02126	136	84	194
LINC02127	79	47	98
LINC02128	188	104	188
LINC02129	71	55	77
LINC02130	43	30	44
LINC02131	87	62	114
LINC02132	8	0	1
LINC02133	564	362	762
LINC02134	8	11	22
LINC02135	40	30	58
LINC02136	180	124	281
LINC02137	171	137	256
LINC02138	25	16	32
LINC02139	92	76	114
LINC02140	13	5	18
LINC02141	869	602	1141
LINC02142	30	12	35
LINC02143	108	73	134
LINC02144	182	139	251
LINC02145	182	98	174
LINC02146	22	9	35
LINC02147	4037	2370	3375
LINC02148	5	4	11
LINC02149	500	360	658
LINC02150	203	134	232
LINC02151	16	12	25
LINC02152	2	1	3
LINC02153	64	38	80
LINC02154	85	48	107
LINC02156	150	113	228
LINC02159	25	18	32
LINC02160	228	140	257
LINC02161	263	199	331
LINC02162	13	17	27
LINC02163	938	684	1408
LINC02164	15	7	21
LINC02165	88	68	117
LINC02166	38	24	56
LINC02167	31	16	47
LINC02168	4	3	5
LINC02169	85	62	134
LINC02171	16	6	16
LINC02172	164	121	174
LINC02173	68	23	74
LINC02174	274	184	356
LINC02175	396	311	511
LINC02176	77	61	114
LINC02177	25	10	31
LINC02178	21	21	43
LINC02179	5	7	10
LINC02180	70	35	72
LINC02181	56	36	58
LINC02182	240	136	170
LINC02183	218	147	279
LINC02185	329	171	387
LINC02186	11	8	13
LINC02188	160	112	209
LINC02189	6	3	11
LINC02190	21	21	25
LINC02191	55	29	55
LINC02192	111	57	126
LINC02193	50	29	54
LINC02194	26	29	52
LINC02195	7	1	10
LINC02196	921	594	1163
LINC02197	192	115	241
LINC02199	141	107	205
LINC02200	164	110	241
LINC02201	289	188	414
LINC02202	740	546	1079
LINC02203	39	34	53
LINC02204	167	120	231
LINC02205	13	7	17
LINC02206	151	90	184
LINC02207	323	267	488
LINC02208	1505	1013	1916
LINC02209	83	60	104
LINC02210-CRHR1	923	780	1280
LINC02211	399	302	799
LINC02212	64	41	62
LINC02213	78	43	80
LINC02214	68	41	63
LINC02215	130	94	177
LINC02216	19	15	24
LINC02217	127	90	185
LINC02218	90	68	118
LINC02219	19	11	20
LINC02220	354	204	368
LINC02221	135	96	156
LINC02222	3	0	12
LINC02223	1519	722	1833
LINC02224	662	432	855
LINC02225	29	10	23
LINC02226	83	32	99
LINC02227	417	266	513
LINC02228	262	205	384
LINC02229	17	10	15
LINC02230	2	2	4
LINC02231	217	152	293
LINC02232	1568	1086	3161
LINC02233	455	229	430
LINC02234	560	300	926
LINC02235	713	517	931
LINC02236	212	138	257
LINC02237	1100	724	1361
LINC02238	193	148	285
LINC02240	2661	1822	3416
LINC02241	815	617	1204
LINC02242	99	73	145
LINC02243	13	6	9
LINC02244	10	3	12
LINC02245	1644	1234	2394
LINC02247	16	10	29
LINC02248	179	102	206
LINC02249	139	72	157
LINC02250	473	315	619
LINC02251	242	154	267
LINC02252	73	54	102
LINC02253	578	406	812
LINC02254	683	416	739
LINC02255	104	67	127
LINC02256.1	1122	739	1334
LINC02257	230	164	304
LINC02258	26	12	33
LINC02259	117	63	130
LINC02260	10	10	11
LINC02261	170	113	238
LINC02262	146	61	173
LINC02263	111	80	139
LINC02264	169	141	242
LINC02265	118	80	124
LINC02266	43	22	44
LINC02267	1535	1029	2126
LINC02268	601	414	1133
LINC02269	971	651	1296
LINC02270	59	47	83
LINC02271	50	28	62
LINC02272	33	21	45
LINC02273	98	46	112
LINC02274	23	27	28
LINC02275	216	169	287
LINC02276	14	12	19
LINC02277	174	99	296
LINC02278	41	33	65
LINC02279	9	10	12
LINC02280	16	7	16
LINC02281	150	90	211
LINC02282	9	11	8
LINC02283	108	90	133
LINC02284	1156	828	1729
LINC02285	10	7	11
LINC02286	99	48	119
LINC02287	6	0	6
LINC02288	246	173	314
LINC02290	57	34	35
LINC02291	189	122	279
LINC02292	56	23	53
LINC02294	265	183	286
LINC02295	64	54	96
LINC02296	906	551	1349
LINC02297	4	6	0
LINC02298	107	45	110
LINC02299	123	106	180
LINC02300	109	80	143
LINC02301	577	396	1221
LINC02302	156	84	221
LINC02303	27	15	42
LINC02304	21	7	27
LINC02305	24	19	23
LINC02306	1559	985	2082
LINC02307	1279	873	1741
LINC02308	50	45	51
LINC02309	167	117	234
LINC02311	48	34	50
LINC02312	33	25	36
LINC02313	75	46	76
LINC02314	6	5	9
LINC02315	948	705	2344
LINC02316	164	108	207
LINC02317	12	10	23
LINC02318	18	15	21
LINC02319	80	49	122
LINC02320	231	165	300
LINC02321	54	29	71
LINC02322	3	5	8
LINC02323	194	159	352
LINC02324	88	59	144
LINC02325	416	258	527
LINC02326	534	364	701
LINC02327	386	241	661
LINC02328	1139	758	1503
LINC02329	4	2	11
LINC02330	66	31	83
LINC02331	486	340	628
LINC02332	6	0	8
LINC02333	72	58	83
LINC02334	432	368	546
LINC02335	342	246	438
LINC02336	1184	784	1564
LINC02338	99	53	112
LINC02340	300	217	379
LINC02341	438	283	593
LINC02342	45	30	57
LINC02343	912	646	1252
LINC02345	277	155	353
LINC02346	492	300	571
LINC02347	89	59	110
LINC02348	43	24	68
LINC02349	6	2	8
LINC02350	1172	851	1253
LINC02351	276	165	349
LINC02352	101	76	131
LINC02353	4	4	5
LINC02354	122	72	147
LINC02355	335	295	464
LINC02356	204	133	253
LINC02357	227	141	296
LINC02358	61	32	77
LINC02359	274	217	313
LINC02360	110	57	143
LINC02361	56	31	65
LINC02362	123	83	155
LINC02363	128	77	140
LINC02364	73	44	85
LINC02365	214	123	288
LINC02366	59	49	95
LINC02367	282	229	402
LINC02368	16	12	18
LINC02369	76	55	118
LINC02370	53	43	84
LINC02371	60	46	93
LINC02372	7	4	7
LINC02373	49	21	55
LINC02374	20	6	18
LINC02375	38	24	28
LINC02376	24	17	35
LINC02377	699	456	884
LINC02378	254	184	367
LINC02379	18	24	26
LINC02380	180	95	231
LINC02381	1209	792	1432
LINC02382	0	2	0
LINC02383	104	70	116
LINC02384	534	455	631
LINC02385	15	10	14
LINC02386	156	116	214
LINC02387	27	15	34
LINC02388	737	523	1027
LINC02389	34	14	43
LINC02390	26	9	24
LINC02391	560	496	833
LINC02392	57	43	65
LINC02393	67	40	63
LINC02394	71	57	113
LINC02395	134	82	166
LINC02396	8	7	17
LINC02397	26	45	30
LINC02398	1177	762	1814
LINC02400	23	16	31
LINC02401	107	61	159
LINC02402	97	55	133
LINC02403	50	30	99
LINC02404	5	5	14
LINC02405	381	252	470
LINC02406	233	143	280
LINC02408	481	356	589
LINC02409	13	11	12
LINC02410	65	49	108
LINC02411	12	13	12
LINC02412	55	47	71
LINC02413	109	66	140
LINC02414	67	26	97
LINC02415	2	5	2
LINC02416	50	34	64
LINC02417	12	11	15
LINC02418	0	0	3
LINC02419	1	9	12
LINC02420	10	12	16
LINC02421	93	49	103
LINC02422	482	368	603
LINC02423	6	9	12
LINC02424	211	157	293
LINC02425	20	12	25
LINC02426	175	104	225
LINC02427	349	267	380
LINC02428	669	527	915
LINC02429	126	84	145
LINC02430	24	14	17
LINC02431	24	28	54
LINC02432	239	156	259
LINC02433	8	10	19
LINC02434	6	6	12
LINC02435	32	24	43
LINC02436	244	176	345
LINC02437	81	61	88
LINC02438	781	529	1156
LINC02439	116	81	132
LINC02440	7	1	8
LINC02441	7	8	13
LINC02442	40	29	46
LINC02443	32	21	45
LINC02444	124	66	128
LINC02445	184	116	234
LINC02446	52	39	61
LINC02447	60	52	97
LINC02448	2	0	1
LINC02449	168	141	307
LINC02450	153	94	200
LINC02451	176	117	183
LINC02452	34	39	54
LINC02453	127	75	116
LINC02454	197	144	263
LINC02455	24	31	40
LINC02456	274	173	353
LINC02457	298	199	399
LINC02458	929	623	997
LINC02459	10	4	8
LINC02460	37	35	43
LINC02461	20	17	54
LINC02462	433	302	523
LINC02463	285	151	318
LINC02464	406	241	487
LINC02465	615	382	776
LINC02466	456	270	554
LINC02468	36	21	57
LINC02469	77	45	99
LINC02470	42	34	33
LINC02471	159	91	161
LINC02472	190	119	213
LINC02473	67	72	114
LINC02474	53	30	64
LINC02475	8	6	18
LINC02476	1089	786	1507
LINC02477	154	86	171
LINC02479	2259	1713	2698
LINC02480	5	2	4
LINC02481	26	34	55
LINC02482	433	319	526
LINC02483	13	12	29
LINC02484	671	427	965
LINC02485	32	22	44
LINC02487	82	69	101
LINC02488	109	78	165
LINC02489	102	56	103
LINC02490	308	177	383
LINC02492	409	296	516
LINC02493	70	51	102
LINC02494	20	18	34
LINC02496	127	99	155
LINC02497	203	100	197
LINC02498	34	24	38
LINC02499	62	53	99
LINC02500	29	19	42
LINC02501	97	76	141
LINC02502	67	42	59
LINC02503	196	143	254
LINC02504	25	13	24
LINC02505	347	250	465
LINC02506	616	453	782
LINC02507	413	202	269
LINC02508	63	31	86
LINC02509	97	47	128
LINC02510	6	13	18
LINC02511	2048	1054	2106
LINC02512	161	115	210
LINC02513	56	36	74
LINC02514	1	1	5
LINC02515	22	12	35
LINC02516	753	576	845
LINC02517	25	16	29
LINC02518	152	114	228
LINC02519	367	307	403
LINC02520	77	70	107
LINC02521	65	61	120
LINC02522	5	1	7
LINC02523	155	82	162
LINC02524	19	4	12
LINC02525	27	19	39
LINC02526	32	19	51
LINC02527	24	17	37
LINC02528	59	41	66
LINC02529	71	55	92
LINC02530	15	13	11
LINC02531	16	11	37
LINC02532	257	242	416
LINC02533	39	23	57
LINC02534	17	12	26
LINC02535	6	8	9
LINC02536	33	28	56
LINC02537	28	19	36
LINC02538	95	39	88
LINC02539	270	188	354
LINC02540	276	156	343
LINC02541	162	137	241
LINC02542	1161	798	1461
LINC02543	8	9	8
LINC02544	216	135	326
LINC02546	170	117	225
LINC02547	133	89	162
LINC02548	141	108	192
LINC02549	365	241	505
LINC02550	524	255	528
LINC02551	115	107	146
LINC02552	327	269	426
LINC02553	156	103	201
LINC02554	68	35	75
LINC02555	2	2	4
LINC02556	4	6	12
LINC02557	7	4	1
LINC02558	244	184	361
LINC02559	4	1	5
LINC02560	6	5	6
LINC02561	15	4	17
LINC02562	11	11	17
LINC02563	0	0	2
LINC02565	8	3	3
LINC02566	231	143	322
LINC02567	57	30	87
LINC02568	657	343	714
LINC02569	12	16	22
LINC02570	23	27	47
LINC02571	6	4	6
LINC02572	332	249	487
LINC02573	5	3	4
LINC02574	87	51	125
LINC02575	57	31	106
LINC02576	98	79	137
LINC02577	153	112	213
LINC02578	14	5	18
LINC02579	60	45	80
LINC02580	585	416	820
LINC02582	66	65	126
LINC02584	9	2	12
LINC02585	47	50	77
LINC02587	200	122	238
LINC02590	13	12	26
LINC02591	4	2	2
LINC02593	59	50	66
LINC02594	149	102	181
LINC02595	613	474	1118
LINC02596	53	33	83
LINC02598	18	8	24
LINC02600	11	8	12
LINC02601	2	2	3
LINC02603	217	198	365
LINC02604	47	47	85
LINC02606	110	66	144
LINC02607	1628	1182	2151
LINC02608	714	534	662
LINC02609	707	367	699
LINC02610	45	33	71
LINC02611	63	39	80
LINC02612	124	53	114
LINC02613	553	397	732
LINC02614	2768	1730	3137
LINC02615	2449	2024	3441
LINC02616	61	33	85
LINC02617	20	19	26
LINC02619	12	5	11
LINC02620	19	17	50
LINC02621	28	22	35
LINC02623	18	11	19
LINC02624	233	186	485
LINC02625	144	102	194
LINC02626	12	5	14
LINC02627	44	35	69
LINC02628	41	39	45
LINC02629	67	36	68
LINC02630	10	5	16
LINC02631	48	35	53
LINC02632	32	17	42
LINC02633	11	2	21
LINC02634	47	26	45
LINC02635	34	28	53
LINC02636	93	77	91
LINC02637	6	2	13
LINC02639	9	1	3
LINC02640	18	15	36
LINC02641	1480	826	1834
LINC02642	189	92	188
LINC02643	478	237	680
LINC02644	0	1	3
LINC02645	389	195	392
LINC02646	751	505	977
LINC02647	154	104	228
LINC02648	20	10	21
LINC02649	362	218	414
LINC02650	15	7	27
LINC02651	35	32	41
LINC02652	424	285	446
LINC02653	775	506	968
LINC02654	135	98	179
LINC02655	13	10	7
LINC02658	8	0	0
LINC02659	78	48	87
LINC02660	174	130	223
LINC02661	365	281	495
LINC02662	37	30	47
LINC02663	247	175	362
LINC02664	627	377	977
LINC02665	2	3	9
LINC02666	1656	1311	2689
LINC02667	29	12	35
LINC02668	149	71	168
LINC02669	415	273	494
LINC02670	10	5	26
LINC02671	290	206	381
LINC02672	372	215	813
LINC02673	2	4	8
LINC02674	102	55	98
LINC02675	27	17	40
LINC02676	46	25	58
LINC02679	21	13	19
LINC02680	284	193	299
LINC02681	61	46	92
LINC02682	106	53	107
LINC02683	6	4	33
LINC02684	38	17	36
LINC02685	24	25	43
LINC02686	107	73	135
LINC02687	55	32	75
LINC02688	41	24	37
LINC02689	39	15	49
LINC02690	7	4	12
LINC02691	982	857	1313
LINC02692	5	6	8
LINC02693	1187	696	1430
LINC02694	1571	1088	2065
LINC02695	7	2	7
LINC02696	67	73	124
LINC02697	8	6	9
LINC02698	623	464	838
LINC02699	196	116	230
LINC02700	42	22	62
LINC02701	14	7	5
LINC02702	51	44	77
LINC02703	92	40	110
LINC02704	9	4	9
LINC02705	8	2	6
LINC02706	3	3	2
LINC02707	14	11	29
LINC02708	9	8	25
LINC02709	47	32	73
LINC02710	14	7	10
LINC02711	5	5	5
LINC02712	207	128	254
LINC02713	270	197	393
LINC02714	240	190	404
LINC02715	274	197	363
LINC02716	13	3	13
LINC02717	18	14	28
LINC02718	250	163	325
LINC02719	62	31	77
LINC02720	19	22	54
LINC02721	226	36	53
LINC02722	6	2	4
LINC02723	7	2	6
LINC02724	6	7	11
LINC02725	393	227	494
LINC02726	134	100	180
LINC02727	8	1	5
LINC02728	176	88	235
LINC02729	13	6	6
LINC02730	70	60	86
LINC02731	323	242	350
LINC02732	176	120	253
LINC02733	95	59	132
LINC02734	171	102	181
LINC02735	78	42	106
LINC02736	56	33	68
LINC02737	12	8	20
LINC02739	53	34	57
LINC02740	253	162	321
LINC02741	546	368	693
LINC02742	1203	817	1505
LINC02743	83	57	109
LINC02744	31	18	36
LINC02745	663	460	898
LINC02746	18	11	23
LINC02747	42	29	34
LINC02748	189	115	224
LINC02749	116	74	160
LINC02750	51	33	67
LINC02751	547	312	779
LINC02752	644	487	816
LINC02753	45	35	63
LINC02754	82	56	110
LINC02755	2029	1292	2551
LINC02756	248	138	293
LINC02757	157	86	199
LINC02758	18	14	36
LINC02759	101	91	111
LINC02760	30	28	59
LINC02761	44	19	31
LINC02762	1017	684	1296
LINC02763	818	528	1050
LINC02764	58	40	89
LINC02765	84	74	120
LINC02766	26	22	38
LINC02767	185	134	253
LINC02768	92	49	89
LINC02769	9	3	7
LINC02770	759	472	866
LINC02771	74	17	43
LINC02772	48	47	65
LINC02773	46	31	59
LINC02774	383	265	531
LINC02775	531	386	664
LINC02777	273	181	343
LINC02778	179	98	208
LINC02779	12	7	13
LINC02780	86	65	134
LINC02781	48	22	53
LINC02782	5	3	15
LINC02783	61	39	62
LINC02784	0	1	1
LINC02785	202	127	260
LINC02786	43	42	90
LINC02787	51	29	62
LINC02788	27	28	38
LINC02789	766	499	943
LINC02790	160	126	244
LINC02791	77	44	89
LINC02792	51	30	50
LINC02793	24	13	39
LINC02794	284	179	257
LINC02795	725	372	720
LINC02796	80	43	99
LINC02797	165	99	198
LINC02798	986	921	1385
LINC02799	3	0	5
LINC02801	182	114	234
LINC02802	420	278	739
LINC02803	305	218	441
LINC02804	58	34	75
LINC02805	48	52	114
LINC02806	5	2	1
LINC02808	265	172	323
LINC02809	43	30	52
LINC02810	104	71	155
LINC02811	55	45	75
LINC02812	3	4	17
LINC02813	84	53	104
LINC02814	535	462	711
LINC02815	86	63	78
LINC02816	14	7	18
LINC02817	28	22	44
LINC02818	28	13	45
LINC02819	105	64	98
LINC02820	85	67	135
LINC02821	93	113	115
LINC02822	860	659	1159
LINC02823	245	136	261
LINC02824	65	54	73
LINC02825	19	8	18
LINC02826	241	198	452
LINC02827	29	20	50
LINC02828	121	75	152
LINC02829	47	22	62
LINC02830	6	7	8
LINC02831	157	107	198
LINC02832	161	179	288
LINC02833	26	8	12
LINC02834	209	145	266
LINC02835	44	27	75
LINC02836	90	68	144
LINC02837	15	8	15
LINC02838	10	5	17
LINC02839	222	130	272
LINC02840	330	281	434
LINC02841	83	65	101
LINC02842	437	257	514
LINC02843	148	95	198
LINC02844	2	0	2
LINC02845	32	19	27
LINC02846	9	9	15
LINC02847	706	436	973
LINC02848	77	50	98
LINC02849	28	16	35
LINC02850	3	2	2
LINC02851	12	11	25
LINC02852	13	12	30
LINC02853	546	415	707
LINC02854	36	29	31
LINC02855	42	34	60
LINC02856	8	5	13
LINC02857	32	13	37
LINC02858	6	4	11
LINC02860	18	14	29
LINC02861	451	252	529
LINC02862	43	26	81
LINC02863	51	23	77
LINC02864	292	193	563
LINC02865	125	79	172
LINC02866	59	26	84
LINC02868	52	51	63
LINC02869	273	194	413
LINC02870	30	23	40
LINC02871	183	124	256
LINC02872	203	180	307
LINC02873	149	105	148
LINC02874	39	33	52
LINC02875	18	20	24
LINC02876	8	5	10
LINC02877	224	155	372
LINC02880	209	161	240
LINC02881	17	5	9
LINC02882	1440	1057	2153
LINC02883	15	23	55
LINC02884	1351	606	1051
LINC02885	764	542	1062
LINC02887	7	5	6
LINC02889	1635	1002	1948
LINC02890	0	4	2
LINC02891	42	25	37
LINC02893	112	76	202
LINC02894	11	13	29
LINC02895	509	340	809
LINC02896	18	16	23
LINC02897	23	24	32
LINC02898	118	64	136
LINC02899	2228	1249	3244
LINC02900	63	44	79
LINC02901	183	129	239
LINC02902	30	16	36
LINC02903	0	1	0
LINC02904	406	209	418
LINC02906	69	53	111
LINC02907	19	11	21
LINC02908	84	59	100
LINC02909	65	30	76
LINC02910	104	59	168
LINC02911	223	138	352
LINC02912	8	2	13
LINC02913	94	70	169
LINC02914	58	40	62
LINC02915	14	12	9
LINC02916	28	18	20
LINC02917	90	58	114
LINC02918	32	24	44
LINC02919	22	23	44
LINC02920	0	0	1
LINC02921	411	254	503
LINC02922	2	3	3
LINC02923	46	23	35
LINC02924	5	2	5
LINC02925	84	51	118
LINC02926	8	13	15
LINC02927	13	5	16
LINC02928	1	1	1
LINC02930	787	505	1192
LINC02931	35	38	69
LINC02932	638	399	739
LINC02933	24	19	30
LINC02934	3051	2362	3910
LINC02935	113	67	150
LINC02936	84	73	113
LINC02937	464	363	617
LINC02938	101	75	113
LINC02939	24	15	35
LINC02940	964	671	1393
LINC02941	420	231	431
LINC02942	350	225	485
LINC02944	89	77	106
LINC02945	1018	598	1281
LINC02946	23	22	41
LINC02947	20	13	24
LINC02948	49	33	73
LINC02949	37	25	46
LINC02950	44	43	84
LINC02951	145	93	216
LINC02952	63	49	64
LINC02953	15	13	21
LINC02954	31	26	57
LINC02955	1588	1114	2065
LINC02956	20	10	21
LINC02957	10	4	7
LINC02958	80	44	145
LINC02959	5	2	5
LINC02960	55	47	63
LINC02961	5	10	8
LINC02963	117	77	129
LINC02964	1206	915	1649
LINC02965	99	53	153
LINC02966	725	769	1077
LINC02967	9	3	5
LINC02969	1176	521	382
LINC02970	25	16	31
LINC02971	14	9	25
LINC02972	25	11	43
LINC02973	14	9	15
LINC02974	87	72	123
LINC02975	140	142	225
LINC02976	287	240	404
LINC02977	253	200	333
LINC02979	5	6	10
LINC02980	87	63	110
LINC02981	915	839	1273
LINC02982	70	43	86
LINC02983	93	79	163
LINC02984	380	326	530
LINC02985	169	105	259
LINC02986	16	9	22
LINC02987	1406	1098	2180
LINC02988	42	19	62
LINC02989	16	10	16
LINC02990	50	39	48
LINC02991	28	17	42
LINC02993	62	49	70
LINC02994	1554	1043	2080
LINC02995	17	11	30
LINC02997	2035	1552	2436
LINC02999	133	96	203
LINC03000	3396	3109	5862
LINC03002	556	443	751
LINC03004	468	266	566
LINC03007	921	506	1061
LINC03008	24	25	38
LINC03010	77	48	124
LINC03011	70	61	69
LINC03012	62	28	65
LINC03013	162	163	169
LINC03014	34	12	44
LINC03015	170	142	264
LINC03016	290	187	478
LINC03017	108	74	142
LINC03018	53	20	51
LINC03019	168	120	277
LINC03020	43	38	96
LINC03021	512	310	505
LINC03021.1	2427	1175	2912
LINC03022	137	111	276
LINC03024	65	63	90
LINC03025	43	30	43
LINC03025.1	27	17	39
LINC03026	87	50	96
LINC03031	108	87	138
LINC03033	3	2	5
LINC03034	141	89	167
LINC03036	828	577	1103
LINC03037	60	39	69
LINC03044	27	19	51
LINC03046	141	105	217
LINC03047	73	28	61
LINC03048	444	335	720
LINC03050	297	172	329
LINC03051	1775	1192	2228
LINC03052	18	12	26
LINC03053	20	12	16
LINC03056	234	161	264
LINC03057	49	31	69
LINC03058	0	1	0
LINC03059	136	69	210
LINC03060	587	387	665
LINC03062	372	317	486
LINC03064	33	24	35
LINC03065	20	10	23
LINC03066	87	57	121
LINC03067	33	23	88
LINC03068	33	22	52
LINC03070	218	125	242
LINC03071	61	52	96
LINC03072	224	176	307
LINC03073	76	73	125
LINC03074	56	27	57
LINC03076	1131	799	1385
LINC03077	929	612	1172
LINC03078	6	5	7
LINC03080	100	106	263
LINC03082	536	367	733
LINC03083	8	3	14
LINC03084	160	92	177
LINC03085	33	20	39
LINC03086	4	0	5
LINC03088	229	135	253
LINC03089	14	11	19
LINC03090	7	17	19
LINC03092	710	472	1417
LINC03093	20	15	25
LINC03094	3	3	1
LINC03095	25	19	24
LINC03096	59	31	58
LINC03097	4	1	5
LINC03098	123	67	135
LINC03099	142	96	186
LINC03101	19	15	20
LINC03104	1	5	0
LINC03106	168	108	183
LINC03107	90	60	186
LINC03108	25	13	39
LINC03109	60	34	89
LINC03110	2	1	5
LINC03111	163	154	262
LINC03113	49	27	77
LINC03114	68	36	77
LINC03121	10	6	16
LINC03125	46	31	64
LINC03127	0	0	3
LINC03129	10	8	19
LINC03130	3	0	4
LINC03131	0	0	0
LINC03133	60	44	86
LINC03134	49	24	50
LINC03135	8	6	17
LINC03136	26	12	37
LINC03137	2	3	7
LINC03138	5650	3677	9084
LINC03140	14	8	20
LINC03141	52	44	59
LINC03142	2180	1583	2744
LINC03143	112	81	161
LINC03144	5	5	7
LINC03145	95	77	143
LINC03146	236	126	267
LINC03148	28	19	42
LINC03149	42	26	33
LINC03150	527	363	663
LINC03151	12	5	10
LINC03152	140	78	187
LINC03157	53	30	69
LINC03161	186	123	369
LINC03162	76	82	105
LINC03163	203	173	276
LINC03165	24	30	51
LINC03170	5	2	5
LINC03171	948	596	1153
LINC03173	70	41	90
LINC03176	37	23	43
LINC03177	36	21	34
LINC03178	1919	1293	2377
LINC03182	1611	1065	2085
LINC03183	818	448	985
LINC03188	220	140	257
LINC03189	13	9	16
LINC03190	59	60	97
LINC03191	14	7	9
LINC03195	75	48	114
LINC03196	264	152	325
LINC03198	208	160	321
LINC03199	580	386	770
LINC03200	142	99	154
LINC03204	564	354	807
LINC03205	76	45	76
LINC03209	148	77	133
LINC03210	26	24	36
LINC03211	32	32	54
LINC03212	13	9	11
LINC03213	186	115	247
LINC03214	288	583	336
LINC03215	1485	928	1975
LINC03216	3134	1353	2872
LINC03218	0	1	8
LINC03219	306	257	465
LINC03222	97	88	115
LINC03223	10	17	18
LINC03224	14	10	33
LINC03227	12	14	16
LINC03229	64	44	94
LINC03230	27	6	22
LINC03232	10	7	23
LINC03233	540	383	829
LINC03235	283	156	321
LINC03237	167	130	240
LINC03239	11	6	18
LINC03240	60	49	84
LINCADL	80	80	86
LINCMD1	23	15	26
LINGO1	11086	8635	13572
LINGO1-AS1	91	40	56
LINGO1-AS2	34	22	66
LINGO2	5869	3792	8908
LINGO3	121	81	151
LINGO4	22	3	19
LINS1	1346	1156	1452
LIPA	2878	1584	2723
LIPC	856	667	1048
LIPC-AS1	3	1	4
LIPE	517	324	668
LIPE-AS1	3472	2368	4598
LIPF	28	18	36
LIPG	453	367	555
LIPH	253	203	364
LIPI	264	174	313
LIPJ	31	46	78
LIPK	425	458	707
LIPM	152	106	194
LIPN	191	122	247
LIPT2	30	33	39
LIPT2-AS1	16	12	17
LIRIL2R	12	5	7
LITAF	1242	744	1737
LITAFD	16	13	15
LIVAR	2	5	3
LIX1	396	225	639
LIX1-AS1	3847	2724	6503
LIX1L	670	468	699
LIX1L-AS1	51	26	59
LKAAEAR1	12	11	29
LL22NC01-81G9.3	5	2	8
LL22NC03-63E9.3	10	10	29
LLCFC1	6	8	16
LLGL1	651	418	833
LLGL2	559	517	755
LLPH	134	123	171
LLPH-DT	63	31	79
LMAN1	3199	2137	4023
LMAN1L	12	17	15
LMAN2	1221	826	1592
LMAN2L	1724	1200	2179
LMBR1	9149	7298	11310
LMBR1L	1221	823	1608
LMBRD1	3481	2574	4724
LMBRD2	1147	921	1698
LMCD1	4787	2605	4329
LMCD1-AS1	9062	6996	13010
LMF1	4296	2939	5834
LMF1-AS1	362	323	581
LMF2	494	331	600
LMLN	1457	913	1885
LMLN-AS1	0	3	2
LMLN2	13	10	32
LMNA	10505	4868	8544
LMNB1	2295	1441	3102
LMNB1-DT	194	141	265
LMNB2	796	632	1074
LMNTD1	934	579	1356
LMNTD2	76	68	113
LMNTD2-AS1	42	34	67
LMO1	679	494	1060
LMO2	438	309	426
LMO3	632	555	834
LMO4	2696	2703	4232
LMO7	2455	2396	3639
LMO7-AS1	494	444	759
LMO7DN	452	150	258
LMOD1	852	977	1040
LMOD1-AS1	110	80	132
LMOD2	91	196	101
LMOD3	324	649	358
LMTK2	2773	2018	3800
LMTK3	256	199	389
LMX1A	1564	1016	1466
LMX1A-AS1	11	14	18
LMX1A-AS2	9	8	9
LMX1B	1053	552	1152
LMX1B-DT	164	122	248
LNC-LBCS	2275	1792	3218
LNC-RHL1	0	0	3
LNC-WAL	658	576	805
LNCARGI	8	3	13
LNCAROD	1165	787	1660
LNCARSR	170	99	194
LNCATV	112	87	150
LNCBRM	145	118	253
LNCDAT	16	5	14
LNCEGFL7OS	76	61	102
LNCHR1	15	6	16
LNCMB1	16	5	32
LNCMB2	23	26	33
LNCMB3	16	11	11
LNCNEF	95	68	138
LNCOB1	77	41	84
LNCOC1	99	80	137
LNCOG	149	95	207
LNCPNKY	7	8	27
LNCPOIR	21	14	43
LNCPRESS1	5	3	8
LNCPRESS2	15	13	19
LNCPTCTS	6	9	4
LNCRI	4	3	9
LNCRMP	16	9	24
LNCRNA-IUR	890	675	1081
LNCROPM	97	76	125
LNCSRLR	42	33	43
LNCTAM34A	87	85	127
LNCTSI	105	110	160
LNMICC	50	35	59
LNP1	630	430	767
LNPEP	4681	3475	6059
LNPK	3371	2825	3928
LNPPS	23	28	24
LNX1	1861	1247	2355
LNX2	1582	1103	2129
LOH12CR2	23	29	45
LOLI1	406	247	465
LONP1	928	701	1161
LONP2	6732	4631	8245
LONRF1	1568	1099	1852
LONRF2	339	207	343
LONRF3	297	213	278
LORICRIN	18	17	55
LOX	964	628	1002
LOXHD1	1120	606	1206
LOXL1	807	747	1037
LOXL1-AS1	214	187	288
LOXL2	3914	2649	5237
LOXL2-AS1	226	152	289
LOXL3	386	262	416
LOXL4	359	205	324
LPA	328	222	463
LPAR1	8434	5293	9274
LPAR2	357	221	513
LPAR3	424	351	611
LPAR4	778	572	793
LPAR5	167	125	220
LPAR6	1474	1128	1965
LPCAT1	2036	1249	2489
LPCAT2	2954	1716	3639
LPCAT3	1533	1226	1909
LPCAT4	545	391	720
LPGAT1	3632	2498	4407
LPGAT1-AS1	65	58	80
LPIN1	2685	1973	3236
LPIN2	3537	2152	4242
LPIN2-AS1	92	78	107
LPIN2-AS2	118	83	184
LPIN3	755	581	1116
LPL	2384	1018	1295
LPO	132	89	190
LPP	44904	28964	50753
LPP-AS1	24	9	25
LPP-AS2	95	65	126
LPXN	785	547	1092
LRAT	394	232	484
LRATD1	434	452	715
LRATD2	174	117	240
LRBA	17484	12877	22465
LRBA-AS1	21	9	20
LRCH1	10164	6796	12268
LRCH2	1755	981	2255
LRCH3	11281	8144	15094
LRCH4	173	139	237
LRCOL1	78	43	86
LRFN1	88	76	130
LRFN2	590	448	830
LRFN3	168	99	249
LRFN4	104	84	130
LRFN5	13631	5953	10731
LRFN5-DT	430	244	639
LRGUK	1213	703	1262
LRIF1	338	247	478
LRIG1	13177	9837	18219
LRIG2	3254	2411	4048
LRIG2-DT	611	500	837
LRIG3	12329	9120	17910
LRIG3-DT	873	759	1536
LRIT1	34	8	37
LRIT2	14	10	24
LRIT3	48	59	113
LRMDA	26557	14855	28122
LROMI1	686	438	927
LRP1	8277	5587	10723
LRP1-AS	13	5	23
LRP10	352	314	503
LRP11-AS1	5	1	3
LRP12	2617	1715	3423
LRP1B	11050	7131	18302
LRP2	870	502	1416
LRP2BP	330	282	465
LRP2BP-AS1	387	322	585
LRP3	350	216	430
LRP4	3341	2173	5521
LRP4-AS1	122	74	170
LRP5	3375	2577	4266
LRP6	8021	5384	9307
LRP8	1324	1013	2009
LRP8-DT	36	20	46
LRPAP1	1341	1004	1793
LRPPRC	5831	4264	7455
LRR1	458	305	571
LRRC1	3146	1898	3370
LRRC10	11	4	13
LRRC10B	11	12	12
LRRC14	205	136	262
LRRC14B	46	29	28
LRRC15	83	65	129
LRRC17	2863	2127	3581
LRRC18	13	8	27
LRRC19	34	18	35
LRRC2	828	604	1151
LRRC2-AS1	10	4	11
LRRC20	1040	750	1283
LRRC23	958	593	1168
LRRC24	157	81	147
LRRC25	21	22	29
LRRC26	0	0	2
LRRC27	1193	854	1738
LRRC28	4111	2999	5548
LRRC3	94	47	124
LRRC3-DT	16	4	20
LRRC30	2	2	0
LRRC31	84	67	137
LRRC32	316	181	334
LRRC32-AS1	50	25	65
LRRC34	761	453	824
LRRC36	231	163	396
LRRC37A	89	84	169
LRRC37A2	670	424	900
LRRC37A2-AS1	3838	2558	4452
LRRC37A3	780	708	1311
LRRC37B	1499	1100	2037
LRRC38	205	238	255
LRRC39	400	938	536
LRRC3B	1342	1103	2040
LRRC3B-AS1	37	35	58
LRRC3C	41	28	50
LRRC4	35	30	79
LRRC40	2637	1858	3384
LRRC41	2234	1614	2608
LRRC42	672	524	937
LRRC43	179	131	232
LRRC45	252	168	358
LRRC46	32	36	45
LRRC47	807	513	894
LRRC49	2301	1343	2902
LRRC4B	841	503	969
LRRC4C	18945	11447	26729
LRRC52	80	54	98
LRRC52-AS1	448	252	535
LRRC53	123	73	178
LRRC55	45	27	79
LRRC56	218	182	344
LRRC57	3	0	0
LRRC58	1043	824	1380
LRRC59	560	367	618
LRRC59-AS1	50	17	33
LRRC61	160	132	232
LRRC63	505	287	608
LRRC66	275	242	339
LRRC69	972	752	1063
LRRC7	5925	5391	9563
LRRC7-AS1	47	26	39
LRRC71	149	92	206
LRRC72	261	185	298
LRRC73	49	31	50
LRRC74A	138	113	202
LRRC74B	64	43	95
LRRC75A	743	463	816
LRRC75B	256	181	261
LRRC8A	689	451	795
LRRC8B	1418	971	1698
LRRC8C-DT	567	292	722
LRRC8D	57	47	82
LRRC8D-DT	5	5	6
LRRC8E	70	75	111
LRRC9	428	277	569
LRRCC1	1184	872	1646
LRRFIP1	12970	9880	15157
LRRFIP2	6087	4433	7427
LRRIQ1	951	632	1546
LRRIQ3	525	335	619
LRRIQ4	150	102	165
LRRK1	3896	2245	4561
LRRK1-AS1	264	211	417
LRRK2	2478	1996	2998
LRRK2-DT	163	116	246
LRRN1	1020	1236	1629
LRRN2	609	387	478
LRRN2-AS1	16	13	14
LRRN3	272	186	300
LRRN4	80	56	88
LRRN4CL	71	56	89
LRRTM1	69	52	102
LRRTM2	64	44	90
LRRTM3	1124	1092	1487
LRRTM4	16753	3318	8069
LRRTM4-AS1	80	52	112
LRSAM1	1960	1610	2889
LRTM1	240	237	310
LRTM2	55	37	65
LRTOMT	87	67	153
LRWD1	143	110	172
LSAMP	38510	19482	42489
LSAMP-AS1	52	10	63
LSG1	2777	1666	3022
LSINCT5	9	1	10
LSM1	441	363	588
LSM10	163	135	216
LSM11	203	141	245
LSM12	1423	949	1838
LSM14A	7865	5762	10606
LSM14B	654	500	896
LSM2	307	212	423
LSM3	797	537	1049
LSM4	404	316	561
LSM5	650	431	988
LSM6	770	521	1015
LSM7	1283	797	1417
LSM8	1387	1155	1994
LSMEM1	1	0	2
LSMEM2	82	72	84
LSP1	557	421	727
LSR	356	249	554
LSS	3307	2437	4649
LST1	81	79	128
LTA	16	9	11
LTA4H	1936	1300	2531
LTB	38	26	48
LTB4R	252	219	316
LTB4R2	53	38	64
LTBP1	18771	11545	22620
LTBP2	1195	1283	1340
LTBP3	2597	1806	3074
LTBP4	3123	2032	3755
LTBR	872	651	1093
LTC4S	74	25	76
LTF	198	114	231
LTK	95	77	118
LTN1	4486	3002	5991
LTO1	770	612	1016
LTV1	745	482	939
LUADT1	113	68	142
LUARIS	54	29	57
LUC7L	7485	5302	9615
LUC7L2	326	226	441
LUC7L3	26770	18953	34255
LUCAT1	1517	976	1769
LUM	3310	1158	2222
LUNAR1	59	40	61
LURAP1	410	250	478
LURAP1L	2887	1604	3153
LURAP1L-AS1	773	459	926
LUZP1	5063	3461	6254
LUZP2	5113	4737	4776
LUZP4	33	30	48
LVRN	652	431	684
LXN	453	306	669
LY6D	33	34	36
LY6E	170	96	192
LY6E-DT	810	458	1170
LY6G5B	13	5	15
LY6G5C	69	45	77
LY6G6C	52	37	71
LY6G6F-LY6G6D	20	11	35
LY6H	14	8	25
LY6K	13	15	24
LY6L	21	10	8
LY75	0	2	0
LY75-CD302	42	20	61
LY86	427	262	563
LY86-AS1	2002	1677	2304
LY9	192	157	261
LY96	324	248	371
LYAR	692	474	859
LYG1	238	136	277
LYG2	29	21	36
LYL1	104	56	112
LYN	1851	1039	2049
LYNX1-SLURP2	38	28	34
LYPD1	215	148	309
LYPD2	14	16	19
LYPD3	174	166	223
LYPD4	18	17	21
LYPD5	178	138	223
LYPD6	3256	2292	4669
LYPD6B	2299	2261	3715
LYPD8	72	48	86
LYPLA1	2313	1682	2941
LYPLA2	325	219	437
LYPLAL1	4853	3944	6711
LYPLAL1-AS1	8246	4609	5768
LYPLAL1-DT	1303	790	1555
LYRM1	981	740	1235
LYRM2	913	759	1325
LYRM4	4338	3245	5711
LYRM4-AS1	333	249	467
LYRM7	1339	935	1655
LYRM9	22	8	34
LYRM9-AS1	41	29	52
LYSMD1	301	237	398
LYSMD2	213	139	282
LYSMD3	1226	925	1681
LYSMD4	918	797	1462
LYST	7817	5335	10473
LYST-AS1	0	0	1
LYVE1	957	566	775
LYZ	25	17	28
LYZL1	94	69	124
LYZL2	32	27	65
LYZL4	25	20	49
LYZL6	32	22	32
LZIC	903	717	1304
LZTFL1	865	630	1192
LZTR1	433	316	655
LZTS1	1581	1381	2257
LZTS1-AS1	92	81	115
LZTS2	708	606	868
LZTS3	241	158	279
M1AP	304	233	479
M6PR	735	539	904
MAB21L1	73	27	38
MAB21L2	16	10	22
MAB21L3	114	104	209
MAB21L4	60	67	88
MACC1	466	375	623
MACC1-AS1	57	27	66
MACC1-DT	27	10	25
MACC1-OT1	794	468	1008
MACF1	34450	25938	43630
MACIR	379	318	515
MACO1	3058	2117	3694
MACORIS	152	124	273
MACROD1	2443	2158	3321
MACROD2	24837	18489	30669
MACROD2-AS1	190	156	259
MACROH2A1	5440	3802	6976
MACROH2A2	1553	1053	2441
MAD2L1	139	143	226
MAD2L1-DT	3435	2153	4192
MAD2L1BP	195	130	201
MAD2L2	583	445	800
MADCAM1	242	166	384
MADCAM1-AS1	179	100	193
MADD	2401	1731	3226
MADD-AS1	15	6	12
MAEA	2955	2194	3889
MAEL	176	113	238
MAF	1507	1439	1817
MAF1	183	170	224
MAFA	58	63	74
MAFA-AS1	11	12	15
MAFB	199	241	289
MAFF	744	280	625
MAFG	240	125	269
MAFG-AS1	17	11	16
MAFG-DT	67	28	92
MAFK	422	340	591
MAFTRR	583	447	676
MAG	131	85	164
MAGEA1	13	8	6
MAGEA11	70	44	119
MAGEA12	7	7	12
MAGEA3	4	3	4
MAGEA3-DT	361	231	433
MAGEA4	12	9	25
MAGEA4-AS1	55	41	79
MAGEA6	7	3	0
MAGEA6-DT	8	6	19
MAGEA8	9	7	18
MAGEA8-AS1	6	3	11
MAGEA9	0	0	0
MAGEA9B	4	2	7
MAGEB1	48	28	60
MAGEB10	49	38	55
MAGEB16	14	10	11
MAGEB17	19	8	28
MAGEB17-AS1	46	33	69
MAGEB18	5	4	4
MAGEB2	21	7	26
MAGEB3	29	11	28
MAGEB4	3	2	7
MAGEB5	3	0	6
MAGEB6	5	2	5
MAGEB6B	6	5	8
MAGEC1	10	3	21
MAGEC2	11	6	8
MAGEC3	126	95	175
MAGED1	4927	3455	6413
MAGED2	6158	4298	7298
MAGEE1	17	18	27
MAGEE2	13	3	14
MAGEF1	172	185	266
MAGEH1	105	89	107
MAGEL2	30	34	53
MAGI1	36036	24647	52280
MAGI1-AS1	203	158	285
MAGI2	18863	11900	23794
MAGI2-AS1	2	4	5
MAGI2-AS2	16	7	15
MAGI2-AS3	1853	1271	2323
MAGI3	9655	6737	13021
MAGIX	81	54	92
MAGOH	966	747	1261
MAGOH-DT	48	25	43
MAGOHB	2492	1793	3357
MAGT1	2109	1439	2497
MAILR	4927	3889	6779
MAIP1	873	597	1080
MAJIN	121	66	128
MAK	497	316	588
MAK16	646	461	774
MAL	765	488	1173
MAL-AS1	20	11	31
MAL2	483	370	731
MAL2-AS1	152	79	195
MALAT1	2101640	1481742	2521474
MALINC1	166	102	229
MALL	208	106	249
MALRD1	3956	2944	5855
MALRD1-AS1	126	67	120
MALSU1	1193	1048	1639
MALT1	2823	2063	3974
MALT1-AS1	29	18	39
MAMDC2	1321	1474	1942
MAMDC2-AS1	1361	1008	1851
MAMDC4	206	178	260
MAML1	1952	1419	2336
MAML2	33334	23679	44562
MAML3	18408	13143	23890
MAML3-AS1	15	15	26
MAML3-AS2	133	79	167
MAMLD1	2839	2040	2985
MAMSTR	493	717	577
MAN1A1	5645	3304	5128
MAN1A2	6821	5122	9561
MAN1B1	1077	811	1325
MAN1B1-DT	23	10	25
MAN1C1	2497	1745	3292
MAN2A1	6959	4880	9498
MAN2A1-DT	3	1	1
MAN2A2	1000	648	1225
MAN2A2-AS1	6	3	15
MAN2B1	504	378	653
MAN2B2	544	327	715
MAN2C1	1365	1091	1852
MANBA	1962	1367	2583
MANBAL	671	482	875
MANCR	267	227	353
MANEA	580	372	800
MANEA-DT	82	78	117
MANEAL	52	29	73
MANF	255	185	354
MANSC1	281	190	356
MANSC4	115	90	157
MAOA	795	578	1261
MAOB	497	303	593
MAP10	92	85	140
MAP1A	873	533	1097
MAP1B	11333	6729	12130
MAP1B-AS1	225	159	296
MAP1LC3A	440	283	549
MAP1LC3B	791	586	1030
MAP1LC3B2	215	182	325
MAP1LC3C	30	21	32
MAP1S	326	268	449
MAP2	6489	4574	10964
MAP2K1	3490	2221	4392
MAP2K2	1134	827	1427
MAP2K3	689	491	889
MAP2K4	6690	4612	8409
MAP2K5	7085	5456	10193
MAP2K5-DT	18	27	40
MAP2K6	3763	2354	4587
MAP2K6-AS1	72	52	87
MAP2K7	965	695	1328
MAP2K7-AS1	7	8	14
MAP3K1	6071	4104	7557
MAP3K1-AS1	75	65	103
MAP3K10	712	478	993
MAP3K11	981	617	1189
MAP3K12	1139	734	1420
MAP3K13	4362	2782	6058
MAP3K14	1868	1208	2120
MAP3K14-AS1	111	82	194
MAP3K15	485	326	609
MAP3K19	541	371	784
MAP3K2	6449	4412	7433
MAP3K2-DT	135	105	260
MAP3K20	6545	5054	8025
MAP3K20-AS1	412	282	492
MAP3K21	288	167	348
MAP3K3	3504	2137	4033
MAP3K4	7999	5707	10559
MAP3K4-AS1	55	32	57
MAP3K5	2742	3102	3918
MAP3K5-AS1	45	31	68
MAP3K5-AS2	21	13	24
MAP3K6	278	196	356
MAP3K7	4081	2965	5083
MAP3K7CL	1206	968	1511
MAP3K8	1396	723	1498
MAP3K9	519	422	846
MAP3K9-DT	51	31	77
MAP4	22202	16165	25850
MAP4K1	129	114	212
MAP4K1-AS1	32	52	57
MAP4K2	662	456	785
MAP4K3	10032	7099	12509
MAP4K3-DT	3259	2323	3973
MAP4K4	16930	11063	20917
MAP4K5	10677	7228	13478
MAP6	405	393	510
MAP6-AS1	67	52	90
MAP7	2800	2754	3890
MAP7-AS1	13	15	22
MAP7D1	932	745	1179
MAP7D2	575	325	788
MAP7D3	3350	2141	4240
MAP9	825	564	1140
MAP9-AS1	492	294	611
MAPK1	7310	4863	8518
MAPK10	6299	3926	10145
MAPK10-AS1	433	409	786
MAPK11	307	170	310
MAPK12	223	194	242
MAPK13	486	368	597
MAPK14	4992	3324	5750
MAPK15	67	68	116
MAPK1IP1L	1937	1388	2538
MAPK3	481	332	543
MAPK4	1170	970	1746
MAPK6	2675	1924	3330
MAPK6-DT	40	42	60
MAPK7	466	337	664
MAPK8	11157	7174	14199
MAPK8IP1	159	111	144
MAPK8IP2	53	33	54
MAPK8IP3	4534	3145	5518
MAPK8IP3-AS1	2	0	0
MAPK9	1918	1307	2358
MAPKAP1	8333	5739	10408
MAPKAPK2	1865	1263	2228
MAPKAPK3	757	554	964
MAPKAPK5	2838	1867	3470
MAPKAPK5-AS1	188	157	236
MAPKBP1	3181	2246	4474
MAPRE1	1739	1038	1727
MAPRE2	5021	2618	5480
MAPRE3	585	513	729
MAPRE3-AS1	31	21	36
MAPT	1670	1205	2051
MAPT-AS1	314	200	420
MARCHF1	3823	3371	4962
MARCHF10	527	370	666
MARCHF10-AS1	252	192	272
MARCHF10-DT	95	64	94
MARCHF11	329	177	375
MARCHF11-AS1	41	20	45
MARCHF11-DT	24	18	23
MARCHF2	463	306	585
MARCHF3	3447	2158	3221
MARCHF4	497	318	680
MARCHF4-AS1	51	38	73
MARCHF5	2791	2009	3538
MARCHF6	9817	6740	11367
MARCHF6-DT	91	81	140
MARCHF7	9762	6825	12187
MARCHF8	3005	1973	3528
MARCHF9	170	146	212
MARCKS	1549	1201	2027
MARCKSL1	174	118	208
MARCO	225	135	276
MARCO-AS1	14	8	11
MARCOL	40	36	68
MARF1	4444	3015	5729
MARK1	9506	5560	10869
MARK2	3250	2403	4186
MARK3	10618	8006	14391
MARK4	3118	2522	4227
MARS1	1737	1235	2125
MARVELD1	261	183	295
MARVELD2	229	188	310
MARVELD3	119	104	202
MAS1	53	28	54
MASP1	1770	1171	2786
MASP2	132	86	160
MAST1	203	142	295
MAST2	6455	4556	8096
MAST3	734	602	896
MAST3-AS1	53	36	78
MAST4	16407	11621	20369
MAST4-AS1	35	28	54
MASTL	1443	934	1789
MAT1A	77	71	93
MAT2A	2104	1482	2612
MAT2B	895	737	1194
MATK	104	98	112
MATN1	208	139	241
MATN1-AS1	155	115	171
MATN2	4201	3497	4900
MATN3	85	48	89
MATN4	56	44	101
MATR3	130	103	175
MAU2	3089	2433	4144
MAVS	1766	1277	2128
MAX	3207	2477	4083
MAX-AS1	83	80	88
MAZ	71	49	90
MB	107	108	135
MB21D2	3196	2590	4640
MBD1	1731	1329	2228
MBD2	3440	2557	4464
MBD3	226	168	289
MBD3L1	66	44	79
MBD3L2B	0	0	0
MBD3L3	38	27	52
MBD4	1595	1287	2027
MBD5	26367	17597	34409
MBD6	675	502	1041
MBIP	1375	981	1736
MBL2	31	24	39
MBLAC1	70	37	63
MBLAC2	392	309	549
MBNL1	21842	14595	25513
MBNL1-AS1	231	147	227
MBNL2	13013	8675	16943
MBNL3	3150	2154	5178
MBOAT1	1987	1295	2595
MBOAT2	4706	3334	6195
MBOAT4	72	69	133
MBOAT7	688	531	915
MBP	2246	1955	3307
MBP-AS1	71	45	93
MBP-AS2	38	15	28
MBTD1	5742	4119	7718
MBTPS1	5481	4026	7148
MBTPS1-DT	15	19	29
MBTPS2	1295	967	1538
MC1R	18	10	26
MC2R	103	95	168
MC3R	4	0	5
MC4R	1	3	3
MC5R	10	8	19
MCAM	1068	734	1355
MCAT	332	263	374
MCC	17508	12787	26008
MCC-AS1	532	419	727
MCCC1	3789	2807	5204
MCCC1-AS1	11	12	10
MCCC2	2749	1945	3572
MCCD1	12	8	20
MCEE	2727	2110	3251
MCEMP1	6	4	10
MCF2	377	286	548
MCF2L	3235	2092	4248
MCF2L-AS1	13	8	24
MCF2L2	1169	756	1426
MCFD2	820	559	940
MCFD2-AS1	29	29	53
MCHR1	18	20	25
MCHR2	311	213	387
MCHR2-AS1	384	238	510
MCIDAS	55	42	66
MCL1	4961	1888	3237
MCM10	991	683	1358
MCM2	302	221	431
MCM3	1101	824	1616
MCM3AP	4471	3049	5868
MCM3AP-AS1	708	608	975
MCM4	1037	737	1591
MCM5	686	533	989
MCM6	975	752	1477
MCM7	2031	1393	2577
MCM8	166	106	222
MCM8-AS1	39	26	69
MCM9	3193	2426	4320
MCMBP	1891	1297	2311
MCMDC2	377	252	482
MCOLN1	390	346	536
MCOLN2	495	357	637
MCOLN3	975	643	1747
MCPH1	8620	5924	12188
MCPH1-AS1	1499	996	2227
MCPH1-DT	95	57	138
MCRIP1	555	380	668
MCRIP2	113	116	165
MCRS1	388	351	514
MCTP1	10857	5461	10301
MCTP1-AS1	1	4	4
MCTP1-AS2	19	11	18
MCTP2	1845	1428	2674
MCTS1	1263	924	1577
MCU	9682	7505	10735
MCUB	2512	1925	3375
MCUR1	1260	959	1708
MDC1	1448	1029	1849
MDC1-AS1	59	48	78
MDFI	1010	628	1134
MDFIC	5690	3342	5346
MDFIC2	710	281	597
MDGA1	851	583	1193
MDGA2	4331	2893	6181
MDH1	1222	984	1448
MDH1B	207	122	293
MDH2	496	436	661
MDK	1097	765	1223
MDM1	2027	1381	2671
MDM2	4377	3514	5763
MDM4	9413	6540	11967
MDN1	6134	4470	7915
MDN1-AS1	12	4	12
MDS2	265	271	433
ME1	1700	1250	2104
ME2	2929	1867	3632
ME3	3489	2062	4605
ME3-AS1	1348	764	1757
MEA1	320	221	461
MEAF6	2283	1730	2863
MEAK7	1742	1232	2414
MECOM	14590	8330	16421
MECOM-AS1	102	64	142
MECP2	4391	3127	5707
MECR	1399	1002	1671
MED1	2337	1672	2984
MED10	1051	773	1285
MED10-DT	136	92	187
MED11	246	211	337
MED12	1316	944	1713
MED12L	2506	2193	3802
MED13	8884	6409	11446
MED13L	31775	20835	36890
MED14	4086	2633	5488
MED14OS	42	25	54
MED15	3979	2898	5350
MED16	718	431	921
MED17	39	23	63
MED18	81	81	138
MED19	519	336	699
MED21	1135	778	1395
MED22	477	294	555
MED23	3296	2311	4289
MED24	1930	1399	2363
MED25	1147	807	1482
MED27	4421	3138	5911
MED28	1846	1587	2472
MED28-DT	289	189	304
MED29	355	255	467
MED30	526	389	668
MED31	358	258	495
MED4	3321	2280	4314
MED4-AS1	28	16	26
MED6	1017	812	1342
MED7	135	67	128
MED8	778	548	940
MED8-AS1	30	20	29
MED9	427	352	555
MEDAG	434	186	216
MEF2A	32389	22170	42818
MEF2C	19298	18637	24746
MEF2C-AS1	9055	6074	11270
MEF2C-AS2	631	407	775
MEF2D	1805	1318	2067
MEFV	33	36	46
MEG3	44453	47424	55624
MEG8	24999	28955	36476
MEG9	2688	3077	3636
MEGF10	1319	1574	2382
MEGF10-DT	251	179	414
MEGF11	1577	985	2226
MEGF6	7681	5296	11464
MEGF8	1219	909	1723
MEGF9	3384	2491	4565
MEI1	426	335	545
MEI4	912	588	1199
MEIG1	114	80	155
MEIKIN-AS1	75	31	95
MEIOC	133	86	192
MEIOSIN	106	70	136
MEIS1	7026	4606	8309
MEIS1-AS2	86	49	112
MEIS1-AS3	96	63	154
MEIS2	12037	7768	17711
MEIS3	881	566	1011
MELK	2379	1505	3269
MELTF	447	355	580
MELTF-AS1	148	106	201
MEMO1	165	140	269
MEN1	318	227	419
MEOX1	1102	548	988
MEOX2	12407	6957	12778
MEOX2-AS2	58	49	83
MEP1A	120	85	170
MEP1B	106	71	127
MEPCE	5	0	3
MEPE	64	36	90
MERTK	1631	1230	2066
MESD	2057	1680	2945
MESP1	28	14	16
MESP2	89	41	87
MEST	4806	3423	6628
MESTIT1	68	25	77
MET	1559	1190	2046
METAP1	2335	1579	2939
METAP1D	2286	1463	2822
METAP2	2959	2358	3841
METRN	81	53	104
METRNL	334	256	389
METTL1	668	447	784
METTL13	573	466	861
METTL14	2087	1447	2797
METTL14-DT	86	53	107
METTL15	11163	8120	14714
METTL16	3781	2786	5018
METTL17	1277	933	1665
METTL18	74	79	127
METTL21A	1440	1047	1994
METTL21C	79	33	95
METTL22	1212	893	1663
METTL23	229	162	366
METTL24	696	513	1108
METTL25	3457	2484	4446
METTL25B	344	298	489
METTL26	349	275	375
METTL27	107	104	249
METTL2A	820	650	1196
METTL2B	554	412	750
METTL3	1083	797	1514
METTL4	1218	794	1700
METTL5	1412	1109	1774
METTL6	2369	1735	3339
METTL7A	21	11	32
METTL7B	23	14	23
METTL8	2881	2101	3982
METTL9	2457	1639	3036
MEX3A	748	458	974
MEX3B	382	302	543
MEX3C	828	652	1047
MEX3D	275	178	331
MFAP1	668	513	892
MFAP2	912	574	1090
MFAP3	1787	1348	2175
MFAP3L	445	414	659
MFAP3L-AS1	32	28	45
MFAP4	595	514	775
MFAP5	6252	3158	4476
MFF	2552	1905	3530
MFF-DT	904	610	1369
MFGE8	2076	1619	2876
MFHAS1	2979	2076	3731
MFN1	2761	1903	3604
MFN2	1552	1267	2039
MFNG	131	92	166
MFRP	31	26	44
MFSD1	971	641	1293
MFSD10	282	203	316
MFSD11	2239	1835	3239
MFSD12	767	489	1036
MFSD12-AS1	159	116	270
MFSD13A	180	143	337
MFSD14A	3	1	3
MFSD14B	2038	1433	2731
MFSD2A	656	791	861
MFSD2B	223	164	318
MFSD3	48	64	67
MFSD4A	322	176	355
MFSD4B	4120	3239	6361
MFSD4B-DT	179	123	238
MFSD5	35	26	49
MFSD6	1093	901	1432
MFSD6L	19	10	15
MFSD8	2025	1407	2571
MFSD9	402	284	543
MGA	6867	5026	8858
MGAM	723	410	959
MGAM2	382	231	479
MGARP	3	5	7
MGAT1	986	697	1312
MGAT2	61	33	74
MGAT3	522	370	719
MGAT3-AS1	5	0	3
MGAT4A	1494	1079	1807
MGAT4B	223	202	326
MGAT4C	3423	1946	3335
MGAT4D	149	106	182
MGAT5	13888	9264	19151
MGAT5B	385	262	632
MGC15885	58	53	80
MGC16275	96	65	109
MGC27382	398	395	487
MGC32805	238	143	384
MGC4859	1058	669	1281
MGLL	5329	4226	7550
MGME1	2036	1604	2983
MGMT	11143	7574	14523
MGP	560	247	343
MGRN1	3088	2089	3672
MGRN1-AS1	50	21	44
MGST1	2062	1320	1785
MGST2	1373	1090	1912
MGST3	1697	1232	2024
MHENCR	150	133	194
MIA-RAB4B	26	14	34
MIA2	4384	3331	5593
MIA2-AS1	6	17	21
MIA3	3721	2560	4851
MIAT	317	193	558
MIATNB	2583	1796	3354
MIB1	10930	8001	14434
MIB2	850	551	921
MICA	42	40	53
MICAL1	1487	1076	1942
MICAL2	2721	2249	2874
MICAL2-AS1	5	3	7
MICAL3	7383	6081	10076
MICALL1	1648	1227	2210
MICALL2	667	513	941
MICALL2-DT	41	25	55
MICB	59	47	83
MICB-DT	84	58	97
MICOS10	828	656	1096
MICOS10-DT	22	20	39
MICOS13	162	122	191
MICU1	9056	7533	11251
MICU2	6422	4532	8399
MICU3	3459	2254	4470
MID1	24746	15278	22747
MID1IP1	137	111	193
MID1IP1-AS1	45	29	34
MID2	1733	1213	2108
MIDEAS	4043	2591	4384
MIDEAS-AS1	429	201	343
MIDN	805	503	913
MIEF1	452	355	660
MIEF2	93	95	124
MIEN1	182	132	175
MIER1	3892	2739	4750
MIER2	1148	840	1374
MIER3	1687	1092	2128
MIER3-AS1	26	20	35
MIF-AS1	32	65	75
MIF4GD	48	49	87
MIF4GD-DT	50	29	73
MIGA1	3884	2743	4978
MIGA2	933	703	1090
MIIP	390	251	479
MILR1	135	93	168
MIMT1	40	32	75
MINAR1	461	354	559
MINAR2	236	127	193
MINCR	47	55	58
MINDY1	814	647	1101
MINDY2	2612	1905	3355
MINDY2-DT	16	10	30
MINDY3	4012	2907	5077
MINDY4B	44	35	74
MINK1	4595	3361	5796
MINPP1	959	710	1337
MIOS	2174	1703	2850
MIOS-DT	156	122	246
MIOX	25	18	24
MIP	6	3	5
MIPEP	4450	3414	6640
MIPOL1	8094	5151	11074
MIR1-1HG	297	1087	345
MIR100HG	13887	9273	15819
MIR106AHG	43	28	48
MIR122HG	41	83	80
MIR124-1HG	68	41	121
MIR124-2HG	52	29	65
MIR1302-9HG	19	5	10
MIR130AHG	1165	740	1553
MIR133A1HG	513	2269	652
MIR137HG	171	103	271
MIR142HG	24	12	23
MIR155HG	278	104	302
MIR17HG	612	366	648
MIR181A1HG	8314	7001	11522
MIR181A2HG	2937	2454	4897
MIR1915HG	455	300	685
MIR193BHG	1225	919	1861
MIR194-2HG	16	7	18
MIR200CHG	27	21	39
MIR202HG	11	5	13
MIR2052HG	822	497	1079
MIR205HG	2117	2046	4067
MIR210HG	57	51	78
MIR2113HG	4101	3195	5504
MIR2117HG	14	16	34
MIR217HG	480	277	608
MIR219A2HG	5	2	4
MIR222HG	1308	800	2118
MIR223HG	40	37	55
MIR22HG	518	256	378
MIR23AHG	2152	797	1569
MIR29B2CHG	2204	1451	2849
MIR302CHG	50	46	75
MIR30DHG	590	535	937
MIR3142HG	269	180	417
MIR3147HG	31	23	45
MIR3150BHG	10	9	14
MIR31HG	653	621	953
MIR325HG	1726	1264	2491
MIR34AHG	380	286	489
MIR34BHG	12	4	8
MIR3659HG	845	747	1106
MIR365BHG	251	115	160
MIR3663HG	124	90	173
MIR3667HG	2378	984	2533
MIR3677HG	131	114	186
MIR3681HG	3325	2147	4015
MIR378D2HG	3	0	8
MIR3936HG	2531	1812	3357
MIR3945HG	40	23	42
MIR3976HG	485	281	581
MIR4280HG	374	268	470
MIR4290HG	75	55	87
MIR4300HG	2446	1586	3126
MIR4422HG	469	278	597
MIR4432HG	363	277	485
MIR4435-2HG	3888	3016	4632
MIR4453HG	199	203	334
MIR4458HG	510	412	577
MIR4500HG	621	407	788
MIR4527HG	686	437	876
MIR4713HG	1111	708	1601
MIR4733HG	41	53	80
MIR493HG	3480	3396	4592
MIR497HG	11	29	6
MIR503HG	3276	2245	3691
MIR548A1HG	566	316	674
MIR548BAHG	1893	1270	2423
MIR548XHG	1149	713	2199
MIR5689HG	86	50	106
MIR646HG	1707	1631	2286
MIR663AHG	189	131	257
MIR7-3HG	272	221	363
MIR7515HG	121	77	157
MIR762HG	378	353	609
MIR9-1HG	359	220	440
MIR9-3HG	419	217	507
MIR924HG	11099	7984	16654
MIR99AHG	31656	26773	34745
MIRLET7A1HG	2625	1966	3347
MIRLET7BHG	5541	4110	6570
MIRLET7IHG	1898	1520	2538
MIS12	437	288	566
MIS18A	328	256	486
MIS18A-AS1	45	28	44
MIS18BP1	4430	2976	5973
MISP	58	41	81
MISP3	30	29	45
MITA1	1199	624	1074
MITD1	1795	1247	2361
MITF	9193	6044	10844
MIX23	859	633	1058
MIXL1	28	22	33
MKI67	2847	1935	3993
MKKS	440	361	607
MKLN1	14981	10763	19674
MKLN1-AS	156	111	195
MKNK1	2033	1390	2725
MKNK1-AS1	169	114	218
MKNK2	522	412	571
MKRN1	1165	865	1595
MKRN2	1397	1076	1845
MKRN2OS	277	189	326
MKRN3	965	566	1928
MKS1	1262	860	1661
MKX	690	719	838
MKX-AS1	51	58	86
MLANA	420	339	688
MLC1	94	75	168
MLEC	1290	873	1678
MLF1	1474	617	1143
MLF1-DT	150	88	192
MLF2	690	475	820
MLH1	3250	2231	4149
MLH3	2731	1914	3545
MLIP	1582	3772	1920
MLIP-AS1	384	270	510
MLKL	504	387	569
MLLT1	1567	1079	1953
MLLT10	16035	11305	20367
MLLT11	263	193	333
MLLT3	10866	7401	16047
MLLT6	2141	1540	2943
MLN	33	25	63
MLNR	9	4	14
MLPH	530	395	748
MLST8	255	169	298
MLX	514	399	617
MLXIP	2444	1607	2944
MLXIPL	423	378	464
MLYCD	475	359	623
MMAA	733	519	947
MMAB	756	553	1028
MMACHC	219	196	275
MMADHC	1021	787	1384
MMADHC-DT	4829	3374	6443
MMD	526	388	638
MMD2	192	139	252
MME	2717	2199	4573
MME-AS1	90	42	103
MMEL1	163	99	201
MMEL1-AS1	17	24	18
MMGT1	239	214	339
MMP1	37	13	28
MMP10	33	18	38
MMP11	197	160	326
MMP12	32	18	37
MMP13	37	24	53
MMP14	2393	1748	2793
MMP15	190	157	264
MMP16	19816	9912	16319
MMP17	1135	681	1838
MMP19	693	485	646
MMP2	2167	1256	2206
MMP2-AS1	174	93	216
MMP20	190	117	233
MMP20-AS1	60	27	58
MMP21	208	197	266
MMP23B	47	32	57
MMP24	170	145	267
MMP24OS	1770	1204	2256
MMP25	117	97	156
MMP25-AS1	426	332	599
MMP26	896	662	1174
MMP27	613	558	927
MMP28	823	473	676
MMP3	33	22	23
MMP7	29	17	37
MMP8	31	27	54
MMP9	62	26	70
MMRN1	1518	632	973
MMRN2	458	296	547
MMS19	2351	1770	2983
MMS22L	5609	3956	7829
MMUT	1087	847	1387
MN1	1816	1055	1946
MNAT1	6253	4854	7849
MNDA	94	48	82
MNS1	2488	1505	2920
MNT	870	602	1089
MNX1	92	58	116
MNX1-AS1	22	6	15
MNX1-AS2	2	5	2
MOAP1	62	52	97
MOB1A	1462	1094	1959
MOB1B	3308	2504	4161
MOB1B-AS1	30	36	61
MOB2	1583	1074	2121
MOB3A	1245	926	1590
MOB3B	4809	3299	7692
MOB4	124	115	161
MOBP	222	133	292
MOCOS	484	343	586
MOCS1	447	395	541
MOCS2	491	385	662
MOCS2-DT	112	84	134
MOCS3	48	40	53
MOG	215	123	273
MOGAT1	395	297	425
MOGAT2	62	61	53
MOGAT3	61	43	81
MOGS	306	259	444
MOK	3063	2001	3815
MON1A	329	242	415
MON1B	372	246	423
MON2	22358	15378	26938
MON2-AS1	26	12	22
MORC1	545	340	734
MORC1-AS1	43	39	51
MORC2	2182	1528	2823
MORC2-AS1	92	73	118
MORC3	5469	4116	7055
MORC4	3230	2209	4021
MORF4L1	7585	4947	9382
MORF4L2	3121	1957	3565
MORF4L2-AS1	236	217	303
MORN1	1287	977	1771
MORN2	238	180	332
MORN3	222	149	396
MORN4	620	477	773
MORN5	123	79	201
MOS	3	2	10
MOSMO	3203	2131	4047
MOSPD1	697	615	995
MOSPD2	1744	1230	2478
MOSPD3	109	94	135
MOV10	2059	1480	2515
MOV10L1	618	323	559
MOXD1	1940	1157	3498
MPC1	1432	1146	1710
MPC1-DT	47	47	57
MPC1L	5	0	2
MPC2	642	470	808
MPDU1	553	382	778
MPDU1-AS1	84	62	122
MPDZ	11585	7581	13914
MPEG1	70	44	92
MPG	275	209	347
MPHOSPH10	1874	1387	2364
MPHOSPH6	2264	1644	3220
MPHOSPH6-DT	18	19	34
MPHOSPH8	7305	5410	9394
MPHOSPH9	4123	2934	5851
MPI	362	282	458
MPIG6B	59	77	74
MPL	55	32	80
MPLKIP	745	627	1037
MPND	215	159	333
MPO	37	10	22
MPP1	794	564	897
MPP2	681	377	744
MPP3	1776	1085	2018
MPP4	189	139	273
MPP7	5711	3379	6204
MPP7-DT	5	9	27
MPPE1	831	699	1115
MPPED1	2921	1855	5241
MPPED2	3974	2721	6460
MPPED2-AS1	204	117	211
MPRIP	8592	6211	11234
MPRIP-AS1	11	12	24
MPST	277	223	331
MPV17	1017	755	1472
MPV17L2	49	33	52
MPZ	170	130	266
MPZL1	4850	3382	5901
MPZL2	195	201	257
MPZL3	280	180	350
MR1	323	270	439
MRAP	136	69	108
MRAP-AS1	25	26	43
MRAP2	520	435	769
MRAS	1212	937	1416
MRC1	1490	954	1412
MRC2	5367	3577	6341
MRE11	4863	3562	8102
MREG	583	416	793
MRFAP1	294	285	368
MRFAP1L1	497	411	694
MRFAP1L2	169	111	200
MRGBP	223	158	310
MRGPRD	3	2	8
MRGPRE	40	37	43
MRGPRF	194	152	259
MRGPRF-AS1	95	82	149
MRGPRG	5	0	5
MRGPRG-AS1	16	12	31
MRGPRX1	30	18	44
MRGPRX2	52	40	58
MRGPRX3	196	142	264
MRGPRX4	2	3	5
MRI1	1239	926	1571
MRLN	110	322	135
MRM1	126	106	174
MRM3	373	294	533
MRM3-AS1	27	20	17
MRNIP	2548	1757	2975
MRNIP-DT	40	35	85
MRO	153	84	193
MROCKI	113	42	231
MROH1	2550	1847	3371
MROH2A	184	107	214
MROH2B	278	159	338
MROH5	327	254	407
MROH6	126	97	190
MROH7-TTC4	103	60	127
MROH8	1011	725	1152
MROH9	393	277	489
MRPL1	3740	2613	4595
MRPL10	138	135	180
MRPL11	287	236	389
MRPL13	1325	981	1782
MRPL14	606	453	858
MRPL15	445	435	645
MRPL16	326	254	426
MRPL17	174	99	228
MRPL18	389	303	553
MRPL19	1337	1078	1837
MRPL2	100	89	162
MRPL20	1895	1390	2235
MRPL20-AS1	148	111	186
MRPL20-DT	36	48	60
MRPL21	845	678	1112
MRPL22	1050	701	1326
MRPL23	72	66	69
MRPL23-AS1	9	8	15
MRPL24	320	231	468
MRPL27	715	495	813
MRPL28	132	94	196
MRPL3	2750	1944	3292
MRPL32	822	615	1083
MRPL33	2532	1870	3230
MRPL34	399	302	424
MRPL35	310	308	458
MRPL36	99	110	111
MRPL37	908	678	1099
MRPL39	1315	890	1786
MRPL4	448	341	508
MRPL40	148	97	155
MRPL41	144	185	172
MRPL42	2555	1706	3298
MRPL43	287	182	317
MRPL44	220	174	348
MRPL45	659	507	928
MRPL47	508	373	654
MRPL48	1632	1158	2045
MRPL49	164	103	198
MRPL50	372	339	464
MRPL51	152	151	190
MRPL52	697	511	988
MRPL54	183	187	222
MRPL55	296	230	423
MRPL57	246	224	356
MRPL58	252	220	373
MRPL9	394	293	537
MRPS10	879	654	1164
MRPS11	611	435	786
MRPS12	51	47	66
MRPS14	927	814	1248
MRPS15	498	375	723
MRPS16	608	529	896
MRPS18A	656	445	797
MRPS18B	294	285	470
MRPS18C	881	813	1331
MRPS2	129	109	163
MRPS21	939	724	1288
MRPS22	3024	2110	3513
MRPS23	375	334	568
MRPS25	1145	822	1616
MRPS26	287	243	372
MRPS27	4185	2620	5312
MRPS28	6	11	15
MRPS30	496	400	709
MRPS30-DT	830	577	975
MRPS31	3101	2444	4246
MRPS33	323	274	471
MRPS34	505	400	673
MRPS35	1521	1029	1823
MRPS35-DT	80	99	99
MRPS36	448	327	599
MRPS6	8	7	12
MRPS7	404	268	470
MRPS9	1862	1262	2472
MRPS9-AS1	32	27	56
MRPS9-AS2	417	278	617
MRRF	1788	1406	2275
MRS2	1386	981	1754
MRTFA	13002	9028	15176
MRTFA-AS1	40	20	32
MRTFA-AS2	6	4	8
MRTFB	14008	9515	18319
MRTO4	543	386	672
MS4A1	58	44	81
MS4A10	58	39	61
MS4A12	38	23	57
MS4A13	87	74	114
MS4A14	55	52	72
MS4A15	97	57	133
MS4A18	33	21	61
MS4A2	53	35	45
MS4A3	35	24	52
MS4A4A	492	386	636
MS4A4E	172	115	213
MS4A5	131	89	181
MS4A6A	176	178	228
MS4A6E	427	274	564
MS4A8	63	33	69
MSANTD1	247	191	319
MSANTD2	3033	2155	4070
MSANTD2-AS1	266	240	388
MSANTD3	429	331	502
MSANTD3-TMEFF1	177	138	276
MSANTD4	835	685	1239
MSANTD7	9	5	8
MSC	58	42	72
MSC-AS1	4530	4072	5424
MSGN1	7	5	6
MSH2	5085	3636	6628
MSH3	7315	5289	9372
MSH4	637	475	819
MSH5	11	15	20
MSH6	2443	1688	3221
MSI1	394	239	461
MSI2	10003	7782	20463
MSI2-AS1	31	12	43
MSL1	2810	2227	3765
MSL2	2503	1809	2995
MSL3	1483	997	1962
MSL3-DT	226	166	371
MSLN	45	26	61
MSLNL	155	122	190
MSMB	31	34	59
MSMO1	1591	1311	1921
MSMP	17	10	22
MSN	3906	2144	4031
MSR1	1946	1269	2186
MSRA	6599	5460	9066
MSRB1	81	74	90
MSRB2	682	441	913
MSRB3	5845	3750	6510
MSRB3-AS1	694	427	909
MSS51	383	381	492
MST1	392	306	541
MST1R	139	87	193
MSTN	66	70	95
MSTO1	1032	803	1450
MSX1	99	75	134
MSX2	103	87	128
MT-ATP6	264	257	429
MT-ATP8	141	132	226
MT-CO1	660	704	1073
MT-CO2	339	334	566
MT-CO3	368	313	578
MT-CYB	646	558	982
MT-ND1	443	394	652
MT-ND2	450	362	529
MT-ND3	164	149	262
MT-ND4	786	657	1150
MT-ND4L	141	122	243
MT-ND5	997	862	1554
MT-ND6	457	357	644
MT1A	0	7	3
MT1B	4	2	2
MT1E	34	25	31
MT1F	11	10	25
MT1G	8	21	14
MT1H	7	14	9
MT1HL1	0	0	3
MT1M	18	5	4
MT2A	95	56	72
MT3	9	3	8
MT4	22	44	44
MTA1	1452	1049	1989
MTA1-DT	87	54	107
MTA2	691	456	816
MTA3	7902	5296	9484
MTARC1	29	8	24
MTARC2	830	580	984
MTBP	2519	1708	3424
MTCH1	1573	945	1710
MTCH2	1211	919	1650
MTCL1	2092	1797	2872
MTCP1	378	213	671
MTDH	8839	6046	10769
MTERF1	3459	2402	4546
MTERF2	1401	1025	1690
MTERF3	857	606	1194
MTERF4	1720	1294	2593
MTF1	917	655	1233
MTF2	4974	3489	6475
MTFMT	1739	1132	2049
MTFP1	0	2	6
MTFR1	2968	2022	3840
MTFR1L	317	228	382
MTFR2	144	117	213
MTG1	253	154	306
MTG2	1092	858	1637
MTHFD1	1687	1164	2317
MTHFD1L	7337	5163	8744
MTHFD2	393	300	429
MTHFD2L	1697	1324	2393
MTHFR	1179	1100	1536
MTHFS	109	74	174
MTHFSD	1256	886	1722
MTIF2	1073	747	1349
MTIF3	1530	1097	2118
MTLN	188	184	289
MTM1	2204	1725	2972
MTMR1	2380	1747	2968
MTMR10	3526	2432	5029
MTMR11	414	302	525
MTMR12	3832	2558	4438
MTMR14	1725	1114	2037
MTMR2	4380	2671	5123
MTMR3	10431	7522	13090
MTMR4	1609	1156	2432
MTMR6	1552	1022	1814
MTMR7	1240	870	1959
MTMR8	1128	769	1473
MTMR9	1674	1078	2175
MTMR9-AS1	26	7	45
MTNR1A	0	0	2
MTNR1B	67	59	105
MTO1	1147	832	1409
MTOR	3815	2799	4976
MTOR-AS1	15	6	15
MTPAP	1428	974	1849
MTPN	1404	1092	1720
MTR	6051	4314	8541
MTRES1	822	718	1229
MTREX	8777	6156	10902
MTRF1	873	656	1212
MTRF1L	690	626	885
MTRFR	617	453	864
MTRR	1430	1014	1914
MTSS1	8877	8741	12989
MTSS2	1770	1368	2235
MTTP	259	165	355
MTTP-AS1	160	141	224
MTURN	2095	1164	1918
MTUS1	3477	2632	4509
MTUS1-DT	308	236	507
MTUS2	2362	1487	2817
MTUS2-AS1	45	29	64
MTUS2-AS2	24	12	36
MTX1	159	94	210
MTX2	4290	2942	5282
MTX3	838	646	1162
MUC1	23	20	34
MUC12	142	92	208
MUC12-AS1	19	12	32
MUC13	187	149	276
MUC15	185	188	332
MUC16	348	206	482
MUC17	88	66	110
MUC19	590	404	868
MUC2	120	81	160
MUC20	16	10	28
MUC20-OT1	8682	5935	11503
MUC21	14	14	18
MUC22	129	86	163
MUC3A	190	119	271
MUC4	418	232	541
MUC5AC	109	72	163
MUC5B	147	85	208
MUC5B-AS1	15	12	30
MUC6	140	102	184
MUC7	182	114	159
MUCL1	173	128	204
MUCL3	50	61	81
MUL1	220	176	302
MUS81	582	394	858
MUSK	380	480	491
MUTYH	0	0	3
MVB12A	806	625	1102
MVB12B	5700	3398	7072
MVD	681	493	860
MVK	577	436	740
MVP	552	490	748
MVP-DT	244	206	314
MX1	455	296	508
MX1-AS1	20	23	22
MX2	408	238	477
MXD1	805	569	1005
MXD3	484	315	624
MXD4	966	731	1238
MXI1	2377	1852	3302
MXRA5	1529	977	2398
MXRA7	1045	706	1180
MXRA8	1325	874	1431
MYADM	1954	675	1178
MYADM-AS1	272	228	404
MYADM-AS2	12	2	7
MYADML2	9	9	13
MYB	197	214	313
MYB-AS1	3	2	1
MYBBP1A	1972	1473	2429
MYBL1	813	484	975
MYBL2	602	365	772
MYBPC1	3437	14401	4166
MYBPC2	263	413	322
MYBPC3	86	58	83
MYBPH	135	500	158
MYBPHL	82	54	108
MYC	653	390	651
MYCBP2	16072	10608	19306
MYCBPAP	338	273	464
MYCL	49	48	47
MYCL-AS1	8	9	8
MYCN	240	251	383
MYCNOS	117	72	173
MYCNUT	57	37	57
MYCT1	677	357	682
MYD88	241	165	339
MYDGF	985	666	1184
MYEF2	956	544	1381
MYEOV	51	39	48
MYF5	23	13	22
MYF6	87	195	93
MYG1-AS1	20	18	42
MYH1	118	115	170
MYH10	12586	8076	15626
MYH11	1406	1179	1778
MYH13	423	260	561
MYH14	1452	1793	1913
MYH15	571	390	784
MYH2	126	320	154
MYH3	11188	35031	13573
MYH4	38	39	71
MYH6	153	122	181
MYH7	355	878	399
MYH7B	318	499	426
MYH8	3817	14199	4333
MYH9	8230	5678	9503
MYH9-DT	92	58	111
MYHAS	130	137	208
MYL1	896	3276	1085
MYL10	79	42	97
MYL12-AS1	41	28	31
MYL12A	1167	706	1136
MYL12B	932	673	1205
MYL2	88	265	110
MYL3	1083	838	1762
MYL4	208	486	268
MYL5	321	459	436
MYL6	2203	1622	2498
MYL6B	505	435	668
MYL6B-AS1	233	145	306
MYL7	14	11	23
MYL9	834	712	992
MYLIP	1061	766	1198
MYLK	3710	2898	5012
MYLK-AS1	1007	793	1445
MYLK-AS2	17	14	28
MYLK2	111	157	161
MYLK3	372	373	527
MYLK4	781	746	1008
MYLPF	1205	3092	1400
MYMK	66	88	88
MYMX	10	8	8
MYNN	1320	921	1585
MYO10	13776	9400	18123
MYO15A	401	250	538
MYO15B	6847	4259	7845
MYO16	2606	2488	3425
MYO16-AS1	152	123	239
MYO16-AS2	3	0	0
MYO18A	3576	3202	4481
MYO18B	1741	3084	2258
MYO18B-AS1	85	53	89
MYO19	3287	2349	4164
MYO1A	67	60	92
MYO1B	15932	9346	20396
MYO1B-AS1	428	289	572
MYO1C	2024	1387	2288
MYO1D	6548	5384	9999
MYO1D-AS1	180	124	277
MYO1D-DT	27	14	36
MYO1E	6857	4574	8648
MYO1F	485	361	621
MYO1G	97	57	152
MYO1H	313	225	414
MYO3A	1505	969	1993
MYO3B	3572	2586	4486
MYO3B-AS1	270	160	330
MYO5A	6192	4485	9457
MYO5B	2270	1532	2942
MYO5C	2006	1364	2625
MYO6	4896	3168	6211
MYO7A	540	348	741
MYO7B	403	290	543
MYO7B-AS1	9	5	12
MYO9A	20313	14716	25605
MYO9A-AS1	768	637	1753
MYO9B	5051	3374	6530
MYOC	104	55	111
MYOCD	1010	984	1148
MYOCD-AS1	88	66	133
MYOCOS	119	78	173
MYOD1	26	59	42
MYOF	9886	6862	13125
MYOG	65	130	58
MYOM1	1633	3115	2146
MYOM2	716	1573	981
MYOM3	752	2234	1022
MYORG	94	73	111
MYOSLID	295	194	371
MYOT	248	897	306
MYOZ1	152	414	192
MYOZ2	319	811	375
MYOZ3	203	200	279
MYOZ3-AS1	18	26	30
MYPN	709	1746	885
MYPOP	433	327	582
MYREM	182	688	220
MYRF	193	130	285
MYRF-AS1	51	30	58
MYRFL	641	360	937
MYRIP	5248	2713	5664
MYSM1	8774	5868	10833
MYT1	427	304	576
MYT1L	1899	1143	2567
MYT1L-AS1	19	12	25
MYT1L-AS2	28	15	31
MZB1	75	60	85
MZF1	1327	912	1711
MZF1-AS1	721	516	889
MZT1	434	338	595
MZT2A	625	508	898
MZT2B	385	289	428
N4BP1	3980	2732	4943
N4BP2	5694	4086	7801
N4BP2L1	672	573	966
N4BP2L2	12098	9664	16105
N4BP3	257	260	328
N6AMT1	955	779	1216
NAA10	0	4	0
NAA11	365	270	608
NAA15	6635	4886	8148
NAA16	5568	4211	7295
NAA20	1004	732	1184
NAA25	4861	3501	6261
NAA30	703	478	840
NAA35	6108	4540	7724
NAA38	1907	1192	2135
NAA40	1006	721	1349
NAA50	2996	2085	3720
NAAA	548	437	687
NAALAD2	2045	1167	2197
NAALADL1	112	73	134
NAALADL2	48802	32314	61494
NAALADL2-AS1	27	14	40
NAALADL2-AS2	125	76	176
NAALADL2-AS3	71	67	101
NAB1	4101	3085	5220
NAB2	627	483	723
NABP1	1560	1274	2224
NABP2	180	137	218
NACA	547	501	758
NACA2	7	8	23
NACAD	114	61	158
NACC1	390	308	539
NACC1-AS1	23	14	31
NACC2	1342	1031	1581
NADK	898	634	1075
NADK2	2160	1464	2701
NADK2-AS1	2	3	2
NADSYN1	1563	1143	2103
NAE1	2103	1425	2999
NAF1	1464	996	1796
NAF1-AS1	33	21	44
NAGA	278	186	314
NAGK	1640	1291	2232
NAGLU	8	7	12
NAGPA	205	159	320
NAGS	49	32	87
NAIF1	148	102	170
NAIP	210	171	318
NALCN	2583	1527	3160
NALCN-AS1	1034	696	1374
NALF1	10005	4761	10559
NALF2	71	51	125
NALT1	82	73	131
NAMA	145	95	197
NAMPT	1506	783	1417
NAMPT-AS1	4	6	6
NANOG	40	25	35
NANOGNB	23	19	30
NANOGP11	8	5	5
NANOGP8	15	5	19
NANOS1	10	14	16
NANOS2	0	0	3
NANOS3	216	157	343
NANP	267	187	364
NANS	604	396	634
NAP1L1	7128	4364	9035
NAP1L2	29	5	20
NAP1L3	52	30	62
NAP1L4	8347	5876	10913
NAP1L5	92	67	102
NAPA	1320	983	1685
NAPA-AS1	202	132	269
NAPB	2278	1437	2794
NAPEPLD	1985	1402	2649
NAPG	2496	1768	3548
NAPRT	103	90	151
NAPSA	35	27	43
NARF	5012	3413	6330
NARF-AS1	7	9	6
NARF-AS2	76	46	88
NARS1	2174	1568	2688
NARS2	4349	3125	5729
NARS2-AS1	107	67	113
NASP	6469	4366	8475
NAT1	168	98	223
NAT10	1915	1279	2357
NAT14	100	104	119
NAT16	59	41	72
NAT2	26	24	38
NAT8	10	5	8
NAT8B	4	1	5
NAT8L	25	24	49
NAT9	843	558	974
NATD1	113	73	136
NAV1	16261	10445	19753
NAV2	11137	10105	15835
NAV2-AS1	7	9	6
NAV2-AS2	26	17	43
NAV2-AS3	12	17	27
NAV2-AS4	14	14	30
NAV2-AS5	24	2	16
NAV2-AS6	8	8	8
NAV3	77715	37245	63319
NAV3-AS1	132	87	142
NAXD	1517	1081	1917
NAXD-AS1	32	18	44
NAXE	434	343	618
NBAS	16014	10872	20546
NBAT1	223	141	275
NBDY	2866	2329	5201
NBEA	22970	15450	31324
NBEAL1	10906	7259	13334
NBEAL2	724	550	992
NBL1	47	56	42
NBN	2658	1816	3150
NBPF1	6267	3997	7480
NBPF10	897	749	1244
NBPF11	1571	1179	2356
NBPF12	2348	1767	3182
NBPF14	947	675	1250
NBPF15	2879	1199	3216
NBPF20	657	495	825
NBPF26	1217	621	1282
NBPF3	1698	999	2472
NBPF4	17	4	15
NBPF6	16	8	16
NBPF8	1487	1015	2243
NBPF9	1258	846	1631
NBR1	2859	2180	4021
NBR2	1236	797	1638
NCAL1	666	552	1154
NCALD	14634	9447	12472
NCAM1	14908	10449	18577
NCAM1-AS1	34	27	45
NCAM1-AS2	68	52	111
NCAM2	15364	8778	26202
NCAN	115	79	159
NCAPD2	1744	1344	2484
NCAPD3	3285	2296	4718
NCAPG	2214	1349	2854
NCAPG2	4283	2847	5921
NCAPH	988	561	1194
NCAPH2	490	363	650
NCBP1	2747	1954	3608
NCBP2	762	589	1044
NCBP2-AS1	92	42	82
NCBP2AS2	72	57	92
NCBP2L	76	54	106
NCBP3	6812	4729	8844
NCCRP1	16	13	26
NCDN	303	203	402
NCEH1	688	455	804
NCF1	42	24	76
NCF2	213	134	263
NCF4	155	99	178
NCF4-AS1	109	83	179
NCK1	3458	2283	4157
NCK1-DT	624	521	860
NCK2	6160	4787	7674
NCK2-AS1	49	33	54
NCKAP1	7445	5420	9655
NCKAP1L	364	268	524
NCKAP5	49895	31491	60157
NCKAP5-AS1	72	29	95
NCKAP5-AS2	320	229	486
NCKAP5L	1931	1375	2303
NCKIPSD	429	354	570
NCL	5259	4105	6911
NCLN	716	521	971
NCMAP	227	180	355
NCMAP-DT	61	47	72
NCOA1	31221	23573	40913
NCOA2	17894	13067	23852
NCOA3	7525	5390	9691
NCOA4	984	859	1233
NCOA5	1874	1249	2518
NCOA6	6792	4740	8718
NCOA7	4574	2723	4657
NCOA7-AS1	113	58	124
NCOR1	14101	10128	17686
NCOR2	14462	10506	19590
NCOR2-AS1	91	84	101
NCR1	63	53	144
NCR2	36	23	40
NCR3	18	4	10
NCR3LG1	134	99	167
NCRNA00250	31	26	45
NCS1	1506	1044	1832
NCSTN	688	497	919
NDC1	1772	1291	2449
NDC80	1549	1023	2331
NDE1	4938	3480	6867
NDEL1	5559	3557	6126
NDFIP1	6134	3985	6257
NDFIP2	3199	1987	4018
NDFIP2-AS1	27	8	23
NDN	33	54	37
NDNF	1566	1091	1859
NDNF-AS1	85	28	99
NDOR1	642	507	916
NDP	212	121	298
NDP-AS1	89	63	109
NDRG1	2321	1574	2634
NDRG2	884	814	1195
NDRG3	1815	1261	2176
NDRG4	425	238	466
NDST1	3342	2201	4282
NDST1-AS1	152	104	226
NDST2	9	5	15
NDST3	961	686	1745
NDST4	1634	1034	2377
NDUFA1	270	253	380
NDUFA10	5353	3821	6782
NDUFA11	4	2	4
NDUFA12	1294	943	1639
NDUFA13	18	10	15
NDUFA2	243	178	355
NDUFA3	815	653	1144
NDUFA4	399	357	567
NDUFA4L2	159	68	191
NDUFA5	1971	1382	2524
NDUFA6	370	200	481
NDUFA6-DT	1542	1083	1836
NDUFA8	327	293	512
NDUFAB1	410	341	551
NDUFAF1	518	374	650
NDUFAF2	5358	3578	6172
NDUFAF3	154	100	206
NDUFAF4	262	215	372
NDUFAF5	1906	1460	2575
NDUFAF6	4252	3190	6184
NDUFAF7	1239	887	1645
NDUFAF8	269	257	351
NDUFB1	1066	868	1380
NDUFB10	260	244	400
NDUFB11	128	110	144
NDUFB2	707	573	934
NDUFB2-AS1	36	18	55
NDUFB3	202	266	310
NDUFB4	469	434	618
NDUFB5	7	4	6
NDUFB6	959	713	1248
NDUFB7	378	299	476
NDUFB8	17	10	20
NDUFB9	580	413	788
NDUFC1	636	550	947
NDUFC2-KCTD14	152	116	226
NDUFS1	3274	2716	4555
NDUFS2	1874	1324	2219
NDUFS3	367	279	453
NDUFS4	5098	3603	6365
NDUFS5	981	714	1306
NDUFS6	712	500	888
NDUFS7	426	311	548
NDUFS7-AS1	51	57	61
NDUFS8	353	277	489
NDUFV1	927	807	1336
NDUFV1-DT	5	4	14
NDUFV2	3	5	7
NDUFV2-AS1	249	228	345
NDUFV3	3066	2305	3826
NEAT1	28617	24751	37034
NEB	9860	38750	11833
NEBL	6350	4477	8436
NEBL-AS1	5	7	6
NECAB1	663	425	869
NECAB2	139	95	151
NECAB3	731	536	811
NECAP1	49	29	44
NECAP2	982	705	1220
NECTIN1	1496	1259	2166
NECTIN1-AS1	43	30	53
NECTIN1-DT	178	169	225
NECTIN2	2282	1451	2613
NECTIN3	3314	2257	4425
NECTIN3-AS1	805	617	1123
NECTIN4	414	385	585
NECTIN4-AS1	21	10	26
NEDD1	1844	1381	2514
NEDD4	6565	4322	8677
NEDD4L	9155	5794	14546
NEDD4L-AS1	5	4	10
NEDD8-MDP1	22	10	28
NEDD9	7638	3349	8433
NEFH	117	67	124
NEFL	22	15	28
NEFM	28	26	48
NEGR1	12951	6699	15679
NEIL1	526	353	659
NEIL1-AS1	12	16	29
NEIL2	394	313	466
NEIL3	1277	904	1819
NEIL3-AS1	53	49	67
NEK1	7827	5399	10189
NEK10	1496	1566	2098
NEK11	5216	3998	6426
NEK11-AS1	46	22	51
NEK2	156	117	235
NEK2-DT	164	111	212
NEK3	2237	1585	2856
NEK4	1697	1317	2350
NEK5	458	264	599
NEK6	4648	2981	5572
NEK7	7889	4926	8954
NEK8	424	324	584
NEK9	2959	2217	4190
NELFA	1394	922	1816
NELFB	777	510	999
NELFCD	2600	1876	3302
NELFE	905	619	1113
NELL1	4593	3968	4607
NELL1-AS1	10	2	7
NELL1-AS2	7	1	7
NELL2	1698	1055	2259
NEMF	7950	5432	10306
NEMP1	2573	1797	3638
NEMP2	878	591	1308
NEMP2-DT	619	503	989
NENF	330	271	409
NEO1	8022	6759	10184
NEPRO	1192	771	1556
NEPRO-AS1	1900	1305	2158
NES	1163	1565	1499
NET1	1783	1544	2374
NETO1	385	236	498
NETO1-DT	37	16	43
NETO2	1263	768	2010
NEU1	149	96	164
NEU2	13	5	9
NEU3	613	489	776
NEU4	53	51	76
NEUID	138	82	202
NEURL1	610	503	949
NEURL1-AS1	169	126	230
NEURL1B	2035	1434	2837
NEURL2	55	54	64
NEURL3	63	31	82
NEURL4	254	183	356
NEUROD1	0	1	0
NEUROD1-DT	19	6	31
NEUROD2	47	27	81
NEUROD4	25	14	20
NEUROD6	14	10	29
NEUROG1	10	6	20
NEUROG2	19	18	24
NEUROG2-AS1	169	113	199
NEUROG3	11	2	10
NEXMIF	969	717	1370
NEXN	1725	2224	1857
NEXN-AS1	123	100	160
NF1	18913	13426	25482
NF2	2414	1664	2923
NFAM1	254	209	326
NFASC	784	557	1427
NFAT5	16591	11703	19534
NFATC1	4585	2987	4656
NFATC2	5451	2544	4479
NFATC2IP	2016	1396	2632
NFATC2IP-AS1	118	74	160
NFATC3	4594	3309	5533
NFATC4	2012	1245	2441
NFE2	44	50	62
NFE2L1	2449	2261	3085
NFE2L1-DT	44	38	69
NFE2L2	3675	2398	4203
NFE2L3	312	257	528
NFE4	108	71	104
NFIA	39590	28347	45045
NFIA-AS1	32	23	29
NFIA-AS2	1242	848	1437
NFIB	46736	30008	49176
NFIB-AS1	966	669	1157
NFIC	6550	4830	7879
NFIL3	504	269	545
NFILZ	141	113	227
NFIX	8099	5618	8445
NFIX-AS1	7	9	17
NFKB1	3543	2569	4216
NFKB1-AS1	127	67	157
NFKB2	574	348	677
NFKBIA	727	608	867
NFKBIB	177	130	229
NFKBID	659	385	635
NFKBIE	82	62	100
NFKBIL1	264	247	459
NFKBIZ	1730	618	1188
NFRKB	1899	1458	2839
NFS1	461	326	520
NFU1	1431	1112	1766
NFX1	5611	4191	7158
NFXL1	3078	2394	3801
NFYA	1394	1001	1958
NFYB	849	593	1076
NFYC	3546	2523	4516
NFYC-AS1	146	104	218
NGB	40	36	63
NGDN	2027	1474	2713
NGEF	884	508	1156
NGF	1178	712	1647
NGF-AS1	432	268	494
NGFR	604	468	912
NGFR-AS1	215	148	243
NGLY1	3823	2917	5201
NHEG1	41	37	59
NHEJ1	113	67	118
NHIP	57	27	106
NHLH1	17	28	48
NHLH2	46	37	34
NHLRC1	31	22	30
NHLRC2	4365	3482	6046
NHLRC3	1877	1332	2889
NHP2	526	380	729
NHS	11581	8282	14252
NHS-AS1	693	475	946
NHSL1	11588	9557	14779
NHSL1-AS1	149	137	192
NHSL2	5499	4127	6526
NIBAN1	4692	3438	5176
NIBAN2	2899	1991	3855
NIBAN3	195	115	247
NID1	3757	2599	4266
NID2	3357	2354	4142
NIF3L1	303	229	483
NIFK	643	516	854
NIFK-AS1	1296	948	1799
NIM1K	398	292	633
NIN	6669	4583	9678
NINJ1	193	161	232
NINJ2	1071	760	1161
NINJ2-AS1	166	175	274
NINL	6943	4712	9553
NIP7	362	247	465
NIPA1	1235	878	1617
NIPA2	1419	906	1737
NIPAL1	928	733	1323
NIPAL2	2809	1982	3284
NIPAL3	1136	806	1728
NIPAL4	85	72	121
NIPBL	15617	11217	20232
NIPBL-DT	398	321	528
NIPSNAP1	671	443	907
NIPSNAP2	4819	3561	6459
NIPSNAP3A	621	473	844
NIPSNAP3B	674	449	905
NISCH	6507	4484	8682
NIT1	343	257	514
NIT2	1358	916	1866
NKAIN1	651	419	789
NKAIN2	5432	4728	8904
NKAIN3	5321	4647	7369
NKAIN4	330	276	519
NKAP	742	547	922
NKAPD1	515	369	656
NKAPL	58	45	66
NKD1	7404	4965	13723
NKD1-AS1	56	51	97
NKD2	1287	893	2465
NKG7	0	3	9
NKILA	20	12	42
NKIRAS1	1035	812	1456
NKIRAS2	358	280	485
NKPD1	111	105	148
NKRF	306	252	452
NKTR	27011	16420	31159
NKX1-1	14	6	21
NKX1-2	28	13	21
NKX2-2	16	14	27
NKX2-2-AS1	8	3	8
NKX2-3	28	16	23
NKX2-4	2	4	8
NKX2-5	24	20	33
NKX2-6	40	13	49
NKX2-8	16	17	21
NKX3-1	16	17	26
NKX3-2	22	23	33
NKX6-1	72	41	102
NKX6-2	4	2	6
NKX6-3	26	21	59
NLE1	267	166	284
NLGN1	35397	16247	33917
NLGN1-AS1	20	11	24
NLGN2	1304	886	1595
NLGN3	243	141	297
NLGN4X	4162	2421	4956
NLGN4Y	476	321	627
NLGN4Y-AS1	0	0	4
NLK	6024	4092	7693
NLN	2455	1758	3160
NLRC3	225	123	232
NLRC4	140	70	163
NLRC5	862	610	1099
NLRP1	1885	1305	2346
NLRP10	35	39	50
NLRP11	117	84	156
NLRP12	216	137	297
NLRP13	64	43	72
NLRP14	133	96	178
NLRP2	262	171	482
NLRP2B	8	5	9
NLRP3	1	2	6
NLRP4	74	58	104
NLRP5	392	262	480
NLRP6	27	16	47
NLRP7	168	125	259
NLRP8	94	57	91
NLRP9	90	58	138
NLRX1	332	254	510
NMB	52	23	41
NMBR	331	254	559
NMBR-AS1	5	4	14
NMD3	6820	4464	8740
NME1	0	2	4
NME1-NME2	87	56	104
NME3	224	186	266
NME4	379	271	456
NME5	292	201	434
NME6	455	306	555
NME7	4920	3295	6323
NME9	306	211	424
NMI	439	305	552
NMNAT1	971	706	1338
NMNAT2	1188	838	1536
NMNAT3	754	752	1165
NMRAL1	769	651	1170
NMRK1	1452	1103	1877
NMRK2	38	86	42
NMS	21	15	28
NMT1	4585	3413	6183
NMT2	3156	2089	3718
NMU	138	93	190
NMUR1	54	21	60
NMUR2	210	125	273
NNAT	227	311	312
NNMT	394	253	381
NNT	5336	3529	6170
NNT-AS1	942	784	1241
NOA1	318	217	446
NOB1	380	299	524
NOBOX	102	57	124
NOC2L	1090	834	1263
NOC3L	2089	1534	2781
NOC4L	227	158	298
NOCT	567	378	593
NOD1	3227	2020	3433
NOD2	226	149	294
NODAL	65	57	99
NOG	17	15	19
NOL10	5491	3613	6937
NOL11	1289	1011	1727
NOL12	120	70	121
NOL3	315	325	417
NOL4	1254	832	1656
NOL4L	1755	1261	2122
NOL4L-AS1	17	12	24
NOL4L-DT	76	61	96
NOL6	447	321	677
NOL7	1940	1468	2400
NOL8	2680	1843	3139
NOL9	1472	1028	1904
NOLC1	673	484	738
NOM1	2052	1631	2831
NOMO1	699	504	794
NOMO2	361	289	427
NOMO3	240	166	307
NONO	3342	2223	4282
NOP10	166	140	274
NOP14	1343	974	1628
NOP14-AS1	480	379	684
NOP16	233	186	300
NOP2	3	0	0
NOP53	723	597	923
NOP53-AS1	131	95	150
NOP56	3586	2319	4187
NOP58	6431	4644	8028
NOP9	262	187	352
NOPCHAP1	1369	1000	1880
NORAD	1717	2219	1733
NOS1	1160	930	1409
NOS1AP	2424	1695	2974
NOS2	175	90	224
NOS3	662	419	876
NOSIP	924	749	1256
NOSTRIN	3053	1432	3352
NOTCH1	2633	1999	3426
NOTCH2	8298	5611	9757
NOTCH2NLR	6	4	3
NOTCH3	3830	2959	5069
NOTCH4	1396	905	1779
NOTO	26	24	49
NOTUM	101	56	199
NOVA1	12517	7209	16000
NOVA1-DT	30	12	44
NOVA2	560	369	654
NOX1	112	79	148
NOX3	205	118	236
NOX4	1711	865	1959
NOX5	143	92	192
NOXA1	137	142	248
NOXO1	54	43	79
NOXRED1	296	188	400
NPAS1	226	179	334
NPAS2	3654	2780	4479
NPAS2-AS1	14	10	39
NPAS3	22056	13470	26000
NPAS4	28	29	40
NPAT	2656	1774	3391
NPB	40	23	41
NPBWR1	30	7	30
NPBWR2	11	6	22
NPC1	2260	1741	2837
NPC1L1	53	56	87
NPC2	393	277	550
NPDC1	280	209	315
NPEPL1	174	150	224
NPEPPS	5083	3967	6635
NPFFR1	134	123	197
NPFFR2	355	243	490
NPHP1	1694	1240	2265
NPHP3-ACAD11	346	295	524
NPHP3-AS1	650	352	826
NPHP4	1975	1276	2651
NPHS1	250	156	365
NPHS2	82	48	73
NPIPA1	792	655	1085
NPIPA2	6	7	12
NPIPA3	0	6	3
NPIPA5	94	68	99
NPIPA6	188	187	250
NPIPA7	32	18	57
NPIPA9	77	75	116
NPIPB11	234	203	332
NPIPB13	104	100	162
NPIPB15	137	77	127
NPIPB2	511	377	457
NPIPB3	183	149	227
NPIPB4	1368	1011	2219
NPIPB5	768	541	713
NPIPB6	38	36	42
NPIPB8	220	171	272
NPIPB9	31	34	36
NPL	1804	1348	2727
NPLOC4	3029	2266	4108
NPM1	2208	1442	2672
NPM2	148	108	216
NPM3	65	41	58
NPNT	2263	2237	2982
NPNT-AS1	23	14	17
NPPA	18	10	32
NPPB	1	2	7
NPPC	40	29	58
NPR1	615	312	554
NPR2	820	533	980
NPR3	1370	874	2368
NPRL2	400	360	569
NPRL3	2300	1763	3098
NPS	61	38	94
NPSR1	900	550	1095
NPSR1-AS1	1649	1177	2070
NPTN	3969	2754	4840
NPTX1	90	59	128
NPTX2	94	59	134
NPTXR	334	194	356
NPVF	5	5	6
NPW	113	66	136
NPY	57	39	61
NPY1R	170	102	194
NPY2R-AS1	11	7	18
NPY4R	6	3	16
NPY4R2	3	2	7
NPY5R	31	31	63
NQO1	130	80	155
NQO1-AS1	10	14	26
NQO1-DT	165	135	209
NQO2	967	759	1387
NQO2-AS1	144	112	219
NR0B1	8	5	30
NR0B2	0	2	4
NR1D1	86	99	142
NR1D2	1342	1006	1562
NR1H2	775	497	962
NR1H3	769	562	907
NR1H4	434	373	600
NR1I2	70	37	95
NR1I3	90	72	119
NR2C1	3999	2866	5291
NR2C2	5679	3922	7547
NR2C2AP	132	111	193
NR2E1	104	64	124
NR2E3	327	258	506
NR2F1	619	389	556
NR2F1-AS1	4832	3170	5020
NR2F2	1290	824	1546
NR2F2-AS1	9959	5778	11827
NR2F6	146	130	199
NR3C1	13510	9386	15772
NR3C2	4957	4801	6582
NR3C2-AS1	510	347	720
NR3C2-DT	2451	2737	2991
NR4A1	7626	1941	3416
NR4A1AS	18	4	15
NR4A2	1286	551	1238
NR4A3	994	224	434
NR5A1	75	60	140
NR5A2	2806	1634	3212
NR6A1	3676	2597	5212
NRAD1	10	2	8
NRAL	2	2	7
NRAP	294	283	304
NRARP	52	43	89
NRAS	601	469	735
NRAV	275	216	401
NRBF2	440	313	526
NRBP1	1741	1280	2291
NRBP2	917	717	1159
NRCAM	3123	2725	3952
NRDC	8010	6025	10967
NRDE2	3017	2133	4107
NREP	11539	7165	13243
NREP-AS1	387	244	486
NRF1	5654	4195	7523
NRG1	4506	3449	6127
NRG2	1158	769	1408
NRG2-AS1	18	11	31
NRG3	12586	6802	14130
NRG3-AS1	5	5	8
NRG4	417	254	654
NRGN	128	74	124
NRGN-AS1	21	14	30
NRIP1	2414	1863	2849
NRIP2	49	32	70
NRIP3	361	267	518
NRIP3-DT	287	177	348
NRIR	78	65	97
NRK	4422	3694	4102
NRL	357	254	518
NRM	120	105	188
NRN1	486	268	537
NRN1L	10	11	10
NRP1	28608	17242	30135
NRP2	7274	4653	8928
NRP2-AS1	40	33	53
NRROS	6	0	6
NRSN1	92	56	107
NRSN2	472	316	628
NRSN2-AS1	1213	950	1628
NRTN	418	280	792
NRXN1	20185	12212	38448
NRXN1-DT	3527	2410	4669
NRXN2	914	632	1112
NRXN2-AS1	95	39	92
NRXN3	13614	9588	24147
NRXN3-AS1	10	7	12
NRXN3-AS2	22	9	33
NRXN3-AS3	77	42	99
NSA2	788	675	1127
NSD1	13312	9684	16768
NSD2	8951	5999	11182
NSD3	9350	6626	12943
NSDHL	557	393	680
NSF	1579	1151	2058
NSFL1C	1348	914	1755
NSG1	647	488	1197
NSG2	646	447	817
NSG2-AS1	14	12	24
NSL1	3221	2384	4455
NSMAF	3679	2662	4903
NSMCE1	1071	771	1396
NSMCE1-DT	141	120	254
NSMCE2	13867	9548	17710
NSMCE4A	1448	1020	1739
NSMF	653	395	847
NSRP1	7716	5054	9658
NSUN2	4122	2920	5205
NSUN3	2090	1446	2766
NSUN4	950	619	1148
NSUN5	316	248	411
NSUN6	11046	7487	12433
NSUN7	682	589	1183
NSUN7-AS1	70	48	90
NT5C	415	277	446
NT5C1A	116	123	135
NT5C1B-RDH14	20	18	22
NT5C2	9504	7081	12279
NT5C3A	3703	2735	4726
NT5C3B	694	507	916
NT5DC1	3483	2462	3782
NT5DC2	473	357	556
NT5DC3	998	822	1270
NT5DC4	116	88	137
NT5E	781	475	949
NT5M	657	433	938
NTAN1	802	526	1001
NTAQ1	941	753	1140
NTF3	1950	1156	2422
NTHL1	528	335	629
NTM	6928	4588	9317
NTM-AS1	177	125	249
NTM-AS2	227	118	254
NTM-AS3	74	58	75
NTM-AS4	35	18	42
NTMT1	455	321	614
NTMT2	98	76	145
NTN1	14129	8873	16566
NTN3	37	19	48
NTN4	1252	964	1544
NTN5	130	75	200
NTNG1	13283	6818	13174
NTNG2	485	328	708
NTPCR	1207	857	1628
NTRK1	338	214	384
NTRK2	9476	5252	7806
NTRK3	4716	4008	7164
NTRK3-AS1	111	83	155
NTS	104	48	63
NTSR1	258	221	398
NTSR1-AS1	13	6	14
NTSR2	109	66	144
NUAK1	4545	3183	5672
NUAK2	111	79	165
NUB1	2303	1712	3109
NUBP1	910	695	1144
NUBP2	403	301	481
NUBPL	7712	5285	9688
NUBPL-DT	33	22	37
NUCB1	1283	751	1298
NUCB1-AS1	46	36	53
NUCB2	2308	1576	3066
NUCKS1	5353	4030	7022
NUDC	1649	1249	2177
NUDCD1	1746	1165	2175
NUDCD2	347	330	519
NUDCD3	3898	2701	4963
NUDT1	204	162	312
NUDT10	57	28	65
NUDT11	66	55	100
NUDT12	422	421	603
NUDT13	280	257	406
NUDT14	12	5	19
NUDT15	201	141	244
NUDT16	284	206	369
NUDT16-DT	1100	743	1214
NUDT16L1	80	63	98
NUDT17	101	75	154
NUDT18	29	14	34
NUDT19	654	477	734
NUDT19-DT	24	26	33
NUDT2	521	419	697
NUDT21	47	40	64
NUDT22	1152	822	1458
NUDT3	368	333	540
NUDT4	2124	1461	2787
NUDT5	1949	1336	2474
NUDT6	554	387	695
NUDT7	300	233	385
NUDT8	36	40	51
NUDT9	1273	1038	1776
NUF2	1381	922	1996
NUFIP1	879	536	1077
NUFIP2	4870	3616	6532
NUGGC	318	189	401
NUMA1	8623	6032	10733
NUMA1-AS1	75	39	65
NUMB	5842	4070	7572
NUMBL	1481	1002	1819
NUP107	3671	2428	4908
NUP107-DT	91	74	106
NUP133	2291	1683	3080
NUP133-DT	56	34	43
NUP153	5102	3264	5928
NUP153-AS1	24	17	44
NUP155	1862	1308	2404
NUP160	6129	4224	8214
NUP188	1848	1340	2468
NUP205	3000	2112	4051
NUP210	702	629	1029
NUP210L	788	600	1053
NUP214	6124	4258	8144
NUP214-AS1	45	23	61
NUP35	1508	968	1971
NUP37	1182	925	1532
NUP42	2351	1677	3001
NUP43	1828	1029	2054
NUP50	1730	1261	2418
NUP50-DT	1179	970	1775
NUP54	2440	1710	3228
NUP54-DT	447	307	553
NUP58	3385	2391	4214
NUP62CL	323	222	470
NUP85	2815	1944	3604
NUP88	2459	1812	3159
NUP93	2687	1868	3526
NUP93-DT	186	145	274
NUP98	7577	4988	9241
NUPR1	135	90	128
NUPR2	7	10	20
NUS1	1851	1213	2238
NUSAP1	11	4	11
NUTF2	883	657	1095
NUTM1	106	73	131
NUTM2A	19	10	25
NUTM2A-AS1	6185	4023	8293
NUTM2B	9	7	12
NUTM2B-AS1	5040	2370	7546
NUTM2D	13	9	19
NUTM2E	259	129	387
NUTM2F	20	16	35
NUTM2G	36	35	60
NVL	6132	4518	8349
NWD1	303	202	391
NWD2	736	505	1004
NXF1	1858	1219	2366
NXF2	8	9	6
NXF3	50	49	78
NXN	20984	14495	28391
NXN-AS1	60	20	78
NXNL2	239	175	307
NXPE1	113	84	147
NXPE2	91	53	121
NXPE3	951	859	1176
NXPE4	34	24	33
NXPH1	1168	779	1525
NXPH2	675	575	888
NXPH3	31	31	60
NXPH4	63	33	69
NXT1	93	54	81
NXT1-AS1	125	92	172
NXT2	60	50	74
NYAP1	293	195	344
NYAP2	1144	790	1516
NYNRIN	2163	1522	2672
NYX	98	54	101
OAF	2072	1086	2200
OARD1	885	696	1227
OAS1	161	75	205
OAS2	156	109	191
OAS3	575	358	659
OASL	60	40	72
OAT	1261	859	1365
OAZ2	1166	849	1568
OAZ3	50	26	66
OBI1	1489	1095	1961
OBI1-AS1	3253	2352	3789
OBP2A	14	6	19
OBP2B	13	9	20
OBSCN	5362	6689	8404
OBSCN-AS1	147	105	229
OBSCN-AS2	23	13	38
OBSL1	1364	981	1548
OCA2	2962	1889	4227
OCEL1	104	72	122
OCIAD1	3286	2712	4458
OCIAD1-AS1	30	26	37
OCIAD2	374	311	548
OCLN	430	365	545
OCM	39	40	65
OCM2	13	28	32
OCRL	1766	1092	2151
OCSTAMP	27	14	41
ODAD1	249	199	321
ODAD2	1025	644	1215
ODAD3	95	72	132
ODAD4	370	260	528
ODAM	33	22	46
ODAPH	99	74	136
ODC1	558	303	608
ODC1-DT	105	70	122
ODF1	42	24	70
ODF2	3423	2291	4497
ODF2-AS1	8	11	8
ODF2L	7821	4726	10342
ODF3	33	19	25
ODF3B	38	33	63
ODF3L1	38	25	55
ODF3L2	101	68	108
ODF4	20	17	25
ODR4	3545	2505	4558
OFD1	3990	2938	5369
OGA	9872	6692	12366
OGDH	4078	3075	5727
OGDHL	133	89	178
OGFOD1	1163	873	1513
OGFOD2	36	30	54
OGFOD3	773	602	1105
OGFR	523	345	661
OGFR-AS1	38	32	62
OGFRL1	433	312	601
OGFRP1	75	44	100
OGG1	1344	965	1682
OGN	1370	790	1190
OGT	10064	7014	12631
OIP5	513	347	694
OIT3	375	282	386
OLA1	5690	4915	8620
OLAH	205	136	332
OLFM1	251	132	291
OLFM2	4026	2912	4818
OLFM3	561	440	763
OLFM4	152	90	179
OLFML1	725	496	846
OLFML2A	1573	1344	2256
OLFML2B	1749	1295	1908
OLFML3	695	678	809
OLIG1	9	9	18
OLIG2	17	7	19
OLIG3	12	6	12
OLMALINC	561	452	803
OLR1	85	57	217
OMA1	2	4	9
OMD	157	112	132
OMG	107	101	150
ONECUT1	124	107	178
ONECUT2	159	116	238
ONECUT3	143	107	214
OOEP	292	219	417
OOEP-AS1	59	31	51
OOSP1	13	5	11
OOSP2	17	14	23
OOSP3	49	42	86
OOSP4A	0	0	1
OOSP4B	154	95	219
OPA1	5483	4057	7188
OPA1-AS1	24	20	41
OPA3	878	677	1304
OPALIN	47	27	52
OPCML	8788	5464	13244
OPHN1	10489	7956	13434
OPLAH	240	183	292
OPN1LW	13	14	29
OPN1MW	6	3	11
OPN1SW	19	15	23
OPN3	557	482	896
OPN5	164	100	200
OPRD1	279	217	440
OPRK1	99	60	141
OPRL1	143	92	197
OPRM1	852	578	1071
OPRPN	40	25	51
OPTC	78	63	107
OPTN	2028	1422	2692
OR10A2	19	17	27
OR10A3	20	12	21
OR10A4	3	3	5
OR10A5	4	2	3
OR10A6	8	7	7
OR10A7	3	3	0
OR10AC1	57	32	50
OR10AD1	2	3	3
OR10AG1	5	1	9
OR10C1	3	0	5
OR10D3	17	5	17
OR10G3	35	15	58
OR10G4	18	15	23
OR10G6	5	4	8
OR10G7	16	7	16
OR10G8	12	10	17
OR10G9	0	0	3
OR10H1	36	18	35
OR10H2	4	1	0
OR10H3	6	8	11
OR10H4	6	4	6
OR10H5	50	30	70
OR10J1	15	6	19
OR10J3	5	1	2
OR10J4	6	2	3
OR10K1	29	17	57
OR10K2	57	41	90
OR10P1	6	3	3
OR10Q1	3	1	3
OR10R2	31	20	29
OR10S1	5	3	3
OR10T2	5	3	6
OR10V1	2	5	3
OR10W1	13	4	4
OR10X1	2	2	1
OR10Z1	11	18	34
OR11A1	40	39	58
OR11G2	84	79	115
OR11H1	3	1	3
OR11H12	5	5	2
OR11H4	5	12	6
OR11H6	7	3	6
OR11H7	2	3	4
OR11L1	1	1	2
OR12D1	12	4	14
OR12D2	7	8	4
OR13A1	32	19	31
OR13C2	3	3	4
OR13C3	5	4	9
OR13C4	3	5	2
OR13C5	0	2	3
OR13C7	2	4	3
OR13C8	4	3	7
OR13C9	0	0	5
OR13D1	1	1	2
OR13F1	4	8	3
OR13G1	24	21	33
OR13H1	0	0	1
OR13J1	4	2	2
OR14A16	12	6	34
OR14C36	3	4	7
OR14J1	20	18	23
OR14L1P	13	13	22
OR1A1	34	19	34
OR1A2	0	2	4
OR1B1	3	3	6
OR1C1	9	10	14
OR1D2	20	13	38
OR1D5	5	0	0
OR1E1	2	1	8
OR1E2	0	1	4
OR1G1	0	0	2
OR1I1	26	11	29
OR1J1	4	1	2
OR1K1	4	1	9
OR1L1	2	2	3
OR1L3	5	0	4
OR1L4	2	3	3
OR1L6	28	12	41
OR1L8	58	28	67
OR1M1	27	14	32
OR1N1	6	2	1
OR1R1P	1	2	7
OR1S1	8	5	9
OR1S2	7	3	10
OR2A1	26	6	15
OR2A12	31	15	28
OR2A14	60	29	72
OR2A2	3	3	8
OR2A25	22	12	34
OR2A4	0	0	3
OR2A42	30	14	31
OR2A5	29	24	45
OR2AE1	7	3	2
OR2AG1	36	13	32
OR2AG2	25	17	30
OR2AJ1	25	34	38
OR2AK2	9	0	1
OR2AP1	6	6	14
OR2B11	29	22	46
OR2B2	6	1	0
OR2B3	3	1	2
OR2B6	3	3	5
OR2C1	3	3	9
OR2C3	66	41	98
OR2D3	3	4	5
OR2F1	134	122	258
OR2F2	6	0	4
OR2G2	3	1	6
OR2G3	7	4	4
OR2G6	20	22	22
OR2H1	14	8	26
OR2H2	26	14	37
OR2I1P	36	10	36
OR2J1	6	3	7
OR2J2	16	6	15
OR2J3	15	8	18
OR2K2	4	3	9
OR2L13	8	5	23
OR2L2	40	27	44
OR2L3	39	31	43
OR2L5	37	18	36
OR2L8	2	0	2
OR2M2	7	16	23
OR2M3	40	23	56
OR2M4	33	21	46
OR2M5	3	0	3
OR2M7	5	0	4
OR2S2	0	3	5
OR2T1	24	13	20
OR2T10	16	13	16
OR2T11	28	21	32
OR2T12	35	20	38
OR2T2	19	15	18
OR2T27	7	7	7
OR2T29	5	3	3
OR2T3	0	0	2
OR2T33	10	7	22
OR2T34	0	1	0
OR2T35	9	6	12
OR2T4	1	5	2
OR2T6	31	28	52
OR2T7	27	20	27
OR2T8	11	4	14
OR2V1	34	18	28
OR2V2	68	58	122
OR2W1	1	5	5
OR2W1-AS1	78	60	107
OR2W3	4	4	10
OR2Y1	2	4	3
OR2Z1	9	10	16
OR3A2	453	361	614
OR3A3	19	10	23
OR4A15	0	1	3
OR4A16	0	2	0
OR4A47	4	1	3
OR4A5	2	3	4
OR4A8	3	4	2
OR4B1	5	1	8
OR4C11	0	3	5
OR4C12	0	3	3
OR4C13	2	0	4
OR4C15	4	1	3
OR4C16	0	0	0
OR4C3	2	0	1
OR4C45	3	1	0
OR4C46	0	1	3
OR4C5	5	2	1
OR4C6	6	4	7
OR4D1	21	15	27
OR4D10	21	15	34
OR4D11	3	3	5
OR4D2	10	13	21
OR4D5	3	4	6
OR4D6	3	2	6
OR4D9	49	28	51
OR4E1	14	8	18
OR4E2	33	21	53
OR4F15	61	38	66
OR4F6	4	3	8
OR4K1	7	3	18
OR4K13	7	4	12
OR4K14	3	5	6
OR4K15	3	1	4
OR4K17	31	24	25
OR4K2	14	7	10
OR4K3	2	3	2
OR4K5	2	2	6
OR4L1	7	3	4
OR4M2-OT1	0	1	2
OR4N2	185	130	286
OR4N5	21	16	19
OR4P4	6	11	5
OR4Q2	8	7	10
OR4S2	2	7	12
OR4X1	2	4	5
OR4X2	0	3	8
OR51A2	0	0	3
OR51A4	5	7	12
OR51B6	4	1	8
OR51D1	32	22	32
OR51E1	89	66	122
OR51E2	34	18	34
OR51F1	3	8	5
OR51G1	0	0	5
OR51G2	17	15	31
OR51I2	68	28	74
OR51L1	44	20	46
OR51M1	13	16	25
OR51Q1	9	5	6
OR51S1	10	3	8
OR51V1	6	4	9
OR52A1	62	36	76
OR52A5	28	22	29
OR52B4	3	3	4
OR52B6	3	4	3
OR52D1	4	3	8
OR52E1	6	1	4
OR52E2	8	8	31
OR52E4	17	8	19
OR52E5	45	24	51
OR52I1	5	5	5
OR52I2	28	15	47
OR52J3	5	2	5
OR52K1	50	30	48
OR52K2	1	2	6
OR52L1	9	2	4
OR52M1	4	1	2
OR52N2	46	25	59
OR52N4	8	5	12
OR52R1	6	2	4
OR52W1	3	1	3
OR56A1	51	23	55
OR56A3	49	31	71
OR56A4	27	15	31
OR56A5	7	5	10
OR56B1	4	5	8
OR56B2P	10	3	23
OR56B4	4	0	4
OR5A1	56	51	85
OR5A2	29	19	40
OR5AC1	0	1	3
OR5AC2	4	2	5
OR5AK2	6	2	7
OR5AK3P	0	2	0
OR5AL1	6	3	8
OR5AN1	46	25	42
OR5AP2	2	2	5
OR5AR1	3	3	2
OR5AS1	19	23	26
OR5AU1	24	14	25
OR5B12	9	5	7
OR5B17	5	4	1
OR5B2	22	9	27
OR5B21	4	0	0
OR5B3	6	6	11
OR5BS1P	37	19	29
OR5C1	3	0	0
OR5D13	8	0	2
OR5D14	0	1	3
OR5D16	4	2	0
OR5D18	0	2	0
OR5D3P	8	4	11
OR5F1	0	0	4
OR5G3	0	1	4
OR5H1	23	14	28
OR5H14	24	27	42
OR5H15	8	8	11
OR5I1	3	2	4
OR5J2	2	2	0
OR5K1	15	16	22
OR5K2	4	2	1
OR5L1	0	4	8
OR5L2	0	0	0
OR5M1	16	17	20
OR5M10	0	1	2
OR5M11	5	1	1
OR5M8	6	2	8
OR5T1	3	5	6
OR5T2	4	6	14
OR5T3	6	4	7
OR5V1	166	123	186
OR5W2	5	9	6
OR6A2	29	21	63
OR6B1	23	16	29
OR6B2	4	1	0
OR6B3	10	4	7
OR6C1	4	7	16
OR6C2	29	23	34
OR6C3	11	5	16
OR6C4	14	11	25
OR6C6	11	4	8
OR6C65	0	2	0
OR6C68	1	2	3
OR6C74	28	17	29
OR6C75	12	11	19
OR6C76	9	5	6
OR6J1	75	49	78
OR6K3	15	10	17
OR6K6	2	1	6
OR6M1	0	2	2
OR6N1	34	20	52
OR6N2	16	11	26
OR6P1	19	15	19
OR6S1	0	0	4
OR6T1	4	4	3
OR6V1	0	3	11
OR6X1	3	1	2
OR6Y1	169	103	203
OR7A10	41	34	43
OR7A17	22	15	24
OR7C1	190	108	256
OR7C2	0	0	1
OR7D2	38	35	58
OR7D4	21	14	20
OR7E24	11	3	6
OR7G1	0	0	4
OR7G2	54	37	76
OR7G3	3	2	5
OR8A1	172	135	246
OR8B12	16	19	27
OR8B2	12	4	8
OR8B3	19	6	12
OR8B4	4	1	1
OR8B8	22	28	41
OR8D1	16	15	38
OR8D2	3	3	4
OR8D4	37	28	53
OR8G1	23	24	29
OR8G2P	4	1	13
OR8G3P	20	10	23
OR8G5	30	14	31
OR8H1	8	13	19
OR8H2	1	2	6
OR8H3	0	3	3
OR8I2	3	2	4
OR8J1	8	5	17
OR8J2	13	11	16
OR8J3	11	8	15
OR8K1	0	2	2
OR8K3	21	5	32
OR8K5	0	4	0
OR8S1	2	1	2
OR8U1	2	3	9
OR8U3	0	0	0
OR9A1P	4	3	2
OR9A2	9	3	2
OR9G1	23	10	25
OR9G4	13	9	19
OR9H1P	43	39	56
OR9I1	19	11	32
OR9K2	19	10	19
OR9Q1	459	326	606
OR9Q2	11	13	19
ORAI1	299	223	393
ORAI2	320	253	439
ORC1	623	416	834
ORC2	3521	2628	4845
ORC3	4239	3161	5595
ORC4	4204	3018	5462
ORC5	2915	1962	3737
ORC6	612	468	1002
ORM1	7	4	6
ORM2	16	4	15
ORMDL1	1271	961	1706
ORMDL2	119	97	153
ORMDL3	405	319	539
OS9	1627	1170	2096
OS9-AS1	183	143	241
OSBP	1816	1399	2297
OSBP2	3854	2543	4975
OSBPL10	6813	3629	8456
OSBPL10-AS1	61	44	102
OSBPL11	1829	1320	2345
OSBPL1A	7153	5087	9148
OSBPL2	2447	1916	2735
OSBPL3	2290	1688	3065
OSBPL5	2947	1957	3986
OSBPL6	2041	1791	2666
OSBPL7	677	484	848
OSBPL8	8808	5903	10999
OSBPL9	11057	7447	13284
OSCAR	99	60	120
OSCP1	523	426	747
OSER1	563	382	768
OSER1-DT	285	199	354
OSGEP	976	890	1447
OSGEPL1	471	337	705
OSGEPL1-AS1	134	91	159
OSGIN1	66	57	105
OSGIN2	274	268	329
OSM	26	16	31
OSMR	2662	1740	3200
OSMR-DT	2962	2270	3851
OSR1	613	411	924
OSR2	3679	2143	3586
OST4	695	566	917
OSTC	1108	888	1503
OSTF1	1902	1366	2362
OSTM1	1347	971	1858
OSTM1-AS1	113	94	181
OSTN	212	161	261
OSTN-AS1	70	55	88
OTOA	225	145	299
OTOF	443	350	618
OTOG	302	188	345
OTOGL	1124	705	1644
OTOL1	30	15	18
OTOP1	54	49	94
OTOP2	51	41	85
OTOP3	54	32	65
OTOR	65	33	86
OTOS	44	25	44
OTP	79	76	99
OTUB1	1309	1026	1573
OTUB2	203	140	283
OTUD3	1260	899	2163
OTUD4	2580	2155	3441
OTUD5	1569	1099	1993
OTUD6A	7	3	10
OTUD6B	2453	1733	3088
OTUD6B-AS1	437	326	607
OTUD7A	2654	1878	3854
OTUD7B	2827	1940	3559
OTULIN	1546	1110	2081
OTULIN-DT	61	53	83
OTULINL	504	292	593
OTX1	130	76	144
OTX2	85	49	112
OTX2-AS1	1059	730	1424
OTX2-NT1	315	205	421
OVAAL	218	171	294
OVCH1	428	357	737
OVCH1-AS1	336	302	475
OVCH2	187	113	339
OVGP1	101	77	142
OVOL1	58	70	92
OVOL1-AS1	14	6	4
OVOL2	476	350	707
OVOL3	18	10	20
OXA1L	566	419	746
OXA1L-DT	508	300	776
OXCT1	3299	2432	4530
OXER1	52	31	72
OXGR1	38	36	83
OXLD1	129	103	154
OXNAD1	2695	1862	3424
OXR1	9067	6026	12011
OXR1-AS1	1052	695	1244
OXSM	292	237	409
OXSR1	4454	3106	5476
OXT	30	14	18
OXTR	139	119	182
P2RX1	159	147	214
P2RX2	19	7	20
P2RX3	274	156	368
P2RX4	867	597	1078
P2RX5	2	0	0
P2RX5-TAX1BP3	32	23	44
P2RX6	141	137	200
P2RX7	1022	710	1574
P2RY1	72	60	103
P2RY10	77	38	92
P2RY11	66	55	70
P2RY12	267	154	286
P2RY13	31	24	40
P2RY14	436	329	553
P2RY2	116	93	188
P2RY4	13	12	20
P2RY6	296	224	497
P3H1	1467	1056	1921
P3H2	8340	4495	8513
P3H2-AS1	214	164	256
P3H3	538	399	554
P3H4	663	467	796
P3R3URF-PIK3R3	231	144	262
P4HA1	5392	3659	6513
P4HA2	2300	1504	2647
P4HA2-AS1	31	15	44
P4HA3	386	259	542
P4HA3-AS1	77	36	77
P4HB	1788	1232	2260
P4HB-AS1	4	5	6
P4HTM	476	406	693
PA2G4	339	308	481
PAAF1	1710	1392	2334
PABIR2	890	657	1220
PABIR3	1227	800	1558
PABPC1	4214	2847	4935
PABPC1L	1262	845	1660
PABPC1L2A	1	2	2
PABPC1L2B	0	4	2
PABPC3	6	2	7
PABPC4	1975	1627	2558
PABPC4-AS1	55	31	52
PABPC5	99	75	106
PABPC5-AS1	114	68	184
PABPN1L	22	15	30
PACC1	754	519	1080
PACERR	45	35	52
PACRG	4095	3050	6964
PACRG-AS1	48	43	76
PACRG-AS2	16	12	35
PACRG-AS3	99	56	127
PACRGL	3186	2150	4536
PACS1	10006	6712	11873
PACS2	4554	3291	6396
PACSIN1	252	181	413
PACSIN2	7292	5094	9616
PACSIN3	347	434	400
PADI1	236	216	290
PADI2	272	531	400
PADI3	198	234	245
PADI4	248	223	288
PADI6	101	67	113
PAEP	17	4	30
PAF1	305	179	365
PAFAH1B1	13328	9508	16673
PAFAH1B2	2634	1838	3306
PAFAH1B3	289	239	354
PAFAH2	446	438	639
PAG1	3214	2465	4714
PAGE1	14	7	19
PAGE2	6	0	2
PAGE2B	8	3	4
PAGE3	6	4	11
PAGE4	19	27	97
PAGE5	2	1	10
PAH	386	325	533
PAICS	1791	1351	2534
PAIP1	1445	1071	1789
PAIP2	2885	2113	3827
PAIP2B	459	365	543
PAK1	5303	3932	6956
PAK1IP1	759	546	883
PAK2	4867	3475	6258
PAK3	4554	2577	4383
PAK4	1470	1153	1873
PAK4-AS1	9	5	14
PAK5	1405	1111	1498
PAK6	101	108	169
PAK6-AS1	15	13	17
PALB2	901	646	1180
PALB2-AS1	56	46	63
PALD1	3030	1908	3488
PALLD	22507	20288	27745
PALLD-AS1	8	5	8
PALM	2332	1569	2769
PALM2AKAP2	19546	13327	26330
PALM2AKAP2-AS1	63	37	80
PALM3	48	52	97
PALMD	3172	2442	3477
PALS1	2579	1812	3367
PALS2	1997	1406	2013
PAM	7072	4515	7191
PAM16	52	40	79
PAMR1	946	919	1491
PAN2	1370	942	1692
PAN3	15184	10242	19853
PAN3-AS1	40	35	72
PANCR	280	193	372
PANDAR	6	2	4
PANK1	934	884	1314
PANK1-AS1	40	36	69
PANK2	3150	2100	4054
PANK2-AS1	252	179	333
PANK3	2174	1828	2785
PANK4	791	640	1008
PANO1	49	31	70
PANTR1	368	208	598
PANX1	1236	768	1356
PANX2	41	27	36
PANX3	29	22	51
PAOX	17	15	13
PAPLN	746	694	1105
PAPLN-AS1	32	19	27
PAPLN-AS2	53	23	56
PAPOLA	9376	6911	13019
PAPOLA-DT	21	24	29
PAPOLG	2132	1508	2809
PAPPA	5995	4598	11736
PAPPA-AS1	45	42	73
PAPPA-AS2	17	14	38
PAPPA2	6417	3447	12246
PAPSS1	3623	2848	4655
PAPSS2	2118	1203	2567
PAQR3	691	418	822
PAQR4	73	64	116
PAQR5	515	568	683
PAQR5-DT	50	43	82
PAQR6	103	74	134
PAQR7	623	504	743
PAQR8	17	9	16
PAQR9	31	23	46
PAQR9-AS1	16	8	29
PARD3	39241	27273	49217
PARD3-DT	11	8	12
PARD3B	32173	24010	38835
PARD6A	5	4	7
PARD6B	248	231	425
PARD6G	2349	1713	3025
PARD6G-AS1	514	372	694
PARG	3527	2549	4838
PARK7	1564	1194	2072
PARL	3	0	4
PARM1	1931	1444	2764
PARM1-AS1	46	27	82
PARN	4522	3245	6007
PARP1	1670	1213	2196
PARP10	402	275	516
PARP11	3017	1943	4290
PARP11-AS1	144	114	192
PARP12	897	679	1076
PARP14	2326	2045	3093
PARP15	479	298	697
PARP16	1643	1265	2164
PARP2	2307	1562	2998
PARP3	140	87	191
PARP4	7152	4495	9006
PARP6	1901	1347	2434
PARP8	2934	2167	5390
PARP9	1331	982	1914
PARPBP	1544	1063	2009
PARS2	86	71	118
PART1	425	318	675
PARTICL	34	36	65
PARVA	10011	6612	12888
PARVB	2341	1563	2698
PARVG	290	188	347
PASD1	303	185	391
PASK	937	615	1251
PATE1	12	10	10
PATE2	19	15	30
PATE3	8	6	9
PATE4	24	16	20
PATJ	8886	7511	12953
PATJ-DT	22	27	33
PATL1	1847	1280	2283
PATL1-DT	26	11	33
PATL2	361	214	438
PATZ1	549	383	773
PAWR	3195	2508	4922
PAX1	96	77	148
PAX2	483	286	590
PAX3	3705	3276	8957
PAX4	23	9	34
PAX5	751	458	918
PAX6	241	151	342
PAX7	612	1095	738
PAX8	342	243	438
PAX8-AS1	1665	1723	1220
PAX9	179	143	203
PAXBP1	5293	3763	7025
PAXBP1-AS1	266	181	381
PAXIP1	2159	1449	2677
PAXIP1-AS2	657	338	719
PAXIP1-DT	176	145	180
PAXX	349	319	494
PBDC1	284	159	308
PBK	713	498	986
PBLD	722	490	1062
PBOV1	6	3	11
PBRM1	9078	6483	11701
PBX1	21947	17547	30401
PBX1-AS1	30	21	29
PBX2	584	399	720
PBX3	9333	5314	10497
PBX3-DT	22	13	25
PBX4	1886	1200	2391
PBX4-AS1	10	3	11
PBXIP1	526	549	735
PC	1293	895	1566
PCA3	669	449	824
PCARE	121	69	129
PCAT1	5080	3627	7334
PCAT14	90	61	139
PCAT18	39	33	49
PCAT19	1086	643	1225
PCAT4	158	88	211
PCAT5	76	47	90
PCAT6	26	26	52
PCAT7	144	93	216
PCBD1	81	41	105
PCBD2	2625	1731	3124
PCBP1	220	163	271
PCBP1-AS1	6625	4583	7850
PCBP2	2267	1687	2875
PCBP3	3941	3083	5872
PCBP3-AS1	43	25	65
PCBP4	280	189	283
PCCA	18616	12854	22717
PCCA-AS1	80	50	70
PCCA-DT	554	382	698
PCCB	1923	1365	2439
PCDH1	395	295	569
PCDH10	228	168	478
PCDH10-DT	288	210	501
PCDH11X	3296	2513	5920
PCDH11Y	715	535	1056
PCDH12	360	293	472
PCDH15	4351	3028	5652
PCDH17	1151	730	1577
PCDH18	1988	1324	2792
PCDH19	1284	892	1549
PCDH20	0	2	0
PCDH7	18828	14223	17679
PCDH7-AS1	34	31	55
PCDH8	80	36	79
PCDH9	12766	7171	13247
PCDH9-AS1	102	66	91
PCDH9-AS2	303	158	296
PCDH9-AS3	25	17	30
PCDH9-AS4	36	22	38
PCDHA-AS1	0	2	4
PCDHA-AS2	7	3	10
PCDHA1	17	9	26
PCDHB-AS1	214	150	331
PCDHB1	23	17	33
PCDHB1-AS1	170	98	183
PCDHB10	33	29	47
PCDHB11	46	28	82
PCDHB12	85	56	105
PCDHB13	100	65	147
PCDHB14	5	0	4
PCDHB15	89	66	134
PCDHB2	130	92	191
PCDHB3	56	33	93
PCDHB4	73	62	101
PCDHB5	44	54	78
PCDHB6	27	14	39
PCDHB7	27	18	31
PCDHB8	0	0	2
PCDHB9	36	28	46
PCDHGA1	60	25	86
PCED1A	792	611	1014
PCED1B	2642	1832	3481
PCED1B-AS1	41	32	54
PCF11	3187	2448	4387
PCGEM1	88	52	93
PCGF1	225	159	304
PCGF2	887	575	978
PCGF3	7127	4633	9371
PCGF3-AS1	5101	4130	8079
PCGF3-AS2	15	7	25
PCGF5	2442	1599	3388
PCGF6	2309	1511	2784
PCHILR	9	5	10
PCID2	2080	1528	2792
PCIF1	1137	806	1440
PCK1	325	143	153
PCK2	260	177	410
PCLAF	61	31	78
PCLO	2326	1657	2813
PCM1	17139	12077	22679
PCMT1	2369	1665	2758
PCMTD1	7915	5753	10225
PCMTD1-DT	607	521	834
PCMTD2	3813	2753	5357
PCNA	444	330	669
PCNP	4098	2969	5321
PCNT	6371	5556	9253
PCNX1	10543	7148	12321
PCNX2	3637	2124	3905
PCNX3	478	314	586
PCNX4	7591	5048	9434
PCNX4-DT	1424	928	1512
PCOLCE	1631	1053	1597
PCOLCE-AS1	301	220	381
PCOLCE2	377	303	577
PCOTH	146	104	225
PCP2	20	9	20
PCP4	258	149	314
PCP4L1	97	73	136
PCSEAT	6	6	5
PCSK1	261	170	304
PCSK1N	18	6	16
PCSK2	2912	1743	5743
PCSK4	72	71	143
PCSK5	11685	7481	12668
PCSK6	4123	2466	4607
PCSK6-AS1	0	3	9
PCSK7	1735	1271	2116
PCSK9	320	230	450
PCTP	1348	958	1751
PCYOX1	441	413	622
PCYOX1L	374	229	487
PCYT1A	920	597	1047
PCYT1B	476	290	670
PCYT1B-AS1	31	27	54
PCYT2	160	106	165
PDAP1	1456	1022	2020
PDC	56	28	41
PDC-AS1	1344	1057	1642
PDCD1	44	28	65
PDCD10	2744	2012	3435
PDCD11	3432	2425	4386
PDCD1LG2	281	187	346
PDCD2	379	298	563
PDCD2L	191	128	206
PDCD4	6938	5435	9176
PDCD4-AS1	80	65	102
PDCD5	1423	933	1682
PDCD6-AHRR	102	73	126
PDCD6-DT	24	19	32
PDCD6IP	4658	3341	6126
PDCD6IP-DT	72	51	111
PDCD7	853	629	1083
PDCL	607	397	762
PDCL2	92	72	124
PDCL3	277	216	360
PDE10A	8610	5440	8976
PDE11A	1458	922	1852
PDE11A-AS1	238	155	281
PDE12	258	205	369
PDE1A	3414	1934	3034
PDE1B	393	236	497
PDE1C	2368	1981	3094
PDE2A	995	766	1272
PDE2A-AS1	47	26	56
PDE2A-AS2	19	17	26
PDE3A	13840	9308	20894
PDE3A-AS1	77	44	107
PDE3B	3342	2201	3371
PDE4A	530	345	613
PDE4B	4323	2663	5377
PDE4B-AS1	22	22	31
PDE4C	9	5	18
PDE4D	28637	19645	41418
PDE4D-AS1	100	71	161
PDE4DIP	1947	2256	2093
PDE5A	3740	2559	4802
PDE6A	305	199	423
PDE6B	266	192	395
PDE6B-AS1	26	17	40
PDE6B-AS2	33	17	54
PDE6C	152	109	185
PDE6D	2100	1481	2859
PDE6G	70	52	93
PDE6H	20	18	31
PDE7A	5205	4415	7243
PDE7A-DT	41	15	36
PDE7B	8133	4696	9652
PDE7B-AS1	877	551	1040
PDE8A	9719	6199	11168
PDE8B	751	392	1073
PDE9A	5434	2890	6520
PDE9A-AS1	29	17	32
PDGFA	837	673	1452
PDGFA-DT	63	66	86
PDGFB	681	512	853
PDGFC	4083	3184	6470
PDGFD	7713	4575	10417
PDGFDDN	1697	1011	2010
PDGFRA	633	458	854
PDGFRB	4351	2904	5382
PDGFRL	995	692	1056
PDHA1	2323	1612	2978
PDHA2	7	4	7
PDHB	1028	778	1343
PDHX	3190	2176	4131
PDIA2	38	30	66
PDIA3	1752	1275	2268
PDIA4	1464	1078	1808
PDIA5	4393	2673	4663
PDIA6	1867	1361	2425
PDIK1L	420	344	606
PDILT	150	103	222
PDILT-AS1	19	10	24
PDK1	1297	1091	1921
PDK1-AS1	444	297	553
PDK2	680	505	919
PDK2-AS1	12	15	22
PDK3	1237	973	1635
PDK4	726	497	620
PDK4-AS1	439	355	551
PDLIM1	1501	673	1481
PDLIM2	256	180	408
PDLIM3	975	1466	1049
PDLIM4	457	377	648
PDLIM5	9759	6298	9914
PDLIM7	2333	1996	2945
PDLIM7-AS1	115	94	141
PDP1	1169	714	1502
PDP2	302	238	395
PDPK1	1279	940	1603
PDPN	635	392	704
PDPR	1452	1123	1992
PDRG1	373	302	492
PDS5A	10663	7303	13738
PDS5B	15761	9895	19411
PDSS1	1005	723	1167
PDSS2	8111	5718	10341
PDX1	25	14	36
PDXDC1	7530	4863	7354
PDXDC2P-NPIPB14P	10791	7358	12485
PDXK	1422	1100	1901
PDXP-DT	113	92	157
PDYN	31	22	50
PDYN-AS1	302	197	327
PDZD11	417	237	488
PDZD2	14800	12433	20644
PDZD3	29	16	24
PDZD4	280	211	423
PDZD7	247	186	356
PDZD8	3579	2319	4063
PDZD9	69	48	98
PDZK1	113	119	166
PDZK1IP1	33	22	72
PDZRN3	35449	26833	49579
PDZRN3-AS1	74	33	103
PDZRN4	1991	1126	3350
PDZRN4-AS1	226	138	273
PEA15	565	360	556
PEA15-AS1	86	41	96
PEAK1	29525	19582	33962
PEAK3	34	29	47
PEAR1	1618	1078	1981
PEARL1	8	4	12
PEBP1	317	265	394
PEBP4	1265	932	1654
PEBP4-AS1	44	26	91
PECAM1	5702	3250	6185
PECR	656	498	876
PEDS1	12	10	22
PEDS1-UBE2V1	27	18	34
PEF1	398	320	535
PEF1-AS1	149	111	182
PEG10	1790	3669	2633
PELATON	158	125	235
PELI1	4974	2920	5795
PELI2	12541	8353	17736
PELI3	127	93	186
PELO-AS1	558	368	669
PELP1	1184	819	1555
PELP1-DT	17	16	32
PEMT	1518	1063	1711
PENK	147	115	280
PENK-AS1	610	308	834
PEPD	2190	1528	2576
PER1	657	284	470
PER2	1477	892	1521
PER3	1535	1278	1762
PERCC1	15	9	21
PERM1	56	51	98
PERP	917	845	1281
PES1	1075	767	1425
PES1-AS1	37	27	42
PEX1	2370	1682	3349
PEX10	245	218	336
PEX11A	283	241	337
PEX11B	388	288	476
PEX11G	208	172	303
PEX12	29	35	44
PEX13	1855	1358	2545
PEX14	4125	2798	4907
PEX16	245	168	348
PEX19	51	28	74
PEX2	1072	776	1275
PEX26	4	1	2
PEX3	2832	2182	3617
PEX5	603	447	768
PEX5L	876	599	1241
PEX5L-AS1	16	11	28
PEX5L-AS2	75	34	85
PEX6	593	483	817
PEX7	1138	815	1484
PF4	0	1	3
PF4V1	6	5	5
PFAS	530	356	662
PFDN1	2523	1873	3337
PFDN2	599	409	619
PFDN4	592	448	847
PFDN5	15	6	9
PFDN6	466	307	524
PFKFB1	260	195	308
PFKFB2	690	376	865
PFKFB3	2235	1530	2669
PFKFB3-AS1	30	20	28
PFKFB4	602	563	871
PFKL	2339	1674	3077
PFKM	867	835	1090
PFKP	672	498	996
PFKP-DT	3	0	3
PFN1	475	392	617
PFN2	458	391	585
PFN2-AS1	39	17	34
PFN3	6	5	3
PFN4	134	80	180
PGA3	12	10	15
PGA5	8	8	17
PGAM1	177	124	213
PGAM2	67	84	69
PGAM4	6	1	3
PGAM5	158	115	184
PGAP1	4594	3093	6301
PGAP2	1323	934	1626
PGAP3	492	403	712
PGAP4	445	306	656
PGAP6	181	152	287
PGBD1	947	563	1103
PGBD2	344	301	470
PGBD4	173	157	249
PGBD5	738	751	1172
PGC	133	89	184
PGCKA1-AS1	81	82	115
PGD	883	618	1039
PGF	277	226	401
PGGHG	670	317	710
PGGT1B	2279	1702	2927
PGK1	1391	1055	1812
PGK2	0	1	6
PGLS	493	400	693
PGLS-DT	965	790	1403
PGLYRP1	12	11	32
PGLYRP2	116	73	135
PGLYRP3	64	49	104
PGLYRP4	81	73	107
PGM1	1403	1011	1597
PGM2	1169	831	1504
PGM2L1	1147	752	1775
PGM3	3425	2101	3820
PGM5	4259	2362	3883
PGM5-AS1	151	59	110
PGM5P3-AS1	141	85	179
PGM5P4-AS1	102	68	103
PGP	221	189	321
PGPEP1	570	435	765
PGR	325	172	411
PGR-AS1	228	116	298
PGRMC1	561	327	562
PGRMC2	956	832	1402
PGS1	1933	1402	2488
PHACTR1	19941	12647	21798
PHACTR2	10948	8507	13860
PHACTR2-AS1	38	30	55
PHACTR3	6956	3961	10079
PHACTR3-AS1	14	8	11
PHACTR4	10027	7194	12320
PHAF1	1331	958	1828
PHAX	1086	744	1390
PHB1	272	248	346
PHB2	524	400	644
PHC1	963	638	1239
PHC2	3173	2335	4219
PHC2-AS1	127	123	197
PHC3	7683	5644	9764
PHETA1	131	99	192
PHETA2	390	236	467
PHEX	2000	1384	2575
PHEX-AS1	25	26	49
PHF1	528	327	538
PHF10	2030	1493	2913
PHF11	2233	1537	2762
PHF12	2279	1766	2962
PHF13	405	322	533
PHF14	13137	9072	17888
PHF19	1122	658	1482
PHF2	4824	3306	6196
PHF20	7552	5143	9512
PHF20L1	7820	5748	10130
PHF21A	13542	9812	18671
PHF21B	764	595	1360
PHF23	293	218	336
PHF24	59	52	98
PHF3	7945	5774	10363
PHF5A	398	307	563
PHF6	1606	1181	2204
PHF7	370	309	556
PHF8	2576	1807	3370
PHGDH	1998	1462	2604
PHGR1	25	12	32
PHIP	12820	9644	16870
PHKA1	682	538	834
PHKA1-AS1	46	37	80
PHKA2	2226	1675	2983
PHKA2-AS1	44	29	59
PHKB	7287	5268	9319
PHKG1	206	341	296
PHKG2	329	235	420
PHLDA1	1755	978	2326
PHLDA1-AS1	51	23	79
PHLDA1-DT	26	26	46
PHLDA2	11	19	31
PHLDA3	136	145	185
PHLDB1	4617	3368	5724
PHLDB2	11715	7242	14964
PHLDB3	689	563	895
PHLPP1	5328	3926	7436
PHLPP2	2371	1474	2799
PHOSPHO1	63	59	99
PHOSPHO2	4	2	4
PHOX2A	67	41	78
PHOX2B	9	11	23
PHOX2B-AS1	177	88	212
PHPT1	692	516	793
PHRF1	4171	3269	5249
PHTF1	1333	897	1681
PHTF2	5793	3944	7355
PHYH	682	519	857
PHYHD1	784	641	1071
PHYHIP	137	82	138
PHYHIPL	690	461	1252
PHYKPL	4179	2794	5026
PI15	307	185	198
PI16	404	201	334
PI3	12	2	12
PI4K2A	92	59	69
PI4K2B	1733	1323	2192
PI4KA	4294	2924	5527
PI4KB	2436	1756	3065
PIANP	77	69	127
PIAS1	9783	6398	11677
PIAS2	4875	3628	6245
PIAS3	1686	1107	1910
PIAS4	1358	863	1685
PIBF1	16902	11999	21602
PICALM	11523	8077	13608
PICART1	62	78	71
PICK1	515	376	716
PICSAR	15	14	24
PID1	21944	11407	21725
PIDD1	474	370	615
PIERCE1	88	65	133
PIERCE2	84	72	130
PIEZO1	2616	1706	2980
PIEZO1-AS1	39	21	43
PIEZO2	20451	12422	23555
PIF1	271	259	398
PIFO	40	19	67
PIGA	297	152	345
PIGB	1048	741	1490
PIGBOS1	0	1	0
PIGC	2519	1860	3446
PIGF	1769	1297	2351
PIGG	2815	1983	3701
PIGH	452	288	535
PIGK	1715	1210	2203
PIGL	5182	3688	6529
PIGN	5300	3431	6929
PIGO	273	250	399
PIGO-AS1	13	14	23
PIGP	336	342	538
PIGQ	306	238	458
PIGR	56	37	67
PIGT	700	516	962
PIGU	2970	2096	3924
PIGV	256	214	387
PIGW	130	82	147
PIGX	864	606	1166
PIGZ	581	408	749
PIH1D1	442	366	638
PIH1D2	224	148	307
PIK3AP1	527	392	720
PIK3C2A	8939	6404	11648
PIK3C2B	4611	3316	5538
PIK3C2G	4834	4368	8069
PIK3C3	4861	3494	6505
PIK3CA	5140	3706	6287
PIK3CA-DT	276	181	351
PIK3CB	5791	4429	7505
PIK3CD	772	526	1064
PIK3CD-AS1	12	3	12
PIK3CD-AS2	119	74	201
PIK3CG	224	147	301
PIK3IP1	256	186	325
PIK3IP1-DT	256	206	359
PIK3R1	10814	6734	12936
PIK3R3	78	64	97
PIK3R4	2274	1496	2876
PIK3R5	448	270	541
PIK3R5-DT	5	3	13
PIK3R6	500	345	670
PIKFYVE	4356	3193	5829
PILRA	379	275	484
PIM1	229	185	357
PIM2	37	26	62
PIM3	219	179	276
PIMREG	111	73	161
PIN1	530	410	678
PIN1-DT	3	3	2
PIN4	2505	1896	3443
PINCR	98	61	131
PINK1	384	307	479
PINK1-AS	149	89	146
PINLYP	361	325	580
PINX1	293	215	397
PINX1-DT	31	19	41
PINX1.1	0	2	6
PIP	18	21	18
PIP4K2A	6898	4447	8998
PIP4K2B	2011	1562	2736
PIP4K2C	320	258	422
PIP4P1	227	169	294
PIP4P2	1464	999	1898
PIP5K1A	5946	4242	8105
PIP5K1B	2629	1919	3722
PIP5K1C	1779	1257	2280
PIP5KL1	150	90	245
PIPOX	923	683	1216
PIR	1054	741	1259
PISD	2237	1732	2845
PITHD1	571	408	735
PITPNA	2166	1497	2745
PITPNA-AS1	79	53	81
PITPNB	6641	4414	8388
PITPNC1	7920	5405	9728
PITPNM1	195	130	244
PITPNM2	2645	1768	3522
PITPNM2-AS1	24	15	22
PITPNM3	1014	771	1543
PITRM1	2111	1538	2716
PITRM1-AS1	183	168	271
PITX1	43	36	70
PITX1-AS1	1495	1005	1840
PITX2	1298	1061	3095
PITX3	120	115	130
PIWIL1	166	148	254
PIWIL2	725	543	736
PIWIL2-DT	108	99	153
PIWIL3	164	122	218
PIWIL4	1654	1037	2018
PIWIL4-AS1	868	673	1247
PJA1	343	269	449
PJA2	7375	5079	8983
PJVK	439	347	650
PKD1	2430	1795	3065
PKD1-AS1	27	18	30
PKD1L1	1234	820	1456
PKD1L1-AS1	163	126	218
PKD1L2	579	366	776
PKD1L3	642	399	1040
PKD1P6-NPIPP1	1227	777	1558
PKD2	4821	3092	6062
PKD2L1	133	81	171
PKD2L2	411	295	561
PKD2L2-DT	902	710	1203
PKDCC	671	510	819
PKDREJ	21	9	11
PKHD1	2124	2686	3385
PKHD1L1	1229	577	1104
PKIA	1010	1071	1478
PKIA-AS1	1047	705	1248
PKIB	1675	1068	2661
PKIG	2716	1901	3319
PKLR	48	36	71
PKM	1352	1386	1855
PKMYT1	252	206	407
PKMYT1AR	65	54	65
PKN1	988	743	1274
PKN2	14508	10699	18664
PKN2-AS1	4079	3018	5065
PKN3	290	218	416
PKNOX1	3269	2279	4784
PKNOX2	5837	4028	5967
PKNOX2-AS1	95	56	105
PKNOX2-DT	14	16	23
PKP1	2437	2211	3641
PKP2	887	511	1347
PKP3	249	227	303
PKP4	11322	7387	13631
PKP4-AS1	360	224	505
PLA1A	140	88	159
PLA2G10	71	53	89
PLA2G12A	177	164	240
PLA2G12B	54	44	66
PLA2G15	249	181	292
PLA2G1B	126	73	160
PLA2G2A	27	29	65
PLA2G2C	93	80	120
PLA2G2D	9	12	7
PLA2G2E	16	9	16
PLA2G2F	35	24	59
PLA2G3	20	16	22
PLA2G4A	3493	2252	3959
PLA2G4C	690	696	737
PLA2G4C-AS1	5	5	8
PLA2G4D	131	94	135
PLA2G4E	441	543	465
PLA2G4E-AS1	124	81	132
PLA2G4F	168	161	210
PLA2G5	253	160	407
PLA2G6	1173	875	1584
PLA2G7	183	181	270
PLA2R1	4130	3012	5447
PLAA	1138	813	1322
PLAAT1	175	215	175
PLAAT2	35	21	61
PLAAT3	746	541	661
PLAAT4	52	36	60
PLAAT5	455	260	373
PLAC1	887	612	1399
PLAC1-AS1	24	15	20
PLAC4	2314	1853	5044
PLAC8	243	146	271
PLAC8L1	243	269	327
PLAC9	2341	1616	2514
PLAG1	3075	2174	5077
PLAGL1	19948	14480	21394
PLAGL2	325	240	463
PLAT	460	362	730
PLAU	232	233	348
PLAUR	799	463	1012
PLB1	1037	808	1568
PLBD1	573	440	784
PLBD1-AS1	324	238	382
PLBD1-AS2	38	25	30
PLBD2	654	556	836
PLCB1	23044	11840	22161
PLCB2	334	215	489
PLCB2-AS1	3	2	7
PLCB3	429	261	548
PLCB4	9528	4887	9658
PLCD1	843	613	967
PLCD3	377	324	471
PLCD4	281	443	319
PLCE1	7083	5396	6665
PLCE1-AS1	43	31	61
PLCE1-AS2	130	72	122
PLCG1	3709	2446	4662
PLCG1-AS1	360	253	566
PLCG2	99	57	95
PLCH1	2191	1407	3012
PLCH1-AS1	11	3	21
PLCH1-AS2	4	2	3
PLCH2	669	511	933
PLCL1	17656	11757	21178
PLCL2	5247	4112	7512
PLCL2-AS1	5	2	8
PLCXD2	369	269	607
PLCXD2-AS1	5	1	6
PLCXD3	598	380	774
PLCZ1	129	87	157
PLD1	6983	5000	9101
PLD2	1354	915	1611
PLD3	2874	2211	3507
PLD4	105	64	135
PLD5	2490	1549	3010
PLD5-AS1	197	145	241
PLD5P1	1221	905	1764
PLD6	48	29	63
PLEC	4880	3928	6512
PLEK	333	236	317
PLEK2	154	113	202
PLEKHA1	4052	2918	4999
PLEKHA2	2710	2025	3229
PLEKHA3	882	642	1099
PLEKHA4	3213	2408	3651
PLEKHA5	17923	11304	23718
PLEKHA6	1623	1384	2579
PLEKHA7	4217	3274	6349
PLEKHA8	2168	1464	2753
PLEKHB1	86	66	106
PLEKHB2	1563	1094	1846
PLEKHD1	228	143	265
PLEKHF1	106	84	124
PLEKHF2	709	581	990
PLEKHG1	21051	12940	28608
PLEKHG2	2409	1519	3051
PLEKHG3	2450	1840	3969
PLEKHG4	364	251	423
PLEKHG4B	3948	2677	6418
PLEKHG5	1219	926	1589
PLEKHG6	223	157	319
PLEKHG7	258	190	373
PLEKHH1	630	562	1121
PLEKHH2	7602	5611	10089
PLEKHH3	772	657	930
PLEKHJ1	638	392	687
PLEKHM1	1211	831	1492
PLEKHM2	1627	1297	2229
PLEKHM2-AS1	87	79	125
PLEKHM3	3676	2771	4632
PLEKHN1	254	223	332
PLEKHO1	848	569	991
PLEKHS1	91	59	98
PLET1	60	47	98
PLG	169	190	246
PLGLB1	74	55	87
PLGRKT	1728	1281	2488
PLIN1	476	333	399
PLIN2	957	915	1264
PLIN3	1074	795	1416
PLIN3-AS1	3	4	0
PLIN4	182	169	184
PLIN5	178	154	199
PLK1	320	251	450
PLK2	2291	1570	3234
PLK3	362	247	368
PLK4	697	487	982
PLK5	223	159	292
PLLP	241	142	333
PLN	105	68	99
PLOD1	1156	880	1381
PLOD2	2025	1237	2670
PLOD3	1207	786	1447
PLP1	842	525	1253
PLP2	176	151	186
PLPBP	893	808	1152
PLPP1	12768	8809	15789
PLPP2	57	34	59
PLPP3	10739	7273	14094
PLPP4	1053	633	1599
PLPP5	782	657	1180
PLPP6	48	36	65
PLPP7	410	445	508
PLPPR1	2128	1885	3083
PLPPR2	274	199	361
PLPPR3	60	48	89
PLPPR4	619	407	668
PLPPR5	2407	1801	3864
PLPPR5-AS1	1252	929	1927
PLRG1	1625	1140	2168
PLS1	645	520	915
PLS1-AS1	10	3	6
PLS3	3270	2307	4061
PLS3-AS1	228	204	371
PLSCR1	2019	1220	2273
PLSCR2	566	358	756
PLSCR4	9522	5201	9864
PLSCR5	98	54	135
PLSCR5-AS1	5	3	6
PLTP	373	281	453
PLUT	412	203	443
PLVAP	648	368	724
PLXDC1	790	610	1024
PLXDC2	31093	22836	35409
PLXDC2-AS1	97	38	113
PLXNA1	1806	1264	2339
PLXNA2	5444	4820	6614
PLXNA3	1003	729	1199
PLXNA4	7035	4293	7499
PLXNA4-AS1	61	37	76
PLXNA4-AS2	20	12	17
PLXNB1	1255	1030	1859
PLXNB2	1926	1468	2365
PLXNB3	103	66	163
PLXNB3-AS1	127	101	143
PLXNC1	3724	2105	5356
PLXNC1-AS1	61	52	107
PLXND1	4163	2603	4906
PM20D1	90	64	70
PM20D1-AS1	257	195	333
PM20D2	836	764	1016
PMAIP1	149	84	152
PMAR72	35	18	50
PMCH	2	4	5
PMEL	771	592	1164
PMEPA1	3603	2722	5079
PMF1-BGLAP	57	28	68
PMFBP1	544	379	792
PMIS2	1	5	5
PML	1656	1147	1854
PMM1	408	280	465
PMM2	7493	4670	8890
PMM2-AS1	22	28	60
PMP2	69	35	95
PMP22	2919	2045	3537
PMPCA	1510	1085	1756
PMPCB	1927	1517	2956
PMS1	5987	4211	7501
PMS2	1163	765	1446
PMVK	340	291	356
PNCK	67	64	124
PNISR	16565	11505	21687
PNISR-AS1	599	442	758
PNKD	933	766	1252
PNKP	1549	1111	1977
PNLDC1	82	106	144
PNLIP	123	91	166
PNLIPRP1	48	36	69
PNLIPRP2	73	54	115
PNLIPRP3	417	300	511
PNMA1	105	90	132
PNMA2	64	47	107
PNMA3	53	23	56
PNMA5	13	5	12
PNMA6A	8	12	13
PNMA6E	23	9	17
PNMA6F	6	9	14
PNMA8A	53	69	108
PNMA8B	310	199	384
PNMA8C	15	21	36
PNMT	34	47	63
PNN	10859	7708	13836
PNN-AS1	52	42	85
PNO1	875	650	1161
PNOC	193	111	220
PNP	203	120	230
PNPLA1	313	273	468
PNPLA2	451	321	493
PNPLA3	483	400	596
PNPLA4	267	210	336
PNPLA5	80	112	93
PNPLA6	665	498	829
PNPLA7	2454	1765	3024
PNPLA8	2280	1602	2943
PNPO	76	55	84
PNPT1	2820	2057	3921
PNRC1	1320	1203	1607
PNRC1-DT	21	10	23
PNRC2	815	568	928
POC1A	763	501	1014
POC1B	2608	1619	3073
POC1B-AS1	804	696	1186
POC1B-GALNT4	14	3	13
POC5	1142	877	1708
PODN	732	550	832
PODNL1	160	136	257
PODXL	1214	906	1397
PODXL2	377	282	550
POF1B	796	923	1114
POFUT1	870	543	1069
POFUT2	1487	1041	1779
POGK	937	757	1241
POGLUT1	1052	703	1321
POGLUT2	257	191	351
POGLUT3	884	585	1249
POGZ	8912	6454	11883
POLA1	8941	6460	12329
POLA2	3	0	0
POLB	1361	1013	1859
POLD1	619	383	779
POLD2	865	684	1111
POLD3	3213	2257	4330
POLD4	26	28	55
POLDIP2	607	443	709
POLDIP3	31	17	37
POLE	3717	2580	4811
POLE2	1557	1035	2039
POLE3	512	414	633
POLE4	709	556	1093
POLG	1326	952	1736
POLG-DT	10	11	10
POLG2	1759	1281	2037
POLH	1886	1323	2478
POLH-AS1	30	21	22
POLI	2269	1430	2848
POLK	8937	6298	11612
POLK-AS1	0	1	4
POLL	556	467	853
POLM	403	296	570
POLN	83	50	95
POLQ	2788	2025	4229
POLR1A	2928	2130	3838
POLR1B	930	775	1318
POLR1C	1295	892	1604
POLR1D	2123	1557	3005
POLR1E	749	457	909
POLR1F	333	226	367
POLR1G	111	84	180
POLR1H	138	98	173
POLR2A	2457	1871	3219
POLR2B	3247	2331	4247
POLR2C	391	306	620
POLR2D	709	593	930
POLR2E	352	286	446
POLR2F	1450	1032	1880
POLR2F-AS1	15	11	14
POLR2G	263	185	356
POLR2H	658	443	782
POLR2I	106	85	188
POLR2J	249	169	585
POLR2J4	200	161	276
POLR2K	244	228	308
POLR2L	261	225	352
POLR2M	351	276	474
POLR3A	2762	2187	3901
POLR3B	2911	1871	3736
POLR3C	1640	1334	2269
POLR3D	2092	1594	2681
POLR3E	1481	1119	2038
POLR3F	735	558	1064
POLR3G	777	486	1014
POLR3GL	59	56	83
POLR3H	638	419	961
POLR3K	356	268	445
POLRMT	684	575	921
POM121	2769	1929	3486
POM121C	1954	1285	2432
POM121L12	5	8	7
POM121L2	94	51	135
POMC	81	83	95
POMGNT1	613	436	853
POMGNT2	285	229	414
POMGNT2-AS1	6	3	3
POMK	1237	934	1650
POMP	924	705	1118
POMT1	1025	684	1186
POMT2	1133	819	1475
POMZP3	470	330	560
PON1	106	74	134
PON2	5765	3700	7345
PON3	1213	826	1500
POP1	1508	966	1758
POP4	275	189	360
POP5	496	421	613
POP7	66	55	103
POPDC2	125	122	131
POPDC3	65	140	84
POR	2398	1695	2966
PORCN	147	70	130
PORCN-DT	18	12	33
POSTN	44099	17709	27691
POT1	3284	2226	4060
POT1-AS1	2766	2141	3890
POTEA	139	104	195
POTEB	0	3	4
POTEB3	41	28	47
POTEC	45	26	62
POTED	10	4	9
POTEF	69	49	106
POTEF-AS1	3	5	4
POTEG	16	20	30
POTEH	30	19	31
POTEH-AS1	1	1	7
POTEI	40	37	47
POTEJ	71	58	117
POTEM	28	18	25
POU1F1	37	30	37
POU2AF1	415	224	466
POU2F1	6812	4784	8453
POU2F1-DT	8	8	7
POU2F2	605	474	911
POU2F2-AS1	33	26	30
POU2F3	1332	1335	2373
POU2F3-AS1	40	51	76
POU3F1	32	34	51
POU3F2	36	39	61
POU3F4	29	16	46
POU4F1	56	82	81
POU4F2	17	2	22
POU4F3	9	11	16
POU5F1	36	39	56
POU5F1B	4	7	6
POU6F1	1143	753	1460
POU6F2	2064	1377	2713
POU6F2-AS1	4	4	7
POU6F2-AS2	113	76	171
PP12613	21	12	33
PP2D1	131	105	174
PP7080	19	19	38
PPA1	1005	659	1161
PPA2	5715	4370	7872
PPAN-P2RY11	23	8	16
PPARA	2721	2427	3291
PPARD	3093	2033	3918
PPARG	22790	12330	19731
PPARGC1A	959	959	1141
PPARGC1A-AS1	5	6	8
PPARGC1B	1514	1432	1899
PPAT	1158	812	1433
PPCDC	4234	3499	5946
PPCS	563	436	725
PPDPF	225	225	314
PPDPFL	71	73	86
PPEF1	975	542	1521
PPEF1-AS1	82	64	121
PPEF2	124	79	172
PPFIA1	5265	4049	7173
PPFIA2	2655	1621	3610
PPFIA2-AS1	139	85	185
PPFIA2-AS2	656	453	868
PPFIA3	622	491	902
PPFIA4	488	512	622
PPFIBP1	15682	9535	18336
PPFIBP2	3726	3317	5553
PPHLN1	6697	4610	8161
PPIA	1177	851	1471
PPIAL4H	0	2	0
PPIB	707	613	907
PPIC	219	168	310
PPIC-AS1	139	72	179
PPID	964	735	1334
PPIE	933	815	1282
PPIF	202	135	255
PPIG	5518	3955	6910
PPIH	1369	939	1768
PPIL1	346	291	474
PPIL2	1541	1165	2040
PPIL3	1252	850	1486
PPIL4	2726	1991	3450
PPIL6	744	513	970
PPIP5K1	834	619	1209
PPIP5K2	7075	4725	9132
PPL	1610	1553	2347
PPM1A	2789	1916	3339
PPM1B	33	16	42
PPM1B-DT	31	25	38
PPM1D	2569	1639	3238
PPM1E	2054	1366	2626
PPM1F	1313	981	1719
PPM1F-AS1	387	254	497
PPM1G	1205	853	1471
PPM1H	3393	2404	4725
PPM1J	20	26	40
PPM1J-DT	23	16	45
PPM1K	2320	1593	3009
PPM1K-DT	458	353	640
PPM1L	3621	3575	5625
PPM1L-DT	65	61	96
PPM1M	116	67	112
PPM1N	171	115	228
PPME1	3411	2611	4507
PPOX	554	373	734
PPP1CA	636	535	742
PPP1CB	3737	2762	4493
PPP1CB-DT	740	590	998
PPP1CC	1381	979	1652
PPP1R10	5078	3435	6850
PPP1R11	516	334	587
PPP1R12A	13838	9839	17241
PPP1R12A-AS1	177	119	237
PPP1R12A-AS2	492	381	765
PPP1R12B	9545	7987	11980
PPP1R12C	1921	1287	2283
PPP1R13B	3816	2531	4663
PPP1R13B-DT	70	42	98
PPP1R13L	1397	1269	1997
PPP1R14A	188	163	192
PPP1R14B	41	43	62
PPP1R14B-AS1	29	24	58
PPP1R14C	901	1087	1185
PPP1R14D	54	43	77
PPP1R15A	1051	480	998
PPP1R15B	1132	647	1189
PPP1R15B-AS1	373	286	456
PPP1R16A	405	358	654
PPP1R16B	1561	895	1524
PPP1R17	72	37	87
PPP1R18	482	309	568
PPP1R1A	95	68	101
PPP1R1B	135	71	128
PPP1R1C	720	538	897
PPP1R2	1161	792	1398
PPP1R21	4173	3139	5358
PPP1R21-DT	17	12	30
PPP1R26	178	114	187
PPP1R26-AS1	272	206	351
PPP1R27	24	22	39
PPP1R2B	10	2	10
PPP1R2C	0	1	6
PPP1R32	119	76	142
PPP1R35	213	149	285
PPP1R35-AS1	25	18	35
PPP1R36	275	187	317
PPP1R3A	647	760	828
PPP1R3B	513	534	682
PPP1R3B-AS1	27	26	32
PPP1R3B-DT	1348	1313	1910
PPP1R3C	310	426	481
PPP1R3D	51	38	78
PPP1R3E	359	243	473
PPP1R3F	392	311	525
PPP1R3G	24	24	31
PPP1R42	593	411	830
PPP1R7	1209	932	1611
PPP1R8	744	626	962
PPP1R9A	9830	8422	12530
PPP1R9A-AS1	737	597	984
PPP1R9B	507	321	505
PPP2CA-DT	25	20	21
PPP2CB	2826	1857	3156
PPP2R1A	1957	1356	2357
PPP2R1A-AS1	64	29	59
PPP2R1B	2006	1396	2440
PPP2R2A	7098	4889	9156
PPP2R2B	3403	2113	4726
PPP2R2B-AS2	196	120	279
PPP2R2C	1182	771	1963
PPP2R2D	3350	2368	4446
PPP2R3A	7649	6302	9471
PPP2R3C	3820	2546	4841
PPP2R5A	3211	2272	3754
PPP2R5B	383	272	476
PPP2R5C	7178	4916	9275
PPP2R5D	1465	890	1690
PPP2R5E	7706	5103	9701
PPP3CA	17207	11728	18774
PPP3CB	7418	5699	9190
PPP3CB-AS1	348	262	437
PPP3CC	4774	3247	5655
PPP3R1-AS1	515	450	661
PPP4C	599	420	739
PPP4R1	5857	3713	7173
PPP4R1-AS1	34	27	51
PPP4R2	4963	3335	6243
PPP4R3A	5459	3806	6723
PPP4R3B	5967	4395	7601
PPP4R3B-DT	145	132	254
PPP4R3C	5	3	15
PPP4R4	399	257	473
PPP5C	3549	2368	4611
PPP5C-AS1	540	438	734
PPP6C	2306	1695	2856
PPP6R1	847	609	1017
PPP6R2	12004	8947	16030
PPP6R3	17380	11971	22654
PPRC1	1125	771	1369
PPT1	614	419	804
PPT2	34	38	75
PPT2-EGFL8	77	87	126
PPTC7	999	691	1217
PPWD1	4916	3565	6370
PPY	12	8	14
PQBP1	509	334	550
PRAC1	1	4	9
PRAC2	27	16	22
PRADC1	68	84	98
PRADX	14	6	13
PRAF2	29	20	25
PRAG1	2116	1512	3100
PRAM1	167	98	205
PRAME	85	50	99
PRAMEF1	9	4	3
PRAMEF10	4	5	12
PRAMEF11	11	10	16
PRAMEF12	11	9	24
PRAMEF14	15	17	28
PRAMEF15	10	5	27
PRAMEF17	0	1	4
PRAMEF18	11	4	8
PRAMEF19	9	8	13
PRAMEF2	6	4	8
PRAMEF20	23	17	17
PRAMEF25	0	3	5
PRAMEF26	0	1	2
PRAMEF27	4	2	4
PRAMEF33	6	4	5
PRAMEF4	7	5	9
PRAMEF5	0	0	10
PRAMEF6	5	3	3
PRAMEF7	2	2	4
PRAMEF8	0	1	0
PRAMEF9	0	2	6
PRANCR	4806	3131	6668
PRB1	8	1	7
PRB2	77	42	133
PRB3	9	4	7
PRB4	19	2	18
PRC1	33	23	41
PRC1-AS1	292	169	320
PRCC	1660	1275	2211
PRCD	425	241	439
PRCP	3522	2069	4369
PRDM1	1638	1447	3261
PRDM10	2119	1449	2586
PRDM10-DT	21	26	17
PRDM11	2565	1765	3383
PRDM12	62	65	97
PRDM13	70	58	95
PRDM14	261	187	292
PRDM15	1529	1054	2172
PRDM16	2439	1467	3109
PRDM16-DT	100	75	141
PRDM2	10168	6584	13818
PRDM4	1200	866	1616
PRDM4-AS1	103	61	125
PRDM5	7347	4953	9274
PRDM6	1517	733	1533
PRDM6-AS1	48	31	40
PRDM7	144	106	191
PRDM8	244	134	270
PRDM8-AS1	96	50	148
PRDM9	296	190	386
PRDX1	404	344	520
PRDX3	712	554	912
PRDX4	482	382	602
PRDX5	152	141	203
PRDX6	844	720	1014
PRDX6-AS1	2013	1571	2718
PREB	455	326	509
PRECSIT	55	44	67
PRELID1	160	114	171
PRELID2	6724	4253	8692
PRELID3A	806	569	1061
PRELID3B	329	257	453
PRELP	373	261	545
PREP	3974	2860	4973
PREP-AS1	10	4	5
PREPL	3449	2963	4484
PREX1	3896	2581	6158
PREX2	11268	6782	15537
PRF1	14	11	27
PRG2	0	0	1
PRG3	10	9	21
PRG4	64	43	79
PRH1	999	669	1201
PRH2	12	5	25
PRICKLE1	14765	9541	14849
PRICKLE1-AS1	44	31	49
PRICKLE2	15478	9048	14231
PRICKLE2-AS1	233	166	254
PRICKLE2-AS2	13	10	12
PRICKLE2-AS3	58	59	74
PRICKLE2-DT	47	28	67
PRICKLE3	271	206	345
PRIM1	624	508	933
PRIM2	7367	4835	10335
PRIMA1	795	529	1220
PRIMPOL	4337	3085	5389
PRKAA1	2919	1853	3382
PRKAA1-DT	7	7	11
PRKAA2	1311	1765	1635
PRKAB1	402	324	499
PRKAB1-AS1	1647	1232	2152
PRKAB2	622	507	790
PRKACA	870	835	1102
PRKACB	6775	4641	8333
PRKACB-DT	81	62	98
PRKAG2	5607	3608	6400
PRKAG2-AS1	22	21	41
PRKAG2-AS2	18	17	9
PRKAG3	87	201	96
PRKAR1A	1077	825	1353
PRKAR1B	4815	3130	6351
PRKAR1B-AS1	40	21	38
PRKAR1B-AS2	11	4	4
PRKAR2A	4403	3060	5079
PRKAR2A-AS1	39	25	38
PRKAR2B	1491	882	1628
PRKAR2B-AS1	360	249	460
PRKCA	5844	4480	9187
PRKCA-AS1	100	51	141
PRKCB	1556	1025	1928
PRKCD	502	353	616
PRKCE	28662	15940	34610
PRKCE-AS1	5	3	7
PRKCE-AS2	7	4	7
PRKCG	337	187	483
PRKCH	7369	4584	8183
PRKCH-AS1	933	599	1330
PRKCH-AS2	31	31	54
PRKCI	3025	2166	4109
PRKCQ	710	642	941
PRKCQ-AS1	292	237	335
PRKCSH	797	624	1054
PRKCZ	2264	1793	3760
PRKCZ-AS1	32	29	46
PRKCZ-DT	1	5	6
PRKD1	15948	11253	16069
PRKD2	2006	1400	2395
PRKD3	6157	3578	6855
PRKD3-DT	9	6	15
PRKDC	11234	8041	15213
PRKG1	89892	51468	82653
PRKG1-AS1	286	179	408
PRKG2	1576	1080	2017
PRKG2-AS1	141	110	181
PRKN	14900	12474	21120
PRKRA	2097	1487	2696
PRKRIP1	5645	4248	7278
PRKX	1916	1323	2867
PRKX-AS1	43	25	50
PRL	114	83	407
PRLH	5	0	4
PRLHR	25	14	27
PRLR	2187	1791	4255
PRM1	2	1	0
PRM2	2	0	5
PRM3	0	2	3
PRMT1	1431	1101	1826
PRMT2	7695	5133	9397
PRMT3	3137	2521	4231
PRMT5	665	566	816
PRMT5-AS1	59	39	80
PRMT5-DT	287	273	363
PRMT6	105	101	223
PRMT7	3099	2259	4122
PRMT8	1459	995	1588
PRMT9	1813	1313	2600
PRND	250	170	294
PRNP	556	395	602
PRNT	16	6	7
PROB1	55	44	56
PROC	74	56	85
PROCA1	317	241	493
PROCR	1259	653	1273
PRODH	11	13	11
PRODH2	22	19	40
PROK1	14	11	23
PROK2	128	96	162
PROK2-DT	6	1	9
PROKR1	6	11	12
PROKR2	47	28	67
PROM1	1240	1057	1508
PROM2	187	213	298
PROP1	9	5	14
PRORP	26	22	41
PRORY	20	14	43
PROS1	1716	1161	2146
PROSER1	1112	775	1510
PROSER2	687	470	823
PROSER2-AS1	254	166	412
PROSER3	670	443	805
PROX1	2539	1134	1642
PROX1-AS1	974	651	1061
PROX2	112	96	143
PROZ	57	55	72
PRPF18	4433	3324	6013
PRPF19	606	473	787
PRPF19-DT	13	8	21
PRPF3	4295	2927	5473
PRPF31	1029	691	1256
PRPF31-AS1	36	26	47
PRPF38A	1167	831	1493
PRPF38B	3195	2136	3815
PRPF39	5920	4463	7749
PRPF39-DT	0	0	6
PRPF4	1261	889	1503
PRPF40A	6075	4381	7984
PRPF40B	4933	3434	6157
PRPF4B	9754	6888	13355
PRPF6	3684	2475	4612
PRPF8	3399	2417	4244
PRPH	22	36	44
PRPH2	365	304	475
PRPS1	292	198	384
PRPS1L1	1	1	6
PRPS2	537	350	738
PRPSAP1	3939	3099	5140
PRPSAP2	2456	1848	3130
PRR11	748	505	1145
PRR11-AS1	4	0	3
PRR12	2016	1405	2562
PRR13	2	2	3
PRR14	341	235	424
PRR14L	4833	3555	6780
PRR15	16	28	27
PRR15-DT	155	115	247
PRR15L	21	13	35
PRR16	11008	10531	12196
PRR18	6	8	15
PRR19	90	72	109
PRR20C	12	3	12
PRR20G	5	3	2
PRR22	58	39	60
PRR23A	3	2	8
PRR23B	3	3	6
PRR23C	3	1	4
PRR23D1	0	0	1
PRR27	80	45	102
PRR29	42	27	51
PRR29-AS1	37	29	55
PRR3	692	485	1021
PRR30	17	9	17
PRR32	13	41	14
PRR33	26	17	36
PRR34	47	33	55
PRR34-AS1	11	5	9
PRR35	19	4	16
PRR36	29	24	41
PRR5	483	321	580
PRR5-ARHGAP8	223	179	289
PRR5L	2392	1692	3043
PRR7	156	102	200
PRR7-AS1	138	109	217
PRR9	45	92	56
PRRC1	3042	1969	3730
PRRC2A	2638	1795	3335
PRRC2B	10676	7815	13442
PRRC2C	13074	8793	17912
PRRG2	150	106	189
PRRG3	449	331	435
PRRG4	379	527	648
PRRT1	52	35	57
PRRT1B	48	34	54
PRRT3	164	112	211
PRRT3-AS1	915	587	823
PRRT4	121	115	162
PRRX1	24713	15166	28563
PRRX2	2882	1683	3314
PRRX2-AS1	40	31	55
PRSS1	15	7	43
PRSS12	1203	858	1893
PRSS16	31	30	47
PRSS2	55	30	115
PRSS21	21	23	31
PRSS22	54	62	81
PRSS23	2135	1289	2942
PRSS23-AS1	2848	1790	2395
PRSS27	91	60	141
PRSS3	307	229	399
PRSS30P	32	28	36
PRSS33	25	16	29
PRSS35	135	75	123
PRSS36	107	75	142
PRSS37	14	9	22
PRSS38	120	109	170
PRSS41	24	19	34
PRSS48	135	114	168
PRSS51	1031	566	1268
PRSS54	41	38	56
PRSS55	164	78	187
PRSS56	27	26	44
PRSS57	29	21	44
PRSS58	21	11	27
PRSS8	43	52	67
PRTFDC1	2450	1683	3597
PRTG	1640	1194	2131
PRTN3	29	37	50
PRUNE1	675	546	877
PRUNE2	1658	1243	1972
PRX	302	222	332
PRXL2A	1973	1459	2749
PRXL2B	118	96	156
PRXL2C	363	267	426
PRY2	0	3	0
PSAP	2647	1930	3347
PSAPL1	33	34	27
PSAT1	803	731	1097
PSCA	106	91	192
PSD	224	203	321
PSD2	208	146	281
PSD2-AS1	77	46	74
PSD3	34685	20486	42284
PSD3-AS1	48	28	54
PSD4	530	448	881
PSEN1	3892	2697	4876
PSENEN	16	4	11
PSG1	231	176	574
PSG11	206	178	416
PSG11-AS1	521	330	665
PSG2	472	375	956
PSG3	855	648	1512
PSG4	871	690	1911
PSG5	442	411	1023
PSG6	570	415	1168
PSG7	213	194	486
PSG8	431	354	800
PSG8-AS1	31	24	46
PSG9	825	663	1574
PSIP1	2913	1991	3739
PSKH1	903	686	1270
PSKH2	96	50	114
PSLNR	65	37	69
PSMA1	1124	660	1090
PSMA3	1307	910	1654
PSMA4	706	537	932
PSMA5	1173	809	1404
PSMA7	958	715	1120
PSMA8	211	177	290
PSMB1	784	614	1088
PSMB10	117	78	148
PSMB11	8	6	15
PSMB2	1409	1039	1826
PSMB3	427	356	535
PSMB4	255	201	310
PSMB5	1160	823	1472
PSMB6	149	122	215
PSMB7	2611	1791	3195
PSMB8	83	63	92
PSMB8-AS1	16	5	10
PSMB9	229	152	258
PSMC1	1209	879	1529
PSMC2	1335	971	1643
PSMC3	1325	973	1559
PSMC3IP	478	288	568
PSMC4	917	692	1150
PSMC5	868	600	1176
PSMC6	2889	1962	3649
PSMD1	5140	3627	6510
PSMD10	158	168	250
PSMD11	2465	1816	3032
PSMD12	2070	1456	2489
PSMD13	1319	999	1803
PSMD14	3827	2781	4759
PSMD14-DT	385	254	529
PSMD2	1014	724	1263
PSMD3	649	558	821
PSMD3-AS1	32	20	29
PSMD4	734	593	1024
PSMD5	2003	1564	2524
PSMD6	853	588	1187
PSMD6-AS1	238	144	252
PSMD6-AS2	462	362	581
PSMD7	1023	867	1412
PSMD7-DT	1267	857	1850
PSMD8	723	485	813
PSMD9	8	5	9
PSME1	269	238	392
PSME2	767	545	1022
PSME3	744	570	970
PSME3IP1	1938	1451	2478
PSME4	6715	4697	8545
PSMF1	2688	1928	3602
PSMG1	1083	962	1712
PSMG2	1834	1220	2331
PSMG3	155	156	215
PSMG3-AS1	401	252	453
PSMG4	1638	1293	2304
PSORS1C1	237	241	436
PSORS1C2	20	13	29
PSPC1	8361	5627	10012
PSPC1-AS2	18	11	27
PSPH	736	595	974
PSPN	28	26	53
PSRC1	186	152	267
PSTK	498	328	582
PSTPIP1	250	196	348
PSTPIP2	1399	880	1715
PTAFR	234	205	334
PTAR1	3642	2557	4707
PTBP1	2162	1754	2708
PTBP2	20060	12825	25083
PTBP3	4678	3384	5997
PTCD1	67	54	78
PTCD2	1685	1171	2300
PTCD3	6311	4637	8585
PTCH1	18991	11316	34537
PTCH2	6737	4586	10520
PTCHD1	408	265	568
PTCHD1-AS	172	126	195
PTCHD3	35	25	52
PTCHD4	2916	1483	5305
PTCRA	21	20	29
PTCSC2	581	632	733
PTCSC3	117	47	136
PTDSS1	1206	856	1557
PTDSS2	970	784	1302
PTEN	10049	7560	13886
PTENP1-AS	154	200	187
PTER	1028	826	1401
PTF1A	4	5	7
PTGDR	154	82	173
PTGDR2	9	14	21
PTGDS	14	9	16
PTGER1	28	16	24
PTGER2	85	61	120
PTGER3	3861	2380	3164
PTGER3-AS1	18	14	26
PTGER4	594	386	557
PTGER4P2-CDK2AP2P2	12	9	14
PTGES	117	106	190
PTGES2	195	158	266
PTGES2-AS1	27	20	38
PTGES3	2775	2113	3849
PTGES3L-AARSD1	15	9	15
PTGFR	2619	2790	2874
PTGFRN	1700	1476	2248
PTGIR	750	469	682
PTGIS	1619	1082	1973
PTGR1	1893	1745	2402
PTGR2	96	113	208
PTGS1	181	144	173
PTGS2	996	222	466
PTH	42	25	38
PTH1R	4426	2742	7168
PTH2	9	5	6
PTH2R	1259	844	1682
PTHLH	150	138	235
PTK2	29896	19332	37730
PTK2B	1546	1210	1976
PTK6	80	85	112
PTK7	7475	5083	10954
PTMA	2289	1673	2709
PTMS	661	448	726
PTN	1678	1040	1940
PTOV1	1029	819	1299
PTOV1-AS1	925	726	1310
PTOV1-AS2	71	52	119
PTP4A1	154	147	203
PTP4A2	1404	881	1538
PTP4A3	717	650	947
PTPA	1036	784	1266
PTPDC1	2245	1471	2894
PTPN1	3952	2608	5008
PTPN11	3307	2350	4197
PTPN12	9693	6413	12481
PTPN13	13612	8611	17700
PTPN14	10298	7718	14506
PTPN18	917	731	1167
PTPN2	3277	2386	4152
PTPN20	350	198	473
PTPN21	3180	2232	4018
PTPN22	267	176	291
PTPN23	1385	945	1713
PTPN23-DT	173	171	249
PTPN3	1974	1469	2425
PTPN4	6893	4986	8864
PTPN5	653	391	971
PTPN6	296	179	403
PTPN7	108	88	143
PTPN9	1922	1218	2442
PTPRA	9115	6642	11609
PTPRB	3873	2317	4325
PTPRB-AS1	276	204	374
PTPRC	672	452	709
PTPRC-AS1	47	34	67
PTPRD	21862	15982	26862
PTPRD-AS1	99	44	98
PTPRD-DT	23	26	26
PTPRE	5272	3020	4390
PTPRE-AS1	18	7	25
PTPRF	3219	2897	4428
PTPRG	28902	18236	33020
PTPRG-AS1	939	613	1135
PTPRH	63	45	101
PTPRJ	5151	3672	8724
PTPRJ-AS1	3	6	5
PTPRK	18460	13701	25453
PTPRK-AS1	148	121	242
PTPRM	30965	21464	36419
PTPRN	201	105	245
PTPRN2	6089	4184	10840
PTPRN2-AS1	37	20	50
PTPRN2-AS2	19	7	21
PTPRN2-AS3	13	9	14
PTPRO	1187	859	1650
PTPRQ	910	749	1184
PTPRR	1053	790	1508
PTPRS	8356	5540	10823
PTPRS-AS1	6	2	6
PTPRT	20285	10196	16898
PTPRT-AS1	2	9	5
PTPRT-DT	58	33	58
PTPRU	685	532	987
PTPRZ1	3445	2819	6204
PTRH1	351	245	429
PTRH2	1128	882	1548
PTRHD1	70	43	88
PTS	2363	1587	2872
PTTG1	313	205	439
PTTG1IP	1946	1373	2615
PTX3	608	324	474
PTX4	7	15	8
PUDP	4771	3291	6317
PUF60	730	476	987
PUM1	15335	10935	19346
PUM2	17204	12027	22519
PUM3	8471	6153	10668
PURA	1200	945	1508
PURB	739	644	1002
PURG	967	605	1076
PURPL	642	468	827
PUS1	646	488	808
PUS1-AS1	48	43	73
PUS10	1295	973	1794
PUS3	145	118	188
PUS7	2143	1671	2679
PUS7L	1959	1417	2632
PUSL1	71	41	77
PVALB	93	49	106
PVALEF	125	98	159
PVR	665	433	789
PVT1	6228	4464	7748
PWP1	2206	1598	2898
PWP2	202	148	189
PWRN1	2126	1324	4258
PWRN2	24	14	36
PWRN4	508	402	730
PWWP2A	3698	2658	5159
PWWP2B	428	354	633
PWWP3A	4156	3206	5350
PWWP3B	166	161	232
PWWP4	10	9	11
PXDC1	1999	1251	2353
PXDN	8433	5068	10385
PXDNL	8555	6348	6306
PXK	4000	2951	5216
PXMP2	146	112	153
PXMP4	429	365	579
PXN	3672	2690	4447
PXN-AS1	438	292	515
PXT1	193	126	229
PXYLP1	3218	2003	4106
PYCARD	38	30	67
PYCARD-AS1	24	17	22
PYCR1	338	278	435
PYCR1-AS1	16	2	17
PYCR2	3	1	2
PYCR3	136	106	192
PYDC1	14	7	7
PYDC2-AS1	468	291	652
PYDC5	52	19	44
PYGB	1372	1019	1770
PYGL	1055	825	1264
PYGM	292	722	313
PYGO1	2173	1444	2762
PYGO2	220	197	315
PYGO2-AS1	38	24	52
PYHIN1	199	149	257
PYM1	735	503	972
PYROXD1	938	616	1148
PYROXD2	1179	873	1686
PYY	237	185	291
PZP	344	217	417
QARS1	693	523	878
QDPR	927	723	1117
QKI	21471	15607	27589
QKILA	59	40	75
QPCT	345	244	478
QPCTL	251	166	352
QPRT	431	293	547
QRFP	21	12	26
QRFPR	232	147	291
QRICH1	3775	2683	4611
QRICH2	874	620	1161
QRSL1	1471	1069	2084
QSER1	4844	3438	6284
QSOX1	1050	773	1390
QSOX2	933	693	1348
QTMAN-AS1	217	154	304
QTRT1	557	475	775
QTRT2	1201	839	1507
R3HCC1	399	285	571
R3HCC1L	3692	2814	4842
R3HDM1	7826	5846	10449
R3HDM2	10322	7885	13663
R3HDM2-DT	15	8	10
R3HDM4	304	205	380
R3HDML	65	48	71
R3HDML-AS1	136	97	206
RAB10	8076	5857	9614
RAB11A	1977	1406	2490
RAB11B	1391	963	1623
RAB11B-AS1	478	360	637
RAB11FIP1	1052	634	1206
RAB11FIP2	2825	1864	3506
RAB11FIP3	3229	2352	4415
RAB11FIP4	677	535	992
RAB11FIP5	727	468	775
RAB12	1901	1338	2548
RAB12-AS1	3	3	5
RAB13	8	4	17
RAB14	2192	1804	2969
RAB15	520	353	631
RAB17	212	138	256
RAB17-DT	43	24	34
RAB18	3937	2851	4968
RAB19	214	149	287
RAB1A	7872	5464	9215
RAB1B	630	530	908
RAB20	968	645	1295
RAB21	1612	1200	2059
RAB22A	2439	1640	3084
RAB23	1174	829	1834
RAB24	17	8	16
RAB25	105	118	172
RAB26	78	96	97
RAB27A	2222	1714	3316
RAB27B	1089	855	1347
RAB27B-AS1	30	18	36
RAB28	6984	4718	9017
RAB29	116	70	120
RAB2A	8681	5831	10337
RAB2B	2196	1477	2731
RAB30	1326	789	1700
RAB30-DT	3116	2276	4503
RAB31	3532	2095	3753
RAB32	427	225	513
RAB33A	65	32	80
RAB33B	471	357	578
RAB33B-AS1	3360	2496	4806
RAB34	354	227	422
RAB35	966	633	1128
RAB35-AS1	37	34	72
RAB36	333	222	490
RAB37	309	225	434
RAB37-AS1	29	13	31
RAB38	1247	1119	1862
RAB39A	198	135	298
RAB39B	22	8	34
RAB3A	100	53	99
RAB3B	328	273	531
RAB3C	1220	723	1459
RAB3C-AS1	165	141	266
RAB3D	609	445	807
RAB3GAP1	6803	4849	8779
RAB3GAP2	7041	4758	8571
RAB3IL1	372	270	428
RAB3IP	909	760	1296
RAB3IP-DT	70	61	128
RAB40A	200	143	312
RAB40AL	34	18	47
RAB40B	1148	893	1475
RAB40C	1810	1449	2396
RAB41	9	6	13
RAB42	37	32	55
RAB44	174	118	210
RAB4A	1215	848	1494
RAB4A-AS1	209	150	259
RAB4B-EGLN2	16	10	50
RAB5A	3336	2414	3972
RAB5B	1079	882	1497
RAB5C	10	5	18
RAB5C-AS1	41	23	38
RAB5IF	20	7	25
RAB6A	6600	4408	8036
RAB6B	532	329	703
RAB6C	10	6	16
RAB6D	16	9	12
RAB7A	7102	4807	8578
RAB7B	1192	997	1418
RAB8A	875	557	1002
RAB8B	4342	2572	4730
RAB9A	818	574	1061
RABAC1	59	60	74
RABEP1	6406	4518	7967
RABEP2	1574	1167	1980
RABEPK	1625	1141	1936
RABGAP1	12437	8820	16568
RABGAP1L	22582	15880	27818
RABGAP1L-AS1	81	60	107
RABGAP1L-DT	294	183	402
RABGEF1	22	15	27
RABGGTA	179	118	201
RABGGTB	905	657	1169
RABIF	233	173	263
RABL2A	1050	794	1315
RABL2B	1476	1206	2343
RABL3	1297	760	1553
RABL6	878	631	1086
RAC1	2358	1954	3079
RAC2	145	100	198
RAC3	106	82	150
RACGAP1	1732	1158	2425
RACK1	1309	1007	1574
RAD1	979	731	1379
RAD17	1935	1268	2329
RAD18	4410	2798	5919
RAD21	2527	2022	3452
RAD21-AS1	28	24	25
RAD21L1	112	42	124
RAD23A	986	769	1197
RAD23B	3907	2986	4747
RAD50	18	10	20
RAD51	942	574	1165
RAD51-AS1	752	527	986
RAD51AP1	1243	776	1815
RAD51AP2	66	57	100
RAD51B	28691	20335	41686
RAD51B-AS1	32	32	49
RAD51C	1664	1216	2448
RAD52	2221	1537	2858
RAD54B	1251	855	1776
RAD54L	634	425	867
RAD54L2	4016	2807	5233
RAD9A	3588	2783	5103
RAD9B	254	179	265
RADIL	1663	932	2018
RADX	446	294	623
RAE1	1071	755	1327
RAET1E	17	9	18
RAET1E-AS1	516	247	530
RAET1G	36	24	42
RAET1L	41	21	43
RAF1	6141	4377	7572
RAG1	274	180	325
RAG2	104	62	148
RAI1	5406	3667	6862
RAI1-AS1	60	44	68
RAI14	9802	6748	11305
RAI14-DT	3	2	9
RAI2	602	411	746
RALA	4602	2968	5318
RALB	1834	1229	2060
RALBP1	2151	1646	2941
RALGAPA1	10931	7742	13916
RALGAPA2	14132	7833	14540
RALGAPB	4224	2980	5347
RALGDS	515	364	559
RALGPS1	4749	3027	6260
RALGPS2	5596	5007	7550
RALGPS2-AS1	32	18	39
RALY	5988	3715	7266
RALY-AS1	130	86	194
RALYL	4544	2905	9188
RAMP1	635	737	799
RAMP2	119	81	110
RAMP2-AS1	432	253	412
RAMP3	251	184	278
RAN	618	464	807
RANBP1	723	526	904
RANBP10	2917	2179	3746
RANBP17	10596	6528	12446
RANBP2	4800	3310	6210
RANBP3	3273	2106	4135
RANBP3-DT	282	194	345
RANBP3L	610	489	770
RANBP6	417	390	685
RANBP9	5911	4094	7542
RANGAP1	908	740	1304
RANGRF	91	49	97
RAP1A	6221	4097	7037
RAP1B	6997	4283	7919
RAP1GAP	437	309	628
RAP1GAP2	2789	1984	3675
RAP1GAP2-AS1	7	13	20
RAP1GDS1	7403	5225	9440
RAP1GDS1-AS1	95	63	100
RAP2A	1997	1216	2280
RAP2B	613	475	830
RAP2C	644	550	812
RAP2C-AS1	3608	2484	4703
RAPGEF1	7106	5030	9334
RAPGEF2	12086	7684	14054
RAPGEF3	854	555	1031
RAPGEF4	4307	3171	4867
RAPGEF4-AS1	200	144	260
RAPGEF5	6905	4503	8425
RAPGEF6	91	88	105
RAPGEFL1	523	449	623
RAPH1	6783	4782	7833
RAPSN	82	182	124
RARA	2261	1650	2795
RARA-AS1	67	33	69
RARB	10057	6174	14545
RARG	2135	1718	2936
RARRES1	346	221	344
RARRES2	354	298	447
RARS1	2903	2270	3809
RARS2	8417	6079	10668
RASA1	8837	6438	13887
RASA2	11085	7653	13946
RASA3	5721	3541	6379
RASA4B	282	186	610
RASAL1	266	232	351
RASAL2	15965	10306	19244
RASAL2-AS1	48	37	77
RASAL3	145	83	128
RASD1	94	88	88
RASD2	75	40	71
RASEF	1038	836	1458
RASGEF1A	385	214	456
RASGEF1B	15890	12592	18844
RASGEF1C	874	639	1641
RASGRF1	651	374	791
RASGRF2	1476	880	1691
RASGRF2-AS1	45	22	43
RASGRF2-AS2	13	6	5
RASGRP1	353	252	451
RASGRP2	193	203	281
RASGRP3	3925	2289	4186
RASGRP4	65	53	89
RASIP1	849	613	979
RASL10A	40	25	56
RASL10B	68	49	93
RASL11A	30	21	42
RASL12	355	275	495
RASSF1	1330	920	1545
RASSF1-AS1	15	10	27
RASSF10	43	37	84
RASSF10-DT	59	24	89
RASSF2	2535	1639	2701
RASSF3	4003	2995	5204
RASSF3-DT	29	21	34
RASSF4	820	839	951
RASSF5	846	533	964
RASSF6	403	320	682
RASSF7	126	87	174
RASSF8	8273	4417	10229
RASSF8-AS1	1159	751	1456
RASSF9	861	576	889
RAVER1	525	353	583
RAVER2	2216	1576	2821
RAX	65	43	54
RAX2	7	5	8
RB1	9067	7069	12009
RB1-DT	112	93	163
RB1CC1	7538	5400	9880
RBAK-RBAKDN	177	109	297
RBBP4	9074	6406	12385
RBBP5	1194	781	1557
RBBP6	4662	3384	6309
RBBP7	4256	3060	5450
RBBP8	3746	2663	5791
RBBP8NL	104	90	149
RBBP9	331	235	396
RBCK1	1221	1028	1916
RBFOX1	20762	17496	33314
RBFOX2	32499	22673	42482
RBFOX3	1765	1118	2423
RBIS	881	707	1199
RBKS	508	440	689
RBL1	3099	2123	4099
RBL2	4761	3517	6663
RBM10	2103	1529	2898
RBM11	37	28	67
RBM12B	1527	1226	2158
RBM12B-DT	21	17	20
RBM14-RBM4	1139	855	1516
RBM15	2666	1957	3733
RBM15-AS1	278	216	376
RBM15B	194	133	255
RBM17	4124	3116	5409
RBM18	737	561	906
RBM19	3618	2473	4696
RBM19-AS1	23	12	32
RBM20	1135	1215	1581
RBM22	1536	1027	1950
RBM23	2239	1558	2868
RBM24	171	570	260
RBM25	31924	21501	41170
RBM25-AS1	40	21	63
RBM26	10419	7182	13160
RBM26-AS1	525	304	511
RBM27-POU4F3	222	162	297
RBM28	3520	2286	4253
RBM3	1400	1093	1756
RBM33	10900	7647	14290
RBM33-DT	45	30	58
RBM34	11	8	10
RBM38	199	219	280
RBM38-AS1	140	92	171
RBM39	17993	12895	23445
RBM4	1967	1448	2514
RBM41	3983	2940	5449
RBM42	370	272	460
RBM43	266	224	335
RBM44	177	156	211
RBM45	1112	879	1708
RBM46	133	102	153
RBM46-AS1	145	86	206
RBM47	2908	2161	4928
RBM47-AS1	2	2	4
RBM48	715	577	961
RBM4B	928	707	1255
RBM5	6720	4577	8715
RBM5-AS1	57	41	69
RBM6	23192	14638	29684
RBM7	24	16	50
RBM8A	1032	771	1328
RBMS1	21096	14221	25645
RBMS2	5290	3221	6395
RBMS3	18802	11769	21251
RBMS3-AS1	22	17	24
RBMS3-AS2	805	529	1025
RBMS3-AS3	1189	868	1625
RBMX	12770	9348	17013
RBMX2	453	296	569
RBMXL1	4	3	0
RBMXL2	6	2	9
RBMXL3	10	2	7
RBP1	254	193	350
RBP2	82	65	98
RBP3	39	16	39
RBP4	138	112	184
RBP5	70	52	93
RBP7	158	96	157
RBPJ	15538	11126	18394
RBPJL	63	37	89
RBPMS	8945	5606	9341
RBPMS-AS1	40	23	54
RBPMS2	350	294	486
RBSN	0	1	0
RBX1	1868	1566	2485
RC3H1	6035	4285	7571
RC3H1-DT	21	4	10
RC3H2	4901	3421	5991
RCAN2	1881	1341	2270
RCAN2-DT	411	329	542
RCAN3	556	466	960
RCAN3AS	175	150	256
RCBTB1	1454	1009	2029
RCBTB2	2173	1410	2715
RCC1	1307	978	1697
RCC1L	1463	1050	1762
RCC2	2164	1533	3173
RCC2-AS1	2	0	5
RCCD1	384	308	532
RCCD1-AS1	39	34	55
RCE1	114	84	107
RCHY1	1742	1310	2138
RCL1	2343	1826	3025
RCN1	93	70	131
RCN2	3251	2321	4382
RCN3	2105	1391	2356
RCOR1	13585	8576	17094
RCOR2	80	44	99
RCOR3	4864	3479	5960
RCSD1	1039	998	1334
RCVRN	84	48	103
RD3	68	60	113
RD3L	3	2	7
RDH10	566	328	606
RDH10-AS1	166	95	184
RDH11	390	309	515
RDH12	129	128	165
RDH13	496	317	626
RDH14	79	51	104
RDH16	34	29	57
RDH8	33	24	37
RDM1	72	47	124
RDX	5601	3604	6582
REC114	328	233	457
REC8	258	181	383
RECK	7089	5095	9480
RECQL	1506	1021	1895
RECQL4	432	199	398
RECQL5	990	787	1340
REELD1	63	32	89
REEP1	1346	1612	1621
REEP2	58	58	85
REEP3	3656	2673	4435
REEP4	212	185	263
REEP5	2155	1680	2769
REEP6	55	40	71
REG1A	8	3	10
REG1B	8	8	16
REG3A	7	2	6
REG3G	3	3	5
REG4	61	44	83
REL	1777	1149	2092
REL-DT	338	270	516
RELA	527	323	630
RELA-DT	90	57	114
RELB	697	360	766
RELCH	4049	3116	5205
RELL1	2325	1726	2862
RELL2	62	61	91
RELN	3930	2507	4784
RELT	316	196	417
REM1	344	210	380
REM2	38	33	65
REN	239	155	323
RENBP	165	104	215
RENO1	443	281	631
REP15	78	54	92
REPIN1	6	9	6
REPIN1-AS1	82	76	104
REPS1	4409	3273	5945
REPS2	3446	1966	3827
RER1	1338	901	1740
RERE	33392	24708	43987
RERE-AS1	48	40	79
RERG	3055	2773	4617
RERG-AS1	19	14	32
RERGL	828	559	1339
RESF1	3315	2292	4480
RESP18	3	4	12
REST	2492	1730	3227
RET	862	575	748
RETN	3	2	7
RETNLB	25	26	49
RETREG1	1580	1380	3060
RETREG1-AS1	311	211	446
RETREG2	240	162	304
RETREG3	1852	1494	2414
RETSAT	465	318	543
REV1	4582	3002	5769
REV3L	14392	9661	16103
REX1BD	942	808	1114
REXO1	957	683	1235
REXO2	645	437	746
REXO4	726	528	940
REXO5	801	494	997
RFC1	5723	3669	6898
RFC2	1519	989	1826
RFC3	6521	5047	10777
RFC4	911	656	1185
RFC5	596	399	897
RFESD	248	213	344
RFFL	117	107	186
RFK	145	112	179
RFLNA	2374	1523	3526
RFLNB	154	112	172
RFNG	289	240	343
RFPL1	10	7	16
RFPL1S	525	336	681
RFPL2	53	28	55
RFPL3	18	11	18
RFPL3S	119	102	103
RFPL4A	4	3	14
RFPL4AL1	9	6	9
RFPL4B	4	0	4
RFT1	725	482	926
RFTN1	6167	3546	6181
RFTN2	7535	4488	10048
RFWD3	1548	1160	2203
RFX1	1679	1053	2162
RFX2	5088	3381	5745
RFX2-AS1	230	112	191
RFX2-AS2	152	140	131
RFX3	11432	7610	15132
RFX3-DT	3628	2773	4111
RFX4	546	342	798
RFX4-AS1	1041	606	1345
RFX5	818	531	999
RFX5-AS1	36	33	56
RFX6	173	97	225
RFX7	9267	6169	12514
RFX8	819	588	1010
RFXANK	461	291	574
RFXAP	598	484	686
RGCC	674	312	587
RGL1	9250	5536	10037
RGL2	1171	922	1556
RGL3	261	202	469
RGL4	29	32	51
RGMA	2457	1950	3497
RGMB	3896	2532	6684
RGMB-AS1	64	36	77
RGN	161	150	303
RGP1	557	493	766
RGPD1	203	141	353
RGPD2	107	111	279
RGPD3	172	88	202
RGPD4	170	106	247
RGPD4-AS1	9	14	4
RGPD5	9	5	8
RGPD6	40	30	32
RGPD8	660	438	797
RGR	140	149	180
RGS1	155	41	78
RGS10	1142	787	1392
RGS11	176	125	192
RGS12	10717	6728	13152
RGS13	113	66	115
RGS14	218	164	311
RGS16	235	152	254
RGS17	710	458	945
RGS18	78	63	116
RGS19	102	79	119
RGS2	254	228	216
RGS2-AS1	3425	3222	4222
RGS20	1130	785	1821
RGS21	149	95	151
RGS22	1239	1056	1571
RGS3	2366	1504	2796
RGS3-AS1	119	86	203
RGS4	47	22	55
RGS5	829	621	1073
RGS5-AS1	230	121	241
RGS5.1	4	3	9
RGS6	8069	6183	9208
RGS7	2461	1790	2896
RGS7BP	889	545	1061
RGS8	161	113	192
RGS9	841	506	1050
RGS9BP	3	14	18
RGSL1	398	260	448
RHAG	198	121	211
RHBDD1	4672	3365	6227
RHBDD2	622	412	736
RHBDD3	647	488	789
RHBDF1	580	372	738
RHBDF2	396	290	501
RHBDL1	57	33	71
RHBDL2	451	380	662
RHBDL3	1150	684	1670
RHBG	111	86	127
RHCE	293	251	369
RHCG	112	64	166
RHD	215	175	254
RHEB	2716	1771	3163
RHEBL1	77	47	101
RHEX	205	133	236
RHNO1	18	17	19
RHO	49	38	61
RHOA	3538	2513	3958
RHOB	499	361	606
RHOBTB1	3628	2516	5639
RHOBTB2	559	375	657
RHOBTB2-AS1	127	85	148
RHOBTB3	4593	3551	6276
RHOC	196	112	234
RHOD	243	163	332
RHOF	178	117	253
RHOG	319	226	391
RHOH	225	188	279
RHOJ	12054	6464	13476
RHOQ	2296	1516	2774
RHOQ-AS1	93	85	149
RHOT1	4648	3445	5953
RHOT2	1270	889	1589
RHOU	445	317	430
RHOV	67	59	78
RHOXF1	19	18	19
RHOXF1-AS1	335	170	369
RHOXF2	0	1	2
RHOXF2B	0	0	0
RHPN1	237	155	297
RHPN1-AS1	12	6	16
RHPN2	553	413	739
RIBC1	118	72	122
RIBC2	540	347	859
RIC1	7211	4925	9596
RIC3	691	477	933
RIC3-DT	32	18	37
RIC8A	315	245	399
RIC8B	4932	3422	6353
RICTOR	8217	5469	10415
RICTOR-DT	3	7	15
RIDA	456	353	541
RIF1	10310	7171	12789
RIIAD1	110	80	128
RILP	83	58	96
RILPL1	5470	3602	6775
RILPL2	547	321	568
RIMBP2	2238	1498	3589
RIMBP2-AS1	74	31	89
RIMBP3	5	11	12
RIMBP3B	3	0	5
RIMBP3C	0	3	0
RIMKLA	147	95	170
RIMKLB	9758	6564	11779
RIMOC1	895	841	1450
RIMS1	2037	1254	2311
RIMS2	2510	1796	3770
RIMS3	148	114	240
RIMS4	247	195	331
RIN1	160	100	208
RIN2	9494	6186	11687
RIN3	5103	3405	5785
RING1	1611	1099	1882
RINL	152	137	200
RINT1	3130	2104	3784
RIOK1	1423	1004	1854
RIOK2	965	723	1375
RIOK3	2640	1986	3278
RIOX1	109	84	121
RIOX2	1583	1082	1913
RIPK1	2879	1707	3031
RIPK2	795	564	927
RIPK2-DT	12320	7241	14865
RIPK3	101	62	117
RIPK4	325	281	456
RIPOR1	1330	991	1538
RIPOR2	4504	2978	6784
RIPOR3	2588	2107	3253
RIPOR3-AS1	157	95	196
RIPPLY2	22	9	21
RIPPLY3	149	103	210
RIT1	913	753	1209
RIT2	1264	814	1695
RITA1	150	169	246
RLBP1	36	17	48
RLF	4802	3399	5963
RLIM	1794	1115	1995
RLN1	27	29	51
RLN2	14	17	22
RLN3	9	4	3
RMC1	806	571	1032
RMDN1	2605	1950	3574
RMDN2	2218	1461	2879
RMDN2-AS1	363	237	434
RMDN3	1014	771	1393
RMEL3	528	318	661
RMI1	753	573	1081
RMI2	1135	751	1566
RMI2-AS1	3	16	11
RMND1	2360	1514	2810
RMND5A	1429	1069	1729
RMND5B	1021	840	1374
RMRP	9318	4830	8623
RMST	1029	545	896
RN7SL832P	71	54	93
RNASE1	77	96	130
RNASE10	109	50	97
RNASE11	2	1	5
RNASE11-AS1	49	39	63
RNASE2	0	0	4
RNASE2CP	4	1	7
RNASE3	0	0	6
RNASE4	4	1	1
RNASE6	3	2	6
RNASE7	8	20	22
RNASE8	0	1	1
RNASE9	13	5	13
RNASEH1-DT	205	187	278
RNASEH2A	0	1	5
RNASEH2B	2914	2063	4053
RNASEH2B-AS1	248	191	353
RNASEH2C	671	481	939
RNASEK	16	7	10
RNASEL	363	254	447
RNASET2	349	269	452
RND1	84	50	77
RND2	40	26	44
RND3	3104	1525	3286
RNF10	2481	1859	3160
RNF103-CHMP3	1071	811	1696
RNF11	1665	1110	1811
RNF111	5827	4058	7640
RNF112	136	124	178
RNF112-AS1	19	6	17
RNF113A	55	72	109
RNF113B	5	3	9
RNF114	1562	1093	1823
RNF115	5497	3823	6890
RNF121	3130	2336	3775
RNF122	740	430	788
RNF123	985	741	1369
RNF125	0	4	0
RNF126	489	323	618
RNF128	496	367	679
RNF13	4765	3455	5915
RNF130	8693	5489	11755
RNF130-AS1	0	2	2
RNF135	727	598	939
RNF138	1155	759	1370
RNF139	310	208	395
RNF139-DT	260	212	364
RNF14	1528	1080	1998
RNF141	1379	827	1769
RNF144A	4603	2814	5150
RNF144B	1302	1282	1784
RNF145	3399	2496	4268
RNF146	3354	2353	4116
RNF149	21554	14684	24199
RNF150	9291	6874	9968
RNF151	5	10	19
RNF152	5903	4862	8340
RNF157	1318	939	1996
RNF157-AS1	119	58	150
RNF165	3103	1983	3353
RNF166	195	141	274
RNF167	475	387	631
RNF168	2969	2085	3578
RNF169	3945	2714	4955
RNF17	473	259	564
RNF170	2355	1852	3014
RNF175	1309	539	1452
RNF180	2356	1410	3120
RNF181	153	114	195
RNF182	186	122	277
RNF183	90	62	122
RNF185	1718	1224	2205
RNF185-AS1	2	0	4
RNF186	4	5	4
RNF186-AS1	9	10	13
RNF187	212	158	260
RNF19A	5529	3868	6708
RNF19B	458	371	596
RNF2	2136	1462	2648
RNF20	1992	1489	2661
RNF207	662	414	688
RNF208	13	17	21
RNF212	1415	782	1462
RNF212-DT	84	38	109
RNF212B	485	314	583
RNF213	7549	5241	10311
RNF213-AS1	2209	1512	3022
RNF214	2266	1671	2954
RNF215	977	714	1359
RNF216	9152	6408	11705
RNF216P1	1521	1042	2072
RNF217	3810	3704	4571
RNF217-AS1	2093	2133	2562
RNF220	2298	1679	2856
RNF222	73	56	92
RNF223	35	18	40
RNF224	26	20	35
RNF225	16	3	10
RNF227	105	51	99
RNF228	41	19	48
RNF24	7633	5035	8498
RNF25	323	224	374
RNF26	52	52	65
RNF26-AS1	7	2	7
RNF31	93	66	109
RNF32	222	161	303
RNF32-AS1	114	63	145
RNF32-DT	2431	1520	3145
RNF34	1558	1159	2109
RNF38	7071	4776	8841
RNF39	67	72	130
RNF4	3455	2550	4465
RNF40	1836	1212	2237
RNF41	667	531	891
RNF44	702	508	899
RNF5	144	107	200
RNF6	664	578	1067
RNF7	190	142	274
RNF8	1555	1160	2057
RNFT1	550	437	717
RNFT1-DT	47	26	53
RNFT2	896	585	1204
RNGTT	8996	6175	11404
RNH1	721	541	816
RNLS	2126	1524	2754
RNMT	3966	2894	5105
RNPC3	4267	3450	5885
RNPC3-DT	655	406	988
RNPEP	965	751	1328
RNPEPL1	245	173	332
RNPS1	1733	1223	2074
RO60	2042	1658	2775
ROBO1	35881	23780	56629
ROBO2	87581	58747	138247
ROBO3	734	306	587
ROBO4	727	441	785
ROCK1	9398	6510	11241
ROCK2	12974	8415	15828
ROCR	58	51	81
ROGDI	84	48	59
ROM1	78	57	115
ROMO1	197	167	204
ROPN1	85	66	157
ROPN1B	52	36	81
ROPN1L	228	137	303
ROPN1L-AS1	9	6	12
ROR1	24320	13656	29346
ROR1-AS1	614	374	722
ROR2	19834	11917	26233
RORA	45492	31834	52841
RORA-AS1	1390	994	1857
RORA-AS2	13	18	21
RORA-AS3	89	57	119
RORA-AS4	9	7	11
RORB	727	553	959
RORB-AS1	57	35	77
RORC	188	156	223
ROS1	152	113	158
RP1	1694	1112	2413
RP1L1	628	440	769
RP2	736	433	809
RP9	603	479	911
RPA1	1978	1463	2638
RPA2	1172	908	1519
RPA3	496	329	633
RPAIN	1685	1222	2516
RPAP1	875	570	1033
RPAP2	8354	6197	10904
RPAP3	2638	1732	3445
RPAP3-DT	366	237	534
RPE	1400	1072	1857
RPE65	69	45	66
RPEL1	18	16	20
RPF1	815	566	1020
RPF2	2718	1827	3187
RPGR	1389	1039	1926
RPGRIP1	239	141	300
RPGRIP1L	4989	3452	5974
RPH3A	920	601	1405
RPH3AL	1795	1357	2248
RPH3AL-AS1	18	14	23
RPH3AL-AS2	13	5	19
RPH3AL-AS3	1	2	4
RPIA	1377	929	1831
RPL10	1327	1121	1657
RPL10A	1094	1026	1362
RPL10L	3	1	2
RPL11	1358	1139	1681
RPL12	766	594	903
RPL13	914	858	1211
RPL13A	1967	1364	2067
RPL14	909	799	1091
RPL15	461	356	568
RPL17	0	4	3
RPL17-C18orf32	94	34	116
RPL18	395	453	506
RPL18A	147	124	175
RPL19	766	792	1041
RPL21	776	490	902
RPL22	454	285	511
RPL22L1	289	183	363
RPL23	774	758	1049
RPL23A	2166	1478	2682
RPL24	864	717	990
RPL26	0	0	1
RPL26L1	206	126	232
RPL26L1-AS1	59	38	72
RPL27	464	435	590
RPL27A	1032	900	1243
RPL28	686	549	853
RPL29	260	284	330
RPL3	1141	865	1444
RPL30	1434	1192	1903
RPL30-AS1	17	8	22
RPL31	3987	3102	5249
RPL32	810	715	1050
RPL34	735	694	965
RPL34-DT	829	734	1123
RPL35	700	716	779
RPL35A	577	493	711
RPL36	574	534	730
RPL36A	6	3	11
RPL36A-HNRNPH2	101	60	128
RPL36AL	172	142	178
RPL37	1487	1345	1895
RPL37A	1897	1579	2346
RPL37A-DT	161	130	242
RPL38	628	540	816
RPL39	166	139	186
RPL39L	541	412	737
RPL3L	222	427	298
RPL4	1589	1228	1886
RPL41	414	318	441
RPL5	1833	1418	2253
RPL6	922	900	1393
RPL7	628	662	858
RPL7A	714	553	827
RPL7L1	1064	867	1434
RPL8	470	432	541
RPL9	629	499	729
RPLP0	514	438	620
RPLP1	650	695	836
RPLP2	591	654	814
RPN1	1457	1306	2236
RPN2	2171	1640	2838
RPP14	99	87	187
RPP25	24	21	32
RPP25L	34	32	39
RPP30	1579	1107	1979
RPP38	1905	1470	2810
RPP38-DT	27	17	31
RPP40	373	258	395
RPRD1A	5260	3745	6597
RPRD1B	3341	2368	4260
RPRD2	7087	5085	9212
RPRML	5	5	7
RPS10-NUDT3	313	220	380
RPS11	963	673	1137
RPS12	652	581	857
RPS13	560	535	670
RPS14	838	804	1153
RPS15	174	196	235
RPS15A	269	204	304
RPS16	599	540	797
RPS18	579	503	668
RPS19	1090	909	1285
RPS19BP1	340	254	392
RPS2	280	299	464
RPS20	665	664	826
RPS21	234	260	296
RPS21-DT	129	109	134
RPS23	682	702	980
RPS24	2180	1596	2749
RPS25	854	769	1094
RPS26	210	150	268
RPS27	305	209	321
RPS27A	707	657	888
RPS27L	1232	882	1646
RPS28	101	107	114
RPS29	975	862	1284
RPS3	1242	1174	1796
RPS3A	772	675	995
RPS4X	824	719	1044
RPS4Y1	180	117	236
RPS4Y2	7	4	10
RPS5	416	322	479
RPS6	1238	1268	1641
RPS6KA1	340	247	430
RPS6KA2	8456	5527	10929
RPS6KA2-AS1	6	0	9
RPS6KA3	4599	3472	5320
RPS6KA4	390	274	508
RPS6KA5	7008	4741	8924
RPS6KA6	1682	1322	2319
RPS6KB1	2851	2147	3647
RPS6KB2	678	488	853
RPS6KB2-AS1	29	9	33
RPS6KC1	10778	7203	12991
RPS6KL1	187	151	217
RPS7	661	534	788
RPS8	1507	1309	1940
RPS9	1016	805	1372
RPSA	1062	792	1218
RPSAP58	1828	1691	2663
RPTN	21	12	25
RPTOR	8991	6335	12226
RPUSD1	58	39	71
RPUSD2	131	100	166
RPUSD3	780	577	1038
RPUSD4	725	561	841
RRAD	66	22	32
RRAGA	289	232	423
RRAGAP1-AS1	102	63	134
RRAGB	1874	1498	2578
RRAGC	42	30	42
RRAGC-DT	2473	1841	3407
RRAGD	310	431	469
RRAS	135	72	156
RRAS2	3276	2540	3943
RRBP1	11542	7487	14223
RREB1	8997	6664	11337
RRH	126	101	151
RRM1	1662	1187	2152
RRM1-AS1	0	1	5
RRM2	3264	2346	4386
RRM2B	549	455	719
RRN3	1391	880	1738
RRN3P2	879	437	824
RRP1	691	493	833
RRP12	1655	1057	1817
RRP15	2215	1721	2898
RRP1B	1851	1300	2283
RRP36	699	536	876
RRP7A	1194	573	839
RRP8	848	643	1098
RRP9	253	174	310
RRS1	33	36	43
RS1	171	98	182
RSAD1	578	510	787
RSAD2	249	173	307
RSBN1	1663	1154	2005
RSBN1L	4957	3600	6674
RSF1	10073	6908	12857
RSKR	517	417	804
RSL1D1	1189	951	1469
RSL1D1-DT	1452	1071	2074
RSL24D1	602	427	694
RSPH1	103	101	176
RSPH10B	57	42	76
RSPH10B2	55	37	84
RSPH14	369	293	624
RSPH3	1229	863	1676
RSPH4A	120	72	132
RSPH6A	84	67	108
RSPH9	351	259	448
RSPO1	900	627	792
RSPO2	731	458	1189
RSPO3	2141	1544	3881
RSPO4	664	573	822
RSPRY1	2571	1921	3364
RSRC1	14133	9422	18100
RSRC2	6999	4820	9168
RSRP1	7172	5315	9619
RSU1	9284	5319	10876
RTBDN-AS1	39	28	42
RTCA	1674	1198	2064
RTCA-AS1	643	470	895
RTCB	1189	905	1467
RTEL1	306	203	373
RTEL1-TNFRSF6B	6	10	15
RTF1	2778	1911	3674
RTF2	1792	1300	2431
RTKN	1451	1036	1743
RTKN2	1536	1208	2253
RTL1	249	392	371
RTL3	26	9	15
RTL4	825	518	1071
RTL5	113	87	119
RTL6	123	100	141
RTL8A	65	51	73
RTL8B	51	46	43
RTL8C	375	314	393
RTL9	617	387	831
RTN1	1487	881	1733
RTN2	322	267	410
RTN3	4361	3015	5332
RTN4	12795	9064	13986
RTN4IP1	660	474	963
RTN4R	245	194	335
RTN4RL1	888	734	1001
RTN4RL1-AS1	11	10	15
RTN4RL1-AS2	35	41	55
RTN4RL2	174	134	262
RTP1	33	15	49
RTP2	11	7	12
RTP3	16	7	19
RTP4	21	10	7
RTP5	22	11	12
RTRAF	1211	888	1660
RTTN	5007	3366	7060
RUBCN	1584	1130	2169
RUBCNL	512	411	668
RUFY1	3560	2562	4838
RUFY1-AS1	86	60	96
RUFY2	7764	5265	9871
RUFY3	8425	5820	9901
RUFY4	354	233	504
RUNDC1	430	297	528
RUNDC3A	92	76	123
RUNDC3A-AS1	104	69	151
RUNDC3B	949	708	1302
RUNX1	6683	5091	9830
RUNX1-AS1	239	171	328
RUNX1-AS2	8	5	16
RUNX1T1	27772	19530	37406
RUNX2	2570	2138	4025
RUNX2-AS1	7	8	7
RUNX3	768	567	1272
RUNX3-AS1	11	3	9
RUSC1	828	517	845
RUSC1-AS1	217	177	301
RUSC2	3391	2420	3737
RUSF1	1265	923	1603
RUSF1-DT	42	41	52
RUVBL1	1251	907	1751
RUVBL1-AS1	20	13	19
RUVBL2	469	351	649
RWDD1	777	583	944
RWDD2A	237	169	286
RWDD2B	463	380	749
RWDD3-DT	451	337	675
RWDD4	513	350	583
RXFP1	1140	769	1431
RXFP1-AS1	41	35	73
RXFP2	200	92	248
RXFP3	9	9	21
RXFP4	13	10	32
RXRA	4672	3667	6384
RXRB	609	449	774
RXRG	670	550	1045
RXYLT1	756	514	1044
RXYLT1-AS1	65	32	96
RYBP	5969	4231	8837
RYK	6579	3614	7327
RYR1	2220	5961	2822
RYR2	5485	3646	7111
RYR3	3001	3443	3582
RYR3-AS1	5	4	3
RYR3-DT	73	56	122
S100A1	29	27	27
S100A10	1584	923	1771
S100A11	509	421	767
S100A12	4	2	6
S100A13	172	151	259
S100A14	138	115	172
S100A16	347	246	433
S100A2	130	110	171
S100A4	338	317	510
S100A5	24	16	36
S100A6	305	286	370
S100A7	10	10	16
S100A7A	23	17	15
S100A8	19	9	21
S100A9	84	48	95
S100B	219	118	302
S100G	14	7	22
S100P	95	57	139
S100PBP	3377	2446	4444
S100Z	331	231	359
S1PR1	443	319	528
S1PR1-DT	152	94	139
S1PR2	2	0	3
S1PR3	321	190	343
S1PR4	14	16	38
S1PR5	34	31	54
SAA1	31	20	32
SAA2-SAA4	7	7	26
SAA4	0	0	0
SAAL1	1306	911	1916
SAC3D1	74	71	108
SACK1A-AS2	6	4	5
SACM1L	4772	3375	6195
SACS	6454	5015	8277
SACS-AS1	35	29	41
SAE1	5082	3448	6152
SAFB	7825	5947	10447
SAFB2	3750	2766	4903
SAG	175	124	276
SAGE1	37	25	62
SALL1	63	41	72
SALL1-AS1	974	644	1214
SALL2	106	80	167
SALL3	52	31	72
SALL4	248	144	249
SALRNA1	38	13	33
SALRNA2	14	10	17
SAMD1	175	122	248
SAMD10	83	74	120
SAMD11	454	277	352
SAMD12	4733	3445	7551
SAMD12-AS1	960	597	1344
SAMD13	438	347	531
SAMD14	257	160	352
SAMD15	165	97	280
SAMD3	1585	1089	2403
SAMD4A	16462	9919	18882
SAMD4A-AS1	984	868	1175
SAMD4B	3927	2465	4938
SAMD5	8854	6321	12631
SAMD7	70	40	104
SAMD8	2924	2141	3468
SAMD9	385	233	478
SAMD9L	1450	764	1134
SAMHD1	1242	879	1345
SAMM50	1336	851	1594
SAMMSON	1868	1217	2462
SAMSN1	599	405	663
SAMSN1-AS1	42	30	58
SANBR	4612	3055	5855
SAP130	2653	1846	3231
SAP18	576	446	776
SAP30	228	175	344
SAP30-DT	187	112	224
SAP30BP	3659	2588	4632
SAP30BP-AS1	4	2	5
SAP30L	393	264	509
SAP30L-AS1	1459	964	1671
SAPCD1-AS1	5	9	12
SAPCD2	113	89	173
SAR1A	2541	1611	2792
SAR1B	1931	1394	2306
SARAF	1137	851	1474
SARDH	591	416	884
SARM1	590	376	727
SARNP	171	106	220
SARS1	2041	1611	2487
SARS2	35	25	64
SART1	1287	892	1685
SART3	2017	1431	2707
SASH1	22854	13235	28545
SASH3	188	122	237
SASS6	884	587	1105
SAT1	5052	3623	7458
SAT1-DT	52	33	82
SAT2	553	414	643
SATB1	9	4	11
SATB1-AS1	2416	1678	4291
SATB2	3834	2779	5624
SATB2-AS1	240	172	293
SATL1	441	299	608
SAV1	1500	997	1884
SAXO1	965	660	1349
SAXO2	517	353	659
SAXO3	13	5	31
SAYSD1	357	246	475
SBDS	562	396	536
SBF1	936	638	1177
SBF2	30393	18944	36151
SBF2-AS1	733	601	1197
SBK1	321	467	518
SBK2	28	20	36
SBK3	25	14	22
SBNO1	4339	2960	5587
SBNO1-AS1	86	65	180
SBNO2	1260	921	1680
SBSN	81	61	63
SBSPON	499	546	643
SC5D	507	380	662
SCAANT1	2	3	3
SCAF1	639	457	901
SCAF11	13413	9693	16910
SCAF4	4459	3171	5891
SCAF8	10843	7573	14202
SCAI	8129	5193	9807
SCAMP1	4268	2975	5217
SCAMP1-AS1	256	165	334
SCAMP2	762	628	1100
SCAMP3	617	444	766
SCAMP4	562	448	800
SCAMP5	653	522	838
SCAND1	125	118	220
SCAP	1736	1319	2179
SCAPER	13228	10315	18169
SCARA3	1811	889	1690
SCARA5	2189	1075	2040
SCARB1	2173	1600	2785
SCARB2	3108	2388	4034
SCARF1	513	324	606
SCARF2	950	557	1097
SCART1	393	273	466
SCAT1	84	52	86
SCAT2	98	80	125
SCAT8	55	31	76
SCCPDH	2981	2058	3732
SCD	919	970	1087
SCD-DT	166	154	205
SCD5	3637	2705	5542
SCDAL	61	49	130
SCEL	2727	3399	3833
SCEL-AS1	35	15	54
SCFD1	8812	6295	10909
SCFD2	13342	9231	16454
SCFD2-AS1	57	49	87
SCG2	12	17	28
SCG3	95	51	140
SCG3-AS1	4	9	8
SCG5-AS1	99	54	97
SCGB1A1	143	104	214
SCGB1B2P	10	11	12
SCGB1C1	2	5	1
SCGB1C2	0	0	0
SCGB1D1	6	4	9
SCGB1D2	0	3	10
SCGB1D4	8	2	19
SCGB2A1	6	5	9
SCGB2A2	150	101	132
SCGB2B2	2132	1334	2610
SCGB3A1	13	9	20
SCGB3A2	33	14	45
SCGN	151	105	222
SCHLAP1	1156	657	1312
SCIMP	77	56	108
SCIN	478	311	655
SCIRT	748	540	947
SCLT1	11358	7632	14896
SCMH1	14576	9333	15714
SCML1	1337	932	1749
SCML2	1820	1181	2274
SCML4	390	271	518
SCN10A	435	328	570
SCN11A	1546	912	1974
SCN1A	693	483	930
SCN1A-AS1	1620	1063	2062
SCN1B	120	82	121
SCN2A	596	397	791
SCN2B	95	75	163
SCN3A	561	408	609
SCN3B	390	350	317
SCN4A	305	471	355
SCN4B	207	163	301
SCN5A	578	384	798
SCN7A	1047	1248	1694
SCN8A	4023	2350	7473
SCN9A	2956	2022	4262
SCNM1	959	646	1314
SCNN1A	245	248	291
SCNN1B	540	362	690
SCNN1D	260	181	369
SCNN1G	212	167	336
SCO1	824	634	1167
SCO2	46	51	49
SCOC	794	576	1109
SCOC-AS1	617	383	858
SCP2	3317	2401	4329
SCP2D1	1	0	3
SCP2D1-AS1	43	38	64
SCPEP1	354	291	531
SCPPPQ1	4	6	9
SCRG1	195	147	278
SCRG1-AS1	273	222	454
SCRIB	763	584	1007
SCRN1	1914	1319	2285
SCRN2	389	299	490
SCRN3	979	790	1403
SCRT1	17	12	24
SCT	13	55	18
SCTR	266	166	300
SCTR-AS1	32	27	54
SCUBE1	699	533	1233
SCUBE1-AS1	24	14	49
SCUBE1-AS2	11	6	9
SCUBE2	1319	898	1828
SCUBE3	488	307	628
SCUBE3-AS1	128	98	144
SCX	41	28	43
SCYGR1	0	0	5
SCYGR2	0	2	6
SCYGR3	0	2	0
SCYGR4	2	5	2
SCYGR5	0	1	2
SCYGR6	0	3	0
SCYGR7	4	6	4
SCYGR8	1	1	5
SCYL1	814	595	993
SCYL2	3276	2161	4194
SCYL3	1515	1143	1944
SDAD1	2437	1676	3220
SDAD1-AS1	91	58	121
SDC1	716	669	1132
SDC2	6759	4872	10187
SDC3	895	568	1150
SDC4	260	190	357
SDCBP	2703	1515	3115
SDCBP2	64	56	79
SDCBP2-AS1	1246	897	1840
SDCCAG8	11366	8292	14913
SDE2	723	492	714
SDF2	446	316	487
SDF2L1	34	31	43
SDF4	598	489	839
SDHAF1	22	20	55
SDHAF3	966	696	1339
SDHAF4	1057	809	1418
SDHB	1460	1105	1689
SDHC	1235	895	1530
SDHD	0	5	8
SDK1	19757	12461	25320
SDK1-AS1	303	191	392
SDK2	2084	2140	3026
SDK2-AS1	26	9	29
SDR16C5	155	120	157
SDR39U1	773	603	983
SDR42E1	141	146	232
SDR42E2	202	139	273
SDR9C7	46	42	84
SDS	170	123	241
SDSL	54	38	75
SEBOX	3	0	6
SEC11A	2169	1567	2829
SEC11C	207	171	309
SEC13	1983	1427	2390
SEC14L1	3714	2523	4285
SEC14L2	183	187	264
SEC14L3	86	66	105
SEC14L4	85	73	106
SEC14L5	833	673	1178
SEC14L6	185	317	216
SEC16A	2594	1932	3138
SEC16B	56	21	42
SEC22A	4188	2740	5216
SEC22B	1363	975	1696
SEC22C	1507	999	1726
SEC23A	5904	4088	6773
SEC23A-AS1	24	12	29
SEC23B	1458	1050	1877
SEC23IP	1934	1479	2497
SEC24A	3121	2144	3653
SEC24B	6013	4002	7239
SEC24B-AS1	2128	1381	2755
SEC24C	1770	1210	2261
SEC24D	7806	4814	8586
SEC31A	13916	9050	16429
SEC31B	696	427	824
SEC61A1	2251	1514	2693
SEC61A2	1682	1090	2194
SEC61B	809	611	1045
SEC61G	503	424	670
SEC61G-DT	249	247	369
SEC62	3039	2133	3732
SEC62-AS1	17	13	17
SEC63	8124	5450	10625
SECISBP2	5643	4051	7629
SECISBP2L	4717	3283	6570
SECTM1	168	99	266
SEH1L	1381	918	1528
SEL1L	3067	2275	4007
SEL1L2	711	417	885
SEL1L3	1927	1178	2380
SELE	1926	461	814
SELENBP1	1216	830	1340
SELENOF	3142	2429	3922
SELENOI	2156	1574	2740
SELENOK	490	251	457
SELENOM	176	126	201
SELENON	326	204	439
SELENOO	2082	1426	2687
SELENOO-AS1	33	19	45
SELENOP	1541	1360	2272
SELENOS	1073	790	1257
SELENOT	908	688	1165
SELENOV	57	40	103
SELENOW	970	789	963
SELL	93	51	105
SELP	259	134	290
SELPLG	125	71	151
SEM1	4071	2943	5761
SEMA3A	21366	11244	22942
SEMA3B	795	700	1191
SEMA3B-AS1	7	4	12
SEMA3C	13386	8819	16009
SEMA3D	16876	9459	19380
SEMA3E	2580	2592	5200
SEMA3F	985	720	1494
SEMA3F-AS1	590	387	787
SEMA3G	313	242	400
SEMA4A	606	471	743
SEMA4B	673	562	1010
SEMA4C	557	390	729
SEMA4D	3972	2357	5845
SEMA4F	343	238	396
SEMA4G	227	174	299
SEMA5A	19124	13022	30028
SEMA5A-AS1	21	14	23
SEMA5A-AS2	214	140	287
SEMA5A-AS3	175	102	208
SEMA5B	5682	2895	6087
SEMA6A	11058	9010	17027
SEMA6A-AS1	1071	757	1446
SEMA6A-AS2	574	468	827
SEMA6B	500	364	688
SEMA6C	833	679	877
SEMA6D	9749	5954	11930
SEMA6D-AS1	167	99	201
SEMA7A	234	172	315
SEMG1	2	3	2
SEMG2	11	3	4
SENCR	53	32	88
SENP1	1847	1405	2600
SENP2	2527	1822	3061
SENP3	93	51	118
SENP3-EIF4A1	32	22	40
SENP5	8008	5526	10139
SENP6	16566	11324	20269
SENP7	15573	10251	19258
SENP8	374	276	497
SEPHS1	1318	930	1702
SEPHS2	37	39	90
SEPSECS	822	573	1127
SEPSECS-AS1	2	0	0
SEPTIN1	218	147	295
SEPTIN10	5505	3611	6866
SEPTIN11	17404	12763	24734
SEPTIN11-DT	858	779	1296
SEPTIN14	241	152	287
SEPTIN14P23	0	0	3
SEPTIN2	11073	6992	13238
SEPTIN3	230	152	332
SEPTIN4	684	467	904
SEPTIN4-AS1	447	319	709
SEPTIN5	220	156	291
SEPTIN6	1931	1306	2369
SEPTIN7	10968	7329	14029
SEPTIN7-DT	666	525	1008
SEPTIN8	1074	704	1187
SEPTIN9	13803	8849	18785
SEPTIN9-DT	92	79	155
SERAC1	1042	690	1359
SERBP1	2988	2589	3778
SERF1A	17	44	42
SERF1B	56	28	61
SERF2	3238	2239	3656
SERGEF	2224	1880	3151
SERHL2	218	113	221
SERINC1	1838	1312	2338
SERINC2	420	316	646
SERINC3	1391	1042	1911
SERINC4	7	9	12
SERINC5	7070	5744	10267
SERINC5-AS1	78	47	135
SERP1	1892	1401	2385
SERP2	460	373	641
SERPINA1	52	74	74
SERPINA10	32	15	27
SERPINA11	28	21	25
SERPINA12	64	69	90
SERPINA2	8	6	5
SERPINA5	60	47	106
SERPINA6	64	33	75
SERPINA7	22	16	18
SERPINA9	306	187	302
SERPINB1	298	217	335
SERPINB10	74	77	92
SERPINB11	274	180	360
SERPINB12	137	109	161
SERPINB13	487	300	677
SERPINB2	791	338	1266
SERPINB3	71	64	59
SERPINB4	36	24	54
SERPINB5	515	390	494
SERPINB6	1486	925	1581
SERPINB7	217	138	357
SERPINB8	215	107	289
SERPINB9	313	180	428
SERPINB9P1	146	97	191
SERPINC1	36	41	49
SERPIND1	31	38	51
SERPINE1	1579	408	858
SERPINE2	1328	791	1587
SERPINE3	118	52	149
SERPINF1	1212	781	1249
SERPINF2	94	85	125
SERPING1	592	475	850
SERPINH1	1481	939	1465
SERPINI1	905	576	1113
SERPINI2	154	112	206
SERTAD1	108	63	111
SERTAD2	2903	2063	3585
SERTAD2-AS1	48	39	67
SERTAD3	234	159	251
SERTAD3-AS1	24	7	15
SERTAD4	422	261	579
SERTAD4-AS1	64	63	100
SERTM1	51	23	67
SERTM2	19	10	36
SESN1	4250	3570	4947
SESN2	304	186	373
SESN3	7684	6082	10834
SESTD1	7403	4279	8048
SET	980	733	1357
SETBP1	21960	15905	27248
SETBP1-DT	23	17	41
SETD1A	864	611	1038
SETD1B	878	641	1044
SETD2	13674	9396	17237
SETD3	5312	3942	6761
SETD4	2054	1396	2596
SETD4-AS1	14	15	28
SETD5	13637	9434	17387
SETD6	471	333	601
SETD7	2454	1950	2953
SETD9	173	123	218
SETDB1	2955	2227	4049
SETDB2	2570	1717	3168
SETMAR	748	641	994
SETSIP	5	4	5
SETX	11807	7945	15050
SEZ6	218	174	284
SEZ6L	997	750	1362
SEZ6L-AS1	23	23	31
SEZ6L2	342	231	388
SF1	6488	4163	7568
SF1-DT	115	78	142
SF3A1	974	674	1291
SF3A2	801	596	1077
SF3A3	1917	1360	2453
SF3B1	22347	14799	28080
SF3B2	2161	1375	2537
SF3B3	3623	2748	4998
SF3B4	515	343	676
SF3B5	70	60	107
SF3B6	419	290	524
SFI1	1940	1357	2652
SFMBT1	1054	768	1413
SFMBT2	5624	3733	6803
SFN	172	193	250
SFPQ	14646	9431	18904
SFR1	155	147	231
SFRP1	337	330	402
SFRP2	424	375	641
SFRP4	665	407	639
SFRP5	16	13	30
SFSPAT	24	13	22
SFSWAP	6971	4687	8987
SFSWAP-AS1	7	7	8
SFT2D1	1756	1305	2276
SFT2D2	1786	1222	2313
SFT2D3	110	78	151
SFTA1P	57	41	55
SFTA2	98	73	157
SFTA3	11	7	14
SFTPA1	12	10	27
SFTPA2	21	13	23
SFTPB	74	42	119
SFTPC	52	47	56
SFTPD	201	111	245
SFTPD-AS1	23	21	34
SFXN1	4104	2739	5453
SFXN2	1365	920	1918
SFXN3	1096	654	1271
SFXN4	910	651	1236
SFXN5	2207	1754	2973
SGCA	165	293	227
SGCB	1378	1255	1811
SGCD	33716	24142	41088
SGCE	4623	3239	5806
SGCG	2778	2399	2180
SGCZ	4875	2699	4931
SGF29	1006	671	1114
SGIP1	1480	991	1579
SGK1	1572	1027	1802
SGK2	126	74	142
SGK3	63	62	88
SGMS1	10886	7992	12594
SGMS1-AS1	186	161	301
SGMS2	1141	814	1200
SGO1	984	795	1502
SGO1-AS1	11528	6848	14721
SGO2	1964	1245	2839
SGPL1	19	14	14
SGPP1	1610	1062	1989
SGPP2	963	788	1446
SGSH	302	193	356
SGSM1	1317	979	2137
SGSM2	2009	1313	2568
SGSM2-AS1	38	21	55
SGSM3	44	32	45
SGSM3-AS1	67	56	121
SGTA	1116	911	1472
SGTB	1115	769	1274
SH2B1	1674	1246	2220
SH2B2	570	432	722
SH2B3	1429	877	1696
SH2D1B	38	31	64
SH2D2A	75	33	86
SH2D3A	282	233	442
SH2D3C	2139	1309	2532
SH2D4A	1278	830	1902
SH2D4B	468	214	550
SH2D5	116	73	177
SH2D6	84	75	122
SH2D7	119	82	168
SH3BGRL	5009	3328	6571
SH3BGRL2	1381	933	1700
SH3BGRL3	174	122	225
SH3BP1	56	29	65
SH3BP2	1694	1218	2196
SH3BP4	2669	1678	3710
SH3BP5	4736	2902	5480
SH3BP5-AS1	498	371	772
SH3BP5L	368	294	496
SH3D19	17798	10581	22330
SH3D19-AS1	4	1	7
SH3D21	2007	1844	2642
SH3GL1	1650	1212	2074
SH3GL1-AS1	11	3	14
SH3GL2	805	513	1008
SH3GL3	4456	2290	5225
SH3GLB1	3830	2873	4320
SH3GLB2	504	384	714
SH3KBP1	7543	4988	8924
SH3PXD2A	11796	8166	14195
SH3PXD2A-AS1	60	59	79
SH3PXD2B	10109	6788	10850
SH3RF1	10158	7581	13577
SH3RF1-AS1	145	102	186
SH3RF2	1316	1245	2063
SH3RF3	9403	5876	12435
SH3RF3-AS1	21	6	19
SH3TC1	742	460	906
SH3TC2	1359	974	2231
SH3TC2-DT	762	533	1356
SH3YL1	3926	2453	4485
SHANK1	803	672	1239
SHANK2	5939	5197	9678
SHANK2-AS1	28	16	60
SHANK2-AS2	0	0	5
SHANK2-AS3	8	6	2
SHANK3	3773	2215	4846
SHARPIN	451	359	625
SHB	30	33	34
SHBG	145	115	190
SHC1	842	515	921
SHC2	1808	1042	2018
SHC3	1181	787	1321
SHC4	1301	759	1956
SHCBP1	729	507	1012
SHCBP1L	244	181	316
SHD	34	61	54
SHE	810	503	885
SHF	800	540	984
SHFL	906	628	1088
SHH	445	214	797
SHISA2	68	100	76
SHISA3	54	41	88
SHISA4	42	32	50
SHISA5	690	466	807
SHISA6	6809	3501	7590
SHISA7	100	61	172
SHISA8	13	7	36
SHISA9	1074	760	1567
SHISAL1	317	291	381
SHISAL2A	274	243	311
SHISAL2B	62	36	89
SHKBP1	497	326	688
SHLD1	1894	1456	2582
SHLD2	6356	4439	7361
SHMT1	1321	845	1512
SHMT2	229	156	255
SHOC1	379	311	523
SHOC2	6260	4276	7524
SHOX2	2254	1324	2786
SHPRH	8269	5663	10826
SHQ1	3326	2227	4083
SHROOM1	233	128	281
SHROOM2	1431	941	1958
SHROOM3	3913	2734	5420
SHROOM3-AS1	929	664	1607
SHROOM4	4874	2967	6945
SHTN1	5586	3987	7962
SI	326	233	438
SIAE	483	378	668
SIAH1	2181	1314	2552
SIAH2	491	320	573
SIAH2-AS1	498	297	591
SIAH3	402	277	590
SIDT1	539	356	665
SIDT1-AS1	4	4	6
SIDT2	464	349	566
SIGIRR	210	141	220
SIGLEC1	453	320	543
SIGLEC10	41	15	46
SIGLEC10-AS1	11	7	21
SIGLEC10-AS2	3	2	9
SIGLEC11	10	10	10
SIGLEC12	21	10	28
SIGLEC15	93	52	117
SIGLEC16	23	12	33
SIGLEC5	54	26	69
SIGLEC5.1	20	9	28
SIGLEC6	74	47	214
SIGLEC7	22	17	27
SIGLEC8	13	7	15
SIGLEC9	50	21	70
SIGLECL1	56	31	83
SIGMAR1	138	100	161
SIK1	0	5	0
SIK2	8628	5423	9092
SIK3	19146	12932	24028
SIKE1	820	675	966
SIL1	9012	6843	12067
SIL1-AS1	133	102	177
SILC1	213	114	287
SIM1	893	534	1329
SIM1-AS1	61	40	99
SIM2	313	182	589
SIMC1	3865	2409	4754
SIN3A	3105	2231	3938
SIN3B	2903	2001	3632
SINHCAF	1976	1337	2423
SIPA1	408	269	491
SIPA1L1	14656	12158	18229
SIPA1L1-AS1	445	359	628
SIPA1L2	12209	7201	13071
SIPA1L3	7872	5858	10356
SIRLNT	155	108	175
SIRPA	992	742	1220
SIRPB2	100	57	136
SIRPD	84	62	125
SIRPG	66	58	93
SIRPG-AS1	25	12	30
SIRT1	1533	1156	1959
SIRT2	1216	1012	1512
SIRT3	519	386	659
SIRT4	242	137	286
SIRT5	1450	1160	2034
SIRT6	351	274	492
SIRT7	309	249	412
SIT1	21	15	18
SIVA1	544	419	656
SIX1	308	322	341
SIX2	45	22	44
SIX3	37	27	57
SIX3-AS1	7	1	8
SIX4	196	192	203
SIX5	479	316	533
SIX6	22	15	25
SKA1	256	209	394
SKA2	2341	1634	3476
SKA3	585	396	898
SKAP1	960	664	1198
SKAP1-AS1	56	35	76
SKAP1-AS2	24	10	29
SKAP2	3793	3084	5934
SKI	7759	4797	9238
SKIDA1	256	176	348
SKIL	2138	1631	2482
SKIV2L	672	508	831
SKOR1	87	72	147
SKOR1-AS1	67	33	81
SKOR2	93	82	161
SKP1	514	383	639
SKP2	1686	1345	2386
SLA	525	369	724
SLA2	364	248	438
SLAIN1	387	374	516
SLAIN2	5619	4082	6734
SLAMF1	115	82	181
SLAMF6	105	83	154
SLAMF7	39	33	67
SLAMF8	28	20	33
SLAMF9	11	5	13
SLBP	1214	931	1644
SLC10A1	109	91	166
SLC10A2	77	41	87
SLC10A3	29	24	37
SLC10A4	58	44	62
SLC10A5	25	18	27
SLC10A6	107	101	151
SLC10A7	6501	4599	8093
SLC11A1	118	102	173
SLC11A2	1617	1308	2175
SLC12A1	223	158	304
SLC12A2	3555	2465	4350
SLC12A2-DT	4756	3175	6123
SLC12A3	169	122	244
SLC12A4	1730	1105	2138
SLC12A5	132	78	190
SLC12A5-AS1	43	30	49
SLC12A6	2253	1643	3075
SLC12A7	1053	693	1464
SLC12A8	1110	778	1439
SLC12A9	1569	1053	2052
SLC12A9-AS1	265	189	287
SLC13A1	329	193	433
SLC13A2	66	51	123
SLC13A3	1874	1231	2690
SLC13A4	296	192	470
SLC13A5	100	48	106
SLC14A1	266	161	330
SLC14A2	1586	1075	2086
SLC14A2-AS1	209	133	258
SLC15A1	392	542	581
SLC15A2	661	881	941
SLC15A3	194	118	292
SLC15A4	1355	950	1675
SLC15A5	257	155	348
SLC16A1	781	502	935
SLC16A1-AS1	6045	4397	7629
SLC16A10	1481	1691	2953
SLC16A11	21	15	41
SLC16A12	1792	964	2089
SLC16A12-AS1	111	37	62
SLC16A13	77	60	125
SLC16A14	633	485	805
SLC16A2	2978	2131	3760
SLC16A3	453	310	563
SLC16A4	300	235	517
SLC16A5	495	369	746
SLC16A6	133	123	180
SLC16A7	6039	3882	7011
SLC16A8	53	27	62
SLC16A9	715	570	953
SLC17A1	141	116	166
SLC17A2	40	20	41
SLC17A3	200	103	255
SLC17A4	62	43	91
SLC17A5	1201	919	1476
SLC17A6	115	58	126
SLC17A6-DT	169	132	263
SLC17A7	125	87	159
SLC17A8	241	158	280
SLC17A9	352	291	447
SLC18A1	77	54	119
SLC18A2	309	186	401
SLC18A2-AS1	16	17	23
SLC18B1	1300	887	1661
SLC19A1	1114	763	1492
SLC19A2	765	512	999
SLC19A3	294	248	528
SLC1A1	982	494	1337
SLC1A2	1215	928	1424
SLC1A2-AS1	8	5	9
SLC1A2-AS2	22	15	25
SLC1A3	11974	5793	11211
SLC1A3-AS1	416	226	511
SLC1A4	540	406	688
SLC1A5	327	229	372
SLC1A6	443	410	601
SLC1A7	339	213	421
SLC20A1	1292	856	1665
SLC20A1-DT	35	20	23
SLC20A2	4821	4047	6924
SLC22A1	359	262	570
SLC22A10	90	69	190
SLC22A11	90	91	266
SLC22A12	32	35	49
SLC22A13	145	98	185
SLC22A14	164	104	232
SLC22A15	1053	746	1335
SLC22A16	329	258	284
SLC22A17	339	232	443
SLC22A18	282	216	387
SLC22A18AS	151	96	195
SLC22A2	311	246	473
SLC22A23	4658	3324	5981
SLC22A24	194	121	222
SLC22A25	203	197	310
SLC22A3	4195	2915	3952
SLC22A31	21	28	52
SLC22A4	545	432	683
SLC22A5	856	580	999
SLC22A6	225	180	312
SLC22A7	32	38	42
SLC22A8	72	54	97
SLC22A9	127	106	170
SLC23A1	73	64	94
SLC23A2	4597	2900	5527
SLC24A1	689	405	846
SLC24A2	2257	1758	2501
SLC24A3	21017	13980	27856
SLC24A3-AS1	192	136	254
SLC24A3-AS2	12	7	20
SLC24A4	751	506	944
SLC24A5	162	100	286
SLC25A1	139	101	182
SLC25A10	22	16	29
SLC25A11	531	374	719
SLC25A12	4255	3135	5837
SLC25A13	4696	3250	5984
SLC25A14	625	411	914
SLC25A15	289	204	332
SLC25A16	2207	1559	2797
SLC25A17	2704	1780	3344
SLC25A18	92	87	113
SLC25A19	288	247	339
SLC25A20	396	347	552
SLC25A21	2922	2012	3540
SLC25A21-AS1	48	30	53
SLC25A21-AS2	74	58	115
SLC25A22	275	168	325
SLC25A23	546	428	731
SLC25A24	4926	3170	6342
SLC25A25	1477	934	1656
SLC25A25-AS1	217	161	318
SLC25A26	3825	2710	4811
SLC25A27	1102	897	1511
SLC25A28	767	565	976
SLC25A28-DT	13	12	22
SLC25A29	1280	918	1816
SLC25A29-AS1	53	21	39
SLC25A3	996	816	1305
SLC25A30	575	417	698
SLC25A30-AS1	38	41	60
SLC25A31	173	118	260
SLC25A32	6	4	5
SLC25A33	1161	767	1358
SLC25A34	99	93	153
SLC25A34-AS1	62	50	81
SLC25A35	146	118	165
SLC25A36	5708	4021	7120
SLC25A37	3119	2458	3834
SLC25A38	359	241	442
SLC25A39	261	288	408
SLC25A4	130	151	155
SLC25A40	1601	1285	2404
SLC25A41	56	74	82
SLC25A42	1281	998	1727
SLC25A43	2380	1754	2643
SLC25A44	468	371	574
SLC25A45	344	263	431
SLC25A46	2045	1429	2543
SLC25A47	23	18	27
SLC25A48	5913	3638	11015
SLC25A48-AS1	33	16	50
SLC25A5	112	82	149
SLC25A5-AS1	65	55	82
SLC25A52	7	5	10
SLC25A53	1133	764	1446
SLC26A1	56	39	70
SLC26A11	972	662	1156
SLC26A2	630	437	853
SLC26A3	8244	6209	9440
SLC26A4	256	156	312
SLC26A4-AS1	36	22	46
SLC26A5	505	287	596
SLC26A5-AS1	285	205	330
SLC26A6	300	191	412
SLC26A7	8411	4503	13679
SLC26A8	257	194	406
SLC26A9	156	99	193
SLC27A1	2761	1848	3330
SLC27A2	292	234	493
SLC27A3	652	391	649
SLC27A4	516	450	694
SLC27A5	402	327	559
SLC27A6	2638	2183	4315
SLC28A1	270	179	344
SLC28A2	62	40	93
SLC28A2-AS1	220	302	277
SLC28A3	278	243	426
SLC28A3-AS1	124	76	173
SLC29A1	337	343	511
SLC29A2	107	171	171
SLC29A3	490	368	620
SLC29A4	419	288	592
SLC2A1	687	501	1171
SLC2A1-DT	274	277	503
SLC2A10	1132	888	1273
SLC2A11	104	60	141
SLC2A12	363	259	481
SLC2A13	7253	4514	9068
SLC2A14	2050	1947	2826
SLC2A2	77	80	111
SLC2A3	3334	1140	2181
SLC2A4	55	69	63
SLC2A4RG	501	406	645
SLC2A5	198	174	259
SLC2A6	104	79	140
SLC2A7	174	131	217
SLC2A8	200	129	264
SLC2A9	2123	1510	2951
SLC2A9-AS1	36	21	40
SLC2A9-AS2	3	2	3
SLC30A1	178	200	195
SLC30A10	2508	1835	3125
SLC30A2	53	38	85
SLC30A3	166	115	237
SLC30A4	629	457	691
SLC30A4-AS1	207	150	345
SLC30A5	2582	1762	3102
SLC30A6	2691	1891	3400
SLC30A6-DT	23	13	33
SLC30A7	3375	2192	4156
SLC30A8	870	637	1119
SLC30A9	5522	3893	6996
SLC31A1	970	788	1206
SLC31A2	184	174	204
SLC32A1	28	22	39
SLC34A1	106	77	158
SLC34A2	159	108	222
SLC34A3	46	38	78
SLC35A1	91	75	113
SLC35A2	123	123	150
SLC35A3	18	19	37
SLC35A4	128	119	179
SLC35A5	794	532	1036
SLC35B1	348	288	552
SLC35B2	128	72	192
SLC35B3	2403	1858	2965
SLC35B4	768	596	969
SLC35C1	169	106	212
SLC35C2	1542	954	1885
SLC35D1	2493	1760	3078
SLC35D2	585	418	728
SLC35D3	11	10	10
SLC35E2B	2496	1724	3316
SLC35E3	1931	1440	2300
SLC35E4	442	342	553
SLC35F1	4778	3069	8554
SLC35F2	1047	747	1343
SLC35F3	1630	1230	2068
SLC35F3-AS1	7	8	19
SLC35F4	1341	858	1678
SLC35F4-AS1	155	137	233
SLC35F5	4688	3516	5795
SLC35G1	989	719	1414
SLC35G2	975	578	876
SLC35G3	137	107	172
SLC35G4	3	0	4
SLC35G5	15	14	22
SLC35G6	33	30	53
SLC36A1	713	516	943
SLC36A2	84	53	124
SLC36A3	116	61	142
SLC36A4	2381	1612	3229
SLC37A1	998	633	1251
SLC37A2	149	110	175
SLC37A3	3354	2147	3955
SLC37A4	119	115	190
SLC38A1	3533	3016	5163
SLC38A10	1816	1429	2675
SLC38A11	343	231	426
SLC38A2	6744	4250	7321
SLC38A2-AS1	57	23	54
SLC38A3	78	96	126
SLC38A4	765	522	833
SLC38A4-AS1	8478	6147	10166
SLC38A5	153	128	255
SLC38A6	4235	3281	5150
SLC38A7	593	362	825
SLC38A8	194	104	230
SLC38A9	4455	3233	6103
SLC39A1	21	7	22
SLC39A10	4350	3934	5611
SLC39A11	8565	6849	13328
SLC39A12	270	197	350
SLC39A12-AS1	26	25	41
SLC39A13	428	283	522
SLC39A13-AS1	156	106	179
SLC39A14	1092	770	1153
SLC39A2	6	7	15
SLC39A4	92	87	159
SLC39A5	77	66	109
SLC39A6	642	507	793
SLC39A7	690	436	832
SLC39A8	1177	845	1814
SLC39A9	2335	1573	2958
SLC3A1	6	2	2
SLC3A2	1385	948	1739
SLC40A1	1268	1051	2011
SLC41A1	725	440	769
SLC41A2	1819	1040	1738
SLC41A3	934	653	1205
SLC41A3-AS1	102	49	77
SLC43A1	451	362	475
SLC43A2	900	702	1469
SLC43A3	139	90	173
SLC44A1	3361	2455	4061
SLC44A2	2426	1871	3125
SLC44A3	753	592	1066
SLC44A4	94	52	144
SLC44A5	2086	1344	2753
SLC45A1	175	131	224
SLC45A2	167	112	249
SLC45A3	270	165	324
SLC45A4	1523	981	1941
SLC45A4-AS1	12	8	18
SLC45A4-AS2	82	48	88
SLC46A1	145	113	210
SLC46A2	40	45	76
SLC46A2-AS1	5	5	10
SLC46A3	161	84	198
SLC47A1	302	226	391
SLC47A2	164	117	266
SLC48A1	595	387	775
SLC49A3	108	78	120
SLC49A4	2063	1443	2768
SLC4A1	162	202	203
SLC4A10	1689	1079	2090
SLC4A11	77	58	119
SLC4A1AP	1152	848	1511
SLC4A2	681	469	807
SLC4A3	291	204	400
SLC4A4	5278	3315	8571
SLC4A7	4712	2880	6185
SLC4A8	540	352	792
SLC4A8-AS1	6	8	16
SLC4A9	110	47	133
SLC50A1	230	154	267
SLC51A	143	112	224
SLC51B	58	53	88
SLC52A1	146	108	199
SLC52A2	146	115	191
SLC52A3	50	54	106
SLC5A1	159	165	221
SLC5A10	348	272	529
SLC5A11	238	163	424
SLC5A12	177	102	209
SLC5A2	72	60	107
SLC5A4	348	146	586
SLC5A4-AS1	389	229	489
SLC5A5	54	40	86
SLC5A6	390	278	594
SLC5A7	72	60	96
SLC5A8	305	240	383
SLC5A9	113	89	139
SLC66A1	258	206	239
SLC66A2	1837	1276	2170
SLC66A3	654	454	865
SLC6A1	457	316	649
SLC6A1-AS1	48	47	77
SLC6A11	558	340	693
SLC6A12	92	85	146
SLC6A12-AS1	2	0	5
SLC6A13	97	104	149
SLC6A14	69	58	92
SLC6A15	374	253	565
SLC6A16	571	359	638
SLC6A17	358	253	529
SLC6A17-AS1	26	25	34
SLC6A18	60	36	74
SLC6A19	84	54	110
SLC6A2	1072	472	814
SLC6A20	132	80	153
SLC6A3	175	91	237
SLC6A4	704	471	1226
SLC6A5	203	133	318
SLC6A6	1190	1361	1453
SLC6A7	212	151	245
SLC6A8	124	122	173
SLC6A9	699	488	864
SLC71A1-AS1	127	110	176
SLC7A1	2684	2031	3743
SLC7A10	687	391	626
SLC7A10-AS1	15	20	23
SLC7A11	648	331	773
SLC7A11-AS1	397	270	529
SLC7A13	337	256	421
SLC7A14	501	260	670
SLC7A14-AS1	3	1	8
SLC7A2	2748	1978	4288
SLC7A3	25	13	15
SLC7A4	18	14	34
SLC7A5	412	322	519
SLC7A5-AS1	3	5	4
SLC7A6	1506	1075	1792
SLC7A6OS	1037	870	1443
SLC7A7	377	312	504
SLC7A8	1232	1021	1853
SLC7A9	225	180	326
SLC8A1	12675	7899	12697
SLC8A1-AS1	1474	1031	1925
SLC8A2	197	142	270
SLC8A3	1536	1181	2917
SLC8B1	1272	944	1636
SLC9A1	953	740	1332
SLC9A2	568	473	881
SLC9A3	215	141	293
SLC9A3-AS1	408	231	668
SLC9A3-AS2	3	5	10
SLC9A3R1	275	214	385
SLC9A3R1-AS1	22	7	26
SLC9A3R2	558	344	866
SLC9A4	199	137	702
SLC9A5	342	250	410
SLC9A6	1168	848	1580
SLC9A7	604	510	831
SLC9A8	1964	1430	2678
SLC9A9	17318	11345	21026
SLC9A9-AS1	40	23	52
SLC9A9-AS2	8	5	5
SLC9B1	1675	1189	2232
SLC9B2	1326	890	1502
SLC9C1	877	560	959
SLC9C2	329	223	431
SLCO1A2	400	273	524
SLCO1B1	271	217	354
SLCO1B3	9	11	9
SLCO1B3-SLCO1B7	515	327	629
SLCO1C1	244	179	334
SLCO2A1	1803	1358	3191
SLCO2B1	1134	830	1368
SLCO3A1	8182	5528	10647
SLCO4A1	233	182	319
SLCO4A1-AS1	35	31	47
SLCO4A1-AS2	7	6	9
SLCO4C1	277	238	312
SLCO5A1	761	803	1103
SLCO5A1-AS1	113	96	137
SLCO6A1	372	249	505
SLCO6A1-DT	17	5	17
SLF1	3585	2454	5052
SLF2	6290	5059	8691
SLFN11	1493	611	1184
SLFN12	669	504	919
SLFN12L	301	163	321
SLFN13	303	174	390
SLFN14	34	48	59
SLFN5	603	398	701
SLFNL1	75	57	118
SLFNL1-AS1	539	371	657
SLIRP	1709	1358	2372
SLIT1	859	594	1182
SLIT1-AS1	3	2	3
SLIT2	35342	20372	46000
SLIT3	60982	37839	69659
SLIT3-AS1	166	104	198
SLIT3-AS2	105	65	96
SLITRK1	91	65	175
SLITRK2	276	209	469
SLITRK3	68	26	80
SLITRK4	63	46	59
SLITRK5	281	268	369
SLITRK6	543	436	979
SLK	3337	2368	4361
SLMAP	7382	5251	9103
SLN	253	644	301
SLPI	15	14	18
SLTM	10105	7125	12605
SLU7	986	695	1277
SLURP1	4	8	13
SLURP2-AS1	12	11	12
SLX1B	0	0	0
SLX1B-SULT1A4	0	5	3
SLX4	797	526	1057
SLX4IP	4609	3222	6610
SLX9	696	525	877
SMAD1	5996	4249	7137
SMAD1-AS1	17	13	20
SMAD1-AS2	27	14	42
SMAD2	8902	6455	11916
SMAD3	9547	5919	11500
SMAD3-AS1	26	26	27
SMAD3-DT	609	451	628
SMAD4	1644	1140	2062
SMAD5	4985	3493	6589
SMAD5-AS1	84	60	85
SMAD6	6436	4013	7051
SMAD7	971	639	969
SMAD9	2315	1646	2099
SMAGP	604	461	854
SMANTIS	63	66	98
SMAP1	4582	3258	5417
SMAP2	1505	976	1842
SMARCA1	8920	5659	10771
SMARCA2	12329	8916	15627
SMARCA2-AS1	47	34	61
SMARCA4	5782	4251	7961
SMARCA5	4675	3169	5822
SMARCA5-AS1	35	18	50
SMARCAD1	6705	4862	9371
SMARCAD1-DT	320	232	455
SMARCAL1	2174	1488	2718
SMARCAL1-AS1	116	71	135
SMARCB1	2883	1854	3968
SMARCC1	11389	7931	14161
SMARCD1	1311	947	1733
SMARCD2	824	584	916
SMARCD3	2136	1663	2629
SMARCE1	30	22	41
SMC1A	3146	2144	4262
SMC1B	271	178	361
SMC2	1458	1050	1999
SMC2-DT	77	47	69
SMC3	2795	2066	3957
SMC4	4430	2978	5695
SMC5	12254	8886	15692
SMC5-DT	1837	1229	2610
SMC6	4527	3395	5677
SMCHD1	14490	10162	18953
SMCO1	22	33	47
SMCO2	199	131	266
SMCO3	18	18	39
SMCO4	1342	936	1583
SMCP	20	19	34
SMCR2	22	14	25
SMCR5	34	18	42
SMCR8	301	270	436
SMDT1	254	205	336
SMG1	8383	6134	11117
SMG1-DT	98	61	109
SMG5	2585	1894	3332
SMG6	11348	8071	14326
SMG6-AS1	116	62	121
SMG7	5927	4282	7608
SMG7-AS1	115	83	180
SMG9	1087	743	1469
SMILR	113	80	157
SMIM1	35	29	39
SMIM10	21	28	25
SMIM10L1	374	373	584
SMIM10L2A	36	34	49
SMIM10L2B	29	20	45
SMIM10L2B-AS1	132	97	183
SMIM11	6	1	7
SMIM12	1283	973	1615
SMIM13	1107	791	1442
SMIM14	2763	2054	3545
SMIM14-DT	178	168	292
SMIM15	230	235	369
SMIM15-AS1	607	448	793
SMIM18	30	33	49
SMIM19	474	391	687
SMIM2	11	5	13
SMIM2-AS1	476	368	642
SMIM20	849	584	1066
SMIM21	45	29	45
SMIM22	18	23	32
SMIM23	34	29	49
SMIM24	25	21	37
SMIM26	4	5	2
SMIM27	150	155	223
SMIM28	36	31	34
SMIM29	63	43	99
SMIM29-AS1	401	288	499
SMIM3	254	196	259
SMIM30	114	114	171
SMIM31	303	192	403
SMIM32	16	14	17
SMIM33	13	9	25
SMIM35	271	218	376
SMIM36	243	149	330
SMIM4	874	690	1159
SMIM41	211	177	285
SMIM41-AS1	47	45	52
SMIM42	0	2	4
SMIM43	25	27	46
SMIM44	0	6	7
SMIM45	41	25	51
SMIM47	132	87	158
SMIM5	151	125	204
SMIM6	9	6	12
SMIM7	7	2	10
SMIM8	4586	2702	4490
SMIM9	25	17	36
SMKR1	36	26	23
SMLR1	36	20	50
SMN1	195	150	232
SMN2	264	159	258
SMNDC1	892	642	1114
SMO	1865	1283	2444
SMOC1	3692	1932	5326
SMOC2	7700	4986	12503
SMOX	743	449	887
SMPD1	116	71	126
SMPD2	206	122	266
SMPD3	433	268	522
SMPD4	1536	1062	2049
SMPDL3A	489	373	755
SMPDL3B	110	78	135
SMPX	459	502	609
SMR3A	33	9	38
SMR3B	47	44	85
SMS	2036	1426	2606
SMTN	4136	2717	5013
SMTNL1	143	265	151
SMTNL2	175	342	275
SMU1	2259	1662	2772
SMUG1	1454	1046	2245
SMURF1	6230	4295	7664
SMURF2	9613	5620	10477
SMYD1	346	825	412
SMYD2	3088	2049	4238
SMYD3	28634	18878	35988
SMYD3-AS1	12	14	24
SMYD4	1835	1416	2725
SMYD5	486	360	594
SNAI1	83	51	100
SNAI2	848	734	1105
SNAI3	126	129	167
SNAI3-AS1	603	471	929
SNAP23	3135	2217	3930
SNAP25	1566	920	2799
SNAP25-AS1	1128	876	1547
SNAP29	863	697	1156
SNAP47	925	650	1163
SNAP47-AS1	25	19	37
SNAP91	1248	915	1345
SNAPC1	494	326	679
SNAPC2	57	49	89
SNAPC3	5791	4296	7573
SNAPC4	1297	885	1590
SNAPC5	188	140	246
SNAPIN	146	123	209
SNCA	2458	1749	3617
SNCA-AS1	35	22	48
SNCAIP	6294	3529	7478
SNCAIP-AS1	82	46	86
SNCAIP-AS2	15	10	16
SNCAIP-AS4	2	0	11
SNCB	48	35	57
SNCG	84	52	110
SND1	14231	9253	17447
SND1-DT	43	36	95
SNED1	3038	2083	3293
SNED1-AS1	381	261	610
SNF8	765	504	935
SNHG1	3950	2538	5342
SNHG10	506	393	667
SNHG11	137	103	157
SNHG12	944	581	1166
SNHG14	12474	9882	17187
SNHG15	376	261	466
SNHG16	1048	977	1589
SNHG17	551	423	594
SNHG18	675	529	982
SNHG19	165	135	216
SNHG20	45	26	54
SNHG21	166	114	215
SNHG22	2821	1873	2869
SNHG25	948	884	1073
SNHG26	421	249	365
SNHG27	119	55	210
SNHG29	1780	1466	2520
SNHG30	420	372	610
SNHG31	2082	1140	2909
SNHG32	0	6	16
SNHG35	6	1	7
SNHG5	7	7	7
SNHG6	1010	571	1199
SNHG7	356	277	422
SNHG8	331	258	398
SNHG9	268	248	326
SNIP1	513	273	600
SNN	108	71	146
SNORC	197	125	268
SNPH	116	79	149
SNRK	5705	3498	7686
SNRK-AS1	155	106	208
SNRNP200	3137	2186	4181
SNRNP25	301	222	353
SNRNP27	1416	1092	1890
SNRNP35	958	763	1216
SNRNP40	1440	1069	1939
SNRNP48	1907	1517	2527
SNRNP70	10674	8623	14216
SNRPA	757	531	1011
SNRPA1	731	505	1017
SNRPA1-DT	119	68	162
SNRPB	422	259	482
SNRPB2	488	333	620
SNRPC	841	616	978
SNRPD1	848	660	1030
SNRPD2	392	295	449
SNRPD3	3	1	0
SNRPE	521	368	712
SNRPF	605	426	825
SNRPF-DT	288	189	343
SNRPG	600	414	786
SNRPN	492	292	654
SNTA1	392	349	426
SNTB1	5579	4176	6823
SNTB1-AS1	4	1	4
SNTB1-AS2	72	58	97
SNTB2	5041	2929	5069
SNTG1	2771	1980	3504
SNTG2	6764	4164	6916
SNTG2-AS1	55	40	50
SNTN	95	60	109
SNU13	729	506	906
SNUPN	1721	1168	2262
SNW1	3178	2297	4123
SNX1	5863	4189	7158
SNX10	620	419	872
SNX10-AS1	43	27	60
SNX11	367	285	534
SNX12	259	218	352
SNX13	7190	5040	9464
SNX16	1393	968	1803
SNX17	450	387	571
SNX18	1169	764	1393
SNX19	2098	1519	2747
SNX2	3230	2370	4501
SNX20	58	36	76
SNX21	899	805	940
SNX22	81	72	136
SNX24	4156	3062	5747
SNX25	3741	2353	4630
SNX27	2165	1628	2828
SNX29	9856	6734	12879
SNX29-AS1	25	21	35
SNX29-AS2	19	5	16
SNX29-AS3	285	215	394
SNX3	2051	1503	2352
SNX30	2244	1579	2461
SNX30-DT	6	4	22
SNX31	667	480	861
SNX32	967	639	1265
SNX33	532	354	676
SNX4	4890	3200	5930
SNX5	1962	1386	2558
SNX6	5594	3918	7222
SNX7	2290	1598	2867
SNX8	3849	2568	4336
SNX9	7085	4533	8332
SNX9-AS1	29	26	40
SOAT1	1863	1633	2076
SOAT2	94	60	104
SOBP	5625	3667	5968
SOCS1	24	22	33
SOCS2	368	226	499
SOCS2-AS1	736	537	966
SOCS3	356	87	149
SOCS3-DT	128	79	186
SOCS4	1092	823	1394
SOCS6	1580	1252	2240
SOCS7	2070	1449	2484
SOD1	365	318	471
SOD1-DT	50	31	59
SOD2	2402	1750	2916
SOD3	112	68	134
SOGA1	4341	3119	5631
SOHLH1	52	29	61
SOHLH2	6	3	13
SON	22889	16523	30883
SORBS1	7861	5595	11784
SORBS2	3153	2652	4668
SORBS2-AS1	28	16	30
SORBS2-AS2	0	2	3
SORBS3	1821	1101	2284
SORCS1	3129	2356	4825
SORCS2	10072	6093	13732
SORCS3	4579	1868	4544
SORCS3-AS1	11	7	12
SORD	788	562	1374
SORD-AS1	24	32	42
SORD-AS2	0	1	3
SORL1	2345	2040	3606
SORL1-AS1	34	23	45
SORT1	1277	1119	1681
SOS1	13717	9440	16865
SOS2	6405	4776	7827
SOST	92	53	113
SOSTDC1	90	80	128
SOWAHA	7	2	9
SOWAHB	23	12	45
SOWAHC	118	95	131
SOWAHD	6	6	13
SOX1-OT	240	141	280
SOX10	259	244	529
SOX11	287	259	434
SOX12	200	144	240
SOX13	1625	1236	2237
SOX14	7	4	17
SOX15	33	20	53
SOX17	58	54	76
SOX18	56	39	91
SOX2-OT	4849	3419	6534
SOX21	32	31	64
SOX21-AS1	382	272	609
SOX3	8	9	15
SOX30	173	113	233
SOX4	2781	2552	4604
SOX5	26336	20600	48834
SOX5-AS1	146	83	165
SOX6	11004	9819	18656
SOX7	122	115	120
SOX7-AS1	240	147	314
SOX8	76	70	120
SOX9	366	284	315
SOX9-AS1	55	27	66
SP1	1765	1381	2266
SP100	4934	2841	5154
SP110	2118	1285	2429
SP140	553	355	701
SP140L	1458	827	1615
SP2	877	702	1221
SP2-AS1	495	398	707
SP2-DT	66	46	85
SP3	7222	5021	9446
SP4	1585	1214	2046
SP5	38	45	88
SP6	115	73	116
SP7	93	78	96
SP8	60	22	53
SP9	61	76	152
SPA17	284	173	320
SPAAR	288	188	302
SPACA1	36	33	52
SPACA3	123	76	177
SPACA4	0	2	1
SPACA5	8	0	4
SPACA5B	0	0	2
SPACA6	2308	1530	2840
SPACA6-AS1	95	77	166
SPACA7	170	114	238
SPACA9	190	148	240
SPADH	22	15	26
SPAG1	524	406	590
SPAG11A	24	19	34
SPAG11B	29	18	29
SPAG16	7540	5142	9491
SPAG16-DT	29	16	52
SPAG17	2429	1486	3472
SPAG4	62	34	68
SPAG5-AS1	148	85	152
SPAG6	375	281	481
SPAG7	940	650	1294
SPAG8	98	63	127
SPAG9	11561	7746	13902
SPAM1	175	140	219
SPANXA2-OT1	1343	980	1675
SPANXB1	4	4	17
SPANXD	0	0	1
SPANXN1	24	19	27
SPANXN2	14	12	31
SPANXN3	19	8	31
SPANXN4	25	24	39
SPANXN5	3	2	8
SPARC	7384	5267	7660
SPARCL1	2432	1641	2847
SPART	5241	3303	6244
SPART-AS1	812	405	856
SPAST	3344	2379	4379
SPATA1	545	400	608
SPATA12	180	131	268
SPATA13-AS1	8	2	8
SPATA16	1075	647	1322
SPATA17	1400	1114	1787
SPATA17-AS1	5	4	14
SPATA18	403	305	502
SPATA19	12	8	16
SPATA2	183	101	195
SPATA20	653	470	902
SPATA21	333	229	442
SPATA22	377	339	623
SPATA24	126	92	153
SPATA25	28	27	27
SPATA2L	172	136	250
SPATA3	152	92	203
SPATA3-AS1	97	46	100
SPATA31A1	5	3	7
SPATA31A3	2	0	3
SPATA31A6	11	14	12
SPATA31A7	0	1	2
SPATA31C2	15	11	40
SPATA31D1	18	10	12
SPATA31D3	5	0	3
SPATA31D4	3	0	1
SPATA31E1	27	12	41
SPATA32	72	35	79
SPATA33	926	636	1470
SPATA4	93	67	110
SPATA41	98	55	110
SPATA42	9	12	15
SPATA45	86	95	144
SPATA46	23	6	16
SPATA48	255	189	298
SPATA5	10060	6500	12361
SPATA5L1	582	474	850
SPATA6	8944	5560	11033
SPATA6L	1239	803	1592
SPATA7	2919	1784	3979
SPATA8	7	8	12
SPATA8-AS1	35	27	38
SPATA9	418	332	519
SPATC1	215	166	290
SPATC1L	381	210	513
SPATS1	6	7	19
SPATS2	9267	6166	11341
SPATS2L	11243	9013	14534
SPC24	736	479	836
SPC25	2464	1635	3590
SPCS1	211	177	309
SPCS2	1863	1378	2477
SPCS3	1159	940	1546
SPCS3-AS1	93	71	139
SPDEF	68	45	115
SPDL1	1041	774	1546
SPDYA	487	328	717
SPDYC	6	6	7
SPDYE1	32	27	56
SPDYE10	206	173	379
SPDYE11	3	0	3
SPDYE12	89	55	84
SPDYE16	16	14	17
SPDYE17	17	6	14
SPDYE18	44	34	48
SPDYE2	21	21	36
SPDYE21	49	20	60
SPDYE2B	13	7	24
SPDYE3	40	32	41
SPDYE4	39	22	56
SPDYE5	37	31	46
SPDYE6	15	10	26
SPDYE9	7	2	8
SPECC1	2199	1668	3081
SPECC1-DT	8	1	1
SPECC1L	65	55	96
SPEF1	48	32	49
SPEF2	3253	2266	4287
SPEG	945	1072	1111
SPEGNB	5	3	1
SPEN	5594	3973	6982
SPEN-AS1	700	625	988
SPESP1	1058	806	1597
SPG11	5944	4506	7957
SPG21	1413	982	1866
SPG7	4941	3463	6196
SPHK1	223	143	234
SPHK2	756	633	1072
SPHKAP	1365	1583	1706
SPI1	277	182	342
SPIB	22	13	21
SPIC	20	27	45
SPICE1	3	1	8
SPICE1-CFAP44	55	31	73
SPIDR	27223	19538	35271
SPIN1	7511	5057	9658
SPIN2A	131	89	194
SPIN2B	445	284	482
SPIN3	1614	1115	1916
SPIN4-AS1	16	17	28
SPINDOC	485	342	626
SPINK1	27	18	35
SPINK13	39	25	42
SPINK14	14	3	26
SPINK2	29	13	37
SPINK4	137	107	200
SPINK5	977	1248	1105
SPINK6	29	18	42
SPINK7	8	12	13
SPINK8	90	52	118
SPINK9	44	31	67
SPINT1	256	247	403
SPINT1-AS1	59	54	109
SPINT2	520	384	660
SPINT3	6	5	14
SPINT4	57	47	96
SPIRE1	5991	4209	7067
SPIRE2	1002	748	1572
SPMAP2L-DT	155	128	232
SPN	0	0	0
SPNS1	17	6	14
SPNS2	665	450	828
SPNS2-AS1	29	15	37
SPNS3	210	135	234
SPO11	38	28	44
SPOCD1	126	91	184
SPOCK1	6028	3559	9032
SPOCK2	161	157	274
SPOCK3	2035	1348	2274
SPON1	10048	6167	15327
SPON1-AS1	234	216	299
SPON2	2080	1360	3010
SPON2-AS1	28	24	19
SPOP	4573	3155	5709
SPOPL	2174	1716	2630
SPOPL-DT	1782	1263	2298
SPP1	1568	875	1782
SPP2	103	91	139
SPPL2A	3528	2505	4612
SPPL2B	971	828	1515
SPPL2C	10	2	9
SPPL3	9525	6996	12314
SPR	36	12	37
SPRED1	12201	8238	17540
SPRED2	4610	3392	6491
SPRED3	110	79	130
SPRING1	326	252	426
SPRN	27	10	28
SPRR1A	11	14	11
SPRR1B	24	22	23
SPRR2A	0	0	6
SPRR2B	1	1	3
SPRR2D	10	8	9
SPRR2E	28	18	43
SPRR2F	5	1	3
SPRR2G	3	3	2
SPRR3	55	33	150
SPRR4	13	52	29
SPRR5	7	12	15
SPRTN	593	380	699
SPRY1	2646	2054	2794
SPRY2	480	247	485
SPRY3	1599	856	1909
SPRY4	987	568	1082
SPRY4-AS1	5570	3523	6403
SPRYD3	410	281	478
SPRYD4	423	361	519
SPRYD7	1138	925	1304
SPSB1	2035	1178	1978
SPSB2	247	143	299
SPSB3	989	678	1326
SPSB4	1620	1242	1697
SPTA1	533	623	689
SPTAN1	9976	7257	12057
SPTB	1239	2704	1604
SPTBN1	30528	17873	33273
SPTBN1-AS1	194	123	210
SPTBN1-AS2	168	114	232
SPTBN2	1057	1059	1683
SPTBN4	948	679	1228
SPTBN5	401	307	484
SPTLC1	4487	2889	5744
SPTLC2	4540	2914	5282
SPTLC3	2839	2741	4098
SPTSSB	293	327	386
SPTY2D1	1136	708	1219
SPTY2D1OS	1447	1043	1761
SPX	108	168	139
SPZ1	5	3	2
SQLE	1058	817	1491
SQLE-DT	4	3	11
SQOR	113	61	139
SQSTM1	1989	1450	2776
SRA1	861	669	1252
SRARP	19	14	31
SRBD1	8104	5663	10080
SRC	1180	832	1487
SRCAP	252	181	281
SRCAP-AS1	34	26	53
SRCIN1	945	699	1413
SRD5A1	814	602	970
SRD5A2	131	89	178
SRD5A3	4	3	2
SRD5A3-AS1	213	171	269
SREBF1	1007	828	1228
SREBF2	6083	4589	7954
SREBF2-AS1	113	50	134
SREK1	11481	7627	14451
SREK1IP1	2080	1578	2833
SRF	1359	546	1012
SRFBP1	3475	2504	4490
SRGAP1	12999	8725	13634
SRGAP1-AS1	52	41	53
SRGAP2	7738	4966	8980
SRGAP2-AS1	69	70	116
SRGAP2B	2497	1095	3656
SRGAP2C	2657	2157	4582
SRGAP3	10320	6239	13297
SRGAP3-AS1	2	5	13
SRGAP3-AS2	9	5	9
SRGAP3-AS3	17	9	24
SRGAP3-AS4	31	29	51
SRGN	461	203	315
SRI	1331	906	1495
SRI-AS1	20	7	43
SRL	777	1213	798
SRM	449	424	565
SRMS	78	46	97
SRP14	652	589	808
SRP14-DT	833	685	1236
SRP19	916	643	1183
SRP54	4316	2979	5113
SRP68	1760	1253	2356
SRP72	2696	1971	3792
SRP9	1350	952	1754
SRPK1	4386	2942	5494
SRPK2	17768	11485	21013
SRPK2-AS1	12	11	11
SRPK3	130	265	131
SRPRA	661	447	840
SRPRB	851	604	985
SRPX	2852	1735	2826
SRPX2	1292	739	1549
SRR	680	527	943
SRRD	223	169	327
SRRM1	13572	9431	17536
SRRM2	16077	10869	20273
SRRM2-AS1	262	169	341
SRRM3	368	254	474
SRRM4	749	504	912
SRRM4-AS1	220	130	269
SRRM5	122	93	160
SRRT	2779	2074	3567
SRSF1	11	2	6
SRSF10	5127	3746	6631
SRSF11	16311	10926	21299
SRSF12	396	273	468
SRSF2	1962	1377	2495
SRSF3	3911	2771	4807
SRSF4	7068	4642	9150
SRSF5	12127	8810	16165
SRSF6	188	127	353
SRSF7	3957	2261	4547
SRSF8	156	112	193
SRSF9	837	565	1017
SRY	0	0	0
SS18	6288	3859	7540
SS18L1	2325	1689	3102
SS18L2	465	301	565
SSB	1801	1284	2342
SSBP1	3787	2916	5439
SSBP2	25573	18071	30971
SSBP3	12215	8326	16288
SSBP3-AS1	19	12	17
SSBP3-AS2	12	4	9
SSBP4	1013	773	1379
SSC4D	166	94	240
SSC5D	728	458	627
SSH1	4643	2931	5115
SSH2	14429	9887	18625
SSH3	312	239	417
SSMEM1	130	89	141
SSNA1	99	86	120
SSPN	1342	986	1671
SSR1	1837	1594	2374
SSR2	758	511	967
SSR3	857	667	1101
SSR4	148	88	163
SSRP1	900	635	1138
SST	16	9	14
SSTR1	52	21	46
SSTR3	22	16	30
SSTR5	29	17	28
SSTR5-AS1	55	25	77
SSU72	1459	1056	1954
SSU72-AS1	35	30	76
SSU72P2	0	0	0
SSU72P3	2	0	0
SSU72P7	0	1	0
SSUH2	630	450	840
SSX1	26	12	34
SSX2	6	3	6
SSX2B	12	10	27
SSX2IP	1296	1012	1785
SSX3	24	13	27
SSX4	0	2	0
SSX4B	0	2	0
SSX5	52	28	47
SSX7	31	31	44
ST13	2041	1596	2604
ST14	480	535	704
ST18	1058	770	1445
ST18-AS1	24	18	25
ST18-AS2	20	10	30
ST18-AS3	17	21	27
ST20-AS1	47	48	99
ST20-MTHFS	9	14	14
ST3GAL1	4170	2437	4743
ST3GAL1-DT	55	53	99
ST3GAL2	4061	2659	4897
ST3GAL3	27	18	44
ST3GAL3-AS1	181	122	213
ST3GAL4	3877	2600	4676
ST3GAL5	2056	1533	2602
ST3GAL5-AS1	176	102	256
ST3GAL6	2808	1800	4305
ST3GAL6-AS1	273	209	485
ST6GAL1	3453	2303	4607
ST6GAL2	1361	848	1824
ST6GALNAC1	146	118	214
ST6GALNAC2	517	492	850
ST6GALNAC3	13358	7310	16519
ST6GALNAC4	125	114	157
ST6GALNAC5	2562	1807	4286
ST7	2181	1329	2452
ST7-AS1	23	13	32
ST7-AS2	265	148	338
ST7L	4842	3434	6126
ST8SIA1	2997	2134	3827
ST8SIA2	1605	1081	2834
ST8SIA3	57	26	92
ST8SIA4	2063	1396	2462
ST8SIA4-DT	31	14	28
ST8SIA5	422	310	475
ST8SIA5-DT	118	87	162
ST8SIA6	721	603	1107
ST8SIA6-AS1	456	354	803
STAB1	1285	910	1355
STAB2	4155	1914	2913
STAB2-AS1	106	86	147
STAC	2527	1471	1670
STAC2	98	124	180
STAC3	419	747	509
STAG1	32944	21824	42010
STAG1-DT	33	12	43
STAG2	9034	6122	11193
STAG2-AS1	115	73	157
STAG3	259	216	383
STAG3L5P-PVRIG2P-PILRB	5764	4194	7307
STAM	2659	2014	3463
STAM-AS2	12	8	36
STAM-DT	41	41	65
STAM2	4443	3022	5319
STAMBP	2071	1395	2503
STAMBPL1	1478	1235	1801
STAP1	228	122	252
STAP2	550	401	807
STAR	53	44	71
STARD13	16775	10112	21635
STARD13-AS	516	380	733
STARD3	1321	939	1627
STARD3NL	1396	908	1743
STARD4	688	455	811
STARD4-AS1	1268	820	1566
STARD5	846	645	1039
STARD6	185	186	323
STARD7	1361	1122	1603
STARD7-AS1	669	521	894
STARD8	1144	636	1162
STARD9	13508	8344	16684
STAT1	2536	1740	3002
STAT2	4794	3543	6735
STAT3	6138	4050	6511
STAT4	1405	895	2364
STAT4-AS1	26	31	43
STAT5A	398	292	461
STAT5B	3957	2903	5110
STAT6	2651	1972	3681
STATH	15	5	34
STAU1	4316	3094	5201
STAU2	4548	3332	6048
STAU2-AS1	79	60	140
STC1	319	141	335
STC2	172	96	176
STEAP1	462	369	510
STEAP1B	1949	1314	2319
STEAP1B-AS1	107	65	95
STEAP1B-AS2	85	50	105
STEAP2	1038	948	1478
STEAP2-AS1	1498	1011	1863
STEAP3	205	245	312
STEAP3-AS1	167	137	231
STEAP4	365	236	529
STEEP1	545	433	656
STIL	1683	1150	2218
STIM1	6361	5212	8216
STIM1-AS1	8	8	20
STIM2	5153	4165	6641
STIM2-AS1	10	8	5
STIMATE-MUSTN1	33	24	43
STING1	709	356	799
STIP1	1021	765	1228
STK10	3098	1971	3528
STK11	792	562	1050
STK11IP	686	485	882
STK16	122	84	139
STK17A	1744	1409	2210
STK17B	825	638	1035
STK19	519	371	592
STK24	5789	4105	7500
STK24-AS1	22	14	24
STK25	1325	965	1732
STK26	404	415	748
STK3	30054	20386	37332
STK31	415	274	523
STK32A	1671	1069	2046
STK32A-AS1	385	238	554
STK32B	7388	4333	9120
STK32C	1385	1074	1939
STK33	1883	915	1736
STK35	1653	1120	2037
STK36	1311	902	1807
STK38	5423	3877	6922
STK38L	2255	1589	2794
STK39	10061	6884	11344
STK4	3765	2416	4543
STK4-DT	20	19	44
STK40	1242	856	1515
STKLD1	243	177	376
STMN1	3181	2323	4510
STMN2	143	109	193
STMN3	808	663	1264
STMN4	54	28	74
STMND1	100	64	144
STMP1	2301	1678	2932
STOM	2749	1275	1990
STOML1	326	249	355
STOML2	209	179	236
STOML3	154	121	210
STON1	9	9	7
STON1-GTF2A1L	435	260	506
STON2	2635	2292	3080
STOX1	465	483	665
STOX2	12563	7599	12884
STPG1	645	464	987
STPG2	2608	1820	3429
STPG2-AS1	301	313	419
STPG3	8	11	19
STPG3-AS1	25	16	32
STPG4	144	84	132
STRA6	279	221	517
STRA8	82	52	114
STRADA	96	73	179
STRADB	1586	1217	2106
STRAP	1304	866	1432
STRBP	3982	2867	4897
STRC	15	12	30
STRIP1	1700	1222	2180
STRIP2	433	321	494
STRIT1	23	32	32
STRN	5469	3738	6760
STRN3	10268	7128	12298
STRN4	1085	741	1327
STS	3732	2653	5285
STT3A	1354	975	1680
STT3B	5012	3725	6435
STUB1	248	186	277
STUB1-DT	6	10	17
STUM	1199	946	1386
STX10	311	223	417
STX11	303	144	300
STX12	3663	2389	4236
STX16	493	474	786
STX16-NPEPL1	663	528	774
STX17	4160	2895	5380
STX17-DT	546	354	676
STX18	6282	4137	7954
STX18-AS1	5226	3311	7151
STX19	109	76	161
STX1A	440	305	611
STX1B	426	294	563
STX2	3519	2126	4030
STX3	1140	748	1455
STX4	921	682	1035
STX5	2831	1861	3186
STX5-DT	49	34	64
STX6	1922	1425	2400
STX7	4814	3548	6285
STX8	10678	6767	12815
STXBP1	3404	2162	4018
STXBP2	53	26	59
STXBP3	4560	3098	5463
STXBP4	5924	4094	7895
STXBP5	7826	5246	10063
STXBP5-AS1	1659	1135	2177
STXBP5L	1497	1026	2022
STXBP6	5042	2646	6243
STYK1	203	140	326
STYX	1323	991	1664
STYXL1	1434	1166	2196
STYXL2	269	495	337
SUB1	2729	1961	3873
SUCLA2	4092	2878	5358
SUCLA2-AS1	6	2	12
SUCLG1	1847	1419	2306
SUCLG2	8190	5637	9987
SUCLG2-DT	2279	1453	2921
SUCNR1	21	9	34
SUCO	5157	3590	6601
SUDS3	3792	2626	4761
SUFU	3514	2537	4492
SUGCT	7323	4324	8165
SUGCT-AS1	119	66	164
SUGP1	2511	1769	3306
SUGP2	6882	4600	8903
SUGT1	3166	2367	4043
SUGT1-DT	24	18	31
SUGT1P4-STRA6LP	59	28	43
SUGT1P4-STRA6LP-CCDC180	664	358	685
SULF1	7628	4599	8615
SULF2	3795	3206	4494
SULT1B1	947	419	1677
SULT1C2	263	118	178
SULT1C3	53	24	55
SULT1C4	1076	590	1192
SULT1E1	3036	1630	6044
SULT2A1	46	43	78
SULT2B1	410	410	420
SULT4A1	282	198	434
SULT6B1	123	83	166
SUMF1	11642	8074	14988
SUMF2	1946	1485	2364
SUMO1	1607	1167	2036
SUMO2	1063	856	1358
SUMO3	250	203	299
SUN1	10325	7468	12646
SUN2	740	568	915
SUN3	190	125	284
SUN5	33	29	58
SUNO1	17	9	23
SUOX	351	219	406
SUPT16H	3256	2426	4371
SUPT20H	4431	3219	5675
SUPT20HL1	18	7	9
SUPT20HL2	8	3	11
SUPT3H	9408	6336	12006
SUPT4H1	0	1	0
SUPT5H	2429	1681	3092
SUPT6H	3133	2241	4034
SUPT7L	1077	768	1275
SUPV3L1	1258	923	1604
SURF1	150	107	247
SURF2	142	108	162
SURF4	1081	718	1276
SURF6	1256	871	1549
SUSD1	2864	2063	3744
SUSD2	54	53	65
SUSD3	138	90	169
SUSD4	1227	1305	1668
SUSD5	419	279	456
SUSD6	3886	2508	4877
SUV39H1	131	124	207
SUV39H2	876	687	1373
SUV39H2-DT	95	73	165
SUZ12	3352	2332	4291
SV2A	129	95	200
SV2B	1009	678	1235
SV2C	1271	779	1564
SV2C-AS1	6	3	11
SV2C-AS2	63	50	83
SVBP	677	475	1028
SVEP1	8107	4979	9558
SVIL	32817	25723	44761
SVIP	1215	771	1461
SVOP	358	269	490
SVOPL	337	210	457
SWAP70	2940	1942	3412
SWI5	1448	1050	2010
SWSAP1	68	65	111
SWT1	3542	2399	4650
SYAP1	2097	1390	2451
SYBU	1692	1421	2544
SYBU-AS1	35	18	33
SYCE1	65	40	133
SYCE1L	163	77	183
SYCE2	178	120	247
SYCE3	42	41	57
SYCN	1	2	10
SYCP1	322	219	398
SYCP2	1285	893	1545
SYCP2L	984	640	1151
SYCP3	43	29	65
SYDE1	423	292	589
SYDE2	1761	1198	2215
SYF2	499	363	631
SYK	1102	761	1475
SYMPK	3269	2295	4314
SYMPK-AS1	3	5	6
SYN1	31	20	43
SYN2	1256	861	1688
SYN3	3681	2628	4899
SYN3-AS1	5	2	4
SYNAGE	247	125	249
SYNC	503	529	792
SYNDIG1	4062	2972	7984
SYNDIG1L	54	19	56
SYNE1	18060	12909	20085
SYNE1-AS1	17	11	29
SYNE1-AS2	7	6	11
SYNE2	20566	14624	29841
SYNE3	2252	1642	2134
SYNE3-AS1	52	21	22
SYNE4	91	68	106
SYNGAP1	2611	1858	3374
SYNGAP1-AS1	211	179	309
SYNGR1	1150	837	1488
SYNGR2	88	73	90
SYNGR3	14	10	20
SYNGR4	58	42	97
SYNJ1	2490	1627	3279
SYNJ2	2784	1971	3554
SYNM	446	507	492
SYNM-AS1	735	601	894
SYNM-AS2	27	12	30
SYNPO	1264	887	1643
SYNPO2	3734	3262	5544
SYNPO2L	175	384	195
SYNPO2L-AS1	401	267	594
SYNPR	1119	709	1525
SYNPR-AS1	380	200	477
SYNRG	4751	3623	6396
SYP	467	273	502
SYP-AS1	35	16	52
SYPL1	1112	852	1318
SYPL2	141	395	181
SYS1	26	9	34
SYS1-DBNDD2	293	200	352
SYT1	3061	2226	3958
SYT1-AS1	935	640	1280
SYT10	258	174	393
SYT11	495	322	623
SYT12	207	169	270
SYT13	152	92	183
SYT13-AS1	0	0	7
SYT14	2053	1115	4241
SYT15	45	12	58
SYT15-AS1	140	80	232
SYT15B	57	32	105
SYT16	1034	605	1412
SYT17	1172	926	1652
SYT2	606	432	806
SYT2-AS1	12	15	17
SYT3	229	132	258
SYT4	28	23	45
SYT5	89	57	111
SYT6	456	268	550
SYT7	381	283	592
SYT8	217	135	298
SYT9	1526	763	2270
SYT9-AS1	606	508	781
SYTL1	388	386	617
SYTL2	2928	2762	4563
SYTL3	855	849	1074
SYTL4	980	627	1220
SYVN1	677	573	888
SZRD1	1816	1197	2149
SZT2	4413	2984	5436
SZT2-AS1	14	11	14
TAAR1	46	27	57
TAAR2	23	14	29
TAAR5	5	3	3
TAAR6	2	2	7
TAAR8	5	2	6
TAAR9	0	4	6
TAB1	1223	934	1734
TAB2	5417	3790	7114
TAB2-AS1	42	26	71
TAB3	2319	1547	3101
TAB3-AS1	0	0	1
TAB3-AS2	0	0	7
TAC1	86	21	73
TAC3	72	52	97
TAC4	58	41	76
TAC4-AS1	33	39	46
TACC1	8654	5592	10230
TACC2	5982	5545	9547
TACC3	2508	1786	3913
TACR1	869	513	877
TACR1-AS1	1478	940	1965
TACR2	92	58	112
TACR3	469	480	694
TACR3-AS1	235	179	325
TACSTD2	52	49	53
TADA1	745	511	908
TADA2A	2419	1733	3046
TADA2B	306	238	394
TADA3	530	477	727
TAF1	6168	4193	7204
TAF10	92	78	134
TAF11	1476	1102	1872
TAF11L11	5	4	10
TAF11L12	4	4	9
TAF11L13	6	2	5
TAF11L14	0	1	5
TAF11L2	3	0	5
TAF11L9	0	1	0
TAF12	1436	991	1743
TAF12-DT	88	75	88
TAF13	1018	572	1011
TAF15	5923	4358	7797
TAF1A	872	561	1118
TAF1A-AS1	43	30	54
TAF1B	3990	2515	5596
TAF1C	848	634	1107
TAF1D	5406	3817	6982
TAF1L	39	21	51
TAF2	6019	4023	7587
TAF3	5999	4042	7856
TAF4	2603	1889	3485
TAF4B	1690	1294	2253
TAF5	430	297	530
TAF5L	797	577	942
TAF6	287	221	440
TAF6L	606	395	787
TAF7	1351	984	1589
TAF7L	99	66	101
TAF8	1382	1022	1853
TAF9B	412	316	549
TAFA1	2592	1963	2622
TAFA2	11739	8263	17333
TAFA3	142	94	200
TAFA4	627	411	811
TAFA5	3470	2224	5319
TAFA5-AS1	91	39	68
TAFAZZIN	751	524	950
TAGAP	115	81	124
TAGAP-AS1	1746	1303	2374
TAGLN	439	255	377
TAGLN2	486	308	500
TAGLN3	97	77	156
TAL1	270	209	342
TAL2	24	25	18
TALAM1	7011	4690	9165
TALDO1	621	448	844
TAMALIN	776	406	850
TAMM41	2931	2203	3880
TANAR	30	14	36
TANC1	18859	12981	26856
TANC2	17160	11813	18929
TANGO2	943	712	1186
TANGO2-AS1	52	44	92
TANGO6	3636	2535	4699
TANK	5897	4255	7755
TANK-AS1	223	132	291
TAOK1	9480	6628	11656
TAOK2	1313	842	1439
TAOK3	8559	5504	9446
TAP1	147	127	180
TAPBP	1316	880	1646
TAPBPL	380	323	519
TAPT1	2127	1475	2632
TAPT1-AS1	4104	2744	5489
TARBP1	3722	2326	4763
TARBP2	418	292	532
TARDBP	5341	4080	7162
TARID	1462	885	2206
TARM1	25	17	30
TARP	15	12	13
TARS1	1685	1110	2066
TARS1-DT	156	101	245
TARS2	649	464	827
TARS3	5464	4086	6646
TAS1R1	131	183	204
TAS1R2	52	26	63
TAS1R3	45	45	57
TAS2R16	0	0	3
TAS2R38	5	5	3
TAS2R39	4	6	6
TAS2R40	6	4	16
TAS2R42	0	1	0
TAS2R5	54	30	63
TAS2R7	0	1	6
TAS2R8	0	6	11
TAS2R9	6	1	11
TASL	128	56	92
TASOR	4700	3732	6308
TASOR2	7502	5287	9480
TASP1	8532	5527	10743
TAT	27	18	27
TAT-AS1	87	37	86
TATDN1	2471	1763	3275
TATDN2	38	21	41
TATDN3	1102	762	1621
TAX1BP1	6705	4723	9362
TAX1BP1-AS1	53	46	101
TAX1BP3	19	11	26
TBATA	78	40	119
TBC1D1	5281	3493	6717
TBC1D10A	1187	757	1459
TBC1D10B	628	394	800
TBC1D10C	44	40	53
TBC1D12	4044	2757	4545
TBC1D13	709	497	928
TBC1D14	2608	2043	3587
TBC1D15	4084	2520	4946
TBC1D16	3961	2845	5222
TBC1D17	965	717	1268
TBC1D19	8598	5899	10844
TBC1D2	523	362	750
TBC1D20	1498	1042	1982
TBC1D21	46	30	61
TBC1D22A	11236	7830	15575
TBC1D22A-AS1	4	4	3
TBC1D22A-DT	112	99	139
TBC1D22B	2464	1907	3058
TBC1D23	4748	3269	5547
TBC1D24	217	148	299
TBC1D25	377	272	494
TBC1D26	0	0	0
TBC1D26-AS1	47	34	55
TBC1D28	12	4	19
TBC1D2B	5208	3230	6107
TBC1D3	14	20	25
TBC1D31	1719	1128	2290
TBC1D32	11111	7182	14129
TBC1D3B	36	9	27
TBC1D3C	3	3	5
TBC1D3E	5	10	4
TBC1D3F	9	6	10
TBC1D3G	3	0	5
TBC1D3H	6	3	6
TBC1D3I	8	2	14
TBC1D3K	6	7	4
TBC1D3L	35	6	39
TBC1D3P1-DHX40P1	217	158	315
TBC1D4	9629	6078	11892
TBC1D5	28251	20946	37520
TBC1D7	2113	1499	2962
TBC1D8	4116	3234	5518
TBC1D8-AS1	67	47	131
TBC1D8B	2848	2019	3485
TBC1D9	4588	2742	5038
TBC1D9-AS1	2	3	12
TBC1D9-AS2	21	18	35
TBC1D9B	4825	3343	5945
TBCA	6296	4510	8317
TBCB	676	461	812
TBCC	90	82	102
TBCCD1	861	563	1142
TBCD	8516	5642	10502
TBCE	261	247	374
TBCE.1	92	65	144
TBCEL	3	1	2
TBCEL-TECTA	74	46	88
TBCK	13334	9709	18382
TBILA	32	17	31
TBK1	2164	1577	2899
TBKBP1	754	478	911
TBL1X	8344	5974	11399
TBL1XR1	15304	11197	19390
TBL1XR1-AS1	48	24	35
TBL1Y	471	324	668
TBL2	596	448	743
TBL3	240	184	349
TBP	1505	1085	1949
TBPL1	388	238	503
TBPL2	159	107	247
TBR1	47	48	81
TBRG1	1323	1002	1875
TBRG4	434	318	518
TBX1	1096	1094	1174
TBX10	35	34	45
TBX15	16974	11593	19194
TBX18	6731	3558	7694
TBX18-AS1	71	43	91
TBX19	473	285	556
TBX2	343	261	512
TBX2-AS1	81	41	101
TBX20	188	101	293
TBX21	50	24	67
TBX22	55	38	75
TBX3	1460	999	1751
TBX3-AS1	609	432	804
TBX4	254	134	299
TBX5	930	523	655
TBX5-AS1	50	40	57
TBX6	56	43	83
TBXA2R	247	142	254
TBXAS1	1234	802	1564
TBXT	57	17	46
TC2N	1101	869	1599
TCAF1	1690	1400	2411
TCAF2	53	42	73
TCAIM	2288	1938	3394
TCAP	88	167	117
TCEA1	2469	1754	3032
TCEA2	584	405	772
TCEA3	2948	2864	3502
TCEAL1	334	213	390
TCEAL2	69	44	120
TCEAL3	254	229	352
TCEAL3-AS1	21	10	27
TCEAL4	1285	955	1504
TCEAL5	44	32	45
TCEAL6	6	7	17
TCEAL7	171	187	210
TCEAL8	220	222	334
TCEAL9	771	568	1014
TCEANC	441	249	564
TCEANC2	1152	929	1586
TCERG1	7128	4851	9166
TCERG1L	1161	774	2082
TCERG1L-AS1	3	1	3
TCF12	44052	30964	55107
TCF15	15	19	19
TCF19	277	197	382
TCF20	4456	3187	6504
TCF21	70	42	207
TCF23	79	56	101
TCF24	42	21	56
TCF25	9987	7214	12216
TCF3	3131	2221	4549
TCF4	54583	36754	79346
TCF4-AS1	169	108	216
TCF4-AS2	32	15	28
TCF7	507	339	781
TCF7L1	20849	13168	21594
TCF7L2	41646	26593	48937
TCFL5	635	481	799
TCHH	3837	4822	4473
TCHHL1	23	28	27
TCHP	2294	1744	3244
TCIM	1764	1025	1623
TCIRG1	459	315	536
TCL1A	8	3	15
TCL6	61	61	163
TCN1	43	24	51
TCN2	217	148	328
TCOF1	1406	1066	1774
TCP1	1394	903	1689
TCP11	113	86	159
TCP11L1	2165	1506	2550
TCP11L2	1058	829	1314
TCP11X1	0	0	0
TCTA	350	241	369
TCTE1	123	70	168
TCTN1	1601	1160	2258
TCTN2	690	480	917
TCTN3	1445	997	1703
TDG	1567	1204	2037
TDGF1	47	33	55
TDH-AS1	12	13	7
TDO2	220	144	302
TDP1	2354	1674	3166
TDP2	1140	874	1615
TDRD1	233	147	321
TDRD10	697	384	822
TDRD12	399	281	506
TDRD15	43	23	57
TDRD3	7861	5849	10346
TDRD5	462	346	654
TDRD6	61	40	84
TDRD6-AS1	46	38	64
TDRD7	973	596	1245
TDRD9	548	434	597
TDRG1	124	114	199
TDRKH	374	293	431
TDRKH-AS1	25	34	42
TDRP	2309	1346	3436
TEAD1	21049	14004	29226
TEAD1-AS1	11	5	4
TEAD2	1920	1073	2329
TEAD2-AS1	45	35	88
TEAD3	1642	1263	2522
TEAD4	846	998	1077
TEC	896	771	1240
TECPR1	1361	999	1876
TECPR2	4281	3115	5632
TECR	801	645	1145
TECRL	921	1342	1578
TECTA	410	294	546
TECTB	53	36	84
TEDC1	172	113	217
TEDC2	127	100	194
TEDC2-AS1	39	41	69
TEDDM1	10	6	11
TEF	489	426	614
TEFM	1257	1003	1699
TEK	2607	1420	3048
TEKT1	129	108	218
TEKT2	71	26	82
TEKT3	191	146	204
TEKT4	24	18	43
TEKT5	436	287	509
TELO2	677	470	798
TEMN3-AS1	39	28	29
TEN1-CDK3	0	3	5
TENM1	9004	6583	10540
TENM2	12533	11724	19164
TENM2-AS1	273	188	341
TENM2-AS2	31	15	33
TENM2-AS3	55	57	83
TENM2-AS4	29	8	50
TENM3	10464	8853	18063
TENM3-AS1	971	772	1472
TENM4	19981	14356	26928
TENM4-AS1	42	28	48
TENT2	7828	5786	10179
TENT4A	2855	1857	3353
TENT4B	2377	1631	2932
TENT5A	10409	5328	11202
TENT5B	58	55	63
TENT5C	177	135	192
TENT5C-DT	76	55	106
TENT5D	253	149	361
TEP1	1261	963	1740
TEPP	36	52	39
TEPSIN	402	265	514
TEPSIN-AS1	24	16	35
TERB1	255	195	283
TERB2	47	31	57
TERC	188	112	152
TERF1	1928	1359	2551
TERF2	1780	1217	2173
TERF2IP	2196	1700	2716
TERLR1	36	29	43
TERT	119	72	158
TERT-AS1	8	10	24
TES	3465	1579	4554
TESC	490	300	580
TESC-AS1	163	97	191
TESK1	204	166	248
TESMIN	190	142	259
TESPA1	137	95	152
TET1	8713	5859	9769
TET2	8742	6339	11720
TET2-AS1	20	16	16
TET3	4345	3511	6152
TEX10	3025	2124	4055
TEX101	44	37	60
TEX11	699	401	851
TEX12-AS1	25	8	23
TEX13A	8	6	18
TEX13B	6	2	4
TEX13C	18	9	23
TEX14	744	516	811
TEX15	349	217	501
TEX19	21	13	16
TEX2	2275	1634	2730
TEX22	786	526	1148
TEX26	95	52	96
TEX26-AS1	297	178	346
TEX26-AS2	11	6	24
TEX264	506	344	606
TEX28	2	7	10
TEX29	245	165	279
TEX30	379	257	540
TEX33	54	26	77
TEX35	255	128	259
TEX36	332	178	399
TEX36-AS1	12	7	14
TEX37	9	3	15
TEX38	18	15	38
TEX41	10000	6010	14410
TEX43	6	7	13
TEX44	7	1	3
TEX45	40	38	83
TEX46	62	42	94
TEX47	5	3	6
TEX48	63	47	73
TEX49	179	140	265
TEX50	5	3	7
TEX51	18	23	37
TEX52	35	21	47
TEX53	33	36	38
TEX54	10	4	26
TEX55	3	1	7
TEX9	2625	1745	3895
TF	420	383	471
TFAM	607	458	824
TFAP2A	1214	1249	2471
TFAP2A-AS1	178	125	246
TFAP2A-AS2	28	28	52
TFAP2B	2418	1678	4686
TFAP2C	631	463	1091
TFAP2D	174	147	254
TFAP2E	223	141	233
TFAP2E-AS1	79	47	88
TFAP4	530	411	791
TFB1M	1957	1559	2680
TFB2M	692	552	945
TFCP2	6837	5293	9062
TFCP2L1	384	318	680
TFDP1	2703	1853	3634
TFDP2	7976	5984	11519
TFDP3	7	7	5
TFE3	692	451	934
TFEB	574	441	746
TFEB-AS1	77	69	86
TFEC	662	492	892
TFF1	12	8	8
TFF2	20	14	16
TFF3	42	15	37
TFG	4304	2751	5060
TFIP11	611	424	774
TFIP11-DT	48	61	97
TFPI	5679	2783	5668
TFPI2	292	248	1300
TFPT	275	201	351
TFR2	184	181	249
TFRC	2231	2057	3085
TG	1614	1021	2005
TGDS	1318	1099	1711
TGFA	564	465	747
TGFB1	1286	930	1718
TGFB1I1	573	367	659
TGFB2	5962	3777	4688
TGFB2-AS1	33	18	37
TGFB3	1146	810	1351
TGFBI	1420	793	1988
TGFBR1	3465	2222	4310
TGFBR2	9100	5154	10949
TGFBR3	28856	17187	28296
TGFBR3L	40	44	52
TGFBRAP1	925	640	1248
TGFBRAP1-AS1	24	21	30
TGIF1	1361	891	1839
TGIF2	55	34	61
TGIF2-RAB5IF	303	198	372
TGILR	30	26	48
TGM1	146	98	178
TGM2	752	587	1491
TGM4	111	77	159
TGM5	152	133	163
TGM6	290	302	401
TGM7	89	65	98
TGOLN2	3695	2816	5106
TGS1	2077	1496	2627
TH	44	20	73
TH2LCRR	137	77	150
THADA	12694	8782	16139
THAP1	151	122	216
THAP10	85	73	122
THAP11	14	12	18
THAP12	812	609	996
THAP2	274	215	419
THAP3	468	314	646
THAP4	1101	814	1365
THAP5	2	1	6
THAP6	2863	2007	3588
THAP7	222	195	318
THAP7-AS1	249	164	293
THAP8	259	238	407
THAP9	721	563	931
THBD	81	51	119
THBS1	7752	2437	5082
THBS2	5656	4703	6722
THBS2-AS1	271	216	377
THBS3	1614	1174	1865
THBS3-AS1	152	93	191
THBS4	841	592	1059
THBS4-AS1	204	155	265
THCAT155	52	45	68
THEG	79	63	111
THEG5	10	8	16
THEGL	261	160	336
THEM4	1053	804	1282
THEM5	48	39	86
THEM6	58	49	73
THEMIS	667	454	901
THEMIS2	131	90	107
THG1L	272	235	315
THNSL2	297	224	391
THOC1	10705	7331	13742
THOC1-DT	32	34	52
THOC2	10609	6896	13740
THOC3	605	456	862
THOC3-AS1	14	10	17
THOC5	1427	999	1861
THOC6	132	92	163
THOC7	1157	874	1578
THOC7-AS1	8	2	6
THOP1	803	672	1188
THORLNC	351	254	504
THPO	86	52	148
THRA	1813	1369	2034
THRAP3	7804	5789	10600
THRB	10405	6767	11884
THRB-AS1	630	458	797
THRIL	5	2	6
THRSP	95	84	95
THSD1	1456	1037	1641
THSD4	24091	15648	32635
THSD4-AS1	261	203	465
THSD7A	14427	8480	20922
THSD7B	4984	3896	9044
THSD8	66	48	78
THUMPD1	1053	743	1406
THUMPD2	3049	2210	4053
THUMPD3	674	501	939
THUMPD3-AS1	3475	2560	4592
THY1	708	473	850
THYN1	305	247	464
TIA1	22	13	24
TIAL1	5610	3921	7516
TIAM1	12587	8981	14848
TIAM1-AS1	45	31	66
TIAM2	15146	10262	18909
TICAM1	375	256	495
TICAM2	4	6	1
TICAM2-AS1	476	309	536
TICRR	907	595	1321
TIE1	772	441	882
TIFA	160	137	241
TIFAB	29	24	46
TIFAB-AS1	27	19	51
TIGD1	374	301	444
TIGD2	86	83	151
TIGD3	18	12	30
TIGD4	136	108	206
TIGD5	71	54	77
TIGD6	140	121	177
TIGD7	320	292	494
TIGIT	81	54	99
TILAM	374	204	438
TILRLS	28	21	54
TIMD4	231	112	208
TIMELESS	825	620	1221
TIMM10	58	59	74
TIMM13	189	165	261
TIMM17A	1037	709	1281
TIMM17B	153	110	201
TIMM21	925	582	1277
TIMM22	353	333	477
TIMM23	1425	1129	1900
TIMM23B-AGAP6	595	340	713
TIMM29	221	187	362
TIMM44	1682	1198	2115
TIMM50	683	499	878
TIMM8A	125	114	185
TIMM8B	139	169	227
TIMM9	871	653	1078
TIMMDC1	1411	1110	1961
TIMMDC1-DT	13	14	5
TIMP1	130	97	166
TIMP2	4222	2605	4577
TIMP3	4627	3299	4743
TIMP4	53	49	78
TINAG	229	152	286
TINAG-AS1	3	4	5
TINAGL1	187	99	293
TINCR	269	247	388
TINF2	244	148	281
TIPARP	1198	698	1286
TIPARP-AS1	17	19	21
TIPIN	1321	1017	1778
TIPRL	1193	929	1581
TIRAP	623	416	629
TIRAP-AS1	371	281	561
TJAP1	1503	1059	1878
TJP1	8330	5647	10456
TJP2	75	61	121
TJP3	201	152	322
TK1	503	296	601
TK2	946	700	1109
TKFC	350	315	502
TKT	790	615	1054
TKTL1	112	93	184
TKTL2	1	2	7
TLCD1	44	32	45
TLCD2	489	305	488
TLCD3A	166	123	203
TLCD3B	212	129	249
TLCD4	16	36	20
TLCD4-RWDD3	177	137	191
TLCD5	277	234	442
TLDC2	101	48	109
TLE1	6071	4636	8794
TLE1-DT	895	651	1031
TLE2	1901	1334	2332
TLE3	2285	1384	2801
TLE4	5443	4517	8310
TLE5	1152	807	1404
TLE6	179	105	201
TLE7	18	15	34
TLK1	7504	5392	10212
TLK2	5570	4000	7050
TLL1	5534	3443	5767
TLL2	617	407	733
TLN1	2180	1676	2755
TLN2	14169	12183	17321
TLNRD1	201	152	271
TLR1	188	115	244
TLR10	32	28	39
TLR2	226	125	230
TLR3	104	54	132
TLR5	319	262	479
TLR7	105	66	147
TLR8	34	27	39
TLR8-AS1	13	13	19
TLX1	33	19	53
TLX1NB	116	66	160
TLX2	72	21	67
TLX3	26	17	23
TM2D1	3554	2751	4679
TM2D2	189	146	235
TM2D3	819	555	1154
TM4SF1	894	618	914
TM4SF1-AS1	166	112	208
TM4SF18	277	174	381
TM4SF18-AS1	199	103	265
TM4SF19-AS1	167	84	192
TM4SF19-DYNLT2B	17	2	17
TM4SF20	51	27	96
TM4SF4	145	101	176
TM4SF5	10	20	34
TM6SF1	305	317	293
TM6SF2	0	0	3
TM7SF2	150	115	211
TM7SF3	1425	1099	1980
TM7SF3-AS1	13	20	26
TM9SF2	3196	2224	4013
TM9SF3	3916	2657	4837
TM9SF4	2807	1945	3768
TMA16	2643	2168	3462
TMA7	1393	1222	1665
TMBIM1	571	495	742
TMBIM4	8	2	5
TMBIM6	1946	1346	2473
TMC1	2074	1246	3345
TMC2	369	239	490
TMC3	190	125	185
TMC3-AS1	2436	1478	2375
TMC4	287	169	363
TMC5	318	251	519
TMC5-AS1	75	54	92
TMC6	631	505	792
TMC7	625	428	723
TMC8	333	285	445
TMCC1	13589	10236	16788
TMCC1-DT	684	537	887
TMCC2	649	520	813
TMCC2-AS1	9	15	7
TMCC3	1944	1386	1995
TMCO1	1871	1393	2427
TMCO1-AS1	147	114	234
TMCO2	46	42	83
TMCO3	3734	2598	4945
TMCO4	1342	816	1688
TMCO5A	183	113	213
TMCO6	164	126	256
TMDD1	16	15	22
TMED1	96	71	130
TMED10	1642	1025	2011
TMED2	714	670	900
TMED2-DT	181	128	258
TMED3	2452	1485	2817
TMED4	1032	716	1217
TMED5	1542	944	1608
TMED7	63	19	85
TMED7-TICAM2	185	134	262
TMED8	1569	1023	2252
TMED9	288	267	358
TMEFF2	1737	1192	1927
TMEM100	303	220	298
TMEM101	218	168	287
TMEM104	896	601	1119
TMEM105	161	111	196
TMEM106A	919	603	1059
TMEM106B	1226	974	1752
TMEM106C	437	338	673
TMEM107	355	450	352
TMEM108	4070	3256	6709
TMEM108-AS1	23	16	35
TMEM109	185	177	261
TMEM109-DT	9	8	10
TMEM11	561	398	726
TMEM11-DT	830	521	1014
TMEM114	190	120	266
TMEM115	72	74	101
TMEM116	906	773	1268
TMEM117	12169	9383	18386
TMEM119	225	200	320
TMEM120A	387	291	520
TMEM120B	2809	2376	3237
TMEM121	43	36	43
TMEM121B	4	6	15
TMEM123	2239	1659	2892
TMEM123-DT	102	60	131
TMEM125	33	16	36
TMEM126A	336	226	419
TMEM126B	767	530	1030
TMEM127	350	233	388
TMEM128	540	402	768
TMEM128-DT	8	7	16
TMEM129	145	114	195
TMEM130	205	137	365
TMEM131	10278	7514	13422
TMEM131L	11815	8812	14739
TMEM132A	244	194	378
TMEM132B	2447	1294	3125
TMEM132C	15687	8321	28038
TMEM132D	3061	2207	4844
TMEM132D-AS1	6	5	9
TMEM132D-AS2	9	11	15
TMEM132E	201	124	294
TMEM132E-DT	12	11	27
TMEM134	574	484	778
TMEM135	9977	6627	10085
TMEM138	1002	709	1360
TMEM139	74	37	119
TMEM139-AS1	299	211	381
TMEM140	201	123	211
TMEM141	1	2	0
TMEM143	591	459	893
TMEM144	376	293	546
TMEM145	87	59	122
TMEM147	67	56	90
TMEM147-AS1	255	195	345
TMEM14A	609	424	782
TMEM14B	0	4	4
TMEM14B-DT	27	29	57
TMEM14C	486	408	653
TMEM150A	143	101	189
TMEM150B	157	125	213
TMEM150C	1185	734	1683
TMEM151A	6	8	13
TMEM151B	11	6	22
TMEM154	813	770	1230
TMEM154-AS1	4	9	12
TMEM156	332	237	408
TMEM158	25	13	22
TMEM160	65	51	78
TMEM161A	630	464	793
TMEM161B	2993	2151	4066
TMEM161B-DT	5296	3704	7123
TMEM163	983	608	1297
TMEM164	2957	2601	3933
TMEM165	3555	2587	4421
TMEM167A	1484	1171	1946
TMEM167B	247	178	234
TMEM167B-DT	66	71	104
TMEM168	4543	3212	5832
TMEM169	137	132	202
TMEM17	149	122	208
TMEM170A	17	13	21
TMEM170B	322	224	406
TMEM171	187	113	414
TMEM174	11	3	6
TMEM175	784	586	969
TMEM176A	34	34	47
TMEM176B	199	176	190
TMEM177	468	376	725
TMEM178A	479	258	579
TMEM178B	1945	1450	2823
TMEM179	788	515	1091
TMEM179B	276	233	360
TMEM18	586	396	756
TMEM18-DT	157	115	197
TMEM181	3243	2222	4380
TMEM182	1820	1895	2230
TMEM183A	606	429	720
TMEM184A	310	315	481
TMEM184B	2202	1441	2848
TMEM184B-AS1	6	4	7
TMEM184C	1627	1215	2301
TMEM184C-DT	41	29	41
TMEM185A	866	541	1018
TMEM185B	110	83	128
TMEM186	140	114	182
TMEM187	155	118	154
TMEM19	132	125	172
TMEM190	6	8	7
TMEM191B	4	7	18
TMEM191C	16	6	16
TMEM192	1137	794	1452
TMEM196	183	123	258
TMEM198	104	62	115
TMEM200A	1310	933	2070
TMEM200B	122	83	135
TMEM200C	142	69	150
TMEM201	314	223	437
TMEM202	25	18	20
TMEM202-AS1	368	244	458
TMEM203	30	21	35
TMEM204	487	289	613
TMEM205	6	3	8
TMEM207	69	47	97
TMEM208	382	241	477
TMEM209	1540	1219	2125
TMEM212	362	239	416
TMEM212-AS1	496	262	520
TMEM213	164	121	210
TMEM214	1109	664	1161
TMEM215	21	15	31
TMEM216	183	147	241
TMEM217	0	2	0
TMEM218	780	585	1126
TMEM219	552	388	680
TMEM220	1343	825	1719
TMEM221	2	1	10
TMEM222	455	358	590
TMEM223	420	347	585
TMEM225	9	5	23
TMEM225B	16	13	17
TMEM229A	4	0	4
TMEM229B	393	263	527
TMEM230	2291	1714	2952
TMEM232	2667	1759	3930
TMEM233	494	461	587
TMEM234	691	530	992
TMEM235	15	14	31
TMEM236	199	154	273
TMEM237	1879	1287	2259
TMEM238	26	26	32
TMEM239	8	1	3
TMEM240	108	85	150
TMEM241	3952	2353	4616
TMEM242	2002	1327	2515
TMEM242-DT	11	2	5
TMEM243	1379	982	1662
TMEM244	809	467	448
TMEM245	5445	3561	6952
TMEM246-AS1	95	70	118
TMEM248	1160	847	1497
TMEM249	4	2	6
TMEM25	332	243	415
TMEM250	77	73	101
TMEM251	0	0	1
TMEM252	18	11	15
TMEM252-DT	481	363	654
TMEM253	57	33	62
TMEM254	539	478	796
TMEM254-AS1	487	367	675
TMEM255A	236	206	284
TMEM255B	1243	705	1365
TMEM256-PLSCR3	243	192	312
TMEM258	295	196	426
TMEM259	1332	895	1565
TMEM26	1459	874	1696
TMEM26-AS1	175	124	228
TMEM260	3266	2403	4559
TMEM262	14	8	11
TMEM263	2993	2006	3294
TMEM263-DT	37	33	41
TMEM266	733	481	1058
TMEM267	1172	840	1355
TMEM268	657	411	739
TMEM269	108	91	136
TMEM270	13	18	32
TMEM271	2	1	7
TMEM272	0	0	4
TMEM273	436	234	468
TMEM275	76	57	86
TMEM30A	1528	1101	1937
TMEM30A-DT	270	228	388
TMEM30B	77	43	73
TMEM31	13	2	15
TMEM33	812	647	1045
TMEM33-DT	249	165	370
TMEM35A	148	104	197
TMEM37	100	92	122
TMEM38A	343	643	459
TMEM38B	917	937	1109
TMEM39A	2988	1930	3630
TMEM39B	978	671	1180
TMEM40	452	378	714
TMEM41A	615	478	766
TMEM41A-DT	20	19	27
TMEM41B	2508	1935	3452
TMEM43	1281	820	1594
TMEM44	2248	1336	2526
TMEM44-AS1	210	146	289
TMEM44-AS2	155	72	160
TMEM45A	2858	2363	3699
TMEM45B	219	163	306
TMEM47	441	302	442
TMEM50A	1278	986	1632
TMEM50B	2516	1830	3517
TMEM51	745	600	1047
TMEM51-AS1	254	183	328
TMEM51-AS2	53	35	58
TMEM52	9	23	8
TMEM52B	64	56	136
TMEM53	402	301	509
TMEM54	58	41	67
TMEM59	1243	998	1672
TMEM59L	60	47	85
TMEM60	81	110	148
TMEM61	42	25	56
TMEM62	919	694	1278
TMEM63A	2744	2053	3514
TMEM63B	1436	987	2035
TMEM63C	137	84	167
TMEM64	1033	771	1471
TMEM65	3795	2417	4345
TMEM67	2063	1310	2711
TMEM68	1745	1373	2356
TMEM69	387	259	541
TMEM70	251	181	339
TMEM71	481	264	719
TMEM72	117	55	156
TMEM72-AS1	1589	1050	2143
TMEM74	627	441	846
TMEM74B	130	80	149
TMEM78	9	6	7
TMEM79	403	325	485
TMEM81	11	10	21
TMEM82	28	25	42
TMEM86A	94	43	108
TMEM86B	36	32	64
TMEM87A	6131	4112	7555
TMEM87B	2743	2064	3534
TMEM88	51	33	51
TMEM88B	70	48	89
TMEM89	0	1	0
TMEM8B	927	716	1389
TMEM9	853	592	1035
TMEM92	152	81	162
TMEM92-AS1	65	50	75
TMEM94	1322	1010	1845
TMEM95	42	34	52
TMEM97	128	139	203
TMEM98	2122	1411	3231
TMEM9B	419	306	461
TMEM9B-AS1	1114	899	1536
TMF1	4004	2682	5088
TMIE	167	127	259
TMIGD1	53	37	81
TMIGD2	47	34	83
TMIGD3	356	230	453
TMLHE	3677	2587	5041
TMLHE-AS1	504	337	653
TMOD1	538	905	751
TMOD1-AS1	18	10	28
TMOD2	2222	1405	2546
TMOD3	6637	4589	8208
TMOD4	112	175	165
TMPO	6611	5334	9616
TMPO-AS1	77	46	105
TMPRSS11A	471	304	658
TMPRSS11B	39	18	38
TMPRSS11D	250	133	291
TMPRSS11E	236	233	301
TMPRSS11F	246	178	400
TMPRSS12	150	112	194
TMPRSS13	176	178	251
TMPRSS15	696	440	923
TMPRSS2	185	122	251
TMPRSS3	46	28	88
TMPRSS4	229	180	305
TMPRSS5	424	243	474
TMPRSS6	169	126	241
TMPRSS6-AS1	13	14	13
TMPRSS7	162	126	262
TMPRSS9	307	244	374
TMSB10	1867	1442	2124
TMSB15A	115	71	179
TMSB15B	232	115	263
TMSB15B-AS1	50	29	42
TMSB15B.1	8	2	7
TMSB4X	1586	1106	1745
TMSB4Y	3	5	7
TMTC1	8039	7098	13779
TMTC2	22040	17500	27674
TMTC3	1789	1452	2661
TMTC4	1855	1340	2772
TMUB1	185	128	199
TMUB2	617	490	730
TMX1	955	723	1246
TMX3	3783	2398	4726
TMX4	960	656	1138
TMX4-AS1	124	103	155
TNC	3578	1823	4215
TNF	209	109	200
TNFAIP1	586	419	705
TNFAIP2	707	445	770
TNFAIP3	485	301	578
TNFAIP6	446	203	319
TNFAIP8	3216	2766	4572
TNFAIP8L1	338	257	426
TNFAIP8L3	458	212	356
TNFRSF10A	291	242	372
TNFRSF10A-AS1	3	1	5
TNFRSF10A-DT	17	14	23
TNFRSF10A-DT.1	23	29	53
TNFRSF10B	1122	619	1178
TNFRSF10B-AS1	79	36	91
TNFRSF10C	6	8	7
TNFRSF10D	673	361	713
TNFRSF11A	1033	641	1107
TNFRSF11B	244	184	318
TNFRSF12A	123	160	199
TNFRSF13B	249	176	321
TNFRSF13C	87	60	106
TNFRSF14	570	407	772
TNFRSF14-AS1	82	61	112
TNFRSF17	6	5	3
TNFRSF18	36	33	68
TNFRSF19	14511	9738	24160
TNFRSF1A	1097	826	1278
TNFRSF1B	730	469	899
TNFRSF21	641	535	936
TNFRSF25	424	295	581
TNFRSF4	36	33	60
TNFRSF8	656	441	860
TNFRSF9	84	60	130
TNFSF10	270	227	361
TNFSF11	143	73	160
TNFSF12	4	3	9
TNFSF12-TNFSF13	17	6	13
TNFSF13B	830	638	1005
TNFSF14	12	8	15
TNFSF15	140	106	209
TNFSF18	61	38	61
TNFSF4	165	146	200
TNFSF8	210	116	264
TNFSF9	43	20	35
TNIK	3442	4285	4990
TNIP1	1400	1051	1812
TNIP2	470	360	627
TNIP3	437	291	691
TNK1	82	61	110
TNK2	2081	1696	2840
TNK2-AS1	51	21	39
TNKS	11736	8383	15274
TNKS1BP1	2699	1771	2967
TNKS2	4313	3234	5579
TNKS2-DT	60	49	103
TNMD	983	294	661
TNN	477	316	576
TNNC1	51	121	57
TNNC2	1671	3433	1912
TNNI1	228	493	256
TNNI2	369	1060	475
TNNI3	9	5	22
TNNT1	193	475	262
TNNT3	4841	12862	6081
TNP1	5	2	11
TNP2	4	6	5
TNPO1	10230	7130	13397
TNPO1-DT	122	71	149
TNPO2	2343	1619	3018
TNPO3	4765	3209	5681
TNR	1569	1009	2043
TNRC18	10633	7573	13819
TNRC18-AS1	16	9	25
TNRC6A	14853	9923	18809
TNRC6B	22296	15400	29291
TNRC6B-DT	6	6	20
TNRC6C	8555	5622	10340
TNS1	16694	11381	20196
TNS1-AS1	195	151	252
TNS2	2318	1840	2811
TNS2-AS1	1040	692	1230
TNS3	13913	9892	20799
TNS4	803	673	1189
TNXB	5716	3487	6857
TOB1	301	321	365
TOB1-AS1	400	348	526
TOB2	1328	1032	1499
TOE1	142	104	193
TOGARAM1	4559	3311	5995
TOGARAM2	396	338	535
TOLLIP	778	530	1118
TOLLIP-DT	11	11	15
TOM1	1376	1081	1853
TOM1L1	1373	1157	2428
TOM1L2	5361	4226	6893
TOM1L2-AS1	10	9	21
TOMM20	935	753	1209
TOMM20L	29	25	35
TOMM20L-DT	144	83	166
TOMM22	76	77	105
TOMM22-DT	203	140	269
TOMM34	338	271	445
TOMM40	374	284	485
TOMM40L	120	90	153
TOMM7	323	292	448
TOMM70	1563	1241	2029
TONSL	343	264	514
TONSL-AS1	8	11	15
TOP1	6791	4860	9056
TOP1MT	707	526	973
TOP2A	3109	2323	4813
TOP2B	7696	5184	10231
TOP3A	2562	1912	3667
TOP3B	1255	880	1569
TOPAZ1	463	288	615
TOPBP1	3190	2069	4136
TOR1A	515	432	720
TOR1AIP1	1743	1166	1906
TOR1AIP2	1926	1468	2508
TOR1B	571	435	788
TOR2A	71	58	99
TOR3A	263	207	385
TOR4A	43	30	47
TOX	7766	5112	14910
TOX-DT	80	76	150
TOX2	1624	1042	2220
TOX3	832	581	1428
TOX4	1692	1140	2169
TP53	1081	933	1688
TP53AIP1	114	118	176
TP53BP1	7702	5320	9448
TP53BP2	2244	1590	2667
TP53I11	939	593	1107
TP53I3	891	560	1190
TP53INP1	990	788	1314
TP53INP2	171	109	173
TP53RK	176	124	248
TP53RK-DT	4	10	9
TP53TG1	256	237	434
TP53TG3D	4	1	4
TP53TG5	142	112	243
TP63	5970	7020	10516
TP73	665	573	1004
TP73-AS2	18	10	14
TP73-AS3	33	31	48
TPBG	440	304	722
TPBGL	9	10	24
TPBGL-AS1	106	71	142
TPCN1	2215	1938	3080
TPCN2	756	595	1135
TPD52	2849	1893	4415
TPD52L1	789	984	1126
TPD52L2	1965	1305	2347
TPD52L3	8	4	8
TPGS1	334	237	428
TPGS2	2188	1553	2965
TPH1	91	65	132
TPH2	516	314	658
TPI1	416	440	468
TPK1	2417	1738	3590
TPL1	451	311	581
TPM1	9673	10525	12330
TPM1-AS	67	41	64
TPM2	3869	5682	4606
TPM3	3211	2231	3596
TPM4	8502	3516	6475
TPMT	326	264	486
TPO	637	400	717
TPP1	338	219	394
TPP2	6974	5132	9081
TPPP	218	175	302
TPPP-AS1	12	2	9
TPPP2	38	24	52
TPPP3	138	166	177
TPR	12356	8454	16436
TPRA1	638	414	767
TPRG1	2841	2115	3639
TPRG1-AS1	40	27	56
TPRG1-AS2	0	6	6
TPRG1L	87	65	118
TPRKB	845	622	1186
TPRN	250	202	321
TPRX1	75	64	103
TPRX2	4	3	1
TPSAB1	6	9	10
TPSB2	9	7	16
TPSD1	12	9	28
TPSG1	18	11	22
TPST1	15198	9738	18273
TPST2	1206	824	1670
TPT1	1918	1242	1870
TPT1-AS1	10062	6721	11129
TPTE	4	2	4
TPTE2	668	433	792
TPTEP2-CSNK1E	5130	3770	6462
TPX2	2395	1632	3205
TRA2A	11009	7387	13756
TRA2B	8432	5714	10716
TRABD	550	466	689
TRABD-AS1	42	38	65
TRABD2A	469	277	543
TRABD2B	6133	4426	7319
TRABD2B-AS1	11	10	16
TRAC	24	15	37
TRADD	261	192	358
TRAF1	638	438	781
TRAF2	802	608	1173
TRAF3	5125	3177	6410
TRAF3IP1	2408	1531	3037
TRAF3IP2	1055	765	1384
TRAF3IP2-AS1	9918	6497	12789
TRAF3IP3	155	147	191
TRAF4	333	204	439
TRAF5	2291	1628	2599
TRAF6	1294	1103	1819
TRAF7	628	415	648
TRAFD1	1652	1166	1952
TRAIP	346	252	462
TRAJ1	0	0	2
TRAJ11	0	0	2
TRAJ12	5	0	0
TRAJ13	0	1	0
TRAJ16	3	1	0
TRAJ18	0	0	4
TRAJ19	3	0	1
TRAJ2	0	2	0
TRAJ20	2	1	0
TRAJ21	0	1	0
TRAJ22	3	2	0
TRAJ23	2	0	5
TRAJ25	0	0	1
TRAJ26	0	1	2
TRAJ27	0	0	5
TRAJ28	0	0	0
TRAJ29	0	0	2
TRAJ3	0	0	3
TRAJ30	0	1	2
TRAJ31	0	1	5
TRAJ32	0	0	0
TRAJ38	0	2	0
TRAJ4	0	1	0
TRAJ41	4	0	0
TRAJ42	2	0	0
TRAJ43	0	1	0
TRAJ47	3	0	4
TRAJ48	0	1	2
TRAJ5	3	0	0
TRAJ52	0	1	0
TRAJ53	0	0	3
TRAJ54	2	3	2
TRAJ55	1	0	2
TRAJ56	2	2	3
TRAJ57	3	4	5
TRAJ58	3	0	6
TRAJ59	2	0	0
TRAJ6	3	0	0
TRAJ60	0	3	4
TRAJ7	0	1	0
TRAJ8	0	1	1
TRAK1	9093	6224	11505
TRAK2	3583	2599	4845
TRAM1	2188	1555	2709
TRAM1L1	71	53	87
TRAM2	3088	2056	4212
TRAM2-AS1	607	358	741
TRANK1	1827	1288	2071
TRAP1	3348	2764	4054
TRAPPC1	176	126	228
TRAPPC10	2980	1937	3771
TRAPPC11	3556	2460	4557
TRAPPC12	5501	3838	7091
TRAPPC12-AS1	7	1	4
TRAPPC13	1750	1336	2445
TRAPPC14	122	87	182
TRAPPC2	1004	663	1185
TRAPPC2L	329	242	443
TRAPPC3	1104	827	1420
TRAPPC3L	142	97	227
TRAPPC4	328	245	419
TRAPPC5	69	51	89
TRAPPC6A	390	279	521
TRAPPC6B	1718	1458	2430
TRAPPC8	4838	3420	6304
TRAPPC9	12095	8812	16129
TRARG1	80	43	86
TRAT1	130	71	137
TRAV1-1	2	0	2
TRAV10	0	4	4
TRAV11	0	1	4
TRAV12-1	3	2	7
TRAV12-2	3	1	1
TRAV12-3	3	1	6
TRAV13-1	0	0	0
TRAV13-2	1	1	2
TRAV14DV4	4	0	3
TRAV16	0	3	2
TRAV17	5	2	7
TRAV18	3	0	3
TRAV19	4	1	0
TRAV2	6	0	1
TRAV20	0	1	1
TRAV21	4	0	5
TRAV22	4	1	3
TRAV23DV6	1	0	0
TRAV24	8	0	5
TRAV26-1	4	2	7
TRAV26-2	0	1	0
TRAV27	6	1	5
TRAV29DV5	2	0	0
TRAV3	3	0	3
TRAV30	5	0	2
TRAV31	1	0	7
TRAV32	0	2	3
TRAV33	3	1	3
TRAV34	5	3	0
TRAV35	0	1	2
TRAV36DV7	2	0	2
TRAV38-1	5	1	3
TRAV38-2DV8	4	1	8
TRAV39	2	0	5
TRAV4	5	2	2
TRAV40	2	1	2
TRAV41	3	2	1
TRAV5	3	3	3
TRAV6	5	2	0
TRAV7	0	0	6
TRAV8-1	3	2	0
TRAV8-2	3	1	8
TRAV8-3	6	2	4
TRAV8-4	0	1	0
TRAV8-5	0	2	4
TRAV8-6	3	0	3
TRAV8-7	3	2	2
TRAV9-1	0	0	5
TRAV9-2	2	1	6
TRBC1	12	7	17
TRBC2	11	8	12
TRBD1	0	0	0
TRBJ1-1	1	0	0
TRBJ1-3	0	0	0
TRBJ1-4	0	0	4
TRBJ1-5	4	2	5
TRBJ1-6	1	0	8
TRBJ2-1	3	0	6
TRBJ2-2	4	3	8
TRBJ2-2P	2	2	6
TRBJ2-3	4	4	5
TRBJ2-7	0	1	3
TRBV1	0	0	3
TRBV10-1	6	3	5
TRBV10-2	2	3	3
TRBV10-3	2	2	1
TRBV11-1	3	0	11
TRBV11-3	4	3	2
TRBV12-1	2	0	8
TRBV12-2	4	0	8
TRBV12-3	0	7	2
TRBV12-4	3	4	1
TRBV12-5	0	3	4
TRBV13	0	1	3
TRBV14	2	2	2
TRBV15	0	2	0
TRBV16	0	0	3
TRBV17	2	1	6
TRBV18	1	1	3
TRBV19	4	2	0
TRBV2	2	5	6
TRBV20-1	3	1	5
TRBV20OR9-2	28	21	34
TRBV21-1	0	1	2
TRBV21OR9-2	3	2	3
TRBV22-1	0	2	6
TRBV22OR9-2	4	0	0
TRBV23-1	0	3	9
TRBV23OR9-2	0	1	3
TRBV24-1	3	1	1
TRBV24OR9-2	5	7	8
TRBV25-1	3	0	2
TRBV25OR9-2	2	0	4
TRBV26	5	0	1
TRBV26OR9-2	8	11	11
TRBV27	6	2	3
TRBV28	6	2	3
TRBV29-1	2	1	5
TRBV3-1	4	2	2
TRBV30	4	2	9
TRBV4-1	2	5	6
TRBV4-2	2	1	0
TRBV5-1	4	3	5
TRBV5-3	6	0	1
TRBV5-4	7	0	4
TRBV5-5	6	5	5
TRBV5-6	6	5	10
TRBV5-7	6	1	5
TRBV6-1	0	0	3
TRBV6-2	2	1	0
TRBV6-4	2	0	5
TRBV6-5	2	4	6
TRBV6-6	4	1	4
TRBV6-7	7	2	7
TRBV6-8	6	3	6
TRBV7-1	3	1	5
TRBV7-2	3	2	4
TRBV7-3	6	1	0
TRBV7-4	3	5	8
TRBV7-5	0	0	4
TRBV7-6	0	1	1
TRBV7-7	9	0	5
TRBV7-9	0	3	3
TRBV8-1	0	0	4
TRBV9	5	1	4
TRBVA	0	2	0
TRBVB	1	1	0
TRD-AS1	1075	641	1313
TRDC	15	10	20
TRDJ1	6	2	0
TRDJ2	3	0	0
TRDMT1	3129	2220	4246
TRDN	2385	6521	2800
TRDN-AS1	431	299	536
TRDV1	8	4	6
TRDV2	3	1	0
TREH	99	59	122
TREM1	71	32	86
TREM2	19	8	16
TREML1	9	20	19
TREML2	81	58	121
TREML4	14	11	28
TRERF1	11682	7575	14656
TRERNA1	14	2	11
TREX2	19	15	23
TRG-AS1	305	323	656
TRGC1	7	6	6
TRGC2	25	15	37
TRGJP1	0	0	1
TRGV1	4	0	2
TRGV10	8	1	1
TRGV11	0	0	1
TRGV2	3	1	5
TRGV3	5	5	9
TRGV4	0	3	3
TRGV5	5	7	7
TRGV5P	7	1	8
TRGV6	4	2	5
TRGV7	0	1	3
TRGV8	3	2	3
TRGV9	15	7	27
TRGVA	11	0	4
TRGVB	1	0	4
TRH	24	7	22
TRHDE	4015	2427	5034
TRHDE-AS1	743	457	924
TRHR	95	52	128
TRIAP1	50	50	84
TRIB1	339	194	391
TRIB1AL	329	242	365
TRIB2	1072	673	1350
TRIB3	211	119	255
TRIL	69	71	137
TRIM10	38	49	51
TRIM11	337	251	427
TRIM11-AS1	5	6	12
TRIM13	1417	1069	1902
TRIM14	544	386	748
TRIM15	16	10	24
TRIM16	809	659	1126
TRIM17	97	70	95
TRIM2	6	2	8
TRIM21	249	204	319
TRIM22	838	431	798
TRIM23	2118	1530	2673
TRIM24	4732	3054	6050
TRIM25	1151	818	1575
TRIM26	1385	886	1942
TRIM27	2811	1949	3570
TRIM28	705	467	868
TRIM29	1340	1009	1848
TRIM3	965	605	1166
TRIM31	41	27	67
TRIM31-AS1	104	75	110
TRIM32	439	334	521
TRIM33	6168	4227	8077
TRIM35	524	382	681
TRIM36	304	246	442
TRIM37	2688	1900	3354
TRIM38	2059	1441	2499
TRIM39	92	59	123
TRIM39-RPP21	19	10	18
TRIM4	2659	1977	3459
TRIM40	104	62	157
TRIM41	538	399	760
TRIM41-AS1	28	25	51
TRIM42	67	42	81
TRIM43	4	11	2
TRIM43B	7	4	9
TRIM44	6210	4325	7831
TRIM45	625	458	808
TRIM46	117	103	174
TRIM47	107	76	96
TRIM48	6	4	20
TRIM49	23	12	31
TRIM49B	22	12	26
TRIM49C	12	9	14
TRIM49D1	8	3	12
TRIM5	1097	779	1647
TRIM50	72	56	117
TRIM51	9	5	12
TRIM51G	6	3	6
TRIM52	897	638	1058
TRIM52-AS1	4	2	12
TRIM54	189	744	247
TRIM55	419	1007	523
TRIM56	1308	924	1655
TRIM58	181	83	179
TRIM59	165	124	214
TRIM59-IFT80	380	296	594
TRIM6	7	4	10
TRIM6-TRIM34	17	17	14
TRIM60	105	79	135
TRIM61	150	133	234
TRIM62	550	395	817
TRIM63	127	170	172
TRIM64	6	4	8
TRIM64B	21	20	26
TRIM64C	14	8	15
TRIM65	749	565	909
TRIM66	1208	1003	1761
TRIM67	229	123	280
TRIM67-AS1	12	6	11
TRIM68	312	226	400
TRIM69	413	266	505
TRIM7	101	86	105
TRIM7-AS1	49	45	84
TRIM7-AS2	49	32	62
TRIM71	633	284	718
TRIM72	234	518	218
TRIM73	40	40	57
TRIM74	40	29	50
TRIM75	26	14	34
TRIM77	10	5	17
TRIM8	608	484	781
TRIM8-DT	48	39	70
TRIM9	826	706	1093
TRIML1	26	16	47
TRIML2	56	51	119
TRINGS	1290	853	1727
TRIO	32615	21082	39303
TRIO-AS1	16	6	17
TRIOBP	2446	1661	3006
TRIP10	2155	1519	2420
TRIP10-AS1	22	21	34
TRIP11	6589	4744	8712
TRIP12	9964	7159	12167
TRIP13	477	335	681
TRIP4	3237	2320	3937
TRIP6	665	470	784
TRIQK	3148	2594	4784
TRIQK-AS1	314	225	458
TRIR	605	409	738
TRIT1	2232	1552	3014
TRMO	409	279	496
TRMT1	744	595	994
TRMT10A	282	196	349
TRMT10B	1909	1370	2461
TRMT10C	206	170	333
TRMT11	7022	5247	9201
TRMT112	72	70	126
TRMT12	292	213	370
TRMT13	4223	3068	5340
TRMT1L	857	651	1231
TRMT2A	572	401	924
TRMT2B	729	569	967
TRMT2B-AS1	141	67	176
TRMT44	1245	838	1648
TRMT44-AS1	3	3	7
TRMT5	687	608	958
TRMT6	442	324	597
TRMT61A	137	98	222
TRMT61A-DT	46	52	112
TRMT61B	1825	1228	2425
TRMT9B	1909	1230	1753
TRMU	2568	1891	3439
TRNAU1AP	1684	1208	2193
TRNP1	124	89	168
TRNT1	1815	1380	2490
TRO	2807	1805	3647
TROAP	483	340	725
TROAP-AS1	185	126	213
TRPA1	155	105	202
TRPC1	3690	2347	4133
TRPC3	1278	830	1419
TRPC3-AS1	214	158	269
TRPC4	680	535	952
TRPC4AP	10938	7431	13691
TRPC5	867	567	1092
TRPC5OS	83	62	105
TRPC6	8069	4540	9496
TRPC7	430	249	552
TRPC7-AS1	26	11	29
TRPC7-AS2	31	9	34
TRPM1	4473	3536	7807
TRPM1-AS1	183	146	236
TRPM2	410	299	607
TRPM2-AS	41	16	36
TRPM3	8630	5493	11794
TRPM4	1567	1039	1495
TRPM5	207	135	275
TRPM6	780	556	1021
TRPM7	6965	4823	9316
TRPM8	351	208	476
TRPS1	53249	39304	95844
TRPS1-AS1	10	6	12
TRPT1	193	194	270
TRPV1	356	252	488
TRPV2	187	112	252
TRPV3	729	543	884
TRPV4	1012	763	1565
TRPV5	112	75	138
TRPV6	439	363	934
TRRAP	10838	7238	14427
TRUB1	1559	1071	1943
TRUB2	499	426	676
TSACC	115	58	123
TSBP1	299	217	374
TSBP1-AS1	7565	4365	10824
TSC1	2919	2173	4205
TSC2	3581	2401	4472
TSC22D1	7122	5162	9290
TSC22D1-AS1	149	94	186
TSC22D2	7244	4551	8562
TSC22D3	674	464	766
TSC22D4	977	712	1358
TSEN15	1779	1265	2319
TSEN2	4363	2916	5592
TSEN34	139	97	169
TSEN54	500	423	644
TSFM	143	120	162
TSG101	2771	2048	3746
TSGA10	2015	1590	3000
TSGA10IP	43	39	77
TSGA13	148	61	168
TSHB	4	5	7
TSHR	1072	817	1797
TSHR-AS1	2214	1448	2664
TSHZ1	2809	1978	3550
TSHZ2	36987	16969	28721
TSHZ2-AS1	125	85	195
TSHZ3	5115	3549	6221
TSHZ3-AS1	778	629	1023
TSIX	408	282	552
TSKS	98	85	165
TSKU	295	234	469
TSKU-AS1	59	62	92
TSLP	52	21	66
TSN	693	598	1052
TSNARE1	2458	1784	3535
TSNAX	4	1	6
TSNAX-DISC1	686	428	876
TSNAXIP1	300	192	383
TSPAN1	118	112	193
TSPAN10	182	142	241
TSPAN11	2613	1818	3411
TSPAN12	736	627	923
TSPAN13	381	359	610
TSPAN14	4552	2729	4843
TSPAN14-AS1	55	25	46
TSPAN15	941	854	1212
TSPAN16	117	105	183
TSPAN16-AS1	149	76	177
TSPAN17	577	393	779
TSPAN18	9566	5606	11588
TSPAN18-AS1	127	94	136
TSPAN19	78	53	116
TSPAN2	398	332	576
TSPAN3	2815	2089	3638
TSPAN31	372	272	458
TSPAN32	227	174	307
TSPAN33	137	111	158
TSPAN4	1123	773	1390
TSPAN5	8559	4726	7732
TSPAN5-AS1	69	38	67
TSPAN5-DT	58	44	89
TSPAN6	269	117	269
TSPAN7	19	20	11
TSPAN8	1585	914	1814
TSPAN9	5906	4245	7471
TSPEAR	2614	1763	4750
TSPEAR-AS1	71	39	114
TSPEAR-AS2	36	30	76
TSPO	253	220	310
TSPO2	7	3	8
TSPOAP1	303	280	529
TSPOAP1-AS1	613	422	793
TSPY10	0	0	0
TSPY2	0	0	0
TSPYL1	351	287	400
TSPYL2	922	462	882
TSPYL4	746	576	906
TSPYL5	182	121	252
TSPYL6	16	10	12
TSR1	1238	862	1665
TSR2	407	289	506
TSR3	80	61	93
TSSC4	125	88	132
TSSK2	0	0	9
TSSK3	380	302	432
TSSK4	12	15	12
TSSK6	26	32	42
TST	93	95	131
TSTD1	0	0	2
TSTD2	2072	1561	2710
TSTD3	2481	2150	3159
TTBK1	303	170	378
TTBK2	3625	2781	4497
TTBK2-AS1	37	33	45
TTC1	2282	1712	2967
TTC12	1200	768	1566
TTC12-DT	180	125	302
TTC13	2218	1518	2841
TTC14	6485	4307	8022
TTC14-DT	113	86	177
TTC16	107	99	170
TTC17	18835	13452	24273
TTC19	2933	1994	3539
TTC21A	765	461	898
TTC21B	7178	4246	8383
TTC21B-AS1	76	39	85
TTC22	114	105	191
TTC23	3589	2350	4550
TTC23-AS1	36	43	44
TTC23L	639	378	739
TTC23L-AS1	17	11	20
TTC24	24	20	33
TTC26	2052	1346	2606
TTC27	6692	3803	7208
TTC28	46604	28305	56683
TTC28-AS1	4039	2896	5346
TTC29	827	556	1134
TTC29-AS1	32	27	31
TTC3	24920	16569	32026
TTC3-AS1	22	23	47
TTC30A	60	40	89
TTC30B	35	39	69
TTC31	1085	720	1320
TTC32	389	351	517
TTC32-DT	9	6	10
TTC33	2574	1724	3290
TTC34	359	217	553
TTC36	43	36	83
TTC36-AS1	222	144	272
TTC37	9789	6658	12587
TTC38	876	625	1050
TTC39A	378	262	504
TTC39A-AS1	41	27	59
TTC39B	3256	2323	4129
TTC39C	5576	3835	7155
TTC39C-AS1	202	158	289
TTC4	12	1	15
TTC5	1302	898	1686
TTC6	1689	1183	2179
TTC7A	3600	2487	4057
TTC7B	7700	5144	10089
TTC7B-AS1	28	12	36
TTC7B-AS2	8	9	10
TTC7B-AS3	9	6	14
TTC8	1578	1226	2056
TTC9	286	233	471
TTC9B	24	17	26
TTC9C	965	795	1429
TTF1	1750	1248	2222
TTF2	1906	1378	2561
TTI1	2011	1460	2766
TTI2	880	618	1183
TTK	968	697	1444
TTL	2162	1581	2927
TTLL1	1136	809	1568
TTLL1-AS1	116	86	166
TTLL10	93	82	120
TTLL10-AS1	22	18	48
TTLL11	4700	3563	5748
TTLL12	325	263	402
TTLL2	90	58	109
TTLL3	526	338	658
TTLL4	1091	788	1437
TTLL5	7177	4851	9700
TTLL6	165	107	229
TTLL7	3563	2620	4437
TTLL8	132	76	142
TTLL9	366	268	500
TTN	44196	163764	51467
TTN-AS1	5711	4757	8742
TTPA	236	194	319
TTPAL	428	279	544
TTR	232	150	312
TTTY10	93	68	131
TTTY12	0	0	0
TTTY13	48	26	42
TTTY14	446	321	592
TTTY17C	0	0	0
TTTY18	37	30	57
TTTY1B	0	0	0
TTTY20	0	0	0
TTTY22	3	3	4
TTTY2B	1	3	0
TTTY4	0	0	1
TTYH1	222	158	351
TTYH2	1202	849	1541
TTYH3	1720	1185	2186
TUB	1031	590	1101
TUBA1A	2351	1035	2352
TUBA1B	307	273	407
TUBA1B-AS1	1641	1160	2215
TUBA1C	849	705	1093
TUBA1C-AS1	433	275	538
TUBA3C	43	22	57
TUBA3D	20	17	34
TUBA3E	12	18	21
TUBA3FP	54	39	81
TUBA4A	221	198	299
TUBA4B	79	57	101
TUBA8	150	131	199
TUBAL3	16	28	37
TUBB	951	843	1500
TUBB1	44	54	63
TUBB2A	127	59	124
TUBB2B	96	76	109
TUBB3	6	3	10
TUBB4A	32	37	82
TUBB4B	287	195	292
TUBB6	2522	1614	2542
TUBB8	109	69	130
TUBB8B	5	3	9
TUBD1	981	712	1451
TUBE1	2495	1640	3077
TUBG1	204	226	306
TUBG2	730	574	1011
TUBGCP2	2864	2335	3811
TUBGCP3	6059	4010	7756
TUBGCP4	1060	754	1339
TUBGCP5	3731	2443	4911
TUBGCP6	1938	1448	2514
TUFM	267	209	362
TUFT1	530	411	643
TUG1	3114	2083	3922
TULP1	290	161	406
TULP2	373	250	483
TULP3	4643	3174	5575
TULP4	4255	3052	5905
TUNAR	136	78	193
TUSC1	36	22	37
TUSC2	150	96	155
TUSC3	8910	5817	12003
TUSC7	42	25	51
TUSC8	28	15	34
TUT1	9	4	9
TUT4	16437	12250	22109
TUT7	4869	3568	6423
TVP23A	945	513	935
TVP23B	791	620	1241
TVP23C-CDRT4	1599	1154	2137
TWF1	416	256	558
TWF2	252	162	296
TWF2-DT	20	21	39
TWIST1	7219	4621	11276
TWIST2	42433	24664	67966
TWNK	224	180	247
TWSG1	1996	1401	2588
TWSG1-DT	164	107	275
TXK	620	442	896
TXLNA	2826	1962	3462
TXLNB	146	268	172
TXLNG	2536	1518	2710
TXN	531	464	764
TXN2	411	304	540
TXNDC11	2100	1533	2513
TXNDC11-AS1	44	29	60
TXNDC12	692	486	874
TXNDC12-AS1	6	5	4
TXNDC15	2226	1052	1864
TXNDC16	1660	1189	2217
TXNDC17	128	117	151
TXNDC2	13	12	17
TXNDC8	101	67	139
TXNDC9	1199	907	1674
TXNIP	1053	1074	1186
TXNL1	2208	1846	2876
TXNL4A	2064	1485	2729
TXNL4B	910	616	1133
TXNRD1	3097	2219	3776
TXNRD1-AS1	74	44	93
TXNRD2	1169	950	1588
TXNRD3	1998	1338	2353
TYK2	2003	1233	2448
TYMP	123	69	104
TYMS	800	536	1172
TYMSOS	159	143	327
TYR	1405	1293	2426
TYRO3	584	414	687
TYROBP	21	29	38
TYRP1	983	687	2001
TYSND1	339	294	479
TYW1	4644	3400	5979
TYW1B	3854	2854	5076
TYW3	1501	943	1861
TYW5	1627	1140	2116
U2AF1	52	254	67
U2AF2	2096	1579	2763
U2SURP	13637	9503	18198
U2SURP-AS1	23	22	38
UACA	12802	8763	15861
UAP1	1771	1094	1814
UAP1-DT	6	9	5
UAP1L1	114	72	141
UBA1	2445	1745	3071
UBA2	3981	2902	5052
UBA3	2802	1946	3523
UBA5	3420	2121	4232
UBA52	292	250	331
UBA6	5835	3956	7665
UBA6-DT	5652	6287	7174
UBA7	361	199	378
UBAC1	1087	984	1397
UBAC2	7953	6138	10576
UBAC2-AS1	165	91	224
UBALD1	221	152	249
UBALD2	187	121	232
UBAP1	4431	3067	5418
UBAP1L	765	537	977
UBAP2	7397	5999	9116
UBAP2L	5269	3657	7046
UBASH3A	112	93	184
UBASH3B	3218	2133	5564
UBB	655	667	833
UBB-AS1	3	1	6
UBC	1498	1070	1683
UBE2A	1499	1112	2046
UBE2B	2948	2109	3481
UBE2C	234	170	361
UBE2D1	1064	750	1293
UBE2D2	6608	5215	8787
UBE2D3	7193	5234	9046
UBE2D3-AS1	434	342	571
UBE2D4	389	281	496
UBE2E1	9390	6384	11876
UBE2E1-AS1	12	11	26
UBE2E2	22476	14768	24014
UBE2E2-DT	306	185	344
UBE2E3	10790	7211	13474
UBE2E3-DT	7	5	8
UBE2F	14	5	13
UBE2F-SCLY	302	190	365
UBE2G1	5600	4121	6823
UBE2G2	3760	2868	5029
UBE2H	8667	6072	10224
UBE2H-DT	274	213	384
UBE2I	2424	1812	3576
UBE2I-AS1	51	49	81
UBE2J1	1589	1149	1895
UBE2J2	1727	1157	2123
UBE2K	10832	7494	12908
UBE2L3	2422	1892	3118
UBE2L5	41	39	57
UBE2L6	212	139	261
UBE2M	116	89	184
UBE2N	2812	1826	3525
UBE2NL	2	3	6
UBE2O	2516	1721	3111
UBE2Q1	351	274	529
UBE2Q1-AS1	2	5	8
UBE2Q2	3964	2637	5131
UBE2QL1	290	203	333
UBE2R2	7618	5582	9424
UBE2R2-AS1	502	305	622
UBE2S	198	139	262
UBE2T	323	293	592
UBE2U	322	214	410
UBE2V2	2769	2087	3645
UBE2W	0	4	1
UBE2Z	1590	1060	1916
UBE3A	9144	6463	11442
UBE3B	2693	1879	3542
UBE3C	8897	6207	11138
UBE3D	5529	3853	7683
UBE4A	2903	2064	3902
UBE4B	7094	5121	9346
UBFD1	684	488	904
UBIAD1	281	267	393
UBL3	4317	3028	5186
UBL4A	61	47	72
UBL4B	10	5	6
UBL5	238	179	268
UBL7	309	250	436
UBL7-DT	679	613	1012
UBLCP1	1085	626	1357
UBN1	2145	1484	2659
UBN2	3982	3002	5314
UBOX5	916	682	1215
UBOX5-AS1	269	212	387
UBP1	3415	2367	4316
UBQLN1	3741	2922	5097
UBQLN1-AS1	95	60	124
UBQLN2	235	255	367
UBQLN4	444	362	559
UBR1	7971	5486	10348
UBR2	8987	6541	11276
UBR3	11584	8345	13651
UBR4	5864	4018	7669
UBR5	14288	9956	17290
UBR5-DT	222	176	259
UBR7	238	173	326
UBTD1	1208	867	1268
UBTD2	4363	2956	5189
UBTF	2040	1482	2546
UBTFL1	0	1	0
UBXN1	496	383	560
UBXN10	56	43	86
UBXN11	1026	583	1176
UBXN2A	5574	4069	7357
UBXN2B	902	791	1289
UBXN4	6064	4246	7812
UBXN6	722	470	843
UBXN7	4114	2989	5303
UBXN7-AS1	80	39	88
UBXN8	487	323	549
UCA1	32	11	32
UCHL1	218	174	284
UCHL1-DT	91	62	119
UCHL3	31	10	32
UCHL5	2420	1738	3294
UCK1	222	178	299
UCK2	2593	1736	3221
UCKL1	1019	716	1407
UCKL1-AS1	113	66	128
UCMA	62	31	80
UCN	17	18	39
UCN2	16	8	28
UCN3	27	22	36
UCP1	38	17	36
UCP2	331	371	401
UCP3	142	120	208
UEVLD	1626	1200	2163
UFC1	570	413	711
UFD1	1173	802	1563
UFD1-AS1	15	30	31
UFL1	2603	1974	3363
UFL1-AS1	2717	1947	3698
UFM1	1886	1347	2295
UFSP1	27	32	27
UFSP2	1837	1334	2398
UGCG	1794	1318	2010
UGDH	1361	1036	1618
UGDH-AS1	1728	1344	2276
UGGT1	3137	2342	4160
UGGT2	14689	9365	16759
UGP2	5355	4109	6979
UGT1A8	37	16	31
UGT2A1	71	45	105
UGT2A3	53	33	77
UGT2B10	44	35	42
UGT2B11	41	25	85
UGT2B11-AS1	109	53	130
UGT2B15	161	117	212
UGT2B17	34	32	75
UGT2B28	24	19	33
UGT2B4	150	118	232
UGT2B7	879	642	1003
UGT3A1	174	232	258
UGT3A2	226	194	338
UGT8	262	189	411
UHMK1	1125	842	1340
UHRF1	990	677	1354
UHRF1BP1	2124	1537	2520
UHRF1BP1L	4367	3226	5576
UHRF1BP1L-DT	13	8	19
UHRF2	4988	3350	6037
UHRF2-AS1	224	180	274
UICLM	114	108	148
UIMC1	6567	4616	8162
ULBP1	35	31	55
ULBP2	39	21	34
ULBP3	54	48	79
ULK1	1835	1311	2413
ULK2	4258	3021	5387
ULK3	806	683	1131
ULK4	8005	5515	10871
UMAD1	19	9	30
UMLILO	62	47	65
UMOD	107	64	101
UMODL1	350	205	438
UMODL1-AS1	41	16	41
UMPS	930	771	1311
UNC119B	390	326	563
UNC13A	393	292	503
UNC13B	3111	2514	4217
UNC13C	4380	2857	5785
UNC13D	255	282	401
UNC45A	1282	931	1591
UNC45B	240	488	270
UNC50	1193	955	1661
UNC5A	339	155	365
UNC5B	1820	1239	1988
UNC5B-AS1	14	14	14
UNC5C	3175	1763	3742
UNC5C-AS1	25	15	24
UNC5CL	116	77	159
UNC5D	2397	1536	3287
UNC79	1299	909	1812
UNC80	1013	814	1262
UNC93A	139	96	173
UNC93B1	173	115	182
UNCX	13	8	17
UNG	731	529	924
UNK	5874	4395	7600
UNKL	1553	1252	2291
UNKL-AS1	18	11	25
UPB1	237	155	326
UPF1	1337	919	1707
UPF2	12466	8958	15552
UPF3A	5237	3871	7342
UPF3B	1579	1104	2089
UPK1A	70	57	137
UPK1A-AS1	22	15	26
UPK1B	106	68	188
UPK2	394	286	564
UPK3A	54	38	75
UPK3B	47	42	50
UPP1	254	195	410
UPP2	2141	1563	2728
UPRT	1085	693	1390
UQCC1	4008	3073	5395
UQCC2	1056	885	1442
UQCC3	163	174	223
UQCR10	186	204	260
UQCRB	317	312	469
UQCRB-AS1	38	30	47
UQCRC1	1007	729	1277
UQCRC2	2814	2123	3806
UQCRFS1	200	178	280
UQCRFS1-DT	34	22	40
UQCRH	851	690	1011
UQCRHL	63	55	68
UQCRQ	319	260	412
URAD	44	19	72
URB1	2982	2301	3960
URB1-AS1	23	25	32
URB2	618	418	696
URGCP	490	429	740
URGCP-MRPS24	57	34	63
URI1	6916	4827	8803
URM1	754	515	969
UROC1	139	90	157
UROD	512	365	653
UROS	1037	794	1450
USB1	395	278	529
USE1	640	456	812
USF1	886	587	1021
USF2	1064	820	1357
USF3	1422	1197	1981
USH1C	223	142	307
USH1G	30	25	62
USH2A	2765	1797	3467
USH2A-AS1	26	24	35
USH2A-AS2	71	44	64
USHBP1	367	285	466
USO1	7026	5245	8270
USP1	1110	892	1540
USP10	4384	3081	5731
USP11	1485	1086	1882
USP12	3813	2717	4587
USP12-AS1	29	27	46
USP12-DT	148	142	262
USP13	409	340	545
USP14	3434	2602	4294
USP15	11081	8309	14225
USP16	3133	2035	3994
USP17L1	3	3	0
USP17L10	2	0	0
USP17L15	0	1	1
USP17L18	3	0	2
USP17L2	10	6	7
USP17L22	3	0	4
USP17L7	5	2	6
USP18	265	212	343
USP19	691	482	859
USP2	269	272	368
USP2-AS1	1308	924	1466
USP20	1407	1043	1832
USP21	565	433	760
USP22	4470	3033	5591
USP24	8088	5677	9703
USP25	8937	6635	11280
USP26	193	119	305
USP27X	102	66	147
USP27X-DT	23	11	17
USP28	2402	1941	3012
USP29	16	16	25
USP3	7916	5563	9671
USP3-AS1	635	561	969
USP30	981	715	1298
USP30-AS1	9	8	11
USP31	3416	2060	4112
USP32	7904	5496	9987
USP33	12289	8123	14239
USP34	19155	13860	25165
USP34-DT	229	222	397
USP35	360	248	437
USP36	3524	2468	4434
USP37	4837	3697	6058
USP38	763	581	965
USP38-DT	2944	2187	3004
USP39	1504	1107	1891
USP4	4835	3507	6108
USP40	3950	3110	6111
USP42	2197	1475	2692
USP43	509	386	888
USP44	242	162	322
USP45	3081	2157	4113
USP46	2072	1532	2609
USP46-DT	94	83	147
USP47	13948	10007	18246
USP48	13260	9280	16382
USP49	91	78	109
USP5	517	375	600
USP50	453	298	558
USP51	127	65	125
USP53	2482	1893	3675
USP54	3312	2528	4599
USP6	297	411	398
USP6NL	4950	3658	6300
USP6NL-AS1	22	9	27
USP7	3851	2803	5202
USP7-AS1	23	14	24
USP8	6131	4440	8129
USP9X	8346	5785	10265
USP9Y	599	458	772
USPL1	2593	1754	3036
UST	18562	10543	21671
UST-AS1	35	16	36
UST-AS2	17	4	21
UTF1	0	0	4
UTP11	1048	854	1370
UTP14A	1438	1072	1898
UTP15	389	229	482
UTP18	2058	1429	2663
UTP20	2841	2001	3740
UTP23	1037	820	1379
UTP25	918	690	1209
UTP3	252	214	311
UTP4	1632	1121	2115
UTP6	3738	2449	4600
UTRN	41172	25738	48972
UTS2	51	39	75
UTS2B	298	180	414
UTS2R	22	18	35
UTY	345	220	434
UVRAG	9732	6393	11946
UVRAG-DT	90	54	110
UVSSA	2029	1553	2790
UXS1	2364	1663	3159
UXT	394	291	507
UXT-AS1	128	99	185
VAC14	2254	1697	2978
VAC14-AS1	110	82	133
VAC14-AS2	2	2	5
VAMP1	248	162	288
VAMP1-AS1	7	3	6
VAMP2	0	4	4
VAMP3	662	428	837
VAMP4	2200	1584	2902
VAMP5	134	107	224
VAMP8	211	199	364
VANGL1	1016	731	1228
VANGL2	1014	784	1540
VAPA	5390	3939	6672
VAPB	3303	2321	4254
VARS1	450	365	604
VASH1	695	519	901
VASH1-AS1	145	115	191
VASH1-DT	451	310	677
VASH2	1657	917	1957
VASN	367	195	346
VASP	647	431	749
VAT1	188	124	212
VAT1L	1710	1061	2148
VAV1	307	255	428
VAV2	4641	3037	6047
VAV3	7160	5931	8613
VAV3-AS1	150	114	186
VAX1	18	16	42
VAX2	191	129	297
VBP1	671	558	959
VCAM1	475	315	510
VCAN	33452	22106	35929
VCAN-AS1	380	245	389
VCL	8556	5214	9565
VCP	1275	898	1684
VCPIP1	1007	759	1197
VCPKMT	763	585	1092
VCX	10	3	1
VCX2	3	0	0
VCX3A	0	0	2
VCX3B	2	2	3
VDAC1	1439	1072	1746
VDAC2	1382	1030	1795
VDAC3	1701	1359	2113
VDR	806	837	1035
VEGFA	2436	1427	2275
VEGFB	386	253	448
VEGFC	2643	1698	2418
VEGFD	205	172	249
VENTX	15	13	20
VEPH1	2065	1327	3069
VEZF1	1314	961	2021
VEZT	6707	4931	8934
VGF	18	15	33
VGLL1	116	66	262
VGLL2	55	138	88
VGLL3	3793	2736	5086
VGLL4	16978	11104	19961
VHL	1287	960	1710
VHLL	3	2	6
VIL1	137	107	210
VILL	703	503	975
VILMIR	56	35	53
VIM	8945	5208	10917
VIM-AS1	357	179	501
VIP	144	52	91
VIPAS39	944	697	1260
VIPR1	707	510	1067
VIPR1-AS1	93	89	145
VIPR2	861	799	1467
VIRMA	2689	1967	3653
VIRMA-DT	513	388	693
VIT	2815	956	1895
VKORC1	15	6	17
VKORC1L1	4888	3362	5589
VLDLR	740	541	759
VLDLR-AS1	2274	1673	2606
VMA21	294	204	366
VMO1	27	8	18
VMP1	7864	4960	8438
VN1R2	15	7	22
VN1R4	2	1	4
VN1R5	6	3	4
VNN1	120	78	130
VNN2	67	35	60
VOPP1	3600	2210	4740
VOPP1-DT	24	29	39
VPREB1	0	2	3
VPREB3	3	5	8
VPS11	454	347	612
VPS11-DT	26	22	33
VPS13A	5912	4924	8190
VPS13A-AS1	22	18	32
VPS13B	45651	30049	57507
VPS13B-DT	1634	1396	2280
VPS13C	10413	7147	13651
VPS13C-DT	8	15	26
VPS13D	11353	8550	14574
VPS16	791	594	1015
VPS18	221	167	350
VPS25	313	278	422
VPS26A	2915	1964	3604
VPS26B	1172	805	1305
VPS26C	2570	1800	3281
VPS28	682	560	1018
VPS29	1954	1577	2403
VPS33A	4	4	4
VPS33B-DT	49	32	81
VPS35	2126	1531	2603
VPS35L	5821	4114	7687
VPS36	5519	3963	6782
VPS37A	2787	1983	3523
VPS37B	3296	2012	4096
VPS37C	1006	677	1280
VPS37D	52	35	72
VPS39	4165	3136	5376
VPS39-DT	67	47	83
VPS41	5853	4214	8057
VPS45	5653	4073	7218
VPS45-AS1	735	513	931
VPS4A	203	156	266
VPS4B	2544	1885	3282
VPS50	4955	3532	7096
VPS51	1564	1157	2124
VPS52	1227	907	1601
VPS53	7555	5836	9199
VPS53-AS1	83	71	135
VPS54	9196	6339	11913
VPS72	760	588	1071
VPS8	9439	7457	11852
VPS9D1	780	591	1041
VPS9D1-AS1	125	102	160
VRK1	3740	2528	5235
VRK2	4922	3415	6275
VRK3	1266	892	1781
VRTN	164	127	237
VSIG1	226	134	280
VSIG10	2317	1743	3145
VSIG10L	104	69	148
VSIG10L-AS1	8	6	11
VSIG10L2	107	45	99
VSIG2	77	53	107
VSIG4	135	99	209
VSIR	432	321	565
VSNL1	1113	1218	1509
VSTM1	93	70	114
VSTM2A	36	26	55
VSTM2A-OT1	4	0	5
VSTM2B	221	135	288
VSTM2B-DT	555	354	747
VSTM2L	371	315	569
VSTM4	7350	5097	8961
VSTM5	297	200	417
VSX1	52	24	48
VSX2	149	78	171
VTA1	3003	2000	3654
VTCN1	299	367	380
VTI1A	13487	9653	17411
VTI1B	377	278	455
VTN	48	47	56
VWA1	64	70	112
VWA2	963	787	1591
VWA3A	369	232	415
VWA3B	665	446	877
VWA5A	434	371	513
VWA5B1	278	195	350
VWA5B1-AS1	318	190	340
VWA5B2	67	49	88
VWA7	79	55	94
VWA8	8353	6061	10703
VWA8-AS1	105	84	152
VWC2	722	546	1031
VWC2L	379	245	507
VWCE	495	382	645
VWDE	300	230	760
VWF	3555	1973	3901
WAC	11719	7868	14508
WAC-AS1	930	746	1224
WAKMAR2	460	397	635
WAPL	5100	3583	6619
WAPL-DT	63	64	122
WARS1	894	625	1178
WARS1-AS1	77	65	99
WARS2	3790	2764	4492
WARS2-AS1	6489	3747	7870
WARS2-IT1	126	61	101
WAS	140	100	155
WASF1	2679	1865	3461
WASF2	8454	5893	9978
WASF3	2030	1205	2260
WASF3-AS1	88	48	103
WASHC1	509	337	564
WASHC2A	1499	1080	1996
WASHC2C	1503	1152	2054
WASHC3	2195	1538	2830
WASHC4	8043	5768	10856
WASHC5	2265	1590	2873
WASHC5-AS1	6	13	17
WASIR2	9	7	7
WASL	3345	2324	3915
WASL-DT	93	75	137
WBP11	1354	837	1727
WBP1L	3257	2243	4078
WBP2	662	523	1003
WBP2NL	794	540	1012
WBP4	2325	1712	2938
WDCP	313	236	391
WDFY1	0	3	6
WDFY2	8042	6113	9769
WDFY3	14320	10069	18434
WDFY3-AS1	97	59	117
WDFY3-AS2	415	289	601
WDFY4	1273	946	1733
WDHD1	2244	1645	3370
WDPCP	19254	12944	25667
WDR1	2785	1717	3013
WDR1-AS1	26	16	28
WDR11	3829	2815	5510
WDR11-DT	438	359	634
WDR12	1898	1342	2333
WDR13	780	587	1033
WDR17	830	629	1303
WDR18	256	169	337
WDR19	3489	2183	4277
WDR19-DT	408	259	529
WDR20	4426	3201	5541
WDR24	160	101	212
WDR25	2005	1362	2627
WDR26	3832	2897	5077
WDR3	1081	786	1332
WDR31	766	519	1006
WDR33	8336	6189	11048
WDR35	3601	2568	4901
WDR35-DT	37	38	50
WDR36	2043	1330	2338
WDR37	4304	3118	5829
WDR38	17	16	26
WDR4	1289	986	1649
WDR41	4905	3135	5839
WDR43	4246	2996	5061
WDR44	3244	2598	3716
WDR45	465	358	637
WDR45B	2727	2058	3677
WDR46	1512	1121	1921
WDR47	2136	1439	2668
WDR48	2241	1437	2953
WDR49	587	404	823
WDR5	1904	1350	2211
WDR5-DT	11	10	18
WDR53	357	256	534
WDR54	101	84	135
WDR55	620	498	753
WDR59	4153	3042	5298
WDR5B	204	152	277
WDR5B-DT	1118	765	1415
WDR6	1855	1472	2292
WDR61	1702	1196	2314
WDR62	616	446	853
WDR64	724	506	967
WDR7	7373	5089	9743
WDR7-AS1	3	1	2
WDR7-OT1	79	56	149
WDR70	17030	11604	21323
WDR72	834	528	1000
WDR73	1953	1474	2566
WDR74	967	644	1145
WDR75	2661	1932	3420
WDR76	1802	1206	2479
WDR77	484	312	552
WDR81	505	362	614
WDR81-AS1	52	44	59
WDR82	1571	1167	1914
WDR83	282	207	405
WDR86	1404	833	2164
WDR86-AS1	40	50	86
WDR87	99	102	145
WDR88	126	104	174
WDR89	1048	778	1466
WDR90	593	431	767
WDR91	993	661	1311
WDR93	264	179	362
WDR97	103	86	153
WDSUB1	1889	1543	2503
WDTC1	1798	1296	2270
WDTC1-DT	19	16	19
WEE1	1369	838	1617
WEE2	91	45	132
WEE2-AS1	703	394	747
WFDC1	500	360	773
WFDC10A	5	1	5
WFDC10B	63	54	87
WFDC11	49	23	56
WFDC12	4	3	1
WFDC13	23	9	20
WFDC2	66	48	102
WFDC3	205	141	250
WFDC5	26	19	25
WFDC8	96	38	112
WFDC9	39	18	61
WFIKKN1	55	35	73
WFIKKN2	53	43	79
WFS1	733	431	831
WFS1-AS1	47	39	70
WHAMM	1022	753	1290
WHRN	1211	718	1358
WIF1	1962	1036	2917
WIPF1	11302	7080	13076
WIPF2	3587	2407	4311
WIPF3	582	734	809
WIPI1	2129	1436	2698
WIPI2	1615	1221	2094
WIZ	604	454	828
WLS	10009	6854	12226
WNK1	9031	6687	11178
WNK2	2184	1718	3509
WNK3	1603	1072	2240
WNK4	209	146	199
WNT1	28	15	39
WNT10A	270	207	476
WNT10B	189	136	378
WNT11	964	687	1124
WNT16	302	342	390
WNT2	746	317	659
WNT2B	1200	782	1499
WNT3	923	534	1680
WNT3A	261	168	436
WNT4	313	256	482
WNT5A	1525	1118	2270
WNT5A-AS1	29	9	33
WNT5B	6961	4348	7713
WNT6	199	122	329
WNT7A	347	207	545
WNT7B	483	334	758
WNT8A	19	14	25
WNT8B	81	45	71
WNT9A	477	422	731
WNT9B	204	126	236
WRAP53	402	284	491
WRAP73	697	473	981
WRN	8448	6012	10827
WRN-AS1	28	11	42
WRNIP1	1143	822	1253
WSB1	20145	13503	25540
WSB2	898	577	1017
WSCD1	250	229	295
WSCD2	1231	518	1148
WSPAR	9	5	14
WT1	208	120	272
WT1-AS	227	159	327
WTAP	3104	2202	3840
WTIP	1259	802	1459
WWC1	1817	1545	2621
WWC2	10071	6156	11529
WWC2-AS1	37	20	35
WWC2-AS2	71	48	136
WWC3	3596	2395	4856
WWC3-AS1	45	41	78
WWOX	36189	27812	47221
WWOX-AS1	27	20	29
WWOX-AS2	72	31	77
WWP1	6837	5150	8392
WWP1-AS1	72	51	114
WWP2	3327	2401	4278
WWTR1	12595	8853	13557
WWTR1-AS1	76	35	106
XAB2	403	281	486
XACT	1316	854	1958
XAF1	1487	936	1854
XAGE2	49	38	139
XAGE3	16	18	64
XAGE5	19	14	16
XBP1	507	309	609
XCL1	11	8	25
XCL2	11	4	10
XCR1	225	140	301
XDH	415	370	583
XG	522	342	524
XIAP	3573	2592	4471
XIAP-AS1	10	6	4
XIRP1	96	202	127
XIRP2	1338	2084	1716
XIRP2-AS1	59	40	67
XIST	59065	42304	80367
XKR3	178	122	203
XKR4	6492	4113	11493
XKR4-AS1	9	7	17
XKR5	288	164	422
XKR6	4867	3902	7485
XKR7	113	78	148
XKR8	108	89	164
XKR9	0	1	2
XKRX	158	143	253
XNDC1N-ZNF705EP-ALG1L9P	603	387	733
XPA	2830	2120	3675
XPC	3816	2519	4711
XPC-AS1	108	57	127
XPNPEP1	2835	1875	3485
XPNPEP2	450	273	502
XPNPEP3	2432	1787	3285
XPO1	14990	11375	20540
XPO4	5139	3764	6430
XPO5	2033	1440	2608
XPO6	3905	2874	5444
XPO7	4493	3126	5751
XPOT	2500	1876	3022
XPR1	7853	5114	10242
XRCC1	625	420	777
XRCC2	1537	927	2137
XRCC3	455	306	595
XRCC4	2985	2248	4250
XRCC5	10457	6964	14030
XRCC6	2491	1913	3428
XRN1	9613	6422	12259
XRN2	6253	4089	7780
XRRA1	8005	3246	7991
XXYLT1	3727	2594	4782
XXYLT1-AS1	4	1	4
XXYLT1-AS2	18	22	52
XYLB	2400	1588	2896
XYLT1	8789	5805	10378
XYLT2	573	412	768
YAE1	1566	1257	2331
YAE1-DT	107	49	148
YAF2	3213	2258	4092
YAP1	12255	8507	17285
YAP1-DT	12	14	12
YARS1	2021	1431	2448
YARS2	1045	731	1398
YBEY	943	788	1278
YBX1	1855	1147	2146
YBX2	24	33	37
YBX3	2319	1438	1882
YDJC	46	28	35
YEATS2	9182	6421	12553
YEATS2-AS1	28	15	37
YEATS4	669	508	977
YES1	4275	2845	4661
YIF1A	198	172	228
YIF1B	458	315	512
YIPF1	669	478	918
YIPF2	361	261	476
YIPF3	672	412	828
YIPF4	3242	2426	4297
YIPF5	624	462	824
YIPF6	1421	1004	1830
YIPF7	287	201	382
YJEFN3	174	149	224
YJU2	404	287	480
YJU2B	3029	2303	4169
YKT6	462	315	593
YLPM1	7995	5472	10203
YME1L1	5686	4136	7510
YOD1	360	275	480
YPEL1	1827	1218	2707
YPEL2	2743	1921	3230
YPEL3	260	199	415
YPEL3-DT	70	71	99
YPEL4	81	82	102
YPEL5	1135	802	1354
YRDC	89	56	130
YTHDC1	8617	6364	11242
YTHDC2	5595	3734	7378
YTHDF1	720	509	933
YTHDF2	2653	1954	3457
YTHDF3	3992	2784	5399
YTHDF3-DT	21	16	32
YWHAB	1821	1257	2222
YWHAE	9340	6594	11539
YWHAG	2325	1760	2643
YWHAH	102	81	127
YWHAH-AS1	173	107	207
YWHAQ	5996	4202	7542
YWHAZ	7682	4142	7815
YY1	2277	1648	2682
YY1-DT	409	311	594
YY1AP1	3303	2406	4234
ZACN	81	48	106
ZADH2	1030	821	1397
ZAN	228	160	291
ZAP70	155	105	175
ZAR1	31	19	44
ZAR1L	77	51	107
ZBBX	482	363	601
ZBED2	11	10	14
ZBED3	455	313	558
ZBED4	1574	1033	1867
ZBED5	2247	1887	3206
ZBED5-AS1	526	417	762
ZBED8	435	348	578
ZBED9	359	253	562
ZBED9-AS1	29	20	34
ZBP1	64	33	60
ZBTB1	4336	3173	6129
ZBTB10	1552	1009	1993
ZBTB11	1658	1124	2060
ZBTB11-AS1	152	91	176
ZBTB12	56	44	80
ZBTB14	277	176	340
ZBTB16	3473	2072	3869
ZBTB17	1005	624	1170
ZBTB18	373	323	547
ZBTB2	503	389	687
ZBTB20	45085	31159	54030
ZBTB20-AS1	265	194	292
ZBTB20-AS2	15	16	29
ZBTB20-AS3	12	7	20
ZBTB20-AS4	44	36	39
ZBTB20-AS5	476	288	514
ZBTB21	802	469	893
ZBTB22	151	88	183
ZBTB24	499	315	688
ZBTB24-DT	127	72	165
ZBTB25	1649	1182	2162
ZBTB26	524	358	602
ZBTB3	134	124	222
ZBTB32	90	81	130
ZBTB33	284	222	392
ZBTB34	555	412	770
ZBTB37	1664	1210	2060
ZBTB38	2831	1983	3817
ZBTB39	169	130	260
ZBTB4	1903	1364	2502
ZBTB40	2062	1494	2722
ZBTB41	1565	1120	1954
ZBTB42	32	29	44
ZBTB43	1362	1108	1791
ZBTB44	3331	2477	4124
ZBTB44-DT	437	327	641
ZBTB45	356	239	486
ZBTB46	2734	2067	3279
ZBTB46-AS1	53	33	66
ZBTB46-AS2	62	58	74
ZBTB47	309	235	447
ZBTB47-AS1	811	559	945
ZBTB48	580	416	766
ZBTB49	746	504	871
ZBTB5	792	586	1026
ZBTB6	142	125	210
ZBTB7A	1421	1093	1806
ZBTB7B	293	281	486
ZBTB7C	2559	2402	3777
ZBTB7C-AS1	111	85	155
ZBTB8A	230	151	262
ZBTB8OS	2609	2031	3650
ZBTB9	82	51	100
ZC2HC1A	6155	3932	6709
ZC2HC1C	319	209	393
ZC3H11A	20	14	32
ZC3H11B	17	9	15
ZC3H11C	10	17	32
ZC3H12A	134	91	192
ZC3H12A-DT	549	426	757
ZC3H12B	15968	10699	21158
ZC3H12C	2918	2078	4046
ZC3H12D	228	146	300
ZC3H13	8161	5876	11054
ZC3H14	5213	3659	6812
ZC3H15	3541	2612	4572
ZC3H18	2581	1767	3304
ZC3H3	2035	1447	2513
ZC3H4	1830	1351	2401
ZC3H6	1705	1446	2910
ZC3H7A	5763	3946	7511
ZC3H7B	2670	1801	3348
ZC3H8	2163	1757	2798
ZC3HAV1	2181	1445	2492
ZC3HAV1L	580	385	660
ZC3HC1	1539	1165	2029
ZC4H2	4164	2628	5694
ZCCHC10	1440	1077	1971
ZCCHC10-AS1	165	99	224
ZCCHC12	16	6	15
ZCCHC14	3156	2431	4264
ZCCHC14-DT	113	94	144
ZCCHC17	2013	1342	2626
ZCCHC18	85	56	115
ZCCHC2	1806	1177	2085
ZCCHC24	3065	1959	3178
ZCCHC3	72	61	75
ZCCHC4	2120	1611	2667
ZCCHC7	19521	13525	24217
ZCCHC8	2840	2098	3592
ZCCHC9	834	564	1094
ZCRB1	528	362	643
ZCWPW1	871	597	1205
ZCWPW2	77	50	105
ZDBF2	862	646	1216
ZDHHC1	776	642	1005
ZDHHC11	364	303	465
ZDHHC11B	654	620	1004
ZDHHC12	37	20	42
ZDHHC12-DT	63	46	65
ZDHHC13	1782	1201	2423
ZDHHC14	9439	5987	12124
ZDHHC15	1329	868	1862
ZDHHC16	1077	764	1284
ZDHHC17	7691	4999	9116
ZDHHC18	586	428	740
ZDHHC19	72	34	85
ZDHHC2	806	704	1113
ZDHHC20	6387	4465	9053
ZDHHC21	10446	7238	13091
ZDHHC22	182	109	203
ZDHHC23	148	103	188
ZDHHC24	305	276	446
ZDHHC3	3023	1967	3674
ZDHHC4	358	250	486
ZDHHC5	1709	1210	2151
ZDHHC6	3466	2512	4475
ZDHHC7	1626	1078	1995
ZDHHC8	336	270	456
ZDHHC9	1215	747	1302
ZEB1	36181	23524	49562
ZEB1-AS1	4627	3385	7043
ZEB2	41933	27843	59317
ZEB2-AS1	123	78	169
ZEBTR	57	71	129
ZER1	1967	1527	2662
ZFAND1	1513	1145	2066
ZFAND2A	297	196	390
ZFAND2A-DT	84	76	142
ZFAND2B	487	368	642
ZFAND3	26115	18458	33615
ZFAND3-DT	44	19	57
ZFAND4	1655	1078	2089
ZFAND5	3061	1867	4026
ZFAND6	5135	3546	6500
ZFAS1	2023	1290	2507
ZFAT	3356	2351	6038
ZFAT-AS1	8	3	14
ZFC3H1	9403	6799	12541
ZFHX2	479	355	674
ZFHX2-AS1	545	401	649
ZFHX3	12331	8113	15145
ZFHX3-AS1	2312	1530	3130
ZFHX3-AS2	92	54	146
ZFHX3-AS3	67	56	105
ZFHX4	7453	3829	5752
ZFHX4-AS1	1519	772	1456
ZFP1	655	495	806
ZFP14	1693	1122	2235
ZFP14-AS1	8	5	10
ZFP2	744	591	1045
ZFP28	625	423	755
ZFP28-DT	16	8	35
ZFP3	724	539	961
ZFP3-DT	12	21	25
ZFP30	2770	2012	3570
ZFP36	3128	1133	1642
ZFP36L1	7513	5039	8409
ZFP36L2	900	835	1234
ZFP37	809	553	1054
ZFP41	54	53	71
ZFP42	41	35	56
ZFP57	35	38	84
ZFP62	1057	807	1444
ZFP64	3155	2308	4200
ZFP69	291	197	374
ZFP69B	244	159	305
ZFP69B-DT	59	34	65
ZFP82	1211	969	1702
ZFP90	2535	1793	3425
ZFP91	5	0	9
ZFP91-CNTF	18	21	27
ZFP92	78	25	117
ZFPL1	334	270	422
ZFPM1	1182	797	1517
ZFPM1-AS1	368	258	490
ZFPM2	22505	11981	18257
ZFPM2-AS1	1856	1163	2298
ZFR	8097	5830	10477
ZFR2	237	215	376
ZFTA	349	296	475
ZFX	5706	3672	7040
ZFX-AS1	17	10	24
ZFY	93	69	118
ZFY-AS1	175	110	262
ZFYVE1	1607	1170	2013
ZFYVE16	10201	7003	12838
ZFYVE19	339	291	540
ZFYVE21	990	761	1213
ZFYVE26	2207	1588	2944
ZFYVE27	859	600	1112
ZFYVE28	1581	1049	2061
ZFYVE28-AS1	80	67	108
ZFYVE9	7388	4986	9061
ZG16	5	10	13
ZG16B	46	33	45
ZGLP1	65	57	85
ZGPAT	167	119	166
ZGRF1	2378	1491	3297
ZHX1	78	54	105
ZHX1-C8orf76	200	194	262
ZHX2	8515	5858	9838
ZHX2-AS1	25	13	29
ZHX3	3565	2478	4317
ZIC1	838	595	1050
ZIC2	23	20	35
ZIC3	162	119	264
ZIC4	229	134	243
ZIC4-AS1	5	3	5
ZIC5	27	20	28
ZIK1	292	189	462
ZIM2	170	136	265
ZIM2-AS1	281	214	399
ZIM3	16	19	20
ZKSCAN1	5140	3567	7602
ZKSCAN2	347	256	463
ZKSCAN2-DT	200	191	324
ZKSCAN3	618	314	551
ZKSCAN4	224	139	292
ZKSCAN5	813	633	1178
ZKSCAN7	605	469	823
ZKSCAN7-AS1	1619	1080	2231
ZKSCAN8	1218	891	1710
ZKSCAN8P1	116	76	183
ZMAT1	834	604	1241
ZMAT2	423	357	596
ZMAT3	697	553	940
ZMAT4	2698	1521	2926
ZMAT5	385	297	454
ZMIZ1	9236	6741	10317
ZMIZ1-AS1	1036	761	1352
ZMIZ2	1626	1172	2257
ZMPSTE24	1727	1167	1986
ZMPSTE24-DT	143	142	196
ZMYM1	3036	2121	4090
ZMYM2	13609	9488	17786
ZMYM3	753	510	970
ZMYM4	11459	7998	14812
ZMYM4-AS1	53	44	87
ZMYM5	3627	2712	4596
ZMYM6	383	309	549
ZMYND10	112	65	120
ZMYND10-AS1	95	55	124
ZMYND11	8613	5737	11146
ZMYND12	152	95	172
ZMYND15	35	25	47
ZMYND19	151	135	227
ZMYND8	8436	6047	11056
ZNF10	366	300	576
ZNF100	1831	1451	2959
ZNF101	323	258	503
ZNF106	5512	4558	6889
ZNF107	1955	1381	2665
ZNF112	179	132	232
ZNF114	369	252	461
ZNF114-AS1	51	31	72
ZNF117	4744	3257	6053
ZNF12	1377	974	1709
ZNF121	2041	1413	2486
ZNF124	1851	1536	2660
ZNF131	7944	5569	10428
ZNF132	211	162	313
ZNF132-DT	23	25	40
ZNF133	3801	2662	4977
ZNF134	709	575	1049
ZNF135	1632	1132	2393
ZNF136	992	657	1164
ZNF138	2576	1910	3420
ZNF14	1240	844	1640
ZNF140	1718	1192	2300
ZNF141	3212	2439	4095
ZNF142	1130	810	1487
ZNF143	2170	1588	2659
ZNF143-AS1	72	51	75
ZNF146	4167	3096	5513
ZNF148	12553	8419	15922
ZNF154	2147	1552	3019
ZNF155	1064	687	1296
ZNF157	184	137	273
ZNF16	660	489	782
ZNF160	2821	1984	3439
ZNF165	104	64	141
ZNF169	785	515	1029
ZNF175	619	410	836
ZNF18	529	392	690
ZNF180	993	740	1315
ZNF181	490	359	653
ZNF182	439	285	533
ZNF184	567	378	730
ZNF185	1079	774	1461
ZNF189	1226	867	1438
ZNF19	386	211	484
ZNF195	1950	1211	2629
ZNF197	2483	1753	3277
ZNF2	425	321	557
ZNF20	172	157	235
ZNF200	287	239	399
ZNF202	822	611	1001
ZNF205	253	202	298
ZNF207	4458	3504	6272
ZNF208	607	708	1360
ZNF211	744	531	1012
ZNF212	1030	726	1332
ZNF213	158	142	202
ZNF213-AS1	1141	929	1439
ZNF214	366	277	555
ZNF215	404	228	530
ZNF217	1850	1283	2633
ZNF217-AS1	217	114	257
ZNF219	358	264	482
ZNF22	336	265	474
ZNF22-AS1	28	17	37
ZNF221	354	239	434
ZNF222-DT	3	8	8
ZNF224	951	698	1295
ZNF225	375	220	446
ZNF225-AS1	81	58	137
ZNF226	2024	1477	2831
ZNF227	945	623	1186
ZNF229	2	3	5
ZNF23	0	0	3
ZNF230	154	129	177
ZNF230-DT	15	10	35
ZNF232	541	391	710
ZNF232-AS1	219	205	329
ZNF233	167	144	300
ZNF234	1174	833	1557
ZNF235	2914	1988	3805
ZNF236	4867	3170	6211
ZNF236-DT	457	344	603
ZNF239	445	258	541
ZNF24	1351	1076	1991
ZNF248	3295	2239	4254
ZNF248-AS1	33	13	42
ZNF25	1903	1264	2472
ZNF25-DT	80	59	100
ZNF250	1289	975	1769
ZNF251	3132	2155	3949
ZNF252P-AS1	42	39	71
ZNF253	1491	1250	2200
ZNF254	5092	3885	7042
ZNF256	223	118	235
ZNF257	461	362	702
ZNF26	3061	2016	3941
ZNF260	1115	833	1586
ZNF263	1117	857	1482
ZNF264	1290	944	1574
ZNF266	2649	1484	2573
ZNF267	859	604	1096
ZNF268	430	233	584
ZNF273	1334	921	1685
ZNF274	1093	814	1482
ZNF275	446	248	484
ZNF276	1717	1124	2138
ZNF276-AS1	135	102	175
ZNF277	2829	1973	3709
ZNF277-AS1	377	344	455
ZNF28	577	462	810
ZNF280A	21	16	33
ZNF280B	279	204	407
ZNF280C	1660	1136	2099
ZNF280D	2985	2138	3340
ZNF281	283	214	359
ZNF282	1271	943	1607
ZNF283	1394	1045	1815
ZNF284	40	43	54
ZNF286A-TBC1D26	133	99	204
ZNF287	521	322	593
ZNF292	16955	12023	22113
ZNF295-AS1	231	131	285
ZNF296	35	35	54
ZNF3	1771	1252	2439
ZNF30	462	362	605
ZNF30-AS1	59	31	70
ZNF300	1474	813	1855
ZNF302	1668	1336	2273
ZNF304	361	207	507
ZNF311	168	136	303
ZNF316	882	552	1104
ZNF317	750	525	1059
ZNF318	2248	1535	2772
ZNF319	49	45	73
ZNF32	393	286	523
ZNF32-AS3	209	134	289
ZNF320	1294	977	1911
ZNF322	619	424	667
ZNF324	267	175	339
ZNF324B	134	111	229
ZNF326	4971	3419	6535
ZNF329	1053	931	1395
ZNF330	596	469	848
ZNF331	1869	1415	2448
ZNF333	2052	1450	2557
ZNF334	1249	841	1729
ZNF335	1082	805	1427
ZNF337	2169	1569	2771
ZNF337-AS1	858	730	1318
ZNF33A	4167	2892	5479
ZNF33B	2658	1781	3484
ZNF34	466	296	506
ZNF341	802	561	1024
ZNF341-AS1	99	55	94
ZNF343	204	134	297
ZNF345	2418	1807	3452
ZNF346	3451	2535	4417
ZNF347	1269	794	1568
ZNF35	579	504	661
ZNF350	837	633	1218
ZNF350-AS1	280	152	386
ZNF354A	281	188	287
ZNF354B	2288	1655	2983
ZNF354C	1003	738	1290
ZNF358	33	39	49
ZNF362	2281	1656	3340
ZNF366	895	619	1136
ZNF367	657	439	825
ZNF37A	3	0	3
ZNF382	808	662	1099
ZNF383	903	685	1137
ZNF384	1230	816	1585
ZNF385A	560	491	885
ZNF385B	1652	1539	2082
ZNF385C	574	360	898
ZNF385D	59159	30427	55442
ZNF385D-AS1	163	76	208
ZNF385D-AS2	120	109	165
ZNF391	377	298	448
ZNF394	1298	929	1727
ZNF395	147	133	240
ZNF396	101	62	124
ZNF397	2350	1730	3180
ZNF398	1795	1358	2400
ZNF404	336	193	325
ZNF407	14541	9292	18627
ZNF407-AS1	580	498	787
ZNF408	101	76	152
ZNF41	1428	981	1607
ZNF410	7	3	8
ZNF414	208	189	286
ZNF415	415	322	556
ZNF416	176	157	301
ZNF418	826	581	1144
ZNF420	2299	1795	3190
ZNF423	10268	7019	13405
ZNF425	441	352	632
ZNF426	680	458	865
ZNF426-DT	37	20	40
ZNF428	359	251	455
ZNF429	1584	1377	2417
ZNF43	3320	2384	4519
ZNF430	1759	1404	2517
ZNF431	4002	3123	5529
ZNF432	1762	1060	2072
ZNF433	162	99	211
ZNF433-AS1	0	0	3
ZNF436	699	470	772
ZNF436-AS1	103	103	193
ZNF438	5815	4604	7255
ZNF439	1154	843	1695
ZNF44	3026	2166	3597
ZNF440	1179	803	1700
ZNF441	575	390	674
ZNF442	333	266	433
ZNF444	868	629	1203
ZNF445	2651	1789	3393
ZNF446	226	168	274
ZNF449	931	574	1138
ZNF45	988	636	1249
ZNF45-AS1	364	209	404
ZNF451	5772	3897	7549
ZNF451-AS1	345	228	497
ZNF454	1241	941	1781
ZNF454-DT	9	10	9
ZNF460	2168	1540	2807
ZNF460-AS1	370	295	522
ZNF461	1154	872	1603
ZNF462	7460	4116	8630
ZNF467	336	222	381
ZNF469	909	538	881
ZNF470	517	369	717
ZNF470-DT	335	234	389
ZNF471	2203	1559	2575
ZNF473	423	237	459
ZNF473-AS1	62	39	81
ZNF473CR	128	94	176
ZNF474	3	3	5
ZNF474-AS1	7	2	7
ZNF479	56	36	61
ZNF48	505	351	676
ZNF480	925	702	1282
ZNF483	336	266	441
ZNF484	1386	986	1655
ZNF485	201	158	263
ZNF486	877	630	1364
ZNF487	1642	1053	1890
ZNF488	81	64	134
ZNF490	873	725	1258
ZNF491	532	348	751
ZNF492	366	247	499
ZNF493	785	648	1184
ZNF496	1580	1038	2016
ZNF496-DT	16	20	19
ZNF497	6	4	11
ZNF497-AS1	169	148	302
ZNF497-AS2	27	15	36
ZNF500	669	483	842
ZNF501	205	189	343
ZNF502	470	291	565
ZNF503	33	20	38
ZNF503-AS1	562	410	744
ZNF503-AS2	218	139	281
ZNF507	3564	2568	4681
ZNF510	1146	749	1440
ZNF511	63	38	105
ZNF511-PRAP1	211	138	329
ZNF512	2	0	3
ZNF512B	1298	902	1335
ZNF513	101	63	114
ZNF514	16	6	19
ZNF516	7392	5076	9780
ZNF516-AS1	36	25	45
ZNF516-DT	15	6	25
ZNF517	188	155	253
ZNF518A	8312	5488	11161
ZNF518B	1061	869	1553
ZNF519	2459	1702	3780
ZNF519-AS1	6	1	7
ZNF521	16292	10328	16269
ZNF524	42	36	65
ZNF525	557	521	853
ZNF526	387	295	469
ZNF527	762	518	948
ZNF528	2687	1873	3193
ZNF528-AS1	999	671	1214
ZNF529	2418	1729	2931
ZNF529-AS1	1431	1133	1983
ZNF530	291	238	407
ZNF532	10077	6635	12628
ZNF534	66	55	117
ZNF536	12772	7353	20177
ZNF536-AS1	18	12	20
ZNF540	552	389	704
ZNF541	146	117	184
ZNF543	425	319	673
ZNF544	74	38	72
ZNF546	699	481	921
ZNF547	4	4	8
ZNF549	965	714	1355
ZNF550	501	418	787
ZNF551	1	0	4
ZNF552	681	480	892
ZNF554	416	258	520
ZNF555	552	591	765
ZNF555-AS1	29	46	52
ZNF556	275	567	326
ZNF557	1164	852	1549
ZNF558	1155	878	1566
ZNF559	11	8	18
ZNF559-ZNF177	413	301	611
ZNF560	109	70	119
ZNF561	926	723	1089
ZNF561-AS1	1902	1252	2632
ZNF562	1925	1335	2633
ZNF563	352	291	557
ZNF565	996	749	1211
ZNF566	1613	1170	2044
ZNF566-AS1	12	13	37
ZNF567	1320	1045	1786
ZNF567-DT	372	328	430
ZNF568	1967	1798	2624
ZNF569	1613	1106	2008
ZNF57	162	137	250
ZNF570	486	398	604
ZNF571	976	710	1210
ZNF571-AS1	32	27	48
ZNF572	150	102	182
ZNF573	1529	1137	2036
ZNF574	235	181	351
ZNF575	153	91	197
ZNF576	3	4	8
ZNF577	1904	1311	2647
ZNF578	561	350	780
ZNF579	91	90	134
ZNF580	160	130	219
ZNF582	248	183	348
ZNF582-DT	73	72	101
ZNF583	1141	819	1450
ZNF584	441	296	684
ZNF584-DT	93	73	157
ZNF585B	137	91	157
ZNF586	3195	2313	4192
ZNF587	1277	823	1575
ZNF589	1858	1367	2336
ZNF592	1907	1414	2397
ZNF593	141	94	152
ZNF593OS	16	19	37
ZNF594	1765	1334	2441
ZNF594-DT	2693	1899	3444
ZNF595	1202	911	1591
ZNF596	462	357	677
ZNF597	153	114	204
ZNF598	423	324	530
ZNF599	216	179	286
ZNF600	465	407	626
ZNF606	1476	1039	1999
ZNF606-AS1	1121	880	1644
ZNF607	48	41	83
ZNF608	12114	7901	15105
ZNF608-AS1	18	20	42
ZNF609	12302	8629	15003
ZNF610	513	344	792
ZNF611	2007	1375	2656
ZNF613	395	327	569
ZNF614	584	430	672
ZNF615	759	568	1153
ZNF616	447	354	606
ZNF618	6942	4470	9526
ZNF619	3	0	3
ZNF620	390	276	548
ZNF621	1518	1111	2022
ZNF622	435	363	597
ZNF623	1035	901	1310
ZNF624	825	496	1004
ZNF625-ZNF20	36	28	39
ZNF627	1183	893	1571
ZNF628	105	63	131
ZNF628-DT	6	3	6
ZNF629	329	256	453
ZNF630	1009	652	1276
ZNF630-AS1	27	32	55
ZNF638	23971	16632	31740
ZNF639	549	456	682
ZNF641	537	406	763
ZNF644	11282	7368	14181
ZNF646	209	176	232
ZNF648	41	35	52
ZNF649	859	687	1160
ZNF649-AS1	71	49	131
ZNF652	4310	2853	5447
ZNF652-AS1	88	46	117
ZNF653	16	6	17
ZNF654	3985	2932	5039
ZNF655	25	24	58
ZNF658	413	281	666
ZNF66	1793	1315	2690
ZNF664	16	9	21
ZNF665	622	505	875
ZNF667	1175	844	1520
ZNF667-AS1	666	465	859
ZNF668	202	140	287
ZNF669	166	136	259
ZNF670-ZNF695	74	52	104
ZNF671	196	159	267
ZNF672	335	239	468
ZNF674	783	516	877
ZNF674-AS1	88	77	124
ZNF675	1827	1335	2720
ZNF676	177	175	271
ZNF677	906	695	1203
ZNF678	3274	2274	4170
ZNF679	139	84	180
ZNF680	2238	1659	2959
ZNF681	505	369	735
ZNF682	1386	1018	2022
ZNF683	37	22	41
ZNF684	566	340	693
ZNF687	336	260	443
ZNF687-AS1	37	19	53
ZNF688	257	200	386
ZNF689	145	108	220
ZNF69	1843	1121	2791
ZNF691	266	204	384
ZNF691-DT	121	61	143
ZNF692	1096	917	1532
ZNF692-DT	74	54	74
ZNF696	663	512	713
ZNF697	1080	805	1511
ZNF699	450	327	531
ZNF7	1168	873	1622
ZNF70	829	536	1001
ZNF701	2256	1614	3133
ZNF703	129	117	168
ZNF704	18625	11041	23998
ZNF705A	28	25	37
ZNF705B	18	13	46
ZNF705D	4	3	20
ZNF705G	140	89	75
ZNF706	2201	1838	3166
ZNF707	317	246	408
ZNF708	3280	2200	4184
ZNF710	3286	2392	4486
ZNF710-AS1	229	181	287
ZNF711	2694	1843	4247
ZNF714	2121	1929	3528
ZNF716	73	44	89
ZNF717	2870	2068	3987
ZNF718	3111	2028	3743
ZNF721	8409	6011	11194
ZNF722	62	36	80
ZNF723	60	43	82
ZNF724	58	58	89
ZNF726	929	712	1385
ZNF728	69	43	98
ZNF729	76	51	111
ZNF730	2051	1227	2683
ZNF732	717	510	919
ZNF735	16	17	20
ZNF736	2100	1531	2913
ZNF737	1700	1250	2421
ZNF738	1340	1042	1984
ZNF74	423	290	546
ZNF740	1061	718	1352
ZNF746	670	470	845
ZNF747	7	8	25
ZNF747-DT	112	86	183
ZNF749	488	405	688
ZNF750	300	255	352
ZNF75A	2014	1430	2576
ZNF75D	3617	2312	4359
ZNF76	1187	905	1580
ZNF761	1609	1242	2457
ZNF763	93	61	151
ZNF764	244	185	341
ZNF765	1589	1191	2017
ZNF766	1128	906	1708
ZNF768	119	66	110
ZNF77	668	442	813
ZNF770	700	610	1004
ZNF771	406	313	500
ZNF772	0	4	0
ZNF773	8	14	19
ZNF774	180	158	248
ZNF775	138	93	171
ZNF775-AS1	26	23	45
ZNF776	357	287	524
ZNF777	643	490	860
ZNF778	491	327	695
ZNF778-DT	101	76	142
ZNF780B	2838	1809	4046
ZNF782	2241	1641	2984
ZNF783	1471	970	1765
ZNF784	75	39	73
ZNF785	1606	1139	2190
ZNF786	1161	1088	1822
ZNF787	781	545	966
ZNF789	2339	1797	3113
ZNF79	407	348	568
ZNF790	1317	984	1782
ZNF790-AS1	1801	1258	2370
ZNF791	2114	1670	2950
ZNF792	114	62	136
ZNF793	1327	1111	2087
ZNF793-AS1	87	64	117
ZNF8-DT	1187	844	1570
ZNF80	15	9	10
ZNF800	2871	2059	3862
ZNF804A	1327	1161	1756
ZNF804B	2368	1597	2988
ZNF805	793	614	996
ZNF808	2112	1601	2980
ZNF81	1509	964	1886
ZNF813	540	452	721
ZNF814	1709	1262	2528
ZNF816-ZNF321P	605	459	866
ZNF821	1429	1022	1949
ZNF823	598	406	761
ZNF827	6630	4622	8072
ZNF829	462	357	646
ZNF83	6274	4345	8435
ZNF830	353	344	460
ZNF831	624	401	728
ZNF835	125	128	187
ZNF836	5	7	15
ZNF837	93	70	135
ZNF839	1080	658	1332
ZNF84	3814	2445	4707
ZNF84-DT	21	11	16
ZNF841	0	0	1
ZNF843	100	88	143
ZNF845	395	307	622
ZNF846	3315	2358	4048
ZNF846-DT	81	83	116
ZNF85	1153	873	1594
ZNF850	757	451	836
ZNF850-DT	64	50	77
ZNF852	1005	732	1357
ZNF853	58	60	96
ZNF860	197	99	210
ZNF862	1085	715	1389
ZNF865	338	229	459
ZNF875	2900	1986	3848
ZNF879	272	218	376
ZNF880	1325	1062	1842
ZNF888	335	193	452
ZNF888-AS1	21	9	21
ZNF891	2039	1478	2653
ZNF892	1494	1074	2059
ZNF90	1156	874	1692
ZNF91	11001	8505	15609
ZNF92	801	592	1036
ZNF93	1228	929	1834
ZNF98	696	568	1052
ZNF99	294	246	452
ZNFX1	2186	1411	2551
ZNHIT1	571	359	757
ZNHIT2	19	32	46
ZNHIT3	493	393	644
ZNHIT6	3940	2699	4569
ZNNT1	57	61	102
ZNRD2	569	419	779
ZNRD2-DT	75	51	115
ZNRF1	4955	3183	6170
ZNRF2	2041	1558	2534
ZNRF3	5050	3832	7796
ZNRF3-AS1	46	26	52
ZNRF4	2	3	1
ZP1	38	25	62
ZP2	103	86	155
ZP3	383	223	539
ZP4	104	68	139
ZPBP	864	556	1106
ZPBP2	21	13	21
ZPLD1	1163	735	1605
ZPR1	333	208	391
ZRANB1	2726	1963	3376
ZRANB2	22055	16113	28236
ZRANB2-AS1	96	71	134
ZRANB2-DT	2994	1895	3546
ZRANB3	6606	4982	9112
ZRSR2	2580	1700	3142
ZSCAN1	125	98	175
ZSCAN10	36	33	59
ZSCAN12	871	659	1270
ZSCAN16	210	143	238
ZSCAN16-AS1	1647	1137	2215
ZSCAN18	1476	1021	1821
ZSCAN2	534	420	751
ZSCAN2-AS1	402	290	484
ZSCAN20	523	277	677
ZSCAN21	531	445	777
ZSCAN22	189	147	213
ZSCAN23	886	623	1389
ZSCAN25	769	605	1153
ZSCAN26	7	2	6
ZSCAN29	515	329	651
ZSCAN30	2208	1602	2993
ZSCAN31	326	236	398
ZSCAN32	567	375	736
ZSCAN4	24	13	32
ZSCAN5A	2734	1949	3840
ZSCAN5A-AS1	202	109	262
ZSCAN5B	15	12	21
ZSCAN5C	29	13	31
ZSCAN9	443	337	592
ZSWIM1	63	53	88
ZSWIM2	65	48	77
ZSWIM3	403	341	518
ZSWIM4	834	545	1090
ZSWIM4-AS1	3	2	5
ZSWIM5	1915	1390	2681
ZSWIM6	13141	7462	15486
ZSWIM6-DT	110	80	147
ZSWIM7	1507	1071	2133
ZSWIM8	1286	977	1702
ZSWIM9	761	540	887
ZUP1	976	691	1335
ZW10	1695	1260	2401
ZWILCH	1548	937	2039
ZWINT	373	300	654
ZXDA	60	43	87
ZXDB	51	51	85
ZXDC	3106	2234	4000
ZYG11A	195	128	316
ZYG11B	3224	2354	3836
ZYX	1752	778	1449
ZZEF1	4660	3363	6006
ZZZ3	8986	6471	11454
