gene	T165_b17_Spleen_PCW19	T270_b17_Spleen_PCW18	T88_b17_Spleen_PCW18
A1BG	8	4	1
A1BG-AS1	180	155	68
A1CF	167	111	25
A2M	3185	2709	605
A2M-AS1	64	54	18
A2ML1	253	176	39
A2ML1-AS1	204	168	34
A3GALT2	91	73	6
A4GALT	0	3	0
A4GNT	17	11	3
AAAS	543	440	95
AACS	1039	744	145
AADAC	23	26	2
AADACL2	36	18	5
AADACL2-AS1	552	337	81
AADACL3	20	10	4
AADACL4	92	71	10
AADAT	687	510	96
AAGAB	1293	816	149
AAK1	6772	4389	870
AAMDC	1552	1622	296
AAMP	324	197	55
AANAT	116	53	15
AAR2	315	253	43
AARD	48	36	4
AARS1	1315	771	203
AARS2	566	441	83
AASDH	958	773	137
AASDH-DT	8	10	2
AASDHPPT	741	644	113
AASDHPPT-AS1	31	24	4
AASS	1695	1603	224
AATBC	52	41	13
AATF	2870	2094	382
AATK	518	450	122
ABALON	38	28	9
ABAT	1521	1169	259
ABCA1	4973	4686	1162
ABCA10	1200	838	239
ABCA12	452	338	100
ABCA13	851	604	144
ABCA2	402	231	82
ABCA3	714	566	124
ABCA4	563	378	93
ABCA5	1175	864	165
ABCA6	884	584	174
ABCA7	1207	883	258
ABCA8	1040	856	203
ABCA9	1324	937	230
ABCA9-AS1	251	273	44
ABCB1	857	628	123
ABCB10	1344	937	202
ABCB11	414	223	73
ABCB4	530	481	103
ABCB5	608	523	126
ABCB7	1985	1448	280
ABCB8	748	499	121
ABCB9	895	639	153
ABCC1	6125	4793	963
ABCC10	942	639	148
ABCC11	232	195	46
ABCC12	105	59	17
ABCC2	329	235	67
ABCC3	943	607	269
ABCC4	5244	3274	904
ABCC5	3197	2161	566
ABCC5-AS1	28	14	3
ABCC6	295	251	64
ABCC8	255	186	38
ABCC9	2234	2149	387
ABCD1	266	176	51
ABCD2	177	175	32
ABCD3	3360	2345	492
ABCD4	1046	1047	202
ABCE1	1411	1130	203
ABCF1	2085	1468	347
ABCF2	0	0	0
ABCF2-H2BK1	5	1	0
ABCF3	355	315	71
ABCG1	1918	2118	369
ABCG2	1272	1411	226
ABCG4	53	31	17
ABCG5	70	43	9
ABCG8	97	85	14
ABHD1	58	51	10
ABHD10	396	373	56
ABHD11	63	62	13
ABHD12	2130	1480	321
ABHD12B	91	72	17
ABHD13	408	263	61
ABHD14A	96	58	9
ABHD14A-ACY1	122	90	20
ABHD14B	100	74	21
ABHD15	88	52	24
ABHD15-AS1	788	548	136
ABHD16B	6	1	4
ABHD16B-AS1	40	49	16
ABHD17A	371	252	64
ABHD17B	1524	1220	244
ABHD17C	723	495	97
ABHD18	3218	2410	468
ABHD2	2009	1341	295
ABHD3	2116	1608	347
ABHD4	198	278	40
ABHD5	466	348	88
ABHD6	1125	663	152
ABHD8	345	302	59
ABI1	5610	4595	786
ABI2	4418	3146	501
ABI3	343	243	72
ABI3BP	2068	1794	396
ABITRAM	318	224	39
ABL1	8378	6537	1222
ABL2	4316	3157	501
ABLIM1	6391	4512	813
ABLIM2	2817	2278	513
ABLIM2-DT	12	14	9
ABLIM3	853	580	174
ABO	303	234	55
ABR	5482	4153	1068
ABR-AS1	16	12	6
ABRA	143	106	32
ABRACL	290	206	40
ABRAXAS1	743	604	115
ABRAXAS2	877	806	159
ABT1	90	65	14
ABTB1	211	254	52
ABTB2	1864	1395	353
ACAA1	574	428	110
ACAA2	163	151	20
ACACA	6933	4381	784
ACACB	2089	2028	346
ACAD10	1930	1590	315
ACAD8	443	356	75
ACAD9	2212	1817	376
ACAD9-DT	91	69	14
ACADL	190	125	28
ACADM	1847	1629	314
ACADS	258	190	40
ACADSB	618	561	80
ACADVL	2015	1578	433
ACAN	1891	1072	258
ACAP1	1572	1145	264
ACAP2	9851	7111	1194
ACAP3	1164	810	208
ACAT1	695	503	103
ACAT2	292	189	50
ACBD3	1987	1481	277
ACBD3-AS1	13	16	2
ACBD4	312	266	60
ACBD5	1454	1154	227
ACBD6	5454	3980	678
ACBD7	107	67	33
ACCS	761	505	105
ACCSL	41	31	7
ACD	149	118	22
ACE	108	46	11
ACE2	127	94	12
ACER1	167	125	25
ACER2	472	407	67
ACER3	2646	1658	330
ACER3-AS1	68	48	5
ACHE	167	135	39
ACIN1	6342	4918	1120
ACKR1	27	8	7
ACKR2	25	14	4
ACKR3	311	304	27
ACKR4	111	48	19
ACLY	1486	1093	255
ACMSD	128	99	24
ACO1	900	695	142
ACO2	1726	1513	327
ACOD1	37	30	3
ACOT1	42	19	4
ACOT11	1457	965	227
ACOT12	186	108	23
ACOT13	446	343	70
ACOT2	87	73	13
ACOT6	69	45	10
ACOT7	1031	696	166
ACOT8	296	272	61
ACOT9	1764	1299	254
ACOX1	1187	831	188
ACOX2	260	196	37
ACOX3	1173	1030	227
ACOXL	1172	798	199
ACP1	682	531	119
ACP2	199	139	41
ACP3	395	329	72
ACP4	11	12	7
ACP5	61	38	4
ACP6	597	496	80
ACP7	125	104	24
ACR	58	49	7
ACRBP	164	154	46
ACRV1	25	16	5
ACSBG1	393	280	49
ACSBG2	398	283	57
ACSF2	1167	992	219
ACSF3	2792	2112	525
ACSL1	888	579	133
ACSL1-DT	46	26	11
ACSL3	2643	1496	364
ACSL3-AS1	6	3	1
ACSL4	1867	1386	234
ACSL5	544	411	83
ACSL6	0	1	3
ACSL6-AS1	13	6	3
ACSL6-AS2	10	5	3
ACSM1	221	170	29
ACSM2A	124	81	24
ACSM2B	73	41	15
ACSM3	3496	5742	518
ACSM4	88	58	15
ACSM5	103	77	17
ACSM6	375	270	70
ACSS1	1446	1238	247
ACSS2	1580	1213	285
ACSS3	1524	1447	258
ACSS3-AS1	63	52	7
ACTA1	974	798	184
ACTA2	2262	1520	192
ACTB	2936	2668	463
ACTBL2	6	0	0
ACTC1	634	579	131
ACTG1	1133	988	180
ACTG2	246	80	21
ACTL10	31	19	8
ACTL6A	676	518	103
ACTL6A-AS1	0	3	0
ACTL6B	61	34	9
ACTL7A	0	4	0
ACTL7B	0	2	1
ACTL8	62	61	8
ACTL9	1	0	0
ACTN1	3251	1757	449
ACTN1-DT	71	55	6
ACTN2	3836	2920	746
ACTN3	127	98	27
ACTN3-AS1	5	4	0
ACTN4	7829	4853	975
ACTN4-AS1	54	36	12
ACTR10	1693	1602	270
ACTR1A	1279	893	202
ACTR1B	473	388	95
ACTR2	2436	1666	368
ACTR3	5330	3644	664
ACTR3-AS1	727	594	133
ACTR3B	1026	712	161
ACTR3C	555	452	80
ACTR5	515	378	78
ACTR6	902	719	119
ACTR8	664	495	120
ACTRT2	4	0	0
ACTRT3	47	22	5
ACVR1	2386	1450	301
ACVR1B	1313	1078	223
ACVR1C	406	321	61
ACVR2A	1938	1510	257
ACVR2B	1322	1076	210
ACVR2B-AS1	40	16	5
ACVRL1	380	293	67
ACY3	46	29	6
ACYP1	509	439	105
ACYP2	7794	6606	1110
ADA	1264	909	237
ADA2	1677	1212	338
ADAD1	77	53	14
ADAD2	59	39	9
ADAD2-AS1	26	15	3
ADAL	393	301	49
ADAM10	9990	6645	1196
ADAM11	240	162	38
ADAM12	3273	3200	502
ADAM15	334	259	69
ADAM17	3081	2601	418
ADAM18	316	188	52
ADAM19	4825	4675	786
ADAM2	124	107	26
ADAM21	47	29	2
ADAM22	1645	1443	246
ADAM23	1205	879	199
ADAM28	415	272	77
ADAM29	324	255	64
ADAM30	3	7	0
ADAM32	616	615	110
ADAM33	1689	1335	231
ADAM7	128	114	19
ADAM7-AS1	1467	967	239
ADAM8	253	184	40
ADAM9	2758	2181	350
ADAMDEC1	71	38	7
ADAMTS1	603	604	71
ADAMTS10	1744	1335	262
ADAMTS10-AS1	14	14	2
ADAMTS12	2276	2248	398
ADAMTS13	359	334	57
ADAMTS14	475	322	79
ADAMTS15	219	181	45
ADAMTS16	481	409	91
ADAMTS16-AS1	49	56	9
ADAMTS16-DT	33	23	5
ADAMTS17	3747	2612	690
ADAMTS17-AS1	15	12	0
ADAMTS18	665	478	117
ADAMTS19	1591	1093	273
ADAMTS19-AS1	102	66	27
ADAMTS2	3356	2296	598
ADAMTS20	360	290	58
ADAMTS3	1622	1402	235
ADAMTS3-AS1	38	28	8
ADAMTS4	183	128	31
ADAMTS5	673	732	109
ADAMTS6	6752	5856	673
ADAMTS7	1200	1010	184
ADAMTS8	137	79	17
ADAMTS9	7972	5863	917
ADAMTS9-AS1	160	119	29
ADAMTS9-AS2	4473	4298	622
ADAMTSL1	8602	10439	972
ADAMTSL2	338	232	53
ADAMTSL3	3176	1998	445
ADAMTSL4	418	367	86
ADAMTSL4-AS1	25	20	6
ADAMTSL4-AS2	203	218	50
ADAMTSL5	70	48	21
ADAP1	9	6	3
ADAP2	1298	828	211
ADAR	2829	2058	459
ADARB1	5240	3428	629
ADARB2	3348	2387	512
ADARB2-AS1	89	63	14
ADAT1	261	177	52
ADAT2	663	471	116
ADCK1	1070	672	149
ADCK2	191	145	34
ADCK5	502	325	96
ADCY1	736	541	117
ADCY10	389	276	86
ADCY2	1924	1546	369
ADCY2-AS1	142	128	67
ADCY3	1623	1121	218
ADCY4	698	522	110
ADCY5	4504	3395	749
ADCY6	1380	1009	251
ADCY6-DT	8	4	3
ADCY7	1866	1357	394
ADCY8	548	417	100
ADCY9	4178	2604	569
ADCYAP1	28	29	5
ADCYAP1R1	403	392	78
ADD1	8073	5757	1070
ADD2	519	472	101
ADD2-AS1	6	3	0
ADD3	8006	5665	1094
ADD3-AS1	476	275	66
ADGB	494	338	71
ADGB-DT	6	9	1
ADGRA1	103	57	22
ADGRA1-AS1	5	2	4
ADGRA2	3919	2954	584
ADGRA3	3391	2195	379
ADGRB1	428	426	98
ADGRB2	260	166	56
ADGRB3	15134	10730	1101
ADGRB3-DT	94	58	9
ADGRD1	1783	1209	212
ADGRD1-AS1	4	8	0
ADGRD1-AS2	17	17	1
ADGRD2	120	94	19
ADGRE1	220	160	43
ADGRE2	418	325	121
ADGRE3	387	267	67
ADGRE5	1607	1199	314
ADGRF1	108	71	20
ADGRF3	241	192	51
ADGRF4	81	46	7
ADGRF5	2816	2633	342
ADGRF5-AS1	24	13	2
ADGRG1	341	244	57
ADGRG2	590	424	94
ADGRG3	95	66	14
ADGRG4	122	98	32
ADGRG5	743	468	105
ADGRG6	1539	1354	235
ADGRG7	149	113	12
ADGRL1	1971	1246	262
ADGRL1-AS1	692	517	141
ADGRL2	16243	15856	1894
ADGRL3	4630	3293	760
ADGRL3-AS1	218	153	43
ADGRL3-AS2	25	9	7
ADGRL3-AS3	30	24	9
ADGRL4	3675	3483	444
ADGRV1	3591	1233	312
ADH1A	19	13	4
ADH1B	50	43	16
ADH4	55	52	10
ADH5	674	595	112
ADH6	85	79	17
ADH7	25	24	7
ADI1	299	219	54
ADIPOQ	80	52	16
ADIPOQ-AS1	7	7	1
ADIPOR1	571	559	135
ADIPOR2	2703	1936	390
ADIRF	33	16	3
ADIRF-AS1	24	30	4
ADK	12520	8831	1624
ADK-AS1	92	68	16
ADM	51	39	10
ADM2	21	13	5
ADM5	7	14	3
ADNP	6139	4607	870
ADNP-AS1	113	76	13
ADNP2	874	631	126
ADO	96	51	13
ADORA1	391	233	74
ADORA1-AS1	18	10	5
ADORA1-AS2	69	53	12
ADORA2A-AS1	423	346	75
ADORA2B	137	103	28
ADPGK	1256	1081	202
ADPGK-AS1	83	42	16
ADPRH	68	43	17
ADPRH-AS1	3	5	0
ADPRHL1	577	379	82
ADPRM	255	195	57
ADPRS	161	149	47
ADRA1A	4004	3176	484
ADRA1B	765	617	171
ADRA1D	2130	1522	572
ADRA2A	69	38	10
ADRA2B	46	39	9
ADRA2C	2	1	0
ADRB1	10	6	0
ADRB2	61	50	8
ADRB3	6	1	0
ADRM1	185	120	44
ADSL	3	2	0
ADSS1	142	101	28
ADSS2	1633	1348	239
ADTRP	442	317	72
AEBP1	1399	973	234
AEBP2	8130	7173	1083
AEN	149	92	43
AFAP1	4893	3217	643
AFAP1-AS1	49	49	18
AFAP1-AS2	134	116	30
AFAP1L1	2544	2446	399
AFAP1L2	2881	2675	430
AFDN	8519	6643	978
AFDN-DT	86	88	14
AFF1	8322	6759	1224
AFF2	2871	2227	477
AFF3	22415	17747	2489
AFF4	6895	5696	944
AFF4-DT	4	7	1
AFG1L	3606	2350	343
AFG3L2	1777	1252	267
AFM	49	38	11
AFMID	821	796	142
AFP	78	31	11
AFTPH	1956	1555	275
AFTPH-DT	25	7	3
AGA	164	170	28
AGA-DT	1425	1195	218
AGAP1	18730	14141	2366
AGAP2	382	262	72
AGAP3	1703	1383	283
AGAP4	344	258	39
AGAP9	247	193	26
AGBL1	4475	3446	866
AGBL1-AS1	34	28	6
AGBL2	341	268	63
AGBL3	1221	1005	178
AGBL4	2687	1937	432
AGBL4-AS1	23	30	3
AGBL5	406	304	68
AGBL5-AS1	6	4	3
AGER	263	175	42
AGFG1	3885	2507	440
AGFG2	1265	1250	216
AGGF1	83	58	9
AGK	1759	1306	244
AGK-DT	181	159	33
AGL	2343	2065	391
AGMAT	115	72	12
AGMO	926	624	167
AGO1	1234	969	177
AGO2	5495	4118	919
AGO3	7882	6317	1022
AGO4	3093	2539	424
AGPAT1	201	164	62
AGPAT2	189	157	30
AGPAT3	4085	3121	713
AGPAT4	3019	2585	480
AGPAT5	1448	1210	206
AGPS	2561	1900	311
AGR2	126	74	21
AGR3	140	68	13
AGRN	859	539	134
AGRP	6	3	4
AGT	61	33	7
AGTPBP1	5019	3428	581
AGTR1	498	418	63
AGTR2	20	26	9
AGTRAP	215	208	44
AGXT	24	9	2
AGXT2	106	76	16
AHCTF1	3526	2480	462
AHCY	291	209	56
AHCYL1	1315	970	193
AHCYL2	6499	4541	805
AHDC1	3892	2983	720
AHI1	4196	3288	640
AHI1-DT	925	786	203
AHNAK	10363	7296	1629
AHNAK2	158	124	29
AHR	983	653	163
AHSA1	548	563	96
AHSG	60	19	4
AHSP	23	13	10
AICDA	28	20	10
AIDA	864	789	118
AIF1	203	167	57
AIF1L	716	412	105
AIFM1	774	485	102
AIFM2	254	157	33
AIFM3	46	46	11
AIG1	2550	2096	367
AIM2	348	284	68
AIMP1	992	792	157
AIMP2	194	183	50
AIP	249	190	41
AIPL1	163	135	26
AIRE	69	60	20
AIRN	46	28	6
AJAP1	213	196	31
AJM1	87	54	12
AJUBA	27	11	7
AJUBA-DT	240	156	21
AK1	105	52	16
AK2	1317	974	213
AK2-AS1	214	178	40
AK3	1784	1492	280
AK4	301	268	39
AK4P3	388	299	66
AK5	3306	1336	330
AK5-AS1	7	3	0
AK6	335	295	48
AK7	670	469	106
AK8	861	612	146
AK9	1599	1295	246
AKAIN1	47	38	14
AKAIN1-AS1	18	8	6
AKAP1	458	348	87
AKAP1-DT	95	57	16
AKAP10	4918	3773	678
AKAP11	2348	1884	319
AKAP12	4696	4146	656
AKAP13	17914	15944	2520
AKAP13-AS1	189	148	45
AKAP14	141	95	16
AKAP3	83	67	18
AKAP4	6	11	3
AKAP5	60	31	8
AKAP6	3312	2478	608
AKAP7	2190	1678	287
AKAP8	1683	1157	288
AKAP8L	3506	2948	690
AKAP9	11704	9936	1922
AKIP1	268	229	52
AKIRIN1	883	615	145
AKIRIN2	1085	966	191
AKNA	4115	3386	737
AKNAD1	288	161	50
AKR1A1	651	580	141
AKR1B1	181	126	22
AKR1B10	23	11	3
AKR1B15	41	25	16
AKR1C1	144	177	33
AKR1C2	158	139	31
AKR1C3	145	174	31
AKR1C4	54	38	15
AKR1C8	42	45	12
AKR1D1	358	305	47
AKR1E2	335	298	57
AKR7A2	165	124	35
AKR7A3	28	21	0
AKR7L	26	19	4
AKT1	661	393	114
AKT1S1	3	4	2
AKT2	2255	1934	364
AKT3	10808	7917	1147
AKTIP	540	396	72
ALAD	355	297	99
ALAS1	360	280	66
ALAS2	267	255	102
ALB	429	73	21
ALCAM	3622	1477	296
ALDH16A1	305	240	65
ALDH18A1	725	508	105
ALDH1A1	579	442	85
ALDH1A2	3661	2774	524
ALDH1A2-AS1	54	19	4
ALDH1A3	118	66	20
ALDH1A3-AS1	93	64	23
ALDH1B1	29	34	6
ALDH1L1	151	117	16
ALDH1L1-AS1	5	9	0
ALDH1L1-AS2	44	25	6
ALDH1L2	529	368	80
ALDH2	718	593	125
ALDH3A1	46	19	5
ALDH3A2	971	698	140
ALDH3B1	200	137	39
ALDH3B2	70	51	6
ALDH4A1	224	155	33
ALDH5A1	775	536	100
ALDH6A1	440	486	62
ALDH7A1	1581	1327	248
ALDH8A1	166	126	28
ALDH9A1	518	345	79
ALDOA	0	3	0
ALDOB	69	32	10
ALDOC-AS1	4	2	2
ALG1	698	559	116
ALG10	110	86	17
ALG10B	135	89	13
ALG11	855	680	140
ALG12	221	194	32
ALG13	3714	3078	514
ALG13-AS1	8	18	2
ALG14	1050	770	134
ALG14-AS1	10	17	0
ALG1L2	558	559	70
ALG1L9P	737	534	125
ALG2	150	128	28
ALG3	158	96	27
ALG5	1391	1110	194
ALG6	1272	918	158
ALG8	1225	1001	215
ALG9	40	30	6
ALK	1630	1307	304
ALKAL1	68	47	12
ALKAL2	72	35	16
ALKBH1	846	712	128
ALKBH2	114	85	14
ALKBH3	813	587	130
ALKBH3-AS1	34	27	7
ALKBH4	166	154	38
ALKBH5	776	634	134
ALKBH7	97	58	58
ALKBH8	681	491	79
ALLC	133	78	27
ALMS1	4406	2908	542
ALOX12	85	58	28
ALOX12-AS1	671	560	104
ALOX12B	59	39	16
ALOX15	34	26	7
ALOX15B	34	21	3
ALOX5	1323	1082	178
ALOX5AP	276	174	45
ALOXE3	88	67	16
ALPG	9	12	1
ALPI	5	9	1
ALPK1	2210	1893	310
ALPK2	1159	760	190
ALPK2-AS1	22	10	0
ALPK3	1067	833	165
ALPL	289	184	28
ALPP	9	5	2
ALS2	1832	1470	264
ALS2CL	569	465	110
ALX1	45	31	6
ALX3	37	20	12
ALX4	157	88	24
ALYREF	53	53	7
AMACR	6	4	0
AMBN	55	48	17
AMBP	62	28	7
AMBRA1	9734	7181	1408
AMD1	1533	1278	231
AMDHD1	185	125	20
AMDHD2	125	103	20
AMELX	7	6	2
AMELY	240	180	25
AMER1	182	127	23
AMER2	11	15	5
AMER3	22	10	2
AMFR	1601	1178	233
AMH	28	26	7
AMHR2	114	80	21
AMIGO1	36	23	4
AMIGO2	70	45	16
AMMECR1	1857	1375	259
AMMECR1L	807	646	146
AMN	66	59	11
AMN1	1610	1220	237
AMN1-AS1	38	34	4
AMOT	709	497	81
AMOTL1	3410	2638	516
AMOTL2	704	528	98
AMPD1	333	256	71
AMPD2	424	359	104
AMPD2-AS1	10	4	0
AMPD3	1415	960	242
AMPH	1175	1219	182
AMTN	21	12	3
AMY1A	0	2	0
AMY1C	3	2	0
AMY2A	2	0	0
AMY2B	362	268	53
AMZ1	916	620	108
AMZ2	1720	1459	282
ANAPC1	2113	1636	304
ANAPC10	9	9	5
ANAPC11	183	130	35
ANAPC13	185	157	45
ANAPC15	91	47	22
ANAPC16	2187	1808	373
ANAPC1P2	810	571	132
ANAPC2	448	300	74
ANAPC4	2430	2081	376
ANAPC5	4301	3668	648
ANAPC7	726	465	127
ANG	5	6	3
ANGEL1	1429	936	161
ANGEL2	989	767	155
ANGPT1	2196	2006	320
ANGPT2	660	570	101
ANGPT4	117	96	29
ANGPTL1	183	183	31
ANGPTL2	294	391	56
ANGPTL3	9	10	3
ANGPTL4	134	97	19
ANGPTL5	284	152	41
ANGPTL6	94	53	11
ANGPTL7	15	7	3
ANGPTL8	18	21	5
ANHX	18	18	2
ANK1	2868	2066	852
ANK2	17658	14915	2375
ANK2-AS1	228	191	40
ANK3	6037	4968	976
ANK3-DT	17	8	1
ANKAR	2236	1824	285
ANKDD1A	703	590	127
ANKDD1B	572	452	96
ANKEF1	147	107	28
ANKFN1	1324	1023	222
ANKFY1	4668	3158	673
ANKH	2787	1631	309
ANKH-AS1	36	26	2
ANKH-DT	4	5	1
ANKHD1	17	8	3
ANKHD1-DT	414	321	94
ANKHD1-EIF4EBP3	387	382	79
ANKIB1	6263	4771	750
ANKK1	36	32	5
ANKLE1	52	42	10
ANKLE2	2909	2065	465
ANKMY1	1470	1134	252
ANKMY2	1163	907	172
ANKRA2	679	660	93
ANKRD1	1091	891	237
ANKRD10	3629	2765	546
ANKRD11	12943	9211	2097
ANKRD12	2601	1873	402
ANKRD13A	1710	1230	266
ANKRD13C	3689	3020	470
ANKRD13D	1076	752	132
ANKRD16	681	542	120
ANKRD17	12675	9439	1627
ANKRD17-DT	1155	1063	178
ANKRD18A	439	421	67
ANKRD18B	103	185	18
ANKRD2	418	293	72
ANKRD20A1	182	119	31
ANKRD22	137	105	22
ANKRD23	697	523	149
ANKRD24	548	464	129
ANKRD26	4242	3554	615
ANKRD27	2269	1664	365
ANKRD27-AS1	26	21	9
ANKRD28	5115	4070	592
ANKRD29	451	252	79
ANKRD30A	121	77	9
ANKRD30B	289	225	51
ANKRD30BL	845	600	158
ANKRD31	316	217	52
ANKRD33	22	19	1
ANKRD33B	1548	1023	240
ANKRD33B-AS1	16	5	3
ANKRD34A	84	49	16
ANKRD34B	19	14	3
ANKRD34C	9	9	2
ANKRD34C-AS1	272	219	45
ANKRD35	208	140	47
ANKRD35-DT	2	3	0
ANKRD36	10577	7349	916
ANKRD36B	3378	3783	549
ANKRD36C	10902	8318	1492
ANKRD37	127	140	31
ANKRD39	5	6	1
ANKRD40	360	304	74
ANKRD40CL	43	26	7
ANKRD42	415	347	60
ANKRD42-DT	326	325	57
ANKRD44	11258	9488	1597
ANKRD44-AS1	24	16	2
ANKRD44-DT	4	4	0
ANKRD46	772	624	119
ANKRD49	168	119	32
ANKRD50	1915	1359	296
ANKRD52	1290	924	213
ANKRD53	86	42	12
ANKRD54	336	230	44
ANKRD55	785	462	125
ANKRD55-AS1	1179	718	183
ANKRD6	3213	2340	419
ANKRD6-AS1	9	7	0
ANKRD60	19	14	2
ANKRD61	23	13	3
ANKRD62	87	40	11
ANKRD62P1-PARP4P3	21	15	5
ANKRD65	23	9	4
ANKRD65-AS1	0	5	0
ANKRD66	11	9	4
ANKRD7	566	500	99
ANKRD9	82	63	18
ANKS1A	6894	5079	995
ANKS1B	11211	8965	1277
ANKS3	1173	800	186
ANKS4B	37	34	8
ANKS6	926	673	145
ANKUB1	1187	926	221
ANKZF1	744	596	186
ANLN	1333	1023	202
ANO1	743	543	129
ANO10	4071	2581	515
ANO2	1798	1490	292
ANO3	844	658	169
ANO3-AS1	94	63	19
ANO4	931	773	181
ANO5	1211	905	261
ANO6	8166	5841	1104
ANO7	272	223	37
ANO8	389	268	66
ANO9	459	352	105
ANOS1	1199	866	187
ANP32A	3332	2644	513
ANP32B	2122	1654	379
ANP32D	10	6	1
ANP32E	703	644	127
ANPEP	191	163	52
ANTKMT	67	35	10
ANTXR1	16790	12919	1605
ANTXR2	2682	2246	362
ANTXRL	173	101	40
ANXA1	519	577	71
ANXA10	142	124	31
ANXA10-AS1	185	174	21
ANXA11	2307	1750	388
ANXA13	226	130	44
ANXA2	2402	1859	305
ANXA2R-AS1	1106	681	157
ANXA2R-OT1	910	695	166
ANXA3	258	181	43
ANXA4	2757	2198	431
ANXA5	1447	1263	197
ANXA6	3654	3339	601
ANXA7	997	781	170
ANXA8	53	42	8
ANXA9	43	39	15
AOAH	6391	4451	1053
AOC1	269	237	37
AOC2	63	30	13
AOC3	81	53	14
AOPEP	12434	9063	1509
AOPEP-AS1	30	23	1
AOX1	348	631	53
AOX3P-AOX2P	650	435	118
AP1AR	736	640	94
AP1AR-DT	14	8	2
AP1B1	1606	1480	384
AP1G1	4377	3371	611
AP1G2	1015	762	192
AP1G2-AS1	226	186	60
AP1M1	1123	770	151
AP1M2	155	94	28
AP1S1	111	95	15
AP1S2	730	596	98
AP1S3	336	242	50
AP2A1	1788	1422	348
AP2A2	8696	6997	1545
AP2B1	3984	3369	623
AP2M1	559	491	110
AP2S1	429	376	87
AP3B1	7668	5603	1035
AP3B2	154	128	27
AP3D1	2986	2013	548
AP3M1	973	751	152
AP3M2	773	471	107
AP3S1	1730	1602	236
AP3S2	68	48	14
AP4B1	597	505	102
AP4B1-AS1	167	108	27
AP4E1	2322	1355	297
AP4M1	343	313	67
AP4S1	1794	1409	263
AP5B1	132	98	26
AP5M1	699	528	102
AP5S1	84	57	12
AP5Z1	537	463	109
APAF1	2064	2099	323
APBA1	3924	3092	453
APBA2	1934	1369	270
APBA3	267	242	69
APBB1	628	547	121
APBB1IP	7156	5160	1219
APBB2	19270	11602	1781
APBB2-AS1	38	27	9
APBB3	233	163	43
APC	3871	2973	529
APC2	143	114	34
APC2-AS1	9	9	2
APCDD1	251	181	37
APCDD1L	143	108	25
APCDD1L-DT	400	340	62
APEH	178	154	39
APELA	24	28	3
APEX1	317	235	40
APEX2	80	80	15
APH1A	120	110	27
APH1B	805	682	107
API5	1457	1145	190
APIP	1051	666	186
APLF	1493	1176	191
APLN	45	27	3
APLNR	345	170	47
APLP1	47	26	8
APLP2	2611	1913	382
APMAP	641	489	114
APOA1	25	14	4
APOA1-AS	97	60	23
APOA2	12	4	0
APOA4	3	3	0
APOA5	13	17	4
APOB	243	84	17
APOBEC1	61	46	9
APOBEC2	147	125	42
APOBEC3A	143	123	19
APOBEC3B-AS1	16	6	6
APOBEC3C	11	8	5
APOBEC3F	409	364	78
APOBEC3G	209	211	47
APOBEC3H	50	37	7
APOBEC4	23	14	3
APOBR	66	45	18
APOC1	107	95	30
APOC3	4	4	0
APOD	62	47	14
APOE	73	62	15
APOF	12	5	5
APOH	173	108	21
APOL1	208	161	43
APOL2	608	485	120
APOL3	695	523	133
APOL4	136	109	31
APOL5	36	27	9
APOL6	393	295	86
APOLD1	3541	2871	514
APOLTP	986	618	152
APOM	69	51	8
APOO	915	615	125
APOOL	1145	948	159
APP	7639	6122	970
APP-DT	134	107	22
APPBP2	4827	4262	678
APPBP2-DT	328	260	56
APPL1	2112	1870	335
APPL2	3245	2802	496
APRG1	591	480	80
APRT	83	47	20
APTR	563	499	106
APTX	2071	1904	322
AQP1	34	22	5
AQP10	26	22	9
AQP11	99	71	17
AQP12A	3	1	1
AQP12B	1	1	7
AQP2	20	13	4
AQP3	104	97	27
AQP4	31	25	4
AQP4-AS1	1925	1332	333
AQP5	99	57	4
AQP5-AS1	30	23	4
AQP6	114	81	11
AQP7	218	137	36
AQP7B	56	42	8
AQP8	47	24	2
AQP9	83	69	19
AQR	3774	3004	540
AR	761	553	151
ARAF	505	355	60
ARAP1	2866	2691	728
ARAP1-AS1	27	15	3
ARAP1-AS2	45	36	6
ARAP2	5064	3659	814
ARAP2-AS1	169	141	30
ARAP3	1491	1159	226
ARAP3-DT	15	6	2
ARB2A-AS1	120	110	21
ARB2A-AS2	27	22	2
ARB2A-DT	394	314	53
ARC	16	7	2
ARCN1	1315	1177	186
AREG	27	25	4
AREL1	1527	1008	226
ARF1	985	905	161
ARF3	30	26	4
ARF4	993	757	178
ARF4-AS1	61	47	14
ARF5	127	91	29
ARF6	192	177	31
ARFGAP1	857	656	160
ARFGAP2	971	852	184
ARFGAP3	1462	875	210
ARFGEF1	9009	7338	1214
ARFGEF1-DT	18	19	7
ARFGEF2	4968	3840	656
ARFGEF3	763	565	147
ARFIP1	3508	2850	454
ARFIP2	323	226	67
ARFRP1	523	393	104
ARG1	260	157	50
ARG2	179	131	31
ARGFX	56	44	6
ARGLU1	14559	11215	2545
ARHGAP1	1790	1324	279
ARHGAP10	10774	8207	1464
ARHGAP11A-DT	195	164	42
ARHGAP11A-SCG5	38	11	6
ARHGAP11B	1	0	0
ARHGAP11B-DT	210	131	41
ARHGAP12	4839	3746	573
ARHGAP15	20146	16506	3018
ARHGAP15-AS1	106	68	14
ARHGAP17	7706	5787	892
ARHGAP18	4997	4297	705
ARHGAP19	3	6	0
ARHGAP19-SLIT1	187	145	38
ARHGAP20	579	541	110
ARHGAP21	9255	8801	1419
ARHGAP22	956	733	199
ARHGAP23	3504	2297	458
ARHGAP24	14383	11306	1697
ARHGAP25	3786	3391	560
ARHGAP26	8237	5479	1173
ARHGAP26-AS1	126	104	27
ARHGAP27	1102	770	177
ARHGAP27P1-BPTFP1-KPNA2P3	1388	951	225
ARHGAP28	9706	7350	750
ARHGAP28-AS1	14	12	1
ARHGAP29	4958	3595	677
ARHGAP29-AS1	543	363	80
ARHGAP30	1540	1128	277
ARHGAP31	6802	4785	733
ARHGAP31-AS1	38	36	14
ARHGAP32	7673	5324	975
ARHGAP33	417	380	82
ARHGAP35	6830	4755	946
ARHGAP36	211	173	44
ARHGAP39	1569	980	231
ARHGAP4	1642	1108	307
ARHGAP40	46	44	11
ARHGAP42	12787	8047	1348
ARHGAP42-AS1	23	15	5
ARHGAP44	1267	1059	195
ARHGAP44-AS1	58	34	11
ARHGAP45	1357	914	298
ARHGAP5	6373	4517	748
ARHGAP5-AS1	30	24	7
ARHGAP6	13456	17613	2124
ARHGAP9	696	488	146
ARHGDIA	380	250	55
ARHGDIB	1373	1017	231
ARHGDIG	7	0	0
ARHGEF1	4936	3607	929
ARHGEF10L	1895	1301	268
ARHGEF11	3851	2504	455
ARHGEF12	8091	7071	1148
ARHGEF15	431	246	59
ARHGEF16	112	79	28
ARHGEF17	2842	2353	413
ARHGEF17-AS1	50	35	9
ARHGEF18	15441	11294	2406
ARHGEF18-AS1	80	69	23
ARHGEF19	168	108	37
ARHGEF2	3602	2703	618
ARHGEF2-AS1	44	37	11
ARHGEF2-AS2	36	22	1
ARHGEF25	429	437	82
ARHGEF25-AS1	45	29	6
ARHGEF26	1013	933	148
ARHGEF26-AS1	204	230	41
ARHGEF28	1355	926	216
ARHGEF28-AS2	11	11	5
ARHGEF3	6004	4057	870
ARHGEF3-AS1	34	23	3
ARHGEF33	173	159	33
ARHGEF35	23	20	3
ARHGEF35-AS1	684	692	111
ARHGEF37	521	357	67
ARHGEF38	367	260	80
ARHGEF38-DT	24	6	1
ARHGEF39	185	124	30
ARHGEF4	654	510	114
ARHGEF4-AS1	6	9	1
ARHGEF40	1280	963	216
ARHGEF5	101	73	21
ARHGEF6	2910	2556	472
ARHGEF7	13103	11891	2198
ARHGEF7-AS2	7	5	1
ARHGEF9	2454	2077	371
ARID1A	10880	7492	1588
ARID1B	28998	20509	3360
ARID1B-AS1	44	25	6
ARID2	9163	7134	1199
ARID3A	2325	1682	422
ARID3B	1336	1008	213
ARID3C	19	28	3
ARID4A	4659	4331	775
ARID4B	12390	9541	1660
ARID5A	449	392	86
ARID5B	10810	10919	1439
ARIH1	8295	6318	1058
ARIH2	3644	2669	556
ARIH2OS	20	19	2
ARL1	448	318	49
ARL10	906	617	110
ARL11	98	82	17
ARL13A	23	20	8
ARL13B	1544	1204	189
ARL14	4	3	3
ARL14EP	453	404	69
ARL14EP-DT	610	435	116
ARL14EPL	59	30	10
ARL15	35079	31740	3579
ARL16	243	164	41
ARL17A	598	274	62
ARL17B	670	2543	88
ARL2	3	2	0
ARL2-SNX15	53	24	7
ARL2BP	217	187	43
ARL3	893	839	133
ARL4A	143	100	25
ARL4C	315	226	58
ARL4D	47	38	4
ARL5A	751	389	76
ARL5B	589	592	83
ARL5C	379	293	77
ARL6	421	317	51
ARL6IP1	4	3	0
ARL6IP5	527	507	99
ARL6IP6	1259	1010	158
ARL8A	541	436	92
ARL8B	2910	2130	390
ARL9	152	125	26
ARLNC1	3	4	0
ARMC1	977	747	136
ARMC10	570	475	87
ARMC12	76	72	18
ARMC2	1523	1202	270
ARMC2-AS1	18	13	2
ARMC3	231	154	38
ARMC5	143	108	36
ARMC6	511	314	66
ARMC7	473	346	76
ARMC8	3887	2746	540
ARMC9	2036	1471	301
ARMCX1	179	193	29
ARMCX2	252	316	56
ARMCX3	553	526	111
ARMCX3-AS1	19	18	5
ARMCX4	2773	2385	447
ARMCX5	9	7	0
ARMCX5-GPRASP2	2183	1686	295
ARMCX5-GPRASP2.1	65	44	8
ARMCX6	246	290	60
ARMH1	498	352	92
ARMH3	6446	4580	895
ARMH4	2605	2187	408
ARMS2	13	10	3
ARMT1	305	256	29
ARNILA	98	65	12
ARNT	3124	2970	440
ARNT2	2696	1014	218
ARNT2-AS2	12	9	2
ARNT2-AS3	46	21	9
ARNT2-DT	99	90	20
ARNTL	2237	1699	384
ARNTL2	741	584	124
ARNTL2-AS1	121	77	15
ARPC1B	80	61	11
ARPC2	3778	2822	526
ARPC3	365	358	59
ARPC4	52	46	4
ARPC4-TTLL3	11	13	2
ARPC5	499	463	85
ARPC5L	368	279	72
ARPIN	0	3	0
ARPIN-AP3S2	3	3	0
ARPP19	855	696	115
ARPP21	9331	7017	1918
ARPP21-AS1	6	7	1
ARR3	16	12	2
ARRB1	5834	4849	1103
ARRB2	871	641	191
ARRDC1	8	5	2
ARRDC1-AS1	227	141	36
ARRDC2	609	520	169
ARRDC3	1358	2456	216
ARRDC3-AS1	1858	1412	293
ARRDC4	165	199	30
ARRDC5	1328	994	219
ARSA	182	156	31
ARSB	2224	1396	268
ARSD	365	300	68
ARSF	109	92	20
ARSG	1083	837	180
ARSH	50	25	3
ARSI	261	187	34
ARSJ	463	375	63
ARSK	448	404	62
ARSL	103	71	12
ART1	67	45	15
ART3	326	210	81
ART4	180	120	29
ART5	23	16	4
ARTN	21	24	1
ARV1	316	235	47
ARVCF	745	442	142
ARX	32	24	6
ASAH1	1006	953	204
ASAH1-AS1	61	52	9
ASAH2	191	140	46
ASAH2B	224	134	40
ASAP1	21840	14424	2423
ASAP2	2506	1716	434
ASAP3	1246	924	196
ASB1	549	390	88
ASB10	53	47	4
ASB11	101	77	23
ASB12	8	6	3
ASB13	227	146	36
ASB14	90	60	13
ASB15	226	182	35
ASB15-AS1	173	101	28
ASB16	110	74	17
ASB16-AS1	335	211	67
ASB17	25	19	5
ASB18	384	278	71
ASB2	293	224	63
ASB3	4362	3664	631
ASB4	184	136	34
ASB5	672	590	155
ASB6	108	71	19
ASB6-AS1	4	6	0
ASB7	968	713	163
ASB8	346	315	72
ASB9	192	200	34
ASCC1	2838	2072	365
ASCC2	1570	1134	214
ASCC3	13331	9187	1440
ASCL1	13	12	4
ASCL2	27	14	4
ASCL3	24	8	1
ASCL4	0	2	0
ASCL5	53	26	9
ASF1A	338	301	55
ASF1B	417	323	85
ASGR1	201	151	37
ASGR2	112	98	22
ASH1L	15438	11161	2196
ASH1L-AS1	40	27	7
ASH2L	1717	1280	257
ASIC1	222	150	29
ASIC2	1584	1121	275
ASIC2-AS1	250	202	28
ASIC2-AS2	16	10	2
ASIC2-AS3	8	0	1
ASIC3	50	24	7
ASIC4	171	118	41
ASIC4-AS1	174	112	34
ASIC5	45	29	5
ASIP	188	170	41
ASL	438	330	79
ASNSD1	93	90	17
ASPA	1084	1056	148
ASPDH	27	25	6
ASPG	77	49	14
ASPH	2718	2253	412
ASPHD1	99	71	31
ASPHD2	77	70	13
ASPM	2506	1884	373
ASPN	197	250	28
ASPSCR1	1038	709	178
ASRGL1	436	296	71
ASS1	454	277	49
ASTE1	252	228	51
ASTILCS	23	19	2
ASTL	78	48	16
ASTN1	3554	3166	467
ASTN2	4042	3133	594
ASTN2-AS1	65	77	20
ASXL1	7849	6768	1256
ASXL2	4821	3539	645
ASXL3	1293	1359	200
ASXL3-DT	37	28	9
ASZ1	106	83	12
ATAD1	1979	1412	250
ATAD2	3817	2767	568
ATAD2B	8016	5645	996
ATAD3A	383	260	66
ATAD3B	868	579	165
ATAD3C	114	95	15
ATAD5	1789	1460	318
ATAT1	1096	915	189
ATCAY	272	194	45
ATE1	6077	4943	840
ATF1	2122	1523	311
ATF2	3646	3128	467
ATF3	697	601	117
ATF4	745	564	116
ATF5	172	127	24
ATF6	4125	3117	567
ATF6-DT	90	49	12
ATF6B	745	602	151
ATF7	67	70	9
ATF7-AS1	23	14	7
ATF7-AS2	733	534	135
ATF7-NPFF	9	4	1
ATF7IP	8831	6113	1101
ATF7IP2	5273	3903	769
ATG10	5213	3745	673
ATG10-AS1	0	0	0
ATG101	135	93	17
ATG12	1102	1049	196
ATG13	2197	1708	360
ATG14	1628	1417	296
ATG16L1	2460	1674	416
ATG16L2	1808	1454	377
ATG2A	494	436	104
ATG2B	3153	2765	538
ATG3	824	719	121
ATG4A	540	439	88
ATG4B	1822	1650	327
ATG4C	1882	1732	257
ATG4D	268	209	62
ATG5	3956	2638	509
ATG7	8931	6753	1117
ATG9A	214	158	35
ATG9B	98	80	21
ATIC	991	624	136
ATL1	742	526	112
ATL2	3810	2865	541
ATL3	1417	1178	180
ATM	9756	7885	1401
ATMIN	209	165	30
ATN1	1659	1306	300
ATOH1	6	6	1
ATOH7	11	5	1
ATOH8	825	659	172
ATOX1	539	409	92
ATOX1-AS1	87	61	15
ATP10A	1933	1260	222
ATP10A-DT	58	33	10
ATP10B	1166	922	213
ATP10D	3064	2305	395
ATP10D-DT	12	18	3
ATP11A	6023	4305	987
ATP11A-AS1	35	26	7
ATP11AUN	95	73	14
ATP11B	4963	3837	715
ATP11B-DT	74	53	16
ATP11C	4922	3727	653
ATP12A	118	61	14
ATP13A1	494	381	81
ATP13A2	360	253	68
ATP13A3	5728	3907	709
ATP13A3-DT	440	344	82
ATP13A4	413	333	76
ATP13A4-AS1	3	4	0
ATP13A5	146	111	23
ATP13A5-AS1	16	8	3
ATP1A1	1114	950	179
ATP1A1-AS1	528	454	78
ATP1A2	837	560	156
ATP1A3	13	2	0
ATP1A4	107	75	11
ATP1B1	1028	699	185
ATP1B2	181	217	41
ATP1B3	1546	1089	210
ATP1B3-AS1	9	7	2
ATP1B4	454	360	100
ATP23	364	250	63
ATP2A1	1451	1115	246
ATP2A1-AS1	24	18	5
ATP2A2	5366	3467	800
ATP2A3	2888	2119	590
ATP2B1	8283	6331	1063
ATP2B1-AS1	182	199	35
ATP2B2	982	720	152
ATP2B3	151	119	21
ATP2B4	4077	3329	717
ATP2C1	5929	4499	942
ATP2C1-AS1	141	124	16
ATP2C2	289	194	42
ATP2C2-AS1	99	103	13
ATP4A	27	27	9
ATP4B	18	17	6
ATP5F1A	1316	1095	236
ATP5F1B	1155	987	215
ATP5F1C	1627	1138	219
ATP5F1D	154	105	29
ATP5F1E	302	226	57
ATP5IF1	341	213	45
ATP5IF1-AS1	45	40	10
ATP5MC1	72	44	24
ATP5MC2	992	887	129
ATP5MC3	163	127	33
ATP5ME	271	283	51
ATP5MG	9	2	1
ATP5MJ	298	253	51
ATP5MK	317	273	60
ATP5PB	508	454	106
ATP5PD	224	160	46
ATP5PF	500	468	76
ATP6AP1	184	153	33
ATP6AP1-DT	53	27	5
ATP6AP2	542	441	76
ATP6V0A1	2646	2589	467
ATP6V0A2	1573	943	197
ATP6V0A4	395	274	54
ATP6V0B	118	91	35
ATP6V0D1	962	714	170
ATP6V0D1-DT	1001	905	178
ATP6V0D2	404	285	72
ATP6V0E1	1522	1333	242
ATP6V0E2	157	91	32
ATP6V0E2-AS1	222	159	47
ATP6V1A	1811	1279	253
ATP6V1B2	705	666	115
ATP6V1C1	2254	2059	387
ATP6V1C2	320	262	40
ATP6V1D	796	624	139
ATP6V1E1	1100	886	196
ATP6V1E2	282	251	60
ATP6V1F	52	50	8
ATP6V1FNB	48	47	4
ATP6V1G1	460	438	103
ATP6V1G2	64	56	12
ATP6V1G2-DDX39B	14	23	8
ATP6V1G3	75	44	10
ATP6V1H	2955	2056	368
ATP7A	4	7	3
ATP7B	739	616	123
ATP8A1	5375	4636	776
ATP8A1-DT	8	3	3
ATP8A2	1830	1288	339
ATP8B1	5393	5758	750
ATP8B1-AS1	83	66	9
ATP8B2	1367	946	234
ATP8B3	280	178	38
ATP8B4	3162	1797	342
ATP9A	2479	2121	329
ATP9B	10263	7096	1421
ATP9B-AS1	3	2	0
ATPAF1	865	720	117
ATPAF2	975	825	167
ATPSCKMT	637	492	95
ATR	4788	3374	601
ATRAID	229	167	38
ATRIP	314	210	49
ATRN	4573	2875	524
ATRNL1	2445	1947	387
ATRX	18692	13773	2476
ATXN1	17416	12985	1987
ATXN1-AS1	73	58	18
ATXN10	8933	6238	1089
ATXN1L	766	601	148
ATXN2	11056	7594	1388
ATXN2-AS	23	27	6
ATXN2L	2254	1731	389
ATXN3	2909	2588	402
ATXN3L	0	1	0
ATXN7	5576	3945	778
ATXN7L1	7173	5610	964
ATXN7L2	348	290	57
ATXN7L3	508	365	101
ATXN7L3-AS1	231	170	49
ATXN7L3B	311	257	42
ATXN8OS	124	101	27
AUH	4482	4002	671
AUNIP	139	91	18
AUP1	394	368	81
AURKA	351	253	69
AURKAIP1	64	45	17
AURKB	253	209	47
AURKC	39	27	8
AUTS2	32191	26237	4477
AVEN	3012	1759	326
AVIL	639	436	91
AVL9	5496	4223	647
AVP	9	6	2
AVPI1	98	85	11
AVPR1A	76	59	11
AVPR1B	25	20	5
AVPR1B-DT	20	27	6
AVPR2	17	20	6
AWAT1	24	15	2
AWAT2	83	57	20
AXDND1	629	397	99
AXIN1	2099	1351	356
AXIN2	374	278	48
AXL	1331	1363	293
AZGP1	16	13	4
AZI2	1145	937	199
AZIN1	1333	1447	224
AZIN1-AS2	4	5	0
AZIN2	308	258	49
AZU1	41	29	5
B2M	1875	1772	283
B3GALNT1	294	288	36
B3GALNT2	1373	1044	194
B3GALT1	1334	1124	191
B3GALT1-AS1	292	242	46
B3GALT2	53	43	8
B3GALT4	147	105	23
B3GALT5	173	121	31
B3GALT5-AS1	38	27	8
B3GALT6	43	42	5
B3GALT9	92	35	19
B3GAT1	43	27	6
B3GAT1-DT	116	68	10
B3GAT2	319	225	40
B3GAT3	412	342	92
B3GLCT	1853	1397	248
B3GNT2	725	634	101
B3GNT3	85	53	18
B3GNT4	12	10	2
B3GNT5	302	231	47
B3GNT6	43	35	4
B3GNT7	35	19	8
B3GNT8	22	12	2
B3GNT9	25	30	7
B3GNTL1	1053	798	152
B4GALNT1	31	24	8
B4GALNT2	185	157	32
B4GALNT3	725	552	145
B4GALNT4	129	107	28
B4GALT1	2140	1774	319
B4GALT1-AS1	102	64	18
B4GALT2	142	96	18
B4GALT3	162	127	40
B4GALT4	425	280	65
B4GALT4-AS1	210	177	47
B4GALT5	3116	2293	375
B4GALT6	700	599	108
B4GALT7	185	105	36
B4GAT1	33	15	3
B4GAT1-DT	260	232	73
B9D1	414	260	90
B9D2	99	86	22
BAALC	530	580	87
BAALC-AS1	634	461	92
BAALC-AS2	28	36	4
BAAT	65	66	15
BABAM1	2	3	0
BABAM2	6508	5169	822
BABAM2-AS2	7	2	2
BACE1	1018	778	188
BACE1-AS	140	102	21
BACE2	2974	1646	365
BACH1	6396	4887	873
BACH1-AS1	36	29	5
BACH2	12210	9185	1785
BAD	316	262	60
BAG1	275	231	56
BAG2	387	357	82
BAG3	376	414	65
BAG4	667	662	100
BAG5	237	171	49
BAG5-AS1	51	35	7
BAG6	734	607	133
BAHCC1	1751	1395	281
BAHD1	447	376	73
BAIAP2	897	666	180
BAIAP2-DT	136	104	25
BAIAP2L1	1293	1000	194
BAIAP2L2	160	121	25
BAIAP3	112	75	16
BAK1	77	65	12
BALR6	469	335	64
BAMBI	73	70	20
BANCR	70	62	13
BANF1	85	76	16
BANF2	157	121	23
BANK1	6155	5303	628
BANK1-AS1	152	90	20
BANP	3490	2890	673
BAP1	252	221	48
BARD1	2166	1587	218
BARHL1	22	11	3
BARHL2	6	6	0
BARX1	8	5	2
BARX1-DT	13	5	3
BARX2	270	189	52
BASP1	1794	1398	332
BASP1-AS1	652	441	104
BATF	139	101	26
BATF2	47	33	4
BATF3	146	91	32
BAX	232	202	39
BAZ1A	5102	3560	763
BAZ1A-AS1	24	22	11
BAZ1B	5531	3444	758
BAZ2A	4325	3849	905
BAZ2B	16295	15260	2424
BAZ2B-AS1	68	40	6
BBC3	270	193	70
BBIP1	428	358	74
BBLN	63	26	8
BBOF1	543	462	98
BBOX1	307	208	58
BBOX1-AS1	2558	2422	281
BBS10	81	53	13
BBS12	66	73	12
BBS2	618	575	101
BBS4	1171	988	136
BBS7	765	614	120
BBS7-DT	5	11	1
BBS9	11943	10399	1491
BBX	7972	6330	1087
BCAM	823	582	138
BCAN	63	43	17
BCAN-AS1	24	18	3
BCAN-AS2	72	56	11
BCAP29	29	24	2
BCAP31	539	403	109
BCAR1	1665	1203	289
BCAR3	2959	1989	367
BCAR3-AS1	60	42	6
BCAR4	51	38	7
BCAS1	462	313	80
BCAS1-AS1	88	70	13
BCAS2	349	364	63
BCAS3	13760	11177	1817
BCAS3-AS1	208	145	31
BCAS4	589	503	97
BCAT1	2049	1522	235
BCAT1-AS1	16	7	5
BCAT1-DT	84	40	13
BCAT2	537	443	98
BCCIP	991	705	177
BCDIN3D	83	71	13
BCDIN3D-AS1	79	52	8
BCHE	781	836	129
BCKDHB	4233	3206	550
BCKDK	133	145	39
BCL10	255	266	46
BCL10-AS1	1113	865	144
BCL11A	4365	3509	679
BCL11B	8376	5926	1574
BCL11B-AS1	8	9	1
BCL2	15217	12510	1610
BCL2A1	198	166	36
BCL2L1	4274	3022	743
BCL2L1-AS1	347	250	65
BCL2L10	6	7	2
BCL2L11	1207	1142	184
BCL2L12	175	152	45
BCL2L13	2711	2073	383
BCL2L14	1002	706	153
BCL2L15	55	31	7
BCL2L2	163	110	31
BCL2L2-PABPN1	537	423	71
BCL3	289	250	78
BCL6	1479	1114	269
BCL6B	387	345	44
BCL7A	1779	1327	274
BCL7B	419	300	78
BCL7C	1642	1025	206
BCL9	1777	1635	269
BCL9L	1133	868	211
BCLAF1	4069	3526	635
BCLAF3	2008	1617	330
BCO1	252	179	34
BCO2	256	211	45
BCOR	3699	2783	644
BCORL1	1287	952	192
BCR	3012	2155	523
BCRP3	107	76	21
BCS1L	190	146	33
BDH1	562	376	75
BDH2	535	567	92
BDKRB1	10	14	2
BDKRB1-AS1	61	39	14
BDKRB2	3	0	1
BDNF	152	122	20
BDNF-AS	1304	1069	179
BDP1	9459	7134	1360
BEAN1	343	198	49
BECN1	694	598	133
BECN2	3	5	0
BEGAIN	511	255	64
BEGAIN-AS1	8	3	0
BEND2	67	55	27
BEND3	411	269	60
BEND4	181	208	31
BEND4-AS1	855	738	116
BEND6	215	180	32
BEND7	960	850	98
BEND7-DT	6	1	2
BEST1	142	106	33
BEST2	18	10	1
BEST3	802	546	156
BEST4	42	28	8
BET1	672	570	107
BET1-AS1	128	104	17
BET1L	270	238	67
BETALINC1	3	2	1
BEX1	4	3	2
BEX2	27	21	7
BEX3	522	419	77
BEX4	189	173	32
BEX5	32	26	3
BFAR	1013	885	194
BFSP1	294	181	57
BFSP2	303	278	59
BFSP2-AS1	213	157	35
BGLT3	5	9	1
BGN	682	376	121
BHLHA15	10	10	5
BHLHA9	2	2	1
BHLHE22	12	8	2
BHLHE22-AS1	31	21	10
BHLHE23	8	2	0
BHLHE40	252	227	44
BHLHE40-AS1	488	353	78
BHLHE41	41	32	10
BHMT	94	69	9
BHMT2	108	57	18
BICC1	7605	6296	989
BICD1	8122	5685	1080
BICD1-AS1	40	26	10
BICD2	1093	707	179
BICDL1	1527	1102	256
BICDL2	57	44	13
BICRA-AS1	62	51	14
BICRA-AS2	17	14	2
BICRAL	4613	4374	825
BID	1033	827	216
BIK	110	65	13
BIN1	2118	1542	385
BIN2	2569	1500	535
BIN3	1218	975	226
BIRC2	1719	1485	295
BIRC3	612	577	104
BIRC5	234	233	56
BIRC6	17365	12368	2045
BIRC6-AS1	12	8	0
BIRC7	15	20	3
BISPR	4	0	0
BIVM-ERCC5	38	38	8
BLACAT1	0	5	0
BLACE	33	26	9
BLCAP	2123	1406	309
BLK	1835	1421	225
BLK-AS1	78	61	13
BLM	1480	1182	238
BLMH	1079	787	171
BLNK	1420	1476	178
BLOC1S2	355	261	42
BLOC1S4	31	10	8
BLOC1S5-TXNDC5	632	492	94
BLOC1S6	5	8	0
BLVRA	698	496	129
BLVRB	1005	798	256
BLZF1	1094	871	165
BMERB1	1244	1053	191
BMF	496	437	104
BMF-AS1	2	5	2
BMI1	85	90	13
BMP1	946	635	160
BMP10	16	6	2
BMP15	7	12	0
BMP2	238	246	30
BMP2K	6665	4365	849
BMP2K-DT	20	17	3
BMP3	139	121	20
BMP4	169	138	35
BMP5	553	450	119
BMP6	2717	1508	331
BMP7	325	226	75
BMP8A	206	135	31
BMP8B	39	38	5
BMP8B-AS1	4	0	0
BMPER	1610	986	199
BMPR1A	6597	4770	861
BMPR1B	2676	1751	349
BMPR1B-DT	19	11	3
BMPR2	11819	8407	1576
BMS1	1688	1281	278
BMS1P14	48	36	7
BMS1P4-AGAP5	44	40	6
BMT2	3121	2461	434
BMX	256	172	51
BNAT1	8	2	3
BNC1	287	248	39
BNC2	5934	4042	828
BNC2-AS1	4	5	0
BNIP1	281	236	35
BNIP2	1260	966	201
BNIP3	415	508	75
BNIP3L	3509	3274	652
BNIP5	54	49	14
BNIPL	101	81	12
BOC	2092	1901	345
BOD1	363	332	52
BOD1L1	5499	4005	760
BOD1L2	1	0	0
BOK	181	106	24
BOK-AS1	94	49	8
BOLA1	153	123	33
BOLA3	104	97	14
BOLA3-DT	44	35	12
BOLL	74	62	11
BOP1	238	197	53
BORA	381	263	50
BORCS5	2000	1621	323
BORCS6	33	21	7
BORCS7-ASMT	131	126	32
BORCS8	16	8	5
BPGM	274	237	72
BPHL	603	594	99
BPI	81	55	12
BPIFA1	4	2	1
BPIFA2	55	36	10
BPIFA3	49	51	8
BPIFB1	59	44	11
BPIFB2	69	42	10
BPIFB3	23	26	6
BPIFB4	112	85	20
BPIFB6	20	9	4
BPIFC	215	196	39
BPNT1	363	360	77
BPNT2	627	494	68
BPTF	15174	12367	2241
BRAF	9166	7139	1157
BRAP	1322	1015	211
BRAT1	503	427	89
BRCA1	1877	1506	296
BRCA1-OT1	25	24	7
BRCA2	1146	940	164
BRCC3	839	787	133
BRD1	3260	2312	590
BRD2	2289	1981	438
BRD3	1171	821	226
BRD3OS	70	79	15
BRD4	7262	5322	1140
BRD7	1743	1261	275
BRD8	2238	2027	443
BRD9	1971	1534	361
BRDT	402	291	58
BRF1	2271	1684	388
BRF2	121	112	18
BRI3	1152	902	200
BRI3BP	611	384	102
BRICD5	33	23	12
BRINP1	388	337	76
BRINP2	657	531	99
BRINP3	1050	846	176
BRINP3-DT	3	0	1
BRIP1	2684	2014	332
BRIX1	458	390	77
BRK1	481	360	85
BRME1	386	299	88
BRMS1	134	122	26
BRMS1L	1004	707	164
BROX	814	819	167
BRPF1	339	227	68
BRPF3	847	619	138
BRPF3-AS1	277	248	48
BRS3	4	0	0
BRSK1	307	242	62
BRSK1-AS1	3	2	1
BRSK2	158	105	40
BRWD1	9848	8125	1296
BRWD1-AS1	49	46	14
BRWD1-AS2	23	15	7
BRWD3	3713	3041	542
BSCL2	0	2	0
BSDC1	1846	1686	343
BSG	649	541	185
BSG-AS1	136	92	27
BSN	360	271	56
BSN-AS1	1	0	0
BSN-DT	22	9	5
BSND	22	20	6
BSPH1	85	68	14
BSPRY	68	63	15
BST1	275	191	42
BST2	146	179	44
BSX	43	25	4
BTAF1	5242	4005	749
BTBD1	1852	1216	217
BTBD10	2113	1490	288
BTBD11	4022	2746	591
BTBD16	157	95	28
BTBD17	28	17	3
BTBD18	40	28	3
BTBD19	413	350	68
BTBD2	1809	1225	352
BTBD3	1827	1601	267
BTBD3-AS1	46	39	7
BTBD6	43	32	6
BTBD7	4037	3022	503
BTBD8	1217	1620	251
BTBD9	10225	7796	1186
BTBD9-AS1	0	1	0
BTC	161	132	27
BTD	1394	976	174
BTF3	461	422	71
BTF3-DT	12	12	1
BTF3L4	1759	1378	258
BTG1	516	797	84
BTG1-DT	436	344	94
BTG2	426	376	90
BTG2-DT	57	43	11
BTG3	604	544	88
BTG3-AS1	124	124	20
BTG4	88	47	20
BTK	957	756	241
BTLA	314	257	41
BTN1A1	19	18	5
BTN2A1	1023	944	171
BTN2A2	400	389	70
BTN3A1	1157	1334	221
BTN3A2	981	922	166
BTN3A3	918	799	166
BTNL2	15	11	5
BTNL3	29	17	3
BTNL8	74	67	17
BTNL9	2458	1711	287
BTRC	6221	4707	812
BUB1	832	662	132
BUB1B	1513	1182	240
BUB3	861	767	126
BUD13	520	318	72
BUD13-DT	3	0	1
BUD23	721	571	130
BUD31	237	209	45
BVES	216	153	37
BVES-AS1	205	175	37
BYSL	148	122	33
BZW1	700	558	121
BZW1-AS1	141	85	22
BZW2	1226	824	152
C10orf105	183	120	44
C10orf120	4	3	0
C10orf143	425	360	88
C10orf53	36	29	6
C10orf55	387	333	71
C10orf67	198	169	40
C10orf67-AS1	3	11	0
C10orf71	218	156	43
C10orf71-AS1	9	8	0
C10orf82	22	19	4
C10orf88	518	344	79
C10orf90	571	436	96
C10orf95	31	15	4
C10orf95-AS1	135	107	22
C10orf99	65	35	8
C11orf1	65	54	12
C11orf16	75	51	12
C11orf21	223	134	48
C11orf24	154	106	28
C11orf40	7	7	2
C11orf42	40	33	6
C11orf53	94	64	11
C11orf54	4	4	1
C11orf58	2200	2143	327
C11orf65	680	594	119
C11orf68	36	18	7
C11orf71	44	47	11
C11orf80	4188	3192	603
C11orf86	4	1	0
C11orf87	12	6	3
C11orf94	8	3	1
C11orf97	86	78	18
C12orf29	226	198	52
C12orf4	1095	830	155
C12orf40	1685	1365	280
C12orf42	1211	1161	167
C12orf42-AS1	78	70	14
C12orf43	202	149	43
C12orf50	98	76	12
C12orf54	113	55	9
C12orf56	604	438	102
C12orf57	115	84	19
C12orf60	335	258	55
C12orf71	2	2	0
C12orf73	449	346	86
C12orf75	1086	812	169
C12orf75-AS1	38	20	7
C12orf76	682	528	102
C13orf42	147	124	20
C13orf46	181	136	51
C14orf119	105	103	17
C14orf132	506	525	84
C14orf178	71	66	14
C14orf180	35	37	13
C14orf28	133	94	19
C14orf39	357	279	58
C14orf93	501	346	83
C15orf32	78	47	11
C15orf39	197	221	58
C15orf40	435	422	94
C15orf48	121	90	24
C15orf61	66	60	9
C15orf62	15	9	3
C16orf46-AS1	15	22	4
C16orf46-DT	5	4	2
C16orf54	26	18	3
C16orf72	1291	1083	185
C16orf74	1888	1598	266
C16orf78	42	47	5
C16orf82	5	2	0
C16orf86	41	38	10
C16orf87	509	404	65
C16orf89	70	40	8
C16orf90	5	4	1
C16orf91	15	13	1
C16orf92	17	11	3
C16orf95	668	550	128
C16orf95-DT	9	5	4
C16orf96	366	271	54
C17orf100	228	235	37
C17orf107	39	25	2
C17orf114	55	60	9
C17orf50	61	59	9
C17orf58	50	62	7
C17orf64	260	178	46
C17orf67	1246	811	133
C17orf75	407	313	68
C17orf78	51	34	12
C17orf80	434	386	74
C17orf97	247	157	25
C17orf98	16	15	1
C17orf99	441	303	86
C18orf21	135	165	30
C18orf25	2509	1818	367
C18orf32	48	55	12
C18orf54	373	321	59
C18orf63	154	112	25
C19orf12	642	527	106
C19orf18	318	213	52
C19orf25	564	428	114
C19orf33	4	1	0
C19orf38	305	216	49
C19orf44	444	325	70
C19orf47	468	318	87
C19orf53	65	69	15
C19orf54	162	119	32
C19orf67	43	35	13
C19orf71	122	146	24
C19orf73	10	11	2
C19orf81	50	40	8
C19orf84	11	4	2
C19orf85	8	2	2
C1D	803	730	129
C1GALT1	2681	2333	526
C1GALT1C1	56	61	9
C1GALT1C1L	4	2	1
C1orf100	100	69	14
C1orf105	193	122	34
C1orf109	265	212	53
C1orf112	1603	1215	224
C1orf115	132	100	12
C1orf116	74	30	15
C1orf122	40	28	3
C1orf127	105	96	23
C1orf131	452	317	68
C1orf141	311	253	47
C1orf146	53	37	7
C1orf147	58	30	11
C1orf159	1048	721	166
C1orf162	186	158	48
C1orf167	137	92	15
C1orf167-AS1	8	9	1
C1orf174	330	236	39
C1orf185	47	48	14
C1orf198	956	611	91
C1orf202	39	38	14
C1orf21	6855	5913	906
C1orf21-DT	13	11	2
C1orf210	10	7	2
C1orf216	72	67	22
C1orf220	21	14	4
C1orf226	24	16	1
C1orf232	22	19	2
C1orf35	332	203	61
C1orf43	765	737	131
C1orf50	0	0	1
C1orf50-AS1	2	0	0
C1orf52	854	769	141
C1orf53	27	19	4
C1orf54	400	349	82
C1orf56	32	27	10
C1orf68	3	0	0
C1orf74	5	0	1
C1orf87	188	171	30
C1orf94	107	89	17
C1QA	4	2	3
C1QB	167	115	36
C1QBP	200	151	29
C1QC	65	58	13
C1QL1	48	26	4
C1QL2	5	5	1
C1QL3	22	16	6
C1QL4	24	17	8
C1QTNF1	132	82	26
C1QTNF1-AS1	45	43	6
C1QTNF12	21	28	3
C1QTNF2	187	123	27
C1QTNF3-AMACR	2485	2309	307
C1QTNF3-DT	211	170	42
C1QTNF4	35	24	4
C1QTNF6	323	225	74
C1QTNF7	2209	2350	299
C1QTNF7-AS1	1671	1347	236
C1QTNF8	16	17	3
C1QTNF9	3	0	0
C1QTNF9-AS1	7	2	1
C1QTNF9B	23	13	3
C1R	254	240	54
C1RL	738	764	167
C1RL-AS1	1259	1229	279
C1S	1091	1005	223
C2	364	353	69
C2-AS1	22	15	3
C20orf144	32	18	7
C20orf173	38	35	5
C20orf202	4	3	2
C20orf203	4	0	0
C20orf204	113	90	17
C20orf27	158	105	35
C20orf85	19	20	3
C20orf96	526	439	95
C21orf58	1002	754	176
C21orf62	124	81	23
C21orf62-AS1	895	706	153
C21orf91	560	483	103
C21orf91-OT1	66	59	15
C22orf15	13	10	1
C22orf23	108	69	17
C22orf31	50	27	6
C22orf39	10	15	2
C22orf42	7	6	1
C2CD2	2016	1503	269
C2CD2L	296	192	65
C2CD3	2905	2276	493
C2CD4A	16	17	3
C2CD4B	12	10	4
C2CD4C	15	18	1
C2CD4D	13	14	4
C2CD4D-AS1	104	74	17
C2CD5	4283	3694	630
C2CD5-AS1	702	486	146
C2CD6	716	615	105
C2orf16	128	92	11
C2orf27A	960	688	147
C2orf42	1236	924	207
C2orf49	521	434	71
C2orf49-DT	93	69	18
C2orf50	131	76	15
C2orf66	13	6	3
C2orf68	563	370	90
C2orf69	422	325	46
C2orf72	17	20	2
C2orf73	167	109	23
C2orf74-AS1	31	11	3
C2orf74-DT	56	44	10
C2orf76	733	515	94
C2orf78	15	7	2
C2orf80	95	74	23
C2orf88	1091	855	203
C2orf92	889	648	124
C3	894	655	141
C3AR1	42	47	16
C3orf14	101	103	10
C3orf18	200	139	25
C3orf20	655	478	123
C3orf22	74	60	17
C3orf33	0	4	0
C3orf36	13	10	1
C3orf38	580	529	89
C3orf49	47	35	8
C3orf52	794	408	109
C3orf56	1	0	0
C3orf62	239	149	37
C3orf70	659	415	80
C3orf80	11	8	1
C3orf84	113	92	20
C3orf85	77	56	14
C4A	13	9	6
C4B	5	2	0
C4BPA	84	48	10
C4BPB	44	24	8
C4orf17	54	27	12
C4orf19	434	297	62
C4orf3	218	169	44
C4orf33	288	248	30
C4orf36	273	196	47
C4orf45	506	365	79
C4orf46	90	79	20
C4orf47	144	148	37
C4orf48	18	25	4
C4orf50	379	279	60
C4orf51	252	209	56
C4orf54	260	227	63
C5	1085	949	181
C5AR1	512	415	101
C5AR2	124	97	25
C5orf15	569	451	94
C5orf22	700	486	90
C5orf24	265	196	21
C5orf34	307	277	44
C5orf34-AS1	49	28	6
C5orf38	15	4	2
C5orf46	120	92	19
C5orf47	48	37	7
C5orf49	39	27	7
C5orf52	24	19	2
C5orf58	48	35	5
C5orf60	5	4	0
C5orf63	315	260	58
C5orf64	402	267	83
C5orf64-AS1	5	3	3
C5orf67	398	259	49
C6	251	195	41
C6orf118	60	42	13
C6orf120	73	55	4
C6orf132	222	154	29
C6orf136	174	121	35
C6orf141	48	21	3
C6orf15	3	2	0
C6orf223	45	33	9
C6orf226	10	6	4
C6orf47	101	70	18
C6orf47-AS1	48	38	7
C6orf52	127	77	20
C6orf58	171	147	32
C6orf62	1748	1728	311
C6orf89	1127	870	184
C7	485	346	68
C7orf31	320	267	56
C7orf33	43	27	13
C7orf50	2311	1745	368
C7orf57	52	33	15
C7orf61	277	145	36
C7orf77	21	12	4
C7orf78	152	104	30
C8A	56	33	7
C8B	88	68	19
C8G	15	10	2
C8orf33	258	245	55
C8orf34	1041	773	183
C8orf34-AS1	50	43	14
C8orf44-SGK3	479	484	95
C8orf48	7	3	1
C8orf58	57	54	7
C8orf74	145	86	18
C8orf76	177	91	23
C8orf82	106	86	11
C8orf86	155	100	25
C8orf88	276	237	45
C8orf89	98	64	19
C8orf90	4	1	2
C9	37	22	10
C9orf131	10	8	1
C9orf152	44	43	9
C9orf153	397	381	74
C9orf163	39	28	5
C9orf24	121	103	21
C9orf40	145	97	27
C9orf43	147	95	28
C9orf50	66	45	8
C9orf57	31	32	7
C9orf64	297	224	45
C9orf72	765	708	127
C9orf78	380	305	62
C9orf85	1659	1407	247
C9orf92	619	439	103
CA1	140	93	17
CA10	2201	1651	334
CA11	166	154	41
CA12	337	241	77
CA13	441	295	81
CA14	32	26	7
CA2	139	97	19
CA3	643	618	180
CA3-AS1	76	54	17
CA4	84	51	19
CA5A	611	441	94
CA5B	1657	1196	189
CA6	161	121	27
CA7	27	29	7
CA8	1173	735	171
CA9	34	26	10
CAAP1	1290	994	169
CAB39	5076	3155	587
CAB39L	1034	715	158
CABCOCO1	344	253	43
CABIN1	3785	2601	568
CABLES1	1204	1126	226
CABLES2	163	117	27
CABP1	218	166	41
CABP1-DT	59	43	4
CABP2	3	7	0
CABP4	186	113	32
CABP5	84	57	9
CABP7	14	19	6
CABP7-DT	23	23	2
CABS1	1	1	0
CABYR	121	101	24
CABYR-AS1	13	26	0
CACFD1	91	107	17
CACHD1	11446	11061	1191
CACNA1A	1816	1300	262
CACNA1B	890	631	101
CACNA1B-AS2	17	17	4
CACNA1C	11178	7307	1283
CACNA1C-AS1	237	159	33
CACNA1C-AS2	14	6	3
CACNA1C-AS3	5	4	0
CACNA1C-AS4	6	4	4
CACNA1D	31252	27262	3344
CACNA1E	931	705	162
CACNA1F	75	50	9
CACNA1G	550	311	89
CACNA1G-AS1	57	31	18
CACNA1H	253	180	42
CACNA1I	439	361	73
CACNA1S	780	563	127
CACNA2D1	8865	7005	1196
CACNA2D1-AS1	82	43	9
CACNA2D2	944	781	155
CACNA2D3	4810	4046	908
CACNA2D3-AS1	87	70	23
CACNA2D4	470	317	93
CACNB1	511	377	83
CACNB1-AS1	46	33	5
CACNB2	3316	2915	528
CACNB2-AS1	675	586	95
CACNB2-AS2	118	84	17
CACNB3	330	273	75
CACNB4	1095	846	167
CACNG1	190	142	47
CACNG2	425	342	68
CACNG2-DT	26	13	5
CACNG3	306	208	40
CACNG4	293	233	45
CACNG5	82	49	14
CACNG6	215	123	23
CACNG7	112	62	14
CACNG8	175	114	25
CACSTL1	12	9	2
CACTIN	258	174	60
CACTIN-AS1	64	35	8
CACUL1	4365	3673	539
CACYBP	982	951	164
CAD	877	598	193
CADM1	4691	3180	589
CADM1-AS1	0	1	0
CADM2	10835	9366	1162
CADM2-AS1	40	32	3
CADM2-AS2	85	60	17
CADM3	77	35	15
CADM3-AS1	75	50	15
CADM4	59	77	12
CADPS	8989	9117	1116
CADPS2	5058	3137	648
CAGE1	89	60	16
CAHM	50	45	8
CALB1	39	29	4
CALB2	168	142	25
CALCA	8	7	2
CALCB	418	347	75
CALCOCO1	1987	1887	514
CALCOCO2	1653	1595	311
CALCR	541	324	90
CALCRL	3783	2324	261
CALCRL-AS1	6509	3550	573
CALD1	18332	14857	2552
CALHM1	12	7	1
CALHM2	104	108	25
CALHM2-AS1	2	3	1
CALHM3	15	16	4
CALHM4	50	26	10
CALHM5	37	32	6
CALHM6-AS1	27	18	7
CALM1	1091	942	174
CALM2	15	11	4
CALM3	388	314	74
CALML3	10	3	2
CALML3-AS1	52	31	12
CALML5	4	0	0
CALML6	45	34	5
CALN1	16921	12742	3141
CALR	1153	888	208
CALU	1668	1015	214
CALY	53	53	19
CAMK1	256	173	38
CAMK1D	24317	18320	3238
CAMK1G	104	83	22
CAMK2A	460	389	78
CAMK2B	600	386	102
CAMK2D	14146	11140	1713
CAMK2G	2394	1605	378
CAMK2G-AS1	7	6	1
CAMK2N1	104	44	18
CAMK2N2	6	3	2
CAMK4	9029	6598	1510
CAMK4-AS1	73	53	12
CAMKK1	710	556	151
CAMKK2	1979	1411	287
CAMKMT	8265	6625	1096
CAMKV	20	14	8
CAMLG	383	326	63
CAMP	15	3	2
CAMSAP1	3433	2320	497
CAMSAP1-DT	364	314	63
CAMSAP2	5269	3999	617
CAMSAP3	106	58	14
CAMTA1	10676	7699	1398
CAMTA1-AS1	3	3	0
CAMTA1-AS2	49	31	2
CAMTA1-AS3	5	4	2
CAMTA1-AS4	2	3	1
CAMTA1-DT	24	11	3
CAMTA2	891	665	170
CAMTA2-AS1	18	10	3
CAND1	4016	3338	528
CAND2	480	309	90
CANT1	481	404	103
CANX	2639	1959	412
CAP1	1536	1136	236
CAP2	2623	1963	389
CAPG	199	172	32
CAPN1	905	660	124
CAPN1-AS1	122	80	26
CAPN10	345	266	40
CAPN10-DT	43	32	8
CAPN11	208	135	34
CAPN12	335	225	48
CAPN13	293	232	60
CAPN14	172	113	40
CAPN15	953	692	157
CAPN15-AS1	23	21	7
CAPN2	1922	1500	312
CAPN3	10	1	2
CAPN5	394	285	74
CAPN6	165	119	35
CAPN7	2975	2162	404
CAPN8	197	125	36
CAPN9	276	212	46
CAPN9-AS1	121	69	12
CAPNS1	475	371	96
CAPRIN1	4356	3014	579
CAPRIN2	2181	1761	317
CAPS	84	58	12
CAPS2	545	582	108
CAPS2-AS1	88	56	20
CAPSL	115	94	20
CAPSL-DT	4	1	1
CAPZA1	2783	2371	420
CAPZA2	2964	2496	498
CAPZA3	3	0	0
CAPZB	8187	5918	1274
CARD10	373	271	55
CARD11	5862	4631	886
CARD11-AS1	4	5	2
CARD14	154	91	33
CARD16	230	179	41
CARD18	771	570	169
CARD19	233	170	45
CARD6	366	282	48
CARD8	4567	3702	754
CARD8-AS1	39	29	5
CARF	1507	1102	233
CARHSP1	821	696	161
CARHSP1-DT	4	5	4
CARM1	1292	885	211
CARMAL	120	56	18
CARMIL1	5582	4385	920
CARMIL2	302	240	65
CARMIL3	74	61	13
CARMN	6417	8274	905
CARNMT1	1118	769	144
CARNMT1-AS1	403	205	34
CARNS1	241	152	50
CARS1	1033	686	169
CARS1-AS1	30	18	4
CARS2	3207	2471	482
CARTPT	0	3	1
CASC11	344	258	65
CASC15	10852	7696	1808
CASC16	239	210	46
CASC17	180	163	32
CASC18	808	575	148
CASC19	655	417	89
CASC2	582	402	110
CASC20	146	86	24
CASC22	19	9	3
CASC23	11	11	0
CASC3	2667	1895	409
CASC6	321	272	41
CASC8	423	292	71
CASC9	571	461	83
CASD1	2382	1935	317
CASK	11803	8689	1473
CASK-AS1	1	0	1
CASKIN1	116	76	17
CASKIN2	487	317	72
CASP1	229	187	40
CASP10	1147	933	163
CASP12	21	43	5
CASP14	16	17	1
CASP2	989	816	179
CASP3	689	528	105
CASP4	967	848	166
CASP5	53	45	12
CASP6	594	506	97
CASP7	915	625	120
CASP8	1433	1231	236
CASP8AP2	2838	2042	426
CASP9	556	480	105
CASQ1	264	207	56
CASQ2	1481	1240	314
CASR	223	167	51
CASS4	718	540	123
CAST	4019	3388	588
CASTOR1	2	2	1
CASTOR2	1085	869	191
CASZ1	1580	1271	290
CASZ1-AS1	76	51	10
CAT	1219	1088	235
CATED	39	33	6
CATIP	157	111	26
CATIP-AS1	8	10	0
CATIP-AS2	134	93	25
CATSPER1	70	53	9
CATSPER2	564	369	44
CATSPER3	13	8	1
CATSPER4	39	23	7
CATSPERB	1068	670	133
CATSPERD	547	454	86
CATSPERE	1119	792	150
CATSPERG	700	604	116
CAV1	1070	878	109
CAV2	847	527	100
CAV2-DT	1011	742	114
CAV3	589	461	116
CAVIN1	1250	998	171
CAVIN2	296	305	50
CAVIN2-AS1	1210	839	166
CAVIN3	41	34	10
CAVIN4	369	286	83
CBARP	29	23	4
CBARP-DT	6	1	0
CBFA2T2	8380	6585	1056
CBFA2T3	4301	3358	957
CBFB	4331	2729	515
CBL	6114	4067	768
CBLB	11013	8787	1257
CBLC	234	166	39
CBLIF	42	41	4
CBLL1	504	445	101
CBLL1-AS1	59	43	16
CBLN1	11	8	4
CBLN2	320	262	59
CBLN3	128	96	19
CBLN4	9	5	4
CBR1	18	23	10
CBR1-AS1	209	175	32
CBR3	433	339	65
CBR3-AS1	561	451	94
CBR4	3624	3046	519
CBR4-DT	6	9	0
CBS	6	9	2
CBWD1	599	429	85
CBWD2	710	587	101
CBWD3	188	138	23
CBWD5	458	373	70
CBWD6	215	152	27
CBX1	973	815	167
CBX2	204	164	41
CBX3	1295	1172	242
CBX4	198	171	46
CBX5	2335	1816	389
CBX6	531	436	96
CBX7	594	584	93
CBX7-AS1	34	23	5
CBX8	204	150	38
CBY1	569	486	103
CBY2	20	16	8
CBY3	17	24	7
CC2D1A	597	387	109
CC2D1B	1001	751	184
CC2D2A	1526	1469	243
CC2D2B	450	359	60
CCAR1	8925	6968	1340
CCAR2	786	481	140
CCBE1	6851	7644	950
CCBE1-AS1	9	0	3
CCDC102A	499	333	81
CCDC102B	6452	4776	1161
CCDC103	10	11	5
CCDC105	156	133	35
CCDC106	85	67	17
CCDC107	150	115	34
CCDC110	118	102	27
CCDC110-AS1	186	133	27
CCDC112	475	317	63
CCDC113	156	114	25
CCDC115	119	137	23
CCDC116	20	10	5
CCDC117	354	344	65
CCDC12	1834	1357	325
CCDC120	231	183	34
CCDC121	44	31	6
CCDC122	319	315	59
CCDC124	233	172	50
CCDC125	957	754	149
CCDC126	812	560	96
CCDC127	243	236	53
CCDC13-AS1	26	14	6
CCDC13-AS2	31	18	9
CCDC134	714	512	115
CCDC136	494	354	93
CCDC137	876	518	132
CCDC138	1712	1242	272
CCDC14	3896	3038	512
CCDC140	31	19	14
CCDC141	2047	1563	345
CCDC142	589	465	94
CCDC144NL-AS1	486	355	96
CCDC146	2282	1841	321
CCDC146-AS1	39	26	1
CCDC148	950	709	137
CCDC148-AS1	166	106	35
CCDC149	957	695	123
CCDC15	659	625	110
CCDC15-DT	32	30	2
CCDC150	957	683	147
CCDC152	396	316	70
CCDC153	98	53	19
CCDC154	134	99	27
CCDC157	152	121	34
CCDC158	173	145	29
CCDC159	409	391	77
CCDC160	10	16	2
CCDC163	43	31	5
CCDC166	2	1	0
CCDC167	241	209	50
CCDC168	59	57	6
CCDC169-SOHLH2	7	15	2
CCDC17	46	31	9
CCDC170	719	492	95
CCDC171	5378	4294	903
CCDC172	86	79	16
CCDC174	1111	913	215
CCDC175	80	66	14
CCDC177	9	6	3
CCDC178	1218	999	191
CCDC179	35	15	8
CCDC18	2548	1996	359
CCDC18-AS1	5067	4655	788
CCDC180	13	4	0
CCDC181	85	64	15
CCDC182	2	4	1
CCDC183-AS1	64	49	15
CCDC184	11	5	0
CCDC185	2	2	0
CCDC186	2334	2014	356
CCDC187	195	190	30
CCDC188	18	16	3
CCDC190	111	80	28
CCDC191	1317	1137	186
CCDC192	645	472	92
CCDC192-AS1	74	56	18
CCDC194	122	146	34
CCDC195	208	139	30
CCDC196	148	110	16
CCDC197	93	65	14
CCDC198	57	32	13
CCDC200	356	487	83
CCDC201	44	39	11
CCDC22	237	199	51
CCDC24	64	48	8
CCDC25	566	383	73
CCDC26	7869	5126	1338
CCDC27	105	77	10
CCDC28A	357	419	79
CCDC28A-AS1	341	215	71
CCDC28B	126	88	18
CCDC3	1696	1418	268
CCDC30	1650	1307	222
CCDC32	1421	885	216
CCDC33	471	342	93
CCDC33-AS1	58	40	7
CCDC34	536	436	79
CCDC38	225	171	32
CCDC39	44	58	5
CCDC39-AS1	17	13	7
CCDC40	803	506	103
CCDC42	66	43	11
CCDC43	223	166	46
CCDC47	695	594	124
CCDC50	3923	3049	402
CCDC51	117	73	22
CCDC54-AS1	433	353	72
CCDC57	3558	2473	567
CCDC59	677	604	125
CCDC6	3842	2752	489
CCDC60	325	278	53
CCDC61	372	269	72
CCDC62	538	386	87
CCDC63	476	356	73
CCDC65	163	82	21
CCDC66	3269	2145	462
CCDC68	706	698	114
CCDC69	899	645	164
CCDC7	5009	4401	766
CCDC70	6	6	0
CCDC71	101	82	13
CCDC73	487	385	73
CCDC74A	30	34	2
CCDC74B	54	20	3
CCDC77	905	720	149
CCDC78	30	22	9
CCDC8	224	228	38
CCDC80	1945	1748	328
CCDC81	280	288	48
CCDC82	1388	1149	210
CCDC83	258	178	37
CCDC85B	88	30	3
CCDC85C	1088	940	196
CCDC86	74	62	16
CCDC86-AS1	30	18	5
CCDC87	11	15	5
CCDC88A	7607	6198	1054
CCDC88B	838	559	165
CCDC88C	5021	3530	799
CCDC88C-DT	31	30	12
CCDC89	18	18	7
CCDC9	757	568	129
CCDC90B	719	711	102
CCDC90B-AS1	652	531	117
CCDC91	8470	5822	1077
CCDC92	1545	939	220
CCDC92B	87	88	15
CCDC93	3793	3070	570
CCDC97	377	320	68
CCDC9B	151	76	33
CCER1	156	136	25
CCER2	33	17	3
CCHCR1	525	433	113
CCIN	6	1	1
CCK	21	17	0
CCKAR	17	12	12
CCKBR	28	20	4
CCL1	9	6	3
CCL11	10	4	1
CCL13	0	3	1
CCL14	9	16	0
CCL15-CCL14	49	36	8
CCL16	36	34	6
CCL17	28	27	7
CCL18	9	8	5
CCL19	32	32	6
CCL2	43	77	6
CCL20	28	24	3
CCL21	42	35	9
CCL22	31	37	7
CCL23	19	17	2
CCL24	51	25	11
CCL25	143	97	18
CCL26	159	109	25
CCL28	69	56	8
CCL3	44	34	6
CCL3-AS1	43	36	7
CCL3L1	14	15	5
CCL4	21	20	1
CCL4L2	10	20	3
CCL5	62	55	11
CCL5-AS1	70	63	23
CCL7	2	1	0
CCL8	11	16	5
CCM2	4792	3415	739
CCM2L	668	503	96
CCM2L-AS1	105	82	15
CCN1	924	734	95
CCN2	440	806	52
CCN2-AS1	2736	2996	309
CCN3	37	28	8
CCN4	810	791	160
CCN5	65	97	14
CCN6	18	13	4
CCNA1	19	15	6
CCNA2	246	210	34
CCNB1	611	458	90
CCNB1IP1	497	518	68
CCNB2	275	208	37
CCNB3	207	154	42
CCNC	1040	900	137
CCND1	818	427	101
CCND2	92	54	18
CCND2-AS1	545	461	69
CCND3	9312	8114	1662
CCNDBP1	361	364	80
CCNE1	143	85	18
CCNE2	303	196	36
CCNF	756	507	142
CCNG1	344	331	48
CCNG2	2277	2240	386
CCNH	3835	3178	547
CCNH-AS1	164	135	24
CCNI	2277	2073	328
CCNI-AS1	48	35	4
CCNI-AS2	13	10	2
CCNI-DT	63	41	13
CCNI2	32	32	7
CCNJ	218	197	33
CCNJL	1376	854	171
CCNK	1546	1185	234
CCNL1	4081	3556	712
CCNL2	5512	3847	914
CCNO	15	8	4
CCNO-DT	164	141	18
CCNP	31	32	13
CCNQ	70	39	10
CCNT1	1123	916	163
CCNT2	2909	2243	390
CCNT2-AS1	971	733	145
CCNY	15787	10423	1765
CCNY-AS1	818	740	118
CCNYL1	1595	1368	201
CCP110	908	798	156
CCPG1	168	128	24
CCR1	71	56	21
CCR10	67	60	17
CCR2	30	15	3
CCR3	311	221	59
CCR4	36	34	10
CCR5	20	19	3
CCR5AS	223	113	28
CCR7	282	264	37
CCR8	5	2	2
CCR9	375	262	60
CCRL2	63	33	21
CCS	727	637	129
CCSAP	276	250	62
CCSER1	4399	3327	784
CCSER1-AS1	5	2	1
CCSER2	5370	3834	693
CCT2	1192	1135	194
CCT3	1161	971	208
CCT4	1709	1439	263
CCT5	999	748	125
CCT5-AS1	6	5	1
CCT6A	1229	956	193
CCT6B	452	415	60
CCT7	464	311	79
CCT8	1272	1083	192
CCT8L2	3	0	2
CCZ1	581	509	119
CCZ1B	788	711	95
CD101	115	86	25
CD101-AS1	140	71	24
CD109	2717	2544	358
CD109-AS1	34	33	6
CD14	34	27	6
CD151	314	226	63
CD160	85	66	11
CD163	1445	833	294
CD163L1	3139	2239	917
CD164	1334	1094	190
CD164L2	10	16	1
CD177	9	4	2
CD180	146	146	19
CD19	245	280	59
CD1A	191	149	39
CD1B	628	476	129
CD1C	323	285	61
CD1D	195	186	36
CD1E	443	323	79
CD2	572	400	106
CD200	633	613	112
CD200R1	604	348	107
CD200R1L	85	52	12
CD200R1L-AS1	27	26	4
CD207	8	4	0
CD209	33	29	5
CD22	1561	1153	212
CD226	3148	1967	488
CD24	34	45	8
CD244	382	196	60
CD247	5642	3915	904
CD248	41	26	4
CD27	101	64	19
CD27-AS1	396	383	83
CD274	162	149	29
CD276	550	403	73
CD28	571	412	101
CD2AP	6373	4670	821
CD2AP-DT	32	22	4
CD2BP2	237	149	44
CD2BP2-DT	54	53	14
CD300A	547	389	108
CD300C	19	9	6
CD300E	38	22	7
CD300H	13	14	8
CD300LB	25	19	9
CD300LD	15	10	5
CD300LD-AS1	29	13	6
CD300LF	175	110	38
CD300LG	57	30	10
CD302	45	54	6
CD320	181	151	33
CD33	230	84	45
CD34	2008	1273	215
CD36	9010	6711	967
CD37	942	1066	182
CD38	3897	3074	699
CD3D	324	246	54
CD3E	612	433	116
CD3G	488	398	85
CD4	2557	1838	499
CD40	490	415	62
CD40LG	59	22	10
CD44	4027	3038	589
CD44-AS1	15	15	3
CD44-DT	22	19	3
CD46	3655	3051	487
CD47	3162	2539	421
CD48	604	556	110
CD5	428	356	89
CD52	205	184	28
CD53	1238	958	168
CD55	1857	1637	246
CD58	1620	974	212
CD59	138	144	39
CD5L	503	309	94
CD6	838	609	135
CD63	316	281	59
CD63-AS1	47	29	9
CD68	5	4	0
CD69	326	180	57
CD7	70	54	15
CD70	75	55	17
CD72	825	829	173
CD74	970	998	192
CD79A	147	170	25
CD79B	39	58	4
CD80	149	112	30
CD81	490	416	100
CD81-AS1	410	344	85
CD82	1422	970	242
CD82-AS1	8	0	0
CD83	1183	997	128
CD84	413	314	81
CD84-AS1	107	45	22
CD86	358	333	82
CD8A	538	444	110
CD8B	750	610	139
CD8B2	95	63	16
CD9	292	280	57
CD93	406	302	45
CD96	4394	3483	778
CD99.1	2	0	0
CD99L2	1849	1699	273
CDA	97	72	15
CDADC1	643	579	108
CDAN1	535	372	92
CDC123	1669	1208	249
CDC14A	5536	3522	608
CDC14B	1883	1757	292
CDC14C	8	3	0
CDC16	3177	2563	525
CDC20	96	46	14
CDC20-DT	77	50	18
CDC20B	104	65	20
CDC23	776	652	118
CDC25A	271	195	42
CDC25B	727	615	139
CDC25C	1061	795	148
CDC26	141	154	30
CDC27	4051	3310	573
CDC34	217	190	51
CDC37	2561	1701	366
CDC37L1	671	483	103
CDC37L1-DT	69	36	11
CDC40	1436	1448	258
CDC42	203	140	26
CDC42-AS1	263	167	66
CDC42BPA	10237	7441	1180
CDC42BPB	6370	4021	832
CDC42BPB-AS1	24	17	2
CDC42BPG	125	99	18
CDC42EP1	286	232	49
CDC42EP3	822	752	107
CDC42EP3-AS1	62	34	11
CDC42EP4	456	536	121
CDC42EP5	317	293	57
CDC42SE1	1122	942	185
CDC42SE2	6766	4712	931
CDC45	481	371	96
CDC5L	2189	1805	369
CDC6	350	267	82
CDC7	1808	861	205
CDC73	5593	3817	653
CDCA2	728	594	124
CDCA3	155	126	37
CDCA4	294	242	55
CDCA5	152	122	22
CDCA7	839	553	147
CDCA7L	944	744	154
CDCA8	387	328	63
CDCP1	220	156	43
CDH1	818	712	169
CDH10	610	416	101
CDH11	15228	10021	1239
CDH12	2628	2015	485
CDH12-AS5	75	65	20
CDH13	5293	4080	890
CDH13-AS1	20	11	7
CDH13-AS2	64	47	10
CDH15	643	472	131
CDH16	29	15	6
CDH17	789	661	122
CDH18	3001	2274	537
CDH18-AS1	76	51	18
CDH19	270	460	67
CDH2	1312	926	158
CDH2-AS1	81	38	10
CDH20	1795	1514	387
CDH22	201	173	34
CDH23	2544	1892	506
CDH23-AS1	5	0	0
CDH24	213	146	21
CDH26	280	174	45
CDH3	806	593	135
CDH3-AS1	23	14	3
CDH4	2787	2099	496
CDH4-AS1	16	18	1
CDH4-AS2	4	6	0
CDH5	1403	920	173
CDH6	746	554	130
CDH7	451	378	88
CDH8	1777	894	239
CDH8-AS1	34	20	2
CDH9	276	211	56
CDHR1	95	78	23
CDHR2	309	230	51
CDHR3	2016	1445	263
CDHR4	93	84	26
CDHR5	61	33	9
CDIN1	3834	3140	563
CDIP1	478	398	76
CDIPT	176	182	42
CDK1	605	458	102
CDK10	920	709	149
CDK11A	2	1	0
CDK11B	2138	1321	331
CDK12	4606	3320	718
CDK13	9619	7412	1278
CDK13-DT	39	30	7
CDK14	12626	9854	1535
CDK15	407	301	71
CDK16	561	434	108
CDK17	7309	5505	961
CDK18	1027	779	183
CDK19	7650	6139	956
CDK2	267	180	36
CDK20	35	38	7
CDK2AP1	353	300	62
CDK2AP2	60	26	4
CDK4	235	205	48
CDK5	38	48	5
CDK5R1	29	30	1
CDK5R2	4	4	0
CDK5R2-AS1	50	40	10
CDK5RAP1	1018	786	153
CDK5RAP2	7092	4889	990
CDK5RAP3	19	13	3
CDK6	9578	6856	1226
CDK6-AS1	367	281	47
CDK7	1074	901	162
CDK8	4497	2950	572
CDK9	517	492	89
CDKAL1	14489	10583	1673
CDKL1	2061	1911	364
CDKL2	283	241	46
CDKL4	367	248	83
CDKL5	2256	1651	266
CDKN1A	147	82	31
CDKN1B	704	669	110
CDKN1C	72	78	18
CDKN2A	273	233	37
CDKN2AIP	119	107	23
CDKN2AIPNL	100	73	18
CDKN2B	27	17	4
CDKN2B-AS1	200	164	36
CDKN2C	109	96	18
CDKN2D	40	36	7
CDKN3	273	198	43
CDNF	167	145	35
CDO1	56	49	12
CDON	1886	1344	357
CDPF1	91	76	21
CDR1	5	3	0
CDR2	6435	4873	874
CDR2-DT	38	34	12
CDR2L	109	83	21
CDRT15	3	0	0
CDRT8	0	0	0
CDS1	373	190	51
CDS2	2764	2029	383
CDSN	17	12	1
CDT1	90	56	17
CDV3	752	622	138
CDX1	49	32	8
CDX2	26	14	7
CDX4	11	4	0
CDYL	6457	4367	866
CDYL-AS1	5	6	2
CDYL2	1243	819	145
CEACAM1	351	261	59
CEACAM16	30	21	4
CEACAM16-AS1	752	517	96
CEACAM18	11	7	0
CEACAM19	409	216	47
CEACAM20	54	31	1
CEACAM21	299	224	40
CEACAM3	34	33	5
CEACAM4	29	26	6
CEACAM6	43	32	6
CEACAM7	44	31	8
CEACAM8	16	9	6
CEBPA	21	12	2
CEBPA-DT	12	5	3
CEBPB	48	36	10
CEBPB-AS1	107	90	21
CEBPD	80	72	17
CEBPE	15	17	3
CEBPG	207	131	31
CEBPZ	1212	1067	224
CEBPZOS	549	429	84
CECR2	4464	3939	752
CECR3	121	96	18
CEDORA	84	57	19
CEL	113	85	62
CELA1	147	92	17
CELA2A	45	37	6
CELA2B	64	62	14
CELA3B	15	10	5
CELF1	8430	5983	1199
CELF2	16857	12143	2627
CELF2-AS1	10	3	3
CELF2-AS2	123	103	23
CELF2-AS3	14	13	7
CELF2-AS4	4	1	3
CELF2-DT	210	137	45
CELF3	43	25	10
CELF4	1609	1426	287
CELF5	328	258	55
CELF6-AS1	316	267	52
CELSR1	1609	1171	282
CELSR2	147	107	39
CELSR3	114	85	23
CEMIP	1657	428	98
CEMIP2	2248	1919	366
CEMP1	9	9	5
CENATAC	2083	1402	320
CENATAC-AS1	14	6	3
CENATAC-DT	75	74	15
CEND1	14	14	3
CENPA	179	181	44
CENPB	91	43	9
CENPC	3851	3213	530
CENPE	2552	1964	411
CENPF	2683	1820	359
CENPH	328	284	45
CENPI	1372	980	192
CENPJ	1188	1067	197
CENPK	2026	1536	240
CENPL	263	230	41
CENPM	288	207	46
CENPN	314	220	47
CENPN-AS1	7	10	0
CENPO	757	528	103
CENPP	6684	5477	950
CENPQ	457	372	76
CENPS-CORT	34	50	3
CENPT	731	479	119
CENPU	938	758	151
CENPV	130	95	26
CENPVL3	0	2	0
CENPW	72	47	8
CENPX	160	109	32
CEP104	1594	1295	250
CEP112	18659	13898	2903
CEP120	1693	1381	249
CEP126	558	512	87
CEP128	6146	4665	975
CEP131	568	363	92
CEP135	3117	2591	467
CEP152	1770	1380	260
CEP152-AS1	2	0	0
CEP162	1909	1609	273
CEP164	2291	1875	432
CEP170	5415	4317	644
CEP170B	180	134	34
CEP19	55	33	8
CEP192	7453	5920	1078
CEP192-DT	20	18	3
CEP20	639	483	93
CEP250	1920	1517	318
CEP250-AS1	396	360	78
CEP290	4667	4211	750
CEP295	2269	2014	343
CEP350	8272	5970	1111
CEP41	622	436	99
CEP43	21	25	3
CEP44	1493	1493	275
CEP55	363	278	53
CEP57	2401	1858	345
CEP57L1	2441	1861	339
CEP63	1	0	0
CEP68	1080	968	139
CEP70	1948	1531	274
CEP72	870	606	129
CEP72-DT	40	41	4
CEP76	621	494	118
CEP78	1207	803	148
CEP83	3116	2382	391
CEP83-DT	16	16	2
CEP85	772	607	140
CEP85L	10625	7730	1480
CEP89	2502	1953	346
CEP95	3648	3268	626
CEP97	1206	944	201
CEPT1	2665	2161	307
CER1	6	2	0
CERCAM	920	716	154
CERK	2610	2114	442
CERKL	272	210	37
CERNA1	117	103	17
CERNA2	12	11	3
CERNA3	11	5	1
CEROX1	23	16	1
CERS1	3	3	0
CERS2	361	301	73
CERS2-AS1	5	7	5
CERS3	225	172	60
CERS3-AS1	157	143	37
CERS4	2883	2483	557
CERS5	1833	1312	225
CERS6	7915	5366	1203
CERS6-AS1	63	39	8
CERT1	5760	4858	657
CES1	33	27	5
CES2	97	106	14
CES3	23	18	8
CES4A	176	111	34
CES5A	141	102	26
CETN1	2	0	0
CETN2	31	42	8
CETN3	572	557	96
CETN3-AS1	12	16	2
CETP	402	287	71
CFAP100	64	47	11
CFAP100-DT	0	2	0
CFAP107	49	42	6
CFAP119	49	34	10
CFAP126	11	6	3
CFAP141	113	98	21
CFAP157	60	39	15
CFAP161	849	700	136
CFAP184-OT1	51	44	8
CFAP20	319	290	49
CFAP20-AS1	10	8	0
CFAP206	0	0	0
CFAP20DC	790	749	125
CFAP20DC-AS1	372	249	71
CFAP20DC-DT	1334	932	232
CFAP210	179	97	31
CFAP221	368	265	58
CFAP251	598	487	91
CFAP276	42	40	2
CFAP298-TCP10L	1254	930	214
CFAP299	1517	1052	243
CFAP300	114	67	14
CFAP36	650	592	114
CFAP410	181	131	40
CFAP418	190	166	29
CFAP418-AS1	2213	1598	344
CFAP43	309	225	44
CFAP44	882	719	122
CFAP44-AS1	78	50	16
CFAP45	181	124	37
CFAP46	383	258	63
CFAP47	668	431	111
CFAP52	163	110	28
CFAP53	186	146	31
CFAP54	1059	803	172
CFAP57	324	221	46
CFAP58	226	177	32
CFAP58-DT	8	3	4
CFAP61	734	585	142
CFAP61-AS1	35	22	5
CFAP65	100	80	15
CFAP65-AS1	16	16	7
CFAP69	439	382	68
CFAP70	739	588	123
CFAP73	71	52	9
CFAP74	286	211	48
CFAP77	651	491	113
CFAP92	955	688	160
CFAP95	212	156	27
CFAP95-DT	4	3	0
CFAP97	790	626	133
CFAP97D1	14	33	1
CFAP97D1-AS1	3	5	0
CFAP97D2	211	151	41
CFAP99	172	124	24
CFC1	3	4	2
CFD	120	92	22
CFDP1	5346	3995	695
CFHR1	25	27	5
CFHR2	16	13	5
CFHR4	45	38	11
CFHR5	48	43	12
CFI	23	24	3
CFL1	671	613	126
CFL2	285	285	46
CFLAR	5948	4729	1066
CFLAR-AS1	115	66	22
CFP	27	17	11
CFTR	1125	906	225
CFTR-AS1	4	2	4
CFTR-AS2	62	53	10
CGA	9	9	4
CGAS	748	573	111
CGB2	0	0	0
CGB5	3	0	0
CGB7	7	5	0
CGB8	4	0	0
CGGBP1	1386	1128	190
CGN	242	206	34
CGNL1	1024	703	163
CGREF1	66	55	11
CGRRF1	338	263	55
CH25H	19	4	0
CHAC1	28	18	3
CHAC2	49	43	10
CHAD	134	67	14
CHADL	57	49	12
CHAER1	5	2	0
CHAF1A	1347	871	203
CHAF1B	432	305	72
CHAMP1	320	273	57
CHASERR	768	483	123
CHAT	68	67	18
CHCHD1	63	73	17
CHCHD10	67	45	12
CHCHD2	173	173	29
CHCHD3	8136	5068	961
CHCHD4	74	86	14
CHCHD5	148	116	19
CHCHD6	2261	1414	329
CHCHD7	451	322	96
CHD1	8308	6392	1303
CHD1-DT	1047	910	194
CHD2	9045	7355	1535
CHD3	3766	2881	735
CHD4	240	179	44
CHD4-AS1	67	60	14
CHD5	105	79	12
CHD6	10271	8129	1440
CHD7	7099	5403	998
CHD8	4609	3531	844
CHD9	15556	12900	2273
CHD9NB	73	58	16
CHDH	152	107	24
CHEK1	869	672	120
CHEK2	884	699	144
CHFR	3679	2547	603
CHFR-DT	11	6	2
CHGA	18	12	5
CHGB	54	44	6
CHI3L1	22	22	9
CHI3L2	486	353	76
CHIA	56	51	11
CHIC1	2425	2159	330
CHIC2	3477	2847	445
CHID1	1117	774	252
CHILL1	5	16	1
CHIT1	234	176	49
CHKA	2132	1683	275
CHKA-DT	71	58	11
CHKB	82	46	7
CHKB-CPT1B	14	12	2
CHKB-DT	188	128	32
CHL1	683	577	116
CHL1-AS1	55	44	7
CHL1-AS2	180	172	37
CHLSN-AS1	22	14	6
CHM	3028	2431	424
CHMP1A	427	365	73
CHMP1B-AS1	27	20	6
CHMP2A	233	175	35
CHMP2B	362	362	55
CHMP3	71	40	10
CHMP3-AS1	271	166	39
CHMP4B	1235	1083	201
CHMP4C	100	68	22
CHMP5	610	578	107
CHMP6	639	538	118
CHMP7	661	527	125
CHN1	1110	735	178
CHN2-AS1	27	18	4
CHODL	1580	1111	247
CHODL-AS1	83	72	18
CHODL-AS2	263	180	45
CHORDC1	1575	1399	235
CHP1	925	610	123
CHP2	6	2	0
CHPF	58	38	10
CHPF2	285	170	34
CHPT1	1298	945	208
CHRAC1	114	83	20
CHRD	67	40	18
CHRDL1	249	191	52
CHRDL2	102	75	17
CHRFAM7A	14	23	1
CHRM1	38	22	4
CHRM1-AS1	49	34	9
CHRM2	582	381	92
CHRM3	5929	3752	516
CHRM3-AS1	6	3	1
CHRM3-AS2	270	173	40
CHRM4	75	46	8
CHRM5	560	452	89
CHRNA1	226	155	34
CHRNA10	37	25	12
CHRNA2	59	38	11
CHRNA3	305	275	65
CHRNA4	86	73	8
CHRNA5	138	68	16
CHRNA6	188	125	38
CHRNA7	858	1377	185
CHRNA9	72	41	9
CHRNB1	127	110	30
CHRNB2	30	16	8
CHRNB3	246	162	36
CHRNB4	483	337	76
CHRND	140	98	18
CHRNE	548	428	98
CHRNG	320	253	53
CHROMR	423	359	60
CHST1	317	169	35
CHST10	223	111	34
CHST11	12523	8832	1774
CHST12	1261	866	192
CHST13	41	20	5
CHST14	21	10	3
CHST15	4445	3210	762
CHST2	146	99	23
CHST3	975	572	131
CHST4	39	36	9
CHST6	56	57	18
CHST7	291	239	45
CHST8	228	217	34
CHST9	1115	1269	232
CHSY1	2441	1688	433
CHSY3	10099	4893	688
CHSY3-AS1	1160	794	171
CHTF18	307	283	63
CHTOP	1478	1180	270
CHUK	1082	612	135
CHUK-DT	33	21	3
CHURC1	10	3	1
CHURC1-FNTB	809	539	126
CIAO1	832	543	103
CIAO2A	604	557	101
CIAO2B	79	76	19
CIAO3	509	422	129
CIAPIN1	438	297	71
CIART	34	34	8
CIB1	115	68	22
CIB2	288	209	49
CIB3	53	30	4
CIB4	226	158	33
CIBAR1	621	462	102
CIBAR1-DT	3147	3388	509
CIBAR2	90	74	16
CIC	903	686	197
CIDEA	75	68	12
CIDEB	227	154	42
CIDEC	55	36	5
CIITA	2300	2346	558
CILK1	1044	1069	153
CILP	57	43	6
CILP2	29	28	13
CINP	373	324	53
CIP2A	1055	824	175
CIPC	12	14	2
CIR1	1542	1519	234
CIRBP	2021	1793	439
CIRBP-AS1	61	52	13
CISD1	365	249	47
CISD2	370	304	57
CISD3	64	43	8
CISH	79	52	13
CISTR	61	38	13
CIT	2312	1658	331
CITED2	436	872	132
CITED4	22	30	5
CIZ1	1344	929	230
CKAP2	1295	1145	207
CKAP2-DT	15	17	7
CKAP2L	458	352	73
CKAP4	384	265	63
CKAP5	5025	3641	801
CKB	50	44	10
CKLF	3	3	0
CKLF-CMTM1	1	2	0
CKM	515	416	147
CKMT1A	8	4	0
CKMT1B	26	22	3
CKMT2	304	270	44
CKMT2-AS1	2763	2089	405
CKS1B	89	81	14
CKS2	237	148	28
CLASP1	15443	11350	2047
CLASP1-AS1	125	93	34
CLASP2	6869	6084	1002
CLASRP	2772	2151	574
CLBA1	144	115	22
CLC	18	6	4
CLCA1	108	56	14
CLCA2	67	40	17
CLCA4	33	34	7
CLCA4-AS1	264	201	39
CLCC1	5	0	0
CLCF1	70	60	14
CLCN1	260	184	43
CLCN2	177	137	32
CLCN3	2680	1923	357
CLCN4	482	395	88
CLCN5	3023	2236	428
CLCN6	1289	1047	217
CLCN7	1167	810	287
CLCN7-AS1	5	2	0
CLCNKA	55	49	22
CLCNKB	64	55	9
CLDN1	115	103	19
CLDN10	410	288	80
CLDN10-AS1	122	91	14
CLDN12	135	87	21
CLDN14	361	256	47
CLDN14-AS1	197	152	36
CLDN15	295	205	55
CLDN16	238	140	38
CLDN17	5	0	0
CLDN18	78	59	20
CLDN19	40	32	7
CLDN2	38	38	11
CLDN20	50	28	8
CLDN22	1	3	0
CLDN23	5	6	1
CLDN25	2	1	0
CLDN3	1	0	1
CLDN34	3	0	0
CLDN4	241	133	37
CLDN5	177	198	27
CLDN6	24	19	8
CLDN7	45	21	6
CLDN8	6	2	1
CLDN9	4	3	0
CLDND1	474	503	94
CLDND1-AS1	39	26	4
CLDND2	14	8	0
CLEC10A	39	16	4
CLEC11A	187	160	38
CLEC12A	182	122	30
CLEC12A-AS1	16	6	1
CLEC12B	16	9	2
CLEC14A	81	48	6
CLEC16A	6439	4713	1020
CLEC17A	1152	1157	171
CLEC18A	13	10	2
CLEC18B	33	21	4
CLEC18C	10	7	3
CLEC19A	79	42	14
CLEC1A	346	334	65
CLEC1B	122	65	23
CLEC20A	60	37	9
CLEC2A	81	73	16
CLEC2B	202	209	24
CLEC2D	3334	2724	486
CLEC2L	125	95	17
CLEC3A	116	85	17
CLEC4C	270	159	38
CLEC4D	16	3	4
CLEC4E	18	13	1
CLEC4F	35	29	4
CLEC4M	8	21	12
CLEC5A	254	211	44
CLEC6A	22	12	5
CLEC7A	141	159	27
CLEC9A	145	85	17
CLGN	71	64	13
CLHC1	1548	1126	346
CLIC1	299	297	77
CLIC2	657	431	148
CLIC3	35	20	5
CLIC4	4016	2593	455
CLIC5	5524	3488	453
CLIC6	397	299	61
CLINT1	3062	2255	396
CLIP1	4580	3012	679
CLIP1-AS1	95	73	18
CLIP2	4763	3795	826
CLIP3	415	392	67
CLIP4	866	809	139
CLK1	5595	5166	1101
CLK2	1115	942	220
CLK3	1346	1096	295
CLK3-AS1	51	43	21
CLK4	2687	2452	526
CLLU1-AS1	19	9	3
CLMAT3	256	161	34
CLMN	749	668	156
CLMP	2983	1872	326
CLN3	94	85	26
CLN5	26	10	7
CLN6	408	297	64
CLN8	63	59	18
CLN8-AS1	53	47	8
CLNK	1268	903	254
CLNK-AS1	256	174	40
CLNK-DT	59	31	11
CLNS1A	2246	1757	325
CLOCK	3440	2544	463
CLOCK-AS1	13	9	3
CLP1	146	107	26
CLPB	1387	846	204
CLPP	284	246	49
CLPS	2	6	9
CLPSL1	78	47	6
CLPSL2	5	3	0
CLPTM1	1225	947	182
CLPTM1L	2772	1533	421
CLPTM1L-DT	39	44	10
CLPX	1628	1539	237
CLRN1	58	61	17
CLRN1-AS1	135	95	19
CLRN2	99	71	11
CLRN3	36	18	7
CLSPN	935	752	170
CLSPN-AS1	9	16	0
CLSTN1	4082	2571	576
CLSTN2	2567	2579	312
CLSTN2-AS1	8	4	2
CLSTN3	1429	1145	269
CLTA	2138	1637	356
CLTB	445	300	68
CLTC	4987	3818	732
CLTCL1	2488	1602	372
CLU	78	68	23
CLUAP1	536	397	79
CLUH	384	320	74
CLUL1	108	84	31
CLVS1	1849	1171	290
CLVS2	134	96	15
CLXN	61	35	11
CLYBL	2730	2064	384
CLYBL-AS1	10	7	1
CLYBL-AS2	3	0	0
CMA1	6	2	0
CMAS	481	467	84
CMBL	362	284	52
CMC1	2097	1641	265
CMC2	49	44	8
CMIP	13193	10799	2421
CMKLR1	1045	1129	314
CMKLR2	288	195	51
CMKLR2-AS	166	105	30
CMPK1	1998	1294	275
CMPK2	199	151	43
CMSS1	5997	3786	699
CMTM2	49	29	8
CMTM2-AS1	4	2	0
CMTM3	365	256	55
CMTM4	955	548	111
CMTM5	16	11	2
CMTM6	436	360	57
CMTM7	2724	2430	439
CMTM8	1262	810	205
CMTR1	1698	1140	272
CMTR2	401	296	50
CMYA5	3248	2625	589
CMYA5-AS1	133	61	20
CNBD1	2606	2017	430
CNBD2	253	170	53
CNBP	1176	1075	215
CNDP1	165	127	30
CNDP1-AS1	1	0	0
CNDP2	861	607	125
CNEP1R1	255	249	57
CNFN	22	18	6
CNGA1	379	429	58
CNGA2	1	2	1
CNGA3	75	41	4
CNGA4	74	32	10
CNGB1	270	174	50
CNGB3	496	354	85
CNGB3-AS1	206	155	38
CNIH1	386	284	49
CNIH2	52	35	10
CNIH3	1582	1311	267
CNIH3-AS1	30	10	5
CNIH3-AS2	8	13	3
CNIH4	598	475	80
CNKSR1	86	74	17
CNKSR2	1100	804	161
CNKSR3	60	80	20
CNMD	55	39	13
CNN1	159	107	27
CNN2	504	414	98
CNN3	1378	1074	152
CNN3-DT	231	146	28
CNNM1	154	118	29
CNNM2	3088	2654	409
CNNM3	379	376	83
CNNM3-DT	5	5	1
CNNM4	710	580	123
CNOT1	6722	5611	1054
CNOT10	3580	2538	496
CNOT10-AS1	12	11	4
CNOT11	497	441	81
CNOT2	6192	5099	797
CNOT3	1227	906	233
CNOT4	5892	4429	746
CNOT6	3846	2779	518
CNOT6L	5345	3850	703
CNOT6L-DT	7	5	3
CNOT7	814	701	112
CNOT8	1087	862	179
CNOT9	1273	1005	180
CNP	150	121	28
CNPPD1	150	162	48
CNPY2	6	2	0
CNPY2-AS1	218	158	54
CNPY3	677	502	146
CNPY4	290	201	68
CNR1	55	47	9
CNR2	1051	985	179
CNRIP1	433	334	63
CNST	4055	3013	828
CNTD1	90	62	16
CNTF	7	6	0
CNTFR	658	499	117
CNTFR-AS1	107	75	21
CNTLN	7010	5723	922
CNTN1	3863	3591	472
CNTN2	95	75	9
CNTN3	1590	1125	208
CNTN4	21110	25247	2834
CNTN4-AS1	73	37	8
CNTN4-AS2	69	70	19
CNTN5	3092	2340	497
CNTN6	899	614	161
CNTNAP1	533	354	73
CNTNAP1-AS1	275	161	43
CNTNAP2	19340	20125	2330
CNTNAP2-AS1	88	53	13
CNTNAP3	836	543	84
CNTNAP3B	646	512	87
CNTNAP3C	205	116	26
CNTNAP5	55317	42630	11479
CNTNAP5-DT	37	26	4
CNTRL	6238	5103	997
CNTROB	824	670	148
COA1	5782	4156	785
COA3	42	51	5
COA4	170	134	36
COA5	378	280	68
COA6	137	143	29
COA6-AS1	30	29	14
COA7	156	122	20
COASY	158	120	38
COBL	1433	1046	300
COBLL1	2182	1625	281
COCH	156	108	34
COCH-AS1	87	58	21
COG1	403	291	65
COG2	1057	776	139
COG3	2150	1648	291
COG4	2549	2084	476
COG5	8157	5858	1013
COG6	2165	1661	283
COG7	1700	1338	246
COG8	185	115	38
COIL	429	367	70
COL10A1	57	48	12
COL11A1	1936	1408	187
COL11A2	187	98	31
COL12A1	5836	7594	1226
COL13A1	1136	804	174
COL14A1	5329	5007	928
COL15A1	2580	1337	278
COL16A1	1402	1069	228
COL17A1	221	156	44
COL18A1	2316	1972	416
COL18A1-AS1	12	10	3
COL18A1-AS2	7	2	1
COL19A1	2277	1871	342
COL1A1	4613	4597	853
COL1A2	8593	9907	1428
COL20A1	106	98	21
COL21A1	2520	2265	428
COL22A1	832	722	146
COL23A1	3016	2238	597
COL23A1-AS1	0	1	1
COL24A1	2703	2025	480
COL25A1	1942	1337	303
COL25A1-DT	9	8	3
COL26A1	1169	742	183
COL27A1	5252	3648	762
COL28A1	647	585	141
COL2A1	106	62	18
COL3A1	12866	12039	1883
COL4A1	14455	11487	1677
COL4A2	14183	11506	1811
COL4A2-AS1	20	22	0
COL4A2-AS2	26	12	5
COL4A3	653	406	86
COL4A4	677	332	82
COL4A5	4232	3902	639
COL4A6	835	802	146
COL5A1	6547	5244	1029
COL5A1-AS1	7	7	2
COL5A2	6633	6575	970
COL5A3	501	346	83
COL6A1	1906	1521	365
COL6A2	2121	1812	363
COL6A2-DT	33	30	4
COL6A3	5658	5549	969
COL6A5	187	119	37
COL6A6	3491	3315	612
COL7A1	348	330	72
COL8A1	483	405	97
COL8A2	165	125	42
COL9A1	239	188	34
COL9A2	191	152	30
COL9A3	174	136	41
COLCA1	50	50	9
COLCA2	45	28	12
COLEC10	240	165	50
COLEC11	241	186	38
COLEC12	2574	2148	423
COLGALT1	1210	934	231
COLGALT2	557	380	60
COLQ	1495	1134	230
COMETT	296	208	49
COMMD1	6274	4605	758
COMMD10	9432	6600	1079
COMMD10-AS1	48	24	11
COMMD2	352	312	51
COMMD3-BMI1	20	14	2
COMMD4	218	160	44
COMMD5	196	115	27
COMMD6	250	214	44
COMMD8	102	90	16
COMMD8-DT	27	15	2
COMMD9	217	176	28
COMP	44	29	13
COMT	1813	1550	299
COMTD1	54	38	23
COP1	11440	7716	1284
COP1-DT	466	369	78
COPA	3813	3378	623
COPB1	2354	1967	322
COPB2	1528	1283	248
COPB2-DT	2060	1686	271
COPDA1	6	2	0
COPE	181	142	44
COPG1	1200	955	223
COPG2	2216	1555	246
COPG2IT1	833	650	135
COPRS	59	49	12
COPS2	1347	1131	219
COPS3	954	616	144
COPS4	1134	934	186
COPS5	360	365	80
COPS6	491	376	65
COPS7A	326	262	58
COPS7B	906	866	152
COPS8	382	280	62
COPS8-DT	878	656	118
COPS9	101	79	23
COPZ1	244	190	40
COPZ2	214	154	26
COQ10A	82	76	17
COQ10B	622	487	82
COQ2	376	287	63
COQ3	203	154	19
COQ4	630	428	97
COQ5	818	603	115
COQ6	388	352	62
COQ7	271	250	51
COQ7-DT	123	80	22
COQ8B	768	637	156
COQ9	426	314	66
CORIN	535	361	96
CORIN-AS1	306	250	55
CORO1A	742	576	139
CORO1A-AS1	35	16	8
CORO1B	211	164	36
CORO1C	2707	1894	396
CORO2A	610	430	86
CORO2B	3936	3182	515
CORO6	188	134	41
CORO7	49	35	9
COSMOC	27	10	2
COTL1	2616	1618	388
COTL1-AS1	10	11	2
COX10	2203	1420	264
COX10-DT	3701	2539	429
COX11	604	525	100
COX14	5	4	3
COX16	0	6	2
COX17	342	244	60
COX18	347	267	59
COX19	1070	829	179
COX20	344	355	72
COX4I1	294	239	61
COX4I2	27	15	6
COX5A	433	337	76
COX5B	125	95	16
COX6A1	4	4	1
COX6A2	26	21	6
COX6B1	174	140	31
COX6B2	19	19	4
COX6C	684	582	120
COX7A1	68	43	9
COX7A2	269	273	48
COX7A2L	822	643	130
COX7B	281	225	50
COX7B2	286	207	59
COX7C	169	157	33
COXFA4L3-AS1	55	44	10
CP	194	160	32
CPA1	50	44	11
CPA2	121	91	51
CPA3	136	82	16
CPA4	146	137	21
CPA5	115	58	12
CPA6	1364	1259	272
CPAMD8	1080	1158	230
CPB1	176	108	31
CPB2	164	140	25
CPB2-AS1	490	351	86
CPD	1388	803	167
CPE	687	481	98
CPEB1	170	164	31
CPEB1-AS1	103	86	12
CPEB2	943	728	104
CPEB2-DT	169	133	35
CPEB3	4658	3648	604
CPEB4	3226	1956	516
CPED1	4757	7042	742
CPHXL	44	44	9
CPHXL2	41	26	1
CPLANE1	5987	4462	839
CPLANE1-AS1	33	20	9
CPLANE2	44	38	4
CPLX1	282	214	56
CPLX1-AS1	34	38	10
CPLX2	182	148	35
CPLX4	164	130	27
CPM	1801	1162	199
CPMER	146	97	25
CPN1	141	105	19
CPN2	70	51	8
CPNE1	1164	987	238
CPNE2	991	753	159
CPNE2-DT	4	4	0
CPNE3	737	765	125
CPNE4	2195	2561	293
CPNE5	2306	2088	392
CPNE6	16	13	2
CPNE7	204	164	34
CPNE8	2182	1500	256
CPNE8-AS1	13	10	3
CPNE9	166	129	30
CPO	120	85	17
CPOX	345	254	97
CPPED1	1882	1423	303
CPQ	6673	5667	838
CPS1	704	299	76
CPSF1	887	805	171
CPSF2	1583	1069	229
CPSF3	963	703	121
CPSF4	444	303	87
CPSF4L	44	35	6
CPSF6	4831	3788	601
CPSF7	2127	1701	373
CPT1A	1440	1218	293
CPT1C	315	246	49
CPT2	192	164	14
CPTP	70	50	11
CPVL	1825	1853	389
CPVL-AS1	9	9	1
CPVL-AS2	292	228	27
CPXM1	517	418	78
CPXM2	774	527	120
CR1	2037	1529	261
CR1-AS1	124	93	23
CR1L	582	410	104
CR2	1032	759	129
CRABP1	138	106	34
CRABP2	51	30	9
CRACD	8756	7816	1171
CRACDL	627	360	73
CRACR2A	2725	2070	384
CRACR2B	101	60	21
CRADD	5188	3852	697
CRADD-AS1	145	114	33
CRAMP1	862	604	139
CRAT	219	178	35
CRAT37	603	408	111
CRB1	883	730	141
CRB2	142	114	32
CRB3	13	19	2
CRBN	1986	1929	347
CRCP	209	138	26
CRCT1	5	0	1
CREB1	3634	2850	515
CREB3	148	89	30
CREB3L1	766	588	121
CREB3L2	3571	3018	556
CREB3L2-AS1	9	9	0
CREB3L3	72	44	9
CREB3L4	179	181	34
CREB5	3051	2075	421
CREBBP	10230	8157	1481
CREBL2	958	776	179
CREBRF	3556	3868	712
CREBZF	1290	1072	166
CREG1	314	273	49
CREG2	104	69	13
CRELD1	0	0	0
CRELD2	365	217	70
CREM	1850	1509	268
CRH	3	10	1
CRHBP	283	183	31
CRHR2	92	62	18
CRIM1	6811	4830	733
CRIM1-DT	10	9	1
CRIP1	13	15	0
CRIP2	438	349	67
CRIP3	24	20	7
CRIPT	869	1057	181
CRISP1	192	117	42
CRISP2	32	23	3
CRISP3	48	51	9
CRISPLD1	805	683	121
CRISPLD2	785	635	122
CRK	2209	1634	391
CRK-AS1	8	7	2
CRKL	908	908	183
CRLF1	314	208	45
CRLF3	2590	1915	407
CRLS1	9	6	1
CRMA	115	94	20
CRMP1	745	669	87
CRNDE	262	188	49
CRNKL1	639	618	108
CRNN	2	3	2
CROCC	2126	1433	311
CROCC2	393	400	81
CROT	885	671	132
CRP	10	11	3
CRPPA	3139	2003	386
CRPPA-AS1	107	85	19
CRTAC1	350	292	56
CRTAM	176	108	37
CRTAP	540	336	87
CRTC1	2528	1902	444
CRTC2	477	369	82
CRTC3	3890	2707	494
CRTC3-AS1	964	678	146
CRX	47	37	3
CRY1	1974	1131	228
CRY2	855	692	136
CRYAA	0	0	1
CRYAB	220	163	33
CRYBA1	27	13	3
CRYBA2	7	5	1
CRYBA4	23	23	5
CRYBB1	84	51	10
CRYBB2	73	38	17
CRYBB3	45	34	8
CRYBG1	1757	1393	220
CRYBG2	341	252	68
CRYBG3	2768	1929	329
CRYGA	3	6	0
CRYGB	48	35	4
CRYGD	2	2	0
CRYGN	82	64	17
CRYGN-AS1	58	41	15
CRYGS	214	143	29
CRYL1	853	685	141
CRYM	329	387	74
CRYZ	685	519	91
CRYZL2P-SEC16B	967	849	107
CS	671	428	96
CSAD	2307	1932	375
CSAD-AS1	2	2	1
CSAG1	1	4	0
CSAG2	0	1	0
CSAG3	0	2	0
CSDC2	140	116	25
CSDE1	3657	2889	509
CSE1L	2466	1908	365
CSE1L-DT	34	24	3
CSF1	1193	931	233
CSF1R	1148	1026	363
CSF2	4	6	0
CSF2RB	150	127	29
CSF3	14	6	0
CSF3R	263	181	49
CSGALNACT1	7464	5008	944
CSGALNACT1-AS1	37	17	4
CSGALNACT2	1733	1410	329
CSGALNACT2-DT	17	15	1
CSH1	4	1	0
CSH2	3	0	0
CSHL1	3	5	0
CSK	1125	817	213
CSKMT	82	49	9
CSMD1	6514	4542	1056
CSMD2	1507	1092	261
CSMD2-AS1	15	12	4
CSMD3	5904	6326	685
CSN1S1	40	29	5
CSN2	4	3	0
CSN3	17	5	1
CSNK1A1	5743	4137	718
CSNK1A1L	13	7	2
CSNK1D	2787	2085	485
CSNK1E	122	101	19
CSNK1G1	380	330	49
CSNK1G2	1644	1198	284
CSNK1G2-AS1	7	5	1
CSNK1G3	3730	2763	435
CSNK1G3-AS1	9	7	0
CSNK2A1	2986	2474	425
CSNK2A2	1232	893	202
CSNK2B	29	21	5
CSNKA2IP	247	171	48
CSPG4	677	525	118
CSPG5	67	36	8
CSPP1	4679	3648	675
CSRNP1	210	182	49
CSRNP2	793	622	168
CSRNP3	5755	6489	892
CSRP1	882	808	109
CSRP1-AS1	301	239	43
CSRP2	246	343	54
CSRP3	378	248	86
CSRP3-AS1	263	232	47
CST1	16	8	2
CST11	6	2	1
CST2	5	3	3
CST3	201	138	41
CST4	7	3	0
CST5	11	7	0
CST6	13	6	2
CST7	51	43	7
CST8	0	4	1
CST9	14	5	1
CST9L	7	9	0
CSTA	52	41	6
CSTB	137	111	13
CSTF1	328	310	69
CSTF2	215	163	38
CSTF2T	147	89	23
CSTF3	2145	1731	291
CSTF3-DT	415	290	72
CSTL1	60	39	11
CSTPP1	4586	3364	571
CT45A1	5	2	0
CT45A10	5	5	2
CT45A7	14	11	2
CT47B1	4	0	2
CT47C1	4	3	2
CT55	15	9	5
CT62	16	11	7
CT66	11	8	6
CT69	435	304	73
CT70	105	89	15
CTAG2	1	2	0
CTAGE1	10	8	3
CTAGE4	4	4	0
CTAGE6	16	9	2
CTAGE9	4	0	0
CTBP1	1816	1381	384
CTBP1-AS	84	73	24
CTBP1-DT	254	238	52
CTBP2	11344	8891	1807
CTBS	468	455	58
CTC-338M12.4	643	479	121
CTC1	1008	956	191
CTCF	4201	3145	710
CTCFL	193	139	40
CTD-2194D22.4	11	3	3
CTD-2350J17.1	54	41	6
CTDNEP1	91	106	10
CTDP1	1243	910	200
CTDP1-DT	176	122	24
CTDSP1	623	537	117
CTDSP2	1892	1888	349
CTDSP2-AS1	43	39	8
CTDSPL	4658	3997	630
CTDSPL2	4780	3601	620
CTDSPL2-DT	167	117	23
CTF1	95	71	8
CTH	182	136	25
CTHRC1	96	79	15
CTIF	4372	3503	714
CTIF-AS1	61	52	14
CTLA4	1706	1498	323
CTNNA1	11717	8279	1398
CTNNA1-AS1	64	52	18
CTNNA2	3882	2750	601
CTNNA2-AS1	28	24	6
CTNNA3	9371	7337	1321
CTNNA3-AS1	70	53	10
CTNNAL1	1615	1337	232
CTNNB1	5263	4136	749
CTNNBIP1	1470	1087	254
CTNNBIP1-AS1	7	5	2
CTNNBL1	3608	2679	578
CTNND1	39	49	5
CTNND2	2597	1962	451
CTNS	535	350	93
CTNS-AS1	62	35	14
CTPS1	1191	736	172
CTPS2	2872	2221	377
CTR9	1466	1188	216
CTRB1	75	82	27
CTRB2	8	5	0
CTRC	26	24	4
CTRL	18	22	3
CTSA	358	310	92
CTSB	2577	2724	446
CTSC	1559	1088	273
CTSD	11	12	3
CTSE	35	30	11
CTSF	88	121	15
CTSG	5	1	2
CTSH	406	387	97
CTSK	257	217	43
CTSL	246	235	42
CTSO	328	324	41
CTSS	910	839	164
CTSV	414	314	81
CTSW	33	36	3
CTSZ	953	832	217
CTTN	3151	2466	583
CTTN-DT	548	468	104
CTTNBP2	5867	6017	738
CTTNBP2NL	2054	1498	270
CTU1	170	109	16
CTU2	101	78	25
CTXN1	11	7	4
CTXN2	5	1	0
CTXN2-AS1	8	4	1
CTXN3	18	14	3
CTXN3-AS1	24	13	1
CTXND1	142	85	21
CTXND2	119	83	15
CUBN	2383	1456	244
CUEDC1	2628	1648	429
CUEDC1-AS1	31	24	1
CUEDC2	315	300	70
CUL1	4216	3257	562
CUL2	2262	1750	338
CUL3	8325	5724	976
CUL4A	4491	3128	629
CUL4B	1454	1355	235
CUL5	5315	3975	676
CUL7	588	524	107
CUL9	1111	850	196
CUL9-AS1	41	27	9
CUTA	119	86	20
CUTC	1071	913	164
CUX1	23272	16802	3777
CUX2	1386	999	203
CWC15	767	711	140
CWC22	1830	1517	261
CWC25	1232	835	215
CWC27	4837	3151	591
CWF19L1	1590	1280	204
CWF19L2	4221	3294	559
CWH43	75	50	10
CX3CL1	42	33	9
CX3CR1	75	37	15
CXADR	412	342	84
CXCL1	522	1156	171
CXCL10	10	6	1
CXCL11	11	3	1
CXCL12	1742	1241	301
CXCL13	1147	1226	183
CXCL14	45	38	5
CXCL16	54	49	8
CXCL17	52	49	18
CXCL2	54	38	9
CXCL3	76	70	12
CXCL3-AS1	18	11	1
CXCL5	10	8	1
CXCL6	188	210	26
CXCL8	45	24	7
CXCL9	36	21	3
CXCR1	3	3	1
CXCR2	28	14	7
CXCR3	26	12	1
CXCR4	261	197	45
CXCR5	188	204	36
CXCR6	11	11	6
CXorf38	765	584	132
CXorf49C	11	3	1
CXorf58	225	153	32
CXorf66	4	7	1
CXXC1	460	376	92
CXXC4	185	111	41
CXXC4-AS1	774	536	103
CXXC5	1625	1201	312
CXXC5-AS1	41	21	7
CYB561	184	106	31
CYB561A3	453	306	75
CYB561D1	200	155	26
CYB561D2	9	3	0
CYB561D2.1	5	2	0
CYB5A	856	461	109
CYB5B	1487	1091	257
CYB5D1	84	53	10
CYB5D2	588	461	106
CYB5R1	187	148	43
CYB5R2	48	33	7
CYB5R3	813	716	149
CYB5R4	1836	1464	271
CYBA	475	446	112
CYBC1	673	613	161
CYBRD1	1530	1410	225
CYC1	86	84	21
CYCS	279	214	36
CYDAER	0	0	0
CYFIP1	4225	2522	566
CYFIP2	3900	2975	669
CYGB	218	151	49
CYHR1	376	287	78
CYKILR	712	521	127
CYLC1	54	53	7
CYLC2	25	17	4
CYLD	2072	1673	279
CYLD-AS1	98	65	18
CYLD-AS2	171	126	27
CYMP-AS1	7	7	2
CYP11A1	147	228	42
CYP11B1	11	12	6
CYP11B2	2	4	2
CYP17A1	45	33	10
CYP19A1	621	381	106
CYP1A1	14	7	0
CYP1A2	29	9	3
CYP1B1	171	105	21
CYP1B1-AS1	1415	1070	249
CYP20A1	3520	2508	489
CYP21A2	5	4	0
CYP24A1	69	52	9
CYP26A1	3	0	0
CYP26B1	133	121	34
CYP26C1	11	8	2
CYP26C1-DT	5	5	1
CYP27A1	521	400	86
CYP27B1	45	31	10
CYP27C1	745	636	104
CYP2A13	25	22	4
CYP2A6	16	11	3
CYP2A7	5	8	2
CYP2B6	34	24	9
CYP2C18	3	2	2
CYP2C19	4	0	1
CYP2C8	87	86	11
CYP2C9	43	40	15
CYP2D6	13	24	3
CYP2D7	57	62	7
CYP2E1	94	63	7
CYP2F1	22	13	7
CYP2J2	519	460	90
CYP2R1	343	304	68
CYP2S1	57	49	19
CYP2U1	422	337	89
CYP2U1-AS1	632	494	107
CYP2W1	46	24	6
CYP39A1	570	660	62
CYP3A4	50	27	6
CYP3A43	73	59	14
CYP3A5	90	64	15
CYP3A7-CYP3A51P	38	29	5
CYP46A1	440	357	55
CYP4A11	15	13	1
CYP4A22	4	5	2
CYP4A22-AS1	260	194	47
CYP4B1	91	62	17
CYP4F11	25	12	2
CYP4F12	75	40	7
CYP4F2	10	10	3
CYP4F22	154	150	26
CYP4F3	30	18	3
CYP4F8	27	30	3
CYP4V2	645	468	80
CYP4X1	119	82	21
CYP4Z1	55	39	8
CYP51A1	164	127	32
CYP51A1-AS1	356	295	73
CYP7A1	21	11	2
CYP7B1	3832	2514	377
CYP8B1	106	63	17
CYREN	1112	831	168
CYRIA	3918	3516	682
CYRIB	8730	6407	1121
CYRIB-AS1	77	55	14
CYS1	261	234	59
CYSLTR1	702	412	87
CYSLTR2	178	162	38
CYSRT1	3	5	0
CYSTM1	1150	1006	189
CYTH1	6508	4848	883
CYTH2	742	636	137
CYTH3	4295	3355	559
CYTH4	1409	945	246
CYTIP	1248	1085	170
CYTL1	58	53	5
CYTOR	5	0	0
CYYR1	2395	2041	231
CYYR1-AS1	247	159	30
CZIB	287	193	36
CZIB-DT	16	11	5
D21S2088E	230	154	50
D2HGDH	1502	1427	317
DAAM1	6985	5500	898
DAAM2	3682	2396	507
DAAM2-AS1	98	69	17
DAB1	6045	4733	843
DAB1-AS1	17	6	1
DAB2	236	141	29
DAB2IP	3955	2790	672
DACH1	23867	30769	3146
DACH2	1823	1388	332
DACT1	233	189	32
DACT2	79	64	19
DACT3	487	372	71
DACT3-AS1	243	186	25
DAD1	691	624	115
DAG1	1392	1066	269
DAGARR	5	3	1
DAGLA	428	344	94
DAGLB	1017	789	184
DALRD3	174	140	47
DANCR	2	3	1
DAND5	62	58	4
DANT1	39	35	23
DANT2	3059	3504	451
DAO	222	154	47
DAOA	48	42	16
DAOA-AS1	227	178	46
DAP	2306	1792	343
DAP-DT	66	42	10
DAP3	2564	1768	385
DAPK1	8261	6613	1586
DAPK2	3357	2715	392
DAPK3	711	577	96
DAPL1	245	155	39
DAPP1	458	430	100
DARS1	2979	2478	475
DARS1-AS1	288	228	47
DARS2	768	630	123
DAW1	114	80	31
DAXX	263	188	45
DAZ1	1	2	0
DAZ2	1	0	0
DAZ4	0	4	0
DAZAP1	2664	2313	498
DAZAP2	524	418	105
DAZL	171	127	29
DBET	161	94	18
DBF4	811	657	113
DBF4B	723	478	106
DBH	72	43	11
DBH-AS1	50	42	10
DBI	158	110	18
DBN1	781	469	132
DBNDD1	72	93	15
DBNL	1366	1037	260
DBP	186	123	34
DBR1	209	246	19
DBT	896	791	162
DBX1	6	13	3
DBX2	58	36	11
DBX2-AS1	104	101	19
DCAF1	2436	1758	371
DCAF10	2910	2284	394
DCAF11	424	330	85
DCAF12	1387	973	268
DCAF12-AS1	32	31	4
DCAF12L1	1	2	0
DCAF12L2	1	0	1
DCAF13	611	452	78
DCAF15	291	210	65
DCAF16	1135	890	176
DCAF17	1213	857	191
DCAF4	521	360	83
DCAF4L1	11	13	3
DCAF4L2	10	7	1
DCAF5	3099	2315	449
DCAF6	5327	4651	847
DCAF7	37	14	5
DCAF8	58	60	14
DCAF8-DT	47	24	15
DCAF8L1	3	5	0
DCAF8L2	206	130	54
DCAKD	2257	1615	369
DCBLD1	813	544	125
DCBLD2	1595	1122	236
DCC	3554	2829	654
DCD	20	7	3
DCDC1	1372	955	303
DCDC2	373	274	76
DCDC2B	56	43	10
DCDC2C	513	320	78
DCHS1	812	801	143
DCHS1-AS1	11	6	0
DCHS2	759	667	129
DCHS2-AS1	769	518	119
DCK	325	272	51
DCLK1	4900	4059	681
DCLK2	4953	3287	547
DCLK3	87	64	22
DCLRE1A	219	134	31
DCLRE1B	106	74	14
DCLRE1C	1332	1069	251
DCN	1044	1114	183
DCP1A	2880	2471	356
DCP1B	1057	868	147
DCP2	3273	2521	505
DCPS	927	612	154
DCST1	96	81	11
DCST1-AS1	15	11	3
DCST2	145	104	29
DCSTAMP	29	20	4
DCT	122	79	15
DCTD	808	570	131
DCTN1	1424	1130	274
DCTN1-AS1	32	29	7
DCTN2	842	649	167
DCTN3	89	74	19
DCTN4	2182	1632	258
DCTN5	827	636	124
DCTN6	200	178	37
DCTN6-DT	58	37	12
DCTPP1	125	89	17
DCUN1D1	1603	1212	254
DCUN1D2	1154	786	197
DCUN1D2-AS	15	16	1
DCUN1D4	2816	2113	363
DCUN1D5	887	705	126
DCX	167	133	33
DCXR	50	42	15
DCXR-DT	8	12	3
DDA1	337	325	81
DDAH1	2061	1287	252
DDAH2	453	339	94
DDB1	1938	1494	326
DDB2	1277	1171	198
DDC	132	79	13
DDC-AS1	30	15	3
DDHD1	2337	1515	322
DDHD1-DT	23	19	4
DDHD2	2236	1673	336
DDI1	5	5	0
DDI2	2251	1739	424
DDIAS	405	312	46
DDIT3	106	119	18
DDIT4	113	111	17
DDIT4L	49	43	13
DDIT4L-AS1	49	33	11
DDN	36	20	8
DDN-AS1	120	84	26
DDO	39	31	5
DDOST	398	312	48
DDR1	315	232	71
DDR1-DT	47	17	1
DDR2	2293	1837	296
DDRGK1	406	271	73
DDTL	58	36	13
DDX1	2093	1897	360
DDX10	5803	3515	699
DDX11	1475	835	189
DDX11-AS1	501	406	84
DDX17	15356	13080	2545
DDX18	882	625	106
DDX19A	62	50	9
DDX19A-DT	426	356	72
DDX19B	43	28	13
DDX20	359	286	70
DDX21	1383	931	181
DDX23	1237	910	229
DDX24	1211	1086	219
DDX25	161	93	26
DDX25-AS1	152	115	25
DDX27	1056	847	213
DDX28	18	15	9
DDX31	1671	1078	191
DDX39A	1073	859	242
DDX39B-AS1	5	4	0
DDX3ILA1	27	18	9
DDX3X	3522	3166	762
DDX3Y	1035	1218	36
DDX4	188	156	34
DDX41	390	222	69
DDX42	3417	2479	505
DDX43	127	80	20
DDX46	6676	4852	1085
DDX49	238	143	63
DDX5	9689	7011	1702
DDX50	2035	1360	277
DDX51	514	305	76
DDX52	1897	1402	318
DDX53	0	2	0
DDX54	734	537	136
DDX55	1118	826	189
DDX56	540	448	97
DDX59	1303	1046	214
DDX59-AS1	174	129	32
DDX6	4129	3612	686
DDX60	2429	1954	352
DDX60L	3384	2654	508
DEAF1	2137	1540	335
DECR1	2448	2243	314
DECR2	21	7	3
DEDD	521	479	99
DEDD2	333	288	63
DEF6	955	699	162
DEF8	547	543	122
DEFA3	4	5	1
DEFA4	5	3	1
DEFA5	0	2	0
DEFA6	7	2	2
DEFB1	7	3	0
DEFB104A	7	10	3
DEFB104B	4	0	1
DEFB105A	3	0	0
DEFB107A	2	3	0
DEFB107B	5	8	1
DEFB108B	0	1	0
DEFB110	12	10	3
DEFB112	8	8	1
DEFB113	0	1	0
DEFB114	3	3	0
DEFB115	0	0	0
DEFB116	3	2	0
DEFB118	20	22	7
DEFB119	68	31	10
DEFB121	10	8	3
DEFB123	45	28	7
DEFB124	64	79	22
DEFB125	7	4	0
DEFB128	0	0	0
DEFB129	2	1	0
DEFB130A	19	18	3
DEFB130B	2	1	0
DEFB131A	26	15	1
DEFB131B	10	5	2
DEFB132	6	6	0
DEFB134	6	5	2
DEFB135	4	2	3
DEFB136	0	1	0
DEFB4B	0	1	0
DEGS1	530	417	87
DEGS2	69	53	14
DEK	4186	3350	694
DELE1	1069	864	157
DELEC1	1767	1290	283
DENND10	669	503	109
DENND11	1753	1306	233
DENND1A	14830	11016	1911
DENND1A-AS1	0	0	0
DENND1B	3560	2424	467
DENND1C	671	457	131
DENND2A	6925	5721	1188
DENND2B	12328	8405	1549
DENND2B-AS1	274	192	49
DENND2C	887	699	178
DENND2D	924	637	155
DENND3	1682	1549	318
DENND3-AS1	67	42	13
DENND4A	7016	5746	1162
DENND4B	1426	1049	297
DENND4C	6575	5378	980
DENND5A	6861	5228	798
DENND5B	6723	5912	831
DENND5B-AS1	248	183	33
DENND6A	3486	2974	497
DENND6A-AS1	231	141	34
DENND6A-DT	24	7	4
DENND6B	479	293	68
DENR	1787	1423	261
DEPDC1	342	252	44
DEPDC1-AS1	87	65	9
DEPDC1-AS2	16	13	5
DEPDC1B	1314	973	178
DEPDC1B-DT	42	14	6
DEPDC4	468	345	79
DEPDC5	98	79	16
DEPDC7	127	100	19
DEPP1	113	101	12
DEPTOR	3213	2292	451
DEPTOR-AS1	52	41	16
DERA	2597	2037	297
DERL1	553	508	78
DERL2	286	290	59
DERL3	39	24	11
DES	587	441	107
DESI1	554	428	104
DESI2	1735	1339	185
DET1	21	15	1
DEUP1	301	201	40
DEXI	234	202	48
DFFA	681	505	110
DFFB	393	305	58
DGAT1	193	122	40
DGAT2	241	182	51
DGAT2-DT	30	14	9
DGAT2L6	112	100	28
DGCR2	1909	1478	314
DGCR5	265	170	43
DGCR6L	80	55	15
DGCR8	2253	1517	399
DGKA	5331	4109	1028
DGKB	2609	3290	477
DGKD	6840	4787	1103
DGKE	2149	1790	219
DGKG	1446	1312	298
DGKH	5911	4594	796
DGKI	1426	1152	192
DGKK	163	122	23
DGKQ	247	181	47
DGKZ	1724	1130	286
DGLUCY	5277	4053	783
DGUOK	961	871	152
DGUOK-AS1	188	143	31
DHCR24	437	308	57
DHCR7	133	101	19
DHCR7-DT	55	40	13
DHDDS	1040	814	177
DHDDS-AS1	139	150	26
DHDH	111	72	23
DHFR	1038	451	84
DHFR2	111	101	20
DHH	79	58	8
DHH-AS1	23	7	2
DHODH	257	164	50
DHPS	0	0	0
DHRS1	165	140	28
DHRS11	86	59	22
DHRS13	146	106	34
DHRS2	69	62	15
DHRS3	1808	1262	242
DHRS4	243	284	43
DHRS4-AS1	618	418	113
DHRS7	331	314	54
DHRS7B	1436	1132	237
DHRS7C	104	82	18
DHRS9	92	64	12
DHRSX	6	0	0
DHRSX.1	2	4	0
DHTKD1	1510	1129	261
DHX15	4613	3540	603
DHX16	777	552	135
DHX29	1730	1245	241
DHX30	1892	1309	273
DHX32	1265	949	172
DHX33	444	295	53
DHX33-DT	10	4	2
DHX34	956	757	196
DHX35	1407	958	156
DHX35-DT	4	1	0
DHX36	3400	2917	511
DHX37	962	652	152
DHX38	985	801	210
DHX40	894	904	147
DHX57	1740	1438	259
DHX58	170	176	44
DHX8	2088	1371	327
DHX9	4057	3050	607
DHX9-AS1	70	54	14
DIAPH1	5020	3477	749
DIAPH1-AS1	70	55	10
DIAPH2	9658	7259	1421
DIAPH2-AS1	481	375	88
DIAPH3	5043	3756	672
DIAPH3-AS1	151	103	31
DIAPH3-AS2	29	14	9
DICER1	4969	3515	724
DICER1-AS1	249	181	49
DIDO1	5001	3599	688
DIMT1	887	770	135
DINOL	9	5	3
DIO1	161	111	28
DIO2	684	527	144
DIO2-AS1	613	475	115
DIO3	8	4	4
DIO3OS	231	176	48
DIP2A	7027	5096	1093
DIP2A-DT	484	362	88
DIP2B	14364	9410	1519
DIP2C	14223	10475	1894
DIP2C-AS1	91	75	13
DIP2C-AS2	8	5	0
DIP2C-AS3	7	0	0
DIPK1A	2921	2381	414
DIPK1B	348	289	58
DIPK1C	90	71	20
DIPK2A	927	784	128
DIPK2B	1076	1205	185
DIRAS1	7	3	0
DIRAS2	94	74	18
DIRAS3	121	80	16
DIRC3	2612	2105	399
DIRC3-AS1	2157	1657	331
DIS3	1332	1078	204
DIS3L	1554	1058	212
DIS3L-AS1	103	80	23
DIS3L2	8214	5791	1034
DISC1	5984	4218	641
DISC1FP1	1975	1533	310
DISP1	3624	2940	531
DISP2	239	156	32
DISP3	105	72	12
DIXDC1	1068	917	195
DKC1	944	643	158
DKFZP434A062	25	26	8
DKK1	23	13	1
DKK2	1784	957	190
DKK2-AS1	1025	738	162
DKK2-AS2	169	117	28
DKK3	334	306	50
DKK4	5	1	0
DKKL1	144	102	27
DLAT	701	508	112
DLC1	13461	10205	1745
DLD	1609	1228	227
DLEC1	245	166	46
DLEU1	5092	3930	815
DLEU2	13609	11813	2280
DLEU7	2207	1484	411
DLG1	9957	7295	1191
DLG1-AS1	115	83	9
DLG2	11328	8557	1847
DLG2-AS2	343	226	44
DLG3	1216	1105	232
DLG3-AS1	19	10	5
DLG4	1487	1196	303
DLG5	3048	2295	438
DLG5-AS1	13	7	2
DLGAP1	4555	4259	637
DLGAP1-AS1	248	245	59
DLGAP1-AS2	111	117	24
DLGAP1-AS3	47	47	10
DLGAP1-AS4	153	123	22
DLGAP1-AS5	51	47	15
DLGAP1-AS6	10	3	1
DLGAP2	2665	1827	480
DLGAP2-AS1	50	37	10
DLGAP3	294	206	58
DLGAP4	3191	2521	457
DLGAP4-AS1	1182	1063	169
DLGAP5	827	667	157
DLK1	235	204	42
DLK2	29	21	7
DLL1	682	504	134
DLL3	141	90	25
DLL4	219	265	30
DLST	1028	893	202
DLX1	49	46	16
DLX1-AS1	6	6	3
DLX2	34	24	5
DLX2-DT	86	62	15
DLX3	25	22	6
DLX4	34	16	3
DLX5	19	13	3
DLX6	24	8	0
DLX6-AS1	144	111	24
DM1-AS	73	58	12
DMAC1	288	222	49
DMAC2	218	165	39
DMAC2L	638	510	111
DMAP1	584	503	108
DMBT1	90	53	19
DMBX1	71	37	5
DMC1	467	352	86
DMD	24576	19938	4459
DMD-AS3	0	0	0
DMGDH	1488	1220	253
DMKN	159	95	32
DMP1	12	9	4
DMP1-AS1	445	282	64
DMPK	990	673	141
DMRT1	286	194	54
DMRT2	50	54	11
DMRT3	28	15	7
DMRTA1	25	16	2
DMRTA2	16	19	8
DMRTB1	7	6	0
DMRTC1	10	10	1
DMRTC1B	6	7	2
DMRTC2	15	11	7
DMTF1	6273	5713	897
DMTF1-AS1	26	11	2
DMTN	684	486	276
DMWD	232	125	46
DMXL1	8134	6077	1051
DMXL1-DT	690	606	121
DMXL2	4627	3459	631
DNA2	1627	1151	256
DNAAF1	228	157	38
DNAAF10	129	91	23
DNAAF11	867	735	128
DNAAF2	275	220	46
DNAAF3	45	26	9
DNAAF3-AS1	86	33	9
DNAAF4	29	22	3
DNAAF4-CCPG1	19	16	2
DNAAF5	1167	861	154
DNAAF6	29	26	3
DNAAF8	156	141	31
DNAAF9	8091	6483	1057
DNAH1	1581	1197	298
DNAH10	621	423	85
DNAH11	1091	812	203
DNAH12	686	468	96
DNAH14	2152	1854	369
DNAH17	598	425	104
DNAH17-AS1	47	23	6
DNAH2	693	412	85
DNAH3	895	613	123
DNAH5	704	493	115
DNAH5-AS1	137	119	19
DNAH6	769	560	124
DNAH7	778	575	133
DNAH8	750	579	125
DNAH8-AS1	44	33	6
DNAH8-DT	0	0	0
DNAH9	1812	1361	302
DNAI1	269	180	45
DNAI2	217	152	33
DNAI3	669	428	103
DNAI4	737	634	106
DNAI7	806	647	184
DNAJA1	1347	1307	233
DNAJA2	500	454	97
DNAJA2-DT	52	41	13
DNAJA3	964	638	142
DNAJA4	911	807	178
DNAJA4-DT	35	20	5
DNAJB1	2756	1776	407
DNAJB11	400	290	48
DNAJB12	754	611	169
DNAJB13	101	74	14
DNAJB14	2485	1895	330
DNAJB2	220	210	57
DNAJB4	72	63	16
DNAJB5	129	110	29
DNAJB5-DT	40	33	9
DNAJB6	4711	4156	783
DNAJB7	6	5	2
DNAJB8	8	10	0
DNAJB8-AS1	21	4	3
DNAJB9	84	64	9
DNAJC1	5655	3595	683
DNAJC10	2646	1974	347
DNAJC11	2621	2011	382
DNAJC12	101	86	22
DNAJC13	5392	4653	721
DNAJC14	88	54	21
DNAJC15	1697	1047	218
DNAJC16	1339	950	218
DNAJC17	1355	1086	201
DNAJC18	554	443	101
DNAJC19	223	252	51
DNAJC2	1703	1313	275
DNAJC21	1319	933	177
DNAJC22	92	68	8
DNAJC24	1015	651	128
DNAJC25	3	0	2
DNAJC25-GNG10	27	21	4
DNAJC27	580	521	87
DNAJC27-AS1	574	519	104
DNAJC28	86	62	12
DNAJC3	2814	1727	327
DNAJC3-DT	178	129	26
DNAJC30	67	57	7
DNAJC4	144	115	28
DNAJC5	3411	2524	585
DNAJC5B	134	96	23
DNAJC5G	47	26	8
DNAJC6	734	526	125
DNAJC6-AS1	176	178	55
DNAJC7	3301	2555	502
DNAJC8	1102	818	204
DNAJC9	1351	975	195
DNAJC9-AS1	277	163	58
DNAL1	731	501	132
DNAL4	2	4	0
DNALI1	62	40	7
DNASE1	2711	1970	418
DNASE1L1	217	171	29
DNASE1L2	33	16	5
DNASE1L3	315	169	49
DNASE2	51	47	9
DNASE2B	19	19	3
DND1	15	6	1
DNER	696	476	129
DNHD1	1347	872	206
DNLZ	27	24	3
DNM1	1312	943	235
DNM1L	2607	1972	404
DNM1P35	166	150	48
DNM2	6117	4163	945
DNM3	6134	3910	1153
DNM3OS	1222	1830	202
DNMBP	4502	3459	616
DNMBP-AS1	114	77	19
DNMT1	4591	2965	780
DNMT3A	7284	5057	1156
DNMT3B	505	374	109
DNMT3L	31	16	5
DNPEP	578	433	107
DNPEP-AS1	51	27	7
DNPH1	36	30	8
DNTT	121	87	19
DNTTIP1	339	286	60
DNTTIP2	368	358	71
DOC2A	151	127	33
DOC2B	322	261	50
DOCK1	16984	12182	1867
DOCK1-AS1	97	88	16
DOCK10	24043	21397	3588
DOCK11	5389	3795	790
DOCK2	13413	9167	2009
DOCK3	1941	1510	274
DOCK4	11006	7790	1238
DOCK4-AS1	19	19	4
DOCK5	4073	2981	581
DOCK6	4442	3113	612
DOCK6-AS1	132	102	26
DOCK7	6019	4472	716
DOCK7-DT	339	262	40
DOCK8	12342	8619	1793
DOCK8-AS1	28	16	9
DOCK8-AS2	174	97	27
DOCK9	7001	4824	905
DOCK9-AS1	9	10	2
DOCK9-DT	7	5	2
DOHH	88	72	22
DOK1	187	168	32
DOK2	243	187	56
DOK3	352	313	70
DOK4	313	231	47
DOK5	1945	1331	235
DOK6	5274	3841	546
DOK7	195	135	40
DOLK	25	9	4
DOLPP1	85	43	17
DONSON	269	199	41
DOP1A	3425	2863	414
DOP1B	2343	1741	311
DOT1L	2646	1890	441
DOT1L-AS1	21	11	3
DPAGT1	195	161	40
DPCD	227	216	52
DPEP1	168	177	32
DPEP2	289	253	76
DPEP2NB	6	2	0
DPEP3	15	8	6
DPF1	137	105	20
DPF2	801	799	148
DPF3	3336	2405	524
DPH1	539	486	79
DPH1-AS1	21	17	3
DPH2	57	45	4
DPH3	71	79	20
DPH5	693	510	89
DPH5-DT	1478	1201	193
DPH6	4462	3340	666
DPH6-DT	2674	2334	345
DPH7	605	455	122
DPM1	1198	1124	172
DPM2	76	61	13
DPM3	9	20	5
DPP10	2957	2275	569
DPP10-AS1	86	53	8
DPP10-AS2	2	0	0
DPP10-AS3	68	61	13
DPP3	300	175	49
DPP3-DT	47	35	13
DPP4	1326	784	146
DPP4-DT	47	17	7
DPP6	7720	6355	1254
DPP6-AS1	52	46	7
DPP7	118	93	32
DPP8	3663	2659	491
DPP9	1347	998	241
DPP9-AS1	31	26	4
DPPA2	92	41	11
DPPA3	19	10	3
DPPA4	203	116	29
DPPA5	3	4	3
DPRX	5	2	0
DPT	3	2	0
DPY19L1	2036	1194	182
DPY19L2	924	709	126
DPY19L3	2542	1790	343
DPY19L3-DT	69	69	22
DPY19L4	3092	2363	447
DPY30	950	908	186
DPYD	14880	11450	1858
DPYD-AS1	557	420	99
DPYD-AS2	0	0	0
DPYS	780	582	118
DPYSL2	2965	2256	452
DPYSL3	2440	2032	321
DPYSL4	90	92	17
DPYSL5	303	219	49
DQX1	31	24	6
DR1	498	661	110
DRAIC	911	705	182
DRAM1	1120	748	186
DRAM1-AS1	16	18	6
DRAM2	1490	1187	205
DRAP1	205	122	43
DRAXIN	187	108	28
DRC1	161	109	22
DRC3	238	181	35
DRC7	160	138	28
DRD1	5	2	0
DRD2	101	61	17
DRD3	195	146	34
DRD4	37	35	7
DRD5	2	0	0
DRG1	1403	1160	244
DRG2	487	350	94
DRGX	48	26	4
DRICH1	173	107	22
DROSHA	3680	2779	471
DRP2	199	150	39
DSC1	77	55	7
DSC2	231	238	48
DSC3	146	102	26
DSCAM	4817	2951	686
DSCAM-AS1	2	1	0
DSCAML1	2093	1812	307
DSCAS	128	72	17
DSCC1	425	297	77
DSCR8	140	111	28
DSCR9	56	39	14
DSE	2049	1753	329
DSEL	499	432	70
DSEL-AS1	1524	1210	226
DSG1	36	38	10
DSG1-AS1	264	235	45
DSG2	315	225	58
DSG2-AS1	69	61	15
DSG3	111	108	28
DSG4	83	57	6
DSN1	464	393	83
DSP	1529	722	185
DSP-AS1	24	16	4
DSPP	7	6	2
DST	16084	13438	2455
DST-AS1	113	85	21
DSTN	1143	927	169
DSTYK	1734	1360	286
DTD1	115	91	16
DTD1-AS1	89	56	5
DTD2	6	0	0
DTHD1	271	190	61
DTHD1-AS1	327	240	45
DTL	1253	917	213
DTNA	2843	2366	571
DTNA-AS1	57	44	6
DTNB	3708	2704	506
DTNB-AS1	21	12	3
DTNBP1	2767	1995	412
DTNBP1-AS1	6	6	2
DTWD1	1432	1353	224
DTWD2	1112	801	176
DTX1	699	662	134
DTX2	745	469	100
DTX2P1-UPK3BP1-PMS2P11	1778	1088	224
DTX3	312	309	55
DTX3L	522	457	93
DTX4	995	967	175
DTYMK	372	264	62
DUBR	1176	976	209
DUOX1	159	122	26
DUOX2	48	29	8
DUOXA1	30	21	6
DUOXA2	23	22	5
DUS1L	696	459	124
DUS2	1357	1042	215
DUS3L	213	142	37
DUS4L	14	13	5
DUS4L-BCAP29	97	109	18
DUSP1	513	706	138
DUSP10	373	369	80
DUSP11	1027	958	176
DUSP12	340	271	45
DUSP13	149	114	29
DUSP14	162	123	30
DUSP15	169	148	26
DUSP16	2520	2491	430
DUSP18	508	402	72
DUSP19	135	118	33
DUSP2	90	74	19
DUSP22	1185	892	210
DUSP23	25	21	8
DUSP26	74	51	10
DUSP28	96	64	22
DUSP29	119	99	24
DUSP3	243	241	43
DUSP4	188	141	42
DUSP5	234	146	37
DUSP5-DT	339	208	59
DUSP6	250	346	52
DUSP7	122	104	16
DUSP8	88	70	21
DUSP9	32	16	2
DUT	815	633	132
DUT-AS1	175	101	27
DUX4	45	20	13
DUXA	27	21	4
DUXAP8	47	39	5
DUXB	15	13	2
DVL1	248	161	39
DVL2	398	299	65
DVL3	916	640	160
DXO	202	128	41
DYDC1	64	31	7
DYDC2	51	35	10
DYM	7941	5749	1016
DYM-AS1	115	88	24
DYNAP	6	3	1
DYNC1H1	7868	5815	1273
DYNC1I1	1112	880	219
DYNC1I2	3952	2843	533
DYNC1LI1	1502	1212	267
DYNC1LI2	2843	2106	378
DYNC1LI2-DT	24	13	2
DYNC2H1	5360	4934	658
DYNC2I1	4594	3696	785
DYNC2I2	388	280	84
DYNC2LI1	1076	1816	178
DYNLL1	446	459	87
DYNLL2	404	275	56
DYNLL2-DT	19	14	2
DYNLRB2	43	41	12
DYNLRB2-AS1	900	647	148
DYNLT1	357	289	58
DYNLT2	96	65	16
DYNLT3	65	59	11
DYNLT4	10	7	4
DYNLT5	66	46	8
DYRK1A	17098	12379	2153
DYRK1B	482	411	119
DYRK2	595	644	94
DYRK3	333	246	61
DYRK3-AS1	19	15	3
DYRK4	241	179	49
DYSF	9235	6417	1111
DYTN	124	84	25
DZANK1	497	386	68
DZIP1	1465	1202	249
DZIP1L	1081	801	174
DZIP3	2006	1490	323
E2F1	206	164	45
E2F2	501	422	93
E2F3	2430	1801	349
E2F4	228	176	50
E2F5	1169	931	170
E2F5-DT	39	22	4
E2F6	352	293	67
E2F7	756	540	134
E2F8	321	270	64
E4F1	435	322	87
EAF1	221	203	43
EAF1-AS1	151	110	22
EAF2	634	447	85
EAPP	1146	1229	180
EARS2	769	504	103
EBAG9	480	357	58
EBF1	20608	14421	1793
EBF2	2268	1627	405
EBF3	1474	1042	239
EBF3-AS1	22	10	1
EBF4	1419	1022	238
EBI3	112	63	23
EBLN1	9	8	1
EBLN3P	408	390	63
EBNA1BP2	558	362	79
EBPL	830	723	122
ECD	1646	1330	275
ECE1	3820	2795	748
ECE1-AS1	39	20	12
ECEL1	18	12	4
ECH1	68	54	19
ECHDC1	2036	1635	308
ECHDC2	1874	1773	329
ECHDC3	258	257	61
ECHS1	444	260	77
ECI1	339	264	62
ECI1-AS1	10	4	3
ECI2	561	452	85
ECI2-DT	19	20	2
ECM1	83	48	15
ECM2	333	307	47
ECPAS	5911	4152	777
ECRG4	169	90	29
ECSIT	720	596	167
ECT2	1606	1230	237
ECT2L	364	250	67
EDA	6120	4850	850
EDA2R	100	75	19
EDAR	189	129	32
EDARADD	945	757	150
EDC3	1753	1211	253
EDC4	390	353	105
EDDM13	102	82	15
EDDM3A	4	2	1
EDDM3B	6	4	1
EDEM1	1934	1560	293
EDEM2	590	512	91
EDEM3	1725	1298	248
EDF1	552	360	106
EDIL3	3761	2529	369
EDIL3-DT	497	413	70
EDN1	248	183	30
EDN2	27	23	3
EDN3	192	157	35
EDNRA	3330	1891	451
EDNRB	434	543	55
EDNRB-AS1	151	112	34
EDRF1	1978	1602	284
EDRF1-AS1	5	6	0
EDRF1-DT	31	19	4
EEA1	5068	3677	702
EED	1085	895	176
EEF1A1	1705	1701	255
EEF1A1-AS1	342	221	42
EEF1A2	123	84	27
EEF1AKMT1	570	471	82
EEF1AKMT2	186	127	26
EEF1AKMT3	25	23	9
EEF1AKMT4	0	2	0
EEF1AKMT4-ECE2	93	56	17
EEF1B2	342	237	48
EEF1D	1644	1198	281
EEF1E1-BLOC1S5	51	45	15
EEF2	1050	810	182
EEF2K	2724	2158	476
EEF2KMT	93	82	11
EEFSEC	3628	2744	569
EEPD1	2968	2149	425
EFCAB10	204	161	29
EFCAB10-AS1	6	12	1
EFCAB11	5	10	1
EFCAB12	148	100	27
EFCAB13	823	849	131
EFCAB13-DT	107	85	14
EFCAB14	1585	1203	225
EFCAB14-AS1	45	30	9
EFCAB2	5029	3175	476
EFCAB2-AS1	57	60	12
EFCAB3	282	232	42
EFCAB5	658	557	125
EFCAB6	1053	943	154
EFCAB6-AS1	72	64	14
EFCAB6-DT	50	35	3
EFCAB7	834	720	123
EFCAB8	290	184	39
EFCAB9	20	11	2
EFCC1	1168	1240	170
EFEMP1	655	1694	118
EFEMP2	290	180	45
EFHB	158	152	30
EFHC1	1355	1194	214
EFHC2	1059	727	201
EFHD1	661	652	88
EFHD2	267	202	65
EFHD2-AS1	19	9	1
EFL1	1753	1274	234
EFNA1	276	197	27
EFNA2	86	57	17
EFNA3	2	4	0
EFNA4-EFNA3	37	39	9
EFNA5	11117	8579	1524
EFNB1	239	155	49
EFNB2	3310	2939	328
EFNB3	31	19	5
EFR3A	3714	2717	479
EFR3B	1350	1008	183
EFS	319	337	59
EFTUD2	1988	1442	294
EGF	943	717	252
EGFL6	190	149	24
EGFL7	1414	2025	283
EGFLAM	1657	1156	234
EGFLAM-AS1	4	8	2
EGFLAM-AS2	8	4	0
EGFLAM-AS3	4	3	0
EGFLAM-AS4	6	8	1
EGFLAM-AS5	54	34	8
EGFR	5887	4929	745
EGFR-AS1	26	11	1
EGILA	64	39	6
EGLN1	3	2	0
EGLN3	2204	1661	347
EGLN3-AS1	92	32	7
EGOT	22	14	5
EGR1	290	372	82
EGR2	16	16	3
EGR3	58	67	9
EGR3-AS1	389	264	88
EGR4	9	7	3
EHBP1	9113	6730	1028
EHBP1-AS1	321	244	43
EHBP1L1	3463	2379	715
EHD1	849	511	158
EHD2	770	456	96
EHD3	304	198	54
EHD4	1383	1061	200
EHD4-AS1	44	24	5
EHF	114	81	25
EHHADH	622	520	81
EHHADH-AS1	76	65	10
EHMT1	7787	5471	1134
EHMT2	892	562	131
EHMT2-AS1	24	24	5
EI24	248	194	46
EID1	198	150	29
EID2	18	14	3
EID2B	41	32	9
EIF1	526	588	112
EIF1AD	107	113	24
EIF1AX	620	593	130
EIF1AY	291	273	4
EIF1B	162	136	37
EIF1B-AS1	1992	1688	317
EIF2A	1433	978	200
EIF2AK1	1932	1604	421
EIF2AK2	2943	2205	430
EIF2AK3	2320	1659	301
EIF2AK3-AS1	74	44	15
EIF2AK3-DT	61	34	11
EIF2AK4	2031	1386	289
EIF2B1	1006	794	170
EIF2B2	230	169	32
EIF2B3	3635	2814	545
EIF2B4	944	607	154
EIF2B5	772	584	136
EIF2B5-DT	16	20	6
EIF2D	801	759	157
EIF2S1	801	547	115
EIF2S2	1304	980	192
EIF2S3	1529	1259	265
EIF2S3B	71	54	16
EIF3A	5224	3644	818
EIF3B	2039	1392	319
EIF3C	224	210	41
EIF3CL	45	82	13
EIF3D	1031	858	171
EIF3E	3719	2964	483
EIF3F	748	567	115
EIF3G	497	362	91
EIF3H	2995	2050	395
EIF3I	338	263	52
EIF3J	2367	1562	330
EIF3J-DT	412	352	74
EIF3K	926	661	176
EIF3L	2180	1476	274
EIF3M	1459	1142	224
EIF4A2	3711	2941	642
EIF4A3	339	323	73
EIF4B	3058	2451	449
EIF4E	2219	1482	334
EIF4E1B	33	37	7
EIF4E2	1201	927	224
EIF4EBP1	313	246	47
EIF4EBP2	962	917	130
EIF4ENIF1	1553	1107	252
EIF4G1	2371	1629	384
EIF4G2	6614	6395	1214
EIF4G3	16416	11514	1922
EIF4H	977	954	132
EIF5	1983	1924	473
EIF5-DT	4	4	1
EIF5A	235	168	59
EIF5A2	125	93	23
EIF5AL1	14	23	2
EIF5B	4205	2719	608
EIF6	114	118	20
EIPR1	3385	2345	541
ELAC1	0	0	0
ELAC2	1090	729	147
ELANE	15	8	4
ELAPOR1	411	289	62
ELAPOR2	1492	1106	244
ELAVL1	1973	1448	305
ELAVL2	411	269	55
ELAVL3	123	83	13
ELAVL4	383	244	68
ELAVL4-AS1	5	7	2
ELDR	82	54	8
ELF1	7183	5803	1101
ELF2	6806	6026	1152
ELF2-DT	572	387	95
ELF3	56	41	6
ELF3-AS1	65	51	13
ELF4	852	673	165
ELF5	105	72	24
ELFN1	1277	807	198
ELFN1-AS1	16	12	1
ELFN2	44	22	8
ELFN2-AS1	4	1	0
ELK1	238	216	46
ELK3	3023	2301	423
ELK4	1372	1161	200
ELL	1622	1287	308
ELL2	3736	2209	359
ELMO1	34703	24017	3467
ELMO1-AS1	60	29	10
ELMO2	1467	956	212
ELMO3	79	49	12
ELMOD1	231	155	36
ELMOD2	864	682	105
ELMOD3	1296	919	187
ELN	2529	1834	354
ELN-AS1	10	4	1
ELOA	892	808	162
ELOA-AS1	866	747	153
ELOA2	3	2	0
ELOB	125	80	19
ELOC	687	587	127
ELOF1	131	86	21
ELOVL1	109	105	29
ELOVL2	302	279	72
ELOVL2-AS1	113	85	19
ELOVL3	12	11	1
ELOVL4	647	495	116
ELOVL5	4395	2862	529
ELOVL6	1773	1117	214
ELOVL6-AS1	18	10	3
ELOVL7	445	297	67
ELP1	2294	1723	320
ELP2	2313	2115	380
ELP3	2406	1915	329
ELP4	5054	3996	657
ELP4-AS1	494	382	93
ELP5	259	243	64
ELP6	472	324	94
ELSPBP1	72	50	9
EMB	1131	903	141
EMC1	772	570	121
EMC1-AS1	608	497	117
EMC10	1301	935	222
EMC2	1478	1171	218
EMC3	952	735	135
EMC4	119	117	24
EMC6	14	15	2
EMC7	303	242	37
EMC8	660	451	135
EMC9	80	83	6
EMCN	4127	2411	496
EMD	104	95	9
EME1	66	52	20
EME2	328	226	61
EMICERI	83	48	11
EMID1	2725	2925	442
EMILIN1	606	404	119
EMILIN2	616	508	110
EMILIN3	32	25	5
EML1	2407	1921	314
EML2	1137	819	205
EML2-AS1	13	7	1
EML3	646	515	133
EML4	10136	6702	1126
EML4-AS1	208	154	22
EML5	618	507	93
EML6	1203	827	190
EML6-AS1	1	0	1
EMP1	1019	885	137
EMP2	1043	863	177
EMP3	415	326	73
EMSLR	15	13	2
EMSY	4128	3214	576
EMSY-DT	48	55	10
EMX1	70	37	9
EMX2	37	26	15
EMX2OS	308	262	67
EN1	28	8	4
EN2	19	11	2
EN2-DT	87	72	14
ENAH	10644	5918	852
ENAM	31	14	5
ENAM-AS1	208	165	30
ENC1	493	384	74
ENDOD1	627	464	114
ENDOG	24	36	11
ENDOU	62	48	14
ENDOV	507	420	94
ENEMAL	48	8	6
ENG	2588	1752	407
ENGASE	838	604	160
ENHO	11	11	1
ENHO-AS1	16	17	5
ENKD1	96	80	21
ENKUR	430	304	76
ENO1	965	1041	174
ENO1-AS1	24	7	5
ENO2	153	140	35
ENO3	1195	837	219
ENO4	284	218	41
ENOPH1	924	672	112
ENOSF1	3623	3216	629
ENOX1	4777	3408	662
ENOX1-AS1	10	8	3
ENOX1-AS2	1	0	0
ENOX2	2549	1888	318
ENPEP	2216	2206	396
ENPP1	783	634	124
ENPP2	1066	1088	227
ENPP3	491	335	75
ENPP4	148	107	19
ENPP5	167	144	14
ENPP6	369	285	68
ENPP7	29	23	12
ENSA	2721	2191	405
ENSG00000100101	88	48	15
ENSG00000111780	39	46	4
ENSG00000124593	82	61	16
ENSG00000125695	30	31	14
ENSG00000131152	122	104	17
ENSG00000132832	143	103	28
ENSG00000141979	324	248	58
ENSG00000142539	1	1	0
ENSG00000144785	385	301	64
ENSG00000145063	143	89	20
ENSG00000145075	52	39	6
ENSG00000159239	101	76	10
ENSG00000167046	13	9	1
ENSG00000167774	13	10	5
ENSG00000173366	29	26	5
ENSG00000173867	181	149	26
ENSG00000174171	36	30	11
ENSG00000175604	24	17	9
ENSG00000176320	67	55	16
ENSG00000176349	43	28	6
ENSG00000176515	43	40	14
ENSG00000176868	18	14	3
ENSG00000176984	14	12	4
ENSG00000177596	5	3	1
ENSG00000177699	36	32	1
ENSG00000178107	21	7	2
ENSG00000179066	152	101	27
ENSG00000180458	11	14	1
ENSG00000181123	66	24	13
ENSG00000183154	52	56	13
ENSG00000183308	391	327	38
ENSG00000183562	14	6	2
ENSG00000184441	28	31	10
ENSG00000184566	6	5	1
ENSG00000187185	150	103	40
ENSG00000187186	2	2	0
ENSG00000188223	15	6	9
ENSG00000189229	1596	1073	262
ENSG00000189316	11	11	1
ENSG00000196566	131	100	20
ENSG00000196826	293	209	41
ENSG00000196893	3	8	0
ENSG00000197210	5	3	2
ENSG00000197332	448	434	65
ENSG00000197462	31	17	2
ENSG00000197585	1780	1352	307
ENSG00000197644	7	12	1
ENSG00000197813	287	226	47
ENSG00000197991	8	7	1
ENSG00000198106	607	514	100
ENSG00000198211	3	1	0
ENSG00000198358	50	37	7
ENSG00000198491	25	15	1
ENSG00000198671	32	13	5
ENSG00000203266	13	7	2
ENSG00000203279	227	131	36
ENSG00000203325	193	165	44
ENSG00000203334	5	6	3
ENSG00000203335	16	7	1
ENSG00000203364	2	0	0
ENSG00000203392	25	12	4
ENSG00000203395	21	11	5
ENSG00000203402	2	6	0
ENSG00000203434	16	15	4
ENSG00000203469	2	3	0
ENSG00000203472	111	65	13
ENSG00000203496	57	19	3
ENSG00000203498	6	6	1
ENSG00000203520	17	18	5
ENSG00000203546	484	338	59
ENSG00000203565	37	17	5
ENSG00000203605	30	30	7
ENSG00000203620	46	45	2
ENSG00000203635	17	13	7
ENSG00000203643	2	0	0
ENSG00000203900	27	17	8
ENSG00000203971	0	6	0
ENSG00000204003	3	0	1
ENSG00000204049	4	7	2
ENSG00000204117	114	61	16
ENSG00000204398	51	40	8
ENSG00000204422	79	62	11
ENSG00000204620	88	52	11
ENSG00000204684	123	72	28
ENSG00000204850	16	10	3
ENSG00000204876	29	24	5
ENSG00000204990	4	3	0
ENSG00000205018	104	87	18
ENSG00000205037	58	64	14
ENSG00000205300	16	6	1
ENSG00000205325	19	25	3
ENSG00000205452	1	3	0
ENSG00000205537	59	36	10
ENSG00000205653	6	0	0
ENSG00000205740	137	124	19
ENSG00000205745	18	7	5
ENSG00000205830	9	9	2
ENSG00000205890	21	18	3
ENSG00000205959	236	144	38
ENSG00000206028	89	49	15
ENSG00000206062	0	1	0
ENSG00000206129	277	209	43
ENSG00000206249	67	52	8
ENSG00000206549	52	33	4
ENSG00000207751	370	262	65
ENSG00000211683	28	14	1
ENSG00000212663	26	12	2
ENSG00000212939	14	8	2
ENSG00000213062	100	60	17
ENSG00000213121	192	158	48
ENSG00000213204	7	11	0
ENSG00000213981	164	115	24
ENSG00000214248	23	20	6
ENSG00000214546	29	18	9
ENSG00000214614	1	2	0
ENSG00000214719	1376	1080	229
ENSG00000214770	9	8	1
ENSG00000214788	19	15	5
ENSG00000214797	28	27	9
ENSG00000214803	269	184	49
ENSG00000214915	2	0	0
ENSG00000214942	175	101	30
ENSG00000214999	5	5	5
ENSG00000215022	16	9	2
ENSG00000215304	160	71	12
ENSG00000215692	22	13	1
ENSG00000215765	23	18	6
ENSG00000215841	4	6	3
ENSG00000217455	161	115	27
ENSG00000217576	792	677	101
ENSG00000217702	109	59	18
ENSG00000217825	2	2	0
ENSG00000219159	7	7	4
ENSG00000219410	44	49	7
ENSG00000219445	272	180	52
ENSG00000220256	167	120	19
ENSG00000220702	4	1	0
ENSG00000221857	0	0	1
ENSG00000222000	39	22	9
ENSG00000222001	4	4	1
ENSG00000222007	10	17	6
ENSG00000222012	24	26	2
ENSG00000222017	678	433	113
ENSG00000222022	29	26	3
ENSG00000222031	488	364	66
ENSG00000222032	59	35	14
ENSG00000222042	404	311	70
ENSG00000222043	26	23	10
ENSG00000223342	116	49	16
ENSG00000223343	25	26	12
ENSG00000223344	48	30	7
ENSG00000223356	7	8	2
ENSG00000223373	77	63	8
ENSG00000223374	9	6	6
ENSG00000223390	47	39	9
ENSG00000223393	101	70	12
ENSG00000223400	2	3	2
ENSG00000223410	8	2	0
ENSG00000223430	6	4	0
ENSG00000223432	1	0	0
ENSG00000223440	15	20	3
ENSG00000223446	34	30	6
ENSG00000223461	62	44	13
ENSG00000223462	30	20	5
ENSG00000223492	28	35	3
ENSG00000223502	29	21	5
ENSG00000223517	3	0	0
ENSG00000223523	426	309	75
ENSG00000223530	6	0	0
ENSG00000223536	95	61	19
ENSG00000223542	76	80	6
ENSG00000223554	0	3	0
ENSG00000223563	104	60	13
ENSG00000223576	24	15	1
ENSG00000223598	911	740	161
ENSG00000223623	10	6	0
ENSG00000223634	9	6	0
ENSG00000223642	31	26	4
ENSG00000223660	4	1	0
ENSG00000223665	17	11	2
ENSG00000223675	9	7	3
ENSG00000223697	17	10	6
ENSG00000223711	59	35	17
ENSG00000223716	45	18	7
ENSG00000223720	245	121	35
ENSG00000223725	1172	844	156
ENSG00000223726	29	23	3
ENSG00000223727	1946	1498	262
ENSG00000223732	559	386	106
ENSG00000223742	16	12	3
ENSG00000223751	19	13	2
ENSG00000223754	4	7	0
ENSG00000223761	11	12	2
ENSG00000223786	2296	1715	382
ENSG00000223795	33	28	8
ENSG00000223800	0	0	0
ENSG00000223808	3	3	1
ENSG00000223829	118	73	17
ENSG00000223834	33	29	8
ENSG00000223838	415	298	62
ENSG00000223842	5	3	1
ENSG00000223859	9	7	2
ENSG00000223870	39	35	8
ENSG00000223872	5	5	0
ENSG00000223881	6	0	1
ENSG00000223884	98	49	11
ENSG00000223901	11	9	1
ENSG00000223911	4	4	3
ENSG00000223930	1738	4770	219
ENSG00000223944	248	216	49
ENSG00000223946	11	7	3
ENSG00000223947	21	21	7
ENSG00000223969	29	28	9
ENSG00000223999	5	4	0
ENSG00000224015	3	4	0
ENSG00000224018	144	103	21
ENSG00000224027	21	14	3
ENSG00000224038	6	4	1
ENSG00000224049	20	10	4
ENSG00000224076	6	6	0
ENSG00000224077	83	37	13
ENSG00000224091	5	3	0
ENSG00000224099	61	47	13
ENSG00000224100	0	1	0
ENSG00000224127	5	10	4
ENSG00000224132	6	3	0
ENSG00000224138	0	0	0
ENSG00000224194	103	84	13
ENSG00000224216	96	85	21
ENSG00000224228	858	625	129
ENSG00000224239	10	13	3
ENSG00000224250	3	1	2
ENSG00000224251	10	3	2
ENSG00000224260	70	71	24
ENSG00000224267	19	15	3
ENSG00000224269	10	9	2
ENSG00000224272	20	6	3
ENSG00000224277	80	50	11
ENSG00000224301	5	3	0
ENSG00000224322	101	54	14
ENSG00000224326	69	62	11
ENSG00000224330	52	40	13
ENSG00000224361	67	47	10
ENSG00000224363	87	48	11
ENSG00000224371	125	74	15
ENSG00000224374	10	10	1
ENSG00000224375	32	22	5
ENSG00000224376	37	23	11
ENSG00000224384	39	26	1
ENSG00000224387	3	0	0
ENSG00000224400	145	105	31
ENSG00000224404	39	28	10
ENSG00000224409	24	5	2
ENSG00000224413	13	16	3
ENSG00000224477	6	4	0
ENSG00000224478	174	100	35
ENSG00000224481	62	28	16
ENSG00000224500	0	0	1
ENSG00000224504	24	12	9
ENSG00000224513	26	14	7
ENSG00000224516	15	4	0
ENSG00000224521	5	1	1
ENSG00000224525	1	2	0
ENSG00000224541	88	58	22
ENSG00000224595	19	18	0
ENSG00000224605	51	30	5
ENSG00000224610	307	217	56
ENSG00000224612	67	50	13
ENSG00000224621	18	13	1
ENSG00000224626	14	16	2
ENSG00000224635	77	75	22
ENSG00000224643	140	108	21
ENSG00000224645	10	7	1
ENSG00000224649	14	16	5
ENSG00000224658	161	118	28
ENSG00000224661	4	5	0
ENSG00000224698	0	0	0
ENSG00000224715	20	17	7
ENSG00000224731	21	13	3
ENSG00000224733	3	2	0
ENSG00000224738	172	161	27
ENSG00000224739	64	24	6
ENSG00000224746	448	326	92
ENSG00000224750	133	110	19
ENSG00000224789	221	142	34
ENSG00000224794	41	32	8
ENSG00000224799	3	0	1
ENSG00000224810	10	6	1
ENSG00000224814	47	25	6
ENSG00000224819	323	251	60
ENSG00000224848	438	295	47
ENSG00000224865	105	98	18
ENSG00000224876	5	0	1
ENSG00000224879	22	18	11
ENSG00000224883	1	0	0
ENSG00000224901	59	45	16
ENSG00000224905	2243	1677	326
ENSG00000224919	12	3	0
ENSG00000224935	113	68	23
ENSG00000224950	153	96	22
ENSG00000224969	14	5	5
ENSG00000224970	42	24	6
ENSG00000224984	3	2	0
ENSG00000224985	62	51	14
ENSG00000225000	4	5	1
ENSG00000225002	3	3	1
ENSG00000225006	51	60	16
ENSG00000225007	4	0	0
ENSG00000225012	38	29	7
ENSG00000225032	202	158	32
ENSG00000225044	75	50	10
ENSG00000225050	83	60	20
ENSG00000225056	3	2	1
ENSG00000225057	143	83	21
ENSG00000225058	12	16	1
ENSG00000225075	29	24	3
ENSG00000225084	2	3	0
ENSG00000225085	3	0	0
ENSG00000225087	479	384	85
ENSG00000225096	1239	1020	220
ENSG00000225102	26	17	5
ENSG00000225107	20	12	2
ENSG00000225112	9	6	0
ENSG00000225129	31	20	7
ENSG00000225146	144	110	20
ENSG00000225148	61	33	5
ENSG00000225152	3	2	0
ENSG00000225156	35	35	9
ENSG00000225166	88	58	18
ENSG00000225172	31	27	6
ENSG00000225173	5	10	4
ENSG00000225181	0	2	0
ENSG00000225208	4	0	3
ENSG00000225209	27	19	1
ENSG00000225214	50	31	11
ENSG00000225218	205	97	30
ENSG00000225230	77	63	15
ENSG00000225233	192	194	36
ENSG00000225258	308	233	62
ENSG00000225279	146	122	22
ENSG00000225280	10	4	0
ENSG00000225284	1	0	3
ENSG00000225303	2	2	0
ENSG00000225311	182	142	25
ENSG00000225313	180	112	32
ENSG00000225315	89	80	15
ENSG00000225325	112	99	18
ENSG00000225330	154	119	28
ENSG00000225335	31	25	8
ENSG00000225341	36	26	6
ENSG00000225359	6	2	0
ENSG00000225378	9	11	0
ENSG00000225387	15	12	3
ENSG00000225399	54	56	12
ENSG00000225408	6	5	1
ENSG00000225411	37	29	5
ENSG00000225421	842	617	124
ENSG00000225424	7	6	6
ENSG00000225450	227	137	33
ENSG00000225457	118	79	24
ENSG00000225458	64	45	17
ENSG00000225488	5	4	0
ENSG00000225489	18	18	3
ENSG00000225498	31	14	5
ENSG00000225519	37	20	7
ENSG00000225532	5	4	1
ENSG00000225537	174	117	31
ENSG00000225545	0	2	0
ENSG00000225555	52	36	16
ENSG00000225559	2	2	1
ENSG00000225563	101	84	14
ENSG00000225570	7	4	0
ENSG00000225582	4	2	0
ENSG00000225588	78	49	16
ENSG00000225598	0	0	0
ENSG00000225605	129	81	17
ENSG00000225606	10	2	0
ENSG00000225610	67	52	16
ENSG00000225612	7	6	1
ENSG00000225620	4	1	0
ENSG00000225637	17	13	7
ENSG00000225643	159	98	23
ENSG00000225647	170	120	24
ENSG00000225649	1482	1172	199
ENSG00000225655	24	24	6
ENSG00000225656	4	3	2
ENSG00000225676	101	64	14
ENSG00000225680	24	16	7
ENSG00000225689	8107	6409	922
ENSG00000225703	4	7	0
ENSG00000225708	8	4	0
ENSG00000225718	745	483	117
ENSG00000225721	120	114	31
ENSG00000225750	24	37	8
ENSG00000225751	62	37	4
ENSG00000225752	32	9	4
ENSG00000225775	80	42	16
ENSG00000225785	4	3	0
ENSG00000225790	20	12	1
ENSG00000225794	76	44	15
ENSG00000225806	154	127	23
ENSG00000225807	109	72	13
ENSG00000225811	371	266	54
ENSG00000225815	1	0	1
ENSG00000225818	0	2	0
ENSG00000225819	15	3	2
ENSG00000225836	30	15	7
ENSG00000225850	114	70	11
ENSG00000225867	16	6	0
ENSG00000225879	91	65	8
ENSG00000225881	4	2	0
ENSG00000225884	60	39	6
ENSG00000225885	500	343	100
ENSG00000225886	112	74	25
ENSG00000225889	720	522	115
ENSG00000225903	1	2	0
ENSG00000225913	147	91	17
ENSG00000225929	6	6	2
ENSG00000225952	8	7	1
ENSG00000225956	6	7	0
ENSG00000225960	3	3	0
ENSG00000225963	181	138	29
ENSG00000225970	97	49	13
ENSG00000225974	2	2	1
ENSG00000225982	7	11	1
ENSG00000226012	2	0	0
ENSG00000226022	695	502	116
ENSG00000226032	126	102	17
ENSG00000226041	4	0	1
ENSG00000226043	1355	1025	168
ENSG00000226047	4	2	0
ENSG00000226063	7	5	0
ENSG00000226078	34	21	8
ENSG00000226079	87	74	22
ENSG00000226087	69	54	6
ENSG00000226097	64	43	6
ENSG00000226115	10	6	0
ENSG00000226130	4	6	1
ENSG00000226134	5	8	3
ENSG00000226143	5	5	1
ENSG00000226149	1749	1656	238
ENSG00000226163	2	6	0
ENSG00000226169	8	11	2
ENSG00000226172	3	0	0
ENSG00000226180	18	18	3
ENSG00000226197	1635	1230	306
ENSG00000226204	9	9	0
ENSG00000226206	59	41	10
ENSG00000226207	13	17	3
ENSG00000226208	5	1	3
ENSG00000226218	7	1	0
ENSG00000226238	19	10	2
ENSG00000226249	8	1	0
ENSG00000226252	27	25	9
ENSG00000226266	683	502	85
ENSG00000226276	5	5	1
ENSG00000226277	3	1	0
ENSG00000226281	564	380	85
ENSG00000226286	1	4	0
ENSG00000226291	4	2	0
ENSG00000226296	27	24	4
ENSG00000226302	3	3	0
ENSG00000226304	70	40	10
ENSG00000226308	29	17	7
ENSG00000226310	192	172	24
ENSG00000226323	9	6	0
ENSG00000226332	13	11	3
ENSG00000226334	21	21	6
ENSG00000226349	264	185	32
ENSG00000226355	116	71	21
ENSG00000226375	7	1	4
ENSG00000226398	37	28	1
ENSG00000226409	223	235	24
ENSG00000226423	0	0	1
ENSG00000226426	4	6	2
ENSG00000226433	7	10	2
ENSG00000226438	45	16	3
ENSG00000226455	11	8	2
ENSG00000226465	481	416	76
ENSG00000226471	1568	1182	244
ENSG00000226484	59	37	8
ENSG00000226506	11	7	3
ENSG00000226526	102	56	11
ENSG00000226527	23	10	3
ENSG00000226530	350	283	47
ENSG00000226542	7	6	0
ENSG00000226548	7	8	0
ENSG00000226566	102	77	35
ENSG00000226571	2049	1299	294
ENSG00000226576	67	46	11
ENSG00000226578	5	5	0
ENSG00000226594	17	17	2
ENSG00000226599	15	5	0
ENSG00000226601	12	9	3
ENSG00000226605	61	55	11
ENSG00000226622	272	195	53
ENSG00000226643	7	6	1
ENSG00000226647	163	106	21
ENSG00000226649	2	0	0
ENSG00000226655	4	4	0
ENSG00000226661	53	36	12
ENSG00000226669	33	27	5
ENSG00000226680	37	28	17
ENSG00000226681	11	5	4
ENSG00000226694	7	6	4
ENSG00000226699	173	99	28
ENSG00000226706	9	6	4
ENSG00000226708	0	0	0
ENSG00000226716	3	5	0
ENSG00000226733	278	230	42
ENSG00000226739	3	4	0
ENSG00000226764	163	124	21
ENSG00000226771	0	3	0
ENSG00000226772	66	47	9
ENSG00000226782	71	63	15
ENSG00000226797	18	15	4
ENSG00000226798	0	0	0
ENSG00000226816	15	13	2
ENSG00000226829	553	378	60
ENSG00000226842	7	4	0
ENSG00000226849	49	25	8
ENSG00000226854	2	2	0
ENSG00000226861	4	0	2
ENSG00000226868	32	15	3
ENSG00000226871	0	0	0
ENSG00000226872	73	81	15
ENSG00000226877	37	20	9
ENSG00000226883	132	78	16
ENSG00000226890	0	3	0
ENSG00000226899	60	52	6
ENSG00000226900	105	62	22
ENSG00000226919	11	7	0
ENSG00000226927	2	0	0
ENSG00000226939	14	6	4
ENSG00000226954	16	13	4
ENSG00000226956	0	0	0
ENSG00000226957	10	0	1
ENSG00000226963	10	14	0
ENSG00000226965	1333	1090	240
ENSG00000226990	221	154	39
ENSG00000226992	2	0	0
ENSG00000226994	992	760	177
ENSG00000226996	78	61	13
ENSG00000227006	77	34	10
ENSG00000227017	13	2	3
ENSG00000227033	148	135	21
ENSG00000227042	190	168	29
ENSG00000227045	31	27	3
ENSG00000227047	3	3	0
ENSG00000227050	116	97	28
ENSG00000227061	34	23	11
ENSG00000227066	16	13	1
ENSG00000227068	16	12	0
ENSG00000227075	48	36	11
ENSG00000227083	5	2	1
ENSG00000227088	1320	1063	228
ENSG00000227089	0	0	0
ENSG00000227090	15	12	3
ENSG00000227098	23	19	1
ENSG00000227101	89	41	14
ENSG00000227107	140	114	22
ENSG00000227125	8	5	3
ENSG00000227131	6	5	1
ENSG00000227139	4	0	0
ENSG00000227148	31	16	2
ENSG00000227150	2	1	0
ENSG00000227157	32	38	10
ENSG00000227161	23	6	7
ENSG00000227167	2	3	3
ENSG00000227193	322	203	39
ENSG00000227197	428	502	63
ENSG00000227206	14	12	5
ENSG00000227215	7	5	3
ENSG00000227218	63	31	8
ENSG00000227230	9	3	2
ENSG00000227240	2743	2068	446
ENSG00000227253	7	8	2
ENSG00000227269	15	8	2
ENSG00000227278	2	0	0
ENSG00000227282	5	2	0
ENSG00000227292	43	21	5
ENSG00000227293	0	4	1
ENSG00000227294	11	23	2
ENSG00000227297	11	10	6
ENSG00000227301	8	8	4
ENSG00000227303	420	342	103
ENSG00000227305	0	3	0
ENSG00000227307	228	179	44
ENSG00000227338	13	7	1
ENSG00000227355	819	755	126
ENSG00000227360	38	31	7
ENSG00000227365	25	11	2
ENSG00000227386	2	3	2
ENSG00000227388	294	242	45
ENSG00000227400	403	325	73
ENSG00000227407	82	55	21
ENSG00000227455	11	3	2
ENSG00000227459	14	4	1
ENSG00000227463	113	70	12
ENSG00000227479	218	170	39
ENSG00000227481	11	9	0
ENSG00000227482	164	125	26
ENSG00000227484	9	11	2
ENSG00000227485	0	0	0
ENSG00000227486	6144	5376	739
ENSG00000227489	15	10	0
ENSG00000227496	430	288	65
ENSG00000227498	41	43	6
ENSG00000227512	16	7	2
ENSG00000227516	2	2	0
ENSG00000227519	26	32	4
ENSG00000227527	16	7	2
ENSG00000227531	462	370	67
ENSG00000227549	7	5	3
ENSG00000227554	2	0	0
ENSG00000227562	0	1	0
ENSG00000227579	1221	916	205
ENSG00000227598	934	669	138
ENSG00000227619	53	28	6
ENSG00000227627	195	162	35
ENSG00000227673	13	7	0
ENSG00000227678	50	29	4
ENSG00000227681	3848	2910	369
ENSG00000227683	54	48	9
ENSG00000227687	0	0	0
ENSG00000227704	78	65	9
ENSG00000227705	45	33	3
ENSG00000227712	380	263	64
ENSG00000227713	11	9	0
ENSG00000227716	9	10	2
ENSG00000227718	51	42	18
ENSG00000227719	5	2	3
ENSG00000227723	29	19	11
ENSG00000227733	106	62	17
ENSG00000227734	3	0	0
ENSG00000227743	80	49	17
ENSG00000227748	28	12	3
ENSG00000227757	388	308	62
ENSG00000227769	294	240	59
ENSG00000227803	475	319	57
ENSG00000227809	14	7	6
ENSG00000227818	2	0	0
ENSG00000227824	1	0	0
ENSG00000227851	3	0	0
ENSG00000227857	27	22	2
ENSG00000227863	80	53	16
ENSG00000227880	2	6	0
ENSG00000227885	491	390	60
ENSG00000227912	21	17	6
ENSG00000227917	28	25	7
ENSG00000227920	38	25	3
ENSG00000227930	8	5	1
ENSG00000227933	42	34	8
ENSG00000227935	0	3	0
ENSG00000227938	8	2	0
ENSG00000227958	39	16	2
ENSG00000227981	6	6	1
ENSG00000228005	5	4	4
ENSG00000228008	48	49	6
ENSG00000228010	459	403	87
ENSG00000228021	73	37	8
ENSG00000228028	2	0	0
ENSG00000228031	12	7	3
ENSG00000228033	575	417	112
ENSG00000228037	29	22	5
ENSG00000228044	61	48	16
ENSG00000228048	7	3	0
ENSG00000228064	42	28	9
ENSG00000228072	2	2	1
ENSG00000228073	5	7	0
ENSG00000228079	15	14	4
ENSG00000228084	15	11	3
ENSG00000228086	123	61	16
ENSG00000228113	374	298	60
ENSG00000228120	1	0	2
ENSG00000228136	5	4	0
ENSG00000228142	184	142	20
ENSG00000228144	22	16	5
ENSG00000228150	14	4	6
ENSG00000228151	8	3	2
ENSG00000228160	7	4	2
ENSG00000228162	121	84	22
ENSG00000228170	55	44	5
ENSG00000228172	29	28	1
ENSG00000228176	0	3	0
ENSG00000228201	16	9	5
ENSG00000228204	304	216	39
ENSG00000228216	9	11	3
ENSG00000228235	4	0	0
ENSG00000228239	6	5	0
ENSG00000228255	236	186	50
ENSG00000228272	106	87	14
ENSG00000228302	17	7	2
ENSG00000228334	300	247	45
ENSG00000228343	10	8	0
ENSG00000228351	164	119	27
ENSG00000228353	2	5	1
ENSG00000228355	2	3	2
ENSG00000228361	12	10	3
ENSG00000228365	3	2	1
ENSG00000228368	10	2	1
ENSG00000228384	83	64	20
ENSG00000228386	3	4	1
ENSG00000228391	0	0	0
ENSG00000228392	22	10	2
ENSG00000228395	276	193	36
ENSG00000228404	16	16	1
ENSG00000228408	1	3	0
ENSG00000228417	13	9	2
ENSG00000228421	37	13	3
ENSG00000228427	203	193	33
ENSG00000228467	55	46	11
ENSG00000228470	18	25	9
ENSG00000228478	19	3	0
ENSG00000228484	230	162	41
ENSG00000228487	29	33	10
ENSG00000228488	1	0	0
ENSG00000228503	0	0	0
ENSG00000228505	19	8	3
ENSG00000228509	515	375	73
ENSG00000228527	2	0	0
ENSG00000228528	4	3	0
ENSG00000228538	34	15	2
ENSG00000228539	17	20	0
ENSG00000228541	3058	1729	496
ENSG00000228543	50	31	10
ENSG00000228553	14	13	1
ENSG00000228554	8	3	0
ENSG00000228560	136	113	30
ENSG00000228563	40	42	7
ENSG00000228566	2470	1881	465
ENSG00000228577	3	2	0
ENSG00000228586	397	240	77
ENSG00000228587	30	12	3
ENSG00000228596	106	64	18
ENSG00000228604	7	9	0
ENSG00000228620	7	3	1
ENSG00000228625	24	20	7
ENSG00000228627	21	9	4
ENSG00000228629	65	79	11
ENSG00000228634	5	12	2
ENSG00000228643	93	78	23
ENSG00000228648	9	7	2
ENSG00000228650	3	3	1
ENSG00000228655	1047	735	158
ENSG00000228658	15	9	3
ENSG00000228675	4	1	0
ENSG00000228679	38	49	9
ENSG00000228680	14	7	2
ENSG00000228683	4	0	0
ENSG00000228686	3	2	1
ENSG00000228689	102	94	17
ENSG00000228692	3	2	1
ENSG00000228697	364	213	40
ENSG00000228714	1197	960	214
ENSG00000228719	127	95	28
ENSG00000228734	2	0	0
ENSG00000228739	46	20	6
ENSG00000228748	36	18	3
ENSG00000228772	4	4	1
ENSG00000228778	46	30	3
ENSG00000228779	5	7	4
ENSG00000228792	39	19	5
ENSG00000228793	649	441	114
ENSG00000228800	0	0	0
ENSG00000228802	7	2	0
ENSG00000228804	56	51	18
ENSG00000228809	42	36	14
ENSG00000228826	31	23	4
ENSG00000228830	62	39	7
ENSG00000228838	3	0	0
ENSG00000228843	8	5	1
ENSG00000228852	155	113	15
ENSG00000228862	111	86	25
ENSG00000228863	489	350	111
ENSG00000228873	45	17	6
ENSG00000228876	253	183	44
ENSG00000228877	70	38	12
ENSG00000228919	21	13	4
ENSG00000228933	243	134	47
ENSG00000228944	242	198	38
ENSG00000228950	13	7	0
ENSG00000228959	5	3	0
ENSG00000228968	25	21	6
ENSG00000228973	3	2	0
ENSG00000228988	10	5	2
ENSG00000229012	9	8	0
ENSG00000229021	196	142	24
ENSG00000229042	2	2	0
ENSG00000229044	51	38	8
ENSG00000229047	4	4	1
ENSG00000229065	25	24	1
ENSG00000229066	379	245	71
ENSG00000229116	57	35	7
ENSG00000229118	18	8	3
ENSG00000229131	10	13	4
ENSG00000229151	982	596	150
ENSG00000229160	8	17	5
ENSG00000229167	39	24	10
ENSG00000229177	6	2	0
ENSG00000229178	12	4	4
ENSG00000229188	44	36	5
ENSG00000229191	48	27	11
ENSG00000229192	52	41	6
ENSG00000229195	628	323	76
ENSG00000229203	5	4	0
ENSG00000229209	122	78	21
ENSG00000229224	15	12	0
ENSG00000229225	0	1	0
ENSG00000229227	28	14	2
ENSG00000229229	25	12	3
ENSG00000229242	18	15	5
ENSG00000229257	45	16	3
ENSG00000229261	97	62	16
ENSG00000229262	32	19	0
ENSG00000229263	21	17	1
ENSG00000229269	157	150	41
ENSG00000229271	61	53	14
ENSG00000229275	1	7	0
ENSG00000229282	12	9	3
ENSG00000229283	8	8	7
ENSG00000229289	1	4	1
ENSG00000229297	6	13	1
ENSG00000229306	32	24	4
ENSG00000229308	2189	1682	45
ENSG00000229309	74	50	13
ENSG00000229312	60	37	5
ENSG00000229313	133	101	17
ENSG00000229321	1032	866	127
ENSG00000229337	359	212	58
ENSG00000229345	16	9	1
ENSG00000229370	281	266	42
ENSG00000229379	2	5	0
ENSG00000229382	7	12	1
ENSG00000229393	11	7	0
ENSG00000229395	16	14	2
ENSG00000229402	1	0	0
ENSG00000229407	5	4	1
ENSG00000229418	66	50	10
ENSG00000229422	19	13	2
ENSG00000229424	13	15	2
ENSG00000229425	713	530	111
ENSG00000229454	7	7	1
ENSG00000229458	1	1	0
ENSG00000229459	86	36	7
ENSG00000229491	197	151	31
ENSG00000229494	59	37	9
ENSG00000229495	5	3	2
ENSG00000229498	94	64	14
ENSG00000229502	18	12	2
ENSG00000229528	86	58	15
ENSG00000229533	7	2	0
ENSG00000229550	4	0	2
ENSG00000229588	311	187	49
ENSG00000229591	44	39	5
ENSG00000229600	3	2	0
ENSG00000229603	66	46	19
ENSG00000229607	34	20	3
ENSG00000229618	2855	1982	532
ENSG00000229625	29	19	3
ENSG00000229628	14	6	6
ENSG00000229642	345	266	51
ENSG00000229646	123	83	18
ENSG00000229660	3	1	0
ENSG00000229672	52	36	8
ENSG00000229673	0	2	0
ENSG00000229679	3	4	1
ENSG00000229699	6	24	2
ENSG00000229717	74	37	9
ENSG00000229720	5	4	0
ENSG00000229727	224	169	27
ENSG00000229732	5	4	2
ENSG00000229740	10	6	0
ENSG00000229750	24	23	6
ENSG00000229755	0	1	0
ENSG00000229770	11	6	1
ENSG00000229774	84	50	11
ENSG00000229779	0	1	0
ENSG00000229791	3	2	0
ENSG00000229797	28	24	3
ENSG00000229821	2	2	1
ENSG00000229839	390	274	57
ENSG00000229846	244	183	48
ENSG00000229848	176	136	26
ENSG00000229854	11	3	0
ENSG00000229855	872	619	160
ENSG00000229881	62	39	11
ENSG00000229882	12	7	1
ENSG00000229896	21	9	1
ENSG00000229913	3	0	2
ENSG00000229915	8	11	3
ENSG00000229925	15	9	6
ENSG00000229943	7	4	0
ENSG00000229957	6	0	0
ENSG00000229960	91	60	15
ENSG00000229962	10	7	3
ENSG00000229964	83	49	9
ENSG00000229969	9	2	2
ENSG00000229970	48	41	7
ENSG00000229971	4	0	0
ENSG00000229976	151	109	17
ENSG00000229983	112	81	15
ENSG00000229986	3	7	0
ENSG00000229990	16	6	2
ENSG00000229996	6	13	2
ENSG00000230010	136	104	32
ENSG00000230015	7	3	0
ENSG00000230027	43	22	7
ENSG00000230030	3	8	1
ENSG00000230033	0	3	0
ENSG00000230051	70	62	7
ENSG00000230065	23	14	8
ENSG00000230074	240	306	52
ENSG00000230096	25	24	4
ENSG00000230105	38	46	8
ENSG00000230107	52	47	16
ENSG00000230113	3	4	0
ENSG00000230120	2	0	0
ENSG00000230121	4	4	2
ENSG00000230149	3	2	1
ENSG00000230163	7	3	2
ENSG00000230172	12	14	2
ENSG00000230186	132	104	17
ENSG00000230197	28	17	4
ENSG00000230205	14	10	0
ENSG00000230226	7	4	1
ENSG00000230233	41	26	7
ENSG00000230234	3	5	2
ENSG00000230248	3	0	0
ENSG00000230258	338	237	61
ENSG00000230260	23	14	5
ENSG00000230285	3	0	0
ENSG00000230286	146	92	14
ENSG00000230289	39	27	3
ENSG00000230298	11	4	1
ENSG00000230303	103	84	21
ENSG00000230309	0	0	0
ENSG00000230325	118	94	23
ENSG00000230333	1129	852	189
ENSG00000230352	11	8	2
ENSG00000230365	0	3	0
ENSG00000230379	168	125	43
ENSG00000230393	5	2	1
ENSG00000230404	17	13	4
ENSG00000230423	44	32	13
ENSG00000230432	12	11	1
ENSG00000230433	0	3	0
ENSG00000230472	71	33	13
ENSG00000230483	16	29	2
ENSG00000230490	2385	2155	356
ENSG00000230492	55	42	7
ENSG00000230498	105	92	27
ENSG00000230499	21	11	4
ENSG00000230516	6	4	4
ENSG00000230526	9	13	1
ENSG00000230532	123	71	14
ENSG00000230534	0	1	0
ENSG00000230536	22	17	6
ENSG00000230552	264	184	66
ENSG00000230569	5	5	0
ENSG00000230575	2	4	0
ENSG00000230597	0	2	0
ENSG00000230599	5	1	0
ENSG00000230600	1	1	0
ENSG00000230615	312	222	54
ENSG00000230623	770	559	95
ENSG00000230627	3	2	0
ENSG00000230628	69	40	16
ENSG00000230631	4	3	0
ENSG00000230648	57	57	16
ENSG00000230649	148	101	24
ENSG00000230668	24	17	3
ENSG00000230676	174	87	22
ENSG00000230684	11	3	2
ENSG00000230686	6	8	0
ENSG00000230687	8	0	0
ENSG00000230690	8	9	3
ENSG00000230694	3	0	0
ENSG00000230698	22	6	3
ENSG00000230714	0	2	0
ENSG00000230725	17	6	5
ENSG00000230728	9	3	2
ENSG00000230730	148	96	35
ENSG00000230733	17	10	6
ENSG00000230735	34	17	7
ENSG00000230736	39	25	5
ENSG00000230741	6	4	0
ENSG00000230746	153	125	26
ENSG00000230747	19	7	2
ENSG00000230759	11	13	3
ENSG00000230773	1576	1055	237
ENSG00000230782	261	208	53
ENSG00000230790	19	15	4
ENSG00000230803	15	11	4
ENSG00000230805	68	46	9
ENSG00000230826	83	48	15
ENSG00000230831	2	3	0
ENSG00000230834	3	2	0
ENSG00000230843	1	3	0
ENSG00000230848	87	76	16
ENSG00000230864	118	98	18
ENSG00000230881	2	4	0
ENSG00000230894	20	32	4
ENSG00000230908	11	8	2
ENSG00000230912	2	2	1
ENSG00000230920	9	7	3
ENSG00000230928	42	28	6
ENSG00000230941	7	5	0
ENSG00000230944	3	3	0
ENSG00000230960	245	176	34
ENSG00000230967	0	0	1
ENSG00000230972	104	89	24
ENSG00000230975	568	349	90
ENSG00000230991	83	41	6
ENSG00000231010	18	8	2
ENSG00000231015	3	2	0
ENSG00000231024	25	19	3
ENSG00000231039	63	34	6
ENSG00000231054	6	6	0
ENSG00000231062	7	3	0
ENSG00000231073	30	27	5
ENSG00000231078	1	0	3
ENSG00000231080	3	2	0
ENSG00000231081	17	11	8
ENSG00000231083	84	72	28
ENSG00000231092	17	7	3
ENSG00000231098	1	3	0
ENSG00000231104	61	32	8
ENSG00000231110	3	0	0
ENSG00000231114	19	10	3
ENSG00000231119	15	9	3
ENSG00000231128	186	121	22
ENSG00000231132	4	2	0
ENSG00000231143	59	34	8
ENSG00000231149	4	2	0
ENSG00000231156	7	5	0
ENSG00000231178	47	43	5
ENSG00000231183	16	14	1
ENSG00000231189	7	6	2
ENSG00000231193	9	11	0
ENSG00000231201	61	34	18
ENSG00000231236	598	474	79
ENSG00000231252	994	639	200
ENSG00000231255	4	0	0
ENSG00000231266	0	3	0
ENSG00000231291	4	3	0
ENSG00000231295	10	2	3
ENSG00000231297	20	18	4
ENSG00000231324	43	32	5
ENSG00000231329	41	29	7
ENSG00000231336	4	3	0
ENSG00000231355	4	3	1
ENSG00000231358	39	31	7
ENSG00000231393	6	4	0
ENSG00000231394	5	1	1
ENSG00000231403	16	7	1
ENSG00000231405	44	26	5
ENSG00000231413	5	0	0
ENSG00000231418	13	5	2
ENSG00000231421	5	4	1
ENSG00000231460	20	19	3
ENSG00000231476	0	3	1
ENSG00000231477	2	2	0
ENSG00000231482	518	336	74
ENSG00000231487	0	5	0
ENSG00000231492	34	22	11
ENSG00000231495	7	8	1
ENSG00000231505	37	14	9
ENSG00000231509	17	7	2
ENSG00000231519	16	9	1
ENSG00000231521	18	13	7
ENSG00000231530	0	2	0
ENSG00000231533	388	279	58
ENSG00000231536	1	0	0
ENSG00000231539	22	10	0
ENSG00000231557	242	207	61
ENSG00000231563	282	271	53
ENSG00000231589	1	2	1
ENSG00000231597	0	0	0
ENSG00000231606	322	262	69
ENSG00000231616	69	52	8
ENSG00000231620	3	0	0
ENSG00000231626	1	0	0
ENSG00000231662	78	62	14
ENSG00000231678	4	4	1
ENSG00000231681	114	96	25
ENSG00000231691	18	18	4
ENSG00000231698	157	85	24
ENSG00000231704	65	56	9
ENSG00000231705	42	17	5
ENSG00000231713	3	2	1
ENSG00000231714	3	0	0
ENSG00000231720	9	5	2
ENSG00000231724	164	140	30
ENSG00000231731	298	221	51
ENSG00000231740	118	110	19
ENSG00000231748	5	4	0
ENSG00000231754	1	3	2
ENSG00000231756	6	4	1
ENSG00000231760	3	4	0
ENSG00000231769	149	114	25
ENSG00000231772	641	491	126
ENSG00000231781	12	14	8
ENSG00000231791	8	9	2
ENSG00000231794	41	37	12
ENSG00000231815	170	101	19
ENSG00000231829	47	45	7
ENSG00000231830	6	2	1
ENSG00000231856	75	45	13
ENSG00000231863	110	79	27
ENSG00000231864	4	5	3
ENSG00000231868	17	5	1
ENSG00000231873	383	264	70
ENSG00000231876	54	33	6
ENSG00000231877	104	63	5
ENSG00000231881	141	108	34
ENSG00000231892	10	14	2
ENSG00000231901	77	47	10
ENSG00000231902	100	92	17
ENSG00000231903	4	4	2
ENSG00000231912	153	93	19
ENSG00000231927	9	6	2
ENSG00000231949	3	1	0
ENSG00000231951	5	4	2
ENSG00000231953	5	0	0
ENSG00000231955	18	14	3
ENSG00000231964	32	33	6
ENSG00000231970	161	118	25
ENSG00000231977	31	24	6
ENSG00000231985	13	6	2
ENSG00000231986	4	0	0
ENSG00000231990	34	30	7
ENSG00000232006	340	264	64
ENSG00000232019	7	5	3
ENSG00000232035	1	0	0
ENSG00000232043	28	21	7
ENSG00000232053	521	409	103
ENSG00000232058	90	76	10
ENSG00000232063	268	212	90
ENSG00000232072	322	236	57
ENSG00000232085	6	4	0
ENSG00000232110	1	0	0
ENSG00000232120	51	45	9
ENSG00000232121	3	10	0
ENSG00000232124	5	7	6
ENSG00000232130	30	26	8
ENSG00000232140	10	7	1
ENSG00000232153	299	228	50
ENSG00000232188	4	4	1
ENSG00000232193	11	5	3
ENSG00000232194	3	1	0
ENSG00000232197	5	3	1
ENSG00000232200	24	16	0
ENSG00000232211	169	108	16
ENSG00000232227	2	2	2
ENSG00000232234	161	104	22
ENSG00000232245	27	19	5
ENSG00000232252	156	144	37
ENSG00000232271	200	157	34
ENSG00000232286	6	3	0
ENSG00000232290	27	12	4
ENSG00000232294	82	65	12
ENSG00000232295	390	269	52
ENSG00000232299	4	5	0
ENSG00000232306	12	19	1
ENSG00000232325	61	27	10
ENSG00000232328	109	100	28
ENSG00000232347	203	138	22
ENSG00000232353	17	12	3
ENSG00000232358	18	7	2
ENSG00000232359	49	30	8
ENSG00000232360	7	2	1
ENSG00000232363	29	23	7
ENSG00000232386	0	0	0
ENSG00000232394	3	0	0
ENSG00000232408	15	15	4
ENSG00000232413	268	211	140
ENSG00000232436	12	9	3
ENSG00000232444	8	6	1
ENSG00000232451	476	327	73
ENSG00000232464	41	16	5
ENSG00000232465	36	16	11
ENSG00000232470	43	17	8
ENSG00000232494	56	22	8
ENSG00000232500	0	3	2
ENSG00000232512	13	9	1
ENSG00000232519	4	5	2
ENSG00000232524	3	2	2
ENSG00000232529	2	0	0
ENSG00000232537	389	308	52
ENSG00000232555	878	580	145
ENSG00000232557	12	16	2
ENSG00000232581	68	41	11
ENSG00000232590	28	30	5
ENSG00000232597	0	2	0
ENSG00000232598	8	5	2
ENSG00000232604	3	6	1
ENSG00000232611	1011	841	135
ENSG00000232628	36	12	3
ENSG00000232640	11	5	2
ENSG00000232642	12	7	3
ENSG00000232667	189	135	33
ENSG00000232680	8	5	4
ENSG00000232682	25	26	9
ENSG00000232692	62	32	8
ENSG00000232710	11	6	1
ENSG00000232719	13	6	2
ENSG00000232721	12	1	2
ENSG00000232732	159	121	25
ENSG00000232738	2	2	0
ENSG00000232748	53	40	9
ENSG00000232749	7	0	0
ENSG00000232754	44	35	5
ENSG00000232762	8	3	1
ENSG00000232806	7	4	2
ENSG00000232807	53	40	13
ENSG00000232811	39	21	1
ENSG00000232821	6	3	0
ENSG00000232828	806	537	118
ENSG00000232835	7	5	1
ENSG00000232876	24	14	5
ENSG00000232884	318	257	50
ENSG00000232886	19	11	4
ENSG00000232895	127	95	21
ENSG00000232896	14	21	2
ENSG00000232900	82	51	15
ENSG00000232909	23	12	0
ENSG00000232930	221	150	33
ENSG00000232934	142	108	32
ENSG00000232969	15	9	1
ENSG00000232978	12	7	6
ENSG00000232985	0	0	0
ENSG00000232986	6	4	2
ENSG00000232993	27	24	6
ENSG00000233005	1077	719	152
ENSG00000233017	30	20	3
ENSG00000233060	92	77	14
ENSG00000233064	56	43	11
ENSG00000233068	117	86	18
ENSG00000233069	11	2	0
ENSG00000233078	4	0	0
ENSG00000233081	5	2	0
ENSG00000233082	4	4	1
ENSG00000233085	4	0	1
ENSG00000233096	3	5	1
ENSG00000233103	11	8	3
ENSG00000233138	3	6	1
ENSG00000233144	1	1	2
ENSG00000233178	35	32	10
ENSG00000233179	3	1	1
ENSG00000233183	105	81	25
ENSG00000233191	6	8	2
ENSG00000233193	0	0	0
ENSG00000233219	23	17	1
ENSG00000233222	3	1	0
ENSG00000233230	114	85	32
ENSG00000233242	34	17	5
ENSG00000233251	139	91	27
ENSG00000233256	12	6	2
ENSG00000233258	1	0	0
ENSG00000233271	23	16	5
ENSG00000233288	22	15	0
ENSG00000233290	1841	1322	319
ENSG00000233330	3	8	0
ENSG00000233332	2	8	3
ENSG00000233339	17	14	1
ENSG00000233340	17	10	6
ENSG00000233342	15	9	5
ENSG00000233358	1145	822	188
ENSG00000233363	8	1	0
ENSG00000233365	62	29	12
ENSG00000233393	7	11	2
ENSG00000233397	4	2	0
ENSG00000233403	13	23	4
ENSG00000233407	59	30	6
ENSG00000233415	18	16	4
ENSG00000233417	148	100	23
ENSG00000233420	515	444	79
ENSG00000233423	18	11	1
ENSG00000233424	2	4	0
ENSG00000233427	23	18	4
ENSG00000233470	85	78	13
ENSG00000233472	63	53	11
ENSG00000233478	89	68	18
ENSG00000233479	4	6	1
ENSG00000233502	4	4	1
ENSG00000233516	6	2	0
ENSG00000233519	1	2	0
ENSG00000233535	58	41	9
ENSG00000233538	4	4	0
ENSG00000233539	207	147	19
ENSG00000233542	10	9	0
ENSG00000233547	72	83	16
ENSG00000233553	105	86	18
ENSG00000233569	41	13	3
ENSG00000233571	282	198	57
ENSG00000233574	12	3	1
ENSG00000233577	9	9	1
ENSG00000233616	7	0	2
ENSG00000233625	12	5	2
ENSG00000233633	41	28	4
ENSG00000233635	397	304	68
ENSG00000233645	7	12	4
ENSG00000233665	66	36	8
ENSG00000233689	92	79	15
ENSG00000233706	5	4	3
ENSG00000233714	10	14	3
ENSG00000233721	6	5	0
ENSG00000233728	2	1	0
ENSG00000233735	10	9	1
ENSG00000233739	135	85	24
ENSG00000233754	15	8	1
ENSG00000233755	165	126	37
ENSG00000233775	21	9	3
ENSG00000233783	70	42	13
ENSG00000233817	30	30	6
ENSG00000233823	2	0	0
ENSG00000233824	10	4	1
ENSG00000233835	5	2	0
ENSG00000233842	116	78	8
ENSG00000233845	16	23	6
ENSG00000233848	158	90	21
ENSG00000233849	31	12	2
ENSG00000233862	240	172	36
ENSG00000233875	5	6	0
ENSG00000233884	5	5	0
ENSG00000233912	353	247	61
ENSG00000233919	16	4	2
ENSG00000233920	42	24	10
ENSG00000233928	4828	5021	688
ENSG00000233936	8	5	3
ENSG00000233941	2	1	0
ENSG00000233942	2	4	0
ENSG00000233953	16	11	7
ENSG00000233960	34	25	2
ENSG00000233967	312	263	41
ENSG00000233969	52	46	1
ENSG00000233970	5	4	0
ENSG00000233977	2	1	1
ENSG00000233981	4	3	0
ENSG00000233987	14	7	1
ENSG00000234019	4	5	3
ENSG00000234021	58	49	14
ENSG00000234022	31	21	7
ENSG00000234026	40	42	7
ENSG00000234034	64	50	8
ENSG00000234050	2	3	0
ENSG00000234055	6	8	0
ENSG00000234083	41	29	4
ENSG00000234084	14	6	0
ENSG00000234089	7	8	1
ENSG00000234105	13	10	5
ENSG00000234116	0	1	0
ENSG00000234117	2	2	1
ENSG00000234132	51	36	9
ENSG00000234136	0	1	0
ENSG00000234139	193	136	46
ENSG00000234141	6	3	0
ENSG00000234147	940	653	146
ENSG00000234149	123	73	18
ENSG00000234156	502	374	89
ENSG00000234160	32	12	3
ENSG00000234162	339	222	60
ENSG00000234172	124	103	17
ENSG00000234173	334	283	53
ENSG00000234174	27	31	4
ENSG00000234182	2	1	0
ENSG00000234185	291	185	54
ENSG00000234190	18	17	5
ENSG00000234203	20	20	3
ENSG00000234206	0	5	0
ENSG00000234210	85	82	21
ENSG00000234211	7	3	0
ENSG00000234223	315	263	64
ENSG00000234238	142	72	20
ENSG00000234244	53	29	10
ENSG00000234255	76	57	13
ENSG00000234261	2780	2048	469
ENSG00000234273	115	84	20
ENSG00000234275	230	190	52
ENSG00000234286	7	8	1
ENSG00000234296	62	47	9
ENSG00000234306	5	4	0
ENSG00000234318	5	6	0
ENSG00000234352	1113	875	215
ENSG00000234361	2	0	0
ENSG00000234378	190	118	25
ENSG00000234393	28	19	2
ENSG00000234396	127	105	31
ENSG00000234405	171	157	19
ENSG00000234418	197	146	45
ENSG00000234426	404	300	74
ENSG00000234427	9	3	2
ENSG00000234428	104	76	18
ENSG00000234446	111	68	14
ENSG00000234455	18	25	4
ENSG00000234459	4	2	2
ENSG00000234464	513	400	93
ENSG00000234471	47	30	9
ENSG00000234477	177	142	25
ENSG00000234481	10	4	2
ENSG00000234484	2	0	0
ENSG00000234519	4	4	0
ENSG00000234535	0	0	1
ENSG00000234540	46	17	10
ENSG00000234542	16	8	0
ENSG00000234578	2	0	0
ENSG00000234579	4	2	2
ENSG00000234580	7	4	2
ENSG00000234584	89	54	5
ENSG00000234597	44	31	7
ENSG00000234613	3	3	0
ENSG00000234630	4	3	0
ENSG00000234638	13	8	0
ENSG00000234640	25	31	4
ENSG00000234646	14	5	2
ENSG00000234647	50	38	16
ENSG00000234675	3	0	2
ENSG00000234686	19	12	2
ENSG00000234692	7	3	1
ENSG00000234698	30	16	6
ENSG00000234699	48	21	9
ENSG00000234710	315	230	49
ENSG00000234712	7	9	0
ENSG00000234714	32	30	5
ENSG00000234730	84	50	14
ENSG00000234763	45	63	8
ENSG00000234768	12	8	2
ENSG00000234793	7	3	2
ENSG00000234796	8	2	3
ENSG00000234810	3033	2085	331
ENSG00000234818	26	16	2
ENSG00000234826	29	22	6
ENSG00000234848	27	24	10
ENSG00000234859	66	60	2
ENSG00000234860	93	65	17
ENSG00000234862	7	4	0
ENSG00000234877	2	3	1
ENSG00000234892	15	25	6
ENSG00000234900	44	22	6
ENSG00000234902	163	108	25
ENSG00000234915	253	154	43
ENSG00000234917	25	14	6
ENSG00000234918	3	0	0
ENSG00000234921	4	0	0
ENSG00000234929	162	109	25
ENSG00000234936	76	73	15
ENSG00000234938	29	25	3
ENSG00000234940	8	5	0
ENSG00000234943	4	6	1
ENSG00000234953	121	84	22
ENSG00000234961	18	15	1
ENSG00000234967	12	5	3
ENSG00000234979	11	7	0
ENSG00000234998	94	97	14
ENSG00000235005	15	1	2
ENSG00000235007	581	427	88
ENSG00000235021	15	8	0
ENSG00000235023	19	18	2
ENSG00000235038	64	42	9
ENSG00000235047	10	6	0
ENSG00000235052	9	9	0
ENSG00000235056	105	97	17
ENSG00000235059	5	2	1
ENSG00000235066	204	149	27
ENSG00000235070	9	6	2
ENSG00000235077	138	123	40
ENSG00000235078	42	33	8
ENSG00000235085	83	52	16
ENSG00000235091	40	16	7
ENSG00000235096	51	35	4
ENSG00000235099	64	23	10
ENSG00000235100	291	256	39
ENSG00000235119	57	40	9
ENSG00000235122	204	179	30
ENSG00000235126	33	19	11
ENSG00000235138	16	10	6
ENSG00000235140	343	253	61
ENSG00000235143	8	5	1
ENSG00000235146	3	2	2
ENSG00000235151	3	4	1
ENSG00000235152	119	87	18
ENSG00000235154	43	41	7
ENSG00000235158	82	69	11
ENSG00000235168	19	11	0
ENSG00000235189	480	363	77
ENSG00000235192	250	244	35
ENSG00000235198	12	7	2
ENSG00000235204	24	9	3
ENSG00000235209	19	17	1
ENSG00000235215	89	54	16
ENSG00000235236	13	5	0
ENSG00000235242	0	4	0
ENSG00000235263	3	0	0
ENSG00000235277	30	29	9
ENSG00000235281	311	232	45
ENSG00000235288	178	111	38
ENSG00000235292	137	88	23
ENSG00000235293	3	0	0
ENSG00000235296	85	42	9
ENSG00000235303	64	48	7
ENSG00000235321	0	0	0
ENSG00000235356	115	93	18
ENSG00000235381	55	76	7
ENSG00000235399	4	0	2
ENSG00000235403	12	9	3
ENSG00000235415	234	127	35
ENSG00000235419	173	128	28
ENSG00000235426	153	92	30
ENSG00000235427	14	9	1
ENSG00000235431	202	134	37
ENSG00000235435	55	45	9
ENSG00000235450	523	417	83
ENSG00000235461	30	29	10
ENSG00000235464	18	9	6
ENSG00000235480	40	33	18
ENSG00000235494	41	34	4
ENSG00000235495	221	200	39
ENSG00000235503	12	8	1
ENSG00000235526	0	2	0
ENSG00000235533	38	29	3
ENSG00000235537	51	38	5
ENSG00000235538	335	205	53
ENSG00000235563	13	5	3
ENSG00000235564	17	11	3
ENSG00000235572	16	21	3
ENSG00000235575	107	91	15
ENSG00000235584	19	15	8
ENSG00000235609	410	431	61
ENSG00000235610	3	3	3
ENSG00000235612	15	10	3
ENSG00000235615	25	30	4
ENSG00000235620	0	3	0
ENSG00000235625	1	3	1
ENSG00000235637	9	3	0
ENSG00000235726	617	469	101
ENSG00000235728	6	3	1
ENSG00000235743	86	74	14
ENSG00000235749	334	357	48
ENSG00000235772	5	4	0
ENSG00000235774	71	51	13
ENSG00000235779	33	17	6
ENSG00000235795	6	3	2
ENSG00000235806	25	28	9
ENSG00000235815	5	10	3
ENSG00000235819	119	121	25
ENSG00000235820	10	8	1
ENSG00000235837	38	47	17
ENSG00000235840	19	11	3
ENSG00000235852	43	28	7
ENSG00000235858	2	0	0
ENSG00000235862	6	3	5
ENSG00000235872	20	18	8
ENSG00000235880	18	14	8
ENSG00000235881	10	7	1
ENSG00000235902	25	8	1
ENSG00000235911	9	11	0
ENSG00000235939	103	86	15
ENSG00000235972	3	0	0
ENSG00000235978	709	588	107
ENSG00000235979	1308	1040	153
ENSG00000235994	10	12	1
ENSG00000235996	10	2	2
ENSG00000236003	3	5	2
ENSG00000236009	0	1	0
ENSG00000236022	3	2	0
ENSG00000236031	2	7	5
ENSG00000236046	3	0	0
ENSG00000236064	120	108	25
ENSG00000236069	36	26	9
ENSG00000236098	30	16	4
ENSG00000236102	1	0	0
ENSG00000236106	2	6	0
ENSG00000236109	64	63	14
ENSG00000236115	5	5	2
ENSG00000236116	3	0	0
ENSG00000236119	27	12	3
ENSG00000236129	6	1	0
ENSG00000236140	4	3	2
ENSG00000236141	10	6	4
ENSG00000236145	5	5	0
ENSG00000236151	2	0	0
ENSG00000236154	4	5	1
ENSG00000236162	20	8	1
ENSG00000236164	4	6	2
ENSG00000236173	0	1	0
ENSG00000236206	90	65	13
ENSG00000236209	43	22	6
ENSG00000236212	191	139	31
ENSG00000236230	730	540	130
ENSG00000236231	14	8	4
ENSG00000236234	38	36	9
ENSG00000236255	122	76	22
ENSG00000236263	4	6	0
ENSG00000236266	62	42	5
ENSG00000236283	951	591	147
ENSG00000236295	8	0	0
ENSG00000236299	14	12	3
ENSG00000236308	5	0	0
ENSG00000236326	1	0	0
ENSG00000236332	138	105	14
ENSG00000236335	0	3	0
ENSG00000236341	34	16	5
ENSG00000236347	25	21	3
ENSG00000236356	123	106	19
ENSG00000236358	64	60	10
ENSG00000236364	34	17	5
ENSG00000236366	328	219	58
ENSG00000236372	5	8	0
ENSG00000236376	14	7	7
ENSG00000236378	3	3	0
ENSG00000236385	22	15	7
ENSG00000236387	18	5	4
ENSG00000236389	4	0	0
ENSG00000236390	4	5	2
ENSG00000236394	2	2	0
ENSG00000236403	16	4	4
ENSG00000236414	5	6	1
ENSG00000236434	9	5	2
ENSG00000236449	913	596	158
ENSG00000236451	667	512	127
ENSG00000236453	262	178	36
ENSG00000236461	43	19	7
ENSG00000236469	134	102	21
ENSG00000236472	67	62	14
ENSG00000236494	29	18	1
ENSG00000236495	33	23	10
ENSG00000236498	96	74	17
ENSG00000236501	251	176	43
ENSG00000236507	17	4	0
ENSG00000236510	0	0	0
ENSG00000236513	6	4	2
ENSG00000236528	53	20	8
ENSG00000236531	47	27	7
ENSG00000236536	12	5	0
ENSG00000236543	18	27	5
ENSG00000236545	1	2	0
ENSG00000236556	3	0	0
ENSG00000236572	6	3	0
ENSG00000236601	122	85	14
ENSG00000236627	80	73	11
ENSG00000236634	9	6	0
ENSG00000236641	0	2	0
ENSG00000236643	56	30	12
ENSG00000236656	828	672	151
ENSG00000236665	7	4	1
ENSG00000236673	40	25	6
ENSG00000236676	172	119	22
ENSG00000236687	2	1	0
ENSG00000236723	96	61	10
ENSG00000236724	2	2	0
ENSG00000236733	76	69	21
ENSG00000236754	57	35	8
ENSG00000236760	140	106	20
ENSG00000236772	27	16	5
ENSG00000236800	37	42	9
ENSG00000236817	162	105	27
ENSG00000236833	11	11	4
ENSG00000236837	18	10	2
ENSG00000236838	6	2	2
ENSG00000236841	28	12	3
ENSG00000236842	7	5	2
ENSG00000236846	4	0	0
ENSG00000236856	35	39	7
ENSG00000236858	13	7	1
ENSG00000236864	50	29	9
ENSG00000236874	4	3	1
ENSG00000236883	0	1	0
ENSG00000236885	128	112	27
ENSG00000236889	2	0	0
ENSG00000236892	67	37	10
ENSG00000236896	6	6	1
ENSG00000236897	0	4	0
ENSG00000236920	5	4	2
ENSG00000236921	33	35	4
ENSG00000236924	364	280	69
ENSG00000236935	152	143	27
ENSG00000236936	11	2	1
ENSG00000236938	12	7	3
ENSG00000236948	202	122	33
ENSG00000236951	4	3	0
ENSG00000236961	85	50	12
ENSG00000236968	3	3	2
ENSG00000236985	11	7	1
ENSG00000236986	191	130	32
ENSG00000236989	121	65	15
ENSG00000236990	317	420	78
ENSG00000237002	8	8	1
ENSG00000237011	6	9	0
ENSG00000237015	103	87	15
ENSG00000237019	129	409	22
ENSG00000237031	176	141	26
ENSG00000237035	5	1	0
ENSG00000237062	4	0	0
ENSG00000237063	8	3	0
ENSG00000237076	89	69	21
ENSG00000237087	0	0	0
ENSG00000237101	34	24	5
ENSG00000237126	109	94	22
ENSG00000237153	642	486	112
ENSG00000237167	41	26	4
ENSG00000237188	737	606	89
ENSG00000237208	2	2	2
ENSG00000237220	19	7	2
ENSG00000237224	33	15	6
ENSG00000237234	19	24	2
ENSG00000237250	107	78	27
ENSG00000237271	24	19	4
ENSG00000237283	41	18	3
ENSG00000237293	30	13	5
ENSG00000237301	160	111	21
ENSG00000237311	117	66	22
ENSG00000237312	247	204	55
ENSG00000237316	5	9	4
ENSG00000237320	0	0	1
ENSG00000237324	62	46	8
ENSG00000237326	23	15	4
ENSG00000237343	2	1	0
ENSG00000237346	25	11	7
ENSG00000237356	3252	3405	467
ENSG00000237370	3	1	0
ENSG00000237377	6	2	1
ENSG00000237385	0	2	0
ENSG00000237387	5	5	2
ENSG00000237390	17	17	3
ENSG00000237400	67	44	12
ENSG00000237414	0	4	1
ENSG00000237419	2	2	1
ENSG00000237422	79	60	13
ENSG00000237429	84	81	22
ENSG00000237445	5	2	1
ENSG00000237453	4	0	0
ENSG00000237464	3	3	0
ENSG00000237473	405	239	70
ENSG00000237477	30	19	1
ENSG00000237479	2	1	0
ENSG00000237480	452	335	66
ENSG00000237481	41	29	10
ENSG00000237498	137	103	19
ENSG00000237500	5	0	0
ENSG00000237525	504	347	94
ENSG00000237527	233	165	31
ENSG00000237529	35	36	10
ENSG00000237530	25	8	1
ENSG00000237532	17	12	1
ENSG00000237568	64	31	11
ENSG00000237581	9	5	0
ENSG00000237588	22	19	3
ENSG00000237612	53	49	10
ENSG00000237614	12	9	3
ENSG00000237626	577	408	90
ENSG00000237633	72	44	13
ENSG00000237640	78	56	15
ENSG00000237685	9	5	1
ENSG00000237699	6	3	0
ENSG00000237707	6	2	1
ENSG00000237713	56	45	14
ENSG00000237716	4	1	0
ENSG00000237718	5	6	1
ENSG00000237720	336	259	63
ENSG00000237734	12	6	3
ENSG00000237735	81	56	7
ENSG00000237741	4	5	1
ENSG00000237756	2	1	0
ENSG00000237759	3	1	0
ENSG00000237760	66	40	9
ENSG00000237761	95	56	19
ENSG00000237768	183	174	26
ENSG00000237773	1443	1076	230
ENSG00000237843	92	58	15
ENSG00000237845	8	7	0
ENSG00000237851	7	10	1
ENSG00000237856	3	0	0
ENSG00000237874	18	6	1
ENSG00000237896	36	21	3
ENSG00000237899	116	88	20
ENSG00000237921	3	4	0
ENSG00000237947	0	2	0
ENSG00000237954	51	26	10
ENSG00000237987	2	1	2
ENSG00000237993	5	2	2
ENSG00000238009	51	44	5
ENSG00000238012	19	12	6
ENSG00000238019	4	0	0
ENSG00000238031	16	1	0
ENSG00000238034	54	56	5
ENSG00000238035	28	21	8
ENSG00000238043	96	75	14
ENSG00000238054	21	20	8
ENSG00000238102	6	4	1
ENSG00000238122	0	0	1
ENSG00000238129	3	5	0
ENSG00000238140	3	4	0
ENSG00000238142	79	40	11
ENSG00000238156	11	11	1
ENSG00000238171	41	30	8
ENSG00000238176	33	18	3
ENSG00000238192	0	4	0
ENSG00000238195	0	1	0
ENSG00000238207	75	56	17
ENSG00000238221	103	84	33
ENSG00000238232	0	3	0
ENSG00000238258	25	20	2
ENSG00000238260	57	43	7
ENSG00000238272	73	49	15
ENSG00000238273	102	76	21
ENSG00000238277	12	5	3
ENSG00000238279	6	9	1
ENSG00000238280	678	518	98
ENSG00000238282	194	132	19
ENSG00000239300	115	68	28
ENSG00000239311	55	35	9
ENSG00000239381	361	268	63
ENSG00000239395	2	2	2
ENSG00000239407	312	237	47
ENSG00000239462	277	195	48
ENSG00000239480	85	51	16
ENSG00000239482	161	107	22
ENSG00000239498	730	2304	138
ENSG00000239572	280	186	55
ENSG00000239593	1	6	1
ENSG00000239628	47	23	5
ENSG00000239661	2	4	0
ENSG00000239674	0	2	1
ENSG00000239715	5	1	0
ENSG00000239739	3	0	0
ENSG00000239767	43	33	5
ENSG00000239791	86	91	22
ENSG00000239906	17	4	0
ENSG00000239920	1512	1247	244
ENSG00000239922	248	156	40
ENSG00000239991	11	7	1
ENSG00000239994	9	14	4
ENSG00000240033	23	17	6
ENSG00000240040	390	302	55
ENSG00000240056	2	2	0
ENSG00000240086	572	557	97
ENSG00000240093	107	88	18
ENSG00000240095	8	1	0
ENSG00000240143	23	36	2
ENSG00000240240	58	52	10
ENSG00000240241	49	30	6
ENSG00000240354	5	5	2
ENSG00000240401	411	337	48
ENSG00000240440	6	3	2
ENSG00000240478	91	71	21
ENSG00000240497	74	61	7
ENSG00000240499	355	284	59
ENSG00000240521	342	231	41
ENSG00000240553	494	388	88
ENSG00000240571	138	121	23
ENSG00000240573	2	2	0
ENSG00000240687	286	185	53
ENSG00000240710	267	231	55
ENSG00000240792	35	21	9
ENSG00000240842	21	13	5
ENSG00000240895	2	0	0
ENSG00000240915	1	0	0
ENSG00000240963	364	309	59
ENSG00000240980	4	3	2
ENSG00000241042	7	3	1
ENSG00000241048	102	59	10
ENSG00000241054	0	2	2
ENSG00000241059	2	0	0
ENSG00000241168	365	269	69
ENSG00000241169	27	23	1
ENSG00000241231	120	77	13
ENSG00000241269	2	0	0
ENSG00000241317	5	0	0
ENSG00000241324	40	41	2
ENSG00000241345	182	144	24
ENSG00000241357	22	27	10
ENSG00000241409	25	17	1
ENSG00000241449	172	115	21
ENSG00000241489	24	13	6
ENSG00000241490	114	59	19
ENSG00000241505	40	25	6
ENSG00000241525	127	106	39
ENSG00000241577	50	44	4
ENSG00000241593	130	93	24
ENSG00000241666	57	32	11
ENSG00000241667	4	0	0
ENSG00000241679	292	242	55
ENSG00000241690	2	2	0
ENSG00000241754	79	54	18
ENSG00000241770	63	54	14
ENSG00000241772	40	27	8
ENSG00000241792	46	28	5
ENSG00000241860	87	53	11
ENSG00000241881	2	7	0
ENSG00000241882	25	14	3
ENSG00000241884	15	17	5
ENSG00000241912	11	3	1
ENSG00000241921	95	72	23
ENSG00000241962	1433	1151	231
ENSG00000242009	228	153	40
ENSG00000242021	277	148	38
ENSG00000242029	135	141	31
ENSG00000242072	45	36	9
ENSG00000242078	24	12	1
ENSG00000242136	1	5	0
ENSG00000242145	1	3	0
ENSG00000242190	5	5	1
ENSG00000242282	1	2	0
ENSG00000242317	63	57	14
ENSG00000242375	26	20	3
ENSG00000242391	0	0	0
ENSG00000242396	277	167	35
ENSG00000242407	3	1	0
ENSG00000242539	61	49	8
ENSG00000242540	26	27	4
ENSG00000242545	76	52	11
ENSG00000242553	68	74	21
ENSG00000242568	22	3	1
ENSG00000242578	21	18	4
ENSG00000242588	9103	7889	1428
ENSG00000242593	964	710	178
ENSG00000242611	4	3	2
ENSG00000242628	79	57	15
ENSG00000242659	18	9	8
ENSG00000242753	120	76	22
ENSG00000242775	1	4	0
ENSG00000242790	3	2	1
ENSG00000242798	128	112	28
ENSG00000242816	181	148	48
ENSG00000242828	56	23	9
ENSG00000242861	478	306	92
ENSG00000242880	1317	822	170
ENSG00000243008	99	96	12
ENSG00000243018	61	35	8
ENSG00000243062	45	41	5
ENSG00000243081	26	22	8
ENSG00000243089	58	36	6
ENSG00000243155	346	277	70
ENSG00000243176	1622	1500	267
ENSG00000243230	15	13	2
ENSG00000243243	3	3	0
ENSG00000243276	1623	1093	275
ENSG00000243296	9	7	4
ENSG00000243305	271	194	43
ENSG00000243345	0	2	1
ENSG00000243349	49	33	7
ENSG00000243384	13	4	2
ENSG00000243389	288	198	43
ENSG00000243415	73	46	15
ENSG00000243433	19	16	3
ENSG00000243486	107	72	18
ENSG00000243491	69	31	11
ENSG00000243501	139	94	18
ENSG00000243574	37	33	3
ENSG00000243613	26	21	5
ENSG00000243636	13	6	2
ENSG00000243696	23	21	3
ENSG00000243762	62	35	14
ENSG00000243797	1113	830	200
ENSG00000243861	50	30	7
ENSG00000243885	5	4	0
ENSG00000243903	9	7	1
ENSG00000243944	434	282	60
ENSG00000243953	0	0	0
ENSG00000243960	135	88	16
ENSG00000243969	90	72	17
ENSG00000244055	712	529	102
ENSG00000244063	9	7	1
ENSG00000244125	39	34	5
ENSG00000244151	14	17	2
ENSG00000244268	74	41	15
ENSG00000244278	12	7	4
ENSG00000244310	10	7	1
ENSG00000244337	5	8	0
ENSG00000244345	177	114	25
ENSG00000244349	29	27	6
ENSG00000244358	49	30	8
ENSG00000244380	165	83	23
ENSG00000244459	35	25	4
ENSG00000244464	101	83	11
ENSG00000244545	4	0	0
ENSG00000244550	7	8	2
ENSG00000244650	130	97	21
ENSG00000244675	9	8	1
ENSG00000244676	42	25	2
ENSG00000244701	278	236	39
ENSG00000244706	153	90	31
ENSG00000244733	28	13	2
ENSG00000244757	190	136	33
ENSG00000244791	4	3	0
ENSG00000244953	34	19	2
ENSG00000245008	345	208	68
ENSG00000245156	56	39	14
ENSG00000245482	169	112	27
ENSG00000245667	23	11	4
ENSG00000245768	1276	973	234
ENSG00000245869	9	6	0
ENSG00000246090	2341	1796	373
ENSG00000246225	829	578	99
ENSG00000246250	110	77	23
ENSG00000246308	79	100	14
ENSG00000246331	0	0	0
ENSG00000246465	46	26	6
ENSG00000247011	39	23	8
ENSG00000247033	14	6	1
ENSG00000247121	997	773	161
ENSG00000247130	94	46	8
ENSG00000247134	601	514	119
ENSG00000247228	178	132	31
ENSG00000247311	73	61	13
ENSG00000247324	12	15	2
ENSG00000247372	68	55	7
ENSG00000247679	66	46	12
ENSG00000247765	21	17	10
ENSG00000247810	175	122	31
ENSG00000247925	1038	668	129
ENSG00000247934	79	68	19
ENSG00000247970	284	315	55
ENSG00000248029	4	1	1
ENSG00000248100	16	11	2
ENSG00000248101	0	0	0
ENSG00000248103	22	16	6
ENSG00000248112	4	6	2
ENSG00000248125	18	23	6
ENSG00000248137	3	0	0
ENSG00000248145	57	47	5
ENSG00000248148	60	41	12
ENSG00000248165	105	83	15
ENSG00000248172	70	59	10
ENSG00000248176	156	86	31
ENSG00000248199	40	24	8
ENSG00000248203	16	11	2
ENSG00000248235	56	23	2
ENSG00000248240	17	11	2
ENSG00000248242	1083	695	183
ENSG00000248254	8	4	0
ENSG00000248261	19	16	4
ENSG00000248262	8	7	1
ENSG00000248285	34	37	2
ENSG00000248296	103	91	17
ENSG00000248317	64	38	7
ENSG00000248346	32	18	5
ENSG00000248356	50	40	2
ENSG00000248358	0	1	0
ENSG00000248359	166	90	21
ENSG00000248363	15	5	4
ENSG00000248367	178	148	30
ENSG00000248369	21	15	10
ENSG00000248373	589	485	128
ENSG00000248393	2	0	0
ENSG00000248417	7	6	3
ENSG00000248428	57	35	12
ENSG00000248431	447	342	71
ENSG00000248434	39	21	6
ENSG00000248440	2	2	0
ENSG00000248458	13	14	2
ENSG00000248468	58	37	11
ENSG00000248469	19	13	6
ENSG00000248479	4	8	0
ENSG00000248482	11	7	1
ENSG00000248484	77	55	8
ENSG00000248490	45	40	6
ENSG00000248491	557	513	108
ENSG00000248514	20	13	4
ENSG00000248516	37	23	9
ENSG00000248518	2	0	0
ENSG00000248525	12	1	1
ENSG00000248533	10	13	2
ENSG00000248540	234	175	31
ENSG00000248545	420	314	55
ENSG00000248551	118	89	17
ENSG00000248559	39	49	13
ENSG00000248567	1	0	0
ENSG00000248576	13	6	4
ENSG00000248588	29	20	3
ENSG00000248596	55	54	7
ENSG00000248597	2	5	1
ENSG00000248600	27	13	1
ENSG00000248601	296	224	54
ENSG00000248605	62	60	13
ENSG00000248607	5	1	1
ENSG00000248627	5	5	0
ENSG00000248646	125	105	15
ENSG00000248647	108	88	26
ENSG00000248656	448	347	67
ENSG00000248664	280	238	44
ENSG00000248667	0	0	0
ENSG00000248694	0	0	2
ENSG00000248701	4	6	1
ENSG00000248709	27	13	2
ENSG00000248733	20	8	5
ENSG00000248734	16	5	3
ENSG00000248736	34	21	6
ENSG00000248744	43	31	15
ENSG00000248747	51	32	10
ENSG00000248749	9	13	5
ENSG00000248751	32	31	11
ENSG00000248752	2045	1512	355
ENSG00000248758	44	32	6
ENSG00000248762	197	141	24
ENSG00000248774	48	71	16
ENSG00000248779	19	23	2
ENSG00000248783	21	15	8
ENSG00000248802	74	70	14
ENSG00000248813	0	0	0
ENSG00000248816	63	59	10
ENSG00000248837	371	272	259
ENSG00000248842	2	5	0
ENSG00000248870	5	1	0
ENSG00000248912	31	22	9
ENSG00000248918	3	0	0
ENSG00000248927	8	7	3
ENSG00000248935	11	6	2
ENSG00000248936	10	3	0
ENSG00000248939	124	88	21
ENSG00000248949	34	31	4
ENSG00000248954	40	51	9
ENSG00000248962	1	0	0
ENSG00000248964	107	64	18
ENSG00000248965	7	9	3
ENSG00000248968	27	15	2
ENSG00000248973	774	601	156
ENSG00000248975	141	98	26
ENSG00000248984	2	0	1
ENSG00000248991	154	124	23
ENSG00000248993	82	64	16
ENSG00000248994	545	441	91
ENSG00000249000	184	128	28
ENSG00000249016	0	1	0
ENSG00000249021	1	0	0
ENSG00000249022	124	79	16
ENSG00000249023	0	1	1
ENSG00000249036	246	156	62
ENSG00000249052	12	8	1
ENSG00000249061	792	546	109
ENSG00000249091	8	5	0
ENSG00000249094	43	29	3
ENSG00000249099	23	12	3
ENSG00000249100	6	2	0
ENSG00000249102	15	17	9
ENSG00000249109	4	2	0
ENSG00000249111	24	30	7
ENSG00000249125	22	17	5
ENSG00000249141	234	224	41
ENSG00000249150	40	19	1
ENSG00000249169	25	18	3
ENSG00000249171	144	119	27
ENSG00000249174	271	172	48
ENSG00000249180	2	4	0
ENSG00000249184	56	38	8
ENSG00000249198	1	0	0
ENSG00000249199	25	14	3
ENSG00000249209	1229	925	198
ENSG00000249225	78	59	16
ENSG00000249228	8	7	3
ENSG00000249234	8	9	2
ENSG00000249240	1022	751	140
ENSG00000249258	177	115	18
ENSG00000249261	4	2	1
ENSG00000249269	36	30	4
ENSG00000249275	33	25	12
ENSG00000249276	22	8	1
ENSG00000249290	54	36	9
ENSG00000249295	83	54	12
ENSG00000249304	5	0	0
ENSG00000249309	10	7	2
ENSG00000249317	1	0	0
ENSG00000249318	17	7	4
ENSG00000249319	466	282	85
ENSG00000249328	329	245	55
ENSG00000249335	523	385	109
ENSG00000249349	6	3	2
ENSG00000249359	17	10	3
ENSG00000249392	107	90	22
ENSG00000249404	2	2	1
ENSG00000249405	2	0	0
ENSG00000249409	18	18	5
ENSG00000249413	405	301	63
ENSG00000249417	244	168	52
ENSG00000249426	45	27	10
ENSG00000249429	72	55	15
ENSG00000249441	62	46	4
ENSG00000249451	18	26	6
ENSG00000249456	2614	2573	399
ENSG00000249474	3	3	0
ENSG00000249476	381	358	70
ENSG00000249478	36	23	2
ENSG00000249479	3	2	0
ENSG00000249483	26	14	6
ENSG00000249492	214	192	34
ENSG00000249513	10	6	1
ENSG00000249526	1429	1098	269
ENSG00000249547	1009	757	170
ENSG00000249568	6	10	1
ENSG00000249574	33	25	12
ENSG00000249588	13	9	2
ENSG00000249590	0	4	2
ENSG00000249602	62	30	11
ENSG00000249609	39	21	1
ENSG00000249631	1464	1047	178
ENSG00000249635	332	270	67
ENSG00000249638	1	0	0
ENSG00000249642	225	151	31
ENSG00000249658	2	4	0
ENSG00000249664	6	0	0
ENSG00000249675	263	204	39
ENSG00000249678	125	91	17
ENSG00000249685	38	38	6
ENSG00000249697	22	30	8
ENSG00000249708	11	5	0
ENSG00000249725	21	20	4
ENSG00000249727	16	25	4
ENSG00000249737	9	8	3
ENSG00000249742	67	34	10
ENSG00000249743	191	120	22
ENSG00000249746	3	2	0
ENSG00000249752	53	39	11
ENSG00000249753	236	165	35
ENSG00000249773	128	93	21
ENSG00000249776	531	379	87
ENSG00000249782	63	52	9
ENSG00000249787	448	355	76
ENSG00000249803	80	64	18
ENSG00000249807	5	2	1
ENSG00000249818	83	55	6
ENSG00000249831	5	3	5
ENSG00000249837	220	158	41
ENSG00000249842	1	0	0
ENSG00000249847	0	2	0
ENSG00000249856	383	315	59
ENSG00000249857	0	0	0
ENSG00000249865	12	19	0
ENSG00000249868	41	22	8
ENSG00000249870	194	140	33
ENSG00000249875	79	42	8
ENSG00000249877	7	24	1
ENSG00000249881	525	340	95
ENSG00000249883	310	229	51
ENSG00000249892	34	26	4
ENSG00000249926	5	0	0
ENSG00000249941	28	17	6
ENSG00000249942	99	74	14
ENSG00000249945	27	17	6
ENSG00000249951	132	75	14
ENSG00000249959	15	15	2
ENSG00000249966	0	0	0
ENSG00000249967	135	104	30
ENSG00000249971	9	9	2
ENSG00000249982	4	0	0
ENSG00000249984	18	17	3
ENSG00000249988	394	406	67
ENSG00000249994	10	6	0
ENSG00000249998	331	249	53
ENSG00000250015	18	21	2
ENSG00000250024	19	7	4
ENSG00000250025	274	182	38
ENSG00000250032	21	18	2
ENSG00000250034	7	16	2
ENSG00000250038	111	74	17
ENSG00000250041	63	57	17
ENSG00000250043	114	84	21
ENSG00000250046	53	41	13
ENSG00000250049	1014	748	177
ENSG00000250057	195	86	32
ENSG00000250064	717	682	134
ENSG00000250066	9	7	1
ENSG00000250075	660	521	99
ENSG00000250078	4	0	0
ENSG00000250081	12	11	2
ENSG00000250098	35	31	10
ENSG00000250101	286	263	45
ENSG00000250122	10	3	2
ENSG00000250126	28	18	2
ENSG00000250132	20	25	2
ENSG00000250137	477	386	92
ENSG00000250149	762	527	105
ENSG00000250173	9	13	1
ENSG00000250180	24	12	0
ENSG00000250193	7	6	2
ENSG00000250195	1522	1052	231
ENSG00000250230	82	57	12
ENSG00000250234	21	7	10
ENSG00000250237	383	274	59
ENSG00000250240	224	146	33
ENSG00000250242	0	0	1
ENSG00000250256	57	48	10
ENSG00000250259	6	4	1
ENSG00000250260	5	0	0
ENSG00000250264	25	19	7
ENSG00000250267	49	38	7
ENSG00000250274	11	12	2
ENSG00000250284	33	18	4
ENSG00000250286	54	39	7
ENSG00000250310	28	13	4
ENSG00000250333	301	202	60
ENSG00000250338	10	4	2
ENSG00000250349	1541	1021	286
ENSG00000250360	5	7	1
ENSG00000250362	64	37	9
ENSG00000250371	111	103	20
ENSG00000250375	22	28	3
ENSG00000250379	20	8	6
ENSG00000250383	37	23	4
ENSG00000250390	37	36	10
ENSG00000250397	55	37	9
ENSG00000250406	35	27	6
ENSG00000250418	0	2	0
ENSG00000250421	295	310	53
ENSG00000250424	196	153	45
ENSG00000250431	4	4	1
ENSG00000250453	390	344	73
ENSG00000250481	86	48	20
ENSG00000250493	88	63	14
ENSG00000250501	199	145	28
ENSG00000250503	5	1	0
ENSG00000250509	31	32	6
ENSG00000250511	11	9	5
ENSG00000250519	206	177	37
ENSG00000250524	28	12	4
ENSG00000250532	21	28	5
ENSG00000250541	42	21	5
ENSG00000250543	0	0	1
ENSG00000250567	6	2	1
ENSG00000250572	5	2	0
ENSG00000250576	7	1	0
ENSG00000250583	14	6	2
ENSG00000250597	13	9	2
ENSG00000250604	63	39	8
ENSG00000250614	10	8	1
ENSG00000250623	12	4	0
ENSG00000250626	50	38	11
ENSG00000250629	14	8	2
ENSG00000250643	309	270	39
ENSG00000250644	13	17	4
ENSG00000250657	4	4	4
ENSG00000250658	11	8	0
ENSG00000250659	18	18	10
ENSG00000250665	12	11	3
ENSG00000250681	0	3	0
ENSG00000250694	4	4	2
ENSG00000250697	1360	930	221
ENSG00000250699	119	68	17
ENSG00000250704	3	1	0
ENSG00000250706	87	61	20
ENSG00000250723	319	290	73
ENSG00000250734	29	32	8
ENSG00000250735	24	23	4
ENSG00000250751	76	54	9
ENSG00000250764	218	272	47
ENSG00000250775	104	76	27
ENSG00000250777	133	78	21
ENSG00000250781	301	243	37
ENSG00000250791	65	65	16
ENSG00000250806	3	2	2
ENSG00000250820	64	44	2
ENSG00000250829	0	1	0
ENSG00000250831	1	2	1
ENSG00000250838	57	41	14
ENSG00000250842	392	366	41
ENSG00000250850	38	30	4
ENSG00000250855	91	66	17
ENSG00000250863	88	61	11
ENSG00000250865	15	7	1
ENSG00000250874	0	0	0
ENSG00000250882	6	13	0
ENSG00000250887	0	5	0
ENSG00000250899	48	32	10
ENSG00000250908	2	1	1
ENSG00000250915	0	1	0
ENSG00000250917	415	283	62
ENSG00000250920	17	7	1
ENSG00000250934	108	61	14
ENSG00000250945	72	100	16
ENSG00000250949	5	4	4
ENSG00000250950	10	7	2
ENSG00000250954	420	345	103
ENSG00000250955	23	12	4
ENSG00000250969	358	281	63
ENSG00000250971	102	52	14
ENSG00000250976	7	2	0
ENSG00000250977	3	1	0
ENSG00000250978	29	18	10
ENSG00000250992	14	10	1
ENSG00000250993	223	181	53
ENSG00000250994	378	251	63
ENSG00000250999	87	53	15
ENSG00000251009	17	9	4
ENSG00000251010	35	19	5
ENSG00000251012	13	13	3
ENSG00000251031	953	860	166
ENSG00000251033	31	38	9
ENSG00000251034	1519	1197	225
ENSG00000251048	0	2	0
ENSG00000251049	12	6	4
ENSG00000251054	5	3	2
ENSG00000251055	32	25	12
ENSG00000251058	3	0	0
ENSG00000251080	20	15	0
ENSG00000251088	415	351	82
ENSG00000251125	13	13	6
ENSG00000251126	4	2	0
ENSG00000251127	11	8	3
ENSG00000251131	74	53	17
ENSG00000251132	1	0	0
ENSG00000251139	25	16	5
ENSG00000251152	104	49	6
ENSG00000251161	35	15	6
ENSG00000251168	2	0	0
ENSG00000251170	364	266	64
ENSG00000251184	104	51	27
ENSG00000251185	123	98	19
ENSG00000251189	5	5	1
ENSG00000251199	1035	807	157
ENSG00000251200	34	34	7
ENSG00000251205	150	121	21
ENSG00000251214	6	0	0
ENSG00000251216	82	67	24
ENSG00000251218	35	38	5
ENSG00000251239	18	17	4
ENSG00000251244	74	58	9
ENSG00000251248	4	5	2
ENSG00000251259	27	20	4
ENSG00000251264	5	11	4
ENSG00000251270	15	13	3
ENSG00000251293	108	84	24
ENSG00000251294	189	142	20
ENSG00000251310	13	10	1
ENSG00000251314	2239	1629	353
ENSG00000251325	13	13	2
ENSG00000251330	9	11	0
ENSG00000251339	532	378	60
ENSG00000251357	73	61	7
ENSG00000251361	102	57	9
ENSG00000251367	0	0	0
ENSG00000251371	7	3	7
ENSG00000251376	0	0	0
ENSG00000251377	31	31	6
ENSG00000251387	20	4	2
ENSG00000251388	763	741	94
ENSG00000251391	172	172	21
ENSG00000251393	79	75	11
ENSG00000251408	10	9	4
ENSG00000251409	124	84	19
ENSG00000251410	30	25	8
ENSG00000251412	42	30	6
ENSG00000251414	4	4	1
ENSG00000251416	40	46	7
ENSG00000251417	110	108	18
ENSG00000251421	10	9	0
ENSG00000251426	9	0	2
ENSG00000251434	0	2	0
ENSG00000251446	18	8	4
ENSG00000251448	40	21	7
ENSG00000251458	185	165	16
ENSG00000251459	9	12	0
ENSG00000251460	4	4	0
ENSG00000251461	41	32	5
ENSG00000251471	89	78	18
ENSG00000251488	238	191	52
ENSG00000251490	0	0	0
ENSG00000251506	4	0	0
ENSG00000251510	2	0	0
ENSG00000251511	43	28	6
ENSG00000251517	5	0	0
ENSG00000251532	11	14	5
ENSG00000251537	46	40	12
ENSG00000251555	166	104	20
ENSG00000251556	205	143	38
ENSG00000251567	448	368	82
ENSG00000251569	9	5	2
ENSG00000251574	1316	1028	279
ENSG00000251598	910	696	137
ENSG00000251599	33	23	5
ENSG00000251600	2004	1511	357
ENSG00000251601	17	6	6
ENSG00000251613	190	136	31
ENSG00000251615	35	24	0
ENSG00000251616	17	9	4
ENSG00000251642	4	0	0
ENSG00000251652	623	720	89
ENSG00000251654	122	100	26
ENSG00000251665	31	20	8
ENSG00000251670	120	98	19
ENSG00000251678	4	0	2
ENSG00000251679	6	10	3
ENSG00000251687	6	11	3
ENSG00000251867	55	61	10
ENSG00000253100	137	85	22
ENSG00000253105	39	12	5
ENSG00000253106	33	36	5
ENSG00000253108	391	281	58
ENSG00000253110	0	0	1
ENSG00000253112	0	2	0
ENSG00000253116	52	53	6
ENSG00000253121	0	3	0
ENSG00000253122	45	43	12
ENSG00000253130	42	28	6
ENSG00000253134	8	4	1
ENSG00000253141	18	27	3
ENSG00000253143	26	13	2
ENSG00000253154	161	124	34
ENSG00000253163	3	2	0
ENSG00000253164	84	40	13
ENSG00000253165	5	1	1
ENSG00000253168	3	3	0
ENSG00000253170	19	13	6
ENSG00000253171	179	102	29
ENSG00000253172	23	10	2
ENSG00000253177	40	27	6
ENSG00000253181	40	38	10
ENSG00000253184	161	124	26
ENSG00000253189	2	0	2
ENSG00000253190	80	64	16
ENSG00000253194	1244	630	169
ENSG00000253197	212	187	35
ENSG00000253200	56	43	19
ENSG00000253205	141	100	24
ENSG00000253206	70	42	10
ENSG00000253207	31	29	9
ENSG00000253214	97	58	17
ENSG00000253217	35	35	5
ENSG00000253220	20	16	1
ENSG00000253235	42	17	5
ENSG00000253238	1191	783	178
ENSG00000253252	6	2	0
ENSG00000253256	119	101	11
ENSG00000253260	56	35	6
ENSG00000253266	18	19	2
ENSG00000253269	8	4	3
ENSG00000253282	13	8	2
ENSG00000253286	129	99	23
ENSG00000253287	17	11	2
ENSG00000253288	911	685	154
ENSG00000253295	127	115	16
ENSG00000253300	232	145	40
ENSG00000253308	9	9	1
ENSG00000253317	21	22	2
ENSG00000253321	6	3	0
ENSG00000253322	301	229	56
ENSG00000253331	349	232	47
ENSG00000253334	39	32	6
ENSG00000253335	21	13	4
ENSG00000253339	7	5	0
ENSG00000253342	1	0	0
ENSG00000253343	5	6	2
ENSG00000253344	159	84	22
ENSG00000253347	322	319	36
ENSG00000253348	324	242	52
ENSG00000253354	5	0	0
ENSG00000253356	80	66	9
ENSG00000253358	2	0	0
ENSG00000253363	691	560	125
ENSG00000253369	427	389	70
ENSG00000253373	4	4	1
ENSG00000253374	15	17	4
ENSG00000253376	154	65	17
ENSG00000253377	237	163	35
ENSG00000253380	36	21	3
ENSG00000253381	1	3	0
ENSG00000253389	19	11	6
ENSG00000253392	483	322	73
ENSG00000253396	9	3	0
ENSG00000253397	7	5	4
ENSG00000253398	91	72	15
ENSG00000253400	7	8	1
ENSG00000253407	11	11	1
ENSG00000253416	10	8	3
ENSG00000253424	12	8	1
ENSG00000253427	65	67	7
ENSG00000253432	11	7	2
ENSG00000253444	18	17	15
ENSG00000253445	40	18	5
ENSG00000253449	26	16	5
ENSG00000253452	831	560	130
ENSG00000253456	4	1	0
ENSG00000253469	3	6	1
ENSG00000253470	0	2	0
ENSG00000253471	329	286	52
ENSG00000253474	207	181	38
ENSG00000253476	38	22	3
ENSG00000253484	14	3	1
ENSG00000253496	698	587	129
ENSG00000253500	417	279	51
ENSG00000253503	262	240	63
ENSG00000253508	31	20	8
ENSG00000253510	5	1	2
ENSG00000253515	119	74	19
ENSG00000253519	23	14	8
ENSG00000253523	5	4	2
ENSG00000253524	233	188	54
ENSG00000253526	10	8	3
ENSG00000253527	1	2	1
ENSG00000253530	39	22	5
ENSG00000253538	4	6	0
ENSG00000253539	6	2	1
ENSG00000253553	3269	3110	492
ENSG00000253557	1546	683	146
ENSG00000253561	98	66	17
ENSG00000253562	1	2	0
ENSG00000253572	6	3	0
ENSG00000253573	268	193	48
ENSG00000253574	15	6	2
ENSG00000253576	3	3	0
ENSG00000253583	6	1	1
ENSG00000253585	6	9	1
ENSG00000253593	27	24	7
ENSG00000253596	11	4	2
ENSG00000253604	11	9	2
ENSG00000253607	169	125	32
ENSG00000253608	660	423	112
ENSG00000253613	48	33	5
ENSG00000253614	4	3	1
ENSG00000253619	495	349	91
ENSG00000253628	17	11	0
ENSG00000253629	5	3	2
ENSG00000253632	38	19	5
ENSG00000253634	420	300	59
ENSG00000253636	282	238	43
ENSG00000253642	1039	778	157
ENSG00000253645	13	14	2
ENSG00000253648	33	28	9
ENSG00000253652	70	57	13
ENSG00000253653	41	27	3
ENSG00000253656	138	103	25
ENSG00000253659	87	76	24
ENSG00000253664	188	142	32
ENSG00000253666	90	65	17
ENSG00000253672	3	6	0
ENSG00000253673	79	59	13
ENSG00000253675	164	114	30
ENSG00000253678	5	11	0
ENSG00000253682	13	10	5
ENSG00000253687	55	45	7
ENSG00000253688	25	16	2
ENSG00000253690	335	245	51
ENSG00000253693	15414	12477	1224
ENSG00000253699	61	37	4
ENSG00000253706	167	95	28
ENSG00000253708	11	5	0
ENSG00000253713	7	3	0
ENSG00000253715	40	29	7
ENSG00000253717	5	0	0
ENSG00000253722	3	0	0
ENSG00000253728	0	2	0
ENSG00000253730	83	49	5
ENSG00000253735	65	39	9
ENSG00000253736	226	183	56
ENSG00000253737	4	3	0
ENSG00000253740	0	0	0
ENSG00000253744	32	16	2
ENSG00000253745	15	19	1
ENSG00000253746	0	2	0
ENSG00000253749	1	0	0
ENSG00000253754	5	10	1
ENSG00000253762	65	58	18
ENSG00000253766	315	257	45
ENSG00000253768	28	21	5
ENSG00000253774	27	20	3
ENSG00000253775	117	75	9
ENSG00000253776	65	62	12
ENSG00000253782	34	19	4
ENSG00000253783	17	8	7
ENSG00000253792	7	9	3
ENSG00000253796	561	426	71
ENSG00000253805	5	4	0
ENSG00000253806	13	12	7
ENSG00000253809	53	41	5
ENSG00000253811	9	2	3
ENSG00000253821	121	97	29
ENSG00000253824	294	211	52
ENSG00000253825	6	20	0
ENSG00000253829	13	5	3
ENSG00000253832	46	32	10
ENSG00000253834	15	11	2
ENSG00000253836	336	251	46
ENSG00000253844	194	132	35
ENSG00000253852	40	16	8
ENSG00000253853	636	606	90
ENSG00000253855	12	15	3
ENSG00000253859	176	141	30
ENSG00000253865	13	9	4
ENSG00000253871	41	26	8
ENSG00000253875	75	67	11
ENSG00000253879	16	23	2
ENSG00000253880	464	328	71
ENSG00000253887	6	8	1
ENSG00000253888	120	106	24
ENSG00000253891	17	9	1
ENSG00000253892	3	1	0
ENSG00000253894	22	18	8
ENSG00000253896	2	3	0
ENSG00000253901	1965	1500	370
ENSG00000253903	5	4	1
ENSG00000253911	7	5	0
ENSG00000253917	146	91	21
ENSG00000253925	174	122	35
ENSG00000253926	120	104	29
ENSG00000253927	29	17	3
ENSG00000253932	6	7	1
ENSG00000253939	479	268	72
ENSG00000253947	4	0	0
ENSG00000253949	56	36	14
ENSG00000253956	19	17	5
ENSG00000253965	55	35	10
ENSG00000253968	70	59	9
ENSG00000253976	147	112	14
ENSG00000253979	4	0	0
ENSG00000253980	150	102	29
ENSG00000253983	342	259	52
ENSG00000253986	0	2	0
ENSG00000253988	60	62	18
ENSG00000253992	17	14	4
ENSG00000254000	3	0	0
ENSG00000254001	11	5	4
ENSG00000254002	82	67	18
ENSG00000254006	24	19	6
ENSG00000254007	26	29	7
ENSG00000254021	5	1	3
ENSG00000254024	55	33	9
ENSG00000254028	12	11	2
ENSG00000254033	98	71	16
ENSG00000254035	263	199	53
ENSG00000254038	4	2	0
ENSG00000254039	45	39	10
ENSG00000254040	23	21	8
ENSG00000254043	0	1	0
ENSG00000254055	16	8	9
ENSG00000254057	48	43	11
ENSG00000254060	11	8	0
ENSG00000254084	79	59	9
ENSG00000254086	4	3	2
ENSG00000254089	83	47	13
ENSG00000254092	658	512	107
ENSG00000254099	52	40	10
ENSG00000254111	61	35	7
ENSG00000254113	12	9	2
ENSG00000254115	168	136	30
ENSG00000254129	95	68	13
ENSG00000254135	315	190	51
ENSG00000254136	50	35	6
ENSG00000254138	102	59	9
ENSG00000254143	60	30	6
ENSG00000254160	0	0	0
ENSG00000254162	11	11	1
ENSG00000254163	136	97	19
ENSG00000254164	5	2	0
ENSG00000254171	611	397	60
ENSG00000254177	37	26	9
ENSG00000254178	37	29	3
ENSG00000254180	932	723	157
ENSG00000254186	3162	2018	545
ENSG00000254192	25	20	2
ENSG00000254194	197	143	27
ENSG00000254201	4	2	4
ENSG00000254202	384	290	82
ENSG00000254204	0	0	2
ENSG00000254205	12	11	0
ENSG00000254208	11	7	0
ENSG00000254219	3	2	2
ENSG00000254222	73	45	15
ENSG00000254230	24	11	3
ENSG00000254236	22	12	7
ENSG00000254237	118	100	20
ENSG00000254238	2	3	3
ENSG00000254239	6	0	0
ENSG00000254242	211	110	15
ENSG00000254246	23	17	13
ENSG00000254248	60	33	5
ENSG00000254251	225	136	20
ENSG00000254258	1	1	0
ENSG00000254260	8	6	2
ENSG00000254261	71	40	15
ENSG00000254263	46	26	10
ENSG00000254277	135	78	25
ENSG00000254278	7	1	1
ENSG00000254288	151	126	18
ENSG00000254290	12	7	3
ENSG00000254291	2	3	0
ENSG00000254293	7	0	2
ENSG00000254295	34	36	5
ENSG00000254298	12	7	3
ENSG00000254302	105	75	15
ENSG00000254303	445	351	67
ENSG00000254306	79	53	22
ENSG00000254307	9	1	0
ENSG00000254315	0	2	0
ENSG00000254317	21	22	6
ENSG00000254321	24	20	3
ENSG00000254337	11	9	2
ENSG00000254339	70	37	13
ENSG00000254343	98	50	11
ENSG00000254347	17	16	4
ENSG00000254350	137	72	28
ENSG00000254361	450	296	73
ENSG00000254363	213	161	38
ENSG00000254365	19	17	4
ENSG00000254366	208	185	42
ENSG00000254367	235	172	48
ENSG00000254372	9	2	3
ENSG00000254380	140	96	20
ENSG00000254383	2	0	0
ENSG00000254391	8	15	1
ENSG00000254394	4344	2580	646
ENSG00000254396	9	8	1
ENSG00000254397	35	21	3
ENSG00000254400	26	23	9
ENSG00000254404	70	50	12
ENSG00000254409	437	339	72
ENSG00000254420	666	442	117
ENSG00000254422	0	1	0
ENSG00000254429	3	1	2
ENSG00000254431	6	3	2
ENSG00000254432	2	0	0
ENSG00000254434	16	8	3
ENSG00000254443	11	5	2
ENSG00000254444	141	102	27
ENSG00000254447	115	88	18
ENSG00000254458	86	65	15
ENSG00000254459	460	318	54
ENSG00000254461	57	42	12
ENSG00000254467	7	8	1
ENSG00000254468	23	18	2
ENSG00000254477	11	6	1
ENSG00000254488	2	8	0
ENSG00000254499	7	0	0
ENSG00000254501	16	7	2
ENSG00000254510	16	13	4
ENSG00000254511	67	50	7
ENSG00000254519	70	53	11
ENSG00000254526	227	183	60
ENSG00000254533	9	5	1
ENSG00000254536	67	63	9
ENSG00000254538	276	222	45
ENSG00000254540	0	2	0
ENSG00000254545	16	16	3
ENSG00000254548	0	0	0
ENSG00000254551	13	5	4
ENSG00000254553	479	326	73
ENSG00000254557	10	6	0
ENSG00000254559	9	10	1
ENSG00000254561	102	83	25
ENSG00000254563	3	9	1
ENSG00000254566	7	0	1
ENSG00000254568	32	18	1
ENSG00000254571	31	36	14
ENSG00000254573	9	11	1
ENSG00000254574	8	5	1
ENSG00000254575	3	7	1
ENSG00000254578	24	6	3
ENSG00000254586	5	11	0
ENSG00000254587	1058	782	189
ENSG00000254592	6	0	1
ENSG00000254599	6	4	3
ENSG00000254604	360	291	58
ENSG00000254605	21	15	4
ENSG00000254619	2	0	0
ENSG00000254625	7	3	4
ENSG00000254626	11	10	1
ENSG00000254631	277	221	44
ENSG00000254632	50	31	5
ENSG00000254639	16	5	3
ENSG00000254645	210	125	36
ENSG00000254648	17	7	3
ENSG00000254651	3	0	0
ENSG00000254653	7	3	1
ENSG00000254662	17	12	5
ENSG00000254664	62	61	11
ENSG00000254669	9	7	0
ENSG00000254673	5	21	3
ENSG00000254675	2	0	1
ENSG00000254686	9	9	2
ENSG00000254687	91	58	24
ENSG00000254688	3	1	1
ENSG00000254692	542	366	71
ENSG00000254695	246	234	59
ENSG00000254698	16	9	3
ENSG00000254705	11	12	0
ENSG00000254706	35	37	7
ENSG00000254707	7	6	0
ENSG00000254710	141	92	19
ENSG00000254718	59	26	8
ENSG00000254721	1	0	1
ENSG00000254731	67	76	3
ENSG00000254734	387	321	68
ENSG00000254741	2	12	2
ENSG00000254744	21	15	1
ENSG00000254746	31	39	3
ENSG00000254753	0	1	1
ENSG00000254754	6	1	2
ENSG00000254756	31	25	4
ENSG00000254757	151	115	23
ENSG00000254775	193	121	27
ENSG00000254777	649	497	89
ENSG00000254787	213	151	27
ENSG00000254790	0	2	1
ENSG00000254802	5	3	1
ENSG00000254804	72	46	12
ENSG00000254810	18	28	8
ENSG00000254812	109	99	23
ENSG00000254814	14	7	1
ENSG00000254821	37	36	8
ENSG00000254830	5	3	1
ENSG00000254833	66	37	13
ENSG00000254844	28	19	2
ENSG00000254846	15	8	5
ENSG00000254847	17	8	0
ENSG00000254859	85	89	14
ENSG00000254861	81	69	13
ENSG00000254864	13	9	1
ENSG00000254865	92	73	12
ENSG00000254873	36	22	5
ENSG00000254878	34	20	2
ENSG00000254898	9	3	0
ENSG00000254900	4	9	2
ENSG00000254905	6	5	2
ENSG00000254907	89	58	12
ENSG00000254910	8	8	1
ENSG00000254919	12	3	1
ENSG00000254921	8	6	1
ENSG00000254927	34	20	7
ENSG00000254929	1022	751	126
ENSG00000254933	10	7	2
ENSG00000254942	8	12	1
ENSG00000254943	4	5	4
ENSG00000254951	40	34	9
ENSG00000254963	4	4	1
ENSG00000254964	2	0	0
ENSG00000254971	0	2	0
ENSG00000254973	17	18	3
ENSG00000254975	114	70	17
ENSG00000254979	70	45	16
ENSG00000254980	24	30	7
ENSG00000254990	57	27	9
ENSG00000254991	9	7	2
ENSG00000255005	24	29	7
ENSG00000255021	71	48	17
ENSG00000255026	650	338	98
ENSG00000255028	600	386	86
ENSG00000255029	173	158	33
ENSG00000255031	150	70	11
ENSG00000255038	22	11	7
ENSG00000255041	145	102	23
ENSG00000255046	55	39	8
ENSG00000255050	33	28	8
ENSG00000255054	5	0	0
ENSG00000255060	6	1	1
ENSG00000255087	227	158	37
ENSG00000255091	2	2	0
ENSG00000255092	4	2	1
ENSG00000255094	77	65	15
ENSG00000255101	46	37	13
ENSG00000255102	65	44	6
ENSG00000255108	97	66	28
ENSG00000255118	10	6	5
ENSG00000255126	7	0	1
ENSG00000255130	362	271	38
ENSG00000255132	141	75	25
ENSG00000255139	354	269	59
ENSG00000255146	29	26	2
ENSG00000255148	8	1	0
ENSG00000255158	100	90	16
ENSG00000255160	13	9	3
ENSG00000255164	0	0	1
ENSG00000255173	16	10	3
ENSG00000255179	10	6	4
ENSG00000255182	121	89	28
ENSG00000255201	22	11	1
ENSG00000255202	75	63	10
ENSG00000255206	22	12	6
ENSG00000255209	70	54	17
ENSG00000255216	5	4	2
ENSG00000255219	91	94	15
ENSG00000255224	39	18	7
ENSG00000255229	143	108	28
ENSG00000255233	3	3	0
ENSG00000255237	26	21	2
ENSG00000255241	26	17	6
ENSG00000255244	36	16	4
ENSG00000255250	140	116	27
ENSG00000255252	15	23	2
ENSG00000255260	5	2	0
ENSG00000255271	46	33	8
ENSG00000255272	10	11	4
ENSG00000255279	51	34	13
ENSG00000255289	8	3	3
ENSG00000255292	518	397	75
ENSG00000255299	15	9	1
ENSG00000255301	18	9	6
ENSG00000255313	21	17	2
ENSG00000255314	212	146	32
ENSG00000255317	2	1	0
ENSG00000255320	150	123	25
ENSG00000255321	13	11	4
ENSG00000255328	73	42	10
ENSG00000255330	64	65	16
ENSG00000255339	185	157	29
ENSG00000255340	16	18	1
ENSG00000255343	1	0	0
ENSG00000255348	9	6	3
ENSG00000255357	54	29	11
ENSG00000255366	8	2	0
ENSG00000255367	497	375	85
ENSG00000255372	0	0	0
ENSG00000255375	18	14	2
ENSG00000255384	31	23	4
ENSG00000255389	44	34	12
ENSG00000255395	139	106	18
ENSG00000255402	1	2	1
ENSG00000255410	170	115	29
ENSG00000255422	267	195	41
ENSG00000255426	4	1	0
ENSG00000255429	69	37	11
ENSG00000255432	78	55	15
ENSG00000255438	28	20	7
ENSG00000255439	67	60	8
ENSG00000255446	30	23	6
ENSG00000255447	79	51	11
ENSG00000255448	22	19	4
ENSG00000255451	2	0	2
ENSG00000255456	4	0	0
ENSG00000255467	83	65	16
ENSG00000255470	76	62	9
ENSG00000255475	162	117	27
ENSG00000255476	425	334	63
ENSG00000255477	1	1	0
ENSG00000255478	52	26	4
ENSG00000255480	7	5	1
ENSG00000255482	86	57	13
ENSG00000255487	12	10	1
ENSG00000255491	271	168	37
ENSG00000255495	114	123	25
ENSG00000255496	432	367	82
ENSG00000255498	4	3	2
ENSG00000255506	92	70	11
ENSG00000255508	26	18	8
ENSG00000255516	8	9	1
ENSG00000255520	41	31	5
ENSG00000255523	31	29	1
ENSG00000255525	17	13	4
ENSG00000255528	51	37	8
ENSG00000255537	46	24	3
ENSG00000255548	3	3	0
ENSG00000255555	76	61	12
ENSG00000255557	90	53	11
ENSG00000255558	117	112	16
ENSG00000255565	5	3	2
ENSG00000255572	49	27	7
ENSG00000255580	35	36	9
ENSG00000255599	3	4	0
ENSG00000255621	159	183	25
ENSG00000255628	7	12	5
ENSG00000255629	4	1	3
ENSG00000255639	334	296	53
ENSG00000255641	67	40	8
ENSG00000255644	13	4	2
ENSG00000255648	23	17	4
ENSG00000255655	16	7	2
ENSG00000255663	96	79	26
ENSG00000255670	47	57	11
ENSG00000255671	1	0	0
ENSG00000255672	20	13	3
ENSG00000255680	45	35	8
ENSG00000255686	8	4	2
ENSG00000255689	55	35	6
ENSG00000255692	3	2	0
ENSG00000255723	135	191	27
ENSG00000255730	126	87	21
ENSG00000255741	2	0	0
ENSG00000255745	380	285	64
ENSG00000255775	21	12	2
ENSG00000255801	21	13	3
ENSG00000255825	3	3	1
ENSG00000255829	66	30	6
ENSG00000255835	181	109	33
ENSG00000255839	6	5	0
ENSG00000255843	1	0	0
ENSG00000255845	12	19	3
ENSG00000255847	44	31	6
ENSG00000255856	76	58	14
ENSG00000255858	2	6	1
ENSG00000255872	919	642	170
ENSG00000255882	22	6	1
ENSG00000255886	139	112	24
ENSG00000255910	1189	885	154
ENSG00000255916	11	10	3
ENSG00000255931	50	37	21
ENSG00000255945	1	0	0
ENSG00000255946	291	212	41
ENSG00000255959	31	23	5
ENSG00000255983	69	56	12
ENSG00000256001	16	20	4
ENSG00000256013	11	20	1
ENSG00000256029	27	18	6
ENSG00000256034	21	24	2
ENSG00000256071	0	0	0
ENSG00000256072	3	6	0
ENSG00000256084	9	8	2
ENSG00000256100	84	83	11
ENSG00000256116	123	94	18
ENSG00000256149	101	62	16
ENSG00000256152	21	12	6
ENSG00000256195	69	52	6
ENSG00000256196	34	41	7
ENSG00000256199	136	81	17
ENSG00000256206	63	67	10
ENSG00000256209	111	70	13
ENSG00000256220	0	2	1
ENSG00000256226	190	126	36
ENSG00000256237	52	30	12
ENSG00000256249	100	81	26
ENSG00000256250	16	11	3
ENSG00000256256	3	0	0
ENSG00000256258	1	2	0
ENSG00000256273	9	3	1
ENSG00000256281	2	0	0
ENSG00000256286	54	30	5
ENSG00000256298	3	7	0
ENSG00000256306	53	24	5
ENSG00000256311	179	111	23
ENSG00000256312	6	7	0
ENSG00000256314	7	3	2
ENSG00000256321	20	16	4
ENSG00000256349	12	17	4
ENSG00000256357	45	22	2
ENSG00000256364	8	7	3
ENSG00000256389	704	544	121
ENSG00000256403	4	7	2
ENSG00000256407	103	75	17
ENSG00000256417	207	154	33
ENSG00000256427	16	9	4
ENSG00000256433	37	33	4
ENSG00000256440	0	0	0
ENSG00000256442	12	4	2
ENSG00000256452	13	8	4
ENSG00000256458	21	19	3
ENSG00000256469	283	221	49
ENSG00000256473	0	3	0
ENSG00000256484	2	4	0
ENSG00000256504	13	11	0
ENSG00000256512	6	2	0
ENSG00000256513	2	1	0
ENSG00000256514	44	28	11
ENSG00000256538	62	43	9
ENSG00000256542	55	48	17
ENSG00000256566	478	315	82
ENSG00000256568	135	121	18
ENSG00000256569	8	9	2
ENSG00000256591	1453	1159	263
ENSG00000256632	74	41	9
ENSG00000256646	24	30	3
ENSG00000256654	168	138	35
ENSG00000256658	83	64	12
ENSG00000256686	86	48	9
ENSG00000256691	0	0	0
ENSG00000256694	10	3	1
ENSG00000256695	23	13	6
ENSG00000256705	21	16	3
ENSG00000256706	15	9	5
ENSG00000256732	21	18	5
ENSG00000256739	6	5	1
ENSG00000256747	23	6	1
ENSG00000256757	14	11	2
ENSG00000256783	15	8	1
ENSG00000256803	47	22	7
ENSG00000256814	8	7	0
ENSG00000256825	79	46	14
ENSG00000256861	8	8	1
ENSG00000256875	0	0	0
ENSG00000256884	8	4	1
ENSG00000256894	10	20	1
ENSG00000256897	5	9	1
ENSG00000256915	74	59	10
ENSG00000256928	1	3	0
ENSG00000256947	341	228	47
ENSG00000256950	10	4	1
ENSG00000256955	59	55	9
ENSG00000256966	95	83	18
ENSG00000256967	48	34	9
ENSG00000256972	10	13	2
ENSG00000257000	9	5	0
ENSG00000257004	78	53	15
ENSG00000257022	192	94	29
ENSG00000257027	472	350	59
ENSG00000257042	18	23	3
ENSG00000257045	5	8	0
ENSG00000257058	43	23	5
ENSG00000257060	1811	1333	293
ENSG00000257062	62	42	13
ENSG00000257065	38	34	10
ENSG00000257083	110	104	11
ENSG00000257086	44	41	19
ENSG00000257096	6	3	0
ENSG00000257105	48	37	8
ENSG00000257120	19	8	4
ENSG00000257124	0	0	0
ENSG00000257165	173	150	27
ENSG00000257181	5	1	0
ENSG00000257191	130	100	16
ENSG00000257194	31	21	3
ENSG00000257202	8	2	1
ENSG00000257207	4	2	0
ENSG00000257221	185	106	25
ENSG00000257222	23	19	4
ENSG00000257226	29	22	4
ENSG00000257235	0	0	0
ENSG00000257239	1125	995	119
ENSG00000257252	485	368	43
ENSG00000257253	4	8	3
ENSG00000257256	84	75	13
ENSG00000257258	62	36	8
ENSG00000257262	31	20	3
ENSG00000257265	79	56	20
ENSG00000257268	83	49	4
ENSG00000257270	35	12	3
ENSG00000257275	275	276	42
ENSG00000257277	271	164	40
ENSG00000257279	64	40	10
ENSG00000257283	119	69	20
ENSG00000257284	26	20	4
ENSG00000257286	122	104	26
ENSG00000257294	5	1	1
ENSG00000257322	1147	690	152
ENSG00000257325	6	6	2
ENSG00000257327	2	8	0
ENSG00000257329	2	7	3
ENSG00000257341	19	20	5
ENSG00000257355	36	23	3
ENSG00000257373	26	25	2
ENSG00000257379	76	82	21
ENSG00000257386	12	3	7
ENSG00000257390	60	35	15
ENSG00000257391	7	10	3
ENSG00000257395	1	3	0
ENSG00000257398	139	91	27
ENSG00000257407	178	81	24
ENSG00000257410	13	3	1
ENSG00000257411	16	12	7
ENSG00000257429	34	20	13
ENSG00000257431	3	3	0
ENSG00000257434	43	22	1
ENSG00000257435	4	3	0
ENSG00000257438	5	8	0
ENSG00000257449	41	32	12
ENSG00000257452	367	250	58
ENSG00000257454	61	41	7
ENSG00000257456	35	22	9
ENSG00000257458	100	65	18
ENSG00000257472	21	12	9
ENSG00000257474	30	26	10
ENSG00000257494	8	11	1
ENSG00000257496	682	378	82
ENSG00000257500	96	66	15
ENSG00000257514	43	24	5
ENSG00000257515	4	2	0
ENSG00000257517	7	3	1
ENSG00000257519	9	4	0
ENSG00000257524	175	144	33
ENSG00000257526	456	307	59
ENSG00000257543	13	6	1
ENSG00000257548	118	72	22
ENSG00000257553	59	42	16
ENSG00000257579	17	4	1
ENSG00000257587	247	112	37
ENSG00000257603	6	0	0
ENSG00000257614	4	5	0
ENSG00000257622	45	22	7
ENSG00000257634	16	9	5
ENSG00000257647	13	8	1
ENSG00000257653	1	2	0
ENSG00000257654	18	9	1
ENSG00000257657	347	300	68
ENSG00000257663	38	25	6
ENSG00000257682	2	1	3
ENSG00000257700	10	3	0
ENSG00000257703	199	155	41
ENSG00000257715	35	20	6
ENSG00000257726	4	0	1
ENSG00000257729	205	158	38
ENSG00000257735	378	340	61
ENSG00000257737	11	8	0
ENSG00000257746	122	76	15
ENSG00000257754	10	5	1
ENSG00000257759	1175	1041	182
ENSG00000257761	22	10	3
ENSG00000257764	22	16	2
ENSG00000257766	3	5	0
ENSG00000257767	143	106	23
ENSG00000257781	73	42	10
ENSG00000257797	7	6	0
ENSG00000257824	2	2	0
ENSG00000257826	4	1	3
ENSG00000257829	11	5	7
ENSG00000257831	263	166	38
ENSG00000257849	6	4	0
ENSG00000257863	2	4	1
ENSG00000257869	143	97	21
ENSG00000257870	6	9	1
ENSG00000257878	35	20	7
ENSG00000257879	44	41	9
ENSG00000257890	21	8	3
ENSG00000257891	6	6	1
ENSG00000257900	17	18	6
ENSG00000257904	83	66	11
ENSG00000257910	43	35	6
ENSG00000257921	3	2	3
ENSG00000257925	174	115	18
ENSG00000257940	8	3	0
ENSG00000257947	36	27	11
ENSG00000257948	26	15	3
ENSG00000257955	16	24	6
ENSG00000257958	4	2	0
ENSG00000257959	20	9	2
ENSG00000257962	35	14	2
ENSG00000257985	48	28	6
ENSG00000257997	25	19	3
ENSG00000258007	0	0	0
ENSG00000258028	765	586	152
ENSG00000258034	2	2	0
ENSG00000258039	21	15	3
ENSG00000258044	2	4	0
ENSG00000258050	5	1	1
ENSG00000258052	14	12	3
ENSG00000258053	49	26	10
ENSG00000258064	69	34	11
ENSG00000258077	1960	1504	337
ENSG00000258081	1198	855	260
ENSG00000258084	340	253	54
ENSG00000258108	27	30	6
ENSG00000258114	263	190	36
ENSG00000258115	43	28	7
ENSG00000258119	152	106	23
ENSG00000258121	32	30	7
ENSG00000258131	190	109	41
ENSG00000258137	200	140	35
ENSG00000258140	32	47	2
ENSG00000258167	57	36	12
ENSG00000258170	18	17	7
ENSG00000258172	36	9	3
ENSG00000258177	4	3	0
ENSG00000258178	5	0	0
ENSG00000258181	73	54	12
ENSG00000258196	12	12	2
ENSG00000258199	56	42	6
ENSG00000258203	9	8	2
ENSG00000258210	229	162	40
ENSG00000258214	147	95	21
ENSG00000258216	1479	995	218
ENSG00000258231	825	558	162
ENSG00000258232	86	53	10
ENSG00000258234	89	86	12
ENSG00000258235	2	2	0
ENSG00000258249	16	15	4
ENSG00000258256	115	91	21
ENSG00000258260	11	10	3
ENSG00000258272	489	349	88
ENSG00000258283	20	6	2
ENSG00000258294	23	18	4
ENSG00000258302	211	167	26
ENSG00000258311	6	2	0
ENSG00000258312	577	436	116
ENSG00000258313	2	0	0
ENSG00000258314	18	14	4
ENSG00000258317	125	123	27
ENSG00000258323	11	2	3
ENSG00000258338	3	5	0
ENSG00000258342	229	175	39
ENSG00000258344	169	118	36
ENSG00000258345	24	9	4
ENSG00000258346	68	54	6
ENSG00000258354	2	0	0
ENSG00000258364	2	0	0
ENSG00000258365	37	34	7
ENSG00000258377	33	28	9
ENSG00000258378	221	168	34
ENSG00000258379	2	3	0
ENSG00000258383	22	20	2
ENSG00000258386	80	62	6
ENSG00000258393	7	12	1
ENSG00000258394	446	356	53
ENSG00000258400	16	10	3
ENSG00000258402	88	101	19
ENSG00000258407	16	7	4
ENSG00000258410	92	39	4
ENSG00000258416	233	193	29
ENSG00000258417	0	2	0
ENSG00000258422	127	110	25
ENSG00000258424	13	8	3
ENSG00000258425	25	14	4
ENSG00000258426	6	9	1
ENSG00000258428	31	12	1
ENSG00000258430	21	17	4
ENSG00000258433	30	19	4
ENSG00000258435	42	31	9
ENSG00000258437	1	0	0
ENSG00000258444	2	0	0
ENSG00000258449	83	64	18
ENSG00000258454	33	39	7
ENSG00000258455	75	37	11
ENSG00000258459	9	6	0
ENSG00000258460	80	56	15
ENSG00000258461	92	83	15
ENSG00000258464	123	93	16
ENSG00000258465	325	216	56
ENSG00000258466	32	21	6
ENSG00000258471	61	28	14
ENSG00000258473	223	144	27
ENSG00000258478	9	10	2
ENSG00000258481	16	12	3
ENSG00000258489	99	50	11
ENSG00000258490	3	0	0
ENSG00000258497	24	18	4
ENSG00000258515	0	0	0
ENSG00000258516	45	24	7
ENSG00000258517	6	4	3
ENSG00000258520	71	55	12
ENSG00000258526	3458	2811	540
ENSG00000258529	27	17	5
ENSG00000258534	217	143	29
ENSG00000258535	168	100	24
ENSG00000258539	149	92	22
ENSG00000258558	59005	42898	10286
ENSG00000258561	1333	953	171
ENSG00000258576	5	2	2
ENSG00000258580	227	176	40
ENSG00000258593	11	4	4
ENSG00000258594	8	7	3
ENSG00000258598	6	2	1
ENSG00000258600	0	0	1
ENSG00000258601	90	54	21
ENSG00000258603	559	447	106
ENSG00000258631	680	501	130
ENSG00000258637	287	201	71
ENSG00000258642	2	3	0
ENSG00000258646	30	30	9
ENSG00000258649	26	15	7
ENSG00000258653	16	14	1
ENSG00000258654	39	45	10
ENSG00000258660	64	58	15
ENSG00000258661	70	38	15
ENSG00000258662	3	0	1
ENSG00000258663	738	618	117
ENSG00000258670	55	50	6
ENSG00000258676	34	16	5
ENSG00000258677	208	129	27
ENSG00000258683	15	10	2
ENSG00000258687	94	63	15
ENSG00000258691	29	22	3
ENSG00000258693	2	2	1
ENSG00000258695	88	47	10
ENSG00000258696	3	3	0
ENSG00000258698	91	51	22
ENSG00000258702	29	38	5
ENSG00000258703	18	10	2
ENSG00000258711	23	16	5
ENSG00000258717	54	27	9
ENSG00000258719	1	2	0
ENSG00000258723	5	6	1
ENSG00000258728	44	34	7
ENSG00000258729	10	3	2
ENSG00000258736	7	7	2
ENSG00000258744	225	233	49
ENSG00000258745	14	5	0
ENSG00000258747	76	55	20
ENSG00000258751	221	167	49
ENSG00000258753	1	0	0
ENSG00000258757	5	3	2
ENSG00000258760	835	614	96
ENSG00000258763	266	193	35
ENSG00000258765	3	6	0
ENSG00000258773	390	261	68
ENSG00000258782	172	108	29
ENSG00000258784	183	110	32
ENSG00000258789	12	1	1
ENSG00000258790	35	15	4
ENSG00000258795	36	31	5
ENSG00000258807	242	167	43
ENSG00000258811	14	3	1
ENSG00000258820	110	75	18
ENSG00000258824	267	180	34
ENSG00000258830	62	52	10
ENSG00000258831	21	19	0
ENSG00000258837	18	9	1
ENSG00000258842	27	18	3
ENSG00000258843	4	1	3
ENSG00000258844	22	24	5
ENSG00000258845	3	4	0
ENSG00000258847	255	185	33
ENSG00000258853	6	1	3
ENSG00000258854	10	14	1
ENSG00000258857	11	7	1
ENSG00000258858	13	3	0
ENSG00000258860	12	6	0
ENSG00000258864	74	72	12
ENSG00000258866	4	6	2
ENSG00000258868	24	24	4
ENSG00000258871	116	76	14
ENSG00000258875	77	47	14
ENSG00000258881	265	170	47
ENSG00000258885	12	5	4
ENSG00000258891	438	295	50
ENSG00000258892	70	77	6
ENSG00000258902	474	368	74
ENSG00000258903	25	26	4
ENSG00000258908	6	8	0
ENSG00000258909	8	5	2
ENSG00000258918	39	29	8
ENSG00000258919	5	5	3
ENSG00000258921	62	34	11
ENSG00000258924	7	0	0
ENSG00000258927	67	58	9
ENSG00000258928	9	5	0
ENSG00000258931	1	0	0
ENSG00000258938	67	38	11
ENSG00000258942	70	32	10
ENSG00000258943	9	5	1
ENSG00000258945	33	29	4
ENSG00000258949	49	25	6
ENSG00000258958	27	17	6
ENSG00000258964	90	84	25
ENSG00000258973	12	9	3
ENSG00000258975	27	19	1
ENSG00000258976	8	7	1
ENSG00000258983	49	51	13
ENSG00000258985	5	3	0
ENSG00000258987	8	13	0
ENSG00000258989	175	133	26
ENSG00000259001	122	94	21
ENSG00000259002	2	0	0
ENSG00000259003	32	15	3
ENSG00000259005	13	2	4
ENSG00000259006	14	8	4
ENSG00000259007	12	6	2
ENSG00000259008	3	6	0
ENSG00000259018	2	2	1
ENSG00000259026	12	8	0
ENSG00000259028	2	4	1
ENSG00000259033	174	174	33
ENSG00000259035	471	401	97
ENSG00000259038	7	17	2
ENSG00000259041	4	1	1
ENSG00000259042	10	2	2
ENSG00000259044	149	116	34
ENSG00000259048	354	235	54
ENSG00000259049	56	78	7
ENSG00000259052	108	61	24
ENSG00000259053	850	664	123
ENSG00000259055	4	0	1
ENSG00000259058	31	34	3
ENSG00000259061	69	50	4
ENSG00000259066	141	102	24
ENSG00000259067	0	4	0
ENSG00000259069	5	5	0
ENSG00000259072	551	388	58
ENSG00000259076	297	197	40
ENSG00000259077	55	43	10
ENSG00000259080	32	39	12
ENSG00000259081	93	60	17
ENSG00000259084	30	23	5
ENSG00000259087	9	5	1
ENSG00000259088	77	38	15
ENSG00000259093	62	40	7
ENSG00000259097	5037	3784	984
ENSG00000259103	162	134	25
ENSG00000259111	13	11	2
ENSG00000259113	23	14	4
ENSG00000259115	43	31	8
ENSG00000259119	7	9	3
ENSG00000259124	1072	714	178
ENSG00000259126	22	17	0
ENSG00000259130	4	4	3
ENSG00000259132	241	178	39
ENSG00000259133	117	90	37
ENSG00000259135	0	2	0
ENSG00000259138	83	79	11
ENSG00000259149	83	66	24
ENSG00000259166	106	68	21
ENSG00000259168	326	242	46
ENSG00000259170	3	0	0
ENSG00000259177	59	42	10
ENSG00000259178	20	20	1
ENSG00000259180	0	3	0
ENSG00000259181	37	19	5
ENSG00000259182	5	5	1
ENSG00000259185	0	0	2
ENSG00000259188	13	15	4
ENSG00000259198	11	12	3
ENSG00000259199	459	343	65
ENSG00000259200	530	371	83
ENSG00000259201	96	59	17
ENSG00000259203	14	10	1
ENSG00000259211	7	6	2
ENSG00000259212	4	4	1
ENSG00000259213	4	1	0
ENSG00000259219	22	10	2
ENSG00000259222	9	6	0
ENSG00000259223	40	35	8
ENSG00000259238	21	18	5
ENSG00000259244	95	90	8
ENSG00000259250	33	23	6
ENSG00000259252	6	5	9
ENSG00000259255	168	109	28
ENSG00000259265	1	1	0
ENSG00000259268	97	53	7
ENSG00000259269	104	69	31
ENSG00000259275	3337	3494	468
ENSG00000259277	11	12	2
ENSG00000259280	102	82	19
ENSG00000259283	94	87	25
ENSG00000259294	8	8	0
ENSG00000259296	55	36	12
ENSG00000259306	41	21	5
ENSG00000259309	15	19	6
ENSG00000259312	15	6	1
ENSG00000259314	24	21	5
ENSG00000259316	111	81	25
ENSG00000259321	19	20	8
ENSG00000259322	4	3	0
ENSG00000259326	20	9	0
ENSG00000259327	22	20	5
ENSG00000259331	5	2	0
ENSG00000259336	982	806	118
ENSG00000259345	2574	1918	484
ENSG00000259351	41	28	6
ENSG00000259353	57	34	6
ENSG00000259360	9	0	1
ENSG00000259362	45	39	8
ENSG00000259363	1970	1947	290
ENSG00000259364	0	3	1
ENSG00000259365	6	0	0
ENSG00000259368	5	1	1
ENSG00000259370	154	117	28
ENSG00000259371	211	145	30
ENSG00000259375	9	3	5
ENSG00000259376	35	18	2
ENSG00000259383	3	2	0
ENSG00000259385	5	8	0
ENSG00000259390	12	7	6
ENSG00000259395	1	0	0
ENSG00000259403	161	176	40
ENSG00000259407	47	50	9
ENSG00000259408	93	62	12
ENSG00000259410	291	179	44
ENSG00000259420	136	115	26
ENSG00000259422	15	11	3
ENSG00000259434	346	263	62
ENSG00000259436	12	14	2
ENSG00000259437	257	188	38
ENSG00000259442	67	41	3
ENSG00000259460	41	35	6
ENSG00000259463	16	10	0
ENSG00000259468	3	6	0
ENSG00000259474	14	17	3
ENSG00000259478	11	7	2
ENSG00000259483	7	14	4
ENSG00000259499	11	8	1
ENSG00000259503	23	17	2
ENSG00000259504	38	20	9
ENSG00000259508	21	10	4
ENSG00000259514	17	12	5
ENSG00000259519	960	642	143
ENSG00000259522	15	4	4
ENSG00000259523	20	18	3
ENSG00000259529	27	20	6
ENSG00000259530	0	2	0
ENSG00000259532	72	61	6
ENSG00000259534	3	5	0
ENSG00000259536	264	189	27
ENSG00000259539	313	248	57
ENSG00000259540	2	0	0
ENSG00000259542	27	24	4
ENSG00000259543	180	134	31
ENSG00000259544	9	3	0
ENSG00000259546	544	449	75
ENSG00000259548	2	1	1
ENSG00000259551	7	5	1
ENSG00000259553	0	0	0
ENSG00000259555	7	5	0
ENSG00000259560	806	608	149
ENSG00000259563	17	13	1
ENSG00000259564	207	190	38
ENSG00000259575	10	12	1
ENSG00000259579	372	251	49
ENSG00000259580	108	70	17
ENSG00000259582	47	40	6
ENSG00000259584	30	17	4
ENSG00000259587	4	3	1
ENSG00000259588	4	3	0
ENSG00000259589	155	103	22
ENSG00000259598	18	13	1
ENSG00000259602	7	14	3
ENSG00000259605	35	17	2
ENSG00000259607	12	6	2
ENSG00000259615	2	3	0
ENSG00000259616	599	460	84
ENSG00000259617	28	16	10
ENSG00000259620	74	53	11
ENSG00000259624	41	37	8
ENSG00000259627	10	7	2
ENSG00000259628	2590	2134	307
ENSG00000259631	12	11	1
ENSG00000259635	278	132	36
ENSG00000259639	809	597	151
ENSG00000259647	70	52	8
ENSG00000259652	8	10	3
ENSG00000259654	0	2	0
ENSG00000259656	4	0	0
ENSG00000259669	120	91	14
ENSG00000259672	171	116	37
ENSG00000259675	111	72	15
ENSG00000259678	130	105	19
ENSG00000259681	23	20	3
ENSG00000259684	5	11	2
ENSG00000259694	4	7	1
ENSG00000259697	37	19	2
ENSG00000259700	34	12	8
ENSG00000259702	58	43	12
ENSG00000259704	164	119	18
ENSG00000259709	95	87	22
ENSG00000259711	64	51	18
ENSG00000259712	137	90	20
ENSG00000259713	317	238	32
ENSG00000259715	4	1	1
ENSG00000259725	3	2	0
ENSG00000259727	9	6	1
ENSG00000259731	6	2	3
ENSG00000259732	65	70	16
ENSG00000259737	72	56	22
ENSG00000259753	157	92	45
ENSG00000259754	491	391	97
ENSG00000259756	18	23	5
ENSG00000259760	38	24	4
ENSG00000259762	27	27	4
ENSG00000259773	6	4	1
ENSG00000259774	1	2	1
ENSG00000259776	8	6	4
ENSG00000259780	8	12	1
ENSG00000259784	9	4	3
ENSG00000259789	5	4	0
ENSG00000259792	6	2	0
ENSG00000259793	11	7	0
ENSG00000259805	309	236	65
ENSG00000259807	23	13	1
ENSG00000259813	16	5	0
ENSG00000259814	1	3	0
ENSG00000259817	1	4	0
ENSG00000259819	8	6	0
ENSG00000259827	14	12	0
ENSG00000259828	6	4	0
ENSG00000259846	435	286	58
ENSG00000259861	3	0	0
ENSG00000259862	13	16	5
ENSG00000259865	92	65	9
ENSG00000259868	156	122	29
ENSG00000259869	7	7	5
ENSG00000259870	0	0	0
ENSG00000259876	5	2	3
ENSG00000259881	36	27	8
ENSG00000259889	0	3	0
ENSG00000259891	150	116	27
ENSG00000259906	15	6	1
ENSG00000259912	22	16	3
ENSG00000259920	8	5	2
ENSG00000259923	3	8	2
ENSG00000259925	120	81	19
ENSG00000259928	3	3	0
ENSG00000259929	482	369	68
ENSG00000259940	3	4	0
ENSG00000259941	68	47	15
ENSG00000259945	25	19	7
ENSG00000259952	11	12	5
ENSG00000259955	14	13	2
ENSG00000259959	77	46	11
ENSG00000259961	7	4	0
ENSG00000259968	7	1	0
ENSG00000259969	4	3	0
ENSG00000259972	4048	2784	626
ENSG00000259981	10	7	0
ENSG00000259985	3	5	1
ENSG00000259986	1066	833	175
ENSG00000259989	100	80	12
ENSG00000259992	515	348	87
ENSG00000259994	20	13	1
ENSG00000259995	469	339	66
ENSG00000260000	49	48	6
ENSG00000260003	25	13	1
ENSG00000260004	0	3	0
ENSG00000260007	59	37	12
ENSG00000260008	16	8	2
ENSG00000260011	24	17	7
ENSG00000260017	52	43	6
ENSG00000260021	9	7	1
ENSG00000260022	3	2	0
ENSG00000260029	5	10	0
ENSG00000260037	43	28	11
ENSG00000260041	34	25	3
ENSG00000260042	21	20	5
ENSG00000260046	6	2	1
ENSG00000260058	74	71	14
ENSG00000260059	8	1	2
ENSG00000260060	22	29	4
ENSG00000260063	49	30	9
ENSG00000260066	0	1	0
ENSG00000260070	0	0	0
ENSG00000260071	265	185	50
ENSG00000260072	78	64	9
ENSG00000260073	2	0	0
ENSG00000260077	32	34	7
ENSG00000260084	22	16	2
ENSG00000260086	266	222	40
ENSG00000260090	0	2	0
ENSG00000260091	7	3	0
ENSG00000260092	1	0	0
ENSG00000260095	4	6	0
ENSG00000260100	9	3	2
ENSG00000260107	4	3	3
ENSG00000260111	265	176	41
ENSG00000260120	39	28	5
ENSG00000260121	23	12	3
ENSG00000260122	8	8	0
ENSG00000260126	366	233	47
ENSG00000260136	189	158	39
ENSG00000260137	0	0	0
ENSG00000260141	22	10	4
ENSG00000260142	2	3	0
ENSG00000260145	20	13	1
ENSG00000260158	8	3	2
ENSG00000260162	9	1	1
ENSG00000260166	12	13	2
ENSG00000260167	578	474	98
ENSG00000260170	100	102	15
ENSG00000260171	0	2	0
ENSG00000260173	20	15	3
ENSG00000260176	2	1	0
ENSG00000260177	133	99	29
ENSG00000260179	18	17	4
ENSG00000260185	44	30	4
ENSG00000260188	0	3	0
ENSG00000260190	3	2	2
ENSG00000260194	1	0	0
ENSG00000260196	10	4	2
ENSG00000260201	2	3	0
ENSG00000260202	88	52	12
ENSG00000260205	5	5	0
ENSG00000260206	21	13	6
ENSG00000260223	56	44	14
ENSG00000260234	38	33	4
ENSG00000260235	15	9	3
ENSG00000260237	1	4	0
ENSG00000260242	7	10	0
ENSG00000260249	76	64	15
ENSG00000260252	22	26	2
ENSG00000260253	3	2	1
ENSG00000260254	10	5	3
ENSG00000260257	39	21	1
ENSG00000260262	3	5	0
ENSG00000260267	180	95	28
ENSG00000260269	305	272	55
ENSG00000260271	219	153	33
ENSG00000260272	82	40	9
ENSG00000260273	29	18	8
ENSG00000260274	35	15	5
ENSG00000260277	9	7	2
ENSG00000260279	9	11	2
ENSG00000260288	108	85	24
ENSG00000260289	630	534	105
ENSG00000260296	97	75	14
ENSG00000260303	17	16	1
ENSG00000260304	4	11	3
ENSG00000260306	19	12	3
ENSG00000260312	0	1	0
ENSG00000260322	0	0	0
ENSG00000260328	6	5	2
ENSG00000260331	53	30	6
ENSG00000260337	12	9	2
ENSG00000260342	85	78	21
ENSG00000260345	16	10	6
ENSG00000260348	8	6	2
ENSG00000260349	9	9	4
ENSG00000260360	33	12	6
ENSG00000260362	12	15	5
ENSG00000260364	902	547	149
ENSG00000260366	14	7	1
ENSG00000260367	52	27	7
ENSG00000260368	26	20	0
ENSG00000260369	6	0	1
ENSG00000260371	110	85	22
ENSG00000260377	4	0	0
ENSG00000260378	66	51	11
ENSG00000260381	55	37	5
ENSG00000260390	13	13	6
ENSG00000260392	1009	681	176
ENSG00000260398	19	23	4
ENSG00000260400	48	22	5
ENSG00000260403	3	1	0
ENSG00000260406	2	0	0
ENSG00000260409	25	23	5
ENSG00000260416	3	3	1
ENSG00000260418	1	0	0
ENSG00000260422	3	4	1
ENSG00000260425	114	95	27
ENSG00000260426	1	5	0
ENSG00000260430	54	46	8
ENSG00000260441	47	35	11
ENSG00000260447	2	0	0
ENSG00000260457	50	32	10
ENSG00000260460	12	10	3
ENSG00000260464	23	25	10
ENSG00000260465	66	45	12
ENSG00000260467	80	62	13
ENSG00000260473	144	130	31
ENSG00000260476	2	0	0
ENSG00000260478	19	8	1
ENSG00000260484	6	5	0
ENSG00000260495	34	25	4
ENSG00000260496	23	20	4
ENSG00000260498	33	23	3
ENSG00000260500	2	3	1
ENSG00000260504	2	1	0
ENSG00000260505	4	0	0
ENSG00000260507	132	89	17
ENSG00000260509	7	9	1
ENSG00000260510	192	189	43
ENSG00000260520	44	21	8
ENSG00000260530	0	0	0
ENSG00000260532	3	3	0
ENSG00000260536	143	123	36
ENSG00000260537	97	82	20
ENSG00000260542	12	6	0
ENSG00000260550	2	1	0
ENSG00000260555	12	6	3
ENSG00000260563	44	51	7
ENSG00000260564	11	3	2
ENSG00000260568	3	1	1
ENSG00000260569	64	32	11
ENSG00000260570	45	32	3
ENSG00000260573	246	189	35
ENSG00000260578	19	12	3
ENSG00000260580	35	27	5
ENSG00000260581	8	2	0
ENSG00000260583	10	14	2
ENSG00000260585	7	6	4
ENSG00000260593	7	4	1
ENSG00000260594	5	2	3
ENSG00000260605	4	1	0
ENSG00000260612	1	1	0
ENSG00000260613	51	50	10
ENSG00000260617	3	2	0
ENSG00000260618	52	35	8
ENSG00000260619	11	7	1
ENSG00000260621	34	28	6
ENSG00000260624	8	7	2
ENSG00000260633	3	2	0
ENSG00000260634	5	4	0
ENSG00000260635	18	10	1
ENSG00000260640	4	0	1
ENSG00000260642	3	0	0
ENSG00000260645	35	30	4
ENSG00000260646	31	16	6
ENSG00000260647	15	13	5
ENSG00000260651	6	4	2
ENSG00000260657	47	37	15
ENSG00000260658	866	702	153
ENSG00000260659	8	4	0
ENSG00000260661	318	253	52
ENSG00000260664	217	165	37
ENSG00000260669	3	6	0
ENSG00000260670	14	3	0
ENSG00000260672	21	15	4
ENSG00000260673	7	9	1
ENSG00000260677	4	5	0
ENSG00000260679	10	8	1
ENSG00000260681	1	0	0
ENSG00000260683	0	3	1
ENSG00000260693	34	23	2
ENSG00000260694	10	9	0
ENSG00000260695	3	3	0
ENSG00000260698	13	4	2
ENSG00000260701	40	25	2
ENSG00000260706	140	95	25
ENSG00000260715	11	3	1
ENSG00000260719	42	21	7
ENSG00000260725	43	22	7
ENSG00000260729	1445	1185	223
ENSG00000260740	12	3	2
ENSG00000260741	41	26	4
ENSG00000260743	12	4	0
ENSG00000260744	15	4	1
ENSG00000260750	5	4	1
ENSG00000260755	0	0	0
ENSG00000260756	46	37	4
ENSG00000260759	3	4	0
ENSG00000260763	1	2	0
ENSG00000260771	0	3	0
ENSG00000260773	122	96	22
ENSG00000260777	4	0	0
ENSG00000260779	9	5	2
ENSG00000260786	7	3	3
ENSG00000260793	152	94	19
ENSG00000260796	30	32	8
ENSG00000260798	20	23	1
ENSG00000260803	96	38	18
ENSG00000260805	55	37	13
ENSG00000260808	17	24	5
ENSG00000260810	7	4	0
ENSG00000260814	8	4	0
ENSG00000260823	19	4	5
ENSG00000260830	22	13	2
ENSG00000260832	65	51	16
ENSG00000260834	70	43	7
ENSG00000260836	38	22	2
ENSG00000260838	5	0	0
ENSG00000260845	2	0	0
ENSG00000260847	3	0	2
ENSG00000260850	585	399	92
ENSG00000260851	331	305	64
ENSG00000260855	77	79	7
ENSG00000260857	4	0	1
ENSG00000260858	24	19	1
ENSG00000260861	7	3	4
ENSG00000260867	68	53	9
ENSG00000260871	1	0	0
ENSG00000260874	31	26	6
ENSG00000260877	90	63	17
ENSG00000260879	21	17	6
ENSG00000260891	67	73	14
ENSG00000260892	3	5	2
ENSG00000260899	47	25	8
ENSG00000260907	3	4	0
ENSG00000260911	174	151	48
ENSG00000260912	21	20	4
ENSG00000260914	28	22	9
ENSG00000260917	59	47	9
ENSG00000260918	51	36	5
ENSG00000260919	39	27	9
ENSG00000260920	9	7	2
ENSG00000260922	141	107	32
ENSG00000260926	98	75	11
ENSG00000260927	214	177	32
ENSG00000260932	0	4	0
ENSG00000260937	98	87	14
ENSG00000260947	19	19	2
ENSG00000260948	44	34	5
ENSG00000260949	33	21	9
ENSG00000260951	138	95	44
ENSG00000260953	10	8	4
ENSG00000260955	59	40	6
ENSG00000260957	3	0	0
ENSG00000260958	104	95	35
ENSG00000260959	0	0	0
ENSG00000260970	100	56	11
ENSG00000260971	46	64	12
ENSG00000260973	3	2	0
ENSG00000260975	143	95	22
ENSG00000260978	9	7	2
ENSG00000260981	1	4	1
ENSG00000260983	62	51	4
ENSG00000260989	107	85	18
ENSG00000260990	71	50	14
ENSG00000260995	73	55	20
ENSG00000260996	13	9	3
ENSG00000260997	15	22	2
ENSG00000260999	117	88	8
ENSG00000261000	8	10	5
ENSG00000261003	10	6	0
ENSG00000261012	2	3	0
ENSG00000261018	40	42	8
ENSG00000261019	5	4	0
ENSG00000261020	7	2	1
ENSG00000261025	6	3	0
ENSG00000261026	16	10	1
ENSG00000261028	323	288	46
ENSG00000261030	3	2	0
ENSG00000261036	78	92	21
ENSG00000261037	2	3	0
ENSG00000261038	4	1	1
ENSG00000261043	12	15	3
ENSG00000261049	24	23	8
ENSG00000261051	6	9	1
ENSG00000261055	22	23	11
ENSG00000261058	145	100	22
ENSG00000261060	3	6	0
ENSG00000261063	161	125	29
ENSG00000261065	1	1	0
ENSG00000261066	10	3	3
ENSG00000261067	9	2	1
ENSG00000261070	201	113	39
ENSG00000261071	18	5	4
ENSG00000261076	4	3	0
ENSG00000261078	2	0	0
ENSG00000261079	37	31	4
ENSG00000261090	26	11	5
ENSG00000261093	12	7	2
ENSG00000261094	58	54	8
ENSG00000261095	21	16	0
ENSG00000261096	24	18	1
ENSG00000261098	110	100	16
ENSG00000261101	34	30	9
ENSG00000261103	37	32	6
ENSG00000261104	6	7	0
ENSG00000261113	5	4	0
ENSG00000261117	18	11	2
ENSG00000261118	172	122	32
ENSG00000261120	9	9	3
ENSG00000261124	14	12	2
ENSG00000261129	8	5	1
ENSG00000261130	45	28	13
ENSG00000261135	3	2	1
ENSG00000261136	25	17	5
ENSG00000261140	2	3	0
ENSG00000261141	4	0	2
ENSG00000261146	5	3	0
ENSG00000261147	14	3	1
ENSG00000261158	8	7	4
ENSG00000261159	4	0	1
ENSG00000261161	48	42	7
ENSG00000261166	3	0	0
ENSG00000261167	14	13	2
ENSG00000261168	19	15	1
ENSG00000261170	519	379	131
ENSG00000261172	70	54	5
ENSG00000261177	36	34	3
ENSG00000261184	8	5	2
ENSG00000261191	149	98	24
ENSG00000261193	217	135	30
ENSG00000261204	0	4	0
ENSG00000261207	2	1	2
ENSG00000261211	26	27	12
ENSG00000261215	3	0	0
ENSG00000261216	26	8	2
ENSG00000261218	7	4	3
ENSG00000261222	18	12	6
ENSG00000261238	2	0	0
ENSG00000261240	2	2	0
ENSG00000261242	18	13	2
ENSG00000261243	3	3	0
ENSG00000261244	10	8	3
ENSG00000261248	14	12	1
ENSG00000261250	7	3	0
ENSG00000261253	28	20	6
ENSG00000261257	1	1	0
ENSG00000261260	99	75	21
ENSG00000261261	160	137	38
ENSG00000261265	8	7	2
ENSG00000261267	59	54	20
ENSG00000261273	290	258	65
ENSG00000261275	7	3	1
ENSG00000261276	0	4	0
ENSG00000261285	286	215	38
ENSG00000261293	10	3	1
ENSG00000261294	3	0	0
ENSG00000261296	1	0	0
ENSG00000261305	46	26	11
ENSG00000261310	40	43	7
ENSG00000261312	31	19	5
ENSG00000261313	106	66	16
ENSG00000261314	3	2	0
ENSG00000261320	7	4	0
ENSG00000261324	200	172	26
ENSG00000261327	44	21	4
ENSG00000261329	112	71	17
ENSG00000261334	20	19	4
ENSG00000261335	20	27	5
ENSG00000261338	22	18	4
ENSG00000261346	70	60	8
ENSG00000261347	4	4	0
ENSG00000261350	0	0	0
ENSG00000261351	10	18	1
ENSG00000261357	1	2	0
ENSG00000261364	2	3	0
ENSG00000261367	5	9	1
ENSG00000261368	1	0	0
ENSG00000261376	0	1	0
ENSG00000261382	5	0	1
ENSG00000261385	5	1	0
ENSG00000261386	1043	783	189
ENSG00000261392	4	4	1
ENSG00000261393	16	11	1
ENSG00000261396	40	23	9
ENSG00000261398	0	1	0
ENSG00000261400	8	10	2
ENSG00000261402	14	14	1
ENSG00000261403	49	20	9
ENSG00000261407	23	15	7
ENSG00000261411	15	6	0
ENSG00000261421	14	5	2
ENSG00000261427	185	144	32
ENSG00000261433	2	0	0
ENSG00000261435	16	15	2
ENSG00000261436	542	517	151
ENSG00000261445	4	1	2
ENSG00000261447	7	6	0
ENSG00000261448	23	17	1
ENSG00000261449	14	14	1
ENSG00000261451	68	48	2
ENSG00000261459	103	84	22
ENSG00000261462	2	0	0
ENSG00000261467	8	2	0
ENSG00000261468	23	23	3
ENSG00000261470	5	4	0
ENSG00000261472	40	18	3
ENSG00000261474	240	171	38
ENSG00000261482	3	0	0
ENSG00000261487	6	3	4
ENSG00000261489	2	0	0
ENSG00000261502	132	144	21
ENSG00000261505	21	27	4
ENSG00000261512	16	19	8
ENSG00000261513	16	10	4
ENSG00000261519	33	16	3
ENSG00000261526	52	44	14
ENSG00000261532	7	5	1
ENSG00000261535	5	3	0
ENSG00000261538	4	3	1
ENSG00000261540	337	283	55
ENSG00000261541	3	2	0
ENSG00000261542	7	10	2
ENSG00000261543	105	74	14
ENSG00000261546	22	18	4
ENSG00000261552	11	3	0
ENSG00000261553	178	167	31
ENSG00000261555	0	1	0
ENSG00000261572	9	9	1
ENSG00000261578	11	16	6
ENSG00000261582	27	15	2
ENSG00000261583	2	0	0
ENSG00000261592	50	42	7
ENSG00000261600	2	3	0
ENSG00000261604	18	12	1
ENSG00000261606	7	5	1
ENSG00000261610	9	12	1
ENSG00000261611	7	2	0
ENSG00000261613	2	3	0
ENSG00000261625	6	6	0
ENSG00000261629	3	4	0
ENSG00000261630	2	0	0
ENSG00000261633	33	29	3
ENSG00000261638	129	108	14
ENSG00000261641	7	2	0
ENSG00000261642	3	6	0
ENSG00000261646	9	5	4
ENSG00000261650	11	5	2
ENSG00000261653	11	16	4
ENSG00000261654	16	12	3
ENSG00000261655	12	8	2
ENSG00000261659	52	39	10
ENSG00000261668	17	17	2
ENSG00000261669	110	93	19
ENSG00000261670	6	6	4
ENSG00000261671	1	2	0
ENSG00000261673	6	4	0
ENSG00000261693	14	5	2
ENSG00000261707	4	6	0
ENSG00000261710	1	0	0
ENSG00000261717	201	175	29
ENSG00000261720	0	3	0
ENSG00000261722	86	26	11
ENSG00000261728	2	3	0
ENSG00000261729	26	14	5
ENSG00000261731	13	13	0
ENSG00000261732	6	12	2
ENSG00000261751	18	7	2
ENSG00000261757	16	6	0
ENSG00000261762	11	10	1
ENSG00000261763	7	6	0
ENSG00000261766	58	39	4
ENSG00000261775	52	40	5
ENSG00000261779	3	0	0
ENSG00000261786	10	5	0
ENSG00000261789	0	5	0
ENSG00000261790	25	24	4
ENSG00000261793	3	3	2
ENSG00000261795	9	4	3
ENSG00000261798	0	0	0
ENSG00000261799	34	46	3
ENSG00000261800	2	0	3
ENSG00000261804	26	18	2
ENSG00000261810	21	13	1
ENSG00000261816	6	3	2
ENSG00000261817	37	31	6
ENSG00000261818	83	70	12
ENSG00000261821	45	27	4
ENSG00000261822	13	8	2
ENSG00000261823	14	25	3
ENSG00000261826	4	0	0
ENSG00000261829	7	1	0
ENSG00000261831	56	41	10
ENSG00000261832	27	14	6
ENSG00000261839	9	11	2
ENSG00000261842	7	0	0
ENSG00000261845	31	27	4
ENSG00000261848	125	95	21
ENSG00000261864	89	92	20
ENSG00000261872	6	4	2
ENSG00000261884	25	15	3
ENSG00000261888	11	18	1
ENSG00000261889	7	15	2
ENSG00000261898	9	7	2
ENSG00000261924	68	59	15
ENSG00000261938	5	6	3
ENSG00000261959	6	7	1
ENSG00000261976	6	1	0
ENSG00000261978	15	6	1
ENSG00000261996	7	6	0
ENSG00000262003	26	11	3
ENSG00000262006	2	0	1
ENSG00000262011	1	0	0
ENSG00000262020	33	27	3
ENSG00000262039	510	353	87
ENSG00000262049	46	28	9
ENSG00000262050	55	51	8
ENSG00000262052	50	30	8
ENSG00000262079	7	11	1
ENSG00000262094	4	6	0
ENSG00000262112	8	3	1
ENSG00000262115	16	15	4
ENSG00000262116	6	6	3
ENSG00000262151	211	112	32
ENSG00000262160	30	22	8
ENSG00000262171	4	2	3
ENSG00000262198	150	114	28
ENSG00000262202	19	19	3
ENSG00000262211	26	23	7
ENSG00000262213	97	73	12
ENSG00000262227	38	46	6
ENSG00000262231	57	39	14
ENSG00000262267	169	114	19
ENSG00000262298	6	11	0
ENSG00000262302	110	82	17
ENSG00000262312	67	64	16
ENSG00000262313	5	4	0
ENSG00000262319	3	1	0
ENSG00000262332	2	0	0
ENSG00000262339	9	5	0
ENSG00000262343	3	1	0
ENSG00000262358	10	4	2
ENSG00000262362	11	8	6
ENSG00000262370	210	184	48
ENSG00000262372	0	2	0
ENSG00000262412	57	23	6
ENSG00000262413	13	11	3
ENSG00000262429	47	46	11
ENSG00000262456	13	6	3
ENSG00000262521	2	9	0
ENSG00000262526	59	51	10
ENSG00000262528	16	7	2
ENSG00000262529	35	24	7
ENSG00000262533	5	5	2
ENSG00000262560	252	179	42
ENSG00000262580	119	79	24
ENSG00000262624	15	9	4
ENSG00000262633	299	274	35
ENSG00000262660	45	28	15
ENSG00000262662	6	7	0
ENSG00000262668	192	120	33
ENSG00000262681	13	9	3
ENSG00000262714	5	3	0
ENSG00000262721	14	11	2
ENSG00000262730	8	10	5
ENSG00000262732	11	8	1
ENSG00000262768	16	7	0
ENSG00000262769	209	166	32
ENSG00000262786	8	7	1
ENSG00000262801	603	469	104
ENSG00000262823	39	19	7
ENSG00000262833	8	3	2
ENSG00000262837	65	39	6
ENSG00000262873	42	30	9
ENSG00000262877	56	49	9
ENSG00000262880	31	19	5
ENSG00000262881	1	1	2
ENSG00000262898	173	94	32
ENSG00000262899	25	10	4
ENSG00000262905	2	0	0
ENSG00000262921	14	13	8
ENSG00000262950	72	59	7
ENSG00000262966	21	11	5
ENSG00000262967	11	7	2
ENSG00000262983	43	57	10
ENSG00000262995	2	1	1
ENSG00000262999	24	27	4
ENSG00000263011	21	10	1
ENSG00000263015	31	24	3
ENSG00000263033	229	188	49
ENSG00000263041	2	0	0
ENSG00000263051	5	2	0
ENSG00000263063	35	20	7
ENSG00000263065	0	3	1
ENSG00000263080	12	14	6
ENSG00000263089	44	50	8
ENSG00000263098	2	1	0
ENSG00000263105	37	27	12
ENSG00000263110	13	3	1
ENSG00000263126	0	5	1
ENSG00000263154	66	51	10
ENSG00000263159	3	0	0
ENSG00000263164	2	3	1
ENSG00000263167	5	2	0
ENSG00000263171	18	8	3
ENSG00000263176	16	7	2
ENSG00000263212	126	82	19
ENSG00000263218	7	5	0
ENSG00000263234	0	0	2
ENSG00000263235	7	6	5
ENSG00000263271	11	10	1
ENSG00000263272	25	27	6
ENSG00000263279	19	9	7
ENSG00000263280	5	4	1
ENSG00000263301	23	15	10
ENSG00000263321	8	3	2
ENSG00000263325	18	15	3
ENSG00000263331	152	130	22
ENSG00000263342	3	3	1
ENSG00000263382	0	3	1
ENSG00000263388	1	4	2
ENSG00000263393	9	9	0
ENSG00000263424	36	31	3
ENSG00000263427	6	3	0
ENSG00000263450	3	3	0
ENSG00000263466	5	4	0
ENSG00000263477	15	16	1
ENSG00000263489	258	161	53
ENSG00000263494	73	113	25
ENSG00000263531	36	24	5
ENSG00000263547	42	20	5
ENSG00000263551	499	403	85
ENSG00000263567	9	7	2
ENSG00000263571	18	13	4
ENSG00000263574	85	58	14
ENSG00000263588	8	11	6
ENSG00000263594	296	226	45
ENSG00000263603	233	190	38
ENSG00000263611	40	14	9
ENSG00000263612	0	2	0
ENSG00000263613	0	1	0
ENSG00000263618	13	6	7
ENSG00000263620	54	54	14
ENSG00000263622	5	3	0
ENSG00000263624	182	152	33
ENSG00000263635	81	38	12
ENSG00000263637	4	0	2
ENSG00000263644	77	36	12
ENSG00000263655	388	309	70
ENSG00000263657	225	193	39
ENSG00000263674	3	3	0
ENSG00000263680	5	4	0
ENSG00000263683	9	5	1
ENSG00000263684	16	12	0
ENSG00000263707	13	5	1
ENSG00000263708	347	206	56
ENSG00000263709	169	92	29
ENSG00000263745	1413	1013	256
ENSG00000263756	37	20	8
ENSG00000263765	305	195	43
ENSG00000263797	8	2	0
ENSG00000263798	121	100	18
ENSG00000263809	30	22	13
ENSG00000263821	2	0	0
ENSG00000263823	49	16	7
ENSG00000263826	47	45	12
ENSG00000263847	43	43	16
ENSG00000263859	1	6	0
ENSG00000263860	6	0	1
ENSG00000263863	32	32	10
ENSG00000263893	0	1	0
ENSG00000263917	223	156	33
ENSG00000263923	385	308	67
ENSG00000263924	5	5	0
ENSG00000263952	54	41	7
ENSG00000263982	20	14	3
ENSG00000263990	109	70	20
ENSG00000264000	18	12	4
ENSG00000264012	6	0	0
ENSG00000264015	311	134	42
ENSG00000264016	156	140	16
ENSG00000264019	19	12	7
ENSG00000264023	8	3	2
ENSG00000264044	11	7	0
ENSG00000264058	19	10	4
ENSG00000264066	62	42	30
ENSG00000264067	152	90	18
ENSG00000264072	4	1	0
ENSG00000264083	77	49	14
ENSG00000264108	11	3	4
ENSG00000264116	14	17	6
ENSG00000264125	27	13	3
ENSG00000264131	4	0	0
ENSG00000264149	195	146	23
ENSG00000264151	667	485	117
ENSG00000264177	27	23	4
ENSG00000264187	70	76	12
ENSG00000264196	1	0	0
ENSG00000264212	4	6	1
ENSG00000264215	1	2	0
ENSG00000264243	7	2	0
ENSG00000264254	53	43	6
ENSG00000264262	9	12	3
ENSG00000264272	12	13	2
ENSG00000264273	8	9	0
ENSG00000264304	13	6	1
ENSG00000264324	443	347	67
ENSG00000264339	28	19	3
ENSG00000264365	24	17	2
ENSG00000264421	5	3	0
ENSG00000264422	3	0	0
ENSG00000264434	7	0	0
ENSG00000264449	16	16	3
ENSG00000264451	88	63	11
ENSG00000264472	3	3	0
ENSG00000264475	11	5	2
ENSG00000264486	12	4	1
ENSG00000264488	13	6	4
ENSG00000264490	18	10	1
ENSG00000264491	0	2	1
ENSG00000264513	43	37	7
ENSG00000264514	12	2	0
ENSG00000264520	66	57	19
ENSG00000264545	195	142	26
ENSG00000264548	17	20	4
ENSG00000264558	3	2	0
ENSG00000264577	15	13	0
ENSG00000264578	28	24	9
ENSG00000264587	41	23	6
ENSG00000264595	35	22	4
ENSG00000264622	41	36	4
ENSG00000264634	18	16	5
ENSG00000264666	134	97	25
ENSG00000264668	94	83	24
ENSG00000264673	2	0	0
ENSG00000264693	9	6	0
ENSG00000264695	3	4	0
ENSG00000264701	41	22	7
ENSG00000264705	53	30	5
ENSG00000264734	13	7	1
ENSG00000264735	4	1	0
ENSG00000264739	19	17	4
ENSG00000264750	10	6	3
ENSG00000264765	3	0	1
ENSG00000264772	12	7	6
ENSG00000264785	0	0	0
ENSG00000264790	5	3	1
ENSG00000264791	3	1	0
ENSG00000264808	368	249	57
ENSG00000264813	34	26	8
ENSG00000264825	51	36	9
ENSG00000264829	4	2	1
ENSG00000264843	7	5	0
ENSG00000264860	56	34	10
ENSG00000264869	44	32	7
ENSG00000264876	174	114	24
ENSG00000264880	4	6	2
ENSG00000264924	52	41	10
ENSG00000264932	5	3	0
ENSG00000264937	5	6	0
ENSG00000264956	22	12	4
ENSG00000264982	5	4	1
ENSG00000264990	13	11	3
ENSG00000265008	13	9	0
ENSG00000265055	38	24	2
ENSG00000265069	6	3	1
ENSG00000265073	70	33	15
ENSG00000265091	6	2	0
ENSG00000265100	26	12	6
ENSG00000265101	5	3	0
ENSG00000265115	8	6	0
ENSG00000265118	18	14	2
ENSG00000265128	29	22	7
ENSG00000265194	7	4	0
ENSG00000265204	110	76	12
ENSG00000265205	11	5	1
ENSG00000265217	56	34	11
ENSG00000265218	43	36	11
ENSG00000265246	19	5	2
ENSG00000265254	19	6	6
ENSG00000265257	23	30	8
ENSG00000265265	0	1	0
ENSG00000265282	1	0	0
ENSG00000265289	3	0	0
ENSG00000265303	54	36	6
ENSG00000265334	370	297	48
ENSG00000265342	3	4	0
ENSG00000265349	21	22	6
ENSG00000265359	16	23	6
ENSG00000265378	4	4	0
ENSG00000265380	8	5	1
ENSG00000265393	11	6	1
ENSG00000265394	110	76	14
ENSG00000265399	208	146	36
ENSG00000265400	14	11	6
ENSG00000265408	104	85	22
ENSG00000265425	32	20	4
ENSG00000265443	4	0	0
ENSG00000265445	43	24	12
ENSG00000265474	22	26	5
ENSG00000265478	4	0	0
ENSG00000265484	76	46	4
ENSG00000265490	4	2	0
ENSG00000265494	2	1	1
ENSG00000265496	49	26	6
ENSG00000265542	422	255	51
ENSG00000265547	0	3	0
ENSG00000265552	0	1	0
ENSG00000265554	195	169	43
ENSG00000265618	12	6	1
ENSG00000265643	293	193	42
ENSG00000265644	3	2	0
ENSG00000265656	32	23	3
ENSG00000265664	2	1	0
ENSG00000265670	54	45	9
ENSG00000265671	25	23	5
ENSG00000265678	16	6	1
ENSG00000265690	3	0	0
ENSG00000265697	7	4	1
ENSG00000265717	9	0	0
ENSG00000265728	56	38	12
ENSG00000265737	448	327	59
ENSG00000265739	24	15	3
ENSG00000265749	148	116	30
ENSG00000265781	146	94	19
ENSG00000265784	17	14	6
ENSG00000265794	137	79	29
ENSG00000265840	3	2	0
ENSG00000265844	176	119	23
ENSG00000265845	84	67	15
ENSG00000265908	0	0	0
ENSG00000265927	10	6	1
ENSG00000265943	247	158	29
ENSG00000265964	1	1	0
ENSG00000265967	14	6	4
ENSG00000265971	2	3	0
ENSG00000265975	70	56	11
ENSG00000265980	125	91	34
ENSG00000265987	317	217	52
ENSG00000265994	376	284	69
ENSG00000265995	102	68	24
ENSG00000266002	5	3	0
ENSG00000266014	18	32	9
ENSG00000266049	546	420	74
ENSG00000266065	2	0	0
ENSG00000266076	850	792	140
ENSG00000266086	375	360	59
ENSG00000266088	96	76	20
ENSG00000266100	15	5	4
ENSG00000266102	8	5	2
ENSG00000266106	13	5	0
ENSG00000266111	183	152	27
ENSG00000266120	19	12	3
ENSG00000266149	16	9	3
ENSG00000266171	5	0	0
ENSG00000266202	251	219	46
ENSG00000266213	1	3	0
ENSG00000266248	4	2	0
ENSG00000266261	17	5	5
ENSG00000266268	426	406	72
ENSG00000266279	1	2	0
ENSG00000266302	1053	98	16
ENSG00000266311	8	1	1
ENSG00000266335	1	9	0
ENSG00000266340	6	2	2
ENSG00000266341	5	3	0
ENSG00000266368	167	101	32
ENSG00000266369	24	23	1
ENSG00000266385	76	72	15
ENSG00000266456	9	5	0
ENSG00000266460	14	12	2
ENSG00000266466	12	7	1
ENSG00000266469	56	34	10
ENSG00000266489	50	42	13
ENSG00000266490	35	51	5
ENSG00000266505	0	1	0
ENSG00000266541	5	3	2
ENSG00000266560	24	23	6
ENSG00000266573	754	525	117
ENSG00000266578	161	134	27
ENSG00000266586	4	6	0
ENSG00000266588	49	37	3
ENSG00000266598	6	5	2
ENSG00000266599	68	41	9
ENSG00000266602	899	630	174
ENSG00000266614	5	2	1
ENSG00000266642	7	7	2
ENSG00000266651	12	8	2
ENSG00000266667	150	106	26
ENSG00000266677	127	114	25
ENSG00000266680	15	19	4
ENSG00000266696	12	10	1
ENSG00000266711	5	4	2
ENSG00000266717	4	2	0
ENSG00000266718	16	14	3
ENSG00000266728	20	12	1
ENSG00000266743	23	10	1
ENSG00000266765	18	14	5
ENSG00000266767	63	26	3
ENSG00000266774	7	2	0
ENSG00000266775	1	1	0
ENSG00000266821	27	18	1
ENSG00000266824	91	74	18
ENSG00000266830	5	2	0
ENSG00000266840	49	35	8
ENSG00000266846	266	217	52
ENSG00000266869	148	106	18
ENSG00000266872	2	3	1
ENSG00000266877	230	223	47
ENSG00000266901	0	0	0
ENSG00000266905	4	5	0
ENSG00000266908	252	194	43
ENSG00000266923	130	70	20
ENSG00000266924	9	11	0
ENSG00000266928	30	31	4
ENSG00000266929	106	69	22
ENSG00000266936	29	20	7
ENSG00000266941	16	9	2
ENSG00000266947	155	110	39
ENSG00000266951	4	0	2
ENSG00000266953	16	12	3
ENSG00000266957	126	71	13
ENSG00000266961	6	2	0
ENSG00000266963	10	4	1
ENSG00000266977	40	24	7
ENSG00000266980	13	4	2
ENSG00000266981	6	2	0
ENSG00000266985	0	1	0
ENSG00000266987	1	4	0
ENSG00000266990	23	13	3
ENSG00000266993	4	1	0
ENSG00000266994	297	198	52
ENSG00000266997	36	30	10
ENSG00000266998	89	56	13
ENSG00000267000	13	11	4
ENSG00000267001	32	23	7
ENSG00000267004	4	3	1
ENSG00000267006	1	4	0
ENSG00000267007	4	7	0
ENSG00000267009	623	424	114
ENSG00000267011	94	92	24
ENSG00000267015	3	5	0
ENSG00000267016	34	29	8
ENSG00000267022	84	69	11
ENSG00000267024	11	7	2
ENSG00000267026	120	71	15
ENSG00000267027	0	2	0
ENSG00000267030	12	8	3
ENSG00000267033	17	7	0
ENSG00000267035	10	0	0
ENSG00000267038	0	0	0
ENSG00000267039	69	42	16
ENSG00000267042	190	152	38
ENSG00000267044	0	0	0
ENSG00000267047	77	56	33
ENSG00000267049	28	15	0
ENSG00000267051	29	14	2
ENSG00000267055	116	94	11
ENSG00000267059	94	54	20
ENSG00000267061	15	7	3
ENSG00000267062	41	27	6
ENSG00000267069	5	11	3
ENSG00000267070	33	23	5
ENSG00000267072	41	26	7
ENSG00000267073	0	0	1
ENSG00000267075	2	3	1
ENSG00000267079	18	17	6
ENSG00000267081	63	43	17
ENSG00000267089	2	2	2
ENSG00000267090	8	5	0
ENSG00000267095	39	27	7
ENSG00000267098	663	521	106
ENSG00000267101	240	150	39
ENSG00000267108	45	42	8
ENSG00000267109	218	120	38
ENSG00000267114	47	55	13
ENSG00000267117	1	3	0
ENSG00000267124	4	5	1
ENSG00000267127	22	12	1
ENSG00000267130	4	12	0
ENSG00000267131	223	174	24
ENSG00000267133	10	5	0
ENSG00000267136	32	37	4
ENSG00000267137	11	12	8
ENSG00000267139	5	3	0
ENSG00000267141	19	19	5
ENSG00000267143	3	0	0
ENSG00000267149	23	16	6
ENSG00000267152	146	115	23
ENSG00000267159	2	0	0
ENSG00000267168	52	32	9
ENSG00000267173	23	21	2
ENSG00000267175	392	300	69
ENSG00000267177	10	7	0
ENSG00000267179	174	171	30
ENSG00000267188	45	28	5
ENSG00000267192	2	3	0
ENSG00000267198	25	5	3
ENSG00000267199	69	54	23
ENSG00000267202	6	2	3
ENSG00000267205	9	8	2
ENSG00000267211	20	11	5
ENSG00000267214	10	3	1
ENSG00000267215	15	6	1
ENSG00000267219	82	54	16
ENSG00000267223	85	69	14
ENSG00000267224	0	2	0
ENSG00000267228	35	31	3
ENSG00000267231	11	2	3
ENSG00000267232	20	9	1
ENSG00000267234	3	2	2
ENSG00000267238	2	0	1
ENSG00000267239	46	34	6
ENSG00000267240	25	18	8
ENSG00000267244	22	7	0
ENSG00000267246	22	17	3
ENSG00000267247	0	0	0
ENSG00000267248	79	48	15
ENSG00000267250	14	8	2
ENSG00000267251	58	27	12
ENSG00000267255	3	4	0
ENSG00000267257	9	6	3
ENSG00000267261	35	23	5
ENSG00000267273	21	10	7
ENSG00000267277	72	69	13
ENSG00000267279	10	16	3
ENSG00000267283	38	15	5
ENSG00000267284	513	394	82
ENSG00000267286	2	2	2
ENSG00000267287	94	46	19
ENSG00000267303	0	2	0
ENSG00000267304	6	1	2
ENSG00000267314	34	29	8
ENSG00000267316	39	21	8
ENSG00000267318	87	79	16
ENSG00000267320	197	120	21
ENSG00000267328	31	19	5
ENSG00000267335	14	11	3
ENSG00000267338	9	7	0
ENSG00000267341	23	27	2
ENSG00000267342	11	15	5
ENSG00000267344	0	0	0
ENSG00000267345	48	36	7
ENSG00000267353	8	8	0
ENSG00000267356	2	0	0
ENSG00000267359	2	2	0
ENSG00000267360	82	87	16
ENSG00000267363	10	5	2
ENSG00000267364	47	30	5
ENSG00000267366	3	5	1
ENSG00000267372	3	4	1
ENSG00000267373	6	0	0
ENSG00000267378	11	9	1
ENSG00000267379	138	81	22
ENSG00000267383	1956	1615	353
ENSG00000267385	4	3	4
ENSG00000267387	9	0	2
ENSG00000267388	10	9	2
ENSG00000267393	12	9	1
ENSG00000267397	8	8	2
ENSG00000267401	9	6	6
ENSG00000267405	18	10	5
ENSG00000267409	9	4	0
ENSG00000267420	12	4	0
ENSG00000267423	48	36	5
ENSG00000267426	86	62	16
ENSG00000267439	61	35	15
ENSG00000267446	4	6	1
ENSG00000267448	94	79	18
ENSG00000267455	4	1	0
ENSG00000267458	1	7	2
ENSG00000267461	80	59	14
ENSG00000267462	35	15	2
ENSG00000267466	18	10	6
ENSG00000267469	20	15	1
ENSG00000267476	183	143	27
ENSG00000267477	38	17	4
ENSG00000267491	4	5	1
ENSG00000267501	3	3	4
ENSG00000267503	21	12	2
ENSG00000267505	13	3	1
ENSG00000267509	235	207	42
ENSG00000267510	11	8	1
ENSG00000267523	96	77	18
ENSG00000267529	3	5	2
ENSG00000267546	56	52	14
ENSG00000267547	14	11	0
ENSG00000267552	102	56	19
ENSG00000267555	10	7	1
ENSG00000267559	55	41	14
ENSG00000267561	64	44	6
ENSG00000267563	0	5	0
ENSG00000267564	46	30	7
ENSG00000267565	5	7	2
ENSG00000267568	217	208	34
ENSG00000267571	78	35	9
ENSG00000267580	4	4	0
ENSG00000267581	183	175	27
ENSG00000267605	247	172	29
ENSG00000267610	7	3	2
ENSG00000267612	2	0	0
ENSG00000267614	0	0	0
ENSG00000267615	3	5	0
ENSG00000267617	15	14	3
ENSG00000267618	74	41	11
ENSG00000267625	3	0	0
ENSG00000267627	18	28	6
ENSG00000267629	0	0	0
ENSG00000267633	19	16	2
ENSG00000267636	16	8	2
ENSG00000267638	17	15	5
ENSG00000267643	2	0	0
ENSG00000267646	21	15	3
ENSG00000267649	13	20	0
ENSG00000267650	0	0	0
ENSG00000267651	3	7	0
ENSG00000267665	28	20	6
ENSG00000267666	37	23	8
ENSG00000267670	6	2	1
ENSG00000267675	0	1	0
ENSG00000267677	102	48	15
ENSG00000267688	13	11	1
ENSG00000267695	32	27	4
ENSG00000267698	580	427	79
ENSG00000267699	326	234	39
ENSG00000267703	27	16	7
ENSG00000267705	4	3	0
ENSG00000267706	0	3	0
ENSG00000267707	112	66	15
ENSG00000267709	20	14	4
ENSG00000267711	56	53	17
ENSG00000267722	4	2	0
ENSG00000267723	662	636	99
ENSG00000267724	2	5	0
ENSG00000267727	5	0	0
ENSG00000267731	36	29	3
ENSG00000267732	120	99	22
ENSG00000267734	18	17	4
ENSG00000267735	14	7	2
ENSG00000267737	210	147	47
ENSG00000267740	106	66	13
ENSG00000267743	15	10	0
ENSG00000267745	146	100	20
ENSG00000267746	0	3	0
ENSG00000267748	85	66	15
ENSG00000267755	4	4	3
ENSG00000267758	3	0	0
ENSG00000267762	116	72	19
ENSG00000267769	11	1	1
ENSG00000267774	15	11	2
ENSG00000267780	15	14	1
ENSG00000267782	10	5	0
ENSG00000267783	3	3	0
ENSG00000267786	47	32	11
ENSG00000267787	2647	2001	378
ENSG00000267789	17	8	1
ENSG00000267791	0	3	0
ENSG00000267801	44	22	7
ENSG00000267808	2	3	0
ENSG00000267811	11	7	6
ENSG00000267815	4	0	0
ENSG00000267827	130	122	27
ENSG00000267834	18	10	1
ENSG00000267838	54	32	7
ENSG00000267857	1	0	1
ENSG00000267868	8	2	0
ENSG00000267872	4	5	0
ENSG00000267879	250	161	31
ENSG00000267881	52	38	6
ENSG00000267882	19	15	2
ENSG00000267892	12	14	2
ENSG00000267898	42	23	2
ENSG00000267919	4	0	0
ENSG00000267922	255	183	30
ENSG00000267924	100	73	15
ENSG00000267927	35	22	4
ENSG00000267934	9	9	3
ENSG00000267939	220	169	36
ENSG00000267940	26	22	0
ENSG00000267943	70	57	16
ENSG00000267952	22	28	3
ENSG00000267968	98	69	16
ENSG00000267984	11	8	4
ENSG00000267992	3	0	0
ENSG00000268027	29	21	9
ENSG00000268030	38	17	5
ENSG00000268047	33	26	6
ENSG00000268055	21	11	3
ENSG00000268056	132	77	27
ENSG00000268069	18	11	1
ENSG00000268078	2	0	0
ENSG00000268081	213	299	93
ENSG00000268083	106	58	19
ENSG00000268087	108	87	18
ENSG00000268093	54	59	9
ENSG00000268107	29	20	5
ENSG00000268108	1	0	0
ENSG00000268112	49	38	11
ENSG00000268119	321	306	62
ENSG00000268120	14	5	0
ENSG00000268133	69	40	5
ENSG00000268163	470	366	64
ENSG00000268170	7	3	2
ENSG00000268173	19	18	3
ENSG00000268184	89	88	11
ENSG00000268189	47	30	6
ENSG00000268191	0	0	0
ENSG00000268193	83	86	16
ENSG00000268199	16	13	5
ENSG00000268204	49	35	10
ENSG00000268218	19	9	5
ENSG00000268230	3	0	0
ENSG00000268240	16	10	3
ENSG00000268279	15	6	6
ENSG00000268287	5	5	0
ENSG00000268289	15	10	2
ENSG00000268296	10	12	3
ENSG00000268309	1	0	0
ENSG00000268326	63	32	6
ENSG00000268355	16	6	3
ENSG00000268361	37	49	5
ENSG00000268375	0	6	1
ENSG00000268390	28	26	5
ENSG00000268392	66	77	13
ENSG00000268400	33	37	11
ENSG00000268401	26	17	4
ENSG00000268416	3	10	1
ENSG00000268434	22	18	3
ENSG00000268458	19	13	2
ENSG00000268460	31	24	2
ENSG00000268465	32	16	4
ENSG00000268475	15	3	4
ENSG00000268505	18	9	0
ENSG00000268509	24	25	10
ENSG00000268530	49	34	11
ENSG00000268531	0	9	0
ENSG00000268533	212	134	29
ENSG00000268536	43	23	8
ENSG00000268555	97	89	32
ENSG00000268560	19	17	1
ENSG00000268566	38	36	2
ENSG00000268575	1042	830	157
ENSG00000268583	156	116	29
ENSG00000268584	19	17	5
ENSG00000268595	37	32	4
ENSG00000268597	4	0	0
ENSG00000268615	2	3	0
ENSG00000268618	4	7	1
ENSG00000268628	7	11	2
ENSG00000268635	21	12	4
ENSG00000268643	91	67	17
ENSG00000268649	3	4	0
ENSG00000268650	633	599	107
ENSG00000268673	9	3	0
ENSG00000268677	14	15	3
ENSG00000268678	21	8	3
ENSG00000268686	82	58	8
ENSG00000268739	0	0	0
ENSG00000268744	80	108	12
ENSG00000268746	69	53	15
ENSG00000268750	123	115	28
ENSG00000268756	7	8	1
ENSG00000268764	0	2	0
ENSG00000268777	0	2	0
ENSG00000268790	9	10	1
ENSG00000268797	1526	1149	218
ENSG00000268798	18	24	6
ENSG00000268810	21	20	6
ENSG00000268823	7	6	2
ENSG00000268833	118	105	25
ENSG00000268836	33	17	5
ENSG00000268842	17	16	0
ENSG00000268845	0	0	2
ENSG00000268854	12	6	1
ENSG00000268870	248	209	31
ENSG00000268886	27	14	3
ENSG00000268896	7	4	2
ENSG00000268906	25	10	5
ENSG00000268912	37	47	8
ENSG00000268926	10	4	2
ENSG00000268931	34	19	12
ENSG00000268945	58	41	5
ENSG00000268981	7434	4769	1062
ENSG00000268985	21	7	3
ENSG00000269026	486	367	71
ENSG00000269035	72	58	20
ENSG00000269043	494	363	82
ENSG00000269050	15	5	3
ENSG00000269066	42	30	4
ENSG00000269068	3	0	0
ENSG00000269072	103	42	21
ENSG00000269082	97	93	11
ENSG00000269085	4	8	1
ENSG00000269095	39	25	7
ENSG00000269102	133	91	16
ENSG00000269106	6	4	1
ENSG00000269110	406	296	56
ENSG00000269124	98	85	20
ENSG00000269125	2	0	0
ENSG00000269139	1	4	2
ENSG00000269155	12	8	0
ENSG00000269161	11	13	4
ENSG00000269177	5	3	2
ENSG00000269179	611	396	100
ENSG00000269191	20	18	6
ENSG00000269194	9	18	2
ENSG00000269210	6	3	0
ENSG00000269237	532	583	112
ENSG00000269242	81	89	27
ENSG00000269256	8	3	0
ENSG00000269275	0	1	1
ENSG00000269288	3	1	0
ENSG00000269292	87	34	6
ENSG00000269296	13	9	2
ENSG00000269300	1	4	0
ENSG00000269307	1	4	0
ENSG00000269318	55	44	10
ENSG00000269349	1	0	0
ENSG00000269350	10	6	1
ENSG00000269353	1	0	0
ENSG00000269365	8	8	1
ENSG00000269371	5	0	0
ENSG00000269392	24	28	5
ENSG00000269399	20	28	4
ENSG00000269403	30	16	2
ENSG00000269425	83	39	16
ENSG00000269427	22	21	17
ENSG00000269445	13	6	2
ENSG00000269446	3	0	0
ENSG00000269460	57	52	14
ENSG00000269469	41	29	14
ENSG00000269476	102	91	24
ENSG00000269481	168	111	28
ENSG00000269482	11	7	2
ENSG00000269487	17	22	2
ENSG00000269489	3	0	0
ENSG00000269495	43	42	4
ENSG00000269504	56	42	10
ENSG00000269514	146	138	31
ENSG00000269534	59	34	9
ENSG00000269535	125	98	18
ENSG00000269543	21	8	3
ENSG00000269547	79	56	23
ENSG00000269559	24	19	6
ENSG00000269570	5	5	2
ENSG00000269583	14	8	4
ENSG00000269590	20	11	3
ENSG00000269599	5	3	0
ENSG00000269600	6	2	2
ENSG00000269604	44	34	17
ENSG00000269621	38	37	6
ENSG00000269635	43	24	4
ENSG00000269652	1	3	1
ENSG00000269693	171	122	26
ENSG00000269694	2	2	2
ENSG00000269707	171	135	25
ENSG00000269711	20	7	7
ENSG00000269729	89	44	16
ENSG00000269745	2	0	0
ENSG00000269749	89	91	13
ENSG00000269752	0	0	0
ENSG00000269755	364	264	52
ENSG00000269758	3	4	3
ENSG00000269792	19	6	5
ENSG00000269796	10	8	2
ENSG00000269802	150	110	35
ENSG00000269807	102	81	15
ENSG00000269813	0	0	0
ENSG00000269826	4	0	3
ENSG00000269836	8	10	1
ENSG00000269842	2	3	0
ENSG00000269843	13	7	1
ENSG00000269846	11	11	2
ENSG00000269873	10	8	2
ENSG00000269886	4	2	0
ENSG00000269889	17	16	6
ENSG00000269892	3	0	0
ENSG00000269898	5	10	1
ENSG00000269901	10	13	4
ENSG00000269903	3	4	2
ENSG00000269910	3	4	0
ENSG00000269915	176	95	20
ENSG00000269927	10	8	2
ENSG00000269934	143	132	16
ENSG00000269935	1	0	0
ENSG00000269937	7	0	0
ENSG00000269947	63	35	8
ENSG00000269949	5	9	2
ENSG00000269950	17	10	3
ENSG00000269957	61	41	8
ENSG00000269966	101	83	12
ENSG00000269967	238	218	53
ENSG00000269973	55	55	8
ENSG00000269980	0	3	0
ENSG00000269982	63	65	9
ENSG00000269984	12	18	0
ENSG00000269987	5	4	2
ENSG00000270000	11	6	0
ENSG00000270008	53	60	14
ENSG00000270016	3	2	0
ENSG00000270017	1	0	0
ENSG00000270020	6	5	4
ENSG00000270021	13	15	5
ENSG00000270022	318	148	32
ENSG00000270035	0	4	0
ENSG00000270036	0	2	0
ENSG00000270038	0	4	0
ENSG00000270050	121	99	19
ENSG00000270052	0	5	0
ENSG00000270055	58	37	12
ENSG00000270066	2292	1612	448
ENSG00000270068	3	2	2
ENSG00000270071	33	35	6
ENSG00000270074	6	0	0
ENSG00000270075	4	2	0
ENSG00000270076	2	0	0
ENSG00000270082	3	0	0
ENSG00000270087	483	329	76
ENSG00000270090	16	4	1
ENSG00000270091	7	4	2
ENSG00000270096	12	0	1
ENSG00000270099	403	364	55
ENSG00000270100	5	1	0
ENSG00000270103	90	69	12
ENSG00000270104	22	24	1
ENSG00000270114	56	34	8
ENSG00000270117	23	18	3
ENSG00000270127	24	13	6
ENSG00000270135	0	1	0
ENSG00000270139	4	2	0
ENSG00000270147	3	0	0
ENSG00000270149	338	267	76
ENSG00000270154	7	6	0
ENSG00000270159	0	3	0
ENSG00000270171	7	2	1
ENSG00000270174	131	86	19
ENSG00000270175	62	48	12
ENSG00000270182	7	2	1
ENSG00000270184	6	1	1
ENSG00000270207	833	638	121
ENSG00000270210	0	2	0
ENSG00000270212	1	0	1
ENSG00000270249	52	32	9
ENSG00000270265	48	21	9
ENSG00000270279	3	2	1
ENSG00000270299	30	16	7
ENSG00000270302	6	1	0
ENSG00000270321	37	27	2
ENSG00000270361	11	8	2
ENSG00000270403	0	3	0
ENSG00000270462	1	1	0
ENSG00000270482	10	6	0
ENSG00000270487	10	0	3
ENSG00000270504	39	28	8
ENSG00000270540	4	6	0
ENSG00000270589	11	13	6
ENSG00000270638	16	6	4
ENSG00000270659	22	17	9
ENSG00000270697	0	0	0
ENSG00000270720	3	1	0
ENSG00000270725	98	62	13
ENSG00000270755	3	5	1
ENSG00000270760	12	9	5
ENSG00000270792	1309	935	202
ENSG00000270823	64	52	17
ENSG00000270828	3	0	2
ENSG00000270829	5	6	1
ENSG00000270871	110	65	14
ENSG00000270933	6	7	1
ENSG00000270947	1	0	0
ENSG00000270953	60	28	10
ENSG00000270972	9	1	0
ENSG00000271009	41	41	6
ENSG00000271032	33	22	12
ENSG00000271046	0	9	0
ENSG00000271109	129	138	30
ENSG00000271148	2	0	0
ENSG00000271151	8	15	1
ENSG00000271155	31	21	7
ENSG00000271156	0	2	0
ENSG00000271185	18	5	2
ENSG00000271192	2	0	0
ENSG00000271201	61	54	11
ENSG00000271218	8	5	3
ENSG00000271228	5	0	0
ENSG00000271265	9	6	1
ENSG00000271314	1	1	0
ENSG00000271344	5	7	2
ENSG00000271366	2	8	0
ENSG00000271367	0	1	0
ENSG00000271382	11	10	0
ENSG00000271390	7	2	0
ENSG00000271398	15	7	5
ENSG00000271420	9	10	1
ENSG00000271427	5	3	2
ENSG00000271434	5	7	0
ENSG00000271522	18	13	3
ENSG00000271551	48	23	6
ENSG00000271553	13	18	2
ENSG00000271554	108	111	16
ENSG00000271555	3	0	0
ENSG00000271579	4	4	1
ENSG00000271653	9	3	0
ENSG00000271659	8	9	1
ENSG00000271670	6	1	1
ENSG00000271698	0	1	0
ENSG00000271709	6	3	3
ENSG00000271715	2	0	0
ENSG00000271716	13	16	4
ENSG00000271717	192	125	29
ENSG00000271725	21	12	5
ENSG00000271727	351	236	71
ENSG00000271730	10	7	0
ENSG00000271732	0	0	1
ENSG00000271737	18	8	4
ENSG00000271741	7	11	0
ENSG00000271743	6	0	2
ENSG00000271746	26	9	5
ENSG00000271751	2	4	1
ENSG00000271754	4	0	0
ENSG00000271755	3	1	0
ENSG00000271758	137	96	19
ENSG00000271761	4	1	0
ENSG00000271763	28	19	4
ENSG00000271774	924	732	145
ENSG00000271780	17	14	5
ENSG00000271781	9	8	0
ENSG00000271787	0	2	1
ENSG00000271788	11	9	5
ENSG00000271792	9	5	0
ENSG00000271793	239	233	36
ENSG00000271795	42	25	5
ENSG00000271797	9	8	0
ENSG00000271803	6	1	4
ENSG00000271806	14	11	4
ENSG00000271810	38	21	8
ENSG00000271820	43	23	15
ENSG00000271821	3	2	0
ENSG00000271825	1	0	0
ENSG00000271828	5	4	1
ENSG00000271843	5	11	5
ENSG00000271855	12	14	2
ENSG00000271857	21	18	3
ENSG00000271862	18	20	1
ENSG00000271871	9	8	0
ENSG00000271880	20	24	9
ENSG00000271882	1	0	0
ENSG00000271893	325	253	59
ENSG00000271894	20	9	0
ENSG00000271897	0	3	0
ENSG00000271901	119	89	23
ENSG00000271904	83	36	16
ENSG00000271914	0	0	0
ENSG00000271916	0	0	0
ENSG00000271926	2	2	0
ENSG00000271930	5	3	0
ENSG00000271933	28	24	15
ENSG00000271936	8	11	0
ENSG00000271937	16	13	6
ENSG00000271938	2	0	2
ENSG00000271945	685	860	119
ENSG00000271947	5	5	0
ENSG00000271949	219	139	32
ENSG00000271955	11261	8521	2239
ENSG00000271959	43	37	9
ENSG00000271963	9	21	5
ENSG00000271967	2	0	1
ENSG00000271969	10	11	6
ENSG00000271971	31	30	5
ENSG00000271973	3	0	0
ENSG00000271976	21	21	5
ENSG00000271978	131	80	23
ENSG00000271981	0	0	0
ENSG00000271983	3	0	0
ENSG00000271984	29	22	9
ENSG00000271989	20	6	4
ENSG00000271996	9	8	2
ENSG00000272004	19	12	4
ENSG00000272008	63	43	5
ENSG00000272010	3	2	0
ENSG00000272024	5	2	0
ENSG00000272027	79	58	18
ENSG00000272030	3	3	1
ENSG00000272037	4	5	0
ENSG00000272040	21	21	9
ENSG00000272043	20	8	4
ENSG00000272046	2	2	1
ENSG00000272050	0	1	0
ENSG00000272056	15	17	2
ENSG00000272070	12	8	3
ENSG00000272072	8	8	0
ENSG00000272076	8	10	2
ENSG00000272077	12	14	3
ENSG00000272079	7	4	2
ENSG00000272084	10	8	4
ENSG00000272092	33	24	4
ENSG00000272094	9	6	2
ENSG00000272100	3	1	1
ENSG00000272103	19	17	2
ENSG00000272104	91	65	26
ENSG00000272106	40	39	11
ENSG00000272108	5	5	0
ENSG00000272109	33	26	6
ENSG00000272112	3	3	0
ENSG00000272114	9	3	2
ENSG00000272115	9	4	1
ENSG00000272121	2	3	0
ENSG00000272128	5	0	0
ENSG00000272129	21	18	2
ENSG00000272130	4	5	0
ENSG00000272137	24	23	2
ENSG00000272141	6	5	3
ENSG00000272148	7	7	1
ENSG00000272149	12	4	1
ENSG00000272153	9	4	0
ENSG00000272157	4	0	0
ENSG00000272162	221	189	27
ENSG00000272163	8	9	2
ENSG00000272167	4	3	1
ENSG00000272173	27	19	7
ENSG00000272180	392	312	62
ENSG00000272181	0	4	1
ENSG00000272182	12	7	1
ENSG00000272183	7	3	0
ENSG00000272202	7	8	1
ENSG00000272203	0	0	0
ENSG00000272209	5	1	0
ENSG00000272211	9	8	5
ENSG00000272221	7	6	0
ENSG00000272223	11	14	1
ENSG00000272226	0	2	0
ENSG00000272234	11	7	3
ENSG00000272235	4	0	3
ENSG00000272236	4	0	1
ENSG00000272240	8	3	0
ENSG00000272243	368	282	64
ENSG00000272247	7	7	1
ENSG00000272248	5	11	0
ENSG00000272249	2	0	0
ENSG00000272255	3	4	4
ENSG00000272256	44	25	7
ENSG00000272263	10	3	0
ENSG00000272265	1	1	0
ENSG00000272267	22	14	6
ENSG00000272275	3	1	0
ENSG00000272277	18	18	4
ENSG00000272279	2	6	0
ENSG00000272293	3	4	0
ENSG00000272297	28	20	5
ENSG00000272305	645	397	80
ENSG00000272316	79	58	6
ENSG00000272320	7	5	3
ENSG00000272321	3	6	0
ENSG00000272329	0	2	0
ENSG00000272334	4	0	0
ENSG00000272335	50	41	11
ENSG00000272338	5	5	1
ENSG00000272341	27	38	4
ENSG00000272343	6	5	1
ENSG00000272345	5	4	4
ENSG00000272347	18	6	5
ENSG00000272360	18	11	5
ENSG00000272361	3	2	0
ENSG00000272362	4	4	0
ENSG00000272366	8	6	0
ENSG00000272368	1117	816	160
ENSG00000272371	6	6	1
ENSG00000272372	2	2	1
ENSG00000272382	3	0	0
ENSG00000272396	15	9	1
ENSG00000272402	4	2	1
ENSG00000272405	8	6	1
ENSG00000272406	0	0	0
ENSG00000272410	179	184	27
ENSG00000272416	21	14	1
ENSG00000272417	7	6	0
ENSG00000272425	8	2	0
ENSG00000272426	17	13	2
ENSG00000272428	0	4	0
ENSG00000272432	9	11	3
ENSG00000272434	27	17	3
ENSG00000272438	192	182	29
ENSG00000272442	85	88	25
ENSG00000272444	3	5	0
ENSG00000272447	25	23	3
ENSG00000272449	124	91	32
ENSG00000272456	5	0	1
ENSG00000272461	23	27	5
ENSG00000272463	18	2	3
ENSG00000272468	35	31	10
ENSG00000272473	5	3	0
ENSG00000272476	55	22	9
ENSG00000272479	2	0	0
ENSG00000272482	23	18	4
ENSG00000272483	3	0	0
ENSG00000272485	6	1	0
ENSG00000272491	32	19	3
ENSG00000272501	78	56	13
ENSG00000272505	19	19	2
ENSG00000272508	37	27	12
ENSG00000272509	4	4	0
ENSG00000272510	2	2	0
ENSG00000272512	31	17	11
ENSG00000272516	2	2	0
ENSG00000272519	13	7	1
ENSG00000272540	18	5	2
ENSG00000272541	2	2	0
ENSG00000272542	2	0	0
ENSG00000272554	57	37	5
ENSG00000272555	1	0	0
ENSG00000272558	75	65	12
ENSG00000272563	7	3	0
ENSG00000272564	5	4	0
ENSG00000272566	1	2	0
ENSG00000272567	3	2	0
ENSG00000272572	7	4	4
ENSG00000272576	10	6	0
ENSG00000272582	7	4	1
ENSG00000272583	8	5	4
ENSG00000272588	97	60	7
ENSG00000272599	18	24	3
ENSG00000272600	1	3	0
ENSG00000272609	0	4	0
ENSG00000272622	71	75	13
ENSG00000272625	1	5	2
ENSG00000272626	13	12	2
ENSG00000272630	65	46	11
ENSG00000272631	41	34	7
ENSG00000272632	1	0	0
ENSG00000272638	6	6	2
ENSG00000272642	27	20	8
ENSG00000272646	11	12	2
ENSG00000272647	182	160	37
ENSG00000272650	27	14	4
ENSG00000272656	1	0	2
ENSG00000272657	538	313	84
ENSG00000272667	15	11	2
ENSG00000272668	228	251	54
ENSG00000272672	3	3	0
ENSG00000272678	6	2	0
ENSG00000272682	11	11	5
ENSG00000272688	55	34	14
ENSG00000272691	7	3	1
ENSG00000272692	29	19	4
ENSG00000272696	6	3	4
ENSG00000272699	5	2	0
ENSG00000272702	13	5	0
ENSG00000272703	0	2	0
ENSG00000272707	4	1	0
ENSG00000272715	1	0	0
ENSG00000272717	7	7	1
ENSG00000272719	11	6	2
ENSG00000272720	9	19	0
ENSG00000272732	18	11	3
ENSG00000272733	26	15	5
ENSG00000272735	19	20	2
ENSG00000272741	27	14	3
ENSG00000272742	11	11	1
ENSG00000272744	3	3	0
ENSG00000272748	3	0	0
ENSG00000272750	11	16	4
ENSG00000272754	56	40	11
ENSG00000272764	9	5	1
ENSG00000272768	28	30	9
ENSG00000272769	5	4	0
ENSG00000272770	9	10	1
ENSG00000272772	149	124	24
ENSG00000272777	5	11	0
ENSG00000272784	1	4	0
ENSG00000272791	19	11	2
ENSG00000272797	3	2	0
ENSG00000272798	0	1	1
ENSG00000272799	1	2	0
ENSG00000272800	608	510	84
ENSG00000272807	32	20	3
ENSG00000272810	1	0	0
ENSG00000272814	3	0	0
ENSG00000272815	32	8	1
ENSG00000272822	1035	741	193
ENSG00000272825	4	16	2
ENSG00000272829	7	11	1
ENSG00000272831	88	91	9
ENSG00000272832	5	0	0
ENSG00000272836	4	0	0
ENSG00000272842	3	5	0
ENSG00000272843	5	8	1
ENSG00000272844	11	11	2
ENSG00000272849	76	44	7
ENSG00000272851	4	4	0
ENSG00000272854	8	2	1
ENSG00000272855	3	0	0
ENSG00000272861	1	0	0
ENSG00000272862	4	0	1
ENSG00000272864	7	0	0
ENSG00000272866	2	2	0
ENSG00000272871	13	12	2
ENSG00000272874	6	5	0
ENSG00000272885	3	3	0
ENSG00000272892	17	8	4
ENSG00000272896	43	39	10
ENSG00000272897	33	19	8
ENSG00000272905	7	5	0
ENSG00000272906	19	12	2
ENSG00000272908	12	6	2
ENSG00000272910	2	5	0
ENSG00000272911	3	8	0
ENSG00000272912	4	3	0
ENSG00000272915	2	0	0
ENSG00000272916	25	25	6
ENSG00000272918	72	35	13
ENSG00000272921	47	35	11
ENSG00000272936	6	8	3
ENSG00000272940	3	4	0
ENSG00000272941	11	16	2
ENSG00000272942	6	1	0
ENSG00000272944	41	25	8
ENSG00000272948	18	9	2
ENSG00000272950	0	1	0
ENSG00000272953	42	34	11
ENSG00000272966	8	4	0
ENSG00000272970	187	135	27
ENSG00000272973	14	11	7
ENSG00000272977	94	92	14
ENSG00000272979	9	6	0
ENSG00000272980	37	30	6
ENSG00000272986	4	5	1
ENSG00000272990	2	3	0
ENSG00000272991	2	2	1
ENSG00000272995	3	0	0
ENSG00000273004	16	11	4
ENSG00000273007	40	25	6
ENSG00000273010	33	14	4
ENSG00000273012	4	1	0
ENSG00000273014	22	15	3
ENSG00000273025	80	42	7
ENSG00000273026	6	8	4
ENSG00000273044	2	0	0
ENSG00000273047	11	14	2
ENSG00000273055	7	8	0
ENSG00000273056	1	2	0
ENSG00000273058	2	3	0
ENSG00000273059	1	5	0
ENSG00000273063	4	4	1
ENSG00000273068	5	5	1
ENSG00000273069	4	1	0
ENSG00000273073	0	1	0
ENSG00000273077	6	4	1
ENSG00000273080	57	33	7
ENSG00000273088	136	63	21
ENSG00000273090	6	0	2
ENSG00000273091	0	3	2
ENSG00000273098	2	2	0
ENSG00000273100	5	1	0
ENSG00000273102	6	8	1
ENSG00000273108	38	25	5
ENSG00000273110	4	2	1
ENSG00000273112	302	165	58
ENSG00000273113	7	4	0
ENSG00000273118	2578	2051	451
ENSG00000273123	1	0	0
ENSG00000273133	24	10	4
ENSG00000273138	4	0	0
ENSG00000273139	14	10	5
ENSG00000273141	10	3	2
ENSG00000273145	20	19	4
ENSG00000273149	43	41	13
ENSG00000273154	2	0	0
ENSG00000273156	19	21	5
ENSG00000273165	16	11	1
ENSG00000273167	1	1	1
ENSG00000273171	5	7	1
ENSG00000273174	2	2	1
ENSG00000273175	47	28	8
ENSG00000273176	9	6	0
ENSG00000273177	0	2	0
ENSG00000273181	0	0	2
ENSG00000273183	4	7	3
ENSG00000273184	117	77	24
ENSG00000273188	7	14	2
ENSG00000273189	33	29	13
ENSG00000273192	13	15	2
ENSG00000273196	3	0	0
ENSG00000273199	39	18	3
ENSG00000273203	3	6	0
ENSG00000273204	9	5	1
ENSG00000273209	15	6	3
ENSG00000273212	0	0	0
ENSG00000273214	0	0	0
ENSG00000273217	61	58	13
ENSG00000273218	10	3	1
ENSG00000273219	29	8	3
ENSG00000273221	20	17	7
ENSG00000273226	7	5	0
ENSG00000273230	62	35	8
ENSG00000273233	3	2	0
ENSG00000273240	6	2	3
ENSG00000273244	17	18	2
ENSG00000273245	11	21	2
ENSG00000273248	27	23	6
ENSG00000273254	23	19	1
ENSG00000273258	10	17	2
ENSG00000273259	67	47	11
ENSG00000273261	2	0	1
ENSG00000273262	0	0	0
ENSG00000273267	0	3	0
ENSG00000273269	42	63	13
ENSG00000273271	1	1	1
ENSG00000273275	1	0	0
ENSG00000273287	7	5	4
ENSG00000273289	11	6	10
ENSG00000273291	261	251	30
ENSG00000273295	76	70	9
ENSG00000273300	2	0	2
ENSG00000273302	10	6	1
ENSG00000273305	7	5	0
ENSG00000273306	5	7	0
ENSG00000273314	15	11	5
ENSG00000273319	22	18	5
ENSG00000273321	5	0	0
ENSG00000273329	292	252	57
ENSG00000273335	0	1	0
ENSG00000273338	14	5	1
ENSG00000273341	41	11	6
ENSG00000273342	5	0	2
ENSG00000273345	235	199	40
ENSG00000273348	5	2	0
ENSG00000273355	28	21	4
ENSG00000273361	21	10	6
ENSG00000273362	4	3	1
ENSG00000273367	3	3	1
ENSG00000273374	10	3	2
ENSG00000273375	7	0	0
ENSG00000273384	5	3	0
ENSG00000273387	24	9	4
ENSG00000273388	213	120	26
ENSG00000273391	18	9	2
ENSG00000273394	1	2	0
ENSG00000273398	236	179	23
ENSG00000273399	0	0	0
ENSG00000273406	0	2	0
ENSG00000273416	11	7	1
ENSG00000273419	15	12	7
ENSG00000273424	6	8	0
ENSG00000273428	18	7	2
ENSG00000273437	5	1	0
ENSG00000273442	1	2	0
ENSG00000273443	3	3	0
ENSG00000273445	0	0	0
ENSG00000273447	4	4	1
ENSG00000273448	59	38	6
ENSG00000273449	20	21	6
ENSG00000273454	8	2	0
ENSG00000273455	2	3	0
ENSG00000273456	44	41	5
ENSG00000273461	18	9	4
ENSG00000273471	17	12	3
ENSG00000273473	2	4	0
ENSG00000273474	4	1	0
ENSG00000273476	2	2	1
ENSG00000273481	14	4	0
ENSG00000273483	2	2	0
ENSG00000273487	4	3	0
ENSG00000273489	12	6	0
ENSG00000273507	478	332	79
ENSG00000273521	15	9	8
ENSG00000273523	17	6	6
ENSG00000273550	92	74	25
ENSG00000273552	22	13	3
ENSG00000273565	28	10	9
ENSG00000273576	10	11	2
ENSG00000273582	2	1	0
ENSG00000273599	37	23	11
ENSG00000273637	45	24	7
ENSG00000273639	56	65	7
ENSG00000273650	5	4	2
ENSG00000273664	5	4	0
ENSG00000273669	3	2	0
ENSG00000273674	428	351	92
ENSG00000273680	16	8	1
ENSG00000273687	2	3	0
ENSG00000273702	39	21	4
ENSG00000273711	77	71	9
ENSG00000273729	81	51	12
ENSG00000273733	3	1	0
ENSG00000273734	508	419	107
ENSG00000273771	79	70	19
ENSG00000273784	802	677	113
ENSG00000273805	33	26	8
ENSG00000273816	3	3	0
ENSG00000273821	0	2	0
ENSG00000273828	177	164	39
ENSG00000273838	15	15	3
ENSG00000273840	61	39	13
ENSG00000273877	4	0	0
ENSG00000273890	2	6	0
ENSG00000273891	5	7	0
ENSG00000273901	4	0	1
ENSG00000273956	119	62	12
ENSG00000273965	2	3	0
ENSG00000273971	5	0	0
ENSG00000273972	3	0	0
ENSG00000273980	0	0	2
ENSG00000273998	17	16	7
ENSG00000274015	276	203	40
ENSG00000274021	53	52	12
ENSG00000274029	0	3	0
ENSG00000274090	327	212	56
ENSG00000274092	10	3	3
ENSG00000274104	26	18	8
ENSG00000274124	4	4	1
ENSG00000274156	7	2	0
ENSG00000274177	6	0	1
ENSG00000274184	70	49	4
ENSG00000274191	9	9	2
ENSG00000274213	16	4	0
ENSG00000274215	19	10	1
ENSG00000274220	47	47	11
ENSG00000274227	4	0	0
ENSG00000274248	7	7	5
ENSG00000274253	54	48	5
ENSG00000274261	2	1	0
ENSG00000274269	56	28	1
ENSG00000274272	5	5	1
ENSG00000274281	4	2	0
ENSG00000274292	70	35	12
ENSG00000274294	4	0	0
ENSG00000274315	10	14	0
ENSG00000274322	982	832	131
ENSG00000274331	0	2	0
ENSG00000274340	1	7	0
ENSG00000274341	63	48	6
ENSG00000274363	0	1	0
ENSG00000274367	13	2	2
ENSG00000274370	6	3	1
ENSG00000274373	7	10	1
ENSG00000274383	1515	822	271
ENSG00000274387	14	7	1
ENSG00000274400	5	7	1
ENSG00000274403	16	16	0
ENSG00000274415	2	2	0
ENSG00000274422	8874	4499	1069
ENSG00000274425	50	34	15
ENSG00000274441	82	37	9
ENSG00000274444	17	10	2
ENSG00000274447	2	5	0
ENSG00000274460	27	36	2
ENSG00000274492	14	9	3
ENSG00000274501	1	0	0
ENSG00000274508	3	0	0
ENSG00000274515	2	2	0
ENSG00000274554	10	7	2
ENSG00000274561	65	55	2
ENSG00000274565	51	55	4
ENSG00000274629	24	25	4
ENSG00000274670	0	0	0
ENSG00000274678	0	5	0
ENSG00000274685	2	0	0
ENSG00000274695	5	8	0
ENSG00000274698	39	30	7
ENSG00000274723	4	3	0
ENSG00000274751	48	25	7
ENSG00000274758	1	4	0
ENSG00000274766	144	98	28
ENSG00000274767	86	108	34
ENSG00000274769	80	36	10
ENSG00000274776	17	10	6
ENSG00000274797	4	2	1
ENSG00000274798	2	0	0
ENSG00000274818	4	3	0
ENSG00000274825	9	8	1
ENSG00000274833	10	1	5
ENSG00000274834	0	3	0
ENSG00000274859	0	4	0
ENSG00000274863	149	99	25
ENSG00000274893	1	2	0
ENSG00000274904	20	16	4
ENSG00000274918	3	4	0
ENSG00000274922	18	15	0
ENSG00000274937	5	5	2
ENSG00000274949	135	101	24
ENSG00000274979	15	5	1
ENSG00000274987	7	6	4
ENSG00000274993	5	12	7
ENSG00000274996	10	2	3
ENSG00000275005	2	2	0
ENSG00000275016	465	366	82
ENSG00000275024	2	4	0
ENSG00000275038	22	7	4
ENSG00000275055	30	21	7
ENSG00000275088	19	8	3
ENSG00000275091	18	7	4
ENSG00000275097	0	5	0
ENSG00000275119	1209	914	172
ENSG00000275139	9	7	1
ENSG00000275173	8	2	0
ENSG00000275178	2	0	1
ENSG00000275185	5	6	1
ENSG00000275186	0	2	0
ENSG00000275197	3	2	0
ENSG00000275202	41	21	11
ENSG00000275210	166	111	23
ENSG00000275216	19	14	9
ENSG00000275223	22	11	4
ENSG00000275228	0	4	0
ENSG00000275232	18	14	2
ENSG00000275234	3	0	1
ENSG00000275263	4	2	4
ENSG00000275265	1	2	0
ENSG00000275285	4	1	0
ENSG00000275327	2	3	0
ENSG00000275329	18	11	6
ENSG00000275332	4	2	0
ENSG00000275358	3	1	0
ENSG00000275367	28	40	6
ENSG00000275371	7	4	1
ENSG00000275383	6	8	3
ENSG00000275390	38	22	6
ENSG00000275401	2	6	3
ENSG00000275409	2	1	1
ENSG00000275413	14	8	1
ENSG00000275427	3	5	1
ENSG00000275431	25	10	4
ENSG00000275438	3	4	1
ENSG00000275443	1161	924	189
ENSG00000275445	7	2	1
ENSG00000275454	31	25	5
ENSG00000275457	25	10	3
ENSG00000275465	270	186	58
ENSG00000275476	1	1	0
ENSG00000275496	0	2	0
ENSG00000275512	8	5	1
ENSG00000275516	2	0	2
ENSG00000275532	61	47	19
ENSG00000275552	29	10	3
ENSG00000275557	34	19	2
ENSG00000275563	9	8	1
ENSG00000275569	4	6	0
ENSG00000275582	9	8	1
ENSG00000275613	27	34	5
ENSG00000275630	14	10	1
ENSG00000275638	5	7	0
ENSG00000275649	387	256	66
ENSG00000275665	46	39	17
ENSG00000275672	13	6	3
ENSG00000275674	416	267	68
ENSG00000275709	9	8	1
ENSG00000275719	29	14	1
ENSG00000275728	4	0	0
ENSG00000275734	216	155	31
ENSG00000275741	83	48	21
ENSG00000275759	2	2	0
ENSG00000275807	69	41	12
ENSG00000275812	2	2	0
ENSG00000275846	15	20	5
ENSG00000275857	8	6	1
ENSG00000275897	17	5	3
ENSG00000275898	12	6	3
ENSG00000275902	8	8	6
ENSG00000275910	4	7	0
ENSG00000275936	3	3	1
ENSG00000275944	48	32	5
ENSG00000275963	2	5	1
ENSG00000275964	51	32	8
ENSG00000276012	1	0	1
ENSG00000276063	3	3	0
ENSG00000276071	35	31	7
ENSG00000276075	128	89	22
ENSG00000276087	67	33	7
ENSG00000276101	8	7	0
ENSG00000276110	13	15	7
ENSG00000276131	9	9	2
ENSG00000276136	27	28	2
ENSG00000276148	20	8	2
ENSG00000276166	8	5	0
ENSG00000276170	40	21	10
ENSG00000276188	0	1	0
ENSG00000276216	27	31	9
ENSG00000276241	133	110	24
ENSG00000276250	4	3	0
ENSG00000276251	0	0	0
ENSG00000276261	7	1	0
ENSG00000276272	4	4	0
ENSG00000276292	3	4	0
ENSG00000276302	49	33	5
ENSG00000276308	5	4	0
ENSG00000276317	11	7	3
ENSG00000276348	16	10	4
ENSG00000276384	3	5	2
ENSG00000276403	3	1	0
ENSG00000276407	85	56	16
ENSG00000276408	3	0	0
ENSG00000276411	9	4	0
ENSG00000276412	6	4	0
ENSG00000276418	26	19	0
ENSG00000276422	2	3	0
ENSG00000276436	11	10	5
ENSG00000276445	11	7	0
ENSG00000276449	36	30	3
ENSG00000276487	5	2	0
ENSG00000276488	8	5	0
ENSG00000276490	31	21	9
ENSG00000276502	29	22	5
ENSG00000276509	5	0	0
ENSG00000276527	64	44	11
ENSG00000276529	41	32	3
ENSG00000276570	27	27	9
ENSG00000276571	2	3	3
ENSG00000276627	11	11	3
ENSG00000276649	46	53	9
ENSG00000276651	19	19	7
ENSG00000276663	2	5	0
ENSG00000276687	0	1	0
ENSG00000276691	5	4	0
ENSG00000276698	6	0	0
ENSG00000276702	5	2	1
ENSG00000276707	26	14	6
ENSG00000276727	20	16	6
ENSG00000276728	70	57	14
ENSG00000276742	4	6	1
ENSG00000276768	10	9	1
ENSG00000276772	6	7	0
ENSG00000276790	10	6	0
ENSG00000276791	31	26	11
ENSG00000276807	1	2	0
ENSG00000276814	2	2	0
ENSG00000276831	8	2	0
ENSG00000276846	1	0	0
ENSG00000276850	263	154	46
ENSG00000276851	20	18	10
ENSG00000276855	4	4	0
ENSG00000276863	1	4	0
ENSG00000276867	17	13	1
ENSG00000276888	3	0	0
ENSG00000276952	10	5	2
ENSG00000276957	4	5	0
ENSG00000276968	2	0	1
ENSG00000276972	1	4	0
ENSG00000276984	2	2	0
ENSG00000276997	89	47	12
ENSG00000277007	52	50	9
ENSG00000277010	2	0	0
ENSG00000277011	20	6	2
ENSG00000277017	3	3	0
ENSG00000277020	27	15	8
ENSG00000277022	62	48	10
ENSG00000277047	54	48	14
ENSG00000277087	5	2	0
ENSG00000277128	39	40	7
ENSG00000277144	2	3	0
ENSG00000277151	73	52	7
ENSG00000277152	118	95	19
ENSG00000277159	40	24	9
ENSG00000277182	42	42	4
ENSG00000277186	4	5	0
ENSG00000277214	3	11	4
ENSG00000277228	63	35	11
ENSG00000277235	3	0	0
ENSG00000277245	0	2	0
ENSG00000277247	1	0	0
ENSG00000277270	8	8	2
ENSG00000277287	72	73	9
ENSG00000277301	174	137	35
ENSG00000277324	35	28	5
ENSG00000277332	77	54	12
ENSG00000277350	7	3	0
ENSG00000277351	12	14	4
ENSG00000277368	13	13	6
ENSG00000277369	24	15	3
ENSG00000277382	3	7	3
ENSG00000277412	7	4	1
ENSG00000277423	11	4	0
ENSG00000277425	76	57	5
ENSG00000277453	5	9	1
ENSG00000277463	7	8	2
ENSG00000277476	98	64	11
ENSG00000277482	3	4	2
ENSG00000277491	1	4	0
ENSG00000277501	109	88	19
ENSG00000277504	2	0	0
ENSG00000277543	1	0	0
ENSG00000277550	4	0	0
ENSG00000277559	8	8	2
ENSG00000277587	2	0	0
ENSG00000277597	22	13	4
ENSG00000277602	10	9	1
ENSG00000277611	232	169	31
ENSG00000277621	3	0	0
ENSG00000277675	20	21	1
ENSG00000277688	52	47	9
ENSG00000277692	5	5	0
ENSG00000277693	54	39	10
ENSG00000277695	7	7	3
ENSG00000277701	11	14	2
ENSG00000277715	23	15	3
ENSG00000277728	5	5	1
ENSG00000277738	2	0	0
ENSG00000277757	322	220	41
ENSG00000277763	10	9	1
ENSG00000277767	12	14	5
ENSG00000277782	5	2	1
ENSG00000277797	2	0	0
ENSG00000277825	14	18	4
ENSG00000277831	3	2	1
ENSG00000277837	15	14	2
ENSG00000277855	276	264	67
ENSG00000277863	5	0	0
ENSG00000277873	2	4	0
ENSG00000277879	7	10	1
ENSG00000277895	20	16	4
ENSG00000277901	11	8	1
ENSG00000277930	4	10	0
ENSG00000277938	40	14	2
ENSG00000277954	70	57	8
ENSG00000277959	21	19	1
ENSG00000277969	27	26	4
ENSG00000277971	30	13	5
ENSG00000277997	0	2	0
ENSG00000278002	29	17	3
ENSG00000278013	74	67	16
ENSG00000278017	19	11	6
ENSG00000278041	4	1	1
ENSG00000278058	9	7	0
ENSG00000278060	3	3	0
ENSG00000278071	2	0	0
ENSG00000278075	5	4	2
ENSG00000278153	1	0	0
ENSG00000278177	25	18	6
ENSG00000278192	3	3	0
ENSG00000278206	149	122	20
ENSG00000278231	96	65	14
ENSG00000278239	2	0	0
ENSG00000278254	295	260	59
ENSG00000278276	8	1	3
ENSG00000278291	55	41	12
ENSG00000278305	31	11	7
ENSG00000278341	7	6	3
ENSG00000278344	0	2	1
ENSG00000278367	4	2	0
ENSG00000278370	3	0	0
ENSG00000278376	70	39	11
ENSG00000278385	4	8	0
ENSG00000278389	4	0	0
ENSG00000278408	45	34	8
ENSG00000278419	17	9	3
ENSG00000278445	5	3	1
ENSG00000278456	3	0	0
ENSG00000278464	10	10	2
ENSG00000278467	28	17	6
ENSG00000278518	0	0	1
ENSG00000278546	2	3	0
ENSG00000278601	52	31	8
ENSG00000278607	6	6	1
ENSG00000278626	6	0	0
ENSG00000278627	4	3	0
ENSG00000278638	21	16	2
ENSG00000278642	2	0	0
ENSG00000278657	16	3	6
ENSG00000278668	23	13	3
ENSG00000278690	0	0	0
ENSG00000278703	8	7	0
ENSG00000278713	20	9	9
ENSG00000278722	5	5	2
ENSG00000278727	11	14	1
ENSG00000278730	353	321	62
ENSG00000278737	5	2	0
ENSG00000278740	17	8	4
ENSG00000278743	42	41	4
ENSG00000278765	5	4	0
ENSG00000278766	0	5	1
ENSG00000278769	15	8	3
ENSG00000278816	5	5	1
ENSG00000278831	3	4	0
ENSG00000278834	43	28	7
ENSG00000278847	6	7	0
ENSG00000278869	21	29	3
ENSG00000278890	36	21	7
ENSG00000278899	30	14	0
ENSG00000278903	0	1	0
ENSG00000278911	1	0	1
ENSG00000278920	79	57	15
ENSG00000278923	5	9	6
ENSG00000278925	6	3	3
ENSG00000278932	120	37	9
ENSG00000278944	32	14	2
ENSG00000278996	553	285	76
ENSG00000279006	12	3	1
ENSG00000279028	2	0	0
ENSG00000279068	16	11	4
ENSG00000279070	7	8	3
ENSG00000279072	37	34	3
ENSG00000279073	80	36	11
ENSG00000279080	62	63	8
ENSG00000279085	25	15	7
ENSG00000279110	91	51	9
ENSG00000279145	18	18	4
ENSG00000279151	4	0	0
ENSG00000279159	73	52	20
ENSG00000279168	53	33	16
ENSG00000279182	5	3	0
ENSG00000279217	39	24	9
ENSG00000279232	17	8	2
ENSG00000279240	25	13	5
ENSG00000279277	99	84	9
ENSG00000279278	12	8	6
ENSG00000279298	3	0	0
ENSG00000279317	287	238	64
ENSG00000279321	8	3	0
ENSG00000279325	5	3	0
ENSG00000279345	16	4	4
ENSG00000279440	18	4	1
ENSG00000279442	1	0	0
ENSG00000279458	40	19	3
ENSG00000279467	21	16	5
ENSG00000279472	2	5	0
ENSG00000279494	34	20	2
ENSG00000279501	34	23	7
ENSG00000279529	80	79	16
ENSG00000279548	2	1	1
ENSG00000279558	19	8	3
ENSG00000279571	3	4	1
ENSG00000279622	43	37	8
ENSG00000279652	48	28	5
ENSG00000279658	108	73	14
ENSG00000279669	23	32	3
ENSG00000279686	81	68	18
ENSG00000279714	9	9	3
ENSG00000279726	181	114	31
ENSG00000279738	53	47	5
ENSG00000279762	64	48	25
ENSG00000279765	49	63	7
ENSG00000279848	2	0	0
ENSG00000279851	168	92	26
ENSG00000279855	0	0	0
ENSG00000279914	3	2	0
ENSG00000279927	57	24	3
ENSG00000279954	20	9	1
ENSG00000279956	193	154	40
ENSG00000279973	10	8	1
ENSG00000279983	115	93	10
ENSG00000279998	0	1	0
ENSG00000280007	68	41	8
ENSG00000280011	49	46	10
ENSG00000280025	5	4	1
ENSG00000280026	3	0	0
ENSG00000280029	64	52	10
ENSG00000280108	8	8	3
ENSG00000280136	74	72	16
ENSG00000280145	7	3	0
ENSG00000280148	4	9	0
ENSG00000280164	10	12	1
ENSG00000280169	11	10	1
ENSG00000280195	54	50	13
ENSG00000280224	0	4	0
ENSG00000280273	26	6	3
ENSG00000280299	24	16	3
ENSG00000280341	4	0	0
ENSG00000280356	16	7	0
ENSG00000280366	35	30	5
ENSG00000280382	17	13	3
ENSG00000280383	29	15	3
ENSG00000280418	14	8	1
ENSG00000280425	17	7	1
ENSG00000280441	154	117	31
ENSG00000280445	14	6	1
ENSG00000280455	13	7	3
ENSG00000280485	19	13	4
ENSG00000280486	16	10	2
ENSG00000280511	3	1	0
ENSG00000280537	24	14	5
ENSG00000280561	20	15	5
ENSG00000280571	142	106	39
ENSG00000280607	9	3	2
ENSG00000280758	10	9	3
ENSG00000280778	54	32	15
ENSG00000280850	26	11	3
ENSG00000280878	378	267	63
ENSG00000280881	0	2	0
ENSG00000280893	24	9	2
ENSG00000280920	3	5	1
ENSG00000280936	2	2	0
ENSG00000281016	227	187	34
ENSG00000281021	31	33	5
ENSG00000281039	126	92	16
ENSG00000281091	200	150	34
ENSG00000281120	61	52	5
ENSG00000281160	3	0	0
ENSG00000281167	160	112	36
ENSG00000281333	48	39	7
ENSG00000281383	34	33	8
ENSG00000281386	69	39	12
ENSG00000281538	22	8	2
ENSG00000281593	1139	797	145
ENSG00000281613	59	28	12
ENSG00000281655	83	46	12
ENSG00000281883	45	35	3
ENSG00000281938	10	8	4
ENSG00000282012	15	7	0
ENSG00000282021	9	6	0
ENSG00000282022	448	275	80
ENSG00000282024	18	8	5
ENSG00000282041	33	14	4
ENSG00000282080	49	33	8
ENSG00000282097	68	44	11
ENSG00000282121	9	3	0
ENSG00000282142	133	106	15
ENSG00000282143	2	2	4
ENSG00000282199	19	15	2
ENSG00000282218	355	266	73
ENSG00000282221	6	0	0
ENSG00000282265	5	3	0
ENSG00000282278	1667	1194	268
ENSG00000282304	32	15	6
ENSG00000282317	3	0	0
ENSG00000282381	149	110	24
ENSG00000282386	9	8	1
ENSG00000282393	9	6	0
ENSG00000282408	2	9	4
ENSG00000282418	48	58	12
ENSG00000282440	22	29	7
ENSG00000282478	16	1	3
ENSG00000282527	64	52	14
ENSG00000282556	501	453	83
ENSG00000282564	510	404	84
ENSG00000282602	4	4	0
ENSG00000282686	0	0	0
ENSG00000282718	0	4	0
ENSG00000282740	2	2	0
ENSG00000282759	3	0	0
ENSG00000282772	49	35	10
ENSG00000282787	8	2	0
ENSG00000282793	10	4	0
ENSG00000282804	46	36	17
ENSG00000282816	6	6	0
ENSG00000282828	66	49	11
ENSG00000282836	1	8	0
ENSG00000282843	15	13	5
ENSG00000282849	23	18	3
ENSG00000282863	275	170	40
ENSG00000282876	10	5	1
ENSG00000282882	108	78	18
ENSG00000282885	367	227	59
ENSG00000282887	3	3	0
ENSG00000282906	21	18	1
ENSG00000282914	44	31	11
ENSG00000282925	3	0	0
ENSG00000282944	4	3	0
ENSG00000282950	4	2	0
ENSG00000282951	126	100	26
ENSG00000282952	36	25	5
ENSG00000282965	38	87	5
ENSG00000282987	713	589	158
ENSG00000282988	332	142	23
ENSG00000282998	597	453	105
ENSG00000283001	20	16	2
ENSG00000283003	160	97	20
ENSG00000283025	9	3	1
ENSG00000283031	78	52	12
ENSG00000283033	1	0	0
ENSG00000283044	53	33	8
ENSG00000283058	17	13	3
ENSG00000283061	15	13	2
ENSG00000283072	139	86	23
ENSG00000283078	17	25	2
ENSG00000283095	20	10	1
ENSG00000283096	5	2	0
ENSG00000283098	880	655	144
ENSG00000283103	116	109	32
ENSG00000283108	224	182	30
ENSG00000283118	51	17	8
ENSG00000283125	3	3	0
ENSG00000283128	114	99	30
ENSG00000283138	29	12	5
ENSG00000283148	27	26	1
ENSG00000283149	26	22	6
ENSG00000283155	202	168	31
ENSG00000283157	6	2	0
ENSG00000283164	11	10	3
ENSG00000283175	11	11	0
ENSG00000283201	164	125	30
ENSG00000283205	1	0	0
ENSG00000283208	50	43	16
ENSG00000283213	11	6	2
ENSG00000283217	39	21	5
ENSG00000283221	15	7	3
ENSG00000283228	19	16	3
ENSG00000283235	74	48	7
ENSG00000283240	303	234	53
ENSG00000283258	66	51	5
ENSG00000283286	38	24	3
ENSG00000283294	508	391	105
ENSG00000283303	3	0	0
ENSG00000283321	73	71	22
ENSG00000283341	26	15	7
ENSG00000283347	56	44	10
ENSG00000283360	134	116	26
ENSG00000283380	1040	733	219
ENSG00000283383	18	16	3
ENSG00000283384	225	151	43
ENSG00000283392	99	77	29
ENSG00000283400	66	37	10
ENSG00000283403	291	218	46
ENSG00000283405	2	3	0
ENSG00000283411	122	93	29
ENSG00000283413	50	16	3
ENSG00000283415	674	518	133
ENSG00000283445	154	105	18
ENSG00000283457	46	16	2
ENSG00000283458	65	40	12
ENSG00000283459	3	3	0
ENSG00000283462	11	15	5
ENSG00000283480	1178	933	173
ENSG00000283504	120	100	26
ENSG00000283515	33	38	4
ENSG00000283517	106	68	8
ENSG00000283536	3	0	0
ENSG00000283538	161	116	23
ENSG00000283546	42	27	7
ENSG00000283549	21	19	3
ENSG00000283563	203	164	18
ENSG00000283573	147	111	24
ENSG00000283579	269	149	38
ENSG00000283580	111	69	13
ENSG00000283627	23	15	3
ENSG00000283629	46	29	7
ENSG00000283631	12	1	3
ENSG00000283633	143	83	31
ENSG00000283635	42	23	2
ENSG00000283647	0	1	0
ENSG00000283648	140	125	34
ENSG00000283662	11	9	3
ENSG00000283663	12	12	3
ENSG00000283667	12	19	2
ENSG00000283674	4027	3619	631
ENSG00000283684	6	5	1
ENSG00000283689	12	14	1
ENSG00000283692	739	586	129
ENSG00000283696	438	328	66
ENSG00000283743	13	11	7
ENSG00000283757	295	249	30
ENSG00000283761	46	40	13
ENSG00000283765	23	20	2
ENSG00000283766	22	14	3
ENSG00000283769	21	11	2
ENSG00000283782	1084	870	158
ENSG00000283809	4	2	0
ENSG00000283839	30	16	6
ENSG00000283877	82	59	12
ENSG00000283886	156	105	19
ENSG00000283897	60	34	5
ENSG00000283907	272	191	46
ENSG00000283913	525	393	58
ENSG00000283914	53	19	7
ENSG00000283959	252	178	40
ENSG00000283973	27	13	6
ENSG00000283977	881	504	92
ENSG00000283982	571	413	103
ENSG00000283991	7	2	1
ENSG00000283999	15	17	0
ENSG00000284048	7	3	3
ENSG00000284052	885	598	120
ENSG00000284057	104	68	10
ENSG00000284070	15	11	2
ENSG00000284116	333	374	47
ENSG00000284196	237	174	49
ENSG00000284292	160	129	28
ENSG00000284309	4	6	1
ENSG00000284341	0	6	0
ENSG00000284376	51	28	10
ENSG00000284377	260	221	38
ENSG00000284391	70	53	9
ENSG00000284393	30	23	5
ENSG00000284428	0	0	0
ENSG00000284430	116	70	23
ENSG00000284452	2	0	0
ENSG00000284461	89	60	17
ENSG00000284500	6	2	0
ENSG00000284512	35	27	8
ENSG00000284523	261	159	40
ENSG00000284526	5	9	2
ENSG00000284534	53	50	10
ENSG00000284554	14	9	2
ENSG00000284600	41	26	8
ENSG00000284601	19	7	1
ENSG00000284602	64	87	18
ENSG00000284606	627	675	94
ENSG00000284607	172	125	27
ENSG00000284612	45	31	11
ENSG00000284616	5	5	2
ENSG00000284618	4	6	0
ENSG00000284624	288	273	50
ENSG00000284626	131	124	23
ENSG00000284632	152	151	27
ENSG00000284633	185	116	38
ENSG00000284634	1483	1430	248
ENSG00000284640	33	31	9
ENSG00000284641	6	3	1
ENSG00000284642	10	11	1
ENSG00000284644	189	172	31
ENSG00000284645	5	6	3
ENSG00000284646	140	111	23
ENSG00000284650	0	1	0
ENSG00000284652	5	3	2
ENSG00000284653	44	34	8
ENSG00000284656	3	11	2
ENSG00000284657	54	25	7
ENSG00000284664	18	14	0
ENSG00000284669	189	114	27
ENSG00000284675	59	38	12
ENSG00000284676	26	16	3
ENSG00000284685	1360	950	238
ENSG00000284686	219	158	33
ENSG00000284691	29	34	6
ENSG00000284692	9	7	1
ENSG00000284694	4	2	0
ENSG00000284695	76	37	15
ENSG00000284697	289	230	46
ENSG00000284699	93	64	14
ENSG00000284700	4	5	2
ENSG00000284702	29	27	10
ENSG00000284703	11	12	2
ENSG00000284705	1	5	5
ENSG00000284707	1947	1489	261
ENSG00000284708	56	32	7
ENSG00000284710	3	0	0
ENSG00000284716	21	15	6
ENSG00000284719	34	39	9
ENSG00000284720	0	0	0
ENSG00000284721	17	8	4
ENSG00000284722	32	21	5
ENSG00000284726	60	49	11
ENSG00000284732	9	5	3
ENSG00000284734	53	33	2
ENSG00000284735	85	46	4
ENSG00000284738	69	68	15
ENSG00000284739	6	6	2
ENSG00000284743	4	1	0
ENSG00000284744	12	8	2
ENSG00000284745	17	10	1
ENSG00000284747	90	63	17
ENSG00000284748	16	15	4
ENSG00000284772	210	137	25
ENSG00000284773	82	70	10
ENSG00000284776	110	95	19
ENSG00000284800	7	4	1
ENSG00000284803	19	18	1
ENSG00000284808	94	82	13
ENSG00000284820	24	14	4
ENSG00000284823	61	52	9
ENSG00000284825	66	35	13
ENSG00000284839	3	3	0
ENSG00000284846	47	20	7
ENSG00000284876	26	13	5
ENSG00000284882	91	51	15
ENSG00000284906	212	116	33
ENSG00000284914	12	10	2
ENSG00000284928	10	13	2
ENSG00000284930	8	9	1
ENSG00000284931	8	17	7
ENSG00000284946	21	38	4
ENSG00000284952	119	81	17
ENSG00000284957	14	9	3
ENSG00000284966	109	92	21
ENSG00000284969	48	21	7
ENSG00000284977	409	302	89
ENSG00000284987	117	74	20
ENSG00000284989	9	3	0
ENSG00000284994	1	3	0
ENSG00000284999	581	412	92
ENSG00000285000	205	110	26
ENSG00000285006	9	6	0
ENSG00000285012	47	23	10
ENSG00000285016	248	163	36
ENSG00000285018	44	39	3
ENSG00000285040	118	77	14
ENSG00000285041	11	5	1
ENSG00000285043	198	169	27
ENSG00000285064	14	7	4
ENSG00000285068	43	24	6
ENSG00000285079	14	8	4
ENSG00000285080	455	315	88
ENSG00000285082	248	230	58
ENSG00000285090	815	739	133
ENSG00000285091	200	165	34
ENSG00000285095	551	418	86
ENSG00000285108	56	37	12
ENSG00000285117	152	138	25
ENSG00000285128	2	1	0
ENSG00000285130	724	441	87
ENSG00000285144	34	23	5
ENSG00000285155	395	275	78
ENSG00000285159	68	59	16
ENSG00000285162	53	37	13
ENSG00000285163	77	60	10
ENSG00000285165	37	27	4
ENSG00000285169	21	9	3
ENSG00000285171	25	20	1
ENSG00000285177	13	4	1
ENSG00000285179	20	22	7
ENSG00000285201	58	42	13
ENSG00000285212	61	44	9
ENSG00000285216	113	104	20
ENSG00000285220	105	56	13
ENSG00000285238	24	24	6
ENSG00000285239	3	4	0
ENSG00000285245	54	36	16
ENSG00000285253	1103	709	120
ENSG00000285269	47	28	4
ENSG00000285283	214	144	26
ENSG00000285300	315	207	42
ENSG00000285304	47	28	5
ENSG00000285314	17	20	3
ENSG00000285329	769	593	111
ENSG00000285330	12	4	2
ENSG00000285338	18	15	2
ENSG00000285354	20	13	3
ENSG00000285361	9	4	0
ENSG00000285374	2	0	0
ENSG00000285382	500	389	67
ENSG00000285402	193	127	38
ENSG00000285404	355	212	42
ENSG00000285407	561	394	110
ENSG00000285409	251	188	32
ENSG00000285413	2	6	2
ENSG00000285424	481	326	103
ENSG00000285444	120	88	17
ENSG00000285446	73	47	11
ENSG00000285467	113	86	11
ENSG00000285471	1160	604	155
ENSG00000285473	193	160	31
ENSG00000285486	18	18	10
ENSG00000285492	249	176	32
ENSG00000285505	73	46	11
ENSG00000285513	1	0	0
ENSG00000285517	186	142	48
ENSG00000285518	11	10	0
ENSG00000285519	124	94	19
ENSG00000285520	328	237	59
ENSG00000285521	16	20	4
ENSG00000285523	11	6	3
ENSG00000285524	1	0	0
ENSG00000285525	37	18	7
ENSG00000285526	9	3	1
ENSG00000285527	15	2	3
ENSG00000285528	11	2	4
ENSG00000285529	114	117	8
ENSG00000285530	180	154	23
ENSG00000285534	838	662	133
ENSG00000285535	2099	1850	333
ENSG00000285538	2	2	2
ENSG00000285539	5	3	0
ENSG00000285540	56	27	5
ENSG00000285541	72	49	17
ENSG00000285542	178	127	24
ENSG00000285543	32	35	13
ENSG00000285544	136	104	28
ENSG00000285545	11	6	2
ENSG00000285547	75	56	14
ENSG00000285548	42	15	3
ENSG00000285549	83	50	15
ENSG00000285550	383	273	70
ENSG00000285552	116	73	16
ENSG00000285553	131	81	21
ENSG00000285555	8	1	1
ENSG00000285556	36	16	11
ENSG00000285557	610	414	103
ENSG00000285558	110	102	17
ENSG00000285559	2	0	0
ENSG00000285561	7	2	0
ENSG00000285562	3	2	0
ENSG00000285563	13	11	1
ENSG00000285564	27	24	5
ENSG00000285565	612	228	64
ENSG00000285567	334	234	43
ENSG00000285568	24	22	2
ENSG00000285569	91	70	10
ENSG00000285570	114	84	26
ENSG00000285572	876	543	152
ENSG00000285573	5	0	0
ENSG00000285575	16	18	4
ENSG00000285577	49	25	3
ENSG00000285579	1002	710	153
ENSG00000285580	2	0	0
ENSG00000285581	47	30	12
ENSG00000285582	891	691	147
ENSG00000285584	57	51	7
ENSG00000285585	41	26	3
ENSG00000285586	8	10	3
ENSG00000285587	29	24	2
ENSG00000285588	108	66	13
ENSG00000285589	178	157	28
ENSG00000285590	40	22	8
ENSG00000285591	60	41	15
ENSG00000285595	74	42	7
ENSG00000285596	272	191	36
ENSG00000285597	8	3	0
ENSG00000285598	12	9	4
ENSG00000285599	12	10	3
ENSG00000285600	23	22	4
ENSG00000285601	31	10	3
ENSG00000285602	32	26	12
ENSG00000285603	12	7	2
ENSG00000285604	8	6	4
ENSG00000285605	120	87	12
ENSG00000285606	4	0	0
ENSG00000285608	68	58	9
ENSG00000285610	14	5	3
ENSG00000285612	12	8	5
ENSG00000285613	37	17	4
ENSG00000285614	7	4	3
ENSG00000285615	11	7	7
ENSG00000285616	33	14	5
ENSG00000285619	934	703	217
ENSG00000285621	66	53	14
ENSG00000285622	462	327	77
ENSG00000285623	18	11	1
ENSG00000285624	14	11	4
ENSG00000285627	14	10	2
ENSG00000285628	12	14	1
ENSG00000285629	20	27	5
ENSG00000285630	9	4	3
ENSG00000285631	5	2	2
ENSG00000285632	43	34	13
ENSG00000285633	210	171	36
ENSG00000285634	152	108	26
ENSG00000285635	205	167	43
ENSG00000285636	34	47	10
ENSG00000285637	301	152	31
ENSG00000285638	650	471	117
ENSG00000285639	129	103	29
ENSG00000285640	8	7	5
ENSG00000285641	149	114	40
ENSG00000285642	12	6	1
ENSG00000285643	4	3	3
ENSG00000285644	9	15	2
ENSG00000285645	40	18	4
ENSG00000285646	176	145	29
ENSG00000285647	20	15	6
ENSG00000285648	34	26	7
ENSG00000285649	47	32	10
ENSG00000285650	62	44	12
ENSG00000285651	45	47	10
ENSG00000285652	25	15	10
ENSG00000285653	3	2	0
ENSG00000285654	0	5	0
ENSG00000285655	32	14	2
ENSG00000285656	91	68	21
ENSG00000285658	242	174	33
ENSG00000285660	6	3	0
ENSG00000285661	2	3	0
ENSG00000285663	10	5	5
ENSG00000285664	1187	904	182
ENSG00000285666	177	111	20
ENSG00000285667	563	437	105
ENSG00000285668	17	90	1
ENSG00000285669	180	136	19
ENSG00000285670	11	7	2
ENSG00000285671	22	12	3
ENSG00000285672	8	8	3
ENSG00000285673	242	139	41
ENSG00000285675	48	31	4
ENSG00000285676	57	37	7
ENSG00000285677	150	115	24
ENSG00000285679	2988	2485	440
ENSG00000285680	36	31	10
ENSG00000285681	465	350	83
ENSG00000285683	166	141	25
ENSG00000285684	79	52	12
ENSG00000285685	11	6	5
ENSG00000285688	132	90	18
ENSG00000285689	5	6	2
ENSG00000285691	56	40	12
ENSG00000285693	377	273	62
ENSG00000285694	18	17	5
ENSG00000285695	74	59	17
ENSG00000285696	107	80	13
ENSG00000285698	34	15	10
ENSG00000285699	75	41	11
ENSG00000285700	16	18	2
ENSG00000285701	23	16	2
ENSG00000285702	3	6	2
ENSG00000285703	48	40	14
ENSG00000285704	7	5	3
ENSG00000285705	42	43	6
ENSG00000285706	21	12	7
ENSG00000285707	10	10	1
ENSG00000285708	439	336	68
ENSG00000285709	18	12	6
ENSG00000285710	183	172	40
ENSG00000285712	101	59	14
ENSG00000285714	6	9	2
ENSG00000285715	0	1	0
ENSG00000285716	2	4	1
ENSG00000285717	81	55	10
ENSG00000285718	219	165	50
ENSG00000285719	39	13	4
ENSG00000285722	2	1	0
ENSG00000285724	231	173	42
ENSG00000285726	15	11	3
ENSG00000285727	11	9	3
ENSG00000285728	170	139	30
ENSG00000285729	21	27	2
ENSG00000285730	32	17	5
ENSG00000285731	225	161	35
ENSG00000285732	6	4	1
ENSG00000285733	18	16	4
ENSG00000285734	25	14	6
ENSG00000285736	69	41	9
ENSG00000285738	5	3	0
ENSG00000285739	5	0	1
ENSG00000285740	7	3	0
ENSG00000285741	424	312	54
ENSG00000285742	4	5	3
ENSG00000285743	33	40	14
ENSG00000285747	19	9	3
ENSG00000285748	9	5	2
ENSG00000285749	96	70	7
ENSG00000285750	18	12	4
ENSG00000285751	335	298	52
ENSG00000285754	147	107	29
ENSG00000285756	602	360	67
ENSG00000285758	124	86	19
ENSG00000285759	9	1	0
ENSG00000285761	74	43	22
ENSG00000285763	118	113	19
ENSG00000285764	14	16	2
ENSG00000285766	0	0	1
ENSG00000285769	266	148	35
ENSG00000285770	6	7	1
ENSG00000285771	21	8	2
ENSG00000285773	76	62	17
ENSG00000285775	7	6	1
ENSG00000285777	23	19	5
ENSG00000285778	194	144	35
ENSG00000285779	73	60	9
ENSG00000285780	49	51	9
ENSG00000285782	79	45	7
ENSG00000285783	191	127	22
ENSG00000285784	835	642	162
ENSG00000285785	40	28	5
ENSG00000285786	2	1	2
ENSG00000285788	1	6	0
ENSG00000285789	105	62	27
ENSG00000285790	28	27	4
ENSG00000285791	108	78	16
ENSG00000285792	4	8	0
ENSG00000285796	215	222	51
ENSG00000285797	74	47	18
ENSG00000285798	138	77	24
ENSG00000285800	7	4	0
ENSG00000285801	280	197	52
ENSG00000285802	133	84	29
ENSG00000285803	13	10	6
ENSG00000285805	3	1	2
ENSG00000285806	21	11	5
ENSG00000285807	9	8	0
ENSG00000285809	16	19	4
ENSG00000285810	17	17	6
ENSG00000285811	7	3	1
ENSG00000285812	30	38	7
ENSG00000285813	7	3	1
ENSG00000285816	358	246	73
ENSG00000285817	306	226	52
ENSG00000285819	75	58	15
ENSG00000285820	91	71	25
ENSG00000285821	8	2	0
ENSG00000285822	85	60	6
ENSG00000285824	8	10	1
ENSG00000285826	260	226	38
ENSG00000285827	48	30	14
ENSG00000285829	57	41	6
ENSG00000285830	12	16	3
ENSG00000285831	146	111	36
ENSG00000285834	209	144	32
ENSG00000285835	494	407	82
ENSG00000285836	11	11	4
ENSG00000285837	70	41	7
ENSG00000285838	302	196	49
ENSG00000285840	42	40	13
ENSG00000285841	5	7	1
ENSG00000285842	443	251	76
ENSG00000285846	13	4	1
ENSG00000285847	186	121	28
ENSG00000285848	156	128	26
ENSG00000285849	11	6	2
ENSG00000285850	2	8	0
ENSG00000285851	810	843	132
ENSG00000285852	41	34	8
ENSG00000285853	12	4	9
ENSG00000285854	303	262	60
ENSG00000285855	11	10	0
ENSG00000285856	10	8	3
ENSG00000285857	41	38	2
ENSG00000285858	37	30	8
ENSG00000285859	493	419	81
ENSG00000285860	250	206	38
ENSG00000285861	161	97	31
ENSG00000285864	40	41	2
ENSG00000285865	10	10	8
ENSG00000285867	158	123	22
ENSG00000285868	202	124	29
ENSG00000285870	11	9	5
ENSG00000285871	37	8	6
ENSG00000285872	98	69	17
ENSG00000285873	55	25	5
ENSG00000285876	819	654	121
ENSG00000285877	562	414	84
ENSG00000285878	85	71	15
ENSG00000285879	55	32	8
ENSG00000285880	83	75	20
ENSG00000285881	12	10	2
ENSG00000285883	5	4	0
ENSG00000285884	30	28	9
ENSG00000285885	17	19	6
ENSG00000285886	2	3	0
ENSG00000285887	20	14	1
ENSG00000285888	25	19	5
ENSG00000285889	64	49	7
ENSG00000285890	22	26	6
ENSG00000285894	322	252	50
ENSG00000285895	2	0	2
ENSG00000285897	4	3	2
ENSG00000285898	88	64	26
ENSG00000285899	162	142	26
ENSG00000285900	2	3	0
ENSG00000285901	105	77	18
ENSG00000285902	81	51	20
ENSG00000285904	174	151	27
ENSG00000285906	147	102	23
ENSG00000285907	85	75	17
ENSG00000285908	37	44	10
ENSG00000285909	482	295	69
ENSG00000285910	3	2	0
ENSG00000285911	69	53	6
ENSG00000285914	48	27	5
ENSG00000285915	17	7	3
ENSG00000285917	8	0	0
ENSG00000285918	6	5	1
ENSG00000285919	106	82	19
ENSG00000285920	192	138	26
ENSG00000285921	228	156	41
ENSG00000285922	12	12	0
ENSG00000285923	51	19	8
ENSG00000285925	6	5	1
ENSG00000285926	27	16	9
ENSG00000285928	6	5	0
ENSG00000285929	8	8	2
ENSG00000285930	15	11	0
ENSG00000285931	7	3	0
ENSG00000285932	467	283	68
ENSG00000285933	7	6	0
ENSG00000285934	22	21	2
ENSG00000285935	23	18	7
ENSG00000285936	5	3	1
ENSG00000285938	79	53	17
ENSG00000285939	1942	1542	346
ENSG00000285941	195	146	50
ENSG00000285942	89	82	10
ENSG00000285945	17	12	0
ENSG00000285947	64	78	18
ENSG00000285948	44	16	13
ENSG00000285952	65	45	5
ENSG00000285954	34	16	5
ENSG00000285957	23	16	3
ENSG00000285958	15	12	6
ENSG00000285959	109	89	16
ENSG00000285960	142	92	27
ENSG00000285961	590	383	130
ENSG00000285963	19	13	2
ENSG00000285964	90	62	21
ENSG00000285966	288	210	44
ENSG00000285968	93	66	10
ENSG00000285969	7	8	0
ENSG00000285970	12	8	1
ENSG00000285971	114	115	32
ENSG00000285973	38	31	10
ENSG00000285974	7	2	1
ENSG00000285977	5	2	0
ENSG00000285978	23	25	5
ENSG00000285979	23	8	3
ENSG00000285980	148	95	24
ENSG00000285981	98	69	15
ENSG00000285982	259	197	48
ENSG00000285984	13	8	2
ENSG00000285987	874	580	129
ENSG00000285991	111	72	13
ENSG00000285992	129	84	18
ENSG00000285993	3	2	0
ENSG00000285996	9	7	1
ENSG00000285997	12	5	1
ENSG00000285998	8	5	2
ENSG00000285999	238	176	45
ENSG00000286000	13	15	0
ENSG00000286001	186	158	30
ENSG00000286002	4	1	0
ENSG00000286003	484	654	74
ENSG00000286004	49	26	7
ENSG00000286006	2	2	0
ENSG00000286008	0	2	0
ENSG00000286009	19	16	1
ENSG00000286010	37	23	2
ENSG00000286011	12	4	3
ENSG00000286013	8	5	2
ENSG00000286015	132	90	23
ENSG00000286016	236	234	47
ENSG00000286017	23	10	12
ENSG00000286018	6	5	1
ENSG00000286020	67	46	11
ENSG00000286022	194	128	34
ENSG00000286023	101	66	10
ENSG00000286024	41	39	9
ENSG00000286026	104	66	22
ENSG00000286031	3	2	0
ENSG00000286033	826	652	162
ENSG00000286034	85	53	23
ENSG00000286035	76	67	16
ENSG00000286036	15	9	5
ENSG00000286037	6	2	1
ENSG00000286039	39	39	8
ENSG00000286040	196	146	39
ENSG00000286041	77	57	12
ENSG00000286043	57	30	10
ENSG00000286044	624	425	88
ENSG00000286045	54	57	13
ENSG00000286047	0	3	0
ENSG00000286049	2	3	0
ENSG00000286050	404	273	76
ENSG00000286052	100	69	16
ENSG00000286056	7	5	1
ENSG00000286058	24	24	3
ENSG00000286059	4	6	1
ENSG00000286060	41	36	9
ENSG00000286062	134	114	30
ENSG00000286063	60	45	15
ENSG00000286066	87	64	22
ENSG00000286067	39	32	6
ENSG00000286068	284	212	37
ENSG00000286070	62	43	14
ENSG00000286071	236	151	36
ENSG00000286072	601	488	95
ENSG00000286076	147	128	30
ENSG00000286077	1	2	0
ENSG00000286078	10	7	3
ENSG00000286080	6	7	1
ENSG00000286081	26	16	3
ENSG00000286082	139	82	20
ENSG00000286083	6	5	1
ENSG00000286084	471	300	84
ENSG00000286085	211	160	52
ENSG00000286087	5	2	0
ENSG00000286088	9	13	2
ENSG00000286089	43	30	4
ENSG00000286090	8	3	0
ENSG00000286092	44	31	8
ENSG00000286093	50	28	6
ENSG00000286097	67	32	9
ENSG00000286098	213	149	42
ENSG00000286099	346	299	74
ENSG00000286100	68	49	15
ENSG00000286101	86	65	15
ENSG00000286103	31	27	5
ENSG00000286104	276	178	52
ENSG00000286108	5	5	1
ENSG00000286109	42	34	6
ENSG00000286113	12	15	4
ENSG00000286115	100	82	19
ENSG00000286116	33	5	4
ENSG00000286117	33	26	2
ENSG00000286118	12	14	2
ENSG00000286119	8	5	0
ENSG00000286121	1007	1024	185
ENSG00000286123	133	100	38
ENSG00000286124	9	14	3
ENSG00000286125	40	31	9
ENSG00000286126	11	5	3
ENSG00000286127	29	35	5
ENSG00000286128	4	5	0
ENSG00000286129	2297	1527	327
ENSG00000286130	23	17	1
ENSG00000286132	501	430	79
ENSG00000286133	593	455	101
ENSG00000286134	224	195	41
ENSG00000286136	68	52	8
ENSG00000286138	57	50	13
ENSG00000286141	21	21	4
ENSG00000286142	15	6	3
ENSG00000286143	34	9	3
ENSG00000286144	50	41	6
ENSG00000286145	571	440	107
ENSG00000286150	132	93	25
ENSG00000286152	456	355	75
ENSG00000286154	9	10	4
ENSG00000286157	1	3	0
ENSG00000286158	7	6	0
ENSG00000286159	7	6	5
ENSG00000286160	46	23	3
ENSG00000286161	46	41	15
ENSG00000286163	347	249	84
ENSG00000286164	36	23	7
ENSG00000286167	26	22	2
ENSG00000286168	32	42	1
ENSG00000286171	3	2	2
ENSG00000286174	28	19	0
ENSG00000286179	19	9	3
ENSG00000286180	14	5	0
ENSG00000286182	22	17	4
ENSG00000286183	7	6	2
ENSG00000286185	101	70	14
ENSG00000286186	25	23	6
ENSG00000286187	38	29	4
ENSG00000286188	9	11	2
ENSG00000286191	65	36	5
ENSG00000286192	12	14	2
ENSG00000286194	31	13	10
ENSG00000286195	252	153	50
ENSG00000286196	31	23	5
ENSG00000286197	129	102	25
ENSG00000286198	390	283	67
ENSG00000286199	5	2	0
ENSG00000286201	74	47	6
ENSG00000286204	13	12	2
ENSG00000286205	5	13	3
ENSG00000286206	72	39	10
ENSG00000286207	30	20	1
ENSG00000286208	39	26	7
ENSG00000286209	86	50	10
ENSG00000286210	22	12	3
ENSG00000286211	556	438	84
ENSG00000286212	162	139	32
ENSG00000286213	44	45	7
ENSG00000286216	219	202	42
ENSG00000286218	89	63	19
ENSG00000286221	422	280	68
ENSG00000286222	17	8	2
ENSG00000286223	28	25	4
ENSG00000286225	371	237	69
ENSG00000286226	23	17	2
ENSG00000286227	51	36	14
ENSG00000286229	73	67	11
ENSG00000286230	26	28	3
ENSG00000286231	178	122	30
ENSG00000286232	2	1	0
ENSG00000286233	0	1	0
ENSG00000286234	139	86	30
ENSG00000286235	36	29	8
ENSG00000286238	89	70	26
ENSG00000286239	225	121	27
ENSG00000286240	39	30	1
ENSG00000286241	18	8	1
ENSG00000286242	34	28	4
ENSG00000286244	112	89	17
ENSG00000286245	18	12	1
ENSG00000286246	2	6	0
ENSG00000286247	34	20	1
ENSG00000286248	43	32	7
ENSG00000286249	57	33	10
ENSG00000286250	4	0	0
ENSG00000286251	699	586	111
ENSG00000286253	136	88	29
ENSG00000286254	5	6	3
ENSG00000286257	320	229	47
ENSG00000286258	5	7	2
ENSG00000286259	99	79	23
ENSG00000286260	123	71	12
ENSG00000286262	41	23	3
ENSG00000286263	448	359	90
ENSG00000286266	302	211	44
ENSG00000286268	40	32	5
ENSG00000286269	12	10	2
ENSG00000286270	17	12	2
ENSG00000286271	362	249	59
ENSG00000286272	101	58	12
ENSG00000286274	46	33	14
ENSG00000286275	5	4	2
ENSG00000286276	23	19	3
ENSG00000286277	338	249	74
ENSG00000286279	171	137	25
ENSG00000286280	0	6	1
ENSG00000286281	36	34	9
ENSG00000286282	247	265	44
ENSG00000286283	0	2	0
ENSG00000286284	4	0	1
ENSG00000286285	44	24	5
ENSG00000286286	70	36	11
ENSG00000286288	258	172	55
ENSG00000286289	33	22	2
ENSG00000286290	48	40	7
ENSG00000286291	5	7	2
ENSG00000286292	273	194	33
ENSG00000286293	2	3	3
ENSG00000286295	24	21	4
ENSG00000286297	116	70	10
ENSG00000286299	7	6	1
ENSG00000286300	0	2	0
ENSG00000286301	13	14	3
ENSG00000286302	9	5	3
ENSG00000286305	8	5	2
ENSG00000286306	0	0	0
ENSG00000286308	124	96	23
ENSG00000286309	9	14	6
ENSG00000286310	15	13	1
ENSG00000286311	18	7	4
ENSG00000286312	31	15	8
ENSG00000286313	102	92	23
ENSG00000286316	28	21	3
ENSG00000286317	7	2	1
ENSG00000286319	98	80	10
ENSG00000286321	198	151	27
ENSG00000286322	40	23	8
ENSG00000286323	5	8	2
ENSG00000286324	30	28	10
ENSG00000286325	3	2	0
ENSG00000286326	76	62	4
ENSG00000286328	232	182	40
ENSG00000286329	246	197	57
ENSG00000286330	179	113	47
ENSG00000286331	15	4	3
ENSG00000286332	4	2	0
ENSG00000286333	112	75	23
ENSG00000286334	65	79	18
ENSG00000286335	77	67	13
ENSG00000286337	8	4	0
ENSG00000286338	125	81	20
ENSG00000286339	54	40	5
ENSG00000286340	172	122	47
ENSG00000286341	12	6	1
ENSG00000286342	5	3	3
ENSG00000286343	129	102	24
ENSG00000286344	6	0	0
ENSG00000286345	41	26	9
ENSG00000286347	4	6	0
ENSG00000286348	27	26	3
ENSG00000286349	17	13	2
ENSG00000286350	6	3	4
ENSG00000286351	143	106	22
ENSG00000286352	34	20	4
ENSG00000286353	307	250	45
ENSG00000286354	6	5	0
ENSG00000286355	23	33	8
ENSG00000286356	5	2	2
ENSG00000286357	16	9	1
ENSG00000286358	2	0	0
ENSG00000286359	3	4	1
ENSG00000286361	0	0	0
ENSG00000286362	105	79	25
ENSG00000286364	135	116	25
ENSG00000286365	7	2	6
ENSG00000286366	135	134	20
ENSG00000286367	2	5	0
ENSG00000286368	28	21	5
ENSG00000286369	81	53	15
ENSG00000286370	2	4	2
ENSG00000286371	317	193	55
ENSG00000286372	0	0	0
ENSG00000286373	174	148	35
ENSG00000286374	2	7	2
ENSG00000286375	6	11	4
ENSG00000286376	137	124	34
ENSG00000286377	76	52	11
ENSG00000286378	23	13	2
ENSG00000286379	233	145	27
ENSG00000286380	12	12	1
ENSG00000286382	5	0	0
ENSG00000286383	52	35	9
ENSG00000286384	3	0	0
ENSG00000286385	601	451	92
ENSG00000286386	42	27	7
ENSG00000286387	61	50	10
ENSG00000286389	46	47	7
ENSG00000286390	38	26	10
ENSG00000286391	8	3	0
ENSG00000286393	3	4	1
ENSG00000286394	5	4	1
ENSG00000286395	37	32	9
ENSG00000286397	16	5	1
ENSG00000286398	11	8	3
ENSG00000286399	69	59	14
ENSG00000286400	4	4	1
ENSG00000286401	62	40	9
ENSG00000286403	16	7	4
ENSG00000286404	16	10	4
ENSG00000286405	14	11	2
ENSG00000286407	7	5	0
ENSG00000286408	14	9	4
ENSG00000286409	204	178	37
ENSG00000286410	17	19	3
ENSG00000286411	6	4	0
ENSG00000286412	5	5	2
ENSG00000286413	3	3	1
ENSG00000286414	374	314	62
ENSG00000286415	216	195	43
ENSG00000286416	327	243	57
ENSG00000286417	194	144	41
ENSG00000286419	12	10	0
ENSG00000286420	82	55	16
ENSG00000286421	5	14	2
ENSG00000286422	74	46	15
ENSG00000286423	381	287	53
ENSG00000286424	4	9	2
ENSG00000286425	28	17	4
ENSG00000286426	11	14	0
ENSG00000286427	97	69	15
ENSG00000286428	13	8	3
ENSG00000286429	51	35	6
ENSG00000286430	27	11	4
ENSG00000286431	58	47	10
ENSG00000286432	159	134	29
ENSG00000286433	42	9	3
ENSG00000286434	11	2	0
ENSG00000286435	8	8	2
ENSG00000286436	14	8	3
ENSG00000286437	17	9	2
ENSG00000286438	80	72	27
ENSG00000286439	19	7	2
ENSG00000286440	14	6	2
ENSG00000286441	47	28	16
ENSG00000286442	12	12	3
ENSG00000286443	45	31	7
ENSG00000286444	28	14	8
ENSG00000286445	21	13	5
ENSG00000286446	17	13	2
ENSG00000286447	6	7	1
ENSG00000286448	5	0	0
ENSG00000286449	4	7	1
ENSG00000286450	48	39	7
ENSG00000286451	8	11	2
ENSG00000286452	4	0	0
ENSG00000286453	4	1	0
ENSG00000286454	9	5	2
ENSG00000286455	7	5	0
ENSG00000286456	199	178	19
ENSG00000286457	24	11	5
ENSG00000286458	1275	882	187
ENSG00000286459	2	0	0
ENSG00000286460	8	3	0
ENSG00000286461	2	3	0
ENSG00000286462	5	0	0
ENSG00000286463	25	18	7
ENSG00000286464	7	3	0
ENSG00000286465	13	8	5
ENSG00000286466	85	26	13
ENSG00000286467	25	13	2
ENSG00000286468	5	2	0
ENSG00000286469	50	33	12
ENSG00000286470	54	23	9
ENSG00000286471	33	29	2
ENSG00000286472	8	6	0
ENSG00000286473	3	2	1
ENSG00000286474	247	199	47
ENSG00000286475	531	330	78
ENSG00000286476	37	20	7
ENSG00000286477	24	28	8
ENSG00000286478	18	15	2
ENSG00000286479	140	102	31
ENSG00000286480	163	104	32
ENSG00000286481	3241	2463	466
ENSG00000286482	61	36	13
ENSG00000286483	3	3	0
ENSG00000286484	11	10	3
ENSG00000286485	6	4	0
ENSG00000286486	2	2	1
ENSG00000286487	29	26	2
ENSG00000286488	47	38	11
ENSG00000286489	155	135	20
ENSG00000286490	7	2	1
ENSG00000286491	29	29	7
ENSG00000286492	132	68	22
ENSG00000286493	31	9	4
ENSG00000286494	437	337	62
ENSG00000286495	86	92	17
ENSG00000286496	4	5	0
ENSG00000286498	0	0	0
ENSG00000286499	19	4	0
ENSG00000286500	38	30	5
ENSG00000286501	14	7	0
ENSG00000286502	17	24	7
ENSG00000286504	7	5	2
ENSG00000286505	5	5	2
ENSG00000286507	35	29	6
ENSG00000286508	564	583	84
ENSG00000286509	1	1	0
ENSG00000286510	7	5	0
ENSG00000286511	252	205	46
ENSG00000286512	49	57	16
ENSG00000286513	5	0	0
ENSG00000286514	19	9	2
ENSG00000286515	53	43	9
ENSG00000286516	11	4	0
ENSG00000286518	11	12	3
ENSG00000286520	2	4	0
ENSG00000286521	277	182	34
ENSG00000286523	249	178	61
ENSG00000286525	191	140	37
ENSG00000286526	12	10	1
ENSG00000286527	9	6	4
ENSG00000286528	44	23	3
ENSG00000286529	10	7	2
ENSG00000286531	3	2	0
ENSG00000286533	930	672	95
ENSG00000286535	24	15	6
ENSG00000286536	1007	680	164
ENSG00000286537	10	6	2
ENSG00000286538	4	6	2
ENSG00000286539	38	25	8
ENSG00000286540	3399	3643	411
ENSG00000286541	473	354	95
ENSG00000286542	41	18	15
ENSG00000286544	5	4	3
ENSG00000286545	38	18	4
ENSG00000286546	324	232	60
ENSG00000286547	18	13	4
ENSG00000286548	317	222	57
ENSG00000286549	65	59	13
ENSG00000286550	68	45	11
ENSG00000286551	24	19	4
ENSG00000286553	69	57	12
ENSG00000286554	2	0	0
ENSG00000286555	7	5	1
ENSG00000286557	16	13	3
ENSG00000286558	8	7	1
ENSG00000286559	16	5	1
ENSG00000286561	43	23	4
ENSG00000286562	57	55	12
ENSG00000286564	18	24	6
ENSG00000286565	23	24	5
ENSG00000286566	69	41	14
ENSG00000286567	16	8	2
ENSG00000286569	3	6	4
ENSG00000286570	48	33	11
ENSG00000286571	3	7	0
ENSG00000286572	107	50	16
ENSG00000286573	18	11	1
ENSG00000286575	148	106	23
ENSG00000286576	2	1	0
ENSG00000286578	14	3	0
ENSG00000286580	14	11	4
ENSG00000286581	10	17	2
ENSG00000286582	21	26	5
ENSG00000286584	14	18	3
ENSG00000286585	56	35	9
ENSG00000286586	24	7	1
ENSG00000286587	3	5	2
ENSG00000286588	2	1	0
ENSG00000286590	73	39	4
ENSG00000286591	174	122	35
ENSG00000286593	33	22	2
ENSG00000286594	2	4	0
ENSG00000286595	53	31	5
ENSG00000286597	69	50	7
ENSG00000286598	12	9	1
ENSG00000286599	165	95	9
ENSG00000286600	7	3	0
ENSG00000286603	2	0	0
ENSG00000286604	60	62	16
ENSG00000286605	178	130	32
ENSG00000286606	6	1	1
ENSG00000286607	9	13	1
ENSG00000286608	817	779	103
ENSG00000286609	1	2	0
ENSG00000286610	8	8	1
ENSG00000286611	3	4	1
ENSG00000286612	17	9	3
ENSG00000286616	17	15	2
ENSG00000286617	96	58	18
ENSG00000286618	131	101	21
ENSG00000286621	31	20	2
ENSG00000286622	181	163	30
ENSG00000286623	30	17	2
ENSG00000286624	3	11	0
ENSG00000286625	20	18	7
ENSG00000286626	39	23	8
ENSG00000286627	6	1	1
ENSG00000286628	7	15	1
ENSG00000286629	4	2	2
ENSG00000286630	9	3	0
ENSG00000286631	309	185	45
ENSG00000286632	90	66	16
ENSG00000286633	9	5	3
ENSG00000286636	6	3	1
ENSG00000286637	485	398	90
ENSG00000286638	17	7	2
ENSG00000286639	55	34	7
ENSG00000286641	42	24	3
ENSG00000286642	213	140	25
ENSG00000286643	38	33	10
ENSG00000286644	39	25	4
ENSG00000286645	25	28	7
ENSG00000286647	38	20	2
ENSG00000286648	68	61	13
ENSG00000286649	5	3	1
ENSG00000286650	5	7	0
ENSG00000286652	238	202	45
ENSG00000286653	8	3	2
ENSG00000286654	24	9	3
ENSG00000286655	191	120	27
ENSG00000286656	63	53	15
ENSG00000286657	31	25	14
ENSG00000286658	1	3	0
ENSG00000286659	10	7	1
ENSG00000286660	17	13	3
ENSG00000286661	33	15	4
ENSG00000286662	102	105	9
ENSG00000286663	0	0	2
ENSG00000286664	81	47	17
ENSG00000286665	2	1	0
ENSG00000286666	62	25	10
ENSG00000286667	18	4	2
ENSG00000286668	19	6	2
ENSG00000286669	10	3	1
ENSG00000286670	6	6	2
ENSG00000286671	1	6	0
ENSG00000286672	19	12	1
ENSG00000286674	2	2	0
ENSG00000286675	197	169	32
ENSG00000286677	106	74	15
ENSG00000286678	14	1	2
ENSG00000286679	218	160	56
ENSG00000286680	16	13	6
ENSG00000286681	131	90	31
ENSG00000286682	30	19	7
ENSG00000286683	46	32	8
ENSG00000286684	4	0	0
ENSG00000286685	209	189	34
ENSG00000286686	45	33	8
ENSG00000286687	42	28	8
ENSG00000286688	87	82	16
ENSG00000286690	27	24	1
ENSG00000286691	34	27	11
ENSG00000286692	9	4	2
ENSG00000286693	85	80	17
ENSG00000286694	21	15	9
ENSG00000286695	84	67	14
ENSG00000286696	9	8	2
ENSG00000286697	7	3	0
ENSG00000286698	16	9	1
ENSG00000286700	7	4	1
ENSG00000286701	7	3	3
ENSG00000286703	42	40	6
ENSG00000286705	180	188	48
ENSG00000286707	107	59	14
ENSG00000286708	20	8	6
ENSG00000286709	2	1	0
ENSG00000286710	44	32	2
ENSG00000286711	3	1	3
ENSG00000286712	92	65	16
ENSG00000286713	3	2	0
ENSG00000286714	10	15	2
ENSG00000286717	159	105	26
ENSG00000286718	26	15	7
ENSG00000286719	116	88	17
ENSG00000286720	161	115	31
ENSG00000286721	91	100	12
ENSG00000286722	22	18	2
ENSG00000286723	12	4	1
ENSG00000286724	608	466	75
ENSG00000286725	5	0	0
ENSG00000286727	6	11	1
ENSG00000286728	61	55	16
ENSG00000286729	5	10	3
ENSG00000286730	52	48	11
ENSG00000286732	8	7	1
ENSG00000286734	48	29	8
ENSG00000286735	197	152	42
ENSG00000286736	226	194	40
ENSG00000286737	34	18	11
ENSG00000286738	256	143	48
ENSG00000286739	352	231	55
ENSG00000286740	13	6	5
ENSG00000286741	9	12	2
ENSG00000286742	63	40	11
ENSG00000286743	5	6	1
ENSG00000286745	91	58	16
ENSG00000286746	748	530	120
ENSG00000286747	5	7	1
ENSG00000286748	16	17	5
ENSG00000286749	692	546	113
ENSG00000286750	5	2	0
ENSG00000286751	92	56	20
ENSG00000286752	48	25	7
ENSG00000286754	5	3	0
ENSG00000286755	37	13	9
ENSG00000286756	13	5	1
ENSG00000286757	480	339	65
ENSG00000286759	5	6	1
ENSG00000286760	56	26	5
ENSG00000286763	158	119	26
ENSG00000286764	19	16	4
ENSG00000286765	0	1	0
ENSG00000286766	10	9	4
ENSG00000286770	4	8	1
ENSG00000286771	26	17	4
ENSG00000286772	7	2	0
ENSG00000286774	209	134	32
ENSG00000286776	45	22	7
ENSG00000286777	0	2	0
ENSG00000286778	83	64	14
ENSG00000286779	8	3	1
ENSG00000286780	213	157	43
ENSG00000286781	107	68	17
ENSG00000286782	37	38	6
ENSG00000286784	336	293	59
ENSG00000286786	84	70	9
ENSG00000286787	644	484	112
ENSG00000286788	7	10	3
ENSG00000286790	5	4	3
ENSG00000286792	202	124	31
ENSG00000286795	7	7	1
ENSG00000286796	37	24	8
ENSG00000286797	555	627	122
ENSG00000286798	8	1	0
ENSG00000286799	65	23	10
ENSG00000286800	322	252	58
ENSG00000286801	6	4	1
ENSG00000286802	102	75	17
ENSG00000286803	226	145	32
ENSG00000286805	73	61	9
ENSG00000286806	15	7	1
ENSG00000286807	12	13	2
ENSG00000286808	83	65	16
ENSG00000286809	61	50	19
ENSG00000286810	93	52	15
ENSG00000286812	28	21	7
ENSG00000286815	21	21	8
ENSG00000286816	19	11	1
ENSG00000286817	33	14	7
ENSG00000286818	10	7	2
ENSG00000286819	3	14	5
ENSG00000286820	22	19	5
ENSG00000286821	102	103	27
ENSG00000286822	39	23	7
ENSG00000286823	87	62	20
ENSG00000286824	26	12	5
ENSG00000286826	98	74	14
ENSG00000286827	133	105	27
ENSG00000286829	21	16	5
ENSG00000286830	126	91	21
ENSG00000286831	26	7	5
ENSG00000286832	11	7	3
ENSG00000286833	43	27	10
ENSG00000286834	59	35	7
ENSG00000286836	515	349	60
ENSG00000286837	35	18	7
ENSG00000286838	106	85	15
ENSG00000286839	132	93	31
ENSG00000286840	85	50	12
ENSG00000286841	37	29	8
ENSG00000286842	25	16	2
ENSG00000286843	1	4	0
ENSG00000286844	0	1	0
ENSG00000286845	2	0	0
ENSG00000286846	78	56	10
ENSG00000286847	22	15	0
ENSG00000286849	8	2	0
ENSG00000286850	125	92	16
ENSG00000286851	2	1	0
ENSG00000286853	81	45	12
ENSG00000286854	308	202	46
ENSG00000286856	231	176	32
ENSG00000286857	24	22	3
ENSG00000286858	6	0	1
ENSG00000286860	3	3	0
ENSG00000286861	63	51	9
ENSG00000286862	161	114	26
ENSG00000286863	1533	1229	262
ENSG00000286864	20	11	2
ENSG00000286865	42	30	6
ENSG00000286866	8	6	0
ENSG00000286867	12	7	1
ENSG00000286868	5	0	1
ENSG00000286869	96	65	14
ENSG00000286870	17	3	7
ENSG00000286871	20	8	4
ENSG00000286872	106	70	14
ENSG00000286873	191	146	38
ENSG00000286874	5	0	1
ENSG00000286875	49	34	8
ENSG00000286876	15	10	3
ENSG00000286877	0	0	0
ENSG00000286878	11	6	0
ENSG00000286879	2	3	4
ENSG00000286880	10	11	1
ENSG00000286883	116	104	24
ENSG00000286884	4	4	0
ENSG00000286885	90	43	17
ENSG00000286886	82	58	17
ENSG00000286887	66	59	14
ENSG00000286888	21	15	5
ENSG00000286889	32	31	6
ENSG00000286890	10	7	1
ENSG00000286891	532	370	107
ENSG00000286892	15	8	1
ENSG00000286893	16	15	6
ENSG00000286894	6	5	0
ENSG00000286895	677	444	89
ENSG00000286896	289	194	39
ENSG00000286897	88	61	22
ENSG00000286898	9	4	0
ENSG00000286899	2	0	0
ENSG00000286900	4	4	1
ENSG00000286901	25	12	2
ENSG00000286902	6	3	0
ENSG00000286904	251	202	54
ENSG00000286905	23	27	7
ENSG00000286906	5	4	1
ENSG00000286907	38	16	4
ENSG00000286908	41	27	5
ENSG00000286909	24	24	2
ENSG00000286910	8	11	1
ENSG00000286912	35	24	4
ENSG00000286913	78	62	5
ENSG00000286914	2	3	1
ENSG00000286915	240	196	35
ENSG00000286917	4	1	1
ENSG00000286918	57	69	11
ENSG00000286919	1	4	0
ENSG00000286921	9	5	0
ENSG00000286922	58	35	7
ENSG00000286923	82	76	8
ENSG00000286924	552	377	97
ENSG00000286926	5	0	3
ENSG00000286927	1	2	0
ENSG00000286928	15	6	3
ENSG00000286929	4	3	0
ENSG00000286933	21	13	2
ENSG00000286934	31	18	7
ENSG00000286935	1	2	0
ENSG00000286937	111	93	19
ENSG00000286938	49	31	15
ENSG00000286939	6	3	1
ENSG00000286941	7	2	2
ENSG00000286942	6	1	1
ENSG00000286943	12	8	2
ENSG00000286944	18	9	5
ENSG00000286945	28	22	5
ENSG00000286946	28	25	4
ENSG00000286947	1	0	0
ENSG00000286948	1	1	0
ENSG00000286949	61	53	10
ENSG00000286950	22	11	4
ENSG00000286951	34	13	8
ENSG00000286952	14	4	2
ENSG00000286953	139	73	21
ENSG00000286954	22	16	5
ENSG00000286956	29	23	6
ENSG00000286957	16	10	5
ENSG00000286958	20	14	1
ENSG00000286959	104	72	13
ENSG00000286960	44	31	6
ENSG00000286962	95	66	18
ENSG00000286963	93	62	15
ENSG00000286964	30	33	5
ENSG00000286966	5	2	0
ENSG00000286969	1	10	0
ENSG00000286971	5	4	2
ENSG00000286972	72	64	12
ENSG00000286973	179	141	23
ENSG00000286974	17	20	4
ENSG00000286975	73	55	17
ENSG00000286976	12	7	2
ENSG00000286977	39	33	7
ENSG00000286978	2	0	0
ENSG00000286979	46	26	6
ENSG00000286980	348	289	44
ENSG00000286981	7	11	1
ENSG00000286982	60	32	5
ENSG00000286983	13	11	1
ENSG00000286984	2	0	2
ENSG00000286985	36	21	8
ENSG00000286986	40	37	7
ENSG00000286987	10	5	3
ENSG00000286988	55	40	10
ENSG00000286989	9	9	1
ENSG00000286990	8	6	0
ENSG00000286991	4	6	3
ENSG00000286992	99	74	17
ENSG00000286993	10	17	1
ENSG00000286997	158	145	14
ENSG00000286998	6	4	3
ENSG00000286999	7	9	4
ENSG00000287000	5	8	1
ENSG00000287001	72	55	6
ENSG00000287003	68	32	8
ENSG00000287004	3	0	1
ENSG00000287005	11	4	4
ENSG00000287006	17	10	5
ENSG00000287007	14	8	7
ENSG00000287008	103	55	23
ENSG00000287009	22	19	2
ENSG00000287010	1	7	0
ENSG00000287011	5	5	2
ENSG00000287012	51	36	13
ENSG00000287014	176	149	28
ENSG00000287015	3	0	1
ENSG00000287016	71	49	8
ENSG00000287017	3	1	2
ENSG00000287018	113	75	23
ENSG00000287019	3	3	1
ENSG00000287020	32	37	9
ENSG00000287021	195	124	30
ENSG00000287022	155	116	23
ENSG00000287023	123	105	29
ENSG00000287024	5	9	0
ENSG00000287026	63	44	9
ENSG00000287027	16	16	3
ENSG00000287028	14	4	4
ENSG00000287029	143	112	21
ENSG00000287030	38	26	5
ENSG00000287032	88	69	16
ENSG00000287033	16	18	6
ENSG00000287034	4	2	3
ENSG00000287035	11	8	2
ENSG00000287038	75	41	10
ENSG00000287039	10	8	7
ENSG00000287040	6	9	2
ENSG00000287041	84	76	6
ENSG00000287042	3260	2818	507
ENSG00000287044	424	321	75
ENSG00000287045	256	300	42
ENSG00000287046	2	4	1
ENSG00000287047	110	103	18
ENSG00000287049	6	7	0
ENSG00000287050	34	25	6
ENSG00000287052	3	4	1
ENSG00000287053	11	7	0
ENSG00000287055	268	194	61
ENSG00000287056	6	0	0
ENSG00000287057	55	37	19
ENSG00000287058	44	37	5
ENSG00000287059	70	41	14
ENSG00000287060	15	28	3
ENSG00000287061	10	5	2
ENSG00000287062	0	1	0
ENSG00000287063	14	11	3
ENSG00000287064	12	9	2
ENSG00000287065	109	69	11
ENSG00000287066	4	1	0
ENSG00000287068	30	28	5
ENSG00000287069	665	589	107
ENSG00000287072	59	48	14
ENSG00000287075	10	9	3
ENSG00000287076	16	10	4
ENSG00000287077	31	38	8
ENSG00000287078	50	33	5
ENSG00000287079	14	9	5
ENSG00000287081	7	4	4
ENSG00000287082	5	7	0
ENSG00000287083	206	160	40
ENSG00000287084	30	26	9
ENSG00000287085	13	6	5
ENSG00000287086	47	26	5
ENSG00000287087	60	43	8
ENSG00000287088	8	3	0
ENSG00000287089	6	3	0
ENSG00000287090	17	10	4
ENSG00000287092	4118	3316	623
ENSG00000287093	33	17	5
ENSG00000287094	29	14	3
ENSG00000287095	30	37	11
ENSG00000287096	3	6	0
ENSG00000287097	410	277	75
ENSG00000287098	2	5	0
ENSG00000287099	10	4	1
ENSG00000287100	3548	2988	455
ENSG00000287102	3	0	0
ENSG00000287103	18	20	2
ENSG00000287104	33	27	8
ENSG00000287105	42	42	8
ENSG00000287106	4	4	1
ENSG00000287107	39	38	2
ENSG00000287108	10	2	0
ENSG00000287109	24	16	1
ENSG00000287112	4	4	0
ENSG00000287113	3	4	0
ENSG00000287114	19	13	1
ENSG00000287117	1591	1013	205
ENSG00000287118	9	5	1
ENSG00000287119	12	9	2
ENSG00000287120	10	25	3
ENSG00000287121	26	12	3
ENSG00000287122	233	132	27
ENSG00000287123	58	45	8
ENSG00000287124	344	266	58
ENSG00000287125	60	45	5
ENSG00000287126	42	33	5
ENSG00000287127	309	254	58
ENSG00000287128	8	3	1
ENSG00000287129	80	70	8
ENSG00000287130	39	24	5
ENSG00000287132	11	9	1
ENSG00000287133	11	6	2
ENSG00000287134	258	159	24
ENSG00000287135	31	15	3
ENSG00000287136	0	3	0
ENSG00000287137	130	89	20
ENSG00000287138	5	4	3
ENSG00000287139	74	56	9
ENSG00000287140	15	12	1
ENSG00000287141	8	3	0
ENSG00000287142	35	16	3
ENSG00000287143	17	15	2
ENSG00000287144	265	213	52
ENSG00000287145	26	29	3
ENSG00000287146	149	91	23
ENSG00000287147	81	59	12
ENSG00000287149	590	432	88
ENSG00000287150	104	76	20
ENSG00000287152	7	9	2
ENSG00000287153	6	2	0
ENSG00000287155	88	55	13
ENSG00000287156	30	16	1
ENSG00000287157	13	5	0
ENSG00000287159	237	211	37
ENSG00000287160	26	23	11
ENSG00000287161	154	95	34
ENSG00000287162	3	0	0
ENSG00000287163	0	5	0
ENSG00000287165	2	1	0
ENSG00000287166	10	5	2
ENSG00000287167	9	2	1
ENSG00000287168	71	41	9
ENSG00000287169	3	6	0
ENSG00000287170	42	41	14
ENSG00000287172	455	374	89
ENSG00000287173	12	7	0
ENSG00000287174	24	19	2
ENSG00000287175	48	23	8
ENSG00000287176	323	211	52
ENSG00000287177	6	11	0
ENSG00000287178	128	74	12
ENSG00000287179	3	1	0
ENSG00000287181	3	5	2
ENSG00000287183	78	36	12
ENSG00000287184	7	5	0
ENSG00000287185	12	15	2
ENSG00000287186	9	6	1
ENSG00000287187	9	4	3
ENSG00000287189	11	12	2
ENSG00000287190	17	15	5
ENSG00000287191	25	15	8
ENSG00000287192	35	16	4
ENSG00000287193	6	10	3
ENSG00000287195	60	51	7
ENSG00000287197	9	13	0
ENSG00000287198	121	92	17
ENSG00000287199	4	0	0
ENSG00000287200	94	70	15
ENSG00000287201	8	10	1
ENSG00000287202	54	40	10
ENSG00000287203	11	5	2
ENSG00000287204	15	13	3
ENSG00000287205	0	2	1
ENSG00000287206	43	35	4
ENSG00000287207	33	25	4
ENSG00000287208	10	7	2
ENSG00000287209	16	14	5
ENSG00000287210	169	138	33
ENSG00000287211	91	91	21
ENSG00000287212	0	0	0
ENSG00000287213	8	10	1
ENSG00000287215	165	136	28
ENSG00000287216	73	40	12
ENSG00000287217	7	10	2
ENSG00000287218	30	21	4
ENSG00000287219	21	5	4
ENSG00000287220	4	5	0
ENSG00000287221	5	4	0
ENSG00000287222	21	24	3
ENSG00000287223	57	47	12
ENSG00000287224	21	11	2
ENSG00000287225	12	11	3
ENSG00000287226	428	242	69
ENSG00000287227	89	56	10
ENSG00000287229	12	4	2
ENSG00000287230	20	23	5
ENSG00000287231	415	390	84
ENSG00000287232	59	53	11
ENSG00000287233	6	4	0
ENSG00000287234	8	6	0
ENSG00000287235	12	6	1
ENSG00000287236	4	0	2
ENSG00000287237	11	9	2
ENSG00000287238	10	12	4
ENSG00000287239	4	5	1
ENSG00000287240	2	0	0
ENSG00000287241	3	1	0
ENSG00000287242	128	74	13
ENSG00000287244	8	8	5
ENSG00000287245	81	55	19
ENSG00000287246	27	10	1
ENSG00000287247	11	4	0
ENSG00000287248	59	56	6
ENSG00000287249	367	402	83
ENSG00000287250	14	9	3
ENSG00000287251	33	38	8
ENSG00000287252	53	46	10
ENSG00000287253	2	1	7
ENSG00000287254	8	4	1
ENSG00000287255	159	158	24
ENSG00000287256	94	66	14
ENSG00000287257	10	5	1
ENSG00000287258	114	97	22
ENSG00000287259	42	25	4
ENSG00000287260	89	52	12
ENSG00000287262	22	17	8
ENSG00000287263	159	125	40
ENSG00000287264	157	118	24
ENSG00000287265	77	54	10
ENSG00000287266	18	12	6
ENSG00000287267	0	0	0
ENSG00000287268	25	11	5
ENSG00000287269	69	30	12
ENSG00000287270	29	28	10
ENSG00000287271	147	162	24
ENSG00000287272	44	29	2
ENSG00000287273	2	2	0
ENSG00000287274	33	12	6
ENSG00000287275	279	362	54
ENSG00000287277	902	712	129
ENSG00000287278	12	11	0
ENSG00000287279	112	88	12
ENSG00000287280	139	90	17
ENSG00000287281	22	27	3
ENSG00000287282	6	4	3
ENSG00000287283	4	2	2
ENSG00000287284	22	23	4
ENSG00000287285	7	11	2
ENSG00000287286	22	24	7
ENSG00000287287	7	3	1
ENSG00000287288	25	17	2
ENSG00000287289	19	9	2
ENSG00000287290	1123	1542	144
ENSG00000287291	764	556	114
ENSG00000287293	146	96	26
ENSG00000287294	1	1	3
ENSG00000287295	1	3	0
ENSG00000287296	23	10	4
ENSG00000287297	38	35	6
ENSG00000287298	4	4	0
ENSG00000287299	264	227	41
ENSG00000287300	5	5	1
ENSG00000287301	2	3	1
ENSG00000287302	2	4	0
ENSG00000287303	65	34	6
ENSG00000287305	36	24	5
ENSG00000287306	513	340	75
ENSG00000287307	53	55	10
ENSG00000287308	139	87	24
ENSG00000287309	6	4	0
ENSG00000287310	3	3	0
ENSG00000287311	28	20	5
ENSG00000287313	10	6	1
ENSG00000287314	17	9	2
ENSG00000287315	96	64	18
ENSG00000287316	37	13	8
ENSG00000287317	26	23	3
ENSG00000287318	1	3	0
ENSG00000287319	29	23	6
ENSG00000287321	51	15	6
ENSG00000287322	7	4	2
ENSG00000287323	4	0	0
ENSG00000287324	0	0	0
ENSG00000287325	3	5	0
ENSG00000287326	44	55	4
ENSG00000287329	30	18	5
ENSG00000287330	55	34	8
ENSG00000287331	21	11	2
ENSG00000287332	66	60	13
ENSG00000287333	0	0	0
ENSG00000287334	9	10	1
ENSG00000287335	98	73	11
ENSG00000287336	10	6	0
ENSG00000287338	31	22	8
ENSG00000287339	18	21	5
ENSG00000287340	6	9	1
ENSG00000287342	31	16	1
ENSG00000287343	11	8	2
ENSG00000287344	76	66	16
ENSG00000287345	19	17	1
ENSG00000287346	94	37	16
ENSG00000287347	84	47	11
ENSG00000287348	76	57	20
ENSG00000287349	16	14	3
ENSG00000287350	22	27	4
ENSG00000287351	203	163	43
ENSG00000287352	437	332	92
ENSG00000287354	23	17	3
ENSG00000287356	105	73	20
ENSG00000287357	3	4	0
ENSG00000287358	15	10	8
ENSG00000287359	47	35	5
ENSG00000287360	256	192	43
ENSG00000287361	5	0	1
ENSG00000287362	61	24	3
ENSG00000287364	29	23	5
ENSG00000287365	9	2	0
ENSG00000287366	41	37	12
ENSG00000287367	252	155	41
ENSG00000287368	199	195	31
ENSG00000287370	38	32	9
ENSG00000287372	69	51	16
ENSG00000287373	256	188	33
ENSG00000287374	6	7	5
ENSG00000287375	1	2	0
ENSG00000287376	14	3	2
ENSG00000287377	68	40	9
ENSG00000287378	579	402	68
ENSG00000287379	14	5	1
ENSG00000287380	5	0	0
ENSG00000287381	4	4	2
ENSG00000287383	309	243	57
ENSG00000287384	10	9	3
ENSG00000287385	56	51	14
ENSG00000287386	7	8	5
ENSG00000287387	64	51	16
ENSG00000287389	42	28	5
ENSG00000287390	593	401	95
ENSG00000287391	136	88	20
ENSG00000287392	106	79	21
ENSG00000287393	10	12	4
ENSG00000287395	11	7	1
ENSG00000287396	4	2	0
ENSG00000287397	0	0	1
ENSG00000287398	263	191	50
ENSG00000287399	3	2	2
ENSG00000287400	152	223	31
ENSG00000287401	140	102	22
ENSG00000287402	58	58	12
ENSG00000287403	8	4	1
ENSG00000287404	130	71	12
ENSG00000287406	89	84	17
ENSG00000287407	2	0	0
ENSG00000287408	9	7	0
ENSG00000287409	168	121	27
ENSG00000287410	203	141	37
ENSG00000287412	4	1	0
ENSG00000287413	121	73	24
ENSG00000287414	5	5	2
ENSG00000287415	11	10	5
ENSG00000287416	17	19	4
ENSG00000287417	0	3	1
ENSG00000287418	9	2	3
ENSG00000287419	27	21	11
ENSG00000287420	173	118	35
ENSG00000287421	186	133	34
ENSG00000287422	80	48	10
ENSG00000287423	13	9	1
ENSG00000287424	245	180	38
ENSG00000287425	23	16	3
ENSG00000287426	109	83	23
ENSG00000287427	4	7	0
ENSG00000287428	4	4	0
ENSG00000287430	22	24	3
ENSG00000287432	34	22	2
ENSG00000287433	27	9	3
ENSG00000287435	1	0	0
ENSG00000287437	4	6	1
ENSG00000287438	5	5	0
ENSG00000287439	56	39	9
ENSG00000287440	11	10	2
ENSG00000287441	4	2	0
ENSG00000287442	8	9	5
ENSG00000287443	9	8	0
ENSG00000287444	136	104	18
ENSG00000287445	13	5	5
ENSG00000287446	8	6	0
ENSG00000287448	26	25	6
ENSG00000287449	5	3	0
ENSG00000287451	149	112	31
ENSG00000287452	97	68	15
ENSG00000287453	133	100	17
ENSG00000287454	30	23	3
ENSG00000287455	8	10	2
ENSG00000287456	21	14	3
ENSG00000287457	3	2	0
ENSG00000287458	2	2	0
ENSG00000287459	40	43	5
ENSG00000287460	316	261	53
ENSG00000287462	92	76	16
ENSG00000287463	33	17	1
ENSG00000287464	16	9	7
ENSG00000287465	10	6	2
ENSG00000287466	7	7	1
ENSG00000287468	82	61	10
ENSG00000287469	375	277	70
ENSG00000287470	113	67	20
ENSG00000287472	11	13	2
ENSG00000287473	2	2	0
ENSG00000287474	670	523	137
ENSG00000287475	29	14	2
ENSG00000287476	181	130	34
ENSG00000287477	15	7	2
ENSG00000287478	263	163	47
ENSG00000287479	10	5	0
ENSG00000287480	21	13	8
ENSG00000287481	8	5	4
ENSG00000287482	42	31	7
ENSG00000287483	3	4	0
ENSG00000287484	0	0	0
ENSG00000287485	42	40	6
ENSG00000287488	39	38	5
ENSG00000287489	7	5	0
ENSG00000287490	66	46	12
ENSG00000287492	6	5	2
ENSG00000287493	5	2	5
ENSG00000287494	35	18	4
ENSG00000287495	1	0	0
ENSG00000287496	3	1	2
ENSG00000287497	14	16	3
ENSG00000287498	9	9	0
ENSG00000287499	14	12	8
ENSG00000287500	51	22	8
ENSG00000287501	41	26	6
ENSG00000287502	7	4	1
ENSG00000287503	30	30	11
ENSG00000287504	23	7	3
ENSG00000287505	146	99	15
ENSG00000287506	17	9	5
ENSG00000287507	17	9	2
ENSG00000287508	146	92	21
ENSG00000287510	8	5	2
ENSG00000287511	168	146	23
ENSG00000287513	12	13	5
ENSG00000287514	60	46	15
ENSG00000287516	84	63	20
ENSG00000287517	9	5	0
ENSG00000287518	7	4	0
ENSG00000287519	18	19	3
ENSG00000287520	147	142	10
ENSG00000287521	1	0	0
ENSG00000287522	6	0	0
ENSG00000287523	396	322	77
ENSG00000287524	82	43	16
ENSG00000287525	4	3	0
ENSG00000287526	159	139	27
ENSG00000287527	24	23	5
ENSG00000287528	74	58	13
ENSG00000287529	0	1	0
ENSG00000287530	40	37	9
ENSG00000287531	14	9	3
ENSG00000287532	31	24	10
ENSG00000287533	55	32	5
ENSG00000287535	7	0	1
ENSG00000287536	3	3	0
ENSG00000287537	6	2	1
ENSG00000287538	22	15	7
ENSG00000287539	22	9	2
ENSG00000287540	2	3	0
ENSG00000287543	11	5	1
ENSG00000287544	2527	1874	476
ENSG00000287545	232	202	44
ENSG00000287546	14	8	2
ENSG00000287547	5	1	0
ENSG00000287548	7	5	2
ENSG00000287549	74	44	14
ENSG00000287550	62	55	13
ENSG00000287551	278	251	41
ENSG00000287552	58	37	11
ENSG00000287553	14	10	1
ENSG00000287554	15	11	0
ENSG00000287555	258	212	50
ENSG00000287556	43	30	2
ENSG00000287557	30	14	3
ENSG00000287558	53	49	7
ENSG00000287559	161	103	26
ENSG00000287560	10	8	3
ENSG00000287561	0	3	0
ENSG00000287562	115	57	15
ENSG00000287563	44	19	7
ENSG00000287564	548	371	73
ENSG00000287565	3	3	2
ENSG00000287566	16	9	5
ENSG00000287567	13	22	2
ENSG00000287568	0	5	2
ENSG00000287570	4	4	0
ENSG00000287571	10	13	2
ENSG00000287574	14	7	1
ENSG00000287575	15	12	3
ENSG00000287576	43	29	5
ENSG00000287578	230	203	49
ENSG00000287580	33	34	4
ENSG00000287582	21	17	5
ENSG00000287583	11	8	4
ENSG00000287584	17	40	8
ENSG00000287586	7	8	0
ENSG00000287587	26	23	5
ENSG00000287588	4	5	1
ENSG00000287589	18	10	0
ENSG00000287590	14	15	1
ENSG00000287591	21	15	3
ENSG00000287592	10	11	2
ENSG00000287593	37	23	3
ENSG00000287594	19	14	4
ENSG00000287595	10	16	2
ENSG00000287596	211	166	34
ENSG00000287597	8	9	0
ENSG00000287598	179	139	31
ENSG00000287600	5	10	2
ENSG00000287601	32	19	4
ENSG00000287602	0	0	0
ENSG00000287603	360	249	60
ENSG00000287605	10	8	2
ENSG00000287608	105	73	20
ENSG00000287609	11	3	3
ENSG00000287610	0	1	0
ENSG00000287611	10	2	2
ENSG00000287613	4	6	1
ENSG00000287615	32	26	1
ENSG00000287616	119	110	27
ENSG00000287617	18	18	1
ENSG00000287619	41	21	6
ENSG00000287620	16	19	8
ENSG00000287621	853	565	134
ENSG00000287622	88	61	8
ENSG00000287623	8	5	2
ENSG00000287624	13	4	2
ENSG00000287625	371	256	62
ENSG00000287627	10	17	1
ENSG00000287628	38	41	6
ENSG00000287629	27	24	8
ENSG00000287630	3	4	3
ENSG00000287631	26	18	4
ENSG00000287632	50	29	14
ENSG00000287633	24	18	6
ENSG00000287634	3	0	0
ENSG00000287636	159	121	26
ENSG00000287637	192	165	34
ENSG00000287639	0	1	0
ENSG00000287640	6	6	0
ENSG00000287641	1	0	0
ENSG00000287643	49	40	5
ENSG00000287644	45	21	10
ENSG00000287645	107	79	15
ENSG00000287646	19	15	3
ENSG00000287647	19	6	0
ENSG00000287649	12	4	0
ENSG00000287650	0	0	0
ENSG00000287651	96	76	14
ENSG00000287652	46	48	11
ENSG00000287653	2	1	0
ENSG00000287654	7	8	0
ENSG00000287655	8	2	0
ENSG00000287656	22	12	8
ENSG00000287657	136	79	24
ENSG00000287658	14	6	0
ENSG00000287659	5	0	1
ENSG00000287660	112	88	21
ENSG00000287661	26	15	1
ENSG00000287662	4	3	2
ENSG00000287663	18	5	5
ENSG00000287666	33	16	3
ENSG00000287667	9	14	2
ENSG00000287668	3	3	0
ENSG00000287669	2	4	0
ENSG00000287670	20	18	5
ENSG00000287671	15	5	1
ENSG00000287672	16	10	4
ENSG00000287673	18	13	3
ENSG00000287674	3	3	2
ENSG00000287675	2	0	0
ENSG00000287676	33	34	4
ENSG00000287677	92	65	16
ENSG00000287678	7	11	2
ENSG00000287679	39	30	4
ENSG00000287680	5	5	2
ENSG00000287682	162	97	29
ENSG00000287683	566	424	97
ENSG00000287684	92	68	18
ENSG00000287685	49	32	11
ENSG00000287687	105	84	8
ENSG00000287688	13	11	2
ENSG00000287689	1	3	0
ENSG00000287690	4	10	1
ENSG00000287691	87	90	24
ENSG00000287692	15	8	2
ENSG00000287693	374	310	57
ENSG00000287694	335	240	54
ENSG00000287696	5	0	0
ENSG00000287697	45	40	8
ENSG00000287698	52	37	9
ENSG00000287699	5	3	2
ENSG00000287700	126	121	12
ENSG00000287701	3	3	3
ENSG00000287702	115	86	24
ENSG00000287703	59	53	16
ENSG00000287704	486	344	74
ENSG00000287705	8	6	2
ENSG00000287706	51	42	6
ENSG00000287707	43	32	7
ENSG00000287708	255	166	32
ENSG00000287709	96	83	22
ENSG00000287710	7	7	3
ENSG00000287712	68	47	14
ENSG00000287713	48	33	8
ENSG00000287714	10	11	5
ENSG00000287715	16	7	2
ENSG00000287717	4	4	2
ENSG00000287718	8	6	1
ENSG00000287719	48	42	3
ENSG00000287720	474	305	99
ENSG00000287721	99	71	21
ENSG00000287722	801	542	141
ENSG00000287723	8	7	1
ENSG00000287724	34	26	8
ENSG00000287725	143	107	26
ENSG00000287726	173	103	24
ENSG00000287727	5	4	2
ENSG00000287728	39	27	5
ENSG00000287729	36	28	12
ENSG00000287730	18	8	2
ENSG00000287731	4	1	1
ENSG00000287732	164	140	35
ENSG00000287733	33	26	6
ENSG00000287734	9	5	2
ENSG00000287735	8	8	1
ENSG00000287737	83	69	18
ENSG00000287738	85	64	9
ENSG00000287739	27	21	4
ENSG00000287740	4	4	0
ENSG00000287741	38	26	7
ENSG00000287742	18	8	1
ENSG00000287743	38	19	5
ENSG00000287744	60	57	9
ENSG00000287746	26	25	3
ENSG00000287747	26	20	1
ENSG00000287748	24	18	4
ENSG00000287749	244	173	36
ENSG00000287754	24	20	1
ENSG00000287755	10	7	2
ENSG00000287756	11	8	1
ENSG00000287757	40	48	8
ENSG00000287758	9	3	4
ENSG00000287759	103	73	16
ENSG00000287760	7	1	0
ENSG00000287761	25	25	1
ENSG00000287762	50	40	9
ENSG00000287763	57	43	14
ENSG00000287765	13	15	5
ENSG00000287766	18	9	6
ENSG00000287767	9	5	2
ENSG00000287769	46	48	8
ENSG00000287771	65	42	17
ENSG00000287772	11	10	1
ENSG00000287773	5	0	0
ENSG00000287774	37	19	2
ENSG00000287775	80	81	9
ENSG00000287776	73	42	11
ENSG00000287777	5	6	0
ENSG00000287780	275	225	62
ENSG00000287781	23	5	2
ENSG00000287782	83	54	7
ENSG00000287783	16	14	2
ENSG00000287784	157	122	22
ENSG00000287785	20	15	3
ENSG00000287788	11	13	2
ENSG00000287789	24	18	9
ENSG00000287790	4	7	2
ENSG00000287791	0	0	0
ENSG00000287792	28	25	0
ENSG00000287793	0	2	0
ENSG00000287795	116	78	23
ENSG00000287796	96	61	16
ENSG00000287797	37	30	7
ENSG00000287798	8	9	2
ENSG00000287799	22	17	6
ENSG00000287801	340	275	63
ENSG00000287802	18	6	0
ENSG00000287803	25	16	4
ENSG00000287804	21	17	2
ENSG00000287805	36	33	16
ENSG00000287806	36	33	9
ENSG00000287807	85	62	8
ENSG00000287809	28	17	5
ENSG00000287811	174	144	20
ENSG00000287812	43	40	14
ENSG00000287814	156	129	31
ENSG00000287815	101	89	19
ENSG00000287816	78	55	11
ENSG00000287818	7	4	2
ENSG00000287819	12	3	0
ENSG00000287820	307	195	50
ENSG00000287821	8	1	0
ENSG00000287822	7	6	1
ENSG00000287823	78	78	16
ENSG00000287824	2	2	0
ENSG00000287825	33	31	6
ENSG00000287826	48	58	8
ENSG00000287827	3	3	3
ENSG00000287828	40	37	13
ENSG00000287830	5	3	0
ENSG00000287831	4	4	0
ENSG00000287832	45	35	7
ENSG00000287833	60	33	15
ENSG00000287834	57	29	9
ENSG00000287835	2	4	1
ENSG00000287836	47	42	9
ENSG00000287837	169	137	24
ENSG00000287838	35	38	7
ENSG00000287839	67	50	8
ENSG00000287841	19	18	4
ENSG00000287843	4	1	1
ENSG00000287844	72	47	13
ENSG00000287845	45	31	5
ENSG00000287847	4	0	0
ENSG00000287848	1	4	2
ENSG00000287849	53	38	5
ENSG00000287850	38	30	12
ENSG00000287851	10	8	1
ENSG00000287852	79	52	9
ENSG00000287853	20	15	5
ENSG00000287854	25	21	5
ENSG00000287855	136	133	19
ENSG00000287856	279	168	43
ENSG00000287857	3	7	0
ENSG00000287858	22	12	5
ENSG00000287859	7	6	5
ENSG00000287860	620	471	128
ENSG00000287861	73	58	19
ENSG00000287862	527	459	93
ENSG00000287863	44	32	5
ENSG00000287864	8	8	2
ENSG00000287865	115	65	12
ENSG00000287866	26	21	3
ENSG00000287868	25	13	6
ENSG00000287869	2	0	0
ENSG00000287870	12	11	2
ENSG00000287872	9	6	5
ENSG00000287873	5	2	0
ENSG00000287875	70	50	7
ENSG00000287876	391	296	58
ENSG00000287877	307	252	57
ENSG00000287878	94	57	20
ENSG00000287879	16	9	5
ENSG00000287880	90	61	23
ENSG00000287881	211	145	39
ENSG00000287882	100	62	20
ENSG00000287883	68	55	14
ENSG00000287884	9	2	1
ENSG00000287886	27	19	5
ENSG00000287887	12	14	2
ENSG00000287888	2	1	1
ENSG00000287891	18	16	1
ENSG00000287893	147	131	23
ENSG00000287894	10	5	2
ENSG00000287895	2	0	0
ENSG00000287896	53	45	13
ENSG00000287898	12	10	0
ENSG00000287899	217	134	48
ENSG00000287900	11	6	5
ENSG00000287901	58	31	8
ENSG00000287902	4	2	1
ENSG00000287903	71	65	19
ENSG00000287904	30	23	16
ENSG00000287906	3	4	1
ENSG00000287907	646	407	126
ENSG00000287908	246	148	32
ENSG00000287909	3	3	2
ENSG00000287910	58	36	9
ENSG00000287912	685	454	116
ENSG00000287913	31	19	6
ENSG00000287914	5	3	1
ENSG00000287915	5	6	0
ENSG00000287916	5	4	1
ENSG00000287917	279	205	47
ENSG00000287918	268	184	52
ENSG00000287919	14	9	0
ENSG00000287920	19	22	3
ENSG00000287921	4	4	0
ENSG00000287922	11	6	3
ENSG00000287923	412	274	58
ENSG00000287925	100	73	12
ENSG00000287926	9	4	0
ENSG00000287927	2	2	0
ENSG00000287928	82	42	11
ENSG00000287929	10	4	3
ENSG00000287930	9	3	0
ENSG00000287931	155	121	30
ENSG00000287933	19	8	2
ENSG00000287934	45	36	10
ENSG00000287935	16	11	6
ENSG00000287936	2	2	0
ENSG00000287937	60	44	12
ENSG00000287939	66	45	6
ENSG00000287940	10	13	4
ENSG00000287941	48	53	13
ENSG00000287943	187	119	33
ENSG00000287944	0	2	0
ENSG00000287945	32	19	2
ENSG00000287946	29	22	8
ENSG00000287947	0	2	1
ENSG00000287948	18	10	4
ENSG00000287949	217	142	23
ENSG00000287950	228	171	38
ENSG00000287951	10	7	7
ENSG00000287952	13	7	5
ENSG00000287953	132	95	29
ENSG00000287955	32	20	5
ENSG00000287956	11	4	0
ENSG00000287957	11	13	4
ENSG00000287958	106	62	12
ENSG00000287959	3	2	1
ENSG00000287960	3	2	0
ENSG00000287961	1	0	1
ENSG00000287962	270	230	48
ENSG00000287963	180	143	26
ENSG00000287964	108	68	16
ENSG00000287965	67	52	14
ENSG00000287967	18	15	3
ENSG00000287968	128	108	23
ENSG00000287969	55	40	12
ENSG00000287970	32	16	6
ENSG00000287971	4	7	3
ENSG00000287972	74	52	12
ENSG00000287973	19	13	2
ENSG00000287975	252	174	31
ENSG00000287976	564	442	49
ENSG00000287978	46	37	6
ENSG00000287979	9	23	8
ENSG00000287980	27	22	8
ENSG00000287982	3	0	0
ENSG00000287983	0	3	0
ENSG00000287984	86	76	15
ENSG00000287985	10	10	0
ENSG00000287986	6	4	2
ENSG00000287987	65	34	8
ENSG00000287989	650	476	114
ENSG00000287990	4	14	1
ENSG00000287991	5	2	2
ENSG00000287992	2	5	2
ENSG00000287993	22	10	3
ENSG00000287994	36	32	4
ENSG00000287995	7	4	1
ENSG00000287996	300	239	35
ENSG00000287998	265	177	52
ENSG00000287999	640	425	139
ENSG00000288000	517	487	95
ENSG00000288001	5	11	0
ENSG00000288002	238	182	45
ENSG00000288003	17	25	4
ENSG00000288004	81	40	11
ENSG00000288005	28	24	4
ENSG00000288006	56	46	6
ENSG00000288007	9	5	2
ENSG00000288008	13	7	1
ENSG00000288009	87	59	22
ENSG00000288010	79	50	16
ENSG00000288011	80	47	12
ENSG00000288012	28	13	5
ENSG00000288013	35	23	3
ENSG00000288015	252	239	58
ENSG00000288016	1518	1150	337
ENSG00000288017	20	13	2
ENSG00000288018	555	358	96
ENSG00000288019	6	4	0
ENSG00000288021	98	88	18
ENSG00000288023	5	4	0
ENSG00000288024	18	9	5
ENSG00000288026	21	8	3
ENSG00000288029	35	40	11
ENSG00000288033	198	134	49
ENSG00000288034	1	0	0
ENSG00000288035	337	302	58
ENSG00000288036	45	45	17
ENSG00000288037	28	21	9
ENSG00000288038	49	47	5
ENSG00000288039	150	93	21
ENSG00000288040	20	16	4
ENSG00000288041	48	28	3
ENSG00000288042	56	51	9
ENSG00000288043	175	111	37
ENSG00000288044	420	292	65
ENSG00000288045	15	11	0
ENSG00000288046	28	32	7
ENSG00000288047	60	48	10
ENSG00000288050	12	8	2
ENSG00000288051	16	8	2
ENSG00000288052	6	4	3
ENSG00000288053	17	6	2
ENSG00000288054	24	19	4
ENSG00000288056	13	17	3
ENSG00000288057	41	35	5
ENSG00000288059	182	129	37
ENSG00000288060	38	26	4
ENSG00000288061	296	287	55
ENSG00000288062	10	5	3
ENSG00000288063	23	14	4
ENSG00000288064	109	99	24
ENSG00000288065	15	4	2
ENSG00000288066	4	3	2
ENSG00000288067	232	146	48
ENSG00000288069	14	13	2
ENSG00000288070	18	13	2
ENSG00000288071	186	164	35
ENSG00000288072	14	7	1
ENSG00000288075	1931	1195	283
ENSG00000288076	10	8	1
ENSG00000288077	9	8	1
ENSG00000288078	13	13	4
ENSG00000288079	10	18	3
ENSG00000288080	38	23	5
ENSG00000288081	19	12	2
ENSG00000288082	11	9	0
ENSG00000288083	18	7	0
ENSG00000288084	95	119	14
ENSG00000288085	65	65	17
ENSG00000288086	3	4	1
ENSG00000288087	223	170	48
ENSG00000288088	559	462	111
ENSG00000288089	8	5	5
ENSG00000288090	8	4	0
ENSG00000288091	104	63	21
ENSG00000288092	2	0	0
ENSG00000288096	251	182	45
ENSG00000288097	4	5	0
ENSG00000288098	1121	921	245
ENSG00000288099	1	2	0
ENSG00000288100	1	3	0
ENSG00000288101	24	20	2
ENSG00000288102	397	267	67
ENSG00000288103	28	21	7
ENSG00000288104	7	2	1
ENSG00000288105	85	67	12
ENSG00000288106	103	53	12
ENSG00000288107	167	121	22
ENSG00000288108	6	11	1
ENSG00000288109	0	1	0
ENSG00000288110	9	6	2
ENSG00000288162	35	15	3
ENSG00000288172	14	11	0
ENSG00000288177	71	51	6
ENSG00000288208	27	27	4
ENSG00000288234	24	20	5
ENSG00000288245	19	13	3
ENSG00000288252	11	13	1
ENSG00000288271	193	142	31
ENSG00000288302	9	4	0
ENSG00000288321	382	317	71
ENSG00000288398	11	16	6
ENSG00000288459	2	7	1
ENSG00000288473	5	3	0
ENSG00000288520	381	234	43
ENSG00000288523	8	4	1
ENSG00000288524	19	8	4
ENSG00000288526	168	211	45
ENSG00000288528	75	59	13
ENSG00000288530	3	3	0
ENSG00000288531	21	8	0
ENSG00000288532	2	2	1
ENSG00000288533	5	3	4
ENSG00000288534	23	16	4
ENSG00000288535	43	36	10
ENSG00000288536	66	47	8
ENSG00000288537	4	2	0
ENSG00000288538	37	23	3
ENSG00000288540	13	13	2
ENSG00000288542	455	360	71
ENSG00000288543	52	66	9
ENSG00000288545	314	233	50
ENSG00000288548	28	23	8
ENSG00000288549	18	10	3
ENSG00000288550	4	3	0
ENSG00000288551	2	5	0
ENSG00000288552	59	38	11
ENSG00000288553	36	37	4
ENSG00000288554	16	13	5
ENSG00000288555	95	73	10
ENSG00000288559	88	58	16
ENSG00000288560	389	301	54
ENSG00000288562	3	1	2
ENSG00000288563	202	181	39
ENSG00000288564	8	0	1
ENSG00000288565	154	114	22
ENSG00000288566	53	42	12
ENSG00000288571	26	18	3
ENSG00000288573	51	33	6
ENSG00000288574	3	2	2
ENSG00000288575	11	13	2
ENSG00000288576	5	4	2
ENSG00000288577	33	19	10
ENSG00000288578	21	15	5
ENSG00000288580	20	23	3
ENSG00000288581	9	5	0
ENSG00000288583	315	367	73
ENSG00000288584	13	12	2
ENSG00000288585	55	25	8
ENSG00000288586	40	19	11
ENSG00000288587	227	204	53
ENSG00000288588	57	52	10
ENSG00000288591	3	1	0
ENSG00000288595	29	21	6
ENSG00000288597	547	479	96
ENSG00000288598	400	254	55
ENSG00000288600	76	44	12
ENSG00000288605	11	7	0
ENSG00000288606	44	31	4
ENSG00000288610	14	5	1
ENSG00000288612	83	59	18
ENSG00000288615	3	0	2
ENSG00000288618	21	10	1
ENSG00000288632	2437	1934	335
ENSG00000288637	23	27	6
ENSG00000288643	68	78	19
ENSG00000288648	4	4	0
ENSG00000288657	10	10	0
ENSG00000288659	216	125	37
ENSG00000288663	11	5	1
ENSG00000288665	42	41	5
ENSG00000288669	29	37	4
ENSG00000288670	87	66	16
ENSG00000288671	49	32	7
ENSG00000288674	114	87	17
ENSG00000288679	5	3	2
ENSG00000288681	8	17	3
ENSG00000288683	68	45	12
ENSG00000288684	296	288	63
ENSG00000288685	31	32	6
ENSG00000288691	377	275	58
ENSG00000288692	1114	825	193
ENSG00000288695	1	0	1
ENSG00000288696	202	115	30
ENSG00000288698	196	141	24
ENSG00000288699	38	31	14
ENSG00000288700	728	517	114
ENSG00000288703	199	173	49
ENSG00000288704	97	65	21
ENSG00000288707	11	7	3
ENSG00000288710	8	5	0
ENSG00000288711	3	0	0
ENSG00000288713	72	43	16
ENSG00000288714	1211	814	190
ENSG00000288717	17	8	2
ENSG00000288718	6	7	3
ENSG00000288720	173	142	32
ENSG00000288721	125	79	17
ENSG00000288723	515	405	86
ENSG00000288724	33	15	5
ENSG00000288725	618	478	138
ENSG00000288726	22	13	3
ENSG00000288727	1	2	1
ENSG00000288728	26	20	4
ENSG00000288729	118	94	20
ENSG00000288730	5	0	0
ENSG00000288731	0	0	1
ENSG00000288732	3	0	0
ENSG00000288734	4	0	0
ENSG00000288735	130	98	18
ENSG00000288736	35	20	3
ENSG00000288737	9	6	2
ENSG00000288738	2	3	0
ENSG00000288739	31	31	4
ENSG00000288740	3	1	0
ENSG00000288741	22	20	10
ENSG00000288742	9	6	5
ENSG00000288743	68	37	10
ENSG00000288746	25	19	6
ENSG00000288749	3	2	1
ENSG00000288750	18	9	3
ENSG00000288751	15	15	4
ENSG00000288752	21	17	3
ENSG00000288753	33	22	5
ENSG00000288754	11	7	3
ENSG00000288755	108	66	20
ENSG00000288756	111	100	15
ENSG00000288757	5	3	2
ENSG00000288758	5	2	0
ENSG00000288759	22	17	2
ENSG00000288760	12	4	0
ENSG00000288761	21	14	0
ENSG00000288762	182	123	33
ENSG00000288763	21	20	3
ENSG00000288764	13	7	3
ENSG00000288765	317	234	42
ENSG00000288767	64	45	5
ENSG00000288769	6	6	2
ENSG00000288770	2	0	2
ENSG00000288771	43	36	7
ENSG00000288772	30	27	7
ENSG00000288773	5	3	1
ENSG00000288775	6	1	0
ENSG00000288776	48	56	5
ENSG00000288777	13	16	2
ENSG00000288778	10	4	0
ENSG00000288779	8	3	0
ENSG00000288781	211	149	43
ENSG00000288782	9	12	3
ENSG00000288783	6	1	0
ENSG00000288786	1	3	1
ENSG00000288787	16	12	7
ENSG00000288788	8	7	3
ENSG00000288790	25	20	5
ENSG00000288791	4	8	1
ENSG00000288795	9	6	4
ENSG00000288796	9	10	0
ENSG00000288798	43	29	7
ENSG00000288799	7	7	2
ENSG00000288801	4	1	1
ENSG00000288802	6	0	0
ENSG00000288803	11	9	3
ENSG00000288804	137	102	14
ENSG00000288806	87	46	11
ENSG00000288807	3	0	0
ENSG00000288808	51	37	8
ENSG00000288809	17	15	4
ENSG00000288811	11	10	1
ENSG00000288813	10	5	3
ENSG00000288814	6	2	0
ENSG00000288816	54	41	8
ENSG00000288817	8	7	2
ENSG00000288818	61	42	7
ENSG00000288819	29	4	3
ENSG00000288820	28	13	3
ENSG00000288822	10	3	1
ENSG00000288823	28	19	4
ENSG00000288826	27	15	5
ENSG00000288828	174	110	36
ENSG00000288829	17	8	3
ENSG00000288830	49	29	8
ENSG00000288831	7	8	0
ENSG00000288832	4	3	0
ENSG00000288833	23	20	6
ENSG00000288834	4	2	0
ENSG00000288835	7	7	6
ENSG00000288837	1	3	2
ENSG00000288838	136	64	21
ENSG00000288840	13	9	3
ENSG00000288842	15	4	2
ENSG00000288843	162	108	35
ENSG00000288844	14	6	1
ENSG00000288846	0	3	0
ENSG00000288848	34	31	2
ENSG00000288849	250	170	60
ENSG00000288851	25	19	4
ENSG00000288852	13	10	1
ENSG00000288853	21	32	0
ENSG00000288854	20	10	8
ENSG00000288856	14	7	4
ENSG00000288857	101	56	13
ENSG00000288858	20	15	2
ENSG00000288860	7	1	4
ENSG00000288861	0	0	0
ENSG00000288862	19	15	1
ENSG00000288865	22	16	2
ENSG00000288866	24	28	2
ENSG00000288868	30	18	6
ENSG00000288871	49	29	11
ENSG00000288872	20	15	5
ENSG00000288873	42	18	5
ENSG00000288874	48	38	12
ENSG00000288875	5	7	1
ENSG00000288877	46	30	5
ENSG00000288878	6	6	2
ENSG00000288879	17	19	6
ENSG00000288880	208	204	35
ENSG00000288882	27	21	9
ENSG00000288883	6	8	5
ENSG00000288885	10	13	3
ENSG00000288886	83	89	17
ENSG00000288887	52	45	8
ENSG00000288889	0	0	3
ENSG00000288890	7	3	0
ENSG00000288891	1084	852	128
ENSG00000288893	12	7	1
ENSG00000288894	44	46	6
ENSG00000288895	44	25	10
ENSG00000288898	61	37	11
ENSG00000288899	102	77	17
ENSG00000288900	15	3	0
ENSG00000288902	168	124	23
ENSG00000288903	201	141	33
ENSG00000288904	84	54	16
ENSG00000288906	22	25	4
ENSG00000288907	14	13	1
ENSG00000288908	7	6	2
ENSG00000288909	19	20	7
ENSG00000288912	9	0	2
ENSG00000288915	4	0	0
ENSG00000288916	8	0	3
ENSG00000288918	0	4	0
ENSG00000288919	44	32	8
ENSG00000288921	160	107	11
ENSG00000288922	6	6	0
ENSG00000288925	14	5	4
ENSG00000288926	23	19	2
ENSG00000288927	7	11	1
ENSG00000288929	20	20	9
ENSG00000288930	7	2	1
ENSG00000288932	90	41	9
ENSG00000288933	42	26	6
ENSG00000288935	46	23	5
ENSG00000288937	9	6	1
ENSG00000288938	17	14	1
ENSG00000288939	8	6	0
ENSG00000288940	16	13	7
ENSG00000288941	52	35	7
ENSG00000288942	14	16	3
ENSG00000288945	7	4	0
ENSG00000288946	6	4	0
ENSG00000288947	0	0	0
ENSG00000288949	16	7	3
ENSG00000288951	157	120	28
ENSG00000288952	109	87	19
ENSG00000288953	10	10	3
ENSG00000288954	44	35	7
ENSG00000288955	15	17	3
ENSG00000288956	51	23	11
ENSG00000288957	63	25	15
ENSG00000288959	3	2	0
ENSG00000288960	24	8	2
ENSG00000288961	35	27	4
ENSG00000288962	0	1	0
ENSG00000288963	47	32	8
ENSG00000288964	19	12	1
ENSG00000288966	3	7	1
ENSG00000288970	17	30	3
ENSG00000288971	19	12	2
ENSG00000288973	168	104	12
ENSG00000288974	34	22	0
ENSG00000288975	8	11	0
ENSG00000288976	2	3	1
ENSG00000288977	1	0	0
ENSG00000288978	18	16	5
ENSG00000288979	15	27	4
ENSG00000288982	2	0	0
ENSG00000288983	15	29	7
ENSG00000288984	7	4	2
ENSG00000288985	37	52	7
ENSG00000288986	15	8	2
ENSG00000288987	8	3	3
ENSG00000288988	22	17	2
ENSG00000288989	17	11	2
ENSG00000288990	15	10	4
ENSG00000288991	54	43	11
ENSG00000288993	26	19	7
ENSG00000288996	13	13	5
ENSG00000288997	1	6	1
ENSG00000288998	14	8	3
ENSG00000288999	27	10	6
ENSG00000289000	15	6	1
ENSG00000289002	12	18	7
ENSG00000289004	5	2	0
ENSG00000289009	24	23	7
ENSG00000289010	0	0	0
ENSG00000289011	26	24	2
ENSG00000289012	26	18	4
ENSG00000289015	96	64	14
ENSG00000289016	116	86	26
ENSG00000289018	35	31	3
ENSG00000289020	31	10	9
ENSG00000289021	40	33	7
ENSG00000289026	8	4	2
ENSG00000289028	21	10	4
ENSG00000289029	16	13	7
ENSG00000289030	8	12	3
ENSG00000289031	14	12	3
ENSG00000289033	15	18	1
ENSG00000289035	11	14	2
ENSG00000289036	28	35	8
ENSG00000289038	7	4	0
ENSG00000289039	6	5	0
ENSG00000289041	13	11	0
ENSG00000289043	21	14	4
ENSG00000289045	1	3	0
ENSG00000289046	39	15	11
ENSG00000289049	21	23	4
ENSG00000289052	38	15	8
ENSG00000289053	123	129	34
ENSG00000289055	18	20	5
ENSG00000289056	14	17	3
ENSG00000289057	15	17	0
ENSG00000289058	9	10	0
ENSG00000289060	3	3	0
ENSG00000289061	44	45	9
ENSG00000289062	20	10	5
ENSG00000289063	13	7	3
ENSG00000289064	7	8	0
ENSG00000289065	9	18	3
ENSG00000289066	50	30	11
ENSG00000289067	51	28	9
ENSG00000289068	58	29	10
ENSG00000289070	8	8	2
ENSG00000289071	11	4	1
ENSG00000289072	66	46	9
ENSG00000289073	13	16	2
ENSG00000289074	14	6	4
ENSG00000289075	7	2	1
ENSG00000289076	16	14	4
ENSG00000289077	40	32	6
ENSG00000289078	3	10	2
ENSG00000289079	90	43	15
ENSG00000289080	10	8	1
ENSG00000289082	59	48	9
ENSG00000289084	3434	2494	667
ENSG00000289086	4	3	0
ENSG00000289087	65	36	10
ENSG00000289089	0	0	0
ENSG00000289090	22	19	3
ENSG00000289091	20	9	2
ENSG00000289092	17	8	3
ENSG00000289093	3	4	0
ENSG00000289095	12	14	2
ENSG00000289096	6	2	1
ENSG00000289097	5	9	4
ENSG00000289098	3	4	0
ENSG00000289099	0	3	0
ENSG00000289100	67	44	10
ENSG00000289101	0	3	1
ENSG00000289103	49	29	17
ENSG00000289104	37	25	1
ENSG00000289105	37	17	5
ENSG00000289106	22	15	1
ENSG00000289108	122	65	20
ENSG00000289109	9	10	1
ENSG00000289110	10	10	4
ENSG00000289111	4	2	0
ENSG00000289112	28	8	1
ENSG00000289113	2	4	1
ENSG00000289114	12	7	1
ENSG00000289115	12	9	2
ENSG00000289116	32	24	8
ENSG00000289117	23	14	6
ENSG00000289119	126	88	20
ENSG00000289120	55	34	12
ENSG00000289121	25	21	4
ENSG00000289122	11	6	1
ENSG00000289123	33	29	10
ENSG00000289124	27	29	9
ENSG00000289125	3	3	2
ENSG00000289126	11	13	4
ENSG00000289127	294	202	52
ENSG00000289129	7	8	0
ENSG00000289130	529	382	96
ENSG00000289131	15	13	6
ENSG00000289132	19	14	4
ENSG00000289135	21	16	3
ENSG00000289136	19	13	3
ENSG00000289137	8	5	1
ENSG00000289140	13	8	1
ENSG00000289141	6	12	0
ENSG00000289143	214	177	46
ENSG00000289144	3	2	2
ENSG00000289145	29	25	4
ENSG00000289146	68	65	10
ENSG00000289147	24	16	1
ENSG00000289148	6	2	0
ENSG00000289150	151	123	31
ENSG00000289151	12	9	3
ENSG00000289153	425	353	72
ENSG00000289155	17	24	6
ENSG00000289157	7	6	0
ENSG00000289158	208	168	37
ENSG00000289159	36	23	7
ENSG00000289160	3	5	0
ENSG00000289161	7	4	1
ENSG00000289162	25	22	4
ENSG00000289163	2	0	0
ENSG00000289165	6	6	0
ENSG00000289166	4	0	2
ENSG00000289167	0	2	0
ENSG00000289168	19	10	2
ENSG00000289169	3	3	0
ENSG00000289170	21	9	4
ENSG00000289172	62	28	16
ENSG00000289173	13	2	0
ENSG00000289174	125	87	22
ENSG00000289176	6	1	3
ENSG00000289177	80	74	13
ENSG00000289178	250	205	57
ENSG00000289180	250	164	56
ENSG00000289183	15	9	1
ENSG00000289186	30	10	1
ENSG00000289188	2	26	2
ENSG00000289190	8	7	3
ENSG00000289193	39	17	3
ENSG00000289194	14	18	1
ENSG00000289195	36	27	6
ENSG00000289197	316	140	45
ENSG00000289198	27	26	7
ENSG00000289199	0	0	0
ENSG00000289200	8	8	2
ENSG00000289201	171	135	39
ENSG00000289202	16	16	0
ENSG00000289203	10	4	1
ENSG00000289205	12	6	2
ENSG00000289206	10	10	4
ENSG00000289207	20	17	4
ENSG00000289209	2	2	0
ENSG00000289210	7	11	1
ENSG00000289211	13	5	1
ENSG00000289212	16	30	4
ENSG00000289213	12	8	3
ENSG00000289214	11	17	2
ENSG00000289217	53	52	9
ENSG00000289218	7	4	4
ENSG00000289219	5	4	1
ENSG00000289220	2	2	1
ENSG00000289221	2	3	1
ENSG00000289222	30	24	14
ENSG00000289223	31	13	2
ENSG00000289224	12	13	1
ENSG00000289225	12	6	4
ENSG00000289226	30	31	9
ENSG00000289228	1287	1105	201
ENSG00000289229	13	11	1
ENSG00000289230	10	8	2
ENSG00000289231	11	3	0
ENSG00000289232	43	29	7
ENSG00000289235	28	31	2
ENSG00000289236	29	26	4
ENSG00000289237	8	0	1
ENSG00000289238	17	13	0
ENSG00000289239	11	2	6
ENSG00000289241	5	1	0
ENSG00000289242	180	125	20
ENSG00000289243	45	20	12
ENSG00000289244	21	12	9
ENSG00000289245	18	22	2
ENSG00000289246	2	4	0
ENSG00000289247	3	0	0
ENSG00000289248	3	0	0
ENSG00000289249	2	0	0
ENSG00000289251	11	10	4
ENSG00000289253	12	4	6
ENSG00000289254	429	334	95
ENSG00000289255	12	8	3
ENSG00000289256	25	14	3
ENSG00000289257	9	5	5
ENSG00000289259	10	5	2
ENSG00000289260	18	10	2
ENSG00000289261	1	0	0
ENSG00000289262	4	3	0
ENSG00000289263	26	22	2
ENSG00000289266	22	10	1
ENSG00000289267	22	14	6
ENSG00000289268	32	18	6
ENSG00000289274	4	0	1
ENSG00000289275	9	10	1
ENSG00000289277	93	54	21
ENSG00000289278	30	10	4
ENSG00000289280	9	4	0
ENSG00000289281	1	3	0
ENSG00000289285	22	7	2
ENSG00000289286	3	2	1
ENSG00000289287	9	3	0
ENSG00000289288	5	7	4
ENSG00000289289	59	47	8
ENSG00000289290	4	0	2
ENSG00000289291	42	28	8
ENSG00000289292	861	656	159
ENSG00000289293	163	108	19
ENSG00000289294	62	42	15
ENSG00000289296	21	9	7
ENSG00000289297	5	6	1
ENSG00000289298	28	7	4
ENSG00000289299	62	48	11
ENSG00000289300	1	3	0
ENSG00000289301	9	6	0
ENSG00000289302	79	50	10
ENSG00000289303	7	9	1
ENSG00000289304	15	6	1
ENSG00000289305	1	2	3
ENSG00000289307	21	8	4
ENSG00000289309	437	370	70
ENSG00000289311	11	6	2
ENSG00000289312	39	22	4
ENSG00000289315	177	99	29
ENSG00000289317	21	3	1
ENSG00000289318	283	184	28
ENSG00000289319	8	2	1
ENSG00000289320	29	26	7
ENSG00000289321	34	33	3
ENSG00000289322	4	5	1
ENSG00000289324	6	8	2
ENSG00000289326	20	21	5
ENSG00000289327	13	12	4
ENSG00000289328	27	22	3
ENSG00000289330	4	6	0
ENSG00000289332	51	39	16
ENSG00000289333	5	3	0
ENSG00000289334	5	6	3
ENSG00000289335	10	6	2
ENSG00000289336	13	9	3
ENSG00000289337	8	6	4
ENSG00000289338	6	10	1
ENSG00000289339	12	21	7
ENSG00000289341	16	14	5
ENSG00000289343	1	4	4
ENSG00000289344	40	29	7
ENSG00000289345	4	4	0
ENSG00000289346	2431	1661	397
ENSG00000289347	109	64	20
ENSG00000289348	10	3	1
ENSG00000289349	539	595	82
ENSG00000289350	119	76	18
ENSG00000289351	25	12	1
ENSG00000289352	81	66	7
ENSG00000289355	41	26	13
ENSG00000289357	16	12	1
ENSG00000289358	130	110	19
ENSG00000289359	51	31	3
ENSG00000289361	12	19	4
ENSG00000289362	6	4	1
ENSG00000289363	16	13	2
ENSG00000289364	46	37	8
ENSG00000289365	5	2	1
ENSG00000289366	1	2	0
ENSG00000289367	6	3	1
ENSG00000289368	1919	2149	467
ENSG00000289370	10	8	2
ENSG00000289371	1	1	0
ENSG00000289372	63	33	9
ENSG00000289374	1	0	0
ENSG00000289375	27	18	5
ENSG00000289376	202	144	41
ENSG00000289377	12	1	3
ENSG00000289378	25	19	4
ENSG00000289381	27	17	0
ENSG00000289382	12	4	1
ENSG00000289383	7	3	2
ENSG00000289384	103	63	15
ENSG00000289385	17	12	2
ENSG00000289386	10	2	3
ENSG00000289388	1	2	0
ENSG00000289390	8	8	2
ENSG00000289395	8	17	1
ENSG00000289397	45	12	9
ENSG00000289398	45	21	8
ENSG00000289399	6	4	0
ENSG00000289400	10	8	7
ENSG00000289402	16	3	2
ENSG00000289406	122	81	28
ENSG00000289407	15	11	5
ENSG00000289408	9	6	2
ENSG00000289410	228	200	30
ENSG00000289411	6	1	0
ENSG00000289413	16	9	1
ENSG00000289414	2	4	0
ENSG00000289415	2	4	0
ENSG00000289416	6	0	0
ENSG00000289418	9	7	0
ENSG00000289422	59	27	6
ENSG00000289423	12	4	3
ENSG00000289424	42	47	5
ENSG00000289426	128	108	22
ENSG00000289427	23	9	5
ENSG00000289428	14	21	3
ENSG00000289429	26	15	9
ENSG00000289430	10	11	2
ENSG00000289431	3	7	3
ENSG00000289432	3	1	0
ENSG00000289434	52	55	9
ENSG00000289435	28	22	11
ENSG00000289436	23	16	5
ENSG00000289438	10	1	0
ENSG00000289439	43	35	5
ENSG00000289440	32	39	3
ENSG00000289442	134	99	27
ENSG00000289445	3	0	1
ENSG00000289446	24	19	3
ENSG00000289447	26	23	13
ENSG00000289448	29	17	3
ENSG00000289450	329	221	43
ENSG00000289451	62	45	8
ENSG00000289452	17	3	1
ENSG00000289453	7	8	0
ENSG00000289454	6	2	0
ENSG00000289455	7	7	0
ENSG00000289456	23	15	5
ENSG00000289457	38	27	8
ENSG00000289458	15	5	2
ENSG00000289459	6	7	1
ENSG00000289460	19	8	2
ENSG00000289461	7	1	1
ENSG00000289464	1237	1363	138
ENSG00000289465	48	27	9
ENSG00000289467	12	5	1
ENSG00000289469	336	248	59
ENSG00000289470	22	20	3
ENSG00000289471	5	7	1
ENSG00000289473	46	44	8
ENSG00000289475	4	1	2
ENSG00000289476	57	29	2
ENSG00000289477	2	4	0
ENSG00000289479	5	0	0
ENSG00000289480	25	34	5
ENSG00000289481	13	3	1
ENSG00000289482	4	2	2
ENSG00000289483	0	1	0
ENSG00000289484	113	59	15
ENSG00000289485	90	85	15
ENSG00000289486	39	24	4
ENSG00000289487	183	145	30
ENSG00000289489	12	7	1
ENSG00000289492	9	5	2
ENSG00000289493	26	8	3
ENSG00000289494	36	30	7
ENSG00000289495	3	0	0
ENSG00000289497	401	304	67
ENSG00000289499	17	11	2
ENSG00000289500	7	4	0
ENSG00000289501	12	8	0
ENSG00000289502	8	8	0
ENSG00000289503	44	24	8
ENSG00000289504	62	46	22
ENSG00000289505	0	7	0
ENSG00000289506	24	12	4
ENSG00000289507	8	4	2
ENSG00000289508	0	5	0
ENSG00000289509	173	164	26
ENSG00000289510	426	290	55
ENSG00000289511	14	11	1
ENSG00000289512	108	68	12
ENSG00000289513	20	24	6
ENSG00000289514	5	10	3
ENSG00000289516	284	302	61
ENSG00000289517	25	17	4
ENSG00000289518	24	23	5
ENSG00000289519	2	2	2
ENSG00000289520	14	13	1
ENSG00000289522	16	19	2
ENSG00000289524	61	59	13
ENSG00000289525	188	170	29
ENSG00000289526	184	126	37
ENSG00000289527	5	8	0
ENSG00000289529	249	148	42
ENSG00000289530	6	5	2
ENSG00000289533	70	65	7
ENSG00000289535	32	40	8
ENSG00000289536	135	130	15
ENSG00000289537	9	7	2
ENSG00000289538	37	30	5
ENSG00000289539	9	4	1
ENSG00000289541	37	23	5
ENSG00000289543	7	4	0
ENSG00000289544	4	4	0
ENSG00000289545	140	92	29
ENSG00000289547	6	5	2
ENSG00000289548	15	7	2
ENSG00000289550	11	12	2
ENSG00000289551	13	15	3
ENSG00000289552	9	15	3
ENSG00000289553	7	1	0
ENSG00000289555	8	5	2
ENSG00000289556	2	3	0
ENSG00000289559	18	10	1
ENSG00000289560	54	39	15
ENSG00000289561	8	9	3
ENSG00000289562	44	16	3
ENSG00000289563	11	5	2
ENSG00000289564	152	99	28
ENSG00000289565	47	47	11
ENSG00000289566	194	133	29
ENSG00000289567	7	5	1
ENSG00000289569	18	14	5
ENSG00000289570	110	67	15
ENSG00000289571	22	17	1
ENSG00000289573	4	0	0
ENSG00000289576	50	40	8
ENSG00000289577	1	1	0
ENSG00000289578	108	60	18
ENSG00000289580	12	3	1
ENSG00000289583	65	36	5
ENSG00000289584	15	12	2
ENSG00000289585	14	11	1
ENSG00000289587	107	87	22
ENSG00000289588	8	0	0
ENSG00000289589	23	9	2
ENSG00000289590	0	0	1
ENSG00000289591	210	157	62
ENSG00000289592	3	2	2
ENSG00000289593	13	7	1
ENSG00000289594	11	11	2
ENSG00000289595	8	3	0
ENSG00000289596	7	4	3
ENSG00000289597	0	0	0
ENSG00000289598	2	0	0
ENSG00000289599	8	1	3
ENSG00000289600	53	38	6
ENSG00000289601	1	4	0
ENSG00000289602	13	9	4
ENSG00000289603	15	2	4
ENSG00000289605	1180	757	188
ENSG00000289606	5	4	0
ENSG00000289607	23	12	5
ENSG00000289608	38	28	5
ENSG00000289609	28	26	10
ENSG00000289610	17	12	3
ENSG00000289614	3	2	0
ENSG00000289615	8	7	1
ENSG00000289616	20	13	1
ENSG00000289619	56	33	10
ENSG00000289621	50	26	8
ENSG00000289622	96	71	17
ENSG00000289623	15	9	3
ENSG00000289624	5	6	0
ENSG00000289629	2	3	1
ENSG00000289631	4	3	1
ENSG00000289633	3	1	0
ENSG00000289634	5	3	1
ENSG00000289635	12	8	1
ENSG00000289636	3	3	1
ENSG00000289637	18	7	2
ENSG00000289639	2	0	0
ENSG00000289640	26	12	1
ENSG00000289641	7	7	0
ENSG00000289644	1	2	0
ENSG00000289685	4	2	0
ENSG00000289688	114	97	18
ENSG00000289689	79	64	7
ENSG00000289690	48	41	9
ENSG00000289692	67	37	19
ENSG00000289694	150	95	33
ENSG00000289695	111	114	20
ENSG00000289697	24	17	3
ENSG00000289699	4	3	0
ENSG00000289700	16	14	3
ENSG00000289701	6	6	0
ENSG00000289704	7	2	0
ENSG00000289707	110	99	6
ENSG00000289709	16	16	1
ENSG00000289710	1	0	0
ENSG00000289720	38	44	4
ENSG00000289722	40	12	4
ENSG00000289723	3	4	0
ENSG00000289724	2	3	2
ENSG00000289725	195	93	23
ENSG00000289726	310	239	39
ENSG00000289727	353	215	56
ENSG00000289728	79	67	10
ENSG00000289733	49	32	7
ENSG00000289734	18	16	1
ENSG00000289738	54	50	8
ENSG00000289739	11	12	3
ENSG00000289744	92	91	13
ENSG00000289750	31	23	6
ENSG00000289754	204	141	35
ENSG00000289755	4	5	1
ENSG00000289757	5	4	0
ENSG00000289768	248	148	43
ENSG00000289788	116	87	16
ENSG00000289809	170	113	27
ENSG00000289810	63	25	1
ENSG00000289826	273	217	10
ENSG00000289827	30	27	1
ENSG00000289828	180	146	38
ENSG00000289829	23	20	9
ENSG00000289831	6	1	0
ENSG00000289832	68	48	11
ENSG00000289833	7	1	2
ENSG00000289834	7	1	4
ENSG00000289835	25	30	6
ENSG00000289836	5	4	2
ENSG00000289837	5	4	0
ENSG00000289839	119	86	13
ENSG00000289840	4	6	2
ENSG00000289841	28	20	6
ENSG00000289842	72	52	12
ENSG00000289843	126	45	10
ENSG00000289844	32	24	5
ENSG00000289845	117	93	24
ENSG00000289846	0	2	0
ENSG00000289847	84	48	12
ENSG00000289848	18	2	2
ENSG00000289850	10	11	5
ENSG00000289852	7	5	1
ENSG00000289853	145	109	29
ENSG00000289854	24	23	1
ENSG00000289855	6	5	4
ENSG00000289856	6	4	0
ENSG00000289857	1	0	0
ENSG00000289858	19	23	3
ENSG00000289859	14	14	6
ENSG00000289860	83	52	13
ENSG00000289861	5	5	0
ENSG00000289862	274	191	43
ENSG00000289863	5	6	1
ENSG00000289864	8	1	1
ENSG00000289866	17	9	2
ENSG00000289867	17	13	4
ENSG00000289868	109	105	22
ENSG00000289869	0	0	0
ENSG00000289870	101	69	16
ENSG00000289871	14	14	6
ENSG00000289872	22	12	7
ENSG00000289873	1815	1077	123
ENSG00000289874	13	6	4
ENSG00000289875	19	9	1
ENSG00000289876	18	12	2
ENSG00000289877	29	37	1
ENSG00000289878	14	14	1
ENSG00000289879	53	29	12
ENSG00000289882	7	8	1
ENSG00000289884	387	314	86
ENSG00000289885	27	16	9
ENSG00000289886	10	4	1
ENSG00000289887	93	64	18
ENSG00000289888	2	3	1
ENSG00000289889	19	8	2
ENSG00000289890	57	48	21
ENSG00000289891	15	6	3
ENSG00000289892	5	2	0
ENSG00000289893	127	103	22
ENSG00000289894	13	6	2
ENSG00000289895	11	3	2
ENSG00000289896	24	4	4
ENSG00000289897	3	0	0
ENSG00000289898	2	0	1
ENSG00000289899	179	165	16
ENSG00000289901	10	3	3
ENSG00000289902	3	9	0
ENSG00000289903	3	9	0
ENSG00000289904	25	14	5
ENSG00000289907	140	96	24
ENSG00000289908	11	5	1
ENSG00000289909	21	7	4
ENSG00000289910	10	2	0
ENSG00000289911	725	515	114
ENSG00000289913	22	17	2
ENSG00000289915	21	14	7
ENSG00000289916	12	17	5
ENSG00000289918	3	1	1
ENSG00000289919	3	2	0
ENSG00000289920	2	0	1
ENSG00000289921	5	2	0
ENSG00000289922	2	1	0
ENSG00000289923	13	18	0
ENSG00000289924	5	4	0
ENSG00000289925	5	0	0
ENSG00000289926	24	14	2
ENSG00000289928	10	12	5
ENSG00000289929	76	70	16
ENSG00000289930	14	0	0
ENSG00000289931	12	6	2
ENSG00000289932	43	26	12
ENSG00000289933	3	6	2
ENSG00000289934	3	5	0
ENSG00000289936	3	1	2
ENSG00000289937	22	11	0
ENSG00000289938	1017	699	222
ENSG00000289939	25	17	5
ENSG00000289940	3	2	2
ENSG00000289941	0	4	0
ENSG00000289942	28	25	2
ENSG00000289943	17	12	4
ENSG00000289944	51	26	4
ENSG00000289945	6	5	2
ENSG00000289946	101	78	22
ENSG00000289947	1	0	0
ENSG00000289949	76	59	15
ENSG00000289950	2590	2015	468
ENSG00000289951	4	3	1
ENSG00000289952	10	10	0
ENSG00000289953	127	95	19
ENSG00000289954	1	0	0
ENSG00000289956	502	358	68
ENSG00000289957	17	12	2
ENSG00000289958	410	285	70
ENSG00000289959	9	5	0
ENSG00000289960	87	50	10
ENSG00000289961	74	56	6
ENSG00000289962	13	7	5
ENSG00000289963	58	33	7
ENSG00000289964	2	9	0
ENSG00000289965	47	46	15
ENSG00000289966	11	7	0
ENSG00000289967	5	9	3
ENSG00000289968	16	19	10
ENSG00000289970	13	5	4
ENSG00000289971	12	7	4
ENSG00000289972	8	2	0
ENSG00000289974	3	2	1
ENSG00000289975	31	25	3
ENSG00000289976	8	9	2
ENSG00000289977	34	31	7
ENSG00000289978	16	21	2
ENSG00000289979	22	15	8
ENSG00000289980	30	33	6
ENSG00000289981	15	3	2
ENSG00000289982	6	5	3
ENSG00000289984	7	7	0
ENSG00000289986	172	144	24
ENSG00000289987	16	14	1
ENSG00000289988	3	7	2
ENSG00000289989	15	8	3
ENSG00000289990	6	5	1
ENSG00000289991	6	5	0
ENSG00000289992	56	35	12
ENSG00000289993	15	9	4
ENSG00000289994	11	8	2
ENSG00000289995	37	22	8
ENSG00000289996	76	61	15
ENSG00000289997	219	174	37
ENSG00000289998	2	3	0
ENSG00000290000	167	132	24
ENSG00000290001	2	9	1
ENSG00000290003	6	2	1
ENSG00000290005	20	13	2
ENSG00000290006	14	15	3
ENSG00000290007	17	19	7
ENSG00000290008	204	188	45
ENSG00000290009	7	5	1
ENSG00000290010	3	8	0
ENSG00000290013	32	27	10
ENSG00000290014	41	19	2
ENSG00000290016	11	7	2
ENSG00000290019	33	34	7
ENSG00000290020	276	237	24
ENSG00000290023	6	7	5
ENSG00000290024	2	2	0
ENSG00000290025	29	18	5
ENSG00000290026	25	19	2
ENSG00000290027	27	20	1
ENSG00000290030	3	3	0
ENSG00000290031	3	0	0
ENSG00000290032	8	7	1
ENSG00000290033	14	15	4
ENSG00000290034	52	32	5
ENSG00000290035	12	9	1
ENSG00000290036	53	52	7
ENSG00000290037	18	15	4
ENSG00000290038	13	6	2
ENSG00000290041	39	19	7
ENSG00000290042	3	0	0
ENSG00000290043	11	11	1
ENSG00000290044	4	3	4
ENSG00000290046	780	655	137
ENSG00000290047	22	26	3
ENSG00000290048	43	41	7
ENSG00000290049	183	158	22
ENSG00000290051	28	22	4
ENSG00000290052	3	3	1
ENSG00000290053	18	18	3
ENSG00000290056	1	5	0
ENSG00000290057	13	13	6
ENSG00000290058	5	6	3
ENSG00000290059	4	2	2
ENSG00000290060	6	5	1
ENSG00000290061	3	1	2
ENSG00000290062	4	4	2
ENSG00000290064	14	3	0
ENSG00000290065	5	2	1
ENSG00000290067	1032	626	173
ENSG00000290068	4	3	1
ENSG00000290069	33	23	4
ENSG00000290070	42	23	6
ENSG00000290071	2	2	1
ENSG00000290072	16	3	3
ENSG00000290073	467	403	93
ENSG00000290074	9	11	4
ENSG00000290075	21	9	5
ENSG00000290078	21	13	4
ENSG00000290079	2	0	0
ENSG00000290080	2	0	0
ENSG00000290081	5	1	4
ENSG00000290082	17	11	9
ENSG00000290083	6	4	4
ENSG00000290084	15	7	0
ENSG00000290085	33	17	3
ENSG00000290086	16	19	5
ENSG00000290087	4	1	1
ENSG00000290088	154	95	20
ENSG00000290089	31	20	5
ENSG00000290090	5	9	3
ENSG00000290091	17	18	1
ENSG00000290092	11	23	2
ENSG00000290095	7	2	3
ENSG00000290097	10	8	3
ENSG00000290099	19	18	2
ENSG00000290100	200	179	45
ENSG00000290101	9	11	4
ENSG00000290102	8	7	3
ENSG00000290103	11	12	0
ENSG00000290104	20	12	0
ENSG00000290105	13	11	2
ENSG00000290106	0	0	1
ENSG00000290108	9	3	3
ENSG00000290109	11	7	1
ENSG00000290110	23	17	3
ENSG00000290112	2	2	0
ENSG00000290113	145	104	26
ENSG00000290114	6	7	1
ENSG00000290115	13	5	2
ENSG00000290117	32	21	5
ENSG00000290119	181	147	30
ENSG00000290121	2	13	2
ENSG00000290123	53	25	12
ENSG00000290124	14	11	2
ENSG00000290125	27	13	3
ENSG00000290126	24	20	2
ENSG00000290127	19	16	6
ENSG00000290146	250	143	32
ENSG00000290149	537	360	74
ENSG00000290166	17	17	7
ENTHD1	275	176	42
ENTPD1	1960	1358	263
ENTPD1-AS1	4050	3377	537
ENTPD2	25	14	7
ENTPD3	286	204	47
ENTPD3-AS1	839	654	137
ENTPD4	1417	1140	188
ENTPD4-DT	95	75	12
ENTPD5	1069	903	159
ENTPD6	1020	762	194
ENTPD7	288	135	46
ENTPD8	35	35	8
ENTR1	836	576	165
ENY2	475	390	104
EOGT	507	455	71
EOGT-DT	244	193	39
EOLA1	65	37	12
EOLA1-DT	3	0	0
EOLA2	109	87	26
EOLA2-DT	4381	3339	696
EOMES	85	50	17
EP300	7570	6237	1332
EP300-AS1	50	34	10
EP400	6182	4184	858
EPAS1	3008	2752	415
EPB41	9910	6806	1730
EPB41L1	901	719	153
EPB41L1-AS1	23	20	7
EPB41L2	13132	9966	1649
EPB41L3	1760	1404	412
EPB41L3-AS1	59	35	10
EPB41L4A	3528	2645	460
EPB41L4A-AS1	169	171	38
EPB41L4A-AS2	34	22	9
EPB41L4A-AS3	106	80	20
EPB41L4A-DT	23	11	5
EPB41L4B	410	289	80
EPB41L5	2718	2019	345
EPB42	286	247	109
EPC1	9142	6867	1202
EPC1-AS1	197	124	30
EPC1-AS2	18	17	5
EPC2	6034	4524	792
EPCAM	347	307	50
EPCAM-DT	2120	2375	358
EPDR1	48	35	8
EPG5	3997	3153	567
EPGN	42	30	10
EPHA1	233	156	37
EPHA1-AS1	1303	862	225
EPHA10	99	68	13
EPHA2	425	254	60
EPHA2-AS1	48	26	4
EPHA3	3156	2356	345
EPHA4	2388	1343	239
EPHA5	1724	1256	241
EPHA5-AS1	127	88	17
EPHA6	2210	1669	408
EPHA7	1670	1243	133
EPHA8	127	97	26
EPHB1	1340	1061	205
EPHB2	2074	1203	280
EPHB3	230	148	42
EPHB4	1203	812	174
EPHB6	824	624	141
EPHX1	590	462	108
EPHX2	1296	1083	238
EPHX3	75	45	12
EPHX4	214	172	24
EPIC1	735	530	103
EPIST	4	1	0
EPM2A	1470	1124	236
EPM2A-DT	596	488	90
EPM2AIP1	653	413	86
EPN1	846	705	160
EPN2	4392	3540	581
EPN2-AS1	108	72	12
EPN3	75	26	7
EPO	8	5	1
EPOP	31	22	6
EPOR	209	153	56
EPPK1	48	47	15
EPRS1	1658	1201	223
EPS15	8218	6272	1005
EPS15-AS1	313	248	47
EPS15L1	3741	2733	584
EPS8	6997	10154	1175
EPS8L1	93	82	22
EPS8L2	157	130	34
EPS8L3	21	20	2
EPSTI1	1690	1350	285
EPX	70	61	7
EPYC	77	37	7
EQTN	23	21	5
ERAL1	114	108	23
ERAP1	1092	831	198
ERAP2	1271	933	178
ERAS	11	6	2
ERBB2	1112	830	160
ERBB3	345	232	62
ERBB4	4820	4215	752
ERBIN	13474	10042	1627
ERBIN-DT	4	5	0
ERC1	15755	10488	1959
ERC1-AS1	30	21	3
ERC2	2925	2136	487
ERC2-AS1	5	3	1
ERCC1	1150	910	219
ERCC2	518	355	86
ERCC3	2109	1482	348
ERCC4	531	330	95
ERCC6	1606	1347	252
ERCC6L	101	90	15
ERCC6L2	4966	3755	697
ERCC6L2-AS1	1494	1193	220
ERCC8	1731	1266	236
ERCC8-AS1	0	0	0
EREG	92	87	23
ERFE	29	24	5
ERFL	108	88	19
ERG	4062	4142	464
ERG28	134	112	12
ERGIC1	3534	3097	551
ERGIC2	1304	990	196
ERGIC3	1216	857	234
ERH	427	388	58
ERI1	1032	741	176
ERI2	594	428	85
ERI3	4611	3328	656
ERICD	25	11	1
ERICH1	3963	2978	655
ERICH2	76	47	11
ERICH2-DT	328	248	57
ERICH3	322	229	53
ERICH3-AS1	160	124	26
ERICH4	13	4	2
ERICH5	90	70	16
ERICH6	140	88	29
ERICH6-AS1	247	212	48
ERICH6B	78	63	15
ERLEC1	1074	903	163
ERLIN1	733	652	102
ERLIN2	432	392	67
ERLNC1	6	1	1
ERMAP	834	698	150
ERMARD	1031	939	167
ERMN	67	37	15
ERMP1	1339	978	212
ERN1	1512	1051	211
ERN2	59	36	9
ERO1A	999	820	141
ERO1B	1755	1725	268
ERP27	132	104	21
ERP29	260	236	49
ERP44	3059	2085	352
ERRFI1	254	148	24
ERRFI1-DT	456	323	64
ERV3-1	4	3	1
ERVE-1	11	5	1
ERVE-5	18	9	4
ERVFRD-1	18	13	1
ERVH-1	13	10	3
ERVH-3	53	52	3
ERVH48-1	31	43	9
ERVK-28	2	2	1
ERVK13-1	984	776	183
ERVK3-1	12	4	1
ERVMER34-1	132	99	27
ERVV-1	1	0	0
ERVV-2	58	37	9
ERVW-1	5	13	3
ESAM	565	509	95
ESAM-AS1	97	77	17
ESCO1	2479	1972	357
ESCO2	424	243	71
ESD	883	862	130
ESF1	1828	1257	229
ESM1	99	67	14
ESPL1	547	427	93
ESPN	295	214	87
ESPNL	127	118	32
ESR1	1216	871	215
ESR2	1941	1485	277
ESRG	12	12	2
ESRP1	298	220	62
ESRP2	96	70	28
ESRRA	475	363	86
ESRRB	1092	1611	208
ESRRG	11963	16422	1651
ESS2	162	108	36
ESX1	0	4	0
ESYT1	999	909	212
ESYT2	4063	2978	580
ESYT3	90	83	26
ETAA1	542	508	69
ETDB	0	0	0
ETF1	1188	905	196
ETFA	3595	2612	527
ETFB	99	42	13
ETFBKMT	201	144	29
ETFDH	793	742	145
ETFRF1	275	262	58
ETHE1	494	340	100
ETNK1	3608	2732	450
ETNK1-DT	45	24	4
ETNK2	61	64	15
ETNPPL	37	36	9
ETS1	14536	10730	1720
ETS1-AS1	30	10	4
ETS2	1457	1659	191
ETS2-AS1	433	328	81
ETV1	688	623	151
ETV2	44	28	9
ETV3	364	356	64
ETV3L	89	64	17
ETV4	304	248	42
ETV5	835	477	119
ETV5-AS1	5	4	1
ETV6	17545	12983	2761
ETV7	113	75	16
ETV7-AS1	17	12	4
EUDAL	10	6	0
EVA1A	1263	1054	218
EVA1A-AS	683	219	79
EVA1B	64	59	9
EVA1C	1159	739	182
EVC	1744	1460	281
EVC2	1287	1027	188
EVI2A	36	24	7
EVI2B	45	29	5
EVI5	6518	4856	830
EVI5L	609	414	108
EVL	7276	5436	1200
EVL-AS1	151	93	27
EVPL	160	113	25
EVPLL	40	23	9
EVX1	28	20	6
EVX1-AS	20	18	8
EVX2	27	30	7
EWSAT1	39	20	6
EWSR1	4900	3916	817
EXD1	196	170	26
EXD2	718	662	132
EXD3	2480	2046	424
EXO1	522	394	75
EXO5	176	96	17
EXO5-DT	478	385	68
EXOC1	2857	2312	381
EXOC1-AS1	202	147	23
EXOC1L	15	10	3
EXOC2	4268	2652	511
EXOC3	1335	1017	230
EXOC3-AS1	45	56	11
EXOC3L1	184	152	43
EXOC3L2	722	372	101
EXOC3L4	286	231	63
EXOC4	23123	18332	2805
EXOC5	2786	2206	341
EXOC6	5945	4738	845
EXOC6B	11291	8619	1398
EXOC7	2004	1617	353
EXOC8	150	124	21
EXOG	1232	881	167
EXOSC1	422	329	56
EXOSC10	2542	1885	435
EXOSC10-AS1	12	16	3
EXOSC2	561	477	102
EXOSC4	48	29	7
EXOSC5	145	101	34
EXOSC6	303	216	55
EXOSC7	870	582	142
EXOSC8	617	542	121
EXOSC9	903	724	167
EXPH5	442	286	60
EXT1	25409	17220	3060
EXT2	3067	1952	338
EXTL1	108	109	43
EXTL2	859	684	99
EXTL3	1794	1228	287
EXTL3-AS1	103	86	16
EYA1	1894	1381	289
EYA2	1837	1417	301
EYA3	3064	2385	446
EYA4	2699	1837	424
EYA4-AS2	45	50	8
EYS	4234	3257	732
EZH1	2516	2211	460
EZH2	5397	3475	779
EZR	3313	2366	455
EZR-AS1	54	41	12
F10	144	131	13
F10-AS1	0	1	0
F10-AS2	27	13	3
F11	52	29	13
F11-AS1	440	395	84
F11R	67	80	14
F12	104	49	30
F13A1	1479	898	306
F13B	27	25	7
F2	180	143	36
F2R	669	721	107
F2R-AS1	451	318	58
F2RL1	72	57	10
F2RL2	41	41	8
F2RL3	45	23	15
F3	88	46	14
F5	141	88	27
F7	45	34	9
F8	1263	995	186
F8A1	5	0	1
F9	28	21	5
FA2H	566	466	111
FAAH	165	98	29
FAAH2	1632	1218	298
FAAP100	292	211	44
FAAP20	770	595	132
FAAP24	88	63	13
FABP1	3	9	3
FABP12	164	109	26
FABP2	3	1	1
FABP3	90	73	16
FABP4	33	15	8
FABP5	126	150	24
FABP6	255	160	39
FABP6-AS1	49	40	4
FABP7	4	2	0
FABP9	18	8	0
FADD	45	39	9
FADS1	627	405	89
FADS2	1302	1007	211
FADS3	365	322	61
FADS6	62	40	10
FAF1	14509	10015	1745
FAF1-AS1	5	8	1
FAF2	2373	1889	379
FAH	315	222	66
FAHD1	90	104	11
FAHD2A	308	247	46
FAHD2B	68	67	11
FAIM	401	315	71
FAIM2	168	121	40
FALEC	46	25	8
FAM102A	1861	1493	310
FAM102B	2303	1696	283
FAM104A	922	727	163
FAM104B	194	158	31
FAM106A	481	1020	196
FAM107A	217	168	29
FAM107B	3919	3017	578
FAM110A	336	253	83
FAM110B	8960	5632	676
FAM110C	32	27	4
FAM110D	44	20	6
FAM111A	1854	1472	302
FAM111A-DT	115	81	16
FAM111B	355	301	49
FAM114A1	1939	1625	302
FAM114A2	781	624	103
FAM117A	2018	1464	345
FAM117B	3153	2410	437
FAM118A	1592	1225	328
FAM118B	1133	752	157
FAM120A	5120	3477	642
FAM120AOS	519	433	68
FAM120B	5797	4121	732
FAM120C	1472	1113	199
FAM124A	299	236	50
FAM124B	175	132	20
FAM126A	4683	3063	512
FAM126B	3022	2194	406
FAM131A	259	235	54
FAM131B	29	17	4
FAM131B-AS1	2	0	0
FAM131B-AS2	36	30	4
FAM131C	44	22	8
FAM133A	107	87	17
FAM133B	1804	1396	274
FAM135A	3770	2794	403
FAM135A-AS1	28	27	9
FAM135B	715	573	144
FAM136A	201	166	36
FAM138B	7	3	0
FAM138E	0	5	0
FAM13A	6098	6345	976
FAM13A-AS1	469	340	79
FAM13B	7165	5478	931
FAM13B-AS1	53	34	9
FAM13C	2638	3267	402
FAM149A	344	274	61
FAM149B1	1518	1301	247
FAM151A	32	24	6
FAM151B	401	259	63
FAM151B-DT	531	389	112
FAM153A	221	167	38
FAM153A-AS1	97	63	10
FAM153B	873	501	109
FAM153CP	333	264	65
FAM156A	411	401	78
FAM157C	235	118	19
FAM157D	9	20	3
FAM161A	375	343	74
FAM161B	95	97	11
FAM162A	311	297	53
FAM162B	115	66	12
FAM163A	1000	773	230
FAM163B	90	55	24
FAM166A	16	15	5
FAM166B	7	4	3
FAM166C	31	37	12
FAM167A	328	181	68
FAM167A-AS1	191	122	22
FAM167B	14	9	1
FAM168A	6351	4396	823
FAM168A-AS1	129	122	24
FAM168B	2436	1652	331
FAM169A	508	332	87
FAM169A-AS1	1	5	2
FAM170B	5	1	2
FAM170B-AS1	60	42	6
FAM171A1	4597	2957	468
FAM171A1-AS1	10	7	1
FAM171A2	153	141	21
FAM171B	583	451	79
FAM171B-AS1	269	210	53
FAM172A	11475	9527	1409
FAM174A	548	435	67
FAM174A-DT	340	308	59
FAM174B	1341	1051	185
FAM174C	62	47	12
FAM177A1	1816	1219	304
FAM177B	52	66	15
FAM178B	533	353	85
FAM180A	42	45	7
FAM180B	19	12	1
FAM181A	15	8	4
FAM181A-AS1	36	22	8
FAM181B	11	2	0
FAM182A	162	98	25
FAM182B	340	224	51
FAM183A	30	17	9
FAM184A	865	613	127
FAM184B	461	325	71
FAM185A	835	629	123
FAM186A	355	237	39
FAM186B	42	54	14
FAM187B	6	14	1
FAM189A1	1425	1064	189
FAM189A2	867	593	137
FAM189B	151	91	29
FAM193A	6722	4832	905
FAM193B	2648	2051	449
FAM193B-DT	5	4	0
FAM199X	508	472	61
FAM200A	172	171	34
FAM200B	11	7	0
FAM201A	9	11	1
FAM204A	1459	1269	241
FAM205A	8	2	5
FAM205C	9	5	0
FAM209A	59	43	13
FAM209B	36	14	0
FAM20A	845	651	121
FAM20B	1187	791	155
FAM20C	2649	1438	532
FAM210A	1342	1124	202
FAM210B	91	102	23
FAM214A	4476	4293	689
FAM214B	255	182	37
FAM215A	5	3	0
FAM216A	459	370	68
FAM216B	32	18	4
FAM217A	185	149	30
FAM217B	197	190	41
FAM218A	19	9	1
FAM219A	1371	1073	180
FAM219B	294	264	58
FAM221A	256	173	44
FAM222A	196	120	39
FAM222A-AS1	135	85	23
FAM222B	5077	3333	783
FAM225B	3	3	0
FAM227A	486	340	64
FAM227B	1201	962	189
FAM228A	60	53	4
FAM228B	1290	1116	238
FAM229A	67	75	11
FAM229B	112	99	14
FAM230A	0	2	0
FAM230B	6	4	2
FAM230C	144	118	14
FAM230D	4	3	0
FAM230E	0	7	0
FAM230F	32	45	3
FAM230G	12	9	5
FAM230H	0	2	0
FAM230I	49	42	12
FAM230J	5	2	0
FAM234A	945	718	178
FAM234B	531	387	72
FAM237A	16	8	4
FAM237B	7	9	3
FAM240A	55	34	11
FAM240B	96	68	15
FAM240C	35	41	11
FAM241A	699	530	114
FAM241B	15	14	3
FAM242A	46	34	3
FAM242B	13	4	1
FAM242C	70	50	12
FAM242D	3	0	0
FAM242E	2	4	0
FAM242F	33	19	9
FAM245A	73	51	10
FAM245B	22	10	4
FAM247B	6	6	3
FAM24A	4	4	0
FAM24B	0	4	0
FAM25C	46	37	1
FAM25G	18	13	2
FAM27C	261	183	37
FAM27E3	2	3	2
FAM27E5	2	0	0
FAM30A	130	116	29
FAM32A	262	271	68
FAM3A	241	248	49
FAM3B	284	232	64
FAM3C	1695	1321	181
FAM3D	86	66	18
FAM3D-AS1	105	71	20
FAM41C	40	35	5
FAM43A	135	126	26
FAM43B	3	5	1
FAM47A	0	3	0
FAM47B	0	3	0
FAM47C	0	2	0
FAM47E	92	50	16
FAM47E-STBD1	43	46	13
FAM50A	535	378	122
FAM53A	531	308	75
FAM53B-AS1	120	69	16
FAM53C	413	398	90
FAM66A	77	128	9
FAM66B	130	84	11
FAM66C	481	429	51
FAM66D	616	448	47
FAM66E	14	23	0
FAM72A	137	103	22
FAM72B	61	60	10
FAM72C	66	48	5
FAM72D	32	23	3
FAM74A1	3	0	0
FAM74A7	9	7	1
FAM76A	574	413	84
FAM76B	860	776	141
FAM78A	553	443	122
FAM78B	587	426	51
FAM78B-AS1	11	12	2
FAM81A	898	675	123
FAM81B	173	98	30
FAM83A	69	42	14
FAM83A-AS1	22	14	5
FAM83B	333	255	48
FAM83C	16	5	1
FAM83C-AS1	1	1	3
FAM83D	416	351	72
FAM83E	311	190	42
FAM83F	237	175	48
FAM83G	145	114	33
FAM83H	82	85	23
FAM85B	641	746	82
FAM86B1	56	52	15
FAM86B2	31	26	4
FAM87A	11	7	2
FAM87B	5	6	2
FAM88B	41	38	5
FAM88E	14	7	2
FAM88F	0	0	0
FAM89A	483	397	71
FAM89B	19	7	2
FAM8A1	221	174	32
FAM90A1	20	14	4
FAM90A12P	2	0	3
FAM90A20P	1	0	3
FAM90A22	0	1	0
FAM90A24P	0	5	2
FAM90A26	22	17	6
FAM90A27P	3	2	0
FAM90A5P	4	1	0
FAM91A1	1958	1615	284
FAM95A	80	62	13
FAM98A	569	554	98
FAM98B	710	488	99
FAM98C	232	169	49
FAM99A	14	5	3
FAM99B	15	4	1
FAM9A	10	0	2
FAM9B	331	239	65
FAM9C	16	12	5
FAN1	1397	981	213
FANCA	2980	2138	528
FANCB	825	642	123
FANCC	4092	2761	516
FANCD2	1130	959	174
FANCD2OS	91	85	22
FANCE	124	81	31
FANCF	43	55	2
FANCG	207	134	39
FANCI	2110	1645	380
FANCL	2668	2161	307
FANCM	1303	962	172
FANK1	678	496	72
FAP	1358	837	138
FAR1	4253	2983	547
FAR2	3459	2508	432
FAR2-AS1	297	182	41
FARP1	9054	6462	1122
FARP1-AS1	4	6	0
FARP2	3293	2416	458
FARS2	11441	7794	1216
FARS2-AS1	14	11	1
FARSA	410	277	53
FARSA-AS1	16	7	1
FARSB	1952	1260	238
FAS	807	619	121
FASLG	26	29	4
FASN	351	195	45
FASTK	209	177	45
FASTKD1	1436	1149	206
FASTKD2	1093	874	124
FASTKD3	130	99	18
FAT1	2463	1638	322
FAT2	188	160	26
FAT3	5195	5167	714
FAT4	6033	3812	565
FATE1	6	9	2
FAU	113	85	26
FAXC	231	158	39
FAXDC2	1103	1422	263
FBF1	352	286	57
FBH1	3068	2275	501
FBL	409	281	69
FBLIM1	1025	827	274
FBLL1	0	1	0
FBLN1	1258	873	245
FBLN2	549	413	93
FBLN5	5106	2568	436
FBLN7	486	357	84
FBN1	6681	4971	788
FBN1-DT	30	16	7
FBN2	2825	1901	427
FBN3	624	376	86
FBP1	148	110	22
FBP2	192	145	39
FBRS	846	701	192
FBRSL1	2419	1833	408
FBXL12	493	437	106
FBXL13	1229	898	191
FBXL14	375	311	59
FBXL15	84	77	16
FBXL16	41	26	5
FBXL17	10241	7469	1233
FBXL17-AS1	314	282	62
FBXL18	1337	877	208
FBXL19	947	714	181
FBXL19-AS1	150	72	32
FBXL2	1756	1700	222
FBXL20	7307	6490	1178
FBXL22	79	55	22
FBXL3	1043	1122	189
FBXL4	3309	2870	405
FBXL5	3637	2782	449
FBXL6	55	36	5
FBXL7	48707	31472	4409
FBXL8	205	120	31
FBXO10	19	24	1
FBXO11	11231	8367	1511
FBXO15	248	186	35
FBXO16	534	404	86
FBXO16-AS1	110	77	18
FBXO17	1165	1183	217
FBXO2	86	70	9
FBXO21	1726	1764	259
FBXO22	1628	983	196
FBXO24	256	199	52
FBXO25	1154	960	176
FBXO27	178	144	29
FBXO28	1828	1610	313
FBXO3	1045	948	156
FBXO3-DT	18	2	1
FBXO30	489	383	89
FBXO31	1173	990	214
FBXO32	510	480	77
FBXO33	1127	770	170
FBXO34	4302	3422	597
FBXO34-AS1	115	67	20
FBXO36	786	553	121
FBXO38	2167	1684	346
FBXO38-DT	1351	1226	187
FBXO39	59	50	9
FBXO4	220	205	43
FBXO40	134	127	24
FBXO41	329	257	44
FBXO42	5820	4511	813
FBXO43	121	88	21
FBXO44	165	125	21
FBXO45	146	143	23
FBXO46	679	545	113
FBXO47	109	65	8
FBXO48	99	68	17
FBXO5	321	232	42
FBXO6	78	81	15
FBXO7	1277	1146	223
FBXO8	535	513	73
FBXO9	1521	1129	230
FBXW10	111	55	12
FBXW10B	17	8	4
FBXW11	6641	4822	825
FBXW12	60	47	21
FBXW2	1618	1184	208
FBXW4	3996	3018	481
FBXW5	168	138	17
FBXW7	7672	4953	840
FBXW7-AS1	3	0	0
FBXW8	2738	1708	333
FBXW9	80	50	11
FCAMR	20	22	9
FCAR	72	48	25
FCER1A	19	14	6
FCER1G	83	69	15
FCER2	599	468	88
FCF1	631	497	93
FCGBP	754	504	110
FCGR1A	14	1	3
FCGR2A	55	48	7
FCGR2B	54	65	9
FCGR2C	18	16	4
FCGR3A	64	38	17
FCGRT	1368	1049	319
FCHO1	1233	1017	220
FCHO2	4389	4198	686
FCHO2-DT	6	8	3
FCHSD1	311	267	49
FCHSD2	29011	19767	2892
FCMR	776	1089	134
FCN1	158	119	30
FCN2	12	8	3
FCN3	50	35	8
FCRL1	1905	1927	253
FCRL2	560	455	67
FCRL3	380	149	59
FCRL3-AS1	16	3	2
FCRL4	44	40	10
FCRL5	590	533	71
FCRL6	65	40	10
FCRLA	54	133	4
FCRLB	53	27	5
FCSK	315	259	51
FDCSP	11	11	2
FDFT1	1484	987	181
FDPS	1140	810	193
FDX1	1024	794	182
FDX2-ZGLP1	20	21	2
FDXACB1	6	4	5
FDXR	198	163	37
FECH	799	660	182
FEM1A	229	185	41
FEM1B	487	404	62
FEM1C	531	482	103
FEN1	4	2	1
FENDRR	90	60	14
FER	11051	7331	1251
FER-AS2	143	95	19
FER1L5	226	185	47
FER1L6	769	559	131
FER1L6-AS1	100	83	15
FER1L6-AS2	210	145	37
FERD3L	3	0	0
FERMT1	229	180	33
FERMT2	6267	4406	647
FERMT3	631	436	140
FERRISR	391	332	55
FES	681	488	115
FETUB	19	25	3
FEV	16	10	1
FEZ1	752	517	118
FEZ2	2473	1748	279
FEZF1	28	18	7
FEZF1-AS1	28	19	3
FEZF2	15	6	1
FFAR1	43	21	4
FFAR2	38	29	4
FFAR3	2	0	0
FFAR4	124	77	16
FGA	39	11	2
FGB	48	23	5
FGD1	854	554	129
FGD2	1630	1150	416
FGD3	2296	1596	406
FGD4	3568	3004	551
FGD5	4088	3201	531
FGD5-AS1	632	596	117
FGD6	2602	1773	302
FGF1	568	428	89
FGF10	317	157	42
FGF10-AS1	158	125	28
FGF12	8959	6863	765
FGF12-AS1	156	83	30
FGF12-AS2	2	3	0
FGF12-AS3	3	1	1
FGF13	4540	3730	783
FGF13-AS1	27	24	4
FGF14	1205	884	225
FGF14-AS1	11	10	2
FGF14-AS2	9	5	1
FGF16	18	14	6
FGF17	46	29	7
FGF18	196	177	26
FGF19	19	11	4
FGF2	461	395	74
FGF20	30	30	3
FGF21	4	7	0
FGF22	31	20	4
FGF23	33	29	3
FGF3	14	13	5
FGF4	6	6	0
FGF5	119	71	18
FGF6	130	105	29
FGF7	1376	1592	180
FGF8	49	27	10
FGF9	180	178	46
FGFBP1	2	1	0
FGFBP2	7	6	0
FGFBP3	48	35	8
FGFBP3-AS1	19	15	3
FGFR1	4054	3594	633
FGFR1OP2	1976	1450	367
FGFR2	745	568	124
FGFR3	347	216	61
FGFR4	386	268	75
FGFRL1	122	104	32
FGG	36	9	4
FGGY	3215	2776	506
FGGY-DT	476	354	85
FGL1	124	108	21
FGL1-AS1	15	3	0
FGL2	232	175	34
FGR	425	276	73
FH	387	253	55
FHAD1	732	537	92
FHAD1-AS1	83	74	16
FHDC1	585	527	159
FHDC1-AS1	13	6	3
FHIP1A	1204	867	196
FHIP1A-DT	4	4	0
FHIP1B	478	369	82
FHIP2A	1749	1448	234
FHIP2B	671	500	119
FHIT	15243	12037	1908
FHL1	1417	1068	237
FHL1P1	128	66	24
FHL2	1110	1105	183
FHL3	291	199	52
FHL5	240	181	23
FHOD1	845	619	132
FHOD3	1997	1400	373
FIBCD1	56	47	8
FIBCD1-AS1	19	21	6
FIBIN	107	82	12
FIBP	164	142	37
FICD	84	57	16
FIG4	2330	1987	331
FIGLA	37	36	9
FIGN	12309	11969	1356
FIGNL1	187	143	39
FIGNL2	592	466	80
FIGNL2-DT	41	37	3
FILIP1	2568	2094	405
FILIP1-AS1	93	46	21
FILIP1L	4220	3197	802
FILNC1	481	278	69
FIP1L1	197	175	47
FIRRE	1377	866	241
FIS1	734	560	123
FITM1	31	22	2
FITM2	194	125	25
FIZ1	206	149	52
FJX1	25	10	9
FKBP10	559	448	93
FKBP14	212	181	32
FKBP14-AS1	192	161	25
FKBP15	2183	1699	362
FKBP1A	0	0	1
FKBP1B	6	5	0
FKBP1C	4	5	1
FKBP2	11	6	1
FKBP3	821	661	145
FKBP4	428	455	80
FKBP5	5603	4978	1031
FKBP6	175	108	24
FKBP7	139	127	26
FKBP8	513	430	103
FKBP8-AS1	2	5	1
FKBP9	1173	733	150
FKBPL	28	19	3
FKRP	525	412	101
FKTN	1837	1424	264
FKTN-AS1	23	10	4
FLACC1	527	343	88
FLAD1	219	164	44
FLCN	0	0	0
FLG	50	22	6
FLG-AS1	1063	1218	177
FLG2	11	11	2
FLI1	10048	8611	1430
FLII	927	620	130
FLJ12825	126	117	21
FLJ13224	31	19	8
FLJ16779	47	31	12
FLJ20021	37	34	3
FLJ36000	6	5	2
FLJ40194	500	340	65
FLJ40288	269	204	41
FLJ42969	65	44	19
FLJ46284	697	563	80
FLNA	3004	1798	396
FLNB	8112	6234	1195
FLNB-AS1	53	38	9
FLNC	1381	1026	273
FLNC-AS1	116	53	22
FLOT1	1189	1043	253
FLOT2	662	571	162
FLRT1	48	38	7
FLRT2	11492	8353	1260
FLRT2-AS1	126	96	21
FLRT3	106	101	20
FLT1	7577	4307	530
FLT3	736	448	117
FLT4	1082	1043	136
FLVCR1	851	641	101
FLVCR1-DT	75	59	10
FLVCR2	515	358	127
FLVCR2-AS1	25	9	7
FLYWCH1	951	887	159
FLYWCH1-AS1	111	65	14
FLYWCH2	294	226	63
FMC1	10	12	5
FMN1	2266	1753	335
FMN2	1520	1198	272
FMNL1	1151	888	223
FMNL1-AS1	29	32	6
FMNL1-DT	1019	821	189
FMNL2	21798	16502	2570
FMNL3	4644	3087	630
FMO1	145	130	28
FMO1-AS1	1896	1382	351
FMO2	138	85	26
FMO3	38	35	7
FMO4	205	221	38
FMO5	283	247	51
FMOD	56	51	13
FMR1	2119	1982	313
FMR1-AS1	8	12	3
FMR1NB	91	76	19
FN1	1395	951	221
FN1-DT	5	1	3
FN3K	174	165	40
FN3KRP	588	546	90
FNBP1	13506	9370	1973
FNBP1L	6172	5159	783
FNBP4	7232	5553	1129
FNDC1	498	371	92
FNDC1-AS1	18	6	3
FNDC10	11	6	1
FNDC11	58	46	12
FNDC3A	8032	6877	1102
FNDC3B	22108	16466	2556
FNDC4	22	24	6
FNDC5	304	241	65
FNDC7	119	107	23
FNDC8	9	10	0
FNIP1	3	0	0
FNIP2	2315	1591	308
FNTA	620	472	110
FNTB	10	9	0
FOCAD	6832	5912	852
FOCAD-AS1	21	23	8
FOLH1	6353	4079	995
FOLR1	22	7	1
FOLR1-AS1	454	297	74
FOLR2	38	18	7
FOLR3	54	39	13
FOS	599	925	231
FOS-AS1	262	172	51
FOSB	220	295	87
FOSL1	108	80	19
FOSL2	470	593	99
FOSL2-AS1	102	47	13
FOXA1	23	8	3
FOXA2	24	17	6
FOXA3	57	50	16
FOXB1	191	157	17
FOXB2	5	4	2
FOXC1	28	23	4
FOXC2	32	19	2
FOXC2-AS1	12	10	2
FOXCUT	27	24	7
FOXD1	4	6	2
FOXD1-AS1	3	2	0
FOXD2	7	4	2
FOXD2-AS1	26	16	4
FOXD3	15	8	3
FOXD3-AS1	22	36	7
FOXD4	18	8	2
FOXD4L1	6	4	0
FOXD4L3	4	2	0
FOXD4L5	0	0	0
FOXD4L6	2	0	0
FOXE1	7	7	3
FOXE3	4	0	0
FOXF1	19	15	2
FOXF2	11	7	1
FOXF2-DT	6	1	2
FOXG1-AS1	122	82	16
FOXH1	16	17	2
FOXI1	9	4	2
FOXI2	21	11	3
FOXI3	9	7	0
FOXJ1	17	16	3
FOXJ2	418	388	80
FOXJ3	6934	4809	841
FOXK1	4115	3033	599
FOXK2	4550	2923	666
FOXK2-AS1	10	7	0
FOXL1	14	24	5
FOXL2	14	12	0
FOXL2NB	21	3	1
FOXL3	8	3	4
FOXM1	426	290	78
FOXN1	183	131	41
FOXN2	2302	1808	297
FOXN3	13468	11180	1891
FOXN3-AS1	18	17	3
FOXN3-AS2	7	5	1
FOXN3-AS3	78	41	9
FOXN3-AS4	92	76	12
FOXN4	87	61	12
FOXO1	5886	4140	713
FOXO3	6367	5350	938
FOXO3B	125	105	20
FOXO4	145	145	28
FOXO6	361	225	61
FOXO6-AS1	3	9	1
FOXP1	334	290	46
FOXP1-AS1	64	42	8
FOXP2	2592	3176	465
FOXP3	80	62	21
FOXP4	558	416	92
FOXP4-AS1	332	236	61
FOXQ1	3	6	2
FOXR1	16	9	4
FOXRED1	634	482	99
FOXRED2	382	182	69
FOXS1	17	9	1
FPASL	43	27	4
FPGS	748	584	146
FPGT-TNNI3K	10	8	0
FPR1	285	203	52
FPR2	21	21	1
FPR3	120	106	33
FRA10AC1	2080	1790	290
FRAS1	6961	5370	642
FRAT1	30	22	8
FRAT2	39	26	6
FREM1	1662	1407	278
FREM2	5410	10087	883
FREM2-AS1	5	7	1
FREM3	186	145	44
FRG1	446	448	91
FRG1-DT	1005	718	152
FRG2B	0	0	0
FRG2C	2	3	2
FRMD1	362	265	75
FRMD3	2572	1768	339
FRMD3-AS1	97	52	5
FRMD4A	22433	17709	3085
FRMD4A-AS1	113	75	23
FRMD4A-AS2	116	66	22
FRMD4A-AS3	50	46	4
FRMD4B	28816	20439	3326
FRMD5	1386	947	226
FRMD6	1987	1431	259
FRMD6-AS2	809	608	110
FRMD7	66	45	10
FRMD8	837	675	120
FRMPD1	427	333	76
FRMPD2	153	126	29
FRMPD3	499	388	58
FRMPD3-AS1	33	22	10
FRMPD4	2717	1931	481
FRRS1	388	351	48
FRRS1L	241	161	40
FRS2	3682	2832	498
FRS3	224	153	40
FRY	4467	3463	697
FRY-AS1	34	17	5
FRYL	11465	9707	1570
FRZB	1817	1727	188
FSCB	12	13	0
FSCN1	798	663	129
FSCN2	318	272	62
FSCN3	76	34	12
FSD1	139	111	29
FSD1L	1676	1099	240
FSD2	481	375	83
FSHB	5	3	1
FSHR	501	364	102
FSIP1	480	282	82
FSIP2	374	369	85
FSIP2-AS1	704	564	110
FST	60	40	11
FSTL1	3091	2334	448
FSTL3	118	84	22
FSTL4	907	560	138
FSTL4-AS1	42	30	15
FSTL4-AS2	105	61	16
FSTL5	1517	1160	291
FSTL5-AS1	70	52	14
FTCD	153	97	31
FTCD-AS1	0	3	1
FTCDNL1	415	342	66
FTH1	819	920	203
FTHL17	0	0	0
FTL	520	462	99
FTO	10548	7979	1269
FTSJ1	311	224	62
FTSJ3	682	488	116
FTX	29288	26522	3967
FUBP1	5994	5207	901
FUBP3	2982	2226	398
FUCA1	272	258	55
FUCA2	426	320	68
FUNDC1	108	121	20
FUNDC2	400	382	71
FUOM	111	94	23
FURIN	269	224	57
FUS	6925	5397	1098
FUT1	72	45	10
FUT10	1788	1323	295
FUT11	274	191	53
FUT2	49	24	13
FUT3	13	8	3
FUT6	37	14	3
FUT7	11	8	2
FUT8	7436	4971	868
FUT8-AS1	47	24	7
FUT9	356	243	56
FUZ	211	151	45
FXR1	5944	4841	835
FXR2	634	492	112
FXYD2	50	38	11
FXYD3	3	3	0
FXYD4	8	9	1
FXYD5	277	215	53
FXYD6	21	11	4
FXYD6-AS1	51	46	8
FXYD6-FXYD2	152	183	35
FXYD7	37	17	8
FYB1	5572	3763	951
FYB2	532	371	98
FYCO1	1803	1493	317
FYN	10055	7352	1368
FYTTD1	1399	1063	236
FZD1	66	37	9
FZD10	13	2	1
FZD10-AS1	62	39	19
FZD2	29	25	3
FZD3	448	282	56
FZD4	592	494	98
FZD4-DT	482	433	59
FZD5	94	47	15
FZD6	432	319	56
FZD7	40	43	10
FZD8	65	81	10
FZD9	4	7	1
FZR1	947	794	211
G0S2	19	16	0
G2E3	2320	1848	351
G2E3-AS1	439	345	69
G3BP1	2876	1976	383
G3BP2	2155	1743	301
G6PC1	76	18	6
G6PC2	13	7	3
G6PC3	141	110	31
G6PD	420	305	80
GAA	416	302	100
GAB1	7880	6630	970
GAB2	8568	6755	1148
GAB3	1599	1320	247
GAB4	39	42	10
GABARAP	15	12	3
GABARAPL1	432	451	71
GABARAPL1-AS1	3	7	1
GABARAPL2	371	348	60
GABBR1	2473	2105	428
GABBR2	2801	1327	254
GABPA	1066	879	134
GABPB1	2069	1431	311
GABPB1-AS1	1785	1323	255
GABPB2	2809	2266	439
GABRA1	67	56	18
GABRA2	1770	2351	367
GABRA2-AS1	210	166	39
GABRA3	485	356	70
GABRA3-AS1	56	29	11
GABRA4	61	42	15
GABRA5	178	124	33
GABRA6	304	275	53
GABRA6-AS1	3	3	0
GABRB1	825	592	161
GABRB2	746	702	139
GABRB3	1048	813	179
GABRD	43	39	8
GABRE	607	472	174
GABRG1	126	86	20
GABRG2	281	241	46
GABRG3	3628	1710	346
GABRG3-AS1	482	351	73
GABRG3-AS2	1	2	0
GABRP	90	59	18
GABRQ	32	24	3
GABRR1	150	122	27
GABRR2	371	238	64
GABRR3	107	66	23
GACAT1	284	215	45
GACAT2	84	66	12
GACAT3	321	224	39
GAD1	227	149	25
GAD1-AS1	25	14	5
GAD2	272	201	44
GADD45A	107	104	18
GADD45B	106	102	22
GADD45G	45	28	12
GADD45GIP1	65	49	13
GADL1	804	656	152
GAGE1	2	1	1
GAGE10	37	29	2
GAGE12J	0	4	2
GAGE13	0	3	1
GAGE2A	6	3	1
GAGE2E	3	0	3
GAK	4668	3490	826
GAL	17	14	1
GAL3ST1	53	56	19
GAL3ST2	86	70	20
GAL3ST2-AS1	4	5	1
GAL3ST3	38	21	6
GAL3ST4	289	198	63
GALC	1075	798	145
GALE	186	128	42
GALK1	144	72	23
GALK2	3777	3387	568
GALM	1291	981	198
GALM-AS1	11	10	2
GALNS	1293	1053	291
GALNT1	3279	2324	398
GALNT10	4053	2760	483
GALNT11	3196	2449	412
GALNT12	185	131	27
GALNT13	2202	1385	268
GALNT13-AS1	49	20	7
GALNT14	720	517	116
GALNT15	386	267	66
GALNT16	390	296	73
GALNT16-AS1	223	163	29
GALNT17	4209	2859	668
GALNT18	5730	4444	757
GALNT18-AS1	8	7	2
GALNT2	7414	5441	1239
GALNT3	2663	2375	375
GALNT5	250	141	31
GALNT6	491	388	80
GALNT7	4330	3107	639
GALNT7-AS1	29	18	7
GALNT7-DT	727	576	123
GALNT8	275	195	58
GALNT9	626	395	69
GALNT9-AS1	44	30	10
GALNTL5	195	148	35
GALNTL6	2885	2267	541
GALP	71	42	8
GALR1	96	73	12
GALR3	9	8	0
GALT	65	58	8
GAMT	74	84	18
GAN	1656	1098	209
GANAB	1444	1135	242
GANC	1576	1295	217
GAP43	649	390	73
GAPDH	457	409	95
GAPDH-AS1	20	18	3
GAPDH-DT	18	9	9
GAPDHS	35	30	15
GAPLINC	86	43	19
GAPT	69	56	13
GAPVD1	4478	3568	700
GAR1	291	241	46
GAR1-DT	8	3	0
GAREM1	4226	2778	508
GAREM2	71	72	26
GARIN1A	242	168	37
GARIN1B	43	57	13
GARIN2	116	89	15
GARIN3	15	11	3
GARIN4	10	0	0
GARIN5A	70	59	10
GARIN5B	5	4	1
GARIN6	6	0	0
GARNL3	3253	3243	484
GARRE1	4012	3180	548
GARS1	1407	944	185
GARS1-DT	2989	2178	412
GART	1630	1220	224
GAS1	50	46	5
GAS1RR	208	158	47
GAS2	3473	2494	306
GAS2L1	109	73	30
GAS2L2	24	17	1
GAS2L3	744	633	100
GAS5	15015	10281	2914
GAS5-AS1	16	12	2
GAS6	799	690	143
GAS6-AS1	443	215	64
GAS6-DT	10	8	2
GAS7	15993	9939	2128
GAS8	587	478	82
GAS8-AS1	4	3	0
GASAL1	67	39	21
GASK1A	62	66	13
GASK1B	1351	687	98
GASK1B-AS1	366	244	26
GAST	12	13	3
GATA1	122	83	63
GATA2	219	170	53
GATA2-AS1	254	211	69
GATA3	685	511	123
GATA3-AS1	32	22	8
GATA4	570	447	104
GATA5	81	75	12
GATA6	885	938	118
GATA6-AS1	164	217	23
GATA6-AS2	5	6	3
GATAD1	561	444	84
GATAD2A	7000	4621	1164
GATAD2B	10155	7885	1575
GATB	914	778	142
GATB-AS1	21	9	4
GATC	107	98	21
GATD1	647	433	112
GATD1-DT	685	493	91
GATD3	62	140	33
GATM	676	583	98
GAU1	75	50	20
GBA	119	104	24
GBA2	700	564	122
GBA3	399	304	67
GBE1	3191	2565	411
GBF1	7208	4904	1077
GBP1	607	576	81
GBP2	595	617	91
GBP3	517	382	75
GBP4	375	349	82
GBP5	139	85	28
GBP6	39	20	4
GBP7	84	84	6
GBX1	188	132	30
GBX2	8	5	1
GBX2-AS1	603	476	84
GC	138	96	19
GCA	716	736	110
GCAT	94	73	18
GCC1	156	116	28
GCC2	4421	4586	782
GCC2-AS1	329	248	56
GCDH	647	454	116
GCFC2	2187	1822	319
GCG	11	4	3
GCGR	22	18	4
GCH1	727	425	92
GCHFR	36	14	7
GCK	134	95	29
GCKR	82	48	13
GCLC	1856	1232	306
GCLC-AS1	7	10	0
GCLM	428	321	58
GCM1	50	30	11
GCM2	10	21	3
GCN1	2632	1946	473
GCNA	716	627	140
GCNT1	2058	1403	292
GCNT2	1611	1379	216
GCNT3	185	136	22
GCNT4	502	388	111
GCNT7	88	65	18
GCOM1	87	104	14
GCSAM	151	126	39
GCSAML	307	239	50
GCSH	3	5	0
GCSIR	61	46	7
GDA	446	333	81
GDAP1	1553	1245	229
GDAP1L1	261	197	51
GDAP2	1532	1147	198
GDE1	256	164	28
GDF10	44	24	12
GDF11	393	300	74
GDF15	147	68	23
GDF2	12	2	0
GDF3	23	11	1
GDF5	144	106	21
GDF5-AS1	16	15	2
GDF6	88	51	13
GDF7	50	53	13
GDF9	47	20	6
GDI1	1213	813	204
GDI2	3543	2564	490
GDNF	191	180	42
GDNF-AS1	262	226	46
GDPD1	671	548	110
GDPD2	173	222	49
GDPD3	379	252	69
GDPD4	194	124	21
GDPD5	1861	1750	293
GDPGP1	15	14	1
GEM	249	297	43
GEMIN2	367	296	60
GEMIN4	174	192	32
GEMIN5	1101	805	154
GEMIN6	272	208	50
GEMIN7	4	1	0
GEMIN7-AS1	270	198	62
GEMIN8	923	654	149
GEN1	1049	806	178
GET1	14	11	0
GET1-SH3BGR	118	83	13
GET3	173	181	39
GET4-AS1	35	19	4
GFAP	56	39	17
GFER	53	41	6
GFI1	332	247	75
GFI1B	272	193	64
GFM1	1723	1061	229
GFM2	1262	1085	189
GFOD1	3515	2652	434
GFOD1-AS1	13	5	2
GFOD2	1177	928	196
GFPT1	3502	2453	438
GFPT2	415	375	93
GFRA1	797	756	170
GFRA2	2328	1279	475
GFRA3	67	51	15
GFRA4	10	3	2
GFRAL	139	81	30
GFUS	152	94	33
GFY	41	18	1
GGA1	1122	806	216
GGA2	3301	2587	553
GGA3	1743	1259	287
GGACT	40	31	9
GGCT	13	15	5
GGCX	488	438	102
GGH	130	121	24
GGN	19	12	6
GGNBP2	3995	2661	612
GGPS1	44	40	7
GGT5	331	295	60
GGT6	25	11	1
GGT7	750	622	130
GGTA1	647	521	141
GGTLC1	9	5	1
GGTLC2	3	10	1
GH2	5	14	0
GHDC	83	81	14
GHET1	8	8	4
GHITM	365	317	56
GHR	6138	6376	915
GHRH	8	10	6
GHRHR	168	110	33
GHRL	63	37	11
GHRLOS	311	271	59
GHSR	7	8	1
GID4	479	397	67
GID8	486	372	81
GIGYF1	1828	1425	395
GIGYF2	8451	6597	1174
GIHCG	150	99	32
GIMAP1	3	3	0
GIMAP2	185	171	35
GIMAP4	285	181	42
GIMAP5	50	46	9
GIMAP6	204	113	25
GIMAP7	150	99	17
GIMAP8	812	582	135
GIMD1	16	14	1
GIN1	448	358	73
GINM1	1074	901	162
GINS1	867	679	125
GINS2	217	170	29
GINS3	417	271	58
GINS4	297	236	55
GIP	42	22	7
GIPC1	760	494	128
GIPC2	1484	1203	165
GIPC3	60	40	12
GIPR	118	91	31
GIT1	496	409	94
GIT2	4401	3594	695
GJA1	146	154	24
GJA10	43	46	3
GJA3	72	50	12
GJA4	32	11	2
GJA5	210	141	27
GJA8	43	24	10
GJB1	40	25	10
GJB2	10	5	3
GJB3	11	8	0
GJB4	5	1	1
GJB5	2	0	0
GJB6	26	25	4
GJB7	97	51	19
GJC1	1217	660	130
GJC2	115	100	23
GJC3	11	7	2
GJD2	2	4	0
GJD2-DT	109	76	20
GJD3	23	26	3
GJD3-AS1	31	13	7
GJD4	9	7	1
GJD4-AS1	16	15	2
GJE1	0	1	1
GK	431	310	47
GK-AS1	76	53	13
GK2	2	4	1
GK3P	8	1	2
GK5	1306	901	187
GKAP1	1159	852	167
GKN1	13	5	4
GKN2	9	13	3
GLA	142	110	46
GLB1	1534	982	217
GLB1L	135	132	27
GLB1L2	74	60	20
GLB1L3	106	78	23
GLCCI1	4335	3216	579
GLCCI1-DT	91	54	14
GLCE	1310	924	178
GLDC	301	206	54
GLDN	252	203	47
GLE1	1092	857	172
GLELR	18	27	2
GLG1	8424	5970	1078
GLI1	164	135	27
GLI2	5612	3300	659
GLI3	4363	3349	511
GLI4	31	15	2
GLIDR	216	242	37
GLIPR1	191	150	55
GLIPR1-AS1	30	29	6
GLIPR1L1	41	35	7
GLIPR1L2	174	133	32
GLIPR2	533	383	92
GLIS1	645	515	102
GLIS2	370	230	57
GLIS2-AS1	34	28	18
GLIS3	10287	10770	1488
GLIS3-AS1	8	3	0
GLIS3-AS2	46	38	6
GLMN	2473	1862	325
GLMP	78	84	16
GLO1	646	616	76
GLOD4	514	398	79
GLOD5	119	83	23
GLP1R	100	52	16
GLP2R	167	116	32
GLRA1	319	228	48
GLRA2	475	311	70
GLRA3	312	205	58
GLRB	229	171	46
GLRX	526	382	90
GLRX2	177	130	29
GLRX3	2618	1820	310
GLRX5	189	126	37
GLS	6995	5948	863
GLS2	0	2	0
GLT1D1	450	353	61
GLT6D1	75	56	10
GLT8D1	409	350	75
GLT8D2	453	310	64
GLTC1	63	46	9
GLTP	564	474	90
GLTPD2	19	13	3
GLUD1	1414	1071	177
GLUD2	13	6	2
GLUL	2106	1902	399
GLYAT	278	188	53
GLYATL1	300	198	61
GLYATL1-AS1	909	533	160
GLYATL1B	13	8	0
GLYATL2	248	284	41
GLYATL3	83	54	13
GLYCTK	314	258	55
GLYCTK-AS1	51	23	15
GLYR1	3181	2376	583
GM2A	1250	1086	221
GMCL1	1585	1332	215
GMCL2	4	3	0
GMDS	9539	6765	1191
GMDS-DT	8605	7045	1228
GMEB1	1473	1086	228
GMEB2	895	707	142
GMFB	372	402	62
GMFG	697	582	155
GMIP	569	518	127
GML	81	56	16
GMNC	113	76	29
GMNN	470	370	102
GMPPA	215	137	48
GMPPB	132	86	17
GMPR	1164	728	217
GMPR2	152	139	36
GMPS	2339	1418	298
GNA11	642	413	116
GNA12	3436	2395	531
GNA13	2193	2028	354
GNA14	7839	5790	1205
GNA14-AS1	330	249	61
GNA15	702	553	161
GNA15-DT	77	39	7
GNAI1	6127	4278	539
GNAI2	1703	1263	299
GNAI3	2270	1951	377
GNAL	856	624	143
GNAO1	573	390	99
GNAO1-AS1	2	6	3
GNAO1-DT	323	274	52
GNAQ	16095	10536	1996
GNAS	6460	5611	1116
GNAS-AS1	419	297	66
GNAT1	28	11	3
GNAT2	108	66	17
GNAT3	167	81	25
GNAZ	203	155	46
GNB1	14754	9950	1981
GNB1-DT	21	6	5
GNB1L	630	447	100
GNB2	264	250	65
GNB3	24	29	8
GNB4	2612	2274	331
GNB5	864	758	168
GNE	1060	902	183
GNG11	280	252	33
GNG12	4339	2967	436
GNG12-AS1	2269	2096	271
GNG13	8	6	3
GNG14	0	0	1
GNG2	5016	3334	604
GNG3	15	16	5
GNG4	539	363	71
GNG7	6861	5241	927
GNG8	89	54	19
GNGT1	869	687	153
GNGT2	61	36	10
GNL1	904	678	156
GNL2	1078	757	170
GNL3	2138	1590	390
GNL3L	2344	1658	341
GNLY	171	70	13
GNMT	41	23	7
GNPAT	1605	1293	226
GNPDA1	174	127	27
GNPDA2	443	405	62
GNPNAT1	231	198	40
GNPTAB	1808	1217	252
GNPTG	952	802	192
GNRH1	119	95	19
GNRH2	28	18	7
GNRHR	31	25	14
GNS	974	742	157
GOLGA1	6234	4183	1141
GOLGA2	2422	1641	407
GOLGA3	3698	2463	645
GOLGA4	10850	8203	1578
GOLGA4-AS1	45	20	6
GOLGA5	1149	941	179
GOLGA6A	10	4	4
GOLGA6B	5	7	0
GOLGA6C	1	3	2
GOLGA6D	4	0	0
GOLGA6L10	176	94	12
GOLGA6L2	44	34	9
GOLGA6L22	2	2	0
GOLGA6L24P	0	0	0
GOLGA6L25P	3	0	0
GOLGA6L4	4	2	0
GOLGA6L6	4	0	0
GOLGA6L7	10	15	4
GOLGA6L9	197	111	22
GOLGA6L9-AS1	201	153	35
GOLGA7	426	313	69
GOLGA7B	46	31	7
GOLGA7B-DT	36	37	6
GOLGA8A	1309	1224	218
GOLGA8B	1325	642	153
GOLGA8F	3	0	0
GOLGA8G	6	0	0
GOLGA8H	63	16	12
GOLGA8J	6	7	1
GOLGA8K	23	20	2
GOLGA8M	155	112	27
GOLGA8N	73	67	12
GOLGA8O	14	10	4
GOLGA8Q	11	32	2
GOLGA8R	59	56	7
GOLGA8S	3	6	2
GOLGA8T	11	11	1
GOLGB1	5113	4306	850
GOLIM4	2388	1695	258
GOLM1	1259	905	188
GOLM2	4942	3474	694
GOLPH3	2643	2064	354
GOLPH3-DT	29	27	8
GOLPH3L	1005	803	160
GOLT1A	39	36	6
GOLT1B	472	361	63
GON4L	5109	3575	740
GON7	115	67	26
GOPC	1420	1073	180
GORAB	626	431	98
GORAB-AS1	122	107	18
GORASP1	264	195	52
GORASP2	1377	938	188
GOSR1	2573	2173	418
GOSR2	0	0	0
GOSR2-DT	36	22	2
GOT1	481	307	65
GOT1-DT	252	187	48
GOT2	664	460	101
GP1BA	5	13	7
GP2	51	38	15
GP5	33	23	5
GP6	319	235	73
GP6-AS1	518	325	52
GP9	17	6	5
GPA33	382	208	51
GPA33-AS1	20	12	6
GPAA1	111	91	20
GPALPP1	1395	1201	229
GPAM	515	386	86
GPANK1	226	169	52
GPAT2	42	50	10
GPAT3	504	334	99
GPAT4	1504	1011	184
GPAT4-AS1	522	392	66
GPATCH1	1323	940	223
GPATCH11	337	293	66
GPATCH2	3858	3187	508
GPATCH2L	2948	2253	417
GPATCH3	228	156	39
GPATCH4	337	238	64
GPATCH8	8792	7085	1191
GPBAR1	17	18	9
GPBP1	7947	6362	1179
GPBP1-DT	21	12	5
GPBP1L1	6006	5623	1005
GPC1	292	206	70
GPC1-AS1	25	16	4
GPC2	250	187	42
GPC3	3609	3097	471
GPC4	1784	1012	207
GPC5	39271	26243	5459
GPC5-AS1	91	68	18
GPC5-AS2	110	68	10
GPC6	35568	25189	3235
GPC6-AS1	56	44	11
GPC6-AS2	36	28	2
GPCPD1	7107	7392	987
GPD1	69	42	20
GPD1L	845	534	128
GPD2	2779	1826	323
GPER1	173	122	28
GPHA2	2	5	0
GPHB5	19	16	6
GPHN	11595	8089	1415
GPI	3138	2331	532
GPIHBP1	61	51	7
GPKOW	287	264	58
GPLD1	617	499	93
GPM6A	2417	2408	428
GPM6A-DT	18	16	5
GPM6B	1711	1597	235
GPN1	257	223	42
GPN2	380	262	53
GPN2-AS1	9	7	6
GPN3	284	233	36
GPNMB	291	240	52
GPR101	30	20	4
GPR107	3900	3023	572
GPR108	331	258	57
GPR119	16	10	3
GPR12	0	0	0
GPR132	326	266	67
GPR135	536	325	79
GPR137	541	398	106
GPR137B	1082	901	171
GPR137C	1678	1338	191
GPR139	61	40	12
GPR141	9	0	0
GPR142	23	15	10
GPR143	184	152	26
GPR146	141	111	27
GPR148	0	0	0
GPR149	105	75	18
GPR15	4	7	0
GPR150	9	5	2
GPR151	1	2	0
GPR152	9	4	3
GPR153	194	150	41
GPR155	927	852	157
GPR155-DT	11	5	2
GPR156	392	301	66
GPR157	218	176	31
GPR158	922	707	187
GPR158-AS1	23	28	6
GPR160	542	456	88
GPR161	847	684	136
GPR162	99	61	16
GPR17	55	52	6
GPR171	52	29	6
GPR173	2008	1432	211
GPR174	545	438	76
GPR176	455	365	66
GPR176-DT	14	11	4
GPR179	60	50	18
GPR18	50	57	3
GPR180	650	453	94
GPR182	24	19	3
GPR183	213	175	25
GPR19	135	114	12
GPR20	59	64	8
GPR22	6	4	0
GPR25	3	4	1
GPR26	28	24	2
GPR27	3	0	0
GPR3	22	18	5
GPR31	4	2	2
GPR32	1	0	0
GPR33	53	36	9
GPR34	60	34	5
GPR35	139	122	35
GPR37	154	222	38
GPR37L1	73	54	16
GPR39	494	391	71
GPR45	5	5	1
GPR50	5	3	1
GPR50-AS1	0	3	0
GPR55	263	190	52
GPR55-AS1	3	4	0
GPR6	4	1	0
GPR61	60	46	5
GPR62	8	7	4
GPR63	881	484	55
GPR65	136	83	18
GPR68	104	64	17
GPR78	103	61	19
GPR82	42	32	5
GPR83	28	23	7
GPR84	7	9	3
GPR85	145	110	16
GPR87	26	22	4
GPR88	188	228	29
GPR89A	522	383	73
GPR89B	671	559	109
GPRACR	8	4	1
GPRC5A	173	139	22
GPRC5B	694	616	134
GPRC5C	391	341	64
GPRC5D	28	14	2
GPRC5D-AS1	476	300	74
GPRC6A	37	35	10
GPRIN1	66	48	5
GPRIN2	84	66	13
GPRIN3	1083	971	166
GPS1	129	96	22
GPS2	44	28	6
GPSM1	914	847	175
GPSM2	1303	994	197
GPSM3	170	135	30
GPT	29	22	6
GPT2	363	233	77
GPX1	66	53	20
GPX2	13	6	2
GPX3	70	76	23
GPX4	164	179	28
GPX5	11	7	2
GPX6	59	43	13
GPX7	94	90	9
GPX8	108	98	15
GRAMD1A	1819	1428	290
GRAMD1A-AS1	27	20	6
GRAMD1B	3970	3011	636
GRAMD1C	579	433	87
GRAMD2A	133	128	18
GRAMD2B	1466	1089	231
GRAMD2B-AS1	473	299	86
GRAMD4	1914	1356	380
GRAP	540	514	86
GRAP2	3873	2748	744
GRAPL	455	514	55
GRASLND	79	64	10
GRB10	4530	3286	579
GRB14	450	282	83
GRB2	5543	3841	822
GRB7	106	87	22
GREB1	1179	891	217
GREB1L	2057	2207	299
GREB1L-AS1	526	374	76
GREM1	129	77	17
GREM1-AS1	1	3	0
GREM2	391	367	75
GREP1	62	63	11
GRHL1	251	214	61
GRHL2	659	678	143
GRHL3	441	282	75
GRHL3-AS1	100	82	17
GRHPR	507	349	77
GRIA1	684	531	126
GRIA2	344	237	53
GRIA3	530	374	110
GRIA4	825	682	161
GRID1	1724	1164	323
GRID1-AS1	78	80	12
GRID1-AS2	3	8	3
GRID2	4288	3212	653
GRID2-AS1	9	5	0
GRID2IP	425	337	79
GRIFIN	10	4	5
GRIK1	1069	731	176
GRIK1-AS1	57	40	2
GRIK1-AS3	4	8	1
GRIK2	19702	17191	2370
GRIK3	304	245	47
GRIK4	1382	1118	225
GRIK5	861	634	99
GRIN1	86	58	20
GRIN2A	1136	848	163
GRIN2B	1095	773	184
GRIN2C	104	85	20
GRIN2D	309	208	51
GRIN3A	2266	2383	352
GRIN3B	71	55	8
GRINA	136	151	18
GRIP1	18148	15568	1592
GRIP2	620	743	146
GRIPAP1	2209	1788	475
GRK1	101	63	10
GRK2	1898	1540	464
GRK3	8467	6681	1267
GRK3-AS1	23	14	4
GRK4	1162	689	150
GRK5	14785	15943	3200
GRK5-AS1	42	36	7
GRK6	1233	857	243
GRK7	18	13	8
GRM1	689	543	127
GRM2	21	19	6
GRM3	569	394	84
GRM3-AS1	87	70	18
GRM4	253	184	49
GRM5	1228	882	205
GRM5-AS1	39	19	10
GRM6	22	12	4
GRM7	3113	2187	508
GRM7-AS1	135	117	21
GRM7-AS2	2	0	0
GRM7-AS3	386	337	86
GRM8	1779	1361	321
GRM8-AS1	161	140	30
GRN	168	152	36
GRP	11	7	2
GRPEL1	160	135	28
GRPEL2	271	200	44
GRPEL2-AS1	48	35	8
GRPR	47	39	11
GRSF1	1526	1452	291
GRTP1	491	427	88
GRTP1-AS1	89	76	17
GRWD1	138	109	21
GRXCR1	197	156	13
GRXCR2	154	102	31
GS1-24F4.2	227	207	35
GS1-594A7.3	41	15	12
GS1-600G8.3	10	14	2
GSAP	2470	2121	373
GSC	4	3	3
GSC-DT	7	5	1
GSC2	4	1	0
GSCAR	11	8	4
GSDMA	180	110	30
GSDMB	870	714	175
GSDMC	22	32	3
GSDMD	317	294	72
GSDME	272	187	44
GSE1	26712	17711	4249
GSE1-AS1	23	15	6
GSEC	206	202	57
GSG1	22	18	3
GSG1L	1006	892	174
GSG1L2	86	60	10
GSK3A	30	35	6
GSK3B	8127	6000	941
GSK3B-DT	436	336	78
GSKIP	287	230	48
GSN	2926	2499	500
GSN-AS1	15	13	2
GSPT1	3450	2285	491
GSPT2	35	43	8
GSR	1261	885	186
GSS	462	347	83
GSTA1	10	15	1
GSTA2	40	28	8
GSTA3	36	21	3
GSTA4	829	704	120
GSTA5	10	9	5
GSTCD	1549	1143	207
GSTK1	741	611	154
GSTM2	137	103	19
GSTM3	133	109	18
GSTM4	173	159	44
GSTM5	223	159	36
GSTO1	464	407	77
GSTO2	232	171	59
GSTP1	64	69	21
GSTT2	29	36	3
GSTT2B	62	35	10
GSTT4	19	8	1
GSTZ1	150	118	26
GSX1	8	6	0
GTDC1	10503	8559	1221
GTF2A1	1385	959	218
GTF2A1-AS1	33	22	8
GTF2A2	191	159	32
GTF2B	1203	965	218
GTF2E1	348	322	41
GTF2E2	1870	1349	267
GTF2F1	583	447	100
GTF2F2	3297	2109	411
GTF2H1	1558	1276	222
GTF2H2	348	212	37
GTF2H2C	488	433	85
GTF2H3	688	596	111
GTF2H5	298	275	54
GTF2I	7608	5742	1016
GTF2I-AS1	425	291	54
GTF2IRD1	3091	2298	475
GTF2IRD2B	1357	1112	217
GTF3A	631	429	94
GTF3C1	2828	2220	500
GTF3C2	2261	1695	346
GTF3C2-AS1	23	18	3
GTF3C2-AS2	301	199	40
GTF3C3	1464	1268	253
GTF3C4	331	283	53
GTF3C5	865	676	154
GTF3C6	195	171	27
GTPBP1	995	834	194
GTPBP10	1078	917	168
GTPBP2	839	693	179
GTPBP3	210	182	41
GTPBP4	1782	1257	296
GTPBP8	375	285	58
GTSCR1	28	32	10
GTSE1	736	493	122
GTSE1-DT	12	9	0
GTSF1	36	22	8
GTSF1L	0	1	0
GUCA1A	4	2	0
GUCA1ANB-GUCA1A	36	30	7
GUCA1B	177	126	25
GUCA1C	134	73	35
GUCA2A	9	1	0
GUCA2B	5	4	0
GUCD1	310	277	42
GUCY1A1	6856	11798	1034
GUCY1A2	11550	6448	992
GUCY1B1	2178	2642	327
GUCY2C	168	112	35
GUCY2C-AS1	344	223	44
GUCY2D	35	35	12
GUCY2F	217	161	32
GUF1	1118	949	201
GUK1	820	672	174
GULP1	9921	5952	757
GUSB	797	549	170
GUSBP11	3958	2722	638
GVQW3	337	229	52
GXYLT1	1166	692	151
GXYLT2	918	694	146
GYG1	427	249	62
GYG2	290	168	25
GYG2-AS1	3	3	0
GYPA	10	5	0
GYPB	145	115	30
GYPC	1077	792	198
GYPE	218	188	47
GYS1	1605	1278	343
GZF1	158	116	45
GZMA	53	29	5
GZMB	12	8	6
GZMH	10	13	2
GZMH-AS1	167	111	27
GZMK	26	11	4
GZMK-AS1	34	20	6
GZMM	65	44	10
H1-0	286	294	50
H1-1	25	20	2
H1-10	127	121	26
H1-10-AS1	235	200	42
H1-2	1164	900	162
H1-3	1112	825	129
H1-4	1622	1112	231
H1-5	411	287	60
H1-6	24	10	2
H1-7	0	1	0
H1-8	27	13	1
H19	1261	927	216
H2AC11	177	121	40
H2AC12	85	62	15
H2AC13	77	39	11
H2AC14	81	64	5
H2AC15	128	83	18
H2AC16	80	54	17
H2AC17	23	13	3
H2AC20	161	144	30
H2AC21	89	70	22
H2AC4	41	29	5
H2AC6	5075	2107	354
H2AC8	183	113	21
H2AJ	267	221	36
H2AL1Q	6	0	0
H2AW	63	44	5
H2AX	56	32	6
H2AZ1	234	202	37
H2AZ1-DT	665	389	97
H2AZ2	1146	932	182
H2AZ2-DT	18	9	5
H2BC10	55	33	6
H2BC11	588	297	74
H2BC12	197	78	15
H2BC13	54	23	4
H2BC14	62	34	9
H2BC15	339	229	40
H2BC17	65	36	12
H2BC18	629	380	62
H2BC21	347	179	39
H2BC3	31	26	10
H2BC4	640	258	57
H2BC5	1139	684	128
H2BC6	206	168	25
H2BC6-AS1	207	119	37
H2BC7	101	61	24
H2BC8	274	123	41
H2BC9	70	57	7
H2BU1	25	20	6
H2BW1	4	0	0
H3-3A	1341	1312	236
H3-3A-DT	222	243	49
H3-3B	1255	1510	262
H3-5	54	40	8
H3-7	75	66	8
H3C1	28	33	15
H3C10	113	77	18
H3C11	62	41	9
H3C12	106	65	14
H3C13	29	24	3
H3C2	171	141	20
H3C3	86	53	12
H3C6	108	90	20
H3C7	50	39	4
H3C8	99	82	15
H3Y1	0	0	1
H3Y2	1	0	0
H4-16	215	193	15
H4C1	51	40	9
H4C11	21	12	2
H4C12	38	52	8
H4C13	29	20	8
H4C14	16	16	4
H4C15	18	15	2
H4C2	94	65	16
H4C3	155	123	24
H4C4	67	51	16
H4C5	213	168	32
H4C6	67	43	6
H4C7	1	1	0
H4C8	1237	775	305
H4C9	67	48	9
H6PD	1076	772	154
HAAO	615	494	110
HABP2	77	88	17
HABP4	875	494	96
HACD1	527	389	100
HACD2	1301	876	173
HACD3	1897	1355	231
HACD4	220	228	33
HACE1	2333	2079	323
HACL1	1431	988	161
HADH	1015	750	161
HADHA	2027	1680	280
HADHB	2227	1954	354
HAFML	120	90	23
HAGH	734	464	126
HAGHL	56	54	11
HAGLR	183	170	28
HAGLROS	10	11	0
HAL	146	82	14
HAMP	11	9	4
HAND1	18	9	5
HAND2	98	93	23
HAND2-AS1	624	616	113
HAO1	93	77	15
HAO2	59	44	2
HAP1	95	73	10
HAPLN1	215	146	36
HAPLN2	34	22	6
HAPLN3	112	96	25
HAPSTR2	0	0	0
HAR1A	13	8	2
HAR1B	16	27	14
HARBI1	206	125	31
HARS1	1230	946	212
HARS2	492	334	83
HAS1	77	53	14
HAS2	140	121	23
HAS2-AS1	855	599	137
HAS3	33	27	6
HASPIN	22	25	6
HAT1	1688	1299	239
HAUS1	1071	726	161
HAUS2	548	462	80
HAUS3	9	7	3
HAUS4	0	3	0
HAUS5	559	403	85
HAUS5-DT	6	11	4
HAUS6	1581	1156	213
HAUS7	218	173	47
HAUS8	484	343	86
HAVCR1	106	85	14
HAVCR2	839	604	132
HAX1	153	155	41
HBA1	996	737	106
HBA2	1589	1048	158
HBB	189	178	27
HBD	26	15	5
HBEGF	188	144	48
HBM	110	80	29
HBP1	2032	2460	345
HBQ1	16	12	5
HBS1L	3155	2480	471
HBZ	95	44	9
HCAR1	34	26	7
HCAR2	3	5	2
HCAR3	5	5	2
HCCAT5	14	5	4
HCCS	109	96	22
HCCS-DT	1554	1217	228
HCFC1	913	654	178
HCFC1-AS1	17	3	2
HCFC1R1	77	66	14
HCFC2	1259	844	160
HCG11	199	176	28
HCG14	16	11	11
HCG15	3	2	2
HCG17	1378	1131	190
HCG18	138	93	20
HCG20	252	186	47
HCG22	76	59	6
HCG24	32	14	6
HCG25	79	70	12
HCG27	191	176	32
HCG9	57	17	9
HCK	911	737	238
HCLS1	1118	1024	248
HCN1	876	701	130
HCN2	88	90	20
HCN3	108	69	20
HCN4	71	52	14
HCN4-AS1	10	11	1
HCP5	283	285	45
HCP5B	0	0	3
HCRT	35	7	5
HCRTR1	59	41	6
HCRTR2	354	273	63
HCST	33	22	5
HDAC1	2113	1514	380
HDAC10	64	54	14
HDAC11	272	212	59
HDAC11-AS1	23	19	5
HDAC2	1992	1706	293
HDAC2-AS2	3037	2308	580
HDAC3	684	490	97
HDAC3-AS1	143	95	26
HDAC4	11396	8890	2046
HDAC4-AS1	30	26	10
HDAC4-AS2	14	9	2
HDAC4-AS3	32	16	4
HDAC5	2263	1967	433
HDAC6	1216	975	236
HDAC7	4562	3290	784
HDAC8	2	1	0
HDAC9	26650	22259	2582
HDAC9-AS1	12	5	3
HDC	122	67	11
HDDC2	586	482	77
HDDC3	164	85	27
HDGF	546	470	106
HDGFL2	784	672	151
HDGFL3	2117	1480	256
HDHD2	23	21	0
HDHD3	95	76	21
HDHD5	831	542	110
HDHD5-AS1	65	46	21
HDLBP	5426	4052	856
HDX	1172	771	169
HEATR1	2728	2062	384
HEATR3	1446	1062	245
HEATR3-AS1	97	82	12
HEATR4	451	328	65
HEATR5A	1226	778	162
HEATR5A-DT	146	107	20
HEATR5B	3736	3239	559
HEATR6	542	495	76
HEATR6-DT	70	80	12
HEATR9	38	20	3
HEBP1	405	368	77
HEBP2	308	310	63
HECA	1487	1252	225
HECTD1	7314	5146	967
HECTD2	2480	2150	345
HECTD3	293	231	50
HECTD4	11831	9706	2057
HECW1	717	470	116
HECW2	6154	2909	460
HECW2-AS1	21	10	5
HEG1	2807	1857	329
HEIH	92	79	18
HELB	1354	1164	248
HELLPAR	303	246	60
HELLS	2220	1828	384
HELQ	938	700	125
HELT	9	6	2
HELZ	8455	7306	1263
HELZ2	234	223	64
HEMGN	259	210	46
HEMK1	520	412	82
HENMT1	164	128	32
HEPACAM	52	25	6
HEPACAM2	55	46	16
HEPFAL	6	3	0
HEPH	760	717	112
HEPHL1	175	144	35
HEPN1	15	14	0
HERC1	20256	17547	3488
HERC2	8311	6031	1215
HERC3	248	158	43
HERC3.1	2	4	0
HERC4	11191	8296	1295
HERC5	477	429	93
HERC6	880	776	119
HERPUD1	658	775	95
HERPUD2	2237	1814	353
HERPUD2-AS1	66	39	8
HES1	139	164	27
HES2	61	22	13
HES3	11	17	7
HES4	116	73	18
HES5	14	14	3
HES6	30	24	6
HES7	51	24	9
HESX1	163	127	27
HEXA	13	14	3
HEXA-AS1	26	11	4
HEXB	797	548	116
HEXD	983	768	168
HEXIM1	244	211	59
HEXIM2	143	100	34
HEXIM2-AS1	879	931	156
HEXIM2-AS2	14	11	2
HEY1	101	56	12
HEY2	289	194	40
HEY2-AS1	641	479	115
HEYL	391	282	61
HFE	140	117	37
HFM1	1582	1348	222
HGD	166	109	24
HGF	2369	2955	351
HGFAC	29	33	5
HGH1	36	26	4
HGS	1076	831	206
HGSNAT	2909	2329	437
HHAT	2744	2529	434
HHATL-AS1	8	8	1
HHEX	165	153	24
HHIP	874	708	150
HHIPL1	217	229	52
HHIPL2	55	45	7
HHLA1	73	61	8
HHLA2	197	139	28
HHLA3	169	142	27
HIBADH	3246	3197	471
HIBCH	7568	5879	925
HIC1	256	319	46
HIC2	269	254	54
HID1	217	153	36
HID1-AS1	34	30	5
HIF1A	3560	3543	416
HIF1A-AS1	121	97	14
HIF1A-AS3	361	283	69
HIF1AN	1124	882	179
HIF3A	5752	5275	1011
HIGD1B	18	13	6
HIGD2B	99	77	18
HIKESHI	1082	785	164
HINFP	384	330	79
HINT1	923	742	133
HINT3	334	350	45
HIP1	9290	7157	1340
HIP1R	828	737	127
HIPK1	1825	1307	274
HIPK1-AS1	57	39	12
HIPK2	5754	4321	837
HIPK3	4800	3321	633
HIPK4	90	48	12
HIRA	682	475	96
HIRIP3	107	101	30
HIVEP1	6989	4598	802
HIVEP2	7428	7008	1166
HIVEP2-DT	255	194	48
HIVEP3	7405	5572	1201
HJURP	494	403	77
HJV	159	85	35
HK1	2739	1912	529
HK2	618	489	116
HK2-DT	10	10	4
HK3	152	57	15
HKDC1	288	205	55
HLA-A	860	589	140
HLA-B	1541	1470	287
HLA-C	853	803	196
HLA-DMA	142	116	33
HLA-DMB	275	238	36
HLA-DOA	42	84	8
HLA-DOB	17	14	1
HLA-DPA1	218	217	32
HLA-DPB1	1147	781	197
HLA-DQA1	439	456	62
HLA-DQA2	61	143	8
HLA-DQB1	260	288	32
HLA-DQB1-AS1	5	0	0
HLA-DQB2	48	100	18
HLA-DRA	300	302	51
HLA-DRB1	737	1018	114
HLA-DRB5	417	834	81
HLA-E	1026	878	190
HLA-F	439	455	111
HLA-F-AS1	86	90	18
HLA-G	37	40	8
HLCS	3781	2514	424
HLCS-AS1	55	34	11
HLF	448	273	80
HLF-AS1	4	5	0
HLMR1	51	19	9
HLTF	1723	1579	227
HLTF-AS1	46	24	8
HLX	11	9	3
HLX-AS1	244	193	37
HM13	2321	1635	337
HM13-AS1	58	23	15
HMBOX1	7195	5815	863
HMBS	373	350	185
HMCES	649	591	100
HMCN1	5227	5850	701
HMCN2	975	774	155
HMG20A	2208	1857	355
HMG20B	478	338	97
HMGA1	242	167	40
HMGA1P4	1311	1089	241
HMGA2	3148	1973	267
HMGA2-AS1	167	132	30
HMGA2-AS2	98	53	10
HMGB1	4620	3693	682
HMGB1P1	37	45	8
HMGB2	1187	1137	229
HMGB3	112	73	33
HMGCL	756	646	124
HMGCLL1	365	341	73
HMGCR	718	500	104
HMGCS1	915	604	89
HMGCS2	35	28	2
HMGN1	1741	1356	313
HMGN2	1118	1212	210
HMGN3	1987	1564	271
HMGN3-AS1	78	69	10
HMGN4	409	358	66
HMGN5	507	381	69
HMGXB3	1513	1166	216
HMGXB4	1486	1157	209
HMMR	489	410	95
HMMR-AS1	9	13	1
HMOX1	811	594	179
HMOX2	868	676	134
HMSD	77	50	17
HMX1	27	20	4
HMX2	14	8	0
HMX3	12	11	4
HNF1A	58	47	9
HNF1A-AS1	194	127	45
HNF1B	196	145	31
HNF4A	170	137	40
HNF4A-AS1	100	78	24
HNF4G	368	263	70
HNMT	1059	1284	188
HNRNPA0	261	215	34
HNRNPA1L3	197	145	31
HNRNPA2B1	18064	14909	2985
HNRNPA3	3389	2587	449
HNRNPAB	552	397	103
HNRNPC	11297	8953	1678
HNRNPCL1	4	0	0
HNRNPD	4827	3902	732
HNRNPD-DT	117	98	22
HNRNPDL	8112	6332	1208
HNRNPF	1827	1523	328
HNRNPH1	12749	10632	2152
HNRNPH2	48	48	3
HNRNPH3	2805	2593	423
HNRNPK	3131	2956	548
HNRNPK-AS1	58	44	12
HNRNPL	1484	1126	249
HNRNPLL	2046	1508	309
HNRNPLL-AS1	7	6	0
HNRNPM	6397	5066	1135
HNRNPR	4940	3724	693
HNRNPU	11293	9380	1748
HNRNPUL1	2693	2151	468
HNRNPUL2	22	14	0
HNRNPUL2-BSCL2	62	52	7
HOATZ	31	27	10
HOMER1	1169	871	175
HOMER2	1233	894	208
HOMER3	242	260	42
HOMER3-AS1	76	47	17
HOMEZ	185	176	47
HOOK1	221	136	43
HOOK2	1578	1159	282
HOOK3	5368	4214	805
HOPX	83	48	11
HORMAD1	138	131	23
HORMAD2	228	142	36
HORMAD2-AS1	108	109	26
HOTAIR	29	25	4
HOTAIRM1	522	280	53
HOTTIP	85	52	14
HOXA-AS2	275	168	54
HOXA-AS3	163	90	37
HOXA1	27	10	3
HOXA10	8	0	3
HOXA10-AS	38	18	7
HOXA11	21	17	5
HOXA11-AS	22	15	3
HOXA13	23	11	7
HOXA2	39	24	4
HOXA3	385	282	55
HOXA7	26	36	5
HOXA9	6	3	1
HOXB-AS1	285	289	41
HOXB-AS3	591	366	102
HOXB-AS4	26	16	5
HOXB1	12	5	2
HOXB13	22	8	4
HOXB2	226	169	31
HOXB3	2480	2154	451
HOXB6	1	6	0
HOXB7	96	64	14
HOXC-AS1	5	3	0
HOXC-AS2	17	15	3
HOXC-AS3	12	11	1
HOXC10	0	5	0
HOXC11	8	10	6
HOXC12	18	8	2
HOXC13	20	15	3
HOXC13-AS	9	5	2
HOXC4	95	76	16
HOXD-AS2	162	102	30
HOXD1	9	9	1
HOXD10	69	55	12
HOXD11	20	13	6
HOXD12	11	6	3
HOXD13	17	8	6
HOXD3	719	765	103
HOXD8	38	22	6
HOXD9	27	13	0
HP	6	8	3
HP1BP3	10439	7281	1587
HPAT5	31	25	8
HPCA	29	35	6
HPCAL1	3330	2483	519
HPCAL4	23	23	4
HPD	383	274	39
HPDL	7	18	3
HPF1	697	478	104
HPGD	1295	1075	97
HPGD-AS2	172	101	25
HPGDS	403	241	53
HPN	196	131	56
HPN-AS1	249	147	38
HPR	33	13	3
HPRT1	840	547	107
HPS1	1	0	0
HPS1-AS1	28	12	5
HPS3	1434	1328	287
HPS4	1275	1130	215
HPS5	1067	917	174
HPS6	23	26	5
HPSE	212	160	33
HPSE2	1595	1148	273
HPX	80	55	17
HPYR1	222	180	45
HR	61	31	10
HRAS	113	94	21
HRAT17	222	173	47
HRC	132	97	26
HRCT1	11	7	1
HRDAL	0	0	0
HRG	23	12	3
HRG-AS1	528	418	105
HRH1	1171	801	215
HRH2	455	295	89
HRH3	7	8	1
HRH4	82	49	8
HRK	230	199	52
HRNR	12	15	4
HROB	138	101	17
HS1BP3	914	652	153
HS2ST1	3153	2130	355
HS3ST1	493	305	60
HS3ST1-AS1	941	615	91
HS3ST2	184	160	23
HS3ST3A1	1034	633	169
HS3ST3B1	733	484	94
HS3ST4	483	353	85
HS3ST5	690	548	129
HS3ST6	18	9	2
HS6ST1	1729	1416	439
HS6ST2	1454	1067	221
HS6ST3	1873	1447	368
HSALR1	95	51	17
HSBP1	91	91	22
HSBP1L1	216	192	79
HSCB	648	663	141
HSD11B1	188	133	22
HSD11B1-AS1	250	232	56
HSD11B2	129	82	21
HSD17B1-AS1	50	50	6
HSD17B10	59	52	10
HSD17B11	943	973	145
HSD17B12	347	241	47
HSD17B13	41	47	6
HSD17B14	509	436	103
HSD17B2	104	57	9
HSD17B2-AS1	307	243	61
HSD17B3-AS1	6	7	2
HSD17B4	2525	1837	353
HSD17B6	193	119	33
HSD17B7	301	258	47
HSD17B8	52	32	5
HSD3B1	12	9	1
HSD3B2	9	9	5
HSD3B7	44	30	5
HSDL1	683	611	117
HSDL2	2552	2713	410
HSDL2-AS1	551	440	92
HSF1	1138	978	248
HSF2	815	664	123
HSF2BP	484	389	72
HSF4	40	26	10
HSF5	268	217	29
HSH2D	570	544	99
HSH2D-AS1	46	41	8
HSP90AA1	16544	10163	2122
HSP90AB1	3325	2471	523
HSP90B1	4541	3426	830
HSPA12A	993	848	188
HSPA12A-AS1	7	5	4
HSPA12B	681	536	94
HSPA13	222	183	40
HSPA14	364	248	66
HSPA1A	976	200	52
HSPA1B	517	112	38
HSPA1L	76	44	11
HSPA2	82	60	14
HSPA2-AS1	137	103	34
HSPA4	2766	2271	390
HSPA4L	264	245	48
HSPA5	594	519	92
HSPA5-DT	74	60	17
HSPA8	4352	3255	969
HSPA9	1908	1679	303
HSPB1	913	427	81
HSPB11	1217	1016	175
HSPB2-C11orf52	23	19	6
HSPB3	10	9	1
HSPB6	135	89	27
HSPB7	76	72	18
HSPB8	473	395	97
HSPB8-AS1	5	3	1
HSPB9	5	1	0
HSPBAP1	1161	890	168
HSPBP1	231	174	48
HSPD1	3212	2978	534
HSPE1	24	14	4
HSPE1-MOB4	207	95	16
HSPG2	7143	5150	1005
HSPH1	3815	3886	667
HTATIP2	103	97	11
HTATSF1	497	365	93
HTN1	10	11	2
HTN3	11	6	0
HTR1B	8	5	2
HTR1D	62	39	8
HTR1E	969	664	124
HTR1F	623	467	116
HTR2A	163	178	22
HTR2A-AS1	10	4	1
HTR2B	98	80	13
HTR2C	558	395	113
HTR3A	52	39	4
HTR3B	104	83	27
HTR3C	21	9	2
HTR3D	10	9	1
HTR3E	33	17	1
HTR3E-AS1	14	18	1
HTR4	453	314	84
HTR5A	18	16	1
HTR5A-AS1	7	5	1
HTR6	17	16	3
HTR7	263	167	50
HTRA1	329	243	58
HTRA1-AS1	108	98	20
HTRA2	178	148	40
HTRA3	198	159	50
HTRA4	103	106	26
HTT	6717	5229	1079
HTT-AS	280	218	38
HULC	1258	944	188
HUNK	1192	901	185
HUNK-AS1	1	3	0
HUS1	677	524	104
HUWE1	8758	6729	1243
HVCN1	2002	1801	275
HYAL1	316	186	48
HYAL2	49	35	8
HYAL3	37	24	9
HYAL4	125	89	19
HYDIN	794	645	144
HYDIN-AS1	7	1	1
HYI	165	138	42
HYI-AS1	27	13	8
HYKK	234	172	34
HYLS1	174	154	29
HYOU1	589	322	124
HYOU1-AS1	11	4	6
IADEN	12	11	1
IAH1	541	459	91
IAPP	52	35	7
IARS1	3114	2254	452
IARS2	1398	1123	207
IATPR	114	84	16
IBA57	457	371	62
IBA57-DT	15	12	1
IBSP	9	12	3
IBTK	3423	2371	382
ICA1	1627	1216	190
ICA1L	1493	1479	194
ICAM1	424	388	119
ICAM2	408	375	80
ICAM3	186	138	31
ICAM4	35	23	5
ICAM4-AS1	32	25	9
ICAM5	69	57	21
ICE1	2876	2179	403
ICE1-DT	251	213	38
ICE2	2494	2081	405
ICMT	153	105	38
ICMT-DT	21	12	3
ICOS	254	175	54
ICOSLG	26	20	10
ID1	70	51	11
ID2	521	408	83
ID2-AS1	204	155	37
ID3	237	182	38
ID4	336	428	47
IDE	2606	1833	376
IDH1	649	501	101
IDH1-AS1	15	10	3
IDH2	853	679	160
IDH2-DT	261	194	37
IDH3A	835	613	143
IDH3B	375	327	84
IDH3B-DT	4	5	1
IDH3G	345	230	59
IDI1	561	373	70
IDI2	19	18	3
IDI2-AS1	158	113	33
IDNK	332	253	62
IDO1	158	131	34
IDO2	308	205	53
IDUA	322	207	42
IER2	407	396	83
IER2-AS1	45	12	15
IER3	56	76	10
IER3-AS1	14	6	7
IER3IP1	2	0	0
IER5	135	104	13
IER5L	59	39	2
IER5L-AS1	3	8	1
IFFO1	582	384	119
IFFO2	705	443	108
IFI16	3968	3968	680
IFI27	83	73	9
IFI27L1	496	375	74
IFI27L2	43	40	10
IFI35	129	127	40
IFI44	880	801	141
IFI44L	637	569	99
IFI6	80	77	12
IFIH1	736	722	101
IFIT1	348	468	62
IFIT1B	34	35	3
IFIT2	159	171	34
IFIT3	443	311	76
IFIT5	123	139	21
IFITM10	8	6	0
IFITM2	57	40	8
IFITM3	132	103	28
IFITM3-AS1	88	92	21
IFITM5	5	5	4
IFNA10	0	1	0
IFNA13	6	2	0
IFNA14	0	0	1
IFNA16	0	0	1
IFNA21	4	1	0
IFNA4	3	2	0
IFNA5	0	2	0
IFNA6	2	0	0
IFNA8	0	0	2
IFNAR1	2239	2475	377
IFNAR2	171	108	26
IFNAR2-IL10RB	28	22	3
IFNB1	2	0	0
IFNG	14	9	2
IFNG-AS1	1502	1040	242
IFNGR1	1425	987	198
IFNGR2	2301	2089	418
IFNK	5	2	2
IFNL1	3	1	0
IFNL2	2	0	0
IFNL3	0	0	2
IFNL4	2	2	0
IFNLR1	272	241	70
IFNW1	0	2	0
IFRD1	192	85	37
IFRD2	233	145	41
IFT122	2016	1869	348
IFT122P3	54	26	8
IFT140	1382	1176	241
IFT172	1333	1274	223
IFT20	246	222	32
IFT22	129	104	14
IFT27	499	312	89
IFT43	2374	1948	322
IFT46	417	404	70
IFT52	1700	1309	234
IFT57	654	475	102
IFT70A-AS1	36	24	15
IFT74	2291	1828	319
IFT74-AS1	10	8	1
IFT81	1799	1416	273
IFT88	3210	2567	388
IFTAP	706	723	104
IGBP1	1078	836	160
IGBP1-AS1	3	0	0
IGBP1-AS2	6	1	0
IGDCC3	515	398	78
IGDCC4	597	667	122
IGF1	457	310	81
IGF1R	21177	20233	3423
IGF1R-AS2	131	111	20
IGF2	1216	814	176
IGF2-AS	70	62	18
IGF2BP1	1864	1361	217
IGF2BP2	17860	13757	2080
IGF2BP2-AS1	73	50	5
IGF2BP3	10249	7426	1246
IGF2R	6101	4977	918
IGFALS	3	0	1
IGFBP1	32	9	3
IGFBP2	858	693	138
IGFBP3	436	810	123
IGFBP4	769	738	121
IGFBP5	1020	853	197
IGFBP6	60	58	8
IGFBP7	6417	4745	787
IGFBP7-AS1	465	258	65
IGFBPL1	45	50	7
IGFL1	2	0	0
IGFL2-AS1	48	23	6
IGFL3	8	0	0
IGFL4	330	235	50
IGFLR1	4	5	2
IGFN1	347	270	56
IGHA1	16	8	2
IGHA2	12	10	0
IGHD	307	354	58
IGHD6-19	0	0	1
IGHD7-27	6	4	1
IGHE	7	3	0
IGHEP1	2	0	0
IGHG1	17	10	2
IGHG2	16	6	4
IGHG3	7	11	6
IGHG4	7	7	1
IGHGP	9	7	6
IGHJ1	6	0	0
IGHJ1P	9	2	0
IGHJ2	7	3	0
IGHJ2P	4	1	0
IGHJ3	15	17	1
IGHJ3P	8	11	0
IGHJ4	12	11	4
IGHJ5	7	11	1
IGHJ6	31	7	2
IGHM	702	839	156
IGHMBP2	1024	771	154
IGHV1-14	1	3	0
IGHV1-17	4	1	2
IGHV1-18	4	2	0
IGHV1-2	33	19	5
IGHV1-24	1	6	0
IGHV1-3	23	19	3
IGHV1-45	7	3	2
IGHV1-46	3	9	1
IGHV1-58	3	3	0
IGHV1-68	1	0	2
IGHV1-69	0	1	0
IGHV1-69D	5	6	0
IGHV1OR21-1	4	0	0
IGHV2-26	12	4	0
IGHV2-5	0	4	1
IGHV2-70	1	2	0
IGHV3-11	10	7	1
IGHV3-13	11	4	1
IGHV3-15	20	11	1
IGHV3-16	2	0	0
IGHV3-19	1	0	0
IGHV3-20	8	12	0
IGHV3-21	23	21	1
IGHV3-22	0	0	3
IGHV3-23	15	18	2
IGHV3-25	3	0	0
IGHV3-29	4	8	2
IGHV3-30	20	11	8
IGHV3-30-2	2	2	1
IGHV3-32	7	5	3
IGHV3-33	10	10	2
IGHV3-33-2	3	1	0
IGHV3-35	0	3	0
IGHV3-36	1	3	0
IGHV3-37	4	3	0
IGHV3-38	0	4	2
IGHV3-41	7	1	0
IGHV3-42	1	0	1
IGHV3-43	6	5	1
IGHV3-47	8	1	0
IGHV3-48	9	9	2
IGHV3-49	5	2	1
IGHV3-52	3	1	0
IGHV3-53	3	6	1
IGHV3-57	0	2	0
IGHV3-6	0	5	0
IGHV3-60	3	2	0
IGHV3-64	4	4	0
IGHV3-64D	0	2	0
IGHV3-65	0	0	0
IGHV3-66	2	9	2
IGHV3-7	19	25	1
IGHV3-71	5	0	0
IGHV3-72	4	7	3
IGHV3-73	5	6	1
IGHV3-74	3	1	0
IGHV3-75	0	0	0
IGHV3-76	0	0	0
IGHV3OR15-7	0	2	0
IGHV3OR16-8	0	0	0
IGHV4-28	1	5	0
IGHV4-31	17	1	3
IGHV4-34	7	14	0
IGHV4-39	14	12	2
IGHV4-4	4	3	1
IGHV4-55	3	11	0
IGHV4-59	6	3	2
IGHV4-61	1	2	0
IGHV4-80	4	2	2
IGHV5-10-1	3	0	0
IGHV5-51	8	10	1
IGHV5-78	0	0	0
IGHV6-1	7	20	1
IGHV7-27	0	1	0
IGHV7-34-1	4	2	0
IGHV7-4-1	5	5	0
IGHV7-81	1	1	0
IGHV8-51-1	2	0	0
IGHVII-1-1	0	0	0
IGHVII-22-1	0	0	0
IGHVII-26-2	2	0	0
IGHVII-28-1	0	0	2
IGHVII-30-1	2	0	0
IGHVII-30-21	2	0	0
IGHVII-49-1	3	0	0
IGHVII-51-2	0	0	0
IGHVII-53-1	2	0	0
IGHVII-65-1	0	0	0
IGHVIII-11-1	3	0	0
IGHVIII-16-1	3	0	0
IGHVIII-2-1	0	0	1
IGHVIII-38-1	2	4	0
IGHVIII-47-1	4	0	0
IGHVIII-5-1	0	0	0
IGHVIII-67-2	0	0	2
IGHVIII-67-4	3	2	0
IGIP	26	29	6
IGKJ1	2	6	0
IGKV1-12	0	1	0
IGKV1-16	2	0	0
IGKV1-17	1	2	0
IGKV1-27	3	0	2
IGKV1-33	2	0	0
IGKV1-5	3	4	0
IGKV1-6	2	0	0
IGKV1-8	0	3	3
IGKV1D-22	0	2	0
IGKV1D-43	1	0	0
IGKV1D-8	4	0	0
IGKV1OR22-1	0	0	1
IGKV1OR22-5	2	0	2
IGKV2-24	0	0	0
IGKV2-26	0	2	1
IGKV2-28	4	2	0
IGKV2-29	8	3	0
IGKV2-30	6	2	0
IGKV2D-19	2	0	0
IGKV2D-24	0	0	1
IGKV2D-26	3	2	0
IGKV2D-29	0	3	0
IGKV2D-30	2	0	0
IGKV2OR2-1	1	0	2
IGKV2OR2-2	0	0	0
IGKV2OR22-3	0	0	0
IGKV2OR22-4	4	2	0
IGKV3-11	2	2	0
IGKV3-20	8	3	0
IGKV3-25	0	1	0
IGKV3-31	1	0	0
IGKV3-7	0	2	0
IGKV3D-20	1	2	0
IGKV3D-7	2	0	0
IGKV4-1	2	4	4
IGKV5-2	2	1	0
IGKV7-3	0	0	0
IGLC2	7	13	3
IGLC3	8	8	0
IGLC4	5	3	0
IGLC5	2	0	0
IGLC6	1	4	0
IGLC7	0	0	0
IGLCOR22-1	0	1	0
IGLCOR22-2	0	0	2
IGLJ2	0	3	0
IGLJ3	2	1	0
IGLL1	25	33	4
IGLL5	444	459	71
IGLON5	71	46	9
IGLV1-36	4	0	0
IGLV1-40	3	4	1
IGLV1-41	0	1	0
IGLV1-44	2	0	1
IGLV1-47	3	2	0
IGLV1-62	0	1	1
IGLV10-54	0	3	0
IGLV10-67	0	2	0
IGLV11-55	2	1	0
IGLV2-11	0	4	0
IGLV2-14	5	0	0
IGLV2-18	1	3	1
IGLV2-23	1	0	0
IGLV2-28	0	0	1
IGLV2-33	2	2	3
IGLV2-34	0	0	0
IGLV2-5	2	0	0
IGLV2-8	1	4	0
IGLV3-1	1	2	2
IGLV3-10	2	2	0
IGLV3-16	6	3	0
IGLV3-19	5	3	0
IGLV3-21	7	0	1
IGLV3-22	0	1	0
IGLV3-24	0	2	0
IGLV3-25	0	2	0
IGLV3-26	3	0	0
IGLV3-27	0	0	0
IGLV3-29	0	2	0
IGLV3-30	0	4	0
IGLV3-31	0	0	1
IGLV3-32	4	0	0
IGLV3-6	0	0	2
IGLV3-9	2	0	0
IGLV4-3	1	3	0
IGLV4-60	0	3	0
IGLV4-69	2	5	0
IGLV5-37	2	0	0
IGLV5-45	5	1	0
IGLV5-48	2	2	0
IGLV6-57	6	4	0
IGLV7-35	5	0	0
IGLV7-43	0	0	0
IGLV7-46	3	2	0
IGLV8-61	2	3	0
IGLV8OR8-1	3	0	0
IGLV9-49	0	8	0
IGLVI-38	1	4	0
IGLVI-68	1	0	0
IGLVI-70	1	1	1
IGLVIV-65	0	2	0
IGLVV-58	0	0	0
IGLVVI-22-1	1	0	0
IGLVVI-25-1	0	0	0
IGSF1	351	254	75
IGSF10	152	111	37
IGSF11	801	406	104
IGSF11-AS1	8	3	2
IGSF21	1355	1217	560
IGSF21-AS1	9	8	3
IGSF22	118	67	16
IGSF22-AS1	193	130	37
IGSF23	176	114	22
IGSF3	491	335	81
IGSF5	136	107	25
IGSF6	106	90	25
IGSF8	159	134	32
IGSF9	178	106	32
IGSF9B	604	435	99
IHH	8	12	0
IHO1	1252	1210	152
IK	1178	858	229
IKBIP	1051	989	184
IKBKB	3813	3073	630
IKBKB-DT	147	121	23
IKBKE	853	544	132
IKBKG	228	182	51
IKZF1	8409	5822	1304
IKZF2	5462	4028	900
IKZF3	2813	2123	371
IKZF4	573	431	81
IKZF5	620	646	114
IL10	36	22	3
IL10RA	961	854	221
IL10RB	115	77	19
IL10RB-DT	23	22	3
IL11	14	24	3
IL12A	44	24	6
IL12A-AS1	969	709	151
IL12B	31	22	8
IL12B-AS1	1433	1063	220
IL12RB1	454	320	83
IL12RB2	964	712	140
IL13	8	9	3
IL13RA1	841	451	129
IL13RA2	12	6	5
IL15	1182	1063	170
IL15RA	251	176	43
IL16	1443	1098	279
IL17A	0	7	1
IL17B	179	114	39
IL17C	5	6	3
IL17D	265	222	49
IL17F	19	5	1
IL17RA	1145	768	225
IL17RB	53	58	14
IL17RC	4	0	0
IL17RD	2493	1407	269
IL17RE	283	201	44
IL17REL	162	117	35
IL18	267	177	45
IL18BP	396	285	75
IL18R1	446	342	53
IL18RAP	253	165	32
IL19	404	256	64
IL1A	76	56	13
IL1B	38	20	5
IL1F10	10	10	3
IL1R1	1708	1493	367
IL1R1-AS1	10	15	4
IL1R2	192	153	30
IL1RAP	1600	1501	178
IL1RAPL1	9206	6550	1054
IL1RAPL2	2788	2146	542
IL1RL2	132	76	23
IL1RN	89	59	18
IL2	11	18	2
IL20	9	11	1
IL20RA	181	143	26
IL20RB	296	188	48
IL20RB-AS1	83	57	12
IL21	20	11	4
IL21-AS1	152	90	20
IL21R	999	702	171
IL21R-AS1	43	21	6
IL22	5	3	0
IL22RA1	68	42	13
IL22RA2	49	42	11
IL23A	30	34	7
IL23R	318	214	57
IL24	31	16	1
IL25	5	2	0
IL26	96	56	12
IL27	49	47	10
IL27RA	806	579	141
IL2RA	240	180	46
IL2RA-AS1	106	105	14
IL2RB	472	329	77
IL2RB-AS1	121	63	14
IL2RG	10	6	0
IL3	6	5	0
IL31	3	3	0
IL31RA	185	120	34
IL32	418	414	77
IL33	1904	1735	287
IL34	1097	792	147
IL36A	5	0	0
IL36B	68	49	10
IL36G	13	15	2
IL36RN	4	7	1
IL37	13	11	1
IL4	20	9	5
IL4I1	140	75	28
IL4R	1531	1298	241
IL5	26	28	7
IL5RA	271	265	86
IL6	37	26	9
IL6R	718	431	91
IL6R-AS1	17	13	4
IL6ST	7623	5000	1282
IL7	530	420	82
IL7R	786	521	123
IL7R-AS1	399	290	70
IL9	10	2	1
ILDR1	141	84	28
ILDR2	358	251	57
ILF2	775	736	147
ILF3	6100	3963	962
ILF3-DT	132	125	21
ILK	1084	845	164
ILKAP	1860	1321	283
ILRUN	3123	2281	413
ILRUN-AS1	31	15	4
ILVBL	152	142	36
ILVBL-AS1	40	18	5
IMMP1L	1893	1576	244
IMMP2L	16011	13077	2027
IMMT	2933	2130	416
IMP3	161	140	30
IMP4	167	129	33
IMPA1	814	746	136
IMPA2	682	587	134
IMPA2-AS1	3	0	0
IMPACT	422	292	42
IMPDH1	273	206	79
IMPDH2	323	204	53
IMPG1	433	334	85
IMPG2	471	340	83
INA	68	66	6
INAFM1	59	48	9
INAFM2	37	25	6
INAVA	102	87	9
INCA1	75	41	14
INCENP	844	592	141
INCR1	1966	1610	307
INE2	8	4	0
INF2	1479	1144	282
ING1	322	285	64
ING2	144	115	23
ING2-DT	256	217	40
ING3	779	619	153
ING4	866	940	206
ING5	2422	1798	409
ING5-AS1	1	1	0
INHA	112	72	16
INHBA	147	114	22
INHBA-AS1	364	228	71
INHBB	46	37	11
INHBC	78	39	6
INHBE	52	30	16
INIP	592	509	89
INKA1	35	27	9
INKA2	603	446	125
INKA2-AS1	74	49	8
INMT	99	112	20
INMT-MINDY4	77	36	13
INO80	5749	4128	753
INO80-AS1	62	35	9
INO80B-WBP1	48	28	12
INO80C	4	2	0
INO80D	4742	3458	634
INO80D-AS1	82	59	9
INO80E	1450	1126	236
INPP1	580	468	67
INPP4A	6592	4322	949
INPP4B	16025	18825	1913
INPP4B-AS1	238	223	51
INPP5A	6822	5415	1182
INPP5B	3591	2606	558
INPP5B-AS1	9	3	2
INPP5D	7976	5896	1288
INPP5E	314	242	62
INPP5F	1726	1277	239
INPP5J	66	61	15
INPP5K	621	466	98
INPPL1	1301	907	253
INS-IGF2	13	1	0
INSC	242	208	42
INSIG1	368	262	41
INSIG1-DT	18	14	4
INSIG2	1072	995	151
INSL3	32	23	2
INSL4	8	6	0
INSL5	8	1	1
INSL6	137	86	18
INSM1	3	8	3
INSM2	12	9	3
INSR	6670	7318	1355
INSRR	196	132	22
INSYN1	53	30	3
INSYN1-AS1	60	55	12
INSYN2A	457	223	52
INSYN2B	506	502	79
INTS1	1698	1215	350
INTS10	1376	1211	203
INTS11	1128	873	205
INTS12	944	718	148
INTS13	996	704	157
INTS14	824	672	125
INTS15	514	368	100
INTS2	1477	1167	190
INTS3	5032	4202	1011
INTS4	2819	2116	404
INTS5	50	29	9
INTS6	3751	2719	497
INTS6-AS1	576	482	93
INTS6L	1978	1768	273
INTS6L-AS1	9	6	0
INTS7	1836	1414	265
INTS8	2129	1759	324
INTS9	2046	1551	299
INTS9-AS1	12	9	2
INTU	1292	1117	179
INVS	7061	5904	1068
IP6K1	2964	2594	564
IP6K2	2999	2568	523
IP6K3	205	144	29
IPAN	5	4	0
IPCEF1	64	44	10
IPMK	1573	1257	208
IPO11	1659	1243	206
IPO13	281	197	47
IPO4	4	5	0
IPO5	1902	1316	257
IPO7	3318	2213	483
IPO8	1941	1563	276
IPO9	3490	2773	497
IPO9-AS1	974	719	148
IPP	883	603	119
IPPK	881	615	125
IQANK1	224	148	26
IQCA1	953	849	141
IQCA1L	41	23	6
IQCB1	2298	1817	322
IQCC	52	30	8
IQCC-AS1	95	78	14
IQCD	183	106	26
IQCE	964	630	151
IQCF1	9	10	3
IQCF2	0	3	0
IQCF5	3	1	0
IQCF5-AS1	3	0	0
IQCF6	5	0	0
IQCG	871	645	137
IQCH	917	721	142
IQCH-AS1	1219	801	152
IQCJ-SCHIP1	2378	1691	273
IQCJ-SCHIP1-AS1	8	4	2
IQCK	1630	1178	217
IQCK-AS1	17	12	3
IQCM	856	740	184
IQCM-AS1	70	37	12
IQCN	302	352	54
IQGAP1	7373	5627	1033
IQGAP2	6847	5048	1018
IQGAP2-AS1	14	8	2
IQGAP3	730	661	139
IQSEC1	6227	4965	1081
IQSEC2	465	397	98
IQSEC3	441	396	102
IQSEC3-AS1	87	37	14
IQSEC3-AS2	23	12	3
IQSEC3-AS3	45	36	10
IQUB	278	220	47
IRAG1	700	510	98
IRAG1-AS1	266	186	53
IRAG2	2543	2286	426
IRAIN	16	11	4
IRAK1	426	300	92
IRAK1BP1	984	822	164
IRAK2	993	634	154
IRAK3	1703	1301	253
IRAK4	992	739	151
IREB2	3377	2851	518
IRF1	1529	1042	265
IRF1-AS1	10	2	2
IRF2	3712	2651	564
IRF2-DT	18	19	7
IRF2BP1	52	47	10
IRF2BP2	454	659	116
IRF2BPL	200	168	33
IRF3	1152	911	226
IRF4	221	309	50
IRF5	121	97	30
IRF7	131	98	29
IRF8	1552	1346	327
IRF9	106	92	12
IRGC	3	3	2
IRGM	103	56	15
IRGQ	57	36	19
IRS1	1207	1355	239
IRS2	559	480	112
IRS4	172	134	31
IRS4-AS1	29	21	2
IRX1	31	24	8
IRX1-AS1	13	11	0
IRX2	50	41	9
IRX3	17	16	8
IRX3-AS1	5	2	4
IRX4	18	5	3
IRX4-AS1	3	1	0
IRX5	12	11	3
IRX6	29	20	4
ISCA1	396	360	69
ISCA2	103	81	17
ISCU	329	348	56
ISG15	180	112	22
ISG20	465	350	88
ISG20L2	192	161	54
ISL1	47	40	10
ISL1-DT	64	32	9
ISL2	30	17	12
ISLR	46	35	11
ISLR2	238	173	38
ISM1	203	201	44
ISM1-AS1	3	7	1
ISM2	99	55	14
ISOC1	172	141	32
ISOC2	173	112	42
IST1	2921	2451	508
ISX	44	37	7
ISY1	3	2	1
ISY1-RAB43	107	44	13
ISYNA1	387	358	78
ITCH-AS1	3	4	0
ITFG1	9964	8083	1269
ITFG1-AS1	38	27	7
ITFG1-AS2	46	42	8
ITFG2	2097	1406	304
ITFG2-AS1	771	586	121
ITGA1	12817	11592	1471
ITGA1-AS1	102	62	20
ITGA10	174	151	32
ITGA11	1052	695	190
ITGA2	1856	1293	194
ITGA2-AS1	262	167	33
ITGA2-AS2	30	21	5
ITGA2B	516	329	175
ITGA3	1700	1174	178
ITGA4	9390	8036	1421
ITGA5	759	610	124
ITGA6	4615	2741	442
ITGA6-AS1	13	8	4
ITGA7	862	599	143
ITGA8	14101	20873	2360
ITGA9	12285	9301	1637
ITGA9-AS1	2233	1897	386
ITGAD	408	251	98
ITGAE	2035	1498	341
ITGAE-AS1	11	9	1
ITGAL	3423	2471	661
ITGAL-AS1	4	3	3
ITGAM	474	322	78
ITGAV	2796	2177	351
ITGAX	543	322	151
ITGB1	4230	2951	536
ITGB1-DT	503	340	79
ITGB1BP1	1189	934	174
ITGB1BP2	67	57	12
ITGB2	932	609	176
ITGB2-AS1	365	301	59
ITGB3	2	0	0
ITGB3BP	1966	1675	265
ITGB4	307	223	56
ITGB5	3847	3450	543
ITGB5-AS1	60	40	5
ITGB6	337	243	68
ITGB7	139	131	23
ITGB8	683	510	114
ITGB8-AS1	53	26	4
ITGBL1	590	457	109
ITIH1	51	37	11
ITIH2	100	64	12
ITIH3	47	52	12
ITIH4	66	50	8
ITIH4-AS1	3	1	0
ITIH5	550	386	100
ITIH6	101	54	8
ITK	1753	1287	326
ITLN1	109	69	22
ITLN2	39	37	4
ITM2A	174	142	29
ITM2B	1860	1659	264
ITM2C	294	255	78
ITPA	848	693	132
ITPK1	2724	1979	574
ITPK1-AS1	78	46	13
ITPKA	171	122	22
ITPKB	6536	4476	1047
ITPKB-AS1	187	139	19
ITPKC	444	342	80
ITPR1	8032	6350	1281
ITPR1-DT	77	68	18
ITPR2	17833	14302	2833
ITPR2-AS1	109	85	11
ITPR2-AS2	244	217	48
ITPR3	4326	3224	622
ITPRID1	262	196	36
ITPRID2	5322	3720	652
ITPRID2-DT	24	20	2
ITPRIP	448	404	79
ITPRIP-AS1	16	17	2
ITPRIPL1	52	28	6
ITPRIPL2	5	0	0
ITPRIPL2-AS1	70	43	11
ITSN1	10259	7046	1397
ITSN2	8961	6417	1217
IUR1	164	101	30
IVD	1136	844	169
IVL	3	5	0
IVNS1ABP	2303	1905	319
IWS1	3773	2702	555
IYD	76	61	14
IZUMO1	86	29	15
IZUMO1R	10	5	0
IZUMO2	109	66	19
IZUMO3	104	74	13
IZUMO4	69	41	10
JADE1	1384	1107	240
JADE2	932	665	189
JADE3	1432	986	161
JADRR	27	22	6
JAG1	3808	2689	445
JAG2	175	108	22
JAGN1	57	38	13
JAK1	11971	10988	1799
JAK2	5579	3882	826
JAK3	1204	1009	272
JAKMIP1-AS1	12	15	2
JAKMIP2	1607	1185	278
JAKMIP2-AS1	322	193	45
JAKMIP3	346	280	47
JAKMIP3-AS1	6	14	4
JAM2	724	512	123
JAM3	2537	2143	313
JAML	579	377	105
JARID2	18532	14870	2729
JARID2-AS1	7	3	4
JARID2-DT	12	12	3
JAZF1	10939	7842	1226
JAZF1-AS1	136	127	36
JCAD	823	686	130
JCHAIN	199	147	32
JDP2	695	452	118
JDP2-AS1	15	10	3
JHY	731	680	114
JKAMP	687	619	90
JMJD1C	26770	19302	3259
JMJD1C-AS1	23	17	2
JMJD4	123	102	18
JMJD6	438	461	82
JMJD7-PLA2G4B	2	5	4
JMJD8	73	61	12
JMY	1942	1567	278
JOSD1	563	552	89
JOSD2	85	61	18
JPH1	1170	895	258
JPH2	855	655	157
JPH3	251	212	42
JPH4	85	79	10
JPT1	488	465	101
JPT2	671	465	98
JPX	6668	5137	1212
JRK	602	457	91
JRKL	451	309	74
JRKL-AS1	1040	740	238
JSRP1	133	139	27
JTB-DT	19	9	2
JUN	961	1239	226
JUNB	254	241	41
JUND	266	516	105
JUP	1682	1696	422
KAAG1	2	2	3
KALRN	12337	11016	1626
KANK1	4563	2948	614
KANK1-AS1	30	14	6
KANK2	3133	2037	516
KANK3	956	988	170
KANK4	986	708	141
KANSL1	17861	18403	2421
KANSL1-AS1	52	55	11
KANSL1L	5821	4312	851
KANSL1L-AS1	869	616	137
KANSL2	1126	1042	211
KANSL3	2594	1983	367
KANTR	2553	1958	355
KARS1	757	551	139
KASH5	186	126	28
KAT14	615	391	113
KAT2A	396	272	66
KAT2B	4513	3680	685
KAT5	459	393	102
KAT6A	9584	6612	1221
KAT6B	11600	9181	1574
KAT7	1973	1428	277
KAT8	878	601	135
KATNA1	1182	848	189
KATNAL1	2705	2242	396
KATNAL2	1259	1071	181
KATNB1	225	178	35
KATNBL1	3886	2904	492
KATNIP	2799	2098	416
KAZALD1	350	251	53
KAZALD1-DT	32	36	14
KAZN	13440	9154	1814
KAZN-AS1	240	228	44
KBTBD11	545	616	98
KBTBD11-AS1	64	68	10
KBTBD11-OT1	238	150	35
KBTBD11-OT1.1	57	82	18
KBTBD12	364	292	68
KBTBD13	21	13	5
KBTBD2	1642	1394	238
KBTBD3	183	153	25
KBTBD4	96	79	11
KBTBD6	129	71	13
KBTBD6-DT	732	572	100
KBTBD7	146	139	32
KBTBD8	76	84	15
KC6	902	757	171
KCMF1	3638	2451	510
KCNA10	1	1	1
KCNA2	303	231	53
KCNA3	240	209	54
KCNA4	32	34	6
KCNA5	10	12	2
KCNA6-AS1	113	80	23
KCNA7	37	28	12
KCNAB1	161	123	32
KCNAB1-AS1	6	5	3
KCNAB1-AS2	12	11	4
KCNAB2	2006	1351	351
KCNAB3	89	61	14
KCNB1	1055	857	177
KCNB2	1524	1059	256
KCNB2-AS1	8	4	2
KCNC1	285	248	47
KCNC2	374	242	62
KCNC3	261	215	63
KCNC4	947	535	105
KCNC4-DT	35	13	7
KCND1	42	33	6
KCND2	3184	2686	293
KCND3	808	732	150
KCND3-AS1	2	0	0
KCNE1	123	86	47
KCNE2	41	21	4
KCNE3	135	148	51
KCNE4	1001	717	114
KCNE5	9	0	0
KCNF1	0	2	0
KCNG1	89	52	10
KCNG2	282	214	50
KCNG3	339	194	42
KCNG4	48	27	9
KCNH1	363	243	54
KCNH2	312	243	60
KCNH3	112	77	12
KCNH4	117	96	19
KCNH5	1000	740	164
KCNH6	75	45	9
KCNH7	1155	847	224
KCNH7-AS1	59	43	11
KCNH8	967	691	189
KCNIP1	5899	4257	718
KCNIP1-AS1	48	37	10
KCNIP1-AS2	24	17	0
KCNIP2	487	346	86
KCNIP2-AS1	145	87	15
KCNIP3	503	340	84
KCNIP4	3918	2933	793
KCNIP4-AS1	28	29	4
KCNIP4-AS2	49	31	5
KCNIP4-AS3	84	51	12
KCNIP4-DT	563	438	91
KCNJ1	113	53	22
KCNJ10	261	152	47
KCNJ11	84	54	13
KCNJ12	472	371	85
KCNJ13	28	12	6
KCNJ14	294	196	48
KCNJ15	256	150	40
KCNJ16	125	72	19
KCNJ18	18	23	3
KCNJ2	112	88	19
KCNJ2-AS1	22	13	3
KCNJ3	362	252	75
KCNJ4	70	52	10
KCNJ5	221	177	41
KCNJ5-AS1	35	21	6
KCNJ6	1131	821	174
KCNJ8	119	238	29
KCNJ8-AS1	234	151	37
KCNJ9	39	6	5
KCNK1	283	187	63
KCNK10	289	185	60
KCNK10-AS1	25	19	6
KCNK12	184	125	34
KCNK13	688	422	98
KCNK15	9	10	1
KCNK15-AS1	247	200	52
KCNK16	18	10	7
KCNK17	129	128	28
KCNK18	17	7	5
KCNK2	504	432	89
KCNK3	258	279	62
KCNK4	4	0	1
KCNK4-TEX40	2	0	0
KCNK5	268	163	49
KCNK6	752	488	95
KCNK7	26	13	6
KCNK9	143	118	16
KCNMA1	5189	4651	1309
KCNMA1-AS1	188	143	26
KCNMA1-AS2	2	1	0
KCNMA1-AS3	28	16	4
KCNMB1	69	43	8
KCNMB2	367	291	64
KCNMB2-AS1	1524	1123	264
KCNMB3	641	543	101
KCNMB4	1305	1063	212
KCNN1	303	188	57
KCNN2	2821	2827	411
KCNN2-AS1	441	409	96
KCNN3	1690	1296	234
KCNN4	184	123	44
KCNQ1	3221	2401	506
KCNQ1-AS1	95	58	13
KCNQ1DN	7	3	0
KCNQ1OT1	6999	5715	1018
KCNQ2	206	176	39
KCNQ2-AS1	3	2	0
KCNQ3	1822	1362	245
KCNQ4	510	330	91
KCNQ5	12895	12592	1553
KCNQ5-AS1	13	17	2
KCNQ5-DT	35	23	8
KCNRG	12	12	3
KCNS1	21	3	5
KCNS2	5	6	2
KCNS3	876	637	167
KCNT1	372	358	81
KCNT2	3980	3537	535
KCNU1	787	547	114
KCNV1	23	19	9
KCNV2	37	20	3
KCP	888	747	134
KCTD1	1884	1376	274
KCTD10	683	569	129
KCTD11	37	38	11
KCTD12	290	173	39
KCTD13	965	682	151
KCTD13-DT	19	12	4
KCTD14	4	2	2
KCTD14-AS2	0	0	1
KCTD15	577	384	75
KCTD16	883	891	175
KCTD17	82	49	21
KCTD18	314	259	47
KCTD19	263	174	34
KCTD2	495	367	85
KCTD20	2247	1971	381
KCTD21	168	143	23
KCTD21-AS1	239	183	52
KCTD3	2299	2043	318
KCTD4	18	20	3
KCTD5	239	199	46
KCTD6	136	121	23
KCTD7	2	4	0
KCTD8	936	836	150
KCTD9	1105	946	143
KDELR1	390	318	42
KDELR3	122	79	19
KDF1	53	39	6
KDM1A	2655	2191	391
KDM1B	1779	1270	241
KDM2A	11679	8708	1787
KDM2B	4956	4495	814
KDM2B-DT	345	354	69
KDM3A	4326	4316	723
KDM3B	4923	4021	765
KDM4A-AS1	259	148	40
KDM4B	5660	4508	1044
KDM4C	8637	6283	1225
KDM4D	93	72	17
KDM4E	3	2	0
KDM4F	0	3	0
KDM5A	6363	4921	976
KDM5B	4391	3945	674
KDM5C	2127	1594	418
KDM5D	1857	1537	30
KDM5D-DT	45	39	1
KDM6A	13248	9962	2253
KDM6B	1110	964	262
KDM7A	3363	2516	512
KDM7A-DT	35	14	11
KDM8	236	155	38
KDNBY	14	12	0
KDR	5950	5534	713
KDR-AS1	184	132	23
KDSR	730	588	105
KDSR-DT	103	76	11
KEAP1	308	224	52
KEL	1022	980	297
KERA	6	8	0
KHDC1	592	480	102
KHDC1-AS1	1298	928	209
KHDC3L	0	2	0
KHDC4	2025	1625	343
KHDRBS1	4626	3544	646
KHDRBS2	3244	2805	459
KHDRBS2-OT1	121	89	14
KHDRBS3	1671	1100	247
KHK	111	70	15
KHNYN	848	661	145
KHSRP	915	737	180
KIAA0040	1270	1714	250
KIAA0087	10	9	0
KIAA0100	2024	1514	396
KIAA0232	4808	3299	735
KIAA0319	298	244	49
KIAA0319L	5037	3933	714
KIAA0513	1040	648	279
KIAA0586	2602	2213	387
KIAA0753	2092	1570	301
KIAA0825	4241	3586	661
KIAA0895	265	191	33
KIAA0895L	445	350	67
KIAA0930	925	634	170
KIAA1109	10769	8738	1626
KIAA1143	327	275	51
KIAA1191	410	372	86
KIAA1191-AS1	30	29	4
KIAA1210	94	58	15
KIAA1217	17189	14044	2165
KIAA1328	5998	5079	743
KIAA1522	249	197	45
KIAA1549	1930	1307	243
KIAA1549L	848	624	132
KIAA1586	422	387	75
KIAA1614	520	409	83
KIAA1671	4316	3429	548
KIAA1671-AS1	70	46	14
KIAA1755	294	171	59
KIAA1958	2914	2416	436
KIAA2012	449	285	77
KIAA2012-AS1	115	90	27
KIAA2013	82	86	18
KIAA2026	4814	3390	631
KICS2	211	143	24
KIDINS220	6243	5636	880
KIF11	1988	1607	308
KIF12	59	41	21
KIF13A	7379	6011	915
KIF13B	3929	3016	558
KIF14	1206	986	194
KIF15	2222	1763	395
KIF16B	7834	5109	915
KIF17	421	333	61
KIF18A	773	673	123
KIF18B	787	649	126
KIF18B-DT	4	3	1
KIF19	169	149	26
KIF1A	299	230	53
KIF1B	6799	5505	996
KIF1C	1475	974	254
KIF1C-AS1	7	4	1
KIF20A	246	176	36
KIF20B	1769	1560	294
KIF21A	4534	3662	494
KIF21B	953	684	178
KIF22	799	607	143
KIF23	841	688	120
KIF23-AS1	87	65	13
KIF24	795	551	112
KIF25	249	161	29
KIF25-AS1	39	20	4
KIF26A	386	296	55
KIF26A-DT	13	11	1
KIF26B	4193	3111	554
KIF26B-AS1	84	80	25
KIF26B-AS2	3	0	0
KIF26B-AS3	10	2	2
KIF27	1119	864	166
KIF2A	6	1	3
KIF2B	4	0	1
KIF2C	595	457	101
KIF3A	1058	683	142
KIF3A-AS1	141	92	22
KIF3B	1262	890	217
KIF3C	805	915	167
KIF4A	1513	1168	215
KIF4B	15	17	1
KIF5A	186	123	26
KIF5B	5317	3800	791
KIF5C	586	412	81
KIF5C-AS1	118	88	12
KIF6	867	672	155
KIF7	724	549	107
KIF9	394	313	59
KIF9-AS1	2085	1926	333
KIFAP3	3472	2714	499
KIFAP3-AS1	0	0	1
KIFBP	492	398	76
KIFC1	602	471	117
KIFC2	208	154	45
KIFC3	1397	916	254
KIN	1096	855	177
KIR2DL4	7	7	0
KIR2DS4	31	7	2
KIR3DL1	27	13	1
KIR3DL2	12	8	2
KIRREL1	6631	4243	838
KIRREL2	27	21	9
KIRREL3	1581	1185	271
KIRREL3-AS1	174	131	33
KIRREL3-AS2	6	7	0
KIRREL3-AS3	8	7	1
KIRREL3-AS4	59	48	6
KISS1	25	21	7
KISS1R	21	24	9
KIT	934	1045	163
KITLG	1556	762	160
KIZ	2361	2201	339
KIZ-AS1	254	199	28
KL	155	111	25
KLB	226	156	37
KLC1	2035	1371	309
KLC1-AS1	29	16	4
KLC2	650	468	109
KLC2-AS1	19	13	4
KLC2-AS2	14	21	5
KLC3	98	65	17
KLC4	821	737	161
KLC4-AS1	3	3	0
KLF1	62	57	20
KLF10	342	422	70
KLF11	247	235	36
KLF12	19468	14540	2266
KLF13	3212	2191	577
KLF14	6	3	1
KLF15	64	64	8
KLF16	176	140	32
KLF16-AS1	18	11	5
KLF17	28	26	3
KLF2	293	380	64
KLF2-DT	473	338	65
KLF3	1795	1574	249
KLF3-AS1	1604	1607	236
KLF4	119	107	26
KLF5	247	242	28
KLF6	1333	1662	234
KLF7	4260	3027	590
KLF8	480	350	48
KLF9	225	253	48
KLHDC1	1504	1028	207
KLHDC10	2802	2357	422
KLHDC2	992	1020	168
KLHDC3	527	551	120
KLHDC4	2635	2495	467
KLHDC7A	6	4	0
KLHDC7B	19	16	5
KLHDC7B-DT	4	6	0
KLHDC8A	82	62	17
KLHDC8B	140	153	25
KLHDC9	7	5	2
KLHL1	1064	745	187
KLHL10	87	60	10
KLHL11	191	132	29
KLHL12	836	753	142
KLHL13	6935	6048	788
KLHL14	874	861	112
KLHL14-AS1	33	41	11
KLHL15	507	476	107
KLHL17	58	45	13
KLHL18	1238	767	208
KLHL2	1682	1048	219
KLHL20	1967	1593	323
KLHL21	533	470	94
KLHL22	2294	1501	368
KLHL23	1166	871	189
KLHL24	2767	2622	481
KLHL25	709	453	103
KLHL26	251	204	62
KLHL28	1168	993	200
KLHL29	16954	10095	1580
KLHL3	1690	1358	221
KLHL30	89	87	16
KLHL30-AS1	8	7	2
KLHL31	236	176	59
KLHL32	1318	884	179
KLHL33	85	49	11
KLHL34	59	47	8
KLHL35	80	67	19
KLHL36	500	389	67
KLHL38	22	25	4
KLHL4	1574	931	150
KLHL40	82	75	17
KLHL41	62	44	13
KLHL42	1004	637	131
KLHL5	2291	1336	227
KLHL6	1294	1063	234
KLHL6-AS1	62	38	7
KLHL7	1621	1323	242
KLHL7-DT	18	13	3
KLHL8	1203	828	163
KLHL9	253	242	52
KLK1	6	7	5
KLK10	21	20	8
KLK11	39	35	7
KLK12	12	15	5
KLK13	9	7	0
KLK14	29	25	6
KLK15	32	28	7
KLK2	18	12	3
KLK3	6	11	5
KLK4	7	3	2
KLK5	34	23	3
KLK6	68	24	5
KLK7	18	15	3
KLKB1	297	219	46
KLLN	87	50	14
KLRB1	103	101	13
KLRC1	164	81	12
KLRC2	64	21	7
KLRC4-KLRK1	273	123	26
KLRD1	851	727	111
KLRF1	133	97	16
KLRF2	61	33	5
KLRG1	677	481	106
KLRG2	81	69	9
KLRK1-AS1	225	134	31
KMO	549	593	90
KMT2A	3519	2733	555
KMT2B	1273	901	260
KMT2C	23489	17055	3209
KMT2D	2508	1787	465
KMT2E	10916	9950	1634
KMT2E-AS1	153	124	37
KMT5A	844	614	140
KMT5B	4628	3529	687
KMT5C	291	184	48
KNCN	10	9	1
KNDC1	538	294	62
KNG1	75	65	10
KNL1	2017	1490	328
KNOP1	807	622	137
KNSTRN	352	277	49
KNTC1	3704	3181	621
KPNA1	4252	2653	576
KPNA2	606	475	102
KPNA3	3317	2073	402
KPNA4	7319	3795	928
KPNA5	1701	1302	215
KPNA6	2752	2210	459
KPNA7	337	260	48
KPNB1	3519	2637	507
KPNB1-DT	1105	961	179
KPRP	1	3	0
KPTN	169	104	30
KRAS	1287	972	172
KRBA1	282	206	48
KRBA2	404	344	63
KRBOX1-AS1	2	0	0
KRBOX4	1052	1010	136
KRBOX5	1428	877	202
KRCC1	1200	1044	234
KREMEN1	2228	1604	367
KREMEN2	87	58	9
KRI1	1247	804	220
KRIT1	7	7	3
KRR1	988	845	129
KRT1	12	2	1
KRT10	42	43	12
KRT10-AS1	123	119	24
KRT12	8	5	0
KRT13	31	19	11
KRT14	7	12	5
KRT15	139	96	24
KRT16	6	3	2
KRT17	26	18	3
KRT18	66	68	8
KRT19	163	102	39
KRT2	19	10	2
KRT20	11	13	2
KRT23	27	13	2
KRT24	8	9	1
KRT25	17	12	2
KRT26	32	20	5
KRT27	5	4	1
KRT28	10	5	0
KRT3	6	8	1
KRT31	4	3	0
KRT32	5	2	3
KRT33A	5	1	0
KRT33B	10	4	0
KRT34	1	3	0
KRT35	8	5	2
KRT36	11	5	6
KRT37	8	2	0
KRT38	3	3	0
KRT39	30	12	5
KRT4	10	12	3
KRT40	22	15	5
KRT5	107	70	16
KRT6A	7	10	2
KRT6B	5	2	0
KRT6C	3	2	0
KRT7	30	39	11
KRT7-AS	3	5	0
KRT71	24	9	3
KRT72	92	52	10
KRT73	118	41	14
KRT73-AS1	60	35	7
KRT74	10	13	1
KRT75	17	8	2
KRT76	16	8	1
KRT77	15	12	0
KRT78	15	17	3
KRT79	27	12	5
KRT8	586	553	129
KRT80	112	62	16
KRT81	3	5	1
KRT82	22	23	3
KRT83	12	6	3
KRT84	18	13	5
KRT84-AS1	45	32	8
KRT85	18	8	4
KRT86	103	92	22
KRT86-AS1	13	22	2
KRT86-AS2	27	26	5
KRT9	7	3	1
KRTAP10-10	2	0	0
KRTAP10-11	2	0	0
KRTAP10-12	2	0	0
KRTAP10-4	2	1	0
KRTAP10-7	7	0	1
KRTAP10-9	1	0	0
KRTAP11-1	4	0	0
KRTAP12-3	0	1	0
KRTAP13-1	2	0	0
KRTAP13-2	1	0	0
KRTAP13-3	3	0	0
KRTAP16-1	7	6	0
KRTAP17-1	4	0	0
KRTAP19-1	2	0	0
KRTAP2-3	1	0	0
KRTAP20-1	0	0	0
KRTAP20-2	0	0	0
KRTAP20-3	0	0	0
KRTAP21-1	4	0	0
KRTAP24-1	0	2	0
KRTAP26-1	3	1	0
KRTAP3-1	9	2	0
KRTAP4-1	0	2	0
KRTAP4-11	0	2	0
KRTAP4-12	2	0	0
KRTAP4-2	5	0	0
KRTAP4-6	1	1	0
KRTAP4-7	0	0	0
KRTAP4-9	0	0	0
KRTAP5-1	2	0	0
KRTAP5-10	0	1	0
KRTAP5-11	51	45	5
KRTAP5-2	1	0	0
KRTAP5-3	2	0	0
KRTAP5-4	2	0	0
KRTAP5-5	3	4	0
KRTAP5-6	1	5	0
KRTAP5-7	0	2	0
KRTAP5-8	2	0	0
KRTAP5-9	2	3	2
KRTAP5-AS1	120	76	10
KRTAP6-1	0	0	1
KRTAP8-1	0	2	1
KRTAP9-3	2	0	0
KRTAP9-8	2	0	0
KRTCAP3	44	38	6
KRTDAP	24	23	4
KSR1	3535	2416	537
KSR2	1146	775	169
KTN1	7097	5536	1009
KTN1-AS1	456	343	66
KU-MEL-3	4	4	1
KXD1	343	255	66
KXD1-AS1	1	0	0
KY	605	477	115
KYAT1	91	47	9
KYAT3	1319	1107	212
KYNU	1114	757	159
L1CAM	12	13	5
L1CAM-AS1	26	8	3
L1TD1	1257	1010	242
L2HGDH	950	706	153
L3HYPDH	394	282	51
L3MBTL2	749	523	130
L3MBTL2-AS1	306	238	56
L3MBTL3	2193	1658	250
L3MBTL4	3876	3219	519
L3MBTL4-AS1	8	4	2
LACC1	60	33	14
LACRT	5	7	1
LACTB	455	267	62
LACTB2	313	230	48
LACTB2-AS1	237	176	38
LACTBL1	29	24	4
LAD1	33	15	13
LAG3	38	29	8
LAGE3	17	20	6
LAIR1	706	550	144
LAIR2	35	26	7
LALBA	4	0	0
LALTOP	150	117	25
LAMA1	577	396	98
LAMA2	15073	10513	1762
LAMA3	1358	953	204
LAMA4	2468	1708	390
LAMA4-AS1	1	0	0
LAMA5	690	582	125
LAMA5-AS1	16	13	0
LAMB1	5248	4277	958
LAMB2	1206	941	205
LAMB3	212	118	43
LAMB4	564	423	96
LAMC1	4360	3525	569
LAMC1-AS1	8	5	2
LAMC2	465	331	81
LAMC3	1950	1285	236
LAMP1	935	688	150
LAMP2	1076	958	160
LAMP3	220	178	49
LAMP5	158	70	15
LAMP5-AS1	33	27	2
LAMTOR1	440	381	72
LAMTOR2	79	65	17
LAMTOR3	259	265	47
LAMTOR4	382	392	82
LAMTOR5	204	222	46
LAMTOR5-AS1	2920	2231	349
LANCL1	967	788	134
LANCL1-AS1	903	723	206
LANCL2	1147	830	139
LAP3	833	627	149
LAPTM4A	707	805	121
LAPTM4A-DT	60	33	15
LAPTM4B	2549	2091	422
LAPTM5	829	641	168
LARGE-AS1	57	47	6
LARGE1	10574	8731	1267
LARGE1-AS1	5	4	1
LARGE1-AS2	4	6	1
LARGE2	77	44	19
LARP1	5724	3950	914
LARP1B	2987	1878	452
LARP4	3455	2532	535
LARP4B	7187	5091	939
LARP4B-DT	36	26	7
LARP6	136	95	12
LARP7	1863	1394	289
LARRPM	22	8	2
LARS1	5100	4305	877
LARS2	2900	2010	396
LARS2-AS1	58	28	11
LAS1L	1177	772	189
LASP1	3608	2487	512
LASTR	175	115	27
LAT2	705	657	126
LATS1	2610	2329	420
LATS2	2480	1497	291
LATS2-AS1	97	84	28
LAX1	181	127	38
LAYN	239	248	33
LBH	1465	1231	234
LBHD1	188	116	37
LBHD2	20	13	6
LBP	126	77	19
LBR	1917	1524	297
LBX1	5	8	3
LBX1-AS1	135	110	23
LBX2	41	31	10
LBX2-AS1	13	14	7
LCA5	583	618	86
LCA5L	251	203	58
LCAL1	11	5	1
LCAT	131	96	31
LCE1A	0	0	0
LCE1B	0	3	0
LCE1C	3	2	0
LCE1D	3	2	0
LCE1E	4	0	0
LCE1F	1	0	0
LCE2A	1	1	0
LCE2B	2	1	0
LCE2D	2	2	0
LCE3A	0	1	0
LCE3D	2	0	0
LCE3E	0	3	0
LCE4A	1	0	0
LCE5A	9	7	2
LCE7A	2	0	0
LCIIAR	45	33	7
LCK	2185	1594	407
LCLAT1	3752	2722	481
LCMT1	1625	1363	211
LCMT1-AS1	226	122	34
LCMT1-AS2	14	11	4
LCMT2	42	39	14
LCN1	10	15	2
LCN12	78	60	18
LCN15	18	21	6
LCN2	18	16	4
LCN6	1	0	0
LCN8	19	9	2
LCN9	3	6	0
LCNL1	9	4	1
LCOR	10246	7507	1321
LCORL	5947	4932	726
LCP1	3160	2769	469
LCP2	3438	2410	723
LCT	184	126	31
LCT-AS1	64	57	8
LCTL	69	43	13
LDAF1	271	263	61
LDAH	2809	2222	342
LDB1	1241	1192	294
LDB2	39369	33743	3672
LDB2-AS1	271	191	49
LDB3	2507	1978	491
LDHA	430	588	100
LDHAL6A	116	85	20
LDHAL6B	5	3	0
LDHB	340	185	50
LDHC	158	124	17
LDHD	22	16	4
LDLR	1651	833	215
LDLRAD1	18	9	3
LDLRAD2	67	56	18
LDLRAD3	5565	3511	657
LDLRAD4	25371	19136	4384
LDLRAD4-AS1	23	12	7
LDLRAD4-AS2	0	3	1
LDLRAD4-AS3	185	114	38
LDLRAP1	1613	996	215
LDOC1	2266	1667	411
LEAP2	31	17	3
LECT2	114	105	19
LEF1	11676	8690	2184
LEF1-AS1	1523	1069	275
LEFTY1	1	0	0
LEFTY2	18	6	2
LEKR1	690	625	120
LEMD1	150	122	14
LEMD1-AS1	65	29	6
LEMD1-DT	38	32	4
LEMD2	846	690	123
LEMD3	3151	2346	329
LENEP	6	6	0
LENG1	220	199	46
LENG8	4140	3144	813
LENG8-AS1	420	368	83
LENG9	47	42	6
LEO1	870	657	140
LEP	64	41	9
LEPR	2050	2113	341
LEPROT	9	6	4
LEPROTL1	1032	766	164
LERFS	92	120	17
LETM1	1517	1032	292
LETM2	183	156	31
LETMD1	876	714	136
LETR1	2083	1703	294
LEUTX	13	11	3
LEXM	43	33	3
LFNG	507	296	75
LGALS1	222	182	38
LGALS12	29	22	3
LGALS13	3	0	3
LGALS14	4	1	0
LGALS16	5	0	1
LGALS2	97	71	17
LGALS3	211	208	46
LGALS3BP	138	109	23
LGALS4	110	95	25
LGALS7	1	0	1
LGALS7B	5	5	0
LGALS8	1371	937	237
LGALS8-AS1	30	19	5
LGALS9	171	136	34
LGALS9B	23	14	1
LGALS9C	24	28	4
LGALSL	116	107	17
LGALSL-DT	566	408	98
LGI1	114	88	21
LGI2	79	68	13
LGI3	50	24	10
LGI4	203	187	41
LGMN	6328	4683	1127
LGR4	3992	2809	375
LGR4-AS1	93	42	17
LGR5	438	333	87
LGR6	2364	1444	197
LGSN	131	85	19
LHB	6	0	2
LHFPL1	98	59	21
LHFPL2	5306	4178	745
LHFPL3	1397	1064	223
LHFPL3-AS1	121	93	32
LHFPL3-AS2	97	80	23
LHFPL4	184	160	34
LHFPL5	174	154	19
LHFPL6	11231	8399	1256
LHFPL7	110	78	24
LHPP	1454	985	251
LHX1	89	61	17
LHX1-DT	199	136	37
LHX2	130	114	40
LHX2-AS1	8	10	4
LHX3	17	13	0
LHX4	160	107	22
LHX5	17	13	5
LHX5-AS1	14	12	5
LHX6	103	73	16
LHX8	41	46	9
LHX9	100	76	25
LIAS	581	503	85
LIF	33	27	9
LIF-AS1	4	8	0
LIF-AS2	11	9	1
LIFR	9812	5761	880
LIFR-AS1	573	434	69
LIG1	1948	1305	324
LIG1-AS1	5	2	0
LIG3	710	515	102
LIG4	314	248	39
LILRA1	68	40	16
LILRA2	76	39	17
LILRA4	18	15	0
LILRA5	5	4	2
LILRA6	40	39	11
LILRB1	653	331	181
LILRB1-AS1	8	3	5
LILRB2	233	192	79
LILRB3	104	100	22
LILRB4	175	115	44
LILRB5	706	395	241
LIM2	15	11	0
LIM2-AS1	60	36	15
LIMA1	2835	2175	386
LIMASI	273	208	47
LIMCH1	16981	12676	1844
LIMCH1-AS1	5	3	0
LIMD1	2927	2716	462
LIMD1-AS1	103	67	19
LIMK1	654	409	114
LIMK2	1883	1656	342
LIMS1	7655	4842	1032
LIMS1-AS1	6	4	1
LIMS2	1042	663	147
LIN28A	51	42	8
LIN28B	485	330	82
LIN28B-AS1	238	182	26
LIN52	2315	1680	301
LIN54	2111	1522	306
LIN7A	594	464	108
LIN7B	120	74	18
LIN7C	494	439	71
LIN9	1338	1005	187
LINC-PINT	5432	4500	854
LINC-ROR	24	14	10
LINC00028	17	15	7
LINC00029	6	5	0
LINC00051	49	27	9
LINC00052	7	1	1
LINC00092	39	40	10
LINC00111	38	34	10
LINC00112	1	0	0
LINC00113	17	23	11
LINC00114	48	37	6
LINC00115	196	150	19
LINC00158	133	110	22
LINC00159	779	594	119
LINC00160	31	28	5
LINC00161	0	0	0
LINC00163	18	11	4
LINC00165	0	1	1
LINC00173	322	253	62
LINC00174	2403	1941	360
LINC00184	15	8	2
LINC00189	4	1	0
LINC00200	258	164	48
LINC00205	447	382	92
LINC00207	8	7	0
LINC00208	20	4	3
LINC00210	67	30	16
LINC00211	472	335	87
LINC00216	3	4	3
LINC00221	71	39	10
LINC00222	70	77	14
LINC00226	3	2	0
LINC00229	62	48	12
LINC00235	27	39	8
LINC00237	45	35	13
LINC00239	2	5	2
LINC00240	103	93	13
LINC00242	16	12	3
LINC00243	611	411	127
LINC00244	0	1	0
LINC00251	69	58	15
LINC00261	39	31	13
LINC00265	503	371	78
LINC00269	48	39	12
LINC00272	1	0	0
LINC00273	1	1	3
LINC00276	1457	1030	252
LINC00278	1570	1169	33
LINC00279	209	190	25
LINC00280	4	2	0
LINC00290	243	202	29
LINC00293	108	83	23
LINC00297	13	17	4
LINC00298	130	98	20
LINC00299	1495	1046	249
LINC00303	23	12	2
LINC00304	0	1	0
LINC00305	120	76	27
LINC00307	3	0	0
LINC00308	21	19	4
LINC00309	83	54	11
LINC00313	8	2	3
LINC00314	21	6	1
LINC00315	37	23	11
LINC00316	10	5	1
LINC00317	12	13	4
LINC00320	232	180	41
LINC00322	34	25	1
LINC00323	19	7	8
LINC00324	66	65	18
LINC00326	219	175	46
LINC00327	130	101	19
LINC00330	26	14	7
LINC00331	82	68	18
LINC00332	68	41	16
LINC00333	0	2	0
LINC00334	105	117	12
LINC00336	52	29	14
LINC00342	5628	4041	810
LINC00343	169	139	36
LINC00345	8	11	2
LINC00347	10	15	1
LINC00348	279	237	69
LINC00349	40	23	4
LINC00350	56	33	10
LINC00351	617	457	95
LINC00352	4	4	0
LINC00353	1	1	0
LINC00354	75	82	13
LINC00355	310	240	44
LINC00358	54	50	20
LINC00362	5	3	0
LINC00363	48	37	9
LINC00364	96	51	11
LINC00365	10	9	5
LINC00366	124	106	23
LINC00368	20	22	8
LINC00370	30	24	11
LINC00373	110	80	26
LINC00374	21	18	4
LINC00375	21	14	3
LINC00376	216	148	36
LINC00377	127	98	21
LINC00378	3517	3560	828
LINC00379	29	23	4
LINC00380	2	8	0
LINC00381	68	36	5
LINC00382	124	101	23
LINC00383	126	82	19
LINC00384	20	13	2
LINC00385	25	8	2
LINC00387	3	5	3
LINC00388	1	2	0
LINC00390	205	95	18
LINC00391	21	19	2
LINC00392	30	40	8
LINC00393	688	502	103
LINC00395	88	61	14
LINC00396	2	0	0
LINC00397	1	3	0
LINC00398	27	14	4
LINC00400	0	2	0
LINC00402	57	29	6
LINC00404	1	4	3
LINC00407	167	118	23
LINC00408	45	39	7
LINC00410	41	25	10
LINC00411	30	13	8
LINC00415	5	2	4
LINC00421	8	4	0
LINC00423	59	34	8
LINC00424	10	6	5
LINC00426	1116	802	224
LINC00427	25	12	3
LINC00430	35	32	12
LINC00433	284	224	51
LINC00434	0	0	2
LINC00437	25	21	2
LINC00440	156	117	34
LINC00442	21	19	2
LINC00445	9	4	2
LINC00448	259	185	47
LINC00449	11	9	1
LINC00452	46	24	11
LINC00454	13	9	3
LINC00456	19	12	1
LINC00457	174	133	37
LINC00458	35	21	6
LINC00459	38	26	5
LINC00460	23	7	4
LINC00461	458	304	77
LINC00462	111	74	8
LINC00463	13	9	4
LINC00466	336	247	58
LINC00467	394	295	57
LINC00469	154	120	27
LINC00470	447	344	61
LINC00471	162	108	18
LINC00472	71	56	5
LINC00474	83	67	10
LINC00477	18	9	4
LINC00479	12	14	4
LINC00482	52	52	5
LINC00484	261	201	43
LINC00485	18	13	8
LINC00486	4776	3423	709
LINC00486.1	43	17	2
LINC00487	110	84	16
LINC00488	110	81	25
LINC00489	9	3	0
LINC00491	240	185	45
LINC00492	30	43	4
LINC00494	89	89	7
LINC00498	20	14	7
LINC00499	704	476	134
LINC00501	96	78	15
LINC00502	85	73	13
LINC00504	839	652	144
LINC00506	400	238	47
LINC00507	98	92	11
LINC00508	108	98	16
LINC00511	1286	861	191
LINC00513	716	504	120
LINC00517	6	6	0
LINC00518	19	14	1
LINC00519	116	78	18
LINC00520	54	29	9
LINC00523	96	69	15
LINC00524	0	1	0
LINC00525	20	18	3
LINC00526	4	5	1
LINC00528	13	22	5
LINC00529	48	40	7
LINC00533	8	5	2
LINC00534	1307	1036	243
LINC00536	669	528	122
LINC00539	243	179	52
LINC00540	911	787	143
LINC00543	10	5	0
LINC00544	83	60	17
LINC00545	61	44	11
LINC00547	21	11	6
LINC00550	41	30	7
LINC00551	414	301	69
LINC00554	16	7	0
LINC00557	0	1	0
LINC00558	185	157	36
LINC00559	119	99	17
LINC00560	6	2	0
LINC00561	0	4	0
LINC00563	9	5	2
LINC00565	25	17	3
LINC00566	7	3	0
LINC00567	11	6	3
LINC00570	110	68	15
LINC00571	1219	1009	206
LINC00572	28	23	5
LINC00574	32	30	4
LINC00575	42	24	2
LINC00578	1746	1457	262
LINC00581	84	58	14
LINC00582	60	122	24
LINC00583	37	16	4
LINC00587	187	141	40
LINC00588	13	10	1
LINC00589	254	175	37
LINC00592	256	166	36
LINC00596	36	25	7
LINC00598	1651	1288	283
LINC00601	13	10	5
LINC00602	7	6	0
LINC00603	428	288	70
LINC00604	36	38	5
LINC00605	1	2	0
LINC00606	4	4	0
LINC00607	712	544	130
LINC00608	37	22	6
LINC00609	272	199	36
LINC00612	39	31	2
LINC00613	129	116	25
LINC00615	55	26	6
LINC00616	518	381	100
LINC00620	170	105	19
LINC00621	370	345	74
LINC00622	14	12	1
LINC00623	381	310	45
LINC00624	378	255	68
LINC00626	23	12	5
LINC00629	187	187	30
LINC00630	1613	1323	206
LINC00632	2135	2601	426
LINC00635	154	108	28
LINC00636	232	178	43
LINC00638	42	18	7
LINC00639	877	790	101
LINC00640	126	76	15
LINC00641	277	241	53
LINC00642	103	88	15
LINC00644	6	4	1
LINC00645	23	17	11
LINC00648	181	192	30
LINC00649	716	585	131
LINC00652	47	34	6
LINC00653	34	40	5
LINC00654	330	247	50
LINC00656	34	17	3
LINC00658	106	71	12
LINC00659	16	12	9
LINC00661	16	28	4
LINC00662	1545	1260	223
LINC00663	58	50	7
LINC00664	15	9	5
LINC00665	732	553	103
LINC00667	418	365	62
LINC00668	27	7	5
LINC00670	338	299	48
LINC00671	164	78	15
LINC00672	62	49	5
LINC00676	1	5	0
LINC00677	16	9	2
LINC00678	39	24	1
LINC00680-GUSBP4	1187	846	176
LINC00681	75	39	7
LINC00682	60	52	11
LINC00683	580	513	115
LINC00686	10	7	1
LINC00687	211	147	35
LINC00689	85	57	17
LINC00690	18	11	4
LINC00691	42	29	4
LINC00692	37	21	4
LINC00698	259	211	38
LINC00700	19	15	7
LINC00701	13	9	2
LINC00702	129	99	21
LINC00703	51	42	12
LINC00705	54	45	10
LINC00706	11	8	0
LINC00707	6	0	0
LINC00708	2	4	2
LINC00709	13	13	3
LINC00710	156	116	31
LINC00824	442	342	72
LINC00836	458	369	78
LINC00837	9	10	6
LINC00838	25	16	6
LINC00839	94	49	14
LINC00840	396	225	58
LINC00841	212	118	26
LINC00844	104	67	13
LINC00845	592	475	99
LINC00847	130	100	29
LINC00850	122	65	20
LINC00851	0	1	0
LINC00853	32	31	10
LINC00857	18	18	5
LINC00858	86	62	13
LINC00861	829	630	175
LINC00862	696	524	117
LINC00863	143	86	25
LINC00865	73	62	22
LINC00867	164	110	23
LINC00868	72	56	9
LINC00870	230	159	46
LINC00871	1171	842	203
LINC00877	1706	1195	283
LINC00879	549	345	94
LINC00880	361	299	46
LINC00881	176	137	33
LINC00882	2346	1942	460
LINC00885	140	118	40
LINC00886	818	591	142
LINC00887	125	93	22
LINC00891	20	19	1
LINC00892	10	10	3
LINC00895	15	8	2
LINC00896	22	11	3
LINC00898	25	9	3
LINC00899	146	131	25
LINC00900	26	18	4
LINC00901	27	9	8
LINC00903	84	62	13
LINC00904	11	8	2
LINC00905	31	15	3
LINC00906	107	95	15
LINC00907	1527	1184	281
LINC00910	584	410	120
LINC00911	185	130	31
LINC00917	29	24	7
LINC00919	4	2	1
LINC00920	16	17	3
LINC00921	1	0	0
LINC00922	709	552	106
LINC00923	988	837	166
LINC00924	1438	1091	189
LINC00926	334	342	49
LINC00927	189	160	46
LINC00928	21	16	3
LINC00929	63	45	8
LINC00930	34	35	7
LINC00934	56	41	7
LINC00937	410	289	53
LINC00938	401	362	48
LINC00939	67	43	11
LINC00940	19	12	2
LINC00941	41	24	7
LINC00942	5	6	0
LINC00943	30	27	9
LINC00944	59	55	12
LINC00945	13	4	0
LINC00951	70	49	13
LINC00954	280	226	53
LINC00955	34	20	5
LINC00957	32	16	5
LINC00958	81	77	14
LINC00960	332	215	46
LINC00963	1043	700	176
LINC00964	530	344	82
LINC00967	5	2	2
LINC00968	153	135	26
LINC00971	488	373	107
LINC00972	177	164	32
LINC00974	14	3	7
LINC00987	6	5	0
LINC00989	338	227	76
LINC00992	226	159	43
LINC00994	14	16	4
LINC00996	367	319	46
LINC00997	21	25	1
LINC01001	18	15	3
LINC01002	313	247	40
LINC01003	70	36	9
LINC01004	3387	3062	547
LINC01005	5	6	3
LINC01007	12	9	3
LINC01010	551	408	96
LINC01012	277	209	49
LINC01013	170	138	29
LINC01015	10	5	2
LINC01016	88	49	15
LINC01018	44	31	7
LINC01019	379	276	76
LINC01020	346	276	62
LINC01022	0	1	0
LINC01023	25	22	4
LINC01028	2	1	0
LINC01029	31	24	3
LINC01031	296	209	42
LINC01033	412	320	69
LINC01034	0	2	0
LINC01035	175	143	38
LINC01036	1819	1365	311
LINC01038	6	0	0
LINC01039	4	5	0
LINC01040	44	21	2
LINC01043	11	5	2
LINC01044	6	5	1
LINC01046	12	12	4
LINC01047	28	32	6
LINC01048	9	0	1
LINC01049	97	78	24
LINC01050	34	35	6
LINC01052	107	83	16
LINC01053	21	29	5
LINC01054	8	4	0
LINC01055	48	46	13
LINC01058	40	30	11
LINC01060	582	431	109
LINC01063	27	19	2
LINC01065	63	48	9
LINC01067	2	3	0
LINC01068	18	10	3
LINC01069	37	22	6
LINC01070	2	3	1
LINC01072	2	0	0
LINC01074	2	0	0
LINC01075	83	60	10
LINC01076	9	18	2
LINC01077	45	33	10
LINC01078	2	0	0
LINC01080	71	57	18
LINC01081	194	135	23
LINC01082	7	0	0
LINC01087	14	7	1
LINC01088	1076	764	177
LINC01089	9	8	1
LINC01090	1807	1230	308
LINC01091	3208	2283	508
LINC01093	10	2	1
LINC01094	337	221	61
LINC01095	74	32	9
LINC01096	30	29	3
LINC01097	42	47	4
LINC01098	603	483	103
LINC01099	630	466	89
LINC01100	24	21	10
LINC01102	175	166	36
LINC01103	63	49	11
LINC01104	152	99	19
LINC01106	13	5	0
LINC01107	52	29	6
LINC01108	7	2	3
LINC01109	1	3	1
LINC01111	229	180	45
LINC01114	22	19	1
LINC01115	17	8	0
LINC01115.1	245	176	41
LINC01116	145	122	13
LINC01117	1307	1032	191
LINC01118	314	291	53
LINC01119	259	201	52
LINC01120	5	5	2
LINC01121	315	230	55
LINC01122	1314	1155	220
LINC01123	2	1	0
LINC01126	44	35	9
LINC01127	49	17	6
LINC01128	504	406	80
LINC01132	166	131	30
LINC01133	205	131	24
LINC01134	139	81	20
LINC01135	720	607	123
LINC01138	1659	1248	275
LINC01139	41	33	8
LINC01141	60	69	9
LINC01142	20	17	3
LINC01143	15	6	5
LINC01144	18	11	5
LINC01146	319	217	48
LINC01147	50	26	7
LINC01148	21	14	1
LINC01150	62	32	11
LINC01151	651	460	143
LINC01152	22	10	7
LINC01153	22	24	1
LINC01159	15	6	1
LINC01160	46	54	6
LINC01162	370	266	69
LINC01163	918	664	167
LINC01164	18	17	4
LINC01165	8	11	5
LINC01166	41	29	12
LINC01168	22	14	4
LINC01169	516	368	101
LINC01170	1218	901	157
LINC01173	48	42	6
LINC01177	0	0	0
LINC01179	170	94	28
LINC01180	9	2	1
LINC01181	18	26	11
LINC01182	784	517	128
LINC01186	144	116	34
LINC01187	10	2	2
LINC01189	37	14	2
LINC01191	170	117	29
LINC01192	501	367	84
LINC01193	43	45	14
LINC01194	452	266	88
LINC01195	25	13	2
LINC01198	247	212	52
LINC01201	93	75	19
LINC01202	171	129	29
LINC01203	152	106	28
LINC01204	176	127	29
LINC01205	418	310	77
LINC01206	154	113	27
LINC01208	1520	1082	253
LINC01210	15	5	7
LINC01213	13	7	3
LINC01214	127	91	20
LINC01215	238	173	42
LINC01219	4	2	0
LINC01220	71	49	14
LINC01221	1133	921	230
LINC01222	1106	815	233
LINC01224	41	37	11
LINC01226	2631	1886	486
LINC01227	16	18	1
LINC01228	47	22	9
LINC01229	376	293	58
LINC01230	13	8	0
LINC01231	22	18	6
LINC01232	65	49	15
LINC01233	1	0	0
LINC01234	393	303	66
LINC01235	300	271	50
LINC01237	2516	2114	407
LINC01238.1	7	3	1
LINC01239	566	421	71
LINC01241	68	73	16
LINC01242	393	250	80
LINC01243	19	7	0
LINC01247	7	7	0
LINC01248	26	12	5
LINC01249	44	28	10
LINC01250	708	487	103
LINC01251	5	4	2
LINC01252	533	415	79
LINC01254	17	14	1
LINC01255	50	43	7
LINC01256	96	73	25
LINC01257	107	97	23
LINC01258	374	286	54
LINC01259	141	113	25
LINC01262	3	0	1
LINC01264	7	7	0
LINC01266	3912	2870	547
LINC01267	13	2	2
LINC01269	58	28	6
LINC01270	127	110	21
LINC01271	126	89	26
LINC01273	87	73	16
LINC01275	44	27	5
LINC01276	66	44	5
LINC01277	256	190	39
LINC01278	4588	3621	581
LINC01280	301	217	51
LINC01281	45	36	7
LINC01282	51	27	5
LINC01283	87	79	16
LINC01284	223	156	41
LINC01285	200	129	26
LINC01287	133	103	29
LINC01288	145	84	21
LINC01289	47	38	11
LINC01290	283	220	51
LINC01291	50	20	9
LINC01293	1	2	2
LINC01297	147	96	24
LINC01298	57	31	10
LINC01299	111	83	16
LINC01300	4	12	1
LINC01301	1130	798	169
LINC01303	98	45	14
LINC01304	340	280	64
LINC01305	31	27	5
LINC01307	199	136	38
LINC01309	50	27	10
LINC01310	28	30	4
LINC01311	25	18	6
LINC01312	313	199	48
LINC01315	36	24	5
LINC01320	3060	2154	497
LINC01322	1486	1160	250
LINC01323	9	6	4
LINC01324	262	229	56
LINC01327	43	32	8
LINC01331	1014	700	150
LINC01333	43	38	4
LINC01337	88	41	11
LINC01338	155	97	23
LINC01339	180	134	28
LINC01340	390	292	108
LINC01341	275	240	39
LINC01342	37	36	4
LINC01343	10	5	2
LINC01344	612	454	91
LINC01345	5	1	2
LINC01346	15	13	2
LINC01348	29	14	6
LINC01349	39	19	7
LINC01350	180	117	26
LINC01353	239	168	41
LINC01354	37	20	2
LINC01355	532	374	77
LINC01356	275	188	38
LINC01357	258	199	56
LINC01358	1352	855	195
LINC01360	57	45	10
LINC01361	63	50	12
LINC01362	549	366	81
LINC01363	42	20	6
LINC01364	52	30	9
LINC01365	9	5	0
LINC01366	122	80	29
LINC01370	10	4	0
LINC01374	1403	1225	222
LINC01375	47	28	12
LINC01376	1642	1533	253
LINC01377	4	1	3
LINC01378	503	360	98
LINC01381	36	16	7
LINC01385	3	2	1
LINC01386	30	23	5
LINC01387	228	152	35
LINC01388	18	13	5
LINC01389	123	71	21
LINC01391	35	43	11
LINC01392	339	199	59
LINC01393	176	163	27
LINC01394	4	3	2
LINC01395	15	2	0
LINC01396	26	23	7
LINC01397	92	47	21
LINC01398	12	8	2
LINC01400	5	1	0
LINC01402	5	2	4
LINC01404	3	3	0
LINC01405	145	106	23
LINC01409	2005	1096	271
LINC01410	181	119	20
LINC01411	471	347	68
LINC01412	277	228	49
LINC01413	19	12	2
LINC01414	993	756	207
LINC01415	28	15	3
LINC01416	279	241	36
LINC01418	1980	1849	439
LINC01419	6	6	0
LINC01422	839	454	139
LINC01423	14	4	1
LINC01424	16	12	3
LINC01425	98	52	16
LINC01426	107	93	13
LINC01427	20	14	4
LINC01428	72	64	15
LINC01429	257	190	29
LINC01431	23	15	2
LINC01432	24	22	6
LINC01433	5	8	1
LINC01435	1064	800	195
LINC01436	8	2	0
LINC01438	2	4	0
LINC01440	575	499	105
LINC01441	12	10	1
LINC01443	78	45	10
LINC01444	0	0	2
LINC01445	212	158	48
LINC01446	424	226	54
LINC01447	98	51	12
LINC01448	76	56	14
LINC01449	76	54	20
LINC01450	22	12	5
LINC01451	61	23	3
LINC01455	75	47	10
LINC01456	214	167	46
LINC01460	53	45	7
LINC01461	29	31	5
LINC01465	55	26	15
LINC01467	45	30	1
LINC01470	1241	908	253
LINC01471	121	86	17
LINC01472	6	2	0
LINC01473	8233	7199	1167
LINC01474	13	12	3
LINC01475	128	102	18
LINC01476	458	318	76
LINC01477	108	100	9
LINC01478	874	615	138
LINC01479	132	90	20
LINC01480	25	17	2
LINC01482	788	647	136
LINC01483	893	614	141
LINC01484	99	77	30
LINC01485	112	90	13
LINC01486	75	64	19
LINC01487	27	21	5
LINC01488	46	37	9
LINC01489	10	22	4
LINC01490	20	18	2
LINC01491	194	134	25
LINC01492	309	235	47
LINC01493	42	32	10
LINC01494	92	69	9
LINC01495	123	103	29
LINC01496	7	6	4
LINC01497	263	217	56
LINC01498	173	126	25
LINC01499	301	239	43
LINC01500	1934	1409	298
LINC01501	251	191	35
LINC01502	9	5	4
LINC01503	318	216	59
LINC01504	457	471	42
LINC01505	2948	2304	459
LINC01506	9	3	3
LINC01507	5	3	1
LINC01508	466	341	75
LINC01509	118	75	15
LINC01511	69	51	8
LINC01512	117	93	29
LINC01513	6	1	0
LINC01514	182	110	22
LINC01515	3867	3229	433
LINC01517	575	375	93
LINC01518	69	57	19
LINC01519	8	7	0
LINC01520	68	36	13
LINC01521	52	36	6
LINC01522	41	29	4
LINC01523	3	0	0
LINC01524	1363	906	188
LINC01525	192	151	28
LINC01526	3	2	0
LINC01527	23	28	3
LINC01530	23	7	3
LINC01531	51	32	11
LINC01532	15	8	3
LINC01533	214	154	35
LINC01535	127	111	16
LINC01537	8	3	0
LINC01538	204	117	40
LINC01541	92	70	13
LINC01543	23	21	8
LINC01544	38	13	6
LINC01545	61	46	8
LINC01546	16	17	5
LINC01547	64	49	10
LINC01548	18	14	0
LINC01549	17	14	6
LINC01550	680	513	106
LINC01551	192	173	48
LINC01553	29	16	8
LINC01554	160	119	41
LINC01555	15	17	2
LINC01556	17	8	0
LINC01558	89	58	10
LINC01559	77	54	14
LINC01560	29	19	6
LINC01561	3	4	1
LINC01562	204	156	34
LINC01563	85	83	14
LINC01564	201	119	36
LINC01565	33	15	9
LINC01566	29	25	5
LINC01567	27	17	4
LINC01568	500	381	91
LINC01569	76	77	14
LINC01570	63	35	13
LINC01571	96	69	17
LINC01572	4984	4174	738
LINC01574	2	0	0
LINC01579	784	571	116
LINC01580	292	186	42
LINC01581	103	80	16
LINC01583	12	10	1
LINC01584	169	118	25
LINC01585	40	27	6
LINC01586	86	63	12
LINC01587	4	5	1
LINC01588	1626	1129	240
LINC01589	74	35	9
LINC01591	205	159	35
LINC01592	596	498	116
LINC01593	8	4	0
LINC01594	169	76	17
LINC01595	15	7	1
LINC01596	5	7	1
LINC01597	34	23	1
LINC01600	108	101	28
LINC01602	371	234	47
LINC01603	120	80	21
LINC01605	399	288	72
LINC01606	219	177	36
LINC01607	111	64	17
LINC01608	172	116	27
LINC01609	1175	759	164
LINC01610	16	6	5
LINC01611	294	211	55
LINC01612	101	69	23
LINC01613	3	0	1
LINC01614	12	8	4
LINC01615	27	29	4
LINC01618	366	267	68
LINC01619	1371	1535	251
LINC01620	43	32	6
LINC01621	56	23	9
LINC01622	296	221	42
LINC01623	33	23	7
LINC01624	69	39	13
LINC01625	222	162	44
LINC01626	17	4	1
LINC01627	8	5	1
LINC01628	4	0	0
LINC01629	62	33	6
LINC01630	507	358	91
LINC01633	3	6	0
LINC01634	24	5	5
LINC01635	27	14	4
LINC01637	35	37	9
LINC01638	84	73	11
LINC01639	6	6	0
LINC01640	81	47	10
LINC01641	119	100	22
LINC01643	468	382	105
LINC01644	105	73	17
LINC01645	1199	983	215
LINC01646	25	13	3
LINC01647	2	2	0
LINC01648	46	30	13
LINC01649	51	39	12
LINC01650	0	2	1
LINC01651	3	0	0
LINC01653	39	24	6
LINC01654	5	5	1
LINC01655	56	57	9
LINC01656	9	3	0
LINC01657	6	4	1
LINC01659	15	10	1
LINC01661	132	118	23
LINC01664	58	37	8
LINC01665	2	5	0
LINC01666	7	0	1
LINC01668	13	7	2
LINC01671	35	18	4
LINC01672	12	9	4
LINC01673	42	34	8
LINC01674	58	24	15
LINC01675	25	27	8
LINC01676	113	50	20
LINC01677	133	97	18
LINC01678	2	5	1
LINC01679	33	23	6
LINC01680	11	7	2
LINC01681	306	206	57
LINC01682	137	85	21
LINC01683	19	6	2
LINC01684	522	368	94
LINC01685	150	98	19
LINC01686	18	9	1
LINC01687	146	102	26
LINC01688	0	2	1
LINC01689	53	34	5
LINC01691	6	6	5
LINC01692	531	418	75
LINC01693	76	52	11
LINC01694	56	35	13
LINC01695	359	309	40
LINC01696	0	0	0
LINC01697	312	208	55
LINC01698	25	14	6
LINC01699	5	3	2
LINC01700	10	4	2
LINC01701	64	47	12
LINC01702	14	10	2
LINC01703	48	32	5
LINC01704	135	82	22
LINC01705	92	46	9
LINC01706	17	11	5
LINC01707	361	271	67
LINC01708	693	514	82
LINC01709	200	148	36
LINC01710	13	7	1
LINC01711	4	0	2
LINC01712	73	33	11
LINC01713	9	4	0
LINC01714	39	37	9
LINC01716	56	27	11
LINC01717	47	52	7
LINC01718	3	2	2
LINC01719	20	14	2
LINC01720	270	215	45
LINC01721	219	159	36
LINC01722	215	188	24
LINC01723	59	60	13
LINC01724	25	16	5
LINC01725	3238	2468	612
LINC01726	312	253	50
LINC01727	233	160	38
LINC01728	0	0	0
LINC01730	29	20	3
LINC01731	8	7	1
LINC01732	35	26	7
LINC01733	33	38	3
LINC01734	9	8	1
LINC01735	8	10	0
LINC01736	4	3	3
LINC01737	2	7	3
LINC01738	18	16	2
LINC01739	135	110	20
LINC01740	15	10	7
LINC01741	13	14	3
LINC01742	3	0	1
LINC01743	11	8	0
LINC01744	51	36	7
LINC01745	2	1	0
LINC01746	65	37	6
LINC01747	41	28	8
LINC01748	329	240	73
LINC01749	244	168	44
LINC01750	12	23	9
LINC01751	2	5	2
LINC01753	40	29	14
LINC01754	83	56	14
LINC01756	74	35	9
LINC01758	5	3	3
LINC01760	5	5	0
LINC01761	9	3	1
LINC01762	260	156	28
LINC01763	40	28	11
LINC01765	72	40	15
LINC01766	9	10	6
LINC01767	4	2	0
LINC01768	145	94	17
LINC01770	32	24	2
LINC01772	178	101	37
LINC01774	9	2	1
LINC01775	87	57	24
LINC01776	117	103	28
LINC01777	18	11	3
LINC01778	63	48	8
LINC01779	9	7	3
LINC01780	81	57	13
LINC01781	232	224	42
LINC01782	6	6	2
LINC01783	11	4	0
LINC01785	7	10	1
LINC01786	122	122	17
LINC01787	235	161	33
LINC01788	154	115	23
LINC01789	241	159	33
LINC01790	173	116	33
LINC01791	114	104	25
LINC01792	44	38	8
LINC01793	3	5	0
LINC01794	114	76	12
LINC01795	39	32	6
LINC01796	41	25	7
LINC01797	72	31	4
LINC01798	1010	1000	134
LINC01799	187	169	25
LINC01800	225	161	33
LINC01801	209	164	41
LINC01802	20	16	6
LINC01803	0	1	0
LINC01804	178	111	32
LINC01805	35	30	8
LINC01806	20	10	1
LINC01807	699	508	119
LINC01808	77	52	10
LINC01809	1	0	0
LINC01810	0	2	0
LINC01811	1619	1298	318
LINC01812	31	25	4
LINC01813	96	76	22
LINC01814	1002	640	234
LINC01815	9	3	1
LINC01816	230	135	51
LINC01817	42	27	6
LINC01818	648	440	91
LINC01819	153	109	26
LINC01820	7	0	0
LINC01821	492	352	76
LINC01822	71	36	13
LINC01823	75	63	4
LINC01824	44	24	3
LINC01825	36	13	9
LINC01826	7	12	0
LINC01827	7	3	3
LINC01828	1026	856	146
LINC01829	999	790	175
LINC01830	1772	1190	324
LINC01831	2	0	0
LINC01832	10	8	0
LINC01833	40	58	14
LINC01834	0	1	0
LINC01836	211	140	34
LINC01837	711	675	133
LINC01838	5	1	1
LINC01839	6	4	0
LINC01840	63	40	10
LINC01841	539	379	66
LINC01842	61	40	12
LINC01843	10	8	0
LINC01844	302	202	48
LINC01845	50	23	7
LINC01846	176	147	33
LINC01847	566	441	82
LINC01848	3	2	1
LINC01849	23	9	3
LINC01850	32	27	7
LINC01851	3	4	1
LINC01852	31	13	5
LINC01853	99	79	14
LINC01854	48	32	10
LINC01855	3	3	1
LINC01856	109	75	16
LINC01857	55	43	9
LINC01858	26	19	5
LINC01859	17	14	5
LINC01861	25	12	6
LINC01863	31	16	7
LINC01864	48	41	6
LINC01865	34	35	9
LINC01866	2	3	2
LINC01868	8	12	2
LINC01870	42	19	7
LINC01871	23	33	2
LINC01872	34	36	5
LINC01873	33	19	8
LINC01874	20	17	1
LINC01876	1993	1899	311
LINC01877	544	375	94
LINC01878	37	25	4
LINC01879	27	23	3
LINC01880	32	17	5
LINC01882	321	198	51
LINC01883	24	8	5
LINC01884	111	56	30
LINC01885	1116	927	225
LINC01886	83	69	13
LINC01887	14	13	3
LINC01888	41	29	13
LINC01889	102	49	13
LINC01890	93	46	22
LINC01891	157	95	20
LINC01892	68	28	10
LINC01893	21	20	6
LINC01894	354	277	61
LINC01895	206	184	32
LINC01896	4	6	0
LINC01897	6	3	0
LINC01898	29	35	11
LINC01899	162	106	27
LINC01900	362	232	57
LINC01901	132	85	21
LINC01902	112	105	22
LINC01903	9	5	1
LINC01904	3	0	0
LINC01905	582	581	67
LINC01906	4	8	2
LINC01907	17	7	3
LINC01908	22	13	8
LINC01909	67	45	17
LINC01910	11	15	3
LINC01911	522	384	90
LINC01913	165	140	27
LINC01914	57	28	7
LINC01915	340	287	59
LINC01916	175	185	26
LINC01917	224	185	43
LINC01918	3	0	0
LINC01919	75	59	16
LINC01920	54	41	3
LINC01922	22	11	1
LINC01923	160	137	30
LINC01924	1176	774	164
LINC01925	82	45	19
LINC01926	147	61	17
LINC01927	21	12	1
LINC01928	13	21	2
LINC01929	45	42	11
LINC01931	452	366	89
LINC01933	837	584	138
LINC01934	4224	2828	776
LINC01935	39	21	7
LINC01936	52	52	12
LINC01937	304	216	53
LINC01938	45	38	10
LINC01939	15	5	1
LINC01940	13	8	2
LINC01941	12	12	0
LINC01942	61	40	13
LINC01943	69	35	8
LINC01944	33	22	15
LINC01945	21	7	5
LINC01946	23	16	2
LINC01947	385	209	49
LINC01948	205	179	22
LINC01949	125	97	21
LINC01950	421	374	82
LINC01951	213	146	37
LINC01953	22	25	5
LINC01954	177	139	34
LINC01955	5	3	2
LINC01956	292	232	52
LINC01957	7	5	0
LINC01958	76	48	11
LINC01960	16	10	2
LINC01961	6	5	5
LINC01962	126	105	31
LINC01963	18	14	1
LINC01964	12	6	2
LINC01965	499	349	84
LINC01966	10	2	0
LINC01967	353	254	65
LINC01968	257	171	43
LINC01970	7	13	8
LINC01971	15	9	1
LINC01972	6	5	1
LINC01973	44	40	16
LINC01974	0	1	0
LINC01975	29	22	11
LINC01976	0	0	1
LINC01977	29	15	7
LINC01978	15	18	2
LINC01979	36	31	5
LINC01980	277	188	40
LINC01981	1	4	1
LINC01982	271	202	46
LINC01983	64	37	12
LINC01985	42	36	3
LINC01986	55	30	11
LINC01987	9	9	3
LINC01988	6	8	0
LINC01989	72	53	10
LINC01990	84	46	19
LINC01991	68	39	10
LINC01992	246	183	33
LINC01993	384	270	92
LINC01994	185	169	31
LINC01995	82	52	10
LINC01996	69	46	13
LINC01997	50	30	2
LINC01998	11	7	3
LINC01999	79	58	9
LINC02000	3	4	1
LINC02002	18	25	6
LINC02003	27	15	2
LINC02004	89	68	22
LINC02005	158	106	24
LINC02006	1331	815	204
LINC02008	990	770	149
LINC02009	28	9	5
LINC02010	6	7	1
LINC02011	47	26	4
LINC02012	4	11	3
LINC02013	108	72	19
LINC02014	26	21	3
LINC02015	393	286	50
LINC02016	85	57	9
LINC02017	13	8	2
LINC02018	2989	2755	400
LINC02019	34	17	6
LINC02020	20	17	10
LINC02021	425	442	93
LINC02022	22	25	5
LINC02023	17	15	4
LINC02025	14	10	3
LINC02026	164	133	17
LINC02027	172	105	29
LINC02028	244	188	59
LINC02029	37	25	6
LINC02030	120	79	24
LINC02031	20	19	3
LINC02032	16	9	1
LINC02033	9	9	1
LINC02034	5	2	1
LINC02035	80	56	8
LINC02036	307	218	50
LINC02037	60	39	12
LINC02038	5	5	0
LINC02039	27	25	10
LINC02040	76	49	21
LINC02042	38	13	7
LINC02043	72	45	8
LINC02044	147	107	24
LINC02045	137	119	37
LINC02046	346	225	53
LINC02047	17	27	4
LINC02048	35	36	11
LINC02050	66	47	12
LINC02051	2	2	1
LINC02052	51	27	11
LINC02053	204	162	37
LINC02054	158	124	22
LINC02055	2466	1810	448
LINC02056	166	123	37
LINC02057	197	132	33
LINC02058	60	29	5
LINC02059	8	11	0
LINC02060	42	33	12
LINC02061	14	8	2
LINC02063	18	16	3
LINC02064	159	130	27
LINC02065	6	5	0
LINC02066	38	18	5
LINC02067	78	64	15
LINC02068	132	71	18
LINC02069	192	124	52
LINC02070	8	7	3
LINC02071	90	76	21
LINC02073	482	331	59
LINC02074	390	292	55
LINC02075	10	9	3
LINC02076	16	9	5
LINC02077	14	13	2
LINC02078	44	27	4
LINC02080	63	61	7
LINC02082	183	126	31
LINC02084	5	5	4
LINC02085	55	32	10
LINC02086	93	62	16
LINC02087	84	54	13
LINC02088	29	18	4
LINC02089	54	42	6
LINC02090	21	5	1
LINC02091	37	16	4
LINC02092	36	18	4
LINC02093	5	7	2
LINC02094	46	31	3
LINC02096	253	167	27
LINC02097	31	36	4
LINC02098	150	130	37
LINC02099	142	121	24
LINC02100	472	398	77
LINC02101	20	14	6
LINC02102	52	49	9
LINC02103	1	3	0
LINC02104	12	2	1
LINC02105	103	78	19
LINC02106	2	0	0
LINC02108	30	26	7
LINC02109	615	485	110
LINC02111	18	12	7
LINC02112	417	322	77
LINC02113	47	41	8
LINC02114	1	0	0
LINC02115	37	20	5
LINC02117	49	39	11
LINC02118	85	76	22
LINC02119	269	160	51
LINC02120	31	21	3
LINC02121	11	14	4
LINC02122	55	22	12
LINC02123	7	6	0
LINC02126	167	185	22
LINC02127	20	17	2
LINC02128	58	29	7
LINC02129	31	19	10
LINC02130	24	17	7
LINC02131	43	28	7
LINC02132	11	4	2
LINC02133	482	362	77
LINC02134	2	0	0
LINC02135	37	45	6
LINC02136	184	128	26
LINC02137	168	115	29
LINC02138	16	27	14
LINC02139	75	38	8
LINC02140	2	7	3
LINC02141	587	462	105
LINC02142	15	12	0
LINC02143	61	58	12
LINC02144	150	97	20
LINC02145	102	53	18
LINC02146	10	9	1
LINC02147	1515	1140	284
LINC02148	2	2	1
LINC02149	389	296	63
LINC02150	97	73	13
LINC02151	11	10	1
LINC02152	3	0	1
LINC02153	37	32	5
LINC02154	52	34	13
LINC02156	98	91	15
LINC02159	11	10	3
LINC02160	251	172	35
LINC02161	218	149	36
LINC02162	10	5	0
LINC02163	497	320	99
LINC02164	6	1	1
LINC02165	67	60	12
LINC02166	23	18	1
LINC02167	17	15	3
LINC02168	0	6	1
LINC02169	55	39	12
LINC02171	10	3	5
LINC02172	95	69	18
LINC02173	26	27	6
LINC02174	165	123	28
LINC02175	349	251	55
LINC02176	91	83	20
LINC02177	15	6	0
LINC02178	10	5	2
LINC02179	16	3	4
LINC02180	27	29	4
LINC02181	45	28	7
LINC02182	84	61	25
LINC02183	155	124	37
LINC02185	33	38	9
LINC02186	1	0	0
LINC02188	370	297	75
LINC02189	4	4	0
LINC02190	6	5	2
LINC02191	25	17	4
LINC02192	52	41	7
LINC02193	36	26	6
LINC02194	16	11	1
LINC02195	6	5	2
LINC02196	565	416	97
LINC02197	107	81	18
LINC02199	70	47	10
LINC02200	86	60	14
LINC02201	272	200	46
LINC02202	187	128	21
LINC02203	25	37	5
LINC02204	107	83	15
LINC02205	19	5	1
LINC02206	92	58	14
LINC02207	117	82	17
LINC02208	1065	772	204
LINC02209	56	25	10
LINC02210-CRHR1	663	759	109
LINC02211	339	280	68
LINC02212	44	35	7
LINC02213	63	45	7
LINC02214	30	21	5
LINC02215	130	100	29
LINC02216	7	6	5
LINC02217	82	46	14
LINC02218	95	49	13
LINC02219	26	12	5
LINC02220	204	151	35
LINC02221	129	70	22
LINC02222	7	4	0
LINC02223	600	480	106
LINC02224	474	388	76
LINC02225	5	8	4
LINC02226	27	24	4
LINC02227	306	211	66
LINC02228	160	152	22
LINC02229	9	1	2
LINC02231	123	83	27
LINC02232	370	291	62
LINC02233	238	141	41
LINC02234	171	119	35
LINC02235	394	279	64
LINC02236	161	97	12
LINC02237	787	538	148
LINC02238	102	72	15
LINC02240	1888	1261	306
LINC02241	559	493	104
LINC02242	58	50	5
LINC02243	4	2	1
LINC02245	2025	1727	328
LINC02247	18	6	3
LINC02248	139	118	32
LINC02249	105	76	16
LINC02250	422	341	74
LINC02251	84	63	14
LINC02252	95	54	15
LINC02253	551	413	76
LINC02254	688	643	102
LINC02255	89	84	25
LINC02256.1	322	329	45
LINC02257	120	87	28
LINC02258	18	17	1
LINC02259	69	50	9
LINC02260	12	0	0
LINC02261	140	96	15
LINC02262	82	83	21
LINC02263	71	75	15
LINC02264	122	101	13
LINC02265	131	76	23
LINC02266	14	13	3
LINC02267	1021	743	181
LINC02268	281	330	80
LINC02269	567	408	102
LINC02270	48	32	9
LINC02271	54	27	7
LINC02272	13	5	2
LINC02273	197	125	38
LINC02274	19	20	4
LINC02275	199	128	23
LINC02276	7	3	2
LINC02277	147	118	18
LINC02278	52	21	10
LINC02279	8	6	1
LINC02280	18	15	8
LINC02281	126	79	19
LINC02282	4	7	0
LINC02283	130	95	17
LINC02284	1769	1014	405
LINC02285	14	14	4
LINC02286	67	51	5
LINC02287	4	0	0
LINC02288	244	148	37
LINC02290	21	13	8
LINC02291	168	152	30
LINC02292	44	27	4
LINC02294	182	143	38
LINC02295	120	95	21
LINC02296	577	423	126
LINC02298	50	33	8
LINC02299	97	88	14
LINC02300	108	83	19
LINC02301	241	204	43
LINC02302	105	87	9
LINC02303	14	15	3
LINC02304	22	28	6
LINC02305	12	9	2
LINC02306	864	651	139
LINC02307	778	595	119
LINC02308	33	29	9
LINC02309	131	92	25
LINC02311	19	22	5
LINC02312	111	85	19
LINC02313	40	32	6
LINC02314	7	3	0
LINC02315	461	336	86
LINC02316	97	69	28
LINC02317	26	11	9
LINC02318	20	17	4
LINC02319	48	41	9
LINC02320	183	142	25
LINC02321	33	23	9
LINC02322	0	0	0
LINC02323	42	30	5
LINC02324	114	82	20
LINC02325	553	374	101
LINC02326	281	252	55
LINC02327	204	171	25
LINC02328	1415	1317	183
LINC02329	3	0	1
LINC02330	41	46	13
LINC02331	323	223	49
LINC02332	13	10	5
LINC02333	64	56	8
LINC02334	260	216	52
LINC02335	281	188	43
LINC02336	1027	720	153
LINC02338	44	36	12
LINC02340	246	188	46
LINC02341	421	298	80
LINC02342	18	13	4
LINC02343	749	584	129
LINC02345	185	149	25
LINC02346	256	189	48
LINC02347	50	22	11
LINC02348	23	26	5
LINC02350	594	440	99
LINC02351	159	124	26
LINC02352	202	143	42
LINC02353	0	2	0
LINC02354	158	91	21
LINC02355	264	172	45
LINC02356	305	291	66
LINC02357	60	52	13
LINC02358	27	19	4
LINC02359	160	123	17
LINC02360	166	119	32
LINC02361	50	30	5
LINC02362	129	122	23
LINC02363	147	94	24
LINC02364	56	32	13
LINC02365	196	163	32
LINC02366	30	16	8
LINC02367	234	191	45
LINC02368	1	7	2
LINC02369	78	69	7
LINC02370	29	21	6
LINC02371	41	38	11
LINC02372	9	5	2
LINC02373	28	12	6
LINC02374	6	3	0
LINC02375	11	10	2
LINC02376	18	7	4
LINC02377	509	391	76
LINC02378	153	113	26
LINC02379	7	11	2
LINC02380	87	44	18
LINC02381	133	116	25
LINC02382	3	0	0
LINC02383	63	39	10
LINC02384	557	323	74
LINC02385	14	11	1
LINC02386	107	62	23
LINC02387	15	20	5
LINC02388	534	365	74
LINC02389	18	13	0
LINC02390	38	26	6
LINC02391	491	354	62
LINC02392	23	15	2
LINC02393	40	40	4
LINC02394	40	44	6
LINC02395	78	68	11
LINC02396	5	2	0
LINC02397	83	65	13
LINC02398	564	409	77
LINC02400	18	4	2
LINC02401	76	44	13
LINC02402	104	52	12
LINC02403	5	8	1
LINC02404	18	11	2
LINC02405	390	368	60
LINC02406	160	131	22
LINC02408	433	341	78
LINC02409	10	5	3
LINC02410	30	26	7
LINC02411	0	3	0
LINC02412	41	21	3
LINC02413	74	63	11
LINC02414	25	35	7
LINC02415	0	0	1
LINC02416	64	55	12
LINC02417	5	1	0
LINC02419	3	0	0
LINC02420	7	9	0
LINC02421	46	34	8
LINC02422	540	454	83
LINC02423	6	2	0
LINC02424	135	99	14
LINC02425	16	5	2
LINC02426	129	100	14
LINC02427	182	150	34
LINC02428	693	638	159
LINC02429	91	65	19
LINC02430	11	4	2
LINC02431	25	9	5
LINC02432	148	98	28
LINC02433	2	4	2
LINC02435	37	28	5
LINC02436	387	280	66
LINC02437	34	19	5
LINC02438	615	468	106
LINC02439	53	46	8
LINC02440	6	4	0
LINC02441	2	2	0
LINC02442	21	16	2
LINC02443	21	24	4
LINC02444	53	51	13
LINC02445	96	76	32
LINC02446	44	35	9
LINC02447	30	29	6
LINC02449	81	75	19
LINC02450	77	58	19
LINC02451	90	64	25
LINC02452	44	36	4
LINC02453	118	76	25
LINC02454	64	55	15
LINC02455	37	34	9
LINC02456	232	172	29
LINC02457	201	153	41
LINC02458	898	539	136
LINC02459	4	0	0
LINC02460	46	28	8
LINC02461	279	111	27
LINC02462	288	214	54
LINC02463	137	107	23
LINC02464	212	148	49
LINC02465	349	321	74
LINC02466	267	205	48
LINC02468	13	2	1
LINC02469	40	31	10
LINC02470	12	11	3
LINC02471	99	59	20
LINC02472	119	85	23
LINC02473	38	32	8
LINC02474	14	18	5
LINC02475	2	6	1
LINC02476	620	521	123
LINC02477	74	64	19
LINC02479	1276	891	180
LINC02480	3	2	0
LINC02481	39	25	10
LINC02482	268	271	38
LINC02483	5	5	0
LINC02484	330	259	75
LINC02485	14	14	3
LINC02487	50	40	14
LINC02488	69	58	15
LINC02489	52	38	18
LINC02490	157	113	27
LINC02492	309	203	51
LINC02493	89	46	17
LINC02494	16	9	3
LINC02496	82	60	10
LINC02497	124	103	28
LINC02498	14	13	3
LINC02499	35	20	2
LINC02500	58	37	17
LINC02501	37	39	13
LINC02502	36	26	6
LINC02503	113	79	27
LINC02504	0	6	1
LINC02505	221	181	42
LINC02506	617	418	93
LINC02507	178	119	29
LINC02508	50	51	9
LINC02509	54	37	12
LINC02510	8	4	0
LINC02511	879	545	151
LINC02512	127	64	18
LINC02513	47	27	4
LINC02514	2	2	0
LINC02515	31	25	3
LINC02516	242	119	28
LINC02517	15	12	2
LINC02518	43	47	2
LINC02519	72	44	18
LINC02520	191	139	29
LINC02521	80	43	15
LINC02522	7	4	0
LINC02523	85	64	10
LINC02524	6	3	2
LINC02525	33	25	5
LINC02526	49	51	12
LINC02527	24	22	3
LINC02528	40	18	6
LINC02529	35	22	7
LINC02530	11	6	0
LINC02531	4	3	0
LINC02532	233	179	51
LINC02533	27	16	4
LINC02534	6	9	2
LINC02535	6	1	2
LINC02536	22	10	5
LINC02537	12	9	0
LINC02538	67	44	12
LINC02539	191	134	38
LINC02540	155	107	20
LINC02541	152	83	28
LINC02542	526	419	101
LINC02543	19	9	2
LINC02544	137	255	19
LINC02546	128	104	19
LINC02547	102	72	11
LINC02548	83	71	14
LINC02549	279	216	47
LINC02550	153	108	27
LINC02551	80	67	10
LINC02552	250	157	47
LINC02553	111	75	14
LINC02554	35	20	1
LINC02555	0	2	3
LINC02556	5	5	2
LINC02557	6	9	1
LINC02558	242	177	38
LINC02559	0	0	0
LINC02560	5	0	0
LINC02561	7	5	2
LINC02562	5	3	1
LINC02563	3	0	0
LINC02565	0	1	0
LINC02566	133	94	21
LINC02567	64	28	5
LINC02568	323	211	59
LINC02569	21	19	4
LINC02570	45	20	11
LINC02571	2	2	0
LINC02572	182	100	28
LINC02573	5	6	0
LINC02574	64	62	14
LINC02575	12	21	1
LINC02576	220	193	38
LINC02577	109	73	15
LINC02578	13	12	2
LINC02579	62	40	12
LINC02580	1193	789	211
LINC02582	71	63	13
LINC02584	11	2	0
LINC02585	41	44	13
LINC02587	127	87	12
LINC02590	8	10	6
LINC02593	122	99	17
LINC02594	119	94	23
LINC02595	81	66	27
LINC02596	13	7	2
LINC02598	13	7	1
LINC02600	12	6	1
LINC02601	17	4	2
LINC02603	188	170	45
LINC02604	13	14	1
LINC02606	75	56	26
LINC02607	652	472	106
LINC02608	513	377	79
LINC02609	277	240	39
LINC02610	49	25	7
LINC02611	79	74	13
LINC02612	45	39	14
LINC02613	532	357	73
LINC02614	1727	1706	272
LINC02615	1359	1112	215
LINC02616	43	16	2
LINC02617	9	9	2
LINC02619	3	2	1
LINC02620	17	12	3
LINC02621	8	8	2
LINC02623	5	3	2
LINC02624	116	83	27
LINC02625	118	56	19
LINC02626	2	6	1
LINC02627	17	10	4
LINC02628	31	16	5
LINC02629	64	59	7
LINC02630	11	6	1
LINC02631	29	31	2
LINC02632	15	12	1
LINC02633	9	9	3
LINC02634	30	21	3
LINC02635	16	7	0
LINC02636	92	73	15
LINC02637	2	2	2
LINC02639	3	0	2
LINC02640	27	14	4
LINC02641	2223	1853	339
LINC02642	271	173	33
LINC02643	296	270	39
LINC02644	0	2	0
LINC02645	203	160	33
LINC02646	469	325	73
LINC02647	114	73	22
LINC02648	50	27	8
LINC02649	455	433	81
LINC02650	9	4	1
LINC02651	21	14	3
LINC02652	306	251	59
LINC02653	455	354	83
LINC02654	179	127	33
LINC02655	2	0	1
LINC02659	72	34	10
LINC02660	138	66	22
LINC02661	226	154	40
LINC02662	24	13	4
LINC02663	178	96	33
LINC02664	238	216	38
LINC02665	7	5	2
LINC02666	489	457	101
LINC02667	6	0	0
LINC02668	92	49	9
LINC02669	287	156	51
LINC02670	7	3	2
LINC02671	229	171	33
LINC02672	108	65	30
LINC02673	2	0	0
LINC02674	24	21	3
LINC02675	10	5	5
LINC02676	6	14	1
LINC02679	6	5	0
LINC02680	178	111	19
LINC02681	83	48	8
LINC02682	73	35	11
LINC02683	16	10	1
LINC02684	11	11	3
LINC02685	63	47	12
LINC02686	49	32	1
LINC02687	35	33	8
LINC02688	27	17	4
LINC02689	47	16	7
LINC02690	10	5	1
LINC02691	1178	1260	234
LINC02692	14	5	3
LINC02693	348	273	54
LINC02694	1756	1117	302
LINC02695	5	6	2
LINC02696	76	74	8
LINC02698	352	309	76
LINC02699	138	108	25
LINC02700	19	16	4
LINC02701	6	4	0
LINC02702	23	14	4
LINC02703	37	40	5
LINC02704	9	6	0
LINC02705	2	2	0
LINC02706	2	0	0
LINC02707	19	13	1
LINC02708	4	3	0
LINC02709	58	48	10
LINC02710	15	3	3
LINC02711	0	0	0
LINC02712	139	107	22
LINC02713	340	221	54
LINC02714	111	111	14
LINC02715	146	99	29
LINC02716	11	12	7
LINC02717	12	9	3
LINC02718	245	161	26
LINC02719	27	24	8
LINC02720	18	23	3
LINC02721	93	86	14
LINC02723	3	1	0
LINC02724	17	12	0
LINC02725	342	252	63
LINC02726	100	74	10
LINC02727	3	2	0
LINC02728	57	50	9
LINC02729	4	1	0
LINC02730	49	31	9
LINC02731	258	146	47
LINC02732	215	146	30
LINC02733	99	66	12
LINC02734	86	59	13
LINC02735	38	23	2
LINC02736	21	17	5
LINC02737	9	9	3
LINC02739	51	40	11
LINC02740	120	100	27
LINC02741	470	327	94
LINC02742	792	583	153
LINC02743	45	38	3
LINC02744	4	6	2
LINC02745	487	367	63
LINC02746	19	13	2
LINC02747	15	15	1
LINC02748	153	91	27
LINC02749	61	37	3
LINC02750	27	22	7
LINC02751	101	93	21
LINC02752	543	362	55
LINC02753	55	36	5
LINC02754	125	86	16
LINC02755	1314	1023	252
LINC02756	122	82	15
LINC02757	100	92	33
LINC02758	8	2	2
LINC02759	31	46	17
LINC02760	24	14	6
LINC02761	16	18	2
LINC02762	770	524	104
LINC02763	551	365	104
LINC02764	60	39	14
LINC02765	71	72	20
LINC02766	68	37	13
LINC02767	153	86	15
LINC02768	58	35	7
LINC02769	7	8	0
LINC02770	650	492	98
LINC02771	22	7	4
LINC02772	51	42	13
LINC02773	56	37	10
LINC02774	268	217	39
LINC02775	403	246	56
LINC02777	298	211	51
LINC02778	39	14	4
LINC02779	4	0	0
LINC02780	68	51	12
LINC02781	31	38	5
LINC02782	2	1	0
LINC02783	38	29	7
LINC02784	0	0	1
LINC02785	220	151	22
LINC02786	20	22	6
LINC02787	19	10	3
LINC02788	17	17	2
LINC02789	527	371	90
LINC02790	87	67	19
LINC02791	38	22	7
LINC02792	22	18	3
LINC02793	20	6	4
LINC02794	382	195	44
LINC02795	213	220	28
LINC02796	41	22	7
LINC02797	81	74	15
LINC02798	766	514	134
LINC02801	93	58	18
LINC02802	14	11	1
LINC02803	152	112	27
LINC02804	28	15	6
LINC02805	36	45	16
LINC02808	123	110	25
LINC02809	31	20	4
LINC02810	74	52	11
LINC02811	49	36	11
LINC02812	15	13	2
LINC02813	58	52	11
LINC02814	510	360	108
LINC02815	48	29	11
LINC02816	6	3	0
LINC02817	17	18	2
LINC02818	16	18	3
LINC02819	87	87	11
LINC02820	44	26	6
LINC02821	78	50	10
LINC02822	723	505	120
LINC02823	92	50	25
LINC02824	31	31	7
LINC02825	5	3	1
LINC02826	113	114	22
LINC02827	17	9	3
LINC02828	126	101	22
LINC02829	18	7	6
LINC02830	4	2	0
LINC02831	92	60	22
LINC02832	103	62	14
LINC02833	9	7	4
LINC02834	42	42	10
LINC02835	29	20	7
LINC02836	44	19	4
LINC02837	6	6	0
LINC02838	5	3	0
LINC02839	151	122	27
LINC02840	215	149	24
LINC02841	50	36	7
LINC02842	224	159	37
LINC02843	129	71	24
LINC02844	3	0	0
LINC02845	12	1	1
LINC02846	11	10	3
LINC02847	101	48	10
LINC02848	41	37	12
LINC02849	7	5	2
LINC02850	5	0	1
LINC02851	20	20	5
LINC02852	20	5	4
LINC02853	389	295	53
LINC02854	29	22	3
LINC02855	41	40	3
LINC02856	5	2	1
LINC02857	28	22	5
LINC02858	6	3	0
LINC02860	11	9	4
LINC02861	162	102	17
LINC02862	63	50	15
LINC02863	64	48	16
LINC02864	200	141	43
LINC02865	88	75	19
LINC02866	41	28	3
LINC02868	37	19	5
LINC02869	233	154	50
LINC02870	38	20	7
LINC02871	175	126	27
LINC02872	61	52	6
LINC02873	54	30	10
LINC02874	29	15	5
LINC02875	23	22	6
LINC02876	0	5	5
LINC02877	192	128	17
LINC02880	309	164	28
LINC02881	17	13	1
LINC02882	919	737	179
LINC02883	13	4	1
LINC02884	598	563	119
LINC02885	615	456	117
LINC02887	11	10	7
LINC02889	703	457	78
LINC02891	51	24	2
LINC02893	52	62	11
LINC02894	9	5	0
LINC02895	286	172	40
LINC02896	32	15	6
LINC02897	22	17	3
LINC02898	144	81	21
LINC02899	1541	828	155
LINC02900	9	11	5
LINC02901	169	102	16
LINC02902	23	22	8
LINC02904	199	133	34
LINC02906	175	155	22
LINC02907	7	3	1
LINC02908	81	63	9
LINC02909	69	38	11
LINC02910	131	81	27
LINC02911	98	76	22
LINC02912	11	2	2
LINC02913	28	22	4
LINC02914	46	34	7
LINC02915	9	5	2
LINC02916	27	24	10
LINC02917	64	47	15
LINC02918	16	16	1
LINC02919	11	6	2
LINC02920	2	2	2
LINC02921	167	176	23
LINC02922	3	0	0
LINC02923	15	14	3
LINC02924	3	4	2
LINC02925	54	42	10
LINC02926	4	5	1
LINC02927	11	5	1
LINC02928	4	0	0
LINC02930	328	242	52
LINC02931	12	8	1
LINC02932	362	231	67
LINC02933	4	4	0
LINC02934	1993	1391	303
LINC02935	121	89	13
LINC02936	151	96	24
LINC02937	314	256	53
LINC02938	126	78	21
LINC02939	28	11	3
LINC02940	497	374	70
LINC02941	243	126	43
LINC02942	295	163	50
LINC02944	41	21	5
LINC02945	468	330	77
LINC02946	32	17	1
LINC02947	6	4	2
LINC02948	27	17	4
LINC02949	37	25	6
LINC02950	14	27	4
LINC02951	126	101	29
LINC02952	59	29	7
LINC02953	19	7	0
LINC02954	63	47	15
LINC02955	5849	4449	1112
LINC02956	19	9	5
LINC02957	0	1	0
LINC02958	66	40	8
LINC02960	38	40	8
LINC02961	7	2	3
LINC02963	121	77	16
LINC02964	936	674	170
LINC02965	72	58	14
LINC02966	267	235	46
LINC02967	3	0	1
LINC02969	133	160	23
LINC02970	13	10	5
LINC02971	18	12	5
LINC02972	9	5	0
LINC02973	6	11	2
LINC02974	60	69	13
LINC02975	111	81	18
LINC02976	476	347	92
LINC02977	271	177	46
LINC02979	5	1	0
LINC02980	49	38	9
LINC02981	590	445	102
LINC02982	101	55	11
LINC02983	93	70	11
LINC02984	157	141	28
LINC02985	171	132	35
LINC02986	21	11	3
LINC02987	981	704	170
LINC02988	74	37	7
LINC02989	11	8	1
LINC02990	42	51	13
LINC02991	17	12	3
LINC02993	26	21	6
LINC02994	919	711	150
LINC02995	15	5	4
LINC02997	1333	884	239
LINC02999	123	64	16
LINC03000	53959	41748	3936
LINC03002	626	437	76
LINC03004	327	243	53
LINC03007	445	319	77
LINC03008	19	12	2
LINC03010	82	76	17
LINC03011	35	37	8
LINC03012	72	47	5
LINC03013	93	69	15
LINC03014	32	28	10
LINC03015	100	76	21
LINC03016	143	131	31
LINC03017	78	47	18
LINC03018	22	9	1
LINC03019	118	88	26
LINC03020	25	39	3
LINC03021	163	152	19
LINC03021.1	579	461	73
LINC03022	76	73	9
LINC03024	35	23	6
LINC03025	20	33	3
LINC03025.1	25	11	2
LINC03026	33	15	3
LINC03031	92	74	18
LINC03033	3	4	0
LINC03034	163	129	28
LINC03036	587	453	107
LINC03037	63	44	11
LINC03044	8	7	3
LINC03046	132	96	17
LINC03047	50	35	8
LINC03048	86	55	9
LINC03050	193	154	42
LINC03051	13253	14479	1399
LINC03052	13	14	1
LINC03053	16	5	3
LINC03056	123	85	28
LINC03057	29	17	5
LINC03058	3	1	2
LINC03059	76	82	20
LINC03060	282	236	50
LINC03062	339	241	49
LINC03064	25	14	4
LINC03065	34	12	7
LINC03066	97	72	16
LINC03067	38	22	3
LINC03068	56	28	11
LINC03070	159	90	18
LINC03071	33	26	7
LINC03072	120	103	20
LINC03073	49	43	3
LINC03074	28	25	2
LINC03076	729	508	112
LINC03077	480	400	105
LINC03080	63	45	6
LINC03082	294	222	50
LINC03083	4	6	1
LINC03084	108	76	14
LINC03085	14	16	3
LINC03086	0	0	0
LINC03088	174	102	26
LINC03089	7	2	0
LINC03090	10	6	2
LINC03092	2641	3463	328
LINC03093	13	12	3
LINC03094	1	0	0
LINC03095	7	12	0
LINC03096	47	18	7
LINC03097	1	0	0
LINC03098	59	55	8
LINC03099	231	171	45
LINC03101	6	3	0
LINC03104	7	0	0
LINC03106	87	92	19
LINC03107	80	51	9
LINC03108	23	12	9
LINC03109	94	60	13
LINC03110	4	5	0
LINC03111	163	107	30
LINC03112	0	2	0
LINC03113	48	39	10
LINC03114	50	30	7
LINC03125	24	20	5
LINC03129	6	2	0
LINC03133	89	45	11
LINC03134	8	15	2
LINC03135	8	10	2
LINC03136	12	11	0
LINC03138	2270	1791	316
LINC03140	12	3	2
LINC03141	96	174	19
LINC03142	1519	1078	269
LINC03143	75	58	18
LINC03144	7	4	0
LINC03145	106	60	26
LINC03146	88	62	18
LINC03148	43	22	8
LINC03149	15	8	2
LINC03150	426	324	76
LINC03151	10	11	1
LINC03152	111	68	19
LINC03157	40	29	8
LINC03161	155	201	39
LINC03162	64	41	19
LINC03163	165	109	26
LINC03165	18	26	3
LINC03170	0	0	0
LINC03171	709	591	117
LINC03173	56	41	11
LINC03176	12	5	4
LINC03177	19	16	8
LINC03178	1528	1092	268
LINC03182	997	714	176
LINC03183	402	302	66
LINC03188	141	98	24
LINC03189	6	4	2
LINC03190	25	21	1
LINC03191	7	2	1
LINC03195	69	47	13
LINC03196	132	90	21
LINC03198	98	99	17
LINC03199	377	319	67
LINC03200	77	67	26
LINC03204	885	744	140
LINC03205	86	49	14
LINC03209	53	57	12
LINC03210	17	17	3
LINC03211	31	28	6
LINC03212	4	11	3
LINC03213	170	121	32
LINC03214	150	106	25
LINC03215	810	635	144
LINC03216	1233	789	187
LINC03219	183	140	20
LINC03222	118	91	8
LINC03223	6	6	1
LINC03224	14	3	1
LINC03227	21	13	7
LINC03229	61	43	11
LINC03230	7	8	2
LINC03232	10	6	0
LINC03233	274	231	44
LINC03235	135	85	25
LINC03237	74	55	9
LINC03239	7	5	0
LINC03240	32	39	8
LINCADL	9	2	1
LINCMD1	29	20	3
LINGO1	8023	4940	1092
LINGO1-AS1	23	16	0
LINGO1-AS2	22	9	5
LINGO2	8649	7272	743
LINGO3	111	71	22
LINGO4	16	13	1
LINS1	601	467	96
LIPA	1945	1274	281
LIPC	876	544	130
LIPE	313	265	46
LIPE-AS1	2116	1808	343
LIPF	20	8	1
LIPG	190	166	32
LIPH	227	148	45
LIPI	141	120	34
LIPJ	34	18	5
LIPK	47	34	10
LIPM	63	55	11
LIPN	71	52	14
LIPT2	31	24	6
LIPT2-AS1	13	10	2
LIRIL2R	15	9	1
LITAF	1694	1649	335
LITAFD	13	4	0
LIVAR	3	1	0
LIX1	101	74	15
LIX1-AS1	1222	1123	246
LIX1L	564	514	70
LIX1L-AS1	25	12	3
LKAAEAR1	14	10	2
LL22NC01-81G9.3	4	4	0
LL22NC03-63E9.3	11	8	1
LLCFC1	6	4	0
LLGL1	312	239	65
LLGL2	703	549	111
LLPH	140	115	16
LLPH-DT	29	36	2
LMAN1	1186	923	137
LMAN1L	14	14	2
LMAN2	1084	725	187
LMAN2L	1078	988	173
LMBR1	11239	7225	1609
LMBR1L	843	988	194
LMBRD1	3363	2917	411
LMBRD2	902	639	134
LMCD1	2896	1976	333
LMCD1-AS1	5154	3956	645
LMF1	2895	2138	431
LMF1-AS1	174	91	27
LMF2	177	149	35
LMLN	465	440	87
LMLN-AS1	3	5	2
LMLN2	24	17	2
LMNA	1805	1719	344
LMNB1	2274	1514	342
LMNB1-DT	207	161	26
LMNB2	695	467	121
LMNTD1	404	313	78
LMNTD2	55	49	15
LMNTD2-AS1	11	13	2
LMO1	203	128	39
LMO2	513	442	71
LMO3	434	199	44
LMO4	1041	850	182
LMO7	1663	1243	299
LMO7-AS1	168	130	24
LMO7DN	31	21	5
LMOD1	659	519	57
LMOD1-AS1	41	37	6
LMOD2	320	242	65
LMOD3	477	401	80
LMTK2	2149	1664	325
LMTK3	191	136	43
LMX1A	273	187	48
LMX1A-AS1	7	4	3
LMX1A-AS2	0	3	0
LMX1B	324	955	61
LMX1B-DT	27	27	4
LNC-LBCS	1684	1190	241
LNC-WAL	486	341	61
LNCARGI	8	5	2
LNCAROD	852	650	171
LNCARSR	125	81	15
LNCATV	110	77	14
LNCBRM	79	46	14
LNCDAT	7	8	0
LNCEGFL7OS	114	100	19
LNCHR1	5	3	0
LNCMB1	34	13	5
LNCMB2	26	9	6
LNCNEF	97	69	16
LNCOB1	121	73	17
LNCOC1	60	47	12
LNCOG	74	69	17
LNCPNKY	11	15	2
LNCPOIR	14	13	6
LNCPRESS1	0	0	0
LNCPRESS2	11	13	5
LNCPTCTS	0	4	0
LNCRI	7	1	0
LNCRMP	32	33	5
LNCRNA-IUR	714	588	139
LNCROPM	92	62	15
LNCSRLR	50	33	8
LNCTAM34A	130	64	22
LNCTSI	141	89	20
LNMICC	27	14	9
LNP1	331	309	50
LNPEP	3530	2907	545
LNPK	1913	1332	247
LNPPS	70	51	4
LNX1	725	504	89
LNX2	1200	775	146
LOH12CR2	18	11	4
LOLI1	260	198	39
LONP1	898	674	146
LONP2	4321	2951	577
LONRF1	928	787	114
LONRF2	132	119	32
LONRF3	221	144	37
LORICRIN	5	5	3
LOX	77	52	8
LOXHD1	788	545	102
LOXL1	476	295	80
LOXL1-AS1	119	88	26
LOXL2	1211	938	216
LOXL2-AS1	118	92	24
LOXL3	567	463	105
LOXL4	115	90	15
LPA	270	204	50
LPAR1	3905	2840	457
LPAR2	117	102	29
LPAR3	291	211	46
LPAR4	258	231	46
LPAR5	389	381	114
LPAR6	671	484	83
LPCAT1	2065	1482	448
LPCAT2	801	620	115
LPCAT3	1230	924	206
LPCAT4	592	456	103
LPGAT1	2871	2097	303
LPGAT1-AS1	69	53	11
LPIN1	1834	1300	323
LPIN2	3628	2706	616
LPIN2-AS1	87	57	10
LPIN2-AS2	158	103	36
LPIN3	167	126	36
LPL	129	107	22
LPO	95	76	21
LPP	33754	21826	3859
LPP-AS1	23	12	1
LPP-AS2	41	27	4
LPXN	1272	1069	212
LRAT	280	228	49
LRATD1	86	71	14
LRATD2	64	46	3
LRBA	14826	11121	1938
LRBA-AS1	14	10	3
LRCH1	10933	8508	1354
LRCH2	1032	935	172
LRCH3	7399	5769	998
LRCH4	327	295	68
LRCOL1	49	43	19
LRFN1	126	68	21
LRFN2	566	638	85
LRFN3	83	67	16
LRFN4	41	26	11
LRFN5	4923	4302	583
LRFN5-DT	169	211	20
LRGUK	544	502	94
LRIF1	289	218	56
LRIG1	2221	1544	316
LRIG2	2453	2010	361
LRIG2-DT	569	486	85
LRIG3	3541	3234	371
LRIG3-DT	423	278	56
LRIT1	13	6	4
LRIT2	9	2	2
LRIT3	48	23	9
LRMDA	27801	20940	2688
LROMI1	647	406	101
LRP1	4233	3198	984
LRP1-AS	17	14	2
LRP10	281	270	62
LRP12	2035	1375	338
LRP1B	14453	17254	1574
LRP2	696	503	135
LRP2BP	289	269	54
LRP2BP-AS1	346	320	49
LRP3	201	155	29
LRP4	1109	802	166
LRP4-AS1	75	50	9
LRP5	2587	1885	444
LRP6	4065	2864	505
LRP8	983	741	146
LRP8-DT	33	29	7
LRPAP1	740	641	154
LRPPRC	4762	3545	595
LRR1	250	171	40
LRRC1	1674	1169	250
LRRC10	6	3	0
LRRC10B	5	6	3
LRRC14	144	107	37
LRRC14B	30	15	6
LRRC15	46	24	9
LRRC17	548	625	117
LRRC18	5	2	2
LRRC19	33	35	2
LRRC2	736	620	128
LRRC2-AS1	0	11	1
LRRC20	883	553	134
LRRC23	696	465	109
LRRC24	89	74	20
LRRC25	97	62	16
LRRC27	909	712	150
LRRC28	2635	2000	401
LRRC3	28	29	5
LRRC3-DT	6	14	1
LRRC30	2	4	0
LRRC31	84	81	24
LRRC32	229	222	32
LRRC32-AS1	25	23	7
LRRC34	240	250	29
LRRC36	385	262	52
LRRC37A	108	176	21
LRRC37A2	458	581	74
LRRC37A2-AS1	1842	1418	308
LRRC37A3	667	813	121
LRRC37B	1000	988	158
LRRC38	311	244	55
LRRC39	662	498	123
LRRC3B	1104	1012	235
LRRC3B-AS1	126	111	10
LRRC3C	27	29	8
LRRC4	42	28	5
LRRC40	1325	1082	198
LRRC41	1391	1131	209
LRRC42	209	209	54
LRRC43	171	120	17
LRRC45	163	98	27
LRRC46	26	28	8
LRRC47	569	425	106
LRRC49	805	651	109
LRRC4B	671	494	120
LRRC4C	26885	28534	3320
LRRC52	52	28	9
LRRC52-AS1	773	634	114
LRRC53	64	75	19
LRRC55	20	24	0
LRRC56	156	99	25
LRRC58	692	519	97
LRRC59	243	164	36
LRRC59-AS1	15	5	4
LRRC61	207	136	40
LRRC63	413	272	69
LRRC66	152	119	22
LRRC69	822	575	109
LRRC7	1696	1425	263
LRRC7-AS1	20	17	2
LRRC71	72	60	21
LRRC72	180	130	27
LRRC73	36	28	9
LRRC74A	188	100	28
LRRC74B	86	68	8
LRRC75A	607	381	119
LRRC75B	102	87	14
LRRC8A	470	386	81
LRRC8B	1184	700	162
LRRC8C-DT	365	256	55
LRRC8D	61	46	12
LRRC8D-DT	15	5	2
LRRC8E	78	76	14
LRRC9	304	245	61
LRRCC1	541	420	81
LRRFIP1	12369	9569	1625
LRRFIP2	5478	3625	639
LRRIQ1	342	264	58
LRRIQ3	259	200	45
LRRIQ4	128	94	15
LRRK1	1760	1205	302
LRRK1-AS1	182	142	35
LRRK2	1515	1302	233
LRRK2-DT	85	55	20
LRRN1	645	517	139
LRRN2	760	530	117
LRRN2-AS1	49	30	4
LRRN3	291	190	35
LRRN4	54	51	8
LRRN4CL	16	16	1
LRRTM1	35	28	3
LRRTM2	27	24	6
LRRTM3	415	363	82
LRRTM4	1791	1362	334
LRRTM4-AS1	46	36	8
LRSAM1	1567	1245	287
LRTM1	206	143	40
LRTM2	31	12	7
LRTOMT	67	58	19
LRWD1	102	73	19
LSAMP	44236	37564	5190
LSAMP-AS1	12	15	5
LSG1	1077	801	159
LSINCT5	3	1	0
LSM1	284	250	58
LSM10	147	115	30
LSM11	138	109	31
LSM12	1166	669	166
LSM14A	6315	4684	950
LSM14B	623	457	120
LSM2	217	203	46
LSM3	1836	1663	454
LSM4	265	207	67
LSM5	251	265	36
LSM6	370	314	45
LSM7	490	369	103
LSM8	685	539	96
LSMEM2	80	58	22
LSP1	1048	788	223
LSR	204	148	33
LSS	1101	925	238
LST1	350	242	106
LTA	30	9	4
LTA4H	1017	969	167
LTB	351	231	50
LTB4R	176	111	23
LTB4R2	32	30	6
LTBP1	8732	6285	1414
LTBP2	652	549	110
LTBP3	1627	1274	284
LTBP4	2538	1763	429
LTBR	501	301	103
LTC4S	58	47	10
LTF	166	127	28
LTK	98	99	15
LTN1	2430	1868	354
LTO1	486	370	86
LTV1	305	192	40
LUADT1	73	53	12
LUARIS	25	13	3
LUC7L	6942	5330	1168
LUC7L2	74	65	14
LUC7L3	18624	14572	3144
LUCAT1	1187	808	199
LUM	122	64	11
LUNAR1	110	115	32
LURAP1	114	120	23
LURAP1L	1724	1700	245
LURAP1L-AS1	605	353	107
LUZP1	3650	2354	463
LUZP2	1577	1156	268
LUZP4	14	13	3
LVRN	166	120	29
LXN	307	291	60
LY6D	1	1	0
LY6E	141	90	25
LY6E-DT	273	224	44
LY6G5B	5	6	1
LY6G5C	36	25	8
LY6G6C	16	16	1
LY6G6F-LY6G6D	131	89	47
LY6H	10	10	5
LY6K	4	5	0
LY6L	8	0	0
LY75	0	0	0
LY75-CD302	52	45	14
LY86	1059	1016	195
LY86-AS1	1273	829	195
LY9	720	669	108
LY96	439	311	76
LYAR	404	308	79
LYG1	175	142	36
LYG2	25	22	7
LYL1	188	154	46
LYN	8296	5282	789
LYNX1-SLURP2	13	9	1
LYPD1	61	40	11
LYPD2	11	6	0
LYPD3	72	59	11
LYPD4	17	12	2
LYPD5	123	84	24
LYPD6	2206	1261	234
LYPD6B	1338	1104	166
LYPD8	27	25	7
LYPLA1	2236	1514	262
LYPLA2	158	108	28
LYPLAL1	1663	1449	241
LYPLAL1-AS1	104	97	27
LYPLAL1-DT	376	293	82
LYRM1	567	467	97
LYRM2	489	384	83
LYRM4	3444	2248	441
LYRM4-AS1	262	198	50
LYRM7	600	454	106
LYRM9	8	6	1
LYRM9-AS1	32	45	7
LYSMD1	168	158	32
LYSMD2	198	120	35
LYSMD3	343	313	57
LYSMD4	400	318	76
LYST	9759	7222	1592
LYST-AS1	2	0	0
LYVE1	791	945	138
LYZ	60	41	9
LYZL1	64	37	9
LYZL2	16	11	4
LYZL4	20	11	2
LYZL6	39	27	10
LZIC	667	481	95
LZTFL1	1948	1416	327
LZTR1	59	24	8
LZTS1	385	282	68
LZTS1-AS1	48	34	5
LZTS2	698	562	115
LZTS3	89	60	15
M1AP	316	236	37
M6PR	511	402	80
MAB21L1	24	9	0
MAB21L2	28	16	1
MAB21L3	39	34	6
MAB21L4	21	21	7
MACC1	378	282	57
MACC1-AS1	29	33	3
MACC1-DT	24	13	2
MACC1-OT1	418	313	80
MACF1	35785	24650	4778
MACIR	309	226	48
MACO1	3288	2422	517
MACORIS	63	54	19
MACROD1	1677	1274	285
MACROD2	7434	7210	1257
MACROD2-AS1	135	90	25
MACROH2A1	3388	2358	458
MACROH2A2	673	428	86
MAD2L1	75	76	13
MAD2L1-DT	1563	1217	258
MAD2L1BP	112	119	32
MAD2L2	365	235	64
MADCAM1	321	222	54
MADCAM1-AS1	161	130	31
MADD	3009	2237	554
MADD-AS1	16	9	2
MAEA	2843	2259	540
MAEL	121	82	16
MAF	932	687	185
MAF1	101	120	20
MAFA	53	49	11
MAFA-AS1	9	12	1
MAFB	213	180	36
MAFF	234	221	46
MAFG	158	120	38
MAFG-AS1	21	11	8
MAFG-DT	31	16	8
MAFK	436	416	97
MAFTRR	255	222	29
MAG	138	57	10
MAGEA1	4	4	1
MAGEA11	42	39	11
MAGEA12	1	1	0
MAGEA3-DT	259	188	39
MAGEA4	6	8	2
MAGEA4-AS1	58	53	6
MAGEA6	0	0	0
MAGEA6-DT	4	2	0
MAGEA8	6	3	0
MAGEA8-AS1	6	0	0
MAGEA9B	0	0	1
MAGEB1	27	23	4
MAGEB10	46	25	6
MAGEB16	7	5	0
MAGEB17	15	10	4
MAGEB17-AS1	31	25	6
MAGEB18	0	2	0
MAGEB2	12	6	0
MAGEB3	27	33	3
MAGEB4	3	2	0
MAGEB5	1	0	1
MAGEB6	2	0	0
MAGEB6B	0	0	0
MAGEC1	1	1	1
MAGEC2	2	4	0
MAGEC3	56	46	21
MAGED1	3228	2639	466
MAGED2	5269	3468	1078
MAGEE1	10	10	5
MAGEE2	1	2	2
MAGEF1	87	62	10
MAGEH1	27	33	5
MAGEL2	19	13	4
MAGI1	34604	30076	3480
MAGI1-AS1	205	137	30
MAGI2	10522	8717	1456
MAGI2-AS1	0	2	1
MAGI2-AS2	3	4	0
MAGI2-AS3	764	603	105
MAGI3	7000	5163	758
MAGIX	86	56	15
MAGOH	519	452	78
MAGOH-DT	39	27	8
MAGOHB	595	475	81
MAGT1	1686	1131	243
MAILR	2548	2300	354
MAIP1	373	396	85
MAJIN	111	91	16
MAK	427	348	93
MAK16	270	214	48
MAL	1579	1235	294
MAL-AS1	23	14	2
MAL2	307	240	58
MAL2-AS1	57	73	12
MALAT1	639596	512032	97933
MALINC1	112	72	19
MALL	101	62	19
MALRD1	3036	2235	395
MALRD1-AS1	76	55	12
MALSU1	895	696	151
MALT1	3015	2127	387
MALT1-AS1	27	11	6
MAMDC2	5776	5038	503
MAMDC2-AS1	703	576	110
MAMDC4	120	112	26
MAML1	1867	1539	315
MAML2	49978	40855	7051
MAML3	20415	17982	2690
MAML3-AS1	27	23	3
MAML3-AS2	57	26	4
MAMLD1	1835	1210	229
MAMSTR	482	396	81
MAN1A1	6187	5081	754
MAN1A2	4442	3117	529
MAN1B1	612	486	113
MAN1B1-DT	32	21	3
MAN1C1	3482	2984	717
MAN2A1	6614	4706	1011
MAN2A1-DT	0	0	2
MAN2A2	1006	691	207
MAN2A2-AS1	2	3	0
MAN2B1	893	609	149
MAN2B2	479	346	83
MAN2C1	1151	846	201
MANBA	2851	2102	441
MANBAL	409	353	85
MANCR	198	139	41
MANEA	360	234	46
MANEA-DT	65	44	10
MANEAL	28	24	2
MANF	167	109	28
MANSC1	134	115	24
MANSC4	150	112	22
MAOA	591	528	89
MAOB	224	171	34
MAP10	65	50	11
MAP1A	477	397	96
MAP1B	1533	1041	189
MAP1B-AS1	70	82	11
MAP1LC3A	196	137	36
MAP1LC3B	518	508	121
MAP1LC3B2	266	161	52
MAP1LC3C	19	9	5
MAP1S	262	252	56
MAP2	2252	2097	282
MAP2K1	3171	2229	423
MAP2K2	1415	978	230
MAP2K3	797	673	200
MAP2K4	4766	3279	505
MAP2K5	6302	4801	816
MAP2K5-DT	20	14	3
MAP2K6	3393	2983	509
MAP2K6-AS1	51	35	4
MAP2K7	698	546	132
MAP2K7-AS1	5	7	2
MAP3K1	6649	5111	768
MAP3K1-AS1	88	59	12
MAP3K10	694	434	113
MAP3K11	902	668	155
MAP3K12	734	597	151
MAP3K13	2268	1983	335
MAP3K14	1723	1311	318
MAP3K14-AS1	165	146	31
MAP3K15	495	371	87
MAP3K19	558	397	81
MAP3K2	5543	3799	725
MAP3K2-DT	103	95	18
MAP3K20	6652	5562	783
MAP3K20-AS1	287	209	37
MAP3K21	128	101	23
MAP3K3	3335	2596	505
MAP3K4	4008	2960	502
MAP3K4-AS1	54	26	5
MAP3K5	4253	2919	660
MAP3K5-AS1	50	34	4
MAP3K5-AS2	39	31	9
MAP3K6	227	168	52
MAP3K7	2786	2034	365
MAP3K7CL	1081	1014	136
MAP3K8	895	806	161
MAP3K9	393	309	54
MAP3K9-DT	53	29	5
MAP4	15385	11420	1899
MAP4K1	684	561	117
MAP4K1-AS1	89	61	15
MAP4K2	1511	1476	276
MAP4K3	11854	8696	1356
MAP4K3-DT	3793	2793	475
MAP4K4	13368	9958	1645
MAP4K5	5943	5049	795
MAP6	309	231	57
MAP6-AS1	54	45	12
MAP7	1479	1216	241
MAP7-AS1	16	10	2
MAP7D1	746	627	148
MAP7D2	373	273	92
MAP7D3	950	729	154
MAP9	345	286	41
MAP9-AS1	261	193	50
MAPK1	6581	4642	882
MAPK10	13501	12950	1540
MAPK10-AS1	285	222	49
MAPK11	161	106	28
MAPK12	184	186	37
MAPK13	278	213	42
MAPK14	4100	2959	664
MAPK15	46	33	7
MAPK1IP1L	1066	1067	139
MAPK3	402	358	74
MAPK4	852	677	143
MAPK6	2511	1896	374
MAPK6-DT	53	28	7
MAPK7	130	96	27
MAPK8	7112	5502	831
MAPK8IP1	65	46	21
MAPK8IP2	35	18	9
MAPK8IP3	3935	3003	699
MAPK8IP3-AS1	4	0	0
MAPK9	1538	1011	193
MAPKAP1	7771	4949	905
MAPKAPK2	1802	1261	258
MAPKAPK3	727	585	148
MAPKAPK5	2107	1464	303
MAPKAPK5-AS1	119	73	16
MAPKBP1	2360	1658	352
MAPRE1	779	637	126
MAPRE2	4805	4091	665
MAPRE3	298	222	46
MAPRE3-AS1	10	14	4
MAPT	934	657	149
MAPT-AS1	159	116	28
MARCHF1	3400	2502	607
MARCHF10	610	435	89
MARCHF10-AS1	183	138	42
MARCHF10-DT	85	46	14
MARCHF11	198	118	23
MARCHF11-AS1	14	9	2
MARCHF11-DT	16	9	4
MARCHF2	604	375	132
MARCHF3	3571	2667	524
MARCHF4	509	371	77
MARCHF4-AS1	30	19	6
MARCHF5	2067	1437	264
MARCHF6	7431	6382	1033
MARCHF6-DT	35	28	9
MARCHF7	5831	4205	702
MARCHF8	3011	2534	508
MARCHF9	127	80	19
MARCKS	1039	1332	170
MARCKSL1	112	101	19
MARCO	142	78	13
MARCO-AS1	5	4	1
MARCOL	16	11	4
MARF1	3627	3081	604
MARK1	2237	1788	287
MARK2	3680	2687	649
MARK3	11414	7544	1501
MARK4	2934	2020	449
MARS1	1970	1312	336
MARVELD1	148	107	14
MARVELD2	128	86	23
MARVELD3	95	58	20
MAS1	48	24	4
MASP1	281	224	58
MASP2	112	88	17
MAST1	222	163	40
MAST2	3694	2391	466
MAST3	916	781	240
MAST3-AS1	57	44	5
MAST4	8927	6921	1336
MAST4-AS1	20	5	3
MASTL	914	794	130
MAT1A	30	22	5
MAT2A	1478	1189	274
MAT2B	648	709	122
MATK	231	177	44
MATN1	131	94	26
MATN1-AS1	94	82	24
MATN2	1587	1371	279
MATN3	35	20	4
MATN4	34	16	4
MATR3	124	103	14
MAU2	2413	2022	439
MAVS	1737	1249	352
MAX	2754	2178	442
MAX-AS1	75	58	16
MAZ	136	99	18
MB	108	78	20
MB21D2	1947	1363	229
MBD1	1122	856	181
MBD2	3501	2437	468
MBD3	124	78	24
MBD3L1	63	52	9
MBD3L2	0	0	0
MBD3L3	38	22	9
MBD4	631	486	94
MBD5	18802	16232	2429
MBD6	445	408	121
MBIP	596	710	105
MBL2	17	6	3
MBLAC1	47	36	10
MBLAC2	185	150	22
MBNL1	19890	14496	2693
MBNL1-AS1	167	120	28
MBNL2	5238	4431	756
MBNL3	2052	1509	269
MBOAT1	1318	1003	203
MBOAT2	4040	3295	474
MBOAT4	84	61	5
MBOAT7	576	478	106
MBP	5145	4548	950
MBP-AS1	52	33	8
MBP-AS2	39	8	7
MBTD1	5227	4657	826
MBTPS1	2547	2096	461
MBTPS1-DT	7	10	6
MBTPS2	774	567	95
MC1R	8	6	2
MC2R	61	30	12
MC3R	0	3	0
MC4R	6	1	3
MC5R	13	6	2
MCAM	754	536	122
MCAT	195	148	36
MCC	5662	4334	674
MCC-AS1	310	227	37
MCCC1	2196	1684	332
MCCC1-AS1	3	0	0
MCCC2	1956	1322	236
MCCD1	1	4	3
MCEE	929	750	135
MCEMP1	5	4	0
MCF2	366	273	71
MCF2L	1984	1573	322
MCF2L-AS1	7	5	0
MCF2L2	1109	795	167
MCFD2	688	508	119
MCFD2-AS1	34	14	4
MCHR1	11	11	0
MCHR2	239	185	35
MCHR2-AS1	279	211	49
MCIDAS	43	21	5
MCL1	1331	1377	248
MCM10	653	488	91
MCM2	256	168	35
MCM3	900	601	117
MCM3AP	3396	2485	554
MCM3AP-AS1	335	280	46
MCM4	777	498	102
MCM5	685	527	119
MCM6	841	589	135
MCM7	1331	969	272
MCM8	39	38	4
MCM8-AS1	42	24	5
MCM9	2381	1498	277
MCMBP	1263	870	169
MCMDC2	235	192	41
MCOLN1	1030	628	189
MCOLN2	661	644	94
MCOLN3	114	98	23
MCPH1	6529	4936	935
MCPH1-AS1	911	699	136
MCPH1-DT	66	55	10
MCRIP1	446	371	100
MCRIP2	122	83	20
MCRS1	229	166	39
MCTP1	7053	5207	1138
MCTP1-AS1	4	2	0
MCTP1-AS2	35	26	6
MCTP2	12802	9525	1151
MCTS1	465	403	73
MCU	7139	5354	897
MCUB	2809	2513	411
MCUR1	819	615	148
MDC1	777	557	124
MDC1-AS1	56	44	5
MDFI	246	216	55
MDFIC	3851	3205	462
MDFIC2	192	131	34
MDGA1	288	224	44
MDGA2	2031	1599	384
MDH1	555	465	92
MDH1B	99	86	16
MDH2	340	290	69
MDK	609	569	91
MDM1	909	593	142
MDM2	2527	2129	378
MDM4	8090	6501	1260
MDN1	5671	4107	802
MDN1-AS1	9	4	3
MDS2	608	444	94
ME1	813	687	109
ME2	2188	1471	345
ME3	2220	1806	306
ME3-AS1	1158	841	182
MEA1	126	102	33
MEAF6	942	728	146
MEAK7	1646	1320	311
MECOM	12604	10531	1221
MECOM-AS1	93	60	12
MECP2	3810	2988	582
MECR	935	635	135
MED1	1600	1293	277
MED10	357	297	55
MED10-DT	73	48	11
MED11	104	78	11
MED12	1630	1381	309
MED12L	2051	1347	348
MED13	9823	7036	1287
MED13L	28814	20714	3691
MED14	3094	2554	488
MED14OS	21	19	5
MED15	3876	2783	594
MED16	506	407	98
MED17	10	8	1
MED18	77	77	13
MED19	251	229	44
MED21	452	394	80
MED22	304	229	65
MED23	2139	2001	312
MED24	1709	1300	257
MED25	1191	1107	271
MED27	3878	2633	485
MED28	1178	852	149
MED28-DT	207	133	30
MED29	261	175	55
MED30	388	330	66
MED31	133	117	19
MED4	1755	1387	254
MED4-AS1	25	36	2
MED6	779	704	100
MED7	122	99	21
MED8	157	145	39
MED8-AS1	7	16	4
MED9	456	333	74
MEDAG	113	94	24
MEF2A	13140	10356	1595
MEF2C	13406	11068	1940
MEF2C-AS1	3402	2814	435
MEF2C-AS2	506	341	90
MEF2D	2171	2002	429
MEFV	35	19	7
MEG3	18608	15622	3591
MEG8	19727	16707	3962
MEG9	2186	1846	487
MEGF10	1335	1059	253
MEGF10-DT	136	115	21
MEGF11	1632	827	153
MEGF6	1493	1148	253
MEGF8	941	756	181
MEGF9	1459	970	162
MEI1	484	383	75
MEI4	456	350	92
MEIG1	96	60	6
MEIKIN-AS1	36	38	7
MEIOC	132	86	25
MEIOSIN	136	97	33
MEIS1	17484	14376	1800
MEIS1-AS2	84	51	14
MEIS1-AS3	65	51	9
MEIS2	8972	7558	1076
MEIS3	385	311	70
MELK	2004	1475	289
MELTF	280	211	59
MELTF-AS1	95	79	7
MEMO1	170	104	20
MEN1	238	149	37
MEOX1	308	269	62
MEOX2	1008	698	163
MEOX2-AS2	26	19	6
MEP1A	131	93	19
MEP1B	59	70	13
MEPCE	3	7	0
MEPE	23	25	8
MERTK	2622	1734	363
MESD	922	717	140
MESP1	14	10	8
MESP2	50	42	10
MEST	749	580	136
MESTIT1	39	26	3
MET	1254	766	134
METAP1	1700	1143	233
METAP1D	937	804	160
METAP2	2366	1731	404
METRN	67	31	5
METRNL	145	138	32
METTL1	69	49	8
METTL13	352	327	66
METTL14	1211	1009	172
METTL14-DT	77	59	16
METTL15	6813	5635	785
METTL16	2929	2107	432
METTL17	714	603	148
METTL18	43	34	10
METTL21A	911	829	147
METTL21C	33	12	11
METTL22	1033	870	159
METTL23	232	229	40
METTL24	304	227	45
METTL25	1712	1306	234
METTL25B	325	263	51
METTL26	164	140	38
METTL27	55	57	9
METTL2A	538	491	87
METTL2B	388	307	55
METTL3	742	534	113
METTL4	648	563	105
METTL5	586	485	75
METTL6	1431	1039	212
METTL7A	33	28	4
METTL7B	54	24	5
METTL8	1638	1153	209
METTL9	1849	1377	242
MEX3A	250	255	28
MEX3B	111	140	19
MEX3C	561	577	103
MEX3D	130	147	31
MFAP1	648	581	115
MFAP2	81	82	15
MFAP3	1088	769	190
MFAP3L	633	435	97
MFAP3L-AS1	19	9	8
MFAP4	149	106	31
MFAP5	263	201	54
MFF	1158	987	155
MFF-DT	583	430	75
MFGE8	1251	1041	240
MFHAS1	2625	1733	405
MFN1	2161	1802	300
MFN2	1132	842	202
MFNG	480	356	91
MFRP	18	18	5
MFSD1	1016	772	148
MFSD10	114	109	29
MFSD11	2238	1788	368
MFSD12	780	601	154
MFSD12-AS1	138	120	28
MFSD13A	142	132	21
MFSD14B	1616	1028	203
MFSD2A	147	102	48
MFSD2B	339	286	88
MFSD3	41	20	9
MFSD4A	271	147	38
MFSD4B	2654	1990	413
MFSD4B-DT	189	161	34
MFSD5	43	24	5
MFSD6	1691	1160	198
MFSD6L	8	4	1
MFSD8	1160	958	162
MFSD9	310	236	50
MGA	6114	4274	864
MGAM	475	366	86
MGAM2	231	154	38
MGARP	3	0	0
MGAT1	1085	966	225
MGAT2	51	42	12
MGAT3	573	398	121
MGAT3-AS1	8	2	0
MGAT4A	2098	1360	289
MGAT4B	299	208	57
MGAT4C	4069	4263	440
MGAT4D	61	33	7
MGAT5	14559	10608	1818
MGAT5B	461	324	57
MGC15885	28	25	9
MGC16275	86	65	11
MGC27382	131	112	27
MGC32805	118	89	13
MGC4859	737	583	137
MGLL	2778	2202	476
MGME1	990	850	147
MGMT	7227	6456	1022
MGP	79	67	17
MGRN1	2703	2225	514
MGRN1-AS1	25	15	5
MGST1	503	388	86
MGST2	1741	1511	238
MGST3	969	912	134
MHENCR	130	134	19
MIA-RAB4B	28	22	1
MIA2	3125	2438	478
MIA2-AS1	19	13	4
MIA3	2043	1633	335
MIAT	155	86	28
MIATNB	2320	1769	338
MIB1	9095	6137	1189
MIB2	572	426	113
MICA	30	17	5
MICAL1	926	737	220
MICAL2	1846	1461	417
MICAL2-AS1	5	0	0
MICAL3	8710	6024	1127
MICALL1	574	434	101
MICALL2	907	680	169
MICALL2-DT	42	30	14
MICB	120	115	24
MICB-DT	96	77	16
MICOS10	963	809	173
MICOS10-DT	20	14	3
MICOS13	66	37	8
MICU1	7024	5859	975
MICU2	4443	3334	616
MICU3	2226	1784	246
MID1	2838	2273	489
MID1IP1	92	74	23
MID1IP1-AS1	27	24	4
MID2	1212	963	141
MIDEAS	2864	2211	512
MIDEAS-AS1	247	182	33
MIDN	514	337	92
MIEF1	364	277	62
MIEF2	70	53	10
MIEN1	61	61	11
MIER1	2788	2253	383
MIER2	832	588	142
MIER3	943	693	136
MIER3-AS1	24	8	5
MIF-AS1	89	59	22
MIF4GD	71	29	7
MIF4GD-DT	29	18	5
MIGA1	2896	2238	374
MIGA2	1078	755	217
MIIP	379	206	66
MILR1	312	248	64
MIMT1	14	13	2
MINAR1	357	291	72
MINAR2	42	37	7
MINCR	20	28	6
MINDY1	417	443	89
MINDY2	2503	2189	372
MINDY2-DT	20	18	3
MINDY3	2608	2067	309
MINDY4B	69	54	15
MINK1	3771	3044	786
MINPP1	531	428	72
MIOS	1587	1270	255
MIOS-DT	131	94	25
MIOX	17	12	5
MIP	4	6	1
MIPEP	1607	1207	210
MIPOL1	2569	2241	348
MIR1-1HG	1473	1159	316
MIR100HG	3899	3536	668
MIR106AHG	30	20	8
MIR122HG	24	14	2
MIR124-1HG	26	35	7
MIR124-2HG	24	26	3
MIR1302-9HG	15	3	2
MIR130AHG	513	612	143
MIR133A1HG	1745	1402	355
MIR137HG	85	52	23
MIR142HG	270	342	90
MIR155HG	194	131	33
MIR17HG	412	353	54
MIR181A1HG	7900	6213	1437
MIR181A2HG	1255	1254	207
MIR1915HG	156	122	39
MIR193BHG	360	270	69
MIR194-2HG	7	10	5
MIR200CHG	11	6	0
MIR202HG	3	4	0
MIR2052HG	532	364	118
MIR205HG	161	108	32
MIR210HG	33	34	9
MIR2113HG	2995	2280	558
MIR2117HG	19	8	6
MIR217HG	402	277	74
MIR219A2HG	3	1	0
MIR222HG	514	519	76
MIR223HG	151	150	32
MIR22HG	167	123	25
MIR23AHG	511	445	99
MIR29B2CHG	2584	2039	471
MIR302CHG	78	54	11
MIR30DHG	493	378	72
MIR3142HG	286	164	39
MIR3147HG	23	11	6
MIR3150BHG	8	6	2
MIR31HG	654	408	94
MIR325HG	668	534	142
MIR34AHG	910	889	143
MIR34BHG	7	6	0
MIR3659HG	757	669	148
MIR365BHG	42	37	11
MIR3663HG	80	30	10
MIR3667HG	2582	1334	271
MIR3677HG	90	73	20
MIR3681HG	2500	1588	387
MIR378D2HG	8	6	0
MIR3936HG	849	669	137
MIR3945HG	36	32	3
MIR3976HG	360	217	56
MIR4280HG	317	241	51
MIR4290HG	59	58	13
MIR4300HG	1584	1045	238
MIR4422HG	550	425	110
MIR4432HG	571	383	85
MIR4435-2HG	4326	2798	697
MIR4453HG	78	48	21
MIR4458HG	159	124	19
MIR4500HG	337	262	65
MIR4527HG	339	274	48
MIR4713HG	701	523	122
MIR4733HG	39	35	6
MIR493HG	2664	2336	570
MIR497HG	3	2	0
MIR503HG	809	687	158
MIR548A1HG	260	159	47
MIR548BAHG	1438	1258	232
MIR548XHG	416	264	78
MIR5689HG	73	31	9
MIR646HG	4682	3651	846
MIR663AHG	114	101	25
MIR7-3HG	260	218	23
MIR7515HG	36	22	7
MIR762HG	356	320	66
MIR9-1HG	273	204	41
MIR9-3HG	163	117	24
MIR924HG	5463	4958	797
MIR99AHG	7161	5350	1241
MIRLET7A1HG	1587	1427	233
MIRLET7BHG	2317	1871	406
MIRLET7IHG	627	507	78
MIS12	216	183	41
MIS18A	167	110	37
MIS18A-AS1	26	15	7
MIS18BP1	2669	2339	440
MISP	33	29	10
MISP3	24	14	1
MITA1	982	734	156
MITD1	662	634	112
MITF	2513	1886	412
MIX23	454	362	68
MIXL1	42	22	7
MKI67	2286	1913	373
MKKS	215	180	40
MKLN1	10913	8012	1289
MKLN1-AS	95	93	24
MKNK1	2009	1366	346
MKNK1-AS1	130	115	32
MKNK2	602	398	121
MKRN1	1371	1266	288
MKRN2	662	600	125
MKRN2OS	210	145	30
MKRN3	463	254	55
MKS1	383	274	54
MKX	440	287	41
MKX-AS1	30	18	12
MLANA	40	25	12
MLC1	153	106	27
MLEC	1013	659	152
MLF1	344	309	59
MLF1-DT	80	75	19
MLF2	374	295	73
MLH1	1706	1326	265
MLH3	1534	1283	211
MLIP	2936	2198	595
MLIP-AS1	325	216	46
MLKL	445	343	90
MLLT1	1181	851	212
MLLT10	12894	9280	1585
MLLT11	87	73	18
MLLT3	7939	5898	1068
MLLT6	3211	2485	601
MLN	23	14	3
MLNR	3	4	3
MLPH	123	102	26
MLST8	107	73	20
MLX	229	163	44
MLXIP	3319	2265	571
MLXIPL	221	160	35
MLYCD	332	320	60
MMAA	380	309	58
MMAB	380	247	52
MMACHC	219	152	31
MMADHC	567	570	97
MMADHC-DT	4309	3185	487
MMD	424	329	70
MMD2	218	139	26
MME	1147	888	210
MME-AS1	35	39	11
MMEL1	62	55	18
MMEL1-AS1	5	2	1
MMGT1	159	131	23
MMP1	14	5	4
MMP10	15	10	1
MMP11	135	85	22
MMP12	24	8	3
MMP13	11	9	3
MMP14	776	768	92
MMP15	215	137	36
MMP16	8443	8836	933
MMP17	188	151	43
MMP19	191	195	59
MMP2	673	611	121
MMP2-AS1	155	119	18
MMP20	155	109	30
MMP20-AS1	44	19	2
MMP21	197	155	39
MMP23B	18	7	1
MMP24	199	144	31
MMP24OS	1489	1035	199
MMP25	116	92	26
MMP25-AS1	540	421	87
MMP26	589	476	85
MMP27	22	11	2
MMP28	305	216	46
MMP3	18	17	2
MMP7	21	14	0
MMP8	22	12	3
MMP9	72	51	19
MMRN1	411	292	66
MMRN2	375	285	36
MMS19	1517	1267	243
MMS22L	3605	2520	377
MMUT	626	509	92
MN1	643	462	92
MNAT1	3614	2592	486
MNDA	60	45	10
MNS1	620	611	95
MNT	670	506	127
MNX1	111	76	27
MNX1-AS1	6	9	2
MNX1-AS2	3	0	0
MOAP1	31	32	8
MOB1A	1086	864	204
MOB1B	4936	3409	728
MOB1B-AS1	73	52	6
MOB2	948	728	167
MOB3A	1660	1296	349
MOB3B	2850	2146	368
MOB4	130	65	19
MOBP	86	71	12
MOCOS	515	373	88
MOCS1	165	126	36
MOCS2	218	177	37
MOCS2-DT	53	42	5
MOCS3	33	31	7
MOG	84	66	16
MOGAT1	320	248	63
MOGAT2	26	22	7
MOGAT3	85	69	15
MOGS	171	158	36
MOK	981	848	172
MON1A	227	184	45
MON1B	226	163	30
MON2	10210	7811	1312
MON2-AS1	9	9	1
MORC1	357	240	65
MORC1-AS1	37	26	5
MORC2	1651	1371	290
MORC2-AS1	63	50	13
MORC3	4504	3744	746
MORC4	1023	680	125
MORF4L1	3939	3857	577
MORF4L2	932	861	155
MORF4L2-AS1	73	49	10
MORN1	676	517	112
MORN2	64	54	7
MORN3	269	202	51
MORN4	389	340	59
MORN5	88	72	22
MOS	0	3	2
MOSMO	2187	1890	315
MOSPD1	308	265	42
MOSPD2	773	746	125
MOSPD3	91	60	11
MOV10	1612	1295	254
MOV10L1	247	177	52
MOXD1	424	477	68
MPC1	682	464	89
MPC1-DT	35	36	4
MPC2	390	371	67
MPDU1	233	223	54
MPDU1-AS1	48	32	6
MPDZ	10374	6611	985
MPEG1	210	173	51
MPG	184	125	31
MPHOSPH10	932	701	150
MPHOSPH6	686	522	112
MPHOSPH6-DT	14	12	2
MPHOSPH8	3329	2771	565
MPHOSPH9	5028	3546	730
MPI	216	192	55
MPIG6B	154	93	45
MPL	174	133	60
MPLKIP	426	318	72
MPND	232	180	56
MPO	65	57	14
MPP1	1006	822	257
MPP2	270	156	47
MPP3	696	565	120
MPP4	715	1303	127
MPP7	1774	1058	280
MPP7-DT	12	14	5
MPPE1	895	542	140
MPPED1	187	129	38
MPPED2	2441	3890	486
MPPED2-AS1	98	87	14
MPRIP	9085	6710	1310
MPRIP-AS1	12	14	2
MPST	149	124	30
MPV17	739	581	137
MPV17L2	36	24	8
MPZ	46	50	8
MPZL1	1890	1163	218
MPZL2	38	26	16
MPZL3	150	120	30
MR1	302	252	50
MRAP	42	33	6
MRAP-AS1	17	20	4
MRAP2	358	291	51
MRAS	547	388	115
MRC1	2148	1841	294
MRC2	2031	1261	325
MRE11	2778	2030	436
MREG	378	269	62
MRFAP1	273	200	37
MRFAP1L1	230	146	33
MRFAP1L2	124	94	21
MRGBP	131	132	24
MRGPRD	0	1	0
MRGPRE	29	21	4
MRGPRF	56	39	6
MRGPRF-AS1	37	36	8
MRGPRG	3	0	1
MRGPRG-AS1	10	8	3
MRGPRX1	8	6	1
MRGPRX2	67	46	12
MRGPRX3	127	95	29
MRGPRX4	3	0	0
MRI1	655	585	118
MRLN	159	115	26
MRM1	144	104	33
MRM3	125	147	32
MRM3-AS1	4	7	0
MRNIP	1116	1047	191
MRNIP-DT	24	14	4
MRO	94	85	29
MROCKI	71	40	6
MROH1	2409	1812	424
MROH2A	61	58	9
MROH2B	201	142	41
MROH5	195	135	43
MROH6	83	66	38
MROH7-TTC4	73	48	7
MROH8	694	553	134
MROH9	228	162	40
MRPL1	1894	1511	285
MRPL10	101	90	23
MRPL11	188	131	33
MRPL13	487	459	87
MRPL14	378	291	66
MRPL15	210	225	43
MRPL16	149	126	31
MRPL17	83	82	15
MRPL18	265	277	54
MRPL19	674	514	97
MRPL2	21	28	13
MRPL20	1096	865	210
MRPL20-AS1	93	54	9
MRPL20-DT	36	62	5
MRPL21	297	283	61
MRPL22	543	491	89
MRPL23	65	58	15
MRPL23-AS1	4	5	1
MRPL24	160	117	32
MRPL27	194	171	33
MRPL28	72	67	19
MRPL3	1144	797	170
MRPL32	250	228	39
MRPL33	1232	1022	187
MRPL34	277	186	43
MRPL35	164	136	37
MRPL36	51	47	12
MRPL37	486	352	98
MRPL39	679	506	84
MRPL4	257	157	37
MRPL40	55	40	10
MRPL41	108	81	13
MRPL42	1115	851	142
MRPL43	133	116	27
MRPL44	133	132	25
MRPL45	505	434	93
MRPL47	296	265	51
MRPL48	1267	920	161
MRPL49	69	70	21
MRPL50	145	151	23
MRPL51	65	84	11
MRPL52	516	384	84
MRPL54	287	227	63
MRPL55	47	62	15
MRPL57	82	60	11
MRPL58	207	164	42
MRPL9	179	161	26
MRPS10	353	251	76
MRPS11	309	220	47
MRPS12	65	54	11
MRPS14	374	325	66
MRPS15	228	191	47
MRPS16	311	248	64
MRPS18A	289	279	62
MRPS18B	241	260	44
MRPS18C	341	352	44
MRPS2	66	48	12
MRPS21	551	580	115
MRPS22	1279	982	206
MRPS23	310	229	43
MRPS25	538	445	71
MRPS26	100	64	15
MRPS27	2042	1373	245
MRPS28	5	3	0
MRPS30	332	309	56
MRPS30-DT	354	235	41
MRPS31	1589	1236	216
MRPS33	149	114	17
MRPS34	174	105	26
MRPS35	918	620	103
MRPS35-DT	44	36	6
MRPS36	323	255	58
MRPS6	9	8	4
MRPS7	172	170	42
MRPS9	1074	771	135
MRPS9-AS1	53	29	3
MRPS9-AS2	197	162	29
MRRF	1384	1005	182
MRS2	635	530	96
MRTFA	12050	8147	1643
MRTFA-AS1	31	29	8
MRTFA-AS2	12	2	3
MRTFB	6036	5268	844
MRTO4	347	259	59
MS4A1	2387	2224	205
MS4A10	32	17	6
MS4A12	28	32	5
MS4A13	95	78	14
MS4A14	94	79	31
MS4A15	79	60	17
MS4A18	23	16	3
MS4A2	22	15	4
MS4A3	35	15	11
MS4A4A	490	265	87
MS4A4E	414	347	57
MS4A5	117	90	24
MS4A6A	554	492	107
MS4A6E	446	330	70
MS4A8	25	15	7
MSANTD1	198	117	47
MSANTD2	1500	1207	214
MSANTD2-AS1	164	165	39
MSANTD3	161	118	35
MSANTD3-TMEFF1	104	68	12
MSANTD4	386	315	57
MSANTD7	3	2	0
MSC	20	21	8
MSC-AS1	2166	1616	401
MSGN1	3	0	0
MSH2	4485	3197	578
MSH3	4089	2837	515
MSH4	412	331	76
MSH5	21	20	4
MSH6	1619	1277	262
MSI1	110	93	27
MSI2	24749	18495	3415
MSI2-AS1	55	19	11
MSL1	1592	1359	289
MSL2	2298	1924	403
MSL3	872	794	142
MSL3-DT	142	122	23
MSLN	50	26	4
MSLNL	104	59	14
MSMB	57	32	7
MSMO1	612	277	68
MSMP	18	14	1
MSN	5096	3754	649
MSR1	2318	1926	435
MSRA	5173	3231	626
MSRB1	59	39	13
MSRB2	316	269	48
MSRB3	4816	2675	386
MSRB3-AS1	417	269	58
MSS51	373	252	66
MST1	255	198	36
MST1R	100	88	21
MSTN	46	29	5
MSTO1	1063	804	166
MSX1	68	37	7
MSX2	20	26	4
MT-ATP6	428	394	106
MT-ATP8	143	135	37
MT-CO1	1148	949	280
MT-CO2	555	478	116
MT-CO3	622	554	143
MT-CYB	1120	932	263
MT-ND1	757	677	203
MT-ND2	597	477	123
MT-ND3	287	221	76
MT-ND4	1160	1005	271
MT-ND4L	307	234	78
MT-ND5	1594	1350	342
MT-ND6	1121	771	208
MT1A	4	5	0
MT1E	6	8	1
MT1F	13	3	0
MT1G	7	5	1
MT1H	13	1	7
MT1M	5	0	0
MT2A	20	26	3
MT3	9	6	3
MT4	23	10	4
MTA1	1313	999	239
MTA1-DT	34	47	3
MTA2	741	531	117
MTA3	9107	6953	1419
MTARC1	10	4	0
MTARC2	733	501	90
MTBP	1252	973	188
MTCH1	917	804	167
MTCH2	1102	837	163
MTCL1	1250	868	215
MTCP1	171	119	40
MTDH	5196	3931	735
MTERF1	1752	1531	278
MTERF2	466	369	76
MTERF3	449	335	72
MTERF4	1146	941	201
MTF1	554	462	113
MTF2	4110	3221	558
MTFMT	744	577	119
MTFR1	1644	1113	231
MTFR1L	241	172	44
MTFR2	136	98	24
MTG1	70	76	15
MTG2	977	740	134
MTHFD1	1284	870	186
MTHFD1L	5494	3606	751
MTHFD2	202	153	35
MTHFD2L	1575	1083	213
MTHFR	1345	1084	228
MTHFS	63	56	17
MTHFSD	489	407	98
MTIF2	848	658	124
MTIF3	884	657	144
MTLN	83	76	11
MTM1	2237	1608	306
MTMR1	2292	1753	347
MTMR10	2837	1989	387
MTMR11	187	236	55
MTMR12	2432	1799	360
MTMR14	2073	1739	378
MTMR2	2543	1850	300
MTMR3	7681	5965	1226
MTMR4	1291	953	210
MTMR6	1073	786	144
MTMR7	622	424	112
MTMR8	764	555	100
MTMR9	1067	698	128
MTMR9-AS1	17	13	3
MTNR1A	1	0	0
MTNR1B	31	15	7
MTO1	1054	892	166
MTOR	3780	2426	516
MTOR-AS1	22	10	1
MTPAP	934	791	136
MTPN	1250	951	149
MTR	5236	4029	766
MTRES1	718	498	108
MTREX	4504	3461	655
MTRF1	726	572	108
MTRF1L	490	409	66
MTRFR	962	796	184
MTRR	805	562	130
MTSS1	18047	13493	2366
MTSS2	1610	1485	307
MTTP	183	131	35
MTTP-AS1	191	139	21
MTURN	1274	1014	228
MTUS1	2113	1859	344
MTUS1-DT	140	105	23
MTUS2	3055	2703	406
MTUS2-AS1	39	19	8
MTUS2-AS2	23	13	1
MTX1	79	51	30
MTX2	2127	1595	241
MTX3	474	351	56
MUC1	18	17	5
MUC12	99	91	24
MUC12-AS1	23	6	1
MUC13	204	126	33
MUC15	35	22	5
MUC16	190	138	30
MUC17	86	58	15
MUC19	249	224	60
MUC2	74	35	8
MUC20	12	8	3
MUC20-OT1	5895	3614	763
MUC21	10	12	3
MUC22	48	34	7
MUC3A	190	153	39
MUC4	253	177	37
MUC5AC	55	63	13
MUC5B	55	44	10
MUC5B-AS1	16	6	1
MUC6	55	59	22
MUC7	96	52	10
MUCL1	66	50	15
MUCL3	29	25	6
MUL1	117	94	14
MUS81	454	357	73
MUSK	345	218	51
MVB12A	488	285	70
MVB12B	4531	3232	733
MVD	314	187	45
MVK	274	174	29
MVP	760	592	108
MVP-DT	206	146	42
MX1	1479	1034	229
MX1-AS1	46	19	4
MX2	1032	708	196
MXD1	761	631	160
MXD3	255	204	46
MXD4	987	707	172
MXI1	1199	1278	210
MXRA5	250	194	54
MXRA7	831	761	145
MXRA8	283	326	70
MYADM	308	324	66
MYADM-AS1	224	164	39
MYADM-AS2	13	5	5
MYADML2	23	11	5
MYB	1096	890	198
MYB-AS1	4	0	1
MYBBP1A	836	510	127
MYBL1	787	581	108
MYBL2	951	646	193
MYBPC1	11378	8791	2273
MYBPC2	671	534	134
MYBPC3	82	49	10
MYBPH	213	174	50
MYBPHL	51	43	13
MYC	355	292	50
MYCBP2	17029	11608	2021
MYCBPAP	159	153	24
MYCL	21	14	9
MYCL-AS1	4	3	3
MYCN	80	68	12
MYCNOS	75	45	11
MYCNUT	32	38	8
MYCT1	438	319	36
MYD88	154	83	24
MYDGF	604	431	107
MYEF2	572	498	99
MYEOV	31	29	17
MYF5	7	5	0
MYF6	58	49	7
MYG1-AS1	17	19	3
MYH1	306	237	45
MYH10	6934	5324	829
MYH11	2513	2294	409
MYH13	460	364	57
MYH14	957	646	155
MYH15	531	377	97
MYH2	3137	2478	641
MYH3	29451	22996	5854
MYH4	25	20	3
MYH6	147	121	35
MYH7	655	509	128
MYH7B	391	279	79
MYH8	8712	6835	1699
MYH9	14770	9839	2227
MYH9-DT	74	64	18
MYHAS	224	181	35
MYL1	2766	2135	588
MYL10	57	43	6
MYL12-AS1	43	19	4
MYL12A	512	508	88
MYL12B	432	385	99
MYL2	114	79	14
MYL3	435	330	79
MYL4	378	278	76
MYL5	217	206	44
MYL6	783	689	149
MYL6B	328	220	52
MYL6B-AS1	169	209	33
MYL7	10	4	1
MYL9	493	396	76
MYLIP	729	978	135
MYLK	6143	4060	769
MYLK-AS1	588	481	103
MYLK-AS2	11	10	3
MYLK2	248	177	46
MYLK3	741	477	108
MYLK4	565	399	104
MYLPF	1476	1181	275
MYMK	75	52	15
MYMX	11	10	2
MYNN	554	497	95
MYO10	5408	3733	722
MYO15A	344	237	60
MYO15B	6077	5022	1108
MYO16	2409	1765	419
MYO16-AS1	82	63	15
MYO18A	6225	4448	960
MYO18B	4163	3030	753
MYO18B-AS1	48	31	13
MYO19	1875	1319	290
MYO1A	72	44	26
MYO1B	5645	5018	753
MYO1B-AS1	130	106	20
MYO1C	1555	955	227
MYO1D	4985	3576	581
MYO1D-AS1	124	82	15
MYO1D-DT	22	19	7
MYO1E	6017	5492	675
MYO1F	1892	1159	434
MYO1G	559	371	76
MYO1H	283	218	39
MYO3A	733	631	146
MYO3B	1543	1047	214
MYO3B-AS1	161	111	27
MYO5A	3690	2666	524
MYO5B	905	687	168
MYO5C	2211	2287	288
MYO6	4137	2542	350
MYO7A	698	560	150
MYO7B	550	454	124
MYO7B-AS1	13	4	1
MYO9A	11765	9171	1604
MYO9A-AS1	402	304	69
MYO9B	8746	6062	1620
MYOC	52	42	10
MYOCD	614	667	77
MYOCD-AS1	70	65	14
MYOCOS	132	92	17
MYOD1	28	21	4
MYOF	3259	2873	493
MYOG	53	46	8
MYOM1	2895	2289	594
MYOM2	1805	1669	374
MYOM3	1374	1083	266
MYORG	74	44	6
MYOSLID	216	147	37
MYOT	1106	882	236
MYOZ1	168	160	31
MYOZ2	623	539	134
MYOZ3	236	144	42
MYOZ3-AS1	10	9	0
MYPN	1499	1168	297
MYPOP	305	246	68
MYREM	533	397	109
MYRF	284	221	53
MYRF-AS1	47	19	11
MYRFL	359	226	67
MYRIP	8115	6931	740
MYSM1	3516	2938	523
MYT1	350	224	72
MYT1L	1175	779	206
MYT1L-AS1	17	11	3
MYT1L-AS2	9	6	1
MZB1	452	418	95
MZF1	993	733	165
MZF1-AS1	333	293	87
MZT1	271	196	43
MZT2A	525	370	89
MZT2B	341	232	42
N4BP1	2797	2175	437
N4BP2	3263	2519	481
N4BP2L1	914	1025	190
N4BP2L2	8604	6748	1268
N4BP3	314	243	61
N6AMT1	294	244	50
NAA10	5	0	0
NAA11	176	107	19
NAA15	4718	3253	629
NAA16	3694	2763	504
NAA20	614	482	105
NAA25	3388	2383	422
NAA30	699	553	90
NAA35	3901	3037	515
NAA38	1272	1126	187
NAA40	660	540	140
NAA50	1839	1431	258
NAA80	1	0	0
NAAA	528	376	98
NAALAD2	1028	1126	147
NAALADL1	100	81	18
NAALADL2	17951	14364	2443
NAALADL2-AS1	27	24	3
NAALADL2-AS2	160	146	24
NAALADL2-AS3	86	55	15
NAB1	2366	1937	352
NAB2	443	371	95
NABP1	1443	1120	274
NABP2	98	71	17
NACA	490	380	111
NACA2	22	6	3
NACAD	42	46	8
NACC1	469	328	73
NACC1-AS1	12	7	1
NACC2	1356	930	313
NADK	1097	893	218
NADK2	1148	1180	180
NADK2-AS1	0	0	0
NADSYN1	1276	862	196
NAE1	1162	1036	178
NAF1	827	629	103
NAF1-AS1	16	18	2
NAGA	183	132	33
NAGK	820	829	184
NAGLU	10	5	1
NAGPA	172	120	28
NAGS	44	19	15
NAIF1	171	102	32
NAIP	447	272	75
NALCN	2874	2457	518
NALCN-AS1	666	477	114
NALF1	6478	4348	658
NALF2	30	34	8
NALT1	112	103	23
NAMA	75	49	7
NAMPT	908	846	121
NAMPT-AS1	10	15	0
NANOG	14	14	4
NANOGNB	25	19	2
NANOGP11	0	0	0
NANOGP8	12	1	0
NANOS1	11	7	3
NANOS2	2	2	0
NANOS3	140	135	34
NANP	143	100	22
NANS	444	334	65
NAP1L1	4718	3214	672
NAP1L2	5	6	3
NAP1L3	37	27	7
NAP1L4	6062	4886	897
NAP1L5	38	24	8
NAPA	1081	806	193
NAPA-AS1	206	154	33
NAPB	1493	1126	210
NAPEPLD	1540	1208	255
NAPG	1351	975	196
NAPRT	101	110	30
NAPSA	33	29	6
NARF	2690	2307	705
NARF-AS1	7	5	1
NARF-AS2	63	41	10
NARS1	1233	877	221
NARS2	3140	2355	433
NARS2-AS1	77	59	13
NASP	4169	3215	781
NAT1	148	103	30
NAT10	1563	1069	217
NAT14	88	60	10
NAT16	19	21	7
NAT2	19	19	4
NAT8	5	2	1
NAT8B	3	1	0
NAT8L	11	22	6
NAT9	309	248	58
NATD1	119	122	54
NAV1	5230	3808	703
NAV2	6530	4775	993
NAV2-AS1	2	0	0
NAV2-AS2	14	7	2
NAV2-AS3	3	2	1
NAV2-AS4	10	9	1
NAV2-AS5	2	4	0
NAV2-AS6	5	3	4
NAV3	18254	12030	1809
NAV3-AS1	101	59	10
NAXD	822	692	140
NAXD-AS1	15	10	9
NAXE	196	140	34
NBAS	9503	6700	1164
NBAT1	114	85	29
NBDY	2371	1806	322
NBEA	7300	5590	1065
NBEAL1	6283	4981	859
NBEAL2	930	768	214
NBL1	24	7	6
NBN	1728	1296	251
NBPF1	1239	1100	248
NBPF10	659	596	103
NBPF11	1354	1134	172
NBPF12	1862	1529	295
NBPF14	775	1009	161
NBPF15	1347	1221	185
NBPF20	430	361	54
NBPF26	399	561	76
NBPF3	415	372	58
NBPF4	4	0	0
NBPF6	9	3	0
NBPF8	595	555	96
NBPF9	564	498	90
NBR1	2215	2501	390
NBR2	797	706	134
NCAL1	623	307	104
NCALD	10285	9181	1396
NCAM1	5720	3955	869
NCAM1-AS1	23	5	2
NCAM1-AS2	67	44	11
NCAM2	11112	5314	825
NCAN	109	58	16
NCAPD2	2055	1455	313
NCAPD3	1989	1434	330
NCAPG	1353	1148	224
NCAPG2	2300	1656	335
NCAPH	623	446	118
NCAPH2	334	263	73
NCBP1	1655	1263	224
NCBP2	412	347	67
NCBP2-AS1	33	37	6
NCBP2AS2	34	27	3
NCBP2L	68	43	11
NCBP3	3437	2507	551
NCCRP1	7	7	2
NCDN	152	110	28
NCEH1	959	671	163
NCF1	121	128	18
NCF2	331	166	45
NCF4	205	173	45
NCF4-AS1	72	51	19
NCK1	2959	2089	434
NCK1-DT	554	400	80
NCK2	11609	9298	1600
NCK2-AS1	53	35	8
NCKAP1	5305	4039	591
NCKAP1L	2521	1909	411
NCKAP5	5736	4984	832
NCKAP5-AS1	58	30	12
NCKAP5-AS2	154	112	25
NCKAP5L	1048	768	204
NCKIPSD	403	289	69
NCL	5079	3933	996
NCLN	771	565	120
NCMAP	217	143	33
NCMAP-DT	41	36	9
NCOA1	18619	13973	2446
NCOA2	14542	11070	1735
NCOA3	10111	8394	1365
NCOA4	1316	1069	255
NCOA5	1092	755	183
NCOA6	4702	3509	659
NCOA7	4266	3013	501
NCOA7-AS1	127	69	14
NCOR1	12292	8722	1708
NCOR2	9508	6753	1744
NCOR2-AS1	62	51	9
NCR1	223	146	27
NCR2	33	23	3
NCR3	25	16	3
NCR3LG1	106	54	20
NCRNA00250	39	19	7
NCS1	913	522	127
NCSTN	505	462	95
NDC1	1403	952	191
NDC80	944	810	148
NDE1	2500	1778	438
NDEL1	2365	1860	376
NDFIP1	2239	1568	251
NDFIP2	1190	733	136
NDFIP2-AS1	15	10	2
NDN	26	20	5
NDNF	90	58	26
NDNF-AS1	38	37	9
NDOR1	745	520	114
NDP	25	19	4
NDP-AS1	26	20	4
NDRG1	1143	1739	267
NDRG2	784	639	143
NDRG3	1428	1072	234
NDRG4	290	211	48
NDST1	4328	3230	559
NDST1-AS1	171	138	30
NDST2	25	6	4
NDST3	1725	1733	229
NDST4	1779	1074	441
NDUFA1	156	145	33
NDUFA10	3246	2603	532
NDUFA11	14	4	2
NDUFA12	672	523	95
NDUFA13	9	12	4
NDUFA2	153	132	32
NDUFA3	209	165	26
NDUFA4	419	422	45
NDUFA4L2	111	67	20
NDUFA5	625	576	126
NDUFA6	144	114	26
NDUFA6-DT	754	599	86
NDUFA8	193	169	37
NDUFAB1	349	248	64
NDUFAF1	449	381	79
NDUFAF2	2786	2038	350
NDUFAF3	101	82	19
NDUFAF4	234	145	28
NDUFAF5	1002	706	160
NDUFAF6	3557	2687	558
NDUFAF7	687	592	126
NDUFAF8	109	93	16
NDUFB1	507	409	83
NDUFB10	110	86	19
NDUFB11	68	50	14
NDUFB2	429	267	54
NDUFB2-AS1	34	29	6
NDUFB3	153	142	32
NDUFB4	243	236	56
NDUFB5	4	1	1
NDUFB6	566	447	75
NDUFB7	185	205	39
NDUFB8	16	2	1
NDUFB9	394	321	70
NDUFC1	433	362	70
NDUFC2-KCTD14	123	107	28
NDUFS1	3009	2145	395
NDUFS2	893	723	171
NDUFS3	183	152	30
NDUFS4	2991	2240	412
NDUFS5	313	311	57
NDUFS6	446	348	71
NDUFS7	260	187	38
NDUFS7-AS1	48	46	12
NDUFS8	210	137	35
NDUFV1	714	574	120
NDUFV1-DT	10	10	2
NDUFV2	8	4	1
NDUFV2-AS1	182	146	23
NDUFV3	1396	1176	275
NEAT1	21940	16797	4475
NEB	26271	20341	5158
NEBL	2254	1961	377
NEBL-AS1	0	1	0
NECAB1	2240	1944	300
NECAB2	118	69	20
NECAB3	410	339	109
NECAP1	34	30	7
NECAP2	931	812	158
NECTIN1	564	374	107
NECTIN1-AS1	27	19	6
NECTIN1-DT	32	32	8
NECTIN2	1623	1310	267
NECTIN3	3596	2969	421
NECTIN3-AS1	535	492	101
NECTIN4	59	46	11
NECTIN4-AS1	7	5	0
NEDD1	1565	1147	223
NEDD4	4031	3151	450
NEDD4L	6235	4531	781
NEDD4L-AS1	3	2	0
NEDD8-MDP1	11	6	1
NEDD9	5604	3940	732
NEFH	65	48	19
NEFL	12	4	1
NEFM	30	17	1
NEGR1	3837	2887	704
NEIL1	427	391	85
NEIL1-AS1	8	9	2
NEIL2	217	142	40
NEIL3	1097	896	175
NEIL3-AS1	57	42	8
NEK1	5113	4047	724
NEK10	1535	1268	246
NEK11	1753	1803	257
NEK11-AS1	26	14	2
NEK2	106	91	17
NEK2-DT	178	133	25
NEK3	907	827	112
NEK4	1073	765	153
NEK5	264	209	56
NEK6	2825	1919	466
NEK7	7383	5730	833
NEK8	324	231	63
NEK9	1804	1375	295
NELFA	997	824	159
NELFB	738	539	115
NELFCD	1326	1108	223
NELFE	484	385	94
NELL1	1992	1506	362
NELL1-AS1	5	1	0
NELL2	1298	739	176
NEMF	6992	5572	1090
NEMP1	1468	1183	236
NEMP2	761	594	120
NEMP2-DT	377	345	61
NENF	145	124	31
NEO1	4197	2979	530
NEPRO	746	531	104
NEPRO-AS1	1422	956	192
NES	1371	885	205
NET1	606	496	119
NETO1	174	141	39
NETO1-DT	15	15	6
NETO2	1845	2261	200
NEU1	104	73	20
NEU2	8	2	0
NEU3	603	435	100
NEU4	58	39	11
NEUID	70	57	8
NEURL1	461	343	88
NEURL1-AS1	182	97	29
NEURL1B	657	578	128
NEURL2	84	82	17
NEURL3	56	33	5
NEURL4	265	232	65
NEUROD1	1	0	0
NEUROD1-DT	9	10	0
NEUROD2	32	23	3
NEUROD4	10	15	1
NEUROD6	6	3	0
NEUROG1	0	2	0
NEUROG2	9	2	1
NEUROG2-AS1	122	90	31
NEUROG3	3	3	0
NEXMIF	462	360	76
NEXN	2367	1718	431
NEXN-AS1	147	95	32
NF1	12805	9750	1546
NF2	1877	1346	263
NFAM1	368	322	67
NFASC	592	681	132
NFAT5	11719	9541	1665
NFATC1	2764	2317	572
NFATC2	4042	2672	606
NFATC2IP	2030	1443	319
NFATC2IP-AS1	102	103	20
NFATC3	7764	5857	1218
NFATC4	547	408	84
NFE2	157	94	69
NFE2L1	1646	1229	298
NFE2L1-DT	32	37	9
NFE2L2	2367	1901	398
NFE2L3	373	276	71
NFE4	39	22	5
NFIA	24706	19462	2815
NFIA-AS1	15	10	2
NFIA-AS2	772	524	121
NFIB	12794	10129	1689
NFIB-AS1	408	287	79
NFIC	4332	3192	779
NFIL3	137	107	29
NFILZ	149	114	32
NFIX	1881	1395	314
NFIX-AS1	3	3	1
NFKB1	3947	2819	471
NFKB1-AS1	57	41	11
NFKB2	858	650	220
NFKBIA	687	575	131
NFKBIB	168	100	24
NFKBID	556	507	132
NFKBIE	193	160	30
NFKBIL1	221	196	48
NFKBIZ	1156	987	241
NFRKB	1346	1103	217
NFS1	315	258	68
NFU1	997	724	147
NFX1	3994	2859	589
NFXL1	1490	1098	225
NFYA	971	836	152
NFYB	456	424	72
NFYC	3452	2811	518
NFYC-AS1	82	35	10
NGB	73	34	14
NGDN	912	819	187
NGEF	415	321	56
NGF	303	222	57
NGF-AS1	205	112	44
NGFR	300	209	68
NGFR-AS1	150	97	26
NGLY1	3088	2125	368
NHEG1	25	17	6
NHEJ1	46	40	16
NHIP	11	18	6
NHLH1	18	15	17
NHLH2	22	16	2
NHLRC1	10	7	0
NHLRC2	2847	2074	365
NHLRC3	926	810	128
NHP2	131	90	33
NHS	2887	2869	414
NHS-AS1	529	426	103
NHSL1	3492	2655	538
NHSL1-AS1	99	83	28
NHSL2	6168	5199	887
NIBAN1	2348	2268	376
NIBAN2	1943	1201	259
NIBAN3	3736	4450	716
NID1	3546	3034	537
NID2	1392	747	120
NIF3L1	192	166	48
NIFK	408	312	66
NIFK-AS1	1058	881	178
NIM1K	342	238	54
NIN	8117	4971	821
NINJ1	240	203	41
NINJ2	1702	1194	376
NINJ2-AS1	217	161	42
NINL	4724	4000	758
NIP7	151	103	33
NIPA1	1043	737	165
NIPA2	1176	834	144
NIPAL1	546	412	101
NIPAL2	1207	848	142
NIPAL3	814	811	157
NIPAL4	29	15	6
NIPBL	14611	11248	1856
NIPBL-DT	203	186	30
NIPSNAP1	504	430	93
NIPSNAP2	2126	1753	337
NIPSNAP3A	326	265	50
NIPSNAP3B	216	182	25
NISCH	2653	1839	434
NIT1	238	228	38
NIT2	361	282	51
NKAIN1	491	383	87
NKAIN2	3913	3785	645
NKAIN3	3458	2961	547
NKAIN4	151	129	31
NKAP	512	403	76
NKAPD1	360	305	45
NKAPL	15	13	6
NKD1	1934	1554	289
NKD1-AS1	38	18	5
NKD2	597	272	106
NKG7	14	2	3
NKILA	21	16	5
NKIRAS1	592	475	90
NKIRAS2	200	150	53
NKPD1	78	48	13
NKRF	321	235	59
NKTR	10202	7810	1418
NKX1-1	4	3	0
NKX1-2	4	10	1
NKX2-2	11	12	2
NKX2-2-AS1	3	3	0
NKX2-3	152	122	17
NKX2-4	5	3	4
NKX2-5	299	215	34
NKX2-6	9	14	4
NKX2-8	4	3	1
NKX3-1	19	11	2
NKX3-2	118	136	19
NKX6-1	35	20	10
NKX6-2	2	4	0
NKX6-3	24	27	11
NLE1	141	107	22
NLGN1	3276	2268	510
NLGN1-AS1	13	8	1
NLGN2	314	293	62
NLGN3	150	131	32
NLGN4X	10154	6395	1252
NLGN4Y	2354	1697	101
NLGN4Y-AS1	7	3	0
NLK	5521	3651	653
NLN	1462	1066	193
NLRC3	1262	1030	204
NLRC4	212	185	43
NLRC5	2869	2683	549
NLRP1	2393	1814	349
NLRP10	33	11	5
NLRP11	87	60	5
NLRP12	294	210	38
NLRP13	39	35	7
NLRP14	80	72	18
NLRP2	373	245	71
NLRP2B	3	5	0
NLRP3	3	0	0
NLRP4	53	33	8
NLRP5	876	625	162
NLRP6	40	23	1
NLRP7	230	196	38
NLRP8	89	54	10
NLRP9	113	96	20
NLRX1	305	209	55
NMB	27	15	6
NMBR	170	177	38
NMBR-AS1	7	1	0
NMD3	2206	1879	280
NME1	4	0	0
NME1-NME2	52	48	6
NME3	72	51	8
NME4	147	104	24
NME5	230	163	29
NME6	215	142	41
NME7	2486	2043	342
NME9	251	177	34
NMI	460	432	78
NMNAT1	925	713	166
NMNAT2	649	430	110
NMNAT3	591	561	105
NMRAL1	754	563	114
NMRK1	1349	1040	215
NMRK2	87	76	23
NMS	8	10	0
NMT1	3318	2260	488
NMT2	2601	2066	374
NMU	177	112	28
NMUR1	29	30	4
NMUR2	115	106	12
NNAT	67	39	15
NNMT	174	155	27
NNT	2984	2290	417
NNT-AS1	688	578	116
NOA1	263	192	42
NOB1	302	228	43
NOBOX	98	80	28
NOC2L	804	599	154
NOC3L	1108	783	149
NOC4L	133	96	36
NOCT	302	223	54
NOD1	1980	1766	296
NOD2	228	130	35
NODAL	76	44	11
NOG	15	6	1
NOL10	3731	2759	408
NOL11	1070	819	162
NOL12	114	70	13
NOL3	158	158	33
NOL4	799	634	173
NOL4L	4540	2991	779
NOL4L-AS1	26	20	3
NOL4L-DT	101	66	13
NOL6	237	177	42
NOL7	753	619	143
NOL8	1555	1200	271
NOL9	1268	963	197
NOLC1	501	340	93
NOM1	1411	1004	227
NOMO1	546	368	74
NOMO2	295	220	39
NOMO3	221	153	29
NONO	2328	1774	405
NOP10	51	69	10
NOP14	1368	884	204
NOP14-AS1	244	203	40
NOP16	120	100	22
NOP53	670	454	126
NOP53-AS1	234	137	26
NOP56	3443	2351	669
NOP58	4122	3393	616
NOP9	185	114	33
NOPCHAP1	667	459	101
NORAD	968	1426	123
NOS1	1295	953	206
NOS1AP	956	811	142
NOS2	91	71	13
NOS3	946	775	151
NOSIP	868	743	209
NOSTRIN	1566	1147	141
NOTCH1	3361	2647	638
NOTCH2	5330	3966	625
NOTCH3	2197	1967	521
NOTCH4	1000	922	185
NOTO	15	21	6
NOTUM	51	40	13
NOVA1	2714	1680	244
NOVA1-DT	13	10	0
NOVA2	634	473	91
NOX1	109	88	17
NOX3	190	95	26
NOX4	458	364	75
NOX5	107	86	13
NOXA1	137	121	25
NOXO1	40	30	11
NOXRED1	233	198	41
NPAS1	332	226	65
NPAS2	2970	2561	380
NPAS2-AS1	17	5	2
NPAS3	20935	15186	2116
NPAS4	14	15	3
NPAT	2335	1776	321
NPB	14	18	2
NPBWR1	14	14	5
NPBWR2	7	6	2
NPC1	1583	1105	245
NPC1L1	82	49	7
NPC2	292	286	55
NPDC1	253	172	27
NPEPL1	88	62	12
NPEPPS	4974	3803	707
NPFFR1	108	83	26
NPFFR2	494	308	88
NPHP1	530	445	66
NPHP3-ACAD11	179	168	36
NPHP3-AS1	400	323	66
NPHP4	1185	778	200
NPHS1	363	254	76
NPHS2	41	51	17
NPIPA1	501	394	66
NPIPA2	8	1	0
NPIPA3	0	4	1
NPIPA5	56	73	7
NPIPA6	185	109	32
NPIPA7	17	14	2
NPIPA9	35	50	7
NPIPB11	307	209	43
NPIPB13	174	172	15
NPIPB15	99	88	18
NPIPB2	526	319	95
NPIPB3	151	185	21
NPIPB4	1681	1030	255
NPIPB5	698	316	54
NPIPB6	53	15	1
NPIPB8	395	263	60
NPIPB9	30	38	8
NPL	1172	1105	236
NPLOC4	3535	2325	493
NPM1	1695	1437	264
NPM2	128	89	36
NPM3	35	21	2
NPNT	1361	1335	253
NPNT-AS1	16	8	5
NPPA	13	13	1
NPPB	0	2	2
NPPC	33	28	6
NPR1	357	235	44
NPR2	248	201	36
NPR3	2231	1910	201
NPRL2	235	201	36
NPRL3	2168	1718	374
NPS	3	3	3
NPSR1	729	599	135
NPSR1-AS1	997	754	171
NPTN	3182	2666	421
NPTX1	95	57	15
NPTX2	17	27	4
NPTXR	115	103	21
NPVF	5	7	2
NPW	98	65	27
NPY	53	40	6
NPY1R	360	275	75
NPY2R-AS1	9	4	2
NPY4R	6	1	0
NPY4R2	3	0	0
NPY5R	73	81	20
NQO1	96	53	15
NQO1-AS1	10	15	2
NQO1-DT	235	217	58
NQO2	536	373	95
NQO2-AS1	117	85	28
NR0B1	16	5	3
NR0B2	6	8	0
NR1D1	147	95	30
NR1D2	1181	962	155
NR1H2	617	518	128
NR1H3	852	617	196
NR1H4	324	196	47
NR1I2	43	33	10
NR1I3	71	46	10
NR2C1	2664	1923	386
NR2C2	4959	3673	662
NR2C2AP	46	27	8
NR2E1	63	45	5
NR2E3	147	133	21
NR2F1	136	123	26
NR2F1-AS1	1247	1133	228
NR2F2	2304	2316	288
NR2F2-AS1	20953	19801	2286
NR2F6	127	88	10
NR3C1	8196	6936	1212
NR3C2	7167	4860	893
NR3C2-AS1	199	157	25
NR3C2-DT	2381	1826	406
NR4A1	860	694	134
NR4A1AS	5	6	3
NR4A2	290	231	53
NR4A3	278	214	59
NR5A1	1151	1092	172
NR5A2	1100	659	134
NR6A1	2760	1917	377
NRAD1	3	5	0
NRAL	4	0	1
NRAP	857	676	171
NRARP	59	51	11
NRAS	308	284	62
NRAV	125	82	14
NRBF2	246	256	48
NRBP1	1045	821	190
NRBP2	483	448	114
NRCAM	1269	968	311
NRDC	5171	4046	838
NRDE2	1797	1355	251
NREP	4813	4279	680
NREP-AS1	230	186	34
NRF1	4917	3377	630
NRG1	5000	2889	555
NRG2	2640	1902	267
NRG2-AS1	12	9	3
NRG3	3380	2269	557
NRG3-AS1	1	4	1
NRG4	464	317	72
NRGN	201	138	45
NRGN-AS1	18	18	4
NRIP1	3794	3328	434
NRIP2	100	78	16
NRIP3	456	340	70
NRIP3-DT	210	119	38
NRIR	147	84	21
NRK	2447	1913	498
NRL	399	268	89
NRM	79	54	17
NRN1	157	105	24
NRN1L	6	4	1
NRP1	18917	15235	2040
NRP2	2920	2154	407
NRP2-AS1	37	22	7
NRROS	6	2	2
NRSN1	75	46	13
NRSN2	199	192	44
NRSN2-AS1	1131	1027	230
NRTN	192	134	38
NRXN1	3642	2811	629
NRXN1-DT	2446	1866	463
NRXN2	667	554	134
NRXN2-AS1	63	61	14
NRXN3	8557	5723	1283
NRXN3-AS1	6	2	2
NRXN3-AS2	8	1	0
NRXN3-AS3	46	25	9
NSA2	585	509	82
NSD1	11800	8059	1603
NSD2	8197	5693	1307
NSD3	5748	4939	811
NSDHL	246	165	52
NSF	1205	894	198
NSFL1C	729	616	107
NSG1	189	132	23
NSG2	344	231	62
NSG2-AS1	6	0	0
NSL1	1732	1583	263
NSMAF	2386	1798	365
NSMCE1	908	678	148
NSMCE1-DT	150	105	27
NSMCE2	9915	7573	1236
NSMCE4A	968	719	140
NSMF	356	281	79
NSRP1	4235	3512	659
NSUN2	2155	2031	345
NSUN3	1329	1107	176
NSUN4	806	539	115
NSUN5	191	146	38
NSUN6	7306	5355	1220
NSUN7	495	434	70
NSUN7-AS1	62	57	13
NT5C	147	175	36
NT5C1A	98	58	24
NT5C1B-RDH14	19	11	1
NT5C2	8553	6612	1206
NT5C3A	2223	1856	372
NT5C3B	217	200	39
NT5DC1	2190	1833	293
NT5DC2	185	107	39
NT5DC3	527	467	120
NT5DC4	99	78	18
NT5E	261	156	33
NT5M	474	417	102
NTAN1	528	498	78
NTAQ1	835	548	131
NTF3	919	680	125
NTHL1	289	242	49
NTM	2262	1706	391
NTM-AS1	152	110	28
NTM-AS2	183	136	24
NTM-AS3	45	38	4
NTM-AS4	21	21	5
NTMT1	358	246	58
NTMT2	76	66	9
NTN1	1732	1253	284
NTN3	11	14	3
NTN4	4323	3124	406
NTN5	144	91	22
NTNG1	1681	1339	271
NTNG2	225	199	58
NTPCR	666	574	123
NTRK1	264	204	55
NTRK2	1752	1723	308
NTRK3	2544	2198	259
NTRK3-AS1	69	54	12
NTS	26	15	2
NTSR1	295	212	47
NTSR1-AS1	13	4	1
NTSR2	99	80	17
NUAK1	1003	525	124
NUAK2	283	213	34
NUB1	1983	1633	354
NUBP1	639	524	109
NUBP2	240	200	37
NUBPL	7263	5574	916
NUBPL-DT	20	18	19
NUCB1	1112	930	234
NUCB1-AS1	61	38	15
NUCB2	2332	1648	373
NUCKS1	4902	3695	644
NUDC	1478	1136	246
NUDCD1	1566	1036	203
NUDCD2	199	152	23
NUDCD3	3299	2242	468
NUDT1	126	91	23
NUDT10	30	24	11
NUDT11	22	16	7
NUDT12	214	209	36
NUDT13	169	127	32
NUDT14	4	10	0
NUDT15	67	57	20
NUDT16	246	146	23
NUDT16-DT	399	379	65
NUDT16L1	52	35	20
NUDT17	91	70	17
NUDT18	25	19	3
NUDT19	474	343	90
NUDT19-DT	16	22	2
NUDT2	360	299	65
NUDT21	35	25	4
NUDT22	532	446	116
NUDT3	292	236	49
NUDT4	1401	1298	204
NUDT5	755	513	107
NUDT6	279	267	53
NUDT7	107	56	21
NUDT8	19	18	7
NUDT9	918	708	149
NUF2	787	687	140
NUFIP1	608	402	94
NUFIP2	3380	2656	524
NUGGC	232	162	43
NUMA1	4473	4096	837
NUMA1-AS1	50	43	5
NUMB	4859	3660	525
NUMBL	504	485	95
NUP107	2364	1844	350
NUP107-DT	100	96	22
NUP133	1701	1453	275
NUP133-DT	34	27	9
NUP153	4640	3294	604
NUP153-AS1	47	24	8
NUP155	1744	1275	273
NUP160	4387	3606	624
NUP188	1618	1123	225
NUP205	2715	1906	333
NUP210	2365	1699	423
NUP210L	849	667	139
NUP214	4545	3535	696
NUP214-AS1	37	38	3
NUP35	953	810	145
NUP37	558	475	70
NUP42	881	606	120
NUP43	1059	865	197
NUP50	1342	971	203
NUP50-DT	938	619	102
NUP54	1359	1046	181
NUP54-DT	328	289	60
NUP58	1720	1386	307
NUP62CL	194	153	38
NUP85	1730	1325	279
NUP88	2323	1880	356
NUP93	2220	1498	264
NUP93-DT	161	124	33
NUP98	5627	3998	829
NUPR1	30	39	4
NUPR2	5	5	3
NUS1	1195	856	183
NUSAP1	0	3	0
NUTF2	470	344	99
NUTM1	124	95	9
NUTM2A	9	7	0
NUTM2A-AS1	3825	2564	475
NUTM2B	15	6	0
NUTM2B-AS1	4851	2689	356
NUTM2D	4	9	1
NUTM2E	85	81	12
NUTM2F	14	7	2
NUTM2G	23	17	3
NVL	3976	2768	560
NWD1	407	296	68
NWD2	440	278	73
NXF1	1322	1188	272
NXF2	7	3	1
NXF3	30	20	5
NXN	8328	7751	1533
NXN-AS1	15	6	2
NXNL2	262	191	40
NXPE1	62	40	15
NXPE2	55	45	13
NXPE3	514	309	82
NXPE4	23	19	4
NXPH1	650	427	126
NXPH2	583	466	114
NXPH3	23	19	4
NXPH4	49	45	10
NXT1	36	36	8
NXT1-AS1	78	46	23
NXT2	36	23	12
NYAP1	145	99	27
NYAP2	693	561	123
NYNRIN	633	621	116
NYX	78	52	8
OAF	684	477	99
OARD1	752	630	167
OAS1	417	352	75
OAS2	302	228	51
OAS3	556	354	75
OASL	90	59	21
OAT	477	403	76
OAZ1	1	0	0
OAZ2	942	826	172
OAZ3	31	15	10
OBI1	1007	697	110
OBI1-AS1	2314	1821	422
OBP2A	2	0	1
OBP2B	7	3	2
OBSCN	8447	6566	1536
OBSCN-AS1	125	99	18
OBSCN-AS2	34	21	5
OBSL1	626	495	117
OCA2	1396	1094	175
OCEL1	61	51	20
OCIAD1	2564	2130	383
OCIAD1-AS1	40	27	4
OCIAD2	351	254	65
OCLN	187	127	36
OCM	68	46	6
OCM2	28	32	6
OCRL	928	603	124
OCSTAMP	24	14	3
ODAD1	281	247	63
ODAD2	662	534	77
ODAD3	105	66	25
ODAD4	285	186	52
ODAM	13	9	2
ODAPH	111	73	8
ODC1	505	441	64
ODC1-DT	54	40	14
ODF1	59	32	10
ODF2	2361	1631	349
ODF2-AS1	14	10	1
ODF2L	3886	3213	568
ODF3	21	10	1
ODF3B	38	44	13
ODF3L1	9	14	6
ODF3L2	114	88	19
ODF4	19	17	4
ODR4	1486	1254	244
OFD1	3212	2392	554
OGA	8891	8445	1397
OGDH	3901	2957	598
OGDHL	59	53	11
OGFOD1	624	494	124
OGFOD2	38	16	9
OGFOD3	520	424	98
OGFR	554	473	110
OGFR-AS1	55	35	11
OGFRL1	365	336	66
OGFRP1	48	36	15
OGG1	1114	789	180
OGN	351	451	36
OGT	9249	8037	1404
OIP5	376	302	61
OIP5-AS1	3	0	0
OIT3	685	605	117
OLA1	3776	2605	483
OLAH	131	120	19
OLFM1	139	94	26
OLFM2	782	555	137
OLFM3	415	324	71
OLFM4	47	31	5
OLFML1	224	211	40
OLFML2A	620	499	91
OLFML2B	347	276	64
OLFML3	399	255	55
OLIG1	8	2	3
OLIG2	2	7	3
OLIG3	12	1	1
OLMALINC	530	372	84
OLR1	55	53	8
OMA1	5	5	2
OMD	64	48	14
OMG	106	106	23
ONECUT1	100	60	27
ONECUT2	77	56	9
ONECUT3	139	98	19
OOEP	228	147	34
OOEP-AS1	60	37	16
OOSP1	4	2	1
OOSP2	11	6	1
OOSP3	27	19	3
OOSP4B	74	61	14
OPA1	3847	3183	533
OPA1-AS1	28	16	2
OPA3	959	692	135
OPALIN	24	19	5
OPCML	5298	4087	647
OPHN1	3998	2903	566
OPLAH	104	82	15
OPN1LW	22	11	2
OPN1MW	10	5	2
OPN1SW	8	16	1
OPN3	566	488	91
OPN5	139	111	28
OPRD1	304	208	33
OPRK1	38	21	7
OPRL1	157	115	33
OPRM1	668	460	103
OPRPN	20	10	4
OPTC	74	48	13
OPTN	1691	1781	309
OR10A2	6	9	3
OR10A3	13	7	2
OR10A5	4	0	0
OR10A6	4	2	4
OR10AC1	55	32	9
OR10AD1	1	4	0
OR10AG1	2	1	2
OR10C1	0	2	0
OR10D3	4	4	4
OR10G2	3	0	0
OR10G3	51	35	8
OR10G4	6	2	0
OR10G6	0	0	0
OR10G7	7	1	0
OR10G8	11	6	0
OR10G9	2	0	0
OR10H1	32	13	2
OR10H3	5	3	1
OR10H4	2	2	0
OR10H5	39	14	7
OR10J1	10	3	1
OR10J3	0	3	0
OR10J4	0	3	0
OR10K1	51	34	6
OR10K2	116	93	33
OR10P1	2	0	0
OR10Q1	3	0	1
OR10R2	31	26	7
OR10S1	3	3	0
OR10T2	3	2	1
OR10W1	3	3	0
OR10X1	3	1	0
OR10Z1	8	6	7
OR11A1	29	23	6
OR11G2	111	98	18
OR11H2	3	3	1
OR11H4	3	4	1
OR11H6	0	2	0
OR11L1	5	0	0
OR12D1	5	7	2
OR12D2	3	3	0
OR13A1	42	24	7
OR13C2	0	1	0
OR13C3	0	1	0
OR13C4	0	2	0
OR13C5	0	2	0
OR13C7	0	0	0
OR13C9	3	1	0
OR13D1	0	0	0
OR13F1	3	0	0
OR13G1	11	13	1
OR13H1	3	2	0
OR13J1	3	0	0
OR14A16	12	14	3
OR14C36	3	0	0
OR14J1	8	10	1
OR14L1P	4	3	0
OR1A1	23	15	2
OR1A2	0	0	0
OR1B1	0	0	0
OR1C1	5	3	2
OR1D2	5	14	3
OR1D5	3	0	0
OR1E2	4	0	0
OR1G1	4	0	0
OR1I1	26	18	2
OR1L3	0	2	0
OR1L4	2	0	0
OR1L6	7	10	3
OR1L8	22	11	4
OR1M1	28	23	4
OR1R1P	1	0	0
OR1S1	0	1	1
OR1S2	0	2	0
OR2A1	4	10	0
OR2A12	24	8	2
OR2A14	53	39	8
OR2A2	0	1	0
OR2A25	11	10	4
OR2A42	17	11	2
OR2A5	18	5	1
OR2AG1	28	19	3
OR2AG2	26	11	7
OR2AJ1	11	13	3
OR2AK2	0	0	4
OR2AP1	2	5	0
OR2B11	19	8	3
OR2B6	16	8	1
OR2C3	23	26	3
OR2F1	128	111	28
OR2F2	2	0	0
OR2G2	0	6	0
OR2G6	9	11	3
OR2H1	3	4	3
OR2H2	15	23	4
OR2I1P	16	11	7
OR2J1	6	1	1
OR2J2	4	6	1
OR2J3	7	4	0
OR2K2	0	0	0
OR2L13	14	3	5
OR2L2	25	18	6
OR2L3	21	16	5
OR2L5	32	28	8
OR2L8	2	2	0
OR2M2	9	4	1
OR2M3	13	18	4
OR2M4	14	15	6
OR2M5	3	1	0
OR2S2	0	0	0
OR2T1	9	19	6
OR2T10	10	9	2
OR2T11	16	8	0
OR2T12	7	8	2
OR2T2	10	14	0
OR2T27	3	2	0
OR2T29	1	0	1
OR2T3	1	0	0
OR2T33	4	4	1
OR2T34	0	0	0
OR2T35	4	3	0
OR2T4	0	0	0
OR2T6	20	18	3
OR2T7	9	8	2
OR2T8	5	1	0
OR2V1	9	7	1
OR2V2	57	51	11
OR2W1	4	0	0
OR2W1-AS1	35	29	4
OR2W3	1	3	0
OR2Z1	14	10	3
OR3A2	311	247	48
OR3A3	23	18	5
OR4A15	0	0	0
OR4A47	0	2	0
OR4A5	1	1	0
OR4A8	2	0	0
OR4C11	2	0	0
OR4C12	0	2	0
OR4C13	3	0	0
OR4C45	0	2	0
OR4C46	0	0	0
OR4C5	2	0	0
OR4C6	3	2	0
OR4D1	18	14	2
OR4D10	15	16	2
OR4D11	4	3	0
OR4D2	13	14	3
OR4D5	5	1	0
OR4D6	3	0	0
OR4D9	22	32	3
OR4E1	5	8	1
OR4E2	21	22	6
OR4F15	91	76	18
OR4F17	8	0	0
OR4F6	0	1	0
OR4K1	5	6	0
OR4K13	4	4	0
OR4K14	4	2	0
OR4K15	0	0	1
OR4K17	12	10	3
OR4K2	7	2	2
OR4K5	1	2	0
OR4L1	0	0	0
OR4M2-OT1	0	2	0
OR4N2	103	68	17
OR4N5	8	8	2
OR4P4	0	1	0
OR4Q2	6	0	1
OR4S2	1	0	0
OR4X1	6	5	0
OR4X2	0	0	0
OR51A4	4	2	0
OR51B6	3	0	0
OR51D1	16	13	1
OR51E1	29	20	4
OR51E2	14	4	1
OR51F1	0	2	0
OR51G1	1	4	0
OR51G2	18	6	3
OR51I2	64	43	9
OR51L1	19	11	1
OR51M1	8	7	3
OR51Q1	5	3	2
OR51V1	0	1	0
OR52A1	88	69	10
OR52A5	22	18	3
OR52B4	2	0	0
OR52D1	3	4	0
OR52E1	1	0	0
OR52E2	0	0	0
OR52E4	9	5	2
OR52E5	34	18	9
OR52I1	0	2	0
OR52I2	10	7	1
OR52J3	0	3	0
OR52K1	22	13	3
OR52K2	2	0	1
OR52L1	4	0	0
OR52M1	0	0	1
OR52N2	33	11	4
OR52N4	0	3	2
OR52R1	1	0	3
OR52W1	6	0	0
OR56A1	17	14	7
OR56A3	32	29	4
OR56A4	31	25	6
OR56A5	3	0	0
OR56B1	5	0	0
OR56B2P	6	4	4
OR5A1	24	25	5
OR5A2	13	7	2
OR5AC1	2	0	0
OR5AC2	3	1	0
OR5AK3P	0	2	0
OR5AL1	0	0	0
OR5AN1	22	7	4
OR5AS1	12	12	1
OR5AU1	16	13	3
OR5B12	5	0	0
OR5B17	2	2	0
OR5B2	6	8	2
OR5B21	5	1	1
OR5B3	4	2	1
OR5BS1P	33	25	6
OR5D13	0	0	0
OR5D14	2	1	0
OR5D16	0	2	0
OR5D18	0	2	0
OR5D3P	5	2	1
OR5F1	9	2	0
OR5G3	12	12	0
OR5H1	4	6	3
OR5H14	18	11	1
OR5H15	2	2	0
OR5I1	0	2	0
OR5K1	14	7	2
OR5K2	0	1	0
OR5L1	1	0	0
OR5M1	8	6	3
OR5M11	0	1	0
OR5M8	0	0	0
OR5T1	6	1	1
OR5T2	4	3	1
OR5V1	72	57	16
OR5W2	0	1	0
OR6A2	35	22	9
OR6B1	12	4	2
OR6B2	0	0	0
OR6B3	5	0	0
OR6C1	2	3	0
OR6C2	7	9	2
OR6C3	4	4	0
OR6C4	19	14	7
OR6C6	2	1	0
OR6C65	1	0	0
OR6C74	13	6	1
OR6C75	4	7	0
OR6C76	4	1	0
OR6J1	55	38	6
OR6K3	5	7	0
OR6N1	24	21	5
OR6N2	2	5	1
OR6P1	11	10	1
OR6S1	4	0	0
OR6T1	3	0	0
OR6X1	0	3	0
OR6Y1	48	25	7
OR7A10	31	20	4
OR7A17	13	8	1
OR7C1	166	112	19
OR7D2	64	46	7
OR7D4	22	9	1
OR7E24	4	2	0
OR7G2	71	40	5
OR7G3	3	0	0
OR8A1	343	219	55
OR8B12	9	5	1
OR8B2	2	0	1
OR8B3	9	3	0
OR8B4	2	0	0
OR8B8	21	10	4
OR8D1	8	4	5
OR8D4	15	15	5
OR8G1	7	10	3
OR8G2P	2	0	0
OR8G3P	2	2	2
OR8G5	14	6	0
OR8H1	7	2	4
OR8H2	0	0	1
OR8I2	1	1	0
OR8J1	5	5	1
OR8J2	10	5	1
OR8J3	2	0	3
OR8K1	0	0	0
OR8K3	7	2	2
OR8K5	4	0	2
OR9A2	0	2	0
OR9G1	10	8	1
OR9G4	9	3	2
OR9H1P	28	20	1
OR9I1	10	6	2
OR9K2	4	7	1
OR9Q1	265	197	52
OR9Q2	6	6	1
ORAI1	450	395	86
ORAI2	607	482	99
ORC1	565	408	86
ORC2	2303	1875	308
ORC3	1952	1718	313
ORC4	2936	2458	411
ORC5	1592	1174	168
ORC6	316	211	47
ORM1	5	0	1
ORM2	8	7	2
ORMDL1	776	641	96
ORMDL2	86	78	16
ORMDL3	388	241	67
OS9	1798	1210	292
OS9-AS1	137	101	26
OSBP	1643	1180	248
OSBP2	3001	2376	424
OSBPL10	7811	5747	906
OSBPL10-AS1	45	38	6
OSBPL11	1472	1054	208
OSBPL1A	2972	2106	436
OSBPL2	1677	1297	304
OSBPL3	2549	1847	421
OSBPL5	2971	1984	485
OSBPL6	985	654	166
OSBPL7	470	379	83
OSBPL8	8047	5548	951
OSBPL9	6554	5511	849
OSCAR	57	34	16
OSCP1	302	235	39
OSER1	441	501	57
OSER1-DT	205	178	41
OSGEP	822	686	132
OSGEPL1	278	238	35
OSGEPL1-AS1	112	78	18
OSGIN1	52	39	21
OSGIN2	277	252	37
OSM	29	24	6
OSMR	2038	1434	370
OSMR-DT	1760	1384	268
OSR1	99	64	13
OSR2	68	50	12
OST4	124	126	20
OSTC	668	588	106
OSTF1	2655	1832	375
OSTM1	1015	648	138
OSTM1-AS1	114	87	21
OSTN	249	174	42
OSTN-AS1	78	46	16
OTOA	182	161	30
OTOF	321	220	56
OTOG	132	114	21
OTOGL	500	334	101
OTOL1	9	9	2
OTOP1	53	35	6
OTOP2	32	23	8
OTOP3	50	25	9
OTOR	22	10	2
OTOS	21	12	3
OTP	70	44	10
OTUB1	630	477	107
OTUB2	115	88	10
OTUD3	655	629	109
OTUD4	2923	2391	434
OTUD5	1632	1403	327
OTUD6A	0	1	0
OTUD6B	1056	807	151
OTUD6B-AS1	149	168	37
OTUD7A	1435	1126	232
OTUD7B	1966	1504	245
OTULIN	1341	886	170
OTULIN-DT	33	13	2
OTULINL	684	407	98
OTX1	43	52	11
OTX2	53	23	3
OTX2-AS1	720	479	111
OTX2-NT1	211	158	25
OVAAL	161	131	32
OVCH1	1037	674	188
OVCH1-AS1	236	289	42
OVCH2	20	18	4
OVGP1	92	69	10
OVOL1	18	13	3
OVOL1-AS1	8	5	0
OVOL2	417	278	72
OVOL3	22	26	13
OXA1L	404	270	64
OXA1L-DT	417	254	56
OXCT1	2089	1494	274
OXER1	9	9	1
OXGR1	13	8	1
OXLD1	45	52	9
OXNAD1	2051	1391	314
OXR1	14871	8461	1265
OXR1-AS1	546	437	80
OXSM	184	150	28
OXSR1	3021	2719	429
OXT	4	4	0
OXTR	107	69	12
P2RX1	845	579	195
P2RX2	14	9	9
P2RX3	155	101	28
P2RX4	825	693	121
P2RX5	5	5	0
P2RX5-TAX1BP3	68	54	11
P2RX6	239	170	45
P2RX7	663	550	107
P2RY1	100	65	22
P2RY10	121	136	12
P2RY11	97	39	9
P2RY12	166	113	31
P2RY13	25	25	8
P2RY14	452	313	85
P2RY2	173	95	20
P2RY4	10	2	1
P2RY6	772	557	145
P3H1	893	686	137
P3H2	16278	13965	2134
P3H2-AS1	308	262	33
P3H3	160	107	30
P3H4	336	215	54
P3R3URF-PIK3R3	227	359	40
P4HA1	3657	3647	555
P4HA2	723	481	142
P4HA2-AS1	25	17	5
P4HA3	265	220	53
P4HA3-AS1	33	37	10
P4HB	1543	901	247
P4HB-AS1	2	2	0
P4HTM	321	251	69
PA2G4	396	264	75
PAAF1	1316	1051	193
PABIR2	809	699	139
PABIR3	1005	848	153
PABPC1	4050	3024	672
PABPC1L	771	546	109
PABPC3	1	0	0
PABPC4	1670	1254	304
PABPC4-AS1	51	29	8
PABPC5	42	33	10
PABPC5-AS1	38	35	10
PABPN1L	16	6	4
PACC1	752	586	122
PACERR	13	6	3
PACRG	1782	1464	244
PACRG-AS1	19	14	3
PACRG-AS2	24	11	2
PACRG-AS3	46	41	8
PACRGL	1417	1148	205
PACS1	10536	7793	1326
PACS2	3461	2463	567
PACSIN1	358	242	70
PACSIN2	5338	3776	791
PACSIN3	268	205	71
PADI1	112	77	23
PADI2	649	505	125
PADI3	88	65	16
PADI4	407	332	136
PADI6	45	51	7
PAEP	1	2	2
PAF1	222	165	43
PAFAH1B1	9772	7780	1471
PAFAH1B2	1565	1281	280
PAFAH1B3	115	110	22
PAFAH2	1104	840	179
PAG1	8307	5601	964
PAGE1	4	6	1
PAGE2	0	2	0
PAGE2B	5	2	2
PAGE3	2	0	0
PAGE4	3	0	0
PAGE5	2	1	0
PAH	272	139	41
PAICS	834	632	136
PAIP1	1068	841	144
PAIP2	2063	2077	393
PAIP2B	228	206	41
PAK1	1857	1459	305
PAK1IP1	308	288	50
PAK2	4531	3384	607
PAK3	1090	895	199
PAK4	915	749	158
PAK4-AS1	21	7	7
PAK5	514	365	105
PAK6	37	22	13
PAK6-AS1	4	0	2
PALB2	708	546	105
PALB2-AS1	80	41	14
PALD1	3348	2807	489
PALLD	14185	11574	2102
PALLD-AS1	0	0	2
PALM	1081	826	168
PALM2AKAP2	8799	7147	1374
PALM2AKAP2-AS1	16	11	5
PALM3	27	23	5
PALMD	1288	876	191
PALS1	2750	2137	405
PALS2	1636	1022	159
PAM	6828	5231	736
PAM16	49	30	5
PAMR1	471	392	82
PAN2	1126	867	215
PAN3	14506	11309	1883
PAN3-AS1	35	29	7
PANCR	199	108	36
PANDAR	10	1	1
PANK1	1265	1390	185
PANK1-AS1	41	29	9
PANK2	2846	2144	444
PANK2-AS1	123	81	18
PANK3	1258	846	163
PANK4	615	438	86
PANO1	39	26	4
PANTR1	191	148	54
PANX1	476	323	81
PANX2	29	27	10
PANX3	25	21	8
PAOX	13	8	1
PAPLN	3038	2680	494
PAPLN-AS1	23	21	3
PAPLN-AS2	13	16	1
PAPOLA	5526	4603	785
PAPOLA-DT	20	13	4
PAPOLG	1518	1411	255
PAPPA	787	597	137
PAPPA-AS1	15	10	2
PAPPA-AS2	0	3	0
PAPPA2	750	607	142
PAPSS1	2036	1255	282
PAPSS2	891	581	112
PAQR3	223	163	42
PAQR4	41	29	7
PAQR5	279	185	60
PAQR5-DT	32	34	13
PAQR6	55	33	5
PAQR7	356	328	53
PAQR8	13	7	3
PAQR9	19	14	6
PAQR9-AS1	13	7	1
PARD3	27977	21195	3712
PARD3-DT	17	6	0
PARD3B	18975	13209	2130
PARD6A	17	4	3
PARD6B	311	258	50
PARD6G	1067	1033	194
PARD6G-AS1	227	217	49
PARG	2134	1535	292
PARK7	906	712	156
PARL	2	0	0
PARM1	570	513	122
PARM1-AS1	15	16	2
PARN	3952	2901	495
PARP1	1980	1299	309
PARP10	624	440	119
PARP11	1737	1311	253
PARP11-AS1	192	133	45
PARP12	1325	953	221
PARP14	6251	4251	987
PARP15	2457	2217	318
PARP16	1191	783	207
PARP2	563	379	87
PARP3	58	67	17
PARP4	4011	3254	590
PARP6	1303	1042	226
PARP8	5044	3572	524
PARP9	1681	1422	316
PARPBP	996	714	154
PARS2	61	42	7
PART1	186	174	29
PARTICL	34	21	10
PARVA	5307	3946	574
PARVB	2503	1942	468
PARVG	1085	925	243
PASD1	180	149	22
PASK	936	707	191
PATE1	5	4	1
PATE2	8	6	0
PATE3	1	2	0
PATE4	8	5	3
PATJ	6378	4693	973
PATJ-DT	12	16	5
PATL1	1433	1037	221
PATL1-DT	32	20	6
PATL2	599	422	86
PATZ1	553	374	87
PAUPAR	2	0	1
PAWR	1864	1349	227
PAX1	107	90	23
PAX2	188	167	45
PAX3	503	432	111
PAX4	11	9	2
PAX5	4279	3365	582
PAX6	143	95	36
PAX7	882	664	156
PAX8	248	194	43
PAX8-AS1	990	1321	149
PAX9	150	147	51
PAXBP1	3659	2483	533
PAXBP1-AS1	126	83	14
PAXIP1	1545	1073	224
PAXIP1-AS2	382	301	52
PAXIP1-DT	90	56	9
PAXX	170	103	15
PBDC1	155	140	25
PBK	262	208	52
PBLD	523	336	70
PBOV1	6	4	0
PBRM1	8038	5794	1123
PBX1	18367	15075	2664
PBX1-AS1	16	5	1
PBX2	979	722	193
PBX3	15798	9828	1501
PBX3-DT	25	12	6
PBX4	995	738	184
PBX4-AS1	7	14	3
PBXIP1	763	701	173
PC	725	469	122
PCA3	466	290	65
PCARE	37	17	4
PCAT1	4436	2845	603
PCAT14	73	36	16
PCAT18	38	27	7
PCAT19	1042	1050	136
PCAT4	87	48	15
PCAT5	51	39	7
PCAT6	29	17	3
PCAT7	177	123	24
PCBD1	28	37	14
PCBD2	2096	1651	303
PCBP1	175	120	23
PCBP1-AS1	6134	3817	649
PCBP2	2162	1857	341
PCBP3	4331	3297	920
PCBP3-AS1	17	10	7
PCBP4	84	58	15
PCCA	11981	8223	1354
PCCA-AS1	25	22	5
PCCA-DT	267	181	28
PCCB	1552	1115	258
PCDH1	228	173	28
PCDH10	100	86	17
PCDH10-DT	137	100	40
PCDH11X	1278	982	272
PCDH11Y	926	637	95
PCDH12	502	402	48
PCDH15	3249	2447	571
PCDH17	2096	1775	227
PCDH18	535	799	83
PCDH19	253	231	52
PCDH7	15359	10641	1589
PCDH7-AS1	43	19	6
PCDH8	20	10	6
PCDH9	13171	13674	1484
PCDH9-AS1	50	37	11
PCDH9-AS2	249	177	39
PCDH9-AS3	21	10	1
PCDH9-AS4	47	31	8
PCDHA-AS1	0	1	0
PCDHA-AS2	3	0	0
PCDHA1	8	6	0
PCDHB-AS1	117	98	15
PCDHB1	18	10	2
PCDHB1-AS1	113	72	16
PCDHB10	8	12	0
PCDHB11	13	8	0
PCDHB12	24	24	2
PCDHB13	31	28	5
PCDHB14	0	1	2
PCDHB15	48	36	10
PCDHB2	9	9	0
PCDHB3	8	12	3
PCDHB4	4	19	7
PCDHB5	14	11	2
PCDHB6	8	7	1
PCDHB7	14	15	1
PCDHB9	33	24	2
PCDHGA1	26	24	1
PCED1A	575	383	113
PCED1B	2891	2129	353
PCED1B-AS1	157	156	25
PCF11	2503	2082	451
PCGEM1	42	29	8
PCGF1	87	57	16
PCGF2	400	300	59
PCGF3	3589	3066	783
PCGF3-AS1	4234	3182	636
PCGF3-AS2	4	7	1
PCGF5	2753	2269	439
PCGF6	1588	985	214
PCHILR	14	5	0
PCID2	1239	943	205
PCIF1	709	587	116
PCK1	29	22	4
PCK2	210	172	49
PCLAF	41	32	9
PCLO	975	748	212
PCM1	13036	11221	2069
PCMT1	2067	1387	287
PCMTD1	5401	4632	727
PCMTD1-DT	365	299	72
PCMTD2	2570	2821	450
PCNA	305	222	57
PCNP	1931	1617	310
PCNT	6528	4609	1154
PCNX1	8066	5576	939
PCNX2	1972	1536	287
PCNX3	487	374	104
PCNX4	3115	2684	507
PCNX4-DT	549	444	92
PCOLCE	360	228	59
PCOLCE-AS1	133	98	22
PCOLCE2	294	228	49
PCOTH	57	27	5
PCP2	24	24	12
PCP4	110	91	16
PCP4L1	110	68	14
PCSEAT	0	0	0
PCSK1	197	141	23
PCSK1N	6	3	3
PCSK2	655	496	97
PCSK4	116	83	25
PCSK5	4776	3684	814
PCSK6	7670	8041	1069
PCSK6-AS1	6	6	2
PCSK7	1855	1300	229
PCSK9	51	39	10
PCTP	814	677	123
PCYOX1	333	308	48
PCYOX1L	250	179	41
PCYT1A	628	490	96
PCYT1B	300	215	42
PCYT1B-AS1	36	24	5
PCYT2	86	69	12
PDAP1	791	586	146
PDC	33	32	4
PDC-AS1	629	499	103
PDCD1	35	25	15
PDCD10	2052	1524	302
PDCD11	2212	1419	309
PDCD1LG2	386	276	67
PDCD2	267	184	37
PDCD2L	138	103	27
PDCD4	3536	3442	632
PDCD4-AS1	70	55	22
PDCD5	414	361	85
PDCD6-AHRR	70	52	9
PDCD6-DT	18	18	3
PDCD6IP	3027	2318	418
PDCD6IP-DT	26	34	6
PDCD7	769	555	146
PDCL	397	277	65
PDCL2	77	55	11
PDCL3	141	114	27
PDE10A	7431	5009	931
PDE11A	1063	733	162
PDE11A-AS1	210	109	32
PDE12	202	137	31
PDE1A	2133	1940	309
PDE1B	251	155	55
PDE1C	1544	1061	256
PDE2A	1742	1599	327
PDE2A-AS1	15	21	5
PDE2A-AS2	10	16	3
PDE3A	13078	14591	1961
PDE3A-AS1	62	33	7
PDE3B	4316	2953	534
PDE4A	683	486	148
PDE4B	2949	2957	491
PDE4B-AS1	11	3	4
PDE4C	6	8	3
PDE4D	24836	21221	2918
PDE4D-AS1	83	53	9
PDE4DIP	1599	1205	295
PDE5A	2705	2230	385
PDE6A	327	225	46
PDE6B	196	169	49
PDE6B-AS1	16	18	1
PDE6B-AS2	40	36	4
PDE6C	89	59	16
PDE6D	1393	1179	254
PDE6G	96	62	13
PDE6H	15	9	5
PDE7A	7948	5859	1161
PDE7A-DT	32	14	2
PDE7B	4648	4670	757
PDE7B-AS1	531	425	68
PDE8A	8178	6943	1042
PDE8B	142	130	25
PDE9A	3044	2178	455
PDE9A-AS1	32	15	1
PDGFA	374	304	75
PDGFA-DT	71	62	27
PDGFB	374	270	61
PDGFC	2331	1682	341
PDGFD	1919	973	194
PDGFDDN	670	426	104
PDGFRA	235	273	44
PDGFRB	5919	6797	1055
PDGFRL	407	245	69
PDHA1	728	628	135
PDHA2	5	2	3
PDHB	373	348	67
PDHX	1747	1436	216
PDIA2	9	8	1
PDIA3	1756	1195	264
PDIA4	923	523	161
PDIA5	1683	1348	289
PDIA6	1765	1074	216
PDIK1L	310	212	40
PDILT	100	89	15
PDILT-AS1	11	13	2
PDK1	1298	1074	202
PDK1-AS1	550	527	107
PDK2	315	289	58
PDK2-AS1	8	6	2
PDK3	1370	1180	197
PDK4	593	967	152
PDK4-AS1	269	262	67
PDLIM1	1417	1430	226
PDLIM2	244	160	42
PDLIM3	1386	1106	247
PDLIM4	112	87	19
PDLIM5	8735	6654	989
PDLIM7	1880	1175	313
PDLIM7-AS1	120	66	21
PDP1	448	317	74
PDP2	204	167	53
PDPK1	1122	922	200
PDPN	195	128	28
PDPR	1581	1016	230
PDRG1	158	90	30
PDS5A	10179	7679	1432
PDS5B	11235	8010	1427
PDSS1	1019	794	163
PDSS2	6542	4991	899
PDX1	27	7	3
PDXDC1	3169	2264	396
PDXDC2P-NPIPB14P	3941	2773	613
PDXK	1025	752	167
PDXP-DT	149	98	23
PDYN	40	27	5
PDYN-AS1	193	174	44
PDZD11	160	124	39
PDZD2	5750	6670	1112
PDZD3	36	29	8
PDZD4	249	182	47
PDZD7	182	154	43
PDZD8	2499	1722	358
PDZD9	76	27	5
PDZK1	91	87	16
PDZK1IP1	60	31	9
PDZRN3	4306	3422	729
PDZRN3-AS1	24	22	4
PDZRN4	3186	3095	464
PDZRN4-AS1	168	128	33
PEA15	221	158	40
PEA15-AS1	62	50	17
PEAK1	14732	11835	1690
PEAK3	55	28	12
PEAR1	1198	1408	291
PEARL1	1	0	0
PEBP1	179	142	28
PEBP4	917	665	153
PEBP4-AS1	14	14	3
PECAM1	3702	2927	570
PECR	397	292	70
PEDS1	7	3	1
PEDS1-UBE2V1	27	7	2
PEF1	279	229	40
PEF1-AS1	60	39	8
PEG10	689	521	123
PELATON	136	82	22
PELI1	2438	1942	295
PELI2	8845	7147	1300
PELI3	71	57	15
PELO-AS1	673	318	84
PELP1	939	683	146
PELP1-DT	10	7	4
PEMT	892	580	121
PENK	9	15	2
PENK-AS1	199	160	43
PEPD	1241	857	196
PER1	421	449	89
PER2	950	616	161
PER3	1122	728	162
PERCC1	18	11	2
PERM1	56	52	12
PERP	47	29	7
PES1	564	448	99
PES1-AS1	52	36	8
PEX1	922	716	126
PEX10	187	137	31
PEX11A	119	106	22
PEX11B	249	177	41
PEX11G	166	155	34
PEX12	27	15	4
PEX13	933	905	145
PEX14	3319	2530	478
PEX16	217	139	45
PEX19	36	17	1
PEX2	604	607	86
PEX26	3	2	2
PEX3	1038	759	148
PEX5	544	422	107
PEX5L	862	630	129
PEX5L-AS1	27	19	3
PEX5L-AS2	24	23	2
PEX6	603	480	94
PEX7	1025	620	108
PF4	1	0	0
PF4V1	3	4	2
PFAS	427	274	80
PFDN1	1345	1023	195
PFDN2	324	291	50
PFDN4	239	287	50
PFDN5	8	6	0
PFDN6	152	104	27
PFKFB1	150	98	16
PFKFB2	455	354	96
PFKFB3	2945	3011	621
PFKFB3-AS1	40	28	4
PFKFB4	567	591	110
PFKL	1179	977	252
PFKM	802	685	163
PFKP	1042	858	195
PFKP-DT	0	4	0
PFN1	454	356	86
PFN2	343	254	44
PFN2-AS1	12	6	3
PFN3	4	3	0
PFN4	47	40	4
PGA3	3	3	2
PGA5	3	2	0
PGAM1	139	109	20
PGAM2	69	66	12
PGAM5	156	104	24
PGAP1	2490	2002	307
PGAP2	803	570	109
PGAP3	382	251	70
PGAP4	289	226	55
PGAP6	321	205	64
PGBD1	425	310	59
PGBD2	215	140	34
PGBD4	90	58	9
PGBD5	593	389	78
PGC	120	96	14
PGCKA1-AS1	46	33	8
PGD	618	435	90
PGF	130	95	18
PGGHG	880	400	126
PGGT1B	1345	1020	168
PGK1	1427	1323	235
PGK2	1	0	2
PGLS	337	266	54
PGLS-DT	870	581	131
PGLYRP1	8	10	1
PGLYRP2	120	68	12
PGLYRP3	22	23	4
PGLYRP4	27	22	6
PGM1	802	629	107
PGM2	904	767	119
PGM2L1	1034	954	166
PGM3	1038	896	139
PGM5	2868	2076	298
PGM5-AS1	74	73	16
PGM5P3-AS1	1406	2400	264
PGM5P4-AS1	366	468	62
PGP	148	119	23
PGPEP1	731	671	151
PGR	842	527	94
PGR-AS1	536	404	55
PGRMC1	145	115	20
PGRMC2	611	483	85
PGS1	2011	1435	389
PHACTR1	6732	6851	992
PHACTR2	6677	5241	836
PHACTR2-AS1	24	31	1
PHACTR3	3264	2700	554
PHACTR3-AS1	4	4	0
PHACTR4	7424	5854	1117
PHAF1	889	674	132
PHAX	519	511	84
PHB1	175	155	37
PHB2	465	345	81
PHC1	662	561	107
PHC2	2418	1929	343
PHC2-AS1	64	70	18
PHC3	6456	4905	846
PHETA1	108	99	33
PHETA2	115	83	16
PHEX	1624	1122	294
PHEX-AS1	16	19	1
PHF1	446	369	127
PHF10	1162	1053	201
PHF11	1349	1181	216
PHF12	2374	1738	444
PHF13	295	232	45
PHF14	9132	6905	1141
PHF19	754	622	152
PHF2	2731	1786	445
PHF20	7601	5221	1127
PHF20L1	4662	3468	681
PHF21A	10025	8850	1304
PHF21B	470	367	79
PHF23	286	230	63
PHF24	48	32	6
PHF3	6216	5171	907
PHF5A	219	178	44
PHF6	960	816	156
PHF7	303	266	45
PHF8	2683	2080	435
PHGDH	814	663	129
PHGR1	16	12	5
PHIP	9914	8119	1275
PHKA1	299	234	64
PHKA1-AS1	35	21	2
PHKA2	1589	1303	278
PHKA2-AS1	22	23	5
PHKB	7847	6310	1069
PHKG1	450	315	68
PHKG2	252	155	36
PHLDA1	276	371	64
PHLDA1-AS1	27	14	5
PHLDA1-DT	33	31	6
PHLDA2	13	2	2
PHLDA3	77	39	6
PHLDB1	1578	1322	260
PHLDB2	3388	4705	511
PHLDB3	840	705	143
PHLPP1	4981	3239	606
PHLPP2	1731	1221	218
PHOSPHO1	121	76	25
PHOSPHO2	10	1	0
PHOX2A	30	44	9
PHOX2B	8	10	2
PHOX2B-AS1	93	63	14
PHPT1	191	203	38
PHRF1	2925	2207	517
PHTF1	973	731	138
PHTF2	4402	3149	541
PHYH	291	261	64
PHYHD1	583	529	109
PHYHIP	61	62	24
PHYHIPL	177	274	34
PHYKPL	3713	2906	594
PI15	177	154	44
PI16	73	51	18
PI3	4	0	0
PI4K2A	48	32	6
PI4K2B	1278	1049	242
PI4KA	5256	3875	884
PI4KB	1872	1523	289
PIANP	20	22	10
PIAS1	7915	6188	1023
PIAS2	3323	2386	432
PIAS3	495	359	94
PIAS4	665	562	152
PIBF1	7970	6551	1172
PICALM	16524	13835	1938
PICART1	51	48	8
PICK1	355	291	66
PICSAR	19	8	6
PID1	4727	3054	566
PIDD1	260	200	52
PIERCE1	98	72	16
PIERCE2	66	43	10
PIEZO1	2343	1738	465
PIEZO1-AS1	18	24	7
PIEZO2	7263	3943	905
PIF1	210	180	45
PIFO	16	8	3
PIGA	174	170	27
PIGB	731	639	114
PIGBOS1	6	0	0
PIGC	992	816	155
PIGF	938	729	133
PIGG	1642	1265	264
PIGH	213	161	38
PIGK	1232	778	157
PIGL	3393	2435	519
PIGN	3312	2929	447
PIGO	246	168	34
PIGO-AS1	13	8	8
PIGP	148	203	37
PIGQ	213	175	41
PIGR	64	45	14
PIGT	573	360	97
PIGU	2137	1594	319
PIGV	235	176	44
PIGW	40	38	3
PIGX	985	670	160
PIGZ	184	151	35
PIH1D1	385	443	80
PIH1D2	54	52	13
PIK3AP1	2413	1891	333
PIK3C2A	5235	3907	663
PIK3C2B	4213	3599	625
PIK3C2G	1185	865	193
PIK3C3	3501	3193	527
PIK3CA	5026	4520	663
PIK3CA-DT	249	204	59
PIK3CB	4022	2661	566
PIK3CD	4182	2993	709
PIK3CD-AS1	25	9	5
PIK3CD-AS2	263	214	55
PIK3CG	582	525	109
PIK3IP1	389	330	92
PIK3IP1-DT	523	321	83
PIK3R1	5084	3812	679
PIK3R3	81	43	13
PIK3R4	1323	1059	212
PIK3R5	2288	1592	437
PIK3R5-DT	12	8	4
PIK3R6	488	426	93
PIKFYVE	5260	3955	744
PILRA	462	334	69
PIM1	388	308	115
PIM2	128	110	11
PIM3	175	164	35
PIMREG	68	38	18
PIN1	319	244	73
PIN1-DT	9	5	1
PIN4	1451	1026	238
PINCR	73	44	16
PINK1	464	363	83
PINK1-AS	101	78	13
PINLYP	271	196	46
PINX1	129	109	24
PINX1-DT	18	8	3
PINX1.1	3	0	0
PIP	11	8	3
PIP4K2A	12344	7878	1529
PIP4K2B	1868	1449	331
PIP4K2C	243	227	46
PIP4P1	187	189	57
PIP4P2	879	769	135
PIP5K1A	5932	4320	851
PIP5K1B	2648	2076	332
PIP5K1C	1906	1349	366
PIP5KL1	81	76	21
PIPOX	675	495	138
PIR	650	645	106
PISD	1684	1298	287
PITHD1	372	348	72
PITPNA	2352	1717	331
PITPNA-AS1	28	26	7
PITPNB	4020	2993	530
PITPNC1	9716	8238	1930
PITPNM1	251	198	70
PITPNM2	7955	5689	1457
PITPNM2-AS1	31	20	3
PITPNM3	2267	1332	283
PITRM1	1419	1136	243
PITRM1-AS1	157	111	21
PITX1	39	40	6
PITX1-AS1	811	585	155
PITX2	185	135	38
PITX3	116	69	23
PIWIL1	159	95	26
PIWIL2	409	344	84
PIWIL2-DT	134	104	21
PIWIL3	175	125	27
PIWIL4	781	594	97
PIWIL4-AS1	693	452	125
PJA1	69	55	14
PJA2	3568	3187	514
PJVK	245	213	48
PKD1	1486	1124	223
PKD1-AS1	36	16	9
PKD1L1	1045	863	172
PKD1L1-AS1	115	85	16
PKD1L2	525	379	64
PKD1L3	361	285	53
PKD1P6-NPIPP1	874	619	100
PKD2	3295	2303	357
PKD2L1	112	54	17
PKD2L2	396	302	59
PKD2L2-DT	556	495	103
PKDCC	516	368	73
PKDREJ	7	2	3
PKHD1	1091	830	247
PKHD1L1	1606	1220	356
PKIA	1318	1147	232
PKIA-AS1	794	588	133
PKIB	606	429	119
PKIG	1804	1516	261
PKLR	28	22	7
PKM	1463	1156	276
PKMYT1	143	107	30
PKMYT1AR	31	28	8
PKN1	1746	1296	296
PKN2	9568	7627	1240
PKN2-AS1	2738	2065	461
PKN3	360	217	46
PKNOX1	2583	1862	376
PKNOX2	5505	4840	954
PKNOX2-AS1	38	35	7
PKNOX2-DT	18	7	2
PKP1	163	124	29
PKP2	523	408	107
PKP3	38	34	10
PKP4	6910	5115	859
PKP4-AS1	226	164	32
PLA1A	96	62	12
PLA2G10	56	54	12
PLA2G12A	135	105	13
PLA2G12B	68	58	7
PLA2G15	343	222	65
PLA2G1B	58	35	8
PLA2G2A	25	25	2
PLA2G2C	86	57	17
PLA2G2D	9	12	1
PLA2G2E	3	3	2
PLA2G2F	15	9	5
PLA2G3	14	6	2
PLA2G4A	1811	1294	191
PLA2G4C	1149	818	183
PLA2G4C-AS1	5	2	0
PLA2G4D	50	41	14
PLA2G4E	171	100	32
PLA2G4E-AS1	77	66	16
PLA2G4F	37	30	5
PLA2G5	249	186	41
PLA2G6	1055	822	188
PLA2G7	421	641	84
PLA2R1	3886	3851	537
PLAA	991	698	131
PLAAT1	136	86	26
PLAAT2	24	20	6
PLAAT3	377	266	53
PLAAT4	74	64	14
PLAAT5	80	79	13
PLAC1	784	649	92
PLAC1-AS1	7	10	1
PLAC4	26	10	2
PLAC8	695	550	71
PLAC8L1	150	123	29
PLAC9	163	121	20
PLAG1	2179	2043	304
PLAGL1	5139	5076	882
PLAGL2	176	190	33
PLAT	346	255	49
PLAU	120	82	20
PLAUR	475	364	117
PLB1	829	600	150
PLBD1	379	252	52
PLBD1-AS1	209	161	34
PLBD1-AS2	30	19	2
PLBD2	538	367	87
PLCB1	22247	24438	2090
PLCB2	1308	796	354
PLCB2-AS1	0	5	0
PLCB3	482	278	96
PLCB4	4410	3833	720
PLCD1	360	282	66
PLCD3	299	198	52
PLCD4	287	228	53
PLCE1	6716	5242	1110
PLCE1-AS1	40	16	3
PLCE1-AS2	92	63	12
PLCG1	2866	1971	432
PLCG1-AS1	270	200	48
PLCG2	180	125	23
PLCH1	1358	997	231
PLCH1-AS1	4	12	2
PLCH1-AS2	4	1	0
PLCH2	269	186	38
PLCL1	14464	11051	2559
PLCL2	8128	5725	913
PLCL2-AS1	2	0	0
PLCXD2	465	350	97
PLCXD2-AS1	2	5	0
PLCXD3	298	246	77
PLCZ1	96	53	19
PLD1	3945	3199	614
PLD2	574	440	107
PLD3	1615	1449	330
PLD4	118	92	19
PLD5	1776	1470	279
PLD5-AS1	114	113	23
PLD5P1	692	566	96
PLD6	28	20	3
PLEC	4098	2895	701
PLEK	1129	796	222
PLEK2	100	102	23
PLEKHA1	1760	1219	197
PLEKHA2	5010	4266	685
PLEKHA3	536	503	96
PLEKHA4	1057	821	228
PLEKHA5	5840	5096	827
PLEKHA6	4647	3146	561
PLEKHA7	1495	1112	254
PLEKHA8	1496	951	162
PLEKHB1	59	42	14
PLEKHB2	1338	1053	208
PLEKHD1	147	108	20
PLEKHF1	117	70	21
PLEKHF2	815	814	129
PLEKHG1	15489	14507	2089
PLEKHG2	1813	1205	276
PLEKHG3	1243	943	179
PLEKHG4	129	82	27
PLEKHG4B	468	534	65
PLEKHG5	1545	1310	311
PLEKHG6	117	70	16
PLEKHG7	202	137	36
PLEKHH1	274	144	41
PLEKHH2	3753	7290	681
PLEKHH3	652	538	117
PLEKHJ1	210	167	49
PLEKHM1	930	708	149
PLEKHM2	1925	1494	352
PLEKHM2-AS1	70	48	18
PLEKHM3	3323	2594	456
PLEKHN1	45	34	10
PLEKHO1	781	667	139
PLEKHS1	75	44	7
PLET1	36	24	5
PLG	96	59	7
PLGLB1	68	41	9
PLGRKT	1064	749	163
PLIN1	57	39	8
PLIN2	616	624	133
PLIN3	887	809	183
PLIN3-AS1	7	3	0
PLIN4	58	46	13
PLIN5	136	93	17
PLK1	265	164	36
PLK2	1239	1808	164
PLK3	158	132	32
PLK4	398	367	56
PLK5	173	120	31
PLLP	212	178	35
PLN	68	54	10
PLOD1	775	662	178
PLOD2	1448	1427	195
PLOD3	649	499	107
PLP1	30	40	9
PLP2	53	51	16
PLPBP	467	350	81
PLPP1	9706	7895	1338
PLPP2	22	15	5
PLPP3	2334	1821	358
PLPP4	315	213	48
PLPP5	218	207	38
PLPP6	21	19	2
PLPP7	523	417	94
PLPPR1	1486	967	222
PLPPR2	118	82	15
PLPPR3	42	24	4
PLPPR4	195	114	29
PLPPR5	761	571	133
PLPPR5-AS1	755	591	122
PLRG1	622	611	120
PLS1	642	499	110
PLS1-AS1	4	6	2
PLS3	2675	2175	283
PLS3-AS1	177	111	19
PLSCR1	1816	1916	336
PLSCR2	390	303	66
PLSCR4	2637	3046	342
PLSCR5	102	75	27
PLSCR5-AS1	2	2	0
PLTP	399	345	93
PLUT	258	188	55
PLVAP	1725	1317	226
PLXDC1	1151	843	180
PLXDC2	32214	21072	2940
PLXDC2-AS1	64	40	10
PLXNA1	1118	788	187
PLXNA2	2556	1784	387
PLXNA3	531	448	112
PLXNA4	5811	3371	703
PLXNA4-AS1	24	28	4
PLXNA4-AS2	9	4	6
PLXNB1	412	297	63
PLXNB2	2215	1711	425
PLXNB3	34	26	14
PLXNB3-AS1	85	71	17
PLXNC1	1917	1366	300
PLXNC1-AS1	50	27	10
PLXND1	3065	2407	547
PM20D1	59	50	13
PM20D1-AS1	237	161	34
PM20D2	593	560	124
PMAIP1	43	31	5
PMAR72	20	13	3
PMCH	2	3	0
PMEL	145	106	24
PMEPA1	1503	1436	268
PMF1-BGLAP	43	31	7
PMFBP1	387	294	57
PMIS2	3	0	0
PML	1203	1055	225
PMM1	153	144	24
PMM2	2869	2080	451
PMM2-AS1	14	14	2
PMP2	11	22	3
PMP22	1180	876	176
PMPCA	691	543	158
PMPCB	1249	965	189
PMS1	2789	1842	358
PMS2	651	502	118
PMVK	203	180	27
PNCK	64	64	12
PNISR	13211	10613	2097
PNISR-AS1	519	468	82
PNKD	854	552	158
PNKP	1061	761	179
PNLDC1	74	87	19
PNLIP	29	33	6
PNLIPRP1	26	23	9
PNLIPRP2	43	36	7
PNLIPRP3	220	162	38
PNMA1	86	79	15
PNMA2	35	30	2
PNMA3	17	7	7
PNMA5	7	9	2
PNMA6A	0	1	0
PNMA6E	8	18	1
PNMA6F	3	2	1
PNMA8A	67	42	7
PNMA8B	173	124	24
PNMA8C	16	10	4
PNMT	36	29	7
PNN	5126	4072	876
PNN-AS1	34	25	10
PNO1	374	330	67
PNOC	169	118	21
PNP	200	167	43
PNPLA1	192	138	43
PNPLA2	258	219	53
PNPLA3	161	97	39
PNPLA4	149	98	14
PNPLA5	13	18	4
PNPLA6	985	705	194
PNPLA7	1947	2440	414
PNPLA8	1197	945	180
PNPO	43	41	9
PNPT1	1843	1423	310
PNRC1	698	1057	128
PNRC1-DT	28	20	3
PNRC2	397	360	39
POC1A	594	438	101
POC1B	1630	1210	206
POC1B-AS1	546	428	77
POC1B-GALNT4	6	5	2
POC5	896	715	145
PODN	151	115	27
PODNL1	115	59	15
PODXL	916	544	116
PODXL2	175	137	25
POF1B	106	76	29
POFUT1	598	447	87
POFUT2	674	532	121
POGK	562	397	103
POGLUT1	704	531	114
POGLUT2	132	92	12
POGLUT3	370	292	68
POGZ	6516	4969	890
POLA1	5882	4538	836
POLA2	0	1	0
POLB	941	821	156
POLD1	550	454	94
POLD2	396	281	58
POLD3	1561	1248	248
POLD4	12	11	4
POLDIP2	319	267	56
POLDIP3	8	2	0
POLE	3236	2375	497
POLE2	1123	798	167
POLE3	156	146	27
POLE4	197	169	36
POLG	1120	811	197
POLG-DT	15	14	4
POLG2	1453	1130	216
POLH	1562	1242	238
POLH-AS1	16	15	1
POLI	1131	1096	193
POLK	4123	3299	570
POLK-AS1	8	5	0
POLL	313	260	72
POLM	484	360	92
POLN	52	43	7
POLQ	1802	1361	318
POLR1A	2131	1405	291
POLR1B	835	552	73
POLR1C	659	520	108
POLR1D	1365	1117	229
POLR1E	305	221	50
POLR1F	148	115	22
POLR1G	55	33	9
POLR1H	80	67	18
POLR2A	1936	1671	389
POLR2B	3194	2369	493
POLR2C	220	195	47
POLR2D	378	320	76
POLR2E	329	222	53
POLR2F	899	646	167
POLR2F-AS1	7	7	0
POLR2G	154	158	35
POLR2H	386	300	82
POLR2I	26	24	10
POLR2J	119	59	20
POLR2J4	78	56	10
POLR2K	67	79	13
POLR2L	81	65	17
POLR2M	350	285	49
POLR3A	1701	1222	274
POLR3B	1884	1205	239
POLR3C	976	892	159
POLR3D	569	354	87
POLR3E	1347	1055	214
POLR3F	385	315	62
POLR3G	283	221	49
POLR3GL	52	52	13
POLR3H	419	303	82
POLR3K	259	139	45
POLRMT	548	386	106
POM121	3201	2441	437
POM121C	2128	1690	326
POM121L12	2	2	0
POM121L2	70	46	6
POMC	42	43	5
POMGNT1	504	341	69
POMGNT2	166	95	25
POMK	856	665	159
POMP	619	568	77
POMT1	639	494	102
POMT2	536	413	81
POMZP3	425	324	82
PON1	117	69	25
PON2	1295	1008	164
PON3	263	172	38
POP1	460	379	51
POP4	134	109	24
POP5	125	106	24
POP7	29	28	8
POPDC2	132	116	25
POPDC3	68	47	15
POR	1604	1104	276
PORCN	76	39	12
PORCN-DT	13	5	0
POSTN	3674	3256	496
POT1	2120	1547	288
POT1-AS1	2397	1770	358
POTEA	127	92	19
POTEB	0	0	0
POTEB3	27	20	7
POTEC	25	26	2
POTED	4	9	4
POTEF	127	113	24
POTEF-AS1	0	2	0
POTEG	24	27	6
POTEH	16	19	8
POTEH-AS1	2	0	2
POTEI	67	38	15
POTEJ	108	63	22
POTEM	26	20	5
POU1F1	22	18	3
POU2AF1	588	524	88
POU2F1	6223	4699	757
POU2F1-DT	10	7	6
POU2F2	1545	1214	249
POU2F2-AS1	45	39	7
POU2F3	212	132	37
POU2F3-AS1	24	20	3
POU3F1	12	23	5
POU3F2	20	14	3
POU3F4	32	28	2
POU4F1	67	55	10
POU4F2	3	9	1
POU4F3	2	4	3
POU5F1	45	36	11
POU5F1B	8	0	1
POU6F1	624	485	93
POU6F2	1053	811	192
POU6F2-AS1	5	0	0
POU6F2-AS2	71	66	15
PP12613	44	35	6
PP2D1	116	103	20
PP7080	9	11	1
PPA1	704	525	108
PPA2	2907	2135	396
PPAN-P2RY11	6	5	3
PPARA	2216	1685	356
PPARD	2844	2454	475
PPARG	2520	1588	249
PPARGC1A	1112	931	207
PPARGC1A-AS1	2	6	5
PPARGC1B	1467	1008	257
PPAT	608	385	80
PPCDC	3217	2722	496
PPCS	280	227	38
PPDPF	124	100	11
PPDPFL	36	21	9
PPEF1	469	349	71
PPEF1-AS1	68	56	18
PPEF2	147	104	21
PPFIA1	5407	3377	732
PPFIA2	1396	1347	207
PPFIA2-AS1	76	60	18
PPFIA2-AS2	517	351	89
PPFIA3	293	212	62
PPFIA4	944	694	190
PPFIBP1	8766	7655	1260
PPFIBP2	1894	1602	326
PPHLN1	4622	3626	671
PPIA	738	695	124
PPIAL4C	1	1	0
PPIB	358	330	78
PPIC	65	47	13
PPIC-AS1	52	40	18
PPID	619	533	86
PPIE	465	478	89
PPIF	179	141	47
PPIG	4170	3233	613
PPIH	548	430	92
PPIL1	293	180	36
PPIL2	1298	1070	197
PPIL3	827	724	121
PPIL4	1642	1522	243
PPIL6	420	302	68
PPIP5K1	556	495	85
PPIP5K2	3589	2943	495
PPL	445	338	89
PPM1A	1757	1515	248
PPM1B	62	25	11
PPM1B-DT	52	25	13
PPM1D	2001	2076	375
PPM1E	938	715	137
PPM1F	1187	985	200
PPM1F-AS1	195	181	43
PPM1G	1190	751	171
PPM1H	1547	951	227
PPM1J	31	30	8
PPM1J-DT	26	15	6
PPM1K	922	858	140
PPM1K-DT	403	293	64
PPM1L	3833	4107	697
PPM1L-DT	34	21	2
PPM1M	132	85	27
PPM1N	136	91	34
PPME1	1860	1451	286
PPOX	315	305	69
PPP1CA	570	425	128
PPP1CB	2837	2337	382
PPP1CB-DT	390	338	83
PPP1CC	988	869	198
PPP1R10	2196	1836	399
PPP1R11	170	179	37
PPP1R12A	10804	8529	1451
PPP1R12A-AS1	123	99	23
PPP1R12A-AS2	350	245	59
PPP1R12B	9134	6951	1104
PPP1R12C	1641	1359	314
PPP1R13B	4628	3399	512
PPP1R13B-DT	117	42	5
PPP1R13L	587	442	96
PPP1R14A	184	141	32
PPP1R14B	36	22	8
PPP1R14B-AS1	20	20	3
PPP1R14C	565	366	95
PPP1R14D	67	66	11
PPP1R15A	332	263	73
PPP1R15B	548	483	97
PPP1R15B-AS1	319	215	55
PPP1R16A	289	223	50
PPP1R16B	3433	3324	497
PPP1R17	35	23	10
PPP1R18	487	378	98
PPP1R1A	40	18	9
PPP1R1B	65	53	6
PPP1R1C	1234	895	243
PPP1R2	1066	967	147
PPP1R21	3748	3116	572
PPP1R21-DT	14	13	2
PPP1R26	136	109	32
PPP1R26-AS1	315	250	50
PPP1R27	34	33	7
PPP1R2B	6	5	0
PPP1R2C	0	2	0
PPP1R32	124	108	33
PPP1R35	97	90	16
PPP1R35-AS1	28	15	5
PPP1R36	166	159	33
PPP1R3A	590	402	118
PPP1R3B	228	236	40
PPP1R3B-AS1	15	7	3
PPP1R3B-DT	908	728	151
PPP1R3C	338	289	57
PPP1R3D	39	20	3
PPP1R3E	198	166	33
PPP1R3F	342	281	60
PPP1R3G	26	13	3
PPP1R42	380	303	58
PPP1R7	777	558	160
PPP1R8	618	470	89
PPP1R9A	6914	5009	887
PPP1R9A-AS1	596	440	103
PPP1R9B	621	461	128
PPP2CA-DT	16	17	7
PPP2CB	1826	1588	257
PPP2R1A	1472	1143	221
PPP2R1A-AS1	21	18	4
PPP2R1B	1346	1177	223
PPP2R2A	6344	4953	802
PPP2R2B	1630	1189	276
PPP2R2B-AS2	70	60	15
PPP2R2C	549	409	97
PPP2R2D	3664	2639	489
PPP2R3A	3163	2646	504
PPP2R3C	2355	1836	346
PPP2R5A	3206	2503	379
PPP2R5B	311	252	59
PPP2R5C	6500	5198	955
PPP2R5D	842	597	154
PPP2R5E	8166	5688	989
PPP3CA	15109	10521	1591
PPP3CB	5606	4462	840
PPP3CB-AS1	313	272	73
PPP3CC	4204	3007	474
PPP3R1-AS1	553	437	77
PPP4C	492	355	89
PPP4R1	3047	2040	345
PPP4R1-AS1	47	31	6
PPP4R2	3399	2619	466
PPP4R3A	5337	3865	694
PPP4R3B	3901	3080	583
PPP4R3B-DT	92	72	10
PPP4R3C	0	2	0
PPP4R4	209	169	37
PPP5C	1987	1474	300
PPP5C-AS1	459	371	103
PPP6C	2038	1421	307
PPP6R1	1367	985	304
PPP6R2	10279	6891	1594
PPP6R3	17071	12592	2177
PPRC1	753	492	121
PPT1	435	323	94
PPT2	12	11	3
PPT2-EGFL8	31	44	13
PPTC7	1243	988	194
PPWD1	1785	1486	275
PPY	10	5	0
PQBP1	258	207	57
PRAC1	4	3	0
PRAC2	20	3	2
PRADC1	51	43	9
PRADX	22	11	4
PRAF2	8	7	0
PRAG1	1253	860	149
PRAM1	301	187	50
PRAME	107	64	20
PRAMEF1	2	0	0
PRAMEF11	8	1	0
PRAMEF12	3	0	0
PRAMEF14	22	12	5
PRAMEF15	4	2	0
PRAMEF17	2	3	1
PRAMEF18	2	1	0
PRAMEF2	3	2	0
PRAMEF20	10	7	2
PRAMEF25	3	0	0
PRAMEF26	0	1	0
PRAMEF27	1	2	0
PRAMEF4	2	5	0
PRAMEF6	7	3	2
PRAMEF7	0	1	0
PRAMEF9	0	0	0
PRANCR	1846	1220	264
PRB1	7	2	0
PRB2	48	32	5
PRB3	6	4	1
PRB4	7	3	1
PRC1	3	4	2
PRC1-AS1	162	127	26
PRCC	1353	996	202
PRCD	284	225	63
PRCP	2402	1495	250
PRDM1	613	571	94
PRDM10	1711	1344	263
PRDM10-DT	27	21	6
PRDM11	1874	1345	296
PRDM12	59	50	12
PRDM13	41	28	7
PRDM14	352	229	46
PRDM15	999	796	180
PRDM16	4532	3237	532
PRDM16-DT	113	106	26
PRDM2	4599	3376	668
PRDM4	828	648	120
PRDM4-AS1	72	51	12
PRDM5	2372	1453	294
PRDM6	328	240	50
PRDM6-AS1	30	17	5
PRDM7	124	97	16
PRDM8	136	99	28
PRDM8-AS1	44	44	10
PRDM9	222	168	29
PRDX1	396	336	69
PRDX3	369	326	53
PRDX4	283	240	50
PRDX5	79	98	19
PRDX6	471	519	83
PRDX6-AS1	1461	1066	206
PREB	137	139	34
PRECSIT	24	25	9
PRELID1	79	64	17
PRELID2	7036	8874	887
PRELID3A	527	374	61
PRELID3B	211	146	27
PRELP	162	165	21
PREP	2486	1811	350
PREP-AS1	6	4	0
PREPL	1807	1551	241
PREX1	6818	4366	946
PREX2	2621	2189	345
PRF1	21	24	3
PRG3	6	4	0
PRG4	378	288	74
PRH1	374	284	47
PRH2	8	5	1
PRICKLE1	9918	5453	1368
PRICKLE1-AS1	32	22	4
PRICKLE2	3959	2986	440
PRICKLE2-AS1	113	68	19
PRICKLE2-AS2	2	2	2
PRICKLE2-AS3	26	16	6
PRICKLE2-DT	29	20	4
PRICKLE3	185	157	44
PRIM1	316	223	60
PRIM2	4883	3610	577
PRIMA1	146	96	29
PRIMPOL	1806	1743	327
PRKAA1	1350	1093	215
PRKAA1-DT	8	0	1
PRKAA2	721	572	121
PRKAB1	291	220	55
PRKAB1-AS1	2250	1795	363
PRKAB2	365	333	43
PRKACA	1228	964	204
PRKACB	4340	3218	531
PRKACB-DT	35	22	2
PRKACG	1	0	0
PRKAG2	4127	3636	669
PRKAG2-AS1	20	12	4
PRKAG2-AS2	6	10	3
PRKAG3	126	88	29
PRKAR1A	1300	1031	206
PRKAR1B	5464	4192	922
PRKAR1B-AS1	89	63	13
PRKAR1B-AS2	5	4	3
PRKAR2A	3282	2223	439
PRKAR2A-AS1	25	24	5
PRKAR2B	1593	884	257
PRKAR2B-AS1	313	214	54
PRKCA	19180	14938	2387
PRKCA-AS1	97	51	13
PRKCB	17881	11137	2490
PRKCD	780	494	151
PRKCE	17780	14037	1845
PRKCE-AS1	2	2	0
PRKCE-AS2	2	0	0
PRKCG	297	217	67
PRKCH	8698	6119	1128
PRKCH-AS1	339	253	52
PRKCH-AS2	29	11	4
PRKCI	1917	1353	263
PRKCQ	2863	2071	520
PRKCQ-AS1	629	448	111
PRKCSH	904	613	163
PRKCZ	1415	1193	279
PRKCZ-AS1	19	17	1
PRKCZ-DT	2	1	0
PRKD1	7863	5434	821
PRKD2	3457	2940	596
PRKD3	2774	2192	354
PRKD3-DT	4	5	4
PRKDC	9136	6126	1198
PRKG1	45081	39532	5483
PRKG1-AS1	183	123	39
PRKG2	327	230	70
PRKG2-AS1	93	56	9
PRKN	10430	8892	1509
PRKRA	878	697	131
PRKRIP1	4369	3427	660
PRKX	1649	1221	257
PRKX-AS1	42	23	13
PRL	35	22	3
PRLHR	16	5	2
PRLR	494	328	88
PRM2	4	1	0
PRM3	3	0	0
PRMT1	910	663	177
PRMT2	3916	2863	611
PRMT3	2591	1779	328
PRMT5	269	242	63
PRMT5-AS1	50	48	11
PRMT5-DT	323	264	46
PRMT6	83	64	10
PRMT7	2148	1722	319
PRMT8	341	287	58
PRMT9	1241	931	172
PRND	54	30	7
PRNP	152	157	36
PRNT	7	5	4
PROB1	72	49	12
PROC	43	37	5
PROCA1	254	221	46
PROCR	624	489	75
PRODH	3	3	2
PRODH2	27	21	7
PROK1	3	7	2
PROK2	92	74	16
PROK2-DT	0	2	0
PROKR1	4	6	1
PROKR2	21	19	4
PROM1	495	355	88
PROM2	49	30	13
PROP1	7	9	0
PRORP	22	15	7
PRORY	27	12	2
PROS1	1569	1363	294
PROSER1	599	448	73
PROSER2	869	624	113
PROSER2-AS1	419	281	84
PROSER3	599	430	89
PROX1	1280	1250	148
PROX1-AS1	526	392	89
PROX2	107	82	21
PROZ	30	14	5
PRPF18	2689	2115	400
PRPF19	496	362	72
PRPF19-DT	9	12	4
PRPF3	2988	2350	560
PRPF31	524	412	109
PRPF31-AS1	28	33	6
PRPF38A	683	557	128
PRPF38B	1959	1741	377
PRPF39	2486	1983	402
PRPF39-DT	5	5	2
PRPF4	591	478	109
PRPF40A	4836	3659	637
PRPF40B	2597	1938	358
PRPF4B	4682	3643	733
PRPF6	2270	1690	403
PRPF8	3041	2442	541
PRPH	20	11	2
PRPH2	471	319	37
PRPS1	206	149	33
PRPS1L1	1	0	0
PRPS2	400	261	52
PRPSAP1	1673	1134	283
PRPSAP2	2129	1653	332
PRR11	559	452	79
PRR11-AS1	3	0	0
PRR12	2473	1575	463
PRR13	3	1	0
PRR14	274	199	55
PRR14L	4469	3126	631
PRR15	16	8	2
PRR15-DT	170	108	26
PRR15L	12	9	4
PRR16	3204	1403	312
PRR18	5	4	1
PRR19	77	42	8
PRR20C	4	5	1
PRR20G	3	3	0
PRR22	12	10	2
PRR23A	10	3	1
PRR23B	2	0	0
PRR23C	0	0	0
PRR27	40	33	7
PRR29	78	38	9
PRR29-AS1	53	35	4
PRR3	251	219	49
PRR30	7	3	1
PRR32	16	11	3
PRR33	25	14	6
PRR34	29	24	9
PRR34-AS1	13	2	2
PRR35	13	12	4
PRR36	41	34	15
PRR5	651	376	161
PRR5-ARHGAP8	473	239	54
PRR5L	3287	3115	495
PRR7	112	77	26
PRR7-AS1	127	101	21
PRR9	0	0	0
PRRC1	1079	753	133
PRRC2A	2167	1775	455
PRRC2B	9761	7873	1571
PRRC2C	12482	9465	1836
PRRG2	115	93	29
PRRG3	169	171	37
PRRG4	105	78	17
PRRT1	25	21	2
PRRT1B	19	17	4
PRRT3	108	74	9
PRRT3-AS1	321	219	46
PRRT4	62	41	12
PRRX1	1298	903	246
PRRX2	414	336	67
PRRX2-AS1	21	9	4
PRSS1	10	10	6
PRSS12	132	115	24
PRSS16	1076	848	167
PRSS2	39	30	10
PRSS21	22	24	5
PRSS22	19	5	4
PRSS23	1279	1124	192
PRSS23-AS1	989	917	136
PRSS27	52	47	10
PRSS3	219	181	40
PRSS30P	8	17	0
PRSS33	2	2	1
PRSS35	115	243	18
PRSS36	72	47	26
PRSS37	14	6	2
PRSS38	188	159	30
PRSS41	26	20	2
PRSS48	149	105	21
PRSS51	190	215	32
PRSS54	53	33	7
PRSS55	107	85	23
PRSS56	19	14	7
PRSS57	45	33	4
PRSS58	6	5	3
PRSS8	20	22	4
PRTFDC1	1446	1168	195
PRTG	1416	1085	192
PRTN3	51	31	8
PRUNE1	557	484	89
PRUNE2	1224	901	172
PRX	307	209	61
PRXL2A	536	472	97
PRXL2B	99	75	20
PRXL2C	180	181	46
PRY2	7	4	0
PSAP	3317	3149	629
PSAPL1	7	7	1
PSAT1	268	218	44
PSCA	47	41	15
PSD	177	112	28
PSD2	208	124	28
PSD2-AS1	55	34	17
PSD3	13980	9464	1508
PSD3-AS1	61	41	6
PSD4	1301	919	237
PSEN1	3207	2609	459
PSENEN	1	4	2
PSG1	19	18	5
PSG11	76	53	16
PSG11-AS1	202	167	47
PSG2	25	25	5
PSG3	12	9	2
PSG4	7	7	2
PSG5	20	26	8
PSG6	13	12	3
PSG7	28	12	3
PSG8	100	96	16
PSG8-AS1	25	14	2
PSG9	128	90	24
PSIP1	3039	2388	495
PSKH1	914	644	151
PSKH2	54	37	11
PSLNR	34	23	10
PSMA1	1262	837	197
PSMA3	801	722	133
PSMA4	445	363	100
PSMA5	1388	1009	205
PSMA7	563	390	100
PSMA8	262	207	31
PSMB1	506	499	79
PSMB10	139	104	33
PSMB11	12	14	2
PSMB2	937	709	110
PSMB3	297	262	64
PSMB4	139	123	28
PSMB5	661	468	108
PSMB6	53	57	11
PSMB7	2072	1450	266
PSMB8	156	166	27
PSMB8-AS1	5	1	0
PSMB9	444	385	73
PSMC1	543	493	92
PSMC2	765	636	124
PSMC3	455	381	109
PSMC3IP	169	126	37
PSMC4	593	328	98
PSMC5	532	415	102
PSMC6	1369	1206	234
PSMD1	3297	2047	427
PSMD10	74	84	12
PSMD11	1651	1250	268
PSMD12	1384	1143	206
PSMD13	934	661	117
PSMD14	1929	1323	239
PSMD14-DT	300	209	45
PSMD2	681	434	110
PSMD3	536	363	86
PSMD3-AS1	20	16	0
PSMD4	567	456	89
PSMD5	1004	824	133
PSMD6	487	304	79
PSMD6-AS1	99	100	12
PSMD6-AS2	508	376	71
PSMD7	564	491	95
PSMD7-DT	949	710	151
PSMD8	519	428	100
PSMD9	3	3	0
PSME1	222	188	40
PSME2	683	492	130
PSME3	465	428	95
PSME3IP1	1646	1169	270
PSME4	7689	5497	1075
PSMF1	1735	1332	266
PSMG1	342	237	71
PSMG2	1037	886	164
PSMG3	76	55	19
PSMG3-AS1	232	267	33
PSMG4	928	814	176
PSORS1C1	111	75	5
PSORS1C2	12	3	0
PSPC1	6594	4362	837
PSPC1-AS2	7	4	0
PSPH	597	479	107
PSPN	33	18	3
PSRC1	110	78	25
PSTK	248	172	35
PSTPIP1	612	433	110
PSTPIP2	2829	2263	512
PTAFR	425	351	96
PTAR1	2158	1821	296
PTBP1	1759	1301	307
PTBP2	8511	6667	962
PTBP3	4645	3042	546
PTCD1	27	18	5
PTCD2	682	547	86
PTCD3	2830	2583	456
PTCH1	1186	914	162
PTCH2	779	455	125
PTCHD1	188	133	30
PTCHD1-AS	100	71	18
PTCHD3	20	23	5
PTCHD4	1016	589	80
PTCRA	483	342	104
PTCSC2	190	203	40
PTCSC3	38	31	9
PTDSS1	1316	931	200
PTDSS2	955	643	187
PTEN	10499	7684	1198
PTENP1-AS	51	28	8
PTER	867	600	143
PTF1A	2	4	0
PTGDR	179	87	20
PTGDR2	14	11	1
PTGDS	11	11	4
PTGER1	39	24	17
PTGER2	82	81	15
PTGER3	649	575	105
PTGER3-AS1	1	7	1
PTGER4	245	201	62
PTGER4P2-CDK2AP2P2	10	3	3
PTGES	60	37	11
PTGES2	221	151	39
PTGES2-AS1	9	10	5
PTGES3	3562	3097	519
PTGES3L-AARSD1	26	12	1
PTGFR	429	316	83
PTGFRN	531	349	80
PTGIR	228	167	57
PTGIS	482	423	78
PTGR1	913	807	170
PTGR2	15	15	5
PTGS1	462	281	122
PTGS2	87	85	20
PTH	8	4	1
PTH1R	1202	921	185
PTH2	4	2	1
PTH2R	705	501	126
PTHLH	34	29	3
PTK2	23971	17173	2834
PTK2B	4291	3520	754
PTK6	55	36	6
PTK7	4008	2838	581
PTMA	2049	1702	338
PTMS	565	417	111
PTN	1408	1533	204
PTOV1	643	515	129
PTOV1-AS1	402	307	62
PTOV1-AS2	81	79	14
PTP4A1	147	108	24
PTP4A2	1949	1355	321
PTP4A3	767	496	157
PTPA	563	409	113
PTPDC1	926	695	126
PTPN1	2887	2224	463
PTPN11	2504	1765	351
PTPN12	8535	7244	1163
PTPN13	1910	1567	290
PTPN14	5326	3725	565
PTPN18	533	372	99
PTPN2	4614	3126	666
PTPN20	129	83	18
PTPN21	1560	991	189
PTPN22	1171	927	172
PTPN23	1111	823	205
PTPN23-DT	62	74	14
PTPN3	589	454	132
PTPN4	7145	4845	855
PTPN5	362	183	42
PTPN6	583	519	118
PTPN7	656	513	115
PTPN9	2020	1312	267
PTPRA	10008	7187	1233
PTPRB	7396	5237	663
PTPRB-AS1	258	183	37
PTPRC	9400	7395	1328
PTPRC-AS1	56	46	13
PTPRD	17672	13701	2229
PTPRD-AS1	29	25	6
PTPRD-DT	5	9	0
PTPRE	4075	3268	734
PTPRE-AS1	11	14	4
PTPRF	2335	1664	384
PTPRG	21007	13480	2309
PTPRG-AS1	552	469	54
PTPRH	151	100	25
PTPRJ	14008	8725	1812
PTPRJ-AS1	9	3	2
PTPRK	11569	8725	1527
PTPRK-AS1	103	63	17
PTPRM	27965	21366	3234
PTPRN	131	111	25
PTPRN2	2796	2680	506
PTPRN2-AS1	26	18	5
PTPRN2-AS2	5	6	0
PTPRN2-AS3	14	16	0
PTPRO	1074	786	168
PTPRQ	1076	887	211
PTPRR	751	514	127
PTPRS	3661	2806	554
PTPRS-AS1	1	0	0
PTPRT	3359	2548	625
PTPRT-AS1	0	4	0
PTPRT-DT	16	7	5
PTPRU	602	487	97
PTPRZ1	540	400	86
PTRH1	240	149	46
PTRH2	525	464	98
PTRHD1	53	39	12
PTS	1084	849	167
PTTG1	161	106	16
PTTG1IP	2343	1590	399
PTX3	111	223	19
PTX4	7	8	0
PUDP	4012	2931	750
PUF60	310	215	53
PUM1	13655	10273	1730
PUM2	11955	9026	1651
PUM3	5459	3854	678
PURA	511	364	73
PURB	564	432	90
PURG	442	328	47
PURPL	439	341	100
PUS1	513	303	68
PUS1-AS1	58	33	14
PUS10	1066	850	153
PUS3	66	50	11
PUS7	1471	850	158
PUS7L	750	680	117
PUSL1	40	36	4
PVALB	104	55	11
PVALEF	91	76	21
PVR	362	309	71
PVT1	4131	2623	595
PWP1	1124	953	145
PWP2	76	64	19
PWRN1	1587	1557	151
PWRN2	9	9	3
PWRN4	509	538	90
PWWP2A	2517	1829	352
PWWP2B	489	303	84
PWWP3A	3079	2293	438
PWWP3B	98	67	16
PWWP4	0	0	2
PXDC1	541	472	91
PXDN	5242	3818	654
PXDNL	1221	1050	209
PXK	3604	3155	529
PXMP2	52	32	7
PXMP4	346	260	60
PXN	1571	1351	289
PXN-AS1	246	211	36
PXT1	170	138	21
PXYLP1	1259	852	199
PYCARD	25	21	9
PYCARD-AS1	19	8	3
PYCR1	84	56	21
PYCR1-AS1	3	0	0
PYCR2	1	2	0
PYCR3	80	67	11
PYDC1	3	3	0
PYDC2-AS1	289	218	49
PYDC5	23	19	4
PYGB	877	595	116
PYGL	1002	823	172
PYGM	525	429	109
PYGO1	422	310	76
PYGO2	135	115	29
PYGO2-AS1	26	13	10
PYHIN1	758	508	131
PYM1	543	461	109
PYROXD1	611	521	81
PYROXD2	859	736	164
PYY	176	153	27
PZP	207	139	31
QARS1	449	414	97
QDPR	678	488	96
QKI	16817	10905	1796
QKILA	31	19	3
QPCT	143	97	16
QPCTL	235	181	57
QPRT	547	452	129
QRFP	4	6	2
QRFPR	148	95	27
QRICH1	3374	2647	545
QRICH2	535	389	83
QRSL1	1313	962	174
QSER1	4112	3161	513
QSOX1	603	462	90
QSOX2	1146	861	232
QTMAN-AS1	109	78	16
QTRT1	368	260	66
QTRT2	778	616	114
R3HCC1	274	185	67
R3HCC1L	2724	2022	422
R3HDM1	6926	4733	933
R3HDM2	9558	7230	1446
R3HDM2-DT	8	9	0
R3HDM4	493	382	103
R3HDML	81	80	15
R3HDML-AS1	164	114	23
RAB10	8297	5451	1144
RAB11A	2071	1610	337
RAB11B	544	499	119
RAB11B-AS1	414	314	68
RAB11FIP1	964	861	159
RAB11FIP2	952	769	116
RAB11FIP3	3369	2624	519
RAB11FIP4	643	469	114
RAB11FIP5	774	561	122
RAB12	1491	1089	201
RAB12-AS1	0	0	1
RAB13	10	4	0
RAB14	1603	1384	201
RAB15	355	239	60
RAB17	169	114	29
RAB17-DT	23	24	2
RAB18	1898	1497	298
RAB19	192	169	21
RAB1A	6049	4758	777
RAB1B	420	348	82
RAB20	1032	810	175
RAB21	1361	1152	209
RAB22A	1612	1163	231
RAB23	333	303	60
RAB24	6	5	1
RAB25	50	34	13
RAB26	87	56	11
RAB27A	1962	1771	340
RAB27B	922	623	228
RAB27B-AS1	19	6	3
RAB28	6248	4407	663
RAB29	159	116	21
RAB2A	6136	4332	751
RAB2B	705	579	119
RAB30	1158	801	111
RAB30-DT	1898	1425	279
RAB31	2779	1843	405
RAB32	238	231	30
RAB33A	86	40	11
RAB33B	196	220	38
RAB33B-AS1	1668	1309	246
RAB34	101	83	15
RAB35	905	639	166
RAB35-AS1	51	25	11
RAB36	88	71	19
RAB37	657	493	132
RAB37-AS1	16	9	3
RAB38	311	179	41
RAB39A	310	218	51
RAB39B	24	9	1
RAB3A	67	60	10
RAB3B	236	148	26
RAB3C	745	528	124
RAB3C-AS1	101	93	21
RAB3D	339	326	82
RAB3GAP1	5070	3808	618
RAB3GAP2	4493	3584	589
RAB3IL1	335	230	77
RAB3IP	633	452	103
RAB3IP-DT	66	50	14
RAB40A	117	79	16
RAB40AL	18	15	0
RAB40B	697	486	106
RAB40C	1566	1075	255
RAB41	9	0	0
RAB42	29	27	2
RAB44	121	133	23
RAB4A	1058	830	168
RAB4A-AS1	93	72	30
RAB4B-EGLN2	34	25	10
RAB5A	2385	1769	360
RAB5B	842	810	165
RAB5C	7	7	4
RAB5C-AS1	32	27	8
RAB5IF	5	5	0
RAB6A	4695	3422	570
RAB6B	161	143	35
RAB6C	2	4	2
RAB6D	8	4	1
RAB7A	5791	4270	826
RAB7B	365	341	76
RAB8A	538	476	104
RAB8B	3900	3150	463
RAB9A	386	396	71
RABAC1	12	21	3
RABEP1	6911	4882	1006
RABEP2	1649	1288	291
RABEPK	753	676	144
RABGAP1	7268	5710	924
RABGAP1L	18565	13369	2325
RABGAP1L-AS1	122	75	17
RABGAP1L-DT	228	161	32
RABGEF1	6	1	0
RABGGTA	133	83	22
RABGGTB	1040	807	192
RABIF	128	105	21
RABL2A	532	392	74
RABL2B	566	511	110
RABL3	599	418	92
RABL6	920	613	139
RAC1	2017	1551	296
RAC2	705	611	142
RAC3	18	13	5
RACGAP1	1110	881	200
RACK1	908	706	130
RAD1	361	278	43
RAD17	1426	1148	213
RAD18	2342	2057	323
RAD21	2605	2228	417
RAD21-AS1	40	15	5
RAD21L1	43	37	10
RAD23A	541	446	142
RAD23B	3122	2274	414
RAD50	9	6	1
RAD51	668	493	126
RAD51-AS1	515	462	71
RAD51AP1	428	378	70
RAD51AP2	28	28	5
RAD51B	19984	16227	3097
RAD51B-AS1	30	17	6
RAD51C	1023	874	162
RAD52	1589	1531	313
RAD54B	603	472	100
RAD54L	668	435	125
RAD54L2	3298	2117	440
RAD9A	2225	2245	399
RAD9B	168	138	27
RADIL	534	551	96
RADX	99	85	27
RAE1	658	536	115
RAET1E	5	6	2
RAET1E-AS1	147	74	23
RAET1G	18	7	4
RAET1L	22	20	4
RAF1	4785	3559	709
RAG1	1149	948	208
RAG2	573	432	100
RAI1	5254	3818	837
RAI1-AS1	72	42	12
RAI14	7739	5228	902
RAI14-DT	0	2	0
RAI2	270	205	41
RALA	3185	3006	430
RALB	1627	1142	233
RALBP1	1567	1362	251
RALGAPA1	6823	5387	824
RALGAPA2	6089	4788	927
RALGAPB	3312	2279	381
RALGDS	137	97	24
RALGPS1	3668	2650	603
RALGPS2	9932	7782	1096
RALGPS2-AS1	37	24	8
RALY	4721	3308	699
RALY-AS1	103	76	21
RALYL	1918	1444	328
RAMP1	499	331	91
RAMP2	77	40	7
RAMP2-AS1	277	172	34
RAMP3	91	77	10
RAN	243	275	54
RANBP1	409	288	69
RANBP10	2686	2283	448
RANBP17	6208	4114	673
RANBP2	3737	2511	548
RANBP3	2570	1933	403
RANBP3-DT	222	164	39
RANBP3L	162	170	31
RANBP6	254	167	40
RANBP9	4410	3088	549
RANGAP1	991	804	178
RANGRF	39	31	7
RAP1A	6324	4425	785
RAP1B	6212	4799	849
RAP1GAP	358	235	123
RAP1GAP2	2397	1787	442
RAP1GAP2-AS1	4	0	2
RAP1GDS1	5023	3411	620
RAP1GDS1-AS1	76	45	14
RAP2A	769	666	103
RAP2B	253	208	58
RAP2C	495	391	82
RAP2C-AS1	2178	1673	268
RAPGEF1	7600	5484	1245
RAPGEF2	17110	11861	2108
RAPGEF3	903	709	143
RAPGEF4	2951	2083	389
RAPGEF4-AS1	126	98	24
RAPGEF5	7733	8134	1073
RAPGEF6	63	33	9
RAPGEFL1	205	131	39
RAPH1	7992	5630	975
RAPSN	160	101	20
RARA	1204	928	257
RARA-AS1	52	40	13
RARB	7732	6149	923
RARG	577	439	76
RARRES1	300	251	54
RARRES2	259	179	39
RARS1	1854	1383	282
RARS2	3622	2834	567
RASA1	8461	6092	961
RASA2	8482	6087	1126
RASA3	7050	4909	1517
RASA4B	348	246	38
RASAL1	188	196	32
RASAL2	10253	6369	863
RASAL2-AS1	32	18	7
RASAL3	765	527	155
RASD1	25	24	5
RASD2	49	23	4
RASEF	225	169	54
RASGEF1A	219	176	42
RASGEF1B	7788	6410	1165
RASGEF1C	398	321	80
RASGRF1	500	349	56
RASGRF2	1064	694	135
RASGRF2-AS1	29	14	5
RASGRF2-AS2	4	3	0
RASGRP1	1885	1377	329
RASGRP2	1204	920	268
RASGRP3	4603	3032	424
RASGRP4	100	101	35
RASIP1	1165	1033	182
RASL10A	28	24	10
RASL10B	69	57	13
RASL11A	30	39	5
RASL12	363	357	65
RASSF1	989	610	166
RASSF1-AS1	17	12	3
RASSF10	10	2	3
RASSF10-DT	13	15	4
RASSF2	2078	1532	314
RASSF3	5142	3347	645
RASSF3-DT	39	23	6
RASSF4	1034	768	187
RASSF5	1877	1698	409
RASSF6	1417	1031	297
RASSF7	56	56	13
RASSF8	2571	1661	229
RASSF8-AS1	435	311	62
RASSF9	194	179	38
RAVER1	497	308	92
RAVER2	1472	1306	185
RAX	30	18	7
RAX2	9	2	1
RB1	9246	6788	1147
RB1-DT	47	37	9
RB1CC1	5624	5088	845
RBAK-RBAKDN	200	180	32
RBBP4	4040	3070	639
RBBP5	1008	719	153
RBBP6	2803	2404	478
RBBP7	1906	1441	265
RBBP8	1634	1215	252
RBBP8NL	42	30	15
RBBP9	119	139	26
RBCK1	1062	836	164
RBFOX1	11526	8854	1877
RBFOX2	14859	11891	1896
RBFOX3	1035	758	172
RBIS	343	301	59
RBKS	420	303	64
RBL1	2672	1852	442
RBL2	3570	2886	536
RBM10	1735	1400	305
RBM11	29	30	4
RBM12B	1164	955	191
RBM12B-DT	10	7	5
RBM14-RBM4	1346	971	185
RBM15	1106	789	169
RBM15-AS1	279	198	40
RBM15B	137	95	26
RBM17	2955	2272	509
RBM18	392	386	83
RBM19	2440	1689	379
RBM19-AS1	15	18	7
RBM20	1299	940	234
RBM22	599	569	113
RBM23	1282	1088	236
RBM24	624	458	113
RBM25	16374	11361	2673
RBM25-AS1	25	24	4
RBM26	7639	6012	1009
RBM26-AS1	242	230	43
RBM27-POU4F3	136	128	23
RBM28	2132	1675	371
RBM3	680	573	130
RBM33	9704	7401	1387
RBM33-DT	25	32	11
RBM34	5	2	4
RBM38	717	637	180
RBM38-AS1	201	123	50
RBM39	12711	11824	2250
RBM4	1546	1310	256
RBM41	1827	1524	238
RBM42	194	169	36
RBM43	183	176	32
RBM44	135	107	28
RBM45	663	496	97
RBM46	87	40	21
RBM46-AS1	124	111	13
RBM47	7710	5259	1198
RBM47-AS1	13	5	3
RBM48	409	416	68
RBM4B	388	318	75
RBM5	4830	4080	897
RBM5-AS1	11	20	9
RBM6	19113	15265	2984
RBM7	34	23	5
RBM8A	222	184	40
RBMS1	20102	13004	2045
RBMS2	3255	3467	556
RBMS3	10232	8397	1027
RBMS3-AS1	14	6	1
RBMS3-AS2	543	415	91
RBMS3-AS3	905	703	169
RBMX	6333	4779	905
RBMX2	219	198	33
RBMXL1	2	0	0
RBMXL2	2	7	0
RBMXL3	4	2	0
RBP1	341	356	72
RBP2	51	39	11
RBP3	10	10	4
RBP4	52	26	5
RBP5	507	366	83
RBP7	299	305	42
RBPJ	5348	4215	810
RBPJL	79	57	111
RBPMS	13069	10582	1686
RBPMS-AS1	74	27	8
RBPMS2	464	346	83
RBSN	2	0	0
RBX1	1422	1056	244
RC3H1	4894	3985	750
RC3H1-DT	16	5	2
RC3H2	4551	3474	784
RCAN1	0	4	0
RCAN2	2876	1530	207
RCAN2-DT	398	235	56
RCAN3	476	369	85
RCAN3AS	186	151	46
RCBTB1	1029	617	129
RCBTB2	1330	973	187
RCC1	1093	871	212
RCC1L	1233	909	205
RCC2	2095	1483	305
RCC2-AS1	6	0	0
RCCD1	216	157	38
RCCD1-AS1	25	26	7
RCE1	65	46	6
RCHY1	1165	996	175
RCL1	2223	1464	346
RCN1	25	19	4
RCN2	1061	853	160
RCN3	728	579	181
RCOR1	10869	7131	1373
RCOR2	35	22	4
RCOR3	3726	3064	517
RCSD1	4040	3397	721
RCVRN	46	24	4
RD3	37	25	8
RD3L	0	0	0
RDH10	650	373	78
RDH10-AS1	139	100	19
RDH11	223	154	42
RDH12	70	52	11
RDH13	162	96	35
RDH14	34	20	2
RDH16	21	19	7
RDH8	40	20	8
RDM1	52	40	11
RDX	5428	3633	609
REC114	397	214	51
REC8	345	275	58
RECK	1405	1153	184
RECQL	843	679	141
RECQL4	160	127	43
RECQL5	729	583	128
REELD1	45	22	4
REEP1	1277	962	211
REEP2	52	40	5
REEP3	1938	1302	259
REEP4	138	103	38
REEP5	1125	842	150
REEP6	30	24	9
REG1A	12	8	1
REG1B	3	4	1
REG3A	3	1	0
REG3G	1	4	2
REG4	21	18	7
REL	1792	1720	243
REL-DT	328	246	61
RELA	418	399	69
RELA-DT	85	66	13
RELB	1812	1294	339
RELCH	3654	2673	412
RELL1	1173	836	162
RELL2	143	104	28
RELN	1778	1332	312
RELT	693	535	156
REM1	325	484	111
REM2	43	26	6
REN	125	88	25
RENBP	380	310	84
RENO1	233	218	46
REP15	22	15	5
REPIN1	13	6	2
REPIN1-AS1	63	65	25
REPS1	4170	2794	517
REPS2	1506	1191	199
RER1	916	729	173
RERE	33851	24084	4023
RERE-AS1	95	43	13
RERG	6386	5407	534
RERG-AS1	26	11	4
RERGL	441	326	64
RESF1	3815	2964	607
RESP18	7	7	3
REST	1688	1435	258
RET	204	133	36
RETN	3	1	1
RETNLB	34	20	3
RETREG1	2128	1628	359
RETREG1-AS1	315	246	60
RETREG2	253	237	56
RETREG3	1431	1358	258
RETSAT	245	208	39
REV1	3850	2641	475
REV3L	7436	6258	1045
REX1BD	269	199	44
REXO1	1316	1020	234
REXO2	352	447	61
REXO4	520	375	103
REXO5	467	429	81
RFC1	3148	2589	451
RFC2	752	610	126
RFC3	4182	3142	463
RFC4	419	339	61
RFC5	341	304	65
RFESD	162	123	33
RFFL	80	94	17
RFK	108	79	18
RFLNA	985	748	174
RFLNB	224	135	38
RFNG	93	77	12
RFPL1	11	7	0
RFPL1S	285	189	36
RFPL2	39	24	9
RFPL3	17	16	2
RFPL3S	52	64	14
RFPL4A	1	3	0
RFPL4AL1	6	1	0
RFPL4B	1	0	0
RFT1	542	362	86
RFTN1	9342	6898	1347
RFTN2	1911	2310	354
RFWD3	1381	974	224
RFX1	1292	1054	232
RFX2	2070	1676	371
RFX2-AS1	45	38	14
RFX2-AS2	119	76	22
RFX3	9010	8122	1180
RFX3-DT	2240	1477	256
RFX4	445	354	70
RFX4-AS1	756	571	124
RFX5	423	351	97
RFX5-AS1	39	12	5
RFX6	71	57	10
RFX7	6140	4823	753
RFX8	421	271	58
RFXANK	328	253	64
RFXAP	349	299	59
RGCC	225	175	44
RGL1	10775	8313	1363
RGL2	689	603	128
RGL3	436	410	152
RGL4	48	39	5
RGMA	544	464	99
RGMB	1082	990	180
RGMB-AS1	35	21	15
RGN	46	46	16
RGP1	278	221	41
RGPD1	216	173	35
RGPD2	101	208	25
RGPD3	203	114	25
RGPD4	270	172	35
RGPD4-AS1	14	10	1
RGPD5	13	16	1
RGPD6	15	19	4
RGPD8	330	297	72
RGR	139	103	32
RGS1	556	367	77
RGS10	1148	782	256
RGS11	30	22	5
RGS12	5011	3990	766
RGS13	60	37	11
RGS14	437	259	62
RGS16	158	109	22
RGS17	448	305	75
RGS18	232	169	45
RGS19	289	154	54
RGS2	802	319	45
RGS2-AS1	2787	1676	392
RGS20	707	858	164
RGS21	55	52	17
RGS22	508	376	74
RGS3	2742	2023	460
RGS3-AS1	130	84	28
RGS4	39	28	8
RGS5	599	382	75
RGS5-AS1	141	112	19
RGS5.1	6	5	0
RGS6	4953	3799	906
RGS7	1495	1126	243
RGS7BP	777	420	89
RGS8	97	67	11
RGS9	455	324	66
RGS9BP	20	15	7
RGSL1	202	158	44
RHAG	239	227	67
RHBDD1	4395	3447	636
RHBDD2	568	432	93
RHBDD3	309	246	64
RHBDF1	263	129	48
RHBDF2	1527	1197	294
RHBDL1	18	11	2
RHBDL2	314	235	48
RHBDL3	433	357	59
RHBG	74	56	15
RHCE	468	319	119
RHCG	46	22	9
RHD	330	351	103
RHEB	2615	1696	294
RHEBL1	77	61	10
RHEX	377	362	58
RHNO1	14	11	3
RHO	25	22	4
RHOA	3393	2451	571
RHOB	182	212	27
RHOBTB1	2424	2046	290
RHOBTB2	443	364	67
RHOBTB2-AS1	156	97	25
RHOBTB3	3579	2757	500
RHOC	90	74	14
RHOD	123	98	22
RHOF	375	276	72
RHOG	257	244	56
RHOH	3520	2717	584
RHOJ	2211	1999	283
RHOQ	1923	1464	220
RHOQ-AS1	114	96	19
RHOT1	3655	2694	587
RHOT2	481	360	108
RHOU	146	131	48
RHOV	9	7	2
RHOXF1	19	4	5
RHOXF1-AS1	106	200	24
RHOXF2	0	0	1
RHOXF2B	0	1	0
RHPN1	310	297	74
RHPN1-AS1	11	12	0
RHPN2	632	542	131
RIBC1	58	31	13
RIBC2	175	146	35
RIC1	4751	3701	572
RIC3	288	222	37
RIC3-DT	16	11	3
RIC8A	216	166	47
RIC8B	3360	2701	498
RICTOR	7472	5829	1037
RICTOR-DT	13	19	0
RIDA	249	223	40
RIF1	6179	5207	821
RIIAD1	67	41	14
RILP	71	60	23
RILPL1	2571	1736	377
RILPL2	760	686	126
RIMBP2	901	634	142
RIMBP2-AS1	21	20	4
RIMBP3	5	2	1
RIMBP3B	0	2	0
RIMKLA	147	83	14
RIMKLB	4311	3356	598
RIMOC1	421	410	76
RIMS1	1269	1023	193
RIMS2	1612	1259	310
RIMS3	178	134	36
RIMS4	107	75	12
RIN1	62	44	12
RIN2	8648	6503	1056
RIN3	6602	4613	894
RING1	564	424	102
RINL	245	176	49
RINT1	1397	1020	212
RIOK1	833	637	142
RIOK2	427	430	63
RIOK3	2219	1815	410
RIOX1	59	44	7
RIOX2	471	306	74
RIPK1	1729	1066	277
RIPK2	504	436	74
RIPK2-DT	6149	4922	734
RIPK3	79	69	17
RIPK4	242	210	57
RIPOR1	1214	938	253
RIPOR2	6617	5258	960
RIPOR3	4897	3232	1305
RIPOR3-AS1	125	104	23
RIPPLY2	1	7	0
RIPPLY3	112	93	24
RIT1	619	636	105
RIT2	1117	879	182
RITA1	136	101	26
RLBP1	14	14	4
RLF	4174	3564	578
RLIM	838	769	121
RLN1	14	16	6
RLN2	3	6	1
RLN3	11	4	2
RMC1	825	538	148
RMDN1	1287	1181	234
RMDN2	1836	1539	191
RMDN2-AS1	351	277	61
RMDN3	808	620	143
RMEL3	300	298	59
RMI1	383	349	63
RMI2	1110	864	181
RMI2-AS1	11	1	1
RMND1	996	830	175
RMND5A	1552	986	222
RMND5B	909	723	149
RMRP	6556	1767	421
RMST	377	268	75
RN7SL832P	58	52	5
RNASE1	59	31	9
RNASE10	104	57	29
RNASE11	3	2	1
RNASE11-AS1	40	32	8
RNASE2	2	0	0
RNASE2CP	6	0	0
RNASE3	2	1	0
RNASE4	1	0	0
RNASE6	18	14	5
RNASE7	9	7	6
RNASE9	1	4	1
RNASEH1-DT	141	118	28
RNASEH2B	3441	2645	513
RNASEH2B-AS1	288	171	45
RNASEH2C	187	146	31
RNASEK	14	6	2
RNASEL	205	208	43
RNASET2	337	360	50
RND1	62	63	8
RND2	30	7	5
RND3	1738	1440	264
RNF10	2845	2289	488
RNF103-CHMP3	1156	930	183
RNF11	931	910	136
RNF111	4140	2980	524
RNF112	34	12	11
RNF112-AS1	0	2	0
RNF113A	35	17	8
RNF113B	3	5	0
RNF114	1259	1054	217
RNF115	4338	3098	584
RNF121	1908	1409	276
RNF122	652	597	111
RNF123	837	621	228
RNF126	502	357	78
RNF128	191	124	40
RNF13	3497	2816	472
RNF130	4093	3050	519
RNF130-AS1	0	0	0
RNF135	540	398	68
RNF138	1008	785	118
RNF139	255	208	40
RNF139-DT	110	87	28
RNF14	842	590	117
RNF141	477	391	61
RNF144A	5475	5674	837
RNF144B	1121	1054	195
RNF145	2637	1836	319
RNF146	911	891	174
RNF149	26466	18210	5813
RNF150	5971	5280	738
RNF151	7	13	5
RNF152	1473	1444	233
RNF157	679	505	93
RNF157-AS1	97	49	15
RNF165	1950	1757	283
RNF166	356	251	70
RNF167	286	247	65
RNF168	1781	1252	273
RNF169	2859	2014	356
RNF17	181	148	34
RNF170	1394	1231	230
RNF175	96	74	20
RNF180	1148	737	139
RNF181	60	52	9
RNF182	69	61	11
RNF183	113	86	27
RNF185	1082	862	184
RNF186	8	1	0
RNF186-AS1	6	1	2
RNF187	215	177	44
RNF19A	4021	3114	554
RNF19B	452	425	93
RNF2	1320	940	165
RNF20	1414	949	225
RNF207	303	209	56
RNF208	9	7	1
RNF212	319	355	46
RNF212-DT	18	38	5
RNF212B	419	345	78
RNF213	14774	10718	2778
RNF213-AS1	1218	1110	180
RNF214	1896	1485	325
RNF215	799	737	197
RNF216	6865	5081	1004
RNF216P1	333	331	52
RNF217	2678	2173	352
RNF217-AS1	1433	1096	218
RNF220	1882	1434	292
RNF222	56	36	4
RNF223	14	11	0
RNF224	30	15	5
RNF225	2	2	1
RNF227	39	30	8
RNF228	44	27	6
RNF24	3324	2559	485
RNF25	149	142	27
RNF26	28	26	2
RNF26-AS1	10	2	1
RNF31	68	44	7
RNF32	91	84	18
RNF32-AS1	31	23	9
RNF32-DT	923	851	135
RNF34	952	724	163
RNF38	7460	5428	918
RNF39	14	13	4
RNF4	3119	2182	498
RNF40	1047	786	212
RNF41	514	415	98
RNF44	657	536	136
RNF5	53	79	11
RNF6	417	390	78
RNF7	43	29	13
RNF8	718	559	137
RNFT1	310	304	45
RNFT1-DT	59	36	6
RNFT2	1035	809	179
RNGTT	7232	4874	913
RNH1	366	335	70
RNLS	1473	1059	179
RNMT	1607	1372	210
RNPC3	2595	2093	428
RNPC3-DT	363	235	57
RNPEP	697	514	105
RNPEPL1	208	154	36
RNPS1	1019	777	167
RO60	1370	1019	194
ROBO1	16368	14979	2016
ROBO2	39505	32314	3566
ROBO3	219	247	39
ROBO4	737	671	134
ROCK1	10470	8185	1386
ROCK2	11614	8113	1359
ROCR	88	67	11
ROGDI	47	43	14
ROM1	75	49	11
ROMO1	49	34	7
ROPN1	40	22	8
ROPN1B	11	7	2
ROPN1L	161	97	28
ROPN1L-AS1	12	5	2
ROR1	10884	9497	1283
ROR1-AS1	384	345	64
ROR2	10108	7752	1161
RORA	28575	23698	3493
RORA-AS1	1139	913	183
RORA-AS2	10	10	3
RORA-AS3	80	75	7
RORA-AS4	1	4	0
RORB	785	543	136
RORB-AS1	32	32	4
RORC	545	392	101
ROS1	82	75	18
RP1	1238	691	136
RP1L1	379	253	53
RP2	439	411	62
RP9	374	365	59
RPA1	1783	1222	252
RPA2	945	676	142
RPA3	619	475	91
RPAIN	901	665	160
RPAP1	572	430	79
RPAP2	3982	2915	525
RPAP3	1508	990	179
RPAP3-DT	284	214	52
RPE	1049	721	116
RPE65	51	23	3
RPEL1	8	8	1
RPF1	450	400	79
RPF2	1150	901	164
RPGR	1103	762	140
RPGRIP1	311	229	40
RPGRIP1L	865	643	138
RPH3A	757	530	108
RPH3AL	2242	1716	445
RPH3AL-AS1	16	7	4
RPH3AL-AS2	24	11	2
RPH3AL-AS3	0	0	0
RPIA	877	599	110
RPL10	712	550	129
RPL10A	546	454	86
RPL10L	3	2	0
RPL11	1036	735	146
RPL12	472	412	85
RPL13	869	586	141
RPL13A	2991	2238	678
RPL14	706	624	125
RPL15	339	297	36
RPL17	4	2	0
RPL17-C18orf32	43	22	8
RPL18	304	213	74
RPL18A	144	135	17
RPL19	525	496	87
RPL21	521	443	100
RPL22	245	211	41
RPL22L1	148	118	20
RPL23	793	713	137
RPL23A	2424	1786	532
RPL24	509	479	129
RPL26L1	128	112	25
RPL26L1-AS1	59	55	6
RPL27	366	273	62
RPL27A	860	760	167
RPL28	510	412	91
RPL29	129	135	28
RPL3	2610	1929	536
RPL30	1049	803	162
RPL30-AS1	10	9	4
RPL31	1716	1386	299
RPL32	566	440	92
RPL34	735	617	117
RPL34-DT	850	645	156
RPL35	469	321	70
RPL35A	352	353	78
RPL36	407	320	71
RPL36A	8	2	0
RPL36A-HNRNPH2	98	47	11
RPL36AL	89	82	12
RPL37	1115	907	179
RPL37A	1998	1351	246
RPL37A-DT	93	89	16
RPL38	614	472	103
RPL39	127	100	25
RPL39L	304	190	46
RPL3L	439	320	61
RPL4	1613	1227	302
RPL41	295	207	51
RPL5	1516	1096	251
RPL6	890	699	113
RPL7	968	750	167
RPL7A	683	497	125
RPL7L1	803	757	145
RPL8	289	250	58
RPL9	462	411	60
RPLP0	429	313	72
RPLP1	668	448	108
RPLP2	602	429	99
RPN1	1142	921	201
RPN2	1972	1142	229
RPP14	92	85	15
RPP25	14	13	9
RPP25L	29	19	5
RPP30	659	636	120
RPP38	1014	755	146
RPP38-DT	33	15	6
RPP40	143	109	17
RPRD1A	3232	2450	483
RPRD1B	2417	1876	339
RPRD2	6546	5051	911
RPRML	1	3	0
RPS10-NUDT3	368	244	52
RPS11	706	543	142
RPS12	490	372	73
RPS13	483	308	79
RPS14	778	568	133
RPS15	123	109	15
RPS15A	297	256	53
RPS16	430	301	59
RPS18	485	404	70
RPS19	933	634	167
RPS19BP1	141	180	42
RPS2	340	202	44
RPS20	777	602	119
RPS21	166	117	27
RPS21-DT	37	30	8
RPS23	569	453	115
RPS24	1496	930	184
RPS25	620	472	104
RPS26	130	130	28
RPS27	205	176	35
RPS27A	592	514	115
RPS27L	675	798	97
RPS28	174	111	20
RPS29	1257	879	198
RPS3	2069	1506	398
RPS3A	1218	929	275
RPS4X	450	399	106
RPS4Y1	2793	1998	70
RPS4Y2	10	10	0
RPS5	236	189	58
RPS6	1408	1033	192
RPS6KA1	1126	857	193
RPS6KA2	6952	5877	917
RPS6KA2-AS1	3	0	0
RPS6KA3	4016	3061	525
RPS6KA4	379	212	46
RPS6KA5	4859	4069	673
RPS6KA6	1122	841	129
RPS6KB1	2054	1666	290
RPS6KB2	405	326	59
RPS6KB2-AS1	68	48	14
RPS6KC1	6082	4449	711
RPS6KL1	129	108	32
RPS7	501	374	88
RPS8	1871	1408	342
RPS9	918	724	184
RPSA	859	624	113
RPSAP58	1035	884	133
RPTN	2	4	2
RPTOR	8749	6092	1340
RPUSD1	41	35	15
RPUSD2	102	77	16
RPUSD3	341	282	63
RPUSD4	327	248	43
RRAD	22	30	6
RRAGA	107	78	20
RRAGAP1-AS1	65	48	16
RRAGB	1258	1089	187
RRAGC	33	17	3
RRAGC-DT	1438	1061	188
RRAGD	408	311	69
RRAS	110	123	32
RRAS2	3140	1864	351
RRBP1	4954	3682	851
RREB1	9367	6136	1225
RRH	91	55	15
RRM1	1106	831	163
RRM1-AS1	0	0	0
RRM2	2977	2184	520
RRM2B	382	352	59
RRN3	871	674	133
RRN3P2	794	677	129
RRP1	377	278	75
RRP12	1100	769	182
RRP15	1011	676	137
RRP1B	1429	1022	178
RRP36	582	417	99
RRP7A	441	410	107
RRP8	403	250	68
RRP9	141	102	28
RRS1	27	22	3
RS1	113	65	20
RSAD1	349	276	50
RSAD2	280	206	43
RSBN1	1281	1082	189
RSBN1L	3776	2679	525
RSF1	8348	6612	1141
RSKR	369	307	64
RSL1D1	676	677	148
RSL1D1-DT	807	750	145
RSL24D1	309	354	52
RSPH1	78	62	11
RSPH10B	62	52	11
RSPH10B2	67	50	9
RSPH14	233	204	51
RSPH3	583	462	96
RSPH4A	67	37	7
RSPH6A	111	77	15
RSPH9	251	215	61
RSPO1	91	72	19
RSPO2	399	282	86
RSPO3	329	239	48
RSPO4	134	93	23
RSPRY1	1557	1354	239
RSRC1	6933	4853	836
RSRC2	3999	3640	720
RSRP1	4847	4751	1102
RSU1	5584	3723	671
RTBDN-AS1	26	20	6
RTCA	1039	874	154
RTCA-AS1	191	156	35
RTCB	751	506	118
RTEL1	118	78	22
RTEL1-TNFRSF6B	5	0	1
RTF1	2660	2050	360
RTF2	1404	994	213
RTKN	634	605	126
RTKN2	967	706	143
RTL1	520	388	84
RTL3	8	4	5
RTL4	451	401	84
RTL5	61	39	7
RTL6	93	58	14
RTL8A	39	21	5
RTL8B	22	18	1
RTL8C	95	86	29
RTL9	362	240	62
RTN1	1241	767	180
RTN2	341	278	58
RTN3	2490	2034	406
RTN4	5768	4425	784
RTN4IP1	656	485	98
RTN4R	430	268	114
RTN4RL1	656	451	83
RTN4RL1-AS1	16	5	1
RTN4RL1-AS2	39	22	5
RTN4RL2	116	80	17
RTP1	36	34	4
RTP2	6	7	1
RTP3	18	14	3
RTP4	22	12	4
RTP5	18	19	7
RTRAF	579	371	68
RTTN	3310	2488	428
RUBCN	1879	1427	276
RUBCNL	2399	2537	358
RUFY1	3511	3007	848
RUFY1-AS1	69	57	9
RUFY2	4671	3770	681
RUFY3	6536	4666	904
RUFY4	378	251	59
RUNDC1	434	371	72
RUNDC3A	90	63	42
RUNDC3A-AS1	94	57	25
RUNDC3B	460	302	88
RUNX1	14990	11292	2479
RUNX1-AS1	152	122	31
RUNX1-AS2	1	3	0
RUNX1T1	7548	6158	964
RUNX2	2752	1908	313
RUNX2-AS1	12	2	0
RUNX3	985	710	177
RUNX3-AS1	9	1	0
RUSC1	300	230	57
RUSC1-AS1	145	117	34
RUSC2	1515	1042	207
RUSF1	577	455	105
RUSF1-DT	15	12	2
RUVBL1	894	602	136
RUVBL1-AS1	17	11	4
RUVBL2	393	350	65
RWDD1	366	290	48
RWDD2A	74	51	17
RWDD2B	328	262	59
RWDD3-DT	299	218	45
RWDD4	314	239	49
RXFP1	691	532	108
RXFP1-AS1	28	11	5
RXFP2	94	75	17
RXFP3	9	7	1
RXFP4	11	3	2
RXRA	2568	1793	605
RXRB	363	353	78
RXRG	280	219	48
RXYLT1	431	286	64
RXYLT1-AS1	40	37	8
RYBP	3808	3105	602
RYK	3809	2529	422
RYR1	5463	4009	1080
RYR2	18129	15445	2353
RYR3	9041	8355	1525
RYR3-AS1	2	1	0
RYR3-DT	101	62	15
S100A1	21	18	7
S100A10	187	207	38
S100A11	110	96	16
S100A12	7	4	1
S100A13	226	216	52
S100A14	33	12	7
S100A16	119	103	35
S100A2	29	27	8
S100A4	95	76	30
S100A5	20	10	2
S100A6	66	65	14
S100A7	1	0	0
S100A7A	7	3	1
S100A8	14	18	9
S100A9	22	19	5
S100B	16	19	7
S100G	3	5	0
S100P	11	12	4
S100PBP	2474	1833	340
S100Z	970	574	107
S1PR1	226	219	36
S1PR1-DT	67	42	15
S1PR2	2	0	0
S1PR3	297	247	68
S1PR4	38	25	5
S1PR5	38	23	8
SAA1	40	18	7
SAA2-SAA4	8	7	5
SAAL1	634	456	90
SAC3D1	43	35	10
SACK1A-AS2	3	0	0
SACM1L	2519	2141	420
SACS	3111	2505	473
SACS-AS1	18	14	2
SAE1	4098	3077	644
SAFB	6308	4798	1074
SAFB2	4346	3350	819
SAG	213	128	28
SAGE1	44	32	4
SALL1	20	27	7
SALL1-AS1	560	422	106
SALL2	108	84	17
SALL3	26	7	7
SALL4	64	54	10
SALRNA1	9	11	2
SALRNA2	2	2	0
SAMD1	297	211	57
SAMD10	70	65	18
SAMD11	657	400	108
SAMD12	2431	1874	329
SAMD12-AS1	568	385	102
SAMD13	367	274	54
SAMD14	253	168	34
SAMD15	88	74	20
SAMD3	1868	1121	253
SAMD4A	4952	3624	654
SAMD4A-AS1	2443	1570	344
SAMD4B	2049	1646	351
SAMD5	6585	4777	593
SAMD7	45	26	11
SAMD8	2390	1618	383
SAMD9	460	401	70
SAMD9L	1456	1455	212
SAMHD1	2838	2147	535
SAMM50	752	633	134
SAMMSON	1296	1031	219
SAMSN1	1068	819	173
SAMSN1-AS1	41	17	7
SANBR	2020	1159	207
SAP130	2512	1825	307
SAP18	226	309	52
SAP30	199	165	38
SAP30-DT	117	109	34
SAP30BP	1903	1663	303
SAP30BP-AS1	2	2	1
SAP30L	258	179	41
SAP30L-AS1	854	660	132
SAPCD1-AS1	10	9	1
SAPCD2	62	40	10
SAR1A	1064	1024	171
SAR1B	1102	781	157
SARAF	953	1007	155
SARDH	534	368	98
SARM1	468	353	76
SARNP	98	129	21
SARS1	1349	946	207
SARS2	3	6	3
SART1	1167	837	189
SART3	1758	1444	322
SASH1	8905	6960	1274
SASH3	781	574	137
SASS6	701	558	112
SAT1	1858	1615	372
SAT1-DT	54	29	7
SAT2	312	217	43
SATB1	16	12	3
SATB1-AS1	4059	2873	728
SATB2	546	400	92
SATB2-AS1	122	53	16
SATL1	209	169	45
SAV1	1084	856	102
SAXO1	720	551	105
SAXO2	136	105	36
SAXO3	16	18	2
SAYSD1	141	117	17
SBDS	334	271	53
SBF1	927	741	158
SBF2	18404	13377	2050
SBF2-AS1	579	437	79
SBK1	751	503	128
SBK2	28	18	7
SBK3	4	10	2
SBNO1	4905	3682	706
SBNO1-AS1	70	51	16
SBNO2	1365	1039	336
SBSN	7	5	2
SBSPON	580	381	81
SC5D	214	156	38
SCAANT1	6	3	2
SCAF1	565	433	105
SCAF11	7960	6121	1104
SCAF4	3514	2601	487
SCAF8	9884	7083	1048
SCAI	7207	5175	1127
SCAMP1	2119	1783	268
SCAMP1-AS1	110	98	20
SCAMP2	733	537	119
SCAMP3	340	268	58
SCAMP4	413	347	83
SCAMP5	421	383	81
SCAND1	88	54	8
SCAP	1383	934	234
SCAPER	10154	7453	1419
SCARA3	466	399	68
SCARA5	602	420	106
SCARB1	1450	1176	236
SCARB2	2002	1550	280
SCARF1	702	501	142
SCARF2	655	277	85
SCART1	426	256	55
SCAT1	53	34	13
SCAT2	103	72	14
SCAT8	41	29	7
SCCPDH	992	857	151
SCD	193	120	40
SCD-DT	201	144	43
SCD5	2252	1415	260
SCDAL	120	197	35
SCEL	218	149	43
SCEL-AS1	24	18	4
SCFD1	4619	3771	665
SCFD2	8625	6169	1055
SCFD2-AS1	975	1952	159
SCG2	5	5	0
SCG3	39	36	12
SCG3-AS1	3	1	0
SCG5-AS1	24	18	7
SCGB1A1	185	125	24
SCGB1B2P	4	3	1
SCGB1C1	2	0	0
SCGB1D1	6	3	1
SCGB1D2	1	1	0
SCGB1D4	5	4	0
SCGB2A1	5	4	1
SCGB2A2	174	143	35
SCGB2B2	1115	1085	157
SCGB3A1	8	7	3
SCGB3A2	11	10	1
SCGN	181	153	34
SCHLAP1	496	328	72
SCIMP	327	274	64
SCIN	188	140	35
SCIRT	576	400	115
SCLT1	8151	6163	1188
SCMH1	8158	5831	997
SCML1	928	704	124
SCML2	835	640	120
SCML4	1794	1159	266
SCN10A	254	212	42
SCN11A	1439	950	126
SCN1A	548	407	106
SCN1A-AS1	1182	892	190
SCN1B	83	60	16
SCN2A	575	330	72
SCN2B	69	47	16
SCN3A	613	544	88
SCN3B	234	161	51
SCN4A	428	293	82
SCN4B	89	57	9
SCN5A	368	243	48
SCN7A	3328	3419	548
SCN8A	1906	1529	190
SCN9A	2612	2346	374
SCNM1	303	264	75
SCNN1A	135	105	34
SCNN1B	275	243	46
SCNN1D	153	122	24
SCNN1G	122	77	19
SCO1	541	405	93
SCO2	57	29	13
SCOC	400	352	87
SCOC-AS1	415	311	63
SCP2	1907	1567	262
SCP2D1	0	0	0
SCP2D1-AS1	37	29	3
SCPEP1	211	183	52
SCPPPQ1	0	4	0
SCRG1	262	185	36
SCRG1-AS1	186	171	40
SCRIB	549	386	100
SCRN1	1173	848	169
SCRN2	125	86	27
SCRN3	563	442	67
SCRT1	16	8	3
SCT	13	6	3
SCTR	261	178	58
SCTR-AS1	23	20	7
SCUBE1	360	288	80
SCUBE1-AS1	21	7	2
SCUBE1-AS2	7	7	2
SCUBE2	623	486	116
SCUBE3	140	105	19
SCUBE3-AS1	73	56	8
SCX	17	11	7
SCYGR1	1	0	0
SCYGR10	0	0	0
SCYGR4	0	2	0
SCYGR5	2	0	0
SCYL1	455	319	71
SCYL2	2389	1538	246
SCYL3	834	663	134
SDAD1	1459	1055	217
SDAD1-AS1	76	43	19
SDC1	128	64	22
SDC2	2394	1839	324
SDC3	883	688	258
SDC4	131	112	40
SDCBP	1349	1205	160
SDCBP2	46	39	10
SDCBP2-AS1	842	654	132
SDCCAG8	7955	6508	1153
SDE2	536	509	117
SDF2	351	241	43
SDF2L1	37	20	6
SDF4	645	436	108
SDHAF1	19	8	3
SDHAF3	696	531	113
SDHAF4	462	460	86
SDHB	1144	801	156
SDHC	923	743	147
SDHD	2	2	3
SDK1	5490	4736	850
SDK1-AS1	275	216	53
SDK2	4135	2535	511
SDK2-AS1	14	10	2
SDR16C5	63	55	10
SDR39U1	305	252	63
SDR42E1	57	43	9
SDR42E2	220	155	33
SDR9C7	35	38	7
SDS	254	170	41
SDSL	47	51	12
SEC11A	2043	1403	290
SEC11C	197	139	30
SEC13	801	585	109
SEC14L1	6714	5011	1039
SEC14L2	155	121	27
SEC14L3	107	54	19
SEC14L4	107	91	26
SEC14L5	1019	859	170
SEC14L6	91	82	14
SEC16A	2284	1810	440
SEC16B	18	21	2
SEC22A	1883	1412	222
SEC22B	373	351	68
SEC22C	761	617	132
SEC23A	2623	1982	344
SEC23A-AS1	25	14	4
SEC23B	1308	910	189
SEC23IP	1526	1133	214
SEC24A	2100	1313	272
SEC24B	4917	3635	584
SEC24B-AS1	732	550	105
SEC24C	1192	1019	245
SEC24D	3388	2447	427
SEC31A	5598	4157	785
SEC31B	764	637	143
SEC61A1	937	690	137
SEC61A2	866	614	125
SEC61B	365	284	52
SEC61G	196	212	19
SEC61G-DT	335	198	62
SEC62	2174	2018	387
SEC62-AS1	30	11	7
SEC63	5579	4211	751
SECISBP2	4469	3285	630
SECISBP2L	2641	2582	410
SECTM1	115	62	14
SEH1L	1375	811	139
SEL1L	1882	1401	291
SEL1L2	568	394	86
SEL1L3	2779	2310	312
SELE	74	73	12
SELENBP1	351	425	138
SELENOF	1846	1420	234
SELENOI	1589	1071	204
SELENOK	130	106	21
SELENOM	100	62	16
SELENON	248	198	57
SELENOO	1153	904	216
SELENOO-AS1	30	17	5
SELENOP	1118	1587	189
SELENOS	417	330	68
SELENOT	740	616	92
SELENOV	29	20	6
SELENOW	281	357	62
SELL	325	263	48
SELP	223	154	67
SELPLG	207	141	56
SEM1	2205	2001	318
SEMA3A	5123	5491	707
SEMA3B	457	341	72
SEMA3B-AS1	7	6	1
SEMA3C	3044	2348	506
SEMA3D	2323	1672	217
SEMA3E	1060	751	182
SEMA3F	508	338	70
SEMA3F-AS1	353	248	56
SEMA3G	106	76	13
SEMA4A	337	239	85
SEMA4B	1251	1248	334
SEMA4C	395	308	92
SEMA4D	4609	3149	839
SEMA4F	186	111	31
SEMA4G	90	71	10
SEMA5A	17919	14174	1833
SEMA5A-AS1	14	6	1
SEMA5A-AS2	170	110	29
SEMA5A-AS3	111	96	16
SEMA5B	1006	828	167
SEMA6A	3367	2811	449
SEMA6A-AS1	979	704	120
SEMA6A-AS2	159	102	33
SEMA6B	486	420	89
SEMA6C	403	408	85
SEMA6D	6486	7247	985
SEMA6D-AS1	204	137	36
SEMA7A	719	569	183
SENCR	78	62	17
SENP1	1464	1072	207
SENP2	2027	1634	313
SENP3	78	55	14
SENP3-EIF4A1	27	22	5
SENP5	3874	2751	499
SENP6	11051	8175	1386
SENP7	9692	7749	1278
SENP8	292	203	47
SEPHS1	825	620	126
SEPHS2	68	41	7
SEPSECS	694	558	90
SEPSECS-AS1	2	0	0
SEPTIN1	693	518	153
SEPTIN10	2395	1718	331
SEPTIN11	10586	5027	871
SEPTIN11-DT	511	279	59
SEPTIN14	263	183	45
SEPTIN14P23	0	3	0
SEPTIN2	6265	4960	844
SEPTIN3	148	99	17
SEPTIN4	687	449	113
SEPTIN4-AS1	877	629	107
SEPTIN5	145	121	29
SEPTIN6	5436	4276	991
SEPTIN7	7833	5797	985
SEPTIN7-DT	422	360	61
SEPTIN8	685	426	102
SEPTIN9	10614	7628	1815
SEPTIN9-DT	85	61	16
SERAC1	576	352	105
SERBP1	2453	1941	345
SERF1A	30	19	5
SERF1B	46	40	16
SERF2	767	666	155
SERGEF	2644	1720	334
SERHL2	168	118	20
SERINC1	1097	1356	182
SERINC2	198	135	31
SERINC3	1204	1165	229
SERINC4	10	4	3
SERINC5	6325	5850	1062
SERINC5-AS1	120	68	18
SERP1	900	747	161
SERP2	236	187	40
SERPINA1	59	20	12
SERPINA10	17	10	5
SERPINA11	5	8	1
SERPINA12	38	22	6
SERPINA2	3	5	0
SERPINA5	64	42	11
SERPINA6	16	15	4
SERPINA7	4	1	3
SERPINA9	190	97	29
SERPINB1	170	165	56
SERPINB10	34	26	5
SERPINB11	121	94	25
SERPINB12	42	42	8
SERPINB13	17	18	8
SERPINB2	84	72	20
SERPINB3	3	5	3
SERPINB4	7	3	0
SERPINB5	46	42	11
SERPINB6	1254	939	205
SERPINB7	77	47	7
SERPINB8	144	92	19
SERPINB9	593	393	111
SERPINB9P1	518	332	56
SERPINC1	19	16	3
SERPIND1	38	20	12
SERPINE1	153	146	31
SERPINE2	751	486	115
SERPINE3	79	64	9
SERPINF1	375	342	87
SERPINF2	146	80	18
SERPING1	452	534	102
SERPINH1	977	671	126
SERPINI1	1037	775	119
SERPINI2	232	169	41
SERTAD1	51	52	20
SERTAD2	2319	2074	402
SERTAD2-AS1	25	26	5
SERTAD3	122	82	26
SERTAD3-AS1	14	12	2
SERTAD4	75	70	18
SERTAD4-AS1	38	32	5
SERTM1	23	29	4
SERTM2	9	10	4
SESN1	3492	2664	523
SESN2	188	169	30
SESN3	5168	5561	794
SESTD1	4544	2858	514
SET	970	809	166
SETBP1	11366	8813	1539
SETBP1-DT	31	13	2
SETD1A	982	648	165
SETD1B	1031	675	195
SETD2	11550	8525	1576
SETD3	6076	3951	803
SETD4	860	674	141
SETD4-AS1	19	11	1
SETD5	10123	8385	1443
SETD6	168	168	34
SETD7	978	937	175
SETD9	108	68	21
SETDB1	2377	1866	366
SETDB2	1751	1483	249
SETMAR	297	249	52
SETSIP	5	3	2
SETX	10602	7450	1454
SEZ6	178	127	30
SEZ6L	559	396	91
SEZ6L-AS1	13	12	4
SEZ6L2	395	308	55
SF1	3380	2966	583
SF1-DT	49	44	13
SF3A1	919	764	169
SF3A2	415	416	81
SF3A3	1431	878	207
SF3B1	8390	7196	1579
SF3B2	1602	1330	334
SF3B3	3640	2905	568
SF3B4	145	118	29
SF3B5	26	36	6
SF3B6	172	203	35
SFI1	2530	2102	431
SFMBT1	1000	547	117
SFMBT2	16028	17396	3048
SFN	19	6	5
SFPQ	9801	6977	1540
SFR1	53	60	13
SFRP1	200	159	31
SFRP2	39	36	3
SFRP4	545	423	98
SFRP5	5	6	2
SFSPAT	16	10	2
SFSWAP	5745	4567	886
SFSWAP-AS1	3	5	0
SFT2D1	1339	922	200
SFT2D2	1255	1152	206
SFT2D3	47	39	11
SFTA1P	42	23	8
SFTA2	106	73	12
SFTA3	8	7	1
SFTPA1	3	3	2
SFTPA2	7	2	3
SFTPB	55	43	8
SFTPC	14	16	6
SFTPD	98	83	22
SFTPD-AS1	11	17	2
SFXN1	1703	1446	321
SFXN2	857	711	124
SFXN3	257	270	58
SFXN4	585	445	100
SFXN5	2213	1596	360
SGCA	213	133	38
SGCB	471	497	78
SGCD	20031	16954	2455
SGCE	1991	1559	227
SGCG	4368	4246	684
SGCZ	2457	1898	465
SGF29	822	600	150
SGIP1	689	548	117
SGK1	1492	1137	274
SGK2	113	110	15
SGK3	13	23	7
SGMS1	10719	6670	1384
SGMS1-AS1	178	100	36
SGMS2	249	223	51
SGO1	447	358	67
SGO1-AS1	3382	2926	485
SGO2	892	715	119
SGPL1	2	4	1
SGPP1	1491	1066	180
SGPP2	562	361	97
SGSH	323	195	68
SGSM1	635	512	117
SGSM2	1465	1204	266
SGSM2-AS1	83	24	5
SGSM3	18	42	7
SGSM3-AS1	91	74	22
SGTA	796	653	156
SGTB	616	443	93
SH2B1	1418	1127	222
SH2B2	668	469	127
SH2B3	3025	2138	558
SH2D1B	86	69	18
SH2D2A	227	237	48
SH2D3A	273	214	40
SH2D3C	3141	2337	543
SH2D4A	816	445	96
SH2D4B	276	198	48
SH2D5	29	29	7
SH2D6	73	48	14
SH2D7	99	59	13
SH3BGRL	5294	3521	531
SH3BGRL2	1270	1351	176
SH3BGRL3	57	31	11
SH3BP1	60	41	19
SH3BP2	1848	1389	426
SH3BP4	1253	843	182
SH3BP5	2924	2749	488
SH3BP5-AS1	302	211	47
SH3BP5L	319	268	72
SH3D19	5768	4694	670
SH3D19-AS1	4	0	0
SH3D21	1282	964	187
SH3GL1	1770	1423	347
SH3GL1-AS1	7	9	3
SH3GL2	525	501	76
SH3GL3	626	471	102
SH3GLB1	2158	1931	310
SH3GLB2	340	238	71
SH3KBP1	7811	5206	1046
SH3PXD2A	6460	5514	1092
SH3PXD2A-AS1	60	24	4
SH3PXD2B	2424	2297	426
SH3RF1	4010	3104	598
SH3RF1-AS1	177	107	33
SH3RF2	511	383	88
SH3RF3	4389	3304	597
SH3RF3-AS1	15	4	3
SH3TC1	1621	1403	327
SH3TC2	465	324	79
SH3TC2-DT	264	203	37
SH3YL1	1575	1407	268
SHANK1	436	315	73
SHANK2	1889	1351	351
SHANK2-AS1	12	13	6
SHANK2-AS3	8	1	0
SHANK3	7384	6678	997
SHARPIN	347	295	62
SHB	21	11	3
SHBG	201	149	38
SHC1	583	527	107
SHC2	780	689	119
SHC3	329	260	56
SHC4	417	350	71
SHCBP1	595	402	91
SHCBP1L	175	159	26
SHD	64	43	10
SHE	882	738	127
SHF	495	314	75
SHFL	766	572	176
SHH	25	25	12
SHISA2	57	41	11
SHISA3	28	16	3
SHISA4	24	11	6
SHISA5	704	494	116
SHISA6	988	795	147
SHISA7	39	37	8
SHISA8	29	23	5
SHISA9	795	608	121
SHISAL1	193	151	33
SHISAL2A	422	381	66
SHISAL2B	36	27	7
SHKBP1	554	381	95
SHLD1	2569	1821	406
SHLD2	2983	2170	441
SHMT1	959	708	167
SHMT2	168	138	21
SHOC1	339	254	61
SHOC2	3173	2365	460
SHOX2	69	40	16
SHPRH	4173	3349	546
SHQ1	2009	1471	262
SHROOM1	86	86	18
SHROOM2	1613	1456	202
SHROOM3	2467	1940	353
SHROOM3-AS1	240	118	35
SHROOM4	4188	2306	351
SHTN1	2024	1451	298
SI	267	186	58
SIAE	405	275	66
SIAH1	1525	1153	247
SIAH2	318	318	57
SIAH2-AS1	298	241	39
SIAH3	351	228	52
SIDT1	1501	1194	202
SIDT1-AS1	14	13	3
SIDT2	488	363	66
SIGIRR	328	200	60
SIGLEC1	686	441	142
SIGLEC10	206	101	28
SIGLEC10-AS1	12	7	2
SIGLEC10-AS2	1	1	0
SIGLEC11	53	34	9
SIGLEC12	44	22	11
SIGLEC14	13	3	1
SIGLEC15	106	71	15
SIGLEC16	64	34	15
SIGLEC5	47	22	8
SIGLEC5.1	25	13	2
SIGLEC6	23	21	7
SIGLEC7	99	54	22
SIGLEC8	28	6	3
SIGLEC9	114	93	30
SIGLECL1	53	32	11
SIGMAR1	38	33	10
SIK1	2	5	2
SIK2	3834	3480	624
SIK3	12247	9369	1708
SIKE1	367	342	60
SIL1	5806	4458	896
SIL1-AS1	88	60	19
SILC1	176	118	39
SIM1	177	148	39
SIM1-AS1	53	39	7
SIM2	144	95	27
SIMC1	2536	1871	322
SIN3A	3324	2485	472
SIN3B	2361	1672	410
SINHCAF	1643	1317	258
SIPA1	778	744	136
SIPA1L1	18111	12531	1697
SIPA1L1-AS1	433	412	59
SIPA1L2	15432	12368	2073
SIPA1L3	8649	6620	1307
SIRLNT	194	103	39
SIRPA	394	332	76
SIRPB2	103	80	31
SIRPD	181	123	29
SIRPG	301	187	42
SIRPG-AS1	26	16	6
SIRT1	1387	1086	197
SIRT2	998	830	186
SIRT3	393	303	64
SIRT4	127	121	36
SIRT5	888	750	149
SIRT6	140	147	19
SIRT7	316	223	56
SIT1	39	23	8
SIVA1	438	345	62
SIX1	217	221	51
SIX2	13	6	5
SIX3	53	41	17
SIX3-AS1	4	3	0
SIX4	93	86	18
SIX5	137	102	29
SIX6	18	3	1
SKA1	130	141	32
SKA2	2155	1465	293
SKA3	344	281	58
SKAP1	6087	4734	939
SKAP1-AS1	80	54	11
SKAP1-AS2	35	20	10
SKAP2	5089	4378	607
SKI	5794	4173	1211
SKIDA1	251	136	37
SKIL	1305	845	182
SKIV2L	445	320	94
SKOR1	55	52	13
SKOR1-AS1	41	34	9
SKOR2	79	57	9
SKP1	430	327	68
SKP2	996	767	165
SLA	2299	1649	401
SLA2	702	629	154
SLAIN1	918	598	99
SLAIN2	3013	2102	394
SLAMF1	1185	891	248
SLAMF6	406	339	53
SLAMF7	134	119	17
SLAMF8	43	32	8
SLAMF9	2	4	1
SLBP	869	676	175
SLC10A1	100	81	13
SLC10A2	44	35	8
SLC10A3	24	15	4
SLC10A4	19	11	2
SLC10A5	8	6	3
SLC10A6	72	53	16
SLC10A7	4123	3332	565
SLC11A1	112	104	35
SLC11A2	1242	954	209
SLC12A1	155	108	26
SLC12A2	2362	1713	227
SLC12A2-DT	2953	2045	346
SLC12A3	209	139	29
SLC12A4	839	590	141
SLC12A5	113	60	22
SLC12A5-AS1	57	30	15
SLC12A6	2525	2399	400
SLC12A7	1672	1364	404
SLC12A8	739	515	112
SLC12A9	900	665	151
SLC12A9-AS1	206	183	28
SLC13A1	165	129	30
SLC13A2	55	35	11
SLC13A3	817	614	120
SLC13A4	198	156	34
SLC13A5	92	63	8
SLC14A1	686	447	118
SLC14A2	1054	822	189
SLC14A2-AS1	177	144	34
SLC15A1	170	132	27
SLC15A2	817	757	149
SLC15A3	338	341	71
SLC15A4	996	901	159
SLC15A5	204	139	44
SLC16A1	740	717	120
SLC16A1-AS1	4629	3590	639
SLC16A10	2138	1646	398
SLC16A11	15	19	3
SLC16A12	700	689	133
SLC16A12-AS1	28	15	42
SLC16A13	76	68	8
SLC16A14	526	421	67
SLC16A2	984	776	161
SLC16A3	458	332	109
SLC16A4	226	201	52
SLC16A5	475	328	81
SLC16A6	289	234	53
SLC16A7	3237	2273	386
SLC16A8	25	18	5
SLC16A9	1887	1376	193
SLC17A1	80	70	16
SLC17A2	18	14	3
SLC17A3	142	123	31
SLC17A4	34	17	3
SLC17A5	883	694	144
SLC17A6	66	44	20
SLC17A6-DT	153	95	21
SLC17A7	48	56	8
SLC17A8	235	184	34
SLC17A9	245	311	49
SLC18A1	63	45	12
SLC18A2	475	340	74
SLC18A2-AS1	18	14	4
SLC18B1	700	632	101
SLC19A1	887	671	188
SLC19A2	227	178	39
SLC19A3	108	62	12
SLC1A1	266	222	48
SLC1A2	437	338	83
SLC1A2-AS1	11	3	0
SLC1A2-AS2	12	6	0
SLC1A3	470	329	75
SLC1A3-AS1	213	195	64
SLC1A4	355	253	77
SLC1A5	313	227	67
SLC1A6	262	212	50
SLC1A7	198	146	37
SLC20A1	1114	626	143
SLC20A1-DT	27	24	7
SLC20A2	4545	3493	669
SLC22A1	230	168	48
SLC22A10	38	27	9
SLC22A11	59	26	11
SLC22A12	29	20	4
SLC22A13	80	61	17
SLC22A14	94	89	15
SLC22A15	721	578	97
SLC22A16	182	122	29
SLC22A17	73	65	23
SLC22A18	231	175	38
SLC22A18AS	137	98	31
SLC22A2	264	218	57
SLC22A23	3718	2886	771
SLC22A24	90	66	11
SLC22A25	108	77	18
SLC22A3	764	559	127
SLC22A31	21	14	4
SLC22A4	266	173	36
SLC22A5	292	196	67
SLC22A6	240	150	42
SLC22A7	26	10	0
SLC22A8	43	28	7
SLC22A9	77	39	12
SLC23A1	144	115	28
SLC23A2	3949	2767	560
SLC24A1	554	426	78
SLC24A2	826	626	145
SLC24A3	9310	10426	1495
SLC24A3-AS1	106	59	24
SLC24A3-AS2	23	6	3
SLC24A4	611	427	105
SLC24A5	35	26	6
SLC25A1	59	49	13
SLC25A10	5	0	0
SLC25A11	155	122	27
SLC25A12	2821	2341	447
SLC25A13	4109	2825	438
SLC25A14	222	215	39
SLC25A15	227	135	21
SLC25A16	1868	1391	294
SLC25A17	1857	1550	298
SLC25A18	123	100	24
SLC25A19	252	196	60
SLC25A20	484	371	74
SLC25A21	2017	1436	293
SLC25A21-AS1	30	10	4
SLC25A21-AS2	99	113	20
SLC25A22	135	93	25
SLC25A23	511	415	87
SLC25A24	2077	1883	267
SLC25A25	1552	1337	249
SLC25A25-AS1	223	180	29
SLC25A26	3045	2286	401
SLC25A27	823	788	91
SLC25A28	528	444	85
SLC25A28-DT	16	15	4
SLC25A29	684	590	115
SLC25A29-AS1	35	22	5
SLC25A3	893	712	138
SLC25A30	494	437	81
SLC25A30-AS1	68	54	11
SLC25A31	142	137	23
SLC25A33	1011	725	145
SLC25A34	86	84	17
SLC25A34-AS1	88	46	10
SLC25A35	80	77	21
SLC25A36	2147	1889	317
SLC25A37	2943	2048	617
SLC25A38	335	241	62
SLC25A39	301	248	67
SLC25A4	120	103	27
SLC25A40	867	784	121
SLC25A41	75	53	13
SLC25A42	1097	914	188
SLC25A43	1466	1016	205
SLC25A44	385	268	44
SLC25A45	202	224	50
SLC25A46	978	772	163
SLC25A47	25	13	1
SLC25A48	339	260	40
SLC25A48-AS1	4	0	0
SLC25A5	95	74	15
SLC25A5-AS1	29	13	6
SLC25A52	3	0	0
SLC25A53	729	519	132
SLC26A1	45	30	9
SLC26A11	796	688	150
SLC26A2	274	176	43
SLC26A3	3097	2103	469
SLC26A4	211	158	34
SLC26A4-AS1	24	9	2
SLC26A5	432	332	80
SLC26A5-AS1	143	118	31
SLC26A6	207	121	44
SLC26A7	568	357	95
SLC26A8	347	229	54
SLC26A9	117	75	23
SLC27A1	1700	1331	301
SLC27A2	312	228	46
SLC27A3	153	140	36
SLC27A4	432	239	56
SLC27A5	389	269	55
SLC27A6	1218	907	200
SLC28A1	179	168	32
SLC28A2	28	21	4
SLC28A2-AS1	253	169	41
SLC28A3	261	182	43
SLC28A3-AS1	94	64	15
SLC29A1	481	320	99
SLC29A2	215	179	40
SLC29A3	519	354	95
SLC29A4	279	154	54
SLC2A1	1038	834	275
SLC2A1-DT	235	235	33
SLC2A10	450	372	71
SLC2A11	53	56	13
SLC2A12	323	226	48
SLC2A13	3467	2279	391
SLC2A14	3066	1394	485
SLC2A2	55	37	14
SLC2A3	1462	1320	243
SLC2A4	56	43	11
SLC2A4RG	290	173	36
SLC2A5	265	180	45
SLC2A6	129	92	21
SLC2A7	220	166	38
SLC2A8	134	95	13
SLC2A9	1242	919	206
SLC2A9-AS1	5	7	2
SLC2A9-AS2	2	0	0
SLC30A1	108	89	24
SLC30A10	1009	713	172
SLC30A2	36	20	2
SLC30A3	140	117	18
SLC30A4	492	430	67
SLC30A4-AS1	191	126	32
SLC30A5	1388	867	199
SLC30A6	1501	1234	228
SLC30A6-DT	20	19	2
SLC30A7	2307	1705	243
SLC30A8	501	345	71
SLC30A9	3191	2620	425
SLC31A1	552	394	77
SLC31A2	79	68	23
SLC32A1	18	9	4
SLC34A1	84	49	23
SLC34A2	120	84	24
SLC34A3	29	18	4
SLC35A1	35	13	4
SLC35A2	67	63	9
SLC35A3	8	7	4
SLC35A4	82	59	16
SLC35A5	485	436	74
SLC35B1	276	223	57
SLC35B2	115	83	23
SLC35B3	884	647	133
SLC35B4	469	297	52
SLC35C1	87	68	15
SLC35C2	875	738	151
SLC35D1	1455	1262	209
SLC35D2	367	247	60
SLC35D3	13	8	0
SLC35E2B	1479	1282	295
SLC35E3	1614	1252	246
SLC35E4	493	333	62
SLC35F1	1455	1032	191
SLC35F2	1100	846	154
SLC35F3	1246	904	199
SLC35F3-AS1	3	2	0
SLC35F4	706	533	116
SLC35F4-AS1	140	110	16
SLC35F5	2981	2627	395
SLC35G1	514	363	60
SLC35G2	596	437	83
SLC35G3	687	564	173
SLC35G4	1	0	0
SLC35G5	12	6	2
SLC35G6	23	26	8
SLC36A1	1084	1010	212
SLC36A2	101	96	22
SLC36A3	111	76	11
SLC36A4	864	625	106
SLC37A1	996	751	199
SLC37A2	214	212	51
SLC37A3	1932	1432	290
SLC37A4	79	87	19
SLC38A1	4296	3138	563
SLC38A10	2208	1684	403
SLC38A11	235	183	36
SLC38A2	3059	3021	428
SLC38A2-AS1	76	42	15
SLC38A3	76	45	12
SLC38A4	402	276	60
SLC38A4-AS1	7917	5642	992
SLC38A5	78	74	15
SLC38A6	1819	1375	268
SLC38A7	426	274	77
SLC38A8	179	119	35
SLC38A9	2927	2164	402
SLC39A1	2	0	0
SLC39A10	2795	2140	372
SLC39A11	6024	4288	853
SLC39A12	247	140	36
SLC39A12-AS1	20	18	2
SLC39A13	194	135	39
SLC39A13-AS1	210	140	45
SLC39A14	615	415	107
SLC39A2	6	1	2
SLC39A4	104	56	21
SLC39A5	79	54	12
SLC39A6	287	227	42
SLC39A7	262	156	45
SLC39A8	1125	773	171
SLC39A9	1506	1150	204
SLC3A1	3	0	0
SLC3A2	710	609	118
SLC40A1	3129	2579	396
SLC41A1	464	372	81
SLC41A2	546	419	102
SLC41A3	805	501	103
SLC41A3-AS1	45	25	5
SLC43A1	338	306	70
SLC43A2	1708	1601	342
SLC43A3	56	46	3
SLC44A1	1903	1417	239
SLC44A2	2915	3182	677
SLC44A3	493	353	68
SLC44A4	76	53	15
SLC44A5	2037	1029	166
SLC45A1	228	121	24
SLC45A2	73	40	9
SLC45A3	319	237	60
SLC45A4	1208	922	244
SLC45A4-AS1	4	4	3
SLC45A4-AS2	36	22	12
SLC46A1	138	116	27
SLC46A2	115	78	22
SLC46A2-AS1	3	2	0
SLC46A3	205	156	39
SLC47A1	389	252	58
SLC47A2	107	82	13
SLC48A1	599	444	105
SLC49A3	98	80	24
SLC49A4	1231	893	126
SLC4A1	908	786	419
SLC4A10	1073	738	175
SLC4A11	43	25	7
SLC4A1AP	866	595	137
SLC4A2	553	448	128
SLC4A3	80	76	30
SLC4A4	2654	1975	494
SLC4A7	3828	3442	513
SLC4A8	1039	720	137
SLC4A8-AS1	5	4	1
SLC4A9	86	38	8
SLC50A1	116	89	28
SLC51A	139	112	26
SLC51B	81	63	17
SLC52A1	181	124	29
SLC52A2	120	95	24
SLC52A3	29	33	6
SLC5A1	114	80	18
SLC5A10	324	195	56
SLC5A11	309	237	41
SLC5A12	140	111	17
SLC5A2	50	42	9
SLC5A4	314	196	17
SLC5A4-AS1	261	213	41
SLC5A5	90	65	16
SLC5A6	207	174	35
SLC5A7	32	43	11
SLC5A8	144	103	32
SLC5A9	163	74	17
SLC66A1	190	115	30
SLC66A2	1969	1827	669
SLC66A3	393	303	70
SLC6A1	620	814	123
SLC6A1-AS1	82	62	11
SLC6A11	249	179	36
SLC6A12	50	41	11
SLC6A12-AS1	2	2	2
SLC6A13	82	77	25
SLC6A14	18	8	12
SLC6A15	105	62	20
SLC6A16	548	406	68
SLC6A17	126	77	13
SLC6A17-AS1	14	4	0
SLC6A18	46	30	7
SLC6A19	57	47	21
SLC6A2	101	85	18
SLC6A20	140	81	18
SLC6A3	119	110	24
SLC6A4	182	150	23
SLC6A5	120	84	22
SLC6A6	1295	853	217
SLC6A7	163	112	34
SLC6A8	99	74	14
SLC6A9	356	242	83
SLC71A1-AS1	90	75	19
SLC7A1	1162	788	152
SLC7A10	260	193	32
SLC7A10-AS1	6	2	1
SLC7A11	381	294	46
SLC7A11-AS1	317	191	49
SLC7A13	285	183	45
SLC7A14	205	142	39
SLC7A14-AS1	1	1	0
SLC7A2	737	613	184
SLC7A3	32	11	8
SLC7A4	10	6	2
SLC7A5	594	430	153
SLC7A5-AS1	5	3	1
SLC7A6	1942	1433	326
SLC7A6OS	723	541	151
SLC7A7	1100	607	156
SLC7A8	1011	827	213
SLC7A9	179	123	27
SLC8A1	13234	11540	1535
SLC8A1-AS1	4440	3504	871
SLC8A2	193	123	33
SLC8A3	940	669	179
SLC8B1	1812	1412	311
SLC9A1	1308	900	222
SLC9A2	292	242	49
SLC9A3	113	107	30
SLC9A3-AS1	408	342	56
SLC9A3-AS2	3	7	0
SLC9A3R1	463	347	106
SLC9A3R1-AS1	19	16	4
SLC9A3R2	812	492	107
SLC9A4	120	812	18
SLC9A5	329	284	61
SLC9A6	732	565	124
SLC9A7	993	719	140
SLC9A8	1956	1491	249
SLC9A9	14102	9614	1770
SLC9A9-AS1	61	32	10
SLC9A9-AS2	6	5	1
SLC9B1	702	646	117
SLC9B2	479	363	81
SLC9C1	547	564	95
SLC9C2	291	192	47
SLCO1A2	241	197	46
SLCO1B1	175	123	25
SLCO1B3	3	2	2
SLCO1B3-SLCO1B7	365	240	70
SLCO1C1	135	103	30
SLCO2A1	627	388	103
SLCO2B1	1737	1094	400
SLCO3A1	11040	12265	1802
SLCO4A1	224	199	56
SLCO4A1-AS1	4	8	5
SLCO4A1-AS2	5	9	3
SLCO4C1	215	174	35
SLCO5A1	1229	965	235
SLCO5A1-AS1	129	99	14
SLCO6A1	170	104	31
SLCO6A1-DT	9	3	0
SLF1	2096	1508	293
SLF2	4334	3812	681
SLFN11	850	681	140
SLFN12	614	489	76
SLFN12L	3799	3114	459
SLFN13	679	572	101
SLFN14	102	84	28
SLFN5	1668	1179	263
SLFNL1	98	40	16
SLFNL1-AS1	397	301	64
SLIRP	749	685	141
SLIT1	1738	1322	338
SLIT1-AS1	3	2	0
SLIT2	32635	27872	3357
SLIT3	24780	18189	2829
SLIT3-AS1	99	91	20
SLIT3-AS2	48	26	11
SLITRK1	7	9	1
SLITRK2	67	76	14
SLITRK3	30	34	1
SLITRK4	41	27	9
SLITRK5	135	77	23
SLITRK6	46	27	4
SLK	2282	1978	346
SLMAP	6810	4916	975
SLN	241	196	43
SLPI	10	3	2
SLTM	7586	5249	1193
SLU7	734	678	136
SLURP1	6	3	3
SLURP2-AS1	10	4	0
SLX1B-SULT1A4	8	6	2
SLX4	488	340	68
SLX4IP	3536	2865	481
SLX9	572	436	88
SMAD1	4027	3158	423
SMAD1-AS1	18	6	2
SMAD1-AS2	32	14	1
SMAD2	6576	4593	820
SMAD3	7559	5546	1011
SMAD3-AS1	24	17	1
SMAD3-DT	454	303	62
SMAD4	1348	1098	175
SMAD5	1842	1401	214
SMAD5-AS1	31	21	10
SMAD6	2180	1576	325
SMAD7	825	638	144
SMAD9	1430	1120	176
SMAGP	315	250	51
SMANTIS	86	58	26
SMAP1	3752	2368	460
SMAP2	2650	2047	374
SMARCA1	3749	3272	502
SMARCA2	9118	7917	1349
SMARCA2-AS1	40	39	6
SMARCA4	6382	4471	1048
SMARCA5	2630	2236	418
SMARCA5-AS1	45	20	6
SMARCAD1	3775	3175	493
SMARCAD1-DT	262	191	40
SMARCAL1	1591	1305	238
SMARCAL1-AS1	71	69	24
SMARCB1	2052	1543	304
SMARCC1	11451	8558	1585
SMARCD1	669	497	105
SMARCD2	601	445	115
SMARCD3	995	626	163
SMARCE1	8	9	4
SMC1A	2293	1455	409
SMC1B	273	202	34
SMC2	1373	1025	189
SMC2-DT	43	21	8
SMC3	2881	2368	438
SMC4	4564	3603	741
SMC5	6260	4453	873
SMC5-DT	594	422	75
SMC6	4228	3358	607
SMCHD1	12308	10114	1654
SMCO1	38	28	3
SMCO2	180	134	35
SMCO3	35	78	5
SMCO4	1169	591	114
SMCP	14	9	5
SMCR2	26	11	4
SMCR5	24	21	9
SMCR8	234	167	46
SMDT1	165	111	24
SMG1	9192	7065	1398
SMG1-DT	96	67	16
SMG5	1734	1240	292
SMG6	10686	8178	1515
SMG6-AS1	99	77	15
SMG7	4371	3166	591
SMG7-AS1	134	73	28
SMG9	690	535	132
SMILR	70	64	11
SMIM1	20	26	7
SMIM10	13	13	3
SMIM10L1	183	176	31
SMIM10L2A	42	40	7
SMIM10L2B	22	23	8
SMIM10L2B-AS1	55	48	15
SMIM11	3	2	0
SMIM12	1344	950	230
SMIM13	729	562	102
SMIM14	2798	2285	421
SMIM14-DT	139	110	30
SMIM15	144	137	19
SMIM15-AS1	404	314	60
SMIM18	30	44	7
SMIM19	450	411	76
SMIM2	6	3	1
SMIM2-AS1	277	204	65
SMIM20	637	439	113
SMIM21	13	15	8
SMIM22	13	14	3
SMIM23	31	23	3
SMIM24	27	20	7
SMIM26	4	1	0
SMIM27	116	105	24
SMIM28	42	20	7
SMIM29	42	36	4
SMIM29-AS1	323	258	64
SMIM3	105	94	20
SMIM30	46	56	8
SMIM31	263	200	51
SMIM32	9	3	1
SMIM33	9	5	0
SMIM35	640	298	75
SMIM36	284	224	48
SMIM4	589	455	112
SMIM41	174	132	38
SMIM41-AS1	90	82	11
SMIM42	5	5	1
SMIM43	193	207	44
SMIM44	1	2	0
SMIM45	37	31	9
SMIM47	60	64	9
SMIM5	110	100	25
SMIM6	3	4	1
SMIM7	12	13	3
SMIM8	1884	1552	248
SMIM9	20	22	8
SMKR1	22	10	3
SMLR1	12	11	3
SMN1	175	137	28
SMN2	156	144	36
SMNDC1	554	443	95
SMO	877	663	133
SMOC1	806	1017	125
SMOC2	1712	1224	323
SMOX	510	371	88
SMPD1	79	48	13
SMPD2	108	62	13
SMPD3	668	525	133
SMPD4	1247	1040	234
SMPDL3A	309	266	53
SMPDL3B	60	69	10
SMPX	532	423	105
SMR3A	4	3	1
SMR3B	32	16	10
SMS	1456	1080	212
SMTN	2050	2420	521
SMTNL1	123	91	22
SMTNL2	342	289	66
SMU1	1109	963	189
SMUG1	582	455	122
SMURF1	5932	3588	666
SMURF2	10045	6543	1119
SMYD1	595	490	124
SMYD2	1961	1410	227
SMYD3	20722	14485	2378
SMYD3-AS1	17	9	3
SMYD4	1425	1038	221
SMYD5	222	203	48
SNAI1	43	26	4
SNAI2	139	143	17
SNAI3	120	84	32
SNAI3-AS1	430	406	89
SNAP23	1956	1757	295
SNAP25	366	365	59
SNAP25-AS1	784	567	110
SNAP29	720	630	108
SNAP47	565	403	100
SNAP47-AS1	19	18	3
SNAP91	514	874	72
SNAPC1	402	371	57
SNAPC2	68	36	11
SNAPC3	2232	1791	345
SNAPC4	1033	731	211
SNAPC5	85	86	25
SNAPIN	43	52	11
SNCA	1698	1393	277
SNCA-AS1	42	12	9
SNCAIP	2820	2265	290
SNCAIP-AS1	28	16	6
SNCAIP-AS2	4	4	3
SNCAIP-AS4	3	0	0
SNCB	28	18	4
SNCG	48	28	5
SND1	11610	7026	1459
SND1-DT	60	37	8
SNED1	7457	7723	1389
SNED1-AS1	325	240	52
SNF8	519	397	81
SNHG1	4435	3057	970
SNHG10	330	244	56
SNHG11	63	52	17
SNHG12	1339	998	335
SNHG14	18571	14686	2619
SNHG15	192	162	47
SNHG16	747	528	124
SNHG17	397	295	60
SNHG18	248	240	50
SNHG19	196	131	29
SNHG20	32	33	12
SNHG21	26	28	10
SNHG22	801	648	129
SNHG25	1039	855	252
SNHG26	186	170	25
SNHG27	63	49	15
SNHG29	1317	914	265
SNHG30	281	237	43
SNHG31	1137	1055	169
SNHG32	1	6	1
SNHG35	8	11	2
SNHG5	11	5	1
SNHG6	867	544	151
SNHG7	227	225	58
SNHG8	162	173	38
SNHG9	53	35	10
SNIP1	285	302	64
SNN	130	109	35
SNORC	117	92	21
SNPH	40	31	5
SNRK	4940	3815	651
SNRK-AS1	74	46	6
SNRNP200	2230	1704	383
SNRNP25	121	79	26
SNRNP27	435	339	56
SNRNP35	623	527	116
SNRNP40	1118	749	139
SNRNP48	1007	838	165
SNRNP70	5579	3933	888
SNRPA	931	745	171
SNRPA1	519	457	99
SNRPA1-DT	79	63	13
SNRPB	213	267	34
SNRPB2	204	208	37
SNRPC	363	383	89
SNRPD1	476	396	79
SNRPD2	231	199	30
SNRPD3	0	2	0
SNRPE	311	270	42
SNRPF	291	225	39
SNRPF-DT	199	139	35
SNRPG	303	307	51
SNRPN	411	375	64
SNTA1	370	252	58
SNTB1	3366	2485	588
SNTB1-AS1	11	1	2
SNTB1-AS2	58	33	10
SNTB2	3147	2041	449
SNTG1	8265	6582	619
SNTG2	2222	1278	210
SNTG2-AS1	20	9	1
SNTN	91	59	8
SNU13	448	361	85
SNUPN	844	640	151
SNW1	1822	1479	296
SNX1	3835	3050	577
SNX10	1255	855	174
SNX10-AS1	23	18	6
SNX11	397	266	70
SNX12	186	127	21
SNX13	5036	3872	575
SNX16	499	464	99
SNX17	262	235	48
SNX18	838	701	100
SNX19	1468	1056	203
SNX2	3451	3011	469
SNX20	148	169	41
SNX21	320	336	78
SNX22	166	152	31
SNX24	2161	1282	244
SNX25	3890	2984	437
SNX27	1994	1465	241
SNX29	14357	11114	2112
SNX29-AS1	37	19	3
SNX29-AS2	11	8	0
SNX29-AS3	453	328	88
SNX3	2798	2037	319
SNX30	2141	1566	327
SNX30-DT	7	13	3
SNX31	675	471	113
SNX32	463	336	68
SNX33	209	217	31
SNX4	2950	2191	389
SNX5	1806	1425	246
SNX6	5626	4412	1053
SNX7	904	705	114
SNX8	2463	2014	534
SNX9	4995	3479	658
SNX9-AS1	52	18	4
SOAT1	1411	1095	196
SOAT2	96	55	21
SOBP	3478	2386	415
SOCS1	33	27	17
SOCS2	290	189	33
SOCS2-AS1	399	300	60
SOCS3	54	59	16
SOCS3-DT	171	117	28
SOCS4	394	287	61
SOCS6	680	586	103
SOCS7	1323	953	189
SOD1	240	236	56
SOD1-DT	32	31	6
SOD2	1760	1329	298
SOD3	36	22	2
SOGA1	3257	2312	435
SOHLH1	35	19	6
SOHLH2	0	0	0
SON	8514	6504	1359
SORBS1	6247	4037	818
SORBS2	8818	4848	1074
SORBS2-AS1	9	12	1
SORBS2-AS2	2	0	0
SORBS3	928	706	191
SORCS1	3312	2208	532
SORCS2	2079	1461	386
SORCS3	1270	924	188
SORCS3-AS1	4	0	0
SORD	361	266	64
SORD-AS1	25	25	4
SORL1	2277	1545	312
SORL1-AS1	30	24	3
SORT1	1188	1023	167
SOS1	9264	7183	1232
SOS2	6639	5427	882
SOST	24	7	3
SOSTDC1	54	38	12
SOWAHA	4	7	3
SOWAHB	18	4	1
SOWAHC	54	44	15
SOWAHD	12	7	5
SOX1-OT	160	112	36
SOX10	49	47	8
SOX11	123	115	20
SOX12	188	134	21
SOX13	1820	1292	283
SOX14	4	0	0
SOX15	25	13	6
SOX17	85	86	11
SOX18	29	38	6
SOX2-OT	2761	2071	467
SOX21	7	10	1
SOX21-AS1	260	146	44
SOX3	5	6	1
SOX30	151	94	26
SOX4	1110	1209	176
SOX5	11297	10302	1481
SOX5-AS1	86	59	10
SOX6	11250	9873	1726
SOX7	46	47	4
SOX7-AS1	247	165	42
SOX8	82	57	13
SOX9	19	5	9
SOX9-AS1	36	24	3
SP1	1577	1416	250
SP100	7613	6321	1164
SP110	2773	2549	501
SP140	2527	2228	447
SP140L	2666	2200	401
SP2	756	546	120
SP2-AS1	297	219	48
SP2-DT	49	26	13
SP3	4504	3529	710
SP4	1745	1270	260
SP5	17	15	4
SP6	35	54	11
SP7	62	58	17
SP8	23	20	6
SP9	27	25	7
SPA17	156	122	34
SPAAR	158	111	19
SPACA1	32	21	5
SPACA3	58	65	7
SPACA4	3	1	0
SPACA5	1	4	0
SPACA6	1336	1053	250
SPACA6-AS1	67	51	14
SPACA7	154	133	25
SPACA9	88	83	13
SPADH	6	6	3
SPAG1	454	308	62
SPAG11A	11	7	2
SPAG11B	22	20	2
SPAG16	4846	3706	713
SPAG16-DT	17	18	4
SPAG17	494	359	92
SPAG4	72	26	16
SPAG5-AS1	152	111	24
SPAG6	250	172	44
SPAG7	565	407	94
SPAG8	48	66	5
SPAG9	8731	7100	1254
SPAM1	180	142	38
SPANXA2-OT1	913	700	146
SPANXB1	5	0	1
SPANXN1	6	5	1
SPANXN2	8	7	2
SPANXN3	3	3	2
SPANXN4	8	8	0
SPANXN5	0	1	0
SPARC	2168	2057	360
SPARCL1	753	1012	160
SPART	1648	1373	267
SPART-AS1	207	170	24
SPAST	2741	2134	383
SPATA1	386	343	54
SPATA12	228	155	45
SPATA13-AS1	8	6	0
SPATA16	653	438	121
SPATA17	632	475	115
SPATA17-AS1	3	1	2
SPATA18	130	128	12
SPATA19	3	4	1
SPATA2	111	79	20
SPATA20	400	272	83
SPATA21	487	293	53
SPATA22	237	160	40
SPATA24	111	85	15
SPATA25	32	25	9
SPATA2L	251	187	40
SPATA3	126	109	19
SPATA3-AS1	47	26	6
SPATA31A1	2	3	0
SPATA31A3	5	0	0
SPATA31A6	5	6	1
SPATA31A7	3	0	0
SPATA31C2	7	2	1
SPATA31D1	10	2	0
SPATA31D3	0	5	0
SPATA31D4	0	3	0
SPATA31E1	9	9	3
SPATA32	44	40	5
SPATA33	320	196	57
SPATA4	67	56	13
SPATA41	26	28	8
SPATA42	5	0	1
SPATA45	70	83	13
SPATA46	4	4	1
SPATA48	247	155	38
SPATA5	6010	4526	813
SPATA5L1	507	502	98
SPATA6	4637	3989	569
SPATA6L	568	442	115
SPATA7	852	846	127
SPATA8	1	2	0
SPATA8-AS1	10	9	1
SPATA9	359	207	41
SPATC1	306	193	44
SPATC1L	173	129	18
SPATS1	18	15	2
SPATS2	6055	4429	749
SPATS2L	7155	6486	1102
SPC24	445	349	86
SPC25	1056	806	160
SPCS1	118	103	18
SPCS2	1008	812	132
SPCS3	832	593	141
SPCS3-AS1	89	49	7
SPDEF	43	30	11
SPDL1	512	375	87
SPDYA	323	330	70
SPDYC	12	9	2
SPDYE1	34	28	9
SPDYE10	100	79	17
SPDYE12	104	76	16
SPDYE16	21	14	3
SPDYE17	12	4	1
SPDYE18	45	29	6
SPDYE2	33	26	7
SPDYE21	55	45	12
SPDYE2B	23	16	2
SPDYE3	51	32	13
SPDYE4	33	28	10
SPDYE5	33	30	9
SPDYE6	23	18	1
SPDYE9	7	5	3
SPECC1	1897	1390	345
SPECC1-DT	6	6	0
SPECC1L	15	11	3
SPEF1	27	25	2
SPEF2	1561	1388	237
SPEG	792	666	175
SPEGNB	3	3	0
SPEN	6212	4665	939
SPEN-AS1	546	428	71
SPESP1	650	479	109
SPG11	5671	4436	850
SPG21	883	668	139
SPG7	4635	3376	727
SPHK1	74	44	13
SPHK2	366	283	78
SPHKAP	938	816	205
SPI1	562	489	114
SPIB	52	55	11
SPIC	176	119	37
SPICE1	4	1	1
SPICE1-CFAP44	17	10	3
SPIDR	16905	11824	2197
SPIN1	5051	3663	657
SPIN2A	8	12	2
SPIN2B	114	104	20
SPIN3	1163	761	134
SPIN4-AS1	21	9	2
SPINDOC	374	275	51
SPINK1	21	10	17
SPINK13	19	17	2
SPINK14	12	6	0
SPINK2	29	17	4
SPINK4	129	89	20
SPINK5	192	159	34
SPINK6	9	7	1
SPINK7	6	7	1
SPINK8	86	62	13
SPINK9	26	17	5
SPINT1	106	69	25
SPINT1-AS1	21	8	5
SPINT2	538	361	98
SPINT3	2	0	0
SPINT4	63	48	12
SPIRE1	5191	2919	527
SPIRE2	583	453	109
SPMAP2L-DT	53	42	11
SPN	3	3	1
SPNS1	10	7	6
SPNS2	631	454	109
SPNS2-AS1	16	14	1
SPNS3	425	232	63
SPO11	12	8	2
SPOCD1	171	148	33
SPOCK1	3027	2631	370
SPOCK2	915	622	168
SPOCK3	1719	1426	281
SPON1	2819	4828	625
SPON1-AS1	237	162	33
SPON2	884	606	110
SPON2-AS1	8	10	2
SPOP	3094	2355	446
SPOPL	1778	1482	246
SPOPL-DT	1151	865	131
SPP1	94	65	4
SPP2	100	82	13
SPPL2A	2819	2102	395
SPPL2B	555	372	86
SPPL2C	2	0	0
SPPL3	9772	7685	1174
SPR	11	11	4
SPRED1	5036	3219	493
SPRED2	4093	3377	619
SPRED3	76	54	16
SPRING1	248	214	39
SPRN	9	2	3
SPRR1A	8	0	0
SPRR1B	4	2	0
SPRR2A	0	3	0
SPRR2D	0	2	0
SPRR2E	10	3	4
SPRR2F	0	1	0
SPRR2G	4	2	0
SPRR3	2	0	0
SPRR5	6	2	1
SPRTN	297	193	58
SPRY1	414	361	87
SPRY2	199	167	51
SPRY3	901	751	93
SPRY4	401	334	64
SPRY4-AS1	4459	3017	561
SPRYD3	226	174	56
SPRYD4	251	138	32
SPRYD7	507	331	57
SPSB1	914	729	195
SPSB2	149	95	22
SPSB3	419	292	70
SPSB4	624	414	106
SPTA1	2754	2392	1382
SPTAN1	8394	5693	1301
SPTB	2459	1991	582
SPTBN1	26862	20278	3280
SPTBN1-AS1	176	133	29
SPTBN1-AS2	132	90	23
SPTBN2	447	329	61
SPTBN4	827	614	142
SPTBN5	209	194	47
SPTLC1	3190	2343	455
SPTLC2	4232	3213	528
SPTLC3	1187	1246	217
SPTSSB	91	60	23
SPTY2D1	507	409	121
SPTY2D1OS	528	375	67
SPX	131	129	31
SQLE	470	247	63
SQLE-DT	11	5	3
SQOR	155	111	22
SQSTM1	1821	1978	364
SRA1	464	335	89
SRARP	23	13	1
SRBD1	5088	3804	618
SRC	759	456	153
SRCAP	232	181	59
SRCAP-AS1	54	39	13
SRCIN1	192	162	49
SRD5A1	570	410	90
SRD5A2	68	64	8
SRD5A3	2	0	0
SRD5A3-AS1	212	124	32
SREBF1	825	648	163
SREBF2	5871	3565	710
SREBF2-AS1	62	36	11
SREK1	7030	4852	1029
SREK1IP1	959	825	125
SRF	378	301	64
SRFBP1	1565	1053	209
SRGAP1	8048	6502	937
SRGAP1-AS1	44	26	5
SRGAP2	4322	3027	505
SRGAP2-AS1	53	25	8
SRGAP2B	1532	1258	200
SRGAP2C	2122	1185	207
SRGAP3	2468	1823	423
SRGAP3-AS1	3	0	1
SRGAP3-AS2	6	5	0
SRGAP3-AS3	4	0	0
SRGAP3-AS4	16	12	4
SRGN	723	597	82
SRI	308	372	72
SRI-AS1	9	7	3
SRL	1384	1080	268
SRM	294	192	40
SRMS	33	33	10
SRP14	294	265	58
SRP14-DT	783	677	125
SRP19	562	365	81
SRP54	2471	2092	363
SRP68	1090	992	200
SRP72	1728	1573	269
SRP9	777	721	139
SRPK1	2655	1865	390
SRPK2	16552	10461	1991
SRPK2-AS1	6	10	1
SRPK3	111	99	35
SRPRA	427	310	76
SRPRB	768	596	117
SRPX	432	305	62
SRPX2	274	392	68
SRR	419	284	52
SRRD	145	114	18
SRRM1	5310	4110	883
SRRM2	14286	11300	2858
SRRM2-AS1	247	201	43
SRRM3	360	236	52
SRRM4	657	464	146
SRRM4-AS1	108	68	17
SRRM5	105	65	16
SRRT	2160	1854	508
SRSF1	8	7	1
SRSF10	2712	2367	418
SRSF11	10277	7483	1532
SRSF12	200	116	26
SRSF2	1287	954	210
SRSF3	2155	2089	463
SRSF4	5420	3921	701
SRSF5	5937	4625	994
SRSF6	76	62	7
SRSF7	1354	1349	292
SRSF8	165	140	45
SRSF9	651	569	117
SRY	4	6	0
SS18	3186	2110	399
SS18L1	1432	1050	272
SS18L2	260	199	42
SSB	1000	877	188
SSBP1	1973	1376	270
SSBP2	24325	19646	3396
SSBP3	14024	10732	2390
SSBP3-AS1	11	6	2
SSBP3-AS2	15	7	0
SSBP4	1075	775	162
SSC4D	144	74	18
SSC5D	549	547	120
SSH1	3174	2359	424
SSH2	18079	14377	2530
SSH3	149	94	30
SSMEM1	104	48	13
SSNA1	40	34	3
SSPN	801	588	120
SSR1	916	647	153
SSR2	330	317	56
SSR3	564	354	94
SSR4	67	48	15
SSRP1	834	541	145
SST	3	1	2
SSTR1	21	12	4
SSTR3	66	54	14
SSTR5	18	12	3
SSTR5-AS1	24	7	4
SSU72	1139	930	215
SSU72-AS1	72	61	10
SSUH2	465	276	71
SSX1	12	5	3
SSX2	13	8	1
SSX2B	21	13	1
SSX2IP	849	637	119
SSX3	14	8	0
SSX5	36	31	5
SSX7	86	75	29
ST13	1644	1662	264
ST14	275	231	53
ST18	694	534	140
ST18-AS1	37	39	3
ST18-AS2	11	4	2
ST18-AS3	4	1	2
ST20-AS1	42	22	7
ST20-MTHFS	13	10	3
ST3GAL1	3706	2778	638
ST3GAL1-DT	28	28	6
ST3GAL2	4940	3784	1043
ST3GAL3	11	8	1
ST3GAL3-AS1	165	132	28
ST3GAL4	2549	1422	396
ST3GAL5	2947	2139	465
ST3GAL5-AS1	99	68	16
ST3GAL6	1131	728	169
ST3GAL6-AS1	141	106	24
ST6GAL1	8122	6060	1009
ST6GAL2	386	262	70
ST6GALNAC1	201	141	34
ST6GALNAC2	112	105	23
ST6GALNAC3	6126	4988	816
ST6GALNAC4	159	144	39
ST6GALNAC5	3949	6792	1053
ST7	1189	842	179
ST7-AS1	13	11	4
ST7-AS2	172	115	29
ST7L	2838	2167	398
ST8SIA1	1138	868	199
ST8SIA2	344	256	60
ST8SIA3	23	11	1
ST8SIA4	2543	2119	357
ST8SIA4-DT	38	25	4
ST8SIA5	364	241	44
ST8SIA5-DT	124	78	13
ST8SIA6	935	629	142
ST8SIA6-AS1	300	235	41
STAB1	2187	1984	470
STAB2	4559	7012	717
STAB2-AS1	81	45	8
STAC	1178	823	124
STAC2	78	42	12
STAC3	685	594	140
STAG1	25464	17534	3144
STAG1-DT	37	31	7
STAG2	8381	7278	1323
STAG2-AS1	48	52	10
STAG3	253	196	52
STAG3L5P-PVRIG2P-PILRB	3379	2416	501
STAM	2351	1730	413
STAM-AS2	27	25	2
STAM-DT	11	15	7
STAM2	2392	1856	340
STAMBP	1289	1196	247
STAMBPL1	1006	797	180
STAP1	696	588	85
STAP2	279	200	44
STAR	29	23	10
STARD13	7880	6303	1048
STARD13-AS	416	260	65
STARD3	1154	937	229
STARD3NL	960	860	154
STARD4	355	194	38
STARD4-AS1	979	686	164
STARD5	145	134	30
STARD6	231	185	36
STARD7	993	885	172
STARD7-AS1	557	418	75
STARD8	771	599	185
STARD9	5737	4679	831
STAT1	3290	2658	541
STAT2	2662	2402	537
STAT3	7161	5801	1353
STAT4	1599	3158	269
STAT4-AS1	49	35	10
STAT5A	643	446	129
STAT5B	3898	2906	598
STAT6	2413	2018	583
STATH	8	7	2
STAU1	4088	3103	600
STAU2	4668	3181	567
STAU2-AS1	64	37	8
STC1	55	58	8
STC2	813	548	103
STEAP1	41	39	8
STEAP1B	1889	1341	287
STEAP1B-AS1	45	27	7
STEAP1B-AS2	68	42	13
STEAP2	241	135	38
STEAP2-AS1	640	443	89
STEAP3	255	150	40
STEAP3-AS1	135	73	21
STEAP4	75	58	16
STEEP1	358	255	48
STIL	1455	954	219
STIM1	10876	7671	1666
STIM1-AS1	28	19	6
STIM2	5467	4288	713
STIM2-AS1	15	13	4
STIMATE-MUSTN1	48	27	12
STING1	482	521	98
STIP1	1492	1389	233
STK10	6236	4259	977
STK11	1028	731	246
STK11IP	441	367	77
STK16	107	78	22
STK17A	2561	1739	349
STK17B	2902	2457	442
STK19	272	244	59
STK24	6444	4394	983
STK24-AS1	13	10	2
STK25	898	630	149
STK26	545	416	101
STK3	10378	6985	1242
STK31	288	168	27
STK32A	357	269	43
STK32A-AS1	112	89	28
STK32B	2076	1837	385
STK32C	1231	944	209
STK33	1342	1122	201
STK35	1312	1096	207
STK36	424	354	79
STK38	4016	3144	622
STK38L	1412	1124	182
STK39	8126	5190	935
STK4	5080	3774	795
STK4-DT	33	23	6
STK40	1432	993	259
STKLD1	196	144	41
STMN1	985	943	190
STMN2	93	54	9
STMN3	490	337	93
STMN4	18	22	4
STMND1	101	52	10
STMP1	1268	857	206
STOM	763	741	140
STOML1	218	164	32
STOML2	129	109	31
STOML3	180	128	27
STON1	9	4	3
STON1-GTF2A1L	618	580	81
STON2	4137	2259	646
STOX1	508	378	101
STOX2	10014	6007	1174
STPG1	318	253	65
STPG2	1436	1189	230
STPG2-AS1	306	233	69
STPG3	9	4	3
STPG3-AS1	16	24	6
STPG4	122	93	19
STRA6	202	139	34
STRA8	74	37	12
STRADA	120	75	23
STRADB	937	697	153
STRAP	841	588	121
STRBP	5948	4772	853
STRC	11	8	2
STRIP1	1326	1054	230
STRIP2	426	359	89
STRIT1	16	12	3
STRN	4102	3162	556
STRN3	9086	6400	1107
STRN4	1268	1125	223
STS	2211	1588	379
STT3A	966	801	151
STT3B	5955	3783	707
STUB1	162	106	16
STUB1-DT	12	10	3
STUM	1895	955	214
STX10	158	127	41
STX11	294	241	50
STX12	1987	1742	322
STX16	155	159	35
STX16-NPEPL1	416	326	55
STX17	1980	1602	303
STX17-DT	454	352	82
STX18	3607	2401	445
STX18-AS1	2794	2318	354
STX19	21	16	7
STX1A	289	169	71
STX1B	147	122	14
STX2	1655	1215	258
STX3	592	460	86
STX4	499	464	107
STX5	1615	1389	285
STX5-DT	32	33	7
STX6	1871	1505	279
STX7	4141	3636	558
STX8	8012	5889	978
STXBP1	1806	1512	295
STXBP2	53	50	16
STXBP3	2049	1813	365
STXBP4	2452	1833	279
STXBP5	6324	5034	708
STXBP5-AS1	1380	1095	211
STXBP5L	929	678	181
STXBP6	1021	761	184
STYK1	115	69	11
STYX	870	644	139
STYXL1	1496	1151	256
STYXL2	435	272	78
SUB1	1553	1388	257
SUCLA2	2362	1979	352
SUCLA2-AS1	5	8	4
SUCLG1	1112	804	149
SUCLG2	8382	5874	961
SUCLG2-DT	1413	1243	195
SUCNR1	39	27	8
SUCO	3110	2475	417
SUDS3	1419	1123	235
SUFU	3510	2664	516
SUGCT	2613	1932	382
SUGCT-AS1	43	35	14
SUGP1	1415	1098	272
SUGP2	3569	2735	562
SUGT1	1849	1675	284
SUGT1-DT	15	14	4
SUGT1P4-STRA6LP	7	9	1
SUGT1P4-STRA6LP-CCDC180	206	157	21
SULF1	2577	2070	433
SULF2	1124	779	203
SULT1B1	267	140	44
SULT1C2	189	103	23
SULT1C3	35	34	8
SULT1C4	412	580	85
SULT1E1	174	105	27
SULT2A1	92	49	8
SULT2B1	219	150	31
SULT4A1	75	64	20
SULT6B1	99	71	20
SUMF1	8276	7061	1120
SUMF2	954	859	162
SUMO1	1218	992	154
SUMO2	771	874	131
SUMO3	151	150	20
SUN1	4039	3372	652
SUN2	1175	922	219
SUN3	204	154	41
SUN5	40	29	8
SUNO1	7	6	1
SUOX	263	213	35
SUPT16H	2211	1595	335
SUPT20H	2262	2013	305
SUPT20HL1	4	0	3
SUPT20HL2	9	8	3
SUPT3H	7733	6467	943
SUPT5H	1923	1608	388
SUPT6H	2568	1961	433
SUPT7L	436	394	82
SUPV3L1	755	683	123
SURF1	124	79	20
SURF2	80	60	20
SURF4	454	310	61
SURF6	622	451	98
SUSD1	3406	2227	548
SUSD2	33	24	5
SUSD3	318	273	55
SUSD4	590	394	82
SUSD5	282	168	38
SUSD6	3459	2576	536
SUV39H1	86	69	23
SUV39H2	394	252	48
SUV39H2-DT	33	18	6
SUZ12	3166	2466	467
SV2A	92	62	11
SV2B	700	444	115
SV2C	823	606	136
SV2C-AS1	1	1	0
SV2C-AS2	62	33	11
SVBP	323	291	47
SVEP1	5257	4027	625
SVIL	8290	6523	1367
SVIP	453	394	48
SVOP	394	304	66
SVOPL	335	233	50
SWAP70	3415	2644	378
SWI5	879	669	144
SWSAP1	85	51	16
SWT1	1959	1476	297
SYAP1	917	757	144
SYBU	338	241	68
SYBU-AS1	9	5	3
SYCE1	8	11	2
SYCE1L	72	55	11
SYCE2	166	121	21
SYCE3	50	44	15
SYCN	2	3	1
SYCP1	181	124	30
SYCP2	558	438	87
SYCP2L	642	408	61
SYCP3	39	37	8
SYDE1	237	194	36
SYDE2	479	297	56
SYF2	301	295	55
SYK	3040	2279	464
SYMPK	3030	2348	544
SYMPK-AS1	2	2	2
SYN1	17	8	4
SYN2	761	599	124
SYN3	2936	2003	508
SYN3-AS1	1	1	0
SYNAGE	101	79	14
SYNC	276	228	44
SYNDIG1	823	604	120
SYNDIG1L	14	17	6
SYNE1	13654	11799	2120
SYNE1-AS1	8	17	3
SYNE1-AS2	4	7	4
SYNE2	19647	19577	3091
SYNE3	1250	940	212
SYNE3-AS1	19	16	1
SYNE4	104	56	19
SYNGAP1	2498	1963	455
SYNGAP1-AS1	161	147	46
SYNGR1	804	616	144
SYNGR2	134	99	16
SYNGR3	33	20	7
SYNGR4	79	45	14
SYNJ1	1938	1327	287
SYNJ2	2746	1678	319
SYNM	367	278	70
SYNM-AS1	713	491	111
SYNM-AS2	10	4	2
SYNPO	1050	847	205
SYNPO2	4185	4799	776
SYNPO2L	247	203	50
SYNPO2L-AS1	251	203	50
SYNPR	764	522	107
SYNPR-AS1	140	109	34
SYNRG	4609	3836	709
SYP	232	165	42
SYP-AS1	33	15	5
SYPL1	1118	969	165
SYPL2	344	291	66
SYS1	17	15	7
SYS1-DBNDD2	178	134	25
SYT1	4338	3418	535
SYT1-AS1	579	393	115
SYT10	173	161	35
SYT11	207	177	34
SYT12	168	140	20
SYT13	95	75	15
SYT13-AS1	2	0	0
SYT14	493	355	108
SYT15	34	25	7
SYT15-AS1	179	129	29
SYT15B	60	34	7
SYT16	710	548	124
SYT17	479	392	97
SYT2	690	398	105
SYT2-AS1	17	7	3
SYT3	158	81	37
SYT4	40	37	11
SYT5	76	57	6
SYT6	263	199	52
SYT7	280	215	54
SYT8	50	36	6
SYT9	412	340	84
SYT9-AS1	465	334	80
SYTL1	465	444	88
SYTL2	1923	1138	236
SYTL3	1825	1312	323
SYTL4	698	733	210
SYVN1	394	280	75
SZRD1	1455	1478	299
SZT2	2875	2101	552
SZT2-AS1	10	5	2
TAAR1	31	13	9
TAAR2	20	7	2
TAAR5	4	0	0
TAAR6	2	0	0
TAAR8	2	0	1
TAB1	1143	844	182
TAB2	5114	3992	749
TAB2-AS1	48	23	7
TAB3	1568	1260	244
TAB3-AS2	0	2	0
TAC1	9	9	2
TAC3	53	47	10
TAC4	64	42	11
TAC4-AS1	37	35	4
TACC1	8328	7704	1298
TACC2	2588	1750	403
TACC3	2085	1299	338
TACR1	312	241	49
TACR1-AS1	503	447	59
TACR2	62	64	17
TACR3	419	320	60
TACR3-AS1	100	111	28
TACSTD2	1	3	0
TADA1	344	292	56
TADA2A	1731	1270	238
TADA2B	257	184	36
TADA3	451	326	82
TAF1	5692	4320	826
TAF10	85	64	12
TAF11	833	722	129
TAF11L11	1	0	0
TAF11L12	1	2	0
TAF11L13	0	1	0
TAF11L14	3	1	0
TAF11L2	1	0	0
TAF12	1161	848	206
TAF12-DT	94	71	17
TAF13	263	228	49
TAF15	5173	3890	733
TAF1A	402	324	57
TAF1A-AS1	36	25	7
TAF1B	2459	1650	266
TAF1C	541	505	135
TAF1D	4215	3079	657
TAF1L	58	37	10
TAF2	3827	2993	519
TAF3	4740	3512	642
TAF4	2733	1735	459
TAF4B	1368	1034	191
TAF5	360	233	65
TAF5L	512	373	84
TAF6	247	149	49
TAF6L	497	347	86
TAF7	646	534	97
TAF7L	88	53	8
TAF8	1004	809	153
TAF9B	109	122	19
TAFA1	1246	889	194
TAFA2	2525	1929	396
TAFA3	162	131	33
TAFA4	374	308	64
TAFA5	949	935	256
TAFA5-AS1	13	13	2
TAFAZZIN	660	504	134
TAGAP	343	291	50
TAGAP-AS1	997	791	166
TAGLN	245	181	16
TAGLN2	294	322	63
TAGLN3	57	31	4
TAL1	706	560	205
TAL2	7	3	1
TALAM1	5661	4639	994
TALDO1	502	396	115
TAMALIN	347	343	55
TAMM41	2039	1634	271
TANAR	24	17	4
TANC1	5417	4590	715
TANC2	8808	5713	986
TANGO2	1329	915	294
TANGO2-AS1	77	58	11
TANGO6	3875	2532	506
TANK	3752	3231	455
TANK-AS1	188	117	43
TAOK1	10474	7136	1314
TAOK2	1200	925	211
TAOK3	7931	5618	1079
TAP1	356	331	98
TAPBP	2010	1729	336
TAPBPL	614	452	92
TAPT1	2060	1822	330
TAPT1-AS1	1765	1396	274
TARBP1	2314	1739	311
TARBP2	214	150	44
TARDBP	2896	2175	443
TARID	4545	4322	645
TARM1	47	22	12
TARP	126	62	11
TARS1	1119	825	203
TARS1-DT	86	57	14
TARS2	592	485	94
TARS3	2035	1799	326
TAS1R1	131	99	27
TAS1R2	22	26	7
TAS1R3	31	12	2
TAS2R38	0	5	0
TAS2R39	1	0	0
TAS2R40	3	0	1
TAS2R5	26	13	2
TAS2R8	4	2	0
TAS2R9	3	0	0
TASL	123	132	17
TASOR	4693	3813	651
TASOR2	5279	3438	662
TASP1	5318	3908	733
TAT	27	13	0
TAT-AS1	59	56	12
TATDN1	1362	1059	191
TATDN2	55	26	6
TATDN3	705	687	120
TAX1BP1	4340	3242	604
TAX1BP1-AS1	50	41	5
TAX1BP3	3	5	0
TBATA	1328	965	265
TBC1D1	9367	8905	1210
TBC1D10A	856	629	121
TBC1D10B	510	398	93
TBC1D10C	336	285	59
TBC1D12	2897	2338	335
TBC1D13	731	543	127
TBC1D14	3694	2799	653
TBC1D15	3139	2824	450
TBC1D16	1868	1300	276
TBC1D17	882	755	176
TBC1D19	5832	5109	967
TBC1D2	500	375	83
TBC1D20	1205	980	204
TBC1D21	34	35	9
TBC1D22A	15294	12100	2470
TBC1D22A-AS1	9	7	0
TBC1D22A-DT	34	28	4
TBC1D22B	2141	1750	356
TBC1D23	2274	1963	348
TBC1D24	141	85	27
TBC1D25	324	295	38
TBC1D26-AS1	62	38	5
TBC1D28	3	8	0
TBC1D2B	4141	3401	657
TBC1D3	12	16	2
TBC1D31	1573	1092	233
TBC1D32	3640	2801	444
TBC1D3B	22	14	7
TBC1D3C	8	3	0
TBC1D3E	6	0	0
TBC1D3F	8	3	2
TBC1D3G	1	0	0
TBC1D3I	4	3	1
TBC1D3K	11	3	1
TBC1D3L	11	17	1
TBC1D3P1-DHX40P1	247	180	37
TBC1D4	7486	6403	940
TBC1D5	20343	15543	2513
TBC1D7	1099	1034	182
TBC1D8	2726	2111	464
TBC1D8-AS1	39	30	8
TBC1D8B	428	406	70
TBC1D9	3630	3167	483
TBC1D9-AS1	9	5	2
TBC1D9-AS2	44	35	4
TBC1D9B	3015	2090	522
TBCA	3532	2614	439
TBCB	518	310	92
TBCC	53	40	8
TBCCD1	480	311	74
TBCD	8888	7280	1446
TBCE	277	204	54
TBCE.1	92	78	13
TBCEL	2	0	0
TBCEL-TECTA	46	43	8
TBCK	7547	6418	1062
TBILA	38	28	6
TBK1	1561	1247	228
TBKBP1	527	398	90
TBL1X	8644	6746	1206
TBL1XR1	25889	21057	3056
TBL1XR1-AS1	38	27	4
TBL1Y	354	261	35
TBL2	299	240	65
TBL3	173	122	35
TBP	811	582	103
TBPL1	220	209	44
TBPL2	130	88	19
TBR1	25	18	7
TBRG1	731	611	105
TBRG4	318	210	62
TBX1	225	175	44
TBX10	54	52	13
TBX15	736	526	154
TBX18	341	291	80
TBX18-AS1	48	27	4
TBX19	465	441	73
TBX2	653	611	122
TBX2-AS1	69	59	13
TBX20	76	47	12
TBX21	100	64	8
TBX22	13	23	5
TBX3	488	343	61
TBX3-AS1	491	319	69
TBX4	83	72	13
TBX5	178	150	32
TBX5-AS1	6	7	4
TBX6	51	32	13
TBXA2R	350	247	68
TBXAS1	3424	2442	721
TBXT	16	12	2
TC2N	1643	860	183
TCAF1	1034	947	180
TCAF2	54	51	15
TCAIM	2099	1667	341
TCAP	231	191	37
TCEA1	1824	1518	258
TCEA2	722	641	120
TCEA3	1521	1158	261
TCEAL1	110	88	13
TCEAL2	35	30	9
TCEAL3	126	100	24
TCEAL3-AS1	6	13	2
TCEAL4	513	408	87
TCEAL5	11	17	1
TCEAL6	0	0	1
TCEAL7	72	87	15
TCEAL8	111	87	14
TCEAL9	362	296	50
TCEANC	267	143	32
TCEANC2	701	551	123
TCERG1	4510	3506	615
TCERG1L	840	540	123
TCERG1L-AS1	2	2	0
TCF12	39582	26628	5298
TCF15	17	15	6
TCF19	179	147	34
TCF20	3420	2588	577
TCF21	699	1133	251
TCF23	166	149	28
TCF24	15	26	3
TCF25	4747	3932	876
TCF3	2330	1889	434
TCF4	18884	17158	2406
TCF4-AS1	118	84	22
TCF4-AS2	25	13	2
TCF7	6343	4391	1126
TCF7L1	10378	7182	1201
TCF7L2	18005	10910	2064
TCFL5	400	293	68
TCHH	48	37	6
TCHHL1	6	1	0
TCHP	1469	992	280
TCIM	389	272	36
TCIRG1	464	355	135
TCL1A	39	70	13
TCL6	45	34	5
TCN1	20	12	2
TCN2	207	222	44
TCOF1	1089	825	190
TCP1	1003	866	158
TCP11	111	84	13
TCP11L1	1026	911	155
TCP11L2	1153	1167	251
TCTA	185	134	34
TCTE1	56	60	14
TCTN1	687	605	121
TCTN2	459	360	55
TCTN3	669	477	97
TDG	837	671	130
TDGF1	46	45	13
TDH-AS1	9	3	0
TDO2	131	87	23
TDP1	1429	1267	199
TDP2	705	604	120
TDRD1	334	265	39
TDRD10	726	521	108
TDRD12	304	220	47
TDRD15	28	16	5
TDRD3	4233	3112	579
TDRD5	214	160	34
TDRD6	36	43	4
TDRD6-AS1	32	20	3
TDRD7	762	615	112
TDRD9	380	279	49
TDRG1	56	61	16
TDRKH	397	290	73
TDRKH-AS1	33	18	3
TDRP	846	728	125
TEAD1	9683	6828	1204
TEAD1-AS1	7	2	0
TEAD2	1201	1238	232
TEAD2-AS1	55	66	12
TEAD3	873	543	103
TEAD4	1074	685	183
TEC	1062	798	189
TECPR1	1878	1320	274
TECPR2	2626	1920	426
TECR	781	578	161
TECRL	444	341	81
TECTA	300	237	57
TECTB	37	28	4
TEDC1	61	48	14
TEDC2	61	46	7
TEDC2-AS1	33	26	10
TEDDM1	3	3	0
TEF	492	393	94
TEFM	548	415	111
TEK	3428	3306	398
TEKT1	105	82	13
TEKT2	25	19	6
TEKT3	155	100	20
TEKT4	6	9	5
TEKT5	483	338	78
TELO2	483	341	78
TEMN3-AS1	26	9	4
TEN1-CDK3	8	3	0
TENM1	4425	3692	753
TENM2	12761	8369	1263
TENM2-AS1	191	130	22
TENM2-AS2	11	9	2
TENM2-AS3	18	30	5
TENM2-AS4	18	27	8
TENM3	6255	5376	1172
TENM3-AS1	669	507	127
TENM4	4998	3401	684
TENM4-AS1	26	7	2
TENT2	6991	5248	926
TENT4A	2512	1755	353
TENT4B	2121	1472	325
TENT5A	2044	1664	272
TENT5B	61	28	7
TENT5C	439	480	79
TENT5C-DT	58	48	18
TENT5D	142	72	21
TEP1	2012	1549	331
TEPP	37	19	6
TEPSIN	247	199	59
TEPSIN-AS1	26	12	3
TERB1	258	172	33
TERB2	44	22	7
TERC	66	57	16
TERF1	1255	1197	190
TERF2	1564	1123	224
TERF2IP	1705	1563	253
TERLR1	32	19	6
TERT	265	216	46
TERT-AS1	12	10	2
TES	1271	969	159
TESC	698	456	168
TESC-AS1	156	106	31
TESK1	95	80	10
TESK2	0	0	0
TESMIN	159	109	36
TESPA1	1096	789	190
TET1	4075	3432	649
TET2	4692	3938	692
TET2-AS1	9	7	1
TET3	3980	2869	630
TEX10	1853	1422	285
TEX101	79	44	11
TEX11	453	319	91
TEX12-AS1	18	8	3
TEX13A	1	0	0
TEX13B	4	6	0
TEX13C	2	1	1
TEX14	609	413	87
TEX15	280	242	52
TEX19	7	3	2
TEX2	1583	1153	261
TEX22	522	459	110
TEX26	50	37	3
TEX26-AS1	139	120	16
TEX26-AS2	0	4	1
TEX264	406	291	77
TEX28	8	4	2
TEX29	134	130	22
TEX30	181	145	23
TEX33	64	45	12
TEX35	64	54	19
TEX36	137	89	18
TEX36-AS1	4	4	0
TEX37	7	2	0
TEX38	6	8	4
TEX41	2006	1396	331
TEX43	10	5	1
TEX44	3	3	0
TEX45	63	33	14
TEX46	54	35	9
TEX47	2	7	0
TEX48	80	50	11
TEX49	248	187	21
TEX50	3	0	0
TEX51	71	20	4
TEX52	55	35	6
TEX53	24	17	1
TEX54	3	0	0
TEX9	698	551	88
TF	197	213	38
TFAM	401	325	58
TFAP2A	153	98	25
TFAP2A-AS1	60	41	12
TFAP2A-AS2	22	15	1
TFAP2B	38	32	9
TFAP2C	12	17	3
TFAP2D	71	55	19
TFAP2E	145	126	24
TFAP2E-AS1	34	37	2
TFAP4	509	363	131
TFB1M	1308	1006	178
TFB2M	603	490	120
TFCP2	6288	4578	834
TFCP2L1	466	309	64
TFDP1	2297	1580	362
TFDP2	11257	9050	1916
TFE3	617	463	113
TFEB	836	663	146
TFEB-AS1	69	48	17
TFEC	758	556	137
TFF1	5	8	1
TFF2	8	8	1
TFF3	13	6	2
TFG	1895	1468	229
TFIP11	379	332	88
TFIP11-DT	29	16	3
TFPI	2783	2709	405
TFPI2	131	156	15
TFPT	210	158	51
TFR2	501	405	176
TFRC	2800	2639	807
TG	1437	891	242
TGDS	1046	849	168
TGFA	549	325	96
TGFB1	2426	1470	457
TGFB1I1	274	222	41
TGFB2	1963	1801	298
TGFB2-AS1	26	11	4
TGFB3	432	298	70
TGFBI	1741	1318	295
TGFBR1	2061	1337	231
TGFBR2	7152	4997	776
TGFBR3	16013	12285	1676
TGFBR3L	23	21	13
TGFBRAP1	869	617	128
TGFBRAP1-AS1	16	19	8
TGIF1	522	580	117
TGIF2	47	56	14
TGIF2-RAB5IF	280	233	44
TGIF2LX	0	0	0
TGILR	12	19	4
TGM1	167	123	29
TGM2	553	564	138
TGM4	77	56	15
TGM5	74	49	13
TGM6	218	129	35
TGM7	43	42	7
TGOLN2	1980	1246	309
TGS1	1630	1211	209
TH	18	22	7
TH2LCRR	70	57	15
THADA	9130	6990	1283
THAP1	73	71	15
THAP10	52	23	4
THAP11	28	27	2
THAP12	590	406	97
THAP2	151	183	23
THAP3	267	195	52
THAP4	767	553	139
THAP5	4	2	0
THAP6	928	783	173
THAP7	58	69	12
THAP7-AS1	180	136	24
THAP8	270	181	56
THAP9	234	194	45
THBD	40	23	4
THBS1	1747	1426	342
THBS2	681	961	114
THBS2-AS1	182	150	31
THBS3	614	677	155
THBS3-AS1	97	90	24
THBS4	350	264	66
THBS4-AS1	204	189	47
THCAT155	47	49	9
THEG	33	20	3
THEG5	4	4	2
THEGL	187	120	32
THEM4	523	415	80
THEM5	9	5	3
THEM6	75	57	11
THEMIS	6630	4787	1219
THEMIS2	522	546	137
THG1L	129	112	18
THNSL2	163	91	23
THOC1	3793	3230	577
THOC1-DT	41	25	8
THOC2	7056	5475	1063
THOC3	454	322	49
THOC3-AS1	9	6	2
THOC5	808	699	138
THOC6	74	48	12
THOC7	621	522	100
THOC7-AS1	0	7	0
THOP1	516	443	101
THORLNC	249	196	46
THPO	49	41	11
THRA	1215	970	222
THRAP3	6771	5129	1093
THRB	1567	1130	256
THRB-AS1	340	248	60
THRIL	4	0	0
THRSP	25	27	2
THSD1	937	531	111
THSD4	6982	8263	1042
THSD4-AS1	179	172	38
THSD7A	4343	3218	498
THSD7B	3458	2739	455
THSD8	59	42	10
THUMPD1	620	516	109
THUMPD2	1443	1143	234
THUMPD3	397	321	58
THUMPD3-AS1	1705	1410	290
THY1	104	71	22
THYN1	122	135	29
TIA1	2	5	0
TIAL1	3238	2976	583
TIALD	6	0	0
TIAM1	6745	4834	988
TIAM1-AS1	35	20	5
TIAM2	7315	6422	1001
TICAM1	286	249	53
TICAM2	0	2	0
TICAM2-AS1	102	98	17
TICRR	683	479	93
TIE1	855	782	129
TIFA	92	100	17
TIFAB	29	11	6
TIFAB-AS1	22	9	5
TIGD1	187	188	33
TIGD2	67	45	7
TIGD3	26	6	5
TIGD4	88	61	9
TIGD5	61	61	18
TIGD6	49	44	10
TIGD7	221	165	33
TIGIT	108	64	22
TILAM	123	115	34
TILRLS	11	12	0
TIMD4	723	514	116
TIMELESS	875	593	156
TIMM10	35	15	5
TIMM13	85	46	14
TIMM17A	369	351	67
TIMM17B	68	64	13
TIMM21	322	244	48
TIMM22	161	154	22
TIMM23	1097	746	158
TIMM23B-AGAP6	387	241	44
TIMM29	196	153	34
TIMM44	680	538	123
TIMM50	468	327	71
TIMM8A	57	37	14
TIMM8B	84	68	10
TIMM9	514	431	79
TIMMDC1	781	594	135
TIMMDC1-DT	7	5	2
TIMP1	76	55	15
TIMP2	2962	2522	508
TIMP3	2975	2765	403
TIMP4	5	8	1
TINAG	138	97	33
TINAG-AS1	1	0	1
TINAGL1	135	118	30
TINCR	169	147	19
TINF2	173	155	37
TIPARP	463	498	83
TIPARP-AS1	15	13	8
TIPIN	734	627	110
TIPRL	857	666	113
TIRAP	426	330	83
TIRAP-AS1	230	176	51
TJAP1	802	618	178
TJP1	7938	7395	903
TJP2	46	39	10
TJP3	285	217	53
TK1	220	205	55
TK2	610	470	106
TKFC	182	150	34
TKT	775	538	141
TKTL1	161	86	28
TKTL2	5	0	0
TLCD1	59	28	11
TLCD2	234	140	36
TLCD3A	86	61	16
TLCD3B	172	143	22
TLCD4	8	8	7
TLCD4-RWDD3	121	109	17
TLCD5	129	139	24
TLDC2	96	78	18
TLE1	4718	4704	741
TLE1-DT	847	625	131
TLE2	3481	2497	532
TLE3	1452	1109	298
TLE4	6420	4699	750
TLE5	1337	1223	221
TLE6	191	155	36
TLE7	11	7	3
TLK1	7263	5121	955
TLK2	6471	4946	848
TLL1	919	657	143
TLL2	422	294	65
TLN1	4052	2741	791
TLN2	12823	7635	1496
TLNRD1	149	99	20
TLR1	324	255	58
TLR10	326	258	42
TLR2	398	208	53
TLR3	97	75	11
TLR5	172	125	34
TLR7	116	99	26
TLR8	25	22	9
TLR8-AS1	9	4	2
TLX1	793	533	160
TLX1NB	461	440	86
TLX2	25	19	5
TLX3	8	9	0
TM2D1	2135	1906	305
TM2D2	139	110	24
TM2D3	551	461	79
TM4SF1	313	206	25
TM4SF1-AS1	66	40	9
TM4SF18	186	134	13
TM4SF18-AS1	119	84	13
TM4SF19-AS1	133	100	17
TM4SF19-DYNLT2B	21	6	3
TM4SF20	92	88	14
TM4SF4	141	88	23
TM4SF5	24	14	7
TM6SF1	209	157	54
TM7SF2	98	95	20
TM7SF3	1935	1552	277
TM7SF3-AS1	25	20	3
TM9SF2	2812	2102	358
TM9SF3	3143	2304	381
TM9SF4	2249	1687	322
TMA16	1195	864	163
TMA7	531	449	90
TMBIM1	375	371	91
TMBIM4	2	4	0
TMBIM6	983	1131	175
TMC1	1105	817	171
TMC2	448	317	80
TMC3	141	88	25
TMC3-AS1	508	406	99
TMC4	153	123	32
TMC5	302	218	54
TMC5-AS1	87	61	8
TMC6	1910	1465	425
TMC7	698	452	64
TMC8	2287	1762	465
TMCC1	13135	9520	1617
TMCC1-DT	489	397	85
TMCC2	1052	745	241
TMCC2-AS1	10	1	0
TMCC3	1706	1378	186
TMCO1	1108	773	182
TMCO1-AS1	52	55	16
TMCO2	91	77	11
TMCO3	1839	1278	282
TMCO4	1107	803	141
TMCO5A	115	70	20
TMCO6	119	111	27
TMDD1	20	7	3
TMED1	79	84	17
TMED10	1298	965	207
TMED2	384	343	71
TMED2-DT	105	68	16
TMED3	1001	762	167
TMED4	412	365	41
TMED5	776	693	120
TMED7	39	40	13
TMED7-TICAM2	160	128	36
TMED8	931	812	112
TMED9	127	90	24
TMEFF2	1511	1425	222
TMEM100	152	104	13
TMEM101	172	118	15
TMEM104	738	506	113
TMEM105	107	81	13
TMEM106A	666	524	129
TMEM106B	715	572	104
TMEM106C	198	148	34
TMEM107	255	162	41
TMEM108	3631	4011	624
TMEM108-AS1	26	17	2
TMEM109	113	106	17
TMEM109-DT	12	7	4
TMEM11	293	328	67
TMEM11-DT	535	304	66
TMEM114	135	120	30
TMEM115	59	38	13
TMEM116	779	642	121
TMEM117	4761	3246	574
TMEM119	47	58	8
TMEM120A	187	141	40
TMEM120B	2065	1409	356
TMEM121	41	19	7
TMEM121B	9	6	4
TMEM123	2263	1976	374
TMEM123-DT	60	45	19
TMEM125	13	6	1
TMEM126A	110	96	25
TMEM126B	377	294	45
TMEM127	333	304	60
TMEM128	305	284	49
TMEM128-DT	9	7	1
TMEM129	83	97	22
TMEM130	70	64	15
TMEM131	8404	6035	1022
TMEM131L	31037	20084	3645
TMEM132A	125	126	24
TMEM132B	737	526	144
TMEM132C	1454	1007	245
TMEM132D	3488	2252	451
TMEM132D-AS1	5	3	1
TMEM132D-AS2	4	0	0
TMEM132E	209	174	49
TMEM132E-DT	5	5	0
TMEM134	179	148	37
TMEM135	5872	4864	723
TMEM138	567	383	88
TMEM139	23	15	8
TMEM139-AS1	176	157	33
TMEM140	243	311	43
TMEM141	0	2	1
TMEM143	655	518	131
TMEM144	324	190	40
TMEM145	61	65	14
TMEM147	18	26	5
TMEM147-AS1	103	83	28
TMEM14A	163	169	19
TMEM14B	5	3	0
TMEM14B-DT	32	26	3
TMEM14C	337	290	60
TMEM150A	59	36	10
TMEM150B	198	133	43
TMEM150C	636	514	85
TMEM151A	5	5	4
TMEM151B	13	7	2
TMEM154	725	575	99
TMEM154-AS1	11	3	2
TMEM156	1327	1135	163
TMEM158	5	4	0
TMEM160	48	33	6
TMEM161A	364	284	72
TMEM161B	1794	1377	247
TMEM161B-DT	2639	2117	390
TMEM163	2690	1647	392
TMEM164	3086	2035	480
TMEM165	2895	1967	356
TMEM167A	581	525	98
TMEM167B	112	114	19
TMEM167B-DT	58	56	11
TMEM168	2018	1557	231
TMEM169	94	75	24
TMEM17	82	67	9
TMEM170A	16	12	2
TMEM170B	307	220	63
TMEM171	42	35	10
TMEM174	2	7	0
TMEM175	503	358	95
TMEM176A	21	14	3
TMEM176B	107	74	34
TMEM177	115	114	21
TMEM178A	227	196	48
TMEM178B	1059	747	193
TMEM179	426	358	76
TMEM179B	153	155	37
TMEM18	521	370	78
TMEM18-DT	134	90	16
TMEM181	3807	2805	559
TMEM182	1945	1426	305
TMEM183A	378	327	57
TMEM184A	106	80	24
TMEM184B	1280	918	202
TMEM184B-AS1	5	4	0
TMEM184C	822	583	134
TMEM184C-DT	11	8	3
TMEM185A	530	543	111
TMEM185B	88	65	23
TMEM186	99	74	19
TMEM187	123	94	26
TMEM19	101	73	9
TMEM190	9	6	4
TMEM191B	10	7	0
TMEM191C	13	11	2
TMEM192	1001	763	169
TMEM196	128	82	26
TMEM198	46	46	9
TMEM200A	356	296	54
TMEM200B	93	81	13
TMEM200C	23	13	4
TMEM201	234	177	49
TMEM202	12	8	3
TMEM202-AS1	327	261	71
TMEM203	24	15	4
TMEM204	268	176	48
TMEM205	8	11	2
TMEM207	35	43	4
TMEM208	92	81	22
TMEM209	764	603	105
TMEM212	267	188	48
TMEM212-AS1	336	211	50
TMEM213	188	136	31
TMEM214	398	275	86
TMEM215	6	4	0
TMEM216	100	79	17
TMEM218	323	259	50
TMEM219	461	355	71
TMEM220	457	455	60
TMEM221	1	0	0
TMEM222	318	236	61
TMEM223	367	244	54
TMEM225	0	0	0
TMEM225B	18	7	3
TMEM229A	3	2	0
TMEM229B	554	408	86
TMEM230	1453	1132	205
TMEM232	1398	1032	221
TMEM233	454	336	69
TMEM234	318	333	66
TMEM235	50	32	4
TMEM236	207	148	35
TMEM237	395	355	76
TMEM238	37	20	5
TMEM239	3	10	3
TMEM240	45	41	6
TMEM241	2408	1870	321
TMEM242	1215	979	201
TMEM242-DT	5	1	0
TMEM243	1072	815	139
TMEM244	67	53	19
TMEM245	4628	3206	559
TMEM246-AS1	68	41	8
TMEM248	1283	889	156
TMEM249	2	0	1
TMEM25	142	117	32
TMEM250	70	43	11
TMEM251	3	0	0
TMEM252	11	3	1
TMEM252-DT	434	310	63
TMEM253	36	26	10
TMEM254	198	165	38
TMEM254-AS1	265	226	35
TMEM255A	197	129	37
TMEM255B	531	377	96
TMEM256-PLSCR3	122	114	27
TMEM258	228	157	43
TMEM259	611	469	105
TMEM26	641	586	78
TMEM26-AS1	106	85	18
TMEM260	2352	1728	311
TMEM262	8	9	3
TMEM263	840	814	115
TMEM263-DT	24	16	5
TMEM266	671	483	115
TMEM267	729	508	102
TMEM268	580	467	109
TMEM269	167	146	49
TMEM270	21	10	5
TMEM271	2	0	0
TMEM273	239	222	50
TMEM275	55	29	7
TMEM30A	986	793	129
TMEM30A-DT	164	151	35
TMEM30B	24	8	3
TMEM31	13	7	3
TMEM33	563	358	65
TMEM33-DT	135	104	31
TMEM35A	111	104	20
TMEM37	143	113	27
TMEM38A	584	448	112
TMEM38B	752	599	136
TMEM39A	1123	883	196
TMEM39B	830	570	132
TMEM40	571	396	159
TMEM41A	386	286	69
TMEM41A-DT	29	18	5
TMEM41B	2049	1599	296
TMEM43	345	390	56
TMEM44	1758	1513	264
TMEM44-AS1	103	69	14
TMEM44-AS2	111	52	13
TMEM45A	741	646	117
TMEM45B	81	63	21
TMEM47	208	190	31
TMEM50A	908	850	158
TMEM50B	1460	895	178
TMEM51	1061	796	176
TMEM51-AS1	198	131	32
TMEM51-AS2	113	78	16
TMEM52	14	18	2
TMEM52B	60	72	9
TMEM53	264	197	42
TMEM54	18	6	1
TMEM59	939	1063	160
TMEM59L	42	26	10
TMEM60	62	56	7
TMEM61	9	7	3
TMEM62	777	621	105
TMEM63A	2847	1979	479
TMEM63B	779	658	152
TMEM63C	150	94	37
TMEM64	951	737	141
TMEM65	2876	2160	328
TMEM67	833	724	133
TMEM68	1505	1106	189
TMEM69	188	198	33
TMEM70	134	123	23
TMEM71	556	460	138
TMEM72	99	69	29
TMEM72-AS1	1039	739	174
TMEM74	363	288	52
TMEM74B	35	34	7
TMEM78	10	3	0
TMEM79	125	94	28
TMEM81	10	11	3
TMEM82	30	21	3
TMEM86A	76	87	14
TMEM86B	48	18	4
TMEM87A	2758	2133	402
TMEM87B	2554	1853	366
TMEM88	34	18	9
TMEM88B	27	22	4
TMEM89	2	1	0
TMEM8B	565	492	97
TMEM9	451	427	59
TMEM92	53	48	4
TMEM92-AS1	24	11	5
TMEM94	1522	1268	276
TMEM95	22	6	2
TMEM97	56	43	12
TMEM98	481	520	83
TMEM9B	266	199	42
TMEM9B-AS1	724	566	114
TMF1	2170	1865	379
TMIE	110	64	25
TMIGD1	53	61	8
TMIGD2	241	166	51
TMIGD3	412	286	64
TMLHE	2249	1939	384
TMLHE-AS1	261	220	57
TMOD1	734	618	154
TMOD1-AS1	20	19	3
TMOD2	1043	844	179
TMOD3	4525	3891	635
TMOD4	73	56	21
TMPO	3294	2736	541
TMPO-AS1	62	46	8
TMPRSS11A	247	188	39
TMPRSS11B	20	15	5
TMPRSS11D	133	92	19
TMPRSS11E	115	108	24
TMPRSS11F	136	126	30
TMPRSS12	172	135	20
TMPRSS13	109	77	20
TMPRSS15	614	476	91
TMPRSS2	148	130	23
TMPRSS3	73	34	16
TMPRSS4	135	118	30
TMPRSS5	132	105	21
TMPRSS6	120	84	30
TMPRSS6-AS1	3	6	1
TMPRSS7	127	111	18
TMPRSS9	435	295	60
TMSB10	704	686	152
TMSB15A	25	19	6
TMSB15B	210	137	33
TMSB15B-AS1	13	7	3
TMSB15B.1	5	7	0
TMSB4X	2076	2077	358
TMSB4Y	51	51	2
TMTC1	28432	23979	2740
TMTC2	6318	5085	804
TMTC3	836	623	127
TMTC4	1229	894	181
TMUB1	80	68	18
TMUB2	275	258	56
TMX1	659	492	92
TMX3	2147	1764	278
TMX4	645	545	94
TMX4-AS1	100	68	12
TNC	1140	1469	205
TNF	53	31	7
TNFAIP1	310	268	55
TNFAIP2	754	551	185
TNFAIP3	845	668	149
TNFAIP6	123	77	13
TNFAIP8	6219	4892	1005
TNFAIP8L1	714	551	127
TNFAIP8L3	250	215	52
TNFRSF10A	407	318	76
TNFRSF10A-AS1	5	5	3
TNFRSF10A-DT	30	24	7
TNFRSF10A-DT.1	43	31	6
TNFRSF10B	817	680	129
TNFRSF10B-AS1	59	27	4
TNFRSF10C	6	3	2
TNFRSF10D	378	420	65
TNFRSF11A	546	404	99
TNFRSF11B	96	64	16
TNFRSF12A	39	32	11
TNFRSF13B	491	320	93
TNFRSF13C	172	204	25
TNFRSF14	709	674	170
TNFRSF14-AS1	212	142	42
TNFRSF17	5	5	0
TNFRSF18	26	27	5
TNFRSF19	1714	1567	234
TNFRSF1A	1161	932	277
TNFRSF1B	1754	1467	386
TNFRSF21	920	655	151
TNFRSF25	342	308	66
TNFRSF4	49	40	8
TNFRSF8	575	387	92
TNFRSF9	162	137	23
TNFSF10	388	420	50
TNFSF11	150	87	21
TNFSF12	3	2	0
TNFSF12-TNFSF13	15	7	3
TNFSF13B	670	503	106
TNFSF14	38	40	7
TNFSF15	121	114	14
TNFSF18	22	18	5
TNFSF4	114	90	20
TNFSF8	335	237	64
TNFSF9	17	10	5
TNIK	9885	7710	1431
TNIP1	2124	1883	358
TNIP2	322	233	50
TNIP3	353	230	57
TNK1	61	32	6
TNK2	2494	1902	463
TNK2-AS1	41	34	8
TNKS	8724	7193	1129
TNKS1BP1	1503	1012	235
TNKS2	4097	3445	585
TNKS2-DT	67	26	6
TNMD	25	24	5
TNN	304	245	46
TNNC1	58	45	12
TNNC2	1653	1276	326
TNNI1	218	145	35
TNNI2	572	412	108
TNNI3	9	5	3
TNNT1	507	381	94
TNNT3	4165	3267	830
TNP1	0	1	1
TNP2	6	3	0
TNPO1	6019	4867	782
TNPO1-DT	87	53	10
TNPO2	1757	1351	303
TNPO3	3919	2896	482
TNR	969	810	161
TNRC18	8396	6078	1464
TNRC18-AS1	23	22	3
TNRC6A	9974	7802	1383
TNRC6B	23429	19836	3459
TNRC6B-DT	22	15	7
TNRC6C	7203	5073	1160
TNS1	5738	4985	1155
TNS1-AS1	116	112	25
TNS2	3544	2865	570
TNS2-AS1	640	505	97
TNS3	19476	16127	2557
TNS4	268	209	45
TNXB	727	567	141
TOB1	196	149	36
TOB1-AS1	460	302	63
TOB2	810	813	185
TOE1	82	73	18
TOGARAM1	3024	2524	435
TOGARAM2	495	427	85
TOLLIP	684	646	140
TOLLIP-DT	11	14	3
TOM1	984	823	173
TOM1L1	748	562	89
TOM1L2	3814	2945	614
TOM1L2-AS1	7	7	1
TOMM20	787	598	120
TOMM20L	24	19	0
TOMM20L-DT	115	98	22
TOMM22	67	39	11
TOMM22-DT	72	50	10
TOMM34	256	214	36
TOMM40	343	242	80
TOMM40L	102	58	34
TOMM7	202	137	30
TOMM70	1135	895	152
TONSL	329	183	55
TONSL-AS1	10	8	0
TOP1	7401	5777	1158
TOP1MT	674	530	102
TOP2A	2667	2088	460
TOP2B	7850	6353	1073
TOP3A	1856	1419	293
TOP3B	861	640	156
TOPAZ1	380	280	81
TOPBP1	2506	1889	349
TOR1A	381	237	61
TOR1AIP1	1125	930	199
TOR1AIP2	1167	964	180
TOR1B	375	278	73
TOR2A	63	27	13
TOR3A	258	134	23
TOR4A	38	36	4
TOX	10632	7845	1647
TOX-DT	113	93	14
TOX2	3431	3545	642
TOX3	328	198	63
TOX4	937	840	155
TP53	1053	973	191
TP53AIP1	112	76	26
TP53BP1	4788	4237	809
TP53BP2	1816	1461	321
TP53I11	754	682	135
TP53I3	270	287	50
TP53INP1	728	732	119
TP53INP2	83	51	28
TP53RK	80	62	5
TP53RK-DT	7	4	1
TP53TG1	127	126	21
TP53TG5	106	83	22
TP63	1908	1442	364
TP73	313	206	47
TP73-AS2	4	0	0
TP73-AS3	34	20	8
TPBG	75	49	14
TPBGL	9	5	2
TPBGL-AS1	61	48	7
TPCN1	2630	2352	475
TPCN2	417	324	76
TPD52	1956	1417	214
TPD52L1	631	444	142
TPD52L2	1050	862	185
TPD52L3	3	3	0
TPGS1	308	214	69
TPGS2	1007	850	158
TPH1	77	47	10
TPH2	461	326	58
TPI1	249	226	41
TPK1	2844	2070	330
TPL1	192	162	32
TPM1	9492	6902	1377
TPM1-AS	43	30	14
TPM2	3513	2532	612
TPM3	2363	1971	436
TPM4	4698	4424	680
TPMT	322	217	46
TPO	471	267	63
TPP1	251	326	78
TPP2	5418	3882	728
TPPP	138	85	22
TPPP-AS1	3	4	0
TPPP2	14	17	5
TPPP3	50	38	14
TPR	7447	6110	1268
TPRA1	358	258	73
TPRG1	1473	1127	262
TPRG1-AS1	24	17	2
TPRG1-AS2	1	0	2
TPRG1L	96	89	17
TPRKB	333	376	69
TPRN	188	142	42
TPRX1	123	69	15
TPRX2	3	4	0
TPSAB1	4	0	0
TPSB2	3	3	1
TPSD1	13	5	0
TPSG1	4	4	1
TPST1	4219	2848	583
TPST2	2256	1427	406
TPT1	1345	1076	225
TPT1-AS1	4861	4143	769
TPTE	0	2	0
TPTE2	461	359	56
TPTEP2-CSNK1E	3438	2738	498
TPX2	1705	1341	240
TRA2A	7399	6781	1179
TRA2B	4164	3881	707
TRABD	563	393	108
TRABD-AS1	58	45	5
TRABD2A	386	280	77
TRABD2B	1863	1425	237
TRABD2B-AS1	2	2	0
TRAC	362	218	55
TRADD	156	122	31
TRAF1	677	461	116
TRAF2	1099	842	177
TRAF3	6781	4738	880
TRAF3IP1	1269	819	164
TRAF3IP2	527	474	86
TRAF3IP2-AS1	6972	5787	945
TRAF3IP3	1844	1299	280
TRAF4	305	195	47
TRAF5	2907	1995	366
TRAF6	880	781	138
TRAF7	426	304	69
TRAFD1	778	544	134
TRAIP	250	224	60
TRAJ1	2	6	2
TRAJ10	17	10	2
TRAJ11	9	3	0
TRAJ12	36	34	4
TRAJ13	15	7	2
TRAJ14	11	2	2
TRAJ16	7	5	1
TRAJ17	6	6	0
TRAJ18	41	22	4
TRAJ19	25	19	7
TRAJ2	5	2	1
TRAJ20	29	24	3
TRAJ21	19	18	2
TRAJ22	7	6	0
TRAJ23	16	14	1
TRAJ24	23	9	6
TRAJ25	6	5	0
TRAJ26	56	30	11
TRAJ27	19	6	5
TRAJ28	10	9	1
TRAJ29	15	5	3
TRAJ3	4	7	3
TRAJ30	3	2	0
TRAJ31	22	12	4
TRAJ32	4	6	3
TRAJ33	4	7	0
TRAJ34	7	2	1
TRAJ35	5	2	1
TRAJ36	20	17	6
TRAJ37	17	14	3
TRAJ38	8	4	2
TRAJ39	7	1	1
TRAJ4	21	18	4
TRAJ40	6	8	1
TRAJ41	8	5	0
TRAJ42	7	5	0
TRAJ43	10	5	0
TRAJ44	2	3	0
TRAJ45	5	5	1
TRAJ46	9	5	0
TRAJ47	4	8	0
TRAJ48	17	12	3
TRAJ49	17	8	1
TRAJ5	24	18	6
TRAJ50	4	3	2
TRAJ51	15	3	0
TRAJ52	6	5	0
TRAJ53	10	5	0
TRAJ54	5	6	0
TRAJ55	12	4	3
TRAJ56	6	2	0
TRAJ57	14	9	1
TRAJ58	0	4	0
TRAJ59	10	8	1
TRAJ6	14	8	1
TRAJ60	4	2	0
TRAJ61	8	3	0
TRAJ7	8	9	0
TRAJ8	10	15	2
TRAJ9	8	10	1
TRAK1	7577	5909	1086
TRAK2	2941	2506	512
TRAM1	1246	1039	193
TRAM1L1	18	30	3
TRAM2	3105	2108	361
TRAM2-AS1	422	293	58
TRANK1	2028	1791	324
TRAP1	2473	1902	450
TRAPPC1	60	62	18
TRAPPC10	3831	2669	632
TRAPPC11	2105	1635	307
TRAPPC12	3903	2782	570
TRAPPC12-AS1	1	4	2
TRAPPC13	1159	861	153
TRAPPC14	167	125	37
TRAPPC2	295	279	56
TRAPPC2L	137	129	30
TRAPPC3	579	438	115
TRAPPC3L	112	73	10
TRAPPC4	145	131	28
TRAPPC5	89	89	13
TRAPPC6A	354	270	71
TRAPPC6B	1323	1095	217
TRAPPC8	4358	3188	576
TRAPPC9	13270	10502	2158
TRARG1	58	29	15
TRAT1	525	355	76
TRAV1-1	8	3	4
TRAV1-2	7	11	0
TRAV10	15	3	0
TRAV12-1	8	4	3
TRAV12-2	10	3	1
TRAV12-3	4	3	0
TRAV13-1	28	19	0
TRAV13-2	13	11	2
TRAV14DV4	18	11	4
TRAV15	4	0	0
TRAV16	2	0	0
TRAV17	26	12	3
TRAV18	5	7	2
TRAV19	22	12	3
TRAV2	16	7	1
TRAV20	7	7	2
TRAV21	15	14	2
TRAV22	9	7	1
TRAV23DV6	25	20	3
TRAV24	5	3	1
TRAV25	10	8	2
TRAV26-1	8	4	3
TRAV26-2	4	9	0
TRAV27	5	2	0
TRAV29DV5	19	14	7
TRAV3	4	6	0
TRAV30	13	9	0
TRAV31	7	1	0
TRAV32	0	2	1
TRAV33	0	1	0
TRAV34	3	4	1
TRAV35	6	2	2
TRAV36DV7	5	5	0
TRAV37	1	0	0
TRAV38-1	3	6	0
TRAV38-2DV8	11	5	3
TRAV39	8	3	0
TRAV4	39	12	2
TRAV40	4	2	0
TRAV41	7	8	2
TRAV5	11	10	2
TRAV6	9	10	3
TRAV7	2	0	0
TRAV8-1	3	0	0
TRAV8-2	17	6	1
TRAV8-3	5	5	0
TRAV8-4	1	0	0
TRAV8-5	4	1	0
TRAV8-6	4	2	0
TRAV9-1	1	0	0
TRAV9-2	9	3	1
TRBC1	510	346	93
TRBC2	454	336	89
TRBD1	10	3	0
TRBJ1-1	10	1	1
TRBJ1-2	14	8	2
TRBJ1-3	18	10	6
TRBJ1-4	46	43	9
TRBJ1-5	8	10	0
TRBJ1-6	9	3	0
TRBJ2-1	5	3	1
TRBJ2-2	13	4	4
TRBJ2-2P	26	17	7
TRBJ2-3	48	35	7
TRBJ2-4	35	16	5
TRBJ2-5	9	7	1
TRBJ2-6	13	3	2
TRBJ2-7	37	19	6
TRBV1	19	11	3
TRBV10-1	2	5	0
TRBV10-2	3	3	0
TRBV10-3	8	8	1
TRBV11-1	0	0	0
TRBV11-2	4	0	0
TRBV11-3	3	1	1
TRBV12-1	5	2	0
TRBV12-2	0	0	0
TRBV12-3	4	1	1
TRBV12-4	9	1	3
TRBV12-5	2	5	0
TRBV13	7	7	2
TRBV14	10	7	2
TRBV15	4	3	0
TRBV16	5	0	0
TRBV17	3	0	0
TRBV18	25	23	10
TRBV19	22	16	4
TRBV2	5	8	0
TRBV20-1	41	26	5
TRBV20OR9-2	8	8	0
TRBV21-1	32	20	2
TRBV22-1	2	0	0
TRBV23-1	104	53	16
TRBV23OR9-2	2	0	0
TRBV24-1	8	11	2
TRBV25-1	8	4	0
TRBV26	0	1	0
TRBV26OR9-2	4	0	0
TRBV27	25	22	5
TRBV28	61	44	7
TRBV29-1	5	0	3
TRBV3-1	14	14	6
TRBV30	13	11	2
TRBV4-1	37	20	5
TRBV4-2	50	30	7
TRBV5-1	33	23	10
TRBV5-3	3	0	0
TRBV5-4	18	11	4
TRBV5-5	7	7	2
TRBV5-6	12	7	0
TRBV5-7	1	2	0
TRBV6-1	11	12	1
TRBV6-2	5	11	1
TRBV6-4	5	6	2
TRBV6-5	4	6	2
TRBV6-6	6	2	2
TRBV6-7	4	3	0
TRBV6-8	4	0	4
TRBV7-1	0	2	0
TRBV7-2	12	16	6
TRBV7-3	21	11	2
TRBV7-4	2	7	0
TRBV7-5	3	2	0
TRBV7-6	1	4	2
TRBV7-7	2	2	0
TRBV7-9	14	14	5
TRBV8-1	2	0	0
TRBV8-2	2	5	0
TRBV9	22	25	6
TRBVB	2	1	0
TRD-AS1	950	657	165
TRDC	55	37	7
TRDD2	2	0	0
TRDJ1	4	3	0
TRDJ2	2	0	0
TRDJ3	4	4	0
TRDMT1	1598	1086	198
TRDN	6008	4734	1260
TRDN-AS1	389	276	81
TRDV1	16	7	1
TRDV2	13	10	3
TREH	55	41	20
TREM1	49	29	8
TREM2	4	3	2
TREML1	7	4	2
TREML2	73	53	17
TREML4	12	3	3
TRERF1	9871	6931	1250
TRERNA1	7	3	2
TREX2	16	3	1
TRG-AS1	1655	1328	317
TRGC1	11	7	1
TRGC2	96	66	17
TRGJ2	2	0	0
TRGJP1	12	5	2
TRGJP2	8	6	2
TRGV1	4	7	1
TRGV10	21	7	1
TRGV2	10	9	3
TRGV3	18	14	3
TRGV4	4	7	4
TRGV5	10	12	3
TRGV5P	8	8	4
TRGV6	11	4	0
TRGV7	7	5	0
TRGV8	5	8	1
TRGV9	21	10	3
TRH	4	7	1
TRHDE	4404	4162	512
TRHDE-AS1	698	691	145
TRHR	50	26	8
TRIAP1	23	36	4
TRIB1	157	139	35
TRIB1AL	326	228	53
TRIB2	786	635	128
TRIB3	221	161	25
TRIL	43	21	13
TRIM10	113	110	44
TRIM11	325	255	60
TRIM11-AS1	2	3	0
TRIM13	1041	981	165
TRIM14	1092	833	210
TRIM15	16	18	9
TRIM16	622	536	108
TRIM17	76	52	20
TRIM2	5	0	0
TRIM21	294	248	51
TRIM22	1009	949	168
TRIM23	1197	1068	192
TRIM24	4312	3002	551
TRIM25	1065	816	166
TRIM26	935	727	151
TRIM27	2005	1592	331
TRIM28	558	429	129
TRIM29	146	129	22
TRIM3	495	297	82
TRIM31	27	23	6
TRIM31-AS1	70	54	9
TRIM32	232	201	38
TRIM33	5315	3921	680
TRIM35	333	180	48
TRIM36	188	163	52
TRIM37	2627	1752	360
TRIM38	1451	1475	224
TRIM39	54	51	10
TRIM39-RPP21	12	14	1
TRIM4	1406	1185	265
TRIM40	17	12	5
TRIM41	657	565	126
TRIM41-AS1	59	52	8
TRIM42	49	33	16
TRIM43	0	1	1
TRIM43B	3	2	0
TRIM44	5906	4093	698
TRIM45	198	155	29
TRIM46	144	104	26
TRIM47	104	65	12
TRIM48	9	7	1
TRIM49	2	6	3
TRIM49B	13	16	1
TRIM49C	11	5	2
TRIM49D1	0	3	0
TRIM5	805	627	133
TRIM50	94	69	23
TRIM51	5	3	0
TRIM51G	4	2	2
TRIM52	458	349	71
TRIM54	471	341	84
TRIM55	669	498	113
TRIM56	1392	991	216
TRIM58	388	291	114
TRIM59	178	152	34
TRIM59-IFT80	345	244	62
TRIM6	7	2	1
TRIM6-TRIM34	13	19	8
TRIM60	101	98	13
TRIM61	78	65	13
TRIM62	449	313	81
TRIM63	93	79	22
TRIM64	2	5	0
TRIM64B	9	10	2
TRIM64C	7	2	1
TRIM65	522	411	104
TRIM66	1638	1174	223
TRIM67	168	111	31
TRIM67-AS1	4	4	5
TRIM68	180	113	24
TRIM69	407	344	72
TRIM7	93	41	13
TRIM7-AS1	55	33	9
TRIM7-AS2	41	36	2
TRIM71	219	143	36
TRIM72	417	326	73
TRIM73	45	23	6
TRIM74	47	25	3
TRIM75	8	5	2
TRIM77	8	5	1
TRIM8	633	607	131
TRIM8-DT	44	41	12
TRIM9	646	720	97
TRIML1	35	10	6
TRIML2	57	31	6
TRINGS	710	524	128
TRIO	27927	18935	3221
TRIO-AS1	6	9	1
TRIOBP	1529	1240	254
TRIP10	1123	815	219
TRIP10-AS1	28	18	1
TRIP11	4885	3817	745
TRIP12	7727	5835	1038
TRIP13	210	141	44
TRIP4	2649	2052	389
TRIP6	212	146	27
TRIQK	1806	1472	204
TRIQK-AS1	196	137	26
TRIR	456	332	92
TRIT1	1420	1037	193
TRMO	350	249	43
TRMT1	532	351	62
TRMT10A	187	120	34
TRMT10B	889	692	148
TRMT10C	102	88	10
TRMT11	3603	2977	483
TRMT112	42	35	6
TRMT12	174	126	29
TRMT13	2014	1502	269
TRMT1L	758	692	129
TRMT2A	240	178	40
TRMT2B	738	646	136
TRMT2B-AS1	145	100	19
TRMT44	835	641	138
TRMT44-AS1	1	1	0
TRMT5	238	194	37
TRMT6	298	172	36
TRMT61A	75	44	8
TRMT61A-DT	55	35	13
TRMT61B	1022	845	156
TRMT9B	799	514	103
TRMU	1353	1008	210
TRNAU1AP	1345	1301	255
TRNP1	116	91	19
TRNT1	1402	923	200
TRO	502	463	113
TROAP	249	175	49
TROAP-AS1	116	92	26
TRPA1	67	68	19
TRPC1	1943	2118	258
TRPC3	511	382	86
TRPC3-AS1	84	56	13
TRPC4	558	734	94
TRPC4AP	6688	5132	887
TRPC5	568	400	74
TRPC5OS	65	47	5
TRPC6	3440	3430	553
TRPC7	282	228	39
TRPC7-AS1	28	20	2
TRPC7-AS2	14	7	0
TRPM1	724	435	102
TRPM1-AS1	151	80	27
TRPM2	729	500	111
TRPM2-AS	25	11	3
TRPM3	2912	2254	498
TRPM4	865	641	147
TRPM5	144	128	26
TRPM6	515	352	87
TRPM7	5583	4364	779
TRPM8	127	82	19
TRPS1	4057	3307	596
TRPS1-AS1	0	3	0
TRPT1	127	88	17
TRPV1	162	159	34
TRPV2	384	303	70
TRPV3	409	276	63
TRPV4	366	241	69
TRPV5	72	47	11
TRPV6	33	28	11
TRRAP	9561	6517	1472
TRUB1	616	545	106
TRUB2	282	270	66
TSACC	113	67	14
TSBP1	262	204	54
TSBP1-AS1	2402	1952	335
TSC1	2292	2051	390
TSC2	2577	2153	462
TSC22D1	3795	2983	495
TSC22D1-AS1	107	58	19
TSC22D2	3823	2663	474
TSC22D3	729	640	188
TSC22D4	1003	859	176
TSEN15	1026	676	135
TSEN2	1848	1131	238
TSEN34	122	113	28
TSEN54	499	314	65
TSFM	87	87	13
TSG101	2004	1870	299
TSGA10	1102	841	190
TSGA10IP	61	22	12
TSGA13	60	48	13
TSHB	1	0	0
TSHR	2504	1764	462
TSHR-AS1	1174	1048	205
TSHZ1	2103	1858	334
TSHZ2	37965	38434	5175
TSHZ2-AS1	87	79	10
TSHZ3	2201	1627	286
TSHZ3-AS1	413	378	63
TSIX	336	225	75
TSKS	132	98	32
TSKU	115	107	20
TSKU-AS1	14	10	2
TSLP	22	10	7
TSN	500	431	72
TSNARE1	1730	1132	286
TSNAX	9	2	2
TSNAX-DISC1	458	391	88
TSNAXIP1	152	122	23
TSPAN1	91	89	16
TSPAN10	102	71	15
TSPAN11	421	300	63
TSPAN12	633	505	98
TSPAN13	426	291	43
TSPAN14	3034	2067	451
TSPAN14-AS1	37	17	7
TSPAN15	1170	731	197
TSPAN16	158	103	22
TSPAN16-AS1	157	84	22
TSPAN17	250	193	46
TSPAN18	6889	5536	811
TSPAN18-AS1	90	49	11
TSPAN19	46	30	7
TSPAN2	241	189	40
TSPAN3	1635	1322	229
TSPAN31	184	158	34
TSPAN32	625	465	193
TSPAN33	220	173	54
TSPAN4	754	620	140
TSPAN5	5052	3837	920
TSPAN5-AS1	36	18	5
TSPAN5-DT	48	27	10
TSPAN6	95	111	17
TSPAN7	41	25	2
TSPAN8	764	534	128
TSPAN9	5904	4663	858
TSPEAR	453	289	84
TSPEAR-AS1	120	68	11
TSPEAR-AS2	24	18	3
TSPO	96	61	16
TSPO2	6	8	2
TSPOAP1	504	516	117
TSPOAP1-AS1	1831	1333	348
TSPYL1	276	250	45
TSPYL2	536	449	99
TSPYL4	183	151	34
TSPYL5	90	87	21
TSPYL6	10	9	1
TSR1	758	568	135
TSR2	143	138	38
TSR3	67	62	9
TSSC4	68	47	11
TSSK2	2	1	0
TSSK3	186	169	43
TSSK4	8	8	3
TSSK6	21	37	5
TST	86	67	22
TSTD2	861	618	118
TSTD3	1525	1224	227
TTBK1	245	146	33
TTBK2	3361	2492	452
TTBK2-AS1	18	6	3
TTC1	1308	1147	202
TTC12	750	719	125
TTC12-DT	80	66	9
TTC13	1859	1402	273
TTC14	3844	2711	537
TTC14-DT	86	59	12
TTC16	167	117	20
TTC17	9265	7570	1338
TTC19	1902	1322	242
TTC21A	432	349	70
TTC21B	4092	3120	580
TTC21B-AS1	62	47	10
TTC22	44	43	9
TTC23	1758	1473	278
TTC23-AS1	21	20	4
TTC23L	301	247	47
TTC23L-AS1	11	4	1
TTC24	189	136	32
TTC26	755	544	106
TTC27	3357	2337	402
TTC28	23035	16328	2482
TTC28-AS1	2224	1879	375
TTC29	484	335	90
TTC29-AS1	28	14	4
TTC3	10697	8062	1415
TTC3-AS1	22	22	4
TTC30A	24	27	3
TTC30B	39	27	3
TTC31	682	584	133
TTC32	240	201	32
TTC32-DT	11	9	2
TTC33	1546	1350	262
TTC34	198	157	34
TTC36	17	11	6
TTC36-AS1	119	77	18
TTC37	5335	4725	823
TTC38	541	443	116
TTC39A	219	187	37
TTC39A-AS1	50	30	4
TTC39B	1726	1057	223
TTC39C	3435	2069	424
TTC39C-AS1	171	138	34
TTC4	3	2	0
TTC5	755	545	118
TTC6	1250	924	204
TTC7A	5263	3811	832
TTC7B	5655	4194	851
TTC7B-AS1	16	22	3
TTC7B-AS2	4	6	2
TTC7B-AS3	3	4	0
TTC8	738	610	104
TTC9	477	370	49
TTC9-DT	0	0	0
TTC9B	8	2	4
TTC9C	757	520	117
TTF1	1040	914	199
TTF2	1554	967	214
TTI1	1224	1021	176
TTI2	699	582	127
TTK	833	605	140
TTL	1668	992	211
TTLL1	762	524	103
TTLL1-AS1	204	166	43
TTLL10	70	40	14
TTLL10-AS1	20	24	4
TTLL11	3123	2213	463
TTLL12	240	195	53
TTLL2	84	64	19
TTLL3	253	188	38
TTLL4	788	679	133
TTLL5	4181	3435	608
TTLL6	150	89	20
TTLL7	891	742	162
TTLL8	101	81	18
TTLL9	247	213	53
TTN	136096	105553	27090
TTN-AS1	6722	4411	896
TTPA	152	105	22
TTPAL	275	195	52
TTR	154	139	27
TTTY10	1407	1402	42
TTTY12	1	2	0
TTTY13	34	38	6
TTTY14	5308	4409	138
TTTY17C	0	0	0
TTTY18	43	35	12
TTTY1B	0	2	0
TTTY22	9	8	1
TTTY2B	5	4	0
TTTY4	4	0	0
TTTY4B	2	0	0
TTTY4C	2	0	0
TTTY7	3	0	0
TTYH1	143	105	25
TTYH2	870	703	192
TTYH3	1377	1093	342
TUB	530	383	95
TUBA1A	350	557	65
TUBA1B	172	197	33
TUBA1B-AS1	1606	1381	265
TUBA1C	830	636	120
TUBA1C-AS1	299	261	57
TUBA3C	24	26	2
TUBA3D	12	8	1
TUBA3E	4	5	3
TUBA3FP	101	68	17
TUBA4A	254	177	59
TUBA4B	77	51	17
TUBA8	138	88	23
TUBAL3	23	16	7
TUBB	630	578	93
TUBB1	137	107	37
TUBB2A	29	22	5
TUBB2B	35	30	5
TUBB3	6	1	0
TUBB4A	29	15	7
TUBB4B	133	97	25
TUBB6	1143	776	141
TUBB8	40	154	6
TUBB8B	4	0	0
TUBD1	710	594	138
TUBE1	486	440	93
TUBG1	102	53	12
TUBG2	288	253	47
TUBGCP2	2272	1635	381
TUBGCP3	4023	2895	521
TUBGCP4	718	574	111
TUBGCP5	1823	1163	238
TUBGCP6	1180	887	221
TUFM	196	142	20
TUFT1	139	101	19
TUG1	1692	1299	247
TULP1	93	60	16
TULP2	602	371	88
TULP3	2159	1924	303
TULP4	3280	2244	460
TUNAR	127	111	12
TUSC1	13	11	4
TUSC2	81	69	19
TUSC3	4640	3154	523
TUSC7	23	21	4
TUSC8	34	29	5
TUT1	4	4	0
TUT4	8995	7229	1240
TUT7	2876	2283	513
TVP23A	700	601	121
TVP23B	458	472	89
TVP23C-CDRT4	912	746	127
TWF1	274	276	50
TWF2	194	111	47
TWF2-DT	21	15	4
TWIST1	408	338	63
TWIST2	544	500	147
TWNK	119	81	25
TWSG1	977	660	129
TWSG1-DT	76	63	17
TXK	1192	727	174
TXLNA	1327	905	262
TXLNB	246	193	47
TXLNG	1045	891	203
TXN	234	229	37
TXN2	304	248	75
TXNDC11	1875	1345	266
TXNDC11-AS1	37	34	14
TXNDC12	538	385	74
TXNDC12-AS1	3	1	0
TXNDC15	923	623	179
TXNDC16	1899	1844	295
TXNDC17	54	59	23
TXNDC2	6	1	0
TXNDC8	96	63	11
TXNDC9	603	425	118
TXNIP	1880	2277	306
TXNL1	1580	1235	208
TXNL4A	1451	1244	232
TXNL4B	650	531	108
TXNRD1	2162	1668	328
TXNRD1-AS1	72	35	5
TXNRD2	947	716	172
TXNRD3	975	610	136
TYK2	1710	1354	339
TYMP	151	162	49
TYMS	633	420	90
TYMSOS	106	93	16
TYR	239	165	53
TYRO3	807	625	116
TYROBP	78	76	16
TYRP1	203	145	34
TYSND1	229	156	36
TYW1	4629	3074	562
TYW1B	3625	2640	476
TYW3	814	649	127
TYW5	765	616	105
U2AF1	108	107	13
U2AF2	1912	1490	395
U2SURP	6457	5700	1109
U2SURP-AS1	13	9	4
UACA	8276	6190	808
UAP1	518	419	96
UAP1-DT	9	7	1
UAP1L1	71	75	19
UBA1	1623	1381	311
UBA2	3477	2621	461
UBA3	1567	1248	236
UBA5	1061	788	152
UBA52	214	186	54
UBA6	3939	3134	544
UBA6-DT	5558	3282	662
UBA7	525	403	105
UBAC1	1246	960	310
UBAC2	7896	5700	1066
UBAC2-AS1	72	61	11
UBALD1	200	133	36
UBALD2	236	203	50
UBAP1	3435	2646	486
UBAP1L	577	425	86
UBAP2	6071	4600	891
UBAP2L	3384	2891	559
UBASH3A	733	464	138
UBASH3B	10196	6598	1029
UBB	678	520	123
UBB-AS1	7	4	0
UBC	1186	715	199
UBE2A	927	665	165
UBE2B	2016	2116	381
UBE2C	124	102	30
UBE2D1	522	398	69
UBE2D2	8327	5870	1222
UBE2D3	5129	4176	732
UBE2D3-AS1	273	221	44
UBE2D4	247	153	30
UBE2E1	7811	6155	942
UBE2E1-AS1	30	12	4
UBE2E2	20574	15466	2334
UBE2E2-DT	308	220	48
UBE2E3	4082	2925	472
UBE2E3-DT	5	6	0
UBE2F	11	8	1
UBE2F-SCLY	204	186	36
UBE2G1	4721	3351	607
UBE2G2	2179	1385	282
UBE2H	9092	7496	1464
UBE2H-DT	389	239	64
UBE2I	1998	1591	351
UBE2I-AS1	68	39	9
UBE2J1	1084	854	155
UBE2J2	1473	1119	234
UBE2K	9547	7205	1253
UBE2L3	2291	1644	348
UBE2L5	37	27	2
UBE2L6	238	196	59
UBE2M	113	94	28
UBE2N	1344	1086	226
UBE2O	2435	1660	489
UBE2Q1	383	330	71
UBE2Q1-AS1	3	1	0
UBE2Q2	2801	2127	361
UBE2QL1	143	124	21
UBE2R2	8412	5819	1159
UBE2R2-AS1	342	290	63
UBE2S	159	117	37
UBE2T	165	137	27
UBE2U	228	150	33
UBE2V2	1772	1243	252
UBE2W	4	3	1
UBE2Z	1400	1135	202
UBE3A	7201	5177	862
UBE3B	1613	1416	262
UBE3C	9101	6709	1138
UBE3D	2792	2454	409
UBE4A	2097	1488	373
UBE4B	6284	5201	857
UBFD1	419	382	81
UBIAD1	281	260	62
UBL3	2579	1912	316
UBL4A	33	24	8
UBL4B	2	0	0
UBL5	76	76	21
UBL7	292	253	65
UBL7-DT	539	470	92
UBLCP1	492	295	61
UBN1	2160	1508	321
UBN2	2944	2278	450
UBOX5	709	513	118
UBOX5-AS1	314	249	56
UBP1	3161	2266	464
UBQLN1	2591	1961	395
UBQLN1-AS1	54	26	9
UBQLN2	102	92	19
UBQLN4	473	349	79
UBR1	5998	4778	872
UBR2	8001	6945	1266
UBR3	9960	6885	1240
UBR4	6940	5353	1344
UBR5	13424	10979	1896
UBR5-DT	186	135	34
UBR7	210	157	31
UBTD1	824	753	137
UBTD2	2644	1984	380
UBTF	2151	1370	370
UBXN1	301	200	57
UBXN10	21	25	7
UBXN11	552	408	96
UBXN2A	2329	1769	365
UBXN2B	716	632	125
UBXN4	3363	2690	580
UBXN6	525	401	111
UBXN7	3469	2959	515
UBXN7-AS1	36	22	5
UBXN8	299	238	56
UCA1	14	12	5
UCHL1	60	59	8
UCHL1-DT	54	43	9
UCHL3	13	11	9
UCHL5	1368	1072	193
UCK1	139	95	21
UCK2	1403	903	185
UCKL1	648	568	127
UCKL1-AS1	111	58	19
UCMA	30	28	11
UCN	8	9	2
UCN2	3	3	4
UCN3	15	5	0
UCP1	13	7	0
UCP2	629	516	139
UCP3	73	69	15
UEVLD	1136	856	184
UFC1	247	218	44
UFD1	890	703	147
UFD1-AS1	9	18	5
UFL1	1444	1274	243
UFL1-AS1	1428	990	232
UFM1	588	558	91
UFSP1	9	7	0
UFSP2	716	660	118
UGCG	3724	2636	580
UGDH	674	562	105
UGDH-AS1	1135	877	188
UGGT1	3402	2257	467
UGGT2	5620	4014	674
UGP2	2673	1937	404
UGT1A8	16	12	2
UGT2A1	18	7	5
UGT2A3	34	23	3
UGT2B10	13	13	1
UGT2B11	33	38	10
UGT2B11-AS1	43	30	9
UGT2B15	91	86	16
UGT2B17	44	47	20
UGT2B28	13	18	4
UGT2B4	72	99	19
UGT2B7	1425	1073	343
UGT3A1	126	115	24
UGT3A2	93	60	21
UGT8	160	112	28
UHMK1	803	663	120
UHRF1	1168	904	270
UHRF1BP1	1941	1540	310
UHRF1BP1L	2824	1993	369
UHRF1BP1L-DT	25	12	2
UHRF2	5272	4059	722
UHRF2-AS1	223	202	44
UICLM	90	72	18
UIMC1	5595	3769	844
ULBP1	28	34	5
ULBP2	32	16	3
ULBP3	20	28	9
ULK1	1913	1653	396
ULK2	2857	2507	444
ULK3	428	290	70
ULK4	5373	4057	678
UMAD1	5	5	2
UMLILO	138	114	29
UMOD	116	109	15
UMODL1	300	208	51
UMODL1-AS1	18	18	2
UMPS	587	463	80
UNC119B	278	243	53
UNC13A	505	322	53
UNC13B	2074	1371	295
UNC13C	1392	1242	234
UNC13D	802	555	167
UNC45A	777	721	179
UNC45B	443	283	78
UNC50	651	458	102
UNC5A	107	79	19
UNC5B	2715	1809	336
UNC5B-AS1	6	7	2
UNC5C	25202	24865	2561
UNC5C-AS1	51	45	11
UNC5CL	94	56	10
UNC5D	2532	1591	303
UNC79	1016	786	146
UNC80	887	605	110
UNC93A	90	66	14
UNC93B1	378	262	86
UNCX	12	10	2
UNG	379	293	52
UNK	4498	3561	653
UNKL	1853	1749	371
UNKL-AS1	32	6	3
UPB1	395	366	87
UPF1	1489	1062	241
UPF2	7193	5159	1094
UPF3A	3366	2703	487
UPF3B	1150	923	179
UPK1A	28	31	5
UPK1A-AS1	26	15	6
UPK1B	69	50	12
UPK2	417	332	90
UPK3A	106	65	20
UPK3B	62	46	5
UPP1	166	107	24
UPP2	975	701	159
UPRT	655	567	97
UQCC1	2885	2303	475
UQCC2	407	289	70
UQCC3	64	28	11
UQCR10	66	58	7
UQCRB	266	241	60
UQCRB-AS1	24	17	3
UQCRC1	438	365	81
UQCRC2	1755	1381	285
UQCRFS1	94	99	25
UQCRFS1-DT	15	4	2
UQCRH	554	474	106
UQCRHL	66	66	14
UQCRQ	85	80	24
URAD	30	33	4
URB1	2017	1425	304
URB1-AS1	24	7	2
URB2	443	306	71
URGCP	450	398	80
URGCP-MRPS24	27	17	3
URI1	4568	3288	563
URM1	388	326	58
UROC1	91	53	17
UROD	209	156	53
UROS	781	602	122
USB1	311	206	51
USE1	274	222	54
USF1	574	385	97
USF2	1125	811	172
USF3	1489	1162	206
USH1C	132	95	30
USH1G	24	5	6
USH2A	1705	1280	316
USH2A-AS1	10	13	2
USH2A-AS2	63	47	13
USHBP1	514	426	69
USO1	3786	2879	532
USP1	803	661	109
USP10	3395	2609	475
USP11	820	642	137
USP12	3593	2508	434
USP12-AS1	25	19	8
USP12-DT	151	86	27
USP13	229	169	29
USP14	2316	1610	276
USP15	9973	7424	1560
USP16	1886	1387	246
USP17L15	0	0	0
USP17L18	0	0	0
USP17L2	5	1	0
USP17L22	0	2	0
USP17L7	1	4	0
USP17L8	0	1	0
USP18	217	179	26
USP19	391	309	83
USP2	305	197	54
USP2-AS1	637	485	124
USP20	1558	1182	291
USP21	404	297	94
USP22	3523	3007	530
USP24	7593	6613	1208
USP25	12604	8798	1234
USP26	167	119	20
USP27X	82	62	6
USP27X-DT	13	14	6
USP28	1981	1545	279
USP29	9	14	2
USP3	5043	3932	559
USP3-AS1	470	352	60
USP30	652	521	85
USP30-AS1	24	17	2
USP31	1813	1345	225
USP32	7204	5151	1043
USP33	6633	5140	991
USP34	17348	12632	2212
USP34-DT	243	200	50
USP35	336	232	54
USP36	2712	1975	423
USP37	4002	2882	581
USP38	664	504	90
USP38-DT	1035	901	180
USP39	1184	767	185
USP4	4146	3139	666
USP40	2493	2370	424
USP42	2031	1434	301
USP43	295	211	49
USP44	211	155	37
USP45	1489	1104	213
USP46	1981	1609	242
USP46-DT	46	38	8
USP47	7555	6277	1085
USP48	7333	5828	1075
USP49	43	34	3
USP5	412	268	76
USP50	236	205	43
USP51	57	63	16
USP53	1228	972	200
USP54	2051	1480	289
USP6	342	222	53
USP6NL	6733	4449	814
USP6NL-AS1	21	17	6
USP7	5420	4307	956
USP7-AS1	55	28	7
USP8	4912	3907	766
USP9X	8415	6548	1128
USP9Y	5693	4895	187
USPL1	1717	1472	284
UST	11399	6817	1049
UST-AS1	23	9	3
UST-AS2	24	12	2
UTF1	2	5	0
UTP11	562	364	95
UTP14A	1008	679	176
UTP15	228	180	33
UTP18	1232	799	156
UTP20	2227	1679	308
UTP23	523	490	88
UTP25	429	367	52
UTP3	230	171	39
UTP4	1222	821	192
UTP6	1903	1534	365
UTRN	31309	22663	3563
UTS2	120	74	18
UTS2B	268	171	56
UTS2R	20	11	4
UTY	10009	8320	203
UVRAG	10826	7189	1246
UVRAG-DT	104	76	20
UVSSA	1680	1336	264
UXS1	4046	2137	403
UXT	227	200	38
UXT-AS1	96	74	11
VAC14	2385	1810	464
VAC14-AS1	82	64	15
VAC14-AS2	11	2	0
VAMP1	212	169	39
VAMP1-AS1	10	8	1
VAMP2	9	5	1
VAMP3	342	296	53
VAMP4	912	623	111
VAMP5	156	112	32
VAMP8	254	173	46
VANGL1	586	368	90
VANGL2	343	268	44
VAPA	3511	3004	507
VAPB	2814	1820	386
VARS1	493	350	76
VASH1	1272	941	199
VASH1-AS1	185	118	23
VASH1-DT	652	462	91
VASH2	471	367	74
VASN	144	164	24
VASP	897	700	193
VAT1	168	149	26
VAT1L	745	574	116
VAV1	3517	2232	628
VAV2	4711	3217	770
VAV3	8604	5971	1037
VAV3-AS1	302	232	35
VAX1	17	19	3
VAX2	112	53	20
VBP1	387	304	43
VCAM1	4062	3765	514
VCAN	3091	2910	422
VCAN-AS1	157	112	22
VCL	6690	3784	786
VCP	1005	784	186
VCPIP1	938	763	149
VCPKMT	494	388	101
VCX	2	0	1
VCX3B	1	0	0
VDAC1	960	707	131
VDAC2	733	676	142
VDAC3	880	752	167
VDR	445	318	75
VEGFA	4003	4176	875
VEGFB	299	199	54
VEGFC	1564	1124	188
VEGFD	142	276	31
VENTX	28	34	5
VEPH1	650	593	130
VEZF1	712	556	120
VEZT	3351	3088	490
VGF	33	24	9
VGLL1	25	16	9
VGLL2	62	45	7
VGLL3	892	766	123
VGLL4	8765	6790	1218
VHL	1221	867	180
VHLL	1	2	0
VIL1	175	101	24
VILL	454	333	82
VILMIR	17	12	4
VIM	3745	2790	435
VIM-AS1	267	209	40
VIP	117	66	15
VIPAS39	582	657	90
VIPR1	203	121	33
VIPR1-AS1	100	54	15
VIPR2	1291	999	262
VIRMA	2328	1885	341
VIRMA-DT	202	186	32
VIT	380	282	93
VKORC1	9	1	6
VKORC1L1	3954	2989	517
VLDLR	1320	1378	201
VLDLR-AS1	3214	3166	424
VMA21	154	112	15
VMO1	10	8	2
VMP1	5089	3576	715
VN1R2	4	3	2
VNN1	34	35	9
VNN2	148	82	21
VOPP1	6801	4691	1015
VOPP1-DT	53	55	17
VPREB1	3	4	0
VPREB3	5	14	4
VPS11	353	300	55
VPS11-DT	12	9	0
VPS13A	10468	8299	1579
VPS13A-AS1	26	30	9
VPS13B	19186	14670	2508
VPS13B-DT	770	637	117
VPS13C	7973	6536	1202
VPS13C-DT	19	10	2
VPS13D	9171	6139	1137
VPS16	601	420	118
VPS18	172	128	25
VPS25	111	116	31
VPS26A	1734	1311	235
VPS26B	947	664	163
VPS26C	1556	1165	256
VPS28	326	311	61
VPS29	1297	1017	203
VPS33A	2	3	1
VPS33B-DT	47	26	5
VPS35	1468	1279	235
VPS35L	4030	3228	594
VPS36	2452	1970	345
VPS37A	1543	1266	208
VPS37B	2932	2064	371
VPS37C	977	681	170
VPS37D	47	26	4
VPS39	2379	1973	395
VPS39-DT	40	29	6
VPS41	4400	3887	641
VPS45	3278	2481	455
VPS45-AS1	295	242	49
VPS4A	210	128	37
VPS4B	1391	1270	268
VPS50	3148	2558	420
VPS51	1480	1154	238
VPS52	849	650	143
VPS53	5881	4270	856
VPS53-AS1	63	63	19
VPS54	5748	4069	669
VPS72	370	318	79
VPS8	6314	4683	886
VPS9D1	714	434	116
VPS9D1-AS1	87	75	21
VRK1	2614	1909	351
VRK2	2615	1855	348
VRK3	1103	884	174
VRTN	172	123	17
VSIG1	59	37	14
VSIG10	1347	1147	217
VSIG10L	87	52	30
VSIG10L-AS1	16	11	5
VSIG10L2	40	45	16
VSIG2	96	77	13
VSIG4	102	84	16
VSIR	898	660	186
VSNL1	357	285	57
VSTM1	74	69	18
VSTM2A	27	13	2
VSTM2B	117	85	28
VSTM2B-DT	285	184	52
VSTM2L	150	104	25
VSTM4	1075	1079	214
VSTM5	95	61	8
VSX1	17	21	5
VSX2	104	79	12
VTA1	1438	1197	231
VTCN1	132	79	21
VTI1A	11134	7905	1451
VTI1B	259	192	33
VTN	40	10	5
VWA1	42	33	5
VWA2	273	220	53
VWA3A	248	163	40
VWA3B	466	361	83
VWA5A	202	203	49
VWA5B1	114	114	25
VWA5B1-AS1	119	74	26
VWA5B2	40	21	11
VWA7	63	64	14
VWA8	6594	4522	815
VWA8-AS1	88	63	12
VWC2	705	484	94
VWC2L	296	204	47
VWCE	400	297	69
VWDE	191	498	25
VWF	1236	1434	322
WAC	12581	8700	1531
WAC-AS1	516	539	99
WAKMAR2	1665	1205	291
WAPL	4508	3524	674
WAPL-DT	35	13	5
WARS1	910	801	184
WARS1-AS1	128	86	15
WARS2	1483	1227	248
WARS2-AS1	3613	3006	470
WARS2-IT1	18	26	5
WAS	410	364	113
WASF1	1073	813	148
WASF2	7261	6095	1157
WASF3	1066	604	119
WASF3-AS1	62	39	18
WASHC1	514	463	65
WASHC2A	1569	1093	239
WASHC2C	1568	1306	247
WASHC3	1104	866	119
WASHC4	6494	6133	1027
WASHC5	1736	1428	279
WASHC5-AS1	11	6	0
WASIR2	9	0	0
WASL	2910	2242	360
WASL-DT	60	44	7
WBP11	860	946	134
WBP1L	3447	2666	568
WBP2	628	618	151
WBP2NL	668	477	80
WBP4	1110	977	175
WDCP	181	118	34
WDFY1	2	2	1
WDFY2	5216	3385	601
WDFY3	10559	7704	1216
WDFY3-AS1	70	59	10
WDFY3-AS2	266	224	45
WDFY4	4340	3842	872
WDHD1	1481	1117	180
WDPCP	8929	7167	1224
WDR1	2475	1595	402
WDR1-AS1	33	25	8
WDR11	2525	1892	353
WDR11-DT	440	260	49
WDR12	1365	979	244
WDR13	511	405	93
WDR17	649	491	103
WDR18	135	144	25
WDR19	1399	1392	244
WDR19-DT	394	296	71
WDR20	3796	2893	550
WDR24	82	52	15
WDR25	1628	1029	235
WDR26	4286	3729	731
WDR27	0	1	0
WDR3	769	611	115
WDR31	364	322	76
WDR33	6696	4965	945
WDR35	1247	956	199
WDR35-DT	27	22	2
WDR36	1237	986	166
WDR37	4166	2957	597
WDR38	11	14	3
WDR4	1378	861	220
WDR41	1959	1409	211
WDR43	2869	2119	437
WDR44	3354	2746	483
WDR45	429	324	69
WDR45B	2272	1674	365
WDR46	370	289	66
WDR47	1253	940	189
WDR48	1810	1788	311
WDR49	894	633	111
WDR5	1048	717	178
WDR5-DT	17	15	3
WDR53	210	164	32
WDR54	74	73	15
WDR55	309	229	55
WDR59	3757	3244	577
WDR5B	86	56	18
WDR5B-DT	516	495	110
WDR6	1528	1015	264
WDR61	712	481	108
WDR62	743	508	106
WDR64	619	418	101
WDR7	7618	5781	1165
WDR7-AS1	5	0	0
WDR7-OT1	42	29	8
WDR70	11249	7916	1487
WDR72	466	325	84
WDR73	959	780	200
WDR74	2035	1371	402
WDR75	1643	1298	205
WDR76	1199	792	181
WDR77	445	351	68
WDR81	613	442	134
WDR81-AS1	65	39	17
WDR82	1509	1212	282
WDR83	226	169	31
WDR86	1143	1046	193
WDR86-AS1	29	26	6
WDR87	89	63	16
WDR88	157	100	22
WDR89	891	661	109
WDR90	286	216	57
WDR91	572	507	136
WDR93	175	142	27
WDR97	61	45	15
WDSUB1	989	1004	136
WDTC1	1942	1566	339
WDTC1-DT	39	25	6
WEE1	702	638	112
WEE2	76	48	12
WEE2-AS1	222	170	34
WFDC1	151	106	28
WFDC10A	0	1	0
WFDC10B	99	75	9
WFDC11	21	22	5
WFDC12	0	1	0
WFDC13	7	9	2
WFDC2	57	37	13
WFDC3	231	171	36
WFDC5	2	5	1
WFDC8	26	17	3
WFDC9	23	13	5
WFIKKN1	37	30	7
WFIKKN2	42	20	12
WFS1	414	415	74
WFS1-AS1	44	21	4
WHAMM	1050	864	180
WHRN	829	645	123
WIF1	227	136	26
WIPF1	5282	4035	826
WIPF2	2918	2252	473
WIPF3	377	301	53
WIPI1	638	487	105
WIPI2	1559	1435	246
WIZ	502	339	84
WLS	4204	3567	522
WNK1	8662	6652	1269
WNK2	1598	1260	310
WNK3	817	644	143
WNK4	77	41	10
WNT1	21	25	5
WNT10A	117	77	22
WNT10B	43	27	15
WNT11	184	137	50
WNT16	42	33	7
WNT2	134	118	24
WNT2B	622	440	110
WNT3	221	142	36
WNT3A	78	61	8
WNT4	77	47	21
WNT5A	214	198	52
WNT5A-AS1	8	10	1
WNT5B	3808	2417	493
WNT6	60	55	16
WNT7A	98	75	12
WNT7B	95	64	13
WNT8A	24	7	6
WNT8B	41	18	11
WNT9A	323	214	48
WNT9B	105	80	17
WRAP53	244	191	32
WRAP73	436	268	73
WRN	4870	4060	607
WRN-AS1	13	11	6
WRNIP1	780	544	115
WSB1	7480	7429	1289
WSB2	564	441	91
WSCD1	332	503	80
WSCD2	147	125	27
WSPAR	4	3	2
WT1	5296	5094	548
WT1-AS	2771	1731	422
WTAP	2220	1972	353
WTIP	811	539	134
WWC1	1177	798	195
WWC2	7004	4058	660
WWC2-AS1	14	7	5
WWC2-AS2	45	13	7
WWC3	3770	2630	449
WWC3-AS1	54	36	5
WWOX	25508	20521	3374
WWOX-AS1	15	11	0
WWOX-AS2	39	23	9
WWP1	8601	6326	1011
WWP1-AS1	47	44	10
WWP2	4081	2806	547
WWTR1	6285	5749	696
WWTR1-AS1	46	34	14
XAB2	318	238	44
XACT	1071	889	189
XAF1	2014	1766	401
XAGE2	2	6	0
XAGE3	2	0	0
XAGE5	2	3	2
XBP1	338	266	61
XCL1	22	10	4
XCL2	9	6	1
XCR1	167	134	41
XDH	123	98	20
XG	113	113	30
XIAP	2781	2154	389
XIAP-AS1	9	9	2
XIRP1	332	254	67
XIRP2	2774	2106	542
XIRP2-AS1	36	19	7
XIST	9401	7358	4954
XKR3	88	85	15
XKR4	2019	1569	393
XKR4-AS1	4	5	2
XKR5	92	104	28
XKR6	4903	4050	604
XKR7	79	67	17
XKR8	78	59	9
XKRX	132	91	15
XNDC1N-ZNF705EP-ALG1L9P	363	249	51
XPA	1079	890	166
XPC	1687	1392	285
XPC-AS1	57	44	12
XPNPEP1	1662	1134	244
XPNPEP2	215	175	40
XPNPEP3	1589	1204	218
XPO1	13562	12142	1915
XPO4	3778	2541	432
XPO5	1545	1048	212
XPO6	5128	3432	715
XPO7	4001	3445	871
XPOT	1327	961	185
XPR1	4662	3383	573
XRCC1	433	338	77
XRCC2	603	412	73
XRCC3	332	223	56
XRCC4	2387	1735	338
XRCC5	7451	5168	995
XRCC6	1853	1605	286
XRN1	7424	6583	1166
XRN2	4494	3313	581
XRRA1	2071	3691	636
XXYLT1	3430	2273	516
XXYLT1-AS1	8	8	2
XXYLT1-AS2	23	29	7
XYLB	1078	753	165
XYLT1	6450	5374	992
XYLT2	403	315	76
YAE1	746	612	123
YAE1-DT	73	53	13
YAF2	3578	2427	410
YAP1	5176	3996	638
YAP1-DT	7	5	2
YARS1	1489	980	197
YARS2	597	444	70
YBEY	550	341	78
YBX1	1377	1131	202
YBX2	20	21	5
YBX3	1049	1053	197
YDJC	32	31	6
YEATS2	6400	4914	916
YEATS2-AS1	19	13	7
YEATS4	355	305	57
YES1	3617	3129	438
YIF1A	65	37	6
YIF1B	569	427	95
YIPF1	462	350	75
YIPF2	204	145	34
YIPF3	270	287	44
YIPF4	2328	1809	299
YIPF5	218	255	48
YIPF6	770	630	123
YIPF7	159	126	27
YJEFN3	78	50	9
YJU2	437	379	77
YJU2B	1434	1162	247
YKT6	249	160	38
YLPM1	5286	3794	761
YME1L1	2879	2519	429
YOD1	256	215	51
YPEL1	1843	1847	291
YPEL2	2082	2193	343
YPEL3	277	294	49
YPEL3-DT	44	36	7
YPEL4	132	100	38
YPEL5	662	644	107
YRDC	66	47	14
YTHDC1	5012	4619	840
YTHDC2	3462	2460	455
YTHDF1	577	409	71
YTHDF2	2213	1728	356
YTHDF3	2009	1601	290
YTHDF3-DT	22	7	1
YWHAB	997	752	151
YWHAE	6960	6040	1188
YWHAG	1639	1591	343
YWHAH	106	59	17
YWHAH-AS1	185	107	22
YWHAQ	3287	2320	445
YWHAZ	3352	2734	478
YY1	2361	1841	347
YY1-DT	232	229	33
YY1AP1	3261	2452	507
ZACN	58	48	11
ZADH2	661	570	126
ZAN	281	186	33
ZAP70	1094	725	183
ZAR1	9	7	3
ZAR1L	47	37	8
ZBBX	260	212	64
ZBED2	21	9	2
ZBED3	193	192	30
ZBED4	1287	894	187
ZBED5	1454	1264	232
ZBED5-AS1	418	329	67
ZBED8	168	109	23
ZBED9	356	319	57
ZBED9-AS1	19	12	1
ZBP1	131	123	25
ZBTB1	2576	2110	406
ZBTB10	1239	1283	200
ZBTB11	1222	902	173
ZBTB11-AS1	91	74	15
ZBTB12	44	38	5
ZBTB14	175	145	37
ZBTB16	4293	3257	667
ZBTB17	640	470	87
ZBTB18	560	423	88
ZBTB2	421	388	74
ZBTB20	27674	24848	3438
ZBTB20-AS1	109	74	16
ZBTB20-AS2	17	11	5
ZBTB20-AS3	9	9	1
ZBTB20-AS4	14	18	3
ZBTB20-AS5	336	221	48
ZBTB21	326	282	51
ZBTB22	120	87	32
ZBTB24	307	248	56
ZBTB24-DT	98	77	16
ZBTB25	1205	927	183
ZBTB26	290	240	47
ZBTB3	109	108	29
ZBTB32	129	84	20
ZBTB33	141	96	22
ZBTB34	358	382	72
ZBTB37	1113	920	148
ZBTB38	1284	1121	213
ZBTB39	99	70	18
ZBTB4	1432	1221	304
ZBTB40	1705	1230	246
ZBTB41	994	876	121
ZBTB42	22	18	4
ZBTB43	811	702	118
ZBTB44	2507	2181	413
ZBTB44-DT	320	254	60
ZBTB45	340	286	55
ZBTB46	9104	5965	1243
ZBTB46-AS1	51	33	6
ZBTB46-AS2	43	40	8
ZBTB47	191	135	38
ZBTB47-AS1	515	457	104
ZBTB48	307	259	69
ZBTB49	489	358	57
ZBTB5	667	579	94
ZBTB6	105	75	19
ZBTB7A	1173	839	233
ZBTB7B	353	264	84
ZBTB7C	8873	4587	793
ZBTB7C-AS1	94	65	9
ZBTB8A	157	92	18
ZBTB8OS	1992	1705	356
ZBTB9	37	34	11
ZC2HC1A	2152	2288	357
ZC2HC1C	251	190	37
ZC3H11A	7	9	6
ZC3H11B	3	8	0
ZC3H11C	18	17	0
ZC3H12A	151	106	32
ZC3H12A-DT	554	370	80
ZC3H12B	7236	5611	1269
ZC3H12C	1671	1200	208
ZC3H12D	477	359	73
ZC3H13	5368	4088	838
ZC3H14	2793	1898	383
ZC3H15	1622	1335	268
ZC3H18	2406	1730	407
ZC3H3	1984	1422	336
ZC3H4	1712	1236	326
ZC3H6	1632	1443	230
ZC3H7A	3870	3054	623
ZC3H7B	2173	1571	311
ZC3H8	1424	1026	166
ZC3HAV1	3828	2751	577
ZC3HAV1L	415	396	95
ZC3HC1	1061	780	159
ZC4H2	2013	1677	324
ZCCHC10	854	655	134
ZCCHC10-AS1	237	168	44
ZCCHC12	7	4	0
ZCCHC14	2721	1913	334
ZCCHC14-DT	91	62	12
ZCCHC17	1162	874	169
ZCCHC18	26	15	5
ZCCHC2	1696	1374	284
ZCCHC24	1569	1038	248
ZCCHC3	62	63	17
ZCCHC4	1082	757	136
ZCCHC7	13634	11019	1612
ZCCHC8	2049	1761	352
ZCCHC9	442	318	70
ZCRB1	289	300	45
ZCWPW1	476	379	79
ZCWPW2	35	19	10
ZDBF2	836	932	141
ZDHHC1	433	404	84
ZDHHC11	235	167	43
ZDHHC11B	254	179	51
ZDHHC12	35	21	2
ZDHHC12-DT	57	45	10
ZDHHC13	906	656	139
ZDHHC14	5007	3403	664
ZDHHC15	488	313	79
ZDHHC16	457	349	63
ZDHHC17	4446	3510	580
ZDHHC18	443	291	79
ZDHHC19	64	59	11
ZDHHC2	603	480	89
ZDHHC20	4658	3401	565
ZDHHC21	4078	2769	429
ZDHHC22	198	158	31
ZDHHC23	103	86	22
ZDHHC24	256	220	49
ZDHHC3	1673	1157	223
ZDHHC4	263	245	44
ZDHHC5	1192	871	203
ZDHHC6	1059	938	167
ZDHHC7	1414	971	224
ZDHHC8	254	158	56
ZDHHC9	414	310	63
ZEB1	12477	9737	1684
ZEB1-AS1	796	721	147
ZEB2	26680	26604	3216
ZEB2-AS1	100	69	24
ZEBTR	30	17	1
ZER1	1975	1592	352
ZFAND1	774	659	120
ZFAND2A	324	270	61
ZFAND2A-DT	54	40	7
ZFAND2B	310	228	63
ZFAND3	22797	14928	2567
ZFAND3-DT	28	18	8
ZFAND4	1169	835	195
ZFAND5	1615	1822	273
ZFAND6	4879	3680	573
ZFAS1	1742	1397	393
ZFAT	2407	1815	331
ZFAT-AS1	5	11	1
ZFC3H1	7018	5319	1024
ZFHX2	313	237	50
ZFHX2-AS1	414	344	85
ZFHX3	12801	9532	1866
ZFHX3-AS1	1372	1209	229
ZFHX3-AS2	52	45	9
ZFHX3-AS3	119	87	33
ZFHX4	1349	1003	188
ZFHX4-AS1	447	386	61
ZFP1	361	251	61
ZFP14	962	835	136
ZFP14-AS1	6	5	0
ZFP2	423	363	72
ZFP28	284	202	62
ZFP28-DT	6	5	0
ZFP3	265	254	67
ZFP3-DT	16	8	4
ZFP30	1404	1142	182
ZFP36	311	308	83
ZFP36L1	2649	3604	477
ZFP36L2	610	763	107
ZFP37	240	237	47
ZFP41	11	18	2
ZFP42	22	13	4
ZFP57	11	14	5
ZFP62	575	442	98
ZFP64	2191	1691	317
ZFP69	164	120	20
ZFP69B	124	89	19
ZFP69B-DT	61	35	8
ZFP82	767	560	96
ZFP90	1455	1485	281
ZFP91	4	5	1
ZFP91-CNTF	19	22	1
ZFP92	46	21	12
ZFPL1	97	77	24
ZFPM1	2097	1662	577
ZFPM1-AS1	195	222	44
ZFPM2	18924	14273	2370
ZFPM2-AS1	1323	994	212
ZFR	5994	4895	791
ZFR2	331	245	53
ZFTA	199	147	37
ZFX	3464	2537	600
ZFX-AS1	26	11	5
ZFY	1183	770	28
ZFY-AS1	244	157	21
ZFYVE1	1355	1267	221
ZFYVE16	4198	3648	577
ZFYVE19	277	237	47
ZFYVE21	725	515	116
ZFYVE26	1585	1273	278
ZFYVE27	628	522	96
ZFYVE28	907	746	148
ZFYVE28-AS1	83	71	28
ZFYVE9	3818	2761	488
ZG16	8	3	2
ZG16B	18	17	4
ZGLP1	22	11	1
ZGPAT	83	47	6
ZGRF1	1379	1207	202
ZHX1	61	38	8
ZHX1-C8orf76	167	118	20
ZHX2	6412	5430	981
ZHX2-AS1	33	17	4
ZHX3	1746	1262	267
ZIC1	336	256	50
ZIC2	28	17	4
ZIC3	63	33	11
ZIC4	132	97	28
ZIC5	28	25	3
ZIK1	197	137	35
ZIM2	126	107	15
ZIM2-AS1	233	162	35
ZIM3	19	28	4
ZKSCAN1	2688	2127	432
ZKSCAN2	218	214	40
ZKSCAN2-DT	164	139	23
ZKSCAN3	258	203	46
ZKSCAN4	188	105	29
ZKSCAN5	661	549	123
ZKSCAN7	381	278	64
ZKSCAN7-AS1	928	713	145
ZKSCAN8	672	638	88
ZKSCAN8P1	84	93	11
ZMAT1	732	647	116
ZMAT2	293	257	58
ZMAT3	1015	722	164
ZMAT4	1603	1232	226
ZMAT5	285	208	45
ZMIZ1	10982	9019	1812
ZMIZ1-AS1	839	724	184
ZMIZ2	1399	1099	279
ZMPSTE24	927	603	157
ZMPSTE24-DT	76	50	7
ZMYM1	1769	1368	286
ZMYM2	9714	7106	1203
ZMYM3	686	503	121
ZMYM4	9273	6668	1078
ZMYM4-AS1	53	43	9
ZMYM5	1995	1566	345
ZMYM6	107	61	8
ZMYND10	55	50	14
ZMYND10-AS1	51	50	9
ZMYND11	5224	3480	607
ZMYND12	231	189	31
ZMYND15	52	41	12
ZMYND19	108	99	19
ZMYND8	10799	9049	1900
ZNF10	81	46	16
ZNF100	1069	828	175
ZNF101	525	375	91
ZNF106	4049	3342	708
ZNF107	1266	1084	191
ZNF112	44	34	9
ZNF114	223	213	25
ZNF114-AS1	50	37	5
ZNF117	937	814	136
ZNF12	1295	987	211
ZNF121	1173	955	186
ZNF124	1616	1325	252
ZNF131	5335	3927	801
ZNF132	116	133	25
ZNF132-DT	20	24	1
ZNF133	1294	1083	196
ZNF134	332	344	48
ZNF135	665	659	100
ZNF136	693	553	101
ZNF138	1241	1118	183
ZNF14	715	631	116
ZNF140	855	767	170
ZNF141	2073	1590	310
ZNF142	676	549	123
ZNF143	1946	1200	255
ZNF143-AS1	36	36	4
ZNF146	2323	1900	343
ZNF148	9123	6844	1158
ZNF154	1182	948	169
ZNF155	473	337	67
ZNF157	164	110	19
ZNF16	285	185	31
ZNF160	2602	2274	414
ZNF165	45	42	14
ZNF169	669	476	73
ZNF175	511	379	87
ZNF18	310	206	39
ZNF180	707	590	112
ZNF181	185	182	31
ZNF182	283	197	37
ZNF184	288	237	41
ZNF185	412	333	94
ZNF189	684	689	114
ZNF19	348	264	67
ZNF195	822	587	108
ZNF197	1220	891	207
ZNF2	272	199	40
ZNF20	230	161	45
ZNF200	165	152	34
ZNF202	465	313	73
ZNF205	141	106	22
ZNF207	3693	2933	487
ZNF208	133	140	29
ZNF211	357	315	56
ZNF212	491	388	87
ZNF213	149	133	21
ZNF213-AS1	951	747	159
ZNF214	115	121	20
ZNF215	424	287	65
ZNF217	1702	1709	291
ZNF217-AS1	242	209	46
ZNF219	313	217	62
ZNF22	154	108	12
ZNF22-AS1	24	11	3
ZNF221	187	142	16
ZNF222-DT	4	2	0
ZNF224	610	552	98
ZNF225	242	228	36
ZNF225-AS1	43	37	7
ZNF226	872	797	132
ZNF227	626	499	96
ZNF229	2	0	1
ZNF230	105	73	15
ZNF230-DT	15	10	11
ZNF232	244	171	45
ZNF232-AS1	205	164	36
ZNF233	189	214	34
ZNF234	574	482	98
ZNF235	2296	1868	284
ZNF236	3825	2757	524
ZNF236-DT	258	215	44
ZNF239	172	121	36
ZNF24	817	565	145
ZNF248	1781	1368	225
ZNF248-AS1	19	28	3
ZNF25	711	675	140
ZNF25-DT	157	95	15
ZNF250	497	431	85
ZNF251	1489	1179	237
ZNF252P-AS1	38	34	7
ZNF253	617	680	103
ZNF254	3154	2354	409
ZNF256	103	83	11
ZNF257	287	232	39
ZNF26	1488	1264	240
ZNF260	620	416	82
ZNF263	727	767	153
ZNF264	908	831	168
ZNF266	1466	1040	251
ZNF267	859	778	175
ZNF268	192	177	44
ZNF273	504	371	74
ZNF274	965	763	159
ZNF275	204	202	33
ZNF276	1856	1337	310
ZNF276-AS1	117	75	16
ZNF277	2116	1502	266
ZNF277-AS1	212	169	31
ZNF28	465	338	47
ZNF280A	25	16	2
ZNF280B	128	117	28
ZNF280C	937	666	120
ZNF280D	1579	1308	219
ZNF281	158	112	34
ZNF282	883	647	173
ZNF283	762	660	138
ZNF284	40	19	5
ZNF286A-TBC1D26	170	132	24
ZNF287	182	165	19
ZNF292	9759	8597	1479
ZNF295-AS1	138	112	28
ZNF296	32	33	5
ZNF3	840	696	161
ZNF30	318	278	50
ZNF30-AS1	25	14	2
ZNF300	286	240	40
ZNF302	726	647	108
ZNF304	175	134	34
ZNF311	116	92	16
ZNF316	740	512	125
ZNF317	645	512	111
ZNF318	1713	1211	231
ZNF319	53	33	8
ZNF32	218	115	30
ZNF32-AS3	131	97	24
ZNF320	852	745	133
ZNF322	249	253	47
ZNF324	164	103	27
ZNF324B	74	48	13
ZNF326	2708	2358	436
ZNF329	619	509	103
ZNF330	474	452	77
ZNF331	1278	936	184
ZNF333	990	773	161
ZNF334	495	485	70
ZNF335	1092	843	201
ZNF337	912	796	138
ZNF337-AS1	573	465	98
ZNF33A	2671	2203	392
ZNF33B	1346	1163	286
ZNF34	224	232	47
ZNF341	707	473	125
ZNF341-AS1	100	82	10
ZNF343	102	84	16
ZNF345	1282	1184	199
ZNF346	2365	1684	344
ZNF347	814	590	118
ZNF35	224	152	32
ZNF350	397	348	54
ZNF350-AS1	192	147	25
ZNF354A	75	63	15
ZNF354B	779	545	115
ZNF354C	455	361	80
ZNF358	33	22	2
ZNF362	1487	1063	226
ZNF366	847	666	136
ZNF367	615	412	98
ZNF37A	1	0	0
ZNF382	441	339	56
ZNF383	670	502	104
ZNF384	955	755	160
ZNF385A	261	178	54
ZNF385B	1187	898	202
ZNF385C	436	315	85
ZNF385D	6274	4592	887
ZNF385D-AS1	95	59	10
ZNF385D-AS2	104	87	13
ZNF391	116	112	15
ZNF394	947	772	160
ZNF395	136	155	21
ZNF396	54	41	9
ZNF397	1339	1045	206
ZNF398	1450	961	218
ZNF404	146	110	20
ZNF407	11339	7675	1261
ZNF407-AS1	251	217	42
ZNF408	62	46	8
ZNF41	970	775	156
ZNF410	4	4	0
ZNF414	146	110	26
ZNF415	220	185	33
ZNF416	97	80	21
ZNF417	3	0	2
ZNF418	637	449	73
ZNF420	1609	1305	212
ZNF423	10205	7143	1287
ZNF425	311	227	62
ZNF426	376	334	56
ZNF426-DT	10	11	2
ZNF428	246	210	32
ZNF429	949	856	181
ZNF43	2406	1896	327
ZNF430	1164	908	182
ZNF431	3024	2004	483
ZNF432	687	571	115
ZNF433	57	62	6
ZNF433-AS1	2	0	0
ZNF436	296	268	63
ZNF436-AS1	100	74	6
ZNF438	3382	2739	457
ZNF439	1130	834	173
ZNF44	2299	1842	368
ZNF440	677	491	97
ZNF441	440	426	64
ZNF442	292	274	36
ZNF444	763	605	127
ZNF445	1531	1161	225
ZNF446	100	78	17
ZNF449	403	300	42
ZNF45	561	437	93
ZNF45-AS1	136	84	16
ZNF451	3861	3195	510
ZNF451-AS1	238	163	32
ZNF454	249	187	31
ZNF454-DT	2	2	2
ZNF460	627	505	95
ZNF460-AS1	233	206	43
ZNF461	680	539	93
ZNF462	3486	2688	474
ZNF467	320	228	40
ZNF469	277	224	47
ZNF470	276	191	45
ZNF470-DT	132	120	20
ZNF471	628	554	95
ZNF473	261	221	43
ZNF473-AS1	17	37	6
ZNF473CR	151	97	25
ZNF474-AS1	2	0	0
ZNF479	50	29	7
ZNF48	496	424	90
ZNF480	682	542	112
ZNF483	318	293	57
ZNF484	693	553	101
ZNF485	105	80	19
ZNF486	535	476	106
ZNF487	890	604	122
ZNF488	68	51	10
ZNF490	930	737	156
ZNF491	264	219	39
ZNF492	124	112	22
ZNF493	455	351	73
ZNF496	1578	1213	238
ZNF496-DT	7	3	2
ZNF497	3	0	3
ZNF497-AS1	151	125	24
ZNF497-AS2	11	10	2
ZNF500	554	377	78
ZNF501	82	52	9
ZNF502	184	143	32
ZNF503	15	18	2
ZNF503-AS1	915	625	134
ZNF503-AS2	127	78	28
ZNF507	1688	1236	250
ZNF510	617	458	84
ZNF511	36	29	7
ZNF511-PRAP1	188	95	23
ZNF512	5	3	1
ZNF512B	957	721	164
ZNF513	48	33	13
ZNF514	10	8	0
ZNF516	5090	4695	786
ZNF516-AS1	53	35	10
ZNF516-DT	14	3	3
ZNF517	153	126	29
ZNF518A	4775	3956	568
ZNF518B	417	363	70
ZNF519	1001	884	150
ZNF519-AS1	6	1	0
ZNF521	11139	9747	1288
ZNF524	55	42	6
ZNF525	486	395	106
ZNF526	222	189	50
ZNF527	286	221	43
ZNF528	1114	849	139
ZNF528-AS1	355	302	64
ZNF529	1197	996	153
ZNF529-AS1	713	677	118
ZNF530	138	97	29
ZNF532	5258	4125	722
ZNF534	46	52	6
ZNF536	1291	920	238
ZNF536-AS1	14	5	2
ZNF540	310	245	54
ZNF541	200	157	26
ZNF543	225	228	28
ZNF544	5	2	2
ZNF546	381	401	67
ZNF547	2	2	2
ZNF549	581	461	88
ZNF550	229	221	64
ZNF551	4	1	0
ZNF552	443	415	84
ZNF554	168	116	37
ZNF555	401	316	65
ZNF555-AS1	54	31	7
ZNF556	372	275	83
ZNF557	647	545	112
ZNF558	599	483	108
ZNF559	12	6	2
ZNF559-ZNF177	360	277	54
ZNF560	77	51	9
ZNF561	403	399	76
ZNF561-AS1	1045	864	167
ZNF562	1505	1079	216
ZNF563	271	215	43
ZNF565	717	588	150
ZNF566	986	804	111
ZNF566-AS1	20	13	4
ZNF567	706	543	122
ZNF567-DT	140	99	14
ZNF568	1513	1234	233
ZNF569	1020	702	128
ZNF57	74	72	13
ZNF570	307	240	55
ZNF571	527	403	85
ZNF571-AS1	26	16	6
ZNF572	61	49	8
ZNF573	1113	926	180
ZNF574	185	137	39
ZNF575	158	76	29
ZNF576	3	1	0
ZNF577	913	742	165
ZNF578	340	241	48
ZNF579	81	58	6
ZNF580	60	65	15
ZNF582	168	103	24
ZNF582-DT	27	30	4
ZNF583	483	388	99
ZNF584	181	137	36
ZNF584-DT	67	41	14
ZNF585B	92	63	19
ZNF586	3404	2906	593
ZNF587	870	715	152
ZNF589	804	531	118
ZNF592	1757	1300	272
ZNF593	28	19	0
ZNF593OS	18	9	3
ZNF594	951	670	158
ZNF594-DT	1488	1208	225
ZNF595	525	430	83
ZNF596	245	211	37
ZNF597	90	49	16
ZNF598	414	253	62
ZNF599	80	66	17
ZNF600	278	261	38
ZNF606	622	506	94
ZNF606-AS1	549	425	92
ZNF607	17	9	2
ZNF608	5413	4146	585
ZNF608-AS1	31	16	6
ZNF609	14413	11828	2135
ZNF610	279	251	36
ZNF611	1508	1119	222
ZNF613	182	153	36
ZNF614	280	271	45
ZNF615	368	341	78
ZNF616	269	265	40
ZNF618	4678	3438	584
ZNF620	272	226	43
ZNF621	928	682	153
ZNF622	201	180	38
ZNF623	818	554	142
ZNF624	422	413	70
ZNF625-ZNF20	24	25	7
ZNF627	858	914	167
ZNF628	96	59	22
ZNF628-DT	11	12	4
ZNF629	242	165	44
ZNF630	582	547	89
ZNF630-AS1	50	36	11
ZNF638	16230	13180	2303
ZNF639	360	399	66
ZNF641	475	338	104
ZNF644	8244	5955	971
ZNF646	155	138	33
ZNF648	5	10	4
ZNF649	270	204	57
ZNF649-AS1	69	50	23
ZNF652	3232	2375	455
ZNF652-AS1	83	79	11
ZNF653	12	2	4
ZNF654	2911	2526	356
ZNF655	13	13	1
ZNF658	205	176	36
ZNF66	1072	749	124
ZNF664	17	11	4
ZNF665	273	226	43
ZNF667	489	403	84
ZNF667-AS1	307	208	41
ZNF668	177	113	17
ZNF669	121	86	16
ZNF670-ZNF695	73	64	15
ZNF671	287	232	47
ZNF672	209	199	36
ZNF674	444	398	67
ZNF674-AS1	36	32	4
ZNF675	1262	1041	172
ZNF676	75	64	13
ZNF677	281	222	44
ZNF678	2038	1569	242
ZNF679	137	100	21
ZNF680	1678	1353	211
ZNF681	247	251	36
ZNF682	738	561	94
ZNF683	31	13	6
ZNF684	320	224	39
ZNF687	204	170	32
ZNF687-AS1	48	22	10
ZNF688	93	104	13
ZNF689	149	101	22
ZNF69	1195	865	150
ZNF691	109	75	23
ZNF691-DT	68	37	7
ZNF692	696	563	157
ZNF692-DT	53	31	19
ZNF696	248	201	65
ZNF697	661	544	94
ZNF699	340	285	63
ZNF7	553	454	101
ZNF70	350	301	72
ZNF701	707	609	124
ZNF703	75	70	6
ZNF704	7794	7462	996
ZNF705A	12	3	1
ZNF705B	26	23	4
ZNF705D	9	7	1
ZNF705G	56	39	7
ZNF706	1467	1136	208
ZNF707	302	214	42
ZNF708	1459	1176	212
ZNF71	1	0	0
ZNF710	4373	3170	769
ZNF710-AS1	172	152	37
ZNF711	1132	1161	180
ZNF714	1433	1128	225
ZNF716	125	103	28
ZNF717	1977	1717	284
ZNF718	2136	1671	251
ZNF721	5022	3451	666
ZNF722	52	27	6
ZNF723	108	61	17
ZNF724	54	34	6
ZNF726	321	290	49
ZNF728	43	28	14
ZNF729	45	32	12
ZNF730	1131	819	153
ZNF732	177	123	22
ZNF735	17	14	4
ZNF736	1410	997	167
ZNF737	797	657	106
ZNF738	682	548	74
ZNF74	197	142	35
ZNF740	747	692	152
ZNF746	544	367	88
ZNF747	19	5	3
ZNF747-DT	58	41	17
ZNF749	167	116	35
ZNF750	50	36	13
ZNF75A	775	661	109
ZNF75D	1953	1456	317
ZNF76	1015	755	172
ZNF761	1013	686	159
ZNF763	42	25	5
ZNF764	92	106	30
ZNF765	821	537	126
ZNF766	672	582	120
ZNF768	39	27	5
ZNF77	371	272	47
ZNF770	265	214	42
ZNF771	265	168	55
ZNF772	0	0	0
ZNF773	4	4	0
ZNF774	114	103	24
ZNF775	120	63	13
ZNF775-AS1	19	6	7
ZNF776	233	198	43
ZNF777	559	377	100
ZNF778	423	242	84
ZNF778-DT	40	34	4
ZNF780A	0	1	0
ZNF780B	2134	1615	315
ZNF782	1632	1170	203
ZNF783	775	569	108
ZNF784	55	44	13
ZNF785	815	578	144
ZNF786	656	426	102
ZNF787	1119	876	255
ZNF789	1255	913	185
ZNF79	369	283	58
ZNF790	707	616	120
ZNF790-AS1	890	723	154
ZNF791	1285	1048	225
ZNF792	119	95	15
ZNF793	807	660	111
ZNF793-AS1	39	34	4
ZNF8-DT	618	556	99
ZNF80	5	3	2
ZNF800	1743	1351	259
ZNF804A	13232	8760	863
ZNF804B	1643	1390	267
ZNF805	423	341	65
ZNF808	827	627	136
ZNF81	1073	764	173
ZNF813	437	326	69
ZNF814	1712	1235	268
ZNF816-ZNF321P	321	277	60
ZNF821	831	694	150
ZNF823	477	402	76
ZNF827	5517	4132	676
ZNF829	315	248	43
ZNF83	5401	3837	638
ZNF830	142	130	23
ZNF831	1094	700	165
ZNF835	53	37	12
ZNF836	3	3	0
ZNF837	118	62	20
ZNF839	767	641	133
ZNF84	1436	1159	225
ZNF84-DT	15	21	3
ZNF843	107	66	9
ZNF845	308	220	58
ZNF846	2030	1619	367
ZNF846-DT	62	47	9
ZNF85	588	535	70
ZNF850	626	473	84
ZNF850-DT	15	15	2
ZNF852	502	394	90
ZNF853	59	47	7
ZNF860	126	102	19
ZNF862	765	651	124
ZNF865	301	213	46
ZNF875	1713	1402	257
ZNF879	138	86	23
ZNF880	395	297	44
ZNF888	204	173	26
ZNF888-AS1	6	5	4
ZNF891	806	618	119
ZNF892	770	585	125
ZNF90	568	476	84
ZNF91	5985	4423	941
ZNF92	447	375	82
ZNF93	683	522	83
ZNF98	564	652	139
ZNF99	139	104	18
ZNFX1	1773	1292	302
ZNHIT1	268	246	53
ZNHIT2	15	10	2
ZNHIT3	241	215	43
ZNHIT6	1963	1532	273
ZNNT1	55	54	8
ZNRD2	181	134	42
ZNRD2-DT	42	40	10
ZNRF1	5588	4039	871
ZNRF2	2346	1445	266
ZNRF3	2503	1615	317
ZNRF3-AS1	30	21	4
ZP1	30	24	9
ZP2	115	96	17
ZP3	417	307	59
ZP4	48	34	10
ZPBP	489	393	88
ZPBP2	13	14	1
ZPLD1	648	440	115
ZPR1	197	172	43
ZRANB1	2857	2204	388
ZRANB2	5983	4544	898
ZRANB2-AS1	47	33	9
ZRANB2-DT	1431	1220	252
ZRANB3	4435	3493	648
ZRSR2	1285	1095	282
ZSCAN1	53	38	9
ZSCAN10	49	27	6
ZSCAN12	550	423	79
ZSCAN16	105	71	21
ZSCAN16-AS1	710	719	139
ZSCAN18	698	558	113
ZSCAN2	413	299	70
ZSCAN2-AS1	378	264	65
ZSCAN20	288	215	34
ZSCAN21	399	347	73
ZSCAN22	104	78	25
ZSCAN23	353	297	61
ZSCAN25	549	386	101
ZSCAN26	2	1	0
ZSCAN29	315	260	80
ZSCAN30	928	786	147
ZSCAN31	216	133	34
ZSCAN32	352	252	70
ZSCAN4	17	6	2
ZSCAN5A	2069	1678	317
ZSCAN5A-AS1	190	154	39
ZSCAN5B	6	6	2
ZSCAN5C	3	4	0
ZSCAN9	324	224	52
ZSWIM1	55	52	13
ZSWIM2	20	21	1
ZSWIM3	376	339	55
ZSWIM4	829	743	147
ZSWIM4-AS1	2	4	0
ZSWIM5	1471	1047	238
ZSWIM6	12173	7926	1397
ZSWIM6-DT	90	93	11
ZSWIM7	837	721	133
ZSWIM8	1161	889	233
ZSWIM9	659	456	135
ZUP1	634	523	77
ZW10	698	510	139
ZWILCH	901	588	119
ZWINT	185	121	50
ZXDA	31	25	9
ZXDB	52	40	6
ZXDC	2219	1675	305
ZYG11A	224	166	45
ZYG11B	2354	1824	376
ZYX	792	551	154
ZZEF1	5657	4208	934
ZZZ3	6919	4736	761
