gene	Fetal	Placenta	Adult	marker
FBXO17	0.9805825242718447	0.009708737864077669	0.009708737864077669	
PIGR	0.009708737864077669	0.009708737864077669	0.9805825242718447	
CUBN	0.9805825242718447	0.009708737864077669	0.009708737864077669	
LGALS14	0.49753694581280794	0.49753694581280794	0.004926108374384237	
IGF2BP3	0.49753694581280794	0.49753694581280794	0.004926108374384237	
HPN	0.9805825242718447	0.009708737864077669	0.009708737864077669	
PNCK	0.6889507428976761	0.3042279626181884	0.0068212944841354066	
IGF2BP1	0.9805825242718447	0.009708737864077669	0.009708737864077669	
NNAT	0.9805825242718447	0.009708737864077669	0.009708737864077669	
MFAP2	0.5707499002441648	0.4235991106445067	0.005650989111328364	
PHYHIPL	0.6020544519483785	0.39198461288381575	0.005960935167805728	
CLDN19	0.49753694581280794	0.49753694581280794	0.004926108374384237	
PDE6B	0.9805825242718447	0.009708737864077669	0.009708737864077669	
EMID1	0.9805825242718447	0.009708737864077669	0.009708737864077669	
EDNRB	0.9805825242718447	0.009708737864077669	0.009708737864077669	
ETNK2	0.8189727718349743	0.17291858685972894	0.008108641305296775	
HIF3A	0.9805825242718447	0.009708737864077669	0.009708737864077669	
FOLH1	0.9805825242718447	0.009708737864077669	0.009708737864077669	
CPS1	0.9227749940434278	0.0680886198769343	0.009136386079637899	
SULT1C2	0.9805825242718447	0.009708737864077669	0.009708737864077669	
SLC28A1	0.9805825242718447	0.009708737864077669	0.009708737864077669	
RGN	0.9805825242718447	0.009708737864077669	0.009708737864077669	
AC108488.1	0.9805825242718447	0.009708737864077669	0.009708737864077669	
SLC30A2	0.5135396034242887	0.4813758460467579	0.005084550528953354	
REEP6	0.9805825242718447	0.009708737864077669	0.009708737864077669	
P2RY6	0.5581603928061544	0.43631326667101233	0.005526340522833212	
C17orf99	0.9805825242718447	0.009708737864077669	0.009708737864077669	
APOA1	0.9805825242718447	0.009708737864077669	0.009708737864077669	
FMO1	0.9805825242718447	0.009708737864077669	0.009708737864077669	
FXYD2	0.9805825242718447	0.009708737864077669	0.009708737864077669	
TFEC	0.9805825242718447	0.009708737864077669	0.009708737864077669	
MXRA8	0.9805825242718447	0.009708737864077669	0.009708737864077669	
GPSM1	0.9805825242718447	0.009708737864077669	0.009708737864077669	
AMOTL1	0.593086194871487	0.4010416645852309	0.005872140543282049	
ADORA2A-AS1	0.9805825242718447	0.009708737864077669	0.009708737864077669	
AADAC	0.9805825242718447	0.009708737864077669	0.009708737864077669	
CCDC8	0.9805825242718447	0.009708737864077669	0.009708737864077669	
FBXL2	0.9805825242718447	0.009708737864077669	0.009708737864077669	
RENBP	0.9805825242718447	0.009708737864077669	0.009708737864077669	
SOAT2	0.9805825242718447	0.009708737864077669	0.009708737864077669	
HSD17B14	0.9805825242718447	0.009708737864077669	0.009708737864077669	
FBLN5	0.9805825242718447	0.009708737864077669	0.009708737864077669	
AKAP7	0.8956778756108484	0.09360765874495623	0.010714465644195245	
MAGEH1	0.9805825242718447	0.009708737864077669	0.009708737864077669	
CERS4	0.9805825242718447	0.009708737864077669	0.009708737864077669	
CPVL	0.9805825242718447	0.009708737864077669	0.009708737864077669	
LINC01146	0.9805825242718447	0.009708737864077669	0.009708737864077669	
AC090204.1	0.9805825242718447	0.009708737864077669	0.009708737864077669	
SCPEP1	0.9746917188816353	0.012654140559182339	0.012654140559182339	
LY6E	0.9538947604530174	0.03666073696823994	0.009444502578742747	
FBXO2	0.8895456234787107	0.10164699411060897	0.008807382410680305	
SHBG	0.9805825242718447	0.009708737864077669	0.009708737864077669	
SLC29A1	0.7756592096061647	0.21321255720105323	0.011128233192782014	
BCAM	0.9702634485114294	0.014868275744285266	0.014868275744285266	
COL18A1	0.9805825242718447	0.009708737864077669	0.009708737864077669	
POSTN	0.9805825242718447	0.009708737864077669	0.009708737864077669	
TYRO3	0.9775299748544557	0.01123501257277215	0.01123501257277215	
NKAIN3	0.9805825242718447	0.009708737864077669	0.009708737864077669	
MME	0.6465872653133129	0.3470108805746741	0.006401854112012999	
AL359504.2	0.9795197488377156	0.010240125581142194	0.010240125581142194	
SLC19A3	0.46546872239023934	0.5292907748880964	0.0052405027216643205	
PACSIN3	0.5909782618752152	0.4031704682052283	0.0058512699195565855	
TRIM71	0.49753694581280794	0.49753694581280794	0.004926108374384237	TRIM71
DNASE1	0.9097465710479365	0.0806083388697918	0.009645090082271589	
F10	0.9805825242718447	0.009708737864077669	0.009708737864077669	
ARID3A	0.6672835746452489	0.3259103368918063	0.006806088462944741	
FAM20A	0.9805825242718447	0.009708737864077669	0.009708737864077669	
IQCA1	0.9805825242718447	0.009708737864077669	0.009708737864077669	
EGFR-AS1	0.49753694581280794	0.49753694581280794	0.004926108374384237	
FKBP5	0.009708737864077669	0.009708737864077669	0.9805825242718447	
SMIM1	0.5930853605655922	0.3998152523473654	0.007099387087042317	
MALRD1	0.9801085564807361	0.009945721759631945	0.009945721759631945	
CCDC88B	0.010580480240575382	0.010580480240575382	0.9788390395188492	
SUSD3	0.9805825242718447	0.009708737864077669	0.009708737864077669	
PAPLN	0.9773257620765209	0.011337118961739558	0.011337118961739558	
CSF3R	0.49753694581280794	0.49753694581280794	0.004926108374384237	
MYL9	0.9805825242718447	0.009708737864077669	0.009708737864077669	
MST1	0.5833160839887983	0.407961390495709	0.008722525515492664	
KLHDC8B	0.9702993249720661	0.014850337513966971	0.014850337513966971	
MYL3	0.9805825242718447	0.009708737864077669	0.009708737864077669	
TNFRSF11B	0.9697476389675493	0.015126180516225291	0.015126180516225291	
VTN	0.9805825242718447	0.009708737864077669	0.009708737864077669	
ZNF415	0.8630902784532244	0.12484433862323428	0.012065382923541286	
IL15RA	0.009708737864077669	0.009708737864077669	0.9805825242718447	
SPARC	0.9805825242718447	0.009708737864077669	0.009708737864077669	
SLC16A4	0.5009984561880326	0.49275344906177404	0.006248094750193371	
SLC7A2	0.7772688180051701	0.21441306756429174	0.008318114430538192	
ACTG2	0.9805825242718447	0.009708737864077669	0.009708737864077669	
NFATC2	0.9632184765572094	0.01839076172139532	0.01839076172139532	
KLHL13	0.9711740503970357	0.014412974801482112	0.014412974801482112	
PIEZO2	0.9805825242718447	0.009708737864077669	0.009708737864077669	
C2	0.976881671267609	0.011559164366195446	0.011559164366195446	
MUC4	0.007148700456210933	0.2708325534664848	0.7220187460773042	
FRAS1	0.6432742248408883	0.3480840464199239	0.008641728739187744	
SEMA3D	0.9805825242718447	0.009708737864077669	0.009708737864077669	
TRABD2B	0.9805825242718447	0.009708737864077669	0.009708737864077669	
S100A9	0.9805825242718447	0.009708737864077669	0.009708737864077669	
MB21D2	0.44067342841116725	0.5525118212174602	0.00681475037137242	
TTYH1	0.9779736973048844	0.011013151347557808	0.011013151347557808	
DPP4	0.9665195181802033	0.01674024090989833	0.01674024090989833	
BEX4	0.4331254855367675	0.5597211116055916	0.007153402857640959	
SLC22A17	0.9805825242718447	0.009708737864077669	0.009708737864077669	
MRO	0.9805825242718447	0.009708737864077669	0.009708737864077669	
SUSD2	0.9341125058524244	0.05663885547576941	0.009248638671806182	
TMEM8B	0.96474954967013	0.017625225164934945	0.017625225164934945	
C2orf74	0.9805825242718447	0.009708737864077669	0.009708737864077669	
GNS	0.9622176043465929	0.01889119782670357	0.01889119782670357	
MFGE8	0.9784878484730168	0.010756075763491555	0.010756075763491555	
ARAP2	0.013825358855708209	0.013825358855708209	0.9723492822885835	
PLAG1	0.5818810086353281	0.41149842324369673	0.006620568120975018	
LRRK1	0.011553572420545166	0.011553572420545166	0.9768928551589097	
GPC3	0.9706553518482196	0.019734199123580237	0.009610449028200194	
RAB34	0.9791981168519496	0.01040094157402519	0.01040094157402519	
GPC6	0.9805825242718447	0.009708737864077669	0.009708737864077669	
GPT	0.007173128184187296	0.26834092521289576	0.7244859466029169	
TPD52L1	0.7099612338260224	0.27989800790517355	0.010140758268804074	
NUPR1	0.009708737864077669	0.009708737864077669	0.9805825242718447	
TSPO	0.009708737864077669	0.009708737864077669	0.9805825242718447	
MLXIPL	0.9716987677018121	0.014150616149093942	0.014150616149093942	
TENM3	0.49753694581280794	0.49753694581280794	0.004926108374384237	
GJA1	0.9805825242718447	0.009708737864077669	0.009708737864077669	
ADAM15	0.009862326839397697	0.020127646620165664	0.9700100265404367	
LIFR	0.5777668221559972	0.41651271425829983	0.005720463585702943	
MAF	0.9805825242718447	0.009708737864077669	0.009708737864077669	
PIK3CD-AS2	0.9805271974209493	0.009736401289525338	0.009736401289525338	
TPBG	0.005868801638017495	0.4370816744453351	0.5570495239166474	
EVA1C	0.009708737864077669	0.009708737864077669	0.9805825242718447	
LGR5	0.6005147685855858	0.393237743492799	0.006247487921615217	
COL6A1	0.9805825242718447	0.009708737864077669	0.009708737864077669	
ISYNA1	0.5849840394836593	0.4072666545547395	0.007749305961601212	
ADAMTSL5	0.9721156443814692	0.01394217780926534	0.01394217780926534	
DMKN	0.9730386294303621	0.013480685284818926	0.013480685284818926	
EFEMP2	0.9743741653354479	0.012812917332276056	0.012812917332276056	
TCEA2	0.975853556761976	0.01207322161901197	0.01207322161901197	
BNIP3	0.9775837549405884	0.011208122529705817	0.011208122529705817	
CCL28	0.00733925124651589	0.25139637285537914	0.7412643758981049	
MAGED2	0.9657035136873029	0.017148243156348553	0.017148243156348553	
LAMA5	0.6944351882847006	0.2977996023773378	0.0077652093379615905	
MAMDC4	0.7349674375296855	0.2568456320319633	0.008186930438351073	
APH1B	0.9663650644762274	0.016817467761886296	0.016817467761886296	
ARMCX1	0.978396659568898	0.010801670215551023	0.010801670215551023	
TFPI	0.6202945384033708	0.3706601378157248	0.009045323780904396	
OLFML2B	0.979410067634272	0.010294966182864029	0.010294966182864029	
FXYD5	0.9785396877871534	0.01073015610642331	0.01073015610642331	
IL34	0.9792186462519935	0.010390676874003232	0.010390676874003232	
LINC01503	0.9798508462322735	0.010074576883863269	0.010074576883863269	
KLF9	0.009708737864077669	0.009708737864077669	0.9805825242718447	
MFAP4	0.9805825242718447	0.009708737864077669	0.009708737864077669	
PTK6	0.009708737864077669	0.009708737864077669	0.9805825242718447	
ALPK3	0.9777085095317972	0.0111457452341014	0.0111457452341014	
HILPDA	0.6227105630350203	0.36986730517089267	0.007422131794087014	
CARD11	0.9805825242718447	0.009708737864077669	0.009708737864077669	
ATP6V1B2	0.9548851513233851	0.02255742433830739	0.02255742433830739	
C12orf49	0.8049185576749485	0.1757705279681266	0.01931091435692483	
PHGDH	0.8010711607478067	0.19099744162102686	0.007931397631166404	
TMEM92	0.9744203693079408	0.012789815346029592	0.012789815346029592	
CCL2	0.9805825242718447	0.009708737864077669	0.009708737864077669	
VSTM2L	0.9758013541922425	0.012099322903878787	0.012099322903878787	
EGFLAM	0.9805825242718447	0.009708737864077669	0.009708737864077669	
ROBO2	0.9805825242718447	0.009708737864077669	0.009708737864077669	
LDOC1	0.9805825242718447	0.009708737864077669	0.009708737864077669	
SUPT3H	0.9662248323454743	0.016887583827262864	0.016887583827262864	
FSIP2	0.009708737864077669	0.009708737864077669	0.9805825242718447	
AC004540.2	0.9769064586477487	0.011546770676125605	0.011546770676125605	
RAB29	0.9695281541667868	0.015235922916606578	0.015235922916606578	
LAMA4	0.9805825242718447	0.009708737864077669	0.009708737864077669	
BMP4	0.9803946226101362	0.009802688694931887	0.009802688694931887	
FILNC1	0.49753694581280794	0.49753694581280794	0.004926108374384237	
KYNU	0.9550768125688591	0.03251054222593317	0.012412645205207589	
LRRC25	0.9775977264302846	0.011201136784857653	0.011201136784857653	
UCHL1	0.9805825242718447	0.009708737864077669	0.009708737864077669	
CASP1	0.012701525130293987	0.012701525130293987	0.974596949739412	
PEG3	0.6686846461157677	0.3246947138236801	0.006620640060552156	
EFS	0.7455044085003556	0.24711435973231405	0.007381231767330254	
TRIM36	0.009708737864077669	0.009708737864077669	0.9805825242718447	
CCNG2	0.9224289420887826	0.059596671424181256	0.017974386487036184	
FBLN1	0.6218579678349431	0.37173904277533937	0.006402989389717503	
NOXO1	0.005144100771152729	0.5195541778864257	0.4753017213424216	
RAMP1	0.9721024086701393	0.013948795664930352	0.013948795664930352	
PLPP2	0.005964961935937458	0.3915738825343792	0.6024611555296833	
ARMCX2	0.9749484276972532	0.012525786151373399	0.012525786151373399	
FLRT3	0.969880335099841	0.015059832450079516	0.015059832450079516	
ARHGEF17	0.9700466098720443	0.01497669506397786	0.01497669506397786	
SDC2	0.9805825242718447	0.009708737864077669	0.009708737864077669	
SFTA2	0.9805825242718447	0.009708737864077669	0.009708737864077669	
PAM	0.9656046924970787	0.01719765375146063	0.01719765375146063	
AL358472.4	0.7502149567547314	0.23743164628788188	0.012353396957386844	
TPST1	0.9767736091483866	0.011613195425806704	0.011613195425806704	
PTN	0.5500455793913777	0.44450842477306407	0.005445995835558195	
PDZK1IP1	0.009708737864077669	0.009708737864077669	0.9805825242718447	
ANO6	0.6611220367560621	0.3259620751492963	0.012915888094641535	
HSPB6	0.9764695727255356	0.011765213637232208	0.011765213637232208	
FHL3	0.9742190893199568	0.0128904553400216	0.0128904553400216	
MORN3	0.6096585950410308	0.3819236007242571	0.008417804234712264	
AC108134.3	0.9805825242718447	0.009708737864077669	0.009708737864077669	
AL158151.1	0.6578336203011195	0.33565317553748325	0.006513204161397223	
SLC7A4	0.5106401316338908	0.48266423695648425	0.0066956314096249135	
HLA-F	0.009708737864077669	0.009708737864077669	0.9805825242718447	
UPK1B	0.6970430725713664	0.29605551086852105	0.0069014165601125384	
P3H3	0.9785742031340887	0.010712898432955656	0.010712898432955656	
CELF4	0.977600324167832	0.011199837916083973	0.011199837916083973	
FOXF1	0.9805825242718447	0.009708737864077669	0.009708737864077669	
TMEM54	0.005731273881396702	0.47108175023036414	0.5231869758882391	
PDP1	0.9630931931671676	0.018453403416416193	0.018453403416416193	
TRO	0.9805825242718447	0.009708737864077669	0.009708737864077669	
SGCE	0.9209445603833466	0.0699371766425609	0.009118262974092541	
MCOLN3	0.5707352349930396	0.42336943443183056	0.005895330575129775	
SEZ6L2	0.9593174899768566	0.020341255011571684	0.020341255011571684	
BEX2	0.4091178441943444	0.5832225092157246	0.007659646589930957	
RBP1	0.9805825242718447	0.009708737864077669	0.009708737864077669	
PLA2G10	0.006180606503335733	0.3695781366597552	0.6242412568369091	
TRIM47	0.009871354691050003	0.009871354691050003	0.9802572906179001	
ANK2	0.9805825242718447	0.009708737864077669	0.009708737864077669	
TRIM21	0.6030417813830701	0.3817265668546373	0.015231651762292645	
CKMT1A	0.005883795873738484	0.47913991607997014	0.5149762880462914	
TCEAL7	0.9805825242718447	0.009708737864077669	0.009708737864077669	
OLFML3	0.9805825242718447	0.009708737864077669	0.009708737864077669	
COMP	0.9778081129926073	0.011095943503696337	0.011095943503696337	
PLPP3	0.9716065980335246	0.01419670098323769	0.01419670098323769	
RAMP2	0.9805825242718447	0.009708737864077669	0.009708737864077669	
SPECC1	0.015329765282065212	0.015329765282065212	0.9693404694358696	
ETV4	0.4060639271615764	0.588113170163537	0.005822902674886506	
SAT2	0.9514534494596314	0.024273275270184306	0.024273275270184306	
COL5A1	0.9791770746029387	0.010411462698530658	0.010411462698530658	
FAM92A	0.9699910327701078	0.015004483614946069	0.015004483614946069	
SLC2A9	0.9582082136314678	0.020895893184266073	0.020895893184266073	
UNC5CL	0.6688532449000522	0.32053135132702015	0.010615403772927646	
CXXC5	0.9538017528204124	0.023099123589793814	0.023099123589793814	
FKBP10	0.977159381952159	0.011420309023920466	0.011420309023920466	
C4orf3	0.9600139856758313	0.019993007162084398	0.019993007162084398	
P2RX1	0.9805825242718447	0.009708737864077669	0.009708737864077669	
SMARCA1	0.8838946827389488	0.10716157528879112	0.00894374197226016	
WNK3	0.9786916831619965	0.010654158419001714	0.010654158419001714	
PRTG	0.9379865819655818	0.052726422173372915	0.009286995861045364	
S100A1	0.9652384552595651	0.017380772370217432	0.017380772370217432	
NETO2	0.009708737864077669	0.009708737864077669	0.9805825242718447	
FXYD6	0.9793619779165871	0.010319011041706475	0.010319011041706475	
AIFM2	0.01190370264902262	0.01190370264902262	0.9761925947019547	
SNTB1	0.9597306297816525	0.02013468510917372	0.02013468510917372	
BET1	0.3529391363304998	0.6378623770546508	0.009198486614849405	
SLC27A4	0.011560749987772736	0.011560749987772736	0.9768785000244545	
PLA1A	0.9805825242718447	0.009708737864077669	0.009708737864077669	
PCYOX1L	0.9683263467679585	0.015836826616020747	0.015836826616020747	
ZNF677	0.9637134914904532	0.018143254254773394	0.018143254254773394	
AIG1	0.9587137339629387	0.020643133018530668	0.020643133018530668	
CC2D1A	0.011700115309590186	0.2628811578127989	0.7254187268776108	
EML1	0.9788167145684711	0.010591642715764439	0.010591642715764439	
CAPN3	0.9781402748548608	0.010929862572569624	0.010929862572569624	
GATA6-AS1	0.952948311132735	0.02352584443363248	0.02352584443363248	
PINLYP	0.9779644484711754	0.011017775764412324	0.011017775764412324	
NLRC5	0.009708737864077669	0.009708737864077669	0.9805825242718447	
PLLP	0.9629318213048643	0.01853408934756781	0.01853408934756781	
ERP27	0.9804226488009447	0.009788675599527638	0.009788675599527638	
NPNT	0.8014862872982731	0.1833114684371401	0.015202244264586742	
KIF12	0.7607820415823099	0.22199631238846007	0.017221646029230032	
ARMCX6	0.9514654670065328	0.024267266496733584	0.024267266496733584	
CDC42BPG	0.00539606913829899	0.545002982968198	0.44960094789350297	
WDR54	0.9636768211990319	0.018161589400484065	0.018161589400484065	
COL7A1	0.9786063040219336	0.010696847989033184	0.010696847989033184	
RBMS1	0.9790348000889842	0.010482599955507873	0.010482599955507873	
GOLT1A	0.40281149409516126	0.5898788187427192	0.00730968716211951	
RASSF9	0.9789574881238672	0.010521255938066396	0.010521255938066396	
MT-CO2	0.013035286292289774	0.05201212789175666	0.9349525858159536	
DUSP15	0.9745197916572178	0.012740104171391084	0.012740104171391084	
TUSC3	0.48153291651061314	0.5129685190618829	0.005498564427503915	
RRAGD	0.9783190192422826	0.01084049037885869	0.01084049037885869	
PRR34-AS1	0.009708737864077669	0.009708737864077669	0.9805825242718447	
AKR1C3	0.009708737864077669	0.009708737864077669	0.9805825242718447	
KCNJ8	0.9767673909679774	0.011616304516011276	0.011616304516011276	
COX7A1	0.9805825242718447	0.009708737864077669	0.009708737864077669	
PPIC	0.017578077854242997	0.017578077854242997	0.9648438442915139	
PLAT	0.9757676969851055	0.012116151507447277	0.012116151507447277	
ACP5	0.9639118066969857	0.01804409665150713	0.01804409665150713	
NIN	0.009708737864077669	0.009708737864077669	0.9805825242718447	
C16orf74	0.49753694581280794	0.49753694581280794	0.004926108374384237	
VIM	0.9715063648662462	0.01424681756687688	0.01424681756687688	
CKMT1B	0.005468744090341473	0.5216493468612087	0.47288190904844973	
PHYHD1	0.9740478122910625	0.012976093854468709	0.012976093854468709	
WSCD1	0.009708737864077669	0.009708737864077669	0.9805825242718447	
GALC	0.947874507697637	0.026062746151181464	0.026062746151181464	
CEBPD	0.9412308451547033	0.02938457742264831	0.02938457742264831	
SLC1A3	0.9589555455245925	0.030624833236728464	0.010419621238679028	
MYO7A	0.8928597625659938	0.09434391717203393	0.01279632026197238	
MSR1	0.9799530150510548	0.01002349247447259	0.01002349247447259	
SLC2A8	0.9503335087855379	0.024833245607231026	0.024833245607231026	
AFAP1L1	0.9450444272128703	0.04517900460117726	0.009776568185952496	
APOE	0.9761437665389961	0.011928116730501934	0.011928116730501934	
MST1R	0.012466705647602817	0.012466705647602817	0.9750665887047943	
TGIF2	0.9600778908596866	0.019961054570156726	0.019961054570156726	
PTGIS	0.9781881867378429	0.01090590663107856	0.01090590663107856	
COL3A1	0.9805825242718447	0.009708737864077669	0.009708737864077669	
TCF7L1	0.9613848981029554	0.0193075509485223	0.0193075509485223	
TRIM32	0.950192310882513	0.024903844558743483	0.024903844558743483	
NDN	0.9674393324556513	0.016280333772174367	0.016280333772174367	
FADS2	0.9782671478449125	0.010866426077543723	0.010866426077543723	
ADIRF	0.006415289421039986	0.34564047905392137	0.6479442315250385	
ANKRD22	0.014443256540152988	0.014443256540152988	0.971113486919694	
SERPINF2	0.9702870403246495	0.014856479837675218	0.014856479837675218	
CCHCR1	0.019956494316844257	0.019956494316844257	0.9600870113663115	
COL14A1	0.9805825242718447	0.009708737864077669	0.009708737864077669	
MT-ND5	0.01668882218396611	0.01668882218396611	0.9666223556320678	
SPTLC3	0.26215397244103517	0.7306122429750534	0.00723378458391142	
PVR	0.7067893660631249	0.279980167726938	0.013230466209937161	
RASAL1	0.009708737864077669	0.009708737864077669	0.9805825242718447	
COL1A2	0.9805681762873406	0.009715911856329697	0.009715911856329697	
FSTL3	0.3667480829724681	0.6264340133681784	0.006817903659353416	
HSD11B2	0.004926108374384236	0.49753694581280783	0.49753694581280783	
C16orf89	0.978444551048095	0.010777724475952504	0.010777724475952504	
ERAP2	0.009708737864077669	0.009708737864077669	0.9805825242718447	
KIF5C	0.9793784491949634	0.01031077540251827	0.01031077540251827	
TFCP2L1	0.008492042653441872	0.15698041905424964	0.8345275382923084	
SH3KBP1	0.014395375332078322	0.014395375332078322	0.9712092493358433	
RASAL2	0.5413482581647182	0.4449111952592994	0.013740546575982329	
AL390198.1	0.9647336274298902	0.01763318628505485	0.01763318628505485	
UBAC1	0.012910485744977853	0.2781166712898782	0.708972842965144	
TMEM25	0.5591381254994866	0.42977661546239326	0.011085259038120094	
NFIX	0.009708737864077669	0.009708737864077669	0.9805825242718447	
USP51	0.9745718177481426	0.012714091125928684	0.012714091125928684	
GRIA4	0.9805825242718447	0.009708737864077669	0.009708737864077669	
IL6R	0.010813316901721803	0.010813316901721803	0.9783733661965563	
TSPAN18	0.9794422215933483	0.010278889203325838	0.010278889203325838	
LAMC1	0.9733731348236244	0.013313432588187785	0.013313432588187785	
SFXN3	0.9597727713082266	0.02011361434588668	0.02011361434588668	
SLCO3A1	0.011467605988810057	0.011467605988810057	0.9770647880223798	
PLTP	0.9562807832912631	0.021859608354368416	0.021859608354368416	
TMEM99	0.3780112037806766	0.6125814150952616	0.009407381124061703	
LARP6	0.9699445681103216	0.015027715944839213	0.015027715944839213	
SLC41A2	0.007751232738762599	0.5819897916668122	0.4102589755944253	
BDH2	0.9533139831563173	0.023343008421841317	0.023343008421841317	
ZBTB16	0.009708737864077669	0.009708737864077669	0.9805825242718447	
SCD5	0.9773515300454665	0.011324234977266744	0.011324234977266744	
CMTM8	0.6745082835448827	0.3049593621162999	0.020532354338817317	
ASAH1	0.945512199573708	0.027243900213145947	0.027243900213145947	
APBB1	0.9677730812649494	0.01611345936752525	0.01611345936752525	
LIMS2	0.9783745613563191	0.010812719321840475	0.010812719321840475	
FGD3	0.9684005327538824	0.015799733623058802	0.015799733623058802	
LY6E-DT	0.9805825242718447	0.009708737864077669	0.009708737864077669	
FAM43A	0.006635153084609443	0.32321438536983677	0.6701504615455537	
PPP1R3G	0.9766101376774664	0.01169493116126681	0.01169493116126681	
CA2	0.00646469782919481	0.34060082142212944	0.6529344807486758	
POMC	0.9784629613063002	0.010768519346849878	0.010768519346849878	
MTHFS	0.5699633165784521	0.41741899379336567	0.012617689628182138	
TMPRSS13	0.397688763848014	0.5947046430943385	0.007606593057647535	
VWA1	0.8203057595623536	0.16212062075986436	0.017573619677781892	
KIAA0100	0.011459428554567769	0.33865318764574737	0.6498873837996849	
GLA	0.9682918399693805	0.015854080015309736	0.015854080015309736	
PGBD5	0.9770682314067163	0.011465884296641847	0.011465884296641847	
CPE	0.9767918021754335	0.01160409891228324	0.01160409891228324	
PROM2	0.005471368749390731	0.44192038756214547	0.5526082436884638	
CCDC24	0.9436095647494762	0.03307563456702061	0.023314800683503136	
BIK	0.009250276106048757	0.19229970458962053	0.7984500193043307	
SMIM3	0.9528767757791093	0.02356161211044533	0.02356161211044533	
BMP7	0.5417939654531158	0.4526922028684121	0.00551383167847221	
SH3GL1	0.48784095896514623	0.4968288272144044	0.01533021382044925	
MBIP	0.943052593867547	0.028473703066226447	0.028473703066226447	
BIN2	0.008456363253148939	0.3117083950779977	0.6798352416688532	
L3MBTL4	0.009708737864077669	0.009708737864077669	0.9805825242718447	
GDPD5	0.5359639504107907	0.4560029375520627	0.008033112037146437	
IQCE	0.012148207725286686	0.263905309280102	0.7239464829946114	
PRELID3A	0.9607499276670481	0.019625036166475936	0.019625036166475936	
GFRA1	0.9774551002974148	0.011272449851292625	0.011272449851292625	
CARD16	0.009708737864077669	0.009708737864077669	0.9805825242718447	
VDR	0.011350904044552544	0.011350904044552544	0.9772981919108948	
AMOTL2	0.7506082216491968	0.23837846273140284	0.011013315619400346	
DGKD	0.013579498275303666	0.013579498275303666	0.9728410034493926	
NEU1	0.9669858620785261	0.016507068960736945	0.016507068960736945	
TCF21	0.9805825242718447	0.009708737864077669	0.009708737864077669	
EDA	0.966852570768558	0.016573714615720967	0.016573714615720967	
PREX1	0.9644083464370391	0.01779582678148041	0.01779582678148041	
DGUOK-AS1	0.010887884555031785	0.12279574340222627	0.8663163720427419	
CTSF	0.9644932290904089	0.017753385454795528	0.017753385454795528	
SCNN1B	0.005597289760584508	0.4290764444203803	0.5653262658190352	
AC138150.2	0.580663923298288	0.40993233333038415	0.00940374337132782	
PIPOX	0.5375778864444383	0.4547492024162788	0.007672911139282902	
TLCD2	0.015878450401258733	0.015878450401258733	0.9682430991974825	
MIR99AHG	0.9798877638426741	0.01005611807866298	0.01005611807866298	
TRIM61	0.974050794973542	0.012974602513229022	0.012974602513229022	
SLC26A11	0.7083607521144962	0.2715722373372868	0.020067010548217072	
ASCL2	0.3411130629855835	0.6524272611613339	0.006459675853082513	
SGPP2	0.017519424804826114	0.017519424804826114	0.9649611503903478	
TIMP1	0.9707008336350041	0.014649583182497901	0.014649583182497901	
CNN1	0.9791474034240382	0.010426298287980917	0.010426298287980917	
CETN3	0.6794656658649156	0.3009580366188573	0.01957629751622689	
CD8B	0.9718874886494663	0.014056255675266851	0.014056255675266851	
MIER1	0.02192689747076071	0.02192689747076071	0.9561462050584786	
GAMT	0.8747762902111987	0.11441190635201123	0.010811803436789977	
BAK1	0.014006334775099116	0.014006334775099116	0.9719873304498018	
GSTA4	0.4081404614746721	0.5828683795492542	0.008991158976073676	
FAM198B-AS1	0.9793689008927325	0.01031554955363372	0.01031554955363372	
CPQ	0.9585536226813002	0.020723188659349908	0.020723188659349908	
SLC46A1	0.9732874380584815	0.01335628097075921	0.01335628097075921	
SPRY1	0.9595494665737416	0.020225266713129155	0.020225266713129155	
STEAP3	0.008675531962093593	0.2084016976670574	0.7829227703708489	
SOX6	0.9710189844947293	0.014490507752635308	0.014490507752635308	
DLGAP1	0.9735089722506409	0.013245513874679508	0.013245513874679508	
LIFR-AS1	0.49753694581280794	0.49753694581280794	0.004926108374384237	
LCN2	0.009708737864077669	0.009708737864077669	0.9805825242718447	
ARNTL	0.014225351068182141	0.014225351068182141	0.9715492978636356	
SDK1	0.9651501056144078	0.01742494719279609	0.01742494719279609	
RGS4	0.9805825242718447	0.009708737864077669	0.009708737864077669	
AIFM3	0.007373121549711717	0.374324832864195	0.6183020455860934	
NOTCH3	0.9782514392575732	0.010874280371213392	0.010874280371213392	
DENND2A	0.007122001575326875	0.2735558393166587	0.7193221591080143	
CACHD1	0.9743146428614544	0.012842678569272802	0.012842678569272802	
KCNJ2	0.01064324656582646	0.01064324656582646	0.978713506868347	
SNAI2	0.9805825242718447	0.009708737864077669	0.009708737864077669	
TSPAN5	0.9649930052442989	0.017503497377850546	0.017503497377850546	
ATP13A4	0.9651809904559321	0.017409504772033926	0.017409504772033926	
EMP2	0.008377908912897795	0.3097935249186127	0.6818285661684895	
LGSN	0.45320932068775327	0.5414299863778129	0.005360692934433792	
ZNF160	0.9602886530481363	0.019855673475931923	0.019855673475931923	
USP11	0.938089785869926	0.030955107065037	0.030955107065037	
RPL22L1	0.9474799317807622	0.026260034109618875	0.026260034109618875	
DAB2	0.9605844286476367	0.01970778567618162	0.01970778567618162	
LINC01273	0.9723206489148342	0.01383967554258288	0.01383967554258288	
ZFAS1	0.7162579913575365	0.2627082486303756	0.021033760012087805	
KIAA0232	0.009392231997112475	0.3197702218758142	0.6708375461270732	
KIFC3	0.7555284327562888	0.23511867758462623	0.009352889659085002	
SIRPA	0.961283993214024	0.019358003392988005	0.019358003392988005	
CX3CL1	0.9705483679212896	0.014725816039355175	0.014725816039355175	
LCN12	0.9638705604791793	0.01806471976041035	0.01806471976041035	
OSBPL7	0.013278197790062595	0.013278197790062595	0.9734436044198748	
MT-ATP6	0.017707220716677057	0.017707220716677057	0.9645855585666459	
LETM1	0.012814523372887516	0.012814523372887516	0.974370953254225	
CCDC112	0.016338729230613535	0.016338729230613535	0.967322541538773	
SPPL2A	0.012795704254250919	0.352953269380941	0.634251026364808	
FMN1	0.008255536134424073	0.1978574765747931	0.7938869872907828	
COL4A2	0.9466087450913075	0.02669562745434619	0.02669562745434619	
UBA6-AS1	0.9576031328502008	0.021198433574899582	0.021198433574899582	
LTBP1	0.008311456772146359	0.30914086421459475	0.682547679013259	
GATA6	0.9544551995430632	0.02277240022846837	0.02277240022846837	
TMEM41A	0.7459533882620735	0.23504122681616618	0.019005384921760193	
GCNT3	0.009708737864077669	0.009708737864077669	0.9805825242718447	
C12orf76	0.9353882646233632	0.03230586768831836	0.03230586768831836	
E2F2	0.005591070586865526	0.42971080013971635	0.5646981292734181	
ANXA5	0.5887143757184815	0.397389162198936	0.013896462082582486	
COL5A2	0.9781111279794924	0.010944436010253787	0.010944436010253787	
DSE	0.9583594612560158	0.020820269371992113	0.020820269371992113	
ZNF626	0.7599446924929745	0.2304261674976995	0.009629140009325948	
CDC42BPA	0.02444785926507741	0.02444785926507741	0.9511042814698452	
LTA4H	0.9431010473359039	0.028449476332048015	0.028449476332048015	
BCAS4	0.9669035883615356	0.0165482058192322	0.0165482058192322	
TTLL12	0.017705086737526847	0.017705086737526847	0.9645898265249463	
CIDEB	0.9656490402763603	0.017175479861819838	0.017175479861819838	
SLC6A9	0.006763015102258534	0.3101724595696295	0.6830645253281119	
LGMN	0.947667910389212	0.02616604480539395	0.02616604480539395	
VAV1	0.009708737864077669	0.009708737864077669	0.9805825242718447	
KNDC1	0.9805825242718447	0.009708737864077669	0.009708737864077669	
NEDD4	0.5848327664327801	0.4044155639730688	0.01075166959415101	
GLMP	0.9582504617186368	0.0208747691406816	0.0208747691406816	
AMIGO2	0.9735729773823615	0.013213511308819256	0.013213511308819256	
SLC7A7	0.9805825242718447	0.009708737864077669	0.009708737864077669	
N4BP2L1	0.943145984995199	0.0284270075024005	0.0284270075024005	
NEURL2	0.9558119841153215	0.022094007942339237	0.022094007942339237	
OBSCN	0.9615801849775011	0.019209907511249437	0.019209907511249437	
ACE2	0.8174560411770171	0.16983034449207354	0.012713614330909388	
ENPP5	0.4998832729526521	0.4872002515170984	0.012916475530249515	
FMOD	0.9630293300299682	0.018485334985015926	0.018485334985015926	
SEMA5A	0.014945499595001768	0.014945499595001768	0.9701090008099964	
SCARA3	0.4866632014307134	0.5072440488402623	0.0060927497290243155	
RNF128	0.2510985482135736	0.7403891188751083	0.008512332911318135	
PSMB8	0.021172453241730185	0.021172453241730185	0.9576550935165395	
TMEM141	0.5220262260566056	0.4619680711002933	0.016005702843101186	
PTPRU	0.7502221367895822	0.2407985355496232	0.008979327660794584	
UBE2E2	0.9637724463871201	0.0181137768064399	0.0181137768064399	
SYNGR1	0.975792328612219	0.012103835693890517	0.012103835693890517	
ESRRA	0.008852519155640889	0.4346222820594915	0.5565251987848675	
FOLR1	0.5208344460495969	0.47296706486408635	0.006198489086316698	
AZIN2	0.010148844038132503	0.010148844038132503	0.979702311923735	
SAMHD1	0.01619115930700962	0.01619115930700962	0.9676176813859807	
GPD1L	0.012647801783824146	0.18040661804647873	0.8069455801696971	
CYB5R4	0.020251839867980456	0.020251839867980456	0.9594963202640391	
PLEKHG1	0.01823168150819582	0.01823168150819582	0.9635366369836084	
OTUD7A	0.012644179369428032	0.012644179369428032	0.974711641261144	
TAP1	0.01711469529467613	0.01711469529467613	0.9657706094106477	
ADGRL2	0.9779645497129644	0.011017725143517756	0.011017725143517756	
HK1	0.01675155846772313	0.01675155846772313	0.9664968830645537	
BOD1	0.7136431803181923	0.2649711259779036	0.021385693703903984	
CSRNP3	0.95967238550735	0.020163807246324963	0.020163807246324963	
GFOD1	0.009708737864077669	0.009708737864077669	0.9805825242718447	
AJUBA	0.8657487727188892	0.12136725612800042	0.01288397115311038	
CTSH	0.9633905553173681	0.018304722341315964	0.018304722341315964	
PSMB9	0.013130541744463355	0.013130541744463355	0.9737389165110732	
RARRES1	0.9527164344322868	0.02364178278385656	0.02364178278385656	
RAB38	0.9581360421128382	0.020931978943580898	0.020931978943580898	
MYO9B	0.020861634795357204	0.020861634795357204	0.9582767304092855	
CAPN6	0.449147448969806	0.5454520358240156	0.005400515206178372	
MT-ND4	0.018409997979653675	0.018409997979653675	0.9631800040406926	
PCOLCE	0.9570468086919575	0.02147659565402125	0.02147659565402125	
AC016831.1	0.009708737864077669	0.009708737864077669	0.9805825242718447	
FSTL1	0.6138580259570694	0.3762350782987839	0.009906895744146672	
TYMP	0.01527230987088077	0.01527230987088077	0.9694553802582384	
KCNAB2	0.9611844697723283	0.019407765113835886	0.019407765113835886	
OPLAH	0.009708737864077669	0.009708737864077669	0.9805825242718447	
MEG3	0.9805825242718447	0.009708737864077669	0.009708737864077669	
BMP2K	0.9433621508928364	0.028318924553581818	0.028318924553581818	
PLEKHA4	0.9588424699574343	0.02057876502128284	0.02057876502128284	
PTPRO	0.010129775411535685	0.010129775411535685	0.9797404491769286	
NOS3	0.97749485081277	0.011252574593614983	0.011252574593614983	
FAM229B	0.9709644721334076	0.014517763933296166	0.014517763933296166	
ELN	0.9662972504975517	0.016851374751224172	0.016851374751224172	
CHCHD10	0.01785322514761399	0.01785322514761399	0.964293549704772	
PJA1	0.4156374877224617	0.5733495669228538	0.011012945354684537	
VPS13D	0.021283228755802804	0.021283228755802804	0.9574335424883944	
PYGB	0.01325731764980393	0.01325731764980393	0.9734853647003922	
ITPRIPL2	0.010442589594179203	0.010442589594179203	0.9791148208116416	
PLAGL2	0.9526413111207224	0.023679344439638785	0.023679344439638785	
CXCL14	0.9805825242718447	0.009708737864077669	0.009708737864077669	
CHPF	0.40864792148759155	0.5798888214285435	0.011463257083864939	
TIMP3	0.9750906681101202	0.012454665944939887	0.012454665944939887	
LINC00954	0.9674228369321263	0.016288581533936874	0.016288581533936874	
REEP1	0.4607560783499921	0.5325223842638167	0.006721537386191094	
COL6A2	0.9678583477057726	0.016070826147113675	0.016070826147113675	
B4GALNT2	0.009708737864077669	0.009708737864077669	0.9805825242718447	
TUB	0.9805825242718447	0.009708737864077669	0.009708737864077669	
DNASE2	0.012487483607453146	0.012487483607453146	0.9750250327850937	
SLC38A11	0.5052899756303796	0.48842357060508984	0.006286453764530538	
CERCAM	0.5201074714138224	0.4731962170072971	0.0066963115788805485	
GNPDA1	0.948667153288312	0.025666423355843994	0.025666423355843994	
TNIK	0.017246183128639098	0.017246183128639098	0.9655076337427217	
DLK1	0.9805825242718447	0.009708737864077669	0.009708737864077669	
TET1	0.9772172086500346	0.01139139567498267	0.01139139567498267	
MCOLN2	0.009708737864077669	0.009708737864077669	0.9805825242718447	
NTAN1	0.01902228218448245	0.01902228218448245	0.961955435631035	
ACAT1	0.0157821350745817	0.0157821350745817	0.9684357298508366	
CBX2	0.9765146636808941	0.011742668159552938	0.011742668159552938	
CHP1	0.014797266041043667	0.014797266041043667	0.9704054679179126	
GSTO1	0.9493170490539883	0.025341475473005838	0.025341475473005838	
KLHL24	0.9453595399089307	0.027320230045534584	0.027320230045534584	
RINL	0.6332832475845643	0.3515773824922495	0.01513936992318612	
MIRLET7BHG	0.010780764981723338	0.010780764981723338	0.9784384700365533	
GPX7	0.9747596003890199	0.012620199805490073	0.012620199805490073	
APOC1	0.9705011047118067	0.014749447644096601	0.014749447644096601	
AP000866.2	0.007022019971597098	0.49815078597355505	0.4948271940548479	
CRMP1	0.9751594432134361	0.012420278393281954	0.012420278393281954	
SLC22A18AS	0.006386892474134859	0.34853696763824443	0.6450761398876207	
ZNF418	0.849984418316035	0.13681829622460237	0.013197285459362572	
MT-ND2	0.013509119960139359	0.013509119960139359	0.9729817600797213	
ABCB8	0.020108067789120273	0.17351610875225626	0.8063758234586235	
THY1	0.9776993600430203	0.011150319978489828	0.011150319978489828	
GREB1L	0.7333927284212799	0.2583382015407828	0.008269070037937256	
NDUFA4L2	0.975118339216928	0.012440830391535988	0.012440830391535988	
PDZD7	0.5313984375029932	0.46126115355101466	0.007340408945991986	
AC007405.3	0.9582217144660756	0.020889142766962163	0.020889142766962163	
B4GALNT3	0.009828450375444157	0.009828450375444157	0.9803430992491118	
QPCT	0.9636124032989605	0.018193798350519756	0.018193798350519756	
VOPP1	0.022586875769198864	0.022586875769198864	0.9548262484616022	
PCSK7	0.01837784445744608	0.01837784445744608	0.9632443110851078	
NPW	0.9782778882077143	0.010861055896142826	0.010861055896142826	
PEG10	0.5990217529184423	0.3946186189708283	0.006359628110729468	
CD24	0.012671616495157967	0.12545122721397345	0.8618771562908685	
DLG1	0.013776745320596761	0.4827038902843635	0.5035193643950397	
ATP6V0A2	0.020951564608024702	0.020951564608024702	0.9580968707839506	
H1FX	0.9581043182548399	0.020947840872580042	0.020947840872580042	
OGG1	0.9332871051004411	0.03335644744977941	0.03335644744977941	
FREM1	0.9679992322221551	0.01600038388892245	0.01600038388892245	
CDH2	0.9805825242718447	0.009708737864077669	0.009708737864077669	
TCEAL4	0.9552640554435143	0.02236797227824282	0.02236797227824282	
PIK3CD	0.9679272778936389	0.01603636105318055	0.01603636105318055	
C20orf194	0.9721011707895558	0.013949414605222052	0.013949414605222052	
NPIPB5	0.019756208466728476	0.019756208466728476	0.9604875830665431	
GPRC5B	0.9778039343108217	0.01109803284458917	0.01109803284458917	
COL17A1	0.00544280323005149	0.4928888853754276	0.501668311394521	
VEPH1	0.007179545615721346	0.26768634719642265	0.725134107187856	
BIRC3	0.009708737864077669	0.009708737864077669	0.9805825242718447	
FIBCD1	0.008479813966548396	0.1350589754120636	0.856461210621388	
EGFL7	0.9768981267817521	0.011550936609123897	0.011550936609123897	
DTX3	0.9664397398738628	0.016780130063068582	0.016780130063068582	
TRAPPC2B	0.7960047407780652	0.1795916895473333	0.02440356967460155	
NREP	0.961220339509659	0.0193898302451705	0.0193898302451705	
CHST14	0.6199253146569516	0.36504800477307664	0.015026680569971803	
SLA	0.9722366907001766	0.013881654649911665	0.013881654649911665	
CHPT1	0.9302583123268525	0.03487084383657373	0.03487084383657373	
NFIC	0.012143818627115	0.012143818627115	0.97571236274577	
PITPNM3	0.010209582734967396	0.010209582734967396	0.9795808345300652	
EPHX4	0.9763718949560825	0.011814052521958765	0.011814052521958765	
SLC11A2	0.9495920536209911	0.02520397318950443	0.02520397318950443	
TTYH2	0.9723537844975776	0.013823107751211169	0.013823107751211169	
SNAPC1	0.9460598188827081	0.02697009055864592	0.02697009055864592	
SST	0.9805825242718447	0.009708737864077669	0.009708737864077669	
TMEM256	0.9363155952220478	0.031842202388976094	0.031842202388976094	
SELENBP1	0.009708737864077669	0.009708737864077669	0.9805825242718447	
SPATA18	0.009708737864077669	0.009708737864077669	0.9805825242718447	
ETFRF1	0.9360923399607834	0.031953830019608234	0.031953830019608234	
RORC	0.011892282203157703	0.011892282203157703	0.9762154355936846	
SLC17A9	0.9498254940717306	0.0250872529641347	0.0250872529641347	
ATP6V1F	0.9412564530598262	0.0293717734700869	0.0293717734700869	
LYST	0.01773104049937034	0.01773104049937034	0.9645379190012593	
MRPL41	0.019058398171757588	0.019058398171757588	0.9618832036564848	
MRPL12	0.010611840341723501	0.2838037105211131	0.7055844491371634	
SULT1C4	0.9805825242718447	0.009708737864077669	0.009708737864077669	
MYL6B	0.9314784261563077	0.03426078692184612	0.03426078692184612	
CACNA1D	0.9527314252886817	0.02363428735565914	0.02363428735565914	
GCNT1	0.9634134185133296	0.01829329074333515	0.01829329074333515	
JAG2	0.01226802157777646	0.01226802157777646	0.9754639568444471	
PODNL1	0.013321334574669549	0.013321334574669549	0.9733573308506609	
TGDS	0.8005670718026136	0.17188798561297922	0.027544942584407105	
AC083798.2	0.9493465753361884	0.02532671233190577	0.02532671233190577	
ZSCAN18	0.9440096343934611	0.027995182803269427	0.027995182803269427	
C19orf57	0.013306094663622255	0.013306094663622255	0.9733878106727555	
PSRC1	0.5603338609882016	0.43058781573018307	0.009078323281615208	
TECPR1	0.01435570043341058	0.08729058842306502	0.8983537111435244	
DGKA	0.009214722732852587	0.371378376353773	0.6194069009133742	
RUNX1T1	0.9754058068102022	0.012297096594898931	0.012297096594898931	
PLD3	0.9409352725575032	0.02953236372124839	0.02953236372124839	
PDE5A	0.013163360686724199	0.013163360686724199	0.9736732786265516	
ITGB4	0.007291195421041637	0.5620893839625036	0.4306194206164547	
SLC7A6	0.015086911012840439	0.015086911012840439	0.9698261779743191	
CTSL	0.6386830569460263	0.34573449511550897	0.015582447938464724	
ARHGEF12	0.02385113902454795	0.02385113902454795	0.952297721950904	
TXNRD1	0.014670037883730802	0.21075863606361067	0.7745713260526585	
ASTN2	0.9603280922737477	0.01983595386312614	0.01983595386312614	
ADTRP	0.01068387240991161	0.01068387240991161	0.9786322551801767	
SLC8B1	0.018270123169516046	0.018270123169516046	0.9634597536609679	
TAP2	0.01207405843162293	0.01207405843162293	0.9758518831367541	
CDKL1	0.014539628030981156	0.014539628030981156	0.9709207439380376	
FBXO27	0.9720429054500982	0.013978547274950908	0.013978547274950908	
CASC9	0.009708737864077669	0.009708737864077669	0.9805825242718447	
DACH1	0.9576122245244819	0.021193887737759032	0.021193887737759032	
DENND5B	0.9465415605524513	0.0267292197237743	0.0267292197237743	
KISS1	0.3261171898679869	0.6672761159150327	0.006606694216980522	
DCLK2	0.009708737864077669	0.009708737864077669	0.9805825242718447	
SLC16A9	0.011183080495736384	0.011183080495736384	0.9776338390085272	
CHUK	0.017721151242073036	0.017721151242073036	0.9645576975158539	
DTNA	0.9736326583394954	0.01318367083025228	0.01318367083025228	
TTLL10	0.011788987271258253	0.011788987271258253	0.9764220254574835	
B3GNT7	0.007596796411925893	0.5677906888446305	0.4246125147434437	
LYN	0.02241770023737759	0.02241770023737759	0.9551645995252448	
ZSCAN16-AS1	0.9551093503410754	0.02244532482946231	0.02244532482946231	
PRKX	0.016947969673592866	0.016947969673592866	0.9661040606528143	
SCUBE2	0.009708737864077669	0.009708737864077669	0.9805825242718447	
MMP2	0.9713563458979448	0.014321827051027566	0.014321827051027566	
TTC5	0.9391508211516313	0.030424589424184342	0.030424589424184342	
ZNF550	0.7502634956294877	0.2293907192616128	0.020345785108899395	
OAT	0.9667636811951921	0.01661815940240393	0.01661815940240393	
EEPD1	0.01643885264167978	0.01643885264167978	0.9671222947166405	
PPARGC1B	0.010338241866347957	0.010338241866347957	0.9793235162673041	
ST6GAL1	0.9611736090769054	0.019413195461547322	0.019413195461547322	
HRCT1	0.006678922661814888	0.31874988849488145	0.6745711888433037	
DPP9	0.014852100647392638	0.2582810877822368	0.7268668115703706	
RBPMS	0.9768194871950464	0.011590256402476759	0.011590256402476759	
CHFR	0.01758648344943175	0.01758648344943175	0.9648270331011365	
SEPSECS-AS1	0.8634713968590411	0.1113056327250335	0.025222970415925465	
MPND	0.018987489331973105	0.018987489331973105	0.9620250213360537	
JPT1	0.008499527839138744	0.5811330924138489	0.4103673797470122	
HTATIP2	0.00935922594457203	0.4842808748339979	0.5063598992214301	
COL9A3	0.0109613579490534	0.2099324604368421	0.7791061816141045	
GLB1L2	0.019980747359985486	0.019980747359985486	0.9600385052800291	
GSR	0.017032716362516923	0.2534914100775052	0.729475873559978	
EPB41L4A	0.012707688741638077	0.012707688741638077	0.9745846225167238	
SIMC1	0.02273448321363725	0.02273448321363725	0.9545310335727255	
MAMSTR	0.9579476086279418	0.02102619568602906	0.02102619568602906	
HHIP	0.9721739254750194	0.013913037262490286	0.013913037262490286	
LRMDA	0.011329761304459073	0.011329761304459073	0.9773404773910819	
PPP1R3B	0.6783412287741171	0.30938669871875574	0.012272072507127172	
RPP25	0.012900140156833542	0.012900140156833542	0.9741997196863329	
MAP3K20	0.9598092270732294	0.020095386463385292	0.020095386463385292	
ADGRD1	0.9795101686381114	0.010244915680944287	0.010244915680944287	
ATL3	0.02356105920500713	0.02356105920500713	0.9528778815899857	
PROS1	0.9501389179273766	0.024930541036311694	0.024930541036311694	
NR2F1-AS1	0.9805825242718447	0.009708737864077669	0.009708737864077669	
DAPK2	0.018508054104462893	0.018508054104462893	0.9629838917910741	
POU5F1	0.009708737864077669	0.009708737864077669	0.9805825242718447	
H2AFY2	0.9468871530998234	0.026556423450088254	0.026556423450088254	
SHISA5	0.5033666644587497	0.47777274956371585	0.01886058597753449	
ACER3	0.01690180809036848	0.01690180809036848	0.966196383819263	
HMGA2	0.9531420060651393	0.023428996967430313	0.023428996967430313	
MPC1	0.016332591204298086	0.016332591204298086	0.9673348175914038	
LPAR2	0.009435720325748848	0.5055103172879872	0.4850539623862639	
EPB41L4A-AS1	0.7704286070046832	0.2078312216530799	0.021740171342236835	
ENDOG	0.00940734229939354	0.6153124138734273	0.3752802438271792	
PDLIM4	0.9746154705075932	0.012692264746203386	0.012692264746203386	
PPT1	0.9429998831031392	0.028500058448430385	0.028500058448430385	
DPF2	0.9280465331308811	0.0359767334345594	0.0359767334345594	
GPR160	0.9399975467739751	0.030001226613012445	0.030001226613012445	
ELOVL6	0.018094021758798484	0.018094021758798484	0.963811956482403	
RASAL2-AS1	0.42819564930428966	0.5631121054836042	0.008692245212106028	
RPS6KA4	0.012948802786026987	0.1435857245241126	0.8434654726898604	
MT-ND1	0.015532890410085055	0.015532890410085055	0.9689342191798299	
CACNB1	0.009708737864077669	0.009708737864077669	0.9805825242718447	
EHD2	0.9740001636105626	0.012999918194718652	0.012999918194718652	
APOBEC3C	0.9577335076487358	0.021133246175632118	0.021133246175632118	
JADE1	0.824525603460646	0.15694766886721906	0.018526727672134896	
DES	0.977083419432382	0.01145829028380903	0.01145829028380903	
POU2F3	0.004926108374384236	0.49753694581280783	0.49753694581280783	
CRYZ	0.9632455041805017	0.018377247909749112	0.018377247909749112	
BARX2	0.010714989401445682	0.34768861150400404	0.6415963990945502	
PCNX1	0.9485983588959828	0.02570082055200859	0.02570082055200859	
FERMT2	0.9769977531737689	0.01150112341311551	0.01150112341311551	
SERTAD4-AS1	0.006377016383381966	0.45558242959868234	0.5380405540179356	
CDC20	0.3970253963174564	0.5927370909444594	0.010237512738084233	
SPIRE1	0.961754191921283	0.019122904039358478	0.019122904039358478	
RAPGEF4	0.9740102066167733	0.01299489669161337	0.01299489669161337	
TMEM216	0.9339843057198268	0.033007847140086574	0.033007847140086574	
TMEM39A	0.45709697754922857	0.5248810369038464	0.01802198554692489	
ZDHHC23	0.012157863599778116	0.3746528498806331	0.6131892865195888	
PHLDB2	0.4523047665529629	0.539358371309066	0.008336862137971034	
DEGS1	0.9407900554627476	0.029604972268626142	0.029604972268626142	
FYN	0.9633067141277952	0.018346642936102373	0.018346642936102373	
C5orf15	0.9371467051816875	0.03142664740915624	0.03142664740915624	
CIB2	0.46072265870505186	0.5309231908276709	0.008354150467277163	
ZNF189	0.940049470216868	0.029975264891565982	0.029975264891565982	
MOSPD1	0.680430535765992	0.3014673856823063	0.018102078551701657	
MMP14	0.8020008008725537	0.1706081538674454	0.027391045260000853	
GNAI2	0.944386588735371	0.027806705632314504	0.027806705632314504	
SMO	0.973334522233437	0.013332738883281525	0.013332738883281525	
PTPRB	0.013071890641135836	0.013071890641135836	0.9738562187177283	
GLB1L	0.9491557830494748	0.025422108475262606	0.025422108475262606	
MED7	0.7506111230389876	0.22312675370669335	0.026262123254318932	
TLR4	0.009708737864077669	0.009708737864077669	0.9805825242718447	
MUC1	0.010215534268234749	0.010215534268234749	0.9795689314635305	
CD68	0.9676302490484024	0.01618487547579877	0.01618487547579877	
DGKQ	0.014062310334193735	0.014062310334193735	0.9718753793316125	
CDKN1C	0.5619372107990993	0.4302338289297198	0.007828960271181018	
NINL	0.9591159648664975	0.0204420175667512	0.0204420175667512	
APOM	0.9583873274970597	0.020806336251470138	0.020806336251470138	
DENND1B	0.02737171612507523	0.02737171612507523	0.9452565677498495	
CFAP74	0.6637745073438687	0.3248295071946559	0.011395985461475302	
GALK1	0.4964285606247604	0.48826788978060076	0.015303549594638791	
UFSP1	0.014641039807340488	0.014641039807340488	0.970717920385319	
SLC25A12	0.016012607540711023	0.016012607540711023	0.9679747849185779	
MPDZ	0.9765657434018764	0.011717128299061763	0.011717128299061763	
ADAMTS6	0.48988882075522483	0.5036717833174227	0.006439395927352543	
PAQR5	0.021916426072478068	0.021916426072478068	0.9561671478550439	
DNALI1	0.9676847526348005	0.01615762368259973	0.01615762368259973	
PHLPP2	0.014677110279832754	0.014677110279832754	0.9706457794403345	
KRT15	0.006278581355044811	0.5696367216149777	0.4240846970299776	
ABCA7	0.00882784412616544	0.22826249487096864	0.7629096610028661	
PTER	0.01329472924567865	0.3968597275847604	0.5898455431695608	
SPNS3	0.9641027460755625	0.017948626962218776	0.017948626962218776	
LINC02532	0.009708737864077669	0.009708737864077669	0.9805825242718447	
CCDC127	0.9413204705114485	0.02933976474427571	0.02933976474427571	
ADCY6	0.01430853335647758	0.35447907976013227	0.6312123868833902	
GPR157	0.29416727517380875	0.695937663552263	0.009895061273928134	
THNSL1	0.9450370703621701	0.02748146481891492	0.02748146481891492	
ACSS2	0.02130431217624211	0.02130431217624211	0.9573913756475158	
CASP7	0.01544158753042075	0.01544158753042075	0.9691168249391585	
MACROD2	0.9383509186256165	0.030824540687191728	0.030824540687191728	
CASTOR3	0.8651315650714779	0.11673315620533858	0.018135278723183518	
SERTAD4	0.004926108374384236	0.49753694581280783	0.49753694581280783	
MAGED1	0.7889123894421054	0.187357749715884	0.023729860842010612	
PCSK1	0.9740445303120585	0.012977734843970745	0.012977734843970745	
GSTM2	0.9613432970352995	0.019328351482350205	0.019328351482350205	
EIF4G3	0.02651714187488554	0.02651714187488554	0.9469657162502289	
TDRP	0.4718936966894285	0.521508864767096	0.006597438543475522	
ABCC8	0.969234157171216	0.015382921414392008	0.015382921414392008	
EIF4E3	0.016827758630477835	0.016827758630477835	0.9663444827390443	
PARP8	0.9509760569612963	0.02451197151935183	0.02451197151935183	
INF2	0.011007941766909316	0.4541582243843394	0.5348338338487513	
LUM	0.97728393024805	0.011358034875974952	0.011358034875974952	
ZNF711	0.9629140123725171	0.01854299381374143	0.01854299381374143	
MYCN	0.4187925225592024	0.5755093649168682	0.0056981125239293886	
EFCAB14	0.018784216221051024	0.2003957789095787	0.7808200048693703	
CCNB1	0.3644951982918457	0.6285598751338952	0.00694492657425902	
SEC16B	0.9450405585299484	0.027479720735025782	0.027479720735025782	
TMEM198	0.9641350114894937	0.017932494255253142	0.017932494255253142	
VSIG10	0.010389306493920236	0.5746034944814887	0.41500719902459104	
ELP2	0.8014422861933714	0.16719234455423773	0.031365369252390835	
GIPC1	0.011063962202000281	0.32692833479995687	0.6620077029980429	
LMTK3	0.3420278643476272	0.6507999661387057	0.00717216951366709	
PRSS12	0.005444344046662268	0.48231656768207914	0.5122390882712585	
SYTL1	0.47811124574627717	0.5103883056198819	0.011500448633840983	
FABP5	0.011795475291126395	0.011795475291126395	0.9764090494177472	
PRR14L	0.01492759526518165	0.46809670376821544	0.516975700966603	
RGS17	0.9675183000838525	0.01624084995807371	0.01624084995807371	
MT-ND6	0.01278045991624175	0.10607562469245002	0.8811439153913083	
CFAP43	0.9619202232745648	0.019039888362717545	0.019039888362717545	
MIGA2	0.014577703626566104	0.014577703626566104	0.9708445927468677	
BTG3	0.3953402160879912	0.590970088974064	0.013689694937944873	
NOL3	0.01623952583270071	0.01623952583270071	0.9675209483345986	
SLC25A36	0.7281440100844558	0.24676630225014598	0.025089687665398142	
DGCR6	0.9727566192620039	0.013621690368998065	0.013621690368998065	
SAMD9L	0.009708737864077669	0.009708737864077669	0.9805825242718447	
P2RY1	0.01677333633018713	0.01677333633018713	0.9664533273396257	
OGN	0.9741813122189206	0.012909343890539701	0.012909343890539701	
NR2F2-AS1	0.9798446159345625	0.010077692032718754	0.010077692032718754	
CCDC80	0.9770420209784305	0.011478989510784715	0.011478989510784715	
BICD1	0.9663766219551596	0.01681168902242017	0.01681168902242017	
TRPM4	0.016079478110214537	0.016079478110214537	0.9678410437795709	
SLC35F2	0.008624112570850362	0.5093810261356465	0.48199486129350305	
LGALS9	0.020443310433077583	0.020443310433077583	0.9591133791338448	
B3GALNT1	0.9716283520021141	0.014185823998942967	0.014185823998942967	
IKBIP	0.9545773481063289	0.022711325946835528	0.022711325946835528	
LMAN2L	0.6982591203014739	0.27812262784501596	0.0236182518535102	
PCAT7	0.011696032490785277	0.011696032490785277	0.9766079350184295	
RIMS3	0.009708737864077669	0.009708737864077669	0.9805825242718447	
AC022075.1	0.959795822354211	0.020102088822894465	0.020102088822894465	
SLC6A4	0.37193249593355526	0.6219099795167737	0.006157524549671027	
TOX2	0.010081125769183975	0.010081125769183975	0.9798377484616321	
CAVIN3	0.9667124056118401	0.01664379719407991	0.01664379719407991	
HLA-B	0.009708737864077669	0.009708737864077669	0.9805825242718447	
TMEM173	0.011181937811099416	0.011181937811099416	0.9776361243778011	
CRISPLD1	0.6690980819500741	0.323960360151395	0.006941557898530877	
TCEA3	0.012258819430775449	0.4066772061172276	0.581063974451997	
PEX26	0.01598098632247987	0.01598098632247987	0.9680380273550402	
MUC12	0.011326729294362315	0.011326729294362315	0.9773465414112753	
ETV1	0.9606869320179875	0.01965653399100627	0.01965653399100627	
TRIM11	0.011376682081283573	0.4570373073599566	0.5315860105587599	
FAM126A	0.9682206908111168	0.01588965459444157	0.01588965459444157	
RBPJ	0.9281520568527435	0.03592397157362822	0.03592397157362822	
CALD1	0.977749692036757	0.011125153981621469	0.011125153981621469	
NEFH	0.9609663257839907	0.01951683710800473	0.01951683710800473	
GALNT6	0.008283501061780373	0.4776958281464654	0.5140206707917542	
TCTEX1D2	0.9575205486344288	0.021239725682785555	0.021239725682785555	
ARMCX3	0.9437015660442765	0.028149216977861748	0.028149216977861748	
PRR5L	0.018095897884185464	0.018095897884185464	0.963808204231629	
MT-ND4L	0.022367779519780265	0.022367779519780265	0.9552644409604394	
PIWIL2	0.9676195836814065	0.016190208159296688	0.016190208159296688	
ZNF433	0.8213424625165084	0.16267300879588473	0.0159845286876067	
PLEKHA8	0.011846581152517799	0.48878065916306174	0.4993727596844205	
MAN2A2	0.015601936163998468	0.36534434719964554	0.6190537166363559	
TMEM69	0.5363076020937861	0.44194992604861916	0.02174247185759472	
VSIG2	0.014015894957526483	0.014015894957526483	0.971968210084947	
MTPN	0.02843203317280312	0.02843203317280312	0.9431359336543937	
ST6GALNAC3	0.9534559595032737	0.023272020248363143	0.023272020248363143	
RHOBTB1	0.30984577108311034	0.6833880109863318	0.006766217930557742	
IGFBP4	0.022489763539830097	0.022489763539830097	0.9550204729203398	
STX17-AS1	0.9491649911443789	0.025417504427810548	0.025417504427810548	
GPRASP2	0.9621135936723613	0.018943203163819363	0.018943203163819363	
OBSL1	0.5297405584685916	0.4609494712332015	0.009309970298206825	
CTSZ	0.019339724344795126	0.019339724344795126	0.9613205513104098	
GRAMD1B	0.4215089615505208	0.5715803443056691	0.006910694143809986	
PITPNA-AS1	0.5150936069562653	0.4650300174330665	0.01987637561066824	
KDM1B	0.01822363299133264	0.01822363299133264	0.9635527340173347	
GNG11	0.974430508056029	0.012784745971985458	0.012784745971985458	
YKT6	0.013838868117642351	0.3662241216241479	0.6199370102582097	
PPIE	0.9269272842020116	0.03653635789899412	0.03653635789899412	
SCML4	0.9496465272050614	0.02517673639746929	0.02517673639746929	
NPLOC4	0.012421222679916352	0.34927720938191337	0.6383015679381704	
ENTPD4	0.016260064011871307	0.40837858485599376	0.5753613511321348	
NSD2	0.024764465103166763	0.024764465103166763	0.9504710697936665	
SLC2A4RG	0.9369378643565699	0.03153106782171502	0.03153106782171502	
CLU	0.9761597704136052	0.011920114793197344	0.011920114793197344	
MED20	0.615557494035065	0.36165086649162503	0.02279163947330994	
G0S2	0.9790685913659858	0.010465704317007121	0.010465704317007121	
ZNF14	0.693785175084524	0.285146149530582	0.02106867538489403	
NUP35	0.7809932542480492	0.19797879418244158	0.0210279515695091	
NOS2	0.004926108374384236	0.49753694581280783	0.49753694581280783	
IL1R2	0.008606156830115955	0.39767983867232526	0.5937140044975588	
STXBP1	0.9591830066643204	0.020408496667839747	0.020408496667839747	
NADK	0.025135105596632776	0.025135105596632776	0.9497297888067344	
ADGRL1	0.012195268289923015	0.012195268289923015	0.975609463420154	
BACE2	0.009335866134280169	0.5573421388393212	0.43332199502639884	
ZNF227	0.9393660337240166	0.030316983137991648	0.030316983137991648	
BTF3L4	0.9253776431778965	0.03731117841105174	0.03731117841105174	
SLC3A2	0.4919057686240937	0.4942738981736058	0.013820333202300611	
METTL7A	0.029023263137475858	0.029023263137475858	0.9419534737250482	
ARHGAP21	0.016540231192620884	0.2669100980907084	0.7165496707166708	
CD44	0.014100250107637066	0.014100250107637066	0.9717994997847258	
AC145124.1	0.9591972315451328	0.020401384227433567	0.020401384227433567	
GALNT10	0.018876659345990005	0.018876659345990005	0.9622466813080199	
C15orf48	0.012026207263855133	0.4804171275881364	0.5075566651480085	
ZNF114	0.40381318347118733	0.5902244089980392	0.005962407530773453	
SNX19	0.01974423429722906	0.01974423429722906	0.9605115314055419	
TRAPPC10	0.021692442730791652	0.021692442730791652	0.9566151145384166	
SORBS1	0.764984827722247	0.2183962449834471	0.016618927294306085	
CSNK1G3	0.025649815165402563	0.025649815165402563	0.9487003696691948	
C11orf95	0.9627282146586373	0.018635892670681314	0.018635892670681314	
ZCCHC9	0.9296224050158248	0.03518879749208757	0.03518879749208757	
PDGFRL	0.39943845511268716	0.5916051930728312	0.008956351814481577	
IDH3A	0.013788796478597102	0.3652194535379157	0.6209917499834872	
NME7	0.9426471308916509	0.02867643455417454	0.02867643455417454	
FUZ	0.9442799105963952	0.027860044701802412	0.027860044701802412	
CCDC14	0.023260579258722245	0.023260579258722245	0.9534788414825555	
CNR1	0.9649030159958719	0.017548492002064053	0.017548492002064053	
GALNT7	0.028158576340008547	0.028158576340008547	0.9436828473199829	
DHRS9	0.009708737864077669	0.009708737864077669	0.9805825242718447	
DSC2	0.009610961341111805	0.6115953059719358	0.37879373268695243	
VCAN	0.975516060669996	0.012241969665002014	0.012241969665002014	
CLEC16A	0.023185312793461393	0.023185312793461393	0.9536293744130772	
ANAPC10	0.9315423846391333	0.03422880768043334	0.03422880768043334	
ANG	0.9408410334356567	0.02957948328217162	0.02957948328217162	
IMPA1	0.02181010561205946	0.02181010561205946	0.956379788775881	
PPP1R3C	0.9805825242718447	0.009708737864077669	0.009708737864077669	
SNX10	0.9625025192903648	0.018748740354817613	0.018748740354817613	
DUSP11	0.9233051685906957	0.03834741570465219	0.03834741570465219	
NR3C2	0.019869144880476405	0.019869144880476405	0.9602617102390473	
SEMA3F	0.012437410397710277	0.03545788323137933	0.9521047063709104	
COL27A1	0.6040332937848841	0.3830107241925211	0.012955982022594884	
TMCC1-AS1	0.9595269361279403	0.02023653193602985	0.02023653193602985	
NOVA1	0.9550035435231364	0.022498228238431745	0.022498228238431745	
MELTF	0.9507063547336212	0.024646822633189406	0.024646822633189406	
ZNF764	0.9524882223077995	0.02375588884610021	0.02375588884610021	
CTTN	0.02233493343250826	0.23909967030767387	0.7385653962598179	
FAS	0.01842354537751424	0.01842354537751424	0.9631529092449714	
VAT1	0.9490822667736711	0.02545886661316442	0.02545886661316442	
GPT2	0.00870394225126098	0.40051404548663266	0.5907820122621064	
TCEAL8	0.5337483433924683	0.4484410760915349	0.017810580515996693	
SNRPN	0.9527217496588488	0.023639125170575582	0.023639125170575582	
ALG10B	0.6794538867480376	0.30121181689011595	0.019334296361846377	
AL354822.1	0.009708737864077669	0.009708737864077669	0.9805825242718447	
PPIP5K1	0.012244348358566465	0.45259006869984425	0.5351655829415893	
KLF7	0.9628867471752808	0.01855662641235961	0.01855662641235961	
BPHL	0.9445002664218906	0.027749866789054722	0.027749866789054722	
BICDL2	0.012109609410181119	0.2791418614097622	0.7087485291800567	
AC239809.3	0.9605961970956735	0.019701901452163235	0.019701901452163235	
SLC37A4	0.7331369973316119	0.24756293123628473	0.019300071432103286	
PLCD3	0.0077942055471768865	0.401579163503576	0.5906266309492472	
GHRL	0.9691614697065954	0.01541926514670227	0.01541926514670227	
TLK1	0.009439827648835417	0.6683029076157893	0.3222572647353754	
CLIP2	0.01703782319957165	0.01703782319957165	0.9659243536008567	
PFN2	0.9366409612366832	0.03167951938165838	0.03167951938165838	
ARHGAP44	0.017062598779813143	0.017062598779813143	0.9658748024403737	
CNN2	0.01831433815219927	0.01831433815219927	0.9633713236956014	
TRIM58	0.005958801140500941	0.39220228366890403	0.6018389151905951	
LACTB2	0.9345832664476652	0.03270836677616736	0.03270836677616736	
AC020928.1	0.42488296361528083	0.567048633715087	0.00806840266963234	
LDHD	0.012934616770251192	0.012934616770251192	0.9741307664594976	
SCGB2A1	0.009708737864077669	0.009708737864077669	0.9805825242718447	
DNM1	0.9616940878269099	0.019152956086545006	0.019152956086545006	
JPH2	0.9717499998515226	0.014125000074238739	0.014125000074238739	
SLC25A24	0.022001113788392375	0.022001113788392375	0.9559977724232153	
PFKFB2	0.021764616334052803	0.021764616334052803	0.9564707673318944	
DNAJC5	0.02042432114831713	0.02042432114831713	0.9591513577033657	
ENDOD1	0.026109325837287096	0.026109325837287096	0.9477813483254257	
AC007182.1	0.004926108374384236	0.49753694581280783	0.49753694581280783	
GAK	0.024477127138983493	0.024477127138983493	0.9510457457220329	
NMU	0.00745514578279647	0.23957513015476015	0.7529697240624434	
ITGA6	0.01642039793062742	0.01688527845045253	0.9666943236189199	
ST3GAL6	0.44987843777050074	0.5432398287539282	0.006881733475571115	
SATB2	0.024465271494894046	0.024465271494894046	0.9510694570102118	
UBE2Q2	0.01072488306716287	0.5110160988251361	0.478259018107701	
SLC25A35	0.01371955498039192	0.15184682343476114	0.8344336215848469	
DYNC2H1	0.9683354829915828	0.015832258504208618	0.015832258504208618	
MAATS1	0.9730976710629846	0.013451164468507687	0.013451164468507687	
AL139384.1	0.9605389613729056	0.019730519313547166	0.019730519313547166	
GPAT2	0.009708737864077669	0.009708737864077669	0.9805825242718447	
ENTPD5	0.029917461494428456	0.029917461494428456	0.940165077011143	
PBX2	0.6625814130179594	0.31234188540392904	0.025076701578111475	
COMMD10	0.8141727972074153	0.15776544703907597	0.028061755753508628	
VTI1A	0.027993850184821867	0.027993850184821867	0.9440122996303563	
MPP3	0.01467468923528695	0.01467468923528695	0.970650621529426	
PDGFC	0.9604391090645101	0.019780445467744986	0.019780445467744986	
CPT1A	0.024303946239695347	0.024303946239695347	0.9513921075206092	
ACD	0.6859619490852583	0.2867885552654114	0.02724949564933021	
ANGPTL4	0.005312938789186036	0.45808024350302434	0.5366068177077896	
C1QTNF4	0.9671666796757684	0.016416660162115786	0.016416660162115786	
RAB3IL1	0.9787546251056352	0.01062268744718242	0.01062268744718242	
KRBOX4	0.9386494839825178	0.030675258008741064	0.030675258008741064	
FBXO44	0.9561651184514582	0.02191744077427084	0.02191744077427084	
FUT8	0.43600372935863035	0.5537994316066613	0.010196839034708288	
SLC12A9	0.018112350386961837	0.29015620224531014	0.6917314473677282	
CMPK1	0.0203132839368891	0.32288975021526284	0.656796965847848	
ABI3BP	0.9696584360293038	0.01517078198534807	0.01517078198534807	
SLC29A4	0.964157383394449	0.017921308302775482	0.017921308302775482	
NEBL	0.006310857016946839	0.615847855221769	0.37784128776128406	
RPS27	0.9332166265765265	0.03339168671173675	0.03339168671173675	
TTL	0.015859469687683744	0.015859469687683744	0.9682810606246325	
TPRN	0.010602128838198993	0.21512206140719103	0.77427580975461	
TEAD2	0.013272383474590648	0.013272383474590648	0.9734552330508187	
RNF130	0.02264055720120283	0.02264055720120283	0.9547188855975943	
BEX3	0.7033007032971179	0.27594819378052937	0.020751102922352792	
MYH10	0.5612008575781421	0.4295948831207049	0.009204259301153091	
TNFAIP8L3	0.009708737864077669	0.009708737864077669	0.9805825242718447	
GSTT2B	0.97000788069762	0.014996059651190004	0.014996059651190004	
UBE2C	0.437544304810083	0.5543105882424478	0.00814510694746905	
GNPTAB	0.022471455398820422	0.022471455398820422	0.9550570892023591	
LINC02447	0.9554065565665317	0.022296721716734136	0.022296721716734136	
TGM2	0.9751141720511046	0.012442913974447673	0.012442913974447673	
PFKP	0.014879728832905984	0.014879728832905984	0.970240542334188	
ARID5B	0.9497353595131667	0.025132320243416613	0.025132320243416613	
ABTB2	0.009708737864077669	0.009708737864077669	0.9805825242718447	
SIRT7	0.010892862627614044	0.4999643696707053	0.48914276770168075	
GRINA	0.9373952467090216	0.03130237664548914	0.03130237664548914	
RNF213	0.02489948288537741	0.02489948288537741	0.9502010342292452	
ACSL1	0.011547384821732898	0.011547384821732898	0.9769052303565342	
ARSE	0.9433417017962137	0.02832914910189311	0.02832914910189311	
XYLT1	0.012605986574480532	0.3704036069533644	0.6169904064721551	
FAM89B	0.020125695302542376	0.020125695302542376	0.9597486093949152	
CISH	0.9517363685677386	0.024131815716130673	0.024131815716130673	
EIF3E	0.9284631223340798	0.035768438832960096	0.035768438832960096	
AMACR	0.9628355525313315	0.018582223734334272	0.018582223734334272	
PXDC1	0.552359350312285	0.44004250593122435	0.007598143756490688	
SPP1	0.9805825242718447	0.009708737864077669	0.009708737864077669	
REC8	0.956194164354554	0.021902917822722984	0.021902917822722984	
ANKFY1	0.025929511249458862	0.025929511249458862	0.9481409775010823	
LPCAT4	0.029117963142653514	0.029117963142653514	0.941764073714693	
ARF3	0.020806421933792067	0.05528301995616444	0.9239105581100435	
SGK2	0.008345779994199193	0.41514638608625	0.5765078339195508	
MARK1	0.009181211981755718	0.29878840276447277	0.6920303852537715	
TSC2	0.029536014486568868	0.029536014486568868	0.9409279710268622	
PTPN13	0.9561858527768498	0.02190707361157512	0.02190707361157512	
APOBR	0.017560832746149328	0.017560832746149328	0.9648783345077013	
SLC35C1	0.01633144163848939	0.01633144163848939	0.9673371167230213	
PBX4	0.013324038374693911	0.052648398128123296	0.9340275634971829	
BCL2A1	0.9696528559192574	0.01517357204037129	0.01517357204037129	
CNRIP1	0.9730431482696413	0.0134784258651793	0.0134784258651793	
HSF4	0.012259886154306322	0.012259886154306322	0.9754802276913873	
CCDC9B	0.010216771638146983	0.010216771638146983	0.979566456723706	
TCIRG1	0.02613840198371416	0.02613840198371416	0.9477231960325716	
FAM27C	0.013317255351983226	0.013317255351983226	0.9733654892960335	
CASZ1	0.016587585919406275	0.016587585919406275	0.9668248281611874	
NFIB	0.013735789613952823	0.013735789613952823	0.9725284207720943	
LSAMP	0.9791735645049633	0.010413217747518341	0.010413217747518341	
IFI27	0.009708737864077669	0.009708737864077669	0.9805825242718447	
SYTL4	0.018953770893346968	0.018953770893346968	0.962092458213306	
MARCH2	0.019267558949097378	0.019267558949097378	0.9614648821018053	
RBP4	0.9759901430651353	0.012004928467432308	0.012004928467432308	
B3GALT5	0.012065859597400608	0.012065859597400608	0.9758682808051987	
METRN	0.014088971789583637	0.014088971789583637	0.9718220564208327	
COMT	0.8907225677503233	0.08188693312096583	0.0273904991287109	
BBX	0.46185002262273983	0.520556241325455	0.01759373605180519	
PRKCB	0.010221033456256157	0.010221033456256157	0.9795579330874876	
SELENOM	0.9568621452571303	0.02156892737143482	0.02156892737143482	
OSBP2	0.9511474259151995	0.024426287042400244	0.024426287042400244	
VGLL3	0.41064003856517356	0.5833552730687638	0.006004688366062547	
NLRP1	0.9727692337785265	0.013615383110736717	0.013615383110736717	
NRBP2	0.01540854918294894	0.01540854918294894	0.9691829016341021	
COL1A1	0.9684121297000778	0.01579393514996105	0.01579393514996105	
SIAH2	0.40058687722000824	0.5865306180916247	0.012882504688366967	
LINC01816	0.7839844582377414	0.19510454672983094	0.020910995032427562	
ARSK	0.5355105869198914	0.4511972134594374	0.0132921996206712	
STIM1	0.024381403890656312	0.024381403890656312	0.9512371922186873	
DRD4	0.8047849619272771	0.17449634971406935	0.020718688358653568	
ANKDD1A	0.8927585272781122	0.0938544425235051	0.013387030198382588	
STK26	0.00784440639221465	0.646841922162396	0.3453136714453895	
GANC	0.026724073109301243	0.026724073109301243	0.9465518537813975	
HOXD3	0.9550704502343157	0.02246477488284213	0.02246477488284213	
CFL2	0.9553848704264069	0.022307564786796536	0.022307564786796536	
MT-CO3	0.016373249215606532	0.016373249215606532	0.9672535015687869	
SCIN	0.006904077267087706	0.29578411875705407	0.6973118039758583	
GCHFR	0.7914525283011484	0.1852544778367227	0.023292993862128932	
EPN3	0.007272406719389716	0.5693750115747335	0.42335258170587686	
MT-CO1	0.017484944963704768	0.017484944963704768	0.9650301100725904	
GRB2	0.03288997740390045	0.03288997740390045	0.934220045192199	
AP001830.1	0.9464211316918996	0.026789434154050218	0.026789434154050218	
PTPN22	0.015322286050265435	0.015322286050265435	0.9693554278994692	
CTPS2	0.9164196027054541	0.041790198647272896	0.041790198647272896	
AC105446.1	0.9682381513268635	0.015880924336568226	0.015880924336568226	
GJA4	0.9743411729808271	0.012829413509586425	0.012829413509586425	
PALM	0.9699618127460554	0.01501909362697227	0.01501909362697227	
DPY30	0.48930513106681794	0.4903241372104891	0.020370731722692888	
IFI16	0.9568845782514733	0.02155771087426329	0.02155771087426329	
TSPAN17	0.018969845982335032	0.018969845982335032	0.9620603080353299	
CLDND2	0.9501934247235122	0.024903287638243864	0.024903287638243864	
RUBCNL	0.011544646422834464	0.011544646422834464	0.976910707154331	
COMTD1	0.008890807360441205	0.6307454868552548	0.36036370578430404	
SEMA3A	0.9672342503455714	0.016382874827214264	0.016382874827214264	
ZC2HC1A	0.43893675635566687	0.5479613111621443	0.013101932482188838	
SLC4A10	0.01405634711600831	0.01405634711600831	0.9718873057679833	
LIMCH1	0.00613315641810527	0.5139788133451374	0.4798880302367574	
AL158152.1	0.015132436869944199	0.015132436869944199	0.9697351262601116	
TANGO2	0.02179092905271003	0.02179092905271003	0.9564181418945799	
HBG2	0.9805825242718447	0.009708737864077669	0.009708737864077669	
ADGRG1	0.4009271804555125	0.583718848299732	0.01535397124475549	
TUBD1	0.9366984297266259	0.03165078513668703	0.03165078513668703	
EPPK1	0.00784982994318018	0.28531149079197055	0.7068386792648493	
POLR3D	0.9254590195316414	0.03727049023417924	0.03727049023417924	
TLR3	0.006530607041664739	0.46338172151211476	0.5300876714462205	
AC019205.1	0.9614604362019098	0.01926978189904514	0.01926978189904514	
TRPM3	0.9700678221664667	0.014966088916766635	0.014966088916766635	
PLA2G4F	0.006573545106451936	0.4650422279872012	0.5283842269063468	
ACKR3	0.9773864322991542	0.011306783850422858	0.011306783850422858	
NRG4	0.005478544771358145	0.4411884333214693	0.5533330219071726	
SLC7A1	0.008880552381204682	0.5054943339845391	0.48562511363425614	
LGALSL	0.9378955943814953	0.031052202809252336	0.031052202809252336	
ANXA3	0.49109839548632656	0.49490688076001	0.013994723753663424	
TRIM14	0.02252840077863564	0.02252840077863564	0.9549431984427287	
RARG	0.018605323670328966	0.018605323670328966	0.9627893526593421	
ODF3B	0.014315960100825156	0.014315960100825156	0.9713680797983497	
CCDC59	0.6722646416882657	0.29561558742393396	0.032119770887800415	
LACC1	0.024047078291474757	0.024047078291474757	0.9519058434170504	
HNRNPA1	0.4875276166220759	0.4924117474449117	0.020060635933012348	
KIF1B	0.0243701820315598	0.0243701820315598	0.9512596359368803	
GAS2L1	0.01024231530221441	0.14829010902001147	0.8414675756777741	
MT-CYB	0.018783239121065002	0.018783239121065002	0.96243352175787	
DCUN1D2	0.020783499805350648	0.06436274643629646	0.9148537537583529	
GNE	0.007842286816908073	0.5514890921678057	0.4406686210152863	
TMEM144	0.9336636123956767	0.0331681938021616	0.0331681938021616	
RASL11A	0.01432689111349272	0.01432689111349272	0.9713462177730146	
APOLD1	0.9604646567722118	0.019767671613894096	0.019767671613894096	
SRD5A1	0.024884845492081337	0.024884845492081337	0.9502303090158373	
BGN	0.525172159563768	0.46816423874163693	0.006663601694595162	
TRAF5	0.018996745435578204	0.018996745435578204	0.9620065091288436	
EVL	0.9583417593339963	0.02082912033300179	0.02082912033300179	
HAL	0.9518263021111543	0.024086848944422833	0.024086848944422833	
RAPGEFL1	0.017792711490634473	0.017792711490634473	0.964414577018731	
PCSK6	0.008542960305442064	0.5216192653625464	0.4698377743320115	
TGFA	0.016384203450676437	0.016384203450676437	0.9672315930986471	
CCDC146	0.01682162267159697	0.01682162267159697	0.966356754656806	
MKS1	0.9344241495066081	0.03278792524669588	0.03278792524669588	
SLAIN2	0.01453914266276566	0.4793973654319515	0.5060634919052829	
ZNF649	0.6832349256825176	0.29797413363013575	0.018790940687346602	
AL645933.2	0.015145914766718302	0.015145914766718302	0.9697081704665633	
LOX	0.972739154394952	0.013630422802524014	0.013630422802524014	
TTC8	0.9333121165870654	0.033343941706467296	0.033343941706467296	
SP5	0.9676077934319055	0.016196103284047206	0.016196103284047206	
XRCC1	0.7476593361582653	0.22484613410235918	0.027494529739375616	
ZNF581	0.9201149322647635	0.03994253386761821	0.03994253386761821	
ANKRD18A	0.00855231600693275	0.4135324002706424	0.5779152837224247	
SZT2	0.01833813425435579	0.35837440676402843	0.6232874589816157	
WFS1	0.4925195596208465	0.49228818072823455	0.01519225965091888	
SLC25A23	0.013856551754470318	0.013856551754470318	0.9722868964910594	
OSTC	0.9296083410097153	0.03519582949514227	0.03519582949514227	
DDI2	0.41233405325410205	0.5712468518849156	0.016419094860982423	
SLC40A1	0.9616000826179032	0.019199958691048388	0.019199958691048388	
RAB42	0.958785651632941	0.02060717418352944	0.02060717418352944	
SSBP4	0.9546009894536421	0.022699505273178888	0.022699505273178888	
CACNB3	0.019327360936932513	0.019327360936932513	0.9613452781261349	
PGRMC2	0.29981768582542223	0.6875251681079525	0.012657146066625234	
CIR1	0.9360960094953229	0.03195199525233853	0.03195199525233853	
P3H1	0.5543694127218531	0.4254536201404215	0.020176967137725453	
IMMP1L	0.4196016002285474	0.5633265779739699	0.01707182179748282	
FAM184A	0.36406240812204327	0.6297029096046434	0.0062346822733133	
EFCAB11	0.5867388585841861	0.39289393449941584	0.020367206916398185	
FASTKD1	0.033029821597807554	0.033029821597807554	0.9339403568043848	
LINC01607	0.4217831170084025	0.5700575810481325	0.008159301943464961	
TMEM17	0.9663358050017411	0.01683209749912946	0.01683209749912946	
EFHD2	0.017176477286735426	0.23238298526897172	0.7504405374442928	
SPAG1	0.025721189354467048	0.025721189354467048	0.9485576212910659	
ZNF615	0.9359805007937831	0.032009749603108414	0.032009749603108414	
BCL2L15	0.01690247778717869	0.01690247778717869	0.9661950444256426	
ZZEF1	0.019013258544812776	0.019013258544812776	0.9619734829103744	
TMEM8A	0.009605177039575957	0.4410185916763604	0.5493762312840637	
AC007611.1	0.9643520233536008	0.017823988323199595	0.017823988323199595	
CUTC	0.9246477082447953	0.037676145877602346	0.037676145877602346	
KCTD17	0.018226889225961225	0.018226889225961225	0.9635462215480776	
MYO5C	0.031475782969649285	0.031475782969649285	0.9370484340607014	
SPEF2	0.953706062362508	0.023146968818746	0.023146968818746	
TXNIP	0.9471062103731293	0.02644689481343533	0.02644689481343533	
CCNB2	0.39553403442310575	0.5955928417995721	0.008873123777322163	
NGDN	0.6764719228073921	0.294014349416505	0.02951372777610296	
ACVRL1	0.011976675019344997	0.2484616569330241	0.7395616680476309	
MOCS1	0.013846982666712153	0.013846982666712153	0.9723060346665757	
IQSEC3	0.969075204905142	0.015462397547429015	0.015462397547429015	
MTOR	0.019624506955078478	0.12954225003215636	0.8508332430127651	
ZNF132	0.9581445583494674	0.02092772082526628	0.02092772082526628	
CCDC34	0.8442065490019163	0.135805622625757	0.01998782837232686	
LGALS2	0.9590932693378601	0.02045336533106995	0.02045336533106995	
PPP1R12B	0.011674205008208639	0.4457502371002517	0.5425755578915397	
CYFIP1	0.031145226949366937	0.031145226949366937	0.9377095461012661	
SUMF2	0.9195765124371974	0.04021174378140124	0.04021174378140124	
MAP1B	0.9726182892878401	0.013690855356079959	0.013690855356079959	
NACC1	0.013844002384245404	0.36290350843947283	0.6232524891762818	
BLNK	0.9361919222408763	0.03190403887956182	0.03190403887956182	
SLAIN1	0.9639951541368466	0.01800242293157672	0.01800242293157672	
TMEM161A	0.9221170739535318	0.038941463023234056	0.038941463023234056	
KCTD10	0.025590593854718718	0.025590593854718718	0.9488188122905625	
ZNF134	0.931265248401845	0.0343673757990775	0.0343673757990775	
ARMT1	0.9252702316246905	0.03736488418765481	0.03736488418765481	
AP5M1	0.031687317729581464	0.031687317729581464	0.936625364540837	
LINC00665	0.8463494909341622	0.14054524049375497	0.013105268572082794	
ZNF214	0.9460365639005776	0.026981718049711185	0.026981718049711185	
TAF9B	0.944347485276676	0.027826257361661992	0.027826257361661992	
ZNF543	0.6527961646975627	0.3299669862012116	0.017236849101225648	
RBMX	0.9091123712756957	0.04544381436215211	0.04544381436215211	
SETD7	0.0112171689603414	0.0112171689603414	0.9775656620793172	
MAPKAP1	0.02798398095981608	0.02798398095981608	0.9440320380803678	
VANGL2	0.9404097567548656	0.029795121622567155	0.029795121622567155	
PALLD	0.01824149616836195	0.01824149616836195	0.9635170076632761	
ISLR	0.9693805978218076	0.015309701089096158	0.015309701089096158	
AK1	0.010070808734768233	0.010070808734768233	0.9798583825304635	
EPB41L4B	0.012697089607101735	0.5306594174717048	0.4566434929211934	
ABR	0.024192042967609646	0.024192042967609646	0.9516159140647806	
PTK7	0.9377739493589392	0.031113025320530386	0.031113025320530386	
ZNF285	0.9539403682140476	0.023029815892976174	0.023029815892976174	
GSTO2	0.4120413368457072	0.5727253356373779	0.015233327516914865	
RDM1	0.37887100421967446	0.613566074964626	0.007562920815699502	
ADGRA2	0.9575292420798801	0.021235378960059902	0.021235378960059902	
CEP170B	0.009448246060167096	0.3664065137116876	0.6241452402281452	
LRRC3	0.9530527141608617	0.023473642919569156	0.023473642919569156	
KIF1C	0.020515129857572926	0.020515129857572926	0.9589697402848542	
AHCYL2	0.011661633932442213	0.34722111110192105	0.6411172549656367	
SYNE3	0.01134364515419984	0.21207363014124941	0.7765827247045508	
C16orf87	0.5037083573184344	0.48101440716974686	0.015277235511818745	
ZSCAN26	0.9365534604636724	0.03172326976816377	0.03172326976816377	
PATJ	0.033008560601673544	0.033008560601673544	0.9339828787966529	
ZNF444	0.9217137719624316	0.039143114018784154	0.039143114018784154	
TCTN1	0.9476522067810585	0.026173896609470698	0.026173896609470698	
PTPN1	0.03089212517850763	0.03089212517850763	0.9382157496429847	
USP34	0.028436684447015338	0.07295390073277712	0.8986094148202075	
DLG3	0.013224463176051662	0.5507742575805598	0.43600127924338855	
KCNK1	0.022831395706157116	0.022831395706157116	0.9543372085876858	
DACT2	0.3268446868365154	0.666555751269725	0.006599561893759653	
PEX12	0.7303254016620859	0.2469759155380381	0.02269868279987595	
MAD2L2	0.9393773781182748	0.030311310940862563	0.030311310940862563	
PLS1	0.022002541820271376	0.022002541820271376	0.9559949163594572	
MRPS26	0.639094381443563	0.34061735784288766	0.020288260713549316	
TMEM87B	0.022465374196750564	0.38248723745659957	0.5950473883466498	
SFR1	0.9276091006574773	0.03619544967126132	0.03619544967126132	
PBDC1	0.9401418764153099	0.02992906179234503	0.02992906179234503	
MCRIP1	0.9238819415691565	0.038059029215421744	0.038059029215421744	
SLC16A10	0.9576355344675802	0.02118223276620987	0.02118223276620987	
SLK	0.023310319325896566	0.2028702565096186	0.7738194241644849	
SHLD1	0.9368040051449684	0.03159799742751576	0.03159799742751576	
FNTB	0.40392300657510355	0.579450001033924	0.016626992390972508	
LIPT1	0.9312803461391309	0.034359826930434496	0.034359826930434496	
AL162231.1	0.5989580573836812	0.38035103500894724	0.02069090760737156	
MIB2	0.023625084922728235	0.023625084922728235	0.9527498301545435	
PTGS1	0.009708737864077669	0.009708737864077669	0.9805825242718447	
CRTC1	0.9282476625661367	0.03587616871693164	0.03587616871693164	
SH3BP2	0.013892093229619946	0.013892093229619946	0.97221581354076	
DEPDC5	0.015923383142522913	0.418874845942435	0.565201770915042	
MFSD6	0.02485593381977791	0.02485593381977791	0.9502881323604442	
C2orf88	0.010661746273086452	0.010661746273086452	0.9786765074538271	
GOLGA3	0.01434867937020555	0.40072862086325434	0.5849226997665401	
LZTFL1	0.9260309549714462	0.03698452251427687	0.03698452251427687	
STMN3	0.9566727989148981	0.021663600542550936	0.021663600542550936	
PRICKLE1	0.9702995749050479	0.014850212547476	0.014850212547476	
ELMOD3	0.02797807620179257	0.02797807620179257	0.9440438475964148	
EEFSEC	0.5143849051449046	0.46636134636129384	0.019253748493801386	
ASPHD2	0.006704671352930068	0.5326316287718103	0.46066369987525974	
CAMK1D	0.028647225327214774	0.028647225327214774	0.9427055493455704	
GMIP	0.015518513472194932	0.015518513472194932	0.9689629730556101	
ZNRF1	0.013421449078370784	0.4377851633929432	0.548793387528686	
KCNN4	0.006221064204431472	0.6283274846475786	0.3654514511479899	
EYA2	0.012456976337899496	0.012456976337899496	0.975086047324201	
ELP3	0.9296382828773552	0.03518085856132237	0.03518085856132237	
SOX5	0.9735680267866685	0.013215986606665729	0.013215986606665729	
NELFA	0.8018415633090136	0.1554513641896703	0.04270707250131602	
SERPINA1	0.9736365794149616	0.013181710292519164	0.013181710292519164	
GSDMB	0.010363630471698504	0.2771415967338908	0.7124947727944106	
GLTP	0.014289350280528119	0.3767320849576135	0.6089785647618584	
AC098487.1	0.4400479028203371	0.5482341973001258	0.011717899879537095	
SMOX	0.9540637007949977	0.022968149602501157	0.022968149602501157	
MLLT3	0.9144368769043935	0.042781561547803236	0.042781561547803236	
CCNO	0.006965293754878277	0.28954003700241565	0.703494669242706	
PLIN5	0.0098111312734858	0.0098111312734858	0.9803777374530284	
COL15A1	0.9805825242718447	0.009708737864077669	0.009708737864077669	
CAST	0.02218882152629811	0.24816246075938783	0.7296487177143139	
ME2	0.021602761965819908	0.021602761965819908	0.9567944760683601	
HOXA-AS2	0.943792140734812	0.02810392963259398	0.02810392963259398	
DEPDC1B	0.29411750880558574	0.698962074614077	0.006920416580337396	
ATP2C2	0.025375141790790992	0.025375141790790992	0.9492497164184179	
ZC3H6	0.9345764787676747	0.03271176061616262	0.03271176061616262	
MPV17	0.9193264535755008	0.040336773212249585	0.040336773212249585	
TPM3	0.02910855675512948	0.02910855675512948	0.941782886489741	
RNASE4	0.9483590372336603	0.025820481383169832	0.025820481383169832	
CCNE2	0.007735285594974613	0.4694010482629214	0.522863666142104	
LIN7A	0.9660605086746539	0.01696974566267307	0.01696974566267307	
LINC01006	0.92705242610849	0.036473786945754975	0.036473786945754975	
PLVAP	0.9746352436834855	0.012682378158257216	0.012682378158257216	
KLHL17	0.014744590525813525	0.2149175152189112	0.7703378942552753	
TPP1	0.9224303754294164	0.03878481228529178	0.03878481228529178	
OARD1	0.44418593812472346	0.5349279077052846	0.020886154169991927	
MORN4	0.951515283435885	0.024242358282057473	0.024242358282057473	
SH3GLB2	0.008315296743866945	0.6880298681386088	0.3036548351175243	
ATG4D	0.017226484675335933	0.07221363609253754	0.9105598792321266	
SNHG8	0.9329973394895763	0.0335013302552118	0.0335013302552118	
FYB1	0.009893202028460996	0.009893202028460996	0.9802135959430781	
LONRF3	0.019354042326000596	0.019354042326000596	0.9612919153479988	
NOD2	0.9687420366218502	0.01562898168907491	0.01562898168907491	
MAVS	0.017027046575279405	0.11171765511349215	0.8712552983112285	
HES2	0.005662462583699136	0.5719087209536127	0.42242881646268815	
ENPP2	0.9687699101356158	0.015615044932192103	0.015615044932192103	
ANKRD46	0.9294135094046893	0.035293245297655325	0.035293245297655325	
CTF1	0.9587108631761425	0.020644568411928698	0.020644568411928698	
PPP4R1	0.017957973261377557	0.4366401869573298	0.5454018397812925	
RUNDC1	0.024790875743047922	0.024790875743047922	0.9504182485139041	
HAND2-AS1	0.9717638468081099	0.014118076595945037	0.014118076595945037	
TMED1	0.358382018288055	0.6272023184990887	0.014415663212856204	
C4orf33	0.026193690553998845	0.026193690553998845	0.9476126188920022	
PNPLA6	0.018134727491386688	0.018134727491386688	0.9637305450172265	
HEBP1	0.9170248586949258	0.041487570652537095	0.041487570652537095	
FHOD1	0.020753051718880568	0.020753051718880568	0.9584938965622388	
TLR2	0.9624247810143075	0.018787609492846222	0.018787609492846222	
CYB561D1	0.014407131099116809	0.014407131099116809	0.9711857378017663	
SNHG7	0.9444060925775101	0.027796953711244913	0.027796953711244913	
ZNF880	0.946819487896389	0.02659025605180545	0.02659025605180545	
AKAP12	0.9757821981049498	0.012108900947525075	0.012108900947525075	
DNAAF4	0.9573539527499643	0.021323023625017836	0.021323023625017836	
UNC119	0.9241558059051513	0.03792209704742431	0.03792209704742431	
ITM2A	0.9621793604246605	0.01891031978766978	0.01891031978766978	
MAP4K5	0.030521977085529065	0.030521977085529065	0.9389560458289418	
CBR3	0.016719359528904642	0.016719359528904642	0.9665612809421907	
ZNF793-AS1	0.420445709434244	0.5689972870071918	0.01055700355856419	
FLRT2	0.9792245832410716	0.01038770837946415	0.01038770837946415	
EFNB2	0.015786288467050096	0.015786288467050096	0.9684274230658998	
PLS3	0.9635284961506301	0.018235751924684965	0.018235751924684965	
AL359513.1	0.47484052489916867	0.5144260287992257	0.010733446301605621	
PARP10	0.024409994097619084	0.024409994097619084	0.9511800118047617	
AL050341.2	0.9266464470291494	0.03667677648542525	0.03667677648542525	
PRAF2	0.9402262679435485	0.029886866028225736	0.029886866028225736	
HBP1	0.9467637641672476	0.026618117916376163	0.026618117916376163	
TEF	0.015496349294928161	0.015496349294928161	0.9690073014101437	
NACC2	0.014485527298089702	0.014485527298089702	0.9710289454038206	
VIM-AS1	0.9626036931542019	0.018698153422899044	0.018698153422899044	
FANCL	0.9298627363483384	0.035068631825830754	0.035068631825830754	
CDK11B	0.020591884195929677	0.31651396694332834	0.6628941488607418	
TNFRSF10A	0.020806403852253172	0.020806403852253172	0.9583871922954936	
ZNF710	0.023897101365830356	0.023897101365830356	0.9522057972683392	
SIAH1	0.20822476872667153	0.7812628155291692	0.010512415744159332	
MYO9A	0.030486136391238296	0.030486136391238296	0.9390277272175234	
AC004540.1	0.9557061368518246	0.02214693157408769	0.02214693157408769	
KBTBD3	0.9176023491097468	0.041198825445126555	0.041198825445126555	
BHLHE40	0.9631800768111469	0.018409961594426504	0.018409961594426504	
ARHGEF37	0.00947750691166271	0.37044882339738167	0.6200736696909556	
TMEM106A	0.9401920561163126	0.02990397194184365	0.02990397194184365	
TNNC1	0.816699246958621	0.16962352172327047	0.01367723131810849	
MIR29B2CHG	0.014266944557542311	0.014266944557542311	0.9714661108849153	
IL17RA	0.02520979039930982	0.02520979039930982	0.9495804192013804	
MYH9	0.028553115574873115	0.028553115574873115	0.9428937688502538	
IGFBP5	0.972883729816578	0.013558135091710964	0.013558135091710964	
GRK3	0.9506275304695515	0.02468623476522424	0.02468623476522424	
CLCN5	0.9417666587933974	0.02911667060330126	0.02911667060330126	
ZBTB7C	0.01138163414653958	0.39534669105900183	0.5932716747944586	
STK38	0.035245888106936775	0.035245888106936775	0.9295082237861264	
AC097634.1	0.01148519084794204	0.01148519084794204	0.9770296183041159	
MRNIP	0.9186722765009272	0.04066386174953635	0.04066386174953635	
NPY1R	0.012052130257915114	0.012052130257915114	0.9758957394841697	
GPX8	0.8265204088724825	0.16020776163433703	0.01327182949318054	
INPP1	0.02872144438469351	0.02872144438469351	0.9425571112306129	
GRAMD4	0.01871322757459035	0.01871322757459035	0.9625735448508193	
PPP1R13B	0.02592969877672819	0.02592969877672819	0.9481406024465435	
ETV6	0.029976827438763683	0.029976827438763683	0.9400463451224725	
RHBDL2	0.012758993381621382	0.012758993381621382	0.9744820132367572	
ZBTB4	0.9347026002781728	0.03264869986091357	0.03264869986091357	
TNS4	0.005297263180304624	0.4596791556089284	0.535023581210767	
DCXR	0.011976847867860838	0.5749603154348609	0.41306283669727817	
PGM2L1	0.01938312533281948	0.01938312533281948	0.9612337493343611	
DCDC2	0.9522927305882873	0.02385363470585633	0.02385363470585633	
ZMAT1	0.9456351418835836	0.027182429058208224	0.027182429058208224	
MOXD1	0.9740502106236618	0.012974894688169106	0.012974894688169106	
HK2	0.016043421064609317	0.12417946021249768	0.859777118722893	
KIAA1841	0.02362772889978836	0.02362772889978836	0.9527445422004233	
CPNE5	0.011192654295888367	0.011192654295888367	0.9776146914082232	
TRAK2	0.026726719579051518	0.026726719579051518	0.9465465608418969	
BX255925.3	0.02065510723770337	0.02065510723770337	0.9586897855245933	
MICAL2	0.022010804890676246	0.022010804890676246	0.9559783902186475	
SLCO4A1	0.006097117336390184	0.37809403168820116	0.6158088509754086	
ANXA6	0.9597107017542196	0.02014464912289022	0.02014464912289022	
DIRAS3	0.9648290532834878	0.017585473358256106	0.017585473358256106	
AHNAK	0.015457255013475966	0.2111294436036001	0.7734133013829239	
COX5B	0.024658942433120102	0.18128173097080189	0.794059326596078	
PPP1R14C	0.020498522999025177	0.020498522999025177	0.9590029540019496	
EHMT1	0.020219288268075914	0.40496259863956324	0.5748181130923609	
SLC7A9	0.9784106463017209	0.010794676849139503	0.010794676849139503	
COL4A1	0.9716663003796645	0.014166849810167734	0.014166849810167734	
SPINK2	0.013406339915641469	0.013406339915641469	0.973187320168717	
GATM	0.9659324367569126	0.01703378162154364	0.01703378162154364	
GLRB	0.9755131732259866	0.012243413387006656	0.012243413387006656	
NSMF	0.01526627288148927	0.01526627288148927	0.9694674542370214	
KIAA0895L	0.026467551845292158	0.026467551845292158	0.9470648963094156	
PCDH17	0.9793909803796311	0.010304509810184404	0.010304509810184404	
SMC6	0.025476329944374272	0.025476329944374272	0.9490473401112514	
VCL	0.025097080911537114	0.025097080911537114	0.9498058381769258	
ROR2	0.96482610166591	0.017586949167044987	0.017586949167044987	
BMX	0.009708737864077669	0.009708737864077669	0.9805825242718447	
AC007383.2	0.9476982971599827	0.02615085142000866	0.02615085142000866	
SLC35G1	0.022603589192557425	0.022603589192557425	0.9547928216148851	
SLMAP	0.03588583080931854	0.03588583080931854	0.9282283383813629	
SKP2	0.4067953575385952	0.5806647030182881	0.012539939443116717	
QTRT1	0.028149010848618653	0.028149010848618653	0.9437019783027626	
MED28	0.7243861511178515	0.24126793272311794	0.034345916159030584	
SFT2D2	0.02933588045625455	0.02933588045625455	0.9413282390874909	
ZNF330	0.9137740955588398	0.04311295222058004	0.04311295222058004	
TMEM86B	0.9467430378493786	0.02662848107531068	0.02662848107531068	
GOT1	0.017375881897059194	0.35553420277729975	0.6270899153256412	
LDB2	0.9774525954506347	0.01127370227468268	0.01127370227468268	
SIPA1L2	0.028751930069551086	0.028751930069551086	0.9424961398608978	
RMND1	0.45473271583036595	0.5277082436757867	0.017559040493847326	
PEAK1	0.03140379779078382	0.03140379779078382	0.9371924044184323	
LYPD6	0.9567553070519327	0.021622346474033615	0.021622346474033615	
TTC13	0.02737305805483473	0.02737305805483473	0.9452538838903305	
EHBP1L1	0.018247719384016814	0.018247719384016814	0.9635045612319664	
CCNYL1	0.011207543795522492	0.2805233582912835	0.708269097913194	
RAB3D	0.9280534752310491	0.03597326238447542	0.03597326238447542	
GTF2IRD1	0.9365503893362922	0.03172480533185388	0.03172480533185388	
GABRA2	0.9705768230466533	0.014711588476673376	0.014711588476673376	
CENPX	0.009680891629847886	0.6573846421129759	0.3329344662571764	
GEN1	0.01548306166226099	0.20684270896986462	0.7776742293678743	
MRPL34	0.015961338230875557	0.3630098399539102	0.6210288218152143	
GBA2	0.02034888181196606	0.1502239388403037	0.8294271793477302	
LRRC61	0.3851543526886873	0.6025668964237214	0.012278750887591386	
AXIN1	0.022525804434446007	0.19529172540319303	0.7821824701623609	
AC009133.1	0.012322379577196306	0.012322379577196306	0.9753552408456073	
TCIM	0.009708737864077669	0.009708737864077669	0.9805825242718447	
TAOK2	0.0245289268766303	0.0245289268766303	0.9509421462467393	
LIMD1	0.013223312680716666	0.5319276920282751	0.4548489952910084	
TMEM44	0.024535852078215847	0.024535852078215847	0.9509282958435683	
CTTNBP2NL	0.0248955964456505	0.24021743242448612	0.7348869711298633	
PTTG1	0.3940765954330094	0.5961732146128862	0.009750189954104383	
NEURL1B	0.015595922548156142	0.015595922548156142	0.9688081549036877	
ANXA1	0.008511533585882343	0.4254682687609207	0.566020197653197	
ZNF691	0.9463355982050201	0.02683220089748991	0.02683220089748991	
CLNS1A	0.9240154134696474	0.03799229326517629	0.03799229326517629	
PITPNC1	0.014401333818602851	0.014401333818602851	0.9711973323627943	
PEX14	0.4569287736273375	0.5205749956492651	0.02249623072339735	
KPNA2	0.4945760630251159	0.4837791390051281	0.021644797969755943	
IL1RAP	0.24973631812147784	0.7422659867071435	0.007997695171378744	
AP3S2	0.02196804298759094	0.26799452860146283	0.7100374284109462	
FGGY	0.9171965249568073	0.04140173752159636	0.04140173752159636	
SPINK5	0.006961299894946202	0.5873663736805648	0.40567232642448897	
NAT14	0.9548044016305011	0.02259779918474945	0.02259779918474945	
ASB13	0.018470447119676516	0.018470447119676516	0.9630591057606469	
SLCO4C1	0.962964050155393	0.018517974922303494	0.018517974922303494	
ZMAT3	0.019431256578200384	0.019431256578200384	0.9611374868435992	
C4BPB	0.010997477086100691	0.010997477086100691	0.9780050458277986	
ZNF83	0.32535030852323504	0.66399455263971	0.010655138837055015	
WDR55	0.017214437649429974	0.4667719783171959	0.5160135840333742	
ZNF154	0.9716616632436639	0.014169168378168076	0.014169168378168076	
NDOR1	0.01598062596197498	0.2636316053185729	0.7203877687194521	
MTHFD2	0.020694182312815126	0.020694182312815126	0.9586116353743697	
TAOK3	0.03042067512933433	0.03042067512933433	0.9391586497413313	
GGA1	0.02623614206950722	0.02623614206950722	0.9475277158609855	
PSTPIP1	0.9694605904430129	0.015269704778493516	0.015269704778493516	
PDE6A	0.012017346253145813	0.33831852063423934	0.6496641331126147	
TUBB2B	0.9522742632843718	0.023862868357814086	0.023862868357814086	
ADAP1	0.024324904602306543	0.024324904602306543	0.9513501907953869	
NINJ1	0.9387972863444215	0.030601356827789195	0.030601356827789195	
FUNDC1	0.9226042572005062	0.0386978713997469	0.0386978713997469	
ACAP2	0.0354740348965244	0.0354740348965244	0.9290519302069511	
FAM126B	0.023389117165891433	0.023389117165891433	0.9532217656682171	
PRKCQ	0.9553707762939943	0.022314611853002864	0.022314611853002864	
PCCA	0.027736516678457064	0.027736516678457064	0.9445269666430858	
CD2AP	0.032789323202625204	0.032789323202625204	0.9344213535947495	
AMOT	0.27404911193051434	0.7172348530375867	0.00871603503189896	
RGL1	0.9586608662979822	0.02066956685100887	0.02066956685100887	
TLN1	0.030577925910843736	0.030577925910843736	0.9388441481783125	
NRXN1	0.9715467040337359	0.014226647983132066	0.014226647983132066	
WDR5B	0.938605923256073	0.030697038371963477	0.030697038371963477	
METTL23	0.9113158379954914	0.04434208100225422	0.04434208100225422	
KPNA5	0.9300713934421556	0.034964303278922186	0.034964303278922186	
DOCK1	0.01680204597937257	0.46635898172920087	0.5168389722914265	
SMTN	0.9357089926587445	0.0321455036706277	0.0321455036706277	
PIK3AP1	0.019998926909542036	0.019998926909542036	0.9600021461809161	
GFOD2	0.01168081931022222	0.5939602366200258	0.39435894406975197	
WIPF3	0.9452022003946701	0.027398899802664918	0.027398899802664918	
AAAS	0.6688933013216994	0.30281985199119654	0.028286846687104097	
ANXA9	0.9604834675832115	0.01975826620839423	0.01975826620839423	
FREM2	0.9555546922060782	0.03091286121471136	0.013532446579210405	
CRABP2	0.5572124480377543	0.43175982817241415	0.011027723789831563	
IFT22	0.9285712709999799	0.03571436450001002	0.03571436450001002	
RPS29	0.6620297959027268	0.31547383594294953	0.02249636815432363	
CCDC69	0.968653432441771	0.015673283779114446	0.015673283779114446	
CMBL	0.021100976900512228	0.021100976900512228	0.9577980461989755	
GLS	0.9479482130496046	0.02602589347519766	0.02602589347519766	
THOP1	0.0077324196230280215	0.6775460200425734	0.3147215603343987	
MTF1	0.02230024558602979	0.02230024558602979	0.9553995088279403	
PARP9	0.022614374817949694	0.022614374817949694	0.9547712503641006	
ABHD11	0.010562331175125929	0.6545753389804826	0.33486232984439146	
RASEF	0.0150835997257298	0.49148640336080945	0.4934299969134608	
FAM3C	0.3387104068785152	0.6470226483058952	0.014266944815589568	
ARMC7	0.01917894868763093	0.2710558547675733	0.7097651965447959	
CPTP	0.013143202971322295	0.41240977076510715	0.5744470262635706	
STAT6	0.03007338889448877	0.03007338889448877	0.9398532222110224	
TOM1L2	0.015778392844868004	0.16339515263875865	0.8208264545163734	
FAM161A	0.5531595644054806	0.4318875817953457	0.014952853799173655	
CREB3L2	0.28848634002869517	0.7012005998787822	0.010313060092522554	
ZNF416	0.9420632352000581	0.02896838239997095	0.02896838239997095	
ZNF503-AS2	0.009708737864077669	0.009708737864077669	0.9805825242718447	
PHKG2	0.01445948398915704	0.4651512453685684	0.5203892706422746	
MAP2K6	0.03368777597034138	0.03368777597034138	0.9326244480593172	
EP400	0.03043601794391975	0.09979255998338116	0.8697714220726991	
JMY	0.9332485499374372	0.033375725031281354	0.033375725031281354	
PET117	0.2864022416300697	0.6992301038908026	0.014367654479127558	
SPATA7	0.9285532322532803	0.035723383873359806	0.035723383873359806	
ARL15	0.8133765085402257	0.15905908324347512	0.02756440821629908	
DZIP3	0.93115362008844	0.034423189955779976	0.034423189955779976	
HNRNPAB	0.01642210019377987	0.285462100920768	0.698115798885452	
CKLF	0.01893041224707173	0.01893041224707173	0.9621391755058565	
CBR1	0.013616485719691299	0.37969316611886084	0.606690348161448	
ZBED8	0.9457345609806883	0.027132719509655807	0.027132719509655807	
SLC43A3	0.9581495213774764	0.02092523931126175	0.02092523931126175	
PMEPA1	0.013013627817562537	0.013013627817562537	0.9739727443648749	
RNPEPL1	0.020969225789293323	0.020969225789293323	0.9580615484214133	
ZC3HAV1	0.0196760761888116	0.0196760761888116	0.9606478476223768	
ARHGAP45	0.014045540106212184	0.3848130706705829	0.6011413892232048	
TIFA	0.6552199661067118	0.32271280867935404	0.022067225213933978	
IGHA1	0.009708737864077669	0.009708737864077669	0.9805825242718447	
TPM4	0.025922420794458112	0.025922420794458112	0.9481551584110838	
TMEM185B	0.9331904637304883	0.03340476813475583	0.03340476813475583	
FAM215B	0.01631073088873977	0.01631073088873977	0.9673785382225204	
NFATC2IP	0.02494832392083569	0.16618186734021137	0.8088698087389531	
ZNF501	0.9393288443309054	0.030335577834547302	0.030335577834547302	
MAPK10	0.972554688107423	0.01372265594628851	0.01372265594628851	
WFDC3	0.009708737864077669	0.009708737864077669	0.9805825242718447	
FABP3	0.9672443666743702	0.016377816662814914	0.016377816662814914	
WDR33	0.5794530886874384	0.3953431970930145	0.02520371421954716	
NPAS2	0.018544376769389716	0.018544376769389716	0.9629112464612205	
LRG1	0.02644271576757166	0.02644271576757166	0.9471145684648566	
MGLL	0.011984192256831724	0.10304011045062504	0.8849756972925432	
USP35	0.015106164873354757	0.015106164873354757	0.9697876702532905	
ZNF229	0.9673542880658191	0.016322855967090415	0.016322855967090415	
ARHGAP10	0.6877562950043116	0.30137603521617445	0.010867669779513922	
RNF31	0.01897964726230865	0.2779447213118791	0.7030756314258123	
KIF20A	0.42123469504604144	0.5706823692755139	0.008082935678444798	
ABCC3	0.027225880685189996	0.027225880685189996	0.94554823862962	
THAP8	0.9451469760071884	0.02742651199640576	0.02742651199640576	
AC015712.2	0.013868803191607148	0.013868803191607148	0.9722623936167857	
PIP5K1C	0.0278839457470852	0.0278839457470852	0.9442321085058295	
BACE1	0.9346008903924908	0.03269955480375453	0.03269955480375453	
SOD1	0.013017931601998253	0.5337715216424752	0.4532105467555266	
MGAT4B	0.01873984567858036	0.11136677651740212	0.8698933778040174	
ACAP1	0.9518408654889062	0.024079567255546865	0.024079567255546865	
AMT	0.9411359410364967	0.02943202948175163	0.02943202948175163	
C4orf46	0.9340627332182064	0.03296863339089677	0.03296863339089677	
SLC11A1	0.9429286260881502	0.028535686955924858	0.028535686955924858	
MEF2A	0.030955416627440748	0.030955416627440748	0.9380891667451184	
LUZP1	0.029390987988392202	0.029390987988392202	0.9412180240232155	
SOCS4	0.020563171914566743	0.020563171914566743	0.9588736561708665	
NAB2	0.9582345657892145	0.02088271710539271	0.02088271710539271	
DGCR8	0.011240062777323033	0.5931828972381096	0.39557703998456734	
EMC2	0.9175796904006119	0.041210154799694004	0.041210154799694004	
SLC25A39	0.017447588800606158	0.4155242835864765	0.5670281276129174	
RNF144A	0.017724061587387242	0.017724061587387242	0.9645518768252255	
RPL37	0.685712250392944	0.28272929659560175	0.03155845301145417	
PARP4	0.030293722337070016	0.030293722337070016	0.9394125553258599	
SOS2	0.023730352805999895	0.27363583122045887	0.7026338159735411	
RAB11FIP4	0.012149382305522939	0.6204627841008895	0.36738783359358756	
IRAK4	0.026741360640330933	0.026741360640330933	0.9465172787193381	
BOLA3-AS1	0.9648419017320273	0.0175790491339863	0.0175790491339863	
TM2D3	0.9010954711532436	0.049452264423378176	0.049452264423378176	
CDK7	0.3073288988856597	0.6806753212817428	0.011995779832597576	
OTULINL	0.03629127609131524	0.03629127609131524	0.9274174478173695	
DEPTOR	0.9309386752017097	0.034530662399145096	0.034530662399145096	
EID3	0.013698494493813924	0.013698494493813924	0.9726030110123721	
MFSD12	0.010766770952823489	0.5487877054660901	0.44044552358108646	
BTN3A3	0.013935574908908132	0.013935574908908132	0.9721288501821838	
ABCC5	0.010589331640205523	0.010589331640205523	0.9788213367195889	
SLC52A2	0.019463862716986743	0.3230841800629196	0.6574519572200936	
FRMD4B	0.018666176220981	0.018666176220981	0.962667647558038	
SHANK3	0.9718274438472254	0.014086278076387284	0.014086278076387284	
PKIB	0.006413094798915313	0.6477225746904466	0.34586433051063803	
CNIH3	0.9426415229314962	0.028679238534251875	0.028679238534251875	
TIAM1	0.006995015934718228	0.4718151479914786	0.5211898360738032	
ZBP1	0.009708737864077669	0.009708737864077669	0.9805825242718447	
USP45	0.02887522335282884	0.06537186287903356	0.9057529137681376	
EIF1B	0.9166070311427335	0.04169648442863324	0.04169648442863324	
UBFD1	0.5284583092017469	0.45149726073509483	0.020044430063158303	
MAGEF1	0.4706272978420783	0.5120323827055876	0.017340319452334146	
MKRN2	0.525124119104166	0.4511990154539583	0.0236768654418756	
NAPG	0.0366079786493902	0.08469580404576785	0.8786962173048419	
MAGIX	0.025850193015525234	0.025850193015525234	0.9482996139689495	
SLC12A4	0.5370165697918063	0.4535598283437372	0.009423601864456463	
RBMS3	0.9730427721551372	0.01347861392243138	0.01347861392243138	
FASN	0.008340931586516408	0.48092026201071414	0.5107388064027695	
CDKL3	0.942169732044517	0.028915133977741453	0.028915133977741453	
PKP2	0.007261043107958198	0.7214260196961313	0.2713129371959105	
LHPP	0.5469018337087672	0.4280621982466931	0.02503596804453965	
NBDY	0.4004833090599207	0.5827158743403433	0.016800816599735997	
ASAP3	0.007641013657004619	0.6211687067935122	0.37119027954948325	
NR2F6	0.010484276866435695	0.6104813747593133	0.379034348374251	
ZNF608	0.9331434440885337	0.03342827795573312	0.03342827795573312	
ANKRD52	0.016385560453756182	0.30000201351249245	0.6836124260337513	
RPS6KB2	0.016193102523431306	0.5186317906011652	0.4651751068754036	
ADAMTS1	0.9758568089619828	0.0120715955190086	0.0120715955190086	
RASGRP1	0.966752841781573	0.01662357910921351	0.01662357910921351	
ZNF354A	0.010632652310054762	0.5118658387989286	0.47750150889101667	
RBM20	0.010302013650289151	0.18096570735906406	0.8087322789906467	
ACOT4	0.010621967525770597	0.4801451660422927	0.5092328664319368	
MCRIP2	0.011049605257006528	0.6667548894583006	0.3221955052846928	
SLC9A7	0.9515651791420482	0.024217410428975863	0.024217410428975863	
UBE2J1	0.01905112025879055	0.5188711408368936	0.46207773890431586	
IGKC	0.009708737864077669	0.009708737864077669	0.9805825242718447	
KLHL31	0.005835058864384597	0.5385271200620209	0.45563782107359463	
S100A6	0.020981528334789553	0.020981528334789553	0.9580369433304209	
AEN	0.012843503310212482	0.19947504941434832	0.7876814472754392	
PROSER2	0.49692370256635765	0.4873146839385288	0.015761613495113465	
PSMD6-AS2	0.01290045351135816	0.029882660077301382	0.9572168864113405	
CCDC68	0.01941384232437575	0.01941384232437575	0.9611723153512485	
ANXA4	0.3541552759111092	0.6340813957765508	0.011763328312340084	
PCYT1A	0.03207766952311301	0.03207766952311301	0.9358446609537739	
ATP5F1D	0.028892444491882396	0.028892444491882396	0.9422151110162351	
PLEC	0.01449984162778604	0.07610018647886373	0.9093999718933502	
B2M	0.017539886763178036	0.017539886763178036	0.964920226473644	
GMPPB	0.0296547460781582	0.0296547460781582	0.9406905078436836	
SETX	0.024992408445057814	0.024992408445057814	0.9500151831098843	
HMGB2	0.6345772256888462	0.34810204306343834	0.017320731247715278	
TMEM19	0.02356002427448924	0.02356002427448924	0.9528799514510214	
LPAR5	0.914050451916974	0.042974774041513	0.042974774041513	
AMN1	0.9392305473606599	0.030384726319670024	0.030384726319670024	
C6orf163	0.01533312848985607	0.01533312848985607	0.9693337430202879	
ZNF84	0.915145612065092	0.042427193967453924	0.042427193967453924	
FAHD2B	0.9266255981702708	0.03668720091486458	0.03668720091486458	
PEX11A	0.02537987818842091	0.06366617816736386	0.9109539436442153	
DHDDS	0.021441138010243145	0.21646097924498023	0.7620978827447766	
DNAJC11	0.016877854385390138	0.3709427715140927	0.612179374100517	
DARS	0.6456289789549872	0.3262749428156226	0.02809607822939023	
KATNAL2	0.015051941493084248	0.015051941493084248	0.9698961170138315	
ARL4C	0.9587366033177611	0.02063169834111943	0.02063169834111943	
CXCL12	0.9612716581489947	0.019364170925502595	0.019364170925502595	
MYEOV	0.009987691693705713	0.009987691693705713	0.9800246166125887	
CYB561A3	0.015813548175589668	0.32502136089188144	0.6591650909325288	
ZNF423	0.9448551869829457	0.027572406508527145	0.027572406508527145	
NEK2	0.39159156488107755	0.6002051522498683	0.00820328286905426	
SNTB2	0.02459639867265186	0.02459639867265186	0.9508072026546962	
CISD3	0.02508657695913176	0.02508657695913176	0.9498268460817364	
FBXW5	0.017630788603040737	0.33422311688806927	0.64814609450889	
CDKN1B	0.9199510096537018	0.040024495173149065	0.040024495173149065	
VANGL1	0.021279949776205224	0.021279949776205224	0.9574401004475895	
PCNX3	0.013312110132079133	0.24697241602155082	0.73971547384637	
LINC01637	0.02533575953701243	0.02533575953701243	0.9493284809259751	
LAMA1	0.008626826950620494	0.12006365103670942	0.87130952201267	
PARP14	0.025043177866610852	0.025043177866610852	0.9499136442667783	
DPP3	0.026388766646729126	0.026388766646729126	0.9472224667065418	
RTCA-AS1	0.9489297625825494	0.025535118708725317	0.025535118708725317	
SFN	0.007960249508171643	0.18805455016649233	0.8039852003253359	
CNPY3	0.9228638325012133	0.0385680837493934	0.0385680837493934	
PGP	0.016405599059349907	0.3523942878768964	0.6312001130637536	
IGF2BP2	0.2897643992488248	0.694816378035139	0.015419222716036289	
POLE	0.024256149357664934	0.12342573921931674	0.8523181114230184	
SCRN2	0.9174705282170467	0.041264735891476625	0.041264735891476625	
WWC3	0.00927465310454394	0.4201863961035663	0.5705389507918898	
VPS13A	0.029882449732138338	0.029882449732138338	0.9402351005357232	
NHS	0.6723412063337245	0.31241795675428286	0.015240836911992612	
ACSL3	0.021490661913706306	0.021490661913706306	0.9570186761725874	
TMEM200A	0.9646527700229304	0.01767361498853478	0.01767361498853478	
AREL1	0.02667311008548509	0.02667311008548509	0.9466537798290298	
TMEM150C	0.007298296630799488	0.25557374365845226	0.7371279597107483	
N4BP3	0.005306951515107288	0.5360021030258362	0.4586909454590566	
POLR1D	0.5033935345754148	0.4684400198449566	0.02816644557962849	
MFSD13A	0.019464159908517305	0.15338733633382967	0.827148503757653	
JAML	0.9541617619706096	0.022919119014695184	0.022919119014695184	
IFI30	0.9638889578860173	0.01805552105699134	0.01805552105699134	
MMP15	0.008610517000896581	0.6465442214370895	0.34484526156201395	
CCDC51	0.6203869698636258	0.3582130620245709	0.021399968111803256	
SMIM30	0.9239925026167111	0.03800374869164442	0.03800374869164442	
PSMB8-AS1	0.018015488673788292	0.018015488673788292	0.9639690226524233	
ABCG2	0.005581279519278775	0.43070948903356493	0.5637092314471563	
SYNC	0.012056086116296763	0.012056086116296763	0.9758878277674065	
CAPN15	0.02022544153462894	0.02022544153462894	0.9595491169307421	
THG1L	0.923366611069033	0.03831669446548355	0.03831669446548355	
ZNF665	0.9405184263025429	0.029740786848728534	0.029740786848728534	
ZNF124	0.025415831251648553	0.025415831251648553	0.9491683374967028	
PYCARD	0.022335486426084437	0.022335486426084437	0.9553290271478311	
MAT2B	0.9101008308790989	0.04494958456045049	0.04494958456045049	
EML3	0.027456927752741625	0.027456927752741625	0.9450861444945167	
ALDH1A1	0.9322409911225628	0.03387950443871859	0.03387950443871859	
CD14	0.01380918413811005	0.01380918413811005	0.9723816317237799	
NR3C1	0.9307905637785671	0.03460471811071642	0.03460471811071642	
AQP3	0.9592265146266474	0.020386742686676264	0.020386742686676264	
BBS10	0.9421013900990509	0.028949304950474524	0.028949304950474524	
NRM	0.742205461021314	0.23847412360854683	0.019320415370139087	
MAST2	0.022884998580373964	0.022884998580373964	0.9542300028392521	
RNF152	0.015518039965350118	0.015518039965350118	0.9689639200692998	
AC105942.1	0.012203853899123604	0.012203853899123604	0.9755922922017528	
SMG6	0.02728470849900397	0.02728470849900397	0.945430583001992	
PTGER4	0.019535296825495308	0.019535296825495308	0.9609294063490094	
SCYL2	0.018360926300357235	0.5018897749985729	0.47974929870106986	
RPS6KA1	0.029348460307772602	0.029348460307772602	0.9413030793844548	
GNAO1	0.9628736497805095	0.018563175109745266	0.018563175109745266	
HRH1	0.013868212521480976	0.013868212521480976	0.972263574957038	
GK5	0.03223361522768862	0.03223361522768862	0.9355327695446227	
BBS12	0.9521787813142009	0.023910609342899524	0.023910609342899524	
EFHC2	0.010111632543268675	0.010111632543268675	0.9797767349134626	
ZNF772	0.8265241674883026	0.1539725980674329	0.0195032344442645	
MBNL1	0.030998639342452516	0.030998639342452516	0.9380027213150949	
LRRN2	0.009974232314413457	0.009974232314413457	0.9800515353711732	
ADCY9	0.015770358222148607	0.015770358222148607	0.9684592835557028	
UBXN7	0.9069384706584463	0.04653076467077678	0.04653076467077678	
PCDH18	0.9746265778106004	0.01268671109469979	0.01268671109469979	
GNA11	0.011723341368544795	0.4529273253058208	0.5353493333256344	
NQO1	0.013190684425355842	0.013190684425355842	0.9736186311492883	
ZNF766	0.5861304379728005	0.39039701237232455	0.02347254965487491	
FAM192A	0.02180784230605211	0.3638768565086519	0.614315301185296	
SFI1	0.9326900241333976	0.033654987933301156	0.033654987933301156	
RABAC1	0.029679230519147684	0.029679230519147684	0.9406415389617045	
KITLG	0.023156459579451526	0.023156459579451526	0.9536870808410969	
ZCCHC24	0.9603146534441551	0.019842673277922437	0.019842673277922437	
UPP1	0.00705624889448129	0.4394268667898157	0.553516884315703	
NCF4	0.014035089150452037	0.014035089150452037	0.9719298216990959	
TIGAR	0.012882968563820632	0.09493840631257201	0.8921786251236073	
OASL	0.009708737864077669	0.009708737864077669	0.9805825242718447	
IRAK1	0.018495905816733074	0.018495905816733074	0.9630081883665338	
LRMP	0.011350733591543889	0.011350733591543889	0.9772985328169123	
DGKE	0.014615905495423685	0.014615905495423685	0.9707681890091526	
ATP13A2	0.014063234857875357	0.20279831766269316	0.7831384474794315	
TMEM38A	0.018054687941509374	0.018054687941509374	0.9638906241169812	
BANP	0.3222418545264645	0.6650614899471846	0.012696655526350773	
FAM81A	0.011429591604163786	0.18795385812983226	0.8006165502660039	
JDP2	0.019081861548994546	0.019081861548994546	0.9618362769020109	
MKNK1	0.03620901073202423	0.03620901073202423	0.9275819785359515	
AGFG2	0.029951547103395947	0.029951547103395947	0.940096905793208	
PIK3CG	0.009708737864077669	0.009708737864077669	0.9805825242718447	
ZNF532	0.962284455606715	0.018857772196642437	0.018857772196642437	
LYPD6B	0.9461087084323099	0.026945645783845035	0.026945645783845035	
TRAF7	0.032962058412134225	0.032962058412134225	0.9340758831757315	
CPOX	0.3577502381939286	0.62651465338194	0.01573510842413148	
LSM6	0.5220052906282311	0.45587598779144967	0.022118721580319314	
EFEMP1	0.9666772323669606	0.016661383816519708	0.016661383816519708	
HLA-A	0.019367214621397844	0.019367214621397844	0.9612655707572043	
SESN3	0.946375767422295	0.026812116288852456	0.026812116288852456	
CKAP2L	0.40988352843983805	0.5832624337607776	0.0068540377993844435	
CBL	0.019711756507532124	0.2009853331888223	0.7793029103036457	
SPATA13	0.029204846553342087	0.029204846553342087	0.9415903068933158	
DHCR24	0.013122562082932058	0.41891163102873846	0.5679658068883294	
TWF1	0.019773980027086333	0.5136465453915068	0.46657947458140675	
PIGQ	0.029749190225037078	0.029749190225037078	0.9405016195499258	
PIFO	0.5432853618731855	0.44543755881147495	0.011277079315339581	
ARHGAP32	0.017488049940788574	0.4969916722778065	0.4855202777814049	
AKR1C2	0.013500278196551994	0.013500278196551994	0.9729994436068959	
NIPA2	0.019802001427520043	0.37448029449830755	0.6057177040741724	
ATP1B1	0.026321027340629483	0.026321027340629483	0.947357945318741	
UBA7	0.015576183006167142	0.015576183006167142	0.9688476339876657	
ANGPT2	0.9622853465464787	0.018857326726760635	0.018857326726760635	
MAT2A	0.025036362657506063	0.025036362657506063	0.9499272746849878	
SLC2A1-AS1	0.35841032838555886	0.6328570301115685	0.00873264150287258	
SLC35F6	0.02988770536113806	0.02988770536113806	0.9402245892777238	
SLC25A10	0.018906153901002164	0.29727869988329475	0.683815146215703	
PACSIN2	0.016240390238923524	0.42425736432313454	0.5595022454379418	
BRMS1	0.02149804941093588	0.38059933367714804	0.5979026169119159	
RNMT	0.6061428562223966	0.3671703152939943	0.026686828483609024	
CITED4	0.9533664928039367	0.023316753598031637	0.023316753598031637	
NELL2	0.9623792883212212	0.018810355839389392	0.018810355839389392	
ADGRE5	0.026461183326839808	0.026461183326839808	0.9470776333463203	
SLC52A3	0.2566004331893351	0.7334469313172146	0.009952635493450218	
USP15	0.035845783307217945	0.035845783307217945	0.928308433385564	
KBTBD8	0.011940231465039718	0.13562175785533143	0.8524380106796289	
CA12	0.027868104735510858	0.027868104735510858	0.9442637905289782	
XPNPEP2	0.9746354369579184	0.012682281521040777	0.012682281521040777	
PPP2R3A	0.011545278175189784	0.6275542854681725	0.3609004363566378	
CEBPA-DT	0.2708523896438436	0.7195454148831384	0.009602195473017933	
RPL41	0.9076556169515365	0.0461721915242317	0.0461721915242317	
VPS4B	0.017267496361212574	0.5115606703993315	0.4711718332394559	
LRP8	0.0063477724699621445	0.4339988477394627	0.5596533797905752	
BEX5	0.9593868033569183	0.02030659832154083	0.02030659832154083	
KRT23	0.3431815594234972	0.6503790441002626	0.0064393964762402235	
ZNF136	0.9247578108936602	0.037621094553169886	0.037621094553169886	
RAMP2-AS1	0.9584507819777203	0.020774609011139845	0.020774609011139845	
HEXB	0.24301630593650958	0.7459644768745627	0.011019217188927734	
PLXNA2	0.01818251128741652	0.01818251128741652	0.9636349774251669	
LRFN4	0.0120629251058305	0.0120629251058305	0.975874149788339	
HIP1	0.017499141562820966	0.017499141562820966	0.965001716874358	
ANO10	0.023156195698285247	0.25383888184269904	0.7230049224590157	
ICAM3	0.02737434011623649	0.02737434011623649	0.945251319767527	
HHEX	0.969232916792601	0.015383541603699459	0.015383541603699459	
VIPAS39	0.9142387226031332	0.045833208531156466	0.039928068865710306	
PARP3	0.02460271377589604	0.02460271377589604	0.9507945724482079	
SOD2	0.03280681423279082	0.03280681423279082	0.9343863715344183	
IL4R	0.017133090601447836	0.017133090601447836	0.9657338187971043	
SLC37A2	0.009708737864077669	0.009708737864077669	0.9805825242718447	
AC087623.3	0.011523035423832957	0.3717884697885689	0.6166884947875981	
COTL1	0.012274126270236467	0.545543410424071	0.44218246330569255	
PODXL2	0.02216020047211497	0.11416132040760789	0.8636784791202771	
RARS2	0.6262673117899302	0.3429903268106828	0.030742361399386898	
SDC1	0.007348834078533961	0.74223224193193	0.250418923989536	
BCAP29	0.030060618348668033	0.030060618348668033	0.9398787633026638	
FAAH	0.010845785023903114	0.6927615910229894	0.2963926239531075	
C9orf72	0.934901566897253	0.03254921655137348	0.03254921655137348	
ASCC2	0.017809878474129234	0.4967045269438311	0.4854855945820396	
GJB1	0.9168883114371813	0.04155584428140929	0.04155584428140929	
CHST9	0.9703758386417851	0.014812080679107451	0.014812080679107451	
HERC2	0.04176607140204454	0.04176607140204454	0.916467857195911	
C12orf60	0.9510680338389583	0.024465983080520833	0.024465983080520833	
BAD	0.01168088681757483	0.6170782213021139	0.3712408918803113	
GOLGA8N	0.012401479842509857	0.012401479842509857	0.9751970403149802	
CRBN	0.905654674718973	0.04717266264051349	0.04717266264051349	
CMTM3	0.9622323226678757	0.018883838666062094	0.018883838666062094	
LIPA	0.9341231978131589	0.03293840109342052	0.03293840109342052	
CENPQ	0.4522826573303036	0.5341478626012073	0.013569480068489168	
CDK11A	0.01845480436169384	0.19870164492981118	0.7828435507084949	
DNAJC27-AS1	0.9477484195441895	0.026125790227905187	0.026125790227905187	
SLC22A18	0.011453558485721084	0.3352825805157292	0.6532638609985496	
AP000253.1	0.0052597384749037265	0.46350667555982	0.5312335859652764	
KLHL18	0.025907210133416826	0.025907210133416826	0.9481855797331663	
ALDH3A2	0.031564343330500635	0.031564343330500635	0.9368713133389986	
CAPRIN2	0.024249371447945197	0.024249371447945197	0.9515012571041096	
CDKN2B-AS1	0.009708737864077669	0.009708737864077669	0.9805825242718447	
CHRM3	0.014833521267855755	0.3093088631948281	0.6758576155373162	
MON1B	0.027868501808557933	0.027868501808557933	0.9442629963828841	
PTPN21	0.010837783285545624	0.6196616672070266	0.3695005495074278	
OSBPL11	0.020092795299615523	0.061977365642655	0.9179298390577295	
ARFGEF2	0.018292402108571134	0.4001921516053133	0.5815154462861155	
OLFM1	0.012183885091702299	0.012183885091702299	0.9756322298165954	
DAPK1	0.6176056006092249	0.3605863138080086	0.021808085582766597	
NGEF	0.016769346180519316	0.016769346180519316	0.9664613076389613	
GLDN	0.005335079950317228	0.53884307498204	0.4558218450676428	
CREG1	0.9175223410390213	0.04123882948048931	0.04123882948048931	
APAF1	0.03553259420410745	0.03553259420410745	0.928934811591785	
SLC25A37	0.016407250028711167	0.3721780694751825	0.6114146804961064	
PLXDC2	0.03633481014825072	0.03633481014825072	0.9273303797034985	
CFAP36	0.9108110238335234	0.04459448808323824	0.04459448808323824	
TAB3	0.31045613314697695	0.674661807872045	0.01488205898097809	
TCTN3	0.927917120790562	0.03604143960471898	0.03604143960471898	
AOX1	0.9647387035742502	0.017630648212874904	0.017630648212874904	
ST3GAL4	0.005111832978950688	0.4785930361470298	0.5162951308740195	
TEDC1	0.011679309839936201	0.5643776431385731	0.42394304702149066	
RAE1	0.4379314419918539	0.5419367625779143	0.020131795430231737	
SMIM14	0.030822261416598554	0.030822261416598554	0.9383554771668028	
PPFIA1	0.0317642860970654	0.0317642860970654	0.9364714278058691	
AP1B1	0.036014771586385545	0.036014771586385545	0.9279704568272289	
HOXA10-AS	0.01872659152052689	0.01872659152052689	0.9625468169589462	
KLHL42	0.020700490530433113	0.3266003581653862	0.6526991513041808	
ABHD17A	0.03050850872510509	0.03050850872510509	0.9389829825497897	
TMEM131	0.03227372572950627	0.03227372572950627	0.9354525485409874	
SNHG18	0.03855666199855325	0.03855666199855325	0.9228866760028935	
STAM2	0.038745608292166486	0.038745608292166486	0.9225087834156671	
FAM110B	0.9682894950452119	0.01585525247739404	0.01585525247739404	
CEP57	0.6954260680031252	0.2743389614323559	0.030234970564518873	
ZNF568	0.9468912627132221	0.02655436864338895	0.02655436864338895	
RCHY1	0.905821877296492	0.047089061351753954	0.047089061351753954	
MLLT11	0.9619615464311458	0.01901922678442708	0.01901922678442708	
KCTD14	0.022933864475807666	0.04122677454037185	0.9358393609838205	
ADRB2	0.010904046380263736	0.010904046380263736	0.9781919072394725	
PDE9A	0.011431222830119296	0.011431222830119296	0.9771375543397613	
KIAA1671	0.02389936167214958	0.02389936167214958	0.9522012766557008	
RASIP1	0.9666989836159282	0.016650508192035895	0.016650508192035895	
NLN	0.020144119790192493	0.020144119790192493	0.959711760419615	
MATN2	0.02154246102314347	0.02154246102314347	0.956915077953713	
CARHSP1	0.4929223621263244	0.4834775025226607	0.0236001353510148	
JPH1	0.019904882370742456	0.019904882370742456	0.9601902352585151	
CNST	0.023487612051763154	0.023487612051763154	0.9530247758964736	
CCDC28B	0.9369035661133067	0.0315482169433466	0.0315482169433466	
ABHD2	0.028953653795241945	0.028953653795241945	0.9420926924095161	
CDK2	0.3535188164941815	0.6348970607624156	0.011584122743402842	
SGCD	0.966054244771082	0.016972877614458974	0.016972877614458974	
SLC25A34	0.011341895622152976	0.011341895622152976	0.977316208755694	
UBQLN2	0.6333714839268568	0.33172842977020445	0.03490008630293855	
HECTD4	0.03192378427145726	0.03192378427145726	0.9361524314570854	
CASP10	0.01626436616621393	0.01626436616621393	0.9674712676675721	
SLC25A48	0.023136030618315	0.023136030618315	0.9537279387633699	
DOCK4	0.014468925388793038	0.014468925388793038	0.9710621492224139	
SLC38A5	0.9514132284601439	0.024293385769928056	0.024293385769928056	
CYBRD1	0.010434181965577738	0.010434181965577738	0.9791316360688445	
FRMD4A	0.9395221241615554	0.030238937919222265	0.030238937919222265	
ZNF599	0.9249455061779804	0.037527246911009816	0.037527246911009816	
VASP	0.017428915244488953	0.4479666395447181	0.5346044452107929	
NFYB	0.35139892413577756	0.6339325288905479	0.014668546973674458	
ZNF671	0.95453552108825	0.022732239455874968	0.022732239455874968	
CAPN5	0.029045837252299596	0.029045837252299596	0.9419083254954007	
BAMBI	0.9627207338290809	0.01863963308545956	0.01863963308545956	
UPRT	0.9295278035958338	0.03523609820208308	0.03523609820208308	
SMARCD3	0.9612342849587422	0.01938285752062894	0.01938285752062894	
ADK	0.29980556080751886	0.6888898156918356	0.011304623500645565	
EML2	0.014346689188649122	0.6680590386889648	0.3175942721223861	
MROH1	0.011149630017613371	0.6708298810884717	0.3180204888939149	
IFT122	0.9172063737758268	0.04139681311208656	0.04139681311208656	
PRCP	0.9106789256085661	0.04466053719571689	0.04466053719571689	
NIPAL2	0.030526608739987523	0.030526608739987523	0.938946782520025	
ZSCAN21	0.689190209480557	0.2829697644051245	0.027840026114318486	
KDELR3	0.40797413122683407	0.5770479663107935	0.014977902462372515	
IGLC2	0.009708737864077669	0.009708737864077669	0.9805825242718447	
TNFAIP2	0.009708737864077669	0.009708737864077669	0.9805825242718447	
CTSB	0.9058000008733005	0.04709999956334969	0.04709999956334969	
BMT2	0.43924743795860993	0.5445369331110697	0.016215628930320317	
TANC1	0.02564583612421924	0.02564583612421924	0.9487083277515614	
ROBO3	0.9426469141350424	0.02867654293247875	0.02867654293247875	
BBS4	0.9137867152076382	0.04310664239618083	0.04310664239618083	
DAB2IP	0.008899590128250092	0.5870237417426	0.40407666812914994	
KIAA0556	0.026284631337372338	0.026284631337372338	0.9474307373252553	
AC090114.2	0.019214126310139325	0.019214126310139325	0.9615717473797213	
NOTCH2	0.029418464727603892	0.029418464727603892	0.9411630705447922	
OSBPL2	0.014775633047493174	0.605229258051349	0.37999510890115795	
SETD2	0.03144354521511707	0.03144354521511707	0.9371129095697658	
RNF168	0.023332863765927175	0.023332863765927175	0.9533342724681456	
SAMD9	0.009733652567072197	0.009733652567072197	0.9805326948658556	
MTF2	0.5666055842892536	0.40267787500346097	0.030716540707285567	
PKIA	0.4424784083868076	0.5466148179323039	0.010906773680888365	
CACFD1	0.022032894750262356	0.022032894750262356	0.9559342104994752	
SNRPB2	0.565557588078177	0.4067393031297535	0.02770310879206958	
LFNG	0.018339615522257744	0.018339615522257744	0.9633207689554845	
MYH3	0.016154184472760357	0.048911392410008823	0.9349344231172307	
PLEKHO2	0.964104320943304	0.017947839528347966	0.017947839528347966	
PGAP2	0.7193188570834773	0.2445890765665135	0.036092066350009194	
TRADD	0.03392611404500378	0.03392611404500378	0.9321477719099924	
CXorf38	0.03504348876248736	0.03504348876248736	0.9299130224750252	
SYCE1L	0.9298078409862595	0.03509607950687025	0.03509607950687025	
ITGA3	0.030881910651693666	0.030881910651693666	0.9382361786966126	
DYRK4	0.9173620033584925	0.04131899832075374	0.04131899832075374	
RDH13	0.008522638718541553	0.6482639241936735	0.34321343708778485	
ST5	0.024749655156195642	0.024749655156195642	0.9505006896876087	
SLC25A25-AS1	0.0237479007084251	0.0237479007084251	0.9525041985831497	
METAP2	0.9174578429597867	0.0412710785201066	0.0412710785201066	
LRRC42	0.4832930193635039	0.49124022174535487	0.02546675889114119	
ADA2	0.9670317228487962	0.01648413857560189	0.01648413857560189	
LRRFIP1	0.030972506139989277	0.030972506139989277	0.9380549877200214	
FNTA	0.5415946317754992	0.43500734753157483	0.023398020692925965	
HAS2	0.012506681917047527	0.012506681917047527	0.974986636165905	
GARNL3	0.9418208232452331	0.029089588377383443	0.029089588377383443	
BAG1	0.02309359422616188	0.02309359422616188	0.9538128115476762	
NIPAL3	0.028083323957170045	0.028083323957170045	0.9438333520856599	
SNURF	0.9545088695081374	0.022745565245931302	0.022745565245931302	
SSH1	0.020950480117709856	0.020950480117709856	0.9580990397645802	
TRIP12	0.0359603509954647	0.0359603509954647	0.9280792980090705	
CD34	0.9639248071814973	0.018037596409251306	0.018037596409251306	
PLA2R1	0.9234220771216519	0.03828896143917404	0.03828896143917404	
ICAM1	0.9560225771212999	0.02198871143935001	0.02198871143935001	
NEAT1	0.01925312147604271	0.01925312147604271	0.9614937570479146	
RFX3	0.9276098821860929	0.03619505890695356	0.03619505890695356	
ZNF503	0.015959346028044632	0.015959346028044632	0.9680813079439107	
LTBR	0.033571304402883514	0.033571304402883514	0.9328573911942329	
TMEM243	0.6492250940260896	0.324563231379584	0.026211674594326446	
NADSYN1	0.037610767122152694	0.037610767122152694	0.9247784657556947	
GIN1	0.9280723822363142	0.03596380888184288	0.03596380888184288	
CENPA	0.7359556496649069	0.24679715277632328	0.017247197558769876	
TOMM40L	0.023900933674589328	0.023900933674589328	0.9521981326508213	
MMP28	0.016089116726879057	0.016089116726879057	0.9678217665462419	
PROCR	0.7332255272132209	0.25079743146661054	0.01597704132016865	
SLC44A5	0.004926108374384236	0.49753694581280783	0.49753694581280783	
PTMS	0.9097814064738224	0.04510929676308874	0.04510929676308874	
MFN1	0.028743472764051002	0.1468790647075302	0.8243774625284187	
SDHAF4	0.9191430253934038	0.0404284873032981	0.0404284873032981	
DTWD2	0.030949193175070045	0.030949193175070045	0.9381016136498599	
BRF2	0.9259909197735512	0.0370045401132244	0.0370045401132244	
AL031775.1	0.018744259812436836	0.018744259812436836	0.9625114803751263	
NAT1	0.029197065200631516	0.029197065200631516	0.9416058695987369	
ANXA13	0.9579316254345057	0.021034187282747113	0.021034187282747113	
RALGAPA1	0.03555926193949372	0.03555926193949372	0.9288814761210125	
CDCA3	0.3584911449568556	0.6330994750171394	0.008409380026005072	
ATP8B1	0.028029230886494564	0.028029230886494564	0.9439415382270108	
IMMP2L	0.5148665530883728	0.46530435637057005	0.019829090541057207	
SLC2A6	0.010976850294654592	0.010976850294654592	0.9780462994106908	
CYCS	0.022806174411877614	0.022806174411877614	0.9543876511762447	
PIM1	0.9591054281515771	0.02044728592421147	0.02044728592421147	
MICALL1	0.009274243152388643	0.5894242969951273	0.40130145985248394	
GABPB1	0.45376831103988785	0.5271170533732145	0.019114635586897726	
PKD1	0.02954732482762786	0.02954732482762786	0.9409053503447442	
ZNF616	0.9399149472381162	0.03004252638094185	0.03004252638094185	
APTR	0.9204726995082025	0.039763650245898764	0.039763650245898764	
AC007906.2	0.018712843796931434	0.018712843796931434	0.9625743124061371	
EIF4G1	0.01983943425820339	0.403969456561091	0.5761911091807055	
TMPRSS2	0.019694164745335044	0.019694164745335044	0.9606116705093298	
SMPDL3B	0.020437250556234587	0.020437250556234587	0.9591254988875307	
WNK2	0.007275279231330411	0.6801167513786108	0.31260796939005875	
SLC5A2	0.955574456545959	0.022212771727020506	0.022212771727020506	
AC027020.2	0.009708737864077669	0.009708737864077669	0.9805825242718447	
TRIM73	0.02187091623036376	0.02187091623036376	0.9562581675392724	
NSF	0.025720125832043285	0.025720125832043285	0.9485597483359134	
SVIP	0.9027776091949665	0.04861119540251668	0.04861119540251668	
NPM2	0.9383662058654123	0.030816897067293812	0.030816897067293812	
SLC4A4	0.03475142218661308	0.03475142218661308	0.9304971556267738	
PPP1R12C	0.02431865333710133	0.02431865333710133	0.9513626933257973	
UQCRQ	0.03132225968227304	0.03132225968227304	0.9373554806354538	
C1orf159	0.019296896443700723	0.34903189292615694	0.6316712106301424	
PLXNB2	0.024274360258520984	0.024274360258520984	0.951451279482958	
MED24	0.02828772378030631	0.27073539641958255	0.7009768798001113	
ANKRD13A	0.012054520044358185	0.7035062805403772	0.2844391994152645	
ZBTB7B	0.012344339528613735	0.25171768177355847	0.7359379786978277	
RHBDD3	0.015312369058547605	0.4728091118902922	0.5118785190511602	
PLK1	0.38963177520263037	0.5997530677520956	0.010615157045274	
MVP	0.02256707588831047	0.02256707588831047	0.954865848223379	
WDR48	0.9033572337438491	0.04832138312807538	0.04832138312807538	
TSHZ2	0.9675237317986027	0.016238134100698607	0.016238134100698607	
ST3GAL5	0.964334621109391	0.01783268944530446	0.01783268944530446	
PRLR	0.9374304763554071	0.03128476182229639	0.03128476182229639	
UBXN2A	0.02181865140823543	0.4688108890505985	0.5093704595411661	
HSPA13	0.9254123560059253	0.03729382199703734	0.03729382199703734	
SELPLG	0.9473085678922658	0.026345716053867076	0.026345716053867076	
ZRSR2	0.9240904205110783	0.03795478974446085	0.03795478974446085	
CMTM4	0.009098538023924598	0.6243787482273918	0.3665227137486837	
ZFYVE28	0.021082053982372628	0.021082053982372628	0.9578358920352547	
DHX38	0.03166506820771707	0.2539118505715912	0.7144230812206918	
PHPT1	0.42634268805905445	0.5526344470607718	0.021022864880173724	
NPHP1	0.9556539696024826	0.022173015198758656	0.022173015198758656	
FNIP1	0.910371188730883	0.044814405634558484	0.044814405634558484	
SMG8	0.422849616724091	0.5622952492540197	0.014855134021889213	
PRDX5	0.013577658063627526	0.48544406932533823	0.5009782726110343	
HLA-DQB1	0.9616711035020619	0.019164448248969075	0.019164448248969075	
MSX2	0.34387700815368244	0.6487127795065069	0.007410212339810739	
RPL35A	0.9023904398123166	0.048804780093841656	0.048804780093841656	
ZNF426	0.9259453096039042	0.03702734519804788	0.03702734519804788	
SLC27A2	0.17396542417400995	0.8167635911079296	0.009270984718060255	
CYP27A1	0.9433802237201107	0.028309888139944662	0.028309888139944662	
GOLGB1	0.016608444690215975	0.5561487186030785	0.4272428367067056	
CRYGS	0.017902109951738434	0.017902109951738434	0.9641957800965231	
TRAF3	0.0191401076546258	0.32209629705049686	0.6587635952948774	
USP2	0.009853454204513388	0.009853454204513388	0.9802930915909732	
CRACR2A	0.023340839379246688	0.023340839379246688	0.9533183212415066	
AC020911.2	0.009708737864077669	0.009708737864077669	0.9805825242718447	
CD82	0.9365277613951531	0.031736119302423406	0.031736119302423406	
NNT	0.030738689915561973	0.030738689915561973	0.938522620168876	
SIRT6	0.01422993254325281	0.26118879995858646	0.7245812674981608	
COX4I1	0.03166135223847863	0.06850025531897909	0.8998383924425423	
ZNF586	0.368805256415488	0.6125949707689269	0.01859977281558504	
ADRM1	0.01811511215813874	0.4392723557417366	0.5426125321001247	
VPS53	0.03180465055962445	0.03180465055962445	0.9363906988807511	
TNFRSF1B	0.021547010856964883	0.021547010856964883	0.9569059782860702	
CACNA1A	0.9516566253160045	0.02417168734199774	0.02417168734199774	
PARP2	0.4013262315759333	0.5830211911656344	0.015652577258432176	
UBE2F	0.027411716051573047	0.027411716051573047	0.9451765678968539	
WASF2	0.030750410924768167	0.030750410924768167	0.9384991781504636	
HEXIM2	0.9313638398105185	0.0343180800947407	0.0343180800947407	
JAK2	0.026115900494803043	0.026115900494803043	0.9477681990103939	
TATDN1	0.8918031146023858	0.05409844269880702	0.05409844269880702	
MRGPRF	0.9716430206019059	0.014178489699047071	0.014178489699047071	
GEMIN2	0.9359980403440165	0.032000979827991764	0.032000979827991764	
RGS3	0.026539870339146118	0.026539870339146118	0.9469202593217078	
PEX13	0.39221620348625175	0.585277618129658	0.022506178384090327	
BIRC6	0.028727267784683826	0.2843788485442148	0.6868938836711013	
CNNM4	0.0169829328436548	0.4308728418262184	0.552144225330127	
EOGT	0.021100323839703155	0.021100323839703155	0.9577993523205937	
MIA3	0.03795453862288613	0.03795453862288613	0.9240909227542277	
CSNK1G2	0.022742312116326577	0.1688916931200392	0.8083659947636342	
ATOX1	0.9004117771463207	0.049794111426839587	0.049794111426839587	
UACA	0.031169996739341194	0.031169996739341194	0.9376600065213175	
STPG1	0.02388718534611007	0.2045039872773485	0.7716088273765415	
EPHX1	0.016947212669545467	0.016947212669545467	0.9661055746609091	
LZTR1	0.02649209717754006	0.02649209717754006	0.9470158056449198	
MATN1-AS1	0.9453517841746516	0.027324107912674186	0.027324107912674186	
LSM12	0.01431774809455927	0.5482663593110365	0.4374158925944043	
PKN2	0.038174839227407054	0.038174839227407054	0.9236503215451859	
C2CD2L	0.015162517787254848	0.015162517787254848	0.9696749644254903	
GPR137	0.00942982861024482	0.646771487427199	0.3437986839625562	
ARRDC3	0.9443832973924563	0.02780835130377181	0.02780835130377181	
RPL39L	0.6599229783627028	0.32377505397632617	0.016301967660970994	
PCED1B	0.9600683600227709	0.019965819988614533	0.019965819988614533	
LPCAT3	0.014637418706762195	0.5602342341171234	0.4251283471761144	
MYO1C	0.01932628241596275	0.32758703209105944	0.6530866854929779	
CBWD1	0.01368481361391375	0.34041551598623954	0.6458996703998469	
PLEKHA5	0.9071412474598303	0.046429376270084824	0.046429376270084824	
ALKBH1	0.9186900191829616	0.04065499040851921	0.04065499040851921	
MTMR6	0.024965026976430615	0.024965026976430615	0.9500699460471387	
BAZ1A	0.03214728180127858	0.033997602247180264	0.933855115951541	
ISOC2	0.02762518375524451	0.02762518375524451	0.9447496324895109	
MPP7	0.009373825501708902	0.7373055535427243	0.25332062095556673	
NUP50-DT	0.026053317687643338	0.026053317687643338	0.9478933646247133	
ADD3	0.905970173382145	0.047014913308927445	0.047014913308927445	
IRS1	0.9475495572110593	0.02622522139447035	0.02622522139447035	
TMEM91	0.8801815765679492	0.09899746655117043	0.020820956880880467	
CDK4	0.9404365886388291	0.02978170568058544	0.02978170568058544	
MLXIP	0.019761186926597223	0.019761186926597223	0.9604776261468057	
LYRM1	0.9120368287509307	0.043981585624534594	0.043981585624534594	
C9orf152	0.03259413039690879	0.03259413039690879	0.9348117392061823	
MISP3	0.02395208003727524	0.02395208003727524	0.9520958399254494	
PGM3	0.8227674944314712	0.131981370772911	0.045251134795617716	
DUS1L	0.020702329939233145	0.020702329939233145	0.9585953401215337	
NTN4	0.7456920665598568	0.23061188074157346	0.02369605269856976	
ADORA2B	0.01885828931151442	0.2807518987540866	0.7003898119343989	
SEMA6C	0.9610117894941057	0.01949410525294718	0.01949410525294718	
ZNF419	0.5784718425833333	0.40200839442552255	0.01951976299114423	
EME2	0.023665086075731607	0.023665086075731607	0.9526698278485367	
PC	0.017481101817337648	0.017481101817337648	0.9650377963653247	
CCNB1IP1	0.9112000985849114	0.044399950707544274	0.044399950707544274	
CCL5	0.010521670212050228	0.010521670212050228	0.9789566595758995	
PPP1R14B	0.008851913669996443	0.5658127217563643	0.42533536457363935	
TSPYL5	0.9719566178573722	0.01402169107131391	0.01402169107131391	
PIP4P1	0.3993423314160104	0.5789028341913254	0.021754834392664263	
COLEC12	0.9572953735684373	0.021352313215781356	0.021352313215781356	
MELTF-AS1	0.9386252031074946	0.030687398446252647	0.030687398446252647	
SIRT2	0.9240010322839459	0.03799948385802706	0.03799948385802706	
PRKG1	0.028642422413935074	0.028642422413935074	0.9427151551721298	
COX5A	0.014606538166196947	0.48328467367874994	0.5021087881550531	
AC034236.2	0.9344586536400837	0.03277067317995809	0.03277067317995809	
SPAG16	0.9268945359982156	0.03655273200089215	0.03655273200089215	
ZMYM3	0.9283984099751664	0.03580079501241673	0.03580079501241673	
SYK	0.033782154117181426	0.033782154117181426	0.9324356917656371	
AC096677.1	0.014974330178940117	0.32896079238388815	0.6560648774371717	
UNC5B	0.014665375281156934	0.014665375281156934	0.9706692494376861	
NPM1	0.5454929741850431	0.43102050544106096	0.023486520373896005	
RUBCN	0.025616673754399962	0.025616673754399962	0.9487666524912001	
SNX5	0.6102502721197348	0.3623610348592799	0.027388693020985254	
PLEKHH3	0.014385855705695678	0.10237928321176201	0.8832348610825425	
HYDIN	0.9549237010750636	0.022538149462468186	0.022538149462468186	
GLI3	0.49639997990086454	0.49516980077854283	0.008430219320592652	
ASH1L-AS1	0.029955634147592405	0.029955634147592405	0.9400887317048151	
TNFAIP8L1	0.9381148610949889	0.030942569452505515	0.030942569452505515	
NRSN2-AS1	0.026665688678604624	0.026665688678604624	0.9466686226427907	
PFKFB4	0.3158783912909335	0.6757346829675461	0.008386925741520453	
PHF19	0.9312805942288126	0.034359702885593674	0.034359702885593674	
AL132780.2	0.9542938243700678	0.022853087814966085	0.022853087814966085	
SGK1	0.009901363650172954	0.009901363650172954	0.9801972726996541	
MLKL	0.015165232195533014	0.015165232195533014	0.969669535608934	
TPMT	0.02814997297849553	0.02814997297849553	0.9437000540430089	
CS	0.043352603515396146	0.043352603515396146	0.9132947929692078	
LETMD1	0.9145627040548618	0.04271864797256904	0.04271864797256904	
RAB3B	0.32542496078730887	0.6679615584360961	0.006613480776595011	
MYH7B	0.011096265196749985	0.011096265196749985	0.9778074696065	
ZNF559	0.9355129576127842	0.03224352119360785	0.03224352119360785	
CES2	0.02616987280658411	0.02616987280658411	0.9476602543868318	
SREBF2	0.026239801416413522	0.20516681373719076	0.7685933848463958	
WWC1	0.009586282631279914	0.5698177766476492	0.4205959407210709	
DTX2	0.03183325473984031	0.03183325473984031	0.9363334905203193	
ORAI3	0.9460052964584332	0.02699735177078336	0.02699735177078336	
C1orf50	0.696476881185888	0.26715258478260817	0.03637053403150383	
C2CD3	0.01951302674343911	0.33135839724554106	0.6491285760110198	
AKAP8L	0.7536130043068007	0.20695404161400718	0.03943295407919212	
RPA2	0.9265298476134015	0.03673507619329921	0.03673507619329921	
ZNHIT3	0.5792373593000966	0.39429040813852473	0.02647223256137872	
STAT5A	0.026879747920984652	0.026879747920984652	0.9462405041580306	
CA11	0.9478596099742038	0.02607019501289808	0.02607019501289808	
BTBD1	0.03463472624699637	0.03463472624699637	0.9307305475060071	
JOSD2	0.02854622769144486	0.02854622769144486	0.9429075446171102	
KIF13B	0.028098001988915395	0.028098001988915395	0.9438039960221691	
SLC2A1	0.415886427257147	0.573529816727113	0.010583756015739939	
LIMA1	0.015649190974470994	0.5326946765727956	0.4516561324527334	
UEVLD	0.035912588673751314	0.035912588673751314	0.9281748226524973	
ACTR2	0.034875071485008714	0.034875071485008714	0.9302498570299825	
TRABD	0.03800492708633573	0.03800492708633573	0.9239901458273285	
ZFP82	0.8089982169933508	0.16396333963305043	0.027038443373598696	
FXR1	0.7212571226471847	0.24317882215577957	0.035564055197035836	
ZKSCAN7	0.9620525451727399	0.01897372741363004	0.01897372741363004	
BMS1P14	0.009708737864077669	0.009708737864077669	0.9805825242718447	
KREMEN1	0.02262971977513993	0.02262971977513993	0.9547405604497201	
MRPL33	0.9007173362226082	0.049641331888695864	0.049641331888695864	
AP4E1	0.013430813242210998	0.5224813305920303	0.4640878561657587	
ZNF787	0.028298678901638893	0.028298678901638893	0.9434026421967222	
AL022069.1	0.016746616958365	0.016746616958365	0.96650676608327	
COPZ1	0.5128693257248572	0.46205832462460256	0.025072349650540213	
MGST1	0.020180720105633248	0.020180720105633248	0.9596385597887335	
MBLAC1	0.9279020781819862	0.03604896090900688	0.03604896090900688	
AC006480.2	0.015216655677873014	0.018522161279858448	0.9662611830422685	
YWHAB	0.026088868974533472	0.2975856239269205	0.6763255070985461	
DISP1	0.9433384322735313	0.028330783863234312	0.028330783863234312	
AVIL	0.010617860306495011	0.010617860306495011	0.9787642793870099	
HS3ST1	0.025324304515859406	0.025324304515859406	0.9493513909682811	
ZC3HC1	0.9154479000970448	0.04227604995147758	0.04227604995147758	
NDNF	0.9529924684131152	0.023503765793442342	0.023503765793442342	
FBF1	0.7046147547426869	0.2734035922087547	0.021981653048558515	
EXOSC4	0.03147481082833301	0.03147481082833301	0.9370503783433339	
ARL8A	0.03083799909345671	0.03083799909345671	0.9383240018130865	
E2F4	0.017183976939692466	0.5140584213076059	0.4687576017527015	
NES	0.9661312851157351	0.01693435744213246	0.01693435744213246	
ATP6V1C1	0.9153096668072448	0.04234516659637757	0.04234516659637757	
HOXA13	0.029938837357557962	0.029938837357557962	0.940122325284884	
CHRNA10	0.009359025545907828	0.19427234588734762	0.7963686285667446	
BCAS2	0.90240477986532	0.04879761006733998	0.04879761006733998	
AL133245.1	0.00919858252369004	0.2846761896847166	0.7061252277915934	
PPP6R2	0.02859084948503997	0.30215563551348174	0.6692535150014782	
GPBAR1	0.9423457967520844	0.028827101623957758	0.028827101623957758	
SERPINF1	0.9539904614864935	0.02300476925675325	0.02300476925675325	
PTGES2	0.013612106877573958	0.5014929923403993	0.4848949007820266	
GRAMD1A	0.9178648785312754	0.04106756073436228	0.04106756073436228	
ABLIM1	0.027553887542184435	0.027553887542184435	0.9448922249156311	
TMEM39B	0.5487965386040512	0.4216435205073205	0.029559940888628386	
LRP5L	0.0204320713401381	0.0204320713401381	0.9591358573197237	
DNAJC12	0.9595507467413119	0.020224626629344003	0.020224626629344003	
WWP2	0.03746261185054091	0.03746261185054091	0.9250747762989181	
KIAA1958	0.9272013581274664	0.036399320936266764	0.036399320936266764	
EHF	0.03171870762526746	0.03171870762526746	0.936562584749465	
PVT1	0.01813699936631002	0.01813699936631002	0.96372600126738	
GATD1	0.027645643636309086	0.027645643636309086	0.9447087127273818	
MINK1	0.01857336631610056	0.4271167174844957	0.5543099161994037	
GMFB	0.02589191970237962	0.42157324334160273	0.5525348369560177	
FAM111A-DT	0.9407019135150513	0.029649043242474356	0.029649043242474356	
LAMP2	0.5732341767236734	0.3908745793369112	0.03589124393941533	
VSNL1	0.012127027178942339	0.012127027178942339	0.9757459456421153	
CDK3	0.007986051039712387	0.4971445167821664	0.49486943217812124	
MOCOS	0.02800060730520602	0.02800060730520602	0.9439987853895879	
HADHA	0.03587013248479766	0.03587013248479766	0.9282597350304046	
ENO2	0.9460032753459	0.026998362327049972	0.026998362327049972	
PIK3C2B	0.011141464975162042	0.6588617607478913	0.3299967742769467	
RRAS2	0.31519718360385013	0.6677991976665419	0.017003618729607928	
RSF1	0.902460819210019	0.04876959039499049	0.04876959039499049	
MICALL2	0.018830439981281963	0.018830439981281963	0.962339120037436	
GGT7	0.02895987742640761	0.19637845696247613	0.7746616656111163	
MLX	0.034016566663584505	0.034016566663584505	0.9319668666728309	
SMPD2	0.013896038860852429	0.6606585947465645	0.32544536639258304	
ABCC6	0.9274302331218406	0.03628488343907965	0.03628488343907965	
LINC00623	0.9180325462981308	0.04098372685093455	0.04098372685093455	
CCDC183	0.40435638091095816	0.5825443751003259	0.013099243988716003	
NONO	0.6437936079831655	0.322222671305751	0.03398372071108339	
CBX8	0.9229288859273531	0.03853555703632348	0.03853555703632348	
HCK	0.01055821910767236	0.01055821910767236	0.9788835617846553	
FHL1	0.01726702465184453	0.01726702465184453	0.9654659506963109	
EEF1AKMT1	0.9156128464436724	0.0421935767781638	0.0421935767781638	
NFU1	0.6449074078126382	0.32466416448430385	0.03042842770305789	
EDIL3	0.018722694844867188	0.018722694844867188	0.9625546103102656	
NT5C	0.03676587154730902	0.03676587154730902	0.9264682569053819	
SINHCAF	0.45910173272346366	0.5153060139544104	0.025592253322125908	
ZNF256	0.7286462591558462	0.24601387284740725	0.025339867996746448	
ATAD2B	0.03293438253448354	0.041296628127239506	0.925768989338277	
CEACAM1	0.009821216532908697	0.009821216532908697	0.9803575669341826	
EHHADH	0.035466245480691064	0.035466245480691064	0.9290675090386178	
TMEM38B	0.9254070961213507	0.03729645193932461	0.03729645193932461	
MTG2	0.023412542730797084	0.35724369894747826	0.6193437583217246	
KCNQ1	0.02363931471037953	0.02363931471037953	0.9527213705792409	
TAF10	0.03446164899598511	0.03446164899598511	0.9310767020080297	
CLIP1	0.011849709673598377	0.7155254743501477	0.27262481597625404	
METAP1	0.6284288068230516	0.34245214337077695	0.029119049806171485	
CCDC47	0.015212440511316103	0.5190028311177005	0.46578472837098345	
DNM2	0.018469426108966958	0.33441385603216567	0.6471167178588674	
THOC6	0.2976033000074442	0.6864013495738731	0.01599535041868273	
LRRC59	0.017317688015321495	0.5349593138139828	0.4477229981706957	
MBNL3	0.011011899169090292	0.6825582293006421	0.30642987153026763	
FBXL19-AS1	0.009343484821456149	0.4523255819940619	0.5383309331844818	
ZNF667-AS1	0.9629616422361494	0.018519178881925287	0.018519178881925287	
HOXA4	0.9398329984262365	0.030083500786881746	0.030083500786881746	
AC023043.1	0.024783439075580525	0.024783439075580525	0.9504331218488389	
P4HTM	0.9021403173638473	0.04892984131807631	0.04892984131807631	
ARRDC3-AS1	0.017441637507549557	0.017441637507549557	0.9651167249849009	
STAP2	0.016451500568876818	0.3653717603362697	0.6181767390948534	
CERS5	0.33574512231667153	0.6481194717081474	0.016135405975180966	
BRI3BP	0.018121206423718866	0.24730120553666796	0.734577588039613	
MYH14	0.023949977424794145	0.023949977424794145	0.9521000451504117	
ZNF668	0.021762031025890208	0.1821264976068633	0.7961114713672465	
ZDHHC18	0.020558225991963695	0.020558225991963695	0.9588835480160726	
DHTKD1	0.03698881141278251	0.03698881141278251	0.9260223771744349	
KIFC2	0.022611791744007247	0.25288160311966545	0.7245066051363274	
CAPN1	0.015951424556658225	0.4726898392500783	0.5113587361932634	
IRF2BP2	0.9214193974207836	0.03929030128960818	0.03929030128960818	
S100A11	0.29912784734758713	0.686687613950876	0.01418453870153686	
ZSCAN2	0.929032123647108	0.03548393817644596	0.03548393817644596	
CYP26B1	0.009708737864077669	0.009708737864077669	0.9805825242718447	
EFCAB7	0.9311385466056563	0.03443072669717182	0.03443072669717182	
ZCCHC4	0.8837373678548914	0.07738692747441124	0.038875704670697335	
SEMA6A	0.21240216355805194	0.7782802739113106	0.009317562530637287	
AFAP1L2	0.015604087802891917	0.015604087802891917	0.9687918243942162	
NSUN7	0.6821405111350411	0.28676546449573304	0.031094024369225835	
ZNF717	0.9200379176724333	0.03998104116378337	0.03998104116378337	
TNIP2	0.01721081467449167	0.4840972199864405	0.4986919653390678	
LLGL2	0.01857258168628334	0.38247620100924296	0.5989512173044736	
CWC15	0.8889457038694751	0.055527148065262405	0.055527148065262405	
CA8	0.9453244740564799	0.027337762971760028	0.027337762971760028	
PPP2R5B	0.01931504457943112	0.01931504457943112	0.9613699108411379	
RNF2	0.5631943863648494	0.41164533707781786	0.025160276557332634	
RNASE6	0.9300232685364291	0.03498836573178541	0.03498836573178541	
SERINC2	0.008171783664591509	0.63995104571591	0.35187717061949847	
PCDH1	0.012890951411777981	0.5608614756901092	0.42624757289811266	
ARHGAP26	0.03402053831492924	0.03402053831492924	0.9319589233701414	
ST6GALNAC6	0.01498863535880452	0.01498863535880452	0.970022729282391	
DHCR7	0.9219357102856619	0.03903214485716901	0.03903214485716901	
AC004951.1	0.024152365783114783	0.1399893598870811	0.8358582743298041	
PATZ1	0.9422480231579805	0.02887598842100972	0.02887598842100972	
DANT2	0.02264698672411447	0.02264698672411447	0.9547060265517711	
AOAH	0.009708737864077669	0.009708737864077669	0.9805825242718447	
EFNA1	0.49225860859716286	0.4980066613474124	0.009734730055424858	
GAREM1	0.022834521178477396	0.2885729121516813	0.6885925666698414	
ZNF334	0.9521832549213325	0.023908372539333707	0.023908372539333707	
FADS1	0.9588352925957886	0.020582353702105694	0.020582353702105694	
PADI2	0.023884209380084957	0.023884209380084957	0.9522315812398301	
SLCO2B1	0.9276739823168002	0.03616300884159987	0.03616300884159987	
HSD17B8	0.9245652711037299	0.037717364448135074	0.037717364448135074	
COX6B1	0.03655396418704766	0.03655396418704766	0.9268920716259046	
GNG7	0.012645905956312445	0.012645905956312445	0.9747081880873751	
C17orf100	0.9332660221516782	0.03336698892416088	0.03336698892416088	
PDGFRA	0.9679342595879055	0.016032870206047236	0.016032870206047236	
RPL37A	0.9030743974179337	0.048462801291033086	0.048462801291033086	
GAN	0.019908450609022597	0.43258468815987694	0.5475068612311004	
NOL12	0.018095234168080107	0.2130871688203658	0.768817597011554	
CD9	0.030358406846293408	0.12525926877832588	0.8443823243753807	
FAM85B	0.949406564136777	0.025296717931611472	0.025296717931611472	
TLE1	0.01433336888615821	0.5206179001816003	0.4650487309322416	
AGAP1	0.01342684518481682	0.4984471140042905	0.4881260408108926	
RPF2	0.9199879843822716	0.040006007808864194	0.040006007808864194	
B4GALT4	0.4736778440281485	0.5095549842270204	0.016767171744831045	
CDPF1	0.9338741602002463	0.03306291989987684	0.03306291989987684	
TNKS1BP1	0.027646600367552676	0.027646600367552676	0.9447067992648946	
CACNA2D1	0.9579670787446188	0.02101646062769059	0.02101646062769059	
ZNF710-AS1	0.0118064776885981	0.05532967455467592	0.9328638477567259	
CFAP20	0.43311824032666646	0.5420294517061703	0.02485230796716318	
THSD4	0.02844356034237313	0.02844356034237313	0.9431128793152537	
PTPN2	0.8900173732091576	0.05499131339542111	0.05499131339542111	
AC093525.7	0.019432170629158578	0.019432170629158578	0.9611356587416828	
C11orf65	0.9416068170017816	0.02919659149910915	0.02919659149910915	
SORBS2	0.9206827586613411	0.03965862066932945	0.03965862066932945	
NAA40	0.016124669582927142	0.5598627371741763	0.4240125932428965	
NCLN	0.026053267611274616	0.1313751032647642	0.8425716291239611	
MEST	0.8986160542417979	0.050691972879101016	0.050691972879101016	
AP003068.2	0.012766048652925062	0.012766048652925062	0.9744679026941498	
GNLY	0.01049985471910049	0.01049985471910049	0.979000290561799	
SLC25A21-AS1	0.9483692210713532	0.025815389464323376	0.025815389464323376	
DAP	0.016188061535162654	0.6471103171190776	0.3367016213457597	
PTGR1	0.9212633037072196	0.039368348146390175	0.039368348146390175	
ANKRD44	0.02213527399937692	0.02213527399937692	0.9557294520012461	
FNIP2	0.9183817672114765	0.040809116394261755	0.040809116394261755	
LRP12	0.01571546667849498	0.01571546667849498	0.96856906664301	
RASSF3	0.025606963566852204	0.025606963566852204	0.9487860728662956	
RALGAPB	0.03918002998980312	0.03918002998980312	0.9216399400203937	
ADIPOR2	0.022348467609289286	0.27804353045383773	0.6996080019368729	
ZNF778	0.024422764355179795	0.04703079425333471	0.9285464413914856	
AFDN-DT	0.9338847888574213	0.033057605571289304	0.033057605571289304	
POP1	0.01423249218241593	0.01423249218241593	0.9715350156351681	
BCL9	0.9302168927954779	0.03489155360226101	0.03489155360226101	
DAAM2	0.9616437318186742	0.019178134090662838	0.019178134090662838	
CDK1	0.3488378951384919	0.6439087157788029	0.007253389082705263	
ASAP1	0.7260382601688475	0.24528592702798382	0.02867581280316855	
TMSB10	0.02312717757661817	0.4191757537388496	0.5576970686845322	
OAS3	0.021540433354812694	0.021540433354812694	0.9569191332903746	
USP46	0.023865986972649286	0.023865986972649286	0.9522680260547014	
EXPH5	0.007162179715503031	0.7233801512658061	0.2694576690186907	
MCUB	0.015629238850866006	0.2835444340166582	0.7008263271324758	
GPAT3	0.0203510791658488	0.0203510791658488	0.9592978416683023	
C12orf73	0.9071868914395761	0.04640655428021192	0.04640655428021192	
CRELD1	0.9045894890553252	0.047705255472337345	0.047705255472337345	
TTC28	0.9471314651040358	0.026434267447982076	0.026434267447982076	
SLC17A5	0.9155267267659402	0.042236636617029866	0.042236636617029866	
GDPD3	0.00896780750449606	0.4253351114378231	0.5656970810576809	
STC1	0.970262809557826	0.014868595221086994	0.014868595221086994	
KIAA1109	0.0386371718590176	0.0386371718590176	0.9227256562819648	
TMEM220-AS1	0.9287505323788311	0.03562473381058444	0.03562473381058444	
WASF3	0.9669927390148026	0.01650363049259866	0.01650363049259866	
NAGS	0.635405980050021	0.34572565459786253	0.018868365352116407	
RTN1	0.9679055009239719	0.016047249538014022	0.016047249538014022	
MPZ	0.9408010926388908	0.029599453680554586	0.029599453680554586	
AC099489.1	0.009708737864077669	0.009708737864077669	0.9805825242718447	
AC008906.1	0.009936746128991139	0.17479928609661627	0.8152639677743926	
MTIF2	0.03233827048382781	0.03233827048382781	0.9353234590323443	
HS2ST1	0.8959866969912225	0.0520066515043887	0.0520066515043887	
ZIK1	0.9625494858538716	0.018725257073064182	0.018725257073064182	
SNX2	0.9147230255865137	0.042638487206743104	0.042638487206743104	
CYB561	0.017676044645468646	0.4519697544589746	0.5303542008955568	
SH3BGRL3	0.020634008250681332	0.020634008250681332	0.9587319834986373	
NPL	0.9427518309559666	0.028624084522016674	0.028624084522016674	
PDE4A	0.019659444128123645	0.019659444128123645	0.9606811117437528	
ZMPSTE24	0.029361744565407414	0.14373114407543688	0.8269071113591557	
CCDC88C	0.041426515119322584	0.041426515119322584	0.9171469697613549	
CDK14	0.9655559200162073	0.017222039991896376	0.017222039991896376	
ZNF407	0.020248346856717152	0.31900902001840764	0.6607426331248751	
GAREM2	0.016249584100067705	0.016249584100067705	0.9675008317998646	
DTX3L	0.035999887992668914	0.035999887992668914	0.9280002240146621	
SWI5	0.611527241406979	0.3530287887778618	0.035443969815159265	
TMEM182	0.49964252160410444	0.48035591516580123	0.020001563230094332	
MIER3	0.021113106238499973	0.04455528905939261	0.9343316047021074	
CDON	0.9324080443414692	0.033795977829265404	0.033795977829265404	
AC020765.2	0.9312423352231276	0.03437883238843617	0.03437883238843617	
C3orf33	0.9300187808775198	0.03499060956124006	0.03499060956124006	
ATAD3B	0.010960036871072503	0.48710667460533463	0.5019332885235929	
CC2D2A	0.9502656030234593	0.024867198488270344	0.024867198488270344	
F8A1	0.014800628754917824	0.014800628754917824	0.9703987424901643	
MCTP2	0.04752135493758088	0.04752135493758088	0.9049572901248383	
OCLN	0.428028778675078	0.5472095524769003	0.02476166884802174	
ZBTB8OS	0.028405629851779305	0.30746217748417326	0.6641321926640474	
DISC1	0.011498546789244724	0.011498546789244724	0.9770029064215106	
RILP	0.024241928257993237	0.024241928257993237	0.9515161434840135	
RPL36A	0.9388148406709423	0.030592579664528805	0.030592579664528805	
RPS6KL1	0.017905363145406535	0.017905363145406535	0.964189273709187	
TMEM104	0.025651638637567496	0.025651638637567496	0.9486967227248649	
FBXL18	0.010576499351271203	0.379258199764553	0.6101653008841758	
TCP11L1	0.01677465088010881	0.23547623139069188	0.7477491177291993	
SESTD1	0.9243909267424277	0.03780453662878612	0.03780453662878612	
BOK	0.020666536059779857	0.020666536059779857	0.9586669278804403	
GDAP1	0.9232419375111706	0.0383790312444147	0.0383790312444147	
LINC01091	0.2589325023142484	0.7337824325021676	0.0072850651835840215	
FLVCR2	0.009406787186737283	0.5471560084037059	0.4434372044095568	
FAM102A	0.015375365247260072	0.015375365247260072	0.9692492695054798	
FAM234B	0.4776061961416551	0.5125522951162743	0.00984150874207066	
FAM120A	0.014894733799591853	0.45150139162319264	0.5336038745772155	
BCO2	0.026142358423361902	0.026142358423361902	0.9477152831532761	
SUPT4H1	0.8964355413698033	0.05178222931509833	0.05178222931509833	
DCP1A	0.47392661686103044	0.4980540903859183	0.028019292753051168	
PRPS1	0.933828913544238	0.03308554322788097	0.03308554322788097	
TARS	0.03361113471952303	0.03361113471952303	0.9327777305609539	
SEC14L2	0.9473317825418948	0.026334108729052577	0.026334108729052577	
BICC1	0.9531660909675567	0.02341695451622162	0.02341695451622162	
SMC5	0.01566219581421276	0.5570898663064612	0.42724793787932597	
MED30	0.8948998927366302	0.052550053631684884	0.052550053631684884	
BECN1	0.04328520917772721	0.04328520917772721	0.9134295816445456	
FCHO2	0.04298381382302021	0.04298381382302021	0.9140323723539596	
KIF21B	0.013268342527299111	0.013268342527299111	0.9734633149454017	
ABCG1	0.011448415961827668	0.011448415961827668	0.9771031680763447	
TRMT112	0.8563410523539509	0.10159034423176706	0.04206860341428207	
MRPL50	0.9164926200909761	0.041753689954511904	0.041753689954511904	
ALAS1	0.014196961276669248	0.48452390396609013	0.5012791347572407	
FAM160A1	0.014078692920630008	0.5014551898882087	0.48446611719116134	
FRYL	0.02939598094200068	0.20709594503128678	0.7635080740267126	
THAP3	0.9089852770304452	0.045507361484777346	0.045507361484777346	
EFNB1	0.01243463554171797	0.5529732041928281	0.43459216026545383	
DCP1B	0.9076580674060277	0.0461709662969861	0.0461709662969861	
RNF207	0.009125258115165943	0.6578533437389037	0.33302139814593024	
UQCR11	0.023273884344831967	0.32067176153349797	0.65605435412167	
GCA	0.8921894914347288	0.053905254282635554	0.053905254282635554	
MCCC2	0.019087501334170566	0.49154601908750295	0.4893664795783266	
CANT1	0.01187137957957406	0.6284787603099913	0.35964986011043476	
RPP30	0.650620258257465	0.3149392920124776	0.034440449730057415	
ZNF135	0.9440189983548609	0.027990500822569524	0.027990500822569524	
BICDL1	0.015895938241604637	0.015895938241604637	0.9682081235167906	
RIMKLA	0.0074252524974716015	0.6005008194709562	0.3920739280315721	
ANP32B	0.38375791876466625	0.5975589657928089	0.01868311544252492	
B4GAT1	0.9288167011724814	0.03559164941375926	0.03559164941375926	
ZNF233	0.9499097442862479	0.025045127856876064	0.025045127856876064	
PTCH1	0.9301284343576248	0.034935782821187575	0.034935782821187575	
AKT1	0.016762494019972075	0.4858529822272597	0.4973845237527682	
PNRC1	0.9250769788989399	0.03746151055053	0.03746151055053	
SPATA17	0.9458826853121285	0.027058657343935717	0.027058657343935717	
TXNDC12	0.6872851858390492	0.27517721958365343	0.03753759457729746	
TMEM218	0.9120889269300251	0.043955536534987426	0.043955536534987426	
NSL1	0.8920970979008446	0.053951451049577666	0.053951451049577666	
AC073957.3	0.011801830913880049	0.3161292065634399	0.6720689625226801	
ZNF431	0.8559437355543247	0.10826288717621653	0.03579337726945868	
ARHGEF3	0.019860385186137194	0.3162308209376343	0.6639087938762286	
ACACB	0.02558052649785952	0.02558052649785952	0.948838947004281	
CNN3	0.0218121554150465	0.0218121554150465	0.956375689169907	
HCG18	0.04062219008596609	0.04062219008596609	0.9187556198280679	
MIEN1	0.03824759149807518	0.03824759149807518	0.9235048170038496	
AC102953.2	0.015463209270595014	0.1631752068976271	0.8213615838317778	
DGKZ	0.011207387047738927	0.6537301401410269	0.33506247281123414	
MIR4435-2HG	0.009708737864077669	0.009708737864077669	0.9805825242718447	
PPID	0.6805102802718274	0.28791621218589425	0.031573507542278396	
SAMD1	0.02794910523074895	0.02794910523074895	0.9441017895385021	
SLC9A8	0.024139560257136823	0.024139560257136823	0.9517208794857264	
OSBPL5	0.02932672462797765	0.02932672462797765	0.9413465507440446	
WWTR1	0.8410293056382455	0.14372063518324285	0.015250059178511724	
SREK1IP1	0.9109269257827761	0.04453653710861189	0.04453653710861189	
SLC15A1	0.9718607456031954	0.014069627198402325	0.014069627198402325	
SCNN1A	0.015392384935916971	0.015392384935916971	0.969215230128166	
PTGDR	0.9444267487014654	0.027786625649267302	0.027786625649267302	
FOXP2	0.9046815219496845	0.04765923902515767	0.04765923902515767	
PPP1R36	0.02126847760440976	0.24465633352039398	0.7340751888751963	
ADRA2A	0.015975127291879238	0.015975127291879238	0.9680497454162414	
RMC1	0.026947272735246924	0.026947272735246924	0.9461054545295061	
SYNJ1	0.015514616374917387	0.5008817239824754	0.4836036596426072	
ASB6	0.026027702705133313	0.2669884050175074	0.7069838922773592	
SLC35A4	0.033875902028036066	0.033875902028036066	0.9322481959439278	
DLAT	0.019191316086610465	0.46440622128022013	0.5164024626331694	
ZNF230	0.9366137943860335	0.03169310280698321	0.03169310280698321	
CELF2	0.020145902004749312	0.020145902004749312	0.9597081959905014	
ZFAND1	0.8958480054624924	0.05207599726875372	0.05207599726875372	
STIMATE	0.016066326882779067	0.016066326882779067	0.9678673462344418	
PLXNC1	0.9463696650167511	0.026815167491624433	0.026815167491624433	
CEBPA	0.2432646633069758	0.7478825695571909	0.008852767135833332	
MSRB3	0.9663111701318077	0.016844414934096125	0.016844414934096125	
LINC01088	0.009708737864077669	0.009708737864077669	0.9805825242718447	
KMT2C	0.013075725622324749	0.7125125163253648	0.2744117580523104	
MFSD4A	0.0242220827987611	0.0242220827987611	0.9515558344024777	
GORASP1	0.01957664314522832	0.4762438964892932	0.5041794603654786	
METTL6	0.5590510958699708	0.4149943748290813	0.02595452930094776	
RPL31	0.6471887578686103	0.3165135896796677	0.03629765245172198	
TUSC2	0.027435753732895876	0.2382596381055464	0.7343046081615577	
PHLDB1	0.03384176833435032	0.03384176833435032	0.9323164633312992	
TECR	0.23328830223667418	0.7554762233565817	0.01123547440674419	
PXMP2	0.027224693981605527	0.027224693981605527	0.9455506120367889	
AFAP1	0.018699615637619908	0.4637931914499211	0.5175071929124591	
EVI5L	0.011428086628639894	0.4716939577763363	0.5168779555950238	
ZNF830	0.8868110739737651	0.05659446301311741	0.05659446301311741	
HMGN1	0.3326150534555433	0.6481053134710277	0.019279633073428983	
SYNE1	0.9524434437919896	0.02377827810400518	0.02377827810400518	
CCDC17	0.011281736394112845	0.011281736394112845	0.9774365272117743	
CKS1B	0.26594321134208415	0.7219024734804786	0.012154315177437154	
ZNF442	0.9386062968255352	0.030696851587232368	0.030696851587232368	
AP5S1	0.01939661580804865	0.3171029701908445	0.6635004140011069	
CAMK2G	0.00928643306988776	0.7156134695152728	0.2751000974148394	
WDR1	0.03196030628032022	0.1849357233098303	0.7831039704098495	
CTR9	0.5769286521192587	0.39245489682099916	0.03061645105974213	
FLNB	0.016720938193965237	0.4184711865259596	0.5648078752800753	
PPARA	0.03320120207454168	0.03320120207454168	0.9335975958509166	
CTDP1	0.02845189545946053	0.02845189545946053	0.9430962090810789	
NPDC1	0.02181172772209954	0.02181172772209954	0.9563765445558009	
TERF2IP	0.9092462115901001	0.045376894204949926	0.045376894204949926	
DSG2	0.008710093065377658	0.7930758362568248	0.19821407067779748	
CYC1	0.020985321561144177	0.3302740120479204	0.6487406663909355	
ZNF106	0.03494742147963868	0.03494742147963868	0.9301051570407226	
INPPL1	0.012421311444527081	0.5803322894609781	0.4072463990944947	
POLR2J2	0.013977045447397569	0.06945009266566546	0.916572861886937	
AC007384.1	0.009708737864077669	0.009708737864077669	0.9805825242718447	
DDX60	0.012663432586924546	0.12839002832399102	0.8589465390890845	
AAGAB	0.03682471605433752	0.03682471605433752	0.9263505678913249	
LINC01550	0.009708737864077669	0.009708737864077669	0.9805825242718447	
IFT172	0.02719626283145787	0.02719626283145787	0.9456074743370843	
POLG	0.023067440837480243	0.2851006259278643	0.6918319332346555	
ICMT	0.013357497158329673	0.4482596485347643	0.538382854306906	
GOLGA6L9	0.025527460534029513	0.025527460534029513	0.9489450789319409	
XIAP	0.040648527706114566	0.040648527706114566	0.9187029445877709	
RASGEF1B	0.9332377757922277	0.033381112103886126	0.033381112103886126	
HNRNPDL	0.4257137217792948	0.5514200857218392	0.022866192498866022	
DEPDC7	0.2627997079427085	0.7299713787856437	0.007228913271647856	
TRIM59	0.5319670782142921	0.448431921027831	0.019601000757876717	
FP565260.6	0.017073264918685112	0.017073264918685112	0.9658534701626298	
SPN	0.9555373283436566	0.0222313358281717	0.0222313358281717	
SRP68	0.3385631010910978	0.6385947335539508	0.022842165354951444	
PPL	0.9235529529027862	0.03822352354860691	0.03822352354860691	
PAK2	0.03051212133830978	0.21534272839368812	0.7541451502680021	
HIPK2	0.030362807858229614	0.030362807858229614	0.9392743842835407	
CCL14	0.014701505896641919	0.014701505896641919	0.9705969882067161	
TMX4	0.03483457089737781	0.03483457089737781	0.9303308582052443	
SPTLC2	0.03669648562773306	0.03669648562773306	0.9266070287445338	
MED15	0.015163021862714211	0.5803552319558529	0.4044817461814329	
TPK1	0.028114907514764566	0.11838170518466742	0.853503387300568	
ARPC4	0.037267743959374704	0.037267743959374704	0.9254645120812507	
C11orf74	0.9111902717985632	0.04440486410071836	0.04440486410071836	
FSIP1	0.013799407239762173	0.013799407239762173	0.9724011855204756	
GDF11	0.9429758025828378	0.028512098708581117	0.028512098708581117	
PHF7	0.024109016639252478	0.024109016639252478	0.951781966721495	
AIF1	0.9534181762055726	0.023290911897213714	0.023290911897213714	
SREBF1	0.023370457904308754	0.023370457904308754	0.9532590841913825	
ZNF528	0.9326464668174003	0.03367676659129986	0.03367676659129986	
HEATR5A	0.01876219607386405	0.34729942799880315	0.6339383759273327	
AL137077.2	0.007534196212479214	0.4535063243169171	0.5389594794706036	
CYP4F12	0.020935598574288894	0.020935598574288894	0.9581288028514222	
UBXN11	0.6509856515096314	0.31749632025323954	0.031518028237129035	
GSS	0.024304095599421194	0.3638869860664447	0.6118089183341341	
RBM48	0.9002101196332624	0.049894940183368784	0.049894940183368784	
CLIP3	0.9568088939535168	0.021595553023241586	0.021595553023241586	
ADCY5	0.013255892091717163	0.013255892091717163	0.9734882158165656	
DDX60L	0.015146230392480038	0.3110092908083107	0.6738444787992093	
NCOA6	0.01848331695456254	0.520301326328213	0.46121535671722436	
ATG4A	0.03396450318009745	0.03396450318009745	0.9320709936398051	
RGMB	0.5077555116193673	0.4686113725598351	0.023633115820797617	
GOLGA8A	0.016634621298254233	0.016634621298254233	0.9667307574034915	
PKIG	0.027079136250698552	0.027079136250698552	0.9458417274986028	
AC025423.1	0.00895771694518303	0.43465946862931215	0.5563828144255049	
SYCP3	0.01190470983792837	0.01190470983792837	0.9761905803241432	
NSUN2	0.022205792229010507	0.35485942388389935	0.6229347838870901	
COQ5	0.49085578702231025	0.48575061818415344	0.0233935947935362	
LLGL1	0.9302412905382496	0.034879354730875174	0.034879354730875174	
EEF1AKMT4	0.008412535486014162	0.6348029821229701	0.3567844823910157	
HS6ST1	0.011235746182708358	0.346253403262327	0.6425108505549646	
SDCCAG8	0.8825870557497422	0.05870647212512886	0.05870647212512886	
TTPA	0.006257864022182572	0.6320442662404397	0.3616978697373777	
PIEZO1	0.021152142110537793	0.021152142110537793	0.9576957157789244	
NFATC4	0.9241225343527784	0.03793873282361079	0.03793873282361079	
ZNF610	0.44931468162548044	0.5393564223360505	0.01132889603846898	
FAM174A	0.8945739313502455	0.0527130343248772	0.0527130343248772	
ZNF169	0.023066588054517556	0.023066588054517556	0.9538668238909649	
RNFT1-DT	0.014180557306868796	0.014180557306868796	0.9716388853862624	
INTS6L	0.033833018130617634	0.033833018130617634	0.9323339637387646	
ATG16L1	0.026644554495826346	0.026644554495826346	0.9467108910083473	
RWDD3	0.9200431545249195	0.039978422737540265	0.039978422737540265	
CNOT7	0.34757242607600225	0.6305675102030953	0.021860063720902392	
CTSS	0.029769613847355145	0.029769613847355145	0.9404607723052897	
RNFT1	0.03091053035346399	0.03091053035346399	0.938178939293072	
ZNF571	0.9193458326790761	0.04032708366046193	0.04032708366046193	
MINDY2	0.2778464369372345	0.7066310503530724	0.015522512709693171	
SCARB1	0.5691562573151426	0.40633474778071066	0.024508994904146788	
SPATA33	0.034944768732949515	0.034944768732949515	0.9301104625341009	
CLYBL	0.033961749396322204	0.033961749396322204	0.9320765012073555	
FLAD1	0.015681347787712026	0.5605897414144501	0.42372891079783775	
C7orf31	0.025719906070240484	0.03993070226339086	0.9343493916663685	
ATF7IP2	0.3446446765585246	0.6441807123237848	0.011174611117690527	
EXOSC7	0.9217048661647952	0.03914756691760241	0.03914756691760241	
UGCG	0.9409372649978381	0.02953136750108089	0.02953136750108089	
LRRC17	0.9624622606456184	0.018768869677190828	0.018768869677190828	
GOLGA7	0.8910332253418093	0.05448338732909532	0.05448338732909532	
PEX2	0.8936638115890492	0.053168094205475365	0.053168094205475365	
MICU1	0.8943622329444285	0.05281888352778569	0.05281888352778569	
MTM1	0.03615780250736707	0.03615780250736707	0.9276843949852658	
AC009962.1	0.01485017369585385	0.10136050547477117	0.883789320829375	
TRMT10B	0.8758427963815767	0.07277576958257287	0.051381434035850326	
PDK4	0.010982682839921805	0.010982682839921805	0.9780346343201564	
AL121601.1	0.9421606751324454	0.028919662433777277	0.028919662433777277	
TMEM258	0.8932043047834395	0.05339784760828019	0.05339784760828019	
KIAA1328	0.5990642203424383	0.3768728082527123	0.024062971404849393	
RHOT2	0.021111970749913018	0.5166495728755442	0.46223845637454275	
BNIP3L	0.931128168156785	0.03443591592160745	0.03443591592160745	
RXRA	0.011630065941615498	0.6165570853085781	0.3718128487498063	
CLSTN3	0.9137282928847386	0.0431358535576307	0.0431358535576307	
ARGLU1	0.03357171633077275	0.03357171633077275	0.9328565673384545	
HSD3B7	0.029106182781752893	0.029106182781752893	0.9417876344364942	
PGF	0.22430306110198478	0.7680920669480347	0.007604871949980542	
NAV1	0.008941177831008302	0.6295372474515591	0.36152157471743257	
ZNF142	0.024840942988045508	0.024840942988045508	0.950318114023909	
FTCDNL1	0.931504301600614	0.03424784919969295	0.03424784919969295	
PCNT	0.02898643006979817	0.08719352967660961	0.8838200402535923	
EPB41L3	0.01832103267903655	0.36610207599825745	0.615576891322706	
CRIP2	0.9547405656725323	0.02262971716373386	0.02262971716373386	
BRD3OS	0.9266646208279885	0.03666768958600569	0.03666768958600569	
RELL2	0.006540087303209522	0.5889634525963444	0.4044964601004461	
DNAH7	0.012669306260842632	0.012669306260842632	0.9746613874783148	
TBC1D4	0.025781146920446557	0.025781146920446557	0.9484377061591068	
LDAH	0.5362194960312446	0.4365279330807667	0.02725257088798869	
BLCAP	0.899487639708173	0.05025618014591347	0.05025618014591347	
IFT57	0.02903146943326581	0.02903146943326581	0.9419370611334683	
DYNC1LI2	0.022571974746349952	0.5280949149198876	0.44933311033376244	
LYL1	0.015721070687140994	0.015721070687140994	0.968557858625718	
EPDR1	0.02646421967422714	0.02646421967422714	0.9470715606515456	
HGS	0.020960060880799342	0.5262870910285742	0.45275284809062644	
TMEM51	0.8926081985105587	0.053695900744720595	0.053695900744720595	
PMFBP1	0.020990806838348693	0.020990806838348693	0.9580183863233026	
TSHZ1	0.8941387010007592	0.052930649499620334	0.052930649499620334	
ZNF773	0.6247667666303047	0.3495705481526946	0.025662685217000734	
SPHK2	0.029727912400256875	0.029727912400256875	0.9405441751994862	
HBEGF	0.009708737864077669	0.009708737864077669	0.9805825242718447	
HMGN3	0.2350368133961061	0.7541437697848198	0.010819416819074154	
LBX2-AS1	0.929777600939357	0.035111199530321456	0.035111199530321456	
CGNL1	0.9439665402249747	0.028016729887512633	0.028016729887512633	
MARC1	0.008399250270924917	0.7060869709865752	0.28551377874249984	
SESN1	0.9017705430182611	0.04911472849086943	0.04911472849086943	
KIF22	0.2404174195852575	0.7479174786409688	0.011665101773773634	
PLCE1	0.03635404796956069	0.03635404796956069	0.9272919040608786	
ZRANB2	0.03940167899458231	0.03940167899458231	0.9211966420108354	
HPGDS	0.009708737864077669	0.009708737864077669	0.9805825242718447	
NPC2	0.9018641679105764	0.04906791604471173	0.04906791604471173	
IRF3	0.017850655923745982	0.5934510234251197	0.3886983206511344	
ZNF420	0.4562173916501939	0.5211473890192156	0.022635219330590445	
BAG5	0.022018211190570694	0.3756180680107522	0.6023637207986771	
ARPC1B	0.014387579882852683	0.33491802155373673	0.6506943985634105	
MAOB	0.9616528033278443	0.019173598336077857	0.019173598336077857	
CDC42BPB	0.027820870691797367	0.027820870691797367	0.9443582586164052	
AC006504.5	0.033865504182512676	0.033865504182512676	0.9322689916349746	
MYOF	0.019731147188791997	0.16542366890901608	0.814845183902192	
ABLIM2	0.023704879924786416	0.023704879924786416	0.9525902401504271	
NDUFS6	0.03375005949767014	0.08998902334762199	0.8762609171547079	
AASDH	0.46523430864161275	0.5061805603098539	0.028585131048533236	
LIMK2	0.016521438057962034	0.5593690347436006	0.4241095271984374	
EXOC3L1	0.014047039471689369	0.014047039471689369	0.9719059210566212	
CEP104	0.02776752026331497	0.329762391612223	0.642470088124462	
AC026979.2	0.9356438353310189	0.03217808233449051	0.03217808233449051	
PNKP	0.029331921872718523	0.28252169888607503	0.6881463792412065	
WNT2B	0.02176392776273857	0.02176392776273857	0.9564721444745228	
LOXL2	0.9391795152247223	0.030410242387638807	0.030410242387638807	
CHPF2	0.03096963798425914	0.03096963798425914	0.9380607240314817	
PANK3	0.02866806671012903	0.3459939684779365	0.6253379648119345	
MAL2	0.014637878244673608	0.5848492649383823	0.4005128568169441	
HNRNPA0	0.4221742697246557	0.5500270303508603	0.027798699924483868	
HIVEP3	0.01533534744828838	0.01533534744828838	0.9693293051034232	
ARHGEF2	0.03740587479382743	0.03740587479382743	0.9251882504123452	
EIF3J-DT	0.8860805361412243	0.05695973192938783	0.05695973192938783	
APOBEC3A	0.009708737864077669	0.009708737864077669	0.9805825242718447	
SHKBP1	0.032811089143498624	0.032811089143498624	0.9343778217130027	
TMA16	0.7578238906291821	0.1977236609108258	0.044452448459992064	
IKBKE	0.035258194568292295	0.035258194568292295	0.9294836108634154	
PACS2	0.03491595870139577	0.03491595870139577	0.9301680825972084	
ACAD10	0.02495337107370379	0.31551948360945303	0.6595271453168432	
NR1H3	0.9177608051231162	0.041119597438441874	0.041119597438441874	
REV1	0.026412318931595083	0.3964517191084045	0.5771359619600003	
SEL1L3	0.035345396062939544	0.11311862078257741	0.8515359831544832	
TTLL5	0.026657984013030097	0.39344476312525967	0.5798972528617102	
AC005944.1	0.016894657438261053	0.016894657438261053	0.9662106851234779	
AL731569.1	0.024246705811697362	0.024246705811697362	0.9515065883766052	
STK24	0.02191009358547846	0.38346989440879914	0.5946200120057223	
CD302	0.9011047152406582	0.04944764237967087	0.04944764237967087	
TMEM107	0.927500738920861	0.03624963053956946	0.03624963053956946	
PIP4K2A	0.021641494161459166	0.021641494161459166	0.9567170116770817	
MACF1	0.03786790394101908	0.126670442135879	0.8354616539231019	
KMT5A	0.028000265547860857	0.10519321202904734	0.8668065224230918	
TNK1	0.027148618049157438	0.027148618049157438	0.9457027639016851	
ADGRL3	0.6381051171564037	0.35148636221152035	0.010408520632075884	
CUL9	0.029011908381225394	0.029011908381225394	0.9419761832375492	
NUDT22	0.020122626105507493	0.38615887756377537	0.593718496330717	
RPS21	0.5058809932505355	0.4681294597459587	0.0259895470035057	
CFAP44	0.026615513251552574	0.026615513251552574	0.9467689734968948	
AL139246.5	0.026728375752579386	0.026728375752579386	0.9465432484948412	
TMEM42	0.9089820720590295	0.04550896397048521	0.04550896397048521	
MAN1C1	0.6000195459378139	0.3854563362000302	0.01452411786215599	
AL365203.2	0.00945306771251412	0.33335233839710354	0.6571945938903824	
CCSER1	0.010406929958958014	0.4823476767987831	0.5072453932422589	
GORAB	0.02477457257004972	0.2613207352887175	0.7139046921412328	
KLF11	0.9418952238172721	0.029052388091363932	0.029052388091363932	
URB2	0.012756259809442345	0.16343666973910517	0.8238070704514525	
B3GAT2	0.023896890648613753	0.023896890648613753	0.9522062187027724	
MICB	0.009708737864077669	0.009708737864077669	0.9805825242718447	
TRIM25	0.022760183398838903	0.022760183398838903	0.9544796332023222	
ATP2A3	0.02737824233538723	0.02737824233538723	0.9452435153292255	
TMEM60	0.8997648173076802	0.05011759134615985	0.05011759134615985	
UNC13B	0.04484018254906568	0.04484018254906568	0.9103196349018687	
TRAF3IP1	0.02307247102868481	0.02307247102868481	0.9538550579426304	
KIAA0930	0.02521628525318932	0.02521628525318932	0.9495674294936213	
ZNF627	0.9077788348383735	0.04611058258081318	0.04611058258081318	
RMND5A	0.8682365145757398	0.08198375670077569	0.04977972872348451	
PITPNM1	0.019921486354273883	0.019921486354273883	0.9601570272914522	
EXOC8	0.03395674480511821	0.03395674480511821	0.9320865103897635	
PPP2R5E	0.03851886712739638	0.05790748462718385	0.9035736482454196	
NUDT2	0.9117279966926756	0.04413600165366219	0.04413600165366219	
CDH3	0.5766668287704881	0.41231731220296336	0.011015859026548398	
CASTOR1	0.3304640768439323	0.6588258732330909	0.010710049922976679	
SHROOM2	0.9138801754110177	0.04305991229449111	0.04305991229449111	
TINAGL1	0.013034360408993586	0.5468436242171093	0.44012201537389717	
SAMD10	0.01856194172835224	0.01856194172835224	0.9628761165432955	
CTIF	0.02762219668633135	0.02762219668633135	0.9447556066273373	
ADPRHL2	0.6329863188889215	0.33199668000654775	0.03501700110453076	
ECM2	0.9586734639112873	0.02066326804435635	0.02066326804435635	
LAPTM4B	0.9297311602675289	0.03513441986623552	0.03513441986623552	
GZMA	0.009708737864077669	0.009708737864077669	0.9805825242718447	
FTL	0.9176472853116271	0.04117635734418641	0.04117635734418641	
GOLGA1	0.0382158883952291	0.0382158883952291	0.9235682232095417	
FAM83H	0.008651956852017414	0.628257625926217	0.3630904172217655	
VAV3	0.3226429281797173	0.662184453440524	0.015172618379758711	
KIRREL1	0.9616808348771423	0.01915958256142882	0.01915958256142882	
GUCY1B1	0.9802298911153243	0.009885054442337813	0.009885054442337813	
THUMPD2	0.6230608308911912	0.3469454509235239	0.029993718185284773	
RHNO1	0.39270082785778243	0.5897199768038784	0.01757919533833911	
PYGL	0.0151074804758686	0.0151074804758686	0.9697850390482627	
OPA1	0.024625072794735973	0.2599996954087778	0.7153752317964862	
BIN1	0.9067429309427543	0.0466285345286228	0.0466285345286228	
TFRC	0.01823382304719041	0.47403992402385703	0.5077262529289526	
ATRN	0.9153794200606458	0.042310289969677055	0.042310289969677055	
RIN2	0.02680533279526478	0.02680533279526478	0.9463893344094704	
LMTK2	0.016825807257045793	0.30917217354528204	0.6740020191976722	
RP9	0.9004859691767297	0.04975701541163507	0.04975701541163507	
CRACR2B	0.03586360879834847	0.03586360879834847	0.928272782403303	
PKN1	0.9206591900142228	0.039670404992888555	0.039670404992888555	
LPAR3	0.9557466110578526	0.02212669447107366	0.02212669447107366	
IKBKB	0.0402829403216066	0.0402829403216066	0.9194341193567869	
CCDC189	0.02560932550744136	0.02560932550744136	0.9487813489851172	
ZNF341	0.010932634381492775	0.37382845986535396	0.6152389057531533	
RPS6KA2	0.020322727686455856	0.020322727686455856	0.9593545446270882	
CEMIP	0.01653493461683029	0.01653493461683029	0.9669301307663394	
PSMD10	0.9059477282670204	0.04702613586648976	0.04702613586648976	
LINC01588	0.0243220122815982	0.06335880378630158	0.9123191839321002	
AASDHPPT	0.9083482960249369	0.0458258519875315	0.0458258519875315	
SCAP	0.020818013673373645	0.3593591404626922	0.6198228458639341	
TST	0.022737676814119943	0.022737676814119943	0.95452464637176	
TCF3	0.03394488011698492	0.03394488011698492	0.9321102397660301	
DOT1L	0.011262333565146873	0.6000731080580305	0.3886645583768226	
SEC62	0.8990194454685132	0.05049027726574337	0.05049027726574337	
DUS4L	0.5013196509009853	0.47136848193649944	0.02731186716251524	
POLD3	0.014967289088378983	0.4607233011119188	0.5243094097997022	
MVD	0.029873396036673452	0.029873396036673452	0.940253207926653	
GKAP1	0.9008784477259949	0.04956077613700253	0.04956077613700253	
EEF1AKMT2	0.5308003676660459	0.4413840453785372	0.02781558695541694	
STK11	0.03536144346957144	0.03536144346957144	0.929277113060857	
POC1B	0.04115145098876399	0.04115145098876399	0.917697098022472	
AURKB	0.3741536045125217	0.6169487141205681	0.008897681366910219	
HIKESHI	0.5944989756085498	0.3722871193038168	0.03321390508763335	
ZBED4	0.02044605595714564	0.06130832681135638	0.918245617231498	
TSTD2	0.024240506520349252	0.19438467433026635	0.7813748191493843	
NKAP	0.43507855215888513	0.5403484447294439	0.024573003111671037	
TP53I11	0.013157018308711181	0.4021572021179726	0.5846857795733161	
CHAC2	0.020317839598931253	0.020317839598931253	0.9593643208021374	
STK4	0.036704060856644655	0.036704060856644655	0.9265918782867106	
WDR78	0.022507984700364084	0.022507984700364084	0.9549840305992718	
AGTRAP	0.9152713174630488	0.042364341268475575	0.042364341268475575	
AC092171.4	0.014117653436311184	0.014117653436311184	0.9717646931273776	
SNX29	0.034289935883188405	0.034289935883188405	0.9314201282336231	
AC112220.2	0.009307166095888424	0.4253207744126873	0.5653720594914243	
PREP	0.8763194372470169	0.06184028137649151	0.06184028137649151	
AC114763.1	0.9356785644360325	0.03216071778198372	0.03216071778198372	
PER3	0.01427161938375869	0.01427161938375869	0.9714567612324826	
PARP12	0.02180629501984587	0.02180629501984587	0.9563874099603082	
FCGR2A	0.958519748333067	0.020740125833466506	0.020740125833466506	
RGS13	0.010586181282387896	0.010586181282387896	0.9788276374352242	
S100A16	0.03396768811403438	0.03396768811403438	0.9320646237719312	
CCM2	0.03363611567754115	0.03363611567754115	0.9327277686449177	
TM4SF1	0.010359605277559955	0.010359605277559955	0.9792807894448801	
NRP2	0.9599098539919101	0.020045073004044935	0.020045073004044935	
BOLA3	0.03552433245308886	0.03552433245308886	0.9289513350938222	
PPFIA3	0.024752239612856483	0.024752239612856483	0.950495520774287	
GYG1	0.8907990942176547	0.05460045289117259	0.05460045289117259	
SLC9A5	0.013696054099275214	0.013696054099275214	0.9726078918014496	
POLR2M	0.8909124047576403	0.05454379762117981	0.05454379762117981	
NOMO3	0.022537998521528692	0.022537998521528692	0.9549240029569426	
EMP1	0.009708737864077669	0.009708737864077669	0.9805825242718447	
ANO8	0.012900006943430492	0.4456981951488511	0.5414017979077184	
RPS3A	0.5334433652991586	0.43511354685746373	0.031443087843377696	
CCNA2	0.49162364058597735	0.4970903427760721	0.011286016637950596	
CDKL5	0.39471238648478363	0.5877292113294897	0.017558402185726643	
POLR2C	0.4597188710790605	0.516059083721925	0.024222045199014403	
COX7A2	0.035704081162973855	0.1529080190174738	0.8113878998195523	
ANKRD36C	0.02954330373626535	0.02954330373626535	0.9409133925274692	
FOXK2	0.023615487720305212	0.09825292389581738	0.8781315883838774	
ESD	0.907309436232995	0.04634528188350248	0.04634528188350248	
CDC42EP2	0.9382539171485008	0.03087304142574955	0.03087304142574955	
CENPB	0.023551879384931165	0.023551879384931165	0.9528962412301376	
FAR2	0.023096096136310546	0.4160982856710901	0.5608056181925994	
RACGAP1	0.4097539438211624	0.5767405811109552	0.0135054750678825	
SLC35E4	0.017686173647353347	0.017686173647353347	0.9646276527052933	
FAM160B2	0.009378467849571859	0.6956673197770455	0.29495421237338265	
PTP4A1	0.1985911590224911	0.7931954428400537	0.008213398137455218	
ZNF800	0.04269461650778625	0.04269461650778625	0.9146107669844276	
MID2	0.9445009642807515	0.02774951785962425	0.02774951785962425	
NDUFS7	0.04018036125635817	0.04018036125635817	0.9196392774872837	
MAP3K21	0.025590414154812918	0.025590414154812918	0.9488191716903741	
GBP2	0.9332938720005368	0.033353063999731564	0.033353063999731564	
STOX2	0.009708737864077669	0.009708737864077669	0.9805825242718447	
AC025580.2	0.024826337366116658	0.024826337366116658	0.9503473252677667	
ISL1	0.3855518439662259	0.6067374743521681	0.007710681681606055	
RBBP8	0.029960162517638698	0.029960162517638698	0.9400796749647226	
IMPDH2	0.4937469340439573	0.48067566132947165	0.025577404626571053	
SPRTN	0.03207145402144288	0.03207145402144288	0.9358570919571142	
PART1	0.021616617842167056	0.021616617842167056	0.9567667643156659	
TDRD3	0.04342707746182475	0.04342707746182475	0.9131458450763505	
RGS11	0.01278749893918497	0.01278749893918497	0.9744250021216301	
ZNFX1	0.02905072008011282	0.02905072008011282	0.9418985598397743	
CLPTM1L	0.024038603745349392	0.19483840942887312	0.7811229868257775	
SBNO2	0.02965297456951362	0.02965297456951362	0.9406940508609727	
MREG	0.013165297461240236	0.5994412562427199	0.3873934462960398	
SNRPA	0.30285232155489006	0.6781915124954773	0.018956165949632488	
BEND7	0.015450545739080444	0.4378098658277588	0.5467395884331608	
HNRNPL	0.3952752369505728	0.5833196928310808	0.0214050702183464	
STXBP5	0.02367868742304726	0.22833005873672996	0.7479912538402228	
HNRNPA1P48	0.5318125937838908	0.4459009087359099	0.022286497480199393	
FGD4	0.05132476898077515	0.05132476898077515	0.8973504620384498	
AACS	0.0373578839950898	0.0373578839950898	0.9252842320098205	
SLTM	0.017588928671578876	0.6327095828233728	0.3497014885050483	
GPR89B	0.7686348252937446	0.19744335282346287	0.03392182188279255	
AGPAT4	0.018322485434144806	0.018322485434144806	0.9633550291317103	
NHLRC3	0.9015015821345878	0.04924920893270607	0.04924920893270607	
ZNF577	0.9290645472207688	0.03546772638961554	0.03546772638961554	
SERPINB1	0.027732595094293773	0.16296073153895452	0.8093066733667518	
HLA-C	0.016889372961091248	0.016889372961091248	0.9662212540778174	
CARMN	0.9698189762436836	0.015090511878158146	0.015090511878158146	
RPL34	0.8921111306212454	0.05394443468937727	0.05394443468937727	
MKNK2	0.013594837244240113	0.44804617685438186	0.538358985901378	
ZNF582-AS1	0.9634579844643683	0.01827100776781585	0.01827100776781585	
PLAUR	0.009708737864077669	0.009708737864077669	0.9805825242718447	
TBC1D15	0.9107331601234246	0.04463341993828762	0.04463341993828762	
FAM162A	0.03103367315437223	0.03103367315437223	0.9379326536912554	
AC011468.5	0.9523290423375917	0.02383547883120408	0.02383547883120408	
ASMTL-AS1	0.0227218220444976	0.0227218220444976	0.9545563559110047	
C4orf48	0.02680732533013238	0.02680732533013238	0.9463853493397352	
TRAM1	0.8893052239641474	0.05534738801792626	0.05534738801792626	
BCKDHA	0.9300652533893204	0.03496737330533972	0.03496737330533972	
CPNE2	0.031161937141238622	0.031161937141238622	0.9376761257175227	
SIPA1L3	0.027698071485626828	0.027698071485626828	0.9446038570287463	
IL1RL2	0.012019874454805577	0.012019874454805577	0.9759602510903889	
ACVR2B	0.34039480139596967	0.6456417729137744	0.013963425690255857	
OAZ2	0.8765755930826565	0.06171220345867168	0.06171220345867168	
BTBD6	0.03254001762132551	0.03254001762132551	0.934919964757349	
TTC7A	0.017191892290300093	0.3104772758506743	0.6723308318590254	
TP53I3	0.02237603822693467	0.02237603822693467	0.9552479235461306	
NDUFS1	0.03270672729968985	0.17518154303491712	0.7921117296653931	
GLT8D1	0.8619687717224495	0.08966425067757874	0.04836697759997175	
AC006213.2	0.9328178217070936	0.03359108914645319	0.03359108914645319	
NOTCH1	0.023273490517211275	0.023273490517211275	0.9534530189655774	
LEPR	0.9472586785763634	0.026370660711818292	0.026370660711818292	
ISG20	0.01421035355977896	0.01421035355977896	0.9715792928804421	
CHD1	0.044640521585369464	0.044640521585369464	0.9107189568292611	
PRRT2	0.017602523804254453	0.017602523804254453	0.964794952391491	
IFT46	0.9084790857436115	0.04576045712819424	0.04576045712819424	
AC003102.1	0.02221817314467431	0.02221817314467431	0.9555636537106513	
NINJ2	0.01844853673487435	0.01844853673487435	0.9631029265302513	
ZNF667	0.9644709662791278	0.017764516860436085	0.017764516860436085	
EXOC6B	0.009302338164134023	0.6582255185335182	0.3324721433023477	
EID2B	0.9448775230602264	0.027561238469886767	0.027561238469886767	
ZNF579	0.9277904218202744	0.036104789089862775	0.036104789089862775	
IL15	0.02071919394781326	0.02071919394781326	0.9585616121043734	
C17orf75	0.44281894842404734	0.5336266247981286	0.02355442677782412	
NBPF20	0.022815327520622954	0.022815327520622954	0.954369344958754	
HRAS	0.018621561677618467	0.4852540449438751	0.4961243933785064	
CLIC5	0.006532575130946084	0.5569215558909928	0.43654586897806114	
CAPN2	0.02596862738416901	0.02596862738416901	0.9480627452316619	
TMEM154	0.010471404073553063	0.29015050631189426	0.6993780896145526	
ZFP62	0.8962730229864041	0.05186348850679792	0.05186348850679792	
RAP1GAP2	0.008510467411672948	0.6119029543739686	0.37958657821435854	
PRUNE1	0.8883456853641291	0.05582715731793544	0.05582715731793544	
TM9SF4	0.535856080554258	0.4260914055673726	0.038052513878369394	
MZT2B	0.9006950944923877	0.049652452753806114	0.049652452753806114	
FUT8-AS1	0.3280275033922041	0.6591228537703038	0.01284964283749214	
AL161421.1	0.9271690050872909	0.03641549745635448	0.03641549745635448	
SEMA4C	0.2866910242186527	0.702444191910174	0.010864783871173253	
PAGR1	0.66585875099916	0.30784086096782404	0.02630038803301597	
NUDT14	0.04542734035489674	0.04542734035489674	0.9091453192902066	
SLC16A5	0.00960928179166474	0.6502082104882516	0.34018250772008357	
BHLHE41	0.017574721983126717	0.017574721983126717	0.9648505560337466	
CCDC142	0.03126544189937094	0.03126544189937094	0.9374691162012581	
ARPC5	0.02160006781953249	0.3845274071717129	0.5938725250087546	
GSDME	0.4243909540389393	0.5670717436582534	0.00853730230280729	
PLPBP	0.036410542288931314	0.036410542288931314	0.9271789154221373	
HDAC4	0.03125770147971647	0.03125770147971647	0.937484597040567	
CDH11	0.9595295945638395	0.02023520271808027	0.02023520271808027	
IQGAP2	0.03889733504226583	0.03889733504226583	0.9222053299154683	
KCTD5	0.029448696585096173	0.029448696585096173	0.9411026068298076	
ELOA-AS1	0.7579015591480002	0.21033512122879727	0.031763319623202564	
FBLIM1	0.012056491528254982	0.46336796292044174	0.5245755455513034	
COX8A	0.03732889825960128	0.03732889825960128	0.9253422034807975	
YTHDC1	0.2830906730874996	0.699721016902134	0.017188310010366307	
FAM122A	0.8894108166932103	0.06677190369330564	0.043817279613484014	
ZNF655	0.01868141017140907	0.5293180813937974	0.4520005084347936	
SWAP70	0.4167962407994768	0.5583537371550418	0.024850022045481462	
HECTD1	0.030720867312575204	0.27342710836953704	0.6958520243178877	
NDUFB2	0.041067413115102536	0.041067413115102536	0.9178651737697949	
PTPA	0.031589685210108305	0.23865857601811877	0.729751738771773	
NOS1AP	0.02685627672796217	0.02685627672796217	0.9462874465440756	
PKHD1	0.9580974795390251	0.020951260230487413	0.020951260230487413	
AQP1	0.015244643289642952	0.015244643289642952	0.969510713420714	
RBMX2	0.8872966302492175	0.05635168487539123	0.05635168487539123	
PPIL1	0.9330691651021876	0.033465417448906166	0.033465417448906166	
MBD3	0.009355328314386907	0.7231297626659386	0.2675149090196745	
SP6	0.3103078064262675	0.6802259907505074	0.009466202823225236	
ORC3	0.6096412015201625	0.35254742159204033	0.0378113768877972	
FAM20C	0.9407329165796959	0.02963354171015199	0.02963354171015199	
CLMP	0.9605626077804086	0.019718696109795732	0.019718696109795732	
CIRBP	0.9052309513637369	0.04738452431813151	0.04738452431813151	
RHOBTB3	0.15045884727586104	0.8409538857653852	0.00858726695875372	
ZNF618	0.9380552816206469	0.03097235918967654	0.03097235918967654	
SNTA1	0.9340443821644281	0.03297780891778591	0.03297780891778591	
PCDHGC3	0.013925089785357565	0.013925089785357565	0.9721498204292849	
GLYR1	0.044878692954816425	0.15052402332376988	0.8045972837214136	
RETSAT	0.021677945539755668	0.021677945539755668	0.9566441089204887	
TOR4A	0.022143610279761784	0.022143610279761784	0.9557127794404764	
EPS8L1	0.006309032597150718	0.6372122923122224	0.3564786750906268	
PRKRIP1	0.47351957363919445	0.4943835110805846	0.03209691528022102	
JAK1	0.041213688970376174	0.041213688970376174	0.9175726220592477	
HERC3	0.03129967367458563	0.03129967367458563	0.9374006526508287	
AL158163.2	0.015138937513804112	0.015138937513804112	0.9697221249723917	
MUS81	0.04039245027484259	0.04039245027484259	0.9192150994503149	
GBF1	0.01940390694715961	0.6256453363716178	0.35495075668122267	
DDA1	0.015197492806957145	0.5739117791364563	0.41089072805658644	
SCRIB	0.012972028381352507	0.5455604105563209	0.44146756106232654	
PIR	0.017382009193974726	0.10438853443244804	0.8782294563735773	
INTS1	0.016473191472219966	0.47986819865945124	0.5036586098683288	
FAM13A	0.3083678245709555	0.6833554402914477	0.00827673513759688	
GOLGA2	0.021858373074009493	0.5744698975971795	0.4036717293288109	
MT1H	0.5887881792997349	0.40218955360411074	0.009022267096154418	
ADAT3	0.012037477389600027	0.4760467375162904	0.5119157850941096	
MAD2L1	0.43143583376326045	0.5566756285572352	0.011888537679504466	
CCRL2	0.9103065968636305	0.044846701568184745	0.044846701568184745	
SPG7	0.036144431671566425	0.036144431671566425	0.9277111366568671	
TMC6	0.02913589110935564	0.02913589110935564	0.9417282177812887	
KLLN	0.015207776619835791	0.19617812025655687	0.7886141031236074	
GLUD1	0.028190020631834196	0.028190020631834196	0.9436199587363315	
AC108134.2	0.5468583887767434	0.4425418765917345	0.010599734631522046	
PHIP	0.4198516506499805	0.5529816819149982	0.027166667435021302	
SLC39A3	0.035844528915122985	0.035844528915122985	0.928310942169754	
RPL5	0.7229908757560551	0.2363365103487515	0.040672613895193305	
TOP2A	0.3527377543526593	0.6394922522836903	0.007769993363650346	
TMEM238	0.9485485661030776	0.025725716948461187	0.025725716948461187	
AL132656.2	0.022100850557259223	0.022100850557259223	0.9557982988854815	
NUTF2	0.2311324761403384	0.7542178409490716	0.014649682910589957	
OSCP1	0.5718053288746944	0.4096270561063421	0.01856761501896352	
RAB4B	0.02039691353494097	0.02039691353494097	0.959206172930118	
ZNF304	0.9315881373537518	0.03420593132312408	0.03420593132312408	
LPIN3	0.03876007114862696	0.03876007114862696	0.922479857702746	
PDRG1	0.5140371921348067	0.45619810889952495	0.02976469896566847	
LDLRAD3	0.9498258832960996	0.025087058351950187	0.025087058351950187	
PLOD1	0.8883253001148554	0.055837349942572244	0.055837349942572244	
TXNL4B	0.8927129185723355	0.053643540713832205	0.053643540713832205	
PXDN	0.9476003320876755	0.026199833956162218	0.026199833956162218	
KRIT1	0.8748591923728436	0.06257040381357815	0.06257040381357815	
ETV5	0.4084673259384713	0.5785226439933816	0.013010030068147115	
REXO2	0.9187758155920228	0.04061209220398858	0.04061209220398858	
TFAP2C	0.005249581154339395	0.4860899886736125	0.5086604301720481	
CRCP	0.03920255620003768	0.03920255620003768	0.9215948875999246	
ME1	0.9338992929909281	0.03305035350453591	0.03305035350453591	
GCNA	0.016941513791696165	0.016941513791696165	0.9661169724166077	
CYTOR	0.011924442865471653	0.011924442865471653	0.9761511142690567	
PTPDC1	0.031942073111019174	0.031942073111019174	0.9361158537779616	
AL591845.1	0.30830541963686314	0.6835413844071004	0.008153195956036316	
CCDC96	0.021437870821966777	0.021437870821966777	0.9571242583560664	
FAM50B	0.9311622937712237	0.03441885311438809	0.03441885311438809	
ZNF414	0.5753714709410985	0.40001673595885234	0.024611793100049083	
MICA	0.014554891178443788	0.014554891178443788	0.9708902176431125	
LRRIQ3	0.9460215817170952	0.02698920914145241	0.02698920914145241	
CCDC50	0.04622695186989489	0.04622695186989489	0.9075460962602103	
ZNF85	0.9382994222882644	0.030850288855867807	0.030850288855867807	
SPCS3	0.032368345225091466	0.032368345225091466	0.935263309549817	
OSER1	0.6044141778044582	0.37071132506850396	0.024874497127037865	
IGF1R	0.9174332806839581	0.041283359658020886	0.041283359658020886	
ADAMTSL1	0.028636169773088912	0.028636169773088912	0.9427276604538222	
PPIL3	0.9015977467000409	0.04920112664997954	0.04920112664997954	
PRELID3B	0.013314965328535955	0.6378452779226255	0.34883975674883866	
HOXD11	0.96113870880275	0.01943064559862504	0.01943064559862504	
NDUFB8	0.0264429102621746	0.0264429102621746	0.9471141794756508	
ARL17A	0.018299226424679828	0.018299226424679828	0.9634015471506403	
SETBP1	0.9370636299869701	0.03146818500651491	0.03146818500651491	
TJP3	0.010941117302993004	0.5877188581886795	0.4013400245083274	
TLNRD1	0.02641639533615104	0.02641639533615104	0.9471672093276978	
TMEM45A	0.9609516499273415	0.019524175036329233	0.019524175036329233	
TBCE	0.021485037196630148	0.021485037196630148	0.9570299256067397	
RPS24	0.8886076976069794	0.05569615119651024	0.05569615119651024	
KNSTRN	0.2738306258993721	0.7173055366922155	0.008863837408412251	
THBS2	0.9657396778707058	0.01713016106464711	0.01713016106464711	
COPS8	0.8896419068227392	0.05517904658863033	0.05517904658863033	
AATK	0.9504195398350126	0.02479023008249371	0.02479023008249371	
SLC45A4	0.02082260908256596	0.02082260908256596	0.958354781834868	
FOXN2	0.3090418901740185	0.6749028855119908	0.0160552243139906	
RPS23	0.8917568896611624	0.054121555169418724	0.054121555169418724	
ZSCAN31	0.02286093860932295	0.02286093860932295	0.954278122781354	
KCTD21	0.027467313064301946	0.027467313064301946	0.9450653738713961	
ARHGEF11	0.028285237336580032	0.028285237336580032	0.9434295253268399	
SIGIRR	0.03960782943902813	0.03960782943902813	0.9207843411219436	
ACYP1	0.4756408176634872	0.497942967641881	0.02641621469463173	
PAIP1	0.6303404919732464	0.32668902672097444	0.04297048130577919	
SH3BP1	0.027760642282503623	0.15163386788101804	0.8206054898364784	
ZNF613	0.551231912456052	0.4250237667692244	0.023744320774723607	
FAM241B	0.9296286422922772	0.03518567885386137	0.03518567885386137	
NMI	0.02554597741681648	0.4179201990629543	0.5565338235202292	
LINC02021	0.9395724828499914	0.030213758575004294	0.030213758575004294	
LAMB2	0.8975441919289847	0.05122790403550762	0.05122790403550762	
MAP3K6	0.0260086848849983	0.0260086848849983	0.9479826302300034	
ACOX1	0.011488578847357635	0.5377040113263579	0.45080740982628437	
GOLIM4	0.03807150319628128	0.03807150319628128	0.9238569936074374	
SLC37A3	0.04771933123914998	0.04771933123914998	0.9045613375217001	
AC103740.1	0.009705142256647366	0.21409450839882288	0.7762003493445297	
TBL2	0.27300879149869384	0.7102693516641244	0.016721856837181706	
SAMD11	0.9683490804513515	0.015825459774324247	0.015825459774324247	
CWF19L2	0.9218756002457285	0.03906219987713572	0.03906219987713572	
EXOC1	0.025562319528589738	0.4348590303240467	0.5395786501473635	
MAPRE3	0.02192613757936822	0.02192613757936822	0.9561477248412635	
PLEKHA6	0.007864635987521865	0.7943282347397083	0.19780712927276983	
NANS	0.020802037266745815	0.2743670489840665	0.7048309137491876	
SLC25A13	0.04762162911842607	0.04762162911842607	0.9047567417631479	
HIGD1A	0.01493735065909601	0.41226222630846177	0.5728004230324422	
PLD6	0.6846958619231668	0.28912928087031914	0.026174857206514093	
ADAMTS17	0.020633226313289937	0.020633226313289937	0.9587335473734201	
SUDS3	0.01823184272335898	0.610690451413745	0.37107770586289596	
CAPS2	0.01647578854796057	0.01647578854796057	0.9670484229040789	
YARS2	0.5481756748793665	0.4216070060319868	0.0302173190886467	
CCDC84	0.026877747996313654	0.33514397914804267	0.6379782728556437	
TMCC3	0.018922931871425627	0.018922931871425627	0.9621541362571487	
SLC25A27	0.9260709011319205	0.036964549434039706	0.036964549434039706	
TBC1D22A	0.04459731859947436	0.04459731859947436	0.9108053628010513	
CBY1	0.5059901026047169	0.46452306233573015	0.029486835059552966	
FNBP1	0.04242325700216431	0.04242325700216431	0.9151534859956715	
ZNF430	0.8941060644646156	0.05294696776769216	0.05294696776769216	
C9orf24	0.02311118250111532	0.02311118250111532	0.9537776349977694	
LHFPL6	0.9576837621754116	0.021158118912294147	0.021158118912294147	
TMEM183A	0.03208621110776261	0.3053699203542585	0.662543868537979	
AK4	0.9131976776773431	0.04340116116132845	0.04340116116132845	
NDUFB7	0.023288116013681	0.35448589454270674	0.6222259894436122	
AFG3L2	0.028841014171272817	0.39923930165193655	0.5719196841767906	
APOL2	0.025363755538763536	0.025363755538763536	0.9492724889224728	
EIF5A	0.024084282492371857	0.3014719555071864	0.6744437620004418	
CDC23	0.5508388207474615	0.4229681748067911	0.026193004445747257	
PDK2	0.9209651208468193	0.03951743957659036	0.03951743957659036	
PAAF1	0.9128088457778107	0.04359557711109461	0.04359557711109461	
ELOB	0.04502085240105254	0.04502085240105254	0.909958295197895	
AL391988.1	0.010559061184131831	0.010559061184131831	0.9788818776317363	
C9orf40	0.26249085129904326	0.7248093260283701	0.01269982267258667	
UGT2B7	0.948545679045461	0.025727160477269466	0.025727160477269466	
GDPGP1	0.019649161658861197	0.019649161658861197	0.9607016766822777	
AC011043.1	0.525838664688509	0.4597544416186309	0.014406893692860205	
PTOV1	0.3622164801510016	0.6177015123284082	0.020082007520590188	
HECTD3	0.029114225998807405	0.029114225998807405	0.9417715480023852	
COX7B	0.035455185593897307	0.035455185593897307	0.9290896288122054	
NCMAP	0.29525881181637165	0.6975072777856792	0.0072339103979491975	
MOB3B	0.016579290857745396	0.6881448591129182	0.2952758500293364	
PDGFRB	0.9577526367190919	0.02112368164045402	0.02112368164045402	
NFIL3	0.9309103384289676	0.034544830785516144	0.034544830785516144	
FYTTD1	0.03556471251116712	0.03556471251116712	0.9288705749776657	
C1orf56	0.9418276761904444	0.029086161904777755	0.029086161904777755	
ABHD4	0.9291712010188599	0.03541439949057005	0.03541439949057005	
SNX3	0.7093111668304016	0.2535089696004379	0.03717986356916045	
USB1	0.018074457797802326	0.4011225982435832	0.5808029439586145	
FAM218A	0.9538148675992641	0.02309256620036791	0.02309256620036791	
GFER	0.01710258296787795	0.45183793591906063	0.5310594811130614	
NAA10	0.0170633592840909	0.49316748526073423	0.48976915545517496	
RNF10	0.022595537038118712	0.4501406988558955	0.5272637641059859	
KMT2D	0.029954770828294616	0.029954770828294616	0.9400904583434108	
ZNF57	0.3190083857722052	0.6687379841115118	0.012253630116283054	
ASNS	0.0321788728756225	0.0321788728756225	0.9356422542487549	
ETF1	0.017980239940922946	0.5843960167878333	0.39762374327124367	
TSTD3	0.9004563630695853	0.04977181846520731	0.04977181846520731	
LPAR6	0.9290514599667544	0.03547427001662278	0.03547427001662278	
AP3D1	0.023088654179162567	0.4494476712732391	0.5274636745475983	
FZD3	0.9353706730344826	0.032314663482758646	0.032314663482758646	
CARS	0.01846762639790644	0.4484790326749976	0.533053340927096	
IMPDH1	0.02271439730991495	0.02271439730991495	0.95457120538017	
ACADVL	0.011999621057783506	0.6420610256092836	0.34593935333293296	
BAIAP2L1	0.00894167164398689	0.7200455709751415	0.27101275738087155	
NACA	0.7144093745658232	0.2420260395654581	0.04356458586871864	
ALCAM	0.02538021097366102	0.02538021097366102	0.9492395780526779	
TIGD2	0.2394194645109328	0.7525975211790872	0.007983014309979972	
ABCA1	0.02053698825263034	0.02053698825263034	0.9589260234947393	
PSMD2	0.02063415534375461	0.4723650259638603	0.507000818692385	
AC016027.1	0.009948688068635522	0.4324013959384076	0.5576499159929569	
DNAJB9	0.7504503734185373	0.22054045865892608	0.029009167922536588	
LRR1	0.013499166518797906	0.582663052102857	0.403837781378345	
TVP23B	0.3482430447981806	0.6340054340440116	0.017751521157807842	
HMCN2	0.017097788918197743	0.017097788918197743	0.9658044221636045	
ZNF570	0.6214013049398527	0.34667373143594965	0.0319249636241978	
CDC42	0.024387862038450243	0.38265754053737977	0.59295459742417	
LEAP2	0.01796847139056421	0.028156146304463506	0.9538753823049723	
AC074032.1	0.015959541757010053	0.4254936529118038	0.5585468053311862	
GAB2	0.02156222544304795	0.02156222544304795	0.956875549113904	
TTK	0.3122828168531935	0.6806620474244354	0.007055135722371149	
CDHR1	0.025129853932913095	0.025129853932913095	0.9497402921341738	
N4BP2	0.26540066074487156	0.71910064686796	0.015498692387168332	
PPP3CC	0.886772983037609	0.05661350848119545	0.05661350848119545	
LSMEM1	0.013501926744408218	0.11572164656113298	0.8707764266944588	
ORMDL2	0.04064315998439927	0.04064315998439927	0.9187136800312015	
MYD88	0.026018861397959135	0.026018861397959135	0.9479622772040817	
SULT1A3	0.5489780244294863	0.4320260457356531	0.018995929834860457	
PDCD7	0.4774896769692563	0.4994371475552039	0.023073175475539727	
AKR1C1	0.9516890705644564	0.024155464717771802	0.024155464717771802	
ZBED6CL	0.0084297398862054	0.6254540768844237	0.366116183229371	
PPT2	0.9187859147054366	0.04060704264728168	0.04060704264728168	
WDR75	0.8969246633881273	0.05153766830593631	0.05153766830593631	
OXSM	0.47272338759030097	0.49790179488396197	0.029374817525737118	
AC245297.3	0.9411778307876848	0.02941108460615757	0.02941108460615757	
NDST1	0.017515402887059595	0.3995398217238575	0.5829447753890828	
TSPAN2	0.934817462409422	0.03259126879528899	0.03259126879528899	
ANKMY2	0.3649900394754826	0.6141215346504895	0.020888425874027904	
AC103591.3	0.9622062239611207	0.018896888019439676	0.018896888019439676	
RRAGB	0.8953645163509257	0.0523177418245371	0.0523177418245371	
TNS1	0.9561682840954225	0.021915857952288703	0.021915857952288703	
SLC25A43	0.026919552618327344	0.22915313746305394	0.7439273099186188	
CORO1B	0.01957413841134655	0.4219737681230526	0.5584520934656008	
KTN1	0.04163525529891962	0.14927316452343337	0.809091580177647	
PPP1R1C	0.22326744632169426	0.7691175286422439	0.00761502503606182	
CREBRF	0.9276714239952539	0.036164288002373	0.036164288002373	
ZNF362	0.918838774766801	0.04058061261659949	0.04058061261659949	
PTPRF	0.007749497010028766	0.7826991980129053	0.20955130497706584	
ECE1	0.024542669297567446	0.024542669297567446	0.950914661404865	
CMSS1	0.9402483597641828	0.0298758201179086	0.0298758201179086	
LSS	0.025830031343051726	0.025830031343051726	0.9483399373138965	
TXLNA	0.029857442539153296	0.029857442539153296	0.9402851149216933	
MAP2K2	0.038100705393739207	0.038100705393739207	0.9237985892125216	
TTLL7	0.9297516891022456	0.03512415544887715	0.03512415544887715	
KCMF1	0.019929626565638993	0.555586696532193	0.42448367690216804	
PXYLP1	0.9244391751039507	0.037780412448024596	0.037780412448024596	
BORCS8	0.02803727534778613	0.3288543068786175	0.6431084177735964	
ZNRF2	0.02262971529666126	0.3320504040401622	0.6453198806631766	
STARD13	0.8960799968541261	0.05196000157293691	0.05196000157293691	
NEXN	0.9673858651783378	0.016307067410831103	0.016307067410831103	
CHIC2	0.9025772957657204	0.04871135211713975	0.04871135211713975	
SYT1	0.9630074335751894	0.01849628321240529	0.01849628321240529	
LYPD5	0.009850413431620035	0.5798034508598575	0.4103461357085225	
STK11IP	0.03465799134843352	0.03465799134843352	0.9306840173031329	
ABHD3	0.025995488769910088	0.025995488769910088	0.9480090224601798	
METTL9	0.8855054042392878	0.05724729788035607	0.05724729788035607	
ADH1B	0.01611910867652264	0.01611910867652264	0.9677617826469547	
MAOA	0.013051424087065932	0.6470955657372234	0.33985301017571073	
PRRG1	0.009966621124713842	0.6058864989492536	0.3841468799260326	
TRIO	0.018894800092879468	0.5354130592979197	0.44569214060920076	
ZNF813	0.3463259529777759	0.6425227450685317	0.0111513019536923	
ACTA2	0.9514888531727395	0.024255573413630233	0.024255573413630233	
ACSF3	0.040950107124218094	0.040950107124218094	0.9180997857515638	
PCBP3	0.017742919618318184	0.017742919618318184	0.9645141607633636	
C5	0.9434484942727713	0.02827575286361432	0.02827575286361432	
P2RY2	0.006493017234834345	0.6557947407182688	0.3377122420468968	
MSL3	0.03830494426405557	0.03830494426405557	0.9233901114718888	
IGHM	0.009708737864077669	0.009708737864077669	0.9805825242718447	
ARHGAP23	0.9601594458792309	0.01992027706038454	0.01992027706038454	
PSEN2	0.030151133466247593	0.030151133466247593	0.9396977330675048	
PDZRN3	0.9202377632202635	0.03988111838986821	0.03988111838986821	
MAP2K3	0.016180728858201834	0.48914332669451716	0.49467594444728097	
ZNF101	0.02569476943816544	0.2379694547788137	0.7363357757830209	
EEF1A1	0.6656339558130208	0.2940717544841952	0.040294289702784106	
GMDS	0.04515816861224832	0.04515816861224832	0.9096836627755034	
SAFB2	0.048717805993303	0.048717805993303	0.9025643880133941	
ZNF582	0.9301864501727437	0.034906774913628126	0.034906774913628126	
SHROOM1	0.024084926803331085	0.024084926803331085	0.9518301463933377	
NUS1	0.02012827143439622	0.4837026428792151	0.49616908568638873	
TSPAN12	0.90652075765419	0.046739621172904915	0.046739621172904915	
ITSN2	0.04575124345591819	0.04575124345591819	0.9084975130881636	
UBE2J2	0.023606938678478226	0.5090107824086465	0.4673822789128753	
CDC42SE2	0.05255700125716459	0.05255700125716459	0.8948859974856709	
MXRA7	0.9436670426470543	0.028166478676472838	0.028166478676472838	
DNAJC6	0.3718598236023176	0.6163586053811847	0.011781571016497782	
AC048341.1	0.015212400398877692	0.015212400398877692	0.9695751992022446	
AL451165.2	0.9128670678636739	0.04356646606816302	0.04356646606816302	
AC083880.1	0.011470028306979655	0.5079875244047903	0.48054244728823003	
SARNP	0.813938667709186	0.15986710692790665	0.026194225362907372	
STX10	0.050019078785297884	0.050019078785297884	0.8999618424294042	
PAPSS2	0.04193172074857578	0.04193172074857578	0.9161365585028485	
PPM1N	0.017505500994781657	0.017505500994781657	0.9649889980104367	
ARHGDIA	0.04093282339643738	0.04093282339643738	0.9181343532071252	
ITCH	0.017400168926580212	0.547019276896765	0.43558055417665476	
MPP6	0.9134975864592302	0.0432512067703849	0.0432512067703849	
ARMCX5	0.8912489843820155	0.05437550780899219	0.05437550780899219	
SLC30A4	0.020423978641298243	0.020423978641298243	0.9591520427174035	
IL7	0.01884016459287863	0.01884016459287863	0.9623196708142427	
PRKAR2A	0.035347372134895125	0.035347372134895125	0.9293052557302097	
TBCEL	0.940083382220852	0.02995830888957397	0.02995830888957397	
SMIM22	0.024331745347531294	0.024331745347531294	0.9513365093049374	
SMIM26	0.8782716904963649	0.060864154751817494	0.060864154751817494	
SF3A2	0.3355622635656025	0.6438250580432356	0.020612678391161855	
TAF1D	0.40507663521644527	0.5696773523089593	0.02524601247459543	
PIGZ	0.024221923126939167	0.024221923126939167	0.9515561537461216	
DMD	0.7763195031443312	0.18914386172636655	0.034536635129302336	
RSBN1	0.8774914258645332	0.061254287067733316	0.061254287067733316	
AL512625.3	0.9575493978658436	0.021225301067078182	0.021225301067078182	
Z68871.1	0.0102901914399053	0.3225657694296194	0.6671440391304754	
PCDHGA10	0.01607041835730054	0.01607041835730054	0.9678591632853989	
ARHGAP5-AS1	0.9094655338421449	0.04526723307892749	0.04526723307892749	
GMPR	0.021784587811143022	0.021784587811143022	0.9564308243777139	
RNF14	0.030822791196497563	0.36793706849912255	0.60124014030438	
LPCAT2	0.028063420695994303	0.028063420695994303	0.9438731586080114	
B3GNTL1	0.9113612232451969	0.044319388377401556	0.044319388377401556	
ZNF24	0.47214205341501275	0.4900427269498924	0.0378152196350949	
CDH23	0.009670653662669983	0.3404835809033121	0.6498457654340178	
ZBTB25	0.9081416609567879	0.045929169521606014	0.045929169521606014	
GPM6B	0.93712788478087	0.03143605760956501	0.03143605760956501	
TTC21A	0.01811805835489335	0.13345616445958275	0.8484257771855239	
TESMIN	0.9063622142214369	0.0468188928892815	0.0468188928892815	
LDLRAP1	0.01735231770012883	0.5123053500519613	0.47034233224790983	
CD36	0.9609493615529278	0.01952531922353613	0.01952531922353613	
LINC02453	0.9428099769488232	0.02859501152558838	0.02859501152558838	
SHTN1	0.023189650739089965	0.5252308520459746	0.45157949721493534	
ISCA2	0.8793085067649897	0.06616299607838823	0.05452849715662196	
PCDHB14	0.01612233116593746	0.01612233116593746	0.967755337668125	
PRPSAP2	0.8914080320821772	0.05429598395891131	0.05429598395891131	
IFRD2	0.03203484925546216	0.03203484925546216	0.9359303014890756	
TEX30	0.23895649645680794	0.7497417830123165	0.011301720530875551	
PHTF1	0.03121571941686804	0.03121571941686804	0.9375685611662639	
UBE2K	0.01903086976121987	0.6509474532533658	0.3300216769854143	
RPS25	0.6501918267570534	0.30519665510635746	0.04461151813658905	
SORT1	0.04210453630840081	0.04210453630840081	0.9157909273831984	
AC008610.1	0.9345859245451307	0.03270703772743464	0.03270703772743464	
ZDHHC1	0.028702651655305722	0.028702651655305722	0.9425946966893886	
AC245014.3	0.9664171722400428	0.016791413879978633	0.016791413879978633	
SEC31B	0.023028813705894775	0.023028813705894775	0.9539423725882104	
GABRE	0.007178837714730189	0.5707492486339454	0.42207191365132446	
LINC01970	0.017562465374482177	0.017562465374482177	0.9648750692510356	
SULF2	0.04341967686995446	0.04341967686995446	0.9131606462600911	
SRSF9	0.31005214102241385	0.6710942627104777	0.018853596267108506	
MND1	0.3122534709766353	0.6788831498850134	0.00886337913835141	
SLC12A7	0.022141210890628944	0.022141210890628944	0.955717578218742	
USP38	0.042111492106966464	0.042111492106966464	0.9157770157860671	
FBXO34	0.043236671144987	0.043236671144987	0.9135266577100261	
POF1B	0.007782511668512124	0.7860336785197245	0.2061838098117633	
AC124283.1	0.019562421278998744	0.019562421278998744	0.9608751574420026	
VARS	0.021099734584501	0.28821644317531214	0.6906838222401869	
ZNF239	0.9548746732980149	0.022562663350992555	0.022562663350992555	
HNMT	0.9082988192312308	0.04585059038438459	0.04585059038438459	
DAPP1	0.00683429817064374	0.3029015865943385	0.6902641152350177	
CCDC102A	0.9423210487969971	0.028839475601501442	0.028839475601501442	
SLC35D1	0.03754676209882015	0.03754676209882015	0.9249064758023597	
FAM76A	0.02917105111151912	0.06984525608252884	0.9009836928059521	
TAF13	0.015506573716145043	0.5036575685939938	0.48083585768986103	
KDM7A	0.041621656466182336	0.041621656466182336	0.9167566870676354	
ST8SIA4	0.9626075274441704	0.018696236277914745	0.018696236277914745	
PITHD1	0.3305716570012187	0.6436308160896511	0.02579752690913021	
RTP4	0.9133861342575099	0.04330693287124501	0.04330693287124501	
SPPL2B	0.01661514552754613	0.6393637780914745	0.3440210763809794	
RSL24D1	0.8708477992199105	0.06457610039004467	0.06457610039004467	
FOXP4	0.9031728456729838	0.048413577163508054	0.048413577163508054	
RPS4X	0.9084202949836331	0.04578985250818344	0.04578985250818344	
SCAMP4	0.0157700402869487	0.5838546715999337	0.4003752881131176	
AK6	0.4521670881959619	0.5185732071549496	0.02925970464908849	
WBP4	0.4780782304628518	0.4921548601632453	0.029766909373902785	
HDAC9	0.009708737864077669	0.009708737864077669	0.9805825242718447	
C8orf37	0.4790195884751419	0.5045449709059436	0.016435440618914485	
CCAR1	0.3867554870372466	0.587617363688876	0.025627149273877457	
ASB7	0.03594779960673671	0.03594779960673671	0.9281044007865266	
ZBTB34	0.8529035986258632	0.11361406105459997	0.033482340319536834	
RUSC1	0.01748149342149765	0.555509297231441	0.42700920934706127	
IL17D	0.3044875414319244	0.6861160273882403	0.009396431179835385	
ZNF226	0.8957301600740472	0.05213491996297636	0.05213491996297636	
PPARD	0.008592934496000444	0.5098596059328776	0.481547459571122	
ZNF395	0.6245964574432422	0.3471210360279821	0.028282506528775602	
CEMIP2	0.01731797032476469	0.3620502929221997	0.6206317367530356	
AP2A1	0.028791239480750266	0.38013826197211775	0.5910704985471319	
SPOP	0.8758778285977805	0.06206108570110967	0.06206108570110967	
C19orf25	0.02621633549196684	0.5084426114571513	0.46534105305088186	
RIC1	0.03844516850901402	0.03844516850901402	0.9231096629819718	
CUL7	0.8906999781745927	0.054650010912703606	0.054650010912703606	
NDUFA1	0.03933554007684926	0.03933554007684926	0.9213289198463014	
SPNS1	0.5727939016867661	0.38707337038008244	0.04013272793315134	
CES4A	0.9078834100625475	0.046058294968726224	0.046058294968726224	
PPP3CA	0.04420579551712129	0.04420579551712129	0.9115884089657574	
DDN-AS1	0.9388446712882182	0.030577664355890856	0.030577664355890856	
CFLAR-AS1	0.017704456847813865	0.017704456847813865	0.9645910863043723	
ENPEP	0.9518314680533412	0.0240842659733294	0.0240842659733294	
TCTA	0.029456126645625365	0.029456126645625365	0.9410877467087492	
LYZ	0.019057586732245894	0.019057586732245894	0.9618848265355082	
ZNF846	0.901002722078226	0.049498638960887006	0.049498638960887006	
CRK	0.02470120730805871	0.5031826016013239	0.4721161910906173	
PER2	0.025576280652212936	0.025576280652212936	0.9488474386955741	
PIK3R3	0.013307599397792053	0.013307599397792053	0.9733848012044158	
ZNF280D	0.8723464700697592	0.06382676496512037	0.06382676496512037	
MRFAP1L1	0.3739159573679306	0.604142878378169	0.021941164253900237	
SLC19A2	0.2658891535856961	0.7232903878390935	0.010820458575210381	
INSIG2	0.8958899037222283	0.052055048138885805	0.052055048138885805	
AL009179.1	0.28871678006090296	0.7022984377219825	0.00898478221711458	
RPUSD1	0.02633423137371254	0.08359600967849448	0.8900697589477929	
NDUFAF7	0.9013766144606488	0.049311692769675564	0.049311692769675564	
EXTL3	0.009165293984861439	0.642294514679958	0.34854019133518066	
EPHX2	0.8210847780216809	0.14449046296907045	0.03442475900924869	
TMEM9	0.9152358124172756	0.04238209379136216	0.04238209379136216	
GAB1	0.24439118803835017	0.7418535661634016	0.013755245798248179	
IZUMO4	0.014423293865146989	0.30223454562365665	0.6833421605111963	
RPL10A	0.4933803032315369	0.4775712309237722	0.029048465844690848	
LENG9	0.03440784894989273	0.03440784894989273	0.9311843021002145	
MIR4458HG	0.9076131859753762	0.046193407012311845	0.046193407012311845	
LINC02018	0.930851322645652	0.03457433867717399	0.03457433867717399	
MARCH3	0.021585842053270174	0.2496402523041793	0.7287739056425505	
RAB35	0.02222062142476387	0.4057052442486397	0.5720741343265965	
TRPM6	0.013948935847885912	0.013948935847885912	0.9721021283042282	
TMEM237	0.7568189536658628	0.21303757339508278	0.030143472939054224	
SMG7	0.022406540931887146	0.41591060119840534	0.5616828578697076	
OXLD1	0.03814206617507267	0.03814206617507267	0.9237158676498546	
TARSL2	0.8881643740993819	0.05591781295030901	0.05591781295030901	
PBK	0.3456742373971124	0.6454964969248296	0.008829265678058001	
ARHGEF39	0.34372289616210816	0.6449538129595024	0.01132329087838952	
FGF7	0.9507341746673984	0.024632912666300764	0.024632912666300764	
GPS2	0.025126920014590295	0.2729042223319864	0.7019688576534233	
PRKD1	0.9577009859080791	0.02114950704596043	0.02114950704596043	
PSTK	0.9138956861993609	0.04305215690031952	0.04305215690031952	
B9D1	0.9225262311211835	0.03873688443940824	0.03873688443940824	
GOLGA8B	0.022551105526084057	0.022551105526084057	0.9548977889478318	
AC010503.4	0.01037704564865455	0.5310585561164332	0.45856439823491235	
LARP4	0.022487927626516812	0.4114392669520103	0.5660728054214729	
VPS4A	0.04253676882541012	0.22552445734175014	0.7319387738328397	
VPS72	0.22894826313616073	0.7533412425445578	0.017710494319281442	
DMC1	0.3194944676082796	0.6719874661983078	0.008518066193412435	
FARP2	0.0412043140372541	0.16849942282215388	0.790296263140592	
LIMS1	0.9034506424967996	0.04827467875160014	0.04827467875160014	
APMAP	0.7274300285158067	0.22654099652271556	0.04602897496147772	
HNRNPH3	0.5515128386528065	0.41499883206779953	0.033488329279393984	
WIPI1	0.018413296747594867	0.5750553782068774	0.40653132504552775	
ATP2A1	0.008886195167500988	0.48817869880779036	0.5029351060247086	
GRB14	0.948856193576116	0.025571903211942033	0.025571903211942033	
ABAT	0.9027529163357383	0.04862354183213082	0.04862354183213082	
SYBU	0.02029934067204035	0.3461775298884576	0.6335231294395021	
KIFC1	0.2863744423761172	0.7042872168471236	0.00933834077675932	
SPAG5	0.30959878557220444	0.6779499406103306	0.012451273817464841	
TRIM66	0.0264611474396609	0.10696500194616786	0.8665738506141712	
DDIT3	0.9434206101981042	0.028289694900947897	0.028289694900947897	
CTSV	0.30787136476412225	0.6827676414867265	0.009360993749151288	
MRPL39	0.5920504615299994	0.3748653697012689	0.03308416876873166	
MAP3K14	0.020687088520799132	0.020687088520799132	0.9586258229584017	
TSEN54	0.04876741408015666	0.04876741408015666	0.9024651718396868	
NPIPB15	0.009281201184750558	0.33870585552400767	0.6520129432912417	
ABRAXAS1	0.8913957286857098	0.05430213565714506	0.05430213565714506	
FAR1	0.04077677789907242	0.04077677789907242	0.9184464442018552	
ZNF614	0.4668150000143692	0.5137827583811299	0.019402241604500933	
PORCN	0.022087203822545403	0.022087203822545403	0.9558255923549092	
SLC36A4	0.024374178995370636	0.312515184986992	0.6631106360176373	
NRAV	0.9046102191112833	0.04769489044435831	0.04769489044435831	
RPL24	0.6061054384310672	0.35296526865463407	0.04092929291429858	
CTSD	0.022861366875947007	0.022861366875947007	0.9542772662481059	
NUF2	0.39954240766319915	0.5896759659308402	0.010781626405960726	
KLHL8	0.8983320511956014	0.05083397440219924	0.05083397440219924	
REXO1	0.01687527209502262	0.5743264204842673	0.40879830742071	
TAF1C	0.0324388171287033	0.0324388171287033	0.9351223657425933	
PLAC8	0.006288750239096915	0.4975987385203022	0.49611251124060096	
XYLB	0.8780783741390934	0.060960812930453266	0.060960812930453266	
ARL4D	0.9437476901038636	0.028126154948068173	0.028126154948068173	
KIAA1522	0.012047695480419217	0.5414348974511507	0.44651740706843007	
TTYH3	0.8978397263542102	0.05108013682289488	0.05108013682289488	
ATXN10	0.90184754213395	0.04907622893302497	0.04907622893302497	
MRPS11	0.024810563755494217	0.39324654921593094	0.5819428870285748	
MRPL36	0.03653390513130445	0.03653390513130445	0.926932189737391	
NFYC	0.2886557667025859	0.6898209915238251	0.02152324177358896	
TUT7	0.03801119487194164	0.22816626370202886	0.7338225414260295	
LTB4R	0.023556344056928913	0.023556344056928913	0.9528873118861422	
MCM3AP	0.033974288267002065	0.08362870942800935	0.8823970023049885	
HIST3H2A	0.5367311618757689	0.4295609127211214	0.03370792540310969	
CDC25C	0.3631711987440737	0.6278743103825056	0.008954490873420793	
NOCT	0.008361724027528418	0.4606622592320859	0.5309760167403856	
CHD1L	0.04061403387078303	0.04061403387078303	0.918771932258434	
TAF1A	0.8109586555185159	0.16145230044166375	0.02758904403982031	
SMIM2-AS1	0.005656544314301331	0.5713109757444345	0.42303247994126425	
HTT	0.03270091536931163	0.03270091536931163	0.9345981692613767	
CASC4	0.04405255422043898	0.04405255422043898	0.9118948915591221	
DPF3	0.02365066636328154	0.02365066636328154	0.9526986672734369	
IL7R	0.015899467877698057	0.015899467877698057	0.9682010642446038	
TGOLN2	0.053812022983427556	0.053812022983427556	0.892375954033145	
SEC22C	0.9124094182048272	0.04379529089758636	0.04379529089758636	
PCYT2	0.010663406156866487	0.7078413144419641	0.28149527940116953	
ASF1A	0.4809541101816711	0.4917199622658215	0.027325927552507498	
ALOX5AP	0.018579165219784737	0.018579165219784737	0.9628416695604305	
MYLIP	0.2647182916004168	0.7206066590674338	0.014675049332149281	
BOP1	0.03357252895638541	0.03357252895638541	0.9328549420872291	
MAEA	0.018138709665979483	0.6399185360207219	0.3419427543132985	
ZNF714	0.5268377001470859	0.4471361667295227	0.026026133123391342	
MMADHC	0.548609961975624	0.4147569765005003	0.03663306152387567	
TMEM150A	0.4469069828306011	0.5320232759001771	0.021069741269221898	
AC100810.1	0.8961775271998215	0.05191123640008924	0.05191123640008924	
ACTR3C	0.011822564118671487	0.7145143159574985	0.27366311992383	
PDCD6IP	0.037190586782813104	0.037190586782813104	0.9256188264343739	
ARL3	0.8916347385607652	0.054182630719617327	0.054182630719617327	
SH3BGRL2	0.018461074851790295	0.6443189762612684	0.3372199488869413	
EIF4A2	0.9074183741248065	0.04629081293759667	0.04629081293759667	
FBXO6	0.8868218358817576	0.05658908205912116	0.05658908205912116	
BUB1	0.44806215004552996	0.5415543997244634	0.010383450230006626	
TAPT1-AS1	0.9352354636739313	0.0323822681630343	0.0323822681630343	
ITGAE	0.8738023110615406	0.06309884446922964	0.06309884446922964	
PLAGL1	0.8879511312454929	0.056024434377253504	0.056024434377253504	
C19orf48	0.2788325811753826	0.70580020006885	0.015367218755767298	
ARPC1A	0.02125292828303991	0.39871757020341875	0.5800295015135413	
MITF	0.01664750602168184	0.01664750602168184	0.9667049879566363	
SLC44A3	0.9085663834816917	0.0457168082591541	0.0457168082591541	
TPM2	0.959257160382991	0.020371419808504494	0.020371419808504494	
STARD4	0.015960193063612956	0.37691237053665305	0.6071274363997341	
ME3	0.029157058705978286	0.029157058705978286	0.9416858825880434	
ITPR3	0.04076136599522754	0.04076136599522754	0.918477268009545	
PDSS1	0.031230327361092713	0.031230327361092713	0.9375393452778145	
NDUFB10	0.024688419137537748	0.3739778865315029	0.6013336943309593	
MFSD14A	0.9116599261504246	0.044170036924787666	0.044170036924787666	
MAP3K5	0.03243717191998084	0.03243717191998084	0.9351256561600383	
EPN2	0.019045536267891756	0.5820451400362086	0.39890932369589954	
GTF2A2	0.024823165434729188	0.48809842616145943	0.48707840840381134	
BCR	0.015125607462385142	0.5845483468118252	0.40032604572578956	
TRRAP	0.04767824944957926	0.04767824944957926	0.9046435011008416	
TLK2	0.043880117880606334	0.043880117880606334	0.9122397642387874	
RIN1	0.029231694953297423	0.029231694953297423	0.9415366100934051	
ATP6V1G1	0.8832043807716533	0.05839780961417327	0.05839780961417327	
DPCD	0.9116566379089944	0.04417168104550274	0.04417168104550274	
SLC31A1	0.046605602667127266	0.046605602667127266	0.9067887946657455	
HIST4H4	0.01901503016826431	0.01901503016826431	0.9619699396634713	
MOB1A	0.05031481381500963	0.05031481381500963	0.8993703723699807	
UNC5C	0.01738784485443042	0.01738784485443042	0.9652243102911391	
SLC37A1	0.019063966848270764	0.4273459024017752	0.553590130749954	
AK3	0.052933311706333634	0.052933311706333634	0.8941333765873328	
MLLT10	0.30600903131867585	0.6720176329643438	0.02197333571698027	
PDE3B	0.8835751760071401	0.05821241199642989	0.05821241199642989	
SLC30A1	0.9178863819346589	0.04105680903267052	0.04105680903267052	
APOL1	0.013839159338593865	0.013839159338593865	0.9723216813228123	
PLPPR2	0.9194506774920919	0.04027466125395402	0.04027466125395402	
PHKA1	0.022256405592988842	0.022256405592988842	0.9554871888140223	
NOD1	0.03153906261367023	0.03153906261367023	0.9369218747726595	
CYP2C9	0.9476976988092192	0.0261511505953904	0.0261511505953904	
ARHGEF16	0.007543919203245804	0.7619358395278263	0.23052024126892787	
PSORS1C1	0.011063185238002477	0.011063185238002477	0.977873629523995	
CCDC7	0.03497641747640216	0.03497641747640216	0.9300471650471956	
GTF2H5	0.8828777911984484	0.05856110440077572	0.05856110440077572	
RETREG1	0.8997290696519253	0.0501354651740373	0.0501354651740373	
SLC36A1	0.9222836995398205	0.038858150230089795	0.038858150230089795	
ATG2B	0.8966091547417737	0.05169542262911312	0.05169542262911312	
ANKLE2	0.021281483703296016	0.4183865778740238	0.5603319384226803	
NBPF26	0.02311833789492241	0.02311833789492241	0.9537633242101552	
PHKB	0.0445634957817603	0.0445634957817603	0.9108730084364794	
ZDHHC5	0.022370198133694483	0.433812056235136	0.5438177456311695	
TMEM125	0.01711328719839917	0.6257015719412478	0.3571851408603531	
AP001160.3	0.024299582685642546	0.07990482322945158	0.8957955940849058	
KIF2A	0.013616648003687325	0.5879400146717649	0.3984433373245478	
AL022341.1	0.9303661462378785	0.03481692688106072	0.03481692688106072	
TCF25	0.01725453286283416	0.7022912457894359	0.2804542213477298	
ZC3H7B	0.028863342812256977	0.028863342812256977	0.942273314375486	
TSPAN1	0.01888886854062318	0.01888886854062318	0.9622222629187536	
OXNAD1	0.04277397052601163	0.04277397052601163	0.9144520589479768	
SRSF11	0.4881682868569368	0.4806272389927444	0.03120447415031875	
DMAC2	0.6436465396010455	0.31324990817692205	0.043103552222032486	
CDCA4	0.27922338660557877	0.7108341717272153	0.00994244166720597	
SVIL	0.025795392305978666	0.45623616506833853	0.5179684426256829	
YPEL3	0.35724200662410677	0.6299494488133565	0.012808544562536665	
NKG7	0.014366770636299315	0.014366770636299315	0.9712664587274014	
AL021707.6	0.024419176841691828	0.024419176841691828	0.9511616463166163	
AC005162.3	0.009708737864077669	0.009708737864077669	0.9805825242718447	
TNFRSF14-AS1	0.9066504677060518	0.04667476614697402	0.04667476614697402	
FAM71F2	0.015407708574962785	0.015407708574962785	0.9691845828500744	
RTKN2	0.3438646467272163	0.6426258846837237	0.013509468589060018	
STT3A	0.3803325737150291	0.5923605839642057	0.027306842320765246	
DNM1L	0.022942868002313002	0.48458569000563473	0.4924714419920522	
AK8	0.9441329690326686	0.027933515483665634	0.027933515483665634	
INPP5A	0.02691388336128552	0.02691388336128552	0.9461722332774289	
PEX16	0.040938061845447744	0.040938061845447744	0.9181238763091045	
TFEB	0.7249214429614788	0.23397453293970594	0.041104024098815244	
RPL38	0.894294245544405	0.05285287722779747	0.05285287722779747	
CRLF3	0.020514003077141046	0.3289504750627512	0.6505355218601077	
AL445524.1	0.017544635954480255	0.051334472978421676	0.9311208910670982	
ERGIC2	0.38862756947121835	0.5862369733411674	0.025135457187614185	
IFIT3	0.9214304397487373	0.0392847801256314	0.0392847801256314	
MYLK	0.01891110857645714	0.01891110857645714	0.9621777828470857	
ATP1A1	0.03372132550740031	0.03372132550740031	0.9325573489851994	
ZBTB17	0.04011738378312061	0.04011738378312061	0.9197652324337589	
CNNM3	0.912109027473058	0.04394548626347099	0.04394548626347099	
GON7	0.033637718592016676	0.033637718592016676	0.9327245628159666	
KIF2C	0.42473765959536897	0.5651148320731224	0.010147508331508676	
CIB1	0.028840436980062372	0.028840436980062372	0.9423191260398752	
RBM8A	0.32101815732696154	0.6549595763380917	0.02402226633494683	
CRYBG3	0.036484083054027845	0.036484083054027845	0.9270318338919442	
RPS28	0.8867910864238951	0.05660445678805237	0.05660445678805237	
POFUT1	0.877551148987007	0.07222908345137322	0.050219767561619715	
ZNF578	0.6418243996112739	0.3365475338687719	0.021628066519954203	
CREB3	0.02150540498194475	0.600434367621475	0.37806022739658024	
ORC4	0.4297478933765308	0.5364699053622081	0.03378220126126118	
FAAH2	0.9011574944678651	0.04942125276606742	0.04942125276606742	
CRKL	0.18119732105295897	0.8051122441814543	0.013690434765586729	
CRELD2	0.0307038655279041	0.0307038655279041	0.9385922689441918	
PHF20L1	0.05736897022446018	0.05736897022446018	0.8852620595510797	
SELENOP	0.9649243991491302	0.0175378004254349	0.0175378004254349	
NRSN2	0.917855626492093	0.04107218675395351	0.04107218675395351	
HMGN2	0.5836201207901334	0.3827894892169296	0.03359038999293687	
CFAP300	0.9578771615279538	0.021061419236023084	0.021061419236023084	
FBXL8	0.021455525020991444	0.18089488863688186	0.7976495863421267	
GDF15	0.288087753205686	0.702030842653088	0.009881404141225854	
S100A13	0.8709066239302474	0.0645466880348762	0.0645466880348762	
FBXO31	0.0189790440012877	0.5009002557722809	0.4801207002264314	
ZC2HC1C	0.01443527748520432	0.5544995538227998	0.4310651686919958	
CCDC32	0.2515621511014548	0.7292785227484658	0.019159326150079443	
LRRC1	0.0093274986082346	0.7331320228510334	0.257540478540732	
TMEM14A	0.557088723958501	0.41015829311100277	0.032752982930496256	
LASP1	0.034333156417587614	0.034333156417587614	0.9313336871648247	
AL603756.1	0.009708737864077669	0.009708737864077669	0.9805825242718447	
ABCC1	0.024378776020539776	0.024378776020539776	0.9512424479589204	
CD40	0.0146429890421447	0.0146429890421447	0.9707140219157105	
VPS36	0.03881417852136834	0.3272986878642387	0.6338871336143929	
GRIPAP1	0.051915016216068165	0.051915016216068165	0.8961699675678637	
RNF144B	0.022761133330606715	0.022761133330606715	0.9544777333387865	
PIGC	0.886676276705693	0.05666186164715342	0.05666186164715342	
CASC8	0.016876136311403625	0.016876136311403625	0.9662477273771927	
PCMT1	0.40248902050439483	0.572044941637219	0.025466037858386217	
IL1RN	0.009708737864077669	0.009708737864077669	0.9805825242718447	
RIT1	0.9128324066723016	0.04358379666384918	0.04358379666384918	
TCF4	0.9676432690227338	0.01617836548863307	0.01617836548863307	
DND1	0.018668867852227336	0.018668867852227336	0.9626622642955452	
CMC2	0.5146059488108785	0.4468191627918079	0.038574888397313635	
PATL2	0.019225362360118736	0.019225362360118736	0.9615492752797625	
TNFRSF21	0.021827250338352137	0.021827250338352137	0.9563454993232957	
NAPA-AS1	0.9078860508327129	0.04605697458364349	0.04605697458364349	
AC234582.1	0.01855363855219477	0.01855363855219477	0.9628927228956105	
CUEDC1	0.022113831458598476	0.022113831458598476	0.955772337082803	
INTS14	0.3572395651710349	0.6174848530479826	0.025275581780982364	
CYSTM1	0.029276811734471022	0.029276811734471022	0.9414463765310579	
CLCN3	0.02472398447391183	0.36828754177740447	0.6069884737486837	
TNFSF12	0.9104170206889616	0.04479148965551917	0.04479148965551917	
STARD10	0.15429982579094778	0.8345623184927972	0.011137855716255012	
GATAD2A	0.01750616848507941	0.5725062692993432	0.4099875622155773	
ATOH8	0.9374887195516132	0.03125564022419339	0.03125564022419339	
ZNF548	0.9215085745508157	0.03924571272459212	0.03924571272459212	
HYPK	0.9134820815497451	0.04325895922512742	0.04325895922512742	
EXOC3	0.03353869146540749	0.14911057082085663	0.8173507377137359	
Z93930.2	0.9159094630281674	0.04204526848591625	0.04204526848591625	
COPS2	0.8780664030797057	0.06096679846014708	0.06096679846014708	
SAR1B	0.8772588560350901	0.061370571982454866	0.061370571982454866	
SFMBT2	0.9604373280700598	0.019781335964970167	0.019781335964970167	
TEPSIN	0.03533147203096152	0.16141069612995015	0.8032578318390884	
RWDD4	0.038248074639043006	0.038248074639043006	0.9235038507219139	
LDHB	0.6262784405398423	0.34794578599269516	0.02577577346746257	
LST1	0.9604105573455155	0.019794721327242217	0.019794721327242217	
PCDH7	0.9602540801339359	0.01987295993303209	0.01987295993303209	
DSP	0.010614049582684507	0.7982254350190445	0.19116051539827097	
U91328.1	0.919657908706779	0.04017104564661045	0.04017104564661045	
SCAMP5	0.022884713002959002	0.022884713002959002	0.954230573994082	
KIAA1324	0.036123614842071536	0.036123614842071536	0.9277527703158569	
CCNJ	0.028614916325487568	0.028614916325487568	0.9427701673490249	
C18orf25	0.019680769893804927	0.5178131421104958	0.46250608799569926	
HMGCR	0.038103053246733104	0.038103053246733104	0.9237938935065337	
PDZD8	0.031020636895248144	0.031020636895248144	0.9379587262095037	
ZDHHC14	0.9200541167035708	0.039972941648214536	0.039972941648214536	
ARIH2	0.024715916005319336	0.5698629984239755	0.40542108557070505	
PKP3	0.008509037031459783	0.768585037499287	0.22290592546925328	
FBXL6	0.03624229049962352	0.042368423181806635	0.92138928631857	
WSB1	0.540670009306103	0.4327100296656466	0.026619961028250403	
NUDT17	0.9246410479397169	0.037679476030141545	0.037679476030141545	
VLDLR-AS1	0.00989483657666317	0.18531530641533436	0.8047898570080024	
POR	0.011580394905257413	0.6229014021518655	0.365518202942877	
NBPF19	0.020997961580164787	0.020997961580164787	0.9580040768396704	
AL627422.2	0.006099865108943287	0.616086376003272	0.3778137588877847	
NSMAF	0.04267234721283563	0.04267234721283563	0.9146553055743288	
LCMT1	0.46889551690544784	0.5059153518548425	0.02518913123970954	
AP003486.1	0.020661981326483957	0.020661981326483957	0.9586760373470321	
NYNRIN	0.9057572152408327	0.04712139237958356	0.04712139237958356	
PSME2	0.037340953746437526	0.037340953746437526	0.9253180925071249	
NCOA4	0.052702224385906896	0.07668022089715508	0.870617554716938	
TMEM98	0.8841980263339426	0.05790098683302862	0.05790098683302862	
ANTXR1	0.9595940774602608	0.020202961269869587	0.020202961269869587	
FBXO16	0.9261434408002538	0.03692827959987307	0.03692827959987307	
PPIG	0.6028588290978282	0.3580352893662472	0.0391058815359246	
MANCR	0.009708737864077669	0.009708737864077669	0.9805825242718447	
RORA	0.9382479565855028	0.03087602170724858	0.03087602170724858	
MATK	0.010919964198849035	0.010919964198849035	0.9781600716023019	
PDHA1	0.015917931313304226	0.6233110787709267	0.360770989915769	
SSU72	0.018293246664977718	0.6097742186566146	0.37193253467840764	
APEX1	0.8989581883841408	0.050520905807929596	0.050520905807929596	
ZNF660	0.9492771159725865	0.025361442013706766	0.025361442013706766	
TSPAN13	0.22966978689502568	0.7558218335673974	0.014508379537576936	
FLYWCH2	0.034713306522790074	0.034713306522790074	0.9305733869544198	
CDCP1	0.04855319891686924	0.04855319891686924	0.9028936021662616	
TMOD3	0.047187082166838014	0.047187082166838014	0.905625835666324	
NF1	0.02050322859730611	0.6110163599261772	0.3684804114765167	
SCX	0.018223299051054805	0.345515546534253	0.6362611544146922	
TSPAN33	0.9448371859736172	0.02758140701319136	0.02758140701319136	
RPL39	0.6022520298175805	0.359805553755139	0.0379424164272805	
STK17B	0.02641868393988462	0.02641868393988462	0.9471626321202307	
COBLL1	0.17124989246166603	0.8206251064840365	0.008125001054297393	
S100P	0.18080991760044568	0.8111588070819116	0.008031275317642689	
MBD2	0.011047153034844227	0.656091027076778	0.3328618198883777	
CASD1	0.019366153326363097	0.40946313446370386	0.5711707122099331	
DMXL1	0.0481497058760848	0.0481497058760848	0.9037005882478304	
RPAIN	0.8655589631121	0.06722051844394993	0.06722051844394993	
AC009065.4	0.020373837499560603	0.020373837499560603	0.9592523250008788	
GPN1	0.6085583086506541	0.354104051245678	0.03733764010366794	
COL12A1	0.9671082528439569	0.016445873578021564	0.016445873578021564	
SMIM12	0.04327946041412155	0.04327946041412155	0.913441079171757	
DYM	0.8343333788709312	0.10150474269086247	0.0641618784382064	
MRPL45	0.32046867852528865	0.6579748685149891	0.021556452959722344	
SFXN5	0.04048131356668816	0.04048131356668816	0.9190373728666237	
MT1F	0.5633484611936941	0.42519970076831126	0.011451838037994596	
FRRS1L	0.9518013235086058	0.02476390911683845	0.023434767374555687	
CUEDC2	0.8755428043862543	0.06222859780687279	0.06222859780687279	
CLK4	0.8887184869882064	0.05564075650589675	0.05564075650589675	
ZMIZ1	0.0466285451688236	0.0466285451688236	0.9067429096623528	
ETV7	0.011106176418248057	0.5350813006052088	0.4538125229765431	
DOK1	0.0337650083289819	0.0337650083289819	0.9324699833420361	
SENP5	0.04134202141562386	0.04134202141562386	0.9173159571687524	
CNTFR	0.011264852394817766	0.011264852394817766	0.9774702952103644	
ZYG11B	0.041739244819327566	0.1954276652043736	0.7628330899762987	
GMNN	0.504101399676149	0.4617137406072874	0.03418485971656349	
SMIM27	0.8970063728477686	0.05149681357611563	0.05149681357611563	
YAP1	0.48896770874295264	0.4862585937875591	0.024773697469488286	
HPGD	0.006025553737241819	0.6085809274614238	0.38539351880133443	
VCAM1	0.9805825242718447	0.009708737864077669	0.009708737864077669	
TAGLN	0.9544715744854997	0.02276421275725011	0.02276421275725011	
IFITM10	0.009708737864077669	0.009708737864077669	0.9805825242718447	
GOPC	0.5622372353215882	0.3918339257652266	0.045928838913185305	
BCL9L	0.012628836790921208	0.5359662564625169	0.4514049067465619	
ANXA11	0.01928707092647274	0.4162511929772859	0.5644617360962414	
ASB3	0.9169663083063174	0.04151684584684127	0.04151684584684127	
MAPK8IP2	0.0075215334239195995	0.7072330126369119	0.2852454539391685	
SMG1	0.04140075118106319	0.04140075118106319	0.9171984976378736	
USP33	0.02922766038101129	0.482124850610809	0.48864748900817967	
TF	0.9660784528501717	0.01696077357491412	0.01696077357491412	
MORF4L2	0.26527553979145724	0.7184291300723209	0.016295330136221944	
CRIPT	0.425526380649783	0.5454621312095572	0.02901148814065981	
CMTM7	0.9205447835568705	0.039727608221564716	0.039727608221564716	
HAP1	0.01292257094021501	0.01292257094021501	0.9741548581195699	
CLUH	0.028402176626669086	0.028402176626669086	0.9431956467466618	
ARFRP1	0.04691360288066152	0.04691360288066152	0.906172794238677	
HYAL1	0.018008531607390785	0.018008531607390785	0.9639829367852184	
RPL22	0.3880261763412237	0.5832192690580701	0.028754554600706046	
KYAT1	0.5622947955687431	0.4127220607997793	0.02498314363147768	
ABCC10	0.03841420373678046	0.03841420373678046	0.9231715925264391	
RNPEP	0.02131405320297232	0.5765524511150559	0.40213349568197176	
ABCD3	0.02402041100688856	0.5899204047031406	0.3860591842899709	
NUDT8	0.016460989583675534	0.5199587527829355	0.46358025763338906	
DERL1	0.05535082500861273	0.05535082500861273	0.8892983499827746	
PRKACA	0.049556360140841055	0.049556360140841055	0.900887279718318	
SH3D19	0.02269511077421086	0.5763812716554118	0.4009236175703774	
FMR1	0.19161577568304383	0.7965553721183818	0.01182885219857432	
CLCN2	0.02263055568698853	0.02263055568698853	0.9547388886260229	
MT-ATP8	0.022650435504833512	0.022650435504833512	0.9546991289903329	
STN1	0.03761488392687402	0.03761488392687402	0.9247702321462519	
AQP11	0.3347977507331517	0.6509861189824875	0.014216130284360917	
RUSC2	0.9434036246600329	0.028298187669983516	0.028298187669983516	
ACOT7	0.012992322811717217	0.7216278964914837	0.26537978069679896	
PRDM11	0.9251586079254068	0.03742069603729653	0.03742069603729653	
ZNF502	0.9352744258855894	0.03236278705720529	0.03236278705720529	
ATXN7L3	0.022082157874140418	0.27539840219279726	0.7025194399330623	
EMD	0.861423553550523	0.06928822322473849	0.06928822322473849	
ARMC10	0.8686370105030119	0.06568149474849397	0.06568149474849397	
AMFR	0.04050038916627304	0.04050038916627304	0.918999221667454	
FA2H	0.00903536011079996	0.5881968187925388	0.40276782109666126	
ADAM28	0.9638392674941143	0.01808036625294281	0.01808036625294281	
MALAT1	0.02241099479899282	0.02241099479899282	0.9551780104020143	
MACO1	0.05090543962029275	0.05090543962029275	0.8981891207594146	
GPER1	0.017695048504060066	0.017695048504060066	0.9646099029918799	
PASK	0.03136500895591245	0.03136500895591245	0.937269982088175	
BRICD5	0.013307894913378205	0.4535951194959926	0.5330969855906292	
EME1	0.307092608710871	0.6841209447150247	0.008786446574104167	
AC017071.1	0.018569443352240294	0.018569443352240294	0.9628611132955194	
ICK	0.18131269486170204	0.8086960280396328	0.0099912770986652	
PPIL2	0.014230653361951215	0.6833055450955515	0.3024638015424973	
ATRAID	0.7653674815277558	0.19118175795346898	0.04345076051877522	
COX16	0.8773281529582465	0.06133592352087669	0.06133592352087669	
PSTPIP2	0.013563752740740046	0.2657069668768763	0.7207292803823837	
AURKAIP1	0.018393832479819867	0.6017897258843791	0.3798164416358011	
HIST1H2BE	0.021114800888597275	0.021114800888597275	0.9577703982228054	
CARD10	0.02722145592301247	0.02722145592301247	0.945557088153975	
XPO6	0.04145396774622879	0.04145396774622879	0.9170920645075424	
PDE12	0.026343544586458326	0.32175240156800844	0.6519040538455333	
AC007038.2	0.016768039320517347	0.016768039320517347	0.9664639213589653	
SLC4A7	0.01718666953842967	0.44444301573844713	0.5383703147231231	
TTI2	0.8952318881394837	0.0523840559302581	0.0523840559302581	
CCDC137	0.02024471634820106	0.44724693113014563	0.5325083525216533	
COIL	0.40156863415126964	0.5720643727814073	0.026366993067322972	
PIGK	0.8944360454674661	0.05278197726626688	0.05278197726626688	
MRPL17	0.5761752664726595	0.3956176607159227	0.028207072811417783	
SVBP	0.8767572846529871	0.06593429925775435	0.057308416089258546	
FAM120AOS	0.011166188271031064	0.8123069497107814	0.1765268620181874	
LBHD1	0.023434526214692535	0.023434526214692535	0.9531309475706149	
COX6A1	0.01842788964465722	0.6021502162869944	0.3794218940683485	
MBOAT1	0.034835966929775065	0.034835966929775065	0.9303280661404498	
ACOX2	0.9017907165991612	0.04910464170041933	0.04910464170041933	
C1GALT1C1	0.8886347967613739	0.055682601619312995	0.055682601619312995	
WDR74	0.8916833038240145	0.05415834808799268	0.05415834808799268	
GSTK1	0.04295503379471817	0.04295503379471817	0.9140899324105637	
NCOA3	0.01302212729427332	0.6656094268885103	0.3213684458172164	
TNF	0.013621467181339757	0.013621467181339757	0.9727570656373205	
ZP3	0.01775290495581259	0.5225518219226281	0.45969527312155944	
MON2	0.04726559331526794	0.04726559331526794	0.9054688133694642	
GPR89A	0.8873046257226739	0.05634768713866301	0.05634768713866301	
AL035071.1	0.0151827771411731	0.36980464852589834	0.6150125743329287	
CLTB	0.01220626812867291	0.6094243862877665	0.3783693455835607	
HIP1R	0.036263741860202876	0.036263741860202876	0.9274725162795942	
AIFM1	0.02835454345326569	0.25282553833833316	0.7188199182084012	
FICD	0.02455781364164406	0.02455781364164406	0.9508843727167119	
CD72	0.9432865749338205	0.02835671253308973	0.02835671253308973	
CMPK2	0.018388335234636906	0.018388335234636906	0.9632233295307262	
GCN1	0.011789237841249477	0.648999163266038	0.33921159889271246	
IGBP1	0.7161310666364105	0.24142746230791193	0.042441471055677624	
C11orf54	0.4674176985789015	0.49635786016091415	0.03622444126018432	
TRIM23	0.9019647153201169	0.04901764233994151	0.04901764233994151	
SREK1	0.625116894016781	0.3362076167045536	0.038675489278665244	
WDR44	0.03495363545676269	0.03495363545676269	0.9300927290864746	
DOCK10	0.018516662062679996	0.018516662062679996	0.96296667587464	
MNAT1	0.5499923013442659	0.42350488947609943	0.02650280917963453	
AC104695.3	0.01471400464788535	0.01471400464788535	0.9705719907042293	
TBC1D19	0.9141560095830388	0.0429219952084806	0.0429219952084806	
APOL6	0.038111030857194556	0.038111030857194556	0.9237779382856108	
QSOX1	0.009409549957923452	0.6817262313408886	0.3088642187011879	
MRPS14	0.6894523010177043	0.26392443746433575	0.046623261517959994	
HMOX2	0.03541961364519842	0.03541961364519842	0.9291607727096031	
CAMTA1	0.04014030778193095	0.2747861645053848	0.6850735277126843	
MTRF1L	0.04688629287026524	0.04688629287026524	0.9062274142594696	
MEN1	0.3644478231237917	0.6120730794128805	0.023479097463327818	
PIP4K2C	0.012072346517112746	0.6700130971563674	0.31791455632651994	
NBEAL1	0.022239968073725625	0.5841151825714896	0.39364484935478466	
SOWAHD	0.1746850266507481	0.8172236500811219	0.00809132326812992	
HIST1H4C	0.3407515541538731	0.6433068908354667	0.01594155501066035	
SPIB	0.017891660866021543	0.017891660866021543	0.9642166782679569	
PSME4	0.03212313133968135	0.03212313133968135	0.9357537373206373	
AL513550.1	0.916287413747918	0.04185629312604098	0.04185629312604098	
HMG20A	0.8825851582420373	0.05870742087898129	0.05870742087898129	
NSD1	0.041523114511800796	0.041523114511800796	0.9169537709763984	
GLB1	0.8930499282436174	0.053475035878191274	0.053475035878191274	
BRF1	0.017788274238483483	0.582144829197323	0.4000668965641936	
ZBTB38	0.9070073739126875	0.046496313043656194	0.046496313043656194	
SEMA4B	0.01125558852612657	0.5848972612036104	0.403847150270263	
ALDH18A1	0.34234524985225673	0.6401405908314475	0.017514159316295772	
PIDD1	0.013383050126721285	0.6965033494124305	0.2901136004608481	
BAP1	0.02645794179841396	0.3578150410863313	0.6157270171152548	
SPIRE2	0.007460807131194937	0.7535415202506887	0.2389976726181164	
SLC30A9	0.040750837550398794	0.20606578080830915	0.7531833816412921	
UGGT1	0.02990317607267986	0.059437459426330136	0.91065936450099	
TOM1L1	0.8588340830567766	0.07058295847161168	0.07058295847161168	
STK17A	0.015452271280370609	0.338680121667907	0.6458676070517224	
SAXO2	0.02905326929674937	0.02905326929674937	0.9418934614065012	
UPF3B	0.6487702249975412	0.30295826411617377	0.04827151088628498	
TSR2	0.37986112989644616	0.5953270001478329	0.02481186995572104	
HJURP	0.3188479812778079	0.6726579261936825	0.008494092528509625	
KLF2	0.014490596429278382	0.014490596429278382	0.9710188071414432	
BFAR	0.5742273758498277	0.3759069586430735	0.04986566550709876	
ZNF738	0.6569230018897162	0.31586179585708846	0.027215202253195306	
ZNF525	0.27863218048716526	0.7090355974733983	0.012332222039436371	
PLXND1	0.9471156348838088	0.026442182558095603	0.026442182558095603	
IL17RE	0.03282970249033169	0.2514069830889913	0.7157633144206771	
C11orf1	0.8906311885980595	0.054684405700970246	0.054684405700970246	
CDCA7	0.3172393861183987	0.6695899463300357	0.01317066755156565	
RIOK2	0.5374243000812221	0.42936559421869563	0.0332101057000821	
HTRA3	0.9573913242152565	0.0213043378923717	0.0213043378923717	
SLC25A29	0.026828564202899807	0.026828564202899807	0.9463428715942004	
PPP1R37	0.4681295934777449	0.49830085617529335	0.03356955034696169	
ZNF630	0.9235158870037102	0.03824205649814483	0.03824205649814483	
KCNE1	0.010504127644601981	0.010504127644601981	0.978991744710796	
AC007114.2	0.015526104942399938	0.10572520780779583	0.8787486872498043	
RNF113A	0.5181761168467145	0.445531100001255	0.03629278315203062	
RER1	0.015199650931386702	0.666935310620407	0.3178650384482061	
PKDCC	0.9164182006617941	0.041790899669102925	0.041790899669102925	
RIPK1	0.033180357868455385	0.035427082337703995	0.9313925597938405	
ARRDC2	0.02300920696662222	0.02300920696662222	0.9539815860667555	
BRD8	0.49732651588257315	0.47460943571959624	0.028064048397830523	
PIGH	0.35249189582694884	0.6241140208831917	0.023394083289859483	
CCDC58	0.7101960794344588	0.25418562132781647	0.03561829923772466	
C9orf64	0.47515192543847246	0.4946138111753159	0.030234263386211546	
UGDH	0.03861056181051773	0.03861056181051773	0.9227788763789646	
PTPRH	0.020138792001337336	0.020138792001337336	0.9597224159973253	
SPEN	0.036882088691639336	0.06955724726161008	0.8935606640467506	
PRADC1	0.026836483182458036	0.026836483182458036	0.9463270336350839	
HINT2	0.02935955824911483	0.23483851285984203	0.7358019288910431	
TSEN34	0.36122690896025966	0.6134409658574673	0.025332125182273058	
AC240274.1	0.021755690185818594	0.021755690185818594	0.9564886196283627	
FZD6	0.028019395749239152	0.028019395749239152	0.9439612085015217	
EVA1B	0.44775397862079463	0.5413152230462922	0.0109307983329131	
SNW1	0.5242923993979125	0.4350741336727489	0.04063346692933859	
THAP12	0.034292185751617466	0.034292185751617466	0.931415628496765	
ZNF816	0.34329787485172863	0.6368081701538315	0.019893954994439744	
SNRPD3	0.6037362349286393	0.3551133503167253	0.041150414754635295	
PFDN4	0.5071587948680688	0.458067363561358	0.03477384157057326	
LINC00842	0.005638975405272566	0.5695365159325292	0.42482450866219834	
DENND1C	0.9073146803721165	0.04634265981394174	0.04634265981394174	
NF2	0.026907748146010598	0.026907748146010598	0.9461845037079788	
RNF146	0.8789865223816906	0.06050673880915462	0.06050673880915462	
GRK6	0.03659643256198807	0.03659643256198807	0.9268071348760238	
AC010642.2	0.8917308722422042	0.05413456387889786	0.05413456387889786	
NAALADL1	0.010915403064998677	0.010915403064998677	0.9781691938700027	
NSMCE3	0.9141469296735701	0.04292653516321491	0.04292653516321491	
DIAPH1	0.016013370343814292	0.6343617397487008	0.34962488990748497	
SULT1A2	0.013714950541898552	0.013714950541898552	0.9725700989162028	
SYNPO2	0.9496558521533408	0.02517207392332957	0.02517207392332957	
TGFB3	0.9387281741427476	0.03063591292862619	0.03063591292862619	
ZDHHC13	0.026669472610700757	0.5125552300248987	0.4607752973644006	
DTX4	0.00957634113779108	0.7212970128040549	0.269126646058154	
LMBRD1	0.5472958151114777	0.42167861387875305	0.031025571009769312	
RPS20	0.5002062580703722	0.46604828933100245	0.033745452598625186	
AC008764.8	0.02826968537293656	0.02826968537293656	0.9434606292541269	
PSMC2	0.6128886511980697	0.3464785079584404	0.04063284084349	
EGR3	0.015747947824116666	0.015747947824116666	0.9685041043517666	
AREG	0.011084276640978824	0.011084276640978824	0.9778314467180423	
SLC27A3	0.9067288717332075	0.04663556413339623	0.04663556413339623	
FAH	0.9074728938897766	0.04626355305511169	0.04626355305511169	
TBC1D22B	0.023743412948114294	0.3487808295553564	0.6274757574965292	
ACPP	0.02049671189277187	0.02049671189277187	0.9590065762144562	
TOMM7	0.873132600019364	0.06343369999031792	0.06343369999031792	
GLRX2	0.04620249222926006	0.04620249222926006	0.9075950155414799	
NUP214	0.036344371119852684	0.036344371119852684	0.9273112577602945	
RAB8B	0.8593928672626029	0.10549103393575977	0.0351160988016373	
AC018638.7	0.018028807753790142	0.018028807753790142	0.9639423844924196	
ARHGAP42	0.032930844355380254	0.032930844355380254	0.9341383112892394	
TBC1D8	0.028403320911645893	0.028403320911645893	0.9431933581767081	
NID1	0.9571188466107485	0.021440576694625697	0.021440576694625697	
CERK	0.042587806712348	0.042587806712348	0.9148243865753041	
ZNF789	0.03824630214157673	0.03824630214157673	0.9235073957168466	
PRKCH	0.02775353352412505	0.02775353352412505	0.9444929329517499	
RGS9	0.01828379283758389	0.01828379283758389	0.9634324143248322	
LGALS3BP	0.018163462061765643	0.47980785458105096	0.5020286833571834	
RLIM	0.5241318784782537	0.44153070147837226	0.03433742004337398	
MED10	0.868855129004887	0.06557243549755644	0.06557243549755644	
NENF	0.9028048265076245	0.04859758674618768	0.04859758674618768	
ZNF276	0.038215135225056145	0.038215135225056145	0.9235697295498877	
LRRFIP2	0.03485271248383988	0.257016006073328	0.7081312814428322	
NCOR2	0.03954693046127328	0.03954693046127328	0.9209061390774533	
CSRP2	0.4051892507073517	0.5821181845516606	0.012692564740987632	
ATP11A	0.88619278173577	0.07845342163267147	0.03535379663155847	
NOXA1	0.03392282410393617	0.03392282410393617	0.9321543517921276	
ZNF219	0.037221741461578674	0.037221741461578674	0.9255565170768426	
RRAGC	0.3621025297563457	0.6145140338225717	0.023383436421082503	
BNC2	0.9595291003522017	0.020235449823899118	0.020235449823899118	
MAPK9	0.014865894775445	0.6359646751406773	0.3491694300838777	
CD37	0.014363916144902988	0.014363916144902988	0.971272167710194	
AP3B1	0.03967317588636726	0.20063862326516213	0.7596882008484707	
VPS35	0.6338471625472678	0.3186632854637177	0.04748955198901452	
RIBC2	0.6506455887270682	0.3289012286458871	0.020453182627044545	
SLC38A6	0.8988435677003654	0.05057821614981726	0.05057821614981726	
MYO19	0.013846704099248425	0.5998332099924443	0.3863200859083072	
ZNF625	0.9321557521206617	0.03392212393966909	0.03392212393966909	
FBP1	0.8942000831573232	0.05289995842133833	0.05289995842133833	
DUSP14	0.3401641766922385	0.6422116092926712	0.017624214015090327	
TAPBP	0.045202743118291096	0.045202743118291096	0.9095945137634178	
LAPTM4A	0.8199627221794714	0.12548701599389187	0.05455026182663663	
LUC7L2	0.33896925265854366	0.6372015609030397	0.02382918643841661	
ALDH2	0.035256619128234926	0.035256619128234926	0.9294867617435301	
SCD	0.01527706204774429	0.01527706204774429	0.9694458759045114	
TESC	0.012802520188378427	0.012802520188378427	0.9743949596232431	
STOX1	0.939708463576692	0.030145768211653944	0.030145768211653944	
SLC35A3	0.014186699560115361	0.7030621668688269	0.28275113357105763	
MRPS12	0.018779053869084347	0.4983686886652182	0.4828522574656975	
UBE2I	0.42063361968058993	0.5485398093766787	0.030826570942731397	
CD47	0.05428909899268842	0.05428909899268842	0.8914218020146232	
ARL6	0.9140419349135497	0.042979032543225104	0.042979032543225104	
PLSCR1	0.04569952342401697	0.04569952342401697	0.9086009531519661	
PELO	0.8757267726200219	0.062136613689989004	0.062136613689989004	
MLH1	0.5621627282429082	0.3995272994148387	0.03830997234225298	
ATL2	0.5921503003793394	0.3682783543193821	0.039571345301278565	
ATP2A2	0.03720669098125128	0.03720669098125128	0.9255866180374974	
PPM1A	0.049293963179873626	0.049293963179873626	0.9014120736402528	
BEST4	0.008065361902257413	0.38676279894155374	0.605171839156189	
SUGP2	0.041062645443397966	0.041062645443397966	0.9178747091132041	
STX12	0.04597057638481038	0.04597057638481038	0.9080588472303793	
RALGPS2	0.029303125661212473	0.029303125661212473	0.941393748677575	
PAIP2B	0.9107602176876651	0.04461989115616739	0.04461989115616739	
CCDC40	0.019725745504150925	0.019725745504150925	0.9605485089916982	
MYO5B	0.010575765789219474	0.7375183704708443	0.25190586373993623	
NPIPB2	0.9358228249725482	0.03208858751372588	0.03208858751372588	
NCK1	0.8868750366348271	0.05656248168258637	0.05656248168258637	
KLHL36	0.052261937110590365	0.052261937110590365	0.8954761257788193	
ATP5MC3	0.019394637929673105	0.5282569995742402	0.4523483624960866	
ERBB3	0.18030926694479438	0.809617031394251	0.010073701660954596	
IGFBP7	0.9442323692654676	0.02788381536726616	0.02788381536726616	
SLCO2A1	0.0054562176070971115	0.44368120183455906	0.5508625805583438	
IFI27L2	0.898454398946329	0.05077280052683547	0.05077280052683547	
ST13	0.6231345619093582	0.34040649466320555	0.03645894342743612	
NPAS1	0.9383046913324835	0.03084765433375819	0.03084765433375819	
SCN9A	0.03830618008251313	0.03830618008251313	0.9233876398349737	
CDKN2A	0.9598524636888983	0.02007376815555085	0.02007376815555085	
VLDLR	0.011043033731708353	0.4177874243151189	0.5711695419531727	
ULK3	0.032960638593726485	0.032960638593726485	0.934078722812547	
TMPPE	0.025033179228500773	0.199978118545891	0.7749887022256081	
SERTAD3	0.3397117404672967	0.6465702428099345	0.013718016722768856	
LINC00923	0.01777793812991286	0.01777793812991286	0.9644441237401743	
AC008467.1	0.011292143184471151	0.011292143184471151	0.9774157136310577	
SPATA24	0.9006729062230435	0.04966354688847817	0.04966354688847817	
CRAT	0.011717112490321863	0.6707777157308391	0.3175051717788391	
MIR34AHG	0.016728482813341196	0.016728482813341196	0.9665430343733176	
ABCB9	0.01170882307937327	0.44536945429680835	0.5429217226238183	
FHL2	0.010311347071351689	0.5327849489072953	0.4569037040213529	
APC	0.045474220736619005	0.045474220736619005	0.909051558526762	
SEC14L1	0.03860986355235083	0.03860986355235083	0.9227802728952984	
KLHL25	0.01207322341506436	0.01207322341506436	0.9758535531698712	
FN1	0.3719651129434476	0.620385207179223	0.007649679877329481	
TPPP	0.018046151682469303	0.018046151682469303	0.9639076966350614	
ADPRM	0.9022719361970636	0.04886403190146818	0.04886403190146818	
VWA8	0.035228913094146795	0.035228913094146795	0.9295421738117063	
CROT	0.301661704214202	0.6799147582247952	0.018423537561002644	
FAM216A	0.9383726369087527	0.030813681545623587	0.030813681545623587	
PTPN18	0.03867356044597795	0.03867356044597795	0.9226528791080442	
CLK2	0.4440946040302473	0.5215804842479792	0.03432491172177347	
PGBD4	0.027156250145853787	0.027156250145853787	0.9456874997082924	
COG6	0.24995053319568894	0.7305118010862037	0.019537665718107253	
CORO1A	0.02245786122891812	0.02245786122891812	0.9550842775421637	
CSNK1D	0.03458623952321234	0.17991477408634896	0.7854989863904388	
SMARCAL1	0.9060826466428764	0.04695867667856175	0.04695867667856175	
DENND5A	0.5331551503436979	0.4495424898954127	0.01730235976088946	
USP53	0.02057186946308199	0.3564502456535691	0.6229778848833489	
STX16	0.04306322177206527	0.04306322177206527	0.9138735564558695	
RFK	0.01170898336823842	0.665263884409806	0.32302713222195556	
AC002310.1	0.9081669400931167	0.0459165299534416	0.0459165299534416	
DSTN	0.024862174617269826	0.52149472891962	0.45364309646311013	
BROX	0.04335033031266232	0.2554646314820617	0.701185038205276	
BAG4	0.6577310382076087	0.29607770164903924	0.04619126014335191	
FLVCR1	0.9025949006084214	0.048702549695789285	0.048702549695789285	
CAMLG	0.8481678432430704	0.0759160783784648	0.0759160783784648	
ERICH5	0.008679788112555582	0.6279753488352783	0.3633448630521662	
CHID1	0.8897198807202074	0.05514005963989627	0.05514005963989627	
PCBD1	0.8929370914129452	0.05353145429352737	0.05353145429352737	
ATP5MC1	0.02015818378372854	0.3791065182336845	0.600735297982587	
NFRKB	0.3601393652731413	0.6165470067176878	0.023313628009170997	
MXD4	0.03382148492649532	0.03382148492649532	0.9323570301470093	
DICER1	0.044973395699826835	0.044973395699826835	0.9100532086003463	
PPM1J	0.014963822576682526	0.386526769438412	0.5985094079849054	
ASH1L	0.051220899066691625	0.051220899066691625	0.8975582018666168	
PSME3	0.025640573031970405	0.4934376014093377	0.480921825558692	
SYNE2	0.013203088218215402	0.6144112626573399	0.37238564912444455	
BCL2L2	0.029650872953473163	0.029650872953473163	0.9406982540930536	
DPY19L1	0.02662407641075287	0.02662407641075287	0.9467518471784943	
VPS9D1	0.03236826710239851	0.03236826710239851	0.9352634657952029	
AKAP13	0.03943126090991921	0.03943126090991921	0.9211374781801615	
OAS1	0.017427758143610656	0.017427758143610656	0.9651444837127786	
PI4K2B	0.46376884096253806	0.5030354834236036	0.03319567561385835	
NFIA	0.029238837826385537	0.029238837826385537	0.9415223243472288	
DUSP23	0.04057569329715955	0.04057569329715955	0.9188486134056809	
SCARF1	0.01617552707906234	0.01617552707906234	0.9676489458418753	
JAZF1	0.9242822705965796	0.03785886470171023	0.03785886470171023	
MFSD9	0.036850703158809756	0.28236567215281494	0.6807836246883753	
ESPL1	0.4400923209163984	0.5417440727032721	0.018163606380329544	
TP53RK	0.3163822739271723	0.6629466147761989	0.02067111129662874	
CEP70	0.035175924407778114	0.035175924407778114	0.9296481511844437	
IGFBP3	0.9647943456004403	0.01760282719977984	0.01760282719977984	
C6orf47	0.04789390630688064	0.04789390630688064	0.9042121873862388	
ZNRD1	0.8734447795897737	0.06327761020511306	0.06327761020511306	
GSDMD	0.01696669685644035	0.5750246416642074	0.4080086614793523	
HNF1B	0.8753932275737986	0.06230338621310065	0.06230338621310065	
PHF11	0.05097056824303254	0.05097056824303254	0.8980588635139349	
TMEM209	0.04896626227428559	0.04896626227428559	0.9020674754514288	
FAM120B	0.040855650041214574	0.040855650041214574	0.9182886999175709	
DBN1	0.9256932800547916	0.0371533599726042	0.0371533599726042	
CAVIN1	0.9489542636676064	0.025522868166196786	0.025522868166196786	
DHX40	0.8959192019565582	0.05204039902172088	0.05204039902172088	
THAP4	0.038584749868057364	0.038584749868057364	0.9228305002638854	
SQOR	0.03682923819473807	0.03682923819473807	0.9263415236105238	
TPM1	0.019390567777954372	0.5422093135496596	0.43840011867238604	
SERINC1	0.8790600808612653	0.06046995956936727	0.06046995956936727	
AMPD3	0.020950515108645658	0.020950515108645658	0.9580989697827087	
ANKRA2	0.3706194367089454	0.60447167536041	0.024908887930644635	
IL20RA	0.02269824056925579	0.02269824056925579	0.9546035188614884	
TMEM106B	0.8708899666343973	0.06455501668280127	0.06455501668280127	
TIMM9	0.892502838534071	0.05374858073296447	0.05374858073296447	
SNX27	0.2790598578053795	0.7008217726647753	0.020118369529845102	
MARK2	0.015378374451904613	0.599622932770777	0.3849986927773183	
KANSL1L	0.9161469369724808	0.04192653151375953	0.04192653151375953	
PIP4P2	0.9137763199427053	0.04311184002864731	0.04311184002864731	
LYRM9	0.891484029932247	0.054257985033876494	0.054257985033876494	
TRIM41	0.022066872603453577	0.4781457423389454	0.499787385057601	
OTUD1	0.9462827720818194	0.02685861395909024	0.02685861395909024	
ACOT11	0.043935882320314965	0.043935882320314965	0.9121282353593702	
GHITM	0.027671645764101534	0.3324266299969453	0.6399017242389532	
AC004846.2	0.012620903174451949	0.012620903174451949	0.9747581936510961	
TUBB	0.6159272254595617	0.3531690883477319	0.030903686192706448	
TMEM97	0.5068714259810229	0.46988970029343086	0.023238873725546394	
OIP5	0.3677982678089864	0.6194887300280226	0.01271300216299098	
SLC19A1	0.016030488817392885	0.5477098866311445	0.43625962455146255	
C4orf47	0.0194378681135493	0.0194378681135493	0.9611242637729014	
CD3G	0.9489175784006623	0.02554121079966884	0.02554121079966884	
DSEL	0.9379856805650902	0.03100715971745485	0.03100715971745485	
HPSE	0.028644667099714197	0.028644667099714197	0.9427106658005715	
TBC1D2B	0.04779630376071251	0.04779630376071251	0.904407392478575	
AP000704.1	0.68388393230664	0.28687655411228846	0.02923951358107148	
BICD2	0.02227641990784885	0.02227641990784885	0.9554471601843023	
RAB32	0.880840396756856	0.059579801621571976	0.059579801621571976	
DNMT3A	0.24900122135520994	0.7350421830225676	0.015956595622222465	
KBTBD7	0.40928932035039717	0.5615932690083848	0.02911741064121804	
CCDC13	0.009708737864077669	0.009708737864077669	0.9805825242718447	
RBM7	0.33120713355452946	0.6523849757882436	0.01640789065722678	
CSKMT	0.03191221443693062	0.03191221443693062	0.9361755711261387	
ZDHHC12	0.012384821429372792	0.6947696574995185	0.29284552107110867	
SLC9A1	0.008522921016051926	0.6535985863512477	0.3378784926327004	
LINC00921	0.017718008379008703	0.017718008379008703	0.9645639832419826	
TRAPPC6B	0.04440292316180466	0.04440292316180466	0.9111941536763908	
SLC44A4	0.03989857540693718	0.03989857540693718	0.9202028491861257	
NUTM2B-AS1	0.0537618586820071	0.0537618586820071	0.8924762826359859	
ATP5MD	0.042172947208313244	0.042172947208313244	0.9156541055833736	
TRMT9B	0.03316698940194236	0.03316698940194236	0.9336660211961152	
ANKMY1	0.032847525170394215	0.032847525170394215	0.9343049496592115	
AAK1	0.012853701306879699	0.49326224421687204	0.4938840544762482	
AVEN	0.014166510856037236	0.5665613197453082	0.4192721693986545	
TMEM70	0.8902518878385174	0.054874056080741265	0.054874056080741265	
HIRA	0.02792000267353899	0.02792000267353899	0.944159994652922	
FKBP2	0.03488622222062298	0.3238665771129143	0.6412472006664628	
PEX3	0.2749624210343782	0.7083143210760985	0.016723257889523214	
LITAF	0.03107174769106326	0.03107174769106326	0.9378565046178734	
PLEK2	0.03820288300240265	0.03820288300240265	0.9235942339951947	
DNAH1	0.03344448435755171	0.03344448435755171	0.9331110312848965	
AC022306.2	0.016059310722345236	0.016059310722345236	0.9678813785553095	
HPS5	0.02164991058426049	0.4775307576278506	0.5008193317878888	
RALGDS	0.020597079296102536	0.020597079296102536	0.9588058414077949	
MED29	0.03887255064128291	0.03887255064128291	0.9222548987174342	
NBPF14	0.021229589905635105	0.021229589905635105	0.9575408201887298	
KPNA1	0.031821176057769386	0.36227903102917736	0.6058997929130533	
ANKRD50	0.026324808084065187	0.026324808084065187	0.9473503838318695	
TLN2	0.03844734347912632	0.03844734347912632	0.9231053130417473	
CHIC1	0.9080666956066367	0.045966652196681605	0.045966652196681605	
ADSL	0.8962770621746425	0.05186146891267866	0.05186146891267866	
CWC27	0.8908196624030014	0.054590168798499254	0.054590168798499254	
SHC2	0.9421802291467448	0.02890988542662755	0.02890988542662755	
SRA1	0.024935221011756464	0.4151159231989958	0.5599488557892477	
ATP13A1	0.04792871137317936	0.04792871137317936	0.9041425772536413	
CREB5	0.7057424350478011	0.27717806476711493	0.01707950018508395	
HLA-DMB	0.025283762444453184	0.025283762444453184	0.9494324751110936	
C3orf14	0.9345241216690596	0.03273793916547017	0.03273793916547017	
ARID4A	0.8736558285171971	0.06317208574140139	0.06317208574140139	
CFLAR	0.048955672409907475	0.048955672409907475	0.9020886551801851	
POLR3K	0.02258510238126337	0.2561858505488266	0.72122904706991	
PHC1	0.37763027999247084	0.6073064268548488	0.015063293152680426	
DIP2A	0.04376518880155776	0.04376518880155776	0.9124696223968846	
KIF3C	0.776322839696628	0.19590019554296398	0.02777696476040809	
TSPAN6	0.9054859146692605	0.047257042665369696	0.047257042665369696	
ASCC1	0.8845270390283931	0.057736480485803356	0.057736480485803356	
PPIP5K2	0.0458488067379185	0.0458488067379185	0.9083023865241631	
RWDD2A	0.9005456977286801	0.04972715113565992	0.04972715113565992	
MYO1B	0.04507314988754222	0.04507314988754222	0.9098537002249156	
HAS3	0.01504220328537683	0.01504220328537683	0.9699155934292463	
LPGAT1	0.9146159486770132	0.04269202566149337	0.04269202566149337	
CPPED1	0.23058742256182407	0.7532194318765052	0.016193145561670768	
KHDRBS3	0.913666047336332	0.04316697633183395	0.04316697633183395	
FAM199X	0.04613326143659375	0.04613326143659375	0.9077334771268125	
POLR2G	0.8974403075851124	0.05127984620744375	0.05127984620744375	
CCDC43	0.4722370313602483	0.4988710881408999	0.02889188049885176	
SAMD12	0.03401739601205474	0.03401739601205474	0.9319652079758904	
TRIOBP	0.046741914190218815	0.046741914190218815	0.9065161716195624	
ASXL3	0.9183045424471001	0.04084772877644991	0.04084772877644991	
VPS33A	0.038202525530896356	0.038202525530896356	0.9235949489382073	
SLC22A15	0.5435241777122042	0.43898374098720194	0.017492081300593897	
LACTB	0.046705842903801184	0.046705842903801184	0.9065883141923977	
MDP1	0.9063558500728678	0.04682207496356607	0.04682207496356607	
SAP30L	0.03447697973481711	0.03447697973481711	0.9310460405303658	
PPTC7	0.04105183335808815	0.04105183335808815	0.9178963332838237	
NAB1	0.047855958029460285	0.047855958029460285	0.9042880839410795	
UBE2G2	0.03233801140371388	0.1958253146506228	0.7718366739456634	
TYW1B	0.02849966493257767	0.02849966493257767	0.9430006701348446	
CABP1	0.016211600707086857	0.016211600707086857	0.9675767985858262	
GPR143	0.34965058256922227	0.635577292121093	0.014772125309684763	
NSA2	0.8722662761604649	0.06386686191976747	0.06386686191976747	
SPTBN4	0.9488397643466626	0.025580117826668674	0.025580117826668674	
WIPF2	0.019689898000115898	0.5217556453912158	0.45855445660866834	
COPS4	0.5992292053338725	0.36261997637679466	0.03815081828933288	
HACD2	0.03674643708182641	0.4037027370386114	0.5595508258795623	
NNT-AS1	0.8974424765933757	0.051278761703312116	0.051278761703312116	
CAPNS1	0.04267845890114507	0.04267845890114507	0.9146430821977098	
NAAA	0.024920950370626787	0.024920950370626787	0.9501580992587464	
RNF157	0.025842795891304147	0.025842795891304147	0.9483144082173917	
USP32	0.043819653569452804	0.043819653569452804	0.9123606928610944	
RPA1	0.4385537929642497	0.5322265412026276	0.029219665833122754	
WDR83	0.8801259185689282	0.05993704071553583	0.05993704071553583	
OCRL	0.02728940309303621	0.3856012935576168	0.5871093033493471	
JPX	0.9000959856676697	0.0499520071661651	0.0499520071661651	
XRCC3	0.01288401475763125	0.5270019218711366	0.4601140633712322	
TFDP2	0.24885325143197815	0.735853834157784	0.015292914410237722	
GPANK1	0.5385858904136724	0.4289875158781107	0.03242659370821688	
CDR2L	0.023805061671066555	0.023805061671066555	0.9523898766578669	
NELFB	0.0399605404900305	0.17272659874581434	0.7873128607641553	
AXL	0.9533815808485081	0.02330920957574594	0.02330920957574594	
SP110	0.033837226206073386	0.033837226206073386	0.9323255475878531	
NBL1	0.029770842926064606	0.029770842926064606	0.9404583141478707	
GRPEL2	0.9193492429309016	0.04032537853454918	0.04032537853454918	
IBTK	0.05049879261226588	0.05049879261226588	0.8990024147754683	
METTL27	0.9458567871989134	0.027071606400543256	0.027071606400543256	
TMEM101	0.8828912347761132	0.05855438261194334	0.05855438261194334	
TMEM33	0.023989175257200665	0.526952704144511	0.4490581205982882	
FRA10AC1	0.8744563053902238	0.06277184730488806	0.06277184730488806	
TMEM80	0.02672082692617518	0.02672082692617518	0.9465583461476496	
PARM1	0.03539082185428214	0.03539082185428214	0.9292183562914357	
CARMIL1	0.0449594210990807	0.0449594210990807	0.9100811578018386	
ATF1	0.20123639021885437	0.783200319113715	0.015563290667430636	
MT1M	0.01253225761096429	0.13001254272042453	0.8574551996686112	
HDX	0.023842387289937067	0.023842387289937067	0.9523152254201258	
ZNF804A	0.9564189515615438	0.021790524219228113	0.021790524219228113	
ODF2L	0.05130201768127209	0.05130201768127209	0.8973959646374559	
AC010331.1	0.022219099471606402	0.022219099471606402	0.9555618010567871	
ARHGAP19	0.9297857104641171	0.035107144767941426	0.035107144767941426	
SGSM1	0.9265481311073029	0.036725934446348515	0.036725934446348515	
RABEP2	0.02734176085755843	0.45426362989671387	0.5183946092457276	
B4GALT1-AS1	0.014438016300823163	0.39968003048062395	0.5858819532185529	
LINC01133	0.017158451744556512	0.017158451744556512	0.9656830965108869	
AC010618.3	0.03841858636112766	0.03841858636112766	0.9231628272777447	
SMCHD1	0.036482119646348087	0.036482119646348087	0.9270357607073038	
STK39	0.03819351602815188	0.03819351602815188	0.9236129679436963	
NDUFAF6	0.020898295460773417	0.532446731944296	0.4466549725949306	
CLUAP1	0.9036325633965404	0.04818371830172973	0.04818371830172973	
NDUFS3	0.040269779866168864	0.040269779866168864	0.9194604402676623	
SBF1	0.0181330083498212	0.4609235005527395	0.5209434910974392	
MICAL3	0.011779376194243464	0.7203590680276134	0.2678615557781431	
TAX1BP1	0.026624795142272253	0.4725373242557067	0.500837880602021	
CDKN3	0.3100367981490783	0.6774717196406435	0.012491482210278234	
NPEPPS	0.022842231600800858	0.5937868036478057	0.38337096475139343	
ZSWIM4	0.6159229783158432	0.3535553250017585	0.03052169668239818	
MACC1	0.9198671725671314	0.04006641371643428	0.04006641371643428	
CKS2	0.4357564039983895	0.5488054811159256	0.015438114885684822	
UQCRC1	0.0205497799214634	0.5491211155661556	0.43032910451238093	
LINC00654	0.020150546997658995	0.020150546997658995	0.959698906004682	
SHLD2	0.03975146284567356	0.03975146284567356	0.9204970743086529	
ZNF347	0.8251104954408277	0.12848150507193531	0.04640799948723696	
DHPS	0.5197968029801301	0.44242664916089697	0.037776547858972886	
ARHGAP29	0.9472947861790539	0.026352606910473027	0.026352606910473027	
YES1	0.02319003753174407	0.5435846683513009	0.43322529411695504	
SLC38A1	0.00861145012944563	0.7670877218512894	0.22430082801926496	
C3orf38	0.8591774103978215	0.07041129480108926	0.07041129480108926	
LEFTY1	0.023112431105529397	0.023112431105529397	0.9537751377889412	
PRR5	0.8881555439807944	0.055922228009602754	0.055922228009602754	
FAM72B	0.6624153124718106	0.31884046560652407	0.01874422192166517	
MYBBP1A	0.0369720400230138	0.0369720400230138	0.9260559199539723	
PYCR2	0.04313128397431995	0.04313128397431995	0.9137374320513602	
QDPR	0.892745290875932	0.053627354562033956	0.053627354562033956	
VPS26B	0.0465337658604211	0.0465337658604211	0.9069324682791579	
ARSA	0.029739268778745127	0.029739268778745127	0.9405214624425097	
GNL3L	0.03314459682390282	0.27910231685773973	0.6877530863183574	
TYW5	0.6496276579233664	0.31692266130180147	0.03344968077483221	
TBC1D12	0.033978298034558145	0.3294748247512799	0.6365468772141619	
AC022098.1	0.9194111273531897	0.04029443632340508	0.04029443632340508	
SSBP2	0.8958714796874758	0.05206426015626207	0.05206426015626207	
UBN1	0.025182699495428746	0.2739903120010883	0.700826988503483	
AC078846.1	0.8965757796769032	0.05171211016154836	0.05171211016154836	
MTERF1	0.7366596842614149	0.22052516418986798	0.04281515154871695	
AKR1B1	0.33808775529230917	0.6421837608663001	0.01972848384139059	
TIGD6	0.9083424141948493	0.04582879290257531	0.04582879290257531	
CDK13	0.04708589942257575	0.04708589942257575	0.9058282011548485	
CYP39A1	0.8411609308009008	0.12182983125843083	0.037009237940668356	
HIBADH	0.2360780937015108	0.7486117116393216	0.015310194659167584	
TUBGCP2	0.04942809189974129	0.04942809189974129	0.9011438162005175	
CRIP1	0.014579149360989177	0.014579149360989177	0.9708417012780216	
EDN1	0.9475325303259432	0.026233734837028396	0.026233734837028396	
PUS10	0.9109502101816015	0.04452489490919923	0.04452489490919923	
ECD	0.677636459854912	0.264291680452364	0.05807185969272391	
C5orf34	0.5760037431079107	0.4061512158560559	0.017845041036033297	
SNX11	0.03709440938487358	0.03709440938487358	0.9258111812302529	
AKAP8	0.018398947958753718	0.6520689950196628	0.3295320570215834	
SCML1	0.9065555938927594	0.04672220305362025	0.04672220305362025	
STMN1	0.3306325062350668	0.6568702787422162	0.01249721502271701	
MTX2	0.6103108272725388	0.3448550257106011	0.044834147016859914	
BRPF1	0.04004786093544915	0.04004786093544915	0.9199042781291017	
USP16	0.025004759554548346	0.5841271438821974	0.39086809656325416	
ZDHHC4	0.7131110868867669	0.23846385624949848	0.048425056863734536	
RAB1A	0.37504800002877386	0.5954449180766201	0.029507081894606015	
FAM161B	0.028590859652791983	0.028590859652791983	0.942818280694416	
CACUL1	0.4144695874808601	0.5462431601264908	0.03928725239264913	
RPS14	0.5124667947395064	0.45110780066911477	0.036425404591378725	
PPP1R12A	0.8591124611442951	0.07044376942785248	0.07044376942785248	
UGT8	0.8851780282948103	0.05741098585259483	0.05741098585259483	
CTNNA1	0.022362601208298027	0.6012290960877238	0.37640830270397807	
NRIP3	0.014426859610633704	0.014426859610633704	0.9711462807787326	
POLR3C	0.8947904880647233	0.0526047559676383	0.0526047559676383	
NR5A2	0.865374238092541	0.06731288095372943	0.06731288095372943	
WWP1	0.042562056504341333	0.042562056504341333	0.9148758869913174	
CD2BP2	0.05126247338127728	0.05126247338127728	0.8974750532374455	
C7	0.9433406952719867	0.028329652364006627	0.028329652364006627	
RARRES2	0.024436683245419893	0.024436683245419893	0.9511266335091602	
ST3GAL2	0.9135028538079463	0.04324857309602681	0.04324857309602681	
OSTF1	0.041769329989525664	0.050176073804391916	0.9080545962060824	
FBXO8	0.8913141306534149	0.05434293467329252	0.05434293467329252	
ELOF1	0.053378049551699606	0.053378049551699606	0.8932439008966009	
HELZ	0.8645110182390099	0.06774449088049499	0.06774449088049499	
MZB1	0.010194393764558957	0.010194393764558957	0.9796112124708821	
IMMT	0.027303254666712972	0.3741057530129228	0.5985909923203642	
AP002387.2	0.9130809340136129	0.04345953299319354	0.04345953299319354	
GADD45B	0.015245401992487136	0.015245401992487136	0.9695091960150257	
PLCD1	0.02323567230278919	0.02323567230278919	0.9535286553944216	
AL441883.1	0.021696395287121733	0.021696395287121733	0.9566072094257565	
GNG10	0.6465060081986599	0.30676528524391716	0.046728706557423005	
DOCK11	0.9399637772326892	0.030018111383655368	0.030018111383655368	
VPS37C	0.6636647456977587	0.2917787656967986	0.044556488605442666	
IFITM1	0.9187060031317323	0.04064699843413378	0.04064699843413378	
UBL4A	0.03069193509985518	0.34042220225126646	0.6288858626488784	
DMXL2	0.05309303411229541	0.05309303411229541	0.8938139317754092	
ERN1	0.9074796900414958	0.04626015497925205	0.04626015497925205	
DYRK1B	0.9185692168137332	0.04071539159313341	0.04071539159313341	
HIST1H3J	0.006550128628327938	0.6615629914611217	0.33188687991055044	
CSNK1A1	0.022353436519611584	0.6068275485812582	0.3708190148991302	
DHX16	0.031699749829485646	0.45702030219236156	0.5112799479781528	
MBOAT2	0.03527093752259335	0.03527093752259335	0.9294581249548133	
CNBP	0.8942001315789069	0.05289993421054651	0.05289993421054651	
MCEE	0.30144452741854466	0.677464843911012	0.021090628670443264	
WWC2	0.9479120113144534	0.026043994342773286	0.026043994342773286	
GIT1	0.029720179174520713	0.029720179174520713	0.9405596416509585	
DHRS7	0.9063936450211009	0.046803177489449524	0.046803177489449524	
AC005840.2	0.017300513630409513	0.017300513630409513	0.965398972739181	
ARL17B	0.01808252772495977	0.01808252772495977	0.9638349445500805	
FARS2	0.888804497794867	0.055597751102566415	0.055597751102566415	
KRBOX1	0.26951990386715624	0.7230258810948971	0.007454215037946728	
MSN	0.027759484311966585	0.027759484311966585	0.9444810313760668	
NUP37	0.53618348760935	0.43502129256712124	0.028795219823528822	
MYO1D	0.01787878860014922	0.5370967323986058	0.4450244790012451	
BOLA1	0.4722346696597212	0.4979854517548356	0.029779878585443176	
MEG8	0.9513930294701937	0.02430348526490312	0.02430348526490312	
DGKH	0.03628081323569791	0.03628081323569791	0.9274383735286041	
AC074117.1	0.04020763007577395	0.04020763007577395	0.9195847398484521	
UBR4	0.047848213753778165	0.047848213753778165	0.9043035724924438	
TRIM26	0.03240993639106679	0.2594339317645889	0.7081561318443442	
SLC23A2	0.009171537984294369	0.7238379932552218	0.26699046876048393	
TRIM24	0.44279217516357383	0.5366643284868549	0.020543496349571203	
ANKDD1B	0.9112629062302376	0.044368546884881135	0.044368546884881135	
CAP1	0.035209491171076884	0.29168873952064445	0.6731017693082787	
CCDC85C	0.022963181408743167	0.24175255408155807	0.7352842645096987	
SERPING1	0.9401410621332681	0.029929468933365917	0.029929468933365917	
IGFBP6	0.9422608467870793	0.02886957660646029	0.02886957660646029	
ZNF713	0.024732994818847904	0.024732994818847904	0.9505340103623041	
TMEM248	0.05554797024088479	0.05554797024088479	0.8889040595182305	
ZDHHC24	0.04456567041325478	0.04456567041325478	0.9108686591734905	
KCNK6	0.021518382644718396	0.021518382644718396	0.9569632347105632	
ERI3	0.32147616601856555	0.6556881794416666	0.022835654539767932	
PPP6R1	0.0414755561267569	0.0414755561267569	0.9170488877464863	
WDR13	0.044166675639496576	0.044166675639496576	0.9116666487210069	
CHEK2	0.9167645000138562	0.04161774999307187	0.04161774999307187	
NAP1L5	0.9379870752517813	0.03100646237410936	0.03100646237410936	
SCCPDH	0.8799500517809705	0.06002497410951466	0.06002497410951466	
ZNF350	0.6042938126866635	0.36354483213350586	0.032161355179830584	
CGAS	0.015314851270278552	0.015314851270278552	0.9693702974594429	
ASNSD1	0.38243020618516843	0.5883072244988481	0.0292625693159835	
DDR2	0.017738363244522888	0.017738363244522888	0.9645232735109542	
CDH24	0.255795776874337	0.734620463585743	0.009583759539920146	
DPYSL2	0.9331365993792123	0.033431700310393817	0.033431700310393817	
TENT4B	0.8925082427508516	0.05374587862457415	0.05374587862457415	
PEX7	0.39511938438944494	0.5804426339300268	0.024437981680528326	
RPL17	0.7491004145487242	0.22139596720741245	0.029503618243863352	
OSR2	0.9456973968707165	0.027151301564641742	0.027151301564641742	
FRMD8	0.02736204756500586	0.02736204756500586	0.9452759048699882	
C3orf70	0.02072920279282735	0.44957053710055794	0.5297002601066148	
C6orf141	0.009409054726904568	0.5191858989015031	0.47140504637159236	
TEN1	0.013894309269177087	0.7122859862417283	0.2738197044890945	
PSMC6	0.3459415803677251	0.6280306806200792	0.02602773901219573	
G6PD	0.038408811206438846	0.038408811206438846	0.9231823775871222	
SNUPN	0.6332387754708018	0.3212586517673607	0.0455025727618375	
TP53I13	0.8701445500040779	0.06492772499796101	0.06492772499796101	
RICTOR	0.7540579093860946	0.18435161739216482	0.061590473221740424	
TMEM268	0.9002418737665275	0.049879063116736164	0.049879063116736164	
WBP1	0.9048216274124885	0.04758918629375568	0.04758918629375568	
RRS1	0.02023769213738101	0.2972114079300138	0.6825508999326052	
LRRC56	0.017044222994522996	0.017044222994522996	0.965911554010954	
CAMTA2	0.03873355375222607	0.03873355375222607	0.9225328924955478	
RPL9	0.45719140564478783	0.5059535428060006	0.036855051549211516	
CCDC144A	0.023720691425436015	0.023720691425436015	0.9525586171491279	
RPP21	0.6200283038573241	0.3406023812289287	0.039369314913747226	
WDR12	0.4008238605844134	0.5787062022595776	0.020469937156009047	
HES1	0.9253504883335724	0.0373247558332138	0.0373247558332138	
CHMP1A	0.023917916861764445	0.4192649896569051	0.5568170934813303	
ISG15	0.013175399768549803	0.013175399768549803	0.9736492004629004	
MYO1F	0.03224773427590953	0.03224773427590953	0.9355045314481809	
TTC19	0.03477084065989023	0.3394940953395593	0.6257350640005505	
FZD8	0.021197231850422455	0.021197231850422455	0.957605536299155	
ACADM	0.04091983456892051	0.04091983456892051	0.918160330862159	
RAPGEF3	0.02017403799113689	0.02017403799113689	0.9596519240177261	
VSIG10L	0.9256449565627121	0.03717752171864398	0.03717752171864398	
AL159169.2	0.015555868438554464	0.10761014842346472	0.8768339831379808	
VMP1	0.03325318557356739	0.03325318557356739	0.9334936288528651	
AL161457.2	0.017948108367825948	0.017948108367825948	0.9641037832643481	
HEATR3	0.027850122241027293	0.027850122241027293	0.9442997555179453	
RAP2B	0.020833427160673712	0.020833427160673712	0.9583331456786526	
ZNF17	0.8957341151447089	0.052132942427645504	0.052132942427645504	
MANEA	0.923716875944349	0.038141562027825496	0.038141562027825496	
COQ10A	0.902932183561252	0.048533908219373936	0.048533908219373936	
SEMA4D	0.9138590993034331	0.043070450348283426	0.043070450348283426	
FECH	0.04099632248117101	0.04099632248117101	0.9180073550376581	
ALG3	0.26422488063710425	0.7177211435041359	0.01805397585875989	
OTUB2	0.008685512308228002	0.6753729488012926	0.3159415388904794	
ACOT9	0.04027301061981742	0.04027301061981742	0.9194539787603652	
TTLL3	0.025157132696769734	0.3299102604800826	0.6449326068231477	
KHDC4	0.028272300652613335	0.5234266661652874	0.4483010331820993	
TGIF1	0.2213959103466116	0.7645853705480777	0.014018719105310613	
TBCA	0.5121274267500644	0.4486212588473306	0.039251314402605	
A1BG	0.9454554715372201	0.02727226423138995	0.02727226423138995	
ADARB1	0.9280863885513533	0.035956805724323346	0.035956805724323346	
CRYBG1	0.010094942939277932	0.7769068715445618	0.21299818551616018	
ZNF140	0.8817200949534517	0.05913995252327412	0.05913995252327412	
GSTM3	0.9156625227315551	0.04216873863422237	0.04216873863422237	
CCZ1	0.03865395375728447	0.03865395375728447	0.922692092485431	
STXBP3	0.022214215146620246	0.5851439981838841	0.3926417866694957	
HARS2	0.02801294939031466	0.4055852365271203	0.566401814082565	
MLYCD	0.03477169999657507	0.03477169999657507	0.9304566000068498	
AC016831.5	0.022753332532005403	0.022753332532005403	0.9544933349359892	
NMNAT1	0.04991076665895389	0.04991076665895389	0.9001784666820922	
RPS9	0.8691835434248342	0.06540822828758285	0.06540822828758285	
PABPC1L	0.277578010879159	0.7072452840217148	0.015176705099126062	
FOXP1	0.8832988048597785	0.05835059757011067	0.05835059757011067	
PIGW	0.015665164442542324	0.37667074462928946	0.6076640909281682	
AC022144.1	0.009412797918536591	0.5522221983140273	0.43836500376743603	
ATP6AP1	0.5708228098987461	0.3851135570559804	0.04406363304527344	
PLPP5	0.562982307466494	0.3925553615392659	0.044462330994240094	
CCDC171	0.012407219641769527	0.6464589446204109	0.34113383573781964	
FDXR	0.042778424714101385	0.11532352809107466	0.841898047194824	
ZNF860	0.007567770124021291	0.4893279940942236	0.5031042357817552	
F2R	0.9256504291102624	0.03717478544486875	0.03717478544486875	
RASSF7	0.012109845583870802	0.6841780237570425	0.3037121306590867	
CATSPERZ	0.01581789372356229	0.01581789372356229	0.9683642125528754	
EHD4	0.022438239288127562	0.022438239288127562	0.9551235214237448	
DNAJA2	0.028398410179842074	0.46499406675137933	0.5066075230687784	
TYROBP	0.9486834989418015	0.025658250529099244	0.025658250529099244	
IFT43	0.8702041715174975	0.0648979142412512	0.0648979142412512	
ZNF827	0.8907126989405657	0.054643650529717085	0.054643650529717085	
ESRP1	0.011239748173747642	0.8160261531520163	0.17273409867423592	
SMG5	0.019629480192512483	0.6117790687442884	0.368591451063199	
CC2D1B	0.029806301352230006	0.20461623280944213	0.7655774658383279	
SLC25A5	0.01757547456584222	0.5314688385918463	0.45095568684231147	
CXXC1	0.017324979247285047	0.7029581088997172	0.27971691185299774	
TAF1A-AS1	0.9017212488408686	0.04913937557956569	0.04913937557956569	
PCBP1	0.649197683930785	0.3090973688878027	0.04170494718141226	
RP2	0.021055369746228986	0.4145847238496777	0.5643599064040934	
ACAP3	0.041217473549274505	0.041217473549274505	0.9175650529014511	
RALY	0.02545636268561709	0.4186729042946536	0.5558707330197293	
TRIM3	0.03554613357321979	0.03554613357321979	0.9289077328535603	
INPP5K	0.030826687120237617	0.030826687120237617	0.9383466257595247	
TADA1	0.18624712586117861	0.8004285576980303	0.01332431644079093	
MZT1	0.2857572037954557	0.697755332289002	0.01648746391554217	
TMEM250	0.0185274365736707	0.42490620174858634	0.5565663616777429	
RACK1	0.43703543017842345	0.5329128996405644	0.030051670181012062	
RBM42	0.41206211439676793	0.5539545036018195	0.03398338200141248	
TRANK1	0.018396035164553536	0.018396035164553536	0.9632079296708929	
LINC00997	0.024643626281101307	0.024643626281101307	0.9507127474377973	
CCDC107	0.034645498003486715	0.034645498003486715	0.9307090039930265	
LTC4S	0.929161124710867	0.03541943764456648	0.03541943764456648	
ZNF284	0.9147062406095211	0.04264687969523942	0.04264687969523942	
LCA5	0.4375377787777761	0.5468224092984233	0.015639811923800716	
ID2	0.9180697931568095	0.04096510342159522	0.04096510342159522	
AP000350.6	0.00892417615270447	0.08973403242414427	0.9013417914231513	
HPS1	0.043765283398296356	0.043765283398296356	0.9124694332034073	
EIF2AK1	0.019857741652692773	0.6978712878167216	0.28227097053058553	
PSD4	0.011170783421836921	0.7186192977386617	0.27020991883950135	
ARPC5L	0.020429615475028078	0.5244640422028288	0.455106342322143	
SLC48A1	0.03970778866010862	0.03970778866010862	0.9205844226797827	
NUP50	0.02146281689797197	0.5852224100849533	0.3933147730170747	
EIF3M	0.8680819356003727	0.0659590321998136	0.0659590321998136	
TSPAN15	0.039992404080308214	0.039992404080308214	0.9200151918393836	
SP3	0.2625505749183339	0.7167573823402696	0.020692042741396497	
ANKRD9	0.009308408201675614	0.7036314267719178	0.2870601650264066	
PGRMC1	0.25301342558940076	0.7293593229899987	0.017627251420600523	
DNMBP-AS1	0.020151115922646214	0.020151115922646214	0.9596977681547075	
FAM47E	0.22721819559753156	0.7631629317726958	0.009618872629772594	
AL158163.1	0.009528032642617331	0.0724139475911252	0.9180580197662576	
AC005726.1	0.019583672396314956	0.27551435249822886	0.7049019751054563	
SSTR2	0.9501430823626398	0.024928458818680086	0.024928458818680086	
RIPK2	0.7835128167829567	0.1739836160992087	0.04250356711783451	
PSMG3-AS1	0.036296099751170464	0.036296099751170464	0.927407800497659	
RFESD	0.27896055821747484	0.7120216140682053	0.009017827714319913	
EEF1B2	0.7377242698857693	0.2134799603936438	0.04879576972058684	
GGA3	0.042276993795848344	0.1300319934380951	0.8276910127660565	
HDHD5-AS1	0.9256755869129452	0.037162206543527386	0.037162206543527386	
USP31	0.021472513414453772	0.0676537357527603	0.910873750832786	
CKMT2-AS1	0.9037994433416331	0.04810027832918343	0.04810027832918343	
AL139089.1	0.033600821210295076	0.033600821210295076	0.9327983575794098	
RSAD2	0.009743962822967156	0.009743962822967156	0.9805120743540656	
GNAI3	0.853487165000434	0.07325641749978298	0.07325641749978298	
ZNF257	0.3364953863820262	0.6546744046873925	0.008830208930581418	
AL133338.1	0.35675507326581973	0.6209017582175941	0.022343168516586298	
NCBP3	0.029411307249860293	0.532464082736578	0.4381246100135616	
ASPHD1	0.9024587597579751	0.04877062012101242	0.04877062012101242	
RPL3	0.8746825034854719	0.062658748257264	0.062658748257264	
DPH5	0.8848059908628259	0.057597004568587004	0.057597004568587004	
DNAJC19	0.6295102546984761	0.3176653073104329	0.05282443799109094	
PGGT1B	0.053729574927618845	0.053729574927618845	0.8925408501447624	
NDUFB9	0.04350362319750695	0.04350362319750695	0.9129927536049861	
INTS12	0.8779598018534419	0.06102009907327899	0.06102009907327899	
POLI	0.34032919933514993	0.642133452881935	0.017537347782914967	
ACAD8	0.043077416519283304	0.043077416519283304	0.9138451669614335	
AC092279.1	0.025545371778213997	0.025545371778213997	0.9489092564435719	
SMIM20	0.8719262338563741	0.06403688307181288	0.06403688307181288	
FKBP7	0.9143375476962164	0.04283122615189176	0.04283122615189176	
BDH1	0.05104728206521494	0.05104728206521494	0.8979054358695702	
ACTR1A	0.042588803670696	0.042588803670696	0.914822392658608	
PHLDB3	0.48835688414703743	0.48827952580842676	0.023363590044535816	
HINT3	0.8594157786421658	0.07029211067891707	0.07029211067891707	
CALU	0.3889427476745372	0.5893311650244037	0.021726087301059044	
TAMM41	0.8858031888717562	0.05709840556412183	0.05709840556412183	
AMDHD2	0.9117814126876048	0.04410929365619754	0.04410929365619754	
BAIAP2-DT	0.030069536178796034	0.030069536178796034	0.9398609276424079	
SMIM10L1	0.8778299257816461	0.06108503710917688	0.06108503710917688	
AGO1	0.044126724956501245	0.044126724956501245	0.9117465500869976	
DNAJC3	0.045519435331381634	0.045519435331381634	0.9089611293372368	
KDELR1	0.2492206198216601	0.7330751282039869	0.017704251974352853	
NUDCD2	0.8890829359585831	0.0554585320207084	0.0554585320207084	
TCEAL3	0.9058218157216051	0.04708909213919737	0.04708909213919737	
PLEKHG6	0.007538722749931459	0.7614109977430774	0.23105027950699117	
HIST2H2AB	0.9206508139970851	0.03967459300145737	0.03967459300145737	
FBRSL1	0.020141724490551637	0.4998608759018142	0.47999739960763416	
SUN2	0.035451465069703675	0.035451465069703675	0.9290970698605926	
UBE3C	0.023048879026304835	0.4324556508197325	0.5444954701539627	
FAT1	0.051975816884409304	0.051975816884409304	0.8960483662311814	
SLC35E2B	0.04088580546794028	0.04088580546794028	0.9182283890641195	
NDUFAF2	0.892174659928984	0.053912670035507926	0.053912670035507926	
IFI6	0.01349044581405082	0.43499398669396583	0.5515155674919833	
THNSL2	0.25682646513342566	0.7296534852865276	0.013520049580046704	
UCP3	0.018080605431359843	0.018080605431359843	0.9638387891372803	
ADAT1	0.024803916462534287	0.2394500270165236	0.735746056520942	
ALG8	0.39337152183541857	0.582775254364583	0.023853223799998352	
CEPT1	0.893199220596113	0.05340038970194345	0.05340038970194345	
NIF3L1	0.26349499524790976	0.7178265962186149	0.018678408533475306	
PRKAR1B	0.859011334300291	0.0704943328498545	0.0704943328498545	
EXOSC3	0.38353001570080103	0.5933130910763454	0.023156893222853525	
ZFYVE27	0.03986174300835404	0.03986174300835404	0.9202765139832919	
ATP23	0.016388706097483774	0.5962907030432117	0.3873205908593044	
TAF9	0.28643203954766483	0.6906651852706255	0.02290277518170961	
MAP3K2	0.045116347745924504	0.045116347745924504	0.909767304508151	
RND1	0.014157546795494066	0.014157546795494066	0.9716849064090118	
AC145207.5	0.014670853635866562	0.22782385816543127	0.7575052881987022	
TFG	0.30290565214785525	0.6732434800826256	0.02385086776951917	
LINC01004	0.023068618461920345	0.023068618461920345	0.9538627630761592	
WFDC2	0.01715949019698807	0.01715949019698807	0.9656810196060238	
TMTC2	0.023347744772751377	0.4446297080418777	0.5320225471853709	
HNRNPLL	0.8315103700859029	0.1054983852359834	0.06299124467811365	
SPA17	0.03430387743316496	0.21745558815953064	0.7482405344073044	
AL022323.4	0.022781847580788096	0.022781847580788096	0.9544363048384238	
RMI2	0.4761594540013425	0.5079699545937109	0.015870591404946458	
MARCH9	0.8975318273552976	0.051234086322351165	0.051234086322351165	
CCDC191	0.893694024757355	0.05315298762132244	0.05315298762132244	
TRIM45	0.24432883522155768	0.7448004162501062	0.01087074852833605	
PTPRE	0.05480255839288611	0.05480255839288611	0.8903948832142279	
CFAP70	0.9082050331048875	0.04589748344755619	0.04589748344755619	
JADE2	0.9019166809740666	0.049041659512966664	0.049041659512966664	
RTL8B	0.35705530447893746	0.6301056432499523	0.012839052271110176	
AL158071.1	0.019010722105142763	0.019010722105142763	0.9619785557897145	
PHF20	0.8711610176441522	0.06441949117792384	0.06441949117792384	
ECPAS	0.039588606067824016	0.30742877791779655	0.6529826160143793	
GALNT12	0.045324531921848384	0.045324531921848384	0.9093509361563032	
TINCR	0.006922592948552106	0.6991818878037627	0.29389551924768514	
MEIS1	0.021166387147168196	0.021166387147168196	0.9576672257056635	
TTI1	0.34719539740350114	0.6291090278766015	0.023695574719897274	
ZNF182	0.8930511715089651	0.0534744142455174	0.0534744142455174	
PHACTR3	0.01219034116562904	0.01219034116562904	0.9756193176687419	
HIC2	0.28299198134842074	0.7060073042723426	0.011000714379236625	
ZNF793	0.44421078579217804	0.5325866517811949	0.023202562426627077	
HCFC2	0.032074088344007205	0.032074088344007205	0.9358518233119856	
RBFOX2	0.2906805550276455	0.684896194098362	0.024423250873992584	
NBPF10	0.015096406011294772	0.34751231896483964	0.6373912750238655	
P3H2	0.02177565691312601	0.02177565691312601	0.9564486861737479	
LMNTD2	0.013810473281581208	0.43759701331186773	0.548592513406551	
SMAD1	0.048477983918235795	0.048477983918235795	0.9030440321635285	
ENC1	0.41989372293278027	0.5545097886298154	0.025596488437404304	
PIAS4	0.25595635285857193	0.7236609258586245	0.020382721282803596	
TDP1	0.5467264855626609	0.4176069053553834	0.03566660908195551	
C1D	0.8647329281629085	0.06763353591854568	0.06763353591854568	
NDUFS8	0.04232887992375613	0.04232887992375613	0.9153422401524878	
LMF2	0.031058588392019013	0.29940473312302546	0.6695366784849555	
RGS5	0.9518248942971287	0.02408755285143565	0.02408755285143565	
BX537318.1	0.9125233387539171	0.04373833062304141	0.04373833062304141	
CASP4	0.5134359305702859	0.4542726959114375	0.03229137351827662	
ZNF546	0.9352165040005803	0.03239174799970984	0.03239174799970984	
ZNF90	0.40272227416452555	0.5813663208638413	0.01591140497163311	
CHD6	0.8685224251245889	0.06573878743770549	0.06573878743770549	
GNPAT	0.8709727296841093	0.06451363515794527	0.06451363515794527	
LGALS4	0.008739699505719288	0.7369265296215131	0.2543337708727676	
TRIM37	0.022470820069625034	0.34382984759921986	0.633699332331155	
TUFM	0.032946617019254505	0.37145080901758093	0.5956025739631646	
IDH2	0.011841941501556019	0.659341447828546	0.32881661066989804	
UBL7-AS1	0.014096251408712733	0.6311494280626319	0.3547543205286554	
APOBEC3G	0.9339511159243474	0.03302444203782625	0.03302444203782625	
SECTM1	0.009958769325322801	0.009958769325322801	0.9800824613493544	
PSKH1	0.026296677315743644	0.026296677315743644	0.9474066453685127	
SEC31A	0.6035422896536575	0.34442268957430355	0.0520350207720389	
FGD1	0.9056998504613912	0.047150074769304336	0.047150074769304336	
CLDN1	0.5498375099804815	0.4283691783785661	0.02179331164095233	
PIP5KL1	0.007247753229605138	0.732023076190119	0.260729170580276	
TIGD7	0.9115483686264095	0.0442258156867952	0.0442258156867952	
C1QTNF3	0.9145343011555335	0.0427328494222332	0.0427328494222332	
LRFN3	0.03436921178817579	0.03436921178817579	0.9312615764236484	
B3GALT4	0.020987264615711057	0.3841216748319778	0.5948910605523111	
NRCAM	0.007559378213303437	0.5598075593074293	0.4326330624792672	
CTSO	0.8951957790867953	0.052402110456602306	0.052402110456602306	
PRRG2	0.010534169040347412	0.7824510598534055	0.2070147711062471	
AC073332.1	0.04200139667778263	0.04200139667778263	0.9159972066444347	
IDE	0.043480339593771365	0.043480339593771365	0.9130393208124573	
LINC00884	0.9073030348896691	0.046348482555165396	0.046348482555165396	
ZNF662	0.4290190258310649	0.5491617785154573	0.021819195653477723	
CMAS	0.018135159252994706	0.6375234196601243	0.34434142108688093	
NTMT1	0.38957153818343765	0.5799631460974248	0.03046531571913753	
HSDL1	0.8869969092724659	0.056501545363766996	0.056501545363766996	
CRLS1	0.44703780309930446	0.5196344533557385	0.033327743544956934	
MAN1B1-DT	0.044857982089416375	0.044857982089416375	0.9102840358211672	
ZNF396	0.02793138836367123	0.02793138836367123	0.9441372232726575	
PAQR4	0.03562572627106958	0.03562572627106958	0.9287485474578607	
SELENOI	0.01977227546201205	0.6277234080422757	0.35250431649571223	
ARL1	0.4179244052450725	0.5488552327498788	0.033220362005048666	
ZNF155	0.9001717590758724	0.049914120462063734	0.049914120462063734	
RBM4	0.4565069474394736	0.5146695866380565	0.028823465922469857	
DICER1-AS1	0.3391633109818654	0.6428134780575063	0.018023210960628124	
HTRA1	0.3298496275827025	0.6597469220287291	0.0104034503885684	
GAS6	0.04551323949552002	0.04551323949552002	0.90897352100896	
CABIN1	0.048394949322150056	0.048394949322150056	0.9032101013556999	
TMEM79	0.7481769631320246	0.21063264707287394	0.041190389795101416	
CHST12	0.8947912909474215	0.052604354526289206	0.052604354526289206	
KDM3A	0.9126443284406761	0.043677835779661923	0.043677835779661923	
KIAA2013	0.02094760548839198	0.5306471220511028	0.44840527246050527	
MAGOHB	0.3495408497497922	0.6288111237050541	0.02164802654515362	
GAL3ST1	0.9238077769094288	0.038096111545285624	0.038096111545285624	
CACNA2D4	0.893220307367037	0.053389846316481505	0.053389846316481505	
PDPK1	0.019491801214916657	0.619042865397445	0.36146533338763825	
CLDN3	0.03145227635138048	0.03145227635138048	0.9370954472972389	
LPIN1	0.030491169252689614	0.030491169252689614	0.9390176614946207	
UQCC3	0.05250637628292737	0.05250637628292737	0.8949872474341453	
C14orf93	0.894501903032558	0.05274904848372091	0.05274904848372091	
MCRS1	0.025688647968986008	0.5631185886922265	0.4111927633387874	
TXNDC17	0.021473239416517558	0.5991656101936936	0.37936115038978874	
VPS16	0.037104236222213725	0.037104236222213725	0.9257915275555725	
YJEFN3	0.03601923918921947	0.03601923918921947	0.927961521621561	
AL136295.2	0.010532024945982855	0.010532024945982855	0.9789359501080342	
SPAG7	0.443673483184991	0.5217443583372636	0.0345821584777452	
PRDX3	0.4202581227995373	0.5529924395040119	0.026749437696450898	
SIX5	0.2564452395015962	0.7278024220884481	0.015752338409955595	
SNRNP25	0.036200382635363876	0.036200382635363876	0.9275992347292722	
DYNC1H1	0.049511571067952176	0.049511571067952176	0.9009768578640958	
CD164	0.3152443437280849	0.6593593275961483	0.02539632867576674	
ZNF268	0.6254655283127124	0.33615787639997363	0.038376595287314026	
TIMP4	0.9195443966907187	0.040227801654640585	0.040227801654640585	
KMT2B	0.035089601981898366	0.035089601981898366	0.9298207960362032	
SLC25A46	0.06030776079116955	0.06030776079116955	0.879384478417661	
SLC5A6	0.1562095510426021	0.83408905380367	0.009701395153727843	
CUTA	0.8726034892645513	0.06369825536772429	0.06369825536772429	
PCMTD2	0.8774387007377725	0.061280649631113675	0.061280649631113675	
ATG16L2	0.0432536050167397	0.0432536050167397	0.9134927899665206	
ARFIP1	0.02192835853783942	0.6252451830511161	0.3528264584110444	
IL17RB	0.03133828398888966	0.03133828398888966	0.9373234320222207	
TADA3	0.049512095173964696	0.049512095173964696	0.9009758096520707	
PRRT3-AS1	0.030191546680217653	0.030191546680217653	0.9396169066395647	
CFD	0.9312940446118777	0.03435297769406114	0.03435297769406114	
RPS3	0.4003553836761939	0.5709840842319566	0.028660532091849485	
IFIT2	0.013840672730256917	0.013840672730256917	0.9723186545394862	
EMILIN1	0.9451091697805143	0.027445415109742844	0.027445415109742844	
SYN1	0.9268399318215716	0.036580034089214154	0.036580034089214154	
N6AMT1	0.8864620541076452	0.056768972946177346	0.056768972946177346	
RPS2	0.5485483597992522	0.41496480764209254	0.036486832558655216	
LENG8	0.04509887854371328	0.04509887854371328	0.9098022429125735	
C1GALT1	0.21221105436031873	0.7738355809557379	0.013953364683943337	
HACD4	0.9499594112490958	0.025020294375452112	0.025020294375452112	
FN3K	0.8798031506322	0.060098424683899934	0.060098424683899934	
PITRM1	0.04272618708695819	0.2565790863664389	0.7006947265466029	
TNFRSF11A	0.04553529054997663	0.04553529054997663	0.9089294189000467	
CRNKL1	0.8874912907207995	0.05625435463960021	0.05625435463960021	
PLA2G12A	0.2746599526929847	0.7068214656251106	0.018518581681904657	
AP1S3	0.014850647321358318	0.45951486570831235	0.5256344869703293	
PYGM	0.011635678982480933	0.011635678982480933	0.9767286420350381	
GTPBP2	0.03347315198284543	0.03347315198284543	0.9330536960343091	
ARL14EP	0.8920615038491391	0.05396924807543043	0.05396924807543043	
CD69	0.010319520484755486	0.010319520484755486	0.979360959030489	
PSMB5	0.3943439476729167	0.5808372684798466	0.024818783847236583	
PRPF4	0.5450250120795276	0.41445407066497647	0.04052091725549598	
USP49	0.029130812374523425	0.029130812374523425	0.941738375250953	
CAMKMT	0.8641440520350502	0.06792797398247484	0.06792797398247484	
ELF1	0.8790534935182274	0.06047325324088625	0.06047325324088625	
ATP5PF	0.017195650780164023	0.68357947820073	0.2992248710191059	
RNFT2	0.6590601190686489	0.3180822475440122	0.022857633387338927	
DOCK5	0.01270324219047109	0.7784980535020329	0.208798704307496	
TESK1	0.03690342353460539	0.03690342353460539	0.9261931529307892	
TCFL5	0.029465193459352185	0.029465193459352185	0.9410696130812956	
AL133346.1	0.9309228544717888	0.034538572764105574	0.034538572764105574	
GRAMD1C	0.034994864614449776	0.034994864614449776	0.9300102707711004	
SPSB2	0.8900468846959391	0.054976557652030404	0.054976557652030404	
NDC80	0.38602910349723785	0.6037878025105887	0.010183093992173455	
SCAND1	0.05296688334720102	0.05296688334720102	0.894066233305598	
SNRPF	0.5165096201917548	0.4507510681741447	0.03273931163410048	
TMEM127	0.03507135166468909	0.03507135166468909	0.9298572966706218	
AP1AR	0.04462826973499777	0.04462826973499777	0.9107434605300045	
DTNB	0.909833958158009	0.045083020920995406	0.045083020920995406	
ZNF562	0.04300668322497892	0.05837375019165635	0.8986195665833647	
FLYWCH1	0.03036192371222372	0.03036192371222372	0.9392761525755525	
CLDND1	0.47784828791969075	0.49763113947597837	0.024520572604330916	
UQCR10	0.025596105668449037	0.5340841946872089	0.4403196996443419	
SPR	0.03868176995055856	0.03868176995055856	0.9226364600988828	
AC243772.2	0.008188131912033656	0.5582047747940624	0.433607093293904	
CD274	0.006591159607336762	0.6603530684563499	0.3330557719363134	
CPSF1	0.05847982889991016	0.05847982889991016	0.8830403422001797	
COQ9	0.022706966315895784	0.5898562203297667	0.38743681335433744	
MPV17L2	0.02038210604074683	0.3973283825444515	0.5822895114148017	
MVB12B	0.031059803325041754	0.11322612043341711	0.8557140762415412	
ZFP41	0.03549099068411686	0.03549099068411686	0.9290180186317663	
BTF3	0.5304652112608754	0.4298201551655707	0.03971463357355381	
LENG1	0.8579949477098201	0.07100252614508988	0.07100252614508988	
RABEP1	0.05458880217807724	0.05458880217807724	0.8908223956438456	
KCNS3	0.023299594661228853	0.023299594661228853	0.9534008106775422	
MBP	0.057476682293741824	0.057476682293741824	0.8850466354125164	
TMSB4X	0.03461373112283597	0.03461373112283597	0.930772537754328	
VTA1	0.36053407481449895	0.6103180076946466	0.029147917490854283	
KIAA0753	0.04133533826432134	0.04133533826432134	0.9173293234713573	
UQCRH	0.034490254207521984	0.40674929613564303	0.558760449656835	
NSMCE2	0.857015612153318	0.07149219392334091	0.07149219392334091	
EIF4G2	0.019645101695770256	0.6768889068148204	0.30346599148940945	
OAZ3	0.027172751450982663	0.027172751450982663	0.9456544970980346	
ALDH4A1	0.01067693069800997	0.6574921207908445	0.33183094851114553	
DCK	0.8730789073274569	0.0634605463362715	0.0634605463362715	
DPP7	0.8850167156219029	0.057491642189048536	0.057491642189048536	
LRP10	0.024875515443939008	0.1899986656861417	0.7851258188699193	
DUSP18	0.056215474735129334	0.056215474735129334	0.8875690505297413	
ZNF549	0.9229677430969457	0.03851612845152715	0.03851612845152715	
SP140L	0.03170886231221737	0.03170886231221737	0.9365822753755652	
LINC00504	0.012226900377388928	0.012226900377388928	0.9755461992452221	
MIGA1	0.46150345922370234	0.49804236507350264	0.04045417570279492	
CYTH1	0.03375639699320691	0.03375639699320691	0.9324872060135861	
CCDC82	0.04676480368245852	0.04676480368245852	0.906470392635083	
PRR26	0.05595400177498734	0.05595400177498734	0.8880919964500253	
TMEM102	0.013315717546554726	0.6192655541852253	0.36741872826821986	
ADPRHL1	0.02097262954303327	0.02097262954303327	0.9580547409139334	
ZNF185	0.026171038899112455	0.026171038899112455	0.947657922201775	
EDRF1	0.05284568490897161	0.05284568490897161	0.8943086301820569	
WAPL	0.04057377690902582	0.33953759290171476	0.6198886301892594	
ZBTB26	0.8994573948123006	0.05027130259384966	0.05027130259384966	
SMAD9	0.027231249735369726	0.027231249735369726	0.9455375005292604	
HSBP1L1	0.30875357414273463	0.6694131656052933	0.02183326025197208	
MTFP1	0.018574005164128132	0.4034155789823668	0.5780104158535051	
FBH1	0.059366968579979404	0.059366968579979404	0.8812660628400413	
DENND4B	0.03356028123723268	0.03356028123723268	0.9328794375255346	
NPR2	0.03463583325245861	0.03463583325245861	0.9307283334950828	
AC093157.1	0.8971545736451637	0.05142271317741811	0.05142271317741811	
ERBIN	0.04252668411397076	0.04252668411397076	0.9149466317720585	
CLDN7	0.01105128835294939	0.7183609874706789	0.27058772417637167	
DMAP1	0.4638929267137308	0.49438238164075143	0.04172469164551783	
GUK1	0.046942840880551735	0.046942840880551735	0.9061143182388965	
OPA3	0.01738534550799722	0.6488688243564508	0.333745830135552	
SOGA1	0.021493184580698734	0.3323237781792836	0.6461830372400177	
MINDY4	0.9090044674417839	0.045497766279107996	0.045497766279107996	
DDO	0.02074761404386395	0.02074761404386395	0.958504771912272	
FAM160B1	0.027882155249533705	0.3981709232399784	0.5739469215104879	
NRARP	0.03189138456710828	0.03189138456710828	0.9362172308657833	
ACSL4	0.01721690397457438	0.39324846109941813	0.5895346349260073	
CSK	0.046033996096970335	0.046033996096970335	0.9079320078060594	
IDH3G	0.05315438974362152	0.05315438974362152	0.8936912205127571	
HNRNPC	0.49747427986142967	0.47471088186671573	0.027814838271854502	
DDX43	0.00809872604371728	0.44950905522336243	0.5423922187329203	
TMEM94	0.012318671551486022	0.6102652058446977	0.3774161226038163	
RTN4IP1	0.025695905282822496	0.2734122056444198	0.7008918890727577	
PHOSPHO2	0.044349728752413914	0.044349728752413914	0.9113005424951722	
DOK4	0.03799733507896029	0.03799733507896029	0.9240053298420795	
RNASEH1	0.0334536284240634	0.35173409400252226	0.6148122775734143	
CCDC124	0.037243702423412794	0.40950036115805777	0.5532559364185295	
GCSH	0.2479994578824159	0.7348417754848288	0.01715876663275534	
MYSM1	0.04398480536386172	0.04398480536386172	0.9120303892722766	
AC015813.1	0.019823300798333752	0.12151404026665645	0.8586626589350098	
NT5E	0.887387243463719	0.05630637826814047	0.05630637826814047	
CR381653.1	0.01038649150017307	0.6565120858395654	0.33310142266026144	
MFSD1	0.056898828780322555	0.056898828780322555	0.8862023424393549	
LEPROTL1	0.8851922520572593	0.05740387397137029	0.05740387397137029	
SRPRA	0.048738911119722714	0.1443213365114253	0.806939752368852	
KRAS	0.059955125220758826	0.059955125220758826	0.8800897495584824	
RANBP3	0.5381217919166846	0.4089760290433718	0.05290217903994351	
TMEM63B	0.04233478094001722	0.04233478094001722	0.9153304381199656	
CHMP2A	0.02415346637744229	0.3615441469626709	0.6143023866598868	
SLC12A8	0.336989578811426	0.6451976497758833	0.017812771412690734	
CLIC1	0.8783776905240802	0.060811154737959866	0.060811154737959866	
DENND3	0.020187328254677547	0.020187328254677547	0.9596253434906449	
TTC33	0.8943306571482574	0.05283467142587121	0.05283467142587121	
KCNIP2	0.9216287545837172	0.03918562270814145	0.03918562270814145	
HLA-DPB1	0.9367204524808226	0.031639773759588694	0.031639773759588694	
CSF1	0.02209585241411795	0.02209585241411795	0.955808295171764	
RGL2	0.22623509517470752	0.7565578909177413	0.017207013907551194	
TBP	0.2838198206712388	0.691147305650653	0.025032873678108292	
CDS1	0.18577131965334287	0.7974659062139402	0.016762774132716953	
KCTD12	0.9233553446498639	0.03832232767506801	0.03832232767506801	
LMOD3	0.012029897542469501	0.012029897542469501	0.975940204915061	
KRT8	0.010156424324913678	0.6642403227928041	0.32560325288228215	
NCSTN	0.36602360551508767	0.6028571078022044	0.03111928668270789	
PHYKPL	0.04476598679540633	0.04476598679540633	0.9104680264091873	
ATP10A	0.9560358411875437	0.02198207940622811	0.02198207940622811	
UHRF2	0.8758427729046444	0.06207861354767773	0.06207861354767773	
TSG101	0.2800017487269793	0.6964137911374287	0.023584460135591866	
NOP16	0.0353073157065728	0.26395121046378883	0.7007414738296384	
SSR2	0.86043957975408	0.06978021012295992	0.06978021012295992	
C19orf44	0.8442099384641376	0.11632677492581536	0.0394632866100471	
DUSP12	0.8773277030506855	0.06133614847465717	0.06133614847465717	
PCSK5	0.04418287635577987	0.04418287635577987	0.9116342472884403	
AL118516.1	0.9037059938723758	0.04814700306381205	0.04814700306381205	
MYB	0.02602957156849651	0.02602957156849651	0.9479408568630069	
RPS5	0.5806905094140565	0.3746349699452431	0.044674520640700294	
RAB12	0.0222084922460276	0.0222084922460276	0.9555830155079448	
GSKIP	0.041257108847347235	0.1739475804109787	0.7847953107416741	
MRPL53	0.9240150158872508	0.03799249205637466	0.03799249205637466	
UGP2	0.018841824369962738	0.4236869558554516	0.5574712197745857	
AL441992.1	0.008770332503787307	0.6887380825126507	0.30249158498356193	
MED6	0.45706905476299386	0.5113338728309738	0.03159707240603227	
ALDH1B1	0.9256228311184987	0.03718858444075065	0.03718858444075065	
TCF19	0.025043718023118337	0.025043718023118337	0.9499125639537633	
ABCA2	0.036400647120170056	0.036400647120170056	0.9271987057596598	
EIF1AX	0.8787760727462425	0.060611963626878734	0.060611963626878734	
RAD51B	0.41393773492859803	0.5585759621325346	0.027486302938867363	
IL11RA	0.0330555831365826	0.0330555831365826	0.9338888337268347	
TUT4	0.6846252658621784	0.2758981342645285	0.03947659987329306	
CTU1	0.9167468390010444	0.04162658049947779	0.04162658049947779	
TLE6	0.007735324090571514	0.669265247405973	0.32299942850345537	
SPC25	0.927885461714524	0.04647615425839207	0.02563838402708384	
BRIX1	0.32795868976236653	0.6537189630324133	0.01832234720522015	
GSK3B	0.021906196208063642	0.6545641590451658	0.3235296447467706	
ADH5	0.891938731474677	0.054030634262661456	0.054030634262661456	
TSTA3	0.01329386397535441	0.7369677696014213	0.2497383664232242	
MAP4	0.04027949497973333	0.04027949497973333	0.9194410100405334	
ZNF12	0.8837933681142655	0.05810331594286721	0.05810331594286721	
AL031666.2	0.016613501143032214	0.016613501143032214	0.9667729977139355	
TTC7B	0.3410757220553715	0.6479905864043456	0.01093369154028293	
RNGTT	0.01974485444958474	0.5751026234073645	0.4051525221430507	
AL022322.2	0.0195806665424355	0.0195806665424355	0.960838666915129	
VPS37B	0.021047119432265254	0.3116537335092772	0.6672991470584575	
ERGIC1	0.049130006764703235	0.049130006764703235	0.9017399864705936	
YDJC	0.14286755866483994	0.8441673132839341	0.012965128051225926	
ABCB1	0.015862114202688394	0.015862114202688394	0.9682757715946232	
GCC2-AS1	0.9123975766834439	0.043801211658277994	0.043801211658277994	
SNX13	0.03801013741378053	0.4102941582956813	0.5516957042905383	
AC027307.2	0.020560200692306865	0.020560200692306865	0.9588795986153862	
SYNPO	0.010194737200875196	0.6114917739634069	0.3783134888357179	
AL136962.1	0.00574740221034561	0.5804876232449065	0.41376497454474775	
KLC2	0.019099327955923725	0.49652092926724384	0.48437974277683227	
EID1	0.8676078385607265	0.06619608071963669	0.06619608071963669	
RPL23A	0.47473566314445265	0.48722013459553265	0.03804420226001466	
DCTPP1	0.041902053971055384	0.07526659539250795	0.8828313506364367	
KLHDC2	0.6792032511757858	0.2733857233676246	0.0474110254565895	
PAFAH1B1	0.040612018017011954	0.3022655254899971	0.657122456492991	
ANAPC15	0.024226844646817215	0.5874891989712542	0.38828395638192864	
HOXD8	0.9202305202837794	0.039884739858110294	0.039884739858110294	
NEK3	0.05069375164491458	0.05069375164491458	0.8986124967101708	
ING4	0.8835273223054192	0.05823633884729036	0.05823633884729036	
VPS51	0.028641343654244106	0.3741770033105019	0.597181653035254	
LINC01515	0.9215496243386624	0.03922518783066884	0.03922518783066884	
LRRC28	0.8548333554958932	0.07258332225205334	0.07258332225205334	
SLU7	0.8635354075767427	0.06823229621162855	0.06823229621162855	
CCT4	0.5145689395951497	0.4508765181312224	0.0345545422736278	
RUNDC3B	0.021493443633328335	0.021493443633328335	0.9570131127333433	
CLOCK	0.048899068495392814	0.048899068495392814	0.9022018630092145	
CCDC106	0.8958822086556462	0.05205889567217689	0.05205889567217689	
UBE3D	0.9104886080523086	0.04475569597384568	0.04475569597384568	
GGA2	0.9029474412155735	0.04852627939221323	0.04852627939221323	
LYPLAL1	0.8749901522452919	0.06250492387735399	0.06250492387735399	
RRBP1	0.01651504051146361	0.7047424275635477	0.27874253192498866	
TMEM254	0.3262397900509871	0.6531122138869624	0.020647996062050467	
PRIM2	0.3718300116839024	0.6060084580878166	0.022161530228281105	
MRPS5	0.053556563387647756	0.053556563387647756	0.8928868732247045	
NDUFC2	0.022569215129615468	0.36929045483419287	0.6081403300361916	
CTSC	0.057653697953224815	0.057653697953224815	0.8846926040935504	
KAT2B	0.0364009375570431	0.0364009375570431	0.9271981248859137	
TM9SF1	0.3593165226352433	0.6164039371523462	0.02427954021241046	
LIG4	0.031083548486917984	0.031083548486917984	0.937832903026164	
FKBP15	0.05794351973158732	0.05794351973158732	0.8841129605368254	
HOMER3	0.9417184197973026	0.029140790101348627	0.029140790101348627	
POLR3GL	0.8658856350443863	0.06705718247780677	0.06705718247780677	
RFLNA	0.8992458699273683	0.05037706503631582	0.05037706503631582	
MPZL3	0.923101971614656	0.038449014192672	0.038449014192672	
SPTAN1	0.050129823645880645	0.050129823645880645	0.8997403527082387	
GPC1	0.007591031325236026	0.707600427935159	0.28480854073960493	
RAB27B	0.02839715125938456	0.3681368085953148	0.6034660401453006	
WIPF1	0.9396033237001518	0.030198338149924106	0.030198338149924106	
APOBEC3F	0.8951897034229277	0.0524051482885361	0.0524051482885361	
AC012360.3	0.031539242457214754	0.031539242457214754	0.9369215150855704	
AP001469.3	0.023768883234097895	0.023768883234097895	0.9524622335318041	
TBC1D9B	0.04881669244667893	0.04881669244667893	0.9023666151066422	
NUDT16L1	0.8610625986879781	0.06946870065601093	0.06946870065601093	
CAMK2N1	0.04198301110598046	0.04198301110598046	0.9160339777880391	
C11orf58	0.5336770702964796	0.42691296685367336	0.039409962849847074	
MORF4L1	0.32819327404852083	0.6487233659698989	0.02308335998158024	
TMED4	0.233974055578084	0.7464391837159038	0.019586760706012153	
DHRS4L2	0.04062076092417595	0.04062076092417595	0.9187584781516481	
PDCD10	0.02481966140208041	0.5738246380490085	0.401355700548911	
RBM45	0.03404854936830938	0.03404854936830938	0.9319029012633812	
NDUFB3	0.04765395038296878	0.04765395038296878	0.9046920992340625	
GNA13	0.042426792288134375	0.042426792288134375	0.9151464154237313	
DPP8	0.05031739261387558	0.05031739261387558	0.8993652147722488	
CLTCL1	0.02697283971889211	0.02697283971889211	0.9460543205622157	
COQ8A	0.8844908790380978	0.05775456048095109	0.05775456048095109	
TMEM178A	0.9243678268727834	0.03781608656360834	0.03781608656360834	
LRRC23	0.8695832016268594	0.06520839918657022	0.06520839918657022	
ZNF512	0.8973884522996336	0.051305773850183166	0.051305773850183166	
ARHGAP20	0.02029618945294397	0.02029618945294397	0.959407621094112	
LIN7B	0.04434228710996404	0.04434228710996404	0.911315425780072	
NAA35	0.024721852250221735	0.6263847501175945	0.34889339763218374	
ZNF236	0.03908289303987963	0.3057710217904449	0.6551460851696754	
CDKN2B	0.021910470342449147	0.021910470342449147	0.9561790593151017	
CREB3L4	0.32062908050856204	0.6577895377766872	0.021581381714750665	
TM7SF2	0.372132558912288	0.6026720340419611	0.025195407045750857	
TMEM138	0.018651923350470286	0.6376096578711722	0.34373841877835754	
ARL13B	0.9076809392663433	0.04615953036682829	0.04615953036682829	
SIN3B	0.012135017531387798	0.7601038139556485	0.2277611685129636	
CYP3A5	0.02217026438399767	0.02217026438399767	0.9556594712320047	
SLC20A1	0.010343945882856753	0.4295571711625125	0.5600988829546308	
HLA-E	0.033495542281324196	0.033495542281324196	0.9330089154373515	
RECQL5	0.017967977730994258	0.44479741296394143	0.5372346093050644	
PON3	0.9150154639275525	0.04249226803622374	0.04249226803622374	
ZNF598	0.024742463558282225	0.17948735702956536	0.7957701794121523	
GRB10	0.9185326970290083	0.04073365148549583	0.04073365148549583	
ZNF484	0.8983106529431449	0.050844673528427496	0.050844673528427496	
LBR	0.027223656344183205	0.027223656344183205	0.9455526873116336	
C1QTNF1	0.03272517891283364	0.03272517891283364	0.9345496421743327	
UCKL1-AS1	0.026599457865642138	0.026599457865642138	0.9468010842687157	
ZCCHC3	0.33340975505727766	0.6486225294721629	0.01796771547055936	
INPP4A	0.04397167435649432	0.04397167435649432	0.9120566512870114	
TBXAS1	0.027184075822920463	0.027184075822920463	0.945631848354159	
APP	0.060734994745170086	0.060734994745170086	0.8785300105096598	
TAF4	0.024627671732943078	0.41809964081457573	0.557272687452481	
UXS1	0.8435450040117098	0.0782274979941451	0.0782274979941451	
AC068473.5	0.30148469551089596	0.6806081328840504	0.01790717160505363	
TRIM22	0.014607631657663949	0.014607631657663949	0.970784736684672	
MEX3C	0.9060945882072404	0.04695270589637977	0.04695270589637977	
FAM98A	0.012120033977269169	0.6517705704506647	0.3361093955720662	
FASTK	0.06184525701424391	0.06184525701424391	0.8763094859715123	
TMX2	0.028511647832986646	0.5142468949207216	0.4572414572462917	
FRK	0.052946257390773646	0.052946257390773646	0.8941074852184527	
PRKAR2B	0.01997146972861775	0.01997146972861775	0.9600570605427645	
FZR1	0.4184719675053842	0.5504390171078892	0.031089015386726686	
DDX51	0.028447781206937316	0.028447781206937316	0.9431044375861253	
TENT4A	0.0374110581293604	0.0374110581293604	0.9251778837412793	
LAT	0.03208952441312472	0.03208952441312472	0.9358209511737505	
DTWD1	0.8859565830999702	0.05702170845001488	0.05702170845001488	
ADCY3	0.021566243811294933	0.021566243811294933	0.9568675123774101	
POLR3A	0.03913736306021851	0.03913736306021851	0.9217252738795629	
ARHGEF5	0.00924158252937689	0.6984084695391236	0.29234994793149943	
TMEM192	0.8532409499708677	0.0733795250145661	0.0733795250145661	
CTNS	0.8745935168406452	0.06270324157967735	0.06270324157967735	
DET1	0.8932503669942288	0.05337481650288556	0.05337481650288556	
STK35	0.025510375474205413	0.466811452895997	0.5076781716297976	
MRPS27	0.8818284415069289	0.059085779246535505	0.059085779246535505	
TTC4	0.658253491317363	0.30563799121605023	0.0361085174665868	
JTB	0.01922267877524485	0.6471124200889836	0.3336649011357716	
TMEM68	0.3351328563698568	0.6360185560324826	0.0288485875976607	
TCHP	0.040307036747073074	0.040307036747073074	0.9193859265058539	
TMEM131L	0.03526743307490566	0.03526743307490566	0.9294651338501886	
SNX24	0.5174413378736837	0.4480917528040038	0.03446690932231247	
MTFR1	0.018148399427917315	0.6468190146295465	0.33503258594253615	
DHX32	0.01525491116119631	0.7592339447765301	0.22551114406227368	
SPDYA	0.01975603393398506	0.01975603393398506	0.96048793213203	
TMEM18	0.7814773049086285	0.14982443167229983	0.06869826341907152	
ELP5	0.914844848366601	0.042577575816699506	0.042577575816699506	
RNF170	0.46467889439222393	0.5057515690590985	0.029569536548677555	
NDUFV1	0.028409756820801414	0.4624849969891231	0.5091052461900755	
TGFB1I1	0.9084100686588464	0.04579496567057674	0.04579496567057674	
SPARCL1	0.9560350686762796	0.02198246566186017	0.02198246566186017	
RNF114	0.6489621179988156	0.2968197428040061	0.054218139197178265	
CCNL2	0.029270338905677033	0.562651841777782	0.40807781931654086	
PEX1	0.033430087957310305	0.29380972591972987	0.6727601861229598	
MYO18A	0.038083045125077555	0.038083045125077555	0.9238339097498449	
NIPSNAP1	0.645405759476706	0.31490065008460405	0.039693590438689974	
UFL1	0.6922125398923092	0.2613400243561047	0.04644743575158594	
CYB561D2	0.04812345546800733	0.04812345546800733	0.9037530890639854	
CCT8	0.5285131245176332	0.4332228675502248	0.03826400793214188	
DXO	0.8652509860952846	0.06737450695235764	0.06737450695235764	
MAP3K11	0.03901690684199539	0.03901690684199539	0.9219661863160091	
MAGOH	0.3241133616678862	0.6489021167562681	0.02698452157584584	
PTPRC	0.015632558895323573	0.015632558895323573	0.9687348822093528	
GRK2	0.04148544373549495	0.04148544373549495	0.9170291125290101	
ATXN7L1	0.8775851343680285	0.0612074328159857	0.0612074328159857	
TCEAL1	0.894979949106822	0.05251002544658898	0.05251002544658898	
SYNE4	0.17718821092817585	0.8118619691211046	0.010949819950719508	
PLEKHJ1	0.0396074963862941	0.22130126795879201	0.739091235654914	
KLF13	0.029045582684695512	0.029045582684695512	0.9419088346306089	
PFKFB3	0.8919035175637211	0.054048241218139385	0.054048241218139385	
UHMK1	0.05245913282088946	0.05245913282088946	0.8950817343582211	
GIPR	0.026401547659766045	0.026401547659766045	0.9471969046804679	
RIPK3	0.032145061072186044	0.032145061072186044	0.9357098778556279	
RAD54L2	0.020556919362719826	0.4329310425136814	0.5465120381235987	
LRRC32	0.013863923148772108	0.013863923148772108	0.9722721537024558	
ASXL1	0.8590626127323804	0.07046869363380978	0.07046869363380978	
RPL10	0.8651880790430864	0.06740596047845676	0.06740596047845676	
GPI	0.04999353750646448	0.04999353750646448	0.9000129249870711	
TRIM56	0.04472574060837344	0.04472574060837344	0.9105485187832532	
ZDHHC21	0.03921852909962935	0.03921852909962935	0.9215629418007414	
PTCH2	0.9514874526541869	0.024256273672906548	0.024256273672906548	
SYNGAP1-AS1	0.036585218541717916	0.036585218541717916	0.9268295629165642	
PIAS2	0.04049505826333114	0.04049505826333114	0.9190098834733378	
OSBPL9	0.5349994970204466	0.4186899000834327	0.046310602896120615	
CASP8	0.046675355668358336	0.046675355668358336	0.9066492886632834	
RSRC2	0.47512183103213124	0.4950137387793432	0.029864430188525613	
IRF1	0.0342849505236818	0.0342849505236818	0.9314300989526364	
LINS1	0.045092154441249026	0.045092154441249026	0.909815691117502	
FMNL2	0.3681231241459243	0.6112516394837747	0.020625236370300986	
CNTNAP2	0.023041078002137692	0.023041078002137692	0.9539178439957245	
PLD2	0.022909199493643322	0.37362482185792306	0.6034659786484337	
ECM1	0.023054737978290378	0.023054737978290378	0.9538905240434192	
EMP3	0.9240554731964588	0.03797226340177061	0.03797226340177061	
KIF18A	0.23563599718290892	0.755844350956732	0.008519651860359129	
RSPH1	0.036560681091661634	0.036560681091661634	0.9268786378166767	
CIP2A	0.4616801448875189	0.5223669699421652	0.01595288517031582	
DUSP4	0.3015131669694124	0.6881476769852741	0.010339156045313417	
AL645728.1	0.021786261983403242	0.1574927181440549	0.8207210198725419	
PTPRA	0.8580550681991087	0.07097246590044558	0.07097246590044558	
PRPF40B	0.5894150791448259	0.37685252719954593	0.033732393655627975	
OST4	0.8626032682864686	0.06869836585676563	0.06869836585676563	
FAM131A	0.04334773951751211	0.04334773951751211	0.9133045209649758	
C1orf74	0.41332468048182974	0.5669146365163505	0.019760683001819806	
BLOC1S1	0.025428346620863695	0.025428346620863695	0.9491433067582725	
PLSCR3	0.9286114849316788	0.035694257534160605	0.035694257534160605	
TMEM189	0.02402855277322628	0.2661556519556707	0.709815795271103	
TTC23	0.877425180253841	0.061287409873079485	0.061287409873079485	
WDPCP	0.9016364101703213	0.049181794914839344	0.049181794914839344	
PIGP	0.8725892285345572	0.06370538573272136	0.06370538573272136	
FEM1A	0.01446575200374377	0.6551166413186875	0.3304176066775686	
SPG21	0.292486468497466	0.6813375349448464	0.02617599655768761	
APOD	0.9408383171065628	0.02958084144671854	0.02958084144671854	
GBP3	0.02961824888066778	0.02961824888066778	0.9407635022386643	
USP19	0.028388413744504112	0.414833229162616	0.5567783570928799	
CFL1	0.04127959791790789	0.04127959791790789	0.9174408041641843	
MTA2	0.02694941435761842	0.23762781256943377	0.7354227730729479	
EEA1	0.03549545063595323	0.26639237554978457	0.6981121738142622	
AC007952.4	0.9381351747784676	0.030932412610766128	0.030932412610766128	
GOLGA6L10	0.025491121103777343	0.025491121103777343	0.9490177577924452	
B3GALT2	0.9288305938199368	0.03558470309003154	0.03558470309003154	
PPP1R3D	0.022986947744038567	0.4930354881242774	0.4839775641316841	
ARHGAP4	0.027808173771446603	0.027808173771446603	0.9443836524571068	
ABCD4	0.8359472252207619	0.08202638738961908	0.08202638738961908	
PAPOLA	0.30166241296023405	0.6755411958140948	0.022796391225671193	
TIGD5	0.02947692451497993	0.02947692451497993	0.9410461509700401	
ITGB3BP	0.5371616617740094	0.43487303841388747	0.027965299812103227	
TIRAP	0.02352255028933733	0.48845011945234607	0.4880273302583166	
ETHE1	0.021449745298027165	0.41074597164514665	0.5678042830568262	
FBXO9	0.014503919366676037	0.7603036846679341	0.22519239596538979	
HIST1H3E	0.024696444741301213	0.024696444741301213	0.9506071105173975	
ABHD16A	0.9070680244697698	0.04646598776511506	0.04646598776511506	
DIAPH2	0.014000437452693072	0.705540294274409	0.2804592682728979	
CD81	0.894012705604059	0.05299364719797047	0.05299364719797047	
DCTN6	0.692034426682434	0.2625392041784326	0.045426369139133484	
UBR3	0.03034645850231563	0.4272991036116013	0.542354437886083	
KCNJ2-AS1	0.03246624808155894	0.03246624808155894	0.9350675038368821	
CNOT4	0.05867691787364125	0.05867691787364125	0.8826461642527176	
EPN1	0.04324834774567784	0.04324834774567784	0.9135033045086444	
TNFRSF14	0.8467988158692628	0.07660059206536864	0.07660059206536864	
UQCRC2	0.03457846055654216	0.33881791327226374	0.6266036261711941	
TTC3	0.04196264524527058	0.04196264524527058	0.9160747095094589	
UBALD1	0.15872129132540533	0.8287007060855716	0.012578002589023031	
RTL6	0.033081190539633716	0.033081190539633716	0.9338376189207325	
PLCB4	0.03799934922334862	0.03799934922334862	0.9240013015533028	
PROM1	0.0367828021039797	0.0367828021039797	0.9264343957920406	
FBXO5	0.2488420802435483	0.7411525497172223	0.010005370039229359	
COMMD6	0.8510595883648205	0.07447020581758979	0.07447020581758979	
NOP9	0.035975627988509194	0.05410634315111103	0.9099180288603798	
AL359711.2	0.011321067834282605	0.6818758771266773	0.30680305503904015	
KIAA2026	0.060454085252474365	0.060454085252474365	0.8790918294950514	
NMD3	0.8696526481202432	0.06517367593987836	0.06517367593987836	
CXorf40A	0.012455220599699035	0.6777057571365104	0.3098390222637905	
ESF1	0.8821614993267155	0.058919250336642214	0.058919250336642214	
TOR3A	0.04893715778408072	0.04893715778408072	0.9021256844318386	
TMEM205	0.8758297815100102	0.06208510924499481	0.06208510924499481	
SSH3	0.009712604517203622	0.8281806413615798	0.16210675412121658	
INPP5F	0.023982709439195886	0.5150513784597652	0.4609659121010389	
ZNF879	0.44342405455456774	0.5373210117305725	0.01925493371485972	
NUFIP2	0.01438377210142836	0.6576571921484337	0.3279590357501379	
RAB1B	0.025962496065812937	0.5111404824689776	0.4628970214652094	
WARS2	0.3737561917261023	0.599874992097284	0.02636881617661356	
RNF139	0.43939919930017807	0.5348293616335625	0.02577143906625943	
HIST1H4E	0.027422037481613648	0.027422037481613648	0.9451559250367727	
CPAMD8	0.5357266049654505	0.44467820502033134	0.019595190014217983	
DNAJC22	0.048775779051588024	0.048775779051588024	0.902448441896824	
TRAPPC8	0.06398032277017893	0.06398032277017893	0.8720393544596422	
ATP6V0C	0.8937255077097549	0.05313724614512248	0.05313724614512248	
AGAP5	0.03441241681687545	0.03441241681687545	0.9311751663662491	
PTPN11	0.037989218399683784	0.037989218399683784	0.9240215632006324	
HELQ	0.8953797496583773	0.05231012517081129	0.05231012517081129	
ZNF81	0.0423259169111645	0.0423259169111645	0.915348166177671	
TKFC	0.8665459761363241	0.06672701193183789	0.06672701193183789	
RNASEH2A	0.5634299737266248	0.40800393580376854	0.028566090469606738	
CDT1	0.5159791895773308	0.463913721132025	0.02010708929064423	
EPAS1	0.014284804075790653	0.6618100426868894	0.32390515323732005	
CCDC93	0.045538702020166834	0.045538702020166834	0.9089225959596664	
LINC01184	0.03981295902154494	0.03981295902154494	0.9203740819569101	
LMO4	0.39030746052233617	0.5810438533810555	0.02864868609660839	
PSMG3	0.01865036365999588	0.6117140170530628	0.3696356192869413	
ZFAND2B	0.045790900927697845	0.045790900927697845	0.9084181981446043	
TMEM64	0.9032833459675734	0.048358327016213225	0.048358327016213225	
SH3BGRL	0.8627278995270217	0.06863605023648912	0.06863605023648912	
FAAP20	0.8423275353179142	0.07883623234104299	0.07883623234104299	
NIFK-AS1	0.8945117046701621	0.05274414766491892	0.05274414766491892	
PPP1R21	0.8480873196979716	0.07595634015101424	0.07595634015101424	
DNAJC2	0.4940218291945955	0.46955915290126116	0.03641901790414324	
WASHC2C	0.05697866246475672	0.05697866246475672	0.8860426750704866	
MCC	0.9356037733263	0.03219811333684998	0.03219811333684998	
TPT1	0.8555606544353888	0.07221967278230564	0.07221967278230564	
RPL30	0.8590113342334724	0.07049433288326372	0.07049433288326372	
REPS2	0.012189726348203972	0.6781148595257964	0.30969541412599955	
THUMPD3-AS1	0.041803972320146314	0.041803972320146314	0.9163920553597074	
AC007032.1	0.9042932342121173	0.04785338289394135	0.04785338289394135	
FCHO1	0.9047477665321685	0.047626116733915744	0.047626116733915744	
FCER1G	0.9417607780183435	0.029119610990828264	0.029119610990828264	
OSTM1	0.031991157100024634	0.031991157100024634	0.9360176857999507	
MT-ND3	0.03668368073745777	0.03668368073745777	0.9266326385250844	
ZFP3	0.04222315000341402	0.04222315000341402	0.915553699993172	
ARRDC1	0.016582715278914972	0.6680743644538606	0.31534292026722444	
RGS2	0.9513450354150638	0.02432748229246811	0.02432748229246811	
RSU1	0.020785724182904832	0.4937168024753191	0.4854974733417761	
ARL5B	0.45482952414016636	0.5242468071952568	0.020923668664576744	
LINC02298	0.013312510804414923	0.557501596588507	0.42918589260707807	
CD247	0.024314905847015112	0.024314905847015112	0.9513701883059698	
RPL29	0.8624767863505098	0.06876160682474501	0.06876160682474501	
COA5	0.8610480331073608	0.06947598344631954	0.06947598344631954	
STK3	0.17167190896233214	0.8151854600749885	0.013142630962679366	
EI24	0.02598756221522242	0.477180159293688	0.4968322784910896	
AC020978.5	0.015828708471012514	0.6165511576020724	0.36762013392691517	
PCTP	0.017704786250276962	0.6081171286795671	0.3741780850701559	
TPRG1L	0.04987728155981079	0.04987728155981079	0.9002454368803785	
CTNND1	0.038275626902575875	0.34721756799584624	0.614506805101578	
RASA3	0.032413238158356006	0.032413238158356006	0.935173523683288	
EIF3H	0.448406800235276	0.5147236442369302	0.03686955552779393	
SUMO2	0.6395126018538906	0.30607273387676415	0.05441466426934529	
CITED2	0.9031432707903638	0.048428364604818065	0.048428364604818065	
PRC1	0.2419381018508865	0.7481242788389608	0.009937619310152771	
RPL23	0.846139370477096	0.07693031476145204	0.07693031476145204	
STX18	0.052454585323750025	0.052454585323750025	0.8950908293525001	
CYP20A1	0.05959324125307328	0.05959324125307328	0.8808135174938535	
ZNF212	0.20180081045252893	0.7852766378161294	0.012922551731341648	
MGRN1	0.06145208368532195	0.06145208368532195	0.8770958326293562	
IKZF5	0.8760933112801683	0.06195334435991581	0.06195334435991581	
RPL32	0.8568662810528536	0.07156685947357316	0.07156685947357316	
LRRC37A3	0.030533071382270363	0.030533071382270363	0.9389338572354592	
TMEM129	0.03886788863362326	0.03886788863362326	0.9222642227327534	
VWC2	0.01943327549221866	0.01943327549221866	0.9611334490155626	
TNRC18	0.04593635375533904	0.04593635375533904	0.908127292489322	
TET2	0.05805338990648967	0.05805338990648967	0.8838932201870208	
LINC01285	0.013192756022522845	0.013192756022522845	0.9736144879549543	
ZNF746	0.0297284776768735	0.38156326643495164	0.5887082558881749	
PLXNA1	0.031454334337838334	0.031454334337838334	0.9370913313243233	
SHB	0.36861803753384403	0.6069636189052878	0.024418343560868108	
WSB2	0.02310113962994721	0.47108976232120625	0.5058090980488466	
PRKAB1	0.8670435845299871	0.06647820773500637	0.06647820773500637	
CYB5D1	0.03520167489531631	0.03520167489531631	0.9295966502093673	
COL28A1	0.009682954172148211	0.4726503561436028	0.517666689684249	
RCOR3	0.6526649505080805	0.28595761674774706	0.061377432744172455	
TSC1	0.5371026684454322	0.42734268857918506	0.035554642975382654	
LMNA	0.022621485188252702	0.49092748933898817	0.4864510254727591	
ANP32A	0.6014878951481999	0.3545038882210576	0.04400821663074247	
ISOC1	0.37540699250014975	0.5946452462362821	0.02994776126356809	
SLC20A2	0.04072936171199966	0.05157988469963449	0.9076907535883658	
CACTIN	0.04600491923662681	0.04600491923662681	0.9079901615267464	
HOXB4	0.9378117360877424	0.031094131956128805	0.031094131956128805	
EFL1	0.03386410800604724	0.3428535229073526	0.6232823690866002	
KCNK5	0.007060592277106452	0.7125729619723005	0.28036644575059305	
EXOC2	0.026298598120635477	0.49663834627863235	0.4770630556007321	
CHTOP	0.21739865404492836	0.7603800295443748	0.02222131641069684	
CD58	0.04884349624094148	0.04884349624094148	0.902313007518117	
ACTR3	0.05839548886212641	0.05839548886212641	0.8832090222757473	
KLHL23	0.8883822181694068	0.05580889091529658	0.05580889091529658	
TYK2	0.05078509036474985	0.05078509036474985	0.8984298192705004	
MAST3	0.033946394160068775	0.033946394160068775	0.9321072116798624	
UTP25	0.9037646797106486	0.048117660144675695	0.048117660144675695	
SNHG10	0.04180746587165682	0.11595569570629286	0.8422368384220503	
KLF10	0.8055281025718829	0.15376345959016352	0.04070843783795348	
FLII	0.060206291168036746	0.060206291168036746	0.8795874176639266	
KIAA1143	0.6082706487593449	0.3399296112704538	0.05179973997020117	
EPG5	0.8774119315204633	0.061294034239768314	0.061294034239768314	
WDR97	0.02766722515657256	0.02766722515657256	0.9446655496868548	
MARS	0.05333165511655918	0.05333165511655918	0.8933366897668817	
NOM1	0.027958799238687382	0.22423963502188327	0.7478015657394295	
GNA15	0.9205480959817829	0.039725952009108556	0.039725952009108556	
UBA2	0.4153889891671397	0.5524447700111732	0.03216624082168697	
FAM53B	0.030520464199900222	0.030520464199900222	0.9389590716001995	
AC242426.2	0.020598036883604738	0.36058506928385	0.6188168938325452	
PIGG	0.04375055359890935	0.29300587553749036	0.6632435708636003	
REST	0.38262345461404607	0.5799206857076952	0.03745585967825869	
CRYZL1	0.3601663103508098	0.609594981285418	0.03023870836377226	
NDUFAF4	0.049114982473499776	0.049114982473499776	0.9017700350530005	
PRMT5	0.29769597588532143	0.6768300876778898	0.025473936436788774	
AL645568.1	0.016110707901807707	0.29742338848661926	0.686465903611573	
NEURL4	0.021109841408069638	0.4164245326523378	0.5624656259395926	
ZNHIT6	0.881755422251149	0.05912228887442543	0.05912228887442543	
AL022157.1	0.9053351460152094	0.04733242699239527	0.04733242699239527	
RSL1D1	0.6487272192394467	0.3036103282124352	0.047662452548118045	
SRPK1	0.012027954207476124	0.7531371086720424	0.23483493712048154	
WDR35	0.9096076279185437	0.045196186040728135	0.045196186040728135	
ZNF561	0.8562490464384086	0.07187547678079566	0.07187547678079566	
TMEM245	0.8674391836722635	0.06628040816386818	0.06628040816386818	
LRRC6	0.8952238780844319	0.05238806095778399	0.05238806095778399	
BICRA	0.014451770201056154	0.6630273380562999	0.32252089174264403	
SNRPE	0.38651459950640293	0.5875488569724463	0.02593654352115077	
PYROXD1	0.05072373515152761	0.1837741807967907	0.7655020840516817	
SLC25A21	0.9318131735773153	0.03409341321134234	0.03409341321134234	
HIST1H2AL	0.017729235721233753	0.4020362991413505	0.5802344651374157	
GSTM4	0.043335625672769246	0.043335625672769246	0.9133287486544616	
HEATR5B	0.048910232809314586	0.048910232809314586	0.9021795343813709	
FBXL14	0.032377276052792524	0.032377276052792524	0.9352454478944149	
AP001160.1	0.01472037086333243	0.14062364747507072	0.8446559816615968	
YEATS4	0.4578808565614575	0.516250710177866	0.0258684332606765	
PCGF6	0.019249726969368677	0.4567989865305853	0.523951286500046	
PDP2	0.01934250756652159	0.5564959364699618	0.4241615559635168	
STK10	0.03497603561707863	0.03497603561707863	0.9300479287658426	
KLHL28	0.8633265264727632	0.06833673676361834	0.06833673676361834	
PPP2CB	0.04566977692003718	0.04566977692003718	0.9086604461599257	
CYP4V2	0.8961522466406461	0.05192387667967692	0.05192387667967692	
TAF12	0.874924780627035	0.06253760968648243	0.06253760968648243	
COX6C	0.059782664845613856	0.059782664845613856	0.8804346703087723	
FBL	0.6555395853526974	0.2933072749836755	0.05115313966362713	
ZNF251	0.8824673796782733	0.05876631016086331	0.05876631016086331	
CHMP3	0.05830052868317831	0.05830052868317831	0.8833989426336435	
GTF2H2C	0.9090424003972843	0.045478799801357765	0.045478799801357765	
PSMC3IP	0.341784921706115	0.6414574586776899	0.016757619616195065	
PPP1CC	0.03195301028738004	0.505276760052177	0.46277022966044284	
FEM1B	0.8542795421037394	0.07286022894813025	0.07286022894813025	
HAUS4	0.8902933737224741	0.0548533131387629	0.0548533131387629	
WDR90	0.01327175333174883	0.5781773600354025	0.40855088663284855	
PLEKHA1	0.21221440100082262	0.7654771248633987	0.022308474135778678	
ADAP2	0.019643563033883295	0.019643563033883295	0.9607128739322335	
PIAS1	0.8551730180282153	0.07241349098589235	0.07241349098589235	
TOMM40	0.026243902267316713	0.3268229448346062	0.6469331528980771	
AP001462.1	0.026626800999300364	0.026626800999300364	0.9467463980013993	
PPP1CA	0.02374078771074094	0.5061479342458169	0.47011127804344216	
ESRP2	0.011752895795142819	0.8022587221359606	0.18598838206889654	
DPY19L2	0.9169538413137615	0.04152307934311925	0.04152307934311925	
SLC3A1	0.9294340544851274	0.03528297275743627	0.03528297275743627	
GARS	0.04912518045374287	0.04912518045374287	0.9017496390925143	
OVOL2	0.027335375448747423	0.36649831087554813	0.6061663136757045	
AP1G1	0.03400283110090635	0.3466536933713966	0.619343475527697	
MRPL35	0.0441873109465609	0.20464446617751278	0.7511682228759262	
AC024575.1	0.9194612754236593	0.04026936228817034	0.04026936228817034	
OSBPL1A	0.04153707573718458	0.04153707573718458	0.9169258485256309	
PSMD11	0.023031235206732815	0.6370895427863865	0.3398792220068807	
ADAMTS14	0.018836425980235303	0.018836425980235303	0.9623271480395293	
RPL7L1	0.8696492200994222	0.0651753899502888	0.0651753899502888	
PDXDC1	0.01982469337501645	0.7142439440581247	0.2659313625668588	
BDKRB1	0.015850653089959563	0.015850653089959563	0.9682986938200808	
TRIM52	0.044239481390040886	0.044239481390040886	0.9115210372199183	
ADCK5	0.05185307141680536	0.05185307141680536	0.8962938571663893	
IDS	0.03475099588520366	0.03475099588520366	0.9304980082295926	
ZNF197	0.8704145604643133	0.0647927197678433	0.0647927197678433	
LTV1	0.038966277266668785	0.038966277266668785	0.9220674454666625	
AC087482.1	0.9226130742547571	0.038693462872621376	0.038693462872621376	
AC092123.1	0.02330631089388283	0.02330631089388283	0.9533873782122343	
SLF2	0.04318379713659378	0.04318379713659378	0.9136324057268125	
PLGRKT	0.01153022279452496	0.7401893240162186	0.24828045318925646	
AC016773.1	0.020117187224542057	0.020117187224542057	0.9597656255509158	
WAC-AS1	0.03952054622132058	0.03952054622132058	0.9209589075573588	
ZDHHC9	0.3277058519198373	0.6475183465320749	0.02477580154808793	
VPS29	0.8630962806102118	0.06845185969489401	0.06845185969489401	
EFNA4	0.2304014719735698	0.7535985902326539	0.015999937793776287	
UFD1	0.024563706114435695	0.5430471655942221	0.43238912829134224	
CUX1	0.042226235620335055	0.4196196173411666	0.5381541470384984	
SPTSSA	0.027967900871449833	0.4781876327850535	0.49384446634349655	
ZNF540	0.923170908245741	0.03841454587712947	0.03841454587712947	
MAN2C1	0.05293122447424963	0.05293122447424963	0.8941375510515008	
UBE2B	0.37455238609692026	0.6017445418721439	0.023703072030935784	
TRIM35	0.037853383294235654	0.037853383294235654	0.9242932334115287	
MRPS21	0.89671341774993	0.051643291125034976	0.051643291125034976	
SLFN13	0.021285143780542935	0.021285143780542935	0.9574297124389141	
ZNF354C	0.9299139022825806	0.03504304885870964	0.03504304885870964	
ING3	0.6708638651528398	0.27238473386094264	0.05675140098621749	
AIMP2	0.03490595164436599	0.19689798137332534	0.7681960669823086	
MRPS28	0.520620357432558	0.43757660769293477	0.04180303487450721	
ATP6V1A	0.8587396328245877	0.07063018358770609	0.07063018358770609	
GALNS	0.04210085568329856	0.04210085568329856	0.915798288633403	
CYP4X1	0.016014857548861134	0.016014857548861134	0.9679702849022777	
APLF	0.031179960048388963	0.031179960048388963	0.9376400799032221	
MLLT1	0.016430913655039365	0.6137606355378469	0.36980845080711383	
UBE2A	0.01071542734364628	0.7366896008213448	0.25259497183500895	
IMPA2	0.18965974193012364	0.796348212701412	0.01399204536846423	
ZCCHC2	0.030793709866528848	0.2984092585104902	0.6707970316229809	
PEMT	0.8850916310741718	0.05745418446291409	0.05745418446291409	
TMBIM4	0.04307869626193843	0.04307869626193843	0.9138426074761232	
CARM1	0.02056837314785309	0.643304400077198	0.336127226774949	
AC027031.2	0.024253613392278568	0.2816854237656393	0.694060962842082	
SLC25A19	0.04524218669000891	0.04524218669000891	0.9095156266199822	
AHCTF1	0.037390175783589046	0.34590605611808417	0.6167037680983268	
NDUFA6	0.015895507020355436	0.7252399035847081	0.2588645893949364	
CTNNBL1	0.26878536670355957	0.7062499542913693	0.024964679005071138	
NCBP1	0.02612307840921692	0.5377431309163548	0.4361337906744282	
SAMD8	0.03322058483751111	0.03322058483751111	0.9335588303249777	
AARS2	0.8851083516133177	0.05744582419334111	0.05744582419334111	
MAPK14	0.8359722609434681	0.08201386952826598	0.08201386952826598	
PLBD1	0.377998082253135	0.5970778598983176	0.02492405784854727	
FAAP100	0.04752856632375926	0.04752856632375926	0.9049428673524815	
POLR3G	0.026058134152655916	0.026058134152655916	0.9478837316946881	
RAB15	0.0106445195820241	0.7800238499381672	0.20933163047980868	
MTG1	0.4510038950870383	0.5062099049900555	0.04278619992290619	
CWC22	0.853415251637874	0.07329237418106296	0.07329237418106296	
MANBAL	0.3502511235999504	0.6230008914317829	0.02674798496826674	
HMGB3	0.00846917353215213	0.855386526747365	0.13614429972048278	
CAPZA2	0.8658119300505286	0.06709403497473565	0.06709403497473565	
S100A14	0.05235235336846548	0.05235235336846548	0.8952952932630691	
LARS	0.05262052421133141	0.05262052421133141	0.8947589515773372	
PXMP4	0.020180650723350117	0.562245532286168	0.4175738169904819	
RPS15A	0.8651148144381956	0.06744259278090216	0.06744259278090216	
RRP36	0.018812919095210497	0.42727627000209495	0.5539108109026946	
CDA	0.014234836836206353	0.014234836836206353	0.9715303263275873	
ZBTB40	0.023211929994211507	0.4931323233339933	0.4836557466717951	
STUB1	0.06116336185833396	0.06116336185833396	0.8776732762833321	
E2F1	0.008998991381674667	0.5541390279002897	0.4368619807180357	
AC007038.1	0.01799458981796238	0.01799458981796238	0.9640108203640753	
SH3GLB1	0.04853832322622859	0.3117740674547794	0.6396876093189919	
SOX12	0.895644455973283	0.052177772013358444	0.052177772013358444	
USP3	0.033118121318938834	0.4666008497872362	0.500281028893825	
CRYAB	0.9619861347973049	0.01900693260134754	0.01900693260134754	
PLCXD1	0.008488588800696579	0.7119185217633855	0.2795928894359178	
NFKBID	0.04207547189907516	0.04207547189907516	0.9158490562018498	
ERG28	0.27318627917889915	0.7047130962958442	0.02210062452525657	
USF1	0.032046002666339564	0.032046002666339564	0.9359079946673208	
SRBD1	0.04136665810998169	0.04136665810998169	0.9172666837800366	
ESAM	0.013387980423608694	0.6021612361261988	0.38445078345019257	
PCIF1	0.8405974711728944	0.07970126441355281	0.07970126441355281	
PRMT9	0.8788600167277287	0.0605699916361356	0.0605699916361356	
PLCL2	0.007844859586637496	0.7923308182503871	0.19982432216297533	
IRF7	0.025777708798339006	0.025777708798339006	0.948444582403322	
DBF4	0.35534786712634187	0.6229508300757584	0.021701302797899846	
PON2	0.8870796281986197	0.05646018590069007	0.05646018590069007	
UBE2E1	0.8524988000023643	0.07375059999881779	0.07375059999881779	
ZDHHC17	0.49243807752663005	0.4678370469165896	0.039724875556780316	
ADCY4	0.025656560315821943	0.025656560315821943	0.948686879368356	
ESYT2	0.015485910031783639	0.6824608686544821	0.30205322131373435	
LTB	0.020373857261222587	0.020373857261222587	0.9592522854775548	
RTN2	0.01989746719489237	0.4495961831793811	0.5305063496257264	
ACACA	0.030680985373469957	0.15867435299414379	0.8106446616323861	
ARG2	0.01739103921603733	0.01739103921603733	0.9652179215679253	
YWHAH	0.05452008022638511	0.05452008022638511	0.8909598395472298	
ATG12	0.1688710785394346	0.8136759486034996	0.017452972857065773	
SLC43A2	0.13839225602200425	0.8525072650437974	0.009100478934198287	
LIPT2	0.2092940738547897	0.7803432593747216	0.01036266677048877	
PUM1	0.33100427133215354	0.6394902061243334	0.02950552254351304	
LPP-AS2	0.03813136049634956	0.03813136049634956	0.9237372790073008	
TCAF2	0.0117121256048359	0.44648833316685205	0.541799541228312	
ZNF404	0.9355052045988775	0.0322473977005612	0.0322473977005612	
RPL11	0.8504067664331328	0.07479661678343355	0.07479661678343355	
RPS27A	0.5691495650827559	0.3864149603191113	0.044435474598132726	
GTF2A1	0.02439835730941566	0.45719540903159916	0.5184062336589851	
ATP5PD	0.04479443860543108	0.21663992879898425	0.7385656325955847	
GPAA1	0.019923926755601878	0.5235894137109353	0.45648665953346274	
INPP5E	0.031682173552856595	0.031682173552856595	0.9366356528942867	
EAF2	0.8951187572608816	0.05244062136955916	0.05244062136955916	
IKBKG	0.04733749333295557	0.04733749333295557	0.9053250133340889	
RPL14	0.45572213684608454	0.5080151024031713	0.03626276075074406	
PLEKHA3	0.8799399478138471	0.060030026093076394	0.060030026093076394	
GPRC5D-AS1	0.19513128049713044	0.7910316505091537	0.01383706899371584	
MISP	0.011580219088574099	0.5964370702755631	0.3919827106358628	
ATAD3A	0.015109023983045882	0.6277544705216728	0.35713650549528136	
LPP	0.06234342095332671	0.06234342095332671	0.8753131580933466	
KIF16B	0.05655545386103199	0.05655545386103199	0.8868890922779361	
TANC2	0.016033833216232387	0.4807393128591924	0.5032268539245752	
JRK	0.02727881616680663	0.18740658618688072	0.7853145976463127	
SPDYE16	0.020218352538485453	0.1708469964850774	0.8089346509764371	
PAF1	0.3230036083517592	0.6460690332357972	0.030927358412443526	
IGFBP2	0.90159021436289	0.04920489281855494	0.04920489281855494	
CCDC117	0.3454828669284303	0.6332569960503914	0.021260137021178304	
EIF3L	0.286993407282627	0.6923846177291676	0.020621974988205418	
NAA60	0.04914334219990105	0.04914334219990105	0.901713315600198	
HNRNPH2	0.7168261783570657	0.23084153311775618	0.05233228852517806	
ZC3H8	0.8438408287460484	0.07807958562697581	0.07807958562697581	
MRPS18B	0.5128344764653997	0.4523317644123352	0.03483375912226503	
BTC	0.0482626117845644	0.0482626117845644	0.9034747764308713	
HCFC1R1	0.8565800648109867	0.07170996759450662	0.07170996759450662	
SLC25A28	0.02452079022232728	0.3826820238548927	0.59279718592278	
LINC02482	0.935451039705552	0.032274480147224	0.032274480147224	
NEO1	0.053298097595979456	0.053298097595979456	0.8934038048080412	
SEC24A	0.214974207696686	0.7685348646916532	0.01649092761166065	
TBC1D10B	0.0501824204692993	0.0501824204692993	0.8996351590614015	
PLOD3	0.026287817109872234	0.6162335929907664	0.3574785898993614	
SLC35B3	0.04961006521477975	0.28678574871113216	0.6636041860740882	
PCYOX1	0.8602044644179815	0.06989776779100923	0.06989776779100923	
NUDT15	0.015852183421190352	0.7515561089408251	0.23259170763798442	
CASKIN2	0.04393418427278143	0.04393418427278143	0.9121316314544372	
DVL1	0.01337943935960713	0.7146339169630356	0.27198664367735725	
ZNF441	0.883893761368555	0.05805311931572242	0.05805311931572242	
RHOG	0.04454413097557179	0.04454413097557179	0.9109117380488565	
RBM24	0.017134941669266466	0.3129060455540922	0.6699590127766414	
AGAP3	0.042405426296306926	0.042405426296306926	0.9151891474073862	
C4BPA	0.0112494183932536	0.0112494183932536	0.9775011632134928	
KLF16	0.0243252419986213	0.0243252419986213	0.9513495160027573	
SRPX	0.9158394993162488	0.04208025034187557	0.04208025034187557	
TRAM2	0.3219646453595498	0.6568816425403086	0.021153712100141765	
DNAJC13	0.05822529528802314	0.05822529528802314	0.8835494094239538	
EVPL	0.3995259215989652	0.5769536525705672	0.023520425830467505	
PUS1	0.039222366302898964	0.039222366302898964	0.921555267394202	
TTPAL	0.04281135348467698	0.04281135348467698	0.9143772930306461	
HOXD-AS2	0.8867979036406696	0.05660104817966519	0.05660104817966519	
INTS8	0.05976852647683765	0.05976852647683765	0.8804629470463248	
B4GALT5	0.022034338784118115	0.5000167234651686	0.47794893775071334	
ACADS	0.03226330178123099	0.32682028672268437	0.6409164114960847	
ANKRD11	0.05165596104478029	0.05165596104478029	0.8966880779104395	
VRK2	0.0556308302640483	0.0556308302640483	0.8887383394719035	
LINC00852	0.018400764764994457	0.018400764764994457	0.9631984704700111	
DMAC1	0.8667430458535319	0.06662847707323398	0.06662847707323398	
CCDC157	0.028912093311731397	0.028912093311731397	0.9421758133765371	
M6PR	0.855933804174479	0.07203309791276051	0.07203309791276051	
ALKBH2	0.8794959675764754	0.060252016211762224	0.060252016211762224	
PTPRR	0.011573443557986816	0.011573443557986816	0.9768531128840263	
ZBED5-AS1	0.04132223657782838	0.2637892113751919	0.6948885520469797	
RPS26	0.5491757149438473	0.42640952279644795	0.024414762259704657	
FAM228B	0.9048072251516277	0.0475963874241861	0.0475963874241861	
LCA5L	0.026879812594023802	0.026879812594023802	0.9462403748119523	
CLSTN1	0.04070042677946384	0.04070042677946384	0.9185991464410723	
SYNGAP1	0.8853517040317719	0.057324147984114004	0.057324147984114004	
PEX19	0.3961940594451038	0.5726488335587285	0.031157106996167583	
KIAA0895	0.9061926098373977	0.04690369508130113	0.04690369508130113	
MSL1	0.8487943104695398	0.07560284476523016	0.07560284476523016	
SMARCD2	0.013549112164070495	0.7348663943447654	0.25158449349116413	
SFXN1	0.01680562721440087	0.5454484944554026	0.4377458783301965	
ZBTB7A	0.034232594697373386	0.034232594697373386	0.9315348106052531	
SUN1	0.03546500948193226	0.4035879314559502	0.5609470590621175	
AC007878.1	0.014992417988372033	0.4202376201112024	0.5647699619004255	
THYN1	0.8676500928521069	0.06617495357394648	0.06617495357394648	
DENND2D	0.8390658432320546	0.08046707838397275	0.08046707838397275	
ZNF573	0.9091557033393034	0.04542214833034826	0.04542214833034826	
PECAM1	0.954607719022904	0.02269614048854801	0.02269614048854801	
DAG1	0.011885764443950475	0.7658224987819657	0.22229173677408384	
TADA2B	0.0547350912803521	0.0547350912803521	0.8905298174392958	
ZBED9	0.15952837960583544	0.8322317025471629	0.008239917847001612	
EIF2A	0.5266592246629119	0.42178478225082244	0.05155599308626555	
PIP5K1A	0.014183255479704568	0.7616219897963202	0.2241947547239753	
TRIM13	0.8467158381809432	0.07664208090952841	0.07664208090952841	
MPPE1	0.04543000444982923	0.04543000444982923	0.9091399911003416	
ZNF646	0.039615700283997954	0.039615700283997954	0.9207685994320042	
HLA-G	0.006091308514125913	0.6152221599267171	0.378686531559157	
AC009812.4	0.008175382218158464	0.5080194107105226	0.48380520707131897	
RTKN	0.43871150185163815	0.518521672025725	0.04276682612263681	
WDSUB1	0.2938362391679894	0.6868640294709772	0.019299731361033464	
AL391832.2	0.025676031617521737	0.025676031617521737	0.9486479367649565	
AGO2	0.027275365655089916	0.40289416369489683	0.5698304706500134	
GCC1	0.024892142923989516	0.4537490436400944	0.521358813435916	
HDGFL2	0.8425222634511343	0.07873886827443284	0.07873886827443284	
PTPN4	0.04796985261907521	0.04796985261907521	0.9040602947618497	
CHKB	0.8968929676797123	0.05155351616014384	0.05155351616014384	
PRSS36	0.02396650774641693	0.02396650774641693	0.9520669845071661	
CETN2	0.8714489214143047	0.06427553929284757	0.06427553929284757	
DPH1	0.8014727234613132	0.1523248182482376	0.04620245829044924	
USP8	0.03011311314356838	0.5953283986812021	0.3745584881752295	
RNF26	0.3552009971746535	0.6187773390199527	0.026021663805393756	
ACAT2	0.037377607232421124	0.05402044367421886	0.9086019490933599	
PEPD	0.9048303955427469	0.047584802228626516	0.047584802228626516	
PLEKHM3	0.8871753854611665	0.056412307269416706	0.056412307269416706	
AC027307.3	0.013949003689978463	0.39624531183408745	0.5898056844759342	
DRAP1	0.0553604853669612	0.0553604853669612	0.8892790292660776	
AKTIP	0.012787143813513719	0.7481263287953623	0.23908652739112388	
AMN	0.3007272363975753	0.6798985004233954	0.019374263179029325	
GSN-AS1	0.013815789380364459	0.013815789380364459	0.972368421239271	
APBB3	0.04051639207495264	0.04051639207495264	0.9189672158500948	
RPL21	0.8416233266320913	0.0791883366839544	0.0791883366839544	
S100A2	0.020534542969125043	0.020534542969125043	0.9589309140617499	
NUDT21	0.44344442169148146	0.517629623845795	0.03892595446272344	
NDRG1	0.9264766122139112	0.03676169389304437	0.03676169389304437	
CLTC	0.061628589692607046	0.061628589692607046	0.8767428206147859	
SPG11	0.06761122169090976	0.06761122169090976	0.8647775566181806	
EIF2S3	0.8743130951691257	0.0628434524154371	0.0628434524154371	
ZNF223	0.9258087258597449	0.037095637070127495	0.037095637070127495	
ADAMTS5	0.9606361997563111	0.01968190012184449	0.01968190012184449	
LINC00960	0.011615709143837858	0.011615709143837858	0.9767685817123243	
IL32	0.017505054698439864	0.017505054698439864	0.9649898906031202	
MRPL10	0.36065612616749815	0.6124230438016989	0.026920830030802995	
LINC00865	0.9376307701708189	0.031184614914590538	0.031184614914590538	
GAL	0.9139571991581571	0.043021400420921396	0.043021400420921396	
UBR5-AS1	0.8936812439729805	0.053159378013509666	0.053159378013509666	
KLHDC4	0.03780115774925967	0.03780115774925967	0.9243976845014806	
PTGFRN	0.04530595393744508	0.04530595393744508	0.9093880921251098	
BCLAF3	0.04756230395490973	0.04756230395490973	0.9048753920901806	
WDR41	0.8639225876512245	0.06803870617438765	0.06803870617438765	
MARS2	0.03685554762474032	0.03685554762474032	0.9262889047505193	
DCN	0.9344923162470189	0.03275384187649054	0.03275384187649054	
B3GALNT2	0.03811737517936596	0.09695092609005142	0.8649316987305825	
ZFY	0.00552314240300387	0.4366394748936053	0.5578373827033908	
SGO1	0.2347317180104011	0.7567121319021872	0.008556150087411741	
MT1G	0.5277761990425597	0.4567835767413466	0.015440224216093784	
FZD5	0.032045384765058756	0.5095947798452433	0.4583598353896978	
RCOR1	0.014615222945840394	0.7302119682675287	0.25517280878663096	
TMC5	0.021732281153138234	0.4126757142698373	0.5655920045770245	
RNF123	0.05146283738532783	0.05146283738532783	0.8970743252293444	
EIF4A1	0.8436399178647015	0.10197792646551827	0.05438215566978014	
VPS39	0.04444044882046704	0.2730809608835754	0.6824785902959575	
RBM6	0.04849051707089296	0.04849051707089296	0.9030189658582142	
TRAC	0.018055141063070483	0.018055141063070483	0.963889717873859	
TMEM67	0.8980600065528067	0.05096999672359661	0.05096999672359661	
FXN	0.03160684015364217	0.03160684015364217	0.9367863196927156	
DYNC1LI1	0.601841956695855	0.3388490769381686	0.05930896636597631	
TNPO2	0.04412169682655633	0.04412169682655633	0.9117566063468874	
ZNF383	0.8830944057301168	0.05845279713494156	0.05845279713494156	
IFFO2	0.01769095376675846	0.2962366051239409	0.6860724411093007	
AFF1	0.8820677036522004	0.058966148173899724	0.058966148173899724	
AC007114.1	0.03591940558083332	0.03591940558083332	0.9281611888383333	
CAPN10-DT	0.043184005813613015	0.043184005813613015	0.913631988372774	
RIC3	0.9494608205909162	0.025269589704541864	0.025269589704541864	
GRASP	0.015443362732235686	0.015443362732235686	0.9691132745355286	
CD74	0.03617147257407329	0.03617147257407329	0.9276570548518533	
CPSF6	0.0676014364607721	0.0676014364607721	0.8647971270784559	
ERCC4	0.885271193450861	0.05736440327456943	0.05736440327456943	
RBM39	0.4508170815851313	0.5103680958557071	0.03881482255916154	
ACHE	0.015455678669371758	0.015455678669371758	0.9690886426612565	
ANKRD28	0.03974073003137899	0.03974073003137899	0.9205185399372421	
KCTD9	0.05612268278728263	0.05612268278728263	0.8877546344254348	
CYBC1	0.043943190359127075	0.043943190359127075	0.912113619281746	
MCF2L2	0.01429960752898697	0.01429960752898697	0.9714007849420261	
CDNF	0.3464661737106651	0.6340494635520874	0.019484362737247546	
RPL36	0.8452485983183412	0.07737570084082937	0.07737570084082937	
TMEM160	0.053013660754168995	0.053013660754168995	0.8939726784916621	
ENPP4	0.05070553370347398	0.05070553370347398	0.8985889325930521	
HSCB	0.8700012231109202	0.06499938844453985	0.06499938844453985	
MAP3K7CL	0.9144796952189439	0.042760152390528	0.042760152390528	
LMO2	0.018252214542660516	0.018252214542660516	0.963495570914679	
ZNF574	0.5680106825887131	0.38973574542289685	0.04225357198838999	
DEPP1	0.9424237871351842	0.028788106432407885	0.028788106432407885	
IVNS1ABP	0.8991287307405836	0.05043563462970815	0.05043563462970815	
MGP	0.9402465835826584	0.029876708208670725	0.029876708208670725	
SNAP47	0.8501919230245587	0.07490403848772066	0.07490403848772066	
SLC39A13	0.8865531898900615	0.05672340505496921	0.05672340505496921	
SNRPC	0.5694401743472784	0.38872948369283283	0.04183034195988861	
PPAN	0.03689377577580426	0.03689377577580426	0.9262124484483915	
BCOR	0.8636073136325925	0.06819634318370368	0.06819634318370368	
RDX	0.4652091067850417	0.5214989880335166	0.013291905181441754	
ZNF721	0.8468888561593008	0.07655557192034963	0.07655557192034963	
TEX14	0.9080517335014389	0.07375683610436018	0.018191430394201	
SLCO5A1	0.021543215140354944	0.021543215140354944	0.9569135697192901	
CSTF1	0.3928643816394538	0.5785873555794152	0.028548262781130953	
ZBTB44	0.6811149324406344	0.2753898202900288	0.04349524726933681	
PPM1H	0.9068427020595308	0.046578648970234594	0.046578648970234594	
HLA-DPA1	0.9382199131657306	0.030890043417134666	0.030890043417134666	
DLC1	0.9286058185406694	0.0356970907296653	0.0356970907296653	
TMEM45B	0.9021700403324453	0.04891497983377729	0.04891497983377729	
TNFAIP8	0.19715774564689584	0.7918935273871787	0.010948726965925387	
MTHFR	0.031971437090179966	0.031971437090179966	0.9360571258196401	
SRCIN1	0.931944365765822	0.03402781711708901	0.03402781711708901	
PTP4A3	0.9087322379545186	0.04563388102274063	0.04563388102274063	
TNIP1	0.043650604225571474	0.043650604225571474	0.9126987915488571	
SPPL3	0.3617467578195373	0.6078627247322863	0.030390517448176443	
PITPNM2	0.017612227894639825	0.5695298592882659	0.4128579128170942	
PRDM2	0.05900687331549252	0.05900687331549252	0.881986253369015	
LINC00115	0.8633211063423538	0.06833944682882301	0.06833944682882301	
SF3B3	0.6171892792386451	0.33709544214291626	0.04571527861843873	
R3HDM4	0.031645928542675214	0.46562920688891857	0.5027248645684061	
GLIDR	0.8888803025759192	0.055559848712040324	0.055559848712040324	
AGPAT1	0.609583786970666	0.33941033445280644	0.0510058785765275	
TXNDC9	0.02195905816219192	0.6475422329861044	0.3304987088517037	
MPLKIP	0.4799470983338206	0.4752965681911498	0.04475633347502953	
SYNJ2	0.22684893741823928	0.7569162896401165	0.016234772941644274	
ZRANB1	0.8273182082070383	0.10453128004611616	0.06815051174684549	
TTC9C	0.4925114616060459	0.46587865558293684	0.0416098828110172	
BACH1	0.8549049977917202	0.07254750110413981	0.07254750110413981	
RPS6KA5	0.011754471353769677	0.8212681241992335	0.16697740444699694	
PPM1L	0.044099232582120326	0.044099232582120326	0.9118015348357594	
SGSM2	0.041434704863407695	0.041434704863407695	0.9171305902731847	
MTERF4	0.8404756213624983	0.07976218931875083	0.07976218931875083	
AC025423.4	0.012492888970567679	0.5613574813924267	0.4261496296370057	
GSN	0.020586281610958376	0.020586281610958376	0.9588274367780832	
SGO2	0.27259139100450136	0.7153225045812669	0.012086104414231722	
KLHL3	0.9232188292849383	0.038390585357530885	0.038390585357530885	
BCKDHB	0.039216045907471235	0.3494615288425467	0.611322425249982	
UBE2M	0.056363872439926466	0.056363872439926466	0.8872722551201472	
BIRC2	0.8603519225200255	0.06982403873998726	0.06982403873998726	
TFAP4	0.4434718360786014	0.5286413394550005	0.02788682446639806	
FBXL20	0.5516163947332711	0.41469789750112573	0.033685707765603035	
NRDC	0.032131514978903056	0.5024494835310852	0.46541900149001175	
IL6ST	0.8801003714551728	0.05994981427241351	0.05994981427241351	
IPPK	0.02162498418217499	0.4450677646738031	0.5333072511440219	
MKKS	0.030121489588245447	0.4515018204235489	0.5183766899882055	
TOB2	0.044840708736304885	0.044840708736304885	0.9103185825273903	
PYM1	0.02003211462082555	0.658728471730871	0.32123941364830355	
CYP2R1	0.05115182813699604	0.05115182813699604	0.8976963437260079	
TNFRSF10D	0.026173304968148858	0.026173304968148858	0.9476533900637022	
CENPH	0.2529869470208518	0.7344577156448726	0.012555337334275623	
USP18	0.03896066638248817	0.03896066638248817	0.9220786672350236	
ATP5MGL	0.030685489037532366	0.08661974676422837	0.8826947641982393	
UCHL3	0.012998083005827561	0.7276165196673284	0.2593853973268441	
EXOC3L4	0.04528330669658193	0.04528330669658193	0.9094333866068361	
TMEM126A	0.8544615890948555	0.07276920545257219	0.07276920545257219	
LRRC41	0.6520006822511998	0.2872849393118735	0.06071437843692658	
BTBD8	0.5073235127908275	0.46151811163767165	0.031158375571500693	
PIF1	0.9352705403264024	0.03236472983679872	0.03236472983679872	
RALGAPA2	0.037467802965477665	0.037467802965477665	0.9250643940690447	
ZNF331	0.91934602165524	0.04032698917237995	0.04032698917237995	
SLC23A3	0.0316766897093199	0.0316766897093199	0.9366466205813602	
DRG1	0.3962487954509931	0.5701577108491881	0.033593493699818774	
SNAI3-AS1	0.9114363239611541	0.0442818380194229	0.0442818380194229	
FLNC	0.928652986976706	0.03567350651164697	0.03567350651164697	
GTF2H1	0.3892941158974797	0.5734863915623571	0.037219492540163206	
AC023157.3	0.020245677258794437	0.020245677258794437	0.9595086454824111	
MGME1	0.42999245831532074	0.535420895854306	0.03458664583037325	
CRTAP	0.8747455757196859	0.06262721214015698	0.06262721214015698	
TRA2B	0.4959005466338152	0.46827471691351646	0.03582473645266821	
ATAD3C	0.9018670673206791	0.04906646633966042	0.04906646633966042	
MBTD1	0.2828672707147246	0.6964815081095714	0.02065122117570399	
RTL8C	0.8546280853291571	0.0726859573354214	0.0726859573354214	
FAF2	0.2972742967582756	0.6747527895874089	0.027972913654315517	
NFE2L1	0.05891865943544507	0.05891865943544507	0.8821626811291099	
CDHR3	0.876182362406313	0.061908818796843464	0.061908818796843464	
FBXW11	0.061294872708321735	0.061294872708321735	0.8774102545833566	
RNF4	0.058682852586790846	0.12621809763415515	0.815099049779054	
TSPOAP1-AS1	0.027700944370859307	0.027700944370859307	0.9445981112582813	
SH2B1	0.05687651338192883	0.05687651338192883	0.8862469732361424	
KAT8	0.8361878899742908	0.08190605501285463	0.08190605501285463	
PPP1R9A	0.42562157397473327	0.5423630441671956	0.03201538185807116	
AC138150.1	0.023620788966536774	0.023620788966536774	0.9527584220669264	
HECTD2	0.9048121264965819	0.04759393675170896	0.04759393675170896	
ZC3H18	0.02998327096020726	0.501863160414792	0.4681535686250008	
IDI1	0.04743403025843197	0.04743403025843197	0.9051319394831361	
MSANTD2	0.8570374352122995	0.09050408699776363	0.052458477789936835	
OTUD6B-AS1	0.8517637778602848	0.0741181110698576	0.0741181110698576	
KIT	0.02249620515764785	0.02249620515764785	0.9550075896847042	
HAAO	0.9391049274755978	0.030447536262201064	0.030447536262201064	
TMEM120A	0.03348552665018172	0.03348552665018172	0.9330289466996365	
ZNF180	0.4306667066909002	0.5398342153707494	0.029499077938350427	
CDK5R1	0.021821720763721183	0.021821720763721183	0.9563565584725576	
NSUN4	0.5056693672448912	0.4488154762783274	0.045515156476781296	
STAU1	0.0478782903340835	0.3836972647545666	0.5684244449113499	
EMSY	0.016799754548218904	0.708980258262618	0.27421998718916296	
VCPKMT	0.3361011360337241	0.6357044108705233	0.02819445309575262	
SSB	0.8873280717259396	0.056335964137030146	0.056335964137030146	
FANCM	0.023608363564006547	0.2749401349758092	0.7014515014601842	
NDUFA5	0.41721058414423606	0.5429558674280437	0.039833548427720286	
AC025031.4	0.011134867661394383	0.48865027220060897	0.5002148601379967	
FAM234A	0.061447721552586786	0.08307420842429064	0.8554780700231225	
AC009403.1	0.04309113971152549	0.04309113971152549	0.9138177205769491	
GLMN	0.900542212046292	0.049728893976853955	0.049728893976853955	
SGTB	0.9064514009875136	0.046774299506243164	0.046774299506243164	
NADK2	0.8891537784174054	0.055423110791297275	0.055423110791297275	
LINC00893	0.03202436757380433	0.03202436757380433	0.9359512648523913	
CBX5	0.4845711101238074	0.4851378592899406	0.030291030586252047	
LAMA3	0.02069613424485431	0.02069613424485431	0.9586077315102913	
AC092287.1	0.028133535278247853	0.28455631778283125	0.687310146938921	
SUCLG2	0.04929898269436466	0.04929898269436466	0.9014020346112708	
DAXX	0.06137502331553737	0.06137502331553737	0.8772499533689253	
PPIL6	0.8786783613377238	0.06066081933113803	0.06066081933113803	
PARG	0.04885600274375165	0.04885600274375165	0.9022879945124967	
TUBB3	0.9204507141235186	0.03977464293824062	0.03977464293824062	
KDM6B	0.03871373287181556	0.03871373287181556	0.9225725342563689	
GBA	0.03296339006515644	0.23008021118265778	0.7369563987521857	
PFDN5	0.8363706956810475	0.08181465215947627	0.08181465215947627	
FANCE	0.15843742455794235	0.8333119619573315	0.008250613484726055	
SPIN2A	0.9325425969140235	0.03372870154298821	0.03372870154298821	
SLC39A1	0.21250385963652718	0.7715381673934983	0.01595797296997444	
CENPN	0.28707775849932	0.6987371482399382	0.01418509326074177	
TSPAN9	0.47790057710076383	0.4993546408641769	0.022744782035059283	
R3HDM1	0.040562325065229374	0.040562325065229374	0.9188753498695413	
LINC01560	0.03340070635581231	0.03340070635581231	0.9331985872883753	
AC067750.1	0.026784574411440523	0.026784574411440523	0.9464308511771189	
AC084018.2	0.032791472263260166	0.032791472263260166	0.9344170554734796	
HPCAL1	0.2535620103312468	0.7310103665339112	0.015427623134842049	
NID2	0.9063789579153535	0.0468105210423232	0.0468105210423232	
FFAR4	0.02337846668842696	0.02337846668842696	0.9532430666231461	
NMB	0.8756145974484487	0.06219270127577558	0.06219270127577558	
PLEKHG4	0.034617544104806906	0.034617544104806906	0.9307649117903861	
MARK3	0.0653511499088125	0.0653511499088125	0.8692977001823751	
AP004609.3	0.8845481285730327	0.05772593571348362	0.05772593571348362	
MAML2	0.04911433507290091	0.0810547845862056	0.8698308803408934	
MYH11	0.9468013838705176	0.026599308064741197	0.026599308064741197	
RTN4R	0.4806043965770365	0.4948673590321135	0.024528244390850017	
AL135905.1	0.013428299889829196	0.7046310808859904	0.28194061922418046	
AC118549.1	0.8762537190521225	0.06187314047393872	0.06187314047393872	
CD99L2	0.026303233006973077	0.47479060777833576	0.4989061592146912	
RNASE1	0.03294582785167023	0.03294582785167023	0.9341083442966595	
ZSWIM6	0.056469666994902384	0.056469666994902384	0.8870606660101953	
RNF139-AS1	0.031115393301176977	0.031115393301176977	0.937769213397646	
MZT2A	0.8573962728270105	0.07130186358649468	0.07130186358649468	
CTBP2	0.044828748014864285	0.24249456069086078	0.7126766912942749	
LCAT	0.33349897449930455	0.6567020210025414	0.009799004498154117	
FDFT1	0.015695816947821007	0.6898526406433233	0.2944515424088556	
C1orf53	0.2723969651714342	0.7117358469368152	0.015867187891750633	
ZFP36L1	0.8980229226930001	0.050988538653499935	0.050988538653499935	
ORAI1	0.8992739185203861	0.050363040739806894	0.050363040739806894	
KIAA1211L	0.009912458113463658	0.7411493376472829	0.24893820423925359	
KCTD2	0.03624149419694818	0.03624149419694818	0.9275170116061036	
COX20	0.3349104293878562	0.6346720034195806	0.030417567192563257	
UBE2T	0.22815112328088827	0.7623750997550958	0.009473776964015846	
TMX1	0.059567203617749295	0.059567203617749295	0.8808655927645015	
PIGT	0.055334664097162985	0.055334664097162985	0.889330671805674	
BAZ2A	0.028212579507218283	0.5195990464277507	0.45218837406503104	
OXSR1	0.03689213448687827	0.3889770364845154	0.5741308290286063	
PLCB3	0.021676843434778357	0.6535848523499304	0.3247383042152912	
XBP1	0.8650763119516793	0.06746184402416029	0.06746184402416029	
FAM214B	0.026916039392424457	0.026916039392424457	0.946167921215151	
BRPF3	0.03221622334677307	0.3610262207890671	0.6067575558641599	
RELL1	0.02713248579758365	0.16173496416935274	0.8111325500330636	
ATN1	0.06322643402375337	0.06322643402375337	0.8735471319524933	
TOP3A	0.026401940549618124	0.4109636130743728	0.562634446376009	
SMOC2	0.9050634296303158	0.047468285184842036	0.047468285184842036	
SH2B3	0.03600937503933116	0.03600937503933116	0.9279812499213376	
TTTY14	0.006613067877068986	0.3254670765389634	0.6679198555839676	
AMZ2	0.5803793377471858	0.3798732853803131	0.03974737687250112	
RHPN1	0.032796803324683856	0.032796803324683856	0.9344063933506322	
ABCB7	0.8332579852644436	0.08337100736777825	0.08337100736777825	
E2F3	0.03832734626592678	0.03832734626592678	0.9233453074681464	
ARHGAP6	0.9450881699643048	0.027455915017847582	0.027455915017847582	
ILF2	0.28433352617178576	0.692603977838341	0.023062495989873213	
MTMR12	0.03728510540860741	0.03728510540860741	0.9254297891827852	
ZNF286A	0.9061871916475269	0.0469064041762365	0.0469064041762365	
TMEM167B	0.4940120846515026	0.45490145450838404	0.051086460840113306	
EIF3K	0.05538676853051011	0.05538676853051011	0.8892264629389799	
CHMP6	0.0474853889948567	0.2561640274122235	0.6963505835929198	
ZNF529-AS1	0.5698753255363856	0.39854508587193105	0.03157958859168315	
MRPL40	0.8577441226522813	0.07112793867385928	0.07112793867385928	
PPM1G	0.021574464353476944	0.543461175431539	0.4349643602149839	
PAK4	0.1992878084583163	0.7810717358652701	0.01964045567641357	
SOCS6	0.018015806726977557	0.680067080356515	0.3019171129165075	
RNF19B	0.03566052310401366	0.03566052310401366	0.9286789537919726	
LINC01355	0.013916603643946746	0.40597942643306184	0.5801039699229913	
TRMT5	0.4699027288043244	0.49761982208387984	0.03247744911179577	
NPIPB4	0.029716691014465946	0.029716691014465946	0.9405666179710681	
DIP2B	0.019152125469441107	0.6401214398946429	0.3407264346359161	
ZNF526	0.27655331211311773	0.7014170472511899	0.02202964063569241	
AL162231.2	0.9128337307884455	0.04358313460577718	0.04358313460577718	
FAM189B	0.04776612769656152	0.04776612769656152	0.9044677446068771	
FAM169A	0.35313472469974766	0.6264973987724639	0.020367876527788365	
CYP2D6	0.03195704507169412	0.03195704507169412	0.9360859098566117	
POLM	0.04290932039516331	0.30872883930027	0.6483618403045667	
ASPA	0.01975114139047029	0.01975114139047029	0.9604977172190595	
BTBD3	0.050721686009962	0.050721686009962	0.8985566279800761	
IRS2	0.900777117700114	0.04961144114994294	0.04961144114994294	
EDEM1	0.013517009968100195	0.6436842062346795	0.3427987837972203	
FMC1	0.8863444351403656	0.05682778242981712	0.05682778242981712	
TEX261	0.03118661059763216	0.3788902209247749	0.589923168477593	
FIP1L1	0.4827937817997026	0.4762183080153954	0.040987910184901936	
MAX	0.9046070372155581	0.047696481392220894	0.047696481392220894	
PPP2R5C	0.05563077320130687	0.05563077320130687	0.8887384535973863	
RNF13	0.8366243602439848	0.08168781987800766	0.08168781987800766	
DDX24	0.8633526796647626	0.06832366016761864	0.06832366016761864	
RTN4	0.8441789490601859	0.07791052546990707	0.07791052546990707	
ABHD10	0.8712347663655707	0.06438261681721458	0.06438261681721458	
PELI1	0.03240809455593777	0.03240809455593777	0.9351838108881244	
PPIH	0.32122943728625275	0.6565052736957454	0.02226528901800193	
RIOX1	0.022811621701633818	0.4061756812171024	0.5710126970812638	
RNF217-AS1	0.8043862225438168	0.1528799098053395	0.04273386765084371	
DLEC1	0.019775059625524068	0.019775059625524068	0.960449880748952	
GTF3C1	0.060964936009926224	0.060964936009926224	0.8780701279801476	
RMDN2	0.05184701295885804	0.05184701295885804	0.896305974082284	
FGFR3	0.880087797406916	0.05995610129654197	0.05995610129654197	
XRCC6	0.299697894107828	0.6728570386123498	0.027445067279822134	
ZNF211	0.24647629354396375	0.7383947483327439	0.015128958123292308	
AC010654.1	0.04106178451566069	0.04106178451566069	0.9178764309686787	
AIMP1	0.5994254914535554	0.3518355459926605	0.04873896255378401	
KAT5	0.2976554800111182	0.6750169279092125	0.027327592079669165	
RIC8B	0.056843693257945936	0.056843693257945936	0.8863126134841082	
ATP6V0D1	0.04014725404649813	0.04014725404649813	0.9197054919070038	
AAMDC	0.871652925227654	0.06417353738617294	0.06417353738617294	
NMT1	0.4319643794230576	0.5363902285289543	0.03164539204798795	
MPC2	0.334138031875086	0.6413706042775508	0.024491363847363147	
AC009779.2	0.8962196797941443	0.05189016010292778	0.05189016010292778	
LINC00294	0.01752858239664245	0.4579129049756084	0.524558512627749	
DEPDC1	0.2196408164494948	0.7727086033196179	0.0076505802308873055	
CCL21	0.9492005711440905	0.02539971442795475	0.02539971442795475	
MIR646HG	0.012717366053405295	0.012717366053405295	0.9745652678931894	
TMEM263	0.2594281743175797	0.7222414391985382	0.018330386483882192	
ZNF639	0.8774668706406576	0.0612665646796711	0.0612665646796711	
DEF6	0.853958916706234	0.07302054164688297	0.07302054164688297	
RNASET2	0.04934868372898494	0.04934868372898494	0.9013026325420301	
ZNF32	0.8758084220419109	0.06209578897904448	0.06209578897904448	
PRICKLE3	0.016670211929032196	0.6731783087599464	0.3101514793110214	
CALCOCO1	0.8565594013964848	0.0717202993017576	0.0717202993017576	
GTDC1	0.055241571198643646	0.055241571198643646	0.8895168576027127	
SHROOM3	0.045770426617002404	0.045770426617002404	0.9084591467659953	
USP47	0.6881881662082825	0.24911247446991241	0.06269935932180498	
ESPN	0.26515982925507886	0.7212797786492905	0.01356039209563053	
ATP5MC2	0.8567743681342188	0.07161281593289051	0.07161281593289051	
NSMCE4A	0.4453925913812895	0.5224268151918853	0.03218059342682519	
SNHG19	0.8683649888510868	0.06581750557445652	0.06581750557445652	
MEGF6	0.030657331685766006	0.030657331685766006	0.938685336628468	
NUDT16	0.07174109722567096	0.07174109722567096	0.8565178055486581	
KCTD15	0.030035614471556202	0.030035614471556202	0.9399287710568875	
ADD1	0.07091247792560987	0.07091247792560987	0.8581750441487803	
DMWD	0.03810062001167268	0.03810062001167268	0.9237987599766546	
GEMIN6	0.8820746798286162	0.05896266008569184	0.05896266008569184	
PLCH1	0.875849262410241	0.062075368794879474	0.062075368794879474	
JAG1	0.03775863934557924	0.03775863934557924	0.9244827213088415	
VPS25	0.3567496648541226	0.6120101341938328	0.031240200952044724	
MGMT	0.8842036336300552	0.05789818318497234	0.05789818318497234	
STIM2	0.054152597507819485	0.054152597507819485	0.891694804984361	
ASPH	0.05701231073549238	0.05701231073549238	0.8859753785290153	
AC009506.1	0.8839843067909481	0.058007846604525896	0.058007846604525896	
AOC1	0.007458097549392683	0.7532678524886609	0.23927404996194637	
NELFE	0.40720253125440237	0.551435903239093	0.041361565506504584	
ZNF607	0.32380102443657666	0.6555118167825628	0.020687158780860564	
LRCH4	0.037992372325975986	0.037992372325975986	0.924015255348048	
AGAP4	0.03158374500228212	0.32403500232921484	0.6443812526685031	
LYRM4	0.8779635956694961	0.06101820216525187	0.06101820216525187	
ATG2A	0.03569310435550899	0.03569310435550899	0.9286137912889819	
UBE2E3	0.06910905966191828	0.06910905966191828	0.8617818806761635	
SLC27A5	0.8771816768900479	0.06140916155497602	0.06140916155497602	
TBC1D16	0.8772110642612067	0.0613944678693966	0.0613944678693966	
BAZ1B	0.02435556098710672	0.5558683255449434	0.4197761134679498	
MED13	0.05078007076016746	0.174348877385548	0.7748710518542845	
VILL	0.03852780757976095	0.03852780757976095	0.922944384840478	
CERS2	0.841811792707794	0.07909410364610299	0.07909410364610299	
ALS2	0.8696320436004045	0.0651839781997977	0.0651839781997977	
DPH2	0.04202246253314114	0.04202246253314114	0.9159550749337177	
CCNE1	0.008026893012621163	0.8107161942747374	0.1812569127126414	
SLC28A3	0.02027567735134755	0.02027567735134755	0.9594486452973049	
ZEB2	0.9405071767617776	0.02974641161911116	0.02974641161911116	
SLC6A8	0.40912928717895	0.576657151441068	0.014213561379982014	
AL034417.3	0.019686973030796195	0.019686973030796195	0.9606260539384077	
CD3E	0.02219283678921909	0.02219283678921909	0.9556143264215617	
ERCC6L2	0.05360989573895719	0.05360989573895719	0.8927802085220856	
BSG	0.024486396338463508	0.42616518973334233	0.5493484139281942	
LINC02256	0.0316386623834238	0.0316386623834238	0.9367226752331523	
AXIN2	0.01709274394932081	0.5388197299254512	0.444087526125228	
ITGB7	0.02873515541019748	0.02873515541019748	0.942529689179605	
CCDC186	0.015633743279557924	0.7372517069171903	0.24711454980325168	
SRSF8	0.8220235508810464	0.08898822455947684	0.08898822455947684	
MINDY1	0.0399139803795045	0.0399139803795045	0.9201720392409909	
AC012615.1	0.041173945032349016	0.041173945032349016	0.917652109935302	
ZNF575	0.03542622422278501	0.03542622422278501	0.92914755155443	
AC099791.2	0.8988264464028518	0.050586776798574054	0.050586776798574054	
AC068338.2	0.016308618305224606	0.5869347473411755	0.3967566343535999	
ELMO3	0.012280382185661621	0.7843167784845633	0.20340283932977504	
CCNT2	0.07013994513528765	0.07013994513528765	0.8597201097294247	
ZNF263	0.8622162974757704	0.06889185126211474	0.06889185126211474	
TIAF1	0.02492890674752496	0.02492890674752496	0.9501421865049501	
PDGFD	0.9289267660389798	0.03553661698051007	0.03553661698051007	
SZRD1	0.03953912035081792	0.45348566688073993	0.506975212768442	
PSMG2	0.8403317922265299	0.0798341038867351	0.0798341038867351	
ADAM9	0.07394471755271248	0.07394471755271248	0.8521105648945752	
DYNC2LI1	0.860944947984164	0.06952752600791794	0.06952752600791794	
TACO1	0.051527981267939504	0.1386887405908892	0.8097832781411713	
GUF1	0.05696684259482376	0.05696684259482376	0.8860663148103526	
BBS9	0.8868376709639006	0.05658116451804963	0.05658116451804963	
MUTYH	0.3063046567972207	0.6683075291611702	0.02538781404160906	
AL390728.6	0.03725132338189689	0.03725132338189689	0.9254973532362062	
TMEM231	0.04792158363301323	0.04792158363301323	0.9041568327339736	
CD3EAP	0.016723867262943986	0.383143468288804	0.600132664448252	
ACO2	0.035738873663783075	0.3842384922292154	0.5800226341070015	
CAB39L	0.8859081806488102	0.057045909675594864	0.057045909675594864	
SLC7A8	0.8855667640242808	0.05721661798785955	0.05721661798785955	
ATR	0.040464529663335295	0.040464529663335295	0.9190709406733295	
POLR2B	0.05438168701127757	0.05438168701127757	0.8912366259774449	
AC012485.3	0.030333628798229133	0.030333628798229133	0.9393327424035417	
LINC01220	0.02701184708142677	0.02701184708142677	0.9459763058371464	
CTSA	0.9078657796087154	0.04606711019564228	0.04606711019564228	
SPNS2	0.018993959394364275	0.018993959394364275	0.9620120812112715	
VAMP7	0.02616590961206832	0.5929255593432444	0.38090853104468725	
BBS2	0.8655572312704973	0.06722138436475128	0.06722138436475128	
SEC13	0.372459951272683	0.5965961868271809	0.030943861900136073	
SELENOS	0.059564804578134414	0.059564804578134414	0.8808703908437312	
FBXL4	0.8365092463571543	0.08174537682142288	0.08174537682142288	
NGRN	0.7717658514579315	0.1643962315647204	0.06383791697734807	
AL359220.1	0.012444070401178236	0.6324940442942432	0.35506188530457855	
C1QA	0.9503510815504427	0.024824459224778644	0.024824459224778644	
LDHA	0.8980412433996937	0.05097937830015309	0.05097937830015309	
RITA1	0.03357781238467403	0.40409868369406193	0.5623235039212642	
ARID5A	0.02445017755818472	0.02445017755818472	0.9510996448836305	
AP001412.1	0.033215275909939564	0.033215275909939564	0.9335694481801208	
ZFYVE9	0.02219383251561328	0.6395642031490812	0.3382419643353054	
CENPBD1	0.042178016309872224	0.042178016309872224	0.9156439673802556	
AC005837.1	0.0237356408385176	0.07115500237981988	0.9051093567816625	
UCP2	0.8884476647790329	0.05577616761048349	0.05577616761048349	
WFIKKN1	0.019212260287289167	0.019212260287289167	0.9615754794254217	
MAP3K12	0.020570666018370484	0.020570666018370484	0.958858667963259	
B4GALT1	0.015432648431430997	0.4873111266704768	0.49725622489809224	
ZNF596	0.8928147791373345	0.0535926104313327	0.0535926104313327	
HDDC2	0.7443034492626982	0.1872285579612352	0.06846799277606656	
NCK1-DT	0.8866210530447559	0.05668947347762201	0.05668947347762201	
DCTN4	0.839240454519529	0.08037977274023551	0.08037977274023551	
MOSPD2	0.8753061682457406	0.06234691587712965	0.06234691587712965	
GATAD1	0.5802027437505742	0.3680382136869879	0.05175904256243779	
TFPT	0.8438743391421705	0.07806283042891475	0.07806283042891475	
UFSP2	0.8525977531067421	0.07370112344662888	0.07370112344662888	
NUSAP1	0.2689320440630718	0.7207992723739953	0.010268683562932868	
MIF	0.2807494888503982	0.7013242834735469	0.017926227676054774	
RGS10	0.885577308384797	0.05721134580760149	0.05721134580760149	
TLE2	0.8656118556531989	0.06719407217340052	0.06719407217340052	
BRI3	0.2300015775660001	0.7521568356122614	0.01784158682173842	
NAE1	0.03856880227599046	0.48270918372708266	0.478722013996927	
MX2	0.021262674743222368	0.021262674743222368	0.9574746505135552	
SVEP1	0.9369968500217918	0.03150157498910407	0.03150157498910407	
STK25	0.03857941354600071	0.5103001126731295	0.45112047378086967	
NARF	0.055149917665004516	0.055149917665004516	0.889700164669991	
CCDC152	0.9456016598887103	0.027199170055644848	0.027199170055644848	
PAFAH1B3	0.8767932325838728	0.06160338370806355	0.06160338370806355	
UNC50	0.30028720990262464	0.6745706995671185	0.025142090530256844	
MCPH1-AS1	0.9056156618567263	0.047192169071636814	0.047192169071636814	
COPRS	0.8955924445424854	0.052203777728757235	0.052203777728757235	
MTMR9	0.05171410242373846	0.05171410242373846	0.8965717951525232	
GDE1	0.02769172333524598	0.5271989352872984	0.44510934137745556	
AC097534.2	0.9300339544141899	0.034983022792905015	0.034983022792905015	
YAF2	0.8434155695554157	0.07829221522229214	0.07829221522229214	
EIF3F	0.35595197510015114	0.617917663471818	0.026130361428030758	
PDE8A	0.05511367458977378	0.05511367458977378	0.8897726508204525	
PARP6	0.8472348898983594	0.07638255505082031	0.07638255505082031	
RNF214	0.5352654547506812	0.4130746185540351	0.05165992669528362	
FAF1	0.3181327510137239	0.6554232867776343	0.026443962208641817	
MOCS3	0.31228782070034805	0.667559598232047	0.020152581067604917	
RFWD3	0.013011770732937727	0.6541929348175777	0.33279529444948447	
ARMC2	0.886853100456871	0.056573449771564435	0.056573449771564435	
MGAT3	0.5900940540674081	0.39044139912344594	0.019464546809145986	
KLF4	0.02341314259966825	0.02341314259966825	0.9531737148006635	
FAM86B1	0.8973933791365797	0.05130331043171009	0.05130331043171009	
HMMR	0.20810701706741247	0.7837499949147148	0.008142988017872669	
FMO5	0.039084270179942524	0.039084270179942524	0.9218314596401149	
RAPH1	0.050001555666916	0.050001555666916	0.899996888666168	
TNNC2	0.026200065563128056	0.026200065563128056	0.9475998688737438	
LRRC75A	0.043845858018135286	0.043845858018135286	0.9123082839637294	
PMM2	0.024441270931926662	0.42380671354927707	0.5517520155187963	
SNAP25	0.9539860157714813	0.02300699211425929	0.02300699211425929	
ZNF22	0.8878234103870386	0.05608829480648065	0.05608829480648065	
PPP1R10	0.036127789030151666	0.036127789030151666	0.9277444219396966	
KCTD13	0.05294834013867726	0.05294834013867726	0.8941033197226456	
METTL14	0.8357026663489372	0.08214866682553147	0.08214866682553147	
STAG3	0.03568327605887926	0.10913117988492387	0.8551855440561968	
EGOT	0.9205433560057169	0.039728321997141575	0.039728321997141575	
CATSPER2	0.03137694026404514	0.19861670313550445	0.7700063566004504	
LUC7L3	0.0640425635475984	0.0640425635475984	0.8719148729048033	
CEBPZ	0.8800601036740116	0.059969948162994176	0.059969948162994176	
ARID4B	0.8273314430170998	0.08633427849145013	0.08633427849145013	
PICK1	0.015386603982583909	0.7898037051151433	0.19480969090227274	
VDAC1	0.03713433732082669	0.3685596716589307	0.5943059910202426	
NDUFAF1	0.8542587394650025	0.07287063026749872	0.07287063026749872	
ADCY7	0.03270504933656325	0.03270504933656325	0.9345899013268735	
NUP62CL	0.9045120668035463	0.04774396659822681	0.04774396659822681	
C5orf22	0.024658434562432305	0.5523178214399697	0.42302374399759807	
HDAC1	0.04002731335534943	0.45025068700998433	0.5097219996346662	
CRAMP1	0.02938295442595588	0.3481243111772164	0.6224927343968278	
SELENOO	0.062097521259077214	0.062097521259077214	0.8758049574818456	
EIF3A	0.02256699608400691	0.5568399341413539	0.4205930697746393	
MAFG-DT	0.6239521993473884	0.3493682421724972	0.02667955848011439	
HSPA4L	0.01104233629357284	0.41688961533042584	0.5720680483760013	
CHRNA5	0.01135612492122398	0.6865098584545624	0.30213401662421363	
LEO1	0.056730651939841885	0.056730651939841885	0.8865386961203163	
TMEM242	0.8377157393364975	0.0811421303317513	0.0811421303317513	
LRP6	0.06061215711356815	0.06061215711356815	0.8787756857728638	
YIPF6	0.16221909384275174	0.8203568439292411	0.017424062228007218	
BLOC1S4	0.20145233215149375	0.7808109893253439	0.01773667852316235	
MRPS25	0.06000233249852917	0.06000233249852917	0.8799953350029417	
MAB21L3	0.008868153594128503	0.5901673805111317	0.40096446589473983	
ITGB1BP1	0.05282548969546436	0.05282548969546436	0.8943490206090713	
CSRNP2	0.023526606106384476	0.11739920449377456	0.8590741893998409	
GNRH1	0.030784055438023025	0.030784055438023025	0.9384318891239539	
AC245060.5	0.03935488723816914	0.03935488723816914	0.9212902255236617	
PGPEP1	0.018106865490078953	0.6701785207548698	0.3117146137550512	
SERGEF	0.8560201700028961	0.07198991499855191	0.07198991499855191	
VASH1-AS1	0.034004980883454286	0.034004980883454286	0.9319900382330913	
SERPINB8	0.028074884775276233	0.028074884775276233	0.9438502304494475	
SSPN	0.029553205764061	0.20167694892487426	0.7687698453110647	
FKBP11	0.8800950852669871	0.0599524573665064	0.0599524573665064	
HOXA7	0.040382792059387905	0.040382792059387905	0.9192344158812242	
MID1	0.017012199893792858	0.7640016936545952	0.21898610645161187	
AC092117.1	0.026514502532003298	0.026514502532003298	0.9469709949359933	
DNAJB5	0.9345872220962509	0.03270638895187454	0.03270638895187454	
DIS3	0.030448183654475033	0.49399028144538043	0.47556153490014463	
XAF1	0.03106008395075414	0.03106008395075414	0.9378798320984917	
LINC00857	0.008024251000457127	0.6992333205830435	0.2927424284164994	
AKAP6	0.9035527327319265	0.04822363363403673	0.04822363363403673	
SNRPD2	0.5151518750442665	0.4366554594347628	0.048192665520970665	
CKB	0.9268082142270334	0.03659589288648329	0.03659589288648329	
LIMK1	0.0338002222933544	0.0338002222933544	0.9323995554132911	
TRIM62	0.008785418668957419	0.6894000089785641	0.3018145723524783	
PREB	0.028907319740531335	0.55008694202563	0.4210057382338387	
DDX21	0.04520555769758223	0.04520555769758223	0.9095888846048356	
ZNF703	0.19892907242939606	0.7881644287288587	0.012906498841745138	
ZNF707	0.018911324582349724	0.5815678147265478	0.3995208606911023	
CEBPB	0.8893893657059373	0.05530531714703129	0.05530531714703129	
ARHGEF19	0.8728544418782149	0.06357277906089248	0.06357277906089248	
LIPE	0.8987682295500168	0.050615885224991566	0.050615885224991566	
MYO15B	0.019799371052042013	0.019799371052042013	0.9604012578959159	
AGL	0.018199445078626707	0.646254720973381	0.33554583394799226	
MTCH2	0.03974860945822951	0.19579462744086676	0.7644567631009037	
GLCE	0.28894730657386347	0.6850763875020623	0.0259763059240741	
OSGEPL1	0.902218469044233	0.048890765477883444	0.048890765477883444	
NSUN5	0.02810464361681846	0.6153807918813616	0.3565145645018198	
RAB10	0.06661513086905425	0.06661513086905425	0.8667697382618915	
CCDC90B	0.8220995376654805	0.08895023116725982	0.08895023116725982	
NANOS1	0.022771845087466224	0.21384498677192135	0.7633831681406125	
MAPK7	0.037569044272473005	0.037569044272473005	0.924861911455054	
ZNF454	0.9273503083166286	0.03632484584168568	0.03632484584168568	
ADHFE1	0.200057301647174	0.7887781046299771	0.011164593722848965	
EIF4EBP2	0.029615492500304295	0.4959132291090047	0.474471278390691	
AL158071.5	0.013161128892530755	0.38757185518354703	0.5992670159239223	
COA4	0.38126343935325224	0.5861025182233944	0.03263404242335326	
ATP13A3	0.05298387338957738	0.05298387338957738	0.8940322532208453	
DAPK3	0.021827970785016946	0.5760188907311624	0.4021531384838206	
NOB1	0.623383936391559	0.32616230495217613	0.050453758656264884	
ARSJ	0.9132717690297758	0.043364115485112056	0.043364115485112056	
GLO1	0.6922093659038132	0.24456328263648694	0.06322735145969981	
HERC6	0.048360810310286176	0.048360810310286176	0.9032783793794277	
MYLPF	0.411990294193141	0.5654350199909285	0.02257468581593044	
HADHB	0.0387277795634534	0.3179776240886149	0.6432945963479317	
CDKAL1	0.8601990513573524	0.06990047432132378	0.06990047432132378	
HOXA5	0.8628073820485117	0.06859630897574409	0.06859630897574409	
NBPF1	0.04486197220346475	0.04486197220346475	0.9102760555930706	
ZNF345	0.762370754237855	0.19796916923920774	0.03966007652293709	
AP5B1	0.011401808669757077	0.6818313864712503	0.30676680485899255	
AL512625.1	0.906427303681292	0.04678634815935395	0.04678634815935395	
FAM200A	0.47142540732062127	0.49213479909513463	0.03643979358424403	
TMCO3	0.05357213408191143	0.05357213408191143	0.8928557318361772	
ABCD1	0.01118484758529707	0.6893428677857095	0.2994722846289934	
GAL3ST4	0.9202797880831514	0.03986010595842426	0.03986010595842426	
SLC41A1	0.024077683390692398	0.024077683390692398	0.9518446332186151	
HERC4	0.029447695836269473	0.4545769402223113	0.5159753639414192	
DDX58	0.026290224852842024	0.026290224852842024	0.9474195502943159	
FGF11	0.030567972199796314	0.030567972199796314	0.9388640556004073	
INPP4B	0.04189837876989155	0.04189837876989155	0.9162032424602169	
PAFAH1B2	0.01799518135572983	0.7059135269509496	0.27609129169332064	
C3orf62	0.041829134690348456	0.041829134690348456	0.9163417306193031	
HOMEZ	0.8581949434630247	0.07090252826848757	0.07090252826848757	
ARRB1	0.05906834687666658	0.05906834687666658	0.8818633062466669	
PHLDA2	0.00698026531057385	0.6346672705856168	0.3583524641038094	
CDC37	0.062107037788540626	0.062107037788540626	0.8757859244229188	
NDUFS2	0.05781387113507366	0.05781387113507366	0.8843722577298527	
POLR1A	0.03859441382307915	0.03859441382307915	0.9228111723538418	
HPS3	0.8837993897150633	0.058100305142468264	0.058100305142468264	
TMEM170B	0.935210524791893	0.03239473760405343	0.03239473760405343	
PSD	0.9196935188354781	0.040153240582260934	0.040153240582260934	
GDI2	0.5375819846655181	0.4127033629243211	0.04971465241016084	
ATG4B	0.05711942326300912	0.05711942326300912	0.8857611534739819	
SH3TC1	0.8987662136984294	0.05061689315078527	0.05061689315078527	
MAPK8IP3	0.035651730444898305	0.31881454257299185	0.6455337269821099	
NOL9	0.025609677008440038	0.46181719102808544	0.5125731319634744	
MAP7D1	0.028479257036725002	0.3303496062947657	0.6411711366685093	
SMURF1	0.04773173576638717	0.11432734291681403	0.8379409213167988	
BRWD1-AS2	0.025189844234882828	0.08470784004413345	0.8901023157209837	
CFB	0.9078271860482576	0.04608640697587114	0.04608640697587114	
H2AFX	0.2353131359274064	0.7444657208349081	0.02022114323768546	
ANKS3	0.05268836621030447	0.05268836621030447	0.8946232675793911	
CLDN5	0.948229157695822	0.025885421152088996	0.025885421152088996	
DHX37	0.042039544272949855	0.042039544272949855	0.9159209114541004	
HIST1H2BN	0.01510918763748667	0.6621830766243808	0.32270773573813255	
ZNF784	0.4532939467236027	0.5153000350173468	0.031406018259050573	
E4F1	0.024680628292725434	0.6498564452648643	0.3254629264424103	
CYP2S1	0.9089391178824956	0.04553044105875215	0.04553044105875215	
TP53INP2	0.020056954711754164	0.020056954711754164	0.9598860905764917	
CDC14B	0.04583241879565161	0.04583241879565161	0.9083351624086968	
TNFAIP3	0.026317046379944295	0.026317046379944295	0.9473659072401114	
CALCRL	0.9663227661060088	0.016838616946995594	0.016838616946995594	
C9orf16	0.06532301034875221	0.06532301034875221	0.8693539793024957	
BLMH	0.8599208556633148	0.08377115653272472	0.056307987803960555	
SF3A1	0.3608456852691761	0.6037632058226008	0.03539110890822318	
ZNF485	0.9058350073441783	0.04708249632791081	0.04708249632791081	
F2RL1	0.8808841435133832	0.059557928243308356	0.059557928243308356	
C20orf96	0.05004511241972184	0.05004511241972184	0.8999097751605564	
CAP2	0.17024610778257043	0.8216190501368665	0.008134842080563035	
PSD3	0.04569233511238021	0.04569233511238021	0.9086153297752396	
HSH2D	0.04275540489163444	0.04275540489163444	0.9144891902167311	
ENGASE	0.03264894394609404	0.03264894394609404	0.9347021121078118	
DCTD	0.8603351669378421	0.06983241653107894	0.06983241653107894	
KLRD1	0.01861999395894071	0.01861999395894071	0.9627600120821186	
AL590617.2	0.38785622302865325	0.5881778888400341	0.02396588813131255	
AC025259.3	0.014113859238584632	0.014113859238584632	0.9717722815228307	
C2orf68	0.034901972839702505	0.5269852376793104	0.4381127894809871	
MAN2B2	0.05615079283374161	0.05615079283374161	0.8876984143325168	
ARHGAP35	0.04745142624587933	0.04745142624587933	0.9050971475082414	
CCNI	0.8360494761276479	0.08197526193617607	0.08197526193617607	
DNAJC15	0.03970869477034697	0.33756600679331505	0.622725298436338	
PLCB2	0.02204285049593106	0.02204285049593106	0.9559142990081378	
FOPNL	0.5716199357721443	0.3716748205422007	0.05670524368565491	
C6orf136	0.05759149286373215	0.05759149286373215	0.8848170142725358	
MAGI3	0.07003462758379478	0.07003462758379478	0.8599307448324104	
AC069185.1	0.01584464733415962	0.38445346759933746	0.5997018850665028	
CASP6	0.8653077477262695	0.0673461261368652	0.0673461261368652	
CAPN7	0.8285376834505945	0.08573115827470278	0.08573115827470278	
FKBP1A	0.049702070430325936	0.049702070430325936	0.9005958591393481	
PGAM5	0.020535333305121826	0.4296019778669579	0.5498626888279201	
SUMF1	0.8462677587823508	0.07686612060882457	0.07686612060882457	
PAFAH2	0.02609815991367212	0.5811551742087778	0.39274666587755014	
RECK	0.9268789564880484	0.036560521755975774	0.036560521755975774	
EGLN3	0.012462709536289855	0.5246885408387566	0.46284874962495354	
MBD4	0.06789070309058678	0.06789070309058678	0.8642185938188265	
ZNF33B	0.3274497465492466	0.6459169311884738	0.02663332226227962	
MZF1	0.04562811064873349	0.04562811064873349	0.9087437787025331	
CCAR2	0.025944628250281675	0.5667361528923301	0.4073192188573881	
FMNL3	0.9431654291892599	0.02841728540537	0.02841728540537	
CTTNBP2	0.022115914441396007	0.022115914441396007	0.9557681711172079	
TMEM165	0.0658665105177821	0.0658665105177821	0.8682669789644358	
KLHL21	0.03563975676526691	0.03563975676526691	0.9287204864694661	
POLR1E	0.8504044636790339	0.07479776816048313	0.07479776816048313	
FAU	0.831541346399336	0.08422932680033206	0.08422932680033206	
LZTS2	0.8515558434144889	0.07422207829275555	0.07422207829275555	
HYOU1	0.03670274464223452	0.03670274464223452	0.9265945107155309	
AP001505.1	0.015564699683913216	0.31275648368532677	0.6716788166307599	
ZNF35	0.034256170170432386	0.034256170170432386	0.9314876596591352	
ARHGAP39	0.04460874759868477	0.04460874759868477	0.9107825048026305	
RELT	0.024789144360847556	0.024789144360847556	0.9504217112783049	
CBLC	0.012681641342390727	0.7714144987665287	0.2159038598910806	
CSTF2T	0.8765595207956015	0.06172023960219921	0.06172023960219921	
BCL7B	0.026110241045673117	0.5145903729989344	0.45929938595539244	
COX7A2L	0.6221795924455326	0.3147215521514139	0.06309885540305364	
PPP1R16A	0.044412739729749434	0.38404575063010643	0.5715415096401442	
VTI1B	0.021568465974586896	0.6650659437255714	0.3133655902998416	
CPSF2	0.03192827523114403	0.39468869081650226	0.5733830339523537	
SLC25A44	0.03697336643776906	0.03697336643776906	0.9260532671244618	
HIST1H3H	0.01659676284379909	0.42732640197953314	0.5560768351766678	
C7orf26	0.05195153255873501	0.05195153255873501	0.8960969348825301	
GUSB	0.8758783393729802	0.06206083031350983	0.06206083031350983	
RPS18	0.8455394984644299	0.07723025076778509	0.07723025076778509	
C3	0.921263232063069	0.03936838396846547	0.03936838396846547	
TARBP2	0.20839636595987168	0.773539520962171	0.018064113077957227	
ROCK2	0.061833977343352026	0.061833977343352026	0.876332045313296	
AL138762.1	0.02710995419778162	0.02710995419778162	0.9457800916044368	
FAM50A	0.0639538698287913	0.0639538698287913	0.8720922603424175	
VCPIP1	0.06162967625293639	0.06162967625293639	0.8767406474941273	
ZNF277	0.8324981348483366	0.08375093257583174	0.08375093257583174	
PTPN14	0.709229165701682	0.260223236263435	0.03054759803488285	
USF3	0.061875557604102974	0.061875557604102974	0.8762488847917941	
WDR83OS	0.30105560764375855	0.6699450653915893	0.02899932696465223	
TSSC4	0.05876762588334181	0.05876762588334181	0.8824647482333164	
FAM160A2	0.05377901548294022	0.05377901548294022	0.8924419690341197	
AC002467.1	0.03437866259993779	0.03437866259993779	0.9312426748001243	
SIPA1L1	0.023602607925514	0.6289253696629666	0.34747202241151937	
EPC1	0.8316932529997741	0.08415337350011297	0.08415337350011297	
NDST2	0.04179009762452725	0.04179009762452725	0.9164198047509455	
SC5D	0.8512082300406102	0.07439588497969496	0.07439588497969496	
CNIH4	0.5650607786193181	0.3850233024890694	0.04991591889161242	
SLC16A7	0.9200703701454717	0.03996481492726416	0.03996481492726416	
MEX3A	0.8981381923760378	0.050930903811981065	0.050930903811981065	
HOXB-AS3	0.9357429013600028	0.032128549319998576	0.032128549319998576	
CATIP	0.18248909972770852	0.809496087524524	0.008014812747767565	
BCAR3	0.009800756134610168	0.779236526155989	0.21096271770940073	
SETD1B	0.02263701327994332	0.534763935991309	0.44259905072874756	
TBC1D8-AS1	0.03267018231362659	0.03267018231362659	0.9346596353727468	
MAPK1IP1L	0.3718981640557486	0.5862658565511574	0.041835979393094	
PHYH	0.03526220363047197	0.21112606629915728	0.7536117300703706	
SLC14A2	0.010959247815225748	0.010959247815225748	0.9780815043695484	
WASL	0.02191914671268664	0.6726115462948361	0.3054693069924772	
BLOC1S5	0.8747954600517525	0.06260226997412371	0.06260226997412371	
ENAH	0.03292221502477861	0.03292221502477861	0.9341555699504427	
MIR222HG	0.01896818450146531	0.01896818450146531	0.9620636309970694	
AL021707.1	0.015844696557778513	0.015844696557778513	0.9683106068844429	
OXCT1	0.04016663271223472	0.04016663271223472	0.9196667345755306	
EHD1	0.017671090544372606	0.5207304616396963	0.4615984478159311	
ZC3H7A	0.06050933510500268	0.06050933510500268	0.8789813297899947	
ITM2C	0.02276078175985333	0.4171860817128782	0.5600531365272684	
RFC2	0.31492917895969397	0.6614989833750845	0.023571837665221418	
ZNF461	0.3545272374952583	0.6224751829422714	0.02299757956247018	
NRXN2	0.926166485608592	0.03691675719570395	0.03691675719570395	
DHX35	0.061641672970588604	0.061641672970588604	0.8767166540588228	
ERAL1	0.40331307261809834	0.563485235795814	0.03320169158608752	
MINPP1	0.853052592768462	0.07347370361576898	0.07347370361576898	
MTA3	0.17526799447236577	0.8043735468300484	0.02035845869758579	
ALPK1	0.8501221808448899	0.07493890957755506	0.07493890957755506	
NIT2	0.6398917512074229	0.3108049868501738	0.04930326194240319	
NEMP2	0.8956563644657894	0.05217181776710521	0.05217181776710521	
APLP2	0.8177182849085097	0.0911408575457452	0.0911408575457452	
CLCN7	0.055360717695890044	0.055360717695890044	0.88927856460822	
AC104667.2	0.013833938327040428	0.5541361329823847	0.4320299286905749	
IRF8	0.9048704932332481	0.047564753383375936	0.047564753383375936	
EFR3A	0.06706723546434934	0.06706723546434934	0.8658655290713014	
AC003681.1	0.01986272940795055	0.4164697099093088	0.5636675606827406	
MRPS31	0.45470676356603795	0.5021780433997537	0.04311519303420826	
PDLIM3	0.939513030778059	0.03024348461097047	0.03024348461097047	
USP2-AS1	0.019026071274347918	0.019026071274347918	0.9619478574513042	
TP53INP1	0.029025925978919186	0.029025925978919186	0.9419481480421615	
GDA	0.009481225600503854	0.6362235508867048	0.35429522351279136	
BCL2	0.038538520137125394	0.038538520137125394	0.9229229597257492	
FASTKD2	0.8483898091192408	0.07580509544037964	0.07580509544037964	
UBR1	0.059446581252027564	0.059446581252027564	0.881106837495945	
WASHC4	0.8213740353934018	0.08931298230329916	0.08931298230329916	
PCAT6	0.14343894240155974	0.8477151495094569	0.008845908088983234	
MRS2	0.01961721357112232	0.6706263787823231	0.3097564076465545	
METTL15	0.8434031788667679	0.07829841056661611	0.07829841056661611	
WDR47	0.03661475495463998	0.03661475495463998	0.92677049009072	
AC011498.1	0.01876570408640183	0.13825982817762553	0.8429744677359726	
DLGAP5	0.27586103649941673	0.7148422178949125	0.009296745605670708	
INCA1	0.046255788868800406	0.046255788868800406	0.9074884222623992	
MAFIP	0.0165414517811207	0.0165414517811207	0.9669170964377586	
AL121929.2	0.00872651919735007	0.6927282823711053	0.29854519843154464	
ACOT2	0.9015240173697395	0.049237991315130174	0.049237991315130174	
RPF1	0.8463065138181292	0.07684674309093538	0.07684674309093538	
YOD1	0.023999929318809784	0.023999929318809784	0.9520001413623804	
PRR13	0.03313880823913823	0.2820433900310577	0.6848178017298041	
RALA	0.06777527218605839	0.06777527218605839	0.8644494556278833	
RAB5IF	0.05752789285411716	0.05752789285411716	0.8849442142917657	
BRAF	0.4127464834857274	0.5512027593938907	0.03605075712038195	
NUDT9	0.8686236163103906	0.06568819184480464	0.06568819184480464	
ATP5MF	0.025462736222178557	0.621277606155744	0.3532596576220775	
TMEM9B	0.028404725341159297	0.4560754054684601	0.5155198691903805	
YTHDC2	0.05390264277337492	0.05390264277337492	0.8921947144532502	
BAIAP2	0.023258902469231516	0.3432741015008261	0.6334669960299424	
RFT1	0.6246568053842363	0.3280948251373937	0.047248369478369974	
VPS13B	0.06379389859010866	0.06379389859010866	0.8724122028197827	
STON1	0.8951968955120124	0.052401552243993725	0.052401552243993725	
KIF21A	0.009446097471409415	0.8502441363739692	0.1403097661546214	
FERMT1	0.010516898354377715	0.772256106691921	0.21722699495370126	
AP1M1	0.8448979873038155	0.07755100634809224	0.07755100634809224	
SNRNP27	0.8795008564518897	0.06024957177405507	0.06024957177405507	
FLCN	0.8423042217942401	0.09770420356006711	0.05999157464569272	
PALB2	0.030562226790427815	0.030562226790427815	0.9388755464191443	
GPHN	0.06923571062191158	0.06923571062191158	0.8615285787561769	
RMI1	0.011655249707611236	0.7419832737992186	0.2463614764931702	
AC005037.1	0.8934907862289381	0.05325460688553092	0.05325460688553092	
GM2A	0.17951999684243303	0.8061553469557324	0.014324656201834544	
HMGXB3	0.052324370066392636	0.052324370066392636	0.8953512598672148	
BTN3A2	0.029104659213308695	0.029104659213308695	0.9417906815733825	
SPTY2D1OS	0.8839418736326432	0.05802906318367834	0.05802906318367834	
MON1A	0.043178089601866566	0.043178089601866566	0.9136438207962669	
CPT2	0.016577542041089036	0.7098731572024277	0.27354930075648315	
KAT7	0.28370301689818544	0.6886042173427465	0.027692765759068014	
TAF4B	0.01074419298570124	0.7780288110923361	0.21122699592196265	
YWHAZ	0.02560497070598404	0.6361137547220761	0.33828127457194	
SLC25A45	0.04435316168170062	0.04435316168170062	0.9112936766365988	
TRBC2	0.020152979250580502	0.020152979250580502	0.959694041498839	
PRR3	0.04190988397934426	0.19105433835180713	0.7670357776688486	
KCNJ14	0.028348678874276178	0.028348678874276178	0.9433026422514476	
ELOVL1	0.025157005438820712	0.5919280142618191	0.3829149802993602	
AC115618.1	0.4812426565117654	0.4924975722719914	0.026259771216243222	
CCNY	0.04973728474335995	0.04973728474335995	0.9005254305132802	
POFUT2	0.8571697370143156	0.07141513149284211	0.07141513149284211	
RAD18	0.022277079311154573	0.584743423891238	0.39297949679760746	
NAA30	0.41121950762963955	0.5434420517346826	0.045338440635677796	
ITPK1	0.06402751242501137	0.06402751242501137	0.8719449751499774	
MSRB2	0.839291016792158	0.08035449160392105	0.08035449160392105	
ACTN1	0.8112021146093163	0.11536622253871703	0.07343166285196646	
FADD	0.03250468526609168	0.4478109576737463	0.5196843570601619	
CDK19	0.33387476601287147	0.6396273747729212	0.026497859214207407	
COX14	0.02554000223653053	0.6071072171842055	0.36735278057926396	
MRM3	0.4487024488617326	0.5134292288378233	0.0378683223004441	
PTPMT1	0.024336916979997614	0.587255287306685	0.3884077957133174	
TRAPPC6A	0.38015770092135304	0.5868520520489385	0.03299024702970848	
ZNF670	0.03466521212792648	0.03466521212792648	0.930669575744147	
SHOC2	0.05404724063924526	0.05404724063924526	0.8919055187215096	
WDR91	0.0479645593221552	0.0479645593221552	0.9040708813556897	
CPLANE1	0.8615333348660017	0.0692333325669991	0.0692333325669991	
NUAK2	0.016871993061314695	0.4938424056861735	0.48928560125251175	
VAMP1	0.02639948920869551	0.02639948920869551	0.9472010215826089	
ZNF623	0.8593922750390405	0.07030386248047973	0.07030386248047973	
RCCD1	0.3226563185032345	0.6483130440774926	0.029030637419272868	
GCLC	0.8858290703222732	0.05708546483886333	0.05708546483886333	
QPRT	0.24355794178285878	0.7444635993286361	0.011978458888505059	
AP3M1	0.4695622843244055	0.4811276180931279	0.049310097582466614	
ZNF696	0.03697339731818161	0.03697339731818161	0.9260532053636367	
C17orf53	0.4415154096329627	0.5397314065106209	0.01875318385641636	
APEH	0.034345201960124104	0.48603566701029155	0.4796191310295843	
MDK	0.020974849225470035	0.020974849225470035	0.9580503015490599	
PLEKHM2	0.054614918595697885	0.054614918595697885	0.8907701628086043	
HSP90B1	0.48251039546589575	0.48263612449285653	0.034853480041247685	
PLB1	0.9102430628064159	0.04487846859679201	0.04487846859679201	
TRAK1	0.027304003553816892	0.5635627573797487	0.4091332390664343	
HES6	0.03684604587180421	0.03684604587180421	0.9263079082563915	
HNRNPK	0.2786376263759193	0.6920725000924052	0.029289873531675493	
BCAR1	0.021992337163553945	0.5831434882510708	0.3948641745853753	
TROAP	0.20228655960810754	0.7892413960004772	0.008472044391415344	
ANKAR	0.04764504276612473	0.04764504276612473	0.9047099144677506	
CXCL8	0.012884631333054918	0.012884631333054918	0.9742307373338901	
AP006284.1	0.017870200742552342	0.017870200742552342	0.9642595985148953	
WDR27	0.8460336281892914	0.07698318590535431	0.07698318590535431	
RTCB	0.04077246048766973	0.37197446966102293	0.5872530698513074	
CHKB-DT	0.020298782919825543	0.47496141752766097	0.5047397995525135	
SLC41A3	0.8516069224397695	0.07419653878011519	0.07419653878011519	
NBEAL2	0.02758480791898508	0.02758480791898508	0.9448303841620298	
ABHD6	0.05326157315699443	0.05326157315699443	0.8934768536860112	
STRBP	0.04318793594992906	0.2871552998904845	0.6696567641595865	
PMPCB	0.6551104402472191	0.2761301146719629	0.06875944508081792	
GON4L	0.07549566110178832	0.07549566110178832	0.8490086777964234	
TXNL1	0.4439070213026931	0.5173435407876694	0.03874943790963759	
VHL	0.027208072700825855	0.6287244659647133	0.3440674613344609	
NFASC	0.927849184457474	0.036075407771262946	0.036075407771262946	
BLOC1S2	0.81976693486729	0.09011653256635505	0.09011653256635505	
AC009118.3	0.03109953420180214	0.0431177993937254	0.9257826664044724	
AFG1L	0.8462461569506271	0.09005855805596022	0.06369528499341251	
B4GALT3	0.2698037200852456	0.7043078454647723	0.025888434449982064	
PIN4	0.8384221777663845	0.08078891111680778	0.08078891111680778	
LRRN1	0.9369871810313567	0.03150640948432165	0.03150640948432165	
RABGGTA	0.02183981225049991	0.5929543935348582	0.3852057942146418	
CRISPLD2	0.01756030767945174	0.01756030767945174	0.9648793846410965	
DHX8	0.06688191465551847	0.06688191465551847	0.8662361706889631	
COPG2	0.4620280807251223	0.493202837476906	0.04476908179797168	
C1orf21	0.042922431566857044	0.27197126817467493	0.685106300258468	
TMEM128	0.8426579174468886	0.07867104127655578	0.07867104127655578	
AC008972.2	0.024991426533630314	0.024991426533630314	0.9500171469327393	
SLC45A3	0.03760580511356609	0.03760580511356609	0.9247883897728677	
CRYBG2	0.006459787051861219	0.6524384922379831	0.34110172071015565	
SUMO3	0.8213612420499755	0.08931937897501228	0.08931937897501228	
GPATCH11	0.033347818305893555	0.3866379504334525	0.5800142312606539	
FZD4	0.8967636583220696	0.05161817083896515	0.05161817083896515	
SNRNP48	0.7591341227183825	0.16970118820589106	0.07116468907572643	
C4orf19	0.10792258362581982	0.883331559350904	0.008745857023276278	
RAB6B	0.011255431817790392	0.011255431817790392	0.9774891363644191	
AKR1A1	0.844338262976284	0.077830868511858	0.077830868511858	
KCNAB3	0.029633197859676334	0.029633197859676334	0.9407336042806472	
AC003991.1	0.008176058137393229	0.6912257812670625	0.3005981605955443	
TRIP11	0.025701338317544693	0.6347110891968439	0.3395875724856114	
TAOK1	0.05804539835351393	0.05804539835351393	0.8839092032929722	
GNG12	0.01359882807491371	0.8046520243413885	0.18174914758369784	
KIF23	0.1846687889708678	0.8073377677837485	0.007993443245383649	
HOXB2	0.41758029541561664	0.568791252299854	0.013628452284529188	
RC3H1	0.0463760195084685	0.0463760195084685	0.907247960983063	
FUT10	0.3920017767749399	0.5811606589376802	0.026837564287379833	
PAIP2	0.5051769878216865	0.450194660025622	0.04462835215269143	
MS4A6A	0.9355423414044506	0.03222882929777465	0.03222882929777465	
KLHDC3	0.3303331208910016	0.6415768001422381	0.028090078966760367	
PMEL	0.25364648436187587	0.729590113947919	0.016763401690205147	
PTBP1	0.2088601930382766	0.76545245150151	0.025687355460213415	
SERPINE2	0.009664893551360266	0.7295601778374656	0.260774928611174	
MYL12A	0.04672950634100933	0.04672950634100933	0.9065409873179814	
SMARCB1	0.1263870126636153	0.8605968826526857	0.013016104683699035	
SLC4A8	0.038041636028378005	0.038041636028378005	0.923916727943244	
BORA	0.21670873580044112	0.7650396609031931	0.018251603296365767	
ZNF783	0.04136351885600278	0.04136351885600278	0.9172729622879945	
POMT2	0.021482953573636453	0.5541853666300699	0.42433167979629355	
CDK12	0.026728319071141277	0.5675321623649994	0.4057395185638593	
IL18	0.04077764270640142	0.04077764270640142	0.9184447145871972	
CSPP1	0.02336742448537766	0.5968152221905512	0.3798173533240712	
AC092903.2	0.8839548578740309	0.05802257106298445	0.05802257106298445	
LINC01504	0.027153925898805394	0.027153925898805394	0.9456921482023891	
MOAP1	0.8334434676167931	0.08327826619160346	0.08327826619160346	
PAQR8	0.039195258980002715	0.039195258980002715	0.9216094820399945	
SCYL3	0.028352978526536825	0.550322420439299	0.42132460103416414	
COX18	0.0423768712510713	0.0423768712510713	0.9152462574978575	
ADNP2	0.021017744512672673	0.5824698908652378	0.3965123646220895	
DCTN1	0.06963638292001435	0.06963638292001435	0.8607272341599713	
POLD1	0.03665188401486457	0.3834760919956479	0.5798720239894876	
MARF1	0.06515806227670992	0.06515806227670992	0.8696838754465802	
AC092747.4	0.03861519671446567	0.03861519671446567	0.9227696065710687	
TTN	0.9267201532060292	0.036639923396985394	0.036639923396985394	
SIK1	0.017859093101888775	0.017859093101888775	0.9642818137962225	
E2F5	0.8941170916977063	0.05294145415114684	0.05294145415114684	
POLR3H	0.02203098880176331	0.5038615679546917	0.474107443243545	
CORO7	0.04654493515836747	0.04654493515836747	0.9069101296832651	
PLAC4	0.006438674889003577	0.6503061637893612	0.3432551613216351	
ZNF844	0.9094997257383978	0.0452501371308011	0.0452501371308011	
EZR	0.010704126898094786	0.7370585546963709	0.2522373184055342	
RAC1	0.026952683684545526	0.6255471362602268	0.3475001800552276	
AL359643.3	0.9126878611591009	0.04365606942044949	0.04365606942044949	
AC108047.1	0.039050175250456134	0.039050175250456134	0.9218996494990878	
ICA1	0.82613210069158	0.08693394965421003	0.08693394965421003	
CCDC121	0.8942837905512244	0.052858104724387726	0.052858104724387726	
NOSIP	0.05453349911997357	0.12289111808367882	0.8225753827963476	
TET3	0.039432046987304493	0.2671139798954587	0.6934539731172367	
ACOT8	0.04493901862790626	0.04493901862790626	0.9101219627441876	
KDM8	0.8791658362854561	0.0604170818572719	0.0604170818572719	
GID4	0.36995680188739477	0.6059808976137016	0.024062300498903632	
PRR15	0.04122925396000348	0.04122925396000348	0.9175414920799931	
AC005498.3	0.910504761525074	0.04474761923746297	0.04474761923746297	
MRPL52	0.3510741952722607	0.6121804904870332	0.03674531424070621	
ARMH4	0.031413040767323465	0.031413040767323465	0.937173918465353	
SATB1	0.859605200743532	0.07019739962823394	0.07019739962823394	
ZNF678	0.03900620755495093	0.03900620755495093	0.921987584890098	
DAAM1	0.8406829418739648	0.07965852906301764	0.07965852906301764	
PRSS8	0.13631027854798702	0.8547300671967152	0.008959654255297808	
FBXO32	0.02079119673884752	0.02079119673884752	0.9584176065223049	
TSPYL1	0.8270787537870783	0.08646062310646092	0.08646062310646092	
RPL7A	0.6894875899406365	0.2504132076478917	0.0600992024114718	
STRN4	0.041513077161639905	0.3580887645570001	0.60039815828136	
ZEB1	0.9467614194610575	0.026619290269471227	0.026619290269471227	
C5orf17	0.015328427303763367	0.27387205552027105	0.7107995171759655	
YIPF2	0.1446132372238945	0.8400199144551863	0.015366848320919137	
FNBP1L	0.020687348939278864	0.6462408347883406	0.33307181627238047	
SKA1	0.3517004825406014	0.635364607465786	0.01293490999361261	
BAG3	0.016014360670841277	0.02739229805455221	0.9565933412746065	
UQCRFS1	0.022977813951128762	0.6270571047706354	0.3499650812782357	
LGR6	0.01714595886543846	0.45605273856826806	0.5268013025662933	
ERMAP	0.8783421538408468	0.06082892307957657	0.06082892307957657	
AC005229.4	0.389984401628896	0.5883855138951039	0.021630084476000077	
B3GALT6	0.9088357232010243	0.045582138399487764	0.045582138399487764	
TMPRSS4	0.05139608115241536	0.05139608115241536	0.8972078376951693	
CNBD2	0.05817670790170281	0.05817670790170281	0.8836465841965945	
ANO9	0.05694576066531148	0.05694576066531148	0.8861084786693771	
AC231981.1	0.9021585198836183	0.04892074005819081	0.04892074005819081	
ADAMTSL4	0.2340102419096861	0.7540907012207826	0.01189905686953136	
HIF1A	0.04540858180705517	0.04540858180705517	0.9091828363858897	
THBS1	0.032653391088824424	0.032653391088824424	0.934693217822351	
L3MBTL1	0.22108958596576045	0.7631735349007468	0.015736879133492695	
ZNF765	0.21963600305278413	0.7633129952751427	0.017051001672073216	
UBR7	0.07180233239727574	0.07180233239727574	0.8563953352054486	
GPN3	0.46181949484278406	0.5062992676092765	0.03188123754793949	
TAF11	0.4098656816265367	0.5488135544133712	0.04132076396009202	
TJP1	0.055694735384504125	0.055694735384504125	0.8886105292309918	
ATP5F1B	0.043792686777071106	0.18883127740421463	0.7673760358187143	
RPL4	0.2924405734703042	0.6802019992651	0.027357427264595797	
GNAI1	0.5705130587676842	0.38285409700643086	0.046632844225884984	
ZDHHC8	0.03589222751612428	0.03589222751612428	0.9282155449677514	
CENPE	0.2611041617604514	0.7284137684891241	0.010482069750424502	
LLPH	0.040071643912653325	0.24788304634330535	0.7120453097440412	
MEF2C	0.047417266310484166	0.047417266310484166	0.9051654673790317	
AL133215.2	0.29579814098606566	0.6884956713776369	0.01570618763629742	
CARS2	0.8625571544916669	0.0687214227541665	0.0687214227541665	
SACM1L	0.8123019803498623	0.09384900982506889	0.09384900982506889	
ZNF2	0.8955906916806791	0.0522046541596604	0.0522046541596604	
ARL5A	0.4532024249377647	0.498586624781807	0.048210950280428204	
TRIAP1	0.25171695132260885	0.7284025012476558	0.019880547429735298	
CTSK	0.034656632465021014	0.034656632465021014	0.9306867350699579	
MYO1E	0.04443721818427569	0.04443721818427569	0.9111255636314487	
NBR1	0.8353114971516807	0.08234425142415967	0.08234425142415967	
AL136038.3	0.014584786915273418	0.5226095796983486	0.4628056333863779	
CCNK	0.03316539493848179	0.5106886684596483	0.4561459366018699	
PLSCR4	0.0532568497542949	0.0532568497542949	0.8934863004914102	
UROD	0.8382905761872307	0.08085471190638467	0.08085471190638467	
SCOC-AS1	0.9151629253675073	0.042418537316246285	0.042418537316246285	
GLG1	0.7978490268265329	0.10107548658673357	0.10107548658673357	
PARD3B	0.062220457886386	0.062220457886386	0.8755590842272281	
GABPA	0.020472197681623106	0.7007127394111167	0.2788150629072602	
RPS8	0.6559475877357598	0.2828176364496868	0.06123477581455336	
WTAP	0.863702012943737	0.06814899352813143	0.06814899352813143	
PFKL	0.0237619548536226	0.6516056401040492	0.32463240504232815	
GRIP1	0.008245893019569819	0.8328351949765518	0.15891891200387842	
PROSER1	0.20805129922845628	0.7737208022587275	0.018227898512816296	
SRSF10	0.41146171461394265	0.5485424137557212	0.03999587163033607	
PLA2G4A	0.03590413878055708	0.03590413878055708	0.9281917224388858	
DCAF7	0.8238703885406437	0.08806480572967823	0.08806480572967823	
ACP1	0.23042207261793113	0.7458051744285186	0.02377275295355027	
NR4A3	0.017355601510220676	0.017355601510220676	0.9652887969795586	
SF1	0.0783400188758513	0.0783400188758513	0.8433199622482974	
IQANK1	0.00885546057957154	0.7330315966440487	0.25811294277637964	
SUSD1	0.28737150411802426	0.690171788800128	0.02245670708184775	
AC069544.1	0.5036782581781045	0.4582813813384817	0.0380403604834137	
NT5C2	0.03855724809238855	0.39410966069355574	0.5673330912140558	
LINC00471	0.8978402980404472	0.05107985097977638	0.05107985097977638	
PAXX	0.017438576143045455	0.6965067834697873	0.2860546403871672	
AL450998.2	0.8364453333265033	0.08177733333674839	0.08177733333674839	
OSGIN1	0.03183781438348301	0.03183781438348301	0.9363243712330339	
AGPAT3	0.06117433341536252	0.06117433341536252	0.877651333169275	
ACVR1	0.8777287243924855	0.06113563780375719	0.06113563780375719	
CD276	0.4755016512090772	0.48300103990502086	0.041497308885901855	
TAX1BP3	0.027061928731301768	0.20057274902634725	0.772365322242351	
EPC2	0.35910736473469423	0.6110778347601252	0.029814800505180504	
MYL6	0.04813231917091755	0.04813231917091755	0.9037353616581649	
HIST1H2BK	0.014449464792513333	0.7200075206719851	0.26554301453550155	
LINC01134	0.02688070879603889	0.02688070879603889	0.9462385824079221	
FHOD3	0.006819973408813455	0.688817314290159	0.3043627123010275	
DEF8	0.05205560570183274	0.05205560570183274	0.8958887885963346	
SLC22A5	0.012708779469297559	0.635547933828856	0.3517432867018464	
DAGLB	0.015430496385069615	0.6913659116326677	0.29320359198226265	
SMARCA2	0.029299315687247442	0.5986037455733344	0.3720969387394182	
ARPC2	0.023877362391247246	0.6342343330488204	0.3418883045599324	
AP002807.1	0.035726038169314016	0.035726038169314016	0.928547923661372	
RHOQ	0.03306068579223381	0.03306068579223381	0.9338786284155323	
PTCD2	0.7544269778011714	0.1931194793379899	0.05245354286083855	
GTF2IRD2	0.04238138219056297	0.04238138219056297	0.915237235618874	
SNX8	0.053430698915320485	0.053430698915320485	0.893138602169359	
MDN1	0.04294846117744239	0.04294846117744239	0.9141030776451152	
TAB1	0.6737306509007376	0.2775442295770383	0.04872511952222401	
CAPN10	0.057063082371142944	0.057063082371142944	0.8858738352577141	
TMLHE	0.8589319648008321	0.07053401759958394	0.07053401759958394	
DDB2	0.8673680259158804	0.06631598704205979	0.06631598704205979	
SDCBP2	0.024320254371464362	0.024320254371464362	0.9513594912570712	
KIAA0040	0.04537872364129986	0.04537872364129986	0.9092425527174003	
KLC1	0.07165042538302725	0.07165042538302725	0.8566991492339455	
PIM3	0.016757857168573115	0.5742910084435149	0.4089511343879121	
TMEM184B	0.019632408530431418	0.6446982500059945	0.33566934146357424	
CNP	0.06017771136064193	0.06017771136064193	0.8796445772787163	
MAN2B1	0.06153942067979571	0.06153942067979571	0.8769211586404086	
ARSB	0.8632399169352335	0.06838004153238321	0.06838004153238321	
NPIPB13	0.020682832037788493	0.020682832037788493	0.9586343359244229	
GRHL1	0.22629739104365507	0.7661172892606944	0.00758531969565044	
USP9X	0.030159575491365373	0.6312216506930081	0.3386187738156265	
SYTL2	0.04208642189286841	0.04208642189286841	0.9158271562142632	
NKIRAS2	0.44586690952757346	0.5056203365716455	0.04851275390078096	
CNTD1	0.03610104765217313	0.03610104765217313	0.9277979046956537	
P4HA1	0.9139808431720597	0.0430095784139701	0.0430095784139701	
LONP2	0.06772413431239649	0.06772413431239649	0.8645517313752071	
NCBP2	0.8103227395837588	0.09483863020812065	0.09483863020812065	
AC006116.8	0.020183232398913755	0.020183232398913755	0.9596335352021724	
AKIRIN2	0.840947090014706	0.07952645499264702	0.07952645499264702	
STK19	0.8203791537158689	0.08981042314206558	0.08981042314206558	
AC012313.1	0.03525847009811179	0.03525847009811179	0.9294830598037763	
IQSEC1	0.33275766117061983	0.6423036942947673	0.024938644534612916	
FUBP1	0.5078233946709516	0.4510532049292364	0.041123400399812014	
PPIL4	0.4509624979749106	0.5065375024363171	0.042499999588772215	
WDR59	0.20909699374439886	0.768048267249553	0.02285473900604823	
NFKBIB	0.025504964309077106	0.5026547338046922	0.4718403018862307	
URB1	0.03503056492482439	0.03503056492482439	0.9299388701503511	
RGS16	0.02236671897667821	0.02236671897667821	0.9552665620466435	
TOPBP1	0.022135699037812307	0.5960058336304727	0.38185846733171497	
RCOR2	0.5061411546677205	0.46507766147856794	0.028781183853711447	
PLRG1	0.5139243787674044	0.4328982309902681	0.05317739024232752	
ZCWPW1	0.03437592892299943	0.03437592892299943	0.9312481421540011	
EIF3G	0.27755258900444896	0.6920532158280038	0.03039419516754727	
POU2F1	0.24955862691760866	0.7307952633598279	0.019646109722563344	
ZNF436-AS1	0.14323628567651397	0.8462063873930775	0.01055732693040852	
ZNF808	0.01626108117877341	0.6744944967971748	0.30924442202405183	
ERP44	0.6322920180006946	0.30435584631725715	0.06335213568204827	
C14orf119	0.8427660560281326	0.07861697198593368	0.07861697198593368	
AGA	0.3671794098453181	0.6072521610459344	0.02556842910874752	
MIAT	0.025692343741793824	0.025692343741793824	0.9486153125164123	
ZC3H12D	0.03070434698121254	0.03070434698121254	0.9385913060375749	
ZNF527	0.8831311026103162	0.05843444869484182	0.05843444869484182	
TRIM2	0.8770550566058674	0.061472471697066294	0.061472471697066294	
AGR3	0.8737418129570507	0.0631290935214746	0.0631290935214746	
AC007255.1	0.05137499961564666	0.05137499961564666	0.8972500007687068	
HEXA-AS1	0.03161488123924891	0.03161488123924891	0.9367702375215021	
DHRSX	0.28771801085697035	0.6855547976197055	0.026727191523324156	
DNHD1	0.048735803750676356	0.048735803750676356	0.9025283924986474	
AC099522.2	0.33986209407840573	0.6411670583281518	0.018970847593442534	
ZNF221	0.9176207415851946	0.04118962920740267	0.04118962920740267	
MAPKAPK2	0.049522021873992926	0.049522021873992926	0.9009559562520142	
MAP7	0.020285122007832824	0.7589375622297185	0.22077731576244863	
GTF2E2	0.734400459039734	0.18771274602713195	0.07788679493313384	
AC007364.1	0.9220086387368749	0.03899568063156253	0.03899568063156253	
ZNF292	0.3480220756322852	0.6249440458814756	0.027033878486239202	
PTOV1-AS1	0.24743810630411528	0.735039064802627	0.017522828893257642	
SBNO1	0.02831389538134243	0.5893879168986986	0.3822981877199589	
AC093635.1	0.9005805913759444	0.049709704312027765	0.049709704312027765	
EAPP	0.3935954535112442	0.5681113419339724	0.03829320455478346	
PITX2	0.9432567122918556	0.028371643854072193	0.028371643854072193	
MDFIC	0.9136265017606751	0.04318674911966242	0.04318674911966242	
TRIT1	0.2942764597913113	0.6824062093223888	0.02331733088629982	
TMEM246	0.8394795538307177	0.0802602230846412	0.0802602230846412	
LRRC8E	0.25835004524132754	0.7323863397319289	0.00926361502674352	
TTC38	0.06588011034076048	0.06588011034076048	0.8682397793184791	
CBWD3	0.017440199221133056	0.5349213155245521	0.4476384852543148	
RAD51C	0.23728546808446196	0.7460948028477545	0.01661972906778344	
PRPF18	0.7450988943642224	0.19484817286255	0.06005293277322751	
UBTF	0.0755318866650043	0.0755318866650043	0.8489362266699915	
SIPA1	0.06648955916793206	0.06648955916793206	0.8670208816641359	
WIZ	0.051895831294425286	0.051895831294425286	0.8962083374111495	
ACTR10	0.8326182392869313	0.0836908803565344	0.0836908803565344	
INTS3	0.839218361862124	0.08039081906893808	0.08039081906893808	
DDX59	0.16836772944763884	0.8196054160997008	0.012026854452660208	
NOSTRIN	0.04363843121561377	0.04363843121561377	0.9127231375687725	
PHLDA1	0.030465312487082733	0.030465312487082733	0.9390693750258344	
MSTO1	0.028940917539880415	0.3408622642134605	0.6301968182466591	
UBAP2L	0.3308138804151721	0.6329386908021758	0.03624742878265221	
ATP5PB	0.02525952442068755	0.5688032224815033	0.4059372530978092	
ZNF133	0.8750360106227687	0.0624819946886156	0.0624819946886156	
PRKACB	0.07907576032456536	0.07907576032456536	0.8418484793508694	
PINK1	0.020541054701475304	0.5710635685159733	0.4083953767825514	
PRPF4B	0.035847112624907265	0.4269444646231897	0.5372084227519031	
MRPL13	0.405368762150854	0.5602311653716713	0.03440007247747465	
MKRN1	0.023500617158548624	0.6818610240639846	0.29463835877746675	
PHC2	0.0459230141747557	0.0459230141747557	0.9081539716504886	
HEXA	0.8580908873283939	0.07095455633580305	0.07095455633580305	
RAP1B	0.8242889502684863	0.08785552486575691	0.08785552486575691	
LAMTOR3	0.7174016473518399	0.2239535938543545	0.05864475879380557	
ANO1	0.8843144059708583	0.05784279701457078	0.05784279701457078	
USP7	0.055708387356741204	0.055708387356741204	0.8885832252865177	
CPM	0.013838099600811418	0.6847305764436704	0.30143132395551825	
RNF212	0.03174834747223339	0.03174834747223339	0.9365033050555331	
SLC25A3	0.034104997507919274	0.4714280231665395	0.4944669793255413	
PM20D2	0.8805723447662791	0.05971382761686037	0.05971382761686037	
MBD1	0.023133285714648833	0.7025064721246495	0.27436024216070176	
ZNF429	0.6935468160799589	0.2542340899388553	0.05221909398118574	
KIAA1324L	0.037120269414658735	0.037120269414658735	0.9257594611706824	
GNPNAT1	0.04680147264334653	0.04680147264334653	0.906397054713307	
DISP2	0.02356176120728785	0.02356176120728785	0.9528764775854243	
HCLS1	0.027414517148836904	0.027414517148836904	0.9451709657023262	
CNEP1R1	0.05689079224131272	0.05689079224131272	0.8862184155173746	
NUP54	0.2811481707814157	0.6906773832978588	0.02817444592072548	
ZNF195	0.07663818539768741	0.07663818539768741	0.8467236292046252	
METTL2B	0.03881644203967127	0.39627229297708	0.5649112649832487	
MPI	0.8565183743235771	0.07174081283821139	0.07174081283821139	
ERLEC1	0.5186572534329043	0.4192434849170768	0.0620992616500189	
RAB30	0.017383652775522042	0.017383652775522042	0.9652326944489559	
ZC3H14	0.2473507371637929	0.7252834312493165	0.0273658315868906	
AC007950.2	0.02851711143962488	0.02851711143962488	0.9429657771207501	
RPS15	0.8290871076641736	0.08545644616791323	0.08545644616791323	
C19orf53	0.8314675195321781	0.08426624023391098	0.08426624023391098	
PARVA	0.04575220246733241	0.2785119759589398	0.6757358215737279	
STS	0.008728643377580869	0.7703332642555584	0.2209380923668608	
GCAT	0.015465837890513234	0.7613776565667566	0.22315650554273025	
ZNF69	0.27155943920480713	0.7060699541122855	0.022370606682907343	
COLCA1	0.8753422379363491	0.06232888103182537	0.06232888103182537	
SURF1	0.04863394680413562	0.10615356970732148	0.8452124834885429	
TAGLN2	0.019541922783671273	0.6805576608072825	0.2999004164090462	
MPRIP	0.01939729710291603	0.6647452306349115	0.3158574722621725	
CBWD2	0.5351488881786447	0.4162748764345212	0.048576235386834074	
ZNF287	0.9019439861002702	0.04902800694986486	0.04902800694986486	
PDE1A	0.9439749851169376	0.02801250744153122	0.02801250744153122	
POLL	0.7217062203267751	0.20181412791722922	0.07647965175599573	
CYP2J2	0.010707496861781738	0.7853411982844586	0.2039513048537597	
TMEM53	0.044794792159028755	0.044794792159028755	0.9104104156819426	
RNF181	0.45691337804474047	0.5004866654798548	0.042599956475404835	
COPG1	0.026126690525270908	0.6662093147163276	0.3076639947584014	
SYT8	0.007541861922825367	0.761728054205362	0.23073008387181257	
YBX1	0.06129400673259316	0.06129400673259316	0.8774119865348138	
CIAO1	0.044512741842762306	0.4299335166981049	0.5255537414591328	
HOTAIRM1	0.8454638458050798	0.07726807709746013	0.07726807709746013	
KIF5B	0.8338167374119901	0.08309163129400494	0.08309163129400494	
RPS19BP1	0.02803634351053684	0.6309173360306892	0.34104632045877387	
MIS18A	0.884302266167658	0.06625767014271529	0.049440063689626786	
HBB	0.009708737864077669	0.009708737864077669	0.9805825242718447	
SAP130	0.17027908644494397	0.8124771854535908	0.01724372810146511	
SLC38A9	0.018098311746173983	0.7072600161188901	0.27464167213493584	
PPWD1	0.5641236298230179	0.37614782063887986	0.05972854953810219	
SMS	0.20465606091061359	0.7773164520578122	0.018027487031574158	
LNPK	0.0628023100145282	0.0628023100145282	0.8743953799709436	
LDB1	0.042247344507257874	0.042247344507257874	0.9155053109854843	
APPBP2	0.8108725180922733	0.09456374095386337	0.09456374095386337	
GABBR1	0.02882052307709703	0.02882052307709703	0.9423589538458059	
UBR2	0.05618469085758483	0.21996285854418754	0.7238524505982277	
AC093827.4	0.013861316374322849	0.585434770475896	0.4007039131497812	
GPBP1	0.03972991860921563	0.1508266859442075	0.8094433954465767	
CEP85	0.009787562349551313	0.8310110113122054	0.15920142633824322	
TXN	0.05249119919620559	0.05891775706858711	0.8885910437352073	
LRWD1	0.04353888500714643	0.04353888500714643	0.9129222299857072	
WDR26	0.8558135747404354	0.07209321262978226	0.07209321262978226	
MRPL37	0.6386987476904283	0.3048834247260159	0.056417827583555694	
HIST2H2BE	0.16647605666961207	0.8212856818606197	0.012238261469768332	
JMJD1C	0.8382329992856657	0.08088350035716718	0.08088350035716718	
GPAM	0.45585287034589733	0.5152462490036469	0.028900880650455794	
KIF3B	0.07252286755317432	0.07252286755317432	0.8549542648936513	
C11orf98	0.0279127471299493	0.0279127471299493	0.9441745057401013	
KCNMA1	0.03124035391388654	0.03124035391388654	0.9375192921722268	
AC093323.1	0.4471404254149029	0.5221021892501829	0.030757385334914067	
ZBTB42	0.027699635591240737	0.027699635591240737	0.9446007288175184	
MYO5A	0.0210024932862516	0.0210024932862516	0.9579950134274968	
CFP	0.027103654417942685	0.027103654417942685	0.9457926911641146	
SDHA	0.021989887698986743	0.6514384691340656	0.3265716431669476	
PACRG	0.8959513650245804	0.05202431748770975	0.05202431748770975	
GFI1B	0.026353786250593182	0.026353786250593182	0.9472924274988136	
INAVA	0.00991504091937094	0.7431074722069687	0.24697748687366036	
CAMSAP1	0.03126684822673293	0.23682001907182265	0.7319131327014444	
DCST2	0.00816402835482704	0.7790491408770933	0.2127868307680796	
GPR146	0.3580819680134866	0.6249670188398965	0.01695101314661704	
TXNDC11	0.04184323152427572	0.1762070659635438	0.7819497025121804	
HIST1H2BG	0.034360666479518874	0.34627256882804125	0.6193667646924399	
BIN3	0.02931493377374357	0.5926194054092048	0.3780656608170515	
RPN2	0.26102146785035196	0.7126611996880599	0.026317332461588152	
NMT2	0.05597252196438164	0.05597252196438164	0.8880549560712367	
ZDHHC3	0.030341882645559343	0.5909621624322743	0.37869595492216646	
ATL1	0.036811957750350704	0.036811957750350704	0.9263760844992985	
PSMB1	0.2634419816021667	0.7118541696326123	0.024703848765220957	
APRT	0.055444595296301837	0.055444595296301837	0.8891108094073964	
SLC39A14	0.8373536779120955	0.08132316104395232	0.08132316104395232	
DCLRE1C	0.0470475356069842	0.33769429917336924	0.6152581652196466	
MAST1	0.028681332192291388	0.19268785908628694	0.7786308087214217	
MRE11	0.3007759196636673	0.6762712302938044	0.022952850042528193	
BRCC3	0.04003150055427228	0.36698081652787157	0.5929876829178562	
AURKA	0.18191664381342848	0.8058084804312862	0.0122748757552854	
HMGN4	0.2069981522306511	0.7736949607700703	0.01930688699927869	
TAF8	0.8334674970216693	0.08326625148916535	0.08326625148916535	
SYNGR2	0.023701241907008223	0.6254222749997959	0.3508764830931958	
AC020656.1	0.024903795598273146	0.024903795598273146	0.9501924088034537	
MAP3K10	0.03673989307627521	0.03673989307627521	0.9265202138474495	
SAT1	0.894119180320337	0.05294040983983144	0.05294040983983144	
DRAM1	0.03647198319891853	0.03647198319891853	0.9270560336021629	
AL392172.1	0.874079640270362	0.06296017986481894	0.06296017986481894	
KRR1	0.33395649830590024	0.6353562127262836	0.030687288967816185	
ZHX1	0.07612848484140794	0.07612848484140794	0.8477430303171841	
RSPRY1	0.4208637397413416	0.5373076580515542	0.04182860220710405	
RPL12	0.8248996954117206	0.08755015229413976	0.08755015229413976	
AC009053.2	0.8969880218537476	0.051505989073126146	0.051505989073126146	
ZNF681	0.30106733883082487	0.6764571024547176	0.02247555871445749	
HIST1H3B	0.28565706786498424	0.7023354150623449	0.012007517072670879	
CD55	0.03601296488071904	0.03601296488071904	0.9279740702385618	
MFSD3	0.026883519513527885	0.5890599137304311	0.3840565667560409	
AC211476.2	0.8949927932580378	0.05250360337098104	0.05250360337098104	
SPIDR	0.07362105168907497	0.07362105168907497	0.85275789662185	
VSTM4	0.931366457864578	0.03431677106771099	0.03431677106771099	
ZNF564	0.39808399189121607	0.571518624085851	0.030397384022933	
RBM18	0.37973006126309344	0.5774009408686737	0.042868997868232846	
TMEM50A	0.068723895292243	0.068723895292243	0.862552209415514	
C12orf10	0.8308338748332338	0.08458306258338316	0.08458306258338316	
SPIN2B	0.822570881071506	0.08871455946424703	0.08871455946424703	
SLC25A11	0.028853827472993067	0.48377764497668413	0.4873685275503228	
MALT1	0.8384216853911738	0.08078915730441315	0.08078915730441315	
ACSS3	0.9217611346969209	0.03911943265153958	0.03911943265153958	
NVL	0.0195551107503496	0.7293763357877308	0.2510685534619197	
PRMT5-AS1	0.024877140065385137	0.024877140065385137	0.9502457198692297	
TSC22D1	0.011569961286388404	0.720518643702282	0.2679113950113296	
COASY	0.012730704232091805	0.8294806938744591	0.15778860189344912	
ERCC2	0.7141817234689629	0.2239902307419828	0.06182804578905436	
TMEM267	0.42780280050551767	0.540550986380677	0.031646213113805347	
NPHP4	0.04974832309746502	0.04974832309746502	0.90050335380507	
UNC13D	0.01467332235569455	0.5352172591561303	0.4501094184881752	
RAD21	0.2262042504188761	0.7558933702962023	0.017902379284921586	
NUCKS1	0.8829475853675928	0.05937070417680355	0.05768171045560357	
PECR	0.8749260431658351	0.06253697841708239	0.06253697841708239	
AL136040.1	0.013561153042336266	0.4770337962888373	0.5094050506688264	
DZANK1	0.04876376987752329	0.04876376987752329	0.9024724602449535	
RPL35	0.8316735829386471	0.08416320853067646	0.08416320853067646	
SYMPK	0.01882371631300821	0.7709853600283165	0.21019092365867514	
MORN2	0.8560783196104161	0.07196084019479186	0.07196084019479186	
PRKD2	0.050584903846063525	0.050584903846063525	0.898830192307873	
ATP11C	0.05369738956940927	0.05369738956940927	0.8926052208611815	
ARHGAP33	0.8910819383727708	0.05445903081361453	0.05445903081361453	
RAB33B	0.881412764284694	0.05929361785765299	0.05929361785765299	
TOGARAM1	0.8194568517967268	0.09027157410163668	0.09027157410163668	
LMAN1	0.2790462594494145	0.7004777806094662	0.020475959941119372	
RNF227	0.883370345256879	0.05831482737156045	0.05831482737156045	
TRIM9	0.030468146819898047	0.030468146819898047	0.9390637063602039	
TXLNG	0.841130802517732	0.07943459874113398	0.07943459874113398	
ALS2CL	0.015218636278063427	0.6976207580274814	0.28716060569445523	
PTPN3	0.1305591747527862	0.8576328772061215	0.011807948041092366	
TECPR2	0.04719452969619654	0.07556035809134887	0.8772451122124546	
SHQ1	0.8392726613966212	0.08036366930168948	0.08036366930168948	
TRIM16L	0.028530222778869754	0.4929183089384291	0.47855146828270123	
ARRDC1-AS1	0.05435624462976573	0.05435624462976573	0.8912875107404686	
SRRD	0.4616115470079922	0.504450794544906	0.03393765844710172	
RAP1GDS1	0.05830740032728384	0.05830740032728384	0.8833851993454324	
LRRC8A	0.031027543187338007	0.031027543187338007	0.937944913625324	
COMMD2	0.8306539946323125	0.08467300268384381	0.08467300268384381	
SRSF4	0.2386096951482225	0.7361481512373154	0.025242153614462227	
CUL1	0.22469800914010593	0.7486653603160213	0.026636630543872834	
WDR60	0.059880586457646524	0.059880586457646524	0.880238827084707	
NAP1L1	0.8860070127526657	0.05699649362366711	0.05699649362366711	
CERNA1	0.02866095931912313	0.02866095931912313	0.9426780813617537	
STXBP6	0.07238522531544885	0.07238522531544885	0.8552295493691023	
PPP4C	0.02656243355712667	0.6384294050447507	0.3350081613981227	
WDFY1	0.07387304900931928	0.07387304900931928	0.8522539019813615	
ZNF674	0.036711474160978606	0.036711474160978606	0.9265770516780427	
SEC23B	0.07475795489455526	0.07475795489455526	0.8504840902108896	
CALM1	0.022906756775415375	0.6511869562519919	0.3259062869725927	
DCAF15	0.05345295138373571	0.19995198890204954	0.7465950597142147	
PCDH9	0.9401363405473202	0.02993182972633988	0.02993182972633988	
TGFBRAP1	0.03030457413872991	0.38782263864457545	0.5818727872166946	
NCAPG	0.26164889496355215	0.7288284931173961	0.009522611919051762	
SLC25A26	0.30653953914593285	0.66300771072365	0.030452750130417216	
PLCG1	0.06548321474954157	0.06548321474954157	0.8690335705009169	
FNBP4	0.08298965666301145	0.08298965666301145	0.8340206866739771	
PCNP	0.2368277918804584	0.7365505796329809	0.02662162848656071	
ZNF335	0.01835973624884267	0.6223588693111721	0.3592813944399852	
NPHP3	0.03758688678648339	0.40058736258491073	0.561825750628606	
TBC1D23	0.4637288310770172	0.48400234660634844	0.05226882231663436	
AL359258.2	0.03667286289263057	0.03667286289263057	0.9266542742147388	
FAM185A	0.8476533288414765	0.07617333557926177	0.07617333557926177	
ZNF440	0.010631131626531698	0.7061935627560227	0.28317530561744564	
GLUD2	0.5750982511014067	0.405422331853862	0.019479417044731242	
MGAT5	0.012771974537075771	0.7057020456028089	0.2815259798601153	
WDR7	0.051436631656107595	0.051436631656107595	0.8971267366877849	
DNMT3B	0.4133783732073706	0.5701229175692246	0.016498709223404674	
ARRDC4	0.0425836754417885	0.0425836754417885	0.914832649116423	
TIMM23B	0.051404584200932406	0.051404584200932406	0.8971908315981353	
ZC4H2	0.8779251991504042	0.06103740042479781	0.06103740042479781	
BASP1	0.8384157939711634	0.13355564433047626	0.028028561698360367	
NDRG3	0.06305110770993312	0.06305110770993312	0.8738977845801338	
SGF29	0.8389418673338205	0.0805290663330898	0.0805290663330898	
TMEM117	0.02012681104863821	0.6146221605245132	0.36525102842684853	
ORMDL3	0.2621127202373205	0.7108019849413295	0.02708529482134989	
A2M	0.9428561957009082	0.028571902149545903	0.028571902149545903	
BTBD9	0.04402984646762435	0.1021225905278104	0.8538475630045653	
IGFLR1	0.031249411400545837	0.031249411400545837	0.9375011771989082	
NCOA1	0.8251761660621092	0.08741191696894544	0.08741191696894544	
AC016588.2	0.035145208102163226	0.035145208102163226	0.9297095837956735	
TONSL	0.8341103063757562	0.08294484681212194	0.08294484681212194	
ARFGAP1	0.018635415974556174	0.7139493544258269	0.2674152295996169	
KL	0.916826787840705	0.041586606079647453	0.041586606079647453	
RIMS2	0.9249825496937695	0.037508725153115256	0.037508725153115256	
PACS1	0.8834841642169685	0.05825791789151567	0.05825791789151567	
CARD8	0.8617055448738266	0.06914722756308671	0.06914722756308671	
DHRS4-AS1	0.8529859547360826	0.0735070226319586	0.0735070226319586	
SLC2A10	0.866578162518676	0.06671091874066191	0.06671091874066191	
RARA	0.8755431972295582	0.06222840138522086	0.06222840138522086	
NIPSNAP2	0.06601937889188589	0.06601937889188589	0.8679612422162283	
C1orf198	0.8667192773738809	0.06664036131305949	0.06664036131305949	
CACNA2D2	0.8934869377609568	0.05325653111952157	0.05325653111952157	
SPSB1	0.05202458142754455	0.05202458142754455	0.895950837144911	
EIF3D	0.8281047341079224	0.08594763294603887	0.08594763294603887	
MBTPS2	0.8744383186712428	0.06278084066437858	0.06278084066437858	
INO80E	0.02324531284206764	0.7302541944884722	0.2465004926694602	
KBTBD2	0.8718382314825411	0.06408088425872938	0.06408088425872938	
C17orf67	0.030799444677887797	0.030799444677887797	0.9384011106442244	
MTCH1	0.06947471809292839	0.06947471809292839	0.8610505638141432	
CCNG1	0.39487457463547354	0.5684874741516042	0.03663795121292219	
PHF2	0.055694748014874826	0.17624107152124072	0.7680641804638845	
SETDB1	0.4847752538649616	0.4632568587862019	0.051967887348836464	
RBL1	0.014135311245371084	0.628466340774673	0.35739834797995595	
FUT11	0.877450318102341	0.06127484094882948	0.06127484094882948	
ITGA2	0.04068002942429354	0.04068002942429354	0.918639941151413	
LINC01003	0.17282114732222736	0.8130334250425708	0.01414542763520171	
TMEM143	0.8644172949410923	0.06779135252945379	0.06779135252945379	
RPGRIP1L	0.8985745748859488	0.05071271255702552	0.05071271255702552	
ZNF112	0.8851920923967908	0.057403953801604554	0.057403953801604554	
GTPBP6	0.8408228005119758	0.0795885997440121	0.0795885997440121	
PAK1IP1	0.04289479813546921	0.04289479813546921	0.9142104037290616	
TDRD7	0.057991967643812266	0.057991967643812266	0.8840160647123755	
IL1R1	0.024337166283894603	0.024337166283894603	0.9513256674322107	
STYK1	0.05357886480103277	0.05357886480103277	0.8928422703979345	
DOK3	0.030452669813200856	0.030452669813200856	0.9390946603735982	
KLHL12	0.8110716761425771	0.09446416192871149	0.09446416192871149	
AMBRA1	0.05646909467573483	0.05646909467573483	0.8870618106485304	
SGK3	0.0673649721987563	0.0673649721987563	0.8652700556024875	
STXBP4	0.9017061575170005	0.049146921241499726	0.049146921241499726	
STX5	0.28425856088777246	0.6901444471884495	0.025596991923778067	
COPS5	0.29600685148556366	0.6728467297617515	0.03114641875268464	
PNP	0.275025593929112	0.6998826984268625	0.025091707644025442	
ATG7	0.060764329207909196	0.060764329207909196	0.8784713415841817	
HDLBP	0.02387894055291299	0.70194326815014	0.27417779129694697	
SERAC1	0.055087222747480936	0.055087222747480936	0.8898255545050382	
SPHK1	0.028527461265589256	0.028527461265589256	0.9429450774688214	
RHOC	0.021633746746735898	0.3727389695273132	0.6056272837259509	
NIPA1	0.06055254121049935	0.06055254121049935	0.8788949175790014	
RBM11	0.9163444748725431	0.04182776256372843	0.04182776256372843	
KRCC1	0.0643288069829125	0.0643288069829125	0.871342386034175	
GTF2H2	0.8916444639514087	0.054177768024295615	0.054177768024295615	
COBL	0.013646329706392195	0.7319680455108546	0.2543856247827533	
MCOLN1	0.04620091526754642	0.04620091526754642	0.9075981694649072	
PCLO	0.05662620817835496	0.05662620817835496	0.8867475836432901	
INCENP	0.22609570510555818	0.7584450608454634	0.015459234048978464	
SNIP1	0.051798868783345976	0.051798868783345976	0.8964022624333081	
CHCHD3	0.06241236675243009	0.06241236675243009	0.8751752664951399	
PABPC4	0.02855362692746016	0.5030324293607034	0.4684139437118364	
PPARG	0.14534928624770235	0.8447379895539328	0.009912724198364949	
ELK4	0.0480033293757993	0.0480033293757993	0.9039933412484015	
DPT	0.9477039435887071	0.02614802820564639	0.02614802820564639	
PDE6D	0.04745432696054664	0.20943852638512678	0.7431071466543265	
MRPL1	0.3752101447277593	0.5911667067847758	0.033623148487464775	
SETD3	0.038026117290424835	0.5638673050801333	0.39810657762944185	
TRAF6	0.8715486965601303	0.0642256517199348	0.0642256517199348	
TMEM184C	0.0728334594614732	0.0728334594614732	0.8543330810770536	
BPNT1	0.040301579707181845	0.3900941697516895	0.5696042505411287	
SENP8	0.45392175079582353	0.5193764853184188	0.026701763885757634	
ATP5MPL	0.06502893730586208	0.1410388956267728	0.7939321670673651	
CUL4B	0.6096022357264589	0.3229087663457925	0.06748899792774847	
MAP2	0.9359475497662084	0.03202622511689576	0.03202622511689576	
DCAKD	0.5237289574781867	0.4386572027796862	0.03761383974212699	
UTP18	0.3249600521593514	0.6470884745093712	0.02795147333127731	
BMPR2	0.06415003375365311	0.06415003375365311	0.8716999324926938	
MAP3K1	0.8801663618346838	0.05991681908265805	0.05991681908265805	
LINC00511	0.016528647979454775	0.6569800803883409	0.3264912716322044	
POGLUT1	0.048657710672067984	0.048657710672067984	0.902684578655864	
POC1A	0.18322235974409654	0.8052249361009779	0.01155270415492559	
TBC1D10A	0.01242413419743581	0.7549721155157649	0.2326037502867992	
CHST6	0.020898137432317665	0.20461604957498947	0.7744858129926929	
AL450384.2	0.03314541515603151	0.03314541515603151	0.9337091696879369	
RMND5B	0.018017661739408365	0.7300351068834939	0.25194723137709774	
RPP14	0.0411286872353295	0.42974891054920583	0.5291224022154647	
CTBP1	0.05342556405016683	0.05342556405016683	0.8931488718996664	
DNAJB14	0.06861224011123922	0.07334414034603802	0.8580436195427228	
ABT1	0.21960143423500592	0.757887220757374	0.022511345007620028	
ERCC5	0.053540554204260356	0.053540554204260356	0.8929188915914793	
ZNF513	0.05296600758568162	0.05296600758568162	0.8940679848286368	
DHX33	0.032045223226600535	0.3047453554041497	0.6632094213692497	
CEP192	0.055387029796937715	0.055387029796937715	0.8892259404061247	
ECHS1	0.04284405238738301	0.3040773910073313	0.6530785566052858	
IL18BP	0.03650371198066117	0.03650371198066117	0.9269925760386776	
DAP3	0.04223847634403546	0.47248450579334483	0.48527701786261973	
FGD5-AS1	0.07819139430014416	0.07819139430014416	0.8436172113997117	
STX7	0.8200612170875012	0.08996939145624945	0.08996939145624945	
SELENOH	0.40409007774502753	0.5522493991065248	0.04366052314844753	
RAPGEF1	0.019422625684922968	0.6466409106775715	0.33393646363750557	
DYNLT1	0.029295674195128685	0.5949545715285874	0.3757497542762837	
WDR92	0.04902724351581358	0.04902724351581358	0.9019455129683729	
ARF4	0.28594081903920787	0.6867315248927276	0.027327656068064417	
ATM	0.8666880196383259	0.066655990180837	0.066655990180837	
GPATCH4	0.03430329236233334	0.03430329236233334	0.9313934152753333	
KIAA0513	0.038882384077436105	0.038882384077436105	0.9222352318451278	
EIF5A2	0.902294076676934	0.048852961661532975	0.048852961661532975	
SLC8A1	0.9284549864783437	0.035772506760828104	0.035772506760828104	
EEF1AKMT3	0.8567844188770757	0.07160779056146212	0.07160779056146212	
ZNF213	0.04546530974882552	0.04546530974882552	0.909069380502349	
CD96	0.026626418011255502	0.026626418011255502	0.9467471639774889	
AC007613.1	0.028656433349538605	0.028656433349538605	0.9426871333009227	
SLC24A3	0.0258797656876872	0.0258797656876872	0.9482404686246255	
HIST1H3F	0.018835425094564078	0.3765001178054095	0.6046644571000264	
CYLD	0.05855763377553536	0.05855763377553536	0.8828847324489293	
MALL	0.03389289940161853	0.03389289940161853	0.9322142011967629	
PDXK	0.18489914472963287	0.7948335685949662	0.02026728667540087	
FAM120C	0.8976835998290118	0.05115820008549407	0.05115820008549407	
USP36	0.05646742019066878	0.05646742019066878	0.8870651596186625	
DMPK	0.0550794191148817	0.0550794191148817	0.8898411617702366	
EXTL2	0.24580521387707976	0.7365941951380968	0.017600590984823403	
YEATS2	0.8487562839607878	0.07562185801960608	0.07562185801960608	
ZBED1	0.023719588507003665	0.5981500519364839	0.3781303595565124	
DLGAP1-AS1	0.8671951118495795	0.06640244407521015	0.06640244407521015	
PSMD3	0.035247253195962065	0.516632786126584	0.44811996067745374	
C1QC	0.9302373273878212	0.03488133630608937	0.03488133630608937	
CREBZF	0.07651493938403256	0.07651493938403256	0.8469701212319348	
PTPRG	0.05271797532644233	0.05271797532644233	0.8945640493471154	
LRP11	0.8586215751125819	0.07068921244370906	0.07068921244370906	
KIF9	0.06733787154241579	0.06733787154241579	0.8653242569151685	
SOWAHC	0.18254827784455635	0.8043484223340767	0.013103299821366949	
NCCRP1	0.007685256753244948	0.21610381116901536	0.7762109320777397	
FAM20B	0.059349504303387146	0.14209786791022164	0.7985526277863912	
LYPLA1	0.014246098467894625	0.8094397657095452	0.17631413582256017	
PSMD1	0.024969996986547553	0.6004244675561587	0.3746055354572938	
SCRN1	0.8996026335942059	0.050198683202897026	0.050198683202897026	
MAPRE1	0.028248338114391983	0.6160115116961979	0.35574015018941	
ACADSB	0.06135715894423179	0.06135715894423179	0.8772856821115365	
STX17	0.24977987084782624	0.7200931381454556	0.030126991006718062	
PHETA2	0.016791575140684228	0.7101280378480128	0.27308038701130305	
EXOSC8	0.2443890805148531	0.7347074399513053	0.020903479533841703	
AC002116.2	0.574305745415617	0.3998254073624179	0.025868847221965245	
AF213884.3	0.029255702769351053	0.029255702769351053	0.9414885944612978	
RBL2	0.08616320366294834	0.08616320366294834	0.8276735926741033	
CASC2	0.8829930228813304	0.05850348855933475	0.05850348855933475	
ZNF518A	0.03085825419564722	0.535905122156525	0.43323662364782783	
FAM222A	0.016126247099084046	0.44846817611169065	0.5354055767892253	
TM2D2	0.8501165094912535	0.07494174525437325	0.07494174525437325	
MRPS22	0.7301218368680165	0.19872314876409	0.0711550143678934	
LINC01023	0.8649325866813692	0.06753370665931534	0.06753370665931534	
SUB1	0.378321202791126	0.579642592517674	0.04203620469119993	
HCFC1	0.0226555950321081	0.5593833110519825	0.4179610939159094	
NRDE2	0.4699617361897001	0.48554752650888117	0.04449073730141864	
TNFSF4	0.9251224537079299	0.037438773146035026	0.037438773146035026	
SYVN1	0.03240062180294131	0.45835352566581306	0.5092458525312457	
CAMKK2	0.05918122568821057	0.05918122568821057	0.8816375486235789	
ARRB2	0.8410252247692801	0.07948738761535992	0.07948738761535992	
DNAJC16	0.044610000071881074	0.28468986944445923	0.6707001304836597	
ST7	0.20019152398051948	0.7819365329159872	0.017871943103493312	
ADPGK	0.8144495227615198	0.09277523861924016	0.09277523861924016	
GTF2B	0.5990451733865957	0.3538368424852978	0.04711798412810651	
PLCG2	0.01616489384713702	0.01616489384713702	0.9676702123057259	
ARHGEF40	0.859601198389294	0.07019940080535293	0.07019940080535293	
RBM22	0.18859624507408537	0.789991492493526	0.021412262432388623	
FAM118B	0.0714503336283421	0.0714503336283421	0.8570993327433157	
ZNF761	0.12922040665879872	0.8578439110696252	0.012935682271576036	
MARVELD2	0.13955510787259956	0.8422217537128525	0.018223138414547937	
ZC3H13	0.49017933421631044	0.4632382426699004	0.04658242311378918	
LRRC45	0.01333076162479162	0.7178484192168505	0.2688208191583578	
KIF20B	0.4275639675105039	0.5530931851828931	0.019342847306603173	
C1orf174	0.2043496790236283	0.7727449856360599	0.022905335340311743	
RBP5	0.9357839841223458	0.03210800793882712	0.03210800793882712	
ATIC	0.18171865703747003	0.8027603238174782	0.015521019145051669	
TMBIM6	0.031057822711225976	0.589076030951756	0.3798661463370181	
DVL2	0.830797685006427	0.08460115749678651	0.08460115749678651	
IGHMBP2	0.0646311622281475	0.0646311622281475	0.8707376755437051	
HCCS	0.038575702852734324	0.41151929439542434	0.5499050027518414	
NAA50	0.03745034671254334	0.4567827034634939	0.5057669498239629	
AL513314.2	0.017000867991758154	0.5868141223501746	0.3961850096580673	
ALG11	0.5776989255483493	0.3697859954714156	0.05251507898023504	
TUBA1A	0.9033900163433566	0.04830499182832169	0.04830499182832169	
STRIP2	0.006951652702756621	0.7021169229784188	0.2909314243188247	
CELSR2	0.19783907053584984	0.7910108040402647	0.011150125423885477	
ZNF260	0.513775971748332	0.43504179196366055	0.05118223628800744	
ANGEL2	0.0686819609250139	0.0686819609250139	0.8626360781499722	
PTS	0.021086155224788756	0.7122923134698023	0.26662153130540894	
EXOSC5	0.4907735821191819	0.46796416540629937	0.04126225247451862	
MAP3K3	0.04603199575812808	0.04603199575812808	0.9079360084837439	
NOP10	0.8187754758933441	0.09061226205332801	0.09061226205332801	
AC072061.1	0.04054073922103131	0.04054073922103131	0.9189185215579374	
FGL2	0.019823350364372178	0.019823350364372178	0.9603532992712557	
SNX30	0.06799374264730494	0.06799374264730494	0.8640125147053902	
IKZF1	0.02656338354428688	0.02656338354428688	0.9468732329114262	
NUBP1	0.5551942403854799	0.38482161710882057	0.05998414250569954	
LINC00667	0.8159726245832881	0.09201368770835598	0.09201368770835598	
ZFYVE26	0.8651014373528588	0.0674492813235705	0.0674492813235705	
HAUS5	0.40997459490877597	0.5657209718735238	0.024304433217700303	
ACP2	0.8605111529742581	0.06974442351287091	0.06974442351287091	
RPS6	0.34341633113764575	0.6210483847910011	0.035535284071353174	
NSUN3	0.05765135269663901	0.05765135269663901	0.8846972946067221	
SHMT1	0.01851463521293001	0.5964788395496532	0.38500652523741674	
CPEB4	0.8838891486001315	0.0580554256999342	0.0580554256999342	
ATG101	0.032129264932939175	0.5926109773248497	0.3752597577422112	
C2orf49	0.4552684917848971	0.5061158893142068	0.038615618900896105	
DDX52	0.8410797307234578	0.07946013463827109	0.07946013463827109	
CBX1	0.37839583982868275	0.5948741284050006	0.026730031766316487	
ZNF326	0.024050232329035023	0.6952375232719511	0.2807122443990138	
LSM11	0.8751661209256458	0.06241693953717706	0.06241693953717706	
RASSF6	0.010522069476024805	0.7962377960870886	0.19324013443688662	
SUV39H1	0.013164656819480428	0.6595606773315146	0.32727466584900494	
SIL1	0.2680919169344804	0.7016686544814089	0.030239428584110644	
CPD	0.7913537114713375	0.1043231442643313	0.1043231442643313	
SGTA	0.017983105614076268	0.7943972844571481	0.18761960992877577	
LAMTOR2	0.06664413015215218	0.06664413015215218	0.8667117396956957	
AC009061.2	0.05194348399677291	0.05194348399677291	0.8961130320064542	
ARL8B	0.1747901062493951	0.8053726071353055	0.019837286615299425	
RAB17	0.1681695563462609	0.8182865586459809	0.013543885007758107	
VPS8	0.07520955218468595	0.07520955218468595	0.8495808956306281	
SULT1A1	0.045402712030149985	0.045402712030149985	0.9091945759397001	
TCAP	0.02248603518008457	0.02248603518008457	0.9550279296398309	
AC136944.2	0.028839412378962603	0.028839412378962603	0.9423211752420747	
HMGA1	0.1899254777965046	0.7907948274092691	0.019279694794226268	
IMPAD1	0.05821429833778412	0.07437879099273137	0.8674069106694845	
PROSER3	0.06084382061424492	0.06084382061424492	0.8783123587715103	
PAICS	0.3209940411529824	0.656115920422493	0.022890038424524497	
GHR	0.022578919157311278	0.31298758415299016	0.6644334966896985	
IPO13	0.053287709263959475	0.053287709263959475	0.8934245814720811	
NBN	0.05194326962285093	0.05194326962285093	0.8961134607542982	
QKI	0.9411980034128842	0.029400998293557863	0.029400998293557863	
C19orf12	0.0361168638411172	0.391225599148411	0.5726575370104717	
BTAF1	0.03879631047681708	0.5166821495013356	0.44452154002184724	
TMEM229B	0.03924008636333126	0.03924008636333126	0.9215198272733374	
AL354696.2	0.3788672357791847	0.6033382480095991	0.017794516211216235	
SLC29A3	0.2565780217212182	0.7252231053251872	0.018198872953594708	
ANKRD24	0.20011167942102692	0.7908206683616451	0.009067652217327998	
CDK17	0.8536409987685397	0.07317950061573014	0.07317950061573014	
OSBP	0.02237898773761073	0.6282376917377926	0.34938332052459664	
NLK	0.05723673025660245	0.05723673025660245	0.8855265394867952	
ZNF462	0.5253733019058184	0.43339092841443966	0.041235769679741935	
ACSF2	0.014207935083182285	0.721708042631259	0.2640840222855588	
MPV17L	0.03435336988906102	0.03435336988906102	0.9312932602218779	
QARS	0.02656574724340271	0.5907337046677673	0.3827005480888299	
H1F0	0.014820362466110994	0.7079918760232191	0.2771877615106699	
CD3D	0.022986755408341882	0.022986755408341882	0.9540264891833162	
AHCYL1	0.043435106344880715	0.3608251493444964	0.5957397443106229	
TDRKH	0.8670433073211151	0.06647834633944237	0.06647834633944237	
CTDSPL	0.04950867968187418	0.09409598254995714	0.8563953377681686	
C18orf21	0.3426063310690895	0.6227242214948779	0.03466944743603255	
CNIH1	0.8257841876617885	0.08710790616910578	0.08710790616910578	
SLC25A17	0.26445208082075017	0.7121967859440339	0.023351133235215808	
C6orf52	0.7063320541047078	0.23836185264603735	0.055306093249254756	
H3F3B	0.8630051997068586	0.06849740014657064	0.06849740014657064	
AL391834.2	0.241955002505573	0.7441312726744461	0.013913724819980981	
UBB	0.04234950444261158	0.04234950444261158	0.9153009911147769	
CAMK2D	0.08109511105983123	0.08109511105983123	0.8378097778803375	
GSAP	0.858184689578342	0.07090765521082894	0.07090765521082894	
TUBA1B	0.40175069794083135	0.560567930541429	0.03768137151773966	
BUB3	0.8413502998818051	0.0793248500590975	0.0793248500590975	
ERCC6	0.0651481914731055	0.0651481914731055	0.8697036170537891	
ZNF700	0.5639199627710112	0.38316075522451065	0.05291928200447805	
ZXDA	0.8682190512361576	0.06589047438192112	0.06589047438192112	
SENP7	0.85180911853695	0.07409544073152506	0.07409544073152506	
PTBP2	0.8723087538262597	0.06384562308687007	0.06384562308687007	
NR4A1	0.02140739439794066	0.02140739439794066	0.9571852112041186	
ITSN1	0.06753991567030837	0.06753991567030837	0.8649201686593834	
DDX39A	0.04319098516538727	0.5316644291524848	0.4251445856821279	
DUOX1	0.030014743512376867	0.030014743512376867	0.9399705129752463	
ZNF138	0.8205941980891451	0.08970290095542748	0.08970290095542748	
EPS8	0.06939015106818655	0.06939015106818655	0.8612196978636268	
STXBP2	0.018914337719061466	0.6464891170043041	0.33459654527663435	
ATP9B	0.06545788785536467	0.06545788785536467	0.8690842242892707	
SCG5	0.9330442037533991	0.033477898123300424	0.033477898123300424	
ZNF552	0.18112710962019726	0.8036968192145201	0.015176071165282723	
CISD1	0.8242357397752079	0.0878821301123961	0.0878821301123961	
MANBA	0.8258930882778167	0.08705345586109169	0.08705345586109169	
HDAC11	0.05158822442912545	0.05158822442912545	0.8968235511417492	
STX4	0.07869565908441582	0.07869565908441582	0.8426086818311684	
VPS41	0.8071397613414087	0.09643011932929567	0.09643011932929567	
ADCK1	0.030219499653065644	0.4768500629292803	0.49293043741765397	
ABRACL	0.02091800589106514	0.6397493984418784	0.3393325956670564	
CRB3	0.013540909141131137	0.7739412523322369	0.212517838526632	
PCGF1	0.43762403312760656	0.521725772822146	0.04065019405024728	
NDFIP2	0.14102512104588885	0.8440500238915326	0.014924855062578611	
TRMT1L	0.8281635973652304	0.08591820131738485	0.08591820131738485	
LINC00482	0.007113541097601653	0.7184676508577669	0.2744188080446315	
NUAK1	0.9051132909241849	0.04744335453790751	0.04744335453790751	
RAD17	0.033886857210335665	0.5728345456768232	0.393278597112841	
NUMB	0.07315076299979233	0.07315076299979233	0.8536984740004154	
SVOPL	0.6835209337624758	0.2801423094029288	0.03633675683459529	
MRGBP	0.8714237079762824	0.06428814601185873	0.06428814601185873	
ZCCHC7	0.8170740707281373	0.09146296463593137	0.09146296463593137	
TRAIP	0.31453367284754596	0.6687325970171375	0.0167337301353166	
MOSMO	0.051859003707015114	0.051859003707015114	0.8962819925859699	
PRNP	0.8531439569805624	0.07342802150971878	0.07342802150971878	
BCDIN3D	0.35715532855684917	0.6084909792552989	0.03435369218785183	
TRIP13	0.32766505018619535	0.6556117712536496	0.016723178560155174	
LRRC27	0.8547528875383885	0.07262355623080567	0.07262355623080567	
SFT2D3	0.8479255162842787	0.07603724185786062	0.07603724185786062	
G6PC3	0.8535254755250543	0.07323726223747283	0.07323726223747283	
PYCR1	0.009838990575962396	0.8255799768885231	0.1645810325355144	
DIP2C	0.26188393554849276	0.7172519214363264	0.020864143015180796	
ESCO1	0.030836168092795876	0.6477331715082587	0.32143066039894536	
PUM2	0.2996739994292589	0.6693852524998992	0.030940748070841958	
PSMB10	0.05524708878848703	0.05524708878848703	0.889505822423026	
PTDSS1	0.8225859094152805	0.09715990080006645	0.08025418978465308	
GNB5	0.03223832438304417	0.03223832438304417	0.9355233512339116	
ANKZF1	0.43104931654404804	0.5259528104712866	0.042997872984665376	
TCEANC	0.0454473362497669	0.0454473362497669	0.9091053275004662	
PPARGC1A	0.05880830553815619	0.05880830553815619	0.8823833889236877	
SCO1	0.023177443447316537	0.6757569336923184	0.30106562286036503	
AC138969.1	0.036606677974334534	0.036606677974334534	0.9267866440513308	
MTSS1	0.8305696262624395	0.08471518686878032	0.08471518686878032	
PGS1	0.06089429011383817	0.06089429011383817	0.8782114197723238	
ZNHIT2	0.04874633232631132	0.24740425739893854	0.7038494102747501	
LRCH1	0.21666015851012693	0.7644738741561289	0.01886596733374408	
DTD2	0.04567043203417152	0.04567043203417152	0.908659135931657	
CDCA7L	0.04376516450680914	0.04376516450680914	0.9124696709863818	
LCMT2	0.048977071047107884	0.048977071047107884	0.9020458579057843	
MRPL4	0.029562181089688812	0.5361030047676693	0.4343348141426418	
EAF1	0.05789009926193039	0.05789009926193039	0.8842198014761393	
LAMTOR5	0.4406911235019613	0.5089001822795204	0.0504086942185183	
SMYD3	0.8327520988870186	0.08362395055649072	0.08362395055649072	
PFDN1	0.6738164592346993	0.26466041985689115	0.061523120908409605	
CCZ1B	0.03251155940819707	0.03251155940819707	0.9349768811836058	
SCP2	0.0649233883311822	0.0649233883311822	0.8701532233376357	
CAB39	0.0799542763681118	0.0799542763681118	0.8400914472637764	
RNF43	0.01091278030896787	0.7795198905063697	0.20956732918466245	
PSMB2	0.3459454770155705	0.6186496709670677	0.03540485201736188	
RCN3	0.041669551371000285	0.041669551371000285	0.9166608972579995	
CHCHD6	0.8523178287122863	0.07384108564385682	0.07384108564385682	
MRPL55	0.3298718894275553	0.6324385070425478	0.03768960352989683	
PARPBP	0.8960653809898176	0.0585202709917538	0.045414348018428585	
CBFA2T2	0.4748438876394497	0.4841175621056111	0.04103855025493926	
AC026304.1	0.46906637042918636	0.49449647543227643	0.03643715413853717	
MAP9	0.9393184813952453	0.030340759302377313	0.030340759302377313	
LMAN2	0.27479052619820243	0.6959739965223088	0.0292354772794887	
ARIH1	0.03638520974435021	0.5306344341032112	0.4329803561524385	
CCDC170	0.02185266862398818	0.02185266862398818	0.9562946627520236	
AL139289.2	0.049645271271743355	0.0519439036633239	0.8984108250649327	
IER5	0.9121291679913913	0.043935416004304284	0.043935416004304284	
ARHGEF26	0.8541492350909846	0.07292538245450766	0.07292538245450766	
ANKRD13D	0.048830504466307885	0.048830504466307885	0.9023389910673842	
P2RY11	0.03953418005049751	0.03953418005049751	0.920931639899005	
BEST1	0.03248611322326058	0.03248611322326058	0.9350277735534788	
PARL	0.05087626634957894	0.05087626634957894	0.8982474673008422	
CU638689.5	0.01765399088524483	0.7054920782409851	0.2768539308737699	
COG7	0.07427070075432807	0.07427070075432807	0.851458598491344	
RAB11B-AS1	0.021500808237962347	0.5372467013738522	0.44125249038818537	
RBM12B	0.8575080059258042	0.0712459970370978	0.0712459970370978	
TRNT1	0.026989136488436406	0.5773033295576858	0.3957075339538778	
EPHB4	0.015725043323755548	0.6750190424451658	0.3092559142310787	
AC130650.2	0.021347409669112135	0.556022687765726	0.4226299025651618	
ELMSAN1	0.035426548813443356	0.035426548813443356	0.9291469023731133	
ZNF324	0.05440243404596019	0.05440243404596019	0.8911951319080796	
C1orf226	0.04441575752750103	0.04441575752750103	0.911168484944998	
PI4K2A	0.8542103099134588	0.07289484504327051	0.07289484504327051	
BTBD2	0.035567119743063	0.5589938708661913	0.4054390093907457	
LINC01116	0.9185083676253681	0.040745816187315875	0.040745816187315875	
AC009404.1	0.04170642966584419	0.07812346316882234	0.8801701071653334	
ZNF720	0.02937448658387424	0.6034515632364823	0.3671739501796434	
PDLIM7	0.05525184146423008	0.05525184146423008	0.8894963170715399	
SCAMP2	0.02422882824050054	0.6566699382055755	0.31910123355392395	
NDUFA9	0.060970869147199784	0.060970869147199784	0.8780582617056005	
ARL2BP	0.8273161231468497	0.0863419384265752	0.0863419384265752	
ZNF7	0.6194987022008488	0.3213915081026197	0.059109789696531474	
TRAPPC2L	0.8350106390954417	0.0824946804522792	0.0824946804522792	
OGFRL1	0.03427730671610623	0.03427730671610623	0.9314453865677875	
ZEB1-AS1	0.8977485345341831	0.05112573273290841	0.05112573273290841	
C11orf68	0.8546182565322874	0.07269087173385627	0.07269087173385627	
ANAPC2	0.046745657090290854	0.4015459647896062	0.551708378120103	
MTFR1L	0.024609113722969988	0.6336059323896855	0.3417849538873445	
PRMT1	0.38334654124612594	0.582742670931001	0.0339107878228731	
DNAAF2	0.03534090860509613	0.4438381178210555	0.5208209735738485	
MLF1	0.03500342740793704	0.03500342740793704	0.9299931451841259	
HKDC1	0.9292788426273125	0.035360578686343694	0.035360578686343694	
ALOX5	0.029104685700241842	0.029104685700241842	0.9417906285995162	
ESR2	0.013898944336374617	0.3583890485445985	0.6277120071190269	
TRIM72	0.025302724086549416	0.032711546153054064	0.9419857297603965	
AC008764.6	0.026380127786379985	0.34323391882501897	0.630385953388601	
CAAP1	0.0569942370136844	0.0569942370136844	0.8860115259726312	
EIPR1	0.06887503543777775	0.06887503543777775	0.8622499291244445	
INPP5D	0.03522320969297981	0.03522320969297981	0.9295535806140404	
KRT7	0.010266004435295765	0.7611283704096498	0.22860562515505453	KRT7
SLC15A2	0.89513043386156	0.05243478306921997	0.05243478306921997	
XPOT	0.017687239961578612	0.6113696675707933	0.37094309246762797	
IER3	0.024085135154607345	0.024085135154607345	0.9518297296907853	
NDUFA11	0.01908518236677681	0.6359861975789907	0.3449286200542325	
VSTM5	0.008105090745119845	0.7519497650237256	0.23994514423115462	
PCAT1	0.8739463422603334	0.06302682886983324	0.06302682886983324	
IVD	0.05163356837178516	0.05163356837178516	0.8967328632564298	
STOM	0.9335849550554808	0.03320752247225959	0.03320752247225959	
ZNF222	0.9024150554183602	0.048792472290819844	0.048792472290819844	
ATXN7L3B	0.020781762973297892	0.6832367248587006	0.2959815121680015	
INAFM2	0.044657881606120976	0.044657881606120976	0.9106842367877581	
ZNF346	0.8386205938336599	0.08068970308317008	0.08068970308317008	
CCDC6	0.05259927715509978	0.08213787085036796	0.8652628519945322	
HIST2H2AC	0.046921002538810465	0.056371349318524375	0.8967076481426651	
AC004943.2	0.5530830393148548	0.40205143280939815	0.04486552787574704	
ST20-AS1	0.8989381778620605	0.05053091106896968	0.05053091106896968	
LIN54	0.04308554154973097	0.34413634526345865	0.6127781131868104	
AL135925.1	0.03387177777007678	0.03387177777007678	0.9322564444598463	
FANCG	0.5376411440008331	0.4254783773740816	0.03688047862508519	
HOXA11	0.8859971184120353	0.05700144079398228	0.05700144079398228	
PRDM10	0.029547469822451853	0.5547669915109148	0.4156855386666334	
RPGR	0.06831691511766404	0.06831691511766404	0.863366169764672	
SETD1A	0.0406066488466724	0.10969744451534437	0.8496959066379832	
ID1	0.02374187192173689	0.02374187192173689	0.9525162561565261	
KDM4C	0.06783670883594585	0.06783670883594585	0.8643265823281083	
AC008537.4	0.0246239415396244	0.0246239415396244	0.9507521169207511	
ZNF726	0.26311100020341116	0.7217757433141618	0.015113256482426972	
ZNF93	0.2778844117435325	0.7011124386200467	0.02100314963642075	
CLMN	0.06306893692924595	0.06306893692924595	0.8738621261415082	
LRRC40	0.8324151308884121	0.08379243455579398	0.08379243455579398	
LATS1	0.563828908296951	0.3789133426358331	0.05725774906721597	
SUGT1	0.6579136493119896	0.26652219548405337	0.07556415520395705	
ZNF503-AS1	0.029790126038899516	0.029790126038899516	0.940419747922201	
MORC4	0.009445670901223365	0.7927436085241661	0.1978107205746104	
SECISBP2	0.03556859434845519	0.6243238317375774	0.34010757391396734	
LIAS	0.8155823313374969	0.09220883433125161	0.09220883433125161	
PRDX4	0.23646412998263905	0.7460964809885008	0.017439389028860167	
SAMD13	0.07743813346233192	0.07743813346233192	0.8451237330753363	
AC105285.1	0.8925835218055552	0.05370823909722236	0.05370823909722236	
TIPARP-AS1	0.8585729627095139	0.07071351864524304	0.07071351864524304	
WRAP73	0.07215453736533045	0.07215453736533045	0.8556909252693391	
SLC25A14	0.5340663912377966	0.4092696058363916	0.05666400292581165	
HSPB1	0.027885696877845725	0.027885696877845725	0.9442286062443085	
WNT11	0.028224070664772567	0.028224070664772567	0.9435518586704548	
MYCBP	0.017390361564152745	0.7004905240032717	0.28211911443257554	
TPX2	0.20844620437395783	0.781837449373721	0.009716346252321068	
ARAP1	0.8517731727680381	0.07411341361598099	0.07411341361598099	
STARD5	0.06241833489473491	0.06241833489473491	0.8751633302105303	
ZNF704	0.019484732036178554	0.6791106042482425	0.30140466371557884	
GTSE1	0.17631433667459223	0.8156103136849626	0.008075349640445175	
MMACHC	0.04975923404783167	0.04975923404783167	0.9004815319043367	
CES1	0.9547826171878104	0.02260869140609477	0.02260869140609477	
FUCA1	0.04032778327200921	0.21548717967611128	0.7441850370518795	
KLHL11	0.024553992073818465	0.4779782614757803	0.49746774645040115	
C1orf52	0.48699615938906815	0.4640273424311788	0.04897649817975292	
SPI1	0.8895464836260979	0.05522675818695102	0.05522675818695102	
ZNF471	0.8794170489774153	0.06029147551129228	0.06029147551129228	
TMEM177	0.8652132605052615	0.06739336974736918	0.06739336974736918	
IQSEC2	0.0596038072197778	0.0596038072197778	0.8807923855604445	
PXN	0.023681091259485004	0.6624373534512322	0.3138815552892827	
CASTOR2	0.22223529978847154	0.7645830738110897	0.013181626400438773	
USO1	0.2642960839569957	0.6999402895722675	0.035763626470736845	
SYF2	0.6071493665690271	0.3308401655066347	0.06201046792433815	
MTMR2	0.8317519513086594	0.08412402434567035	0.08412402434567035	
NDUFAB1	0.024531105905767518	0.6046197206734913	0.37084917342074103	
HEMK1	0.7157438268377149	0.20505578650901657	0.07920038665326853	
DCTN2	0.066406804044109	0.066406804044109	0.867186391911782	
TIMM8A	0.275697099942409	0.7027129050092273	0.02158999504836373	
KRT19	0.010628749085159702	0.788173321996792	0.20119792891804836	
SMAD4	0.31906472420298887	0.6446760634724771	0.036259212324533996	
TEP1	0.06165121506946847	0.06165121506946847	0.8766975698610632	
AC092069.1	0.012738541396969125	0.05173606440973946	0.9355253941932914	
RPL15	0.36633854712823805	0.5949692700289448	0.03869218284281698	
PIGBOS1	0.7726068866241605	0.13414344669369424	0.09324966668214525	
TNK2	0.02114422353503877	0.5791387325516755	0.39971704391328583	
HIST1H3A	0.027410167026225604	0.027410167026225604	0.9451796659475488	
KIF13A	0.051804452947027985	0.051804452947027985	0.8963910941059441	
PGK1	0.850310800093136	0.07484459995343203	0.07484459995343203	
DBNL	0.07106021057334178	0.07106021057334178	0.8578795788533164	
THOC3	0.5456938701884875	0.4114081258070274	0.04289800400448508	
ODC1	0.05125541505532899	0.05125541505532899	0.8974891698893421	
IL33	0.018236909698064244	0.018236909698064244	0.9635261806038715	
RREB1	0.03312927057373916	0.47247271155815324	0.49439801786810766	
RAB9B	0.907513121401962	0.04624343929901896	0.04624343929901896	
SSBP3	0.0812330610466708	0.0812330610466708	0.8375338779066583	
RECQL	0.05431553559933835	0.05431553559933835	0.8913689288013233	
ARHGAP1	0.06847807180774565	0.06847807180774565	0.8630438563845088	
MADD	0.06595068548093126	0.06595068548093126	0.8680986290381375	
IQCJ-SCHIP1	0.02517862128204364	0.17420270087788686	0.8006186778400695	
NGLY1	0.05381210424656439	0.4383673660648172	0.5078205296886185	
GRB7	0.18077635030662026	0.8068440610628144	0.012379588630565349	
CPT1B	0.014802433568806436	0.5309127228294931	0.4542848436017004	
RDH14	0.4091317821068787	0.5535118466664426	0.0373563712266787	
FAM83G	0.010852340609792241	0.7520340195764263	0.23711363981378136	
MNS1	0.9271495778399683	0.03642521108001581	0.03642521108001581	
HAUS8	0.013706089529000638	0.796635091560174	0.18965881891082534	
PRR22	0.0175914060994014	0.5394012345183382	0.44300735938226027	
RUNX1	0.04065756471535747	0.04065756471535747	0.918684870569285	
PRMT7	0.06771324025880944	0.06771324025880944	0.8645735194823811	
ZNF428	0.8146231046091242	0.09268844769543795	0.09268844769543795	
FBXL15	0.07468766041700062	0.07468766041700062	0.8506246791659988	
LCOR	0.022937522819089333	0.7265098080149269	0.25055266916598373	
STAT1	0.0656082152247107	0.0656082152247107	0.8687835695505787	
TRIQK	0.8100930239118346	0.09495348804408275	0.09495348804408275	
DGCR2	0.03430404405068668	0.47789265486118127	0.48780330108813197	
AL080250.1	0.043655077976160604	0.043655077976160604	0.9126898440476788	
ACBD6	0.22007692137308996	0.7607103310919577	0.01921274753495228	
MAP4K3	0.5750255218804653	0.37258501880424694	0.0523894593152878	
NAXE	0.05993686645540712	0.05993686645540712	0.8801262670891858	
TMEM217	0.026465446196204497	0.026465446196204497	0.947069107607591	
CTDSP1	0.22960585886863077	0.7501063882433765	0.02028775288799265	
HERC5	0.018403292219403324	0.018403292219403324	0.9631934155611933	
POT1	0.8750002145677946	0.06249989271610264	0.06249989271610264	
TOX	0.8146256826690179	0.09268715866549108	0.09268715866549108	
DDR1	0.012416952305345709	0.7956816799457882	0.19190136774886613	
SMIM5	0.009240819060789251	0.5384348202602264	0.4523243606789844	
CDV3	0.053166021514156905	0.053166021514156905	0.8936679569716862	
SLC51A	0.021182447814484327	0.021182447814484327	0.9576351043710313	
HOOK2	0.15119006104935828	0.832311346497453	0.01649859245318873	
TANK	0.7325065871330193	0.17171686997839888	0.09577654288858185	
RDH11	0.06256498513290132	0.06256498513290132	0.8748700297341975	
UBAC2	0.22123721858844608	0.7518826718822542	0.026880109529299662	
ZMYM6	0.05532042157801186	0.05532042157801186	0.8893591568439764	
MTRR	0.06022613379476406	0.06022613379476406	0.8795477324104719	
QRSL1	0.03385430820651031	0.4674602535884587	0.4986854382050309	
HDAC5	0.1856815640532805	0.8019746193504094	0.012343816596310151	
CADM1	0.8847154502436572	0.05764227487817134	0.05764227487817134	
RHBDD1	0.8470694230873248	0.0764652884563376	0.0764652884563376	
MR1	0.8936701897048893	0.05316490514755532	0.05316490514755532	
XPA	0.8199506267580742	0.09002468662096298	0.09002468662096298	
CSE1L	0.22380889571328072	0.7592996383398736	0.01689146594684577	
AC040970.1	0.04605602300709449	0.04605602300709449	0.907887953985811	
SAC3D1	0.024326545483533593	0.5265012278597758	0.4491722266566906	
DPH6-DT	0.9200326570351682	0.039983671482415835	0.039983671482415835	
FRG1	0.8015538407832314	0.09922307960838431	0.09922307960838431	
NR6A1	0.01432801114617953	0.7962487934985935	0.1894231953552271	
HDGF	0.01925853590505366	0.7604499699218229	0.22029149417312338	
DECR2	0.03657749433211683	0.39844948490826243	0.5649730207596209	
DNAJC27	0.06020809010208282	0.06020809010208282	0.8795838197958344	
NEIL3	0.20092464795450374	0.7912412799666187	0.007834072078877414	
LIN52	0.6508716001837075	0.29758745872607806	0.0515409410902144	
SMU1	0.8181086627732312	0.09094566861338442	0.09094566861338442	
WDR70	0.8291680002964574	0.08541599985177131	0.08541599985177131	
PFN1	0.02463929126973929	0.5664030827002529	0.4089576260300079	
FBXO45	0.032171480872299395	0.2866538949466329	0.6811746241810677	
DHX29	0.45562383037736104	0.4926608694571807	0.051715300165458236	
CACNA1C	0.03489448771854228	0.03489448771854228	0.9302110245629154	
KIF14	0.18767742422181455	0.8043344055226691	0.007988170255516333	
GPR135	0.031126150192245707	0.031126150192245707	0.9377476996155085	
LAG3	0.022904784001632768	0.022904784001632768	0.9541904319967345	
NAV2	0.0402134260241571	0.0402134260241571	0.9195731479516859	
NECTIN2	0.8334611532229308	0.08326942338853466	0.08326942338853466	
SDCBP2-AS1	0.045037265389338124	0.045037265389338124	0.9099254692213238	
HSPBP1	0.06905065062809447	0.06905065062809447	0.8618986987438111	
KANSL1-AS1	0.04516126105269734	0.11432379193588268	0.8405149470114199	
CYBB	0.033040843534804326	0.033040843534804326	0.9339183129303913	
CAPZA1	0.06718093127640175	0.06718093127640175	0.8656381374471965	
RELB	0.03162380188605405	0.03162380188605405	0.9367523962278919	
ADAM10	0.06636544374155903	0.3200652619540449	0.613569294304396	
TMEM168	0.02556490536623475	0.6359217155131242	0.33851337912064106	
MEX3D	0.008379390811831847	0.8025535334377566	0.18906707575041162	
ZNF146	0.23266876759475907	0.744346765662033	0.02298446674320794	
NR4A2	0.03386529940318546	0.03386529940318546	0.932269401193629	
CBR4	0.07384264777446087	0.07384264777446087	0.8523147044510783	
DNAJC1	0.083511397236186	0.083511397236186	0.832977205527628	
PRPF19	0.8391453382839327	0.08042733085803373	0.08042733085803373	
STAMBPL1	0.8667926028483282	0.06660369857583588	0.06660369857583588	
ZSCAN20	0.024688824062113673	0.5112377211256756	0.4640734548122107	
EPS15L1	0.06541705137586325	0.06541705137586325	0.8691658972482735	
SELENOF	0.8170755045626529	0.09146224771867362	0.09146224771867362	
TDP2	0.8882682485395178	0.05586587573024108	0.05586587573024108	
FAM83F	0.057092183587895196	0.057092183587895196	0.8858156328242096	
ZGLP1	0.8925496304931911	0.05372518475340439	0.05372518475340439	
USP25	0.025410069057400186	0.6717222912756008	0.302867639666999	
PELP1	0.8533477757029263	0.07332611214853679	0.07332611214853679	
RHBDL1	0.052210236975695865	0.052210236975695865	0.8955795260486084	
WDR4	0.04729242638383541	0.04729242638383541	0.9054151472323292	
PAN3-AS1	0.0341018586456259	0.0341018586456259	0.9317962827087481	
CASP2	0.017538151707252866	0.6381796407703165	0.3442822075224305	
ORC5	0.8490403935776757	0.07547980321116218	0.07547980321116218	
ENOPH1	0.2491987134663499	0.7282092825085472	0.022592004025102846	
SCAPER	0.12037718225857082	0.8657285460616542	0.01389427167977499	
IFFO1	0.9018410168883667	0.04907949155581661	0.04907949155581661	
MYNN	0.39201172655954114	0.5634479085078151	0.04454036493264373	
PRELID2	0.0764878124126783	0.0764878124126783	0.8470243751746434	
WEE1	0.14427314854272202	0.8448331273060955	0.010893724151182357	
IFNGR2	0.8878119846509394	0.056094007674530294	0.056094007674530294	
FAM219B	0.06580842125556938	0.06580842125556938	0.8683831574888613	
KIAA1586	0.26236784593569273	0.7145248822812302	0.023107271783076998	
HNRNPUL2	0.04840222054686476	0.3115601087762511	0.6400376706768842	
SLC16A1	0.0156299352828437	0.7164919848754915	0.26787807984166484	
ZNF563	0.8821723926307308	0.05891380368463458	0.05891380368463458	
PAQR7	0.2186825427293508	0.7680878156197959	0.013229641650853271	
ACOT13	0.8535345066891203	0.07323274665543976	0.07323274665543976	
CWF19L1	0.8360713695590419	0.08196431522047906	0.08196431522047906	
AC008915.2	0.26064245589309143	0.7186413855023854	0.020716158604523048	
CYB5A	0.06217136754117354	0.06217136754117354	0.8756572649176529	
COMMD9	0.8425680440173914	0.07871597799130432	0.07871597799130432	
ITPR1	0.03010444461377343	0.03010444461377343	0.9397911107724531	
YTHDF1	0.02528152493550565	0.583953696000277	0.39076477906421736	
UCHL5	0.032249798799218424	0.5184648851494712	0.44928531605131033	
ACY1	0.5513943662077434	0.41242857330093025	0.03617706049132626	
ZNF486	0.012528766065956461	0.6866621266812942	0.30080910725274923	
VPS45	0.07344756683413863	0.07344756683413863	0.8531048663317228	
ZNF92	0.8367896259272062	0.08160518703639698	0.08160518703639698	
CENPS	0.04415083520896013	0.18198001996192995	0.77386914482911	
HDAC10	0.06779797757357164	0.06779797757357164	0.8644040448528568	
CCDC77	0.43836631476140486	0.5293044153652071	0.032329269873388064	
CBWD6	0.019143267949639865	0.5370984719138113	0.4437582601365488	
RET	0.9166045189608473	0.041697740519576316	0.041697740519576316	
CENPJ	0.022464883271946717	0.5265690485848846	0.4509660681431686	
FAN1	0.06523189361081057	0.06523189361081057	0.8695362127783789	
FBXO7	0.8011381291813947	0.09943093540930271	0.09943093540930271	
WASHC2A	0.05365384740300553	0.05365384740300553	0.892692305193989	
TDRKH-AS1	0.5821644593305192	0.3759412913990927	0.041894249270388005	
MATR3-1	0.8907000575238164	0.05464997123809174	0.05464997123809174	
PLEKHH1	0.01069059492679547	0.8560435524255031	0.13326585264770144	
NUDT18	0.04639396328590889	0.04639396328590889	0.9072120734281822	
KIF11	0.26005913355229726	0.7291739694452236	0.01076689700247912	
USP4	0.0878868969704278	0.0878868969704278	0.8242262060591444	
UAP1	0.053928377941100995	0.053928377941100995	0.8921432441177981	
GABARAPL2	0.8208852140956622	0.08955739295216897	0.08955739295216897	
RHOT1	0.7925745854620642	0.10371270726896799	0.10371270726896799	
EXO5	0.031688845137589315	0.23214536179697506	0.7361657930654356	
SUCO	0.282476753108964	0.6868775957341346	0.03064565115690141	
CDK8	0.08195333713330404	0.08195333713330404	0.8360933257333919	
ADAR	0.093577392521347	0.093577392521347	0.812845214957306	
CDCA2	0.1792984352517063	0.8118774595122649	0.008824105236028758	
SLC25A22	0.056599313983778314	0.056599313983778314	0.8868013720324435	
ANK3	0.010836072766413603	0.8167985570394498	0.17236537019413653	
PTPRM	0.9403158154543336	0.02984209227283315	0.02984209227283315	
ST6GALNAC4	0.04121828583349846	0.04121828583349846	0.9175634283330031	
SNRK	0.03857089486064186	0.03857089486064186	0.9228582102787162	
SLPI	0.03508537984126114	0.03508537984126114	0.9298292403174777	
RTF1	0.5447950892912181	0.38746878327918194	0.06773612742959982	
RTCA	0.8264248724748291	0.08678756376258549	0.08678756376258549	
NDUFA2	0.07272425672066925	0.07272425672066925	0.8545514865586615	
CCDC174	0.8335787998533797	0.08321060007331021	0.08321060007331021	
DROSHA	0.045926441136755015	0.5027440519522006	0.45132950691104434	
DNASE1L1	0.07011241072266067	0.07011241072266067	0.8597751785546788	
ETFA	0.016292652189991787	0.7685384769504475	0.21516887085956068	
AGAP9	0.04248566504580735	0.04248566504580735	0.9150286699083854	
MARC2	0.8526055901666533	0.07369720491667331	0.07369720491667331	
SON	0.8275994450583066	0.08620027747084674	0.08620027747084674	
ATG5	0.0484705515944395	0.40258446843064316	0.5489449799749173	
TSTD1	0.016641667193067918	0.7555546182049353	0.22780371460199664	
MBNL1-AS1	0.04870593698186942	0.04870593698186942	0.9025881260362613	
LIX1L	0.8873588329871668	0.05632058350641656	0.05632058350641656	
TMEM164	0.05166169579416118	0.05166169579416118	0.8966766084116777	
AC008966.1	0.8860336063814365	0.056983196809281725	0.056983196809281725	
SFXN2	0.8720524045774096	0.06397379771129512	0.06397379771129512	
TMEM203	0.8441152986059967	0.07794235069700173	0.07794235069700173	
IGSF22	0.8685236414948071	0.06573817925259637	0.06573817925259637	
AC109322.1	0.05251177681289572	0.05251177681289572	0.8949764463742086	
VEGFB	0.8625587178228272	0.06872064108858632	0.06872064108858632	
CDC26	0.7992918701963254	0.10035406490183735	0.10035406490183735	
PLK3	0.023563017836351598	0.023563017836351598	0.9528739643272968	
ZNF611	0.22458956665332247	0.754909318574539	0.020501114772138517	
PI4KA	0.25630434686200804	0.7219030810865328	0.02179257205145912	
AL358852.1	0.019397317600230245	0.6538884953114374	0.32671418708833233	
HSPA5	0.5386375156964461	0.4271566542531506	0.03420583005040315	
ZNF580	0.8276357990063045	0.08618210049684781	0.08618210049684781	
GTPBP10	0.8370245768343995	0.0814877115828003	0.0814877115828003	
ZNF790	0.8600260651918276	0.06998696740408622	0.06998696740408622	
CD1D	0.03481881471029296	0.03481881471029296	0.9303623705794141	
SEMA3B-AS1	0.918280599709446	0.04085970014527697	0.04085970014527697	
CCL4	0.9314432520435032	0.03427837397824836	0.03427837397824836	
SDHD	0.060240515196127394	0.060240515196127394	0.8795189696077453	
AUP1	0.02674139701248444	0.6910339926682917	0.2822246103192238	
AGTPBP1	0.06472895058839014	0.06472895058839014	0.8705420988232198	
CSRP1	0.020017619404062846	0.7259337580754442	0.25404862252049293	
FYB2	0.03812253260331291	0.03812253260331291	0.9237549347933742	
PIGL	0.6995649516085544	0.2100939675457102	0.09034108084573543	
AIDA	0.07154477274806977	0.07154477274806977	0.8569104545038605	
WDR61	0.4445409956678235	0.5111704435587779	0.04428856077339848	
HIST1H4H	0.012051013181432322	0.6974625598755869	0.2904864269429807	
MRPL42	0.3752653557283899	0.5881434509030421	0.036591193368568004	
FBLN2	0.9314595471794912	0.034270226410254394	0.034270226410254394	
PPDPF	0.04340087501092327	0.04340087501092327	0.9131982499781535	
AP000692.2	0.017697092698289396	0.4626740948979063	0.5196288124038043	
C1orf54	0.8495568299259249	0.0752215850370376	0.0752215850370376	
C11orf49	0.8308991466933358	0.08455042665333219	0.08455042665333219	
RPL13	0.8203671341101848	0.08981643294490765	0.08981643294490765	
MCAM	0.9435293502387858	0.02823532488060707	0.02823532488060707	
AP1M2	0.011797385726599321	0.8323432416608281	0.15585937261257266	
RFX7	0.8714662604869047	0.06426686975654759	0.06426686975654759	
PYROXD2	0.8901991397933097	0.0549004301033451	0.0549004301033451	
SYPL1	0.27961594033697984	0.6881543563313105	0.03222970333170951	
HIST1H2AG	0.013145192627575766	0.6749321159763566	0.3119226913960676	
TBX3	0.21576025536630292	0.770769135541084	0.013470609092613104	
ORAI2	0.9033099289244225	0.04834503553778871	0.04834503553778871	
GPD2	0.07212251395046101	0.07212251395046101	0.8557549720990779	
HMGA1P4	0.8945800359073157	0.05270998204634207	0.05270998204634207	
POLDIP2	0.03022759522485466	0.6351578457436503	0.33461455903149495	
LCK	0.8952914243249933	0.05235428783750332	0.05235428783750332	
ANTXR2	0.05305230827906887	0.05305230827906887	0.8938953834418623	
TGFBI	0.912967380212902	0.043516309893548925	0.043516309893548925	
NCDN	0.05167898152618439	0.05167898152618439	0.8966420369476312	
NOA1	0.2840500699182579	0.6854595308497335	0.03049039923200861	
NR1H2	0.03975359151417938	0.3293272568022727	0.630919151683548	
LDLR	0.02861485127100886	0.02861485127100886	0.9427702974579822	
SUFU	0.8519376599530122	0.0740311700234939	0.0740311700234939	
CHDH	0.8006096116649423	0.0996951941675289	0.0996951941675289	
ARHGAP27	0.043267324991372605	0.2653601431795393	0.6913725318290881	
KANSL2	0.17640363788271593	0.800326886104727	0.023269476012557026	
TNFRSF12A	0.23689123820489516	0.7491091111457429	0.013999650649361959	
KMT2E-AS1	0.8944610841945461	0.05276945790272691	0.05276945790272691	
RIOK3	0.027576260104487844	0.39443946123654705	0.577984278658965	
INTS11	0.03416057590396849	0.6188143872339525	0.347025036862079	
CXCR4	0.9152064452820312	0.04239677735898438	0.04239677735898438	
LSG1	0.0309455400262759	0.5685050128126674	0.40054944716105656	
AAR2	0.7900572298678814	0.12277346999691209	0.08716930013520657	
NDRG2	0.06321830219612061	0.06321830219612061	0.8735633956077589	
SUOX	0.8079667559877743	0.09601662200611287	0.09601662200611287	
SLC25A6	0.06310982951634435	0.06310982951634435	0.8737803409673114	
SLC25A32	0.07023419680603683	0.07023419680603683	0.8595316063879264	
NAF1	0.8305303573209702	0.0847348213395149	0.0847348213395149	
TTC21B	0.837727481149765	0.08113625942511751	0.08113625942511751	
HPS4	0.8417286296328262	0.07913568518358693	0.07913568518358693	
RRP7A	0.02266534883808694	0.7580690609787801	0.21926559018313285	
AC096564.1	0.8938459199858252	0.053077040007087364	0.053077040007087364	
PLBD2	0.8351548593073652	0.08242257034631743	0.08242257034631743	
STRADB	0.06597522111922785	0.06597522111922785	0.8680495577615444	
SS18	0.031537248535349234	0.6266453749336036	0.34181737653104705	
GEMIN4	0.866029604886788	0.06698519755660594	0.06698519755660594	
PPP1R32	0.0434103024058454	0.0434103024058454	0.9131793951883093	
C9orf78	0.07487530504474459	0.07487530504474459	0.8502493899105109	
AKAP5	0.06377847576879894	0.06377847576879894	0.8724430484624022	
DFFB	0.05197518104126811	0.05197518104126811	0.8960496379174638	
HDDC3	0.4828358062220053	0.47546670313042677	0.04169749064756789	
SLC25A20	0.04087317193365553	0.04087317193365553	0.918253656132689	
USP42	0.03718873638908134	0.41753239113920276	0.5452788724717159	
CCDC138	0.034340579868621636	0.21335344919330912	0.7523059709380692	
ACVR1B	0.8059905503941026	0.09700472480294872	0.09700472480294872	
FRAT2	0.22910916981803542	0.7529753177977178	0.01791551238424677	
DNPH1	0.8536937606838908	0.07315311965805459	0.07315311965805459	
TMEM230	0.8290379552750279	0.08548102236248609	0.08548102236248609	
TUBA4A	0.059206804502882446	0.059206804502882446	0.8815863909942352	
VPS33B	0.030285220965502617	0.325301930290506	0.6444128487439913	
CHD4	0.06405252003042518	0.06405252003042518	0.8718949599391497	
MCPH1	0.06945974058095278	0.06945974058095278	0.8610805188380944	
PSMA3-AS1	0.08109021282327221	0.08109021282327221	0.8378195743534556	
SEL1L	0.0786569475416521	0.0786569475416521	0.8426861049166958	
RBM10	0.04358851716045222	0.5177446091577025	0.43866687368184537	
NOP56	0.06442271223556545	0.06442271223556545	0.8711545755288692	
ZNF619	0.8449116792656535	0.07754416036717328	0.07754416036717328	
SUGCT	0.2548463260470962	0.7281581192170232	0.01699555473588046	
NARS	0.06545129559472006	0.18437223972183397	0.7501764646834459	
CCT6B	0.8809284164320608	0.059535791783969574	0.059535791783969574	
ZNF569	0.8872532252991012	0.05637338735044933	0.05637338735044933	
SPINT1-AS1	0.011817261816990735	0.8397096385730286	0.14847309960998065	
LRRC69	0.03103164904560447	0.03103164904560447	0.937936701908791	
CNOT11	0.2667995114077301	0.7079029182117669	0.02529757038050298	
KCTD7	0.8675817978774539	0.06620910106127299	0.06620910106127299	
ZNF232	0.8528980936414017	0.07355095317929917	0.07355095317929917	
MCF2L	0.053787635481274805	0.053787635481274805	0.8924247290374504	
WDR18	0.27319359993124187	0.7036410184365942	0.023165381632163824	
DNAL4	0.8331621102532943	0.08341894487335286	0.08341894487335286	
CDC25A	0.01633752099842458	0.5773960464012349	0.4062664326003406	
CD200	0.011440508104047625	0.7976438268424472	0.19091566505350527	
ZNF680	0.3711533592849867	0.5984479587599799	0.030398681955033247	
ADCK2	0.015798021440357562	0.7189387035448905	0.2652632750147519	
LURAP1L	0.8512403856798202	0.07437980716008996	0.07437980716008996	
DDX41	0.048524421300781995	0.48958592489511565	0.4618896538041024	
LNP1	0.8901704445581485	0.054914777720925685	0.054914777720925685	
SLC2A14	0.011384154452551132	0.2886055376047782	0.7000103079426706	
FLI1	0.019910630657835136	0.019910630657835136	0.9601787386843298	
METTL18	0.6144200004328182	0.33812267087271203	0.047457328694469704	
PDHB	0.8339971193438945	0.0830014403280528	0.0830014403280528	
C18orf54	0.007920515595465425	0.7999720751420079	0.19210740926252678	
GSPT2	0.8885063053876807	0.05574684730615962	0.05574684730615962	
HSPA14-1	0.028293051769938658	0.5536173766779979	0.4180895715520633	
AC017083.1	0.05001440850425489	0.05001440850425489	0.8999711829914903	
PHF3	0.8348733772491983	0.08256331137540088	0.08256331137540088	
HIST1H2AK	0.045298877864602724	0.045298877864602724	0.9094022442707946	
DDX23	0.03554824897589143	0.634037580422556	0.33041417060155265	
RRM2	0.2753766504417911	0.7114771833188244	0.013146166239384542	
RASSF5	0.0346697797539514	0.0346697797539514	0.9306604404920972	
SLC25A16	0.018692956302058115	0.8012991349359037	0.18000790876203818	
EDEM2	0.022186955985863985	0.6892622016999861	0.2885508423141499	
FDXACB1	0.8811078269338595	0.059446086533070194	0.059446086533070194	
EARS2	0.36250001442221197	0.6078448881360561	0.029655097441731927	
KCTD6	0.8702978258329492	0.06485108708352536	0.06485108708352536	
BLOC1S6	0.8354515186861349	0.08227424065693259	0.08227424065693259	
NOP14	0.024603270505890566	0.5310496916442067	0.44434703784990276	
GTF2F2	0.8306271011142979	0.0846864494428511	0.0846864494428511	
ZNF319	0.04602477306075382	0.04602477306075382	0.9079504538784924	
NAPRT	0.04725997893049851	0.39622596944114863	0.5565140516283529	
CENPW	0.7747932577759642	0.17864149772771187	0.046565244496323946	
PTGES	0.007500641730584513	0.7575648147890358	0.23493454348037976	
SRCAP	0.028061848133911427	0.4828053205443709	0.48913283132171753	
GPR37	0.011068408670362719	0.6943352295910654	0.29459636173857184	
SEC24C	0.03302556009382087	0.6247069384361809	0.34226750146999824	
ARL6IP4	0.8020371520393315	0.09898142398033434	0.09898142398033434	
MAP1A	0.9225795029859672	0.03871024850701641	0.03871024850701641	
TNKS	0.8144137484288471	0.09279312578557652	0.09279312578557652	
TBC1D13	0.05115839848055853	0.05115839848055853	0.8976832030388829	
ZNF730	0.2222104433573621	0.7690728186403253	0.008716738002312626	
EIF1	0.8488567336850564	0.07557163315747181	0.07557163315747181	
MRPL23	0.02110863454022306	0.675102005261885	0.30378936019789193	
TMTC4	0.06650076269871408	0.06650076269871408	0.866998474602572	
ZBTB18	0.04317926605448961	0.04317926605448961	0.9136414678910209	
TRIM16	0.061608692982602103	0.061608692982602103	0.8767826140347958	
SLC25A38	0.21107139586203927	0.7652060294373112	0.023722574700649444	
CARF	0.0359194927214617	0.4942414974716817	0.46983900980685644	
PCGF5	0.08870193398714281	0.08870193398714281	0.8225961320257144	
ZNF492	0.2117686677028454	0.779675543454612	0.008555788842542536	
DNAH14	0.2243845940866308	0.7592899905072584	0.01632541540611085	
FGFR4	0.8778803528109604	0.06105982359451972	0.06105982359451972	
SNX21	0.058127620814979554	0.058127620814979554	0.883744758370041	
MCTS1	0.4015053387041242	0.5532431910304346	0.045251470265441074	
JMJD1C-AS1	0.888845255076913	0.05557737246154342	0.05557737246154342	
CBLB	0.22473377093620153	0.7521652571533288	0.023100971910469597	
MRPL3	0.4981967532430842	0.45531693919887856	0.04648630755803715	
ENTPD1-AS1	0.024907653926181834	0.5842597218245594	0.39083262424925863	
AC005921.2	0.04812446097594419	0.04812446097594419	0.9037510780481117	
PPP1R15B	0.01762978426373408	0.7120826851099011	0.27028753062636485	
USP12	0.059202245312320524	0.059202245312320524	0.881595509375359	
C11orf96	0.9428232347433083	0.028588382628345822	0.028588382628345822	
AC109347.1	0.8983724116245307	0.050813794187734594	0.050813794187734594	
ARL6IP6	0.1892464850118612	0.7886100293611211	0.022143485627017772	
MAP3K7	0.3338168454622984	0.6254198107309962	0.0407633438067054	
TMEM251	0.8368556544537896	0.08157217277310522	0.08157217277310522	
CUL5	0.051859737013293515	0.35804433906123156	0.5900959239254748	
CNOT6L	0.8368867531612258	0.08155662341938709	0.08155662341938709	
PIK3R1	0.8247745094158544	0.08761274529207286	0.08761274529207286	
SMARCA4	0.030373954649182817	0.6341373684222431	0.3354886769285741	
C15orf41	0.3364889355013674	0.6382663331254561	0.025244731373176562	
CNPY2	0.18183131125134863	0.7994973172819606	0.01867137146669082	
ACSS1	0.17993287095402624	0.8023204380033955	0.017746691042578335	
FDX1	0.06988017276595086	0.9210010053984211	0.009118821835627932	
RNF6	0.016569083480050803	0.807302829817191	0.17612808670275815	
REEP3	0.01786145728729233	0.763574147070729	0.21856439564197866	
MTRNR2L8	0.022852670035608622	0.022852670035608622	0.9542946599287827	
C2CD4A	0.031977610814420125	0.031977610814420125	0.9360447783711597	
UBL7	0.24037766467828892	0.7349041731085283	0.02471816221318273	
CELSR1	0.8842180429571997	0.05789097852140009	0.05789097852140009	
RAN	0.3212842231148346	0.6474995978967323	0.031216178988433155	
TWF2	0.051547916856576274	0.051547916856576274	0.8969041662868475	
RORA-AS1	0.043845950770094295	0.043845950770094295	0.9123080984598114	
BMS1	0.05764157396397586	0.25399631360838265	0.6883621124276414	
MED22	0.06411767161617338	0.06411767161617338	0.8717646567676534	
CGN	0.04513632150845344	0.04513632150845344	0.9097273569830931	
AL662797.1	0.5064380193298544	0.4585613823583039	0.03500059831184154	
KIAA0355	0.3150600120347471	0.6527540098247895	0.03218597814046345	
CDKN2D	0.06225632427723022	0.06225632427723022	0.8754873514455396	
CTBP1-DT	0.053254495464899514	0.053254495464899514	0.8934910090702011	
AASS	0.035982823056591694	0.035982823056591694	0.9280343538868165	
RAC2	0.8452700272488344	0.07736498637558284	0.07736498637558284	
DCAF13	0.5066673979290688	0.43975444401227876	0.05357815805865237	
RTF2	0.0659110457757119	0.302263669459568	0.6318252847647202	
STAMBP	0.05051748625281071	0.4560526921918834	0.4934298215553059	
MTR	0.8740293922690759	0.06298530386546197	0.06298530386546197	
SLC35E1	0.01636757702603319	0.69806732613158	0.2855650968423869	
FLOT1	0.08291756345193893	0.08291756345193893	0.8341648730961221	
LTN1	0.02696757823237872	0.6667284409631237	0.3063039808044976	
LSM2	0.38086112259893207	0.5807535011623077	0.03838537623876026	
APPL1	0.07074994431622204	0.07074994431622204	0.8585001113675559	
DCUN1D5	0.8454922044665653	0.07725389776671741	0.07725389776671741	
DUSP16	0.1608904213975232	0.8189644819224914	0.020145096679985337	
KPNA3	0.07517716534015519	0.07517716534015519	0.8496456693196895	
AC124947.1	0.14756106130306	0.8407317152974019	0.01170722339953813	
KRT10	0.47026557833871274	0.4716612961624075	0.05807312549887973	
TSNARE1	0.8683263336396031	0.0658368331801984	0.0658368331801984	
PAN3	0.8361332758481644	0.08193336207591782	0.08193336207591782	
AC132872.1	0.045091718858716656	0.045091718858716656	0.9098165622825667	
CKAP2	0.2487884868470621	0.7374868962376493	0.013724616915288632	
NAIP	0.8599160958277224	0.07004195208613877	0.07004195208613877	
UBR5	0.023576244015954574	0.7177577458935027	0.25866601009054263	
SNRNP40	0.8434099494259061	0.07829502528704692	0.07829502528704692	
PRSS16	0.011123464164356693	0.8498283933930298	0.13904814244261351	
SMIM10	0.9434022046307688	0.028298897684615545	0.028298897684615545	
ANKIB1	0.042759307094620363	0.49634868600967996	0.4608920068956997	
CENPK	0.2588612924272351	0.726421494958788	0.014717212613976894	
PDIA5	0.25519803495200105	0.7173041836986452	0.02749778134935376	
ZNF566	0.864953787204458	0.06752310639777093	0.06752310639777093	
AGK	0.8430716785460663	0.07846416072696688	0.07846416072696688	
COG3	0.01785973053854881	0.8173463840011415	0.1647938854603098	
ZMIZ2	0.06532318539175416	0.06532318539175416	0.8693536292164917	
METTL17	0.04408430382988284	0.3650820070265182	0.590833689143599	
RAD9A	0.030735717826490202	0.6102534504131312	0.3590108317603786	
PEX10	0.3094011385909649	0.6602754478057062	0.030323413603328922	
KDM1A	0.7247290954940707	0.2199390385901219	0.05533186591580739	
AKAP11	0.0688790617094483	0.0688790617094483	0.8622418765811035	
FAM122C	0.8640326926611902	0.06798365366940486	0.06798365366940486	
RRM2B	0.7326457484992679	0.20985835369096328	0.0574958978097687	
CYP51A1	0.06711744958719731	0.06711744958719731	0.8657651008256054	
NECAP1	0.801172694668259	0.09941365266587054	0.09941365266587054	
MDH2	0.021863190078696783	0.6788443764803915	0.29929243344091166	
NR2C1	0.07404460378964181	0.07404460378964181	0.8519107924207163	
ADSSL1	0.036785660364109476	0.036785660364109476	0.926428679271781	
AC012306.2	0.034380669867685884	0.034380669867685884	0.9312386602646282	
HDAC2	0.1715600922364945	0.812452663275396	0.01598724448810947	
ATF4	0.22165255937597156	0.7536434333449831	0.024704007279045415	
CD151	0.04074508160431781	0.4150556991635012	0.544199219232181	
EBLN2	0.016214304111641025	0.702235574330539	0.2815501215578199	
ELF4	0.018127107300943728	0.6956161063123036	0.2862567863867525	
TJAP1	0.22544363448946492	0.7504860646768091	0.02407030083372591	
SETDB2	0.815762084426549	0.09211895778672557	0.09211895778672557	
AC009283.1	0.9016769325709	0.049161533714549975	0.049161533714549975	
SCAMP1	0.8085960518378285	0.09570197408108583	0.09570197408108583	
ZFP90	0.8593947545038283	0.07030262274808581	0.07030262274808581	
RFX1	0.4472654420176726	0.5130196057364246	0.03971495224590285	
CD99	0.059131236280325856	0.059131236280325856	0.8817375274393483	
CYB5R1	0.12585925065424072	0.8608060727931238	0.013334676552635425	
RFC3	0.21765287152109777	0.7708857698198124	0.011461358659089833	
HBA1	0.010004915268482512	0.010004915268482512	0.979990169463035	
ZNF774	0.23136545667700767	0.7442829137424046	0.024351629580587716	
SART3	0.37534677579949716	0.5827601219389273	0.04189310226157544	
LAPTM5	0.9018012065562286	0.04909939672188561	0.04909939672188561	
ANPEP	0.9149038058691985	0.04254809706540072	0.04254809706540072	
ZCCHC10	0.02616965741611988	0.650673614237565	0.3231567283463151	
RPS13	0.2764726072964985	0.6904059737106807	0.03312141899282082	
FUCA2	0.8355430758001849	0.08222846209990756	0.08222846209990756	
PRKCE	0.07418717576941526	0.07418717576941526	0.8516256484611695	
SPDL1	0.42037571373973087	0.5560405667175241	0.023583719542745043	
THAP7-AS1	0.042085174522564855	0.042085174522564855	0.9158296509548703	
HYKK	0.055791284798521586	0.055791284798521586	0.8884174304029568	
EWSR1	0.03268993503393047	0.6730443284111839	0.29426573655488564	
WDR34	0.01627018139851019	0.7694706972390386	0.21425912136245126	
COX19	0.3232121658170369	0.633751541420086	0.043036292762877015	
PANK1	0.8191521385219627	0.0904239307390187	0.0904239307390187	
TMEM184A	0.012088753944887199	0.774341235479319	0.21357001057579375	
BMP1	0.055578130643758446	0.055578130643758446	0.8888437387124831	
PCF11-AS1	0.02341164381179186	0.10973253960179562	0.8668558165864125	
SRP9	0.38374561173782773	0.570486524522689	0.045767863739483224	
DNAJC21	0.019535280839351712	0.7232719704329293	0.2571927487277188	
ZWILCH	0.29285502360284543	0.6846277601902679	0.02251721620688655	
MAP2K1	0.0816083158217261	0.0816083158217261	0.8367833683565478	
PFDN6	0.1955193462761721	0.7798182036571982	0.024662450066629607	
NFS1	0.3267276068282787	0.6337059170344079	0.03956647613731328	
PURB	0.05861879003569836	0.05861879003569836	0.8827624199286034	
STX1A	0.9057281719455224	0.047135914027238796	0.047135914027238796	
TICRR	0.1792975869813331	0.8126563109302486	0.008046102088418303	
RPP40	0.8746797794012728	0.06266011029936355	0.06266011029936355	
TMPO-AS1	0.8706797037126177	0.06466014814369109	0.06466014814369109	
ZNF595	0.32048675771003493	0.6488994333028056	0.030613808987159496	
RFC5	0.25676878847378004	0.7221554150482968	0.021075796477923188	
ADAM19	0.22832066116722785	0.7622688515034013	0.009410487329370925	
MAP1S	0.0697686457495297	0.0697686457495297	0.8604627085009405	
GUCD1	0.05369359433324006	0.05369359433324006	0.89261281133352	
SPOPL	0.3353182682464275	0.6262760732348849	0.03840565851868764	
PRPS2	0.05803120119674885	0.05803120119674885	0.8839375976065024	
ARHGEF1	0.07413747879294004	0.07413747879294004	0.8517250424141198	
XAB2	0.23757963060414292	0.7315136830091075	0.030906686386749503	
SAP30	0.8748199185529483	0.0625900407235258	0.0625900407235258	
DOCK7	0.030367063581523933	0.5911609479162355	0.37847198850224056	
SEC16A	0.05107435067408102	0.232920849375098	0.716004799950821	
AC106707.1	0.04091929510787365	0.04091929510787365	0.9181614097842528	
ATP5F1C	0.03139524508877228	0.5841100238083251	0.38449473110290266	
PIGM	0.8537822485098747	0.0731088757450626	0.0731088757450626	
HSPG2	0.014362363104413606	0.7473623969116484	0.23827523998393801	
TRDMT1	0.8630753183793826	0.06846234081030864	0.06846234081030864	
MDFI	0.2398182799409318	0.7520664240439389	0.008115296015129284	
DEXI	0.8544757591400671	0.07276212042996635	0.07276212042996635	
LINC01806	0.10290341051621832	0.8869922028932106	0.010104386590571127	
FBXO4	0.46863229508764737	0.4919862633213937	0.03938144159095879	
RNF135	0.060253097308234964	0.060253097308234964	0.8794938053835302	
VPS11	0.7918381344223179	0.10408093278884112	0.10408093278884112	
ZNF641	0.05870107531895789	0.05870107531895789	0.8825978493620843	
SFSWAP	0.03393760926274264	0.642604128906314	0.3234582618309433	
NOLC1	0.032552211170118896	0.481532746234537	0.48591504259534407	
MAP3K4	0.021858427355967713	0.6733370487072581	0.3048045239367742	
DNASE1L3	0.9427153233376031	0.028642338331198433	0.028642338331198433	
CAV1	0.9031688401733233	0.0484155799133383	0.0484155799133383	
WDR77	0.8572961764803018	0.0713519117598491	0.0713519117598491	
MALINC1	0.042159151679907504	0.042159151679907504	0.9156816966401851	
AC009812.1	0.04416129754917924	0.04416129754917924	0.9116774049016416	
CAVIN2	0.9343215913373967	0.03283920433130164	0.03283920433130164	
METTL16	0.07700207369653171	0.07700207369653171	0.8459958526069365	
SLC43A1	0.8565721470013553	0.07171392649932233	0.07171392649932233	
RPL26	0.4730800793655571	0.4912044927103525	0.03571542792409037	
GNL1	0.2196336863344379	0.7480431106370028	0.03232320302855933	
BATF2	0.050338207679517216	0.050338207679517216	0.8993235846409656	
MVB12A	0.06635923426609863	0.06635923426609863	0.8672815314678028	
LYPLA2	0.024852911700368314	0.6859043746870932	0.28924271361253845	
ZKSCAN1	0.0772311059833781	0.0772311059833781	0.8455377880332439	
S100A4	0.03506174771104162	0.03506174771104162	0.9298765045779167	
UBE2L3	0.023474102113460224	0.7465390557058652	0.2299868421806745	
STK36	0.05408819134669155	0.05408819134669155	0.891823617306617	
LMCD1-AS1	0.914896295099711	0.042551852450144464	0.042551852450144464	
ZNF25	0.8809279343264329	0.05953603283678347	0.05953603283678347	
EPHA4	0.06004916584537818	0.06004916584537818	0.8799016683092437	
JAGN1	0.8093313495353166	0.09533432523234173	0.09533432523234173	
USP46-AS1	0.049876227063102484	0.049876227063102484	0.9002475458737951	
TXNL4A	0.47855166549132544	0.4766174275139135	0.04483090699476105	
PELI3	0.8787540620356057	0.06062296898219711	0.06062296898219711	
CCDC71	0.8444916785082718	0.07775416074586408	0.07775416074586408	
SNORC	0.06831198638688075	0.06831198638688075	0.8633760272262385	
ERVMER34-1	0.1677213820960603	0.8239730232891512	0.0083055946147884	
VEZF1	0.07639378099320092	0.07639378099320092	0.8472124380135982	
ACER2	0.006994174509147448	0.7064116254238922	0.2865942000669604	
DCUN1D4	0.07358142664995013	0.07358142664995013	0.8528371467000997	
ZNF280C	0.026610673391279007	0.387826538011655	0.5855627885970659	
GALM	0.8201673555091222	0.08991632224543893	0.08991632224543893	
SH3BP5-AS1	0.027924374200449038	0.48989094628660046	0.4821846795129506	
SLC22A3	0.029647608696174686	0.029647608696174686	0.9407047826076506	
DSN1	0.12226798591073709	0.865201732530681	0.012530281558581895	
ZXDB	0.8583188856226837	0.07084055718865813	0.07084055718865813	
BCL2L1	0.0574291762542797	0.0574291762542797	0.8851416474914406	
AGPAT2	0.04477919378924088	0.04477919378924088	0.9104416124215183	
RBM41	0.08156737771999241	0.08156737771999241	0.8368652445600151	
ACVR2A	0.8129245935265421	0.09353770323672897	0.09353770323672897	
SCARB2	0.7911368092327143	0.10443159538364288	0.10443159538364288	
PLA2G15	0.8383200215795814	0.08083998921020935	0.08083998921020935	
NPRL3	0.757811048666979	0.14416505368768404	0.09802389764533709	
UNC45A	0.05695564292187021	0.37192135379081986	0.5711230032873098	
PPCDC	0.05893141938987316	0.05893141938987316	0.8821371612202538	
ANAPC1	0.7404460301317999	0.1917994583897499	0.06775451147845006	
SF3B4	0.02371456115771874	0.7261225637849648	0.2501628750573165	
CHD3	0.06324707815672902	0.06324707815672902	0.873505843686542	
GNL2	0.7525176988502286	0.15600255914246935	0.09147974200730215	
MRPS33	0.02954563352247329	0.6234079253250925	0.34704644115243427	
FAM219A	0.017492065077674743	0.6290786396597953	0.35342929526253003	
ARHGEF10	0.03142263286814882	0.03142263286814882	0.9371547342637023	
ZFHX2	0.8861409327152094	0.05692953364239525	0.05692953364239525	
NDUFA13	0.022173951567102668	0.5136056928248838	0.4642203556080136	
MRPS34	0.037839565178212395	0.43712716886430963	0.5250332659574778	
KIZ	0.8616867502541203	0.06915662487293979	0.06915662487293979	
DDHD1	0.044618395775773714	0.044618395775773714	0.9107632084484526	
SARS2	0.291851718123785	0.6821803629002464	0.025967918975968573	
TPCN1	0.053328430627583766	0.053328430627583766	0.8933431387448325	
FRMD3	0.032196268250187836	0.032196268250187836	0.9356074634996243	
PRKRA	0.7926234202289081	0.103688289885546	0.103688289885546	
GRHPR	0.7167375331532095	0.2005028471748809	0.08275961967190959	
HCST	0.8759082399148527	0.06204588004257359	0.06204588004257359	
AC096733.2	0.039944576445840325	0.039944576445840325	0.9201108471083194	
SLC28A2	0.014588458730316672	0.5813402622972558	0.40407127897242756	
SLC44A2	0.018768901735889753	0.7974780751681777	0.18375302309593247	
ZNF74	0.8585050860572095	0.07074745697139517	0.07074745697139517	
TMEM120B	0.0696193927856467	0.0696193927856467	0.8607612144287067	
WDR72	0.030714717873988273	0.030714717873988273	0.9385705642520235	
CDK16	0.048972355458051946	0.40826614023015567	0.5427615043117924	
PCP4L1	0.2460757901822363	0.7443961753783689	0.009528034439394636	
RAB20	0.055153354560902215	0.055153354560902215	0.8896932908781956	
AL356488.3	0.025237343655081127	0.4047672743912715	0.5699953819536473	
EPS8L2	0.01064169570687442	0.8239925023500108	0.16536580194311473	
ASAP2	0.07233295271771671	0.07233295271771671	0.8553340945645667	
SOCS3	0.04123830263997026	0.04123830263997026	0.9175233947200595	
AC002553.2	0.032630201244733	0.032630201244733	0.9347395975105339	
SQLE	0.06339030539825662	0.06339030539825662	0.8732193892034869	
INSIG1	0.011744553125337025	0.7260519280742278	0.2622035188004351	
ACAA1	0.040056738730377905	0.05758821436723074	0.9023550469023913	
RHEB	0.16848069253558928	0.8094330088830984	0.022086298581312214	
DNAJC28	0.016473048506155493	0.6158089631799863	0.36771798831385816	
SRRT	0.02524025294416093	0.7570851463506277	0.21767460070521133	
NUB1	0.07990691792528373	0.11862979000265311	0.8014632920720631	
SGSM3	0.026262507518248997	0.5677528587865562	0.4059846336951947	
PRRC2A	0.07510991030270167	0.07510991030270167	0.8497801793945967	
NTN1	0.6029880099144044	0.363057895595438	0.0339540944901576	
BAHD1	0.01347880183642054	0.7712185948136125	0.21530260334996684	
LINC01612	0.012974020799577725	0.6650066376531379	0.3220193415472843	
SENP6	0.08264014113417556	0.08264014113417556	0.8347197177316489	
DMTF1	0.08289281599184294	0.08289281599184294	0.8342143680163141	
KLHL26	0.8442933686432608	0.07785331567836966	0.07785331567836966	
TMEM191C	0.14998631467166643	0.8403960847274675	0.009617600600866064	
FDPS	0.0770345651875218	0.0770345651875218	0.8459308696249563	
LYRM7	0.0736771429392284	0.0736771429392284	0.8526457141215432	
VAPB	0.030154052303961718	0.6421667543439058	0.3276791933521326	
AC026471.1	0.05249222941826862	0.05249222941826862	0.8950155411634628	
GK	0.9052049279000887	0.047397536049955634	0.047397536049955634	
HOXB8	0.8786038116377437	0.060698094181128114	0.060698094181128114	
TCEAL9	0.23796629135782435	0.7447181424869472	0.01731556615522848	
SCRN3	0.07006289524400794	0.07006289524400794	0.8598742095119842	
RGL3	0.02183918226844102	0.36737713330227967	0.6107836844292793	
KDM6A	0.8356172127403998	0.08219139362980016	0.08219139362980016	
CFAP53	0.9013564202426191	0.04932178987869043	0.04932178987869043	
TMEM161B	0.027690547737706975	0.6117367037981954	0.36057274846409754	
PI4KB	0.0827895643654289	0.0827895643654289	0.8344208712691422	
TMEM115	0.5642578872843577	0.3624395013834914	0.07330261133215098	
OLMALINC	0.022172475218674124	0.6594389780516551	0.3183885467296708	
AC002553.1	0.028175969943771337	0.11410327804456737	0.8577207520116612	
TRAM2-AS1	0.05261118515717823	0.05261118515717823	0.8947776296856436	
TP53TG1	0.051072278580279476	0.40593403210483814	0.5429936893148823	
LMO7	0.024278868923791087	0.4590802598945573	0.5166408711816516	
AC107982.3	0.011754357745341953	0.573587884231428	0.41465775802323	
PDZK1	0.9519182864034346	0.024040856798282672	0.024040856798282672	
NLRX1	0.057334283549809274	0.057334283549809274	0.8853314329003815	
STX3	0.22152179175925263	0.7592257203168502	0.01925248792389718	
CCDC28A	0.2929156291290648	0.685570378393825	0.02151399247711021	
DLST	0.05701421402985503	0.4156613940782291	0.527324391891916	
SEH1L	0.0703992492575238	0.0703992492575238	0.8592015014849523	
ZNF587B	0.01753280816235457	0.584190633314802	0.3982765585228434	
AL022328.4	0.8723105498157315	0.06384472509213418	0.06384472509213418	
RPRD2	0.8037090374111373	0.09814548129443142	0.09814548129443142	
MSANTD3	0.016987882065115287	0.6435080978528402	0.33950402008204433	
SLC25A4	0.015501828687068118	0.7721954839548981	0.2123026873580337	
TENT5C	0.03937003047638762	0.03937003047638762	0.9212599390472248	
RLF	0.827498762235448	0.08625061888227602	0.08625061888227602	
EPM2A	0.04440464665649352	0.04440464665649352	0.911190706687013	
ABHD5	0.019672117848054456	0.3847893518952021	0.5955385302567434	
KLF5	0.09232896296382986	0.8962430307350859	0.011428006301084209	
RPL7	0.6307220153899235	0.2994290075266673	0.06984897708340912	
SPRED1	0.8740120499604512	0.0629939750197743	0.0629939750197743	
WLS	0.8273012183108132	0.08634939084459345	0.08634939084459345	
RTTN	0.022076663637809427	0.5987696104652186	0.379153725896972	
NIPSNAP3A	0.06512946146848446	0.06512946146848446	0.8697410770630312	
RAVER1	0.3768347628303584	0.5935875084490055	0.029577728720636062	
AC013652.1	0.02945219841564639	0.30125884029539435	0.6692889612889593	
VDAC3	0.07549589988908888	0.07549589988908888	0.8490082002218223	
PINK1-AS	0.04908095322177414	0.04908095322177414	0.9018380935564517	
MSI2	0.24027638798650616	0.7376185939284019	0.02210501808509185	
MLEC	0.0517177807435126	0.0517177807435126	0.8965644385129748	
HLA-DMA	0.058257429599306076	0.058257429599306076	0.883485140801388	
CPSF3	0.4255455319753163	0.5293370434833954	0.045117424541288295	
ZNF398	0.02885513653674379	0.6367070642093711	0.33443779925388506	
MRPS35	0.037002543631530105	0.45677731113242953	0.5062201452360404	
SLC9A6	0.06805970550056953	0.06805970550056953	0.863880588998861	
ZADH2	0.7941895075697806	0.10290524621510977	0.10290524621510977	
LARP1B	0.018895920003118953	0.7538767161758692	0.2272273638210118	
AC046143.1	0.05261806555729533	0.05261806555729533	0.8947638688854094	
MFSD14B	0.040328035920174254	0.42797487234854303	0.5316970917312827	
RRN3	0.8111720165410914	0.09441399172945436	0.09441399172945436	
SLC35F5	0.3618427102587198	0.5940655537242875	0.0440917360169927	
SLC16A1-AS1	0.8508612565888825	0.0745693717055588	0.0745693717055588	
FANCF	0.814776149252834	0.09261192537358302	0.09261192537358302	
SEMA4A	0.028993790931694394	0.028993790931694394	0.9420124181366112	
ZDHHC20	0.016316428977748362	0.8024180610216249	0.18126551000062685	
COL4A5	0.9180336475549759	0.040983176222512054	0.040983176222512054	
ZNF736	0.8698889539164643	0.06505552304176783	0.06505552304176783	
VDAC2	0.027198608703587968	0.6077369243637587	0.3650644669326534	
DCUN1D3	0.8705988644082224	0.06470056779588874	0.06470056779588874	
KEAP1	0.07557746646125725	0.07557746646125725	0.8488450670774855	
SLFN5	0.03722878094150112	0.03722878094150112	0.9255424381169978	
HES4	0.04719647763645038	0.04719647763645038	0.9056070447270993	
SELENOW	0.07869488900531597	0.07869488900531597	0.8426102219893681	
COPB1	0.3420684061341731	0.6177528227940025	0.04017877107182433	
NCAPH2	0.01915338122328991	0.7897833312564243	0.19106328752028578	
RPL18	0.2854159921700151	0.6783599789026425	0.03622402892734215	
MDM2	0.020194377791560175	0.7315607270681015	0.24824489514033826	
C6orf89	0.09028721867655412	0.09028721867655412	0.8194255626468917	
CCDC57	0.02758914836186063	0.6550386047739324	0.3173722468642069	
PRKCZ	0.07805203031602635	0.9129092640988367	0.009038705585136995	
UMPS	0.25418492415850186	0.7230569599699634	0.02275811587153473	
ENTPD6	0.06467698802617478	0.20089077388619606	0.7344322380876291	
ZNF530	0.459700777459938	0.5079568976725062	0.03234232486755586	
HARS	0.07052051488679537	0.07052051488679537	0.8589589702264093	
PATL1	0.8069837008042847	0.09650814959785771	0.09650814959785771	
ULK2	0.04612562588826762	0.04612562588826762	0.9077487482234649	
CNKSR3	0.8633245062161736	0.06833774689191316	0.06833774689191316	
ZWINT	0.2465472307020452	0.7373321944505443	0.016120574847410456	
DBF4B	0.39933283306463047	0.5779883142236087	0.022678852711760757	
CDK18	0.058358091675098214	0.058358091675098214	0.8832838166498036	
CNOT8	0.7893311172236442	0.10533444138817792	0.10533444138817792	
BPGM	0.008427332119379228	0.851160544057302	0.14041212382331877	
CENPO	0.021189281017834242	0.6299022621463102	0.3489084568358556	
GPSM2	0.11615259944270707	0.8718114764263407	0.012035924130952247	
ATP6AP2	0.7903098687174182	0.104845065641291	0.104845065641291	
NQO2	0.8500556795832	0.07497216020840004	0.07497216020840004	
COG5	0.7625654659069782	0.11871726704651099	0.11871726704651099	
HMGCS1	0.05078784927443249	0.13786768250829148	0.811344468217276	
RPS6KA6	0.14754945137483583	0.8379875841218783	0.01446296450328583	
ATP6V0A1	0.8255483591276919	0.0872258204361541	0.0872258204361541	
KDELR2	0.1398465647126986	0.8422530912056893	0.017900344081612077	
AL139011.1	0.9110554984813617	0.04447225075931909	0.04447225075931909	
SUPT5H	0.02803826362754434	0.7084513452355676	0.26351039113688807	
SLC33A1	0.06170630835420494	0.06170630835420494	0.8765873832915901	
NFKBIL1	0.8285068335570938	0.08574658322145316	0.08574658322145316	
PTPRN2	0.8826856128785806	0.058657193560709635	0.058657193560709635	
USP27X	0.12446212975967115	0.8662274704089437	0.009310399831385112	
WDR6	0.7448152414832028	0.16954808456976972	0.08563667394702756	
ECSIT	0.07422862350813117	0.22630244505752672	0.6994689314343421	
AL391152.1	0.11626507652029103	0.8749947363694396	0.0087401871102694	
NUMBL	0.047949475596323204	0.047949475596323204	0.9041010488073536	
AP001269.4	0.026454104851678623	0.026454104851678623	0.9470917902966427	
CRYL1	0.852561741720831	0.07371912913958446	0.07371912913958446	
URGCP	0.027963226865400544	0.5744725549508598	0.39756421818373977	
RNPC3	0.06867869677595613	0.06867869677595613	0.8626426064480878	
ERICH1	0.023334943377079632	0.7746248952156768	0.20204016140724357	
MESD	0.2295159271016344	0.7438065132748645	0.026677559623501153	
NKX3-1	0.011245429126203002	0.6561299208533609	0.3326246500204362	
NUP43	0.3528499821850108	0.6136337106615537	0.033516307153435544	
RNF141	0.08169839269075774	0.08169839269075774	0.8366032146184845	
TERF2	0.06568671298890272	0.06568671298890272	0.8686265740221947	
USP24	0.8343536898482079	0.08282315507589612	0.08282315507589612	
AC103957.2	0.2388620715098024	0.7485578510384843	0.012580077451713408	
ZNF248	0.8153450411777284	0.09232747941113582	0.09232747941113582	
ZMYND19	0.01755273331354159	0.6199585855004646	0.3624886811859938	
NFKBIE	0.849122698062848	0.07543865096857597	0.07543865096857597	
CHMP4B	0.06455847872298487	0.06455847872298487	0.8708830425540304	
DDX31	0.051877817785483754	0.051877817785483754	0.8962443644290325	
CDC42SE1	0.04916957782074798	0.04916957782074798	0.9016608443585041	
CRY2	0.043098146296550115	0.043098146296550115	0.9138037074068999	
TASP1	0.0770829985127405	0.0770829985127405	0.845834002974519	
ATP9A	0.06773927797920044	0.06773927797920044	0.8645214440415991	
GNAL	0.030358827192077296	0.21745060108464231	0.7521905717232804	
PITPNA	0.020978279412880975	0.7376072309034767	0.24141448968364226	
RHBDF1	0.012314511547054006	0.714483146549407	0.273202341903539	
MFAP5	0.007290118086217363	0.6349649382799579	0.35774494363382464	
AL118558.3	0.847644755930529	0.0761776220347355	0.0761776220347355	
PMS2	0.7992691354222016	0.10036543228889928	0.10036543228889928	
MICU2	0.052838625246872876	0.45316744972920203	0.4939939250239251	
TP53BP1	0.8197942447304616	0.09010287763476928	0.09010287763476928	
STRN	0.0374916592185738	0.5879774324973019	0.37453090828412416	
NUBPL	0.8308508307235886	0.08457458463820575	0.08457458463820575	
ZNF697	0.22447456210277342	0.7618223395409347	0.013703098356291923	
SLC31A2	0.045426504950742526	0.045426504950742526	0.909146990098515	
AC107375.1	0.05785591367451991	0.05785591367451991	0.8842881726509603	
ZNF682	0.29818112834899735	0.6738602947157084	0.027958576935294324	
EMC3	0.07128474577751198	0.07128474577751198	0.8574305084449761	
SLC46A3	0.8323873030104473	0.08380634849477642	0.08380634849477642	
ANKRD54	0.23643429540053237	0.7316325612858722	0.031933143313595466	
RBP7	0.8892864389254365	0.05535678053728169	0.05535678053728169	
XPO1	0.7029628171612108	0.23383808966131914	0.06319909317746998	
FAHD2A	0.08906768885902197	0.08906768885902197	0.821864622281956	
LINC01521	0.04029314142773933	0.04029314142773933	0.9194137171445214	
ERO1A	0.8063736595569982	0.09681317022150095	0.09681317022150095	
NAALADL2	0.015323977745133086	0.7787788597040357	0.20589716255083118	
AC079922.2	0.04349204663428175	0.04349204663428175	0.9130159067314365	
MIEF1	0.04224352859481378	0.41406735348089146	0.5436891179242948	
PIGA	0.4067756421619409	0.5633083921019221	0.02991596573613694	
SEMA4F	0.049133592542451636	0.049133592542451636	0.9017328149150968	
U2AF1L5	0.027541946814199896	0.027541946814199896	0.9449161063716002	
CNKSR1	0.0857154643462195	0.9048366998137939	0.00944783583998658	
ENTR1	0.05035445675437774	0.05035445675437774	0.8992910864912446	
HTRA2	0.7983120831952111	0.1008439584023945	0.1008439584023945	
SGSH	0.8150721500658816	0.09246392496705923	0.09246392496705923	
ZNF70	0.03743918667020283	0.03743918667020283	0.9251216266595944	
FKRP	0.6003055790753814	0.34350195089445607	0.0561924700301625	
LINC00513	0.8769788209935904	0.06151058950320477	0.06151058950320477	
CABLES2	0.05669801068256974	0.05669801068256974	0.8866039786348606	
SIVA1	0.265977862455583	0.7085118677884443	0.02551026975597264	
DBP	0.8716678182531562	0.06416609087342187	0.06416609087342187	
CDC25B	0.0574016393712446	0.0574016393712446	0.8851967212575108	
LHFPL2	0.06630084204009283	0.06630084204009283	0.8673983159198144	
DVL3	0.013100276434230073	0.8512105160974646	0.13568920746830535	
LINC01311	0.017577351199714843	0.6317572207869696	0.3506654280133155	
CHCHD4	0.04689392486539278	0.4382168621638816	0.5148892129707257	
TAPBPL	0.05565506833999134	0.05565506833999134	0.8886898633200174	
MFSD2A	0.19470328949373358	0.7945231469564078	0.010773563549858657	
ARHGAP5	0.08566826554137766	0.08566826554137766	0.8286634689172446	
PNO1	0.031468452088664584	0.4260340667453215	0.5424974811660137	
LINC01301	0.8798312731103339	0.060084363444833006	0.060084363444833006	
SNX22	0.04636986638982423	0.04636986638982423	0.9072602672203516	
MFAP1	0.29598115301818334	0.6687714552370895	0.03524739174472708	
GPBP1L1	0.0593580643213913	0.43979798406060194	0.5008439516180068	
ZFC3H1	0.07535777416761145	0.07535777416761145	0.8492844516647772	
PRKAR1A	0.7738268507470202	0.11308657462648995	0.11308657462648995	
UBLCP1	0.07322042230367053	0.07322042230367053	0.853559155392659	
TRUB1	0.8556376160580359	0.07218119197098201	0.07218119197098201	
SPRED2	0.030273573751083225	0.45807005754099694	0.5116563687079198	
S100PBP	0.08146417434236439	0.08146417434236439	0.8370716513152712	
LBX2	0.8743167202190383	0.0628416398904808	0.0628416398904808	
PPHLN1	0.5982111546803545	0.3173719671918612	0.08441687812778437	
AC006449.6	0.06586159414695869	0.06586159414695869	0.8682768117060827	
WDR62	0.012937928572803757	0.6441947383432629	0.34286733308393347	
FCGRT	0.8462190581852697	0.07689047090736521	0.07689047090736521	
DCAF11	0.05201481202534344	0.4460311257462408	0.5019540622284159	
ZBTB5	0.2121826410539726	0.7644595675291147	0.023357791416912774	
CARD19	0.06479698438471768	0.06479698438471768	0.8704060312305647	
HIST1H2BD	0.012853996219802837	0.7785691493175814	0.20857685446261573	
CDRT4	0.024248669147269666	0.4665117903385001	0.5092395405142301	
FBXO30	0.0618837432553844	0.0618837432553844	0.8762325134892313	
COQ4	0.07659395579742505	0.07659395579742505	0.8468120884051499	
SP4	0.8688628220117638	0.06556858899411805	0.06556858899411805	
TMED5	0.06950886230594319	0.3383058257660139	0.5921853119280429	
SPESP1	0.012171726675004471	0.5017985186620332	0.48602975466296233	
PLOD2	0.5350436188347324	0.4236080699312998	0.04134831123396776	
BNIP1	0.4152106240739446	0.5391257267166071	0.045663649209448307	
MIR155HG	0.024102893933262374	0.024102893933262374	0.9517942121334753	
PLEKHA7	0.01588526647655413	0.759308248092945	0.22480648543050086	
SMARCD1	0.04067197438370276	0.5798201141885732	0.379507911427724	
HAX1	0.7680355702054925	0.11598221489725383	0.11598221489725383	
PNRC2	0.3874218004339826	0.5665027014174202	0.046075498148597106	
RAC3	0.010626713426800638	0.81159287549351	0.1777804110796894	
TAF2	0.04522844586634855	0.3945765450713738	0.5601950090622777	
EMC8	0.03879918149455821	0.544020045312454	0.4171807731929879	
ZNF699	0.053261644372847534	0.053261644372847534	0.893476711254305	
SGPP1	0.011635109222130235	0.7853068301960883	0.20305806058178155	
ERH	0.41755493705928265	0.5376274508070642	0.044817612133653234	
USP30	0.8369674638792906	0.08151626806035475	0.08151626806035475	
DPYD	0.8538603749524981	0.07306981252375086	0.07306981252375086	
ADM	0.007817750607418997	0.6947207267404514	0.29746152265212955	
NOL6	0.03826017650911064	0.26558101954828506	0.6961588039426043	
AC023590.1	0.02924359612458721	0.02924359612458721	0.9415128077508256	
ERVE-1	0.007931916924192692	0.8011236093434618	0.19094447373234547	
ZNF253	0.5539397104064416	0.3981374113954116	0.04792287819814677	
SCNN1D	0.04110687638368499	0.04110687638368499	0.91778624723263	
NECAB3	0.022186976784259335	0.723403616846747	0.25440940636899373	
MRPS7	0.0396268166930816	0.507491038059131	0.4528821452477874	
DARS-AS1	0.9047726615540067	0.04761366922299659	0.04761366922299659	
MTFMT	0.07939903140407358	0.07939903140407358	0.841201937191853	
TAF5L	0.014006677612277212	0.7483524834410007	0.23764083894672203	
AC018647.2	0.04931852630705079	0.2400340408385843	0.7106474328543649	
GINM1	0.068056247801682	0.068056247801682	0.8638875043966361	
BX284668.5	0.8799184987993997	0.06004075060030014	0.06004075060030014	
RHBDD2	0.06543807681942357	0.06543807681942357	0.8691238463611529	
LINC00920	0.01800007153925955	0.01800007153925955	0.9639998569214808	
PHF10	0.514377526974455	0.4336810156774529	0.05194145734809211	
MBOAT7	0.38351266602655204	0.5704190960639084	0.04606823790953955	
NCKAP5	0.8708709861995099	0.064564506900245	0.064564506900245	
ZRANB3	0.6310596318964565	0.3263637815219872	0.042576586581556254	
ASTE1	0.4663303594997633	0.47903140819176193	0.05463823230847468	
GPAT4	0.06152244720089285	0.23209018353848632	0.7063873692606207	
LINC00271	0.8540098026385656	0.07299509868071714	0.07299509868071714	
RNF220	0.8279476391880856	0.08602618040595726	0.08602618040595726	
GABARAP	0.8536924819424844	0.07315375902875781	0.07315375902875781	
BCL7A	0.8429250726601974	0.07853746366990123	0.07853746366990123	
RHOV	0.009726486138968378	0.8253755919584533	0.16489792190257835	
FGF13	0.9096440418187519	0.045177979090623994	0.045177979090623994	
GBGT1	0.8849465792335817	0.05752671038320914	0.05752671038320914	
NUP210	0.8738096390043881	0.06309518049780585	0.06309518049780585	
MAP7D3	0.010777359200870506	0.748663289288515	0.24055935151061458	
TMEM187	0.8409299789533503	0.07953501052332483	0.07953501052332483	
NKTR	0.08107285208860733	0.08107285208860733	0.8378542958227854	
ETV3	0.03296472588585513	0.3443100788067243	0.6227251953074205	
MRPL43	0.3140354508623826	0.6506593160363144	0.03530523310130289	
ACKR2	0.007286301922947822	0.73591649421773	0.25679720385932214	
SEC22B	0.34943440967423295	0.6166980660103923	0.03386752431537467	
SENP3	0.027834369302157595	0.5008636673204088	0.47130196337743363	
PEF1	0.19910632245834822	0.7787124050630826	0.02218127247856921	
RPL19	0.7951990713682144	0.10240046431589281	0.10240046431589281	
URM1	0.7982826058464946	0.10085869707675274	0.10085869707675274	
ATP5F1A	0.0665675960503196	0.1366666997939051	0.7967657041557753	
SLC18B1	0.03077683470102688	0.4936894981511301	0.47553366714784295	
ZNF780B	0.8317973425681967	0.08410132871590167	0.08410132871590167	
UNKL	0.17420323359145384	0.8085872713560313	0.017209495052514998	
SPATC1L	0.9182519714816905	0.04087401425915472	0.04087401425915472	
SPATA5L1	0.8180253489958004	0.09098732550209987	0.09098732550209987	
CLPB	0.023254118310647658	0.6243857508617413	0.3523601308276109	
TXNDC15	0.8026030312365708	0.09869848438171465	0.09869848438171465	
ANKRD13B	0.030091574186687026	0.030091574186687026	0.9398168516266259	
EYS	0.9046221891943761	0.047688905402811906	0.047688905402811906	
FSD1L	0.8097529459145021	0.09512352704274903	0.09512352704274903	
ERC1	0.02694268195330878	0.6918333258486337	0.28122399219805755	
ADAL	0.07875054115613252	0.07875054115613252	0.8424989176877351	
AKAP10	0.81225153648197	0.09387423175901506	0.09387423175901506	
PRDM4	0.812881431882533	0.09355928405873354	0.09355928405873354	
ZNF785	0.08282140523809176	0.08282140523809176	0.8343571895238164	
SPIN3	0.4325406293805216	0.5303014384702958	0.03715793214918246	
RRP15	0.8420053296854925	0.07899733515725377	0.07899733515725377	
ATRIP	0.03825054887237616	0.44750410698273413	0.5142453441448899	
BRWD3	0.07670542725803646	0.07670542725803646	0.846589145483927	
RBM15B	0.051888728952375736	0.051888728952375736	0.8962225420952485	
ZNF624	0.04915489837410209	0.04915489837410209	0.9016902032517958	
TIMM29	0.13511544326371944	0.8472253634110581	0.017659193325222425	
RPA4	0.01083217718709487	0.785587463082818	0.20358035973008712	
ZGPAT	0.02641746964776113	0.5936858837333477	0.37989664661889105	
COQ10B	0.02833864766032178	0.5145231967727184	0.45713815556695975	
C1QTNF6	0.17085256493271928	0.8116914998706135	0.01745593519666728	
IPO8	0.09108042837808944	0.09108042837808944	0.8178391432438211	
KDM4B	0.017497503507876756	0.7688338980777762	0.21366859841434693	
RAD51AP1	0.35300681353212615	0.629296062281737	0.01769712418613684	
CLK1	0.8758664414917868	0.062066779254106544	0.062066779254106544	
WDR25	0.8428725606339962	0.07856371968300194	0.07856371968300194	
SPINDOC	0.8317984187499002	0.10328736818425577	0.06491421306584384	
COA7	0.045579234506514986	0.4595955290118059	0.4948252364816791	
SRP19	0.036630343025097184	0.6160809433111476	0.3472887136637553	
C5orf30	0.009752656016876063	0.8717944858934564	0.1184528580896674	
CAPZB	0.07703738999613677	0.07703738999613677	0.8459252200077265	
MED21	0.8102956909683152	0.09485215451584243	0.09485215451584243	
YARS	0.0321096375486721	0.5246014006075739	0.443288961843754	
ZYX	0.0721113251135873	0.0721113251135873	0.8557773497728254	
DENND4A	0.8275365329310667	0.0862317335344667	0.0862317335344667	
YIPF3	0.1610870018598495	0.8201944317051301	0.01871856643502034	
CCDC61	0.8160036601056085	0.09199816994719576	0.09199816994719576	
ZNF529	0.8509986736186563	0.07450066319067182	0.07450066319067182	
HBA2	0.011242514783931791	0.011242514783931791	0.9775149704321364	
USP22	0.08338002262523467	0.08338002262523467	0.8332399547495306	
FXR2	0.028246185112440297	0.6219442982392318	0.349809516648328	
MYO6	0.18709972453573123	0.7870904587419835	0.02580981672228531	
TALDO1	0.019484206232349137	0.7499297271946403	0.23058606657301056	
VKORC1	0.818671537811657	0.09066423109417154	0.09066423109417154	
ATMIN	0.018517307982742905	0.7427362405937534	0.2387464514235037	
SGMS1-AS1	0.04536547263661916	0.04536547263661916	0.9092690547267618	
SARAF	0.803530216918857	0.09823489154057158	0.09823489154057158	
ZNF737	0.8574098163314177	0.07129509183429111	0.07129509183429111	
PDIA6	0.5209985129868461	0.4315067049428448	0.04749478207030897	
NCAPH	0.22012443827861639	0.7688187559340269	0.01105680578735666	
SLC7A11	0.05139693230367042	0.05139693230367042	0.8972061353926593	
MANEAL	0.01697297786086263	0.5554231700409212	0.4276038520982161	
ARHGEF7	0.05328762164718266	0.5015227930377564	0.4451895853150611	
SDF4	0.04675172807720808	0.5061239040497783	0.44712436787301363	
KLHL5	0.22186163009725082	0.7678466708153443	0.010291699087404764	
NUDT4	0.23422217766105508	0.7425245032037181	0.023253319135226814	
MAFG	0.03643639835972054	0.34360555573987156	0.619958045900408	
CDC27	0.08800371234121472	0.08800371234121472	0.8239925753175705	
TAF1B	0.20331231717152007	0.7791232614145125	0.01756442141396745	
STK38L	0.07068686299188504	0.07068686299188504	0.85862627401623	
CHCHD5	0.8010544385970997	0.09947278070145021	0.09947278070145021	
FAM135A	0.0840378898071285	0.0840378898071285	0.831924220385743	
FKBP4	0.020504198371988757	0.5113699744221477	0.4681258272058636	
RILPL2	0.05144289930838137	0.05144289930838137	0.8971142013832373	
GMPR2	0.3644794457618186	0.5976771211786104	0.03784343305957106	
CDIP1	0.8534628678374923	0.07326856608125383	0.07326856608125383	
AL135791.1	0.048091699704527015	0.048091699704527015	0.903816600590946	
AZIN1	0.09804078377030193	0.8906879770206998	0.011271239208998233	
TACC1	0.08452678721516034	0.08452678721516034	0.8309464255696792	
ARL2	0.07081506777199682	0.07081506777199682	0.8583698644560064	
SDAD1	0.06460537638007609	0.06460537638007609	0.8707892472398479	
SUSD6	0.04878446113300974	0.04878446113300974	0.9024310777339806	
HBM	0.011440013822874438	0.011440013822874438	0.9771199723542511	
VPS9D1-AS1	0.8857890273638042	0.05710548631809787	0.05710548631809787	
DNAJC10	0.07093877227712928	0.07093877227712928	0.8581224554457415	
PRNCR1	0.0463390186075466	0.0463390186075466	0.9073219627849068	
ADGRA3	0.019251382781983357	0.6917204102955999	0.2890282069224166	
ZNF121	0.6893399914273314	0.2462586624584679	0.0644013461142008	
ALOX12-AS1	0.0642243219579457	0.0642243219579457	0.8715513560841087	
ARMC1	0.20802400981154603	0.7674695863072358	0.02450640388121808	
ICAM2	0.8669116373047963	0.06654418134760183	0.06654418134760183	
FTSJ1	0.07201580539666734	0.07201580539666734	0.8559683892066654	
IFNAR1	0.09021138987834451	0.09021138987834451	0.8195772202433109	
METTL21A	0.06360120777481557	0.06360120777481557	0.8727975844503689	
SMPDL3A	0.041715744826200975	0.041715744826200975	0.9165685103475981	
ZNF776	0.8372916570724296	0.08135417146378525	0.08135417146378525	
RABGGTB	0.7898134063074251	0.10509329684628749	0.10509329684628749	
GPR180	0.05480262603789583	0.05480262603789583	0.8903947479242084	
SMCR8	0.0630244450214559	0.0630244450214559	0.8739511099570882	
MYZAP	0.03731479632423816	0.03731479632423816	0.9253704073515238	
MRPL48	0.1588099656151318	0.8172091612400482	0.023980873144819958	
HMOX1	0.022516365128935317	0.1791531849033096	0.7983304499677552	
NUFIP1	0.8714108502900026	0.06429457485499859	0.06429457485499859	
KALRN	0.08140094186345245	0.08140094186345245	0.837198116273095	
HSP90AB1	0.8571404413306383	0.07142977933468081	0.07142977933468081	
RAB11FIP1	0.06515588988043435	0.06515588988043435	0.8696882202391314	
ATF6	0.09317768921158469	0.09317768921158469	0.8136446215768306	
RNF167	0.296957984386236	0.6690611246084218	0.03398089100534212	
ABHD14A	0.05787063898267897	0.05787063898267897	0.8842587220346422	
HMGCL	0.801098563946115	0.09945071802694255	0.09945071802694255	
EMILIN2	0.049406247020955266	0.049406247020955266	0.9011875059580895	
NDUFA8	0.8152467363659067	0.09237663181704668	0.09237663181704668	
PPOX	0.8165779375921964	0.09171103120390182	0.09171103120390182	
NIP7	0.07779206383678584	0.07779206383678584	0.8444158723264283	
RPUSD4	0.46591436057314944	0.4826088029393814	0.05147683648746913	
ATXN2L	0.6582331911448912	0.2601508133782834	0.08161599547682544	
PPP1CB	0.022268162976471287	0.7363592986405598	0.2413725383829688	
AP001528.1	0.8700179550606263	0.06499102246968678	0.06499102246968678	
AL139260.1	0.3859477224120396	0.5874660826021825	0.026586194985777852	
ALDH9A1	0.8126843653590412	0.09365781732047943	0.09365781732047943	
RAB23	0.8779397781697822	0.061030110915108876	0.061030110915108876	
AFTPH	0.09651712335632304	0.09651712335632304	0.8069657532873539	
AL353622.1	0.04755307028216111	0.04755307028216111	0.9048938594356778	
DENND4C	0.1740103148004473	0.8011050821330353	0.02488460306651741	
ZC3H4	0.05445484065242678	0.05445484065242678	0.8910903186951465	
TBC1D7	0.050089793602599714	0.3749323436938036	0.5749778627035967	
NOMO1	0.05781279094552214	0.05781279094552214	0.8843744181089558	
AC027644.3	0.047069106998735684	0.047069106998735684	0.9058617860025286	
MMP25-AS1	0.835753541224213	0.08212322938789354	0.08212322938789354	
PRDM15	0.05730524296133565	0.05730524296133565	0.8853895140773288	
ACTR8	0.8030742606018005	0.0984628696990998	0.0984628696990998	
WWOX	0.8213505232208513	0.08932473838957436	0.08932473838957436	
TUT1	0.44359614421123233	0.5078716367420292	0.048532219046738455	
ZMAT5	0.8161200217303479	0.09193998913482608	0.09193998913482608	
ACBD5	0.7993409534090732	0.10032952329546349	0.10032952329546349	
FES	0.9091607380510446	0.04541963097447766	0.04541963097447766	
ALG14	0.04590344836512676	0.46980637577804985	0.4842901758568235	
OGDH	0.028280362991469844	0.6930653734408732	0.278654263567657	
CCDC122	0.020341491249524144	0.728578195886205	0.25108031286427085	
PCF11	0.0639551625657317	0.0639551625657317	0.8720896748685367	
ATP5MG	0.0337638157632461	0.6526355354443458	0.313600648792408	
DESI1	0.09134350763725584	0.09134350763725584	0.8173129847254883	
ZNF516	0.8430829730730979	0.07845851346345113	0.07845851346345113	
CSTF2	0.0847845531810639	0.0847845531810639	0.8304308936378721	
TMEM241	0.02998327804445089	0.573417300658716	0.3965994212968331	
TUFT1	0.17929712621827107	0.808495498759711	0.01220737502201787	
LONRF1	0.8491971399191939	0.07540143004040306	0.07540143004040306	
SPATA20	0.0739756651850729	0.0739756651850729	0.8520486696298541	
CHMP1B	0.021654490420182658	0.5508735750566469	0.4274719345231704	
MRPS2	0.8280925559328226	0.08595372203358873	0.08595372203358873	
NCKIPSD	0.36899414164088834	0.5793976118860911	0.051608246473020536	
LINC00672	0.032970782798385674	0.032970782798385674	0.9340584344032286	
ZSCAN25	0.2402197294242848	0.7299367321776493	0.02984353839806593	
SAE1	0.25413510975785447	0.7179278312183294	0.0279370590238161	
ANAPC4	0.09107191532074851	0.09107191532074851	0.8178561693585029	
RCN2	0.1804239876847233	0.7996768822422609	0.01989913007301588	
FBXL12	0.8254182508608443	0.08729087456957788	0.08729087456957788	
ZBED3-AS1	0.8604961222650866	0.06975193886745668	0.06975193886745668	
AC004982.2	0.010288988549462641	0.8101752549489637	0.1795357565015736	
RNLS	0.8285686323868289	0.08571568380658562	0.08571568380658562	
C12orf4	0.08022110689346008	0.08022110689346008	0.8395577862130799	
KATNBL1	0.011327885042210321	0.8925797977402108	0.0960923172175789	
STAM-AS1	0.8517340909747465	0.0741329545126268	0.0741329545126268	
SLC50A1	0.02189499824098254	0.787239478466115	0.19086552329290252	
PILRB	0.06466956315268936	0.06466956315268936	0.8706608736946213	
DCAF16	0.7996578772305948	0.10017106138470264	0.10017106138470264	
FH	0.02636040608439889	0.6624818194245891	0.311157774491012	
ANAPC16	0.7668034911904409	0.1165982544047796	0.1165982544047796	
DNM3	0.03887922372422817	0.03887922372422817	0.9222415525515437	
KIF18B	0.18120846887773007	0.8094172225800234	0.009374308542246593	
CAND1	0.27843236635425783	0.6834855192693297	0.038082114376412506	
C1orf162	0.0443324298605959	0.0443324298605959	0.9113351402788082	
NTPCR	0.6335424674675896	0.29908116504069104	0.06737636749171927	
DDX3X	0.061136347780241025	0.061136347780241025	0.877727304439518	
FCMR	0.8871188714926406	0.056440564253679694	0.056440564253679694	
STAT2	0.07681605443898543	0.07681605443898543	0.8463678911220293	
SMAP1	0.09453481631097056	0.09453481631097056	0.8109303673780588	
PEBP1	0.025365224291038022	0.6205948806927174	0.35403989501624467	
IGSF8	0.029444830878866544	0.6568151929145016	0.31373997620663185	
SMN2	0.7969242442604183	0.17100571262230058	0.03207004311728107	
TBC1D14	0.07641716227421097	0.07641716227421097	0.8471656754515781	
ZFHX3	0.8480330959227285	0.07598345203863574	0.07598345203863574	
TCF7	0.043011773394189226	0.043011773394189226	0.9139764532116216	
TCTE3	0.053538552747004683	0.053538552747004683	0.8929228945059907	
MSH6	0.24419201152545061	0.7331094824015658	0.022698506072983623	
ZKSCAN2	0.2679009172583025	0.7121172072814131	0.01998187546028441	
RASGEF1A	0.03690595023165821	0.03690595023165821	0.9261880995366835	
NTRK2	0.8984518334623727	0.05077408326881363	0.05077408326881363	
C16orf58	0.2536836463185636	0.7122532410892585	0.03406311259217785	
TM2D1	0.09764506198548101	0.09764506198548101	0.804709876029038	
STAT5B	0.8107867648327793	0.09460661758361036	0.09460661758361036	
ASRGL1	0.0484687547172912	0.0484687547172912	0.9030624905654177	
ARFGEF1	0.046502877196013044	0.4647969924433378	0.4887001303606493	
RHEBL1	0.8677049030934096	0.0661475484532951	0.0661475484532951	
INTS4	0.338302807730125	0.6191256077093941	0.0425715845604809	
XRRA1	0.8936018613682339	0.053199069315883	0.053199069315883	
KIAA0586	0.051504996874270154	0.051504996874270154	0.8969900062514597	
CHERP	0.15058118374859703	0.8270443026435653	0.02237451360783762	
SYS1	0.4127502431990891	0.5479073934139616	0.03934236338694929	
SLC39A11	0.8148616657848158	0.09256916710759217	0.09256916710759217	
NUTM2A-AS1	0.06197813438819461	0.06197813438819461	0.8760437312236108	
ZSWIM3	0.8830448512898296	0.05847757435508515	0.05847757435508515	
CNPPD1	0.0665691212876792	0.0665691212876792	0.8668617574246417	
CSAD	0.06028410972310593	0.06028410972310593	0.8794317805537882	
AC092053.3	0.0367312408641497	0.0367312408641497	0.9265375182717005	
CHMP4A	0.8379667739617376	0.08101661301913125	0.08101661301913125	
TMEM236	0.04718139004265319	0.04718139004265319	0.9056372199146937	
GSTP1	0.2182174538099291	0.7620382147418823	0.01974433144818875	
DDX19B	0.06466636796090774	0.06466636796090774	0.8706672640781846	
UBE2Q1	0.0736161945199626	0.0736161945199626	0.8527676109600748	
PLEKHO1	0.9069705386399193	0.04651473068004031	0.04651473068004031	
TOLLIP	0.8036106104518921	0.098194694774054	0.098194694774054	
SLC26A2	0.019787646089675082	0.6866347077473439	0.2935776461629811	
HSPA6	0.9530159399885659	0.023492030005716997	0.023492030005716997	
OSBPL10	0.05062587070744284	0.05062587070744284	0.8987482585851144	
ZNF16	0.8368097986909758	0.0815951006545121	0.0815951006545121	
HMBS	0.031038401259625755	0.46971987382408115	0.499241724916293	
PRKCI	0.07035678916628989	0.3748094671063315	0.5548337437273786	
GZF1	0.0622475018570373	0.0622475018570373	0.8755049962859255	
CD93	0.9425324930226899	0.02873375348865501	0.02873375348865501	
MFSD10	0.25336381463410285	0.7101498645633864	0.036486320802510845	
KCP	0.8726892147850888	0.06365539260745555	0.06365539260745555	
INO80	0.028570006208966995	0.6720027333083056	0.29942726048272733	
FAM227B	0.8622637357086987	0.06886813214565059	0.06886813214565059	
UBAP2	0.024000462647898225	0.7363917229892317	0.23960781436287004	
HLTF	0.6848817231044954	0.2685254646375996	0.04659281225790501	
CDADC1	0.8251265702102863	0.08743671489485685	0.08743671489485685	
SEC23A	0.7951652997731227	0.10241735011343872	0.10241735011343872	
SNAPC4	0.053605565735517106	0.053605565735517106	0.8927888685289659	
AC116366.1	0.024301732448515617	0.024301732448515617	0.9513965351029687	
GPALPP1	0.8171589914062135	0.09142050429689332	0.09142050429689332	
HELZ2	0.041885220950464964	0.041885220950464964	0.9162295580990701	
PMF1	0.24648190916763163	0.723978002954194	0.029540087878174297	
TIPARP	0.04371108665403108	0.04371108665403108	0.9125778266919379	
IFIT5	0.8172518687973177	0.09137406560134119	0.09137406560134119	
SHPRH	0.06791614102638742	0.06791614102638742	0.8641677179472252	
GFPT1	0.01744546599644145	0.8251448956789891	0.15740963832456947	
DUSP22	0.08392421464934365	0.08392421464934365	0.8321515707013127	
AC091729.3	0.8570424935297933	0.07147875323510333	0.07147875323510333	
MCM2	0.23990932952613706	0.7437241746853637	0.01636649578849932	
TTC26	0.9004279431421851	0.049786028428907406	0.049786028428907406	
TTC17	0.7626105142281904	0.11869474288590487	0.11869474288590487	
MINDY3	0.4672114212758771	0.46878493326611453	0.06400364545800834	
ATAD5	0.011777476134987646	0.6846459695248872	0.3035765543401251	
SYTL3	0.04490657969100007	0.04490657969100007	0.9101868406179999	
AC018413.1	0.056304376244015186	0.056304376244015186	0.8873912475119696	
UBE2V2	0.28771440073149696	0.6724167303658641	0.039868868902638833	
HACL1	0.48254450007327854	0.45987748214873686	0.05757801777798452	
MAFB	0.036269223166813115	0.036269223166813115	0.9274615536663737	
IFNAR2	0.8597192437325787	0.0701403781337106	0.0701403781337106	
EHBP1	0.8332157914021258	0.08339210429893715	0.08339210429893715	
ANLN	0.14574222344277124	0.8458827003164715	0.008375076240757144	
CNTNAP3B	0.02324234381908216	0.02324234381908216	0.9535153123618356	
BRWD1	0.0928714190082049	0.892098312083047	0.015030268908748161	
KIFAP3	0.0723278076774591	0.0723278076774591	0.8553443846450818	
PTPRJ	0.061226236129922854	0.061226236129922854	0.8775475277401543	
APPL2	0.051605013794232116	0.051605013794232116	0.8967899724115358	
ARHGAP31	0.9002582382060619	0.049870880896969	0.049870880896969	
RAD52	0.03736746344131444	0.35784738225260937	0.6047851543060762	
TUSC1	0.2761589529159008	0.6999955284693327	0.02384551861476644	
MED25	0.7114974780821428	0.18004585685315577	0.1084566650647015	
LARGE1	0.0631950732735807	0.0631950732735807	0.8736098534528387	
CISD2	0.7806603600582651	0.10966981997086751	0.10966981997086751	
CREB3L1	0.8384928134969178	0.08075359325154113	0.08075359325154113	
DHFR2	0.06719866360484598	0.06719866360484598	0.8656026727903081	
CCDC159	0.07486866725250158	0.07486866725250158	0.850262665494997	
C1orf216	0.03379381839396258	0.03379381839396258	0.9324123632120748	
MCU	0.08679817244988668	0.08679817244988668	0.8264036551002266	
TMBIM1	0.2639742058156686	0.7118600717837685	0.02416572240056275	
RAD1	0.13089257030931567	0.8552651486480061	0.01384228104267831	
RPL27A	0.21506789107137317	0.755890441242412	0.029041667686214672	
ARHGAP18	0.8194916835450888	0.09025415822745562	0.09025415822745562	
EMG1	0.02144114615184242	0.636413433704648	0.34214542014350957	
AC018816.1	0.03446278591202829	0.03446278591202829	0.9310744281759433	
KPNB1	0.04972565675688348	0.4901127225177142	0.4601616207254023	
PSMD6	0.24971165336539694	0.7171436853397218	0.03314466129488104	
WRNIP1	0.03470066036645741	0.6201257856637233	0.34517355396981925	
RARA-AS1	0.0654104850944889	0.0654104850944889	0.8691790298110222	
SNX33	0.06474240059864651	0.06474240059864651	0.870515198802707	
CKMT2	0.8902757826580094	0.05486210867099526	0.05486210867099526	
RAVER2	0.0984155977716845	0.0984155977716845	0.803168804456631	
NEK9	0.3001779484220451	0.6571071661566593	0.042714885421295486	
C1orf112	0.3054636908801385	0.6715474049461259	0.022988904173735586	
GTPBP1	0.04389198259793998	0.04389198259793998	0.9122160348041201	
DUS3L	0.03152176174495418	0.6847666324516137	0.2837116058034322	
LMNB2	0.01392024743575082	0.8016904224129282	0.1843893301513209	
SYP	0.8847519222698814	0.05762403886505923	0.05762403886505923	
ARID3B	0.026259713798862633	0.5353792274877128	0.43836105871342446	
MIR497HG	0.033679007033738224	0.033679007033738224	0.9326419859325235	
AZIN1-AS1	0.8420113505982496	0.07899432470087518	0.07899432470087518	
AP003119.2	0.8942696494538295	0.05286517527308523	0.05286517527308523	
TIMM8B	0.07646634854753691	0.07646634854753691	0.8470673029049263	
INTS10	0.08694299476493152	0.08694299476493152	0.8261140104701369	
VPS50	0.09297410963225967	0.09297410963225967	0.8140517807354807	
ZNF669	0.0661829756438981	0.0661829756438981	0.8676340487122038	
CBFA2T3	0.8722293596447311	0.0638853201776344	0.0638853201776344	
VAPA	0.6149471113689283	0.3049882550799359	0.08006463355113573	
GIPC2	0.8157044959663864	0.09214775201680685	0.09214775201680685	
LINC00926	0.07405166880789237	0.07405166880789237	0.8518966623842154	
CHML	0.013209628399869786	0.8517551324775908	0.13503523912253948	
AJM1	0.8005000747210131	0.09974996263949347	0.09974996263949347	
ATF6B	0.09892508015275704	0.09892508015275704	0.8021498396944858	
MAD1L1	0.09373755702542205	0.09373755702542205	0.8125248859491558	
ZNF391	0.45661612143463215	0.513371562409442	0.030012316155925825	
NOL10	0.039486528205476414	0.5207592368597544	0.43975423493476923	
PLXNA3	0.06122733761206463	0.06122733761206463	0.8775453247758708	
CAPG	0.8437217188005571	0.07813914059972141	0.07813914059972141	
FAM193A	0.09626621847171124	0.09626621847171124	0.8074675630565775	
TBC1D1	0.05159458027687514	0.4986873094731602	0.4497181102499648	
DPH6	0.505724966954166	0.4341618715281239	0.06011316151771007	
MPP5	0.016527848489196667	0.8403282655190206	0.14314388599178265	
MXD1	0.021700854656688008	0.37288060983088156	0.6054185355124304	
ILF3	0.024360499818983906	0.6958516874748549	0.2797878127061611	
ITGAV	0.03160229508059429	0.6840748747010721	0.28432283021833354	
LINC00909	0.08150352707806019	0.08150352707806019	0.8369929458438796	
SMYD5	0.857195326329576	0.07140233683521197	0.07140233683521197	
SPATS2L	0.04714680378133492	0.04714680378133492	0.9057063924373302	
LINC00894	0.04839738546125123	0.04839738546125123	0.9032052290774976	
MGAT1	0.2469565342151429	0.7210986857384609	0.03194478004639615	
SLIT3	0.9141636096877436	0.04291819515612816	0.04291819515612816	
NUDT19	0.06552788453348705	0.06552788453348705	0.868944230933026	
NDUFA3	0.07188847529014031	0.07188847529014031	0.8562230494197195	
CEP126	0.851251572545478	0.07437421372726098	0.07437421372726098	
TMC8	0.03426965526719674	0.03426965526719674	0.9314606894656065	
DUSP28	0.08774077660834585	0.08774077660834585	0.8245184467833082	
PDCD11	0.04373919865000495	0.27628581884724324	0.6799749825027518	
AC009163.7	0.887244810008508	0.05637759499574594	0.05637759499574594	
ARHGEF9	0.7598440024191607	0.12007799879041971	0.12007799879041971	
FAM8A1	0.05902029014223278	0.36395092460929923	0.577028785248468	
VPS37A	0.2054731364586031	0.7623303588907556	0.032196504650641174	
FTX	0.08348746953353572	0.08348746953353572	0.8330250609329285	
AHI1	0.7815020871172089	0.10924895644139562	0.10924895644139562	
ATP5PO	0.031710607014252	0.5236318040418476	0.44465758894390023	
AC007686.3	0.045623240632236974	0.045623240632236974	0.9087535187355261	
MED27	0.4068195738056842	0.5457348532621481	0.047445572932167696	
JAK3	0.9110528490637791	0.04447357546811038	0.04447357546811038	
GCC2	0.8043647008460496	0.09781764957697524	0.09781764957697524	
SEC11A	0.27313736363092667	0.6891365740346346	0.03772606233443864	
LIG3	0.15757133198970372	0.8239807981686005	0.01844786984169584	
FUOM	0.8047933305970288	0.09760333470148565	0.09760333470148565	
GEM	0.9157833905737098	0.04210830471314504	0.04210830471314504	
PBX3	0.05935676364565882	0.05935676364565882	0.8812864727086824	
STAG2	0.800620678058558	0.09968966097072109	0.09968966097072109	
TSPAN8	0.07812621745198363	0.07812621745198363	0.8437475650960327	
NOL11	0.23775664521364828	0.7346300966982203	0.027613258088131445	
THAP1	0.7886071210669848	0.10569643946650763	0.10569643946650763	
MAP7D2	0.008428876235859657	0.7841187347982536	0.20745238896588675	
SYT11	0.9268919096189356	0.03655404519053213	0.03655404519053213	
B3GNT3	0.14055602854639707	0.8467476894762929	0.012696281977309945	
ILDR1	0.049599568603271055	0.3327786007330319	0.6176218306636971	
SPATA5	0.05203746300641104	0.05203746300641104	0.895925073987178	
TSPAN10	0.8845493414347306	0.057725329282634644	0.057725329282634644	
RNASEH2B	0.838873034041775	0.08056348297911253	0.08056348297911253	
SGCB	0.8252155459691294	0.08739222701543535	0.08739222701543535	
FTH1	0.0573398870727695	0.0573398870727695	0.885320225854461	
PCBP2	0.792969378729986	0.10351531063500709	0.10351531063500709	
PPP1R26	0.0528286388392973	0.0528286388392973	0.8943427223214054	
IQCH	0.04818115980801493	0.04818115980801493	0.9036376803839702	
JUND	0.04547394952663642	0.04547394952663642	0.9090521009467272	
HADH	0.8080250162087413	0.09598749189562937	0.09598749189562937	
SEC22A	0.37482095563262774	0.5908969500709285	0.03428209429644369	
COMMD8	0.030565999549203502	0.6523187492721054	0.31711525117869094	
TMEM44-AS1	0.03251302749995144	0.5741829890482432	0.39330398345180534	
MGAT2	0.08315853216343236	0.08315853216343236	0.8336829356731352	
PARP16	0.2873826418894012	0.6833956947831658	0.029221663327432992	
B3GNT5	0.02202044513188541	0.5045920615310334	0.4733874933370812	
CCDC130	0.08906244682281367	0.08906244682281367	0.8218751063543727	
SMG9	0.1398853815474837	0.8403879507446831	0.019726667707833108	
TRAPPC4	0.8113415866965809	0.09432920665170962	0.09432920665170962	
POLD4	0.04835944990021369	0.04835944990021369	0.9032811001995726	
ATP10D	0.01184213706636112	0.8505499371059445	0.13760792582769446	
CINP	0.7995112494518649	0.1002443752740676	0.1002443752740676	
LOXL1	0.6494968918885324	0.3005234103487056	0.04997969776276181	
RALGPS1	0.020512647218709646	0.8018699827317753	0.17761737004951503	
SUPT7L	0.2701577350107491	0.684207652033866	0.04563461295538478	
UNC119B	0.04170963795657309	0.4303196559712832	0.5279707060721437	
GPR153	0.030833039015595688	0.030833039015595688	0.9383339219688086	
NCAM2	0.9069790729874065	0.04651046350629669	0.04651046350629669	
ARFGAP3	0.7806295410178384	0.10968522949108081	0.10968522949108081	
LRSAM1	0.08904888648783453	0.08904888648783453	0.8219022270243309	
PET100	0.5726951734631094	0.3668617292228372	0.06044309731405332	
GATAD2B	0.1010575969845971	0.1010575969845971	0.7978848060308058	
TMEM9B-AS1	0.04061386582051525	0.04061386582051525	0.9187722683589695	
LRRC8B	0.06269915107220483	0.06269915107220483	0.8746016978555904	
WDR5	0.043298633821646185	0.38797337207419863	0.5687279941041552	
PTCD1	0.33999720519617843	0.6232546784822783	0.03674811632154318	
SLC38A10	0.024703711228397793	0.7653941211397229	0.20990216763187927	
SEPHS2	0.0721905368569831	0.0721905368569831	0.8556189262860338	
BCO1	0.045827583261795174	0.045827583261795174	0.9083448334764097	
CLPTM1	0.0502952728830478	0.5042246819276845	0.44548004518926765	
FBXO28	0.4494133518813773	0.48763091572433886	0.06295573239428379	
STX2	0.9043019850014137	0.04784900749929311	0.04784900749929311	
TMEM126B	0.7861659440268096	0.10691702798659526	0.10691702798659526	
RB1	0.07671756830349301	0.07671756830349301	0.846564863393014	
CDC6	0.012075874896172045	0.7223995767834095	0.26552454832041844	
SCML2	0.8856372742436482	0.05718136287817586	0.05718136287817586	
SRI	0.013766964122047084	0.7255259835919962	0.26070705228595675	
ZNF768	0.08675170265444594	0.08675170265444594	0.826496594691108	
AGER	0.8487863546303385	0.07560682268483078	0.07560682268483078	
VCP	0.029131786172211217	0.7328657310897665	0.23800248273802221	
ASF1B	0.14483805906426583	0.8438649285860882	0.011297012349645981	
ZNF280B	0.04819138395234161	0.04819138395234161	0.9036172320953169	
PCK2	0.813281561558227	0.09335921922088655	0.09335921922088655	
DDAH2	0.05774389834854057	0.05774389834854057	0.8845122033029189	
SHMT2	0.5353314523580472	0.4061414746056049	0.05852707303634783	
XKR6	0.8605615569991262	0.06971922150043691	0.06971922150043691	
DIMT1	0.5098471355425354	0.4269804328090996	0.06317243164836497	
TIMM17B	0.2538679281798812	0.7147900115159771	0.03134206030414161	
CASP8AP2	0.026573990947046412	0.660482305135922	0.3129437039170317	
SMC4	0.3597131576811495	0.6100679105948816	0.030218931723968803	
RIMKLB	0.8188140385532706	0.10882814226809992	0.0723578191786293	
APEX2	0.07317839817711845	0.2712692834416441	0.6555523183812375	
WDR66	0.8898846723193732	0.05505766384031338	0.05505766384031338	
RNF121	0.2094052725682514	0.7640212728601339	0.026573454571614672	
RMDN3	0.537309126990599	0.39582321314326285	0.06686765986613805	
CMC4	0.05134413821395047	0.05134413821395047	0.8973117235720991	
KIF24	0.018011123714182304	0.5354964838290092	0.44649239245680866	
CDS2	0.7881235222708628	0.10593823886456864	0.10593823886456864	
SF3B6	0.32894589032788035	0.625307103911833	0.04574700576028662	
SKIL	0.059310957428816556	0.059310957428816556	0.8813780851423669	
AC005838.2	0.02419353606498518	0.546983873776794	0.4288225901582208	
RBM38	0.05267953515837594	0.05267953515837594	0.8946409296832482	
FANCC	0.8050647002811651	0.09746764985941753	0.09746764985941753	
SMIM29	0.06923574741925047	0.06923574741925047	0.861528505161499	
FGD6	0.023837028119146533	0.5779705369580977	0.3981924349227557	
DCAF4	0.022130415183047557	0.6206944211261641	0.3571751636907883	
PLEKHB1	0.05821774373560134	0.05821774373560134	0.8835645125287974	
CNPY4	0.8450464617787549	0.07747676911062258	0.07747676911062258	
URI1	0.029057147682217652	0.5775222195738574	0.393420632743925	
RIC8A	0.09394682495181045	0.09394682495181045	0.8121063500963791	
EFCAB5	0.015755647177493035	0.651903019434267	0.33234133338824	
SLC25A53	0.06055557237126191	0.06055557237126191	0.8788888552574763	
HAUS7	0.01180017677458899	0.7593980780430553	0.2288017451823557	
SDC3	0.028826073057032286	0.028826073057032286	0.9423478538859353	
LINC02193	0.04134585926903081	0.04134585926903081	0.9173082814619384	
TGFBR3	0.4106912552417136	0.5604307115362488	0.028878033222037556	
MVK	0.029292800609507987	0.6340066362097148	0.3367005631807773	
ARHGAP24	0.41408307956572116	0.555962752075272	0.029954168359006834	
RUVBL1	0.836050081207196	0.08197495939640204	0.08197495939640204	
DMGDH	0.046347109143338186	0.046347109143338186	0.9073057817133237	
WASHC5	0.09441951962010403	0.09441951962010403	0.8111609607597919	
TNRC6A	0.08691329473677999	0.08691329473677999	0.82617341052644	
TYMS	0.19892120622200213	0.7887772012795191	0.012301592498478753	
DEPDC4	0.22995915082584975	0.7512296350311248	0.0188112141430254	
SLC35E2A	0.06333478173138848	0.06333478173138848	0.8733304365372231	
NPIPA1	0.05581278246445769	0.05581278246445769	0.8883744350710847	
SMC1A	0.020814259533338007	0.6749666660085432	0.30421907445811885	
NAA38	0.07743293376325097	0.07743293376325097	0.845134132473498	
POM121C	0.082686544584474	0.082686544584474	0.834626910831052	
EBNA1BP2	0.03608799692341206	0.5869692942854904	0.3769427087910974	
SRGAP3	0.05166347870635137	0.05166347870635137	0.8966730425872973	
FCHSD2	0.8292375813691677	0.08538120931541622	0.08538120931541622	
ITGA7	0.05470187101339662	0.05470187101339662	0.8905962579732069	
SULT1B1	0.0837866495124624	0.0837866495124624	0.8324267009750752	
VAMP3	0.03269997299275553	0.6981877586933892	0.26911226831385526	
CTBS	0.0964391044058265	0.0964391044058265	0.8071217911883469	
RANGAP1	0.018598380875789428	0.6853734028690278	0.2960282162551828	
AC244090.1	0.8400425953405779	0.07997870232971108	0.07997870232971108	
ERI1	0.014451893753977563	0.8311421581309085	0.15440594811511388	
HIST1H2BH	0.012422502541474442	0.7354933621553309	0.2520841353031946	
ANKRD49	0.5437830051716723	0.40406324655408915	0.052153748274238416	
PDLIM1	0.8329433754921285	0.08352831225393581	0.08352831225393581	
SLC25A51	0.18235578855540086	0.7949838453717639	0.022660366072835204	
ZNF131	0.035594594470088954	0.6573593889859365	0.30704601654397456	
GABARAPL1	0.4110627074827792	0.5650588191440508	0.023878473373169992	
CHD8	0.08098289432084015	0.08098289432084015	0.8380342113583197	
CEP72	0.16670650592610442	0.8185164517949856	0.01477704227891006	
ZNF468	0.0989322207485395	0.8905894237745057	0.010478355476954906	
HAGH	0.06988112956167752	0.06988112956167752	0.8602377408766451	
RPLP0	0.18546056837526595	0.7928101775619615	0.021729254062772516	
ZNF264	0.8206972135243176	0.08965139323784126	0.08965139323784126	
GLRX5	0.013193282022625753	0.8320351046505742	0.15477161332680017	
SH2D3A	0.011963797674333778	0.8622600624551111	0.12577613987055505	
STARD3NL	0.7666002550036489	0.1166998724981756	0.1166998724981756	
FAM114A2	0.800933313117088	0.09953334344145605	0.09953334344145605	
STYX	0.050499651621038644	0.494270229884125	0.4552301184948363	
AC008608.2	0.06337109471362265	0.06337109471362265	0.8732578105727548	
WBP1L	0.037248063965466954	0.48090508806834836	0.48184684796618454	
TBCCD1	0.7920605327903736	0.10396973360481324	0.10396973360481324	
RPS7	0.4616665643835366	0.48247631595730694	0.05585711965915643	
MAF1	0.8011584261245867	0.0994207869377067	0.0994207869377067	
LOXL1-AS1	0.04538576814779983	0.04538576814779983	0.9092284637044004	
ATP2B4	0.0800191258450342	0.0800191258450342	0.8399617483099315	
CLDN23	0.013292124672546961	0.5466661792849445	0.4400416960425084	
ARL11	0.049387273016262535	0.049387273016262535	0.901225453967475	
ABHD8	0.012621103868206501	0.7654090158562159	0.2219698802755776	
CARNMT1	0.06449028426539981	0.06449028426539981	0.8710194314692005	
RBM5	0.08415309821539985	0.08415309821539985	0.8316938035692003	
STYXL1	0.20548410133648917	0.7751754671595068	0.01934043150400394	
TUBGCP6	0.07393355918466546	0.07393355918466546	0.8521328816306691	
LRP2BP	0.04303330244002307	0.04303330244002307	0.9139333951199539	
RAB18	0.09163648501062559	0.09163648501062559	0.8167270299787488	
MECOM	0.05943268082287347	0.05943268082287347	0.8811346383542531	
SECISBP2L	0.16252455049412814	0.8150284517510956	0.02244699775477618	
ZNF397	0.759686627688702	0.12015668615564908	0.12015668615564908	
MROH8	0.8660666401815679	0.066966679909216	0.066966679909216	
C5orf24	0.09025153077600165	0.09025153077600165	0.8194969384479966	
SBF2-AS1	0.16905055892855253	0.8121431223511316	0.01880631872031572	
PNPLA8	0.025717518944253785	0.6756319245472607	0.2986505565084855	
DPY19L4	0.3909900823350709	0.5656950923828786	0.04331482528205044	
DDIT4	0.9120587695711346	0.04397061521443263	0.04397061521443263	
BDKRB2	0.030109118459853392	0.030109118459853392	0.9397817630802932	
AKAP3	0.22263843290944518	0.759607429111705	0.017754137978849782	
DDX54	0.02221151300174677	0.7584672329998475	0.21932125399840574	
LINC01011	0.8510344562079591	0.0744827718960204	0.0744827718960204	
TEX10	0.16238658159971545	0.8226660184185599	0.014947399981724651	
TBK1	0.01734822959322028	0.8085896753162911	0.17406209509048864	
EIF4A3	0.6016163651831565	0.3219235464486789	0.07646008836816452	
AC110285.2	0.03913999033713063	0.03913999033713063	0.9217200193257388	
TMEM140	0.029461076307205812	0.029461076307205812	0.9410778473855883	
ANAPC13	0.24540120537955115	0.7273600459581177	0.027238748662331298	
AL662844.4	0.036568754606608925	0.036568754606608925	0.9268624907867821	
ERLIN1	0.224131237837386	0.7454085397144086	0.030460222448205388	
WASF1	0.8608467304129023	0.06957663479354882	0.06957663479354882	
MTREX	0.8146150714814016	0.09269246425929926	0.09269246425929926	
RCBTB2	0.05749128395907916	0.05749128395907916	0.8850174320818417	
RNF7	0.5485927829076772	0.38125838379560345	0.07014883329671928	
KCNC4	0.04668533988179533	0.04668533988179533	0.9066293202364094	
ARPIN	0.07389969832779594	0.07389969832779594	0.8522006033444081	
FAM111A	0.8064653921139009	0.09676730394304962	0.09676730394304962	
PPP1R7	0.08448636781015835	0.08448636781015835	0.8310272643796833	
JKAMP	0.7626835489083725	0.1186582255458138	0.1186582255458138	
RAB40C	0.02031151942032739	0.7102793380700128	0.26940914250965986	
NDUFA10	0.03785819844136216	0.6107464630254352	0.35139533853320265	
SNHG22	0.8488884055665197	0.07555579721674013	0.07555579721674013	
PARS2	0.44906408547408844	0.5154350914783473	0.03550082304756424	
TCN2	0.8838767075781964	0.05806164621090177	0.05806164621090177	
PCMTD1	0.5344441423661522	0.39668368845442187	0.0688721691794258	
ECHDC1	0.07534378168026164	0.07534378168026164	0.8493124366394768	
CHRNB1	0.23650181637401388	0.737738485863653	0.025759697762333042	
TMEM254-AS1	0.011388121516512388	0.7622193093269785	0.2263925691565091	
MKLN1	0.7854098511428034	0.10729507442859836	0.10729507442859836	
TEAD4	0.8575300131766643	0.07123499341166778	0.07123499341166778	
PNN	0.09802777816899842	0.09802777816899842	0.8039444436620031	
MX1	0.06425383301320593	0.06425383301320593	0.8714923339735882	
CCT7	0.5118408359947386	0.42794104214980416	0.06021812185545711	
GLOD4	0.24057937061555	0.7251784831324066	0.03424214625204344	
DNAJC7	0.06023899350746711	0.39967281122760856	0.5400881952649242	
MOB3C	0.06578990855765522	0.06578990855765522	0.8684201828846896	
PHF6	0.06797868505961265	0.06797868505961265	0.8640426298807747	
RBSN	0.06694121483141392	0.36222426050477996	0.5708345246638061	
LINC01534	0.8860557170178124	0.05697214149109374	0.05697214149109374	
FUNDC2	0.784320928867274	0.10783953556636303	0.10783953556636303	
LY75	0.78900053622852	0.10549973188574008	0.10549973188574008	
AC069277.1	0.17728093646536647	0.8146531903627254	0.008065873171908173	
ITGB1	0.03173243958565388	0.6999840291470962	0.2682835312672499	
HIC1	0.8977791755897689	0.05111041220511547	0.05111041220511547	
ARMC8	0.03734456416457095	0.668396344436063	0.294259091399366	
RIN3	0.07452544392032989	0.07452544392032989	0.8509491121593403	
PALM3	0.20790976589644716	0.7801257936296967	0.011964440473856102	
TRAF4	0.01566247717617152	0.7768344978009386	0.20750302502288995	
YWHAG	0.02138615895023341	0.713351407780188	0.26526243326957855	
NISCH	0.781253205466057	0.10937339726697157	0.10937339726697157	
LAMTOR4	0.0859508521478714	0.0859508521478714	0.8280982957042572	
DEAF1	0.8294346148067709	0.08528269259661456	0.08528269259661456	
CBX4	0.8789880819087693	0.06050595904561529	0.06050595904561529	
EZH2	0.011995068690475313	0.8302063736791696	0.15779855763035508	
RAPGEF5	0.09448031584628758	0.09448031584628758	0.8110393683074248	
SDF2L1	0.020236394743746583	0.6632969139093234	0.31646669134693006	
YTHDF3	0.792945808892451	0.10352709555377451	0.10352709555377451	
MBTPS1	0.08816254755793486	0.08816254755793486	0.8236749048841302	
TSPAN7	0.08071072730965531	0.08071072730965531	0.8385785453806893	
THAP11	0.839891804475455	0.08005409776227256	0.08005409776227256	
HIST1H3C	0.011100860517219605	0.7406706022929458	0.24822853718983456	
IPO9-AS1	0.8910082122473816	0.05449589387630918	0.05449589387630918	
TRMT2B	0.06865987944570079	0.2362352160244146	0.6951049045298846	
PAPSS1	0.8215060907812035	0.08924695460939829	0.08924695460939829	
PDE4B	0.03562072457610639	0.03562072457610639	0.9287585508477871	
FOXJ3	0.10166501305708261	0.8845050114750923	0.013829975467825132	
MYO15A	0.875951768513777	0.06202411574311148	0.06202411574311148	
CEP41	0.8502870977124163	0.0748564511437919	0.0748564511437919	
MIIP	0.024190287596101444	0.7760294767510787	0.19978023565281983	
S100A10	0.039114671918143794	0.445250040124747	0.5156352879571093	
VSIR	0.016297577671799596	0.739030260543139	0.24467216178506132	
LAGE3	0.7827335669918034	0.10863321650409834	0.10863321650409834	
AC110769.2	0.056626326202356025	0.056626326202356025	0.8867473475952881	
DUSP10	0.0350281918407786	0.0350281918407786	0.9299436163184427	
MAPK8	0.02783321618503732	0.7434335638929135	0.22873321992204906	
IL2RG	0.8865995518816002	0.05670022405919985	0.05670022405919985	
FAM13B	0.09089098507833845	0.09089098507833845	0.818218029843323	
POLB	0.7758403589154069	0.11207982054229662	0.11207982054229662	
SIRT5	0.2182638335407186	0.7564521472726436	0.02528401918663774	
DTD1	0.7794213967914976	0.11028930160425128	0.11028930160425128	
SLC35B2	0.7897615525287556	0.12402549434196161	0.08621295312928283	
EID2	0.014062792750481903	0.7835022207883012	0.20243498646121677	
PIGF	0.7710010966619649	0.11449945166901761	0.11449945166901761	
ACSM1	0.0331773655249586	0.0331773655249586	0.9336452689500827	
SLC39A6	0.06860269429940732	0.06860269429940732	0.8627946114011854	
RPL27	0.50287083997839	0.42207853356259156	0.07505062645901843	
TMTC3	0.6049599206407938	0.32583781239922	0.06920226695998613	
ELAVL1	0.2971746645184775	0.6637888524230521	0.03903648305847038	
NELFCD	0.17196023971465807	0.806142457915902	0.02189730236943991	
H2AFV	0.16082480894208998	0.8155479116080918	0.02362727944981824	
MED19	0.034729403955921244	0.6737550862983634	0.29151550974571516	
ZMYND12	0.049090883278249176	0.049090883278249176	0.9018182334435016	
COL9A2	0.8417553097535999	0.0791223451232	0.0791223451232	
RBMS2	0.23060656158868698	0.7442166471005818	0.025176791310731233	
LATS2	0.02503023210500862	0.4760561154354974	0.49891365245949393	
AC127521.1	0.04891246728889421	0.04891246728889421	0.9021750654222116	
NR2F2	0.7719005767479521	0.11404971162602401	0.11404971162602401	
PRKCD	0.05534092980977204	0.05534092980977204	0.889318140380456	
RABGAP1L	0.7839863829988732	0.10800680850056342	0.10800680850056342	
FCF1	0.7996026234186553	0.10019868829067241	0.10019868829067241	
PRTFDC1	0.8644563411976407	0.06777182940117962	0.06777182940117962	
ABHD17B	0.046672778620267606	0.046672778620267606	0.9066544427594648	
TOP2B	0.03142943648960039	0.5747565132332654	0.3938140502771343	
AL031714.1	0.03404345854100554	0.03404345854100554	0.9319130829179889	
C12orf29	0.8205998870147654	0.08970005649261736	0.08970005649261736	
NME5	0.9013954003249501	0.049302299837524884	0.049302299837524884	
PRH1	0.8667962836996406	0.06660185815017963	0.06660185815017963	
AKT1S1	0.025363150273883268	0.7273101947124418	0.24732665501367487	
FAM151B	0.01791489225445159	0.6903155217026562	0.29176958604289216	
AC004771.4	0.9141739316205214	0.042913034189739276	0.042913034189739276	
CAMSAP3	0.013214451377142661	0.8489731902569188	0.13781235836593858	
MRFAP1	0.2668555066264066	0.693208935833111	0.03993555754048223	
GNAS	0.037582937798168604	0.6620712253120058	0.3003458368898255	
SHROOM4	0.04748425670277419	0.35148871919800023	0.6010270240992255	
COG8	0.045719856046913386	0.045719856046913386	0.9085602879061733	
SP2-AS1	0.8716123132616843	0.06419384336915779	0.06419384336915779	
CHST7	0.03609834095142842	0.03609834095142842	0.9278033180971431	
BACE1-AS	0.04524141421377008	0.04524141421377008	0.9095171715724599	
SRGAP2C	0.03413281152329573	0.03413281152329573	0.9317343769534084	
ABO	0.06132504159193115	0.06132504159193115	0.8773499168161377	
BBS5	0.0406475168145422	0.0406475168145422	0.9187049663709157	
BIRC5	0.1590765397092414	0.8304139940564377	0.010509466234320948	
GSTCD	0.5952188492049589	0.3544693991301245	0.05031175166491649	
ZNF621	0.0667771432574766	0.0667771432574766	0.8664457134850468	
PAWR	0.017461544356272285	0.8231151059890461	0.1594233496546815	
SRGAP2	0.03892159817864497	0.1526845736263855	0.8083938281949695	
G2E3	0.2531179739247756	0.7201629473871585	0.026719078688065945	
AFMID	0.8315438415697829	0.08422807921510861	0.08422807921510861	
KMT5C	0.2391177599887536	0.7383306882234921	0.02255155178775425	
POLR2F	0.02522557247147515	0.7639568383362769	0.210817589192248	
NFATC3	0.7689249662647483	0.11553751686762591	0.11553751686762591	
AATF	0.15708985703090317	0.8192263427238846	0.02368380024521212	
PRSS23	0.03879939412775812	0.03879939412775812	0.9224012117444839	
DCBLD1	0.0875228148956938	0.0875228148956938	0.8249543702086124	
IGSF3	0.012101539205940936	0.8571835867326446	0.13071487406141444	
FAM133B	0.7727239830595699	0.11363800847021509	0.11363800847021509	
H2AFJ	0.07429029158225739	0.07429029158225739	0.8514194168354852	
ZNF45	0.8134689077690362	0.0932655461154819	0.0932655461154819	
ZBTB11-AS1	0.07218830232380337	0.07218830232380337	0.8556233953523933	
KATNAL1	0.04767499708857662	0.04767499708857662	0.9046500058228468	
KLB	0.023358714718543217	0.6515711864532692	0.32507009882818766	
ACTN4	0.03920500667054024	0.5862440615633663	0.3745509317660935	
IQCN	0.027886234432134047	0.027886234432134047	0.9442275311357319	
HIST1H2AI	0.03348028901139128	0.03348028901139128	0.9330394219772173	
NCOA2	0.20048440285158184	0.7709408195876617	0.02857477756075646	
CRB2	0.030263700904837338	0.030263700904837338	0.9394725981903252	
SUGP1	0.033021497234149	0.6582381409565067	0.30874036180934433	
MSRA	0.07263802604696828	0.07263802604696828	0.8547239479060635	
EIF4EBP1	0.07278888821372739	0.07278888821372739	0.8544222235725452	
QSER1	0.06079937005237323	0.06079937005237323	0.8784012598952536	
ABHD12	0.21324101417314725	0.7637472870228175	0.023011698804035252	
SOCS7	0.019495458964111083	0.6202000251139814	0.3603045159219076	
WNT5B	0.037888977588993344	0.037888977588993344	0.9242220448220133	
UGDH-AS1	0.07716835974902772	0.07716835974902772	0.8456632805019445	
DCP2	0.10850878319319077	0.8777606156842492	0.013730601122559903	
TMEM30B	0.013291926004402406	0.8670878902540204	0.11962018374157715	
POLA2	0.3458828190925242	0.6280586269377412	0.026058553969734544	
ACOX3	0.016444767410789762	0.7975859462267747	0.1859692863624356	
CDC37L1-DT	0.859665057314563	0.07016747134271847	0.07016747134271847	
ZFAND5	0.8282381241735972	0.08588093791320144	0.08588093791320144	
ZNF316	0.061629691426691766	0.061629691426691766	0.8767406171466166	
ADAMTS13	0.05432022023800576	0.05432022023800576	0.8913595595239885	
BTG1	0.8362180529794735	0.08189097351026331	0.08189097351026331	
KCNRG	0.0384435861036804	0.0384435861036804	0.9231128277926391	
MRPS18A	0.7837961496902761	0.108101925154862	0.108101925154862	
VPS35L	0.7604721209994578	0.11976393950027114	0.11976393950027114	
POLRMT	0.08064236683700851	0.08064236683700851	0.8387152663259829	
NBPF12	0.05721358767237439	0.05721358767237439	0.8855728246552513	
RBM12	0.027979407759007785	0.6708425760943529	0.3011780161466392	
ZFAND2A	0.01681289365501947	0.30371535581272074	0.6794717505322598	
ALDH3B1	0.06228927003853963	0.06228927003853963	0.8754214599229209	
GAPDH	0.031814702181938465	0.6425818112422126	0.3256034865758489	
PDE4D	0.08375776090528982	0.11595467392479768	0.8002875651699125	
CXADR	0.7973767106871982	0.10131164465640094	0.10131164465640094	
SEPHS1	0.051631973311520356	0.5482463636425496	0.40012166304592994	
HIST1H2BJ	0.012909105112360387	0.8095183963733018	0.17757249851433782	
FAM13A-AS1	0.058445253914175106	0.058445253914175106	0.8831094921716498	
WNT3A	0.03193526929819584	0.03193526929819584	0.9361294614036083	
NCAPD2	0.14602284860738848	0.8395622101561158	0.014414941236495706	
PPP1R9B	0.07837482853857528	0.07837482853857528	0.8432503429228494	
ZNF3	0.7677878619423858	0.11610606902880717	0.11610606902880717	
ABI2	0.8098858929117789	0.09505705354411058	0.09505705354411058	
PSMB3	0.033141320213659016	0.6405310912625857	0.32632758852375543	
PEX11B	0.7799627979507008	0.11001860102464965	0.11001860102464965	
MTRNR2L12	0.02982762037459156	0.02982762037459156	0.9403447592508168	
TMC7	0.0652095953769637	0.0652095953769637	0.8695808092460726	
L3HYPDH	0.8215519764406922	0.08922401177965396	0.08922401177965396	
PPP1R3E	0.80600964043229	0.09699517978385507	0.09699517978385507	
ZNF446	0.07507242237588248	0.07507242237588248	0.849855155248235	
ZNF76	0.019026032980297706	0.8005208358535288	0.1804531311661734	
CREBL2	0.7587663292037145	0.12061683539814282	0.12061683539814282	
PAG1	0.8664307651312526	0.06678461743437365	0.06678461743437365	
MIOS	0.03471344501548663	0.6453959734594967	0.3198905815250167	
C1QBP	0.06270338630500535	0.17187977778955418	0.7654168359054403	
NDUFB11	0.04574433956781716	0.5276532552097353	0.42660240522244747	
GOT2	0.07230280210705868	0.07230280210705868	0.8553943957858826	
HIVEP1	0.07717647961273434	0.07717647961273434	0.8456470407745315	
ACBD4	0.07397738215685758	0.07397738215685758	0.8520452356862849	
RAB3GAP1	0.7399689671820543	0.1300155164089729	0.1300155164089729	
LRRC14	0.05982764689533347	0.05982764689533347	0.8803447062093331	
TRIM33	0.1686821093423098	0.8102470276240807	0.021070863033609437	
ZNF497	0.32894512863060943	0.6465649237545401	0.024489947614850467	
RWDD2B	0.01592868662493818	0.7425888303010735	0.2414824830739883	
RUFY3	0.07593937366380166	0.07593937366380166	0.8481212526723967	
OAZ1	0.06913563899290086	0.25320474320922925	0.6776596177978699	
SKAP2	0.7718082658579772	0.11409586707101144	0.11409586707101144	
RABEPK	0.784669563489986	0.10766521825500709	0.10766521825500709	
PDCD2	0.08753750596183883	0.08753750596183883	0.8249249880763223	
AL390728.5	0.03582509804984005	0.03582509804984005	0.9283498039003198	
LARP4B	0.022359979080164804	0.7857610360920522	0.19187898482778304	
MAP4K4	0.06174340945217389	0.06174340945217389	0.8765131810956522	
NME1	0.05702572914532202	0.05702572914532202	0.885948541709356	
DAZAP1	0.021916414182011987	0.7505348056239346	0.22754878019405347	
NHSL1	0.07493724663528348	0.9138505602484831	0.011212193116233431	
NPTN	0.08756262124738949	0.08756262124738949	0.824874757505221	
ZFP91	0.06953944136501629	0.06953944136501629	0.8609211172699675	
ZNF234	0.8055406846930832	0.09722965765345849	0.09722965765345849	
HIPK1-AS1	0.0709812858881903	0.0709812858881903	0.8580374282236195	
PRPF38A	0.40267252779948864	0.5334029069168535	0.06392456528365775	
TNS2	0.06142590245940569	0.06142590245940569	0.8771481950811887	
BZW1	0.04729299952268364	0.5818515799763918	0.3708554205009246	
FGFR1OP	0.639033033163739	0.2686528625256645	0.09231410431059656	
NAA20	0.7997775121459471	0.10011124392702656	0.10011124392702656	
SLC25A33	0.06024628092409925	0.06024628092409925	0.8795074381518015	
RPUSD3	0.7891397219484004	0.10543013902579987	0.10543013902579987	
KIF4A	0.17394561611977336	0.8152188790486274	0.010835504831599113	
GID8	0.13168618028339843	0.8439890592634932	0.02432476045310831	
COLCA2	0.8403634274241834	0.07981828628790831	0.07981828628790831	
ETFB	0.2936673897355843	0.6671627774623957	0.039169832802019924	
RRAS	0.0676561780617365	0.0676561780617365	0.8646876438765271	
LINC01106	0.8715043994084184	0.06424780029579072	0.06424780029579072	
GPR82	0.041356928810449334	0.041356928810449334	0.9172861423791013	
THSD1	0.05290820321483622	0.05290820321483622	0.8941835935703276	
JSRP1	0.8838387664038678	0.058080616798066045	0.058080616798066045	
RFX2	0.8234767303042803	0.08826163484785994	0.08826163484785994	
ARID1A	0.7894323389113955	0.11410403612035544	0.09646362496824906	
XPNPEP3	0.3536617672629602	0.6048757260905299	0.04146250664650975	
KBTBD11	0.0742134418686887	0.0742134418686887	0.8515731162626226	
PIH1D1	0.1759069590536894	0.798397436084573	0.025695604861737623	
MIDN	0.04913235002821761	0.04913235002821761	0.9017352999435648	
FAM122B	0.09896718711953569	0.09896718711953569	0.8020656257609285	
AC004241.1	0.04794775457116102	0.04794775457116102	0.904104490857678	
PLPP6	0.015871933299974036	0.8114435431616609	0.17268452353836508	
SIAE	0.08460522767823773	0.08460522767823773	0.8307895446435245	
HUS1	0.05278488082509566	0.31274476001329105	0.6344703591616133	
UBN2	0.8164347486755268	0.09178262566223667	0.09178262566223667	
ZNF510	0.8398176749326124	0.08009116253369385	0.08009116253369385	
MAP4K2	0.06421232174539084	0.06421232174539084	0.8715753565092184	
ALYREF	0.02154353432739621	0.595646356353491	0.3828101093191129	
NECTIN3	0.0100093694586665	0.8649979486546383	0.12499268188669527	
ZNRF3	0.21756663369953275	0.763425269018953	0.01900809728151423	
KLF12	0.058925841248024795	0.058925841248024795	0.8821483175039505	
RHOD	0.15439387258593448	0.8359167062127665	0.00968942120129906	
FBXL17	0.0825938548853313	0.0825938548853313	0.8348122902293373	
RFX5	0.076333254156724	0.076333254156724	0.847333491686552	
LINC01569	0.8400636111864596	0.07996819440677022	0.07996819440677022	
ZBTB39	0.03675986231987976	0.25956293169714434	0.7036772059829759	
PPP4R2	0.1748976395207173	0.7996898500280053	0.025412510451277376	
TMCO4	0.013519238558852766	0.8597918027473648	0.1266889586937824	
FAIM	0.4907245954968366	0.45625649020624487	0.05301891429691837	
TEAD1	0.017856760190743084	0.7416271933052689	0.24051604650398797	
SMIM8	0.7741620685469499	0.11291896572652509	0.11291896572652509	
CLEC11A	0.8552667967179292	0.07236660164103537	0.07236660164103537	
ARNT	0.262209238850712	0.7078462337621794	0.029944527387108528	
SKA3	0.1719569596730375	0.8189998912480563	0.00904314907890614	
RNF19A	0.82211170516709	0.08894414741645505	0.08894414741645505	
KLHL7	0.7862850065340764	0.10685749673296185	0.10685749673296185	
IFT20	0.18732094923693982	0.7835622391275051	0.02911681163555514	
TCF20	0.055475770556761436	0.3807521277661737	0.5637721016770648	
PCNA	0.014144197445074082	0.7798105607664326	0.20604524178849315	
QTRT2	0.06737870459717753	0.06737870459717753	0.865242590805645	
CPLANE2	0.8449401742856886	0.07752991285715574	0.07752991285715574	
HSDL2	0.08907881399365547	0.08907881399365547	0.8218423720126891	
ASB9	0.875950299178066	0.062024850410966975	0.062024850410966975	
COMMD5	0.08492007094623405	0.08492007094623405	0.8301598581075319	
ANKS6	0.07368977180282957	0.07368977180282957	0.8526204563943409	
PIGV	0.24223678721865988	0.7345471836678248	0.023216029113515318	
LSM7	0.15988943012642903	0.81768319231007	0.022427377563500935	
EIF3B	0.0363453945229272	0.48787509746660257	0.4757795080104702	
PTAR1	0.7772626087729143	0.11136869561354291	0.11136869561354291	
AC048382.5	0.05963545019347266	0.05963545019347266	0.8807290996130548	
CHMP4C	0.11136043541060087	0.8744130712784849	0.014226493310914202	
EIF2AK4	0.07799631454271659	0.07799631454271659	0.8440073709145668	
ZKSCAN3	0.38766173992222536	0.5725271499815601	0.03981111009621447	
ARVCF	0.3996932158232892	0.56237669430182	0.03793008987489089	
ZNF322	0.7508640210384201	0.12456798948079001	0.12456798948079001	
FLT3LG	0.04341081656076817	0.04341081656076817	0.9131783668784637	
DDHD2	0.07844999044648315	0.07844999044648315	0.8431000191070337	
KRBA2	0.08380837654980677	0.08380837654980677	0.8323832469003865	
RAP1GAP	0.17134690066127317	0.8169710803792153	0.01168201895951146	
MAPRE2	0.09472694790250387	0.09472694790250387	0.8105461041949922	
SPACA6	0.24428353203669986	0.7341934244411772	0.02152304352212284	
HLA-DQA1	0.9117473585014846	0.04412632074925765	0.04412632074925765	
IQCB1	0.46166081918657287	0.4831163235803856	0.055222857233041434	
COX10	0.05537833377350267	0.5337055368684107	0.41091612935808663	
IDH1	0.8054247274262426	0.09728763628687874	0.09728763628687874	
ELP4	0.8016859723572362	0.09915701382138199	0.09915701382138199	
FPGS	0.07905383438345194	0.07905383438345194	0.841892331233096	
RAB11FIP3	0.8346264205229695	0.08268678973851525	0.08268678973851525	
FBN1	0.3346609184894748	0.6471382456035586	0.018200835906966504	
HOXA3	0.8042722193138705	0.0978638903430648	0.0978638903430648	
QRICH1	0.16258022240217584	0.8094872790701281	0.02793249852769607	
VWCE	0.13802557773455865	0.8535107816436488	0.008463640621792496	
REEP4	0.02130328054837824	0.7407080934843441	0.23798862596727757	
PAXIP1	0.019146386753795097	0.7642506698684225	0.21660294337778238	
FAM111B	0.03342445617896696	0.03342445617896696	0.933151087642066	
RPAP2	0.5927640227343577	0.3228063924040186	0.08442958486162382	
AC245452.1	0.05458501142249898	0.05458501142249898	0.8908299771550021	
OCIAD1	0.573502929891087	0.3375764379577038	0.08892063215120932	
BRK1	0.7681843105229587	0.11590784473852071	0.11590784473852071	
SIRT4	0.43604493855542403	0.5340025217429489	0.02995253970162697	
AC087239.1	0.8884964205380735	0.055751789730963175	0.055751789730963175	
P4HB	0.026761811195435723	0.7537092813971034	0.2195289074074609	
SND1	0.20065405833475317	0.7695750329903455	0.029770908674901446	
TFAM	0.3277665544465205	0.640028141840992	0.032205303712487574	
FMN2	0.8754886200905317	0.06225568995473405	0.06225568995473405	
DLD	0.0883614494338443	0.0883614494338443	0.8232771011323113	
THAP10	0.8274783533246536	0.08626082333767326	0.08626082333767326	
FITM2	0.7961649178465129	0.10191754107674361	0.10191754107674361	
SLC16A3	0.021998491307944554	0.5465737437218101	0.43142776497024526	
CACNB2	0.05593724923866991	0.05593724923866991	0.8881255015226602	
AC040169.1	0.04997622765739405	0.04997622765739405	0.900047544685212	
CDYL	0.012682068677273917	0.8827904720801814	0.10452745924254477	
ZNF41	0.06979301799258374	0.06979301799258374	0.8604139640148326	
C9orf116	0.8862483582397409	0.05687582088012948	0.05687582088012948	
UHRF1BP1	0.07101935523255196	0.07101935523255196	0.8579612895348961	
MSMO1	0.6557188567837653	0.29214941415440837	0.05213172906182631	
GNB1	0.10417858953952525	0.10417858953952525	0.7916428209209495	
ZNF511	0.09902053543872487	0.09902053543872487	0.8019589291225503	
BTN3A1	0.8435053188582495	0.07824734057087519	0.07824734057087519	
PIK3R2	0.31783773946529037	0.6572800955744458	0.024882164960263943	
TMEM259	0.0822004497508969	0.0822004497508969	0.8355991004982062	
POLG2	0.07933687073880792	0.07933687073880792	0.8413262585223843	
PUS7L	0.056119196752029483	0.21009202337057564	0.733788779877395	
CDK5RAP3	0.06891708461189147	0.3361118900446893	0.5949710253434192	
SRF	0.04186778347097732	0.21484631142200122	0.7432859051070214	
PSMD12	0.04508383002476993	0.44486032881465837	0.5100558411605717	
MMAA	0.788457442587644	0.10577127870617806	0.10577127870617806	
TICAM1	0.035277887882278695	0.035277887882278695	0.9294442242354426	
MYRIP	0.05505048256783016	0.05505048256783016	0.8898990348643397	
UBE2D2	0.09389146450745628	0.09389146450745628	0.8122170709850874	
ZNF394	0.7659323341952987	0.11703383290235071	0.11703383290235071	
PER1	0.045067704966161505	0.045067704966161505	0.9098645900676771	
TRAP1	0.8144381264671751	0.09278093676641251	0.09278093676641251	
VPS13C	0.07930140443709216	0.07930140443709216	0.8413971911258157	
PCBP4	0.0740537859619806	0.0740537859619806	0.8518924280760389	
UXT	0.7634079545944239	0.11829602270278809	0.11829602270278809	
AC092053.2	0.04134388026651288	0.04134388026651288	0.9173122394669743	
CD320	0.028276580609435713	0.6482902818059025	0.32343313758466175	
YIPF1	0.03513611446954999	0.5413773255985882	0.4234865599318617	
NME4	0.8112561887962465	0.09437190560187682	0.09437190560187682	
ITPR2	0.08393277970961027	0.08393277970961027	0.8321344405807795	
COPS7A	0.7837613706051499	0.10811931469742508	0.10811931469742508	
FBXO48	0.836942973843141	0.08152851307842954	0.08152851307842954	
DUSP7	0.05430037878682957	0.05430037878682957	0.8913992424263409	
FAM174B	0.289306862581537	0.6883220603456727	0.022371077072790357	
TRABD2A	0.01594977395034321	0.8282039872892457	0.15584623876041107	
RPTOR	0.042377443824314125	0.40831783624729323	0.5493047199283927	
AC008543.1	0.15615145151494542	0.832441852936493	0.011406695548561639	
AFDN	0.04837151605981879	0.5748281380504547	0.3768003458897265	
EFR3B	0.04587947852400058	0.04587947852400058	0.9082410429519989	
DDX50	0.7797659751071534	0.11011701244642334	0.11011701244642334	
TACC3	0.6799361855518152	0.2648251732661759	0.0552386411820088	
ZCRB1	0.7565401956106963	0.12172990219465188	0.12172990219465188	
ZNF300	0.8926317665302324	0.05368411673488379	0.05368411673488379	
SLC25A40	0.7561917000261317	0.1219041499869342	0.1219041499869342	
TIMM17A	0.030803614224835622	0.6659645590103076	0.3032318267648567	
MALSU1	0.2671721965514995	0.6956860461917397	0.03714175725676083	
REXO5	0.8336951620344876	0.08315241898275628	0.08315241898275628	
LRP4	0.04273626037710809	0.04273626037710809	0.9145274792457838	
MTURN	0.830165408969166	0.08491729551541705	0.08491729551541705	
KIAA0319L	0.052106722444687226	0.5086329751998053	0.43926030235550756	
C2CD5	0.09609427823518142	0.09609427823518142	0.8078114435296371	
ACTB	0.07886189115819396	0.07886189115819396	0.842276217683612	
GPS1	0.08197985740578222	0.23369406398752976	0.684326078606688	
ZNF845	0.14959571053844894	0.8337762426847821	0.01662804677676896	
PIK3CA	0.7982416012529479	0.1008791993735261	0.1008791993735261	
PKP4	0.08741998670160846	0.08741998670160846	0.825160026596783	
ORMDL1	0.2008361644296993	0.7691241205369983	0.030039715033302394	
DPM1	0.20968128380976692	0.7554788244263871	0.03483989176384585	
ARHGEF10L	0.08593290120426757	0.08593290120426757	0.8281341975914648	
UTP14A	0.019445819961404154	0.724183104317149	0.2563710757214467	
SNX6	0.07519440738038079	0.31980502388346493	0.6050005687361543	
SMN1	0.5671753569357881	0.38508428430582753	0.04774035875838423	
BANF1	0.5883181055104091	0.3307599732300837	0.08092192125950733	
C1S	0.8799892698902322	0.06000536505488388	0.06000536505488388	
MERTK	0.8226959705905942	0.08865201470470298	0.08865201470470298	
PTPRD	0.0706981089423926	0.0706981089423926	0.8586037821152148	
JUN	0.8838022806422213	0.05809885967888931	0.05809885967888931	
CA5B	0.8104159913400392	0.09479200432998044	0.09479200432998044	
AP001062.1	0.04127918207540401	0.04127918207540401	0.917441635849192	
LDLRAD4	0.056384002827125364	0.056384002827125364	0.8872319943457493	
FKBP9	0.7392540125070405	0.13037299374647976	0.13037299374647976	
GSPT1	0.03781576794716594	0.5327569858613583	0.42942724619147576	
PTTG1IP	0.033981939350302526	0.6220389884855188	0.3439790721641788	
RFC1	0.7005435477244013	0.21720323116875362	0.08225322110684523	
LINC01473	0.06026242999932807	0.06026242999932807	0.879475140001344	
GPATCH1	0.04004643841021076	0.5312341992695845	0.42871936232020474	
TEX9	0.8236291150189758	0.08818544249051212	0.08818544249051212	
PARP1	0.8421290621839133	0.07893546890804336	0.07893546890804336	
SH3YL1	0.15976819679590284	0.8192802496337931	0.020951553570304	
C16orf54	0.9061200792193912	0.046939960390304354	0.046939960390304354	
SLC22A23	0.08225673959710887	0.08225673959710887	0.8354865208057822	
CFAP69	0.07753813071368428	0.07753813071368428	0.8449237385726316	
CEP83	0.0821178952634987	0.0821178952634987	0.8357642094730026	
ACOT1	0.03457919083015949	0.4845374500783688	0.48088335909147156	
RCC2	0.02272736501402332	0.6893943200092426	0.28787831497673405	
JARID2	0.06944470287277593	0.1067915014048524	0.8237637957223717	
PRMT6	0.20428055579928325	0.7724812517953004	0.023238192405416375	
BRMS1L	0.18373298417141226	0.7947880581574597	0.021478957671128094	
CLN8	0.05732219444834527	0.05732219444834527	0.8853556111033095	
AL118506.1	0.08007956031160562	0.08007956031160562	0.8398408793767888	
ZNF28	0.1194978250927542	0.8648167504480052	0.015685424459240597	
STRAP	0.4717472004170588	0.45756801614306286	0.07068478343987838	
NFAT5	0.022138819059636685	0.7638705995842042	0.21399058135615912	
PSMD9	0.09054021758019407	0.09054021758019407	0.8189195648396118	
BAIAP3	0.8605533812536388	0.06972330937318058	0.06972330937318058	
CHTF18	0.19269916011299115	0.7906508410420117	0.016649998844997096	
KLHL35	0.8672378994502995	0.06638105027485017	0.06638105027485017	
PEA15	0.04603347883323459	0.5831366508177127	0.3708298703490527	
TLE4	0.05810462118773608	0.05810462118773608	0.8837907576245279	
DPH7	0.04640427448610952	0.5257317748293227	0.4278639506845679	
UBE3B	0.04580224721168564	0.5752028266121668	0.3789949261761475	
SLC30A7	0.037860491518376366	0.5863116104424984	0.37582789803912525	
CLTA	0.2114849468080006	0.75561650916227	0.03289854402972942	
DECR1	0.07776240643861218	0.07776240643861218	0.8444751871227756	
SMC3	0.21391019393317343	0.7630447189567254	0.02304508711010117	
RIPK4	0.31243486883959193	0.6688069783619255	0.018758152798482683	
ANKRD29	0.05423578872879284	0.05423578872879284	0.8915284225424144	
VMAC	0.1887882036715205	0.7876111405954606	0.02360065573301905	
SHARPIN	0.09739398903690587	0.09739398903690587	0.8052120219261882	
ANKRD6	0.2624477574397704	0.7211102253831791	0.01644201717705039	
OMA1	0.795434446865721	0.10228277656713956	0.10228277656713956	
AC078883.1	0.8336637020256049	0.08316814898719757	0.08316814898719757	
MYOM1	0.028564643941678163	0.028564643941678163	0.9428707121166436	
TBC1D20	0.0894784013521115	0.0894784013521115	0.8210431972957769	
PSENEN	0.04158384917028576	0.41019833534896355	0.5482178154807507	
UPF2	0.8146392057748104	0.09268039711259486	0.09268039711259486	
PANX1	0.4723061433424014	0.4817913662367696	0.04590249042082896	
ALKBH4	0.3431881626142167	0.6121792381116308	0.04463259927415254	
IBA57	0.028331786819021938	0.5887821862368605	0.38288602694411755	
ASPSCR1	0.013216024767832695	0.8862768310045953	0.10050714422757208	
TSPAN31	0.7610878247783331	0.11945608761083347	0.11945608761083347	
DNAJC18	0.8289768707065803	0.08551156464670985	0.08551156464670985	
MRPL9	0.2509870751607072	0.71427504311402	0.034737881725272764	
AP002490.1	0.0564711126357245	0.0564711126357245	0.8870577747285511	
TBC1D17	0.25191892949929245	0.7188492597958382	0.029231810704869295	
CFAP97	0.07180626009400579	0.07180626009400579	0.8563874798119884	
AC139887.2	0.851821395382294	0.07408930230885308	0.07408930230885308	
AC016394.1	0.2588334778380197	0.7170912994466346	0.024075222715345675	
MTO1	0.08697130912331232	0.08697130912331232	0.8260573817533753	
UROS	0.07897501690009225	0.07897501690009225	0.8420499661998155	
AMY2B	0.05423570041593667	0.05423570041593667	0.8915285991681268	
C6orf132	0.05341367218115071	0.05341367218115071	0.8931726556376987	
AL160006.1	0.03637951790778027	0.3991841386623817	0.5644363434298381	
PSMG1	0.22533931706832427	0.751158782232894	0.023501900698781688	
RAP2A	0.08103042746662074	0.08103042746662074	0.8379391450667585	
GALNT11	0.7633768269238818	0.11831158653805916	0.11831158653805916	
RASSF4	0.816792115870918	0.09160394206454105	0.09160394206454105	
ARFGEF3	0.029827553765135625	0.6443687529030446	0.3258036933318197	
PFDN2	0.26157625790995903	0.7035408108405022	0.03488293124953882	
FAM214A	0.09466586259943938	0.09466586259943938	0.8106682748011212	
TRPV1	0.04644735728960146	0.27614840457801315	0.6774042381323854	
NDUFAF3	0.7673711818428692	0.11631440907856541	0.11631440907856541	
TUBB2A	0.3154138580043112	0.665997211467871	0.018588930527817828	
CALM2	0.7826619809439253	0.10866900952803744	0.10866900952803744	
KDM2A	0.09078986397437014	0.09078986397437014	0.8184202720512597	
AC022364.1	0.8507273394991077	0.07463633025044614	0.07463633025044614	
NAIF1	0.8094866741044549	0.09525666294777262	0.09525666294777262	
CHEK1	0.2622758238911366	0.718459091821975	0.0192650842868884	
MCM6	0.4550680637055131	0.5122743686934133	0.03265756760107356	
RAI1	0.06793533948273688	0.06793533948273688	0.8641293210345263	
MTMR14	0.07231991934503462	0.2333649208960748	0.6943151597588905	
SMPD1	0.058298061049603535	0.058298061049603535	0.883403877900793	
HIGD2A	0.09213952088099671	0.09213952088099671	0.8157209582380065	
RNF126	0.025845946222156243	0.7458100333527412	0.22834402042510263	
DNAJC30	0.8081872786223513	0.0959063606888244	0.0959063606888244	
AF129075.2	0.01675033101476828	0.7659478338453026	0.21730183513992898	
POLR1B	0.05680115533400927	0.05680115533400927	0.8863976893319815	
AC012645.1	0.38140093477278275	0.5891563946367213	0.029442670590495972	
EXOSC1	0.4093973643627406	0.5277219800467704	0.06288065559048897	
TBRG1	0.1114845680343319	0.1114845680343319	0.7770308639313361	
FBXO36	0.0691870192984026	0.0691870192984026	0.8616259614031949	
VIL1	0.04057515673515884	0.6358725293363419	0.3235523139284993	
AC123768.3	0.8568591643072339	0.07157041784638304	0.07157041784638304	
HSD17B13	0.03953517873870963	0.03953517873870963	0.9209296425225808	
SP2	0.03495117702974481	0.6552269035895478	0.30982191938070736	
SPAAR	0.04513653485028197	0.04513653485028197	0.9097269302994361	
PIK3IP1	0.8221441805507733	0.08892790972461337	0.08892790972461337	
MIATNB	0.8326875578614159	0.08365622106929212	0.08365622106929212	
RSRP1	0.06099218637736406	0.06099218637736406	0.8780156272452719	
ALDH7A1	0.172601420727451	0.806965179305028	0.020433399967520898	
STEAP2	0.07915624334202448	0.07915624334202448	0.8416875133159512	
PHLPP1	0.12285427976883312	0.8623384136201443	0.014807306611022534	
HMGN5	0.8375445847960398	0.08122770760198014	0.08122770760198014	
SAR1A	0.22895399791443363	0.7359778519738772	0.03506815011168903	
PUS7	0.05785384191792999	0.05785384191792999	0.8842923161641401	
PPP3CB	0.8068749661585849	0.0965625169207076	0.0965625169207076	
CCDC102B	0.8657041509810284	0.06714792450948577	0.06714792450948577	
PTBP3	0.026917509536991575	0.6856178212121835	0.28746466925082487	
CENPF	0.20847824160084016	0.7794865444863036	0.012035213912856248	
CBX3	0.17676361147751793	0.7990687112707824	0.02416767725169972	
WDR76	0.015165770434034163	0.634896584330154	0.3499376452358118	
ARPP19	0.6800504178520073	0.22023841780477676	0.09971116434321602	
PLEKHF2	0.28274732631559313	0.6871083821052104	0.03014429157919633	
AGR2	0.8035145371994741	0.098242731400263	0.098242731400263	
C22orf39	0.04806267070138154	0.5694542666809117	0.3824830626177068	
EPOR	0.8824331585205508	0.058783420739724535	0.058783420739724535	
YLPM1	0.09609711463084619	0.09609711463084619	0.8078057707383076	
Z95115.1	0.6901209189762437	0.2449882627871295	0.06489081823662675	
THAP9	0.20344137698436499	0.7779281868773914	0.018630436138243573	
ATP6V1H	0.6100180005880578	0.3047659661452407	0.08521603326670156	
PDS5B	0.8033128586811272	0.09834357065943646	0.09834357065943646	
ST14	0.07410787553281643	0.07410787553281643	0.8517842489343672	
OTUD7B	0.024679502287692535	0.721515878189913	0.2538046195223944	
MOB2	0.08048605955045708	0.0845941008292168	0.8349198396203262	
SF3B1	0.39670241612765006	0.5376384668074062	0.0656591170649438	
GFM1	0.08035986682628539	0.08035986682628539	0.8392802663474292	
SSNA1	0.03244615219858812	0.7104683310220401	0.25708551677937186	
GNB4	0.8991817036913297	0.05040914815433514	0.05040914815433514	
TFB2M	0.21653117008492423	0.7509949747576168	0.032473855157458965	
ASL	0.08930080198285426	0.08930080198285426	0.8213983960342914	
ZBTB10	0.14955669618655806	0.833441558815877	0.017001744997564804	
TUBGCP3	0.08343778340231392	0.08343778340231392	0.8331244331953721	
MEGF8	0.0518761356688193	0.0518761356688193	0.8962477286623615	
FLVCR1-DT	0.8748041072968414	0.06259794635157923	0.06259794635157923	
TANGO6	0.06017936264372312	0.06017936264372312	0.8796412747125538	
POLR3B	0.017384826169357038	0.7985843080061514	0.18403086582449146	
C16orf91	0.035899033558424435	0.5607849486056538	0.4033160178359219	
LINC02175	0.011570757251717996	0.8003138686043116	0.18811537414397025	
RNF8	0.08744154787765059	0.08744154787765059	0.8251169042446987	
GPATCH2L	0.10445405037488398	0.10445405037488398	0.791091899250232	
AL596202.1	0.0569401758930131	0.0569401758930131	0.8861196482139738	
IL17RC	0.08921865873121879	0.08921865873121879	0.8215626825375624	
RRAD	0.016006478420542827	0.5947242459126674	0.38926927566678976	
AL355001.2	0.03161167887026427	0.5506487559406364	0.4177395651890992	
RAP2C-AS1	0.041760246702490074	0.041760246702490074	0.9164795065950199	
RASA1	0.009229052950208979	0.9120298640418734	0.0787410830079176	
CLINT1	0.25242363591337064	0.7181301362485917	0.02944622783803768	
TMCO6	0.37160581002682064	0.574075632062172	0.0543185579110072	
BSPRY	0.02923594068406223	0.6852127085832123	0.28555135073272553	
GPRASP1	0.8352280503372992	0.08238597483135046	0.08238597483135046	
DDX42	0.0826737774139431	0.0826737774139431	0.8346524451721138	
PJVK	0.866522572917576	0.06673871354121198	0.06673871354121198	
NT5DC2	0.8729714751983632	0.06351426240081837	0.06351426240081837	
TRHDE	0.8730891938320643	0.06345540308396783	0.06345540308396783	
TTC27	0.8118889129794258	0.09405554351028715	0.09405554351028715	
ZNF782	0.07553501888954041	0.07553501888954041	0.8489299622209192	
TCTN2	0.8487080982959612	0.0756459508520194	0.0756459508520194	
SLC9B1	0.8942639584418587	0.0528680207790706	0.0528680207790706	
CEP295	0.822074275915305	0.08896286204234756	0.08896286204234756	
AF117829.1	0.3090297179692465	0.659315931484418	0.03165435054633544	
SORL1	0.8464922903966813	0.07675385480165943	0.07675385480165943	
SSH2	0.023289719799192365	0.7499417508901779	0.2267685293106298	
AP4B1	0.08797749010260945	0.08797749010260945	0.8240450197947811	
BLOC1S3	0.818167518870263	0.09091624056486855	0.09091624056486855	
SCAF4	0.05302992535772917	0.514430037288929	0.43254003735334184	
ERO1B	0.03990586927826242	0.03990586927826242	0.9201882614434752	
EIF3C	0.510150085162731	0.4365044133141629	0.05334550152310613	
MSI1	0.8610342935875799	0.06948285320621005	0.06948285320621005	
BORCS6	0.07280961272801512	0.07280961272801512	0.8543807745439698	
GPX4	0.19471899979707796	0.7761186971132655	0.029162303089656512	
NEURL1	0.008129352878301532	0.8210646407084546	0.1708060064132437	
RTRAF	0.29857499258015086	0.653674845188517	0.047750162231332	
NUP58	0.0206261563097279	0.788518744231254	0.19085509945901805	
NOP53	0.7635981220652384	0.11820093896738085	0.11820093896738085	
ZSCAN9	0.7981822200237585	0.10090888998812078	0.10090888998812078	
NDEL1	0.019008750945860325	0.712124179143223	0.2688670699109166	
XKR9	0.892599119227019	0.05370044038649047	0.05370044038649047	
RBM26-AS1	0.8509352581924045	0.07453237090379781	0.07453237090379781	
UBAP1	0.2610661248718194	0.7072458201352771	0.03168805499290341	
ZNF572	0.4438282798760551	0.5163612663390749	0.03981045378486998	
CDK10	0.6095429383693397	0.2747878092681073	0.115669252362553	
PIK3C2A	0.39908303099579584	0.5534896266352194	0.04742734236898472	
LINC01068	0.008156691884243764	0.7715407831828899	0.2203025249328663	
KANK1	0.21619498837538928	0.7631734913993238	0.020631520225287	
COPE	0.044126341380579324	0.5933282894798029	0.36254536913961766	
HHAT	0.020072951981430543	0.7334792996125593	0.2464477484060101	
FBXO42	0.08206715888996337	0.2622000640481458	0.6557327770618909	
IRAK2	0.04704178533487969	0.04704178533487969	0.9059164293302406	
ZNF75D	0.07949545317241778	0.07949545317241778	0.8410090936551644	
EGR1	0.9200549043121189	0.039972547843940526	0.039972547843940526	
RWDD1	0.09347119659838803	0.09347119659838803	0.8130576068032239	
SMIM7	0.2917600904666594	0.6710986422398846	0.03714126729345593	
DESI2	0.028463308385275703	0.7679265009809938	0.2036101906337305	
HSPH1	0.037970487274715144	0.037970487274715144	0.9240590254505697	
GPR155	0.047215529542144995	0.047215529542144995	0.90556894091571	
AC004918.1	0.05495063934990105	0.05495063934990105	0.890098721300198	
LGALS1	0.8759320262106337	0.06203398689468307	0.06203398689468307	
SAV1	0.01787730232571786	0.7764245771553916	0.20569812051889044	
POLE3	0.39802679967675997	0.5594561820798175	0.04251701824342245	
KBTBD6	0.8351553712038083	0.0824223143980959	0.0824223143980959	
SDF2	0.19689468714821318	0.7766169470290999	0.02648836582268692	
TMEM181	0.09584902223612078	0.09584902223612078	0.8083019555277584	
MFNG	0.03854050277965888	0.03854050277965888	0.9229189944406821	
HDHD2	0.7573429917763347	0.12132850411183271	0.12132850411183271	
ODF2	0.025205072619408915	0.7397899483210356	0.23500497905955545	
CDC42EP1	0.018973213437369293	0.814385415351783	0.16664137121084766	
OSGEP	0.6629039055823316	0.2351047152531994	0.1019913791644691	
AC108673.3	0.036785994537188296	0.036785994537188296	0.9264280109256233	
C1orf122	0.10141418650476008	0.10141418650476008	0.7971716269904798	
BAG2	0.8765649179759281	0.06171754101203592	0.06171754101203592	
TBL1XR1	0.7881811078001872	0.10590944609990642	0.10590944609990642	
RAB27A	0.070395181715026	0.070395181715026	0.859209636569948	
AGPAT5	0.08088617484288128	0.08088617484288128	0.8382276503142374	
AP5Z1	0.09761895339836235	0.09761895339836235	0.8047620932032753	
LMBR1L	0.8271176930373244	0.08644115348133782	0.08644115348133782	
LINC01238	0.040150478165936206	0.040150478165936206	0.9196990436681276	
NBAS	0.3836374640012869	0.5478374161955389	0.06852511980317416	
IFIH1	0.09161522629251757	0.09161522629251757	0.8167695474149649	
CCDC9	0.49823475451191623	0.4400369916798452	0.06172825380823841	
RPIA	0.031800587145099785	0.6924760786975408	0.27572333415735933	
TMEM234	0.7629068377316606	0.11854658113416978	0.11854658113416978	
USP10	0.02640382987751343	0.7649016154646192	0.20869455465786732	
GALNT18	0.8699676033935873	0.06501619830320632	0.06501619830320632	
C2CD2	0.023095330056331742	0.7145711422229641	0.2623335277207042	
UHRF1	0.8348394854549583	0.0825802572725209	0.0825802572725209	
SDHAF2	0.04037100212143911	0.6426955188148213	0.31693347906373953	
AC005332.7	0.07334666091424008	0.07334666091424008	0.8533066781715198	
RPAP3	0.5846924731488039	0.34602488266733966	0.0692826441838563	
PIGU	0.7404024534575216	0.12979877327123926	0.12979877327123926	
IP6K2	0.03189927890729806	0.6870867507554296	0.28101397033727243	
SRSF2	0.026836180406037715	0.7307955267400248	0.24236829285393757	
CCDC120	0.1443117086002633	0.8414670495483925	0.014221241851344185	
SNAPIN	0.7801734989788388	0.10991325051058064	0.10991325051058064	
AC142472.1	0.05818313825162248	0.05818313825162248	0.8836337234967551	
SLC39A7	0.020084163124487176	0.8195397763501284	0.16037606052538442	
ACSL5	0.07649553918342863	0.07649553918342863	0.8470089216331427	
RRM1	0.1994068194649232	0.7824322631272008	0.018160917407875884	
ZSCAN5A	0.06857268452368438	0.06857268452368438	0.8628546309526313	
CDC123	0.7884447299796192	0.10577763501019043	0.10577763501019043	
ZNF19	0.06730141509686308	0.06730141509686308	0.8653971698062739	
CD48	0.02951373501305954	0.02951373501305954	0.9409725299738809	
RNF41	0.09361504512088913	0.09361504512088913	0.8127699097582217	
TSPAN4	0.8685919486394724	0.06570402568026372	0.06570402568026372	
MED23	0.7742596819544806	0.11287015902275978	0.11287015902275978	
RPH3AL	0.09415098940421733	0.09415098940421733	0.8116980211915653	
MFSD14C	0.08428349817069661	0.08428349817069661	0.8314330036586067	
HGSNAT	0.09131212429653722	0.09131212429653722	0.8173757514069255	
MPHOSPH6	0.7939398465416494	0.10303007672917533	0.10303007672917533	
IPO5	0.8036704052079552	0.09816479739602245	0.09816479739602245	
TKT	0.023710808914238216	0.7425262739634175	0.23376291712234423	
PIM2	0.05889568856132494	0.05889568856132494	0.8822086228773501	
SERTAD1	0.039711831349244206	0.039711831349244206	0.9205763373015117	
ZNF506	0.37990526086673226	0.5671811371715697	0.0529136019616981	
L2HGDH	0.03669374371671092	0.5480596460663348	0.41524661021695425	
POLR1C	0.7840186197911767	0.1079906901044117	0.1079906901044117	
RBM23	0.6720776202278339	0.23407884567494774	0.09384353409721834	
DHX9	0.03422213999971432	0.6727124430823599	0.2930654169179258	
MGST2	0.7551462442204657	0.12242687788976722	0.12242687788976722	
SUMO1	0.6603657412723684	0.2418476785418592	0.09778658018577244	
CIITA	0.03527288853965807	0.03527288853965807	0.9294542229206838	
OPHN1	0.06814060240252469	0.9212114044916928	0.010647993105782546	
EEF1D	0.10883599069674084	0.10883599069674084	0.7823280186065183	
FAM167B	0.898602608642002	0.05069869567899893	0.05069869567899893	
AC246817.2	0.8790613107760369	0.060469344611981515	0.060469344611981515	
AGAP2-AS1	0.060941732894015485	0.060941732894015485	0.8781165342119691	
LRRC49	0.8274221536502293	0.08628892317488539	0.08628892317488539	
TBC1D5	0.7826039353317507	0.10869803233412473	0.10869803233412473	
PNKD	0.03112067208200374	0.7300161371733631	0.2388631907446331	
WBP2	0.826316692355279	0.0868416538223605	0.0868416538223605	
HS1BP3	0.7968374957019764	0.10158125214901184	0.10158125214901184	
RAB5B	0.024771820934023456	0.8119469390071823	0.16328124005879432	
TMEM214	0.021398768399499835	0.839268960688103	0.1393322709123971	
ABHD17C	0.011507290776695026	0.8844624550135937	0.10403025420971125	
PPP1R13L	0.010262890293767398	0.8540097107488485	0.13572739895738414	
TRIM69	0.0673102948362342	0.0673102948362342	0.8653794103275316	
MED13L	0.7761160604049029	0.11194196979754864	0.11194196979754864	
ZNF225	0.821831449503369	0.08908427524831557	0.08908427524831557	
NME3	0.7521392395898076	0.12393038020509624	0.12393038020509624	
AL163051.1	0.09274533000002382	0.895666399736526	0.01158827026345033	
SDCBP	0.06989521802219695	0.30571945906858744	0.6243853229092156	
AC004076.2	0.887395399561537	0.05630230021923146	0.05630230021923146	
TRAPPC1	0.03593805900714271	0.6279851094372896	0.3360768315555677	
NT5M	0.8782039172785281	0.06089804136073589	0.06089804136073589	
ZNF445	0.7898644165893596	0.10506779170532027	0.10506779170532027	
TBL1X	0.052771604756509195	0.44617086304314163	0.5010575322003492	
FAM71E1	0.18481971061940927	0.7927585220224801	0.022421767358110637	
GRSF1	0.059173111829129474	0.49605660410475777	0.4447702840661128	
TACSTD2	0.8878849143864016	0.05605754280679914	0.05605754280679914	
SAMD4B	0.08256358088042857	0.08256358088042857	0.8348728382391428	
ZCCHC8	0.05195005090862386	0.5352098880246765	0.41284006106669974	
MYL12B	0.025791437271444305	0.678591729687629	0.2956168330409266	
PIWIL4	0.06617159794528889	0.06617159794528889	0.8676568041094223	
POLQ	0.008038596755783892	0.8000786766505409	0.1918827265936752	
AC108860.2	0.012965504191226173	0.8560055155667237	0.13102898024205023	
GPRC5A	0.04308328804326283	0.04308328804326283	0.9138334239134744	
RTL10	0.030553081404451635	0.5493121255014817	0.4201347930940667	
MT1X	0.2234489301834634	0.7635612668582186	0.012989802958317965	
NCKAP1	0.1720361733389154	0.8030346704258591	0.024929156235225465	
KRT18	0.011101291824274403	0.8762662170900873	0.11263249108563826	
SURF6	0.794067346738507	0.10296632663074659	0.10296632663074659	
APIP	0.06687125705844488	0.06687125705844488	0.8662574858831104	
HAUS1	0.8098447268889071	0.09507763655554652	0.09507763655554652	
TBCC	0.7976288966098335	0.10118555169508328	0.10118555169508328	
AC096992.2	0.05466089213683591	0.05466089213683591	0.8906782157263282	
RAD23B	0.11179226165822308	0.868050447107788	0.020157291233988912	
IFIT1	0.02697332212679785	0.02697332212679785	0.9460533557464043	
PPP1R18	0.045053022658372924	0.045053022658372924	0.9098939546832542	
GPC4	0.478445537493651	0.463757762868328	0.05779669963802098	
AL080317.2	0.011793816738472308	0.8094575880482936	0.17874859521323402	
ELF2	0.3983689550441042	0.534640527801508	0.06699051715438784	
GLUL	0.7556575805312938	0.12217120973435315	0.12217120973435315	
HSP90AA1	0.26937604365594786	0.7084277016385663	0.022196254705485776	
MRI1	0.07965529542308326	0.07965529542308326	0.8406894091538335	
ZNF33A	0.037294635749277334	0.7048703333157248	0.25783503093499777	
ERP29	0.15971573764951758	0.8170043683492167	0.02327989400126567	
RIOK1	0.4446130976156078	0.4950530481526498	0.060333854231742465	
ASPM	0.15531958685450747	0.8352792356228231	0.009401177522669326	
ITGA4	0.034496742499538886	0.034496742499538886	0.9310065150009221	
RABL3	0.03899873243623915	0.6718757643241721	0.28912550323958874	
SACS	0.04047960570734159	0.04047960570734159	0.9190407885853169	
RPS19	0.5030097851598142	0.4214465087791105	0.07554370606107531	
CARD8-AS1	0.04767851124445587	0.04767851124445587	0.9046429775110884	
PLEKHG3	0.81336149049375	0.09331925475312507	0.09331925475312507	
FAHD1	0.0937217630201165	0.0937217630201165	0.8125564739597669	
BTRC	0.04802953642954639	0.5297379003298113	0.42223256324064234	
ITGB8	0.8455026301252245	0.07724868493738775	0.07724868493738775	
EPHB3	0.013420475775813871	0.8216957404821029	0.1648837837420832	
TPGS2	0.28090303018990714	0.6820964629536058	0.037000506856486946	
ZNF91	0.07365331973147927	0.9146664952325767	0.011680185035944009	
MXD3	0.1903495285633451	0.7897732585387152	0.01987721289793974	
FAM114A1	0.10411247820142921	0.10411247820142921	0.7917750435971416	
CCNT1	0.036555410395694085	0.643058284464484	0.3203863051398219	
UBE2D4	0.08058848111171621	0.08058848111171621	0.8388230377765675	
RPUSD2	0.43637574880608737	0.5158860196151844	0.04773823157872817	
SH3PXD2A	0.031577793236397825	0.6636209037034888	0.30480130306011344	
AC093297.2	0.8395396245044798	0.08023018774776011	0.08023018774776011	
ZNF282	0.12801285002711363	0.8520028979769786	0.01998425199590783	
RBCK1	0.04462138898277482	0.5673326661390278	0.38804594487819727	
AC021054.1	0.8111891167045762	0.09440544164771195	0.09440544164771195	
PSMD4	0.17627713107573448	0.7937609695498915	0.02996189937437405	
MAPKAPK3	0.8007093147209653	0.09964534263951738	0.09964534263951738	
MTMR10	0.01788589314385402	0.8341730641432651	0.14794104271288083	
BOD1L1	0.10406945822335713	0.10406945822335713	0.7918610835532857	
PRDX6	0.01438479200272471	0.7902462184412398	0.19536898955603546	
ZNF786	0.048436539559376456	0.3532511228577879	0.5983123375828356	
ZFP36L2	0.7751873739790092	0.11240631301049547	0.11240631301049547	
AC016596.1	0.8698155314482284	0.06509223427588573	0.06509223427588573	
SNRPD1	0.2730400533285919	0.6939169087891077	0.033043037882300334	
DENND6A	0.09953292341240726	0.09953292341240726	0.8009341531751855	
RELA	0.10807885930571245	0.10807885930571245	0.783842281388575	
CCDC125	0.017933288024725217	0.8282068367882849	0.15385987518698982	
NUP88	0.05368945078778888	0.5717749358394035	0.3745356133728076	
RUVBL2	0.4450808777080176	0.4875777751636832	0.06734134712829923	
OLA1	0.7391315062305028	0.15263666304171	0.10823183072778726	
HDHD3	0.13878129157895547	0.8402027485746987	0.021015959846345782	
TMEM232	0.8353456481479427	0.08232717592602873	0.08232717592602873	
MMGT1	0.08980800470666175	0.08980800470666175	0.8203839905866764	
NRAS	0.2369013478863481	0.7192981988663714	0.04380045324728049	
SLC39A10	0.8117282267397733	0.09413588663011341	0.09413588663011341	
IL10RB-DT	0.542741067212506	0.42124875922619326	0.036010173561300665	
LMNB1	0.20326045104200685	0.778926110166219	0.01781343879177414	
BCL2L12	0.12773243778424814	0.8551555006325011	0.017112061583250657	
FSCN1	0.061950920884632554	0.061950920884632554	0.876098158230735	
FAAP24	0.22472790401186335	0.7556647155993471	0.019607380388789442	
LRRC37B	0.8227763168792529	0.08861184156037358	0.08861184156037358	
KIF3A	0.7983921008415736	0.10080394957921326	0.10080394957921326	
YWHAE	0.2405007801630669	0.7281343315620648	0.031364888274868344	
RNASEK	0.06503086565039727	0.06503086565039727	0.8699382686992055	
BDP1	0.0493873394147307	0.4058256820333894	0.5447869785518799	
NFKB2	0.8767118919622066	0.06164405401889668	0.06164405401889668	
SEMA3C	0.7546828315304795	0.12265858423476027	0.12265858423476027	
NPC1	0.05264400745735178	0.13936649598821196	0.8079894965544363	
SPTBN2	0.05549385540068174	0.10158619209821461	0.8429199525011036	
AK7	0.06665231326155392	0.06665231326155392	0.8666953734768922	
SMAP2	0.07812805171061095	0.07812805171061095	0.8437438965787781	
HOXD9	0.8875196037415368	0.05624019812923151	0.05624019812923151	
PRKD3	0.06511649816736294	0.06511649816736294	0.8697670036652742	
DPH3	0.10479555147712463	0.10479555147712463	0.7904088970457507	
SCAMP3	0.3003750560298157	0.656956870592429	0.04266807337775527	
WDR81	0.06624774483180083	0.06624774483180083	0.8675045103363984	
ANKRD13C	0.10549532393496125	0.10549532393496125	0.7890093521300775	
PPRC1	0.07122033493619544	0.07122033493619544	0.8575593301276092	
ALDH16A1	0.03741422943907081	0.6329981897553585	0.32958758080557077	
YY1AP1	0.4445485883204595	0.47776923736193927	0.07768217431760109	
COX11	0.7825538468099421	0.10872307659502899	0.10872307659502899	
HDAC2-AS2	0.7603325422029161	0.1790926645278031	0.06057479326928068	
AL117379.1	0.05825117237379682	0.05825117237379682	0.8834976552524064	
RC3H2	0.454146087697701	0.4622001348662042	0.08365377743609484	
RFXANK	0.11300235488312103	0.11300235488312103	0.7739952902337579	
UBA6	0.07458262059942608	0.07458262059942608	0.8508347588011479	
SLC9A3R1	0.24260915400745756	0.7361086885559336	0.021282157436608832	
NASP	0.17912922386315527	0.7981093845018435	0.022761391635001228	
ARHGAP8	0.015738020413997533	0.8055419415609288	0.1787200380250736	
SMAD2	0.7181189029234957	0.14094054853825216	0.14094054853825216	
TTC30B	0.08318346598873376	0.08318346598873376	0.8336330680225325	
KLHDC1	0.052065628714929334	0.052065628714929334	0.8958687425701414	
LIG1	0.1186536837954324	0.869124377692711	0.012221938511856602	
SPATS2	0.7882017677199837	0.10589911614000821	0.10589911614000821	
PPP1R11	0.04404907011176545	0.4359773808728116	0.5199735490154229	
ZNF555	0.06861485965828062	0.06861485965828062	0.8627702806834389	
CLDN15	0.8331883795315436	0.08340581023422824	0.08340581023422824	
SPRYD3	0.09499725308835096	0.09499725308835096	0.810005493823298	
RECQL4	0.010487318184764267	0.7787662963465677	0.21074638546866808	
PRDM5	0.8430776533678085	0.07846117331609573	0.07846117331609573	
RGPD5	0.03950235304016828	0.0500308842813557	0.910466762678476	
DDOST	0.19141962874280388	0.7824133757484872	0.02616699550870891	
PISD	0.10922033806408647	0.8728092754167459	0.01797038651916761	
AL162258.2	0.46302389454388615	0.4996801327315021	0.0372959727246117	
GRAMD2A	0.1220792127434177	0.8693137207148511	0.0086070665417312	
ZNF267	0.08868632242721447	0.08868632242721447	0.8226273551455711	
HEG1	0.03945463404464493	0.03945463404464493	0.9210907319107101	
AL358472.2	0.874568632335818	0.06271568383209095	0.06271568383209095	
C12orf43	0.07576570295321045	0.07576570295321045	0.8484685940935792	
DOCK8	0.043472898349914336	0.043472898349914336	0.9130542033001714	
FOXO3	0.8133683067301003	0.09331584663494988	0.09331584663494988	
SH3BP4	0.013424419137086804	0.854845818609435	0.13172976225347813	
ACAA2	0.06935902774084747	0.06935902774084747	0.861281944518305	
AVPI1	0.02989620449891746	0.4346572020762858	0.5354465934247967	
AC010531.6	0.8053952671298241	0.09730236643508801	0.09730236643508801	
FAM171A1	0.08062526740122423	0.08062526740122423	0.8387494651975514	
BTD	0.7925501934174969	0.1037249032912516	0.1037249032912516	
UVRAG	0.12202725086060923	0.12202725086060923	0.7559454982787815	
SPATA6L	0.8276576181927923	0.08617119090360391	0.08617119090360391	
CHMP2B	0.016464715756545425	0.8241103869251352	0.15942489731831933	
AC012358.3	0.872190620484133	0.06390468975793348	0.06390468975793348	
AC008267.5	0.7961996146916402	0.1019001926541799	0.1019001926541799	
NUBP2	0.030517584242839586	0.7117669061751684	0.25771550958199213	
EFTUD2	0.08125299648795228	0.2847895754138668	0.6339574280981809	
PHRF1	0.029696860120863904	0.6796352116818072	0.29066792819732895	
TMC4	0.018957416691197933	0.7559954303721159	0.22504715293668603	
EED	0.027660665235284324	0.7581790848756313	0.21416024988908428	
FHAD1	0.05144263050194027	0.05144263050194027	0.8971147389961195	
CHN2	0.0599477680747712	0.1395129883703439	0.800539243554885	
PLIN2	0.18718345495122743	0.7980623087910527	0.014754236257719912	
GALK2	0.10631653381809673	0.10631653381809673	0.7873669323638065	
PSMA3	0.22077145451303393	0.7452087137860914	0.03401983170087465	
XPO4	0.06965847565221558	0.06965847565221558	0.8606830486955689	
SH3BP5L	0.04183862907285402	0.5120341421637731	0.44612722876337285	
TOR1B	0.08461247058363983	0.20456565799907672	0.7108218714172834	
MPP1	0.8449383009722478	0.07753084951387616	0.07753084951387616	
BLZF1	0.10038171794227531	0.10038171794227531	0.7992365641154493	
SRFBP1	0.07637919412796006	0.07637919412796006	0.84724161174408	
FKBPL	0.10287327790288235	0.8831223519769413	0.014004370120176255	
MOB3A	0.08229194461899735	0.08229194461899735	0.8354161107620053	
ZNF329	0.8197309544312739	0.09013452278436314	0.09013452278436314	
HYLS1	0.015867758498308956	0.7922699932600751	0.191862248241616	
FRMD6-AS1	0.00973197501321238	0.8373616030675407	0.15290642191924697	
NCOR1	0.11406653727661441	0.11406653727661441	0.7718669254467712	
ZNF71	0.8117738096358508	0.09411309518207464	0.09411309518207464	
YY2	0.042767854153799995	0.042767854153799995	0.9144642916924001	
TMEM74B	0.16782929484789336	0.8189460629059235	0.013224642246183036	
TNFRSF1A	0.07146490988271399	0.07146490988271399	0.857070180234572	
CYB5D2	0.056667327116150044	0.44010198872788464	0.5032306841559653	
ALG6	0.22610545501938767	0.7426173321146001	0.03127721286601219	
C12orf65	0.23375304245295705	0.7313532607004949	0.034893696846548077	
DNAJA4	0.05365078500084103	0.05365078500084103	0.892698429998318	
SRD5A3	0.07058296449317421	0.07058296449317421	0.8588340710136516	
SRRM2	0.09927750230570435	0.09927750230570435	0.8014449953885913	
PDE3A	0.7807615148898981	0.10961924255505101	0.10961924255505101	
HAUS6	0.027171510622582013	0.6082103246458427	0.3646181647315752	
BMI1	0.06284159587923648	0.26630800748618055	0.6708503966345829	
CEP89	0.09532434538363116	0.09532434538363116	0.8093513092327377	
ZNF584	0.06548211970960313	0.06548211970960313	0.8690357605807938	
OTUD3	0.016451684999179463	0.8219923904070264	0.16155592459379414	
FMNL1	0.04000311191496135	0.04000311191496135	0.9199937761700774	
ACAD11	0.8476672143605659	0.07616639281971707	0.07616639281971707	
RNASEL	0.8042397584896955	0.09788012075515226	0.09788012075515226	
PRPF31	0.3241749820560216	0.6199569353878945	0.05586808255608394	
RHPN2	0.019208299321361904	0.6550200805713573	0.3257716201072808	
CSNK1G1	0.10489388049825939	0.10489388049825939	0.7902122390034811	
ZNF318	0.08350441595739352	0.08350441595739352	0.8329911680852129	
SLC35A5	0.29486580367501325	0.6660055108578629	0.03912868546712377	
PRMT2	0.11170393439995764	0.11170393439995764	0.7765921312000847	
SLC1A5	0.15781371417977264	0.8166538585342317	0.02553242728599572	
ZNF695	0.12733108996801176	0.8630343618216393	0.00963454821034904	
THEM4	0.7516356307063093	0.12418218464684533	0.12418218464684533	
RALBP1	0.01572733892914373	0.8782166150595987	0.10605604601125758	
EMC10	0.028111865261233944	0.7820762624400283	0.1898118722987378	
OXA1L	0.7781521488148676	0.11092392559256625	0.11092392559256625	
GLRX	0.16428827445901836	0.8149223266169625	0.020789398924019133	
LEMD2	0.03627860929717001	0.6817747797173898	0.28194661098544016	
ZNF202	0.08149692995548137	0.08149692995548137	0.8370061400890372	
JOSD1	0.07099106380568344	0.07099106380568344	0.8580178723886331	
MIS18BP1	0.0736958402720432	0.0736958402720432	0.8526083194559136	
NUP160	0.1534248495132682	0.8224518598305192	0.024123290656212625	
SS18L2	0.7315226201958708	0.1342386899020646	0.1342386899020646	
ALAD	0.03797151847202804	0.5707797138694325	0.3912487676585394	
USP20	0.08674681619279716	0.08674681619279716	0.8265063676144057	
ZHX2	0.8341402405745661	0.08292987971271695	0.08292987971271695	
FANCA	0.008791748775271356	0.8327060343504784	0.15850221687425028	
EIF4B	0.025523743251904308	0.7598117658942086	0.21466449085388703	
SPOCK2	0.04015857133702102	0.04015857133702102	0.919682857325958	
NUP188	0.08022766312855512	0.08022766312855512	0.8395446737428898	
MAFF	0.3151101084539551	0.6668224359374306	0.018067455608614346	
PPP2R5A	0.10333409389507436	0.10333409389507436	0.7933318122098513	
REN	0.9275662829254178	0.036216858537291105	0.036216858537291105	
COQ7	0.7502869978304839	0.12485650108475807	0.12485650108475807	
TBC1D2	0.5395987172087342	0.4005255301849188	0.05987575260634689	
MDH1	0.758440073702376	0.12077996314881208	0.12077996314881208	
BAG6	0.028618756517417406	0.7482123501225805	0.2231688933600021	
ZNF337	0.8020903935756671	0.09895480321216649	0.09895480321216649	
C11orf24	0.04237186720794972	0.5689080188300901	0.38872011396196005	
CCDC113	0.02013453406337218	0.60656717731211	0.37329828862451786	
IL18R1	0.05035293206481295	0.05035293206481295	0.8992941358703741	
AC093227.1	0.865634011393698	0.06718299430315093	0.06718299430315093	
KDF1	0.06827481868588015	0.9210530572530289	0.01067212406109092	
SLC35B1	0.03786427169374312	0.6992549538110703	0.26288077449518654	
MIEF2	0.15860506027659665	0.8224130828247228	0.018981856898680562	
SASH1	0.03310324413038902	0.5136900987771472	0.4532066570924638	
BRD1	0.06238515496295495	0.3935004069313778	0.5441144381056672	
CYP2U1	0.8274188790849909	0.08629056045750458	0.08629056045750458	
PITPNB	0.09399236472712558	0.19429617012858216	0.7117114651442923	
HOOK3	0.7507463246470925	0.12462683767645383	0.12462683767645383	
PRPF38B	0.7643002334344461	0.11784988328277704	0.11784988328277704	
LINC02062	0.024899805150439918	0.024899805150439918	0.9502003896991201	
TBPL1	0.022719211342649807	0.7594441347083464	0.21783665394900373	
HPS6	0.052691197222011765	0.28939666014681353	0.6579121426311747	
C2orf92	0.061261268197700156	0.061261268197700156	0.8774774636045998	
HLA-DRB1	0.9078580258787771	0.046070987060611406	0.046070987060611406	
TRPV3	0.03936779058227398	0.03936779058227398	0.9212644188354521	
PHETA1	0.062304186089692265	0.062304186089692265	0.8753916278206155	
TULP3	0.7645296501872028	0.1177351749063987	0.1177351749063987	
POLR2J	0.048443931637089564	0.5335948598274525	0.41796120853545793	
CEP128	0.016570291158357897	0.6879843531575895	0.2954453556840524	
CYB5R3	0.7947995190279762	0.10260024048601195	0.10260024048601195	
ACLY	0.10357999647689774	0.10357999647689774	0.7928400070462045	
CCNF	0.179896744853235	0.8071825135035352	0.012920741643229788	
KIF7	0.04706615436392222	0.04706615436392222	0.9058676912721556	
MSRB1	0.0164712573994281	0.7697595169101306	0.21376922569044146	
MED18	0.023013338260475052	0.7328444287962744	0.2441422329432505	
FERMT3	0.8029693278413592	0.09851533607932043	0.09851533607932043	
COPS3	0.24546374296588538	0.7185229588989988	0.03601329813511587	
MRPL58	0.03017930932633605	0.7325463680149206	0.23727432265874343	
NDUFAF8	0.07681964999633331	0.07681964999633331	0.8463607000073334	
MYEF2	0.8330178520467304	0.08349107397663486	0.08349107397663486	
TOP1MT	0.0739464384918731	0.0739464384918731	0.8521071230162538	
ADNP	0.24814869031595463	0.7213138728295394	0.030537436854505932	
FAM229A	0.0640160839162762	0.0640160839162762	0.8719678321674477	
NCAM1	0.8944920724707827	0.0527539637646086	0.0527539637646086	
PIGN	0.05422766626504418	0.510809695711317	0.43496263802363894	
CENPV	0.7460959512159588	0.1269520243920206	0.1269520243920206	
SKA2	0.21364835677711136	0.7600552095299733	0.026296433692915434	
PHACTR4	0.11302376170167937	0.11302376170167937	0.7739524765966412	
MYO7B	0.008853358956648634	0.894189254621512	0.09695738642183942	
SUMO4	0.05025119447640947	0.05025119447640947	0.8994976110471811	
KCTD18	0.7584124642595951	0.12079376787020252	0.12079376787020252	
PGM2	0.10813726757242276	0.8755218731822794	0.016340859245297854	
FAM107B	0.015237514054717507	0.8299644575436425	0.15479802840163995	
TIMM22	0.6341770568610862	0.26000711587092334	0.10581582726799048	
PLK4	0.19380206327553898	0.7924063966817058	0.013791540042755235	
STBD1	0.12523547257722062	0.8652042970790407	0.00956023034373878	
ARF1	0.23833785231932328	0.7233848456319258	0.03827730204875093	
BID	0.09685449206162257	0.09685449206162257	0.8062910158767548	
AFF4	0.7667150026870726	0.11664249865646378	0.11664249865646378	
SPART	0.6845385180747713	0.27814274730036886	0.037318734624859864	
ZBTB8A	0.07764672550576943	0.07764672550576943	0.8447065489884612	
DHRS13	0.13910085406066477	0.8436115401487843	0.017287605790550914	
ALG10	0.30311377042309173	0.6656877452873365	0.031198484289571754	
NPIPB11	0.05308312593157165	0.05308312593157165	0.8938337481368568	
ANO7	0.022920217096927927	0.5319942798580996	0.44508550304497246	
PROX1	0.07105566558000802	0.07105566558000802	0.857888668839984	
SPC24	0.3153452356529794	0.6656701285498364	0.018984635797184183	
HACD1	0.8550537841597162	0.07247310792014189	0.07247310792014189	
MRPS30	0.7548106172459008	0.12259469137704959	0.12259469137704959	
KXD1	0.04915725715468852	0.5954717226623781	0.3553710201829334	
MRPS17	0.03259023968509442	0.5338795391841159	0.4335302211307896	
TYW3	0.8107978301604402	0.09460108491977995	0.09460108491977995	
ICE1	0.07348559442037599	0.1940291507247544	0.7324852548548695	
CLSPN	0.011445831254735585	0.7291907770530516	0.2593633916922129	
AC005070.3	0.05225451258315602	0.05225451258315602	0.895490974833688	
TPPP3	0.04013484264614784	0.04013484264614784	0.9197303147077044	
OVGP1	0.1888849217650236	0.7936204162867688	0.01749466194820742	
C12orf45	0.019589941515260986	0.7576142763470919	0.22279578213764709	
HOXD10	0.8904360327893864	0.05478198360530672	0.05478198360530672	
ZNF585A	0.6241230542933573	0.3229624337960646	0.052914511910578096	
VAMP4	0.10111516472394315	0.10111516472394315	0.7977696705521137	
EIF2B5	0.03838327221405244	0.697783726456004	0.2638330013299436	
MAPK8IP1	0.03982328920584873	0.03982328920584873	0.9203534215883025	
SEC24B-AS1	0.06878852435304064	0.06878852435304064	0.8624229512939188	
DGLUCY	0.07447459942290219	0.4435061137105385	0.4820192868665594	
RPS6KA3	0.08562370153683034	0.08562370153683034	0.8287525969263393	
TMEM191B	0.19131225597860513	0.789592682090712	0.01909506193068276	
HEPH	0.8145978647400985	0.0927010676299508	0.0927010676299508	
ATG10	0.14789121567002725	0.8287576937850946	0.0233510905448781	
UBAC2-AS1	0.01498554260808712	0.8184004595373483	0.16661399785456457	
PUF60	0.30340902789191204	0.6440158308372907	0.052575141270797106	
HSPA1L	0.8685499976332596	0.06572500118337016	0.06572500118337016	
AC104506.1	0.3202031735330861	0.6461586222702456	0.03363820419666838	
UTP3	0.7589587457293663	0.12052062713531692	0.12052062713531692	
NECAP2	0.7187532528213724	0.1406233735893138	0.1406233735893138	
SLC12A9-AS1	0.22027616582208107	0.7560440013856734	0.023679832792245538	
CFAP298	0.6382298105247562	0.2522587630567835	0.10951142641846029	
PRR11	0.22384084309949356	0.7584782954137214	0.01768086148678506	
TMEM65	0.77021964506839	0.11489017746580506	0.11489017746580506	
WDR89	0.13471513232941854	0.8473132838619688	0.017971583808612645	
IQGAP1	0.050096514382043794	0.5768619534080179	0.37304153220993835	
UBA1	0.09125037381870744	0.09125037381870744	0.817499252362585	
TRMT10A	0.19441318471851726	0.7814683431347953	0.02411847214668748	
SRPK2	0.7320714039385378	0.13396429803073115	0.13396429803073115	
PPP2R1A	0.44258574090170355	0.48331064768700177	0.07410361141129465	
CRY1	0.020228402465912357	0.7583791078033283	0.22139248973075923	
C21orf62-AS1	0.8397152041655531	0.08014239791722345	0.08014239791722345	
MRPS36	0.14583871443087568	0.830766905375094	0.023394380194030364	
AARS	0.028296049451989155	0.7214616828714345	0.25024226767657626	
ARSG	0.040515118856070696	0.040515118856070696	0.9189697622878586	
EPHA2	0.03920875577372056	0.03920875577372056	0.9215824884525589	
LEPROT	0.3831605399660331	0.5378140698395913	0.07902539019437554	
ITPKB	0.8147432896379113	0.09262835518104438	0.09262835518104438	
PNPLA4	0.8128783099810621	0.09356084500946897	0.09356084500946897	
SLC15A4	0.07062167387706952	0.07062167387706952	0.8587566522458611	
TK2	0.10169761330186798	0.10169761330186798	0.796604773396264	
SPATA1	0.8419434370408664	0.07902828147956686	0.07902828147956686	
SPECC1L	0.03782705719322244	0.5475884264142225	0.4145845163925552	
AC015912.3	0.04065706502640593	0.04065706502640593	0.9186858699471881	
PRCC	0.030571298103523468	0.7840109483532197	0.18541775354325674	
ZNF224	0.7778280430811841	0.11108597845940796	0.11108597845940796	
ENG	0.672102445529564	0.28773566186949523	0.04016189260094065	
DPP10	0.16321549111126418	0.8238253076837203	0.012959201205015498	
AEBP2	0.1516500567709176	0.8292486890614672	0.019101254167615236	
IRF6	0.11784750885732741	0.8671930931223152	0.014959398020357447	
CDC37L1	0.0626259241957869	0.341486667132826	0.5958874086713871	
MARK4	0.7739192027097371	0.11304039864513149	0.11304039864513149	
BORCS7	0.38487034973034157	0.5567598171717297	0.058369833097928724	
AUH	0.26756633900288923	0.6956787965553041	0.036754864441806485	
CPSF7	0.717623137317242	0.14118843134137898	0.14118843134137898	
CADM4	0.8323706101054639	0.08381469494726809	0.08381469494726809	
CD59	0.07722173525920698	0.07722173525920698	0.845556529481586	
SUCLG1	0.37742323154229357	0.5666585483761157	0.05591822008159066	
HTATSF1	0.019799340780173615	0.8045883454508334	0.175612313768993	
WDR45	0.09674956161055503	0.09674956161055503	0.8065008767788899	
TBCB	0.09360894892032147	0.09360894892032147	0.812782102159357	
DDRGK1	0.7539640389072869	0.12301798054635658	0.12301798054635658	
ERAP1	0.734127993530817	0.13293600323459154	0.13293600323459154	
SLC12A6	0.7859667647930105	0.10701661760349478	0.10701661760349478	
ZNF480	0.09546211453604725	0.09546211453604725	0.8090757709279055	
STK40	0.0692756016837603	0.0692756016837603	0.8614487966324793	
APTX	0.36878622672550637	0.5728954916716384	0.058318281602855064	
GASAL1	0.185250899467518	0.7985374236546537	0.01621167687782824	
CPLX1	0.04159123628214655	0.04159123628214655	0.9168175274357069	
C20orf27	0.08584811408685553	0.08584811408685553	0.8283037718262889	
DHX58	0.07930446412309605	0.07930446412309605	0.841391071753808	
GPR137C	0.8772076340776916	0.061396182961154115	0.061396182961154115	
PHC3	0.7483501808571174	0.12582490957144138	0.12582490957144138	
ZNF460-AS1	0.2969504837148226	0.678541996938519	0.024507519346658343	
HERC1	0.08920341521485893	0.11549179131846918	0.7953047934666719	
SLC2A3	0.9035611634305675	0.04821941828471622	0.04821941828471622	
MED31	0.7544083945067065	0.12279580274664677	0.12279580274664677	
FAM200B	0.577547302802384	0.30903197028425256	0.11342072691336343	
PUS3	0.06281564949609937	0.33383462067783604	0.6033497298260647	
GTF3C4	0.6352066485999546	0.2944162850187232	0.07037706638132224	
SMURF2	0.08567844122014853	0.08567844122014853	0.8286431175597029	
GREM1	0.8868863170562494	0.05655684147187524	0.05655684147187524	
KLHL22	0.2492660285454318	0.7164611836357888	0.034272787818779335	
MRPL54	0.1079792707247896	0.1079792707247896	0.7840414585504207	
DNAJB11	0.056404277650345024	0.4466135499399867	0.4969821724096684	
DUT	0.3505539565593671	0.6084984309911318	0.04094761244950103	
RASGRP3	0.039859268350600184	0.039859268350600184	0.9202814632987996	
C8orf33	0.10234993510408294	0.10234993510408294	0.7953001297918341	
DPM3	0.7464713462913477	0.1267643268543262	0.1267643268543262	
YPEL2	0.8197621466758456	0.09011892666207728	0.09011892666207728	
HLA-DQA2	0.8993629920736164	0.0503185039631918	0.0503185039631918	
NOP2	0.07758973728241092	0.07758973728241092	0.8448205254351782	
ZNF141	0.0849434556416114	0.0849434556416114	0.8301130887167771	
PPP2R3B	0.14448469978501463	0.8404058355024995	0.015109464712485879	
ZNF658	0.01921068429512226	0.7282535742101983	0.2525357414946794	
GULP1	0.20529133201217534	0.7817340622186163	0.012974605769208348	
ZBTB21	0.8286021819918379	0.08569890900408111	0.08569890900408111	
HOXB7	0.11150819517620877	0.11150819517620877	0.7769836096475824	
SNX15	0.8694250154353202	0.06528749228233979	0.06528749228233979	
SFXN4	0.7104271226159473	0.1866998388595678	0.10287303852448484	
BUB1B	0.1492952279813224	0.841716991883513	0.008987780135164533	
YIF1B	0.09766745789389018	0.09766745789389018	0.8046650842122196	
MDM1	0.8200510976609049	0.08997445116954758	0.08997445116954758	
NAT9	0.0784626316146782	0.31690401821176983	0.6046333501735519	
PBXIP1	0.8032085035712204	0.09839574821438983	0.09839574821438983	
ZMYM4	0.07742766624912499	0.07742766624912499	0.8451446675017501	
PSMD13	0.0327830305018391	0.7399882357002672	0.22722873379789366	
TRMT6	0.030710732069240507	0.5877101745303761	0.38157909340038343	
CDK5	0.08200186549462343	0.08200186549462343	0.8359962690107531	
HIBCH	0.08847677460347103	0.08847677460347103	0.8230464507930579	
C5orf63	0.01924708762614242	0.8331314126963835	0.14762149967747418	
TEAD3	0.060711488417079476	0.9289380463752531	0.010350465207667357	
RTN3	0.10504193997971178	0.10504193997971178	0.7899161200405764	
CDYL2	0.21091388006522716	0.7692127322842711	0.01987338765050174	
HEXIM1	0.012604396198926884	0.828991080706912	0.1584045230941611	
ILK	0.7575004801300166	0.12124975993499175	0.12124975993499175	
PLCL1	0.03813537256891132	0.03813537256891132	0.9237292548621774	
CREM	0.7663873970941107	0.11680630145294467	0.11680630145294467	
HIST1H2AH	0.01678892194369557	0.7312792664671971	0.25193181158910744	
EML4	0.3198394418651084	0.6323033627542372	0.0478571953806544	
ETS1	0.06527715566940223	0.06527715566940223	0.8694456886611955	
NDUFV2	0.048458365199424674	0.5416901932667151	0.4098514415338603	
AC093525.4	0.062278776060624395	0.062278776060624395	0.8754424478787513	
BCL2L13	0.03295122708994655	0.768353427220471	0.19869534568958236	
CCDC180	0.06086676086490409	0.06086676086490409	0.8782664782701919	
TBC1D9	0.0769354096695565	0.0769354096695565	0.846129180660887	
PRKDC	0.023729505787400403	0.5817059095791535	0.39456458463344624	
LAS1L	0.776485478043705	0.11175726097814755	0.11175726097814755	
MGAT4A	0.10441767014085682	0.10441767014085682	0.7911646597182863	
COLGALT1	0.1016153829412779	0.1016153829412779	0.7967692341174442	
AC245140.2	0.06082551417950016	0.06082551417950016	0.8783489716409998	
NCEH1	0.06632477436994762	0.06632477436994762	0.8673504512601048	
PYURF	0.7443143930235934	0.1278428034882034	0.1278428034882034	
STMP1	0.13107046156907223	0.8427900810797267	0.026139457351200972	
MRPS18C	0.35464747269356894	0.5813066748414982	0.06404585246493283	
UBTD2	0.34905148766475125	0.6046862766822716	0.046262235652977	
C2orf81	0.022464838961967444	0.022464838961967444	0.9550703220760651	
PHKA2	0.15566797174626285	0.828019630930699	0.0163123973230382	
H1FX-AS1	0.8684504013838034	0.06577479930809826	0.06577479930809826	
FLOT2	0.037401504647249895	0.6897588663896028	0.2728396289631472	
PTK2B	0.07285646076254745	0.10048298941197029	0.8266605498254822	
CDH13	0.047786920924736936	0.047786920924736936	0.9044261581505262	
SMARCA5	0.03681059369877653	0.6222434214368724	0.340945984864351	
RASL11B	0.008631435139975656	0.8000118919968652	0.19135667286315913	
NAPEPLD	0.7690844363171608	0.11545778184141965	0.11545778184141965	
PNMA1	0.06773592102480532	0.06773592102480532	0.8645281579503894	
IP6K1	0.21966497992165746	0.7434892239887018	0.0368457960896408	
EMCN	0.925393287594429	0.03730335620278555	0.03730335620278555	
AGFG1	0.23981937085435606	0.7261595119244222	0.034021117221221725	
SNN	0.8751407849802584	0.06242960750987074	0.06242960750987074	
MAST4-AS1	0.008721460394951414	0.8670758342428636	0.12420270536218489	
KHSRP	0.03592224107983046	0.7218499003772177	0.24222785854295173	
HSPBAP1	0.13516548963431516	0.8482613744416203	0.016573135924064567	
RIF1	0.022647468942897823	0.7402558454404987	0.23709668561660344	
PDIK1L	0.09130844009217776	0.09130844009217776	0.8173831198156445	
DPYSL3	0.05341181783729704	0.05341181783729704	0.893176364325406	
TSR1	0.05300805125135597	0.4144541520657513	0.5325377966828927	
WDR37	0.08993793155024864	0.08993793155024864	0.8201241368995027	
AC021092.1	0.851027595359145	0.07448620232042757	0.07448620232042757	
CBX7	0.06642945637368569	0.06642945637368569	0.8671410872526287	
ZNF417	0.07145020875098371	0.07145020875098371	0.8570995824980325	
LYVE1	0.9034333109065928	0.04828334454670355	0.04828334454670355	
RPSA	0.17245041680838918	0.8003193195613371	0.027230263630273678	
HINT1	0.21896179640958768	0.7430229693906051	0.03801523419980709	
RNF215	0.07345084075173966	0.07345084075173966	0.8530983184965206	
CLHC1	0.07628311125776753	0.07628311125776753	0.847433777484465	
RAB5C	0.06412511270144683	0.2833848386856454	0.6524900486129077	
AURKC	0.8694836684379253	0.06525816578103724	0.06525816578103724	
NTM	0.9197038105328129	0.04014809473359352	0.04014809473359352	
PCID2	0.7556019265937558	0.12219903670312217	0.12219903670312217	
TNRC6B	0.11391246864451243	0.11391246864451243	0.7721750627109751	
HOXA10	0.7602223566668852	0.11988882166655745	0.11988882166655745	
PUDP	0.20450464160912415	0.7719641055674953	0.023531252823380543	
MAP2K4	0.27656924763433566	0.6846184549600799	0.03881229740558445	
TBCE-1	0.07225233927225548	0.07225233927225548	0.8554953214554891	
WASHC1	0.03626595716322521	0.6410008898537414	0.3227331529830334	
UNK	0.16120568653685435	0.8072322882605455	0.031562025202600076	
DNAAF5	0.051686928496112	0.466022915444641	0.4822901560592471	
GSK3A	0.03687712658436198	0.6721837051640177	0.29093916825162014	
CPNE7	0.8694004192420769	0.06529979037896147	0.06529979037896147	
XPR1	0.10651518574448908	0.2056137599728304	0.6878710542826806	
SH2D4A	0.024892609417153832	0.7775657941608421	0.19754159642200406	
FRS2	0.04422345357962357	0.585044712006644	0.37073183441373236	
HUWE1	0.035627365085798654	0.6764982036443377	0.28787443126986356	
MCUR1	0.773924814279846	0.11303759286007703	0.11303759286007703	
TMEM219	0.09276587034442725	0.09276587034442725	0.8144682593111454	
SLC26A6	0.018077223232841923	0.8028465578255831	0.17907621894157488	
DUSP2	0.040332246864858125	0.040332246864858125	0.9193355062702838	
HMGB1	0.7954677126171752	0.10226614369141244	0.10226614369141244	
PLCXD2	0.8031674972189864	0.09841625139050685	0.09841625139050685	
METRNL	0.06566597991624445	0.06566597991624445	0.8686680401675112	
MRPL57	0.758573027432381	0.12071348628380958	0.12071348628380958	
L3MBTL2	0.03381505664231402	0.6812142375030236	0.2849707058546624	
PDIA3	0.23492600102252503	0.7290512411618594	0.036022757815615564	
RAB13	0.7579689491313397	0.12101552543433021	0.12101552543433021	
U2AF1L4	0.7781305864104919	0.11093470679475412	0.11093470679475412	
ANAPC7	0.084984217516743	0.084984217516743	0.830031564966514	
EXOSC9	0.27106492909617863	0.6924986254422328	0.03643644546158841	
SOCS5	0.09879876941784023	0.09879876941784023	0.8024024611643195	
ZFP14	0.7757219786223165	0.11213901068884179	0.11213901068884179	
ST6GAL2	0.05731827961022432	0.05731827961022432	0.8853634407795514	
AP003469.4	0.3750055763700303	0.5939258090929246	0.03106861453704501	
TLR1	0.03260808072999257	0.03260808072999257	0.9347838385400148	
PAXIP1-AS1	0.18202717861958223	0.7877415473065642	0.030231274073853454	
LBH	0.8861103978707187	0.056944801064640636	0.056944801064640636	
THBS3	0.08286852790320456	0.08286852790320456	0.8342629441935908	
CWC25	0.051361154054217095	0.4879968763473953	0.4606419695983876	
WBP2NL	0.021955929920316433	0.6471986542567504	0.3308454158229331	
SMAD3	0.07341927806880294	0.07341927806880294	0.8531614438623941	
ZNF888	0.17127981735657502	0.8090899672095403	0.0196302154338848	
PUM3	0.07442235470752546	0.07442235470752546	0.851155290584949	
CDCA5	0.17791339949112583	0.8094028613815432	0.012683739127330998	
C19orf38	0.031401952616670156	0.031401952616670156	0.9371960947666597	
LAMB1	0.576509582561942	0.3523166498718712	0.07117376756618671	
QRICH2	0.29650473916218295	0.6749572110781806	0.02853804975963635	
PHB	0.08406951462696644	0.21557040216713774	0.7003600832058958	
MECR	0.15337077332032645	0.8276081217475628	0.019021104932110577	
SUCLA2	0.3028802388633457	0.6457593905876038	0.05136037054905052	
PRKCA	0.7535139984053055	0.12324300079734732	0.12324300079734732	
WDR73	0.10036174728649364	0.10036174728649364	0.7992765054270127	
TXN2	0.02899526228187164	0.772825025943087	0.19817971177504132	
LEMD3	0.09895632335504555	0.09895632335504555	0.8020873532899089	
CCNT2-AS1	0.8287554755800142	0.08562226220999294	0.08562226220999294	
TMED2	0.11830216923025903	0.8612816007489025	0.02041623002083847	
RPL28	0.7401506981149095	0.12992465094254527	0.12992465094254527	
VIPR1	0.07183976058298448	0.07183976058298448	0.8563204788340311	
IRF2BPL	0.1871196918418198	0.795163724781121	0.017716583377059277	
BSDC1	0.21764986750539275	0.744517364800763	0.03783276769384417	
TINF2	0.7618025916760406	0.11909870416197979	0.11909870416197979	
ASB16-AS1	0.08453947644464518	0.08453947644464518	0.8309210471107096	
COMMD1	0.30411404915656687	0.6564493084598299	0.03943664238360333	
SLC38A4	0.03720797593643735	0.4687508485054075	0.49404117555815513	
TRIM68	0.2397512404359492	0.7261990470648167	0.03404971249923398	
TTF2	0.07296521742434793	0.07296521742434793	0.854069565151304	
KLHL6	0.03947081478836006	0.03947081478836006	0.9210583704232798	
MRPL22	0.28188986874352107	0.6690671205754953	0.049043010680983594	
PGBD1	0.05039950201040485	0.05039950201040485	0.8992009959791903	
LINC00663	0.05664247659452405	0.2777281004607443	0.6656294229447316	
DDX56	0.19619999517733855	0.7699117059242275	0.033888298898434005	
ZSCAN22	0.7981076669957659	0.1009461665021171	0.1009461665021171	
ZNF823	0.18604752851865017	0.7953300835496391	0.01862238793171077	
RHOBTB2	0.03127213295648134	0.5640992548493594	0.40462861219415913	
DUSP1	0.8946627477193783	0.05266862614031085	0.05266862614031085	
IFT74	0.7539597689261236	0.12302011553693822	0.12302011553693822	
AL355816.2	0.06693310278178574	0.06693310278178574	0.8661337944364286	
PBX1	0.745858566557033	0.12707071672148357	0.12707071672148357	
EIF4ENIF1	0.10308654363831823	0.16905889085708287	0.7278545655045989	
PDE4DIP	0.06681013869208131	0.9199109479335762	0.013278913374342435	
ISG20L2	0.028028972247319456	0.7582817474021671	0.21368928035051327	
CDC5L	0.2631188676965004	0.6928206999247374	0.044060432378762136	
ZNF620	0.06716667257265342	0.06716667257265342	0.8656666548546932	
TRIP4	0.051895204534843725	0.5165767815815033	0.43152801388365297	
MT1E	0.8752406217900911	0.062379689104954374	0.062379689104954374	
HYI	0.06390344946924457	0.5048014218387347	0.43129512869202075	
HNRNPH1	0.02824253392330462	0.6685001760990872	0.30325728997760826	
LINC02035	0.013645827840691186	0.7483818308621383	0.23797234129717054	
MOGS	0.17535278990014588	0.7974204680158365	0.027226742084017576	
LANCL1	0.7739980414535172	0.1130009792732414	0.1130009792732414	
PARN	0.03660707787240889	0.7376224364989977	0.22577048562859336	
DIS3L2	0.07538516572823785	0.42308608540317716	0.501528748868585	
KDM5B	0.12685600136878822	0.8488706728891882	0.02427332574202365	
TMEM167A	0.05013212113453988	0.6301859519669162	0.3196819268985438	
GMFG	0.8809983850112091	0.05950080749439543	0.05950080749439543	
GPR63	0.8891003402455577	0.055449829877221114	0.055449829877221114	
MRPS6	0.7582287910064928	0.12088560449675367	0.12088560449675367	
RBM28	0.08458964230919182	0.08458964230919182	0.8308207153816163	
MRPL18	0.6573949039165158	0.25037691351696956	0.09222818256651472	
FUS	0.04204521539905604	0.6907611052777487	0.26719367932319515	
AHR	0.08933333737093692	0.08933333737093692	0.8213333252581262	
SULF1	0.9134502300069601	0.0432748849965199	0.0432748849965199	
AL035661.1	0.009793618015923565	0.8737276592096024	0.11647872277447403	
AL162377.1	0.08768782499581912	0.08768782499581912	0.8246243500083618	
B3GNT10	0.030136729469496706	0.4911190074018963	0.47874426312860696	
PPP2R3C	0.7210204041563439	0.13948979792182803	0.13948979792182803	
SNAPC3	0.7475761403736632	0.12621192981316848	0.12621192981316848	
ADAMTS15	0.8752038823560421	0.06239805882197892	0.06239805882197892	
FIG4	0.7671420561251392	0.11642897193743046	0.11642897193743046	
MYLK-AS1	0.5674707823925831	0.35719041627543857	0.07533880133197837	
BCL11A	0.8310023810764432	0.08449880946177843	0.08449880946177843	
NRXN3	0.049388644256154926	0.049388644256154926	0.9012227114876902	
LINC01176	0.025808889267101322	0.6038936097384332	0.3702975009944654	
SUPT20H	0.28203467347545363	0.6680759248878139	0.04988940163673247	
UBL3	0.1173665591548955	0.1173665591548955	0.765266881690209	
MARVELD1	0.3680606146190477	0.5924253495503423	0.03951403583061006	
ZSCAN12	0.8128140222139931	0.09359298889300346	0.09359298889300346	
AC020916.1	0.03912183409312447	0.03912183409312447	0.9217563318137509	
SPTLC1	0.14604241610546675	0.8240099966341008	0.02994758726043235	
ADAM17	0.045709553199962755	0.5105136835553308	0.44377676324470655	
SGMS1	0.78992764859249	0.10503617570375506	0.10503617570375506	
RHBDF2	0.8008949181991586	0.09955254090042077	0.09955254090042077	
MIR762HG	0.04833650466605165	0.5550912685121691	0.3965722268217793	
STEAP1	0.757780785142203	0.12110960742889855	0.12110960742889855	
VAMP8	0.014185097061157602	0.8199662745380969	0.1658486284007454	
GABPB1-AS1	0.8062389261177053	0.09688053694114737	0.09688053694114737	
AC145285.2	0.05158700109795965	0.05158700109795965	0.8968259978040808	
AC022211.2	0.05094650086479845	0.05094650086479845	0.8981069982704032	
LEKR1	0.08024619320198421	0.08024619320198421	0.8395076135960315	
PMS1	0.07945522089328301	0.07945522089328301	0.8410895582134339	
FAM41C	0.060698715225328825	0.060698715225328825	0.8786025695493425	
FRAT1	0.07193075285863967	0.07193075285863967	0.8561384942827206	
CDCA8	0.12174463615629993	0.8673370388784536	0.010918324965246433	
SIRT3	0.7547669235151784	0.12261653824241085	0.12261653824241085	
NUCB2	0.01878322833822876	0.7741635764364418	0.20705319522532933	
ARL16	0.07669059832122585	0.3422066487836848	0.5811027528950894	
ZNF438	0.7970647955742862	0.10146760221285696	0.10146760221285696	
PWP1	0.45384150442238447	0.48312471296851556	0.06303378260910003	
ARIH2OS	0.773192469624046	0.1134037651879771	0.1134037651879771	
FGFR2	0.8105110349569227	0.09474448252153872	0.09474448252153872	
MED16	0.02801395589779806	0.7616023993730991	0.21038364472910268	
IL10RB	0.39353514925014343	0.574761420404748	0.03170343034510856	
SFMBT1	0.0259655124772498	0.7788844758638824	0.19515001165886783	
N4BP1	0.10877851727154493	0.10877851727154493	0.7824429654569101	
COPB2	0.216408042674491	0.7396566950219844	0.04393526230352446	
ZC3H15	0.17980427574532837	0.7886053168096039	0.03159040744506783	
RAB5A	0.1488017793032374	0.8215615071471691	0.029636713549593352	
DCAF12	0.10903383090113276	0.20937925151419903	0.6815869175846683	
HIST1H1E	0.02497671086051965	0.5916064266930073	0.3834168624464731	
DRG2	0.146383980352136	0.8251548978986574	0.028461121749206706	
RNF115	0.7322774776966138	0.1338612611516931	0.1338612611516931	
TNFSF13B	0.054845876360163054	0.054845876360163054	0.890308247279674	
WBP11	0.42904439320151583	0.49745288950469996	0.07350271729378408	
ESRRG	0.17381734211507496	0.8158001583601545	0.010382499524770506	
AC093525.6	0.06353532313332177	0.06353532313332177	0.8729293537333565	
PDK1	0.44911930254830396	0.4926772250599824	0.058203472391713605	
SLC9B2	0.8553451884183874	0.0723274057908063	0.0723274057908063	
NCAPD3	0.023017476145802546	0.6523886388243479	0.32459388502984954	
ABHD15	0.07798609419098053	0.07798609419098053	0.844027811618039	
DBR1	0.08672199370180075	0.16356800379937206	0.7497100024988271	
NATD1	0.4673231066189984	0.49715755962688146	0.035519333754119996	
FAM184B	0.8452780841876365	0.07736095790618175	0.07736095790618175	
LAMTOR1	0.09591126795456348	0.09591126795456348	0.808177464090873	
AC069224.1	0.05556280833833951	0.05556280833833951	0.888874383323321	
CPNE3	0.0637573407284703	0.4437039821711017	0.49253867710042815	
SMC5-AS1	0.036814852006207766	0.5946559629578474	0.36852918503594495	
CALR	0.23568990800861925	0.732039451245616	0.03227064074576476	
AL034417.2	0.011469271418761503	0.7007485445695688	0.2877821840116698	
SELENON	0.08522515337906512	0.08522515337906512	0.8295496932418698	
GRK5	0.04957796895157365	0.09348237368515906	0.8569396573632673	
CSNK1E	0.039771960016196865	0.5258921884366221	0.43433585154718096	
MAP3K8	0.07011690583777692	0.07011690583777692	0.8597661883244462	
SDHB	0.06019538215051879	0.445493459412186	0.4943111584372952	
MOB1B	0.8116693654593324	0.09416531727033385	0.09416531727033385	
EGFR	0.06806320284011314	0.918915978509707	0.013020818650179875	
ZNF747	0.7615392363917609	0.11923038180411961	0.11923038180411961	
DNAJC17	0.7295688468016512	0.13521557659917444	0.13521557659917444	
MPHOSPH10	0.38664092392327437	0.565136358343615	0.04822271773311068	
AC010336.1	0.06754650129179463	0.06754650129179463	0.8649069974164109	
MIER2	0.736263346636464	0.1318683266817681	0.1318683266817681	
AL691432.2	0.7810054578220282	0.10949727108898594	0.10949727108898594	
STX18-AS1	0.7943007693741749	0.10284961531291258	0.10284961531291258	
ZNF692	0.024798302410677372	0.8088131847262305	0.16638851286309214	
CDK6	0.764654974966082	0.11767251251695907	0.11767251251695907	
IRF9	0.07006070119790508	0.07006070119790508	0.8598785976041899	
GOLGA5	0.09996211575455893	0.8818934759129247	0.01814440833251628	
SNRNP200	0.19554596196210652	0.7657826908251244	0.03867134721276904	
LINC00957	0.8254574120368826	0.08727129398155874	0.08727129398155874	
RNF166	0.06732219542595809	0.06732219542595809	0.8653556091480838	
AK9	0.08669611342546397	0.08669611342546397	0.826607773149072	
RABIF	0.01913015398458871	0.8586678163416478	0.12220202967376333	
IPO11	0.7970433700187401	0.10147831499062997	0.10147831499062997	
WDR19	0.8180362011872715	0.09098189940636428	0.09098189940636428	
SDK2	0.0093709447398353	0.8116813145356919	0.17894774072447273	
EIF5	0.19714043742668821	0.7697529833623405	0.033106579210971265	
ACTG1	0.7428970964709676	0.1285514517645162	0.1285514517645162	
DPY19L3	0.34661268633402276	0.6032493522570034	0.05013796140897376	
MFAP3L	0.12438848543652897	0.8612621286542943	0.014349385909176705	
IKZF2	0.016372258034176298	0.8129363505079639	0.17069139145785997	
AP2S1	0.11630699869460055	0.11630699869460055	0.7673860026107988	
GOSR1	0.18132689927738857	0.7810192970161492	0.03765380370646223	
NSDHL	0.09940138465178074	0.09940138465178074	0.8011972306964384	
RFTN1	0.04567435409894649	0.04567435409894649	0.908651291802107	
FAM3A	0.022445118284336797	0.7675149501405166	0.21003993157514653	
BAX	0.10506755684646682	0.10506755684646682	0.7898648863070663	
SLX4	0.08487147603780719	0.08487147603780719	0.8302570479243856	
FXYD1	0.9027582993450923	0.048620850327453766	0.048620850327453766	
SERPINB9	0.2689224507855243	0.7051908987456136	0.025886650468862116	
CD7	0.8569644356526164	0.07151778217369179	0.07151778217369179	
CDH1	0.015256682911707927	0.873626959945609	0.11111635714268299	
AC079807.1	0.05050173287381172	0.05050173287381172	0.8989965342523766	
MARCH6	0.12156796137926935	0.12156796137926935	0.7568640772414612	
PRELID1	0.030518369861664854	0.6940619329080722	0.27541969723026305	
MRPL47	0.10554442844478165	0.10554442844478165	0.7889111431104366	
ERBB2	0.010733900865963139	0.9137929569757599	0.0754731421582769	
ZDHHC11	0.050100423252506895	0.050100423252506895	0.8997991534949863	
TATDN2	0.07160392850365713	0.07160392850365713	0.8567921429926858	
HIST1H3G	0.2009716148129612	0.7824941788155396	0.016534206371499115	
PHACTR2	0.10097521759498332	0.10097521759498332	0.7980495648100333	
PARD6B	0.11772422459664628	0.8679721819536276	0.01430359344972621	
NUDT5	0.09306984029934758	0.09306984029934758	0.8138603194013048	
ANKRD26	0.7558110722334219	0.12209446388328908	0.12209446388328908	
R3HDM2	0.7376464975520959	0.13117675122395211	0.13117675122395211	
OPN3	0.011117653583818584	0.8432132419328819	0.1456691044832994	
RBM27	0.04286903767809983	0.550861587446562	0.40626937487533815	
HACD3	0.2809590496210563	0.688429371286833	0.030611579092110718	
AL022068.1	0.04847831497918866	0.04847831497918866	0.9030433700416227	
CEP120	0.09354777565752853	0.09354777565752853	0.8129044486849429	
SSR3	0.7519200187096464	0.1240399906451768	0.1240399906451768	
C1RL-AS1	0.07677604509838476	0.07677604509838476	0.8464479098032305	
MAGI2	0.05487730454263577	0.05487730454263577	0.8902453909147285	
MCM3AP-AS1	0.06345889500494449	0.06345889500494449	0.8730822099901111	
ROMO1	0.21969986913870135	0.7451129094300553	0.035187221431243414	
NEIL2	0.08388617170695412	0.08388617170695412	0.8322276565860918	
AL031058.1	0.08272059074748492	0.9082864738676865	0.00899293538482858	
ZDHHC7	0.10242671390324892	0.10242671390324892	0.7951465721935022	
ZNF148	0.7289403519028311	0.13552982404858444	0.13552982404858444	
C15orf40	0.1049408482008916	0.1652924651823645	0.7297666866167439	
TENT5B	0.8509068158711464	0.0745465920644268	0.0745465920644268	
KHDC1	0.06475904665938832	0.06475904665938832	0.8704819066812234	
MAP2K5	0.09031815834875001	0.09031815834875001	0.8193636833025	
RPAP1	0.7868070646175676	0.10659646769121629	0.10659646769121629	
TSNAX	0.5892131400730053	0.3315441196526836	0.07924274027431111	
PAQR6	0.8426855107006924	0.07865724464965376	0.07865724464965376	
TBC1D8B	0.7536582347942438	0.12317088260287815	0.12317088260287815	
AC022007.1	0.06715063683136877	0.06715063683136877	0.8656987263372625	
GVQW3	0.7938057996869964	0.10309710015650188	0.10309710015650188	
DPAGT1	0.3519779557942438	0.5939299208251492	0.05409212338060702	
SNHG21	0.09501591021163422	0.09501591021163422	0.8099681795767315	
ZBTB41	0.4112208515930538	0.5337776587162923	0.05500148969065379	
ANKRD12	0.09555985679219083	0.09555985679219083	0.8088802864156183	
ZNF491	0.026349753119416366	0.5904480031264767	0.38320224375410683	
PLA2G4C	0.89848857241673	0.05075571379163498	0.05075571379163498	
PRIMPOL	0.8091301448079233	0.09543492759603836	0.09543492759603836	
MANSC1	0.1254340540924645	0.1254340540924645	0.749131891815071	
ALDOC	0.8236120424545753	0.08819397877271239	0.08819397877271239	
UTP11	0.48688582245617895	0.4299443844460336	0.08316979309778749	
ACTR3B	0.13417012928659003	0.846054006466891	0.019775864246518924	
SHANK2	0.09135062702945083	0.8968652417909231	0.01178413117962597	
PAXIP1-AS2	0.08300145355631366	0.08300145355631366	0.8339970928873727	
ZC3H11A	0.02162807215127344	0.7189296420628619	0.2594422857858647	
EGFL8	0.8112317775028747	0.09438411124856272	0.09438411124856272	
ZNF460	0.8138327073806901	0.09308364630965496	0.09308364630965496	
CEP152	0.011834373549762927	0.8550603280681914	0.1331052983820457	
CMTR1	0.02836513794945855	0.7540939696187698	0.21754089243177152	
IFITM3	0.8294600738613581	0.08526996306932097	0.08526996306932097	
HP1BP3	0.10738141415445332	0.10738141415445332	0.7852371716910933	
TMEM43	0.10461440858575383	0.20680000180750546	0.6885855896067408	
CLPX	0.1973522336161092	0.769299034082737	0.03334873230115375	
LNX2	0.017756849584084168	0.8579944623469222	0.12424868806899361	
AL161772.1	0.14363033962345903	0.8444493262455248	0.011920334131016053	
HSPA8	0.02949274559520657	0.5754976050316025	0.3950096493731909	
TRA2A	0.6885576529183186	0.22968960358533677	0.08175274349634455	
RANBP17	0.0438234087624272	0.46269268014999304	0.4934839110875797	
AKIRIN1	0.01726758850845408	0.8312697916379265	0.15146261985361945	
SAMD3	0.8652652584521788	0.06736737077391056	0.06736737077391056	
MTX3	0.8261580232215323	0.08692098838923391	0.08692098838923391	
ST18	0.0520856675450958	0.0520856675450958	0.8958286649098085	
ZBTB49	0.09060142967434667	0.09060142967434667	0.8187971406513066	
BCL3	0.07221832109101987	0.07221832109101987	0.8555633578179603	
ZNF473	0.2773692152311847	0.6821300837279528	0.0405007010408625	
AIF1L	0.2702817389270142	0.713431392928057	0.01628686814492871	
PSMD8	0.1815418742659021	0.7884419353304032	0.030016190403694624	
DR1	0.026082270787675145	0.8221658355195851	0.15175189369273973	
ZNF20	0.5757023717138724	0.36119993704095943	0.06309769124516805	
HSPA12A	0.08535629101012611	0.08535629101012611	0.8292874179797477	
SLC35A1	0.08868186915332835	0.08868186915332835	0.8226362616933433	
FAM49A	0.017476663665923563	0.5939759237711518	0.38854741256292474	
ZNF775	0.8145183714485853	0.0927408142757074	0.0927408142757074	
ZKSCAN8	0.8101596670357407	0.09492016648212971	0.09492016648212971	
WIPI2	0.27801842366733964	0.6680002080132286	0.053981368319431705	
MED9	0.2634788834926436	0.6843416354713273	0.05217948103602911	
PLEK	0.0329052211873761	0.0329052211873761	0.9341895576252477	
ZFAT	0.009038403332573074	0.9128787365898805	0.07808286007754638	
RUFY1	0.12196998752166217	0.12196998752166217	0.7560600249566757	
AC103691.1	0.06890810596132824	0.06890810596132824	0.8621837880773436	
PAX8	0.06160968179265658	0.06160968179265658	0.876780636414687	
TOR1AIP1	0.10934710650608286	0.10934710650608286	0.7813057869878343	
TAZ	0.12337797249210562	0.12337797249210562	0.7532440550157887	
ERCC8	0.7931297186560589	0.10343514067197064	0.10343514067197064	
NOC3L	0.07067492852934004	0.07067492852934004	0.8586501429413199	
C17orf80	0.3944672067563384	0.5370842395609154	0.06844855368274615	
TMEM51-AS1	0.8156053778684876	0.09219731106575621	0.09219731106575621	
ANKRD37	0.04127000843245955	0.0799352720127727	0.8787947195547678	
ZNF18	0.7921183182891954	0.10394084085540235	0.10394084085540235	
PABPN1	0.10298312985055819	0.10298312985055819	0.7940337402988836	
EBLN3P	0.7199968633690055	0.14000156831549723	0.14000156831549723	
RPS17	0.6183671509774531	0.3146046589307824	0.06702819009176447	
LPCAT1	0.15851624989205904	0.8237133421592537	0.017770407948687325	
NANP	0.07211714849997886	0.07211714849997886	0.8557657030000423	
RBFA	0.09527727165882394	0.09527727165882394	0.8094454566823521	
TRBC1	0.04546860400847687	0.04546860400847687	0.9090627919830463	
ATP8B2	0.8794604668623067	0.06026976656884657	0.06026976656884657	
BBOF1	0.07202768033074018	0.07202768033074018	0.8559446393385196	
LRP5	0.030161831658826382	0.7366051024473693	0.2332330658938043	
ZPR1	0.71333882412034	0.14333058793983003	0.14333058793983003	
AC005332.5	0.8350245461605699	0.08248772691971512	0.08248772691971512	
NCR3LG1	0.0685429129678321	0.0685429129678321	0.8629141740643359	
TRAF2	0.10454412848108735	0.8755702542722068	0.019885617246705907	
FAM104A	0.02460758371993394	0.8162484744794223	0.15914394180064376	
TRAPPC9	0.03606875414249358	0.7442289281871566	0.21970231767034987	
ENOSF1	0.24299341634759655	0.7222870193072956	0.034719564345107874	
PPIF	0.3619824104332491	0.5811131877717345	0.05690440179501644	
DCAF5	0.6903143459009279	0.15484282704953603	0.15484282704953603	
CLPP	0.11299222401512796	0.11299222401512796	0.774015551969744	
MLLT6	0.09268106602833884	0.09268106602833884	0.8146378679433223	
MRPL14	0.050313921770231904	0.6241582576867918	0.32552782054297635	
CMC1	0.721570947861484	0.13921452606925797	0.13921452606925797	
CDKN2C	0.08721210622336896	0.08721210622336896	0.825575787553262	
METTL26	0.04876602410799443	0.5989783081048236	0.35225566778718215	
PSMA7	0.056530404698133765	0.5492639702714507	0.39420562503041556	
AP2A2	0.1225313370480753	0.1225313370480753	0.7549373259038494	
PKN3	0.07965132396796383	0.07965132396796383	0.8406973520640723	
MBD6	0.09638513722957717	0.09638513722957717	0.8072297255408456	
SS18L1	0.08649807054464893	0.18080772069207068	0.7326942087632804	
SYNCRIP	0.026066620654032407	0.7334840546219692	0.2404493247239985	
MCM9	0.022767877725581444	0.8003146273399174	0.17691749493450107	
LRRC7	0.04273974687391504	0.04273974687391504	0.91452050625217	
GPR107	0.03278037324846855	0.6981209089864899	0.26909871776504146	
CCNDBP1	0.17082381515391026	0.8032432820013767	0.025932902844713	
MFSD4B	0.13295159837386394	0.8405311428526161	0.026517258773519962	
UBE2S	0.19210617561720408	0.7798894356283551	0.028004388754440706	
FBXW4	0.035320741983403126	0.7429711720723455	0.22170808594425143	
ZNF629	0.07422594062800641	0.07422594062800641	0.8515481187439872	
DCAF17	0.07068692948253934	0.2123562600278487	0.716956810489612	
MZF1-AS1	0.05941297910164824	0.05941297910164824	0.8811740417967036	
RPS12	0.17771368054014935	0.7917307381013773	0.03055558135847323	
YIPF5	0.13159827006647185	0.8381042636237355	0.03029746630979266	
PLEKHA2	0.08895565241441403	0.08895565241441403	0.8220886951711719	
AHSA1	0.47583797531616573	0.4570026071520892	0.06715941753174515	
WDR31	0.8313217925288167	0.08433910373559173	0.08433910373559173	
GTPBP8	0.2674317687892276	0.6881104831125583	0.044457748098214046	
TMEM123	0.10159340951846622	0.10159340951846622	0.7968131809630675	
MAP3K13	0.07611649019223875	0.9078960573841699	0.015987452423591418	
EFHB	0.036829184459692604	0.036829184459692604	0.9263416310806147	
PPME1	0.016482748838900375	0.8240395847024338	0.15947766645866587	
MCMDC2	0.8221077706418342	0.08894611467908299	0.08894611467908299	
CEP290	0.7250104817076221	0.137494759146189	0.137494759146189	
RHCE	0.05072893950290286	0.05072893950290286	0.8985421209941944	
GLYCTK	0.7186282470181737	0.1406858764909131	0.1406858764909131	
KANK4	0.008422815613343564	0.8507043769477	0.14087280743895658	
FBXO22	0.10163868104064883	0.8796629902906478	0.018698328668703364	
TPCN2	0.7442668966618697	0.12786655166906521	0.12786655166906521	
NSD3	0.12290737353089078	0.8524327309993401	0.024659895469769086	
SSR1	0.10166987019756137	0.10166987019756137	0.7966602596048772	
AC139530.1	0.08196138194604202	0.08196138194604202	0.836077236107916	
AIP	0.7743350111297967	0.11283249443510168	0.11283249443510168	
LINC00910	0.0510147097381221	0.39212771728923085	0.5568575729726472	
TAF6	0.019063304639278068	0.8578587904276677	0.12307790493305433	
ZNF215	0.01583373603164436	0.7858841942433058	0.19828206972504975	
EGR2	0.02940715365274435	0.02940715365274435	0.9411856926945112	
MRC1	0.0829217361300672	0.0829217361300672	0.8341565277398656	
GPR161	0.05377352327953213	0.05377352327953213	0.8924529534409358	
IWS1	0.016299515367611938	0.878002464029272	0.10569802060311598	
C1QB	0.8912594013334487	0.0543702993332756	0.0543702993332756	
TMEM161B-AS1	0.3454906959252858	0.5992830006440698	0.05522630343064434	
CYB5B	0.07218967043499251	0.4092703976069804	0.5185399319580271	
UCK1	0.05702458458981813	0.4977960544027101	0.44517936100747174	
ZNF674-AS1	0.05167776700180226	0.05167776700180226	0.8966444659963956	
SQSTM1	0.02108600907675769	0.7534231792115865	0.22549081171165575	
FAM193B	0.029613330583839054	0.7266107410673233	0.2437759283488377	
CCDC85B	0.09613744754153102	0.09613744754153102	0.8077251049169379	
RNF5	0.5497834009843062	0.36610682978821474	0.08410976922747912	
CALM3	0.7473765766566025	0.1263117116716988	0.1263117116716988	
TBCK	0.7460636472724398	0.1269681763637802	0.1269681763637802	
PGM1	0.013654607105522057	0.8770774489483549	0.10926794394612303	
PSMB6	0.03387505348623457	0.7154055066527013	0.250719439861064	
UBXN2B	0.4015425232429631	0.5330552563282188	0.06540222042881812	
SLC35E3	0.08486835051219183	0.08486835051219183	0.8302632989756163	
IAH1	0.10465560318259476	0.10465560318259476	0.7906887936348105	
KSR1	0.8256215671760091	0.08718921641199548	0.08718921641199548	
LSM4	0.02720669639057767	0.768429937050168	0.20436336655925422	
TUBGCP5	0.063577890198908	0.063577890198908	0.8728442196021841	
HPDL	0.14837359742218045	0.8349648135790434	0.01666158899877623	
GLI4	0.09137122930427624	0.09137122930427624	0.8172575413914475	
PIK3CB	0.05999305092142306	0.9275675373820917	0.01243941169648518	
SLC24A1	0.7882073589748997	0.10589632051255021	0.10589632051255021	
CCT5	0.05877526984438304	0.5164021194414095	0.42482261071420757	
SARS	0.1406990727055526	0.832409010363796	0.026891916930651384	
KIAA0825	0.08046777481319813	0.08046777481319813	0.8390644503736038	
RBM19	0.09132219726889639	0.09132219726889639	0.8173556054622072	
PES1	0.7362655137377904	0.13186724313110487	0.13186724313110487	
TSPAN3	0.7979328353201751	0.10103358233991247	0.10103358233991247	
HYAL2	0.09092862041606345	0.09092862041606345	0.818142759167873	
PCSK4	0.7844098790122327	0.10779506049388371	0.10779506049388371	
MAD2L1BP	0.09072516087920693	0.22668685966821378	0.6825879794525793	
PSMA5	0.1765397543988285	0.7919642335744311	0.031496012026740336	
UNG	0.8018186862914607	0.0990906568542697	0.0990906568542697	
KIF15	0.19566128623271006	0.7912999109623036	0.01303880280498632	
BRD7	0.16510374177088802	0.8087214135041031	0.02617484472500892	
ATP6AP1L	0.043798487623858115	0.4260780476358664	0.5301234647402756	
LRPAP1	0.5418846542259358	0.362355204068379	0.09576014170568532	
MAPKAPK5	0.040859806129696495	0.7089731488952694	0.25016704497503406	
BMP8B	0.06319410835504517	0.06319410835504517	0.8736117832899097	
TIMM10B	0.34629248413755637	0.6011352381691859	0.052572277693257716	
PTPN23	0.04005016046694643	0.7017684414622107	0.2581813980708427	
AC037459.2	0.059014433796399264	0.059014433796399264	0.8819711324072015	
INIP	0.6934352349066113	0.15328238254669438	0.15328238254669438	
ACIN1	0.030659622183837103	0.7825481382241394	0.18679223959202357	
LNPEP	0.09355826422386157	0.09355826422386157	0.8128834715522768	
AC091563.1	0.05662862700195809	0.05662862700195809	0.8867427459960839	
NPM3	0.23226855084837558	0.7409213160512235	0.026810133100401052	
SH2D2A	0.7706363609063286	0.11468181954683579	0.11468181954683579	
NEK6	0.119676404667913	0.119676404667913	0.760647190664174	
DNAJB1	0.8876635623723769	0.05616821881381154	0.05616821881381154	
FIS1	0.03270992538768169	0.7369021793072082	0.23038789530510997	
SCFD1	0.2737089508835547	0.6727812208972617	0.05350982821918363	
ROCK1	0.7181536097933172	0.14092319510334142	0.14092319510334142	
NUP133	0.2569930285839172	0.6965006933291961	0.04650627808688668	
SMPD3	0.09527912563187262	0.09527912563187262	0.8094417487362547	
PAXBP1	0.020014609027579344	0.770379225269984	0.20960616570243662	
NDUFS4	0.7382952350224904	0.1308523824887548	0.1308523824887548	
GLCCI1	0.14629165176931894	0.8364372165320959	0.017271131698585077	
CD53	0.040438918389300776	0.040438918389300776	0.9191221632213985	
TMEM59	0.0566283956872287	0.4705128360401529	0.4728587682726183	
ANXA7	0.07392277792200824	0.46459793152168855	0.46147929055630316	
ARF5	0.27716564377899583	0.6783160134372246	0.0445183427837795	
FAXDC2	0.04705398980820149	0.04705398980820149	0.9058920203835971	
TARBP1	0.0198314436630296	0.7595318850389436	0.22063667129802678	
ELL	0.021631730835960688	0.7281093905296406	0.25025887863439866	
ARHGAP11A	0.1762561370172642	0.8095264991838128	0.014217363798922918	
SCAF1	0.045358277946163504	0.6646522011677491	0.28998952088608737	
SIRT1	0.7612620559872814	0.11936897200635939	0.11936897200635939	
RNF44	0.1064961075049704	0.1064961075049704	0.7870077849900592	
AP000845.1	0.07814432588932958	0.07814432588932958	0.8437113482213409	
EIF3I	0.3922345885558333	0.5373313518543109	0.07043405958985563	
COPS6	0.7340216860753858	0.1329891569623072	0.1329891569623072	
MRPL21	0.039187781315115064	0.6961275364050119	0.2646846822798731	
AC104825.1	0.03186716346762778	0.4222546746223307	0.5458781619100416	
GNPDA2	0.7759535757503621	0.11202321212481903	0.11202321212481903	
CLCC1	0.1031304476180316	0.1031304476180316	0.7937391047639367	
PIP5K1B	0.10132972281844123	0.8851681120449194	0.013502165136639344	
C8orf82	0.14459613635801036	0.8275014851520142	0.027902378489975413	
HSPA1B	0.870580351619993	0.06470982419000343	0.06470982419000343	
RPE	0.7524833214689677	0.12375833926551622	0.12375833926551622	
PUSL1	0.018100883074221464	0.8367444701193785	0.14515464680640008	
FALEC	0.07981261996129042	0.07981261996129042	0.8403747600774192	
SCAI	0.7261685810156002	0.13691570949219994	0.13691570949219994	
KAT14	0.07594601805539114	0.9124533462330415	0.011600635711567359	
HOMER2	0.8343774563258052	0.08281127183709745	0.08281127183709745	
RSRC1	0.06729074983788996	0.3697252598274689	0.5629839903346411	
TOMM20	0.18391002959196728	0.7806688492728295	0.03542112113520324	
ZNF514	0.7506821177930211	0.12465894110348952	0.12465894110348952	
VPS18	0.7851102442084255	0.10744487789578734	0.10744487789578734	
ZNF354B	0.011465008878145916	0.889003087562144	0.0995319035597101	
ELK1	0.09083590427271095	0.09083590427271095	0.818328191454578	
MARCH8	0.1286053360894284	0.1286053360894284	0.7427893278211433	
LRIF1	0.015363762765310486	0.8831969402541211	0.10143929698056844	
USP14	0.04736549754144177	0.5593530703780173	0.393281432080541	
ARAF	0.12430595432845738	0.12430595432845738	0.7513880913430853	
ZNF235	0.7845196125083569	0.10774019374582161	0.10774019374582161	
PTCD3	0.05746796341793987	0.48522786292231634	0.4573041736597439	
MANEA-DT	0.0738849927551911	0.0738849927551911	0.8522300144896179	
ALKBH6	0.11299235099030583	0.11299235099030583	0.7740152980193883	
NR1D1	0.06195612214821234	0.06195612214821234	0.8760877557035753	
PDCD2L	0.08103893683565355	0.08103893683565355	0.8379221263286929	
ATP1B3	0.7917213180754903	0.10413934096225491	0.10413934096225491	
BEND3	0.014454967922465504	0.7836322152605454	0.2019128168169892	
POLR2K	0.7274685603587631	0.13626571982061847	0.13626571982061847	
H2AFY	0.13300196422096475	0.13300196422096475	0.7339960715580706	
B4GALT6	0.07399065773211826	0.07399065773211826	0.8520186845357636	
SERP2	0.7946369513267478	0.10268152433662611	0.10268152433662611	
ZKSCAN4	0.7980503342405645	0.1009748328797178	0.1009748328797178	
HBS1L	0.03697327889107826	0.6545141087970716	0.3085126123118502	
AL158212.2	0.01307325817267763	0.8029625926083301	0.18396414921899218	
ATXN2	0.025214289439621593	0.7973708903189445	0.17741482024143387	
HSPA4	0.03379127158433547	0.6166254502524217	0.3495832781632427	
ZNF436	0.32148528366458606	0.6376703502798535	0.040844366055560404	
DDX49	0.042944716156194634	0.7336232557529896	0.22343202809081567	
POLR2J3	0.05091384344710468	0.05091384344710468	0.8981723131057907	
SPAST	0.17502943142730562	0.7930466336252183	0.03192393494747607	
HIRIP3	0.27439211143357717	0.6813590053773827	0.044248883189040085	
RNF39	0.9073682425358721	0.046315878732063914	0.046315878732063914	
SEC24D	0.18249906569963933	0.7884197997614141	0.029081134538946677	
OCIAD2	0.11837242190641856	0.11837242190641856	0.7632551561871629	
CHTF8	0.18124703383533888	0.7860779198631468	0.03267504630151424	
AC025181.2	0.01114719345438624	0.8271204878819866	0.1617323186636272	
GTF3A	0.09599139860015977	0.09599139860015977	0.8080172027996805	
UBXN6	0.10086825632427902	0.10086825632427902	0.7982634873514419	
ZNF443	0.028347818773491015	0.7042073002464042	0.26744488098010477	
WDFY3	0.7504141628265443	0.12479291858672792	0.12479291858672792	
ALG12	0.042328100591129035	0.7198671424570883	0.23780475695178263	
JADE3	0.11587968320697985	0.871847772896603	0.012272543896417111	
SWT1	0.018169729118789404	0.7833953829397128	0.19843488794149788	
PHLDA3	0.015692511981781024	0.7746170855031914	0.20969040251502766	
MIF4GD	0.7513544033615619	0.12432279831921911	0.12432279831921911	
AC097359.2	0.09697996931457288	0.8900184057438553	0.013001624941571848	
ZFYVE16	0.11723464321783014	0.11723464321783014	0.7655307135643397	
AC022167.2	0.06529175426491925	0.06529175426491925	0.8694164914701615	
AL078459.1	0.8852104719610406	0.057394764019479655	0.057394764019479655	
TSKU	0.07489099621660252	0.07489099621660252	0.850218007566795	
AC087500.1	0.7929477282481159	0.10352613587594209	0.10352613587594209	
LINGO1	0.04629256528214328	0.04629256528214328	0.9074148694357135	
CCDC91	0.7163892258594631	0.1418053870702685	0.1418053870702685	
GOLGA6L4	0.0664149644666389	0.0664149644666389	0.8671700710667223	
AL133551.1	0.07304453874128225	0.07304453874128225	0.8539109225174356	
HSD11B1L	0.7818775284335054	0.10906123578324733	0.10906123578324733	
SDHAF3	0.7648291939012952	0.11758540304935243	0.11758540304935243	
TIA1	0.07683565926705356	0.42085183513183866	0.5023125056011077	
ZCCHC17	0.23003424933370836	0.7220704280772557	0.047895322589035845	
OGFR	0.10899761970312	0.10899761970312	0.78200476059376	
KBTBD4	0.7695202473801999	0.1152398763099001	0.1152398763099001	
USP13	0.5136743247874885	0.43167476250380704	0.05465091270870441	
PTGR2	0.08925499946053836	0.08925499946053836	0.8214900010789232	
PSAT1	0.02832886331178575	0.48267074288675194	0.48900039380146226	
C18orf32	0.09182845131662705	0.09182845131662705	0.8163430973667458	
LIN9	0.10577983785042476	0.8827722760240865	0.011447886125488737	
KANSL3	0.04225493447810531	0.6588227283940715	0.298922337127823	
TMX3	0.11818569588640176	0.11818569588640176	0.7636286082271965	
SP1	0.12260241312392152	0.8551683073666673	0.022229279509411212	
LMLN	0.09746665938963274	0.09746665938963274	0.8050666812207344	
ELOA	0.32999032388970867	0.6008154637455083	0.06919421236478294	
CCNQ	0.01739920308841827	0.849606685487997	0.1329941114235847	
THRB	0.1342617059046205	0.8529636817704069	0.0127746123249725	
FGFBP3	0.7904162797968582	0.10479186010157092	0.10479186010157092	
MFHAS1	0.08325039363520581	0.08325039363520581	0.8334992127295884	
UPF3A	0.10986315800492627	0.10986315800492627	0.7802736839901474	
CNTRL	0.790523836531012	0.10473808173449407	0.10473808173449407	
WDHD1	0.17476818894889554	0.8083744611917146	0.01685734985938975	
RRNAD1	0.09655676154977332	0.8845744868802701	0.018868751569956613	
ATG4C	0.2032991623752471	0.7651558864271332	0.031544951197619714	
GRTP1	0.010925471316605508	0.8925276431683856	0.09654688551500888	
CSGALNACT2	0.06324093167859506	0.06324093167859506	0.87351813664281	
PCP4	0.12468823118283313	0.8667302808875869	0.008581487929580068	
MAGI1	0.10245412425817214	0.10245412425817214	0.7950917514836557	
PSME1	0.7225072196243424	0.1387463901878288	0.1387463901878288	
MFF	0.4837271787824618	0.4162927209213938	0.09998010029614449	
CEP135	0.0766635777659338	0.22613024665158224	0.697206175582484	
FARSB	0.09703808571175555	0.09703808571175555	0.8059238285764888	
GFI1	0.8548972673343619	0.07255136633281899	0.07255136633281899	
ZMYM1	0.782608835812341	0.1086955820938296	0.1086955820938296	
METTL4	0.12240577727117255	0.12240577727117255	0.7551884454576548	
MICAL1	0.7859794199760696	0.10701029001196526	0.10701029001196526	
PRIM1	0.640316488022869	0.29730789469393337	0.06237561728319769	
BTBD19	0.07611882189966265	0.07611882189966265	0.8477623562006747	
HMGXB4	0.12117742774745961	0.8548738632417385	0.02394870901080186	
CALCOCO2	0.1257762972049705	0.1257762972049705	0.7484474055900591	
AP005329.3	0.06059902651434046	0.06059902651434046	0.8788019469713192	
FAM221A	0.13048667216257112	0.13048667216257112	0.7390266556748577	
MAPK6	0.35660590136311326	0.5900805478738899	0.05331355076299686	
AC073195.1	0.08319401687960269	0.08319401687960269	0.8336119662407946	
TOMM5	0.7461915164117524	0.12690424179412385	0.12690424179412385	
CEBPZOS	0.15625984517389563	0.8112770219255092	0.032463132900595056	
SSC5D	0.06360152265259666	0.06360152265259666	0.8727969546948068	
YIF1A	0.127675316528178	0.8492174340848541	0.023107249386967933	
MOB4	0.12972194686981026	0.8457730322221473	0.024505020908042338	
TMOD2	0.848412635377531	0.07579368231123455	0.07579368231123455	
AL031848.2	0.8452616784241361	0.07736916078793196	0.07736916078793196	
CNGA1	0.8253232808708914	0.08733835956455435	0.08733835956455435	
PIP4K2B	0.7908881887945113	0.1045559056027444	0.1045559056027444	
MRPS10	0.0460581640543588	0.6528786744233458	0.30106316152229545	
AP001267.1	0.6854107845214922	0.27445443106226675	0.040134784416241145	
CFI	0.8783874561010174	0.06080627194949122	0.06080627194949122	
HSPA1A	0.8756604119619056	0.06216979401904717	0.06216979401904717	
GIGYF2	0.04132267243351315	0.7013359564866704	0.25734137107981647	
TMED9	0.10697871606531126	0.8727799517513775	0.02024133218331129	
NORAD	0.7589586764694345	0.12052066176528282	0.12052066176528282	
ELK3	0.05533631215819898	0.05533631215819898	0.8893273756836021	
MFN2	0.0382804887932108	0.6913104354266304	0.2704090757801587	
APOO	0.10105955965111063	0.10105955965111063	0.7978808806977787	
ARMCX4	0.7362427096295868	0.13187864518520664	0.13187864518520664	
AL109613.1	0.37338544336176527	0.5788289986662675	0.047785557971967284	
TVP23C	0.02739060605123843	0.6407762972501355	0.3318330966986261	
VASN	0.8973908347703998	0.05130458261480004	0.05130458261480004	
KLRC1	0.8707655140169561	0.06461724299152186	0.06461724299152186	
GTF3C5	0.16392639895881872	0.7967791532014294	0.03929444783975192	
RAB9A	0.3976047123502074	0.5499371488462659	0.05245813880352673	
CCDC163	0.3870738400609694	0.5759862539439211	0.036939905995109414	
UBE2D3	0.3603248147522681	0.5655088491485822	0.07416633609914952	
HOXB5	0.09928260453378307	0.09928260453378307	0.8014347909324339	
LINC00886	0.07906561917281552	0.07906561917281552	0.8418687616543691	
SLC38A2	0.07319407122663658	0.07319407122663658	0.8536118575467269	
OGFOD2	0.023041664063563873	0.8240759309406677	0.1528824049957685	
SLBP	0.08811977860151549	0.38187180993972647	0.5300084114587581	
BUD31	0.40908858002703835	0.5033147428985225	0.08759667707443929	
PTMA	0.10049839167403536	0.10049839167403536	0.7990032166519292	
VWA5A	0.08935756818296695	0.08935756818296695	0.821284863634066	
FTSJ3	0.41689075777453666	0.49281454513041156	0.09029469709505192	
DCLRE1A	0.03917523467000353	0.5176426330926923	0.4431821322373041	
PDGFA	0.09167521652328735	0.09167521652328735	0.8166495669534253	
SRGAP2B	0.028497280190314243	0.4651356395019685	0.5063670803077172	
RABL2B	0.11329151589258832	0.11329151589258832	0.7734169682148233	
PPFIBP2	0.11267483435789478	0.11267483435789478	0.7746503312842103	
NUDCD3	0.6853124050545434	0.1573437974727283	0.1573437974727283	
CENPC	0.7630957888650259	0.1184521055674871	0.1184521055674871	
SEMA6D	0.009650880849206176	0.9184587089892213	0.07189041016157262	
PXK	0.7682730150623776	0.11586349246881127	0.11586349246881127	
GEMIN8	0.7398783201845206	0.13006083990773978	0.13006083990773978	
FOXRED2	0.8556220332768701	0.07218898336156492	0.07218898336156492	
ZNF236-DT	0.08379353221166144	0.08379353221166144	0.8324129355766771	
IMP4	0.05299073444412466	0.6006657037095189	0.34634356184635645	
SHC1	0.11462222424399418	0.11462222424399418	0.7707555515120116	
RILPL1	0.2592498324956167	0.7079779269290343	0.032772240575349054	
SLC25A25	0.05259856569834283	0.05259856569834283	0.8948028686033144	
ASB1	0.10621674987412093	0.24647217907791052	0.6473110710479685	
ZC3H12B	0.825789539410557	0.08710523029472153	0.08710523029472153	
CCDC97	0.1083802176871673	0.1083802176871673	0.7832395646256654	
NEMP1	0.24340501425458758	0.7300130999304374	0.026581885814975014	
TTC30A	0.09485278680677728	0.09485278680677728	0.8102944263864454	
AL121832.2	0.10295538266498452	0.10295538266498452	0.7940892346700309	
ERV3-1	0.3510539688194691	0.605612056301774	0.04333397487875695	
AMMECR1	0.09792872357382908	0.8839263550725094	0.018144921353661532	
DARS2	0.03485812703105577	0.676193529151347	0.28894834381759726	
MAML1	0.5851648832217128	0.32647710357536247	0.08835801320292476	
SYT7	0.11011286876349814	0.8811627475969283	0.008724383639573547	
TWNK	0.06290930659634701	0.06290930659634701	0.8741813868073061	
UCKL1	0.03687664705380993	0.7406596781734658	0.22246367477272436	
RSPH3	0.02754528710261601	0.7616679955898412	0.21078671730754267	
PPM1F	0.08694019527841745	0.08694019527841745	0.8261196094431651	
BCORL1	0.0716263051148322	0.9163039005474269	0.012069794337740932	
RAB24	0.10563819746055016	0.8817682299933537	0.012593572546096183	
ARHGAP15	0.8576630654681346	0.07116846726593266	0.07116846726593266	
THEM6	0.0741736861754792	0.0741736861754792	0.8516526276490417	
UBE2G1	0.03205774223446961	0.7969846275638777	0.17095763020165278	
DFFA	0.3248254772843589	0.6228931215487966	0.05228140116684441	
INSR	0.11195397574330819	0.11195397574330819	0.7760920485133835	
EIF2B3	0.7840547544045321	0.10797262279773401	0.10797262279773401	
AZI2	0.6737160023936396	0.1631419988031802	0.1631419988031802	
PURA	0.08659198172179976	0.3300145077069015	0.5833935105712987	
TWSG1	0.12122040870154306	0.12122040870154306	0.7575591825969138	
CEP85L	0.8445129534635312	0.07774352326823444	0.07774352326823444	
SEC11C	0.7187991246193465	0.1406004376903268	0.1406004376903268	
MYBL2	0.012281360871566506	0.7676040311831384	0.22011460794529517	
PTPRK	0.6761381568758742	0.16193092156206287	0.16193092156206287	
ZER1	0.09659025310317852	0.09659025310317852	0.8068194937936429	
TUBE1	0.7418726995453772	0.12906365022731142	0.12906365022731142	
MEA1	0.7228172422580094	0.13859137887099532	0.13859137887099532	
LYSMD4	0.7694936488863015	0.11525317555684933	0.11525317555684933	
GNB2	0.11303448465144209	0.11303448465144209	0.7739310306971158	
MFSD8	0.16111262470127724	0.8035764646498529	0.035310910648869875	
MEI1	0.8774449400242079	0.06127752998789597	0.06127752998789597	
WDYHV1	0.7721007153775297	0.11394964231123521	0.11394964231123521	
PJA2	0.6930651683669972	0.1534674158165014	0.1534674158165014	
DGAT1	0.743214158227799	0.12839292088610052	0.12839292088610052	
NDUFA12	0.032132693131027824	0.7393587410887363	0.2285085657802358	
GLE1	0.13464410060526616	0.13464410060526616	0.7307117987894677	
CASP9	0.035939603556947274	0.5239432238605121	0.4401171725825407	
HSD17B11	0.10645729175060756	0.10645729175060756	0.7870854164987848	
SPTY2D1	0.05606436245893348	0.5771488781566135	0.3667867593844529	
YPEL5	0.2310008383507715	0.7392311234451664	0.029768038204062052	
SCAMP1-AS1	0.7938477979680315	0.10307610101598429	0.10307610101598429	
AL450326.1	0.06829903751984887	0.06829903751984887	0.8634019249603023	
AQR	0.11328772994408874	0.11328772994408874	0.7734245401118225	
AL031963.3	0.0827618687649604	0.0827618687649604	0.8344762624700791	
LSM14A	0.10313717051228281	0.8744425601749537	0.022420269312763398	
SLC49A3	0.07146695533863584	0.07146695533863584	0.8570660893227284	
INTS9	0.7581714044768754	0.12091429776156236	0.12091429776156236	
MKRN3	0.010001932331158397	0.7474361923671375	0.2425618753017041	
KCTD1	0.016590318517409112	0.8399117685596668	0.14349791292292416	
GCNT4	0.15118037962054365	0.8338883179241997	0.01493130245525664	
SPINT1	0.016773967125697533	0.836160733335274	0.14706529953902844	
NECTIN4	0.008789659453321955	0.8877556047855174	0.10345473576116068	
ECI1	0.019947388320619583	0.8392871041001791	0.14076550757920128	
ZNF273	0.8039979606079583	0.0980010196960209	0.0980010196960209	
SLC25A42	0.8199904621320429	0.09000476893397863	0.09000476893397863	
KIF26A	0.0536934807238305	0.0536934807238305	0.8926130385523391	
FDX2	0.7468008540859179	0.12659957295704113	0.12659957295704113	
SEC24B	0.08076804720243201	0.4907878336864739	0.42844411911109415	
KMT2A	0.7475515524907281	0.12622422375463602	0.12622422375463602	
SPIN4	0.015833760627653102	0.8314189039458036	0.15274733542654326	
KRTCAP2	0.12453840733774156	0.12453840733774156	0.7509231853245169	
AC009961.1	0.016932217022003947	0.8355909666739342	0.14747681630406184	
NFKB1	0.12382667069411507	0.12382667069411507	0.7523466586117699	
THAP5	0.7179467234522634	0.14102663827386827	0.14102663827386827	
RNF217	0.2236953749637877	0.7471968805332069	0.029107744503005375	
LSM10	0.11155871671730881	0.11155871671730881	0.7768825665653823	
SPSB3	0.02701584387136295	0.7876251197965651	0.18535903633207187	
SMARCC1	0.23824725633405724	0.7249031157605024	0.03684962790544042	
NIPSNAP3B	0.8457270447567755	0.07713647762161227	0.07713647762161227	
LARP1	0.0978872772433278	0.0978872772433278	0.8042254455133444	
FOXM1	0.13531056745782366	0.8520339010674697	0.012655531474706539	
AL928654.1	0.8176848048401749	0.0911575975799126	0.0911575975799126	
MYCL	0.010043712657334305	0.8907113876973154	0.0992448996453503	
POGK	0.10667273197209798	0.10667273197209798	0.786654536055804	
CHMP7	0.7064863327369375	0.14675683363153127	0.14675683363153127	
ARL6IP5	0.03421616194149631	0.7627065629134552	0.20307727514504859	
AL590822.2	0.008581751178469077	0.8667568690253767	0.12466137979615427	
BST1	0.8214216848890796	0.08928915755546023	0.08928915755546023	
DLL4	0.05702474410990115	0.05702474410990115	0.8859505117801978	
RASA4	0.8192366770020465	0.09038166149897679	0.09038166149897679	
TRIM5	0.021758249941369597	0.7874896379567606	0.19075211210186965	
RFLNB	0.033162743814467044	0.033162743814467044	0.9336745123710659	
TMEM186	0.18367454544906708	0.7876834060158288	0.028642048535104075	
SETD5	0.2462110845130248	0.7040693816437088	0.04971953384326639	
AL356512.1	0.7858109391913076	0.10709453040434624	0.10709453040434624	
DEDD	0.10875754090602749	0.8698664884650794	0.02137597062889306	
ACTR6	0.17989636200549325	0.7878768074307062	0.03222683056380061	
RRP1B	0.09113471991011902	0.09113471991011902	0.8177305601797619	
NEK4	0.1108622625551233	0.1108622625551233	0.7782754748897533	
DDX19A	0.3090315369921813	0.637040242836286	0.053928220171532565	
PSPH	0.22996004720981653	0.74702338135436	0.02301657143582346	
UBQLN1	0.1244448501046063	0.8464425802295633	0.02911256966583028	
GHDC	0.7466655715979653	0.12666721420101737	0.12666721420101737	
FBXO38	0.11185941298242821	0.11185941298242821	0.7762811740351435	
FAM102B	0.0896694691405903	0.0896694691405903	0.8206610617188194	
ABCA3	0.8350658368415824	0.08246708157920886	0.08246708157920886	
SNX17	0.044759290943840346	0.6396796222539123	0.31556108680224726	
POC5	0.05388269244016784	0.4668088005449318	0.47930850701490035	
CDR2	0.103071923926996	0.103071923926996	0.7938561521460079	
NMNAT3	0.08612440630704354	0.08612440630704354	0.8277511873859129	
RBBP6	0.7691169419696666	0.11544152901516676	0.11544152901516676	
KANTR	0.41339748181092933	0.5116124763418523	0.07499004184721839	
AC104170.1	0.05409600269353479	0.05409600269353479	0.8918079946129305	
EXOC5	0.1206515815932681	0.1206515815932681	0.7586968368134638	
UQCC1	0.056366929505943464	0.5261795535745026	0.4174535169195539	
TPRA1	0.2654806558905915	0.6797801511913858	0.054739192918022705	
KLF8	0.0182674247830937	0.7809849579567936	0.20074761726011275	
ADAM22	0.758794411234157	0.12060279438292153	0.12060279438292153	
NOC2L	0.11367776866056553	0.11367776866056553	0.7726444626788689	
EIF6	0.031902181752139984	0.7282155678700336	0.2398822503778264	
ICA1L	0.053254350727322784	0.14636018134101536	0.8003854679316619	
LOH12CR2	0.8129515119976418	0.09352424400117913	0.09352424400117913	
LINC00526	0.7485439627318723	0.12572801863406388	0.12572801863406388	
CXCL16	0.7970930765491606	0.10145346172541972	0.10145346172541972	
HIST2H2AA4	0.7784618215094506	0.17343123065249968	0.048106947838049585	
AKT2	0.1342165055404719	0.1342165055404719	0.7315669889190561	
TFIP11	0.05274610041134322	0.6369519363987765	0.3103019631898803	
ABCA5	0.17983172234985986	0.7953995407689157	0.02476873688122441	
EXOG	0.08855167420060223	0.08855167420060223	0.8228966515987955	
PARVB	0.06551307563359841	0.06551307563359841	0.8689738487328033	
TCF12	0.7050641373509362	0.14746793132453195	0.14746793132453195	
AC044849.1	0.8562902942664703	0.07185485286676477	0.07185485286676477	
PTPN20	0.059530889524824035	0.059530889524824035	0.880938220950352	
SNRPA1	0.1542135167522596	0.8160527261403068	0.029733757107433555	
AC018529.2	0.06193863867866799	0.06193863867866799	0.8761227226426641	
AL080276.2	0.0660442715773203	0.0660442715773203	0.8679114568453594	
MYCBPAP	0.06226300797569443	0.06226300797569443	0.8754739840486112	
ACTR1B	0.11541553145857913	0.11541553145857913	0.7691689370828417	
CACNA1H	0.8721560097093333	0.0639219951453333	0.0639219951453333	
ZNF664	0.13191051711446994	0.13191051711446994	0.7361789657710602	
SNAI1	0.10189616947805825	0.8892988910070208	0.008804939514920998	
UGGT2	0.4132746858905124	0.5054244262929941	0.08130088781649354	
HHLA3	0.33974169094626	0.6121740561253142	0.04808425292842577	
CIPC	0.09670088967280235	0.24739596025394936	0.6559031500732483	
ATXN7	0.017602089328424223	0.7776083569085833	0.20478955376299252	
RBM14	0.033564527834068505	0.7310433875008271	0.2353920846651044	
HOOK1	0.038157145197034364	0.6805893648518648	0.2812534899511008	
ZNF706	0.020326723973466326	0.8505236443636561	0.12914963166287757	
TXNDC16	0.7618325133946998	0.11908374330265016	0.11908374330265016	
PDE7A	0.8173893942690202	0.0913053028654899	0.0913053028654899	
ZNF850	0.1291724715226097	0.857549391536451	0.013278136940939237	
NSRP1	0.1413452283902697	0.1413452283902697	0.7173095432194607	
TMED7	0.13532929444557662	0.8406117098892797	0.024058995665143742	
AL139220.2	0.07169746559816112	0.07169746559816112	0.8566050688036778	
KLF3	0.09794515593968892	0.09794515593968892	0.8041096881206221	
PNPLA7	0.05129575384558409	0.05129575384558409	0.8974084923088319	
GAS8	0.7319343384769904	0.13403283076150485	0.13403283076150485	
SH3D21	0.17884047342884113	0.8039661956115565	0.017193330959602366	
CCDC22	0.7128364073047746	0.1435817963476127	0.1435817963476127	
AC004816.1	0.07146205616756283	0.9181831625831894	0.010354781249247715	
VGLL4	0.03056441238452162	0.7915941987268559	0.17784138888862255	
AL139385.1	0.05607125105994262	0.05607125105994262	0.8878574978801148	
IQCG	0.10410097633732755	0.10410097633732755	0.7917980473253449	
SERPINB6	0.7276006914716081	0.13619965426419595	0.13619965426419595	
YIPF4	0.1584744826704858	0.8079713913193456	0.03355412601016859	
CRNDE	0.22178400038686713	0.7583231755794718	0.01989282403366109	
GINS3	0.26546745910593034	0.7110420907422448	0.023490450151824892	
CCDC71L	0.10027211555521512	0.10027211555521512	0.7994557688895697	
XXYLT1	0.2844501208846581	0.673133729959367	0.042416149155974824	
ZNF254	0.722137282353101	0.13893135882344942	0.13893135882344942	
HPRT1	0.10713085769624626	0.10713085769624626	0.7857382846075074	
RASSF1	0.6970500650466398	0.15147496747668007	0.15147496747668007	
EDC3	0.32595622268717045	0.6045912062625746	0.06945257105025503	
NUP98	0.054330246889274965	0.6193773546206338	0.32629239849009123	
LMBR1	0.2026434188819194	0.7505086889810925	0.04684789213698811	
SNX16	0.7621200572999671	0.11893997135001652	0.11893997135001652	
VKORC1L1	0.7062561471774835	0.14687192641125824	0.14687192641125824	
F3	0.08199877244838948	0.08199877244838948	0.836002455103221	
AC005520.2	0.0876206552945725	0.0876206552945725	0.824758689410855	
WDR36	0.07511542097543532	0.07511542097543532	0.8497691580491294	
SLC1A1	0.05709934699800872	0.05709934699800872	0.8858013060039827	
CKAP5	0.560862432231942	0.3547750836217624	0.08436248414629563	
PRUNE2	0.06885324196361929	0.06885324196361929	0.8622935160727615	
POMT1	0.11685448998234568	0.11685448998234568	0.7662910200353086	
FIZ1	0.7649165260940709	0.11754173695296459	0.11754173695296459	
EIF5B	0.2718558591174791	0.6868583914797314	0.04128574940278957	
CDK20	0.8069030850940697	0.0965484574529652	0.0965484574529652	
ST3GAL1	0.8290227830079004	0.08548860849604982	0.08548860849604982	
ZBTB22	0.7836671300447748	0.10816643497761265	0.10816643497761265	
C14orf28	0.7505298256436279	0.12473508717818606	0.12473508717818606	
HEATR1	0.07992973555427704	0.07992973555427704	0.840140528891446	
KRTCAP3	0.034533512623736995	0.7174246177019159	0.24804186967434702	
MORF4L2-AS1	0.025988400099214354	0.5962032387605471	0.3778083611402384	
WNK1	0.12543239769361608	0.12543239769361608	0.7491352046127678	
POU2F2	0.07072209008436024	0.07072209008436024	0.8585558198312796	
ZFR	0.6999781789141812	0.1500109105429094	0.1500109105429094	
SIGMAR1	0.16390736591839475	0.8026607385375905	0.033431895544014816	
MCM4	0.011478969696558044	0.8728774327017357	0.11564359760170619	
CCND2	0.09090054941803322	0.09090054941803322	0.8181989011639336	
GOLGA4	0.023894071832952304	0.8087292353504631	0.16737669281658452	
MFSD5	0.025347932320575358	0.7843540061496275	0.19029806152979714	
AC007773.1	0.1573172618182958	0.8271723149999235	0.015510423181780648	
EXOSC6	0.0854999553113562	0.0854999553113562	0.8290000893772876	
FBXL19	0.02595504672164633	0.7139863258671967	0.26005862741115704	
NEK7	0.18858226049806598	0.7718143475279051	0.03960339197402889	
ANKRD27	0.14261082306968725	0.8292365701968522	0.028152606733460584	
PHF8	0.04762818775304789	0.6599901574072994	0.2923816548396527	
SGMS2	0.10633938856864524	0.10633938856864524	0.7873212228627094	
ZNF791	0.6889333269811155	0.15553333650944223	0.15553333650944223	
RPS27L	0.023343397048128534	0.8382448259478972	0.13841177700397428	
SAFB	0.04257144510328826	0.7598703632589341	0.19755819163777757	
CUL3	0.042695682261248806	0.712457847408617	0.24484647033013415	
MEAF6	0.7358397785903433	0.1320801107048284	0.1320801107048284	
CCDC74A	0.05427235415729817	0.05427235415729817	0.8914552916854037	
CEP250	0.7375575213543584	0.13122123932282082	0.13122123932282082	
ATP6V1D	0.040224506688975384	0.6875003980698576	0.27227509524116694	
AC058791.1	0.0729240373960938	0.0729240373960938	0.8541519252078125	
ATP6V0E1	0.25671620964537706	0.6907182673574336	0.05256552299718929	
TRMT61B	0.508518913385454	0.4078934074197513	0.08358767919479483	
ZNF547	0.44422095696331754	0.5207157145298051	0.03506332850687722	
NXT1	0.4818434302667523	0.4312987071556945	0.08685786257755325	
EEF2K	0.8159347445350255	0.09203262773248734	0.09203262773248734	
SESN2	0.019123459057309104	0.82377239609157	0.15710414485112076	
RNF122	0.844904850868444	0.07754757456577795	0.07754757456577795	
LINC00467	0.05347292799446914	0.5808658079622481	0.36566126404328286	
FCGBP	0.04761888325555418	0.04761888325555418	0.9047622334888917	
DCPS	0.59295161889272	0.31941688592962136	0.08763149517765882	
FKBP1B	0.06018823914601007	0.06018823914601007	0.87962352170798	
DOC2A	0.11360505561773657	0.11360505561773657	0.7727898887645268	
FAM13C	0.07030551561724462	0.07030551561724462	0.8593889687655109	
EEF1E1	0.07900393814264378	0.07900393814264378	0.8419921237147125	
PRRC2B	0.03276162536577077	0.7148469575866054	0.2523914170476238	
IFT27	0.6871009817351797	0.15644950913241015	0.15644950913241015	
EP300	0.026344011662880296	0.8104395197884212	0.16321646854869853	
RNPS1	0.17088301504822803	0.7875274532153282	0.04158953173644374	
VAMP2	0.10549195846983546	0.10549195846983546	0.789016083060329	
BTG2	0.8476495869899403	0.07617520650502986	0.07617520650502986	
C1orf109	0.14266662979856062	0.8361354277761608	0.02119794242527863	
TBRG4	0.04590213826530767	0.6630116870321907	0.2910861747025017	
TM9SF2	0.04303507661166325	0.741440959902896	0.2155239634854406	
DNTTIP2	0.7126910744338312	0.14365446278308439	0.14365446278308439	
BRD2	0.03901556681665932	0.6092941700164441	0.35169026316689644	
URB1-AS1	0.10868046422862314	0.10868046422862314	0.7826390715427537	
HNRNPA3	0.21355663665779	0.7494129081016001	0.037030455240609904	
ZBTB48	0.7339833223389494	0.1330083388305254	0.1330083388305254	
AC064836.3	0.0647791013572835	0.09123756511109388	0.8439833335316227	
CHKA	0.7564628096407392	0.12176859517963048	0.12176859517963048	
GNPTG	0.7088740914457337	0.14556295427713312	0.14556295427713312	
SAP30BP	0.04034319923141307	0.6969753799535434	0.2626814208150434	
FYCO1	0.10373828115795682	0.10373828115795682	0.7925234376840863	
AC004812.2	0.08561364691092968	0.08561364691092968	0.8287727061781406	
HNRNPF	0.1878872721406915	0.7680406190486738	0.044072108810634725	
MPST	0.10163980083662318	0.16471049336463595	0.7336497057987409	
RGCC	0.04884497967125342	0.04884497967125342	0.9023100406574932	
FOXO4	0.013616282294746665	0.8558370313815385	0.13054668632371483	
MTMR4	0.01008499798404742	0.9265036728644042	0.06341132915154842	
ARHGAP9	0.8372299848316969	0.08138500758415158	0.08138500758415158	
SMC2	0.2538739100869451	0.7183932917226161	0.027732798190438737	
IKZF4	0.8017620278681027	0.09911898606594871	0.09911898606594871	
EPB41L1	0.1500007153921459	0.1500007153921459	0.6999985692157082	
TRAPPC13	0.11629563485908441	0.11629563485908441	0.7674087302818311	
AC109454.2	0.3380556110452278	0.629242462323803	0.03270192663096921	
ATPAF2	0.6958139672410756	0.1520930163794622	0.1520930163794622	
PDSS2	0.2647312769073372	0.6696631386600307	0.06560558443263206	
TSPOAP1	0.7813354680856816	0.10933226595715931	0.10933226595715931	
FUT4	0.08803735292953538	0.08803735292953538	0.8239252941409292	
ERRFI1	0.017813064475457007	0.6799219257040066	0.3022650098205364	
UFC1	0.02314396021406829	0.8319270459408395	0.14492899384509214	
SLC25A15	0.16314872431111238	0.8166534369384701	0.020197838750417463	
RAP1A	0.7059317803095906	0.14703410984520474	0.14703410984520474	
SRPRB	0.6111365097832844	0.29828361188279856	0.09057987833391705	
EZH1	0.12046649114684253	0.12046649114684253	0.7590670177063149	
LRRC20	0.7948528918474889	0.1025735540762556	0.1025735540762556	
TCAIM	0.7043707164055991	0.1478146417972004	0.1478146417972004	
AC024257.3	0.06029145476505696	0.06029145476505696	0.8794170904698861	
TRIB3	0.55465179055531	0.38163081423857975	0.06371739520611013	
NAA16	0.7295214180215257	0.13523929098923723	0.13523929098923723	
RNF216	0.12650526230889475	0.12650526230889475	0.7469894753822106	
TTC39B	0.7161688730171242	0.14191556349143794	0.14191556349143794	
CHAF1A	0.012648458009120645	0.8591775761782982	0.12817396581258117	
TRMT1	0.12633297620512512	0.12633297620512512	0.7473340475897496	
DLGAP1-AS2	0.0604587709412144	0.0604587709412144	0.8790824581175712	
SLC6A6	0.8198717963846353	0.09006410180768241	0.09006410180768241	
ARNT2	0.4858946283947532	0.4615144693619603	0.05259090224328646	
QSOX2	0.07920028878074757	0.07920028878074757	0.8415994224385049	
MINCR	0.7337345770972723	0.1331327114513639	0.1331327114513639	
ENPP1	0.0649419297488162	0.0649419297488162	0.8701161405023676	
FOSB	0.04388041618219125	0.04388041618219125	0.9122391676356175	
PHAX	0.2360462564414857	0.7148856043488995	0.049068139209614815	
ATP7A	0.7521130131431268	0.12394349342843662	0.12394349342843662	
GRN	0.7769247341209058	0.11153763293954715	0.11153763293954715	
PIBF1	0.11638820991431813	0.11638820991431813	0.7672235801713637	
BCS1L	0.11166810942265057	0.11166810942265057	0.7766637811546988	
SF3A3	0.3080371597058831	0.6288400374239048	0.06312280287021214	
TRNAU1AP	0.12669888918142164	0.843941706538923	0.029359404279655332	
NPIPA5	0.05745330815447926	0.05745330815447926	0.8850933836910415	
SDE2	0.7457791251644748	0.12711043741776265	0.12711043741776265	
PHF1	0.7585390344837374	0.12073048275813135	0.12073048275813135	
FABP4	0.9270609378928149	0.036469531053592526	0.036469531053592526	
RAB2A	0.13292653866395557	0.13292653866395557	0.7341469226720889	
PCGF3	0.05821685856156532	0.5874785859653118	0.354304555473123	
C5AR1	0.08106287005857012	0.08106287005857012	0.8378742598828597	
LRRC24	0.7934447118614549	0.10327764406927262	0.10327764406927262	
ARMC5	0.11149136725008665	0.11149136725008665	0.7770172654998266	
ZNF8	0.10332039410106572	0.10332039410106572	0.7933592117978685	
AC009113.1	0.7641151433278666	0.1179424283360668	0.1179424283360668	
TRAF3IP3	0.8577875874217522	0.07110620628912383	0.07110620628912383	
KLHL15	0.8219852693317095	0.08900736533414531	0.08900736533414531	
BRCA2	0.010765754509503797	0.8149278908589004	0.17430635463159574	
AC012640.2	0.7196018897619206	0.1717570663517078	0.10864104388637158	
BUD23	0.04514178795282021	0.7194466352841454	0.23541157676303429	
CEP76	0.7292405752824244	0.13537971235878787	0.13537971235878787	
TMEM30A	0.14288542667110055	0.14288542667110055	0.7142291466577989	
RMDN1	0.12586653892970262	0.12586653892970262	0.7482669221405946	
DLL1	0.06096204435631045	0.06096204435631045	0.8780759112873792	
EPS15	0.13900983675382717	0.13900983675382717	0.7219803264923457	
TAB2	0.12734874358077422	0.12734874358077422	0.7453025128384515	
PTAFR	0.0638941589674941	0.0638941589674941	0.8722116820650119	
SAYSD1	0.15277127851013186	0.8135804859183324	0.03364823557153561	
TRMT11	0.7642303254993903	0.11788483725030491	0.11788483725030491	
AGGF1	0.6931531262308539	0.15342343688457308	0.15342343688457308	
WDR11	0.14204644523163976	0.14204644523163976	0.7159071095367204	
CTPS1	0.026131324276541947	0.6599565321345879	0.3139121435888701	
FADS3	0.07794119951848429	0.07794119951848429	0.8441176009630315	
CAPRIN1	0.11819846500487322	0.11819846500487322	0.7636030699902535	
IER5L	0.8040088815406925	0.09799555922965379	0.09799555922965379	
TADA2A	0.36665107823270476	0.5685349561376016	0.06481396562969359	
NTHL1	0.13768821826304875	0.13768821826304875	0.7246235634739026	
ZNF672	0.02362955809118274	0.8253363071188823	0.151034134789935	
VAMP5	0.06574721319640954	0.06574721319640954	0.868505573607181	
MDC1	0.08460193863966335	0.16491125432506298	0.7504868070352736	
MAN2A1	0.026026795484624932	0.8168704494926411	0.15710275502273396	
ZCCHC14	0.7205012064854804	0.13974939675725978	0.13974939675725978	
PRPF39	0.26704183200810266	0.6863171940222386	0.046640973969658654	
ABRAXAS2	0.17878500059180724	0.7776382819828002	0.04357671742539253	
LSM14B	0.7236716792770373	0.13816416036148135	0.13816416036148135	
MRPL44	0.1837829546953112	0.7759685478365611	0.040248497468127586	
C15orf65	0.06899695325547646	0.06899695325547646	0.8620060934890472	
MAFK	0.014323456768117247	0.7951962146737617	0.19048032855812103	
RBKS	0.7848176236008032	0.10759118819959845	0.10759118819959845	
LRRC29	0.8298598312795163	0.08507008436024185	0.08507008436024185	
DNAJA1	0.03119918667676432	0.5814665833042786	0.38733423001895706	
RUFY2	0.12310169653555482	0.12310169653555482	0.7537966069288904	
GCDH	0.11015134376731303	0.11015134376731303	0.7796973124653739	
ELP6	0.7262725303046212	0.1368637348476894	0.1368637348476894	
HMCES	0.09601786242968995	0.4328818424370646	0.47110029513324536	
DRAM2	0.7104634892623692	0.14476825536881535	0.14476825536881535	
FILIP1L	0.8151400498690002	0.09242997506549991	0.09242997506549991	
JMJD6	0.7656311080294813	0.11718444598525941	0.11718444598525941	
BET1L	0.07976395391671726	0.543364727860219	0.3768713182230637	
MTFR2	0.11588864769387056	0.871668542842925	0.012442809463204335	
APBA3	0.07277966096129222	0.45901296337721414	0.46820737566149356	
MYADM	0.08710015231857532	0.08710015231857532	0.8257996953628494	
TIMM13	0.17584906883652407	0.7906747063342736	0.03347622482920229	
SERPINI1	0.42763322857945707	0.5364905776285848	0.0358761937919582	
HSD17B7	0.77760255326809	0.11119872336595503	0.11119872336595503	
ENDOV	0.7266656492928801	0.13666717535355996	0.13666717535355996	
ZNHIT1	0.1213688080126679	0.2530650963216428	0.6255660956656893	
TAF7	0.14657830588489656	0.14657830588489656	0.7068433882302069	
IER2	0.8524257634994927	0.07378711825025364	0.07378711825025364	
CMTM6	0.6948061273895129	0.15259693630524357	0.15259693630524357	
TMCO1	0.09707835630117255	0.09707835630117255	0.8058432873976549	
EPB41	0.10959480106694135	0.10959480106694135	0.7808103978661173	
CNTN4	0.7211814089916969	0.13940929550415151	0.13940929550415151	
LINC00937	0.07273893784185782	0.07273893784185782	0.8545221243162844	
PCGF2	0.7348030621201701	0.13259846893991495	0.13259846893991495	
TMEM35A	0.8265213693862028	0.08673931530689863	0.08673931530689863	
FAM117A	0.08302269112252857	0.08302269112252857	0.8339546177549428	
SIDT2	0.1707262032631651	0.8023698185812669	0.02690397815556808	
DDX20	0.09538062056954195	0.09538062056954195	0.809238758860916	
HOXA9	0.729448798839474	0.135275600580263	0.135275600580263	
PDIA4	0.2063876823521315	0.7558590387967999	0.037753278851068474	
TAF15	0.03643401858807612	0.69640499284491	0.2671609885670139	
TRAPPC3	0.10369984479849048	0.8730533333228979	0.023246821878611528	
IRAK3	0.06395084745637862	0.06395084745637862	0.8720983050872428	
ALKBH8	0.7691287744718082	0.115435612764096	0.115435612764096	
LINC01725	0.13370041158739235	0.8513671684629848	0.014932419949622827	
XPO7	0.03250124545056792	0.7811916474950651	0.186307107054367	
GMCL1	0.016591776417161377	0.8978051710185424	0.08560305256429616	
IQCC	0.17252522818600355	0.7979057370492643	0.029569034764732036	
ARMC6	0.07896591720453403	0.4266875812118692	0.4943465015835969	
COA1	0.7430310805378936	0.12848445973105327	0.12848445973105327	
ANP32E	0.5235190678688808	0.4033860366251072	0.07309489550601189	
CLCF1	0.8211641827378109	0.08941790863109458	0.08941790863109458	
PRKN	0.08586060493707931	0.08586060493707931	0.8282787901258414	
GNG4	0.8110275542183958	0.09448622289080218	0.09448622289080218	
NABP1	0.04160123783794404	0.5167329377273369	0.44166582443471913	
CEP162	0.1055922967798657	0.1055922967798657	0.7888154064402686	
CLN3	0.10828342927004346	0.8747582191921319	0.016958351537824625	
LNX1	0.11518125566707957	0.871237006902655	0.01358173743026546	
RBFOX1	0.7595130724355218	0.12024346378223917	0.12024346378223917	
HSD17B2	0.06214647569673497	0.06214647569673497	0.8757070486065301	
ADGRF4	0.12820602436715245	0.8632469758717412	0.008546999761106348	
CENPT	0.032405640371678396	0.7000055594513767	0.267588800176945	
NAA80	0.09086995800187161	0.09086995800187161	0.8182600839962567	
GRPEL1	0.04740936859370854	0.6822236858227219	0.27036694558356955	
PSMB7	0.2062860517286388	0.7468105986021496	0.046903349669211634	
AC010969.2	0.17583776518876196	0.8060807721073078	0.018081462703930257	
TTF1	0.7017515129992229	0.14912424350038858	0.14912424350038858	
FRY	0.06530050153483227	0.06530050153483227	0.8693989969303355	
SNX9	0.09848659932230583	0.09848659932230583	0.8030268013553883	
GCLM	0.029732785052457734	0.7362661648726667	0.23400105007487568	
FRMD6	0.19896150427905857	0.7874570846607968	0.013581411060144611	
ACBD3	0.12903844542252188	0.8496189712797035	0.02134258329777457	
AC118553.1	0.028470672239246316	0.7325847488457458	0.23894457891500787	
BAHCC1	0.08859025315869357	0.08859025315869357	0.8228194936826129	
KHNYN	0.03997559539166297	0.6719136312624906	0.2881107733458465	
LSP1	0.07977257780341322	0.07977257780341322	0.8404548443931736	
ZNF805	0.7365116570795964	0.13174417146020187	0.13174417146020187	
RBBP5	0.1334796772450581	0.1334796772450581	0.7330406455098837	
AP000487.1	0.04574848143533391	0.5006518151386822	0.453599703425984	
EXT2	0.6789843790625767	0.16050781046871163	0.16050781046871163	
HUNK	0.01188941133717733	0.8769758702645655	0.1111347183982572	
GAS2L3	0.203934612084501	0.7595137909130283	0.03655159700247068	
SRM	0.07739172227918838	0.07739172227918838	0.8452165554416233	
ERI2	0.12739237150230004	0.12739237150230004	0.7452152569953999	
STOML1	0.7476646494406708	0.12616767527966463	0.12616767527966463	
PRRG4	0.012313877266997609	0.9115089502563453	0.07617717247665706	
PTRH1	0.7363611315856727	0.13181943420716366	0.13181943420716366	
C10orf88	0.7127546386892797	0.14362268065536016	0.14362268065536016	
ALDH5A1	0.5524262211761939	0.3672761320681309	0.08029764675567529	
NBPF9	0.7350333762977181	0.13248331185114096	0.13248331185114096	
FRRS1	0.07404015087453315	0.07404015087453315	0.8519196982509337	
EIF1AD	0.03771475961807763	0.7046147018543049	0.25767053852761745	
ARHGAP12	0.14545728396235055	0.14545728396235055	0.7090854320752988	
RAB6A	0.0306906285471618	0.7991059646897241	0.17020340676311418	
TPP2	0.02909102195525362	0.7970572447734908	0.1738517332712556	
WDR45B	0.05555578418733929	0.6621612355738883	0.2822829802387726	
SH2B2	0.0796310554379408	0.9086633445918083	0.01170559997025083	
ASPG	0.06755964773167503	0.06755964773167503	0.86488070453665	
ALG1	0.7374821294002426	0.13125893529987873	0.13125893529987873	
ALDH6A1	0.1281403239355986	0.1281403239355986	0.7437193521288028	
OTUD5	0.7194245379796584	0.14028773101017078	0.14028773101017078	
VEGFA	0.8101450470836965	0.09492747645815183	0.09492747645815183	
HCN3	0.11111808368788165	0.11111808368788165	0.7777638326242367	
KYAT3	0.1421965217436055	0.8305879306460774	0.027215547610317185	
AC092164.1	0.06012696229803361	0.06012696229803361	0.8797460754039328	
DUSP6	0.8059526583956208	0.09702367080218965	0.09702367080218965	
MCMBP	0.03347239811351851	0.7829437917604326	0.18358381012604894	
EIF2S2	0.1528412180585197	0.8156659709297511	0.031492811011729106	
RAB7A	0.4830427154152315	0.41150194997267425	0.10545533461209415	
OXR1	0.04551756148990262	0.6817978255423087	0.27268461296778856	
YME1L1	0.1320089854739067	0.1320089854739067	0.7359820290521866	
FARSA	0.19162433135420462	0.766644663607144	0.04173100503865141	
HLA-DRA	0.0697095823080966	0.0697095823080966	0.8605808353838068	
WDR24	0.09339956139491697	0.09339956139491697	0.8132008772101661	
LIPE-AS1	0.786386213656118	0.10680689317194102	0.10680689317194102	
CEP170	0.7569687547290496	0.12151562263547525	0.12151562263547525	
HSF2	0.7530436987776272	0.12347815061118646	0.12347815061118646	
INTU	0.7586663798824652	0.12066681005876748	0.12066681005876748	
ZNF205	0.7130414435650055	0.1434792782174972	0.1434792782174972	
CXorf40B	0.01572766809106998	0.8849187093712283	0.0993536225377017	
DDX39B	0.10318297953597473	0.18951560998755634	0.7073014104764689	
PTP4A2	0.7162011846190451	0.14189940769047737	0.14189940769047737	
RNF187	0.7290876184797576	0.1354561907601213	0.1354561907601213	
BRD3	0.7198309063345454	0.1400845468327273	0.1400845468327273	
VAC14	0.1285058113893732	0.1285058113893732	0.7429883772212537	
PLEKHG2	0.8623763705424318	0.06881181472878405	0.06881181472878405	
RPLP2	0.04203504774631449	0.7190033504160506	0.23896160183763487	
DDX46	0.03912752600707136	0.7183693444395013	0.24250312955342732	
EPM2AIP1	0.6963614848227567	0.15181925758862164	0.15181925758862164	
IFT140	0.7436193601953413	0.12819031990232946	0.12819031990232946	
AUTS2	0.13384475830897605	0.13384475830897605	0.7323104833820478	
ZNF302	0.1004011444236255	0.1004011444236255	0.799197711152749	
MRPL27	0.02893099888047421	0.8165513706825605	0.1545176304369652	
DDX17	0.13589939436808635	0.13589939436808635	0.7282012112638272	
SLC25A1	0.19376705568673927	0.7646973057471518	0.041535638566108875	
AC133550.2	0.8417932448922378	0.0791033775538811	0.0791033775538811	
CELSR3	0.6417817551581437	0.288763155665949	0.06945508917590729	
CDK5RAP2	0.16797382720464937	0.7962899000858733	0.035736272709477386	
UHRF1BP1L	0.11974912710820569	0.11974912710820569	0.7605017457835885	
KAT6B	0.13902310314143781	0.13902310314143781	0.7219537937171243	
KCNE3	0.08182342189051499	0.08182342189051499	0.83635315621897	
FNDC3A	0.6862775582150502	0.1568612208924749	0.1568612208924749	
ZSCAN29	0.032683798074114666	0.7369326220496578	0.23038357987622743	
ZNF117	0.04864579096573216	0.603390962316473	0.3479632467177948	
PRR7	0.10427881616476387	0.10427881616476387	0.7914423676704723	
ZNF48	0.09290445546781637	0.09290445546781637	0.8141910890643672	
NAGPA	0.1278581551782427	0.1278581551782427	0.7442836896435147	
ZNF66	0.44893004593651054	0.49735079337043114	0.05371916069305819	
TATDN3	0.7340085489830217	0.1329957255084892	0.1329957255084892	
SMAGP	0.010441937624984125	0.9194747693986876	0.07008329297632838	
MYCBP2	0.10751046095126114	0.10751046095126114	0.7849790780974777	
UBE2R2	0.6508473148057415	0.17457634259712917	0.17457634259712917	
ZSWIM7	0.055710837450564134	0.6274304020567618	0.3168587604926741	
TMEM50B	0.7127719789773643	0.14361401051131784	0.14361401051131784	
ITFG2	0.12163693150580572	0.18989100495762332	0.688472063536571	
BST2	0.8547263140858243	0.07263684295708783	0.07263684295708783	
RXRB	0.07700501024977165	0.4230347338327214	0.49996025591750715	
COPS9	0.6820480536819419	0.15897597315902903	0.15897597315902903	
IGF2R	0.14999147296894774	0.14999147296894774	0.7000170540621045	
MAP3K9	0.010812731804111056	0.8872364451540172	0.1019508230418717	
ZNF653	0.09571781568181792	0.09571781568181792	0.8085643686363642	
SCYL1	0.024264220328697367	0.854661733775655	0.12107404589564755	
CYTIP	0.8321110321661153	0.08394448391694244	0.08394448391694244	
LRIG3	0.772949888337102	0.11352505583144909	0.11352505583144909	
EXOC6	0.13072369217686836	0.13072369217686836	0.7385526156462632	
SLC4A1AP	0.3100852247111498	0.6141287684359734	0.07578600685287674	
IFT52	0.7283761345927373	0.13581193270363137	0.13581193270363137	
AL024508.2	0.09936279892109687	0.09936279892109687	0.8012744021578062	
UPF1	0.031639132234936126	0.7941163836149825	0.1742444841500813	
SYAP1	0.13137421607375255	0.13137421607375255	0.7372515678524949	
FASTKD5	0.019672722499781733	0.8426780927178459	0.13764918478237229	
ATG9B	0.011039801831251599	0.8141054117153389	0.17485478645340943	
LINC00662	0.12049046573628379	0.12049046573628379	0.7590190685274324	
THUMPD3	0.11456514708455329	0.11456514708455329	0.7708697058308934	
JPT2	0.019299382672432912	0.8503061947620489	0.13039442256551806	
MARCKSL1	0.689404170137917	0.15529791493104153	0.15529791493104153	
TOX3	0.6878690193097485	0.1560654903451257	0.1560654903451257	
SMIM15	0.09275678687546648	0.4407715116318598	0.46647170149267375	
NUCB1	0.7189892975054464	0.1405053512472768	0.1405053512472768	
ENO3	0.10485190717293645	0.8752619779141982	0.019886114912865217	
ZNF571-AS1	0.1494144781213757	0.8341198819428752	0.016465639935749073	
EML5	0.48921858110351907	0.4611610240361022	0.04962039486037859	
MRPL19	0.30324666214264634	0.637712770180512	0.05904056767684171	
TOM1	0.14953184736762704	0.825530712434334	0.024937440198038986	
RFC4	0.20375519774210038	0.7692361697974077	0.027008632460491774	
SAP25	0.8232570288111124	0.08837148559444387	0.08837148559444387	
CENPP	0.08005867307982495	0.08005867307982495	0.8398826538403501	
HMG20B	0.01562846162471959	0.9043127417500848	0.08005879662519563	
HSPE1	0.26150517372487736	0.6985026819966803	0.03999214427844234	
ZNF829	0.18655790282687765	0.7930656131799587	0.02037648399316359	
MELK	0.09280796431202919	0.8982979961224026	0.008894039565568342	
TTC39C	0.7854095594803429	0.10729522025982863	0.10729522025982863	
DNAH6	0.7551680698759846	0.12241596506200773	0.12241596506200773	
E2F6	0.05829026840799424	0.5485449479800074	0.39316478361199825	
TIMMDC1	0.10591497930711584	0.8712551304751828	0.02282989021770136	
ZNF487	0.7859565723756123	0.10702171381219387	0.10702171381219387	
UBP1	0.11716290994197745	0.11716290994197745	0.765674180116045	
DDX6	0.13165338556205497	0.13165338556205497	0.7366932288758901	
ICE2	0.7288614865839486	0.13556925670802578	0.13556925670802578	
DTYMK	0.19392251389848367	0.7775825061479376	0.028494979953578792	
AC092683.1	0.08370554721248868	0.08370554721248868	0.8325889055750226	
RPS16	0.1238889376231802	0.8478903585834506	0.028220703793369044	
TRAF3IP2	0.24563147867837865	0.7087050971233632	0.045663424198258154	
FRS3	0.08831494121622335	0.08831494121622335	0.8233701175675533	
ZNF589	0.1081079331284009	0.1081079331284009	0.7837841337431981	
DHRS11	0.3455722020009976	0.5929718291885615	0.06145596881044081	
ACVR1C	0.7241405933779419	0.13792970331102905	0.13792970331102905	
SMARCC2	0.1530712382405172	0.1530712382405172	0.6938575235189657	
REL	0.1056543464947989	0.1056543464947989	0.7886913070104021	
TMEM63A	0.11146572025710737	0.11146572025710737	0.7770685594857852	
MTAP	0.032045019095505355	0.6821439643623811	0.2858110165421135	
DHX34	0.7406551354765576	0.1296724322617212	0.1296724322617212	
CDC42EP4	0.20889583044561008	0.7567431575049016	0.03436101204948834	
HIST1H1C	0.01564195221445882	0.8255569436901908	0.1588011040953503	
GRAMD2B	0.01838515297085096	0.8504948896450133	0.13111995738413562	
LINC02352	0.8303341243340675	0.08483293783296632	0.08483293783296632	
PNPT1	0.09914164900708548	0.09914164900708548	0.801716701985829	
EIF2S1	0.0408826933666912	0.7208218115120059	0.23829549512130296	
CHSY1	0.06967093924580751	0.06967093924580751	0.860658121508385	
MIF-AS1	0.7853686277901081	0.10731568610494599	0.10731568610494599	
DDX55	0.3777040720881153	0.5495312258916738	0.07276470202021093	
RCE1	0.1179949682294025	0.8526508660803503	0.02935416569024722	
IARS	0.10108735621186267	0.10108735621186267	0.7978252875762746	
PMPCA	0.1668410692427902	0.7930846903824942	0.040074240374715575	
MTERF3	0.28142645063051536	0.6689242100108881	0.049649339358596535	
TJP2	0.09210480199954962	0.8946873570289428	0.013207840971507541	
SMIM19	0.73397794221973	0.13301102889013505	0.13301102889013505	
ZBED5	0.7017710039538367	0.14911449802308166	0.14911449802308166	
YRDC	0.04836326148249475	0.6218223463818572	0.329814392135648	
STAM	0.12646410283075615	0.12646410283075615	0.7470717943384876	
GART	0.06769787467914251	0.5573400305626928	0.37496209475816483	
ACSM3	0.7273485268631709	0.13632573656841465	0.13632573656841465	
GIT2	0.14555433687117694	0.14555433687117694	0.7088913262576461	
CSNK2A1	0.277335470759435	0.6612779854007359	0.061386543839829034	
SPRY3	0.08153726581318639	0.08153726581318639	0.8369254683736271	
SLC30A5	0.02640839867179757	0.8528469401788938	0.12074466114930851	
IDH3B	0.09708528971558777	0.35582834375426275	0.5470863665301494	
AC073389.1	0.29501615080926474	0.6565046251252122	0.04847922406552298	
HEBP2	0.016823005013623788	0.882355999326623	0.10082099565975329	
AL139274.2	0.07861941959092328	0.07861941959092328	0.8427611608181536	
DNAJB2	0.05974756288484956	0.5849991952532795	0.355253241861871	
POC1B-AS1	0.11126336202259283	0.11126336202259283	0.7774732759548143	
FER	0.1124739924339555	0.1124739924339555	0.775052015132089	
RING1	0.6620108884824434	0.16899455575877825	0.16899455575877825	
TMUB2	0.670949677068534	0.16452516146573296	0.16452516146573296	
ZNF600	0.07837191652713418	0.9073751161129712	0.014252967359894666	
CCDC88A	0.8257154060445613	0.08714229697771943	0.08714229697771943	
MED26	0.021197976628655205	0.7905113804716916	0.18829064289965317	
OR2A1-AS1	0.040542026307177445	0.040542026307177445	0.9189159473856452	
MAIP1	0.13610429880138153	0.8329674962533697	0.030928204945248637	
MEF2D	0.06792625959327639	0.06792625959327639	0.8641474808134473	
DDX1	0.13576256107186185	0.8314371404719223	0.0328002984562158	
FOXK1	0.08805898689541153	0.08805898689541153	0.8238820262091769	
UBE2W	0.12185246595405455	0.12185246595405455	0.7562950680918908	
TP53	0.07285553106968339	0.44138344757323694	0.48576102135707977	
RAB14	0.07446199855573064	0.5970954807223409	0.3284425207219285	
ABCB10	0.11572140195827292	0.11572140195827292	0.7685571960834541	
AL355388.2	0.818832985378349	0.09058350731082551	0.09058350731082551	
SUZ12	0.1271536160863679	0.8539239955217742	0.018922388391857878	
METTL5	0.03492741586736455	0.7679322288991497	0.19714035523348566	
LRRC8C	0.07727127724730855	0.07727127724730855	0.8454574455053828	
FN3KRP	0.6921340056968043	0.1539329971515978	0.1539329971515978	
TNFRSF10B	0.08875805226510544	0.08875805226510544	0.8224838954697891	
MTA1	0.7167803685266861	0.1416098157366569	0.1416098157366569	
TRUB2	0.19894219845679365	0.7606326793850694	0.040425122158136935	
SLC29A2	0.011912042836308184	0.9006791812492707	0.08740877591442114	
FBXW7	0.1016066570175409	0.1016066570175409	0.7967866859649182	
TYSND1	0.1609688148729113	0.8064815750095069	0.03254961011758179	
ANKH	0.12777085909988536	0.12777085909988536	0.7444582818002293	
ATG14	0.11701637891549471	0.11701637891549471	0.7659672421690106	
ZNF557	0.1036224366858918	0.1036224366858918	0.7927551266282163	
AL353194.1	0.0669735370606231	0.0669735370606231	0.8660529258787538	
TRAPPC5	0.07184425601350007	0.07184425601350007	0.8563114879729998	
PELI2	0.09544655044456438	0.09544655044456438	0.8091068991108712	
AC010883.1	0.8529270801556983	0.07353645992215078	0.07353645992215078	
LINC01547	0.8226307249409338	0.08868463752953314	0.08868463752953314	
IQGAP3	0.117036751456653	0.8739356135853783	0.00902763495796878	
CSRNP1	0.8574545410571157	0.0712727294714421	0.0712727294714421	
INO80B	0.0895161565909285	0.0895161565909285	0.8209676868181429	
ZDHHC16	0.020036424766019845	0.8570459812958247	0.12291759393815557	
AC145285.6	0.08902205393928316	0.08902205393928316	0.8219558921214336	
USP43	0.014798506066754454	0.8817951548205327	0.10340633911271278	
LINC00847	0.7199410188321763	0.14002949058391181	0.14002949058391181	
AP000766.1	0.0932403529241584	0.0932403529241584	0.8135192941516832	
SLC10A7	0.052779614297108875	0.5895806581259014	0.3576397275769898	
COCH	0.08048955799459936	0.08048955799459936	0.8390208840108012	
TMEM139	0.011319063049084511	0.9182659795247686	0.07041495742614684	
AC008035.1	0.06313141122769335	0.06313141122769335	0.8737371775446133	
MED17	0.03715243227109202	0.7616317320957892	0.2012158356331187	
RRP9	0.10879385348212373	0.10879385348212373	0.7824122930357525	
FOXRED1	0.032661933864818575	0.8077233126450953	0.15961475349008605	
ZNF184	0.10393497703738437	0.10393497703738437	0.7921300459252312	
AC025159.1	0.11180960343624391	0.11180960343624391	0.7763807931275122	
ACTL6A	0.24667414750030983	0.7083296819347252	0.044996170564964855	
RAB4A	0.036829514176546056	0.7607963556131839	0.20237413021026995	
TDG	0.023793304484458502	0.860639878743884	0.1155668167716575	
AGMAT	0.7269906081885433	0.13650469590572836	0.13650469590572836	
MYRF	0.7637380275005453	0.1181309862497274	0.1181309862497274	
ZNF780A	0.7074344802300743	0.14628275988496287	0.14628275988496287	
SCOC	0.13437226680877715	0.832791167009613	0.0328365661816098	
KDM4A	0.13842356259076288	0.13842356259076288	0.7231528748184742	
FBXL13	0.07418156976257113	0.07418156976257113	0.8516368604748578	
SERHL2	0.03109502889115733	0.5649743757283188	0.40393059538052384	
MTRF1	0.04692655715794897	0.6629504256113053	0.29012301723074574	
TRPM7	0.03799249197057168	0.7376657794029372	0.22434172862649107	
AGBL5	0.20762779348483007	0.7472376499047838	0.045134556610386074	
MAML3	0.12601496003612245	0.12601496003612245	0.7479700799277551	
MRPL38	0.3174133820192521	0.6205121026471128	0.06207451533363505	
NR2C2AP	0.1311183120829819	0.8436996879520631	0.025181999964955053	
ATP6V1E1	0.03205809228008699	0.7977662614397976	0.17017564628011547	
SLC39A8	0.011241978839438341	0.9207958471249846	0.067962174035577	
UCA1	0.3614713828434935	0.6094417036647687	0.029086913491737802	
PLK2	0.017268390487458787	0.7200238791029047	0.2627077304096364	
TBL3	0.04646748002237102	0.7300196866169926	0.22351283336063643	
FMO4	0.7923434550380172	0.10382827248099147	0.10382827248099147	
EXOSC10	0.054092272046936195	0.703576866021244	0.2423308619318198	
FGFR1	0.528047046579377	0.4196736745007538	0.05227927891986908	
POP4	0.13657750543346886	0.13657750543346886	0.7268449891330623	
RNF103	0.03990365014540562	0.6160163780673135	0.344079971787281	
CHCHD7	0.6578998416329355	0.1710500791835322	0.1710500791835322	
NRL	0.7869279452881195	0.10653602735594032	0.10653602735594032	
TTLL4	0.030155415678808768	0.7574960812765995	0.21234850304459174	
TRIB1	0.05231619267234492	0.05231619267234492	0.8953676146553102	
COA6	0.08307506428037438	0.5111685585779586	0.4057563771416669	
WHRN	0.0732651297749362	0.0732651297749362	0.8534697404501277	
ENTPD1	0.04236662205597484	0.04236662205597484	0.9152667558880504	
CD52	0.07087983620344937	0.07087983620344937	0.8582403275931012	
CA13	0.7364059659424032	0.1317970170287985	0.1317970170287985	
SLC27A1	0.4242220579135711	0.5148401833633948	0.06093775872303405	
BABAM1	0.028504662337363446	0.8224830731437263	0.14901226451891034	
IPO4	0.06209144204563046	0.38185243614802655	0.556056121806343	
YWHAQ	0.12207571646942139	0.12207571646942139	0.7558485670611572	
POPDC2	0.8361469485093848	0.08192652574530766	0.08192652574530766	
HDAC3	0.04313218129171166	0.7573407929392384	0.19952702576904996	
AL354920.1	0.8182819598282839	0.09085902008585812	0.09085902008585812	
TMEM41B	0.020250514317273035	0.8781625712749344	0.10158691440779268	
MMP11	0.07184646582647862	0.9190539897208397	0.009099544452681583	
SDR42E2	0.8207102124066383	0.08964489379668086	0.08964489379668086	
AC025682.1	0.08991390629557197	0.08991390629557197	0.820172187408856	
ING2	0.013127117258416426	0.9182693275446401	0.06860355519694357	
SLC30A6	0.12379110452647259	0.8483055632219116	0.027903332251615644	
ARID2	0.0888741304321058	0.44792902580933736	0.46319684375855685	
NABP2	0.6817504190244831	0.15912479048775843	0.15912479048775843	
TTLL11	0.7503541050287443	0.12482294748562792	0.12482294748562792	
HNRNPA1L2	0.8071199345056825	0.09644003274715877	0.09644003274715877	
AP001437.1	0.05891413667336591	0.05891413667336591	0.8821717266532683	
ITGB5	0.11775300914826439	0.11775300914826439	0.7644939817034712	
LRRC37A2	0.0948808405908994	0.0948808405908994	0.8102383188182012	
LXN	0.09229526277053166	0.09229526277053166	0.8154094744589366	
CENPL	0.10422502236079355	0.8817472239607208	0.014027753678485667	
RBBP7	0.1261140212773325	0.8480545495299844	0.025831429192683136	
DYNC1I2	0.6845361681678799	0.15773191591606003	0.15773191591606003	
DENR	0.03340572016011772	0.7946547784550672	0.17193950138481512	
L1TD1	0.008654246983166866	0.8740789452998534	0.11726680771697963	
PXN-AS1	0.23257943669923736	0.7204538902164765	0.04696667308428606	
PYCR3	0.10043825950231175	0.10043825950231175	0.7991234809953764	
TCEANC2	0.0631092527596408	0.516423464342626	0.42046728289773316	
RPRD1B	0.20972329060038775	0.7412923033112847	0.04898440608832745	
SBF2	0.6621317428089585	0.1689341285955207	0.1689341285955207	
DOLPP1	0.017592946919952245	0.8751086531297042	0.1072983999503436	
LTBP4	0.1481312494997421	0.1481312494997421	0.7037375010005158	
CLASRP	0.04165196775441019	0.7486612432909338	0.209686788954656	
GPRIN3	0.7456452357341943	0.12717738213290286	0.12717738213290286	
E2F7	0.009053132890640676	0.8353802487212828	0.1555666183880765	
CATSPERG	0.05786609151972986	0.05786609151972986	0.8842678169605404	
ATG9A	0.15117080725314438	0.8269318735393834	0.021897319207472152	
RNF185	0.12922716235002446	0.8434960787642677	0.02727675888570781	
SNHG15	0.1331165249078178	0.1331165249078178	0.7337669501843643	
CLIC3	0.009058913851183972	0.9030309192212004	0.08791016692761566	
AC107068.1	0.013850172252349833	0.8255852302249699	0.16056459752268024	
KLHDC10	0.12389770847118002	0.12389770847118002	0.75220458305764	
AC090515.2	0.012698986792787208	0.8482683757453232	0.1390326374618896	
MED4	0.02638751454933087	0.8517626995041468	0.12184978594652224	
TMPO	0.15902215101180506	0.8143729601200009	0.02660488886819411	
CHAMP1	0.02532290136506553	0.7917800271122368	0.18289707152269755	
SKIV2L	0.13061704833116955	0.13061704833116955	0.7387659033376609	
ZNF865	0.10354460907073769	0.10354460907073769	0.7929107818585246	
GOLM1	0.13797772571006311	0.13797772571006311	0.7240445485798738	
RAB11FIP2	0.7560838991836202	0.12195805040818997	0.12195805040818997	
NUP205	0.0402058545976821	0.6841193648967373	0.2756747805055806	
EMC7	0.6795665228583238	0.1602167385708381	0.1602167385708381	
POLR2A	0.0933505352616969	0.0933505352616969	0.8132989294766062	
CD46	0.0927715528515384	0.8868145638992836	0.020413883249177953	
GABRB3	0.8315992058444709	0.0842003970777646	0.0842003970777646	
SERBP1	0.5122533711820001	0.3835291270357959	0.10421750178220418	
UTP20	0.07932014230139955	0.07932014230139955	0.8413597153972009	
AC016065.1	0.13338554850443488	0.8385445606071701	0.028069890888394913	
FAM98B	0.13291130712304985	0.8443975718756662	0.022691121001283985	
STAC3	0.08307608507554347	0.08307608507554347	0.833847829848913	
ETNK1	0.7835139544907286	0.10824302275463576	0.10824302275463576	
XRN2	0.12393028833886115	0.12393028833886115	0.7521394233222778	
NDUFAF5	0.6663676776677859	0.166816161166107	0.166816161166107	
EBAG9	0.0755606663403289	0.5266922921406966	0.3977470415189746	
MMAB	0.06759261368865038	0.516342960418483	0.4160644258928666	
MYC	0.14101019114034688	0.14101019114034688	0.7179796177193062	
ZNF524	0.13245748024967494	0.13245748024967494	0.7350850395006501	
R3HCC1L	0.03126783988639731	0.8037317261985909	0.16500043391501176	
DCUN1D1	0.6986986559300908	0.15065067203495458	0.15065067203495458	
ZNF654	0.1324319492169465	0.1324319492169465	0.735136101566107	
SCN1B	0.8519233970510411	0.07403830147447935	0.07403830147447935	
MFSD11	0.023320507035491107	0.8497186074233689	0.12696088554114	
AC092910.3	0.0224955413980882	0.7674029651715824	0.21010149343032936	
FAM89A	0.4307545841936777	0.5227494349509861	0.04649598085533618	
MAPK3	0.034519363600860394	0.7310191140011575	0.23446152239798196	
SLC35C2	0.026645382067739677	0.8399604287379624	0.1333941891942979	
TYW1	0.12177999724204676	0.24675453980368303	0.6314654629542703	
AL117332.1	0.7764499461590689	0.11177502692046562	0.11177502692046562	
GOLPH3L	0.5520766192815557	0.3083969524105642	0.13952642830788015	
RAB3IP	0.08777136498130696	0.8868235142156334	0.025405120803059643	
METTL2A	0.05027945054128442	0.6848548606049447	0.2648656888537709	
RUSC1-AS1	0.09153734039815337	0.09153734039815337	0.8169253192036933	
ATP2B1	0.1579939392187298	0.1579939392187298	0.6840121215625403	
TTC22	0.08343436747683389	0.08343436747683389	0.8331312650463322	
GTPBP4	0.033582467183399814	0.7551827308478286	0.21123480196877165	
UBTD1	0.7948903425783853	0.10255482871080743	0.10255482871080743	
TOR1AIP2	0.015910877528052054	0.8801813044572111	0.10390781801473678	
CDKN2AIPNL	0.17016367738863433	0.7898235216176989	0.04001280099366674	
BCCIP	0.12560316992527462	0.12560316992527462	0.7487936601494507	
ANKRD16	0.09627701615350946	0.09627701615350946	0.807445967692981	
SHPK	0.04886507149982599	0.5552400353401922	0.3958948931599819	
MORC3	0.03534094481821042	0.7747047923074464	0.18995426287434328	
PDS5A	0.02765727451861445	0.8010996760940693	0.1712430493873163	
CCSER2	0.12627949382563838	0.12627949382563838	0.7474410123487232	
CNOT1	0.0402616152832247	0.7489093647559922	0.21082901996078304	
MTDH	0.13780327911469464	0.13780327911469464	0.7243934417706108	
AC012467.2	0.8024096127965287	0.09879519360173573	0.09879519360173573	
TRMT61A	0.7204349885284702	0.1397825057357649	0.1397825057357649	
MAPKBP1	0.1710176128917501	0.7952228863647537	0.03375950074349625	
DYNLL2	0.023079639580212186	0.8426574645725727	0.13426289584721507	
CD83	0.8044437533833412	0.09777812330832947	0.09777812330832947	
RXYLT1	0.2277249625134328	0.7236771845919867	0.048597852894580365	
PCED1A	0.6663548799408311	0.1668225600295844	0.1668225600295844	
RRP8	0.6846572581303227	0.15767137093483868	0.15767137093483868	
RGS1	0.865933603901979	0.06703319804901042	0.06703319804901042	
CCNH	0.6677336469390137	0.16613317653049314	0.16613317653049314	
NIPAL1	0.0099534328763732	0.9303366704036696	0.0597098967199572	
LY6G6C	0.0082305601903353	0.8312865792238652	0.16048286058579944	
PHF12	0.12078486682599898	0.12078486682599898	0.758430266348002	
GPCPD1	0.7476092692988243	0.12619536535058792	0.12619536535058792	
PPM1D	0.4203363159388393	0.495653878268474	0.08400980579268667	
ALKBH5	0.12023337762710135	0.12023337762710135	0.7595332447457973	
IFI27L1	0.7374244027999717	0.1312877986000142	0.1312877986000142	
PSIP1	0.7449866230224454	0.12750668848877736	0.12750668848877736	
SBSPON	0.04707385381136069	0.04707385381136069	0.9058522923772787	
NUDCD1	0.7454983854153232	0.12725080729233842	0.12725080729233842	
R3HCC1	0.6665341135368648	0.1667329432315676	0.1667329432315676	
SPAG9	0.058840575586315384	0.5130964252006427	0.4280629992130419	
FAM217B	0.6697485709480333	0.1957509658680081	0.13450046318395864	
C1orf43	0.6852889086496068	0.15735554567519663	0.15735554567519663	
POMGNT1	0.36385583521612747	0.5685811880851097	0.06756297669876267	
PAM16	0.2585947893491953	0.6955843201540848	0.04582089049671993	
MARVELD3	0.08312699662860483	0.9017596131139892	0.015113390257405912	
ABCF1	0.09087856979710167	0.8873149227895977	0.02180650741330061	
NAPB	0.04728376212879606	0.6575951645933444	0.29512107327785947	
AHCY	0.6751082147202142	0.16244589263989284	0.16244589263989284	
HSF1	0.09943183554121657	0.40603280891020516	0.49453535554857836	
CTC1	0.043592429029521505	0.6863685312258011	0.2700390397446773	
BCL10	0.11073364783111907	0.11073364783111907	0.7785327043377619	
BGLAP	0.8108808074980409	0.09455959625097961	0.09455959625097961	
KCNMB3	0.09460306342174413	0.09460306342174413	0.8107938731565117	
AL513548.1	0.7846378280645833	0.10768108596770842	0.10768108596770842	
PRKCSH	0.1171660959549831	0.8533493369283103	0.02948456711670653	
ALKBH3	0.7300824573718552	0.13495877131407247	0.13495877131407247	
TTN-AS1	0.7292767239361799	0.13536163803191006	0.13536163803191006	
MITD1	0.6640673290828938	0.16796633545855308	0.16796633545855308	
HERPUD1	0.7933902924988611	0.10330485375056953	0.10330485375056953	
NEK11	0.6979556310415019	0.151022184479249	0.151022184479249	
ZNF852	0.11369013494435128	0.11369013494435128	0.7726197301112974	
THAP6	0.6545568014610598	0.1727215992694701	0.1727215992694701	
RGP1	0.4979419269472524	0.3726928839170914	0.12936518913565623	
AC016876.1	0.3761041140160334	0.543343387728027	0.08055249825593971	
PBLD	0.7306845011995633	0.1346577494002184	0.1346577494002184	
RNF20	0.13794125537452956	0.13794125537452956	0.7241174892509409	
TTC39A	0.11539893162430252	0.11539893162430252	0.7692021367513949	
SPRY2	0.6949797589963285	0.15251012050183577	0.15251012050183577	
WDTC1	0.11095975939611691	0.11095975939611691	0.7780804812077662	
ALG5	0.7206386619133471	0.13968066904332643	0.13968066904332643	
LUC7L	0.6702521029204418	0.16487394853977907	0.16487394853977907	
S1PR2	0.017037475918820266	0.7701065823001088	0.2128559417810709	
TPM1-AS	0.023530422186184723	0.7831271709273724	0.1933424068864429	
PCM1	0.14027824079485457	0.14027824079485457	0.7194435184102909	
TMEM159	0.6991514911474856	0.15042425442625715	0.15042425442625715	
AC080013.1	0.07265828783006809	0.07265828783006809	0.8546834243398639	
IQCH-AS1	0.08464265220870824	0.4152167296802922	0.5001406181109995	
CBWD5	0.19891259034267256	0.7670614698557502	0.034025939801577136	
RAI14	0.01687111680960286	0.8592106717261331	0.12391821146426402	
HCG11	0.7605032431364007	0.11974837843179968	0.11974837843179968	
DIAPH3	0.09752834793589618	0.8930855295489846	0.009386122515119187	
RPL18A	0.14335090098544045	0.8203934551127804	0.03625564390177901	
FAM168A	0.12758310862189118	0.12758310862189118	0.7448337827562177	
DPP10-AS1	0.009230443076347057	0.9322747507110527	0.05849480621260026	
KAT6A	0.10405325748354503	0.39200471934015263	0.5039420231763024	
PPM1B	0.15341178811189504	0.15341178811189504	0.69317642377621	
LAMC2	0.04896423273719482	0.327424037658774	0.6236117296040313	
TRMU	0.05835125815303227	0.6160276272854769	0.32562111456149095	
STAT4	0.07257703881099069	0.07257703881099069	0.8548459223780187	
CPNE1	0.13990884255786148	0.8239027595243847	0.03618839791775366	
COMMD4	0.680813837479728	0.15959308126013597	0.15959308126013597	
ZNF708	0.7212159297519029	0.13939203512404855	0.13939203512404855	
ITPRIP	0.14080362576506644	0.8391020756223495	0.020094298612584084	
NEIL1	0.15239994246623464	0.15239994246623464	0.6952001150675307	
ABHD14B	0.12056011930466938	0.12056011930466938	0.7588797613906612	
GPR183	0.866306039630506	0.06684698018474693	0.06684698018474693	
DDX47	0.24879206780262472	0.7208413664972138	0.030366565700161583	
EVI5	0.1250011736413197	0.8412906238102132	0.03370820254846701	
HLA-DRB5	0.05568179825579699	0.05568179825579699	0.8886364034884061	
RASSF1-AS1	0.07068779504488423	0.07068779504488423	0.8586244099102315	
NBPF11	0.11324592210624693	0.8641402400751689	0.022613837818584157	
FOXJ2	0.14105469057227432	0.14105469057227432	0.7178906188554514	
RPL8	0.2033136460310896	0.745922569677473	0.05076378429143736	
LPXN	0.11954427771257294	0.11954427771257294	0.760911444574854	
PA2G4	0.04584676730874138	0.6301280275911514	0.3240252051001072	
VMA21	0.14120308455890213	0.14120308455890213	0.7175938308821957	
UBE4A	0.1527543677985271	0.1527543677985271	0.6944912644029457	
SYNRG	0.1557757823395816	0.1557757823395816	0.6884484353208369	
MED11	0.6859702065603936	0.15701489671980315	0.15701489671980315	
THOC1	0.40986940417261875	0.5018043257723718	0.0883262700550095	
ATP6V0B	0.14691634364072614	0.14691634364072614	0.7061673127185478	
ARFGAP2	0.03621771550392229	0.8164899258171627	0.14729235867891488	
TM6SF2	0.8617246473660874	0.06913767631695619	0.06913767631695619	
ZNF317	0.13045329844659104	0.13045329844659104	0.7390934031068179	
BYSL	0.46159701060568276	0.444187538636862	0.09421545075745533	
GTF3C2	0.03595740413996497	0.8089681400810926	0.15507445577894238	
DDT	0.13623276278568175	0.13623276278568175	0.7275344744286365	
AC027097.1	0.07867558973785123	0.07867558973785123	0.8426488205242976	
CXCL3	0.07234986636537202	0.07234986636537202	0.855300267269256	
AP002026.1	0.30648173256202976	0.6491932800790824	0.044324987358887846	
TBC1D31	0.11138098708025981	0.11138098708025981	0.7772380258394803	
GPR35	0.10852265805322611	0.10852265805322611	0.7829546838935477	
DLG4	0.06480056294991357	0.06480056294991357	0.8703988741001729	
ZBTB14	0.7109923706333414	0.14450381468332935	0.14450381468332935	
PARD3	0.02152627667005372	0.8883529845857778	0.09012073874416848	
EGLN2	0.7934699179036209	0.10326504104818962	0.10326504104818962	
CDIPT	0.03183569540665007	0.7926544860525351	0.17550981854081485	
ADAM8	0.7776119574961993	0.11119402125190041	0.11119402125190041	
BCAT2	0.028306793047689453	0.805315502143168	0.1663777048091424	
RPA3	0.25569206632178476	0.6824842953709225	0.06182363830729282	
ZNF37A	0.1152449345243785	0.1152449345243785	0.769510130951243	
PODXL	0.0826957278160666	0.0826957278160666	0.8346085443678668	
OTUB1	0.14858552339073025	0.816321330366849	0.03509314624242087	
TMEM106C	0.14281528118518252	0.8240365265248398	0.033148192289977715	
GATB	0.31604257221264526	0.6138167253087203	0.07014070247863433	
TRMT10C	0.027023299664858887	0.7740159537374092	0.1989607465977319	
PTGER2	0.8116192929782023	0.0941903535108989	0.0941903535108989	
COL16A1	0.10216880197108454	0.10216880197108454	0.7956623960578308	
AL121944.1	0.014357869396729004	0.8426454624173344	0.1429966681859365	
XDH	0.07949382830050725	0.9074686489396434	0.013037522759849322	
REPIN1	0.7097499339120992	0.14512503304395039	0.14512503304395039	
TMEM179B	0.22358336637048495	0.7257808283378424	0.05063580529167268	
GPX3	0.4248025634478695	0.5270470508509016	0.048150385701228864	
BMF	0.0776695940079042	0.0776695940079042	0.8446608119841916	
AC139887.4	0.08079925576591744	0.08079925576591744	0.8384014884681651	
AC090912.1	0.8046509329944096	0.09767453350279526	0.09767453350279526	
TAF5	0.11192586235848184	0.8623255361598713	0.025748601481646795	
ABCA6	0.06040686642207783	0.06040686642207783	0.8791862671558444	
RBM3	0.023385790440469418	0.7899196574472485	0.18669455211228214	
CACYBP	0.22939968444976488	0.737143347369165	0.033456968181069996	
AC099850.1	0.7664493212062559	0.11677533939687212	0.11677533939687212	
PLD1	0.6657233088108766	0.1671383455945617	0.1671383455945617	
C5orf51	0.3846281828972375	0.5348861553824584	0.08048566172030414	
TPGS1	0.13083281626323548	0.13083281626323548	0.7383343674735291	
PLXNB1	0.04201009513467661	0.7251458683071018	0.23284403655822167	
PRPF40A	0.2127403886877052	0.7325482660752287	0.054711345237066084	
ZNF470	0.7936237964370354	0.10318810178148238	0.10318810178148238	
TRAPPC11	0.14769971740870236	0.14769971740870236	0.7046005651825953	
ENOX2	0.12627479577599157	0.12627479577599157	0.7474504084480169	
DAZAP2	0.669454946912047	0.16527252654397648	0.16527252654397648	
SART1	0.07866174520551329	0.5998564341165095	0.3214818206779773	
ATP11B	0.14395124676458948	0.14395124676458948	0.712097506470821	
BCL6	0.0879253382352297	0.0879253382352297	0.8241493235295406	
ITFG1	0.0606052644132097	0.6130130349196475	0.3263817006671428	
POLDIP3	0.12146106652884439	0.8507875183282997	0.027751415142855982	
SDHAF1	0.13230261055801898	0.8388412040822606	0.02885618535972042	
ZNF587	0.02582366646496531	0.815519085137312	0.15865724839772274	
FEM1C	0.10666427269070805	0.10666427269070805	0.7866714546185839	
NSMCE1	0.7348862613476133	0.13255686932619343	0.13255686932619343	
FAM207A	0.6679930270367673	0.16600348648161634	0.16600348648161634	
RNF32	0.739137991483845	0.1304310042580776	0.1304310042580776	
SEC63	0.08126598302769378	0.5207502323354801	0.39798378463682604	
GDAP2	0.06665603189140096	0.6141625153769454	0.3191814527316537	
TAS2R4	0.09560873323771338	0.15441594600223	0.7499753207600567	
CDKL2	0.7745424788554113	0.11272876057229445	0.11272876057229445	
AGPS	0.6633857657041436	0.16830711714792812	0.16830711714792812	
FBRS	0.7288188924296417	0.13559055378517923	0.13559055378517923	
TOR1A	0.04514257971928107	0.7273152038305191	0.2275422164501998	
METTL7B	0.7702613525388239	0.11486932373058814	0.11486932373058814	
ZC3H10	0.13400998382184354	0.13400998382184354	0.731980032356313	
GAR1	0.13447228115917914	0.8375352435303994	0.027992475310421445	
HNRNPM	0.046184037652815764	0.7132454541410633	0.24057050820612086	
GDPD1	0.012031380810147789	0.9079462140361445	0.08002240515370768	
THOC7	0.08121304919805944	0.8993060414623684	0.01948090933957215	
CDC7	0.7784204975143149	0.11078975124284264	0.11078975124284264	
FHIT	0.39245390956549864	0.5107566398629917	0.09678945057150973	
LSM5	0.26428429357467864	0.6791089487373089	0.056606757688012495	
CIC	0.10946970243266274	0.10946970243266274	0.7810605951346745	
MOV10	0.6939848971504695	0.15300755142476524	0.15300755142476524	
FAM210B	0.13877309214393707	0.13877309214393707	0.7224538157121259	
AC093462.1	0.011369631651292879	0.9039499566244907	0.08468041172421648	
RAPGEF2	0.09591617139453511	0.880750221824257	0.023333606781207945	
DHX30	0.15944952178408608	0.15944952178408608	0.6811009564318279	
DOHH	0.07128093418511508	0.5834690150504392	0.3452500507644456	
ANKRD39	0.08140730665563777	0.4937622975577158	0.42483039578664644	
PAN2	0.1504380283965303	0.1504380283965303	0.6991239432069395	
ASGR1	0.875569829468255	0.06221508526587246	0.06221508526587246	
MORC2	0.11729456747111965	0.8579386515255631	0.024766781003317084	
FANCD2	0.015618777804223159	0.8391648740454098	0.14521634815036688	
GXYLT1	0.10539142133957963	0.8675295836754352	0.02707899498498514	
GTF2I	0.11073304001413187	0.858891568948314	0.030375391037554243	
NDUFB5	0.6769928981805879	0.161503550909706	0.161503550909706	
AC083843.3	0.015037289776949814	0.8419994507045527	0.14296325951849742	
CEACAM19	0.7136535437045085	0.14317322814774575	0.14317322814774575	
CAD	0.7434954297135116	0.1282522851432443	0.1282522851432443	
AC144831.1	0.04857730193425781	0.04857730193425781	0.9028453961314844	
IL1B	0.8277954698217987	0.08610226508910067	0.08610226508910067	
UTP4	0.6917596295637515	0.15412018521812432	0.15412018521812432	
MASTL	0.084805019173529	0.89711670922259	0.018078271603880907	
C6orf120	0.042829933326243956	0.7846472294698513	0.1725228372039046	
AC005899.8	0.06862058725666306	0.06862058725666306	0.8627588254866739	
SMOC1	0.22524701077758016	0.7540168412290454	0.02073614799337438	
AC026401.3	0.10080257630739745	0.10080257630739745	0.798394847385205	
INTS7	0.21733283775141182	0.7311627223498047	0.05150443989878337	
GAPVD1	0.037018939064946715	0.802517952059467	0.1604631088755863	
BOLA2B	0.737771034688492	0.131114482655754	0.131114482655754	
SNU13	0.2361411388592853	0.7087131967275256	0.055145664413188994	
PIGS	0.501849881676676	0.3609374926519671	0.13721262567135695	
IFT81	0.7092232568180064	0.14538837159099682	0.14538837159099682	
ROM1	0.0921507020552432	0.0921507020552432	0.8156985958895135	
LSM8	0.34695303993256793	0.566656750895515	0.08639020917191702	
AVL9	0.22711194861646136	0.7032607192166083	0.06962733216693033	
B3GLCT	0.13288032846587727	0.13288032846587727	0.7342393430682455	
GPATCH3	0.12155451137464722	0.8507671598027264	0.027678328822626375	
PDE2A	0.8423956798414607	0.07880216007926973	0.07880216007926973	
PHTF2	0.7214507872706845	0.13927460636465774	0.13927460636465774	
RAI2	0.10597600157698156	0.10597600157698156	0.7880479968460369	
SCNM1	0.1549752553278679	0.1549752553278679	0.6900494893442641	
AC084824.5	0.07588208518588399	0.07588208518588399	0.848235829628232	
TMEM147	0.12437556457807958	0.12437556457807958	0.7512488708438408	
NCF1	0.0841194304088684	0.0841194304088684	0.8317611391822631	
SSBP1	0.2270467406727833	0.7182095757652053	0.05474368356201142	
SEPSECS	0.6827368535700784	0.15863157321496085	0.15863157321496085	
ZNF311	0.7653062587177241	0.11734687064113802	0.11734687064113802	
FAM241A	0.7457522484163325	0.12712387579183382	0.12712387579183382	
MIR200CHG	0.012223528132604458	0.8892970282189268	0.09847944364846876	
LINC01572	0.14822929045861774	0.8284108987007236	0.023359810840658624	
UBE2N	0.244817001363665	0.6937112501126045	0.06147174852373047	
WARS	0.11488799973401599	0.11488799973401599	0.7702240005319679	
OAF	0.6995476546206827	0.15022617268965863	0.15022617268965863	
RSAD1	0.6749564110730846	0.16252179446345769	0.16252179446345769	
PPP2R5D	0.6801516307153295	0.15992418464233527	0.15992418464233527	
ITPA	0.13074157147273233	0.13074157147273233	0.7385168570545353	
NUDT12	0.12399402850322205	0.12399402850322205	0.7520119429935559	
F8	0.07093690704248458	0.07093690704248458	0.8581261859150308	
TMEM202-AS1	0.7678701875193945	0.11606490624030283	0.11606490624030283	
CCS	0.15743110533286347	0.15743110533286347	0.685137789334273	
AC106897.1	0.7939283055189491	0.1030358472405255	0.1030358472405255	
ATP5ME	0.7196851719053153	0.1401574140473423	0.1401574140473423	
TNS3	0.015646803193644518	0.9022920436099842	0.08206115319637132	
PRPSAP1	0.06318135806710928	0.6764438323389471	0.2603748095939436	
MGA	0.19637785125620674	0.7595248556516125	0.044097293092180745	
ENSA	0.02365984793003389	0.8695428743773466	0.10679727769261944	
CNTD2	0.7832921128116171	0.10835394359419147	0.10835394359419147	
LAMB3	0.7677508498682755	0.11612457506586231	0.11612457506586231	
STARD4-AS1	0.06083852659020933	0.06083852659020933	0.8783229468195815	
MIA2	0.14638585504230406	0.14638585504230406	0.707228289915392	
RFNG	0.675689656238719	0.16215517188064046	0.16215517188064046	
NUMA1	0.6362930591153466	0.18185347044232664	0.18185347044232664	
AMIGO1	0.8173330642068901	0.091333467896555	0.091333467896555	
DCTN5	0.08175005875825304	0.5694727478407792	0.3487771934009679	
MAN1A1	0.6928720436796929	0.1535639781601536	0.1535639781601536	
ALKBH7	0.13163237280720122	0.13163237280720122	0.7367352543855975	
AP1S1	0.027330269434813207	0.8254603026070277	0.14720942795815897	
DNLZ	0.7375923189593029	0.13120384052034856	0.13120384052034856	
TCP1	0.18554087347919956	0.7724350959528072	0.04202403056799318	
ACCS	0.7223722352146917	0.13881388239265416	0.13881388239265416	
AC010491.1	0.02600061937182503	0.6855912625914241	0.2884081180367508	
NRIP1	0.09914514274610532	0.8820511055139091	0.018803751739985577	
ZNF689	0.7162832464067749	0.14185837679661253	0.14185837679661253	
IREB2	0.6307376640387149	0.18463116798064252	0.18463116798064252	
RRP12	0.12352804438784573	0.12352804438784573	0.7529439112243085	
EFCAB13	0.7672754002913031	0.1163622998543485	0.1163622998543485	
AL139393.2	0.08894036384202333	0.08894036384202333	0.8221192723159533	
PSMD7	0.09972571740116078	0.8753109275531488	0.024963355045690395	
CNOT10	0.05713487509571753	0.6596231955261963	0.2832419293780862	
THUMPD1	0.498585789406397	0.37319624080217284	0.12821796979143027	
PRSS22	0.012694943367323496	0.858990276946242	0.12831477968643445	
POU5F2	0.7363604399681194	0.13181978001594033	0.13181978001594033	
IQCD	0.08193207053767819	0.08193207053767819	0.8361358589246436	
RABGAP1	0.15512824502957212	0.8030343409250748	0.04183741404535309	
TXNRD2	0.16522219663036458	0.7903032468295431	0.04447455654009225	
MAP1LC3A	0.14973029211822173	0.14973029211822173	0.7005394157635565	
TMEM208	0.06069658535481817	0.6571103257715349	0.28219308887364697	
SURF4	0.07309791571149099	0.9055690318343962	0.021333052454112707	
AKNA	0.12326904931266386	0.12326904931266386	0.7534619013746723	
FAM149A	0.7084859066923609	0.14575704665381953	0.14575704665381953	
PSMC1	0.11712636408958332	0.8487462699684852	0.03412736594193153	
ZNF358	0.1421172055275466	0.1421172055275466	0.7157655889449067	
MXI1	0.11130824818522937	0.11130824818522937	0.7773835036295412	
ANKRD40	0.13761911138066404	0.13761911138066404	0.7247617772386719	
CHMP5	0.07243232483940634	0.42617755071299745	0.5013901244475962	
DIO3OS	0.8590317935586302	0.07048410322068485	0.07048410322068485	
KIAA1191	0.16093685018846712	0.16093685018846712	0.6781262996230657	
LIMD2	0.7508671144242668	0.12456644278786663	0.12456644278786663	
ULK1	0.11471290756117729	0.11471290756117729	0.7705741848776454	
TNFRSF25	0.14125654504567767	0.14125654504567767	0.7174869099086447	
LSR	0.023207610271660798	0.792729783240816	0.18406260648752312	
AC008771.1	0.21080678308032377	0.7467272409671016	0.042465975952574536	
C6orf62	0.12857826205005432	0.12857826205005432	0.7428434758998914	
DNAJC9	0.26593094015542834	0.681994747613517	0.052074312231054624	
ZMYM2	0.13554185528092585	0.13554185528092585	0.7289162894381482	
METAP1D	0.7123972393357697	0.14380138033211515	0.14380138033211515	
PSMF1	0.6686984964280929	0.16565075178595354	0.16565075178595354	
MIR22HG	0.027408118992167916	0.5839377133298891	0.3886541676779429	
MAFTRR	0.8219329324254103	0.0890335337872949	0.0890335337872949	
TAC3	0.07240380231866364	0.9185021173119116	0.009094080369424867	
PSMA6	0.13012661521837102	0.8407016082687968	0.02917177651283208	
TENT2	0.16762139090938524	0.16762139090938524	0.6647572181812296	
HAT1	0.3438965364279057	0.567632742601299	0.08847072097079528	
DAD1	0.6584487205081143	0.17077563974594281	0.17077563974594281	
PARK7	0.7007788869666078	0.1496105565166961	0.1496105565166961	
NFE2L2	0.6977445274996572	0.15112773625017145	0.15112773625017145	
TAF3	0.1815404907375222	0.7653583813402841	0.05310112792219371	
FGFR1OP2	0.15427628106284455	0.15427628106284455	0.691447437874311	
RRAGA	0.6444339283328917	0.17778303583355415	0.17778303583355415	
ZBTB33	0.02453495373086013	0.8418510860133555	0.13361396025578431	
NT5C3B	0.34109045136188454	0.5833802902614182	0.0755292583766972	
GBP1	0.7249517024115093	0.13752414879424538	0.13752414879424538	
AP001107.9	0.11261757687089978	0.11261757687089978	0.7747648462582004	
C8orf76	0.22141794457490876	0.7189288284512957	0.05965322697379552	
COP1	0.1739479895119143	0.1739479895119143	0.6521040209761714	
SUCLG2-AS1	0.75821799286592	0.1208910035670401	0.1208910035670401	
NOTCH4	0.09580629132333225	0.09580629132333225	0.8083874173533355	
DOLK	0.028224795006937947	0.7643816241215751	0.2073935808714871	
UTP6	0.10567084053159866	0.8634416871509349	0.030887472317466427	
TTC37	0.05048653478378363	0.7027054517128251	0.24680801350339132	
ZNF644	0.1384070435894064	0.1384070435894064	0.7231859128211872	
ANKRD36B	0.6920227748435921	0.15398861257820393	0.15398861257820393	
GPR108	0.13140443706863617	0.13140443706863617	0.7371911258627276	
CTNNAL1	0.3124514558740596	0.6272507652870668	0.060297778838873564	
SF3B2	0.034039837768414516	0.8149768516073804	0.15098331062420503	
ELMO1	0.8561854769233522	0.0719072615383238	0.0719072615383238	
THAP9-AS1	0.02772725307617092	0.8117520382768741	0.16052070864695495	
SELENOT	0.14829707867834585	0.8085149128613093	0.043188008460344825	
REPS1	0.027266091615574452	0.8660711638406539	0.1066627445437717	
FKBP8	0.04121141773300895	0.719526838217319	0.23926174404967207	
SKAP1	0.09981202623554827	0.09981202623554827	0.8003759475289034	
ITGA1	0.11093024485131302	0.11093024485131302	0.7781395102973739	
ID3	0.039180049201543304	0.5471295185461786	0.41369043225227803	
CPEB2	0.734223831333059	0.13288808433347055	0.13288808433347055	
PLEKHG5	0.12371230750475894	0.12371230750475894	0.7525753849904822	
TSC22D1-AS1	0.1150047358230791	0.1150047358230791	0.7699905283538417	
TWISTNB	0.7148264462043981	0.142586776897801	0.142586776897801	
KIF1BP	0.15332099000971386	0.15332099000971386	0.6933580199805723	
THAP2	0.7300440655671018	0.1349779672164492	0.1349779672164492	
KIAA1549	0.015628302321207634	0.8513383647381495	0.13303333294064285	
ZNF688	0.6998420500959349	0.15007897495203257	0.15007897495203257	
CRTC3	0.17026832797277378	0.7867184880732272	0.04301318395399889	
MAP1LC3B2	0.08655718093022306	0.08655718093022306	0.8268856381395538	
OCEL1	0.021760578760995786	0.852264243718261	0.12597517752074322	
PRR12	0.13193294059689237	0.13193294059689237	0.7361341188062152	
LARGE2	0.08755523154635388	0.8991533943563901	0.013291374097255998	
STT3B	0.07427248379995205	0.9074990662311009	0.018228449968947145	
HLCS	0.030029055138652876	0.8028319567826347	0.16713898807871233	
ACO1	0.23307757403940088	0.7130935410268553	0.05382888493374384	
TCEA1	0.06050185838742253	0.6360979581338387	0.30340018347873865	
TCF7L2	0.019494781198841692	0.8735909321375118	0.10691428666364637	
DIDO1	0.12390552390147673	0.3910875873289443	0.485006888769579	
AL451050.2	0.009066141695595751	0.9156803112551709	0.07525354704923347	
CCND1	0.12596103574196899	0.12596103574196899	0.7480779285160619	
ATP2C1	0.14808897613861205	0.14808897613861205	0.7038220477227759	
RGS14	0.11585196105072737	0.11585196105072737	0.7682960778985453	
FAM91A1	0.13289165021084567	0.13289165021084567	0.7342166995783087	
SLC17A8	0.008741200367538917	0.8828612371214306	0.1083975625110306	
ADAM32	0.09295854089327645	0.09295854089327645	0.814082918213447	
RHOB	0.8393198742747302	0.08034006286263491	0.08034006286263491	
RCBTB1	0.7233085345250041	0.13834573273749798	0.13834573273749798	
LRRC75B	0.7127064350829887	0.1436467824585057	0.1436467824585057	
SNAPC2	0.14455546631012436	0.14455546631012436	0.7108890673797512	
PEX5	0.12256916864387084	0.12256916864387084	0.7548616627122583	
LINC01873	0.01118464261625182	0.8304462635454553	0.1583690938382929	
ZNF496	0.7256205592282015	0.1371897203858993	0.1371897203858993	
EFHC1	0.11722314565222933	0.11722314565222933	0.7655537086955413	
GRK4	0.10750209420025329	0.10750209420025329	0.7849958115994934	
SEM1	0.06581796575142093	0.9153951239080386	0.01878691034054054	
FBXO11	0.6691734297293269	0.1654132851353365	0.1654132851353365	
BRCA1	0.020022727903771187	0.7576529728638131	0.2223242992324158	
MYPOP	0.03854733096412717	0.661174382205761	0.3002782868301119	
HSD17B12	0.15393460099920186	0.15393460099920186	0.6921307980015963	
RAD50	0.03303719329138353	0.7392687892317932	0.22769401747682322	
RBBP4	0.31363221622754484	0.6173921471469916	0.06897563662546345	
ZNF841	0.13955541922971396	0.8381277532680795	0.022316827502206555	
PSMA1	0.6600650299010181	0.1699674850494909	0.1699674850494909	
BTN2A1	0.15465286454770746	0.15465286454770746	0.6906942709045851	
FAM156A	0.013377575256273434	0.803399011767746	0.1832234129759806	
PHF14	0.1577154170943205	0.1577154170943205	0.684569165811359	
CAPN12	0.06513556613443618	0.4306985471500344	0.5041658867155295	
RCC1	0.10044011735685338	0.8747213676804209	0.024838514962725742	
PPAT	0.10962080656741256	0.8717081395177576	0.018671053914829806	
SNX12	0.13832935106161715	0.8278375565329817	0.033833092405401055	
UBE2L6	0.12964812058619324	0.12964812058619324	0.7407037588276135	
SNAPC5	0.6733909711198625	0.16330451444006877	0.16330451444006877	
PEX6	0.6446896900253114	0.17765515498734427	0.17765515498734427	
SORD	0.6697972191697187	0.16510139041514066	0.16510139041514066	
CIT	0.12399805281422471	0.8609738219672513	0.01502812521852398	
C10orf143	0.10721284788539542	0.10721284788539542	0.7855743042292092	
NHSL2	0.7582910408800306	0.12085447955998475	0.12085447955998475	
PPIB	0.6607253913735124	0.1696373043132438	0.1696373043132438	
SPEG	0.7743901115320262	0.11280494423398699	0.11280494423398699	
TARDBP	0.03233899006414191	0.7855925894722282	0.18206842046362987	
KLHL20	0.16150833471861173	0.16150833471861173	0.6769833305627766	
LINC00324	0.07659525182578177	0.07659525182578177	0.8468094963484365	
SLC12A2	0.10545724105620657	0.10545724105620657	0.7890855178875869	
TLE3	0.016254342979146286	0.8853973161420607	0.09834834087879286	
PIK3R4	0.152500988483781	0.152500988483781	0.694998023032438	
ZUP1	0.08404881768986182	0.47127454752069475	0.4446766347894434	
ZNF675	0.7024849745774936	0.14875751271125326	0.14875751271125326	
GANAB	0.14616172723112145	0.8179293384267224	0.035908934342156	
RAB25	0.05061212760157202	0.9369974012885453	0.01239047110988281	
CYFIP2	0.13857356977465987	0.8296820549306673	0.03174437529467286	
AC006333.2	0.059879917695345286	0.9249258043935461	0.015194277911108603	
DALRD3	0.08178419280897903	0.4573483447305165	0.46086746246050453	
TNFSF10	0.11962030977203643	0.8588099063879647	0.021569783839998777	
AC036176.1	0.1022118326194093	0.8842737630726598	0.01351440430793086	
ASIC3	0.08861899217762328	0.08861899217762328	0.8227620156447534	
MAZ	0.10681520021494513	0.2633743787693614	0.6298104210156935	
GALE	0.0654420681756652	0.9167884428308926	0.017769488993442294	
PPM1M	0.7564786538933236	0.12176067305333824	0.12176067305333824	
PSMC4	0.05320415405897492	0.6998202522012869	0.2469755937397382	
ZNF701	0.08339340541998475	0.8987511900736311	0.017855404506384193	
ZSWIM1	0.28170474400140066	0.6656561125285227	0.05263914347007661	
ZNF638	0.44817778724953855	0.4317660872579964	0.1200561254924651	
SNRNP35	0.04599184599598679	0.7737716549885046	0.18023649901550862	
LINC01001	0.7780044794904525	0.11099776025477379	0.11099776025477379	
JMJD8	0.030228053910283593	0.7969379721459967	0.1728339739437197	
ZNF684	0.1266148842896804	0.1266148842896804	0.7467702314206393	
SETMAR	0.07118828090332795	0.5348853141848088	0.3939264049118632	
KANSL1	0.14054172933924272	0.14054172933924272	0.7189165413215145	
ZNF10	0.1381553238755454	0.1381553238755454	0.7236893522489091	
SEMA4G	0.09478337418789586	0.44725806474677693	0.45795856106532723	
LENG8-AS1	0.10341275655785659	0.10341275655785659	0.7931744868842868	
FASTKD3	0.1336774589164737	0.1336774589164737	0.7326450821670526	
SIK3	0.5699290417491168	0.30387410577085205	0.1261968524800311	
C17orf58	0.6874171570032342	0.15629142149838288	0.15629142149838288	
PCNX2	0.7415848948599708	0.12920755257001462	0.12920755257001462	
NT5DC1	0.6285259773555215	0.19804123841426824	0.1734327842302102	
ZFP69B	0.7750982230679272	0.11245088846603646	0.11245088846603646	
DNAJC24	0.13809927006202188	0.13809927006202188	0.7238014598759562	
TMEM37	0.810393544272115	0.09480322786394257	0.09480322786394257	
DEDD2	0.12962868567697325	0.851887389230051	0.01848392509297573	
AL691447.2	0.8053562205699721	0.09732188971501399	0.09732188971501399	
ZNF449	0.11993301356135276	0.11993301356135276	0.7601339728772945	
DHRS7B	0.0832408082917559	0.4612229021057464	0.4555362896024977	
ARNTL2	0.0148382908200148	0.8608944296266076	0.12426727955337767	
SDR42E1	0.6644840689636442	0.16775796551817784	0.16775796551817784	
CDK9	0.6442060411281668	0.17789697943591656	0.17789697943591656	
PROCA1	0.09611978148609661	0.09611978148609661	0.8077604370278068	
BTK	0.07656436872960154	0.07656436872960154	0.8468712625407969	
DENND6B	0.12525287518522912	0.12525287518522912	0.7494942496295417	
PANK4	0.6946924275435734	0.15265378622821327	0.15265378622821327	
THADA	0.15595070412168677	0.15595070412168677	0.6880985917566264	
ZNF432	0.08780244081325561	0.8907262785742057	0.021471280612538692	
MEIOC	0.07929748950847398	0.07929748950847398	0.8414050209830521	
LINC01993	0.8199658390036312	0.09001708049818447	0.09001708049818447	
TNXB	0.790601383245184	0.10469930837740805	0.10469930837740805	
ZNF814	0.17760575616815605	0.7898880873872681	0.03250615644457582	
FBXW2	0.1537747352186983	0.1537747352186983	0.6924505295626033	
AC025164.1	0.3041588166271177	0.6461652365278369	0.04967594684504544	
FAM24B	0.6929845311853254	0.15350773440733728	0.15350773440733728	
C19orf54	0.27434757352008005	0.6620043270183436	0.06364809946157643	
ALDOA	0.032463338650172514	0.7030784099657732	0.26445825138405427	
AC026471.4	0.08447470977004283	0.08447470977004283	0.8310505804599143	
TIMM23	0.06838757320523173	0.5958017004901012	0.3358107263046673	
JUNB	0.7982401966809483	0.10087990165952594	0.10087990165952594	
C6orf226	0.1462303332700034	0.1462303332700034	0.7075393334599932	
AC132192.2	0.1267589378855048	0.1267589378855048	0.7464821242289905	
FNDC3B	0.08642827036053914	0.8927132580276653	0.020858471611795514	
ZKSCAN5	0.12749712002971056	0.12749712002971056	0.7450057599405789	
THSD7A	0.783961536779936	0.1080192316100321	0.1080192316100321	
MPHOSPH9	0.11361642558408061	0.11361642558408061	0.7727671488318387	
TAF6L	0.15619876404388636	0.8020325154131096	0.04176872054300398	
SASS6	0.022933162036308893	0.7960389082157666	0.18102792974792445	
POLR2L	0.708714877797621	0.14564256110118948	0.14564256110118948	
PHYHIP	0.7977753064080702	0.10111234679596501	0.10111234679596501	
FEZ2	0.041422839668356526	0.7857452825229159	0.17283187780872764	
SMIM6	0.015483381688632268	0.8169671859112908	0.16754943240007686	
CHURC1	0.7138264682668257	0.14308676586658714	0.14308676586658714	
AC026471.2	0.09090443112641194	0.09090443112641194	0.8181911377471761	
RNF138	0.6452141446540224	0.17739292767298878	0.17739292767298878	
HIST3H2BB	0.028803331797779982	0.7065744287875331	0.264622239414687	
PSMC3	0.026011487956773837	0.8556621771469611	0.11832633489626497	
BTBD10	0.017542500895555962	0.9122761284518328	0.07018137065261114	
AL592183.1	0.058962744747482296	0.058962744747482296	0.8820745105050355	
CNDP2	0.6160995904547717	0.19195020477261415	0.19195020477261415	
ZFP1	0.6862283523360138	0.15688582383199318	0.15688582383199318	
PRKAB2	0.1612476783208388	0.8001354898776769	0.03861683180148423	
OSBPL6	0.8036327762026754	0.09818361189866237	0.09818361189866237	
HINFP	0.13829328882199662	0.13829328882199662	0.7234134223560067	
TOP3B	0.13046229283981065	0.3154625841643477	0.5540751229958416	
GFM2	0.08161823349932439	0.8947664057434138	0.023615360757261835	
XKR8	0.061355429391520305	0.5193240146840803	0.4193205559243995	
C2orf42	0.11879444094612347	0.20553827672626035	0.6756672823276162	
GNAQ	0.15384746939943889	0.15384746939943889	0.6923050612011222	
ISCA1	0.13633469038651858	0.8256943055980994	0.03797100401538196	
AC012368.1	0.8256788391742333	0.0871605804128834	0.0871605804128834	
PRR14	0.15246874234421046	0.15246874234421046	0.6950625153115791	
MIPEP	0.12962866931108963	0.12962866931108963	0.7407426613778209	
RPP25L	0.266977550531431	0.6587042550786698	0.07431819438989898	
DHRS12	0.18033133117775257	0.7787755556966872	0.04089311312556018	
SLC10A3	0.17174774713727758	0.7891881486599884	0.03906410420273395	
MMS22L	0.4366226908124313	0.5027977412116875	0.06057956797588105	
EXD3	0.15791306748086115	0.15791306748086115	0.6841738650382777	
INPP5B	0.07649019226509544	0.9055940254014918	0.017915782333412716	
DSTYK	0.1233674623301302	0.1233674623301302	0.7532650753397396	
TOE1	0.08634883618005035	0.8908979876984473	0.02275317612150225	
PANK2	0.16858390373406457	0.16858390373406457	0.6628321925318708	
AC067852.2	0.07654183509021799	0.9051618427244218	0.018296322185360123	
MMD	0.030928624802279234	0.777805839346333	0.19126553585138775	
BRIP1	0.12917873754843254	0.8564931018756112	0.014328160575956208	
DIXDC1	0.6933648971486348	0.15331755142568262	0.15331755142568262	
FPGT	0.13535880043933143	0.13535880043933143	0.7292823991213371	
ATAD1	0.19837275736098467	0.7447604962390798	0.05686674639993541	
AKIP1	0.13527098399175577	0.13527098399175577	0.7294580320164885	
NEDD9	0.10651471462228385	0.10651471462228385	0.7869705707554323	
TPST2	0.13496646167251433	0.13496646167251433	0.7300670766549713	
CPSF4	0.022337692822622074	0.8476989695142026	0.12996333766317525	
NAXD	0.02256467515364396	0.8834947066797655	0.09394061816659051	
PPP2R2A	0.1797806615308303	0.772730610631073	0.04748872783809675	
ARHGEF35	0.01372930043308683	0.8960154265628386	0.09025527300407458	
AP3M2	0.7162475519258175	0.14187622403709121	0.14187622403709121	
MMP25	0.10001016229585195	0.10001016229585195	0.7999796754082961	
PIN1	0.16349126788426327	0.16349126788426327	0.6730174642314736	
AC124798.1	0.09801091976117542	0.09801091976117542	0.8039781604776491	
PPP1R8	0.15128076035527668	0.808138384823947	0.040580854820776384	
RBM17	0.07248074662307104	0.5892029958587806	0.33831625751814837	
PRKAA1	0.16236203635975027	0.16236203635975027	0.6752759272804995	
ZNF622	0.18069595921859244	0.7763756269001235	0.042928413881284	
DRAIC	0.09591967775607223	0.09591967775607223	0.8081606444878555	
ZNF324B	0.10443203564587183	0.10443203564587183	0.7911359287082563	
ZNF592	0.6796912056069789	0.1601543971965105	0.1601543971965105	
SURF2	0.0844892148310233	0.5330795675664979	0.38243121760247883	
WDFY2	0.13517590635286117	0.13517590635286117	0.7296481872942776	
UTP15	0.04359040501859814	0.692446850671632	0.26396274430976974	
OSGIN2	0.7076047134423219	0.14619764327883908	0.14619764327883908	
TRIM65	0.1216175001145195	0.1216175001145195	0.7567649997709609	
PSMC5	0.034278561862623506	0.8152690407686085	0.15045239736876803	
LCLAT1	0.6898155917771307	0.15509220411143468	0.15509220411143468	
USP28	0.6789679309638561	0.1605160345180719	0.1605160345180719	
NOP58	0.19225992673506495	0.7697659338223972	0.03797413944253772	
ZNF281	0.04886027485037366	0.6787332689739396	0.27240645617568665	
FBXL5	0.6501436775213398	0.17492816123933003	0.17492816123933003	
LZIC	0.3906882383859782	0.48619529259246963	0.12311646902155228	
HIST1H1B	0.021818716402477862	0.7401949997805595	0.2379862838169626	
AMMECR1L	0.10706149687286923	0.14679843937063752	0.7461400637564932	
EFCAB2	0.07784142812464064	0.9049763326682518	0.017182239207107586	
TRIM39	0.026399279064506526	0.7730142380414928	0.20058648289400055	
IRF2	0.6446845338129014	0.1776577330935493	0.1776577330935493	
ZSWIM5	0.12960731621196545	0.12960731621196545	0.7407853675760692	
PHF5A	0.09136749226884483	0.8832823238611066	0.02535018387004854	
NAPSA	0.08610581849771706	0.08610581849771706	0.8277883630045658	
C16orf70	0.1528592563758992	0.1528592563758992	0.6942814872482016	
WAS	0.7897540751094372	0.10512296244528144	0.10512296244528144	
RPS6KB1	0.07354258549043025	0.6247709700270139	0.30168644448255594	
CCDC18	0.1266754259069012	0.1266754259069012	0.7466491481861975	
ZNF44	0.6459592282211493	0.1770203858894253	0.1770203858894253	
MAPK13	0.19135179179696332	0.7612161848312	0.0474320233718367	
RIDA	0.6774547315165101	0.1612726342417449	0.1612726342417449	
FAM204A	0.16743569184189153	0.16743569184189153	0.6651286163162169	
NT5DC3	0.09572113369474845	0.8843443746884003	0.01993449161685125	
HIST1H2BF	0.6663426462901745	0.1668286768549127	0.1668286768549127	
AP4S1	0.6489425149324735	0.17552874253376322	0.17552874253376322	
HELLS	0.01469064456604537	0.8253546770212857	0.15995467841266875	
MROH6	0.581980029117789	0.3046207905048049	0.11339918037740625	
SUV39H2	0.08228361287800574	0.90126613851827	0.016450248603724224	
AL365226.2	0.10711941321439315	0.8841268555426107	0.008753731242996146	
PRSS3	0.11653946835578682	0.11653946835578682	0.7669210632884264	
ARL10	0.09669675020470044	0.09669675020470044	0.8066064995905992	
SAP18	0.11528610844653378	0.853102637990031	0.03161125356343517	
AL355075.4	0.8149284269932183	0.0925357865033909	0.0925357865033909	
UMAD1	0.09572410043086527	0.4217714175236439	0.4825044820454908	
MED12	0.07523571948620657	0.9030682602831583	0.0216960202306351	
YBX3	0.6715968933250236	0.16420155333748818	0.16420155333748818	
SLF1	0.13674236083786395	0.13674236083786395	0.7265152783242722	
XRCC4	0.42785844932894623	0.47202879592227653	0.1001127547487774	
EIF4H	0.017406166245068737	0.9121709209317451	0.07042291282318605	
ZNF493	0.6391820888569663	0.18040895557151682	0.18040895557151682	
MARCH5	0.08129168406749372	0.8935252793444769	0.02518303658802934	
TSEN15	0.25601179507193217	0.6937117499883785	0.05027645493968931	
NDFIP1	0.22943671632574508	0.7052340340838787	0.0653292495903762	
PRDX2	0.03636226068828003	0.7768408192312867	0.18679692008043333	
BLM	0.14920968292872744	0.8314847335385945	0.019305583532678063	
ORC6	0.13439363913819252	0.8479480860124886	0.01765827484931889	
DHODH	0.7096657837233608	0.14516710813831962	0.14516710813831962	
ERMARD	0.1509011411039969	0.8100398287185864	0.039059030177416826	
SMAD6	0.10731937222457764	0.10731937222457764	0.7853612555508447	
KCNQ1OT1	0.7047943091149397	0.1476028454425302	0.1476028454425302	
RANBP9	0.15593517783946118	0.8055655731633456	0.03849924899719321	
CRYBB2	0.08568828831352156	0.08568828831352156	0.8286234233729569	
ZSWIM8	0.1379321379829843	0.1379321379829843	0.7241357240340315	
SPRYD7	0.06897715749276553	0.9109468202018153	0.020076022305419272	
SNAP29	0.026652982862205354	0.868080460641997	0.10526655649579764	
CEP19	0.09116836780337864	0.09116836780337864	0.8176632643932427	
RRP1	0.23731478314924143	0.7120283352457155	0.0506568816050431	
LYAR	0.12451602119157458	0.12451602119157458	0.7509679576168508	
NUP85	0.23251708727952936	0.7106550600114663	0.05682785270900426	
OSBPL8	0.625433608775783	0.18728319561210843	0.18728319561210843	
RPS6KC1	0.15386751685594993	0.15386751685594993	0.6922649662881002	
SOD3	0.13449578109554597	0.8355176107550427	0.029986608149411294	
ATF2	0.16029094208176567	0.16029094208176567	0.6794181158364686	
ELOC	0.03588039540367599	0.8344620974473645	0.12965750714895935	
FAM210A	0.3719107112061776	0.5387160594501343	0.0893732293436881	
CXorf56	0.016050317231055492	0.8931680645823338	0.09078161818661064	
PDPR	0.16386840847547368	0.16386840847547368	0.6722631830490527	
COMMD3	0.7022961482340119	0.14885192588299412	0.14885192588299412	
PARP11	0.1475715634718177	0.1475715634718177	0.7048568730563647	
PLAA	0.042070291038391806	0.8017681979217615	0.15616151103984663	
KIF9-AS1	0.08911471890320787	0.08911471890320787	0.8217705621935842	
GADD45G	0.7299253971323838	0.13503730143380813	0.13503730143380813	
ZBTB2	0.021184789083031563	0.8931099640962962	0.08570524682067225	
RNF169	0.6930354653939931	0.1534822673030035	0.1534822673030035	
EIF4EBP3	0.11022541048597305	0.11022541048597305	0.7795491790280539	
RDH5	0.7204086269565825	0.13979568652170873	0.13979568652170873	
SPINT2	0.020903547051968577	0.8765999702617524	0.10249648268627898	
POMK	0.09668993261453389	0.23375168437811186	0.6695583830073543	
ZNF200	0.13774516369367207	0.8326296570249313	0.029625179281396512	
PPP2R2D	0.14523053558762566	0.14523053558762566	0.7095389288247487	
CCT3	0.29134164034116194	0.6310142293089269	0.07764413034991118	
GCH1	0.13177882009442649	0.13177882009442649	0.736442359811147	
UBXN4	0.11162206197445086	0.8549822984908518	0.033395639534697236	
AC073508.3	0.06712375487383834	0.46497614458068737	0.4679001005454742	
CENPI	0.11603491437621226	0.868841327016591	0.015123758607196782	
SCAF8	0.15378545974819313	0.15378545974819313	0.6924290805036138	
IPP	0.025767947754177664	0.864229813127434	0.1100022391183883	
AC025580.3	0.8589312826896162	0.07053435865519186	0.07053435865519186	
C7orf25	0.32841999554935597	0.6229556118639865	0.048624392586657454	
ZC3HAV1L	0.08832780519458962	0.08832780519458962	0.8233443896108207	
ARL4A	0.01742878096010019	0.8677684960014561	0.11480272303844366	
ZNF425	0.10707516074547169	0.10707516074547169	0.7858496785090566	
LAP3	0.15381147890892144	0.15381147890892144	0.6923770421821571	
RALB	0.06715574784578347	0.6091831667139286	0.3236610854402879	
AC008522.1	0.03184719940225845	0.594373456019098	0.3737793445786436	
ASMTL	0.3928978167541167	0.492562038440362	0.11454014480552134	
MRM2	0.04631223199953724	0.7030439466269998	0.2506438213734629	
EMC4	0.650510295329434	0.17474485233528297	0.17474485233528297	
DAGLA	0.1248115640928834	0.1248115640928834	0.7503768718142333	
CNNM2	0.021843678764656125	0.860653622522696	0.11750269871264783	
CDC42EP3	0.12133974039119123	0.12133974039119123	0.7573205192176174	
SLC52A1	0.01868585818693627	0.822559601185957	0.1587545406271069	
TMEM185A	0.6532561986060668	0.17337190069696656	0.17337190069696656	
AP001527.2	0.17593046790685052	0.7994690355318157	0.024600496561333732	
C19orf47	0.017058025035882864	0.8983430086474338	0.08459896631668339	
MRPS16	0.05509375877854624	0.6771578163613043	0.26774842486014944	
HERPUD2	0.6841686748318327	0.1579156625840836	0.1579156625840836	
SEC61A2	0.1142107376024821	0.1142107376024821	0.7715785247950357	
AL627171.1	0.672043740851805	0.16397812957409746	0.16397812957409746	
LZTS3	0.757159349718278	0.12142032514086103	0.12142032514086103	
POLA1	0.029473283169839926	0.7199128666790638	0.25061385015109616	
EDF1	0.08643725669532577	0.5209056165090877	0.3926571267955865	
STX6	0.1409543674622723	0.1409543674622723	0.7180912650754554	
SMCO4	0.15918661111716279	0.15918661111716279	0.6816267777656744	
RBX1	0.020516968617354428	0.8935872179478707	0.08589581343477495	
RABL6	0.030396915568936353	0.8295215836537002	0.1400815007773634	
ZNF30	0.7423497574452618	0.12882512127736914	0.12882512127736914	
POGZ	0.16780380280656945	0.16780380280656945	0.6643923943868612	
PICALM	0.033261645037253776	0.8306137969723287	0.13612455799041764	
ZXDC	0.1349686301741818	0.1349686301741818	0.7300627396516365	
RIOX2	0.017024375276993284	0.8913254919225904	0.0916501328004164	
LRPPRC	0.10098338927913367	0.3521300745202536	0.5468865362006128	
IL13RA1	0.16689578479197345	0.16689578479197345	0.666208430416053	
CHCHD2	0.3609141386844264	0.5363883105554433	0.10269755076013026	
BICRAL	0.6598071322769024	0.1700964338615488	0.1700964338615488	
VPS28	0.14879383756307205	0.14879383756307205	0.7024123248738559	
KPTN	0.020882663198420994	0.8785942331571435	0.1005231036444356	
C12orf57	0.16565659116404163	0.16565659116404163	0.6686868176719167	
FAM227A	0.7473104218941512	0.1263447890529244	0.1263447890529244	
NDUFB4	0.06871009492483798	0.6681534302666166	0.2631364748085456	
SLC39A4	0.19587774353092333	0.7588050314140959	0.04531722505498067	
C15orf61	0.6465824907926261	0.17670875460368693	0.17670875460368693	
TNPO1	0.11807320342892363	0.8454282723739345	0.03649852419714195	
SND1-IT1	0.026042169085905932	0.7620784992839443	0.2118793316301497	
IMP3	0.1563627289237526	0.1563627289237526	0.6872745421524947	
MRTO4	0.12833266468130708	0.12833266468130708	0.7433346706373858	
DNMT1	0.01793467878456076	0.8397035174031551	0.14236180381228414	
ZNF606	0.6797780541602497	0.16011097291987508	0.16011097291987508	
TRERF1	0.10606032311542168	0.10606032311542168	0.7878793537691566	
TMEM109	0.22403743640334325	0.7225574836053525	0.0534050799913042	
CENPU	0.013348025574861259	0.868124136399581	0.11852783802555769	
TRAFD1	0.6415918575973599	0.17920407120132	0.17920407120132	
NRBF2	0.0696835320569785	0.9081399536317948	0.022176514311226758	
AP2B1	0.6357288437820405	0.1821355781089797	0.1821355781089797	
RNF34	0.1792481270762063	0.1792481270762063	0.6415037458475875	
MRPL28	0.08717376627179925	0.5538205200073959	0.35900571372080486	
REXO4	0.05279306116308021	0.7418253051283459	0.20538163370857393	
TRPT1	0.02550694909522886	0.8458954027056724	0.1285976481990987	
SERTAD2	0.1165615805316369	0.8601313571510291	0.023307062317334103	
AC090152.1	0.15119598398580075	0.15119598398580075	0.6976080320283986	
FZD7	0.7553607476534447	0.12231962617327767	0.12231962617327767	
JHY	0.10525844310663345	0.10525844310663345	0.7894831137867331	
FAM136A	0.04516461242414434	0.7518581209844472	0.20297726659140847	
SIK1B	0.8586191155137299	0.07069044224313503	0.07069044224313503	
NARS2	0.18478678458676087	0.7661957667997634	0.04901744861347566	
SLC39A9	0.037132999413724055	0.814412901304173	0.14845409928210287	
RETREG3	0.04153780321551077	0.787382475652531	0.17107972113195813	
PCSK1N	0.18723165267336078	0.7959790877989238	0.01678925952771547	
ATP2B1-AS1	0.14196330501196697	0.14196330501196697	0.7160733899760662	
EEF2	0.6605424335632967	0.16972878321835166	0.16972878321835166	
WDR46	0.17396264179211754	0.17396264179211754	0.652074716415765	
SH3RF1	0.11620683887192756	0.853428261279042	0.030364899849030316	
SYT15	0.1053482489396603	0.1053482489396603	0.7893035021206793	
CRYM	0.7095096956768092	0.1452451521615954	0.1452451521615954	
GNG2	0.7641652505364224	0.11791737473178887	0.11791737473178887	
SNF8	0.12590857096516897	0.4118350845037505	0.4622563445310804	
ANKS1A	0.16351575571409543	0.16351575571409543	0.6729684885718091	
GAA	0.01912608817942234	0.8667645224303698	0.11410938939020784	
MRPL51	0.4213031316641009	0.45965602555122076	0.11904084278467846	
CTDSPL2	0.18203239108114075	0.7740698263022627	0.0438977826165965	
SRP14-AS1	0.12274672806459441	0.12274672806459441	0.7545065438708112	
TIE1	0.8165550631719097	0.09172246841404517	0.09172246841404517	
ISCU	0.08831950664970663	0.5712628425319212	0.3404176508183722	
MTERF2	0.15630874923307508	0.15630874923307508	0.6873825015338499	
NFE2L3	0.09487860032180116	0.8867840692110975	0.018337330467101308	
PPA2	0.14567277288449546	0.14567277288449546	0.7086544542310091	
AL683813.1	0.718229071285288	0.14088546435735594	0.14088546435735594	
NEK1	0.6601478369436166	0.16992608152819172	0.16992608152819172	
ARMH3	0.21822282562404816	0.7147133594516378	0.06706381492431389	
CCDC153	0.014854054365853802	0.8753947824870905	0.10975116314705574	
NME2	0.06298081048777208	0.5554318215954737	0.38158736791675435	
KPNA6	0.02451365512625194	0.8730978236039346	0.10238852126981336	
PLEKHM1	0.1308383033027399	0.1308383033027399	0.7383233933945201	
CREB1	0.6094369914433817	0.19528150427830912	0.19528150427830912	
ZFAND4	0.1354642535217591	0.1354642535217591	0.7290714929564818	
ZNF274	0.6808770529661363	0.1595614735169319	0.1595614735169319	
CHADL	0.04157380741669673	0.6353516518292763	0.323074540754027	
UBL5	0.1509630956319865	0.1509630956319865	0.698073808736027	
ZFP64	0.15170808357466023	0.15170808357466023	0.6965838328506796	
RFXAP	0.1354821782420159	0.1354821782420159	0.7290356435159683	
AC079322.1	0.111150756866291	0.111150756866291	0.777698486267418	
SLC35A2	0.03118845142608314	0.857478225378886	0.11133332319503078	
SEMA6A-AS1	0.023130421321971534	0.8297165084359789	0.14715307024204957	
KDSR	0.07393537246185013	0.9032994120112408	0.022765215526909154	
CEP131	0.14025587439780332	0.14025587439780332	0.7194882512043933	
PAPOLG	0.14510038531413275	0.14510038531413275	0.7097992293717346	
SERF1A	0.09014683448156248	0.09014683448156248	0.819706331036875	
TIPRL	0.1680941263967659	0.1680941263967659	0.6638117472064682	
AC016745.2	0.06319484985698912	0.06319484985698912	0.8736103002860218	
LSM3	0.07366034443723415	0.9037709127574369	0.022568742805328845	
YPEL1	0.7311344313188796	0.13443278434056025	0.13443278434056025	
CTNNB1	0.7113990263447509	0.14430048682762447	0.14430048682762447	
ATAD2	0.16756482292209368	0.8059158695546804	0.026519307523225996	
MNT	0.11551445338725233	0.11551445338725233	0.7689710932254953	
GNG12-AS1	0.0391796142531131	0.5115879526391004	0.4492324331077864	
NDC1	0.06527392421734958	0.5239655478078898	0.4107605279747605	
AC008014.1	0.03159202314307769	0.7828065243393274	0.18560145251759486	
C12orf75	0.01991128195392888	0.8757330108939232	0.10435570715214786	
FANK1	0.029407617344203475	0.7558730049371516	0.2147193777186449	
C11orf71	0.6089647056811966	0.19551764715940162	0.19551764715940162	
KLHL29	0.0206653811186546	0.8107600249696012	0.16857459391174417	
MPHOSPH8	0.5480910316154118	0.28198098028955887	0.16992798809502926	
WNT4	0.07960468350153291	0.07960468350153291	0.8407906329969342	
MPZL1	0.030720455189328384	0.8503938512632115	0.11888569354745994	
AC005332.6	0.7159564251943737	0.14202178740281315	0.14202178740281315	
MED1	0.04683642216130561	0.7450006712693339	0.2081629065693605	
AGBL3	0.10848306990159862	0.10848306990159862	0.7830338601968028	
MCM8	0.018286371705671052	0.8603236693389132	0.12138995895541578	
AL356599.1	0.11444777673135288	0.11444777673135288	0.7711044465372942	
TMEM87A	0.07983958731827578	0.6544654235023782	0.26569498917934603	
DNAJB12	0.10574480325964031	0.45707984061563145	0.4371753561247282	
TBC1D30	0.7233873147638396	0.13830634261808025	0.13830634261808025	
COX17	0.2713516124821551	0.6560485640392313	0.07259982347861363	
RARB	0.7845419518244451	0.10772902408777754	0.10772902408777754	
TBC1D24	0.7288955274842119	0.13555223625789412	0.13555223625789412	
TSACC	0.07934452506117057	0.2691964857252191	0.6514589892136103	
GOLPH3	0.07160458652794369	0.9034829698773656	0.024912443594690574	
AKAP17A	0.07256044832187585	0.6286852781729099	0.29875427350521433	
NCOA7	0.7380125098830922	0.130993745058454	0.130993745058454	
RAD54B	0.22293358814041303	0.7440381766107972	0.033028235248789777	
OTULIN	0.6698371449141237	0.1650814275429381	0.1650814275429381	
N4BP2L2	0.14648380239052106	0.14648380239052106	0.707032395218958	
MAU2	0.45758485046047476	0.413257290470638	0.12915785906888735	
LYSMD1	0.03341662312802938	0.7311558324243841	0.2354275444475865	
ZC3H12C	0.13602070164236293	0.13602070164236293	0.7279585967152742	
EDEM3	0.17207343280295667	0.17207343280295667	0.6558531343940868	
COMMD7	0.07225266198830899	0.9065213862203323	0.021225951791358628	
ZNF771	0.14549176846352502	0.14549176846352502	0.70901646307295	
AC021016.3	0.08549397073609162	0.9012538577193391	0.01325217154456928	
NFX1	0.5996873431239432	0.20015632843802836	0.20015632843802836	
TRIL	0.08339015223503331	0.08339015223503331	0.8332196955299334	
CYP51A1-AS1	0.09073022308996379	0.09073022308996379	0.8185395538200724	
UBE4B	0.14255708776876047	0.8187287484354665	0.03871416379577317	
LIN7C	0.03574430958255655	0.817919942263672	0.14633574815377126	
ABHD18	0.1823495782596709	0.1823495782596709	0.6353008434806583	
ZBTB43	0.11940355254685135	0.11940355254685135	0.7611928949062973	
SRSF6	0.02696155957530166	0.8309571541851002	0.14208128623959812	
POMZP3	0.039643564173163795	0.6812574392563625	0.2790989965704736	
GGPS1	0.08453261378955298	0.5337848429059187	0.38168254330452844	
BCL2L14	0.15910818246678732	0.15910818246678732	0.6817836350664254	
TARS2	0.38975464126009357	0.49961574936121744	0.11062960937868911	
FAM118A	0.6297897267916447	0.1851051366041776	0.1851051366041776	
TMEM88	0.0855714922987042	0.0855714922987042	0.8288570154025916	
TSPYL4	0.7030234620750652	0.14848826896246742	0.14848826896246742	
TCP11L2	0.7640117271276532	0.11799413643617344	0.11799413643617344	
GGCT	0.03421405375680794	0.7783452766689659	0.18744066957422612	
RGS19	0.7475718528273804	0.1262140735863099	0.1262140735863099	
WRN	0.6470281763614849	0.17648591181925752	0.17648591181925752	
FBXO21	0.2785248217197406	0.637525935693899	0.0839492425863605	
DBI	0.08543967010462125	0.5513976524829239	0.36316267741245495	
PPP1R14A	0.8613874108584063	0.06930629457079682	0.06930629457079682	
XPC	0.12636030704543447	0.8354199239823701	0.03821976897219543	
IMPACT	0.6465886842648144	0.17670565786759276	0.17670565786759276	
ZNF565	0.7006862905101379	0.14965685474493104	0.14965685474493104	
DTL	0.10215003922536806	0.8850783597486063	0.012771601026025557	
TIAM2	0.6846128795039732	0.15769356024801337	0.15769356024801337	
TIMM50	0.1317804408727535	0.8303954528282341	0.03782410629901223	
ZMYND8	0.18767799869460539	0.7544937046729019	0.05782829663249267	
TIAL1	0.10996668542112262	0.8534782018792386	0.03655511269963871	
ARID1B	0.16293983727851621	0.16293983727851621	0.6741203254429676	
CLN6	0.15058597672566737	0.15058597672566737	0.6988280465486653	
FBXO25	0.0785477888753814	0.6608199080609501	0.26063230306366847	
USP21	0.1511171886693788	0.8080606094638435	0.040822201866777645	
GORASP2	0.06976116496288277	0.9065974074427683	0.023641427594348986	
SEC61B	0.16247316162843503	0.16247316162843503	0.67505367674313	
AHDC1	0.13251124909355225	0.13251124909355225	0.7349775018128955	
TNFAIP1	0.08653261082110168	0.8885716012130238	0.02489578796587455	
MUL1	0.044689325445331676	0.7872680526011792	0.1680426219534891	
ZNF594	0.7024465729605405	0.14877671351972982	0.14877671351972982	
DNAJC14	0.0726644021666821	0.5468192745811986	0.38051632325211937	
BCL7C	0.14606166678151825	0.14606166678151825	0.7078766664369636	
ZFP28	0.762948364445722	0.11852581777713907	0.11852581777713907	
C1RL	0.15958744468516528	0.15958744468516528	0.6808251106296695	
TP53BP2	0.6196320607176337	0.19018396964118311	0.19018396964118311	
MRPL2	0.3282391720714635	0.577196467917016	0.09456436001152049	
YY1	0.03355670718002751	0.8380709868137197	0.12837230600625288	
GATD3B	0.8028020174525681	0.098598991273716	0.098598991273716	
FOS	0.8112546876901744	0.09437265615491285	0.09437265615491285	
TUBB4B	0.28836644899776637	0.6301584160905895	0.08147513491164414	
C12orf66	0.6697313137602103	0.1651343431198948	0.1651343431198948	
RNF11	0.47276765907165397	0.40280148686086065	0.12443085406748532	
POLE4	0.035528461017078614	0.8222627943198793	0.14220874466304212	
TBC1D25	0.659135060365143	0.1704324698174285	0.1704324698174285	
ATP6V1E2	0.08153614376737714	0.3191186172335767	0.5993452389990461	
SLIRP	0.08946633358501803	0.5668521501303855	0.34368151628459664	
KCTD3	0.0368525970259121	0.8025616262438634	0.1605857767302245	
AC027117.2	0.7382844947058871	0.13085775264705646	0.13085775264705646	
HSPA9	0.050088543323560865	0.745181476716383	0.20472997996005607	
AC002451.1	0.7650495261067521	0.117475236946624	0.117475236946624	
AC004233.3	0.0092114531449765	0.9303567676426264	0.06043177921239707	
SCFD2	0.6500554955580503	0.17497225222097482	0.17497225222097482	
ANGEL1	0.12946499885187532	0.12946499885187532	0.7410700022962494	
CDC14A	0.11000414603825936	0.11000414603825936	0.7799917079234813	
MBNL2	0.06996807339352198	0.9105696629400325	0.01946226366644544	
GPR137B	0.10498474262390678	0.10498474262390678	0.7900305147521864	
YTHDF2	0.02773402629136791	0.881394584796191	0.09087138891244105	
TCAF1	0.12345163564607993	0.8373542674689667	0.03919409688495338	
ENTPD3-AS1	0.13843386669592195	0.13843386669592195	0.7231322666081561	
ZDBF2	0.012282048939416134	0.8929101917616096	0.09480775929897425	
CLBA1	0.7015323852555393	0.14923380737223035	0.14923380737223035	
ZMYM5	0.6475237135853621	0.17623814320731895	0.17623814320731895	
REV3L	0.1449514825331692	0.1449514825331692	0.7100970349336616	
ESS2	0.168888866152211	0.168888866152211	0.6622222676955781	
PCLAF	0.130859557151353	0.8500629140685875	0.01907752878005946	
H3F3A	0.08586015088979174	0.6036207237636821	0.31051912534652615	
MYOM2	0.07186067240355501	0.07186067240355501	0.8562786551928899	
UFM1	0.15777513431741247	0.7908737608315914	0.051351104850996115	
SIN3A	0.13268876228126925	0.8240273822450619	0.043283855473668816	
PTGES3	0.02896457820587667	0.8129343364930908	0.1581010853010325	
MRPL49	0.02401539382783875	0.8826517215782375	0.0933328845939237	
RBAK	0.6518149795366298	0.17409251023168507	0.17409251023168507	
LINC01089	0.158959871589175	0.158959871589175	0.6820802568216501	
ARF4-AS1	0.6948524056736969	0.15257379716315153	0.15257379716315153	
CDK2AP2	0.052657759661703066	0.7340436760367418	0.21329856430155508	
ANAPC11	0.027178503265972088	0.8675302324182429	0.10529126431578494	
PNISR	0.5979581997022069	0.20102090014889654	0.20102090014889654	
FTO	0.6321753833412492	0.18391230832937533	0.18391230832937533	
FAM157C	0.10804632946240403	0.10804632946240403	0.7839073410751919	
ELMO2	0.6333812823562102	0.1833093588218949	0.1833093588218949	
AC007262.2	0.11331639813064523	0.11331639813064523	0.7733672037387095	
MARCH7	0.12148905261909594	0.841577983927299	0.036932963453605	
BORCS5	0.6419512861668746	0.1790243569165627	0.1790243569165627	
MRPS9	0.15287092711355763	0.15287092711355763	0.6942581457728847	
BUD13	0.23829610245778082	0.6807988331836213	0.08090506435859791	
NUDT7	0.6796404625570247	0.16017976872148762	0.16017976872148762	
TEX264	0.04887132061990144	0.7297039639856707	0.22142471539442776	
RNF38	0.054471981275891826	0.7117249535285112	0.233803065195597	
AC034243.1	0.013492478865368958	0.8455718539711506	0.1409356671634804	
GALNT2	0.11511482495448273	0.8470673991077098	0.037817775937807455	
PPP6R3	0.03604925659628459	0.8394633767305031	0.12448736667321224	
UBALD2	0.1506745305191469	0.1506745305191469	0.6986509389617063	
VAV2	0.13752556703705104	0.13752556703705104	0.7249488659258979	
ZNF544	0.1956140549848598	0.757369969739138	0.04701597527600229	
DDX18	0.6409444387289126	0.1795277806355437	0.1795277806355437	
AC016831.7	0.09029272967142646	0.09029272967142646	0.819414540657147	
LRCH3	0.17768587351355267	0.17768587351355267	0.6446282529728946	
SPATA2L	0.1278709849441802	0.1278709849441802	0.7442580301116396	
ROR1	0.7813755660307828	0.10931221698460866	0.10931221698460866	
MAPK1	0.6015971716319418	0.19920141418402906	0.19920141418402906	
SBDS	0.16413304637790493	0.16413304637790493	0.67173390724419	
AL451085.2	0.7108852996649466	0.14455735016752666	0.14455735016752666	
MTHFD2L	0.16348543767014506	0.16348543767014506	0.6730291246597099	
FUT2	0.16452735927937776	0.16452735927937776	0.6709452814412445	
NKRF	0.018325898217161088	0.8682223254454128	0.11345177633742612	
CAV2	0.7007726125982674	0.1496136937008663	0.1496136937008663	
HDAC7	0.6821364453646331	0.15893177731768343	0.15893177731768343	
HENMT1	0.6691582491756213	0.16542087541218933	0.16542087541218933	
TMEM176A	0.6776284470430606	0.16118577647846966	0.16118577647846966	
AC147067.1	0.7956149555670777	0.10219252221646118	0.10219252221646118	
NDUFV3	0.16329842724503013	0.16329842724503013	0.6734031455099397	
GALT	0.023376632784573748	0.8800096007778108	0.09661376643761545	
AP2M1	0.17148220871734743	0.17148220871734743	0.6570355825653053	
KARS	0.044585453608339196	0.7934641594199685	0.16195038697169234	
CCDC150	0.013095592181223222	0.859829944409814	0.1270744634089629	
TM7SF3	0.1698339425164701	0.1698339425164701	0.6603321149670598	
ZNF343	0.6756922697843984	0.16215386510780075	0.16215386510780075	
CEP95	0.609202105725754	0.19539894713712297	0.19539894713712297	
LCP1	0.08549411539618183	0.08549411539618183	0.8290117692076363	
PILRA	0.8035614970353024	0.09821925148234885	0.09821925148234885	
ZNF490	0.11597999927854168	0.11597999927854168	0.7680400014429166	
DBNDD1	0.12580730547930707	0.12580730547930707	0.7483853890413859	
C2CD4B	0.09300398275152356	0.09300398275152356	0.8139920344969529	
AC120053.1	0.7396351237496602	0.13018243812516997	0.13018243812516997	
TMEM134	0.0188788991907232	0.9036499106602222	0.07747119014905472	
WASHC3	0.6443155131524316	0.17784224342378413	0.17784224342378413	
UBXN10	0.127371554769083	0.127371554769083	0.745256890461834	
ITPKC	0.767277868962392	0.11636106551880405	0.11636106551880405	
PERP	0.057269725399601776	0.9281821685828378	0.014548106017560453	
NCALD	0.7751249251580515	0.11243753742097429	0.11243753742097429	
ATP8A1	0.6102388819294714	0.19488055903526427	0.19488055903526427	
PPP6C	0.07698922008107514	0.6758394222912462	0.24717135762767875	
STX8	0.6290848167448801	0.18545759162755987	0.18545759162755987	
ECHDC3	0.19711492302065545	0.7858871495817649	0.01699792739757959	
UBE2Z	0.3935957781099821	0.4849719257988015	0.12143229609121649	
SULT2B1	0.07018041073576914	0.9151338450974985	0.014685744166732316	
FBXL22	0.6606483623344529	0.16967581883277352	0.16967581883277352	
CCND3	0.1613631508756	0.1613631508756	0.6772736982488001	
HNRNPR	0.09639969921069297	0.8776104394822783	0.02598986130702863	
TOR2A	0.23588294612739222	0.7040049170819388	0.06011213679066901	
TMEM63C	0.09901245921453891	0.09901245921453891	0.8019750815709221	
RAB11A	0.5993105458288379	0.200344727085581	0.200344727085581	
CEP350	0.16639741711848174	0.16639741711848174	0.6672051657630365	
U2SURP	0.6245777692659439	0.18771111536702803	0.18771111536702803	
GMEB2	0.02559096608963849	0.8530310076982538	0.12137802621210772	
ZNF597	0.18925578851908167	0.7635039092894806	0.047240302191437634	
ING5	0.12712179041210303	0.8308132877719062	0.04206492181599064	
NSFL1C	0.08859947933534995	0.8829155723301921	0.0284849483344579	
IRF5	0.710628371160646	0.14468581441967698	0.14468581441967698	
AL353708.3	0.7060685147632894	0.1469657426183553	0.1469657426183553	
TTC12	0.15462874822274014	0.15462874822274014	0.6907425035545197	
TOB1	0.12524795388205529	0.12524795388205529	0.7495040922358895	
ZFYVE21	0.13658858682151132	0.33410872205240266	0.529302691126086	
CNOT9	0.05259725359085276	0.6801954894746691	0.26720725693447794	
BCAP31	0.11244535287798246	0.8528845442327884	0.03467010288922913	
EIF3J	0.1777666641410672	0.771070819830868	0.051162516028064715	
USPL1	0.6934859590836512	0.15325702045817444	0.15325702045817444	
MCCC1	0.6085066714071067	0.1957466642964466	0.1957466642964466	
XIST	0.9013803153823625	0.04930984230881867	0.04930984230881867	
ZC3H3	0.05955985868414436	0.6746045087680356	0.26583563254782006	
CD63	0.6594494788860956	0.17027526055695216	0.17027526055695216	
CDC73	0.17253158317245806	0.17253158317245806	0.6549368336550838	
USP37	0.12049832429189887	0.8455526343960761	0.03394904131202498	
SPACA9	0.020266519973850927	0.8685810257124246	0.11115245431372457	
MMP23B	0.7624761709388034	0.11876191453059838	0.11876191453059838	
MSH2	0.22132755650751954	0.7308742506003084	0.047798192892171985	
ZNF836	0.6378695937281278	0.18106520313593605	0.18106520313593605	
TGFBR2	0.6766731718223928	0.16166341408880358	0.16166341408880358	
CBFB	0.15985587865052225	0.15985587865052225	0.6802882426989556	
LIPG	0.11253545881581566	0.11253545881581566	0.7749290823683687	
GALNT1	0.11909373451196627	0.30695777103381705	0.5739484944542167	
HSD17B10	0.09896990204259276	0.4413426800932668	0.4596874178641404	
TBCD	0.08527850473788778	0.5114008894516584	0.40332060581045387	
RAD54L	0.11416213694442964	0.8655627555578126	0.0202751074977578	
UBAP1L	0.1376322905703497	0.1376322905703497	0.7247354188593006	
DKK3	0.7747176089757877	0.1126411955121062	0.1126411955121062	
CEBPG	0.01837714005931502	0.9167728311432278	0.06485002879745716	
LINC00685	0.12491752343463558	0.12491752343463558	0.7501649531307288	
SUPT6H	0.12989448657678362	0.8232731897576827	0.04683232366553366	
LIF	0.0947262380988581	0.0947262380988581	0.8105475238022838	
ZNF792	0.14380200930062645	0.14380200930062645	0.712395981398747	
C17orf97	0.11196441957210607	0.11196441957210607	0.7760711608557879	
VIRMA	0.1111037241953666	0.8542383716583577	0.03465790414627574	
PTDSS2	0.19880190951236357	0.736738260274366	0.06445983021327038	
LINC00630	0.1404656794865257	0.8339790866354647	0.02555523387800961	
NDUFA4	0.6135215919731712	0.19323920401341435	0.19323920401341435	
DHX57	0.27005445374178666	0.672996405621523	0.05694914063669036	
ING1	0.6701058346231057	0.16494708268844716	0.16494708268844716	
CCPG1	0.17905113616297139	0.17905113616297139	0.6418977276740573	
TPRKB	0.2530763021914738	0.6647133992022352	0.08221029860629114	
JMJD4	0.13340276501405351	0.13340276501405351	0.7331944699718931	
TUBB6	0.09717488124376426	0.09717488124376426	0.8056502375124714	
UVSSA	0.1642777872630628	0.1642777872630628	0.6714444254738744	
SAMD4A	0.709744322530485	0.14512783873475749	0.14512783873475749	
AKR1E2	0.114050716754707	0.114050716754707	0.771898566490586	
AP006621.3	0.15907525269519918	0.15907525269519918	0.6818494946096018	
TRIM8	0.1702876827591134	0.1702876827591134	0.6594246344817731	
ACYP2	0.6417822029929269	0.17910889850353653	0.17910889850353653	
RANBP10	0.3164473255050013	0.5886772648503796	0.09487540964461914	
STIP1	0.02389887132772145	0.8372654323369945	0.13883569633528403	
ANKRD36	0.6756535344526465	0.16217323277367668	0.16217323277367668	
CCDC134	0.09143808770959279	0.8837760229178662	0.024785889372540917	
CAGE1	0.040815641896881874	0.6297138026305911	0.329470555472527	
TUBG1	0.1523429294300503	0.8021222476344512	0.04553482293549845	
DNMBP	0.6031326368938638	0.19843368155306812	0.19843368155306812	
EPB41L5	0.12510125778893158	0.8425785005486525	0.03232024166241588	
TPD52L2	0.5753338021171716	0.2123330989414142	0.2123330989414142	
LINC01137	0.1316600875319296	0.1316600875319296	0.7366798249361408	
SRGAP1	0.175356195678247	0.175356195678247	0.6492876086435061	
GOSR2	0.6161338581135091	0.1919330709432454	0.1919330709432454	
UBA5	0.3840392094502397	0.4908128900638558	0.12514790048590443	
CCDC126	0.16758638967525077	0.16758638967525077	0.6648272206494985	
SAMD5	0.7428309989014635	0.12858450054926832	0.12858450054926832	
HIPK1	0.14555042093498066	0.14555042093498066	0.7088991581300387	
PFKM	0.65042259691	0.17478870154499992	0.17478870154499992	
ESCO2	0.012831688074568715	0.8620669118830202	0.12510140004241105	
DDX28	0.015740934681252622	0.8906993847855897	0.09355968053315762	
MRPS23	0.33792518255111936	0.5687617677509035	0.09331304969797716	
BRD4	0.02295724869186879	0.8967861040576748	0.08025664725045643	
NDUFB6	0.14058370467215553	0.30828981823961443	0.55112647708823	
PLEKHB2	0.05255761873385191	0.7007865988904793	0.24665578237566874	
LINC01852	0.12178517040117863	0.12178517040117863	0.7564296591976428	
ZNF576	0.19042681147664517	0.19042681147664517	0.6191463770467097	
NPRL2	0.4189406739511564	0.4309173047767242	0.15014202127211948	
DDX11-AS1	0.060139797617779024	0.5499543259896243	0.3899058763925967	
PHF13	0.05550787257107912	0.929239352990788	0.01525277443813288	
USP54	0.5913251028540589	0.20433744857297054	0.20433744857297054	
MTCL1	0.09886604008979565	0.09886604008979565	0.8022679198204087	
PPP1R2	0.5669996042358992	0.21650019788205033	0.21650019788205033	
SLC16A13	0.047835371190738656	0.7167118032309545	0.23545282557830674	
GXYLT2	0.10504354539382735	0.10504354539382735	0.7899129092123452	
C3orf67	0.7296027193510198	0.13519864032449014	0.13519864032449014	
PDAP1	0.036982499221630105	0.8313777839369343	0.1316397168414355	
U73166.1	0.10701556410826536	0.10701556410826536	0.7859688717834692	
SSX2IP	0.719506949202587	0.1402465253987065	0.1402465253987065	
ANKRD42	0.6776079442044977	0.16119602789775114	0.16119602789775114	
AL603839.3	0.08786099942426952	0.08786099942426952	0.824278001151461	
CTDNEP1	0.0516845397497865	0.7293751137633139	0.21894034648689958	
PTRH2	0.6329825133573462	0.18350874332132683	0.18350874332132683	
PRDX1	0.07650727739571582	0.8991474700348425	0.024345252569441655	
TRIM44	0.1819976687809158	0.1819976687809158	0.6360046624381683	
GOLT1B	0.12743253216356532	0.8318671407759066	0.04070032706052807	
AC087741.1	0.14633254556719213	0.14633254556719213	0.7073349088656157	
PTPN6	0.16115945315343855	0.16115945315343855	0.677681093693123	
NUP93	0.6450102941428169	0.17749485292859155	0.17749485292859155	
CLASP2	0.17786165559511236	0.17786165559511236	0.6442766888097753	
FUBP3	0.100561205283212	0.8672774951926082	0.03216129952417986	
SLC1A4	0.1379103056627006	0.1379103056627006	0.7241793886745989	
DCAF10	0.1812011942055142	0.1812011942055142	0.6375976115889717	
HSD17B1	0.009400049078744045	0.9494049569531485	0.04119499396810749	
MANF	0.6230638588869509	0.1884680705565245	0.1884680705565245	
DKC1	0.033646039708768644	0.7800122027917931	0.1863417574994384	
CERS6	0.6691010199584375	0.16544949002078124	0.16544949002078124	
AL121658.1	0.26573152589183024	0.67759092645017	0.05667754765799967	
DGCR6L	0.6062747690858366	0.1968626154570817	0.1968626154570817	
TEC	0.14907489423550205	0.14907489423550205	0.701850211528996	
GATC	0.16882841722302303	0.16882841722302303	0.662343165553954	
ST7L	0.5920359129307623	0.2039820435346188	0.2039820435346188	
ZNF43	0.20686639041370222	0.7470015505075578	0.046132059078740066	
SMIM4	0.6025644190179426	0.19871779049102867	0.19871779049102867	
EPCAM	0.6441977308851746	0.17790113455741266	0.17790113455741266	
IFT88	0.18454834753154167	0.18454834753154167	0.6309033049369167	
ERLIN2	0.2107022413339477	0.721832201136123	0.06746555752992935	
FOXN3	0.605637291427984	0.197181354286008	0.197181354286008	
MIS12	0.16031497135739836	0.16031497135739836	0.6793700572852032	
SIKE1	0.40209331065274423	0.45144351854634435	0.1464631708009114	
ZNF837	0.6633695891238713	0.16831520543806427	0.16831520543806427	
GGNBP2	0.5664822015794397	0.21675889921028008	0.21675889921028008	
ETFDH	0.03770084367133761	0.7985047135736898	0.16379444275497246	
PNPLA2	0.12281621306895314	0.12281621306895314	0.7543675738620936	
LETM2	0.19940453370141045	0.7602525013652035	0.04034296493338604	
ABL2	0.6795748377048182	0.1602125811475909	0.1602125811475909	
GINS1	0.09728873093864585	0.8881693866183618	0.014541882442992428	
ATXN1L	0.1536623962573911	0.1536623962573911	0.6926752074852178	
KDM3B	0.6086520305591667	0.19567398472041658	0.19567398472041658	
NFYC-AS1	0.12425956369142475	0.12425956369142475	0.7514808726171505	
INTS2	0.130141135675597	0.25823598017135385	0.611622884153049	
GLRX3	0.15924203944044796	0.7842047764543063	0.05655318410524558	
ZFAND6	0.12885257232213101	0.8247930860307623	0.04635434164710662	
EIF4E	0.07201931222021878	0.6613762681827344	0.26660441959704684	
GTF2H3	0.07460663264143348	0.5801168471007466	0.34527652025782	
AC060780.1	0.1571758234700359	0.1571758234700359	0.6856483530599282	
EBP	0.037224130187139694	0.8227589073205887	0.14001696249227155	
C19orf73	0.44736193294568216	0.4291846135663347	0.12345345348798321	
ABCC4	0.6821096189979228	0.15894519050103859	0.15894519050103859	
DERL2	0.5845164973112835	0.20774175134435818	0.20774175134435818	
STRN3	0.6392964550176096	0.1803517724911952	0.1803517724911952	
SRP54	0.19538459408681477	0.7371677915181601	0.06744761439502509	
COG2	0.1570775750780628	0.1570775750780628	0.6858448498438744	
CMTR2	0.13172064493613353	0.8259518010421882	0.04232755402167814	
IGIP	0.36934411460369837	0.541478677546281	0.08917720785002063	
PWWP2B	0.03399320168850156	0.9552280265929141	0.010778771718584436	
MSX1	0.1101250889729494	0.1101250889729494	0.7797498220541011	
PPP1R26-AS1	0.6342153340708367	0.1828923329645816	0.1828923329645816	
SDR39U1	0.2842837884777782	0.6186168223567822	0.09709938916543966	
SSR4	0.1727512291073603	0.1727512291073603	0.6544975417852794	
RCN1	0.6411904376934796	0.17940478115326017	0.17940478115326017	
THRA	0.1626967915243933	0.1626967915243933	0.6746064169512134	
KIF27	0.03294627907433405	0.8381713135229233	0.12888240740274273	
ZNF609	0.06096159097334184	0.7234844517687308	0.21555395725792728	
CTU2	0.15282220397854165	0.15282220397854165	0.6943555920429167	
TIMELESS	0.1803507785256351	0.7878633971952888	0.031785824279076225	
NUDT13	0.6654015340397992	0.16729923298010038	0.16729923298010038	
AKAP1	0.3057422183725262	0.5802044101559998	0.11405337147147422	
TMPRSS3	0.7477072968494933	0.1261463515752534	0.1261463515752534	
AP000866.1	0.124927179871	0.124927179871	0.750145640258	
PIAS3	0.14878290761408183	0.14878290761408183	0.7024341847718363	
MECP2	0.5941090052636118	0.2029454973681941	0.2029454973681941	
SIDT1	0.6666941204474831	0.1666529397762584	0.1666529397762584	
SRSF1	0.031220055406868605	0.8676734844831423	0.10110646010998915	
BCAS3	0.13991872455020452	0.13991872455020452	0.720162550899591	
GPSM3	0.6286614080294471	0.1856692959852764	0.1856692959852764	
TTC1	0.18590560580244764	0.18590560580244764	0.6281887883951046	
KDM5C	0.16555577548022862	0.16555577548022862	0.6688884490395428	
KANK2	0.13746691083661372	0.13746691083661372	0.7250661783267726	
FEN1	0.024950726993553555	0.7997667715313378	0.17528250147510865	
ZNF724	0.1480109613863911	0.8267589453276603	0.025230093285948565	
LRTOMT	0.022053777650647602	0.8695294609021136	0.10841676144723883	
UBQLN4	0.11806454252471546	0.3797646245161002	0.5021708329591844	
HMBOX1	0.6319393783448696	0.18403031082756519	0.18403031082756519	
HSPB11	0.14752114587101534	0.8048342595009828	0.047644594628001836	
COA3	0.07326444908942414	0.6597139450312373	0.26702160587933865	
ETFBKMT	0.6723234118300316	0.16383829408498415	0.16383829408498415	
KDM2B	0.15736794677800836	0.15736794677800836	0.6852641064439834	
SCMH1	0.6290945368691642	0.18545273156541792	0.18545273156541792	
SNX25	0.05938879550033522	0.6687777261901076	0.27183347830955734	
IFRD1	0.11413153532685845	0.11413153532685845	0.771736929346283	
EEF1G	0.24126749502423545	0.7215264057755036	0.03720609920026082	
AL135999.1	0.1440970649713176	0.1440970649713176	0.7118058700573648	
APOOL	0.04749733263332847	0.7463754939352795	0.20612717343139197	
MORN1	0.6209574840344158	0.1895212579827921	0.1895212579827921	
ATE1	0.5956821250514837	0.20215893747425812	0.20215893747425812	
HGD	0.11508190170943784	0.11508190170943784	0.7698361965811242	
RBM34	0.03946975610629269	0.7674971126397705	0.19303313125393678	
SMAD5	0.15702532960217364	0.15702532960217364	0.6859493407956528	
METTL3	0.04481794604689717	0.7856108805571542	0.16957117339594857	
DONSON	0.09543355905236096	0.8791151364536455	0.025451304493993493	
MLPH	0.13593153640363934	0.13593153640363934	0.7281369271927214	
IPO7	0.0989526869144325	0.8729565511343746	0.028090761951192905	
LAMP1	0.622443048269568	0.188778475865216	0.188778475865216	
CCDC30	0.6891050809006043	0.15544745954969785	0.15544745954969785	
NAA15	0.07032540744573687	0.6039492418845758	0.32572535066968744	
CYBA	0.1660659499241651	0.1660659499241651	0.6678681001516698	
ASXL2	0.19095309499197535	0.19095309499197535	0.6180938100160493	
ZNF518B	0.07031314673465831	0.9081896759174183	0.021497177347923366	
CEBPB-AS1	0.1302924478925932	0.1302924478925932	0.7394151042148136	
TIMP2	0.7801823167860228	0.10990884160698863	0.10990884160698863	
DSCC1	0.258969718163959	0.7029381312700439	0.03809215056599718	
AC010226.1	0.13241510026141962	0.13241510026141962	0.7351697994771608	
KLHL9	0.1783000103906199	0.1783000103906199	0.6433999792187602	
JRKL	0.6245914044543494	0.1877042977728253	0.1877042977728253	
HDGFL3	0.7218589595387425	0.1390705202306288	0.1390705202306288	
BNIP2	0.15425857029813958	0.7951745928908974	0.05056683681096304	
RAB3GAP2	0.5609662737413246	0.21951686312933766	0.21951686312933766	
ELF3-AS1	0.04985524622643461	0.9371728850419869	0.012971868731578408	
TNPO3	0.0650206035619845	0.7489074701991255	0.18607192623889005	
CREBBP	0.5673761914520843	0.2163119042739578	0.2163119042739578	
PAK1	0.039673122656898874	0.946802959133411	0.01352391820969012	
TMEM175	0.16843687046733866	0.16843687046733866	0.6631262590653227	
MSANTD4	0.698440215877723	0.1507798920611385	0.1507798920611385	
ASH2L	0.1023206545728437	0.8625349583310937	0.03514438709606254	
ITFG2-AS1	0.13350792888256985	0.8315072863487758	0.034984784768654444	
RNF223	0.009112159227774688	0.9203280820052434	0.07055975876698185	
VBP1	0.5782853393169958	0.21085733034150206	0.21085733034150206	
C2orf15	0.014835419568223263	0.9069215431777984	0.0782430372539784	
ZNF451	0.03160541007406111	0.8615518727554835	0.10684271717045533	
BMPR1A	0.182346884238763	0.182346884238763	0.635306231522474	
RNF125	0.6401638231308526	0.17991808843457366	0.17991808843457366	
MAPKAPK5-AS1	0.1888802001475628	0.1888802001475628	0.6222395997048743	
ZFAND3	0.08612120772460469	0.5780263841064444	0.33585240816895107	
SLC5A3	0.677751948100659	0.16112402594967049	0.16112402594967049	
RPLP1	0.19716752000537338	0.7385298463692677	0.06430263362535886	
TRMT12	0.17705063152102518	0.17705063152102518	0.6458987369579495	
MRPL16	0.6152836240338673	0.1923581879830663	0.1923581879830663	
NT5C3A	0.19652576409548286	0.19652576409548286	0.6069484718090342	
METTL8	0.614187185426135	0.19290640728693245	0.19290640728693245	
IFNGR1	0.5936912090330734	0.20315439548346326	0.20315439548346326	
CEP78	0.02964771222172549	0.8040114490338925	0.16634083874438196	
CLN5	0.024257939294893067	0.8804256891166756	0.09531637158843137	
UBE3A	0.08971920324738299	0.6263214263011687	0.28395937045144826	
RYK	0.03352577093499518	0.8288043580781508	0.13766987098685415	
AC008429.1	0.10845176215749056	0.10845176215749056	0.7830964756850188	
GPN2	0.09584496058312915	0.8697703935051044	0.034384645911766404	
STUM	0.7602623175993445	0.1198688412003278	0.1198688412003278	
MID1IP1	0.6608021322906037	0.1695989338546981	0.1695989338546981	
PHKG1	0.7064810741938612	0.14675946290306943	0.14675946290306943	
PSPC1	0.016659511905565076	0.9270794221739156	0.056261065920519396	
KPNA4	0.103442799947446	0.5197340101025023	0.3768231899500517	
ATF7	0.5704555040367684	0.2147722479816158	0.2147722479816158	
ERF	0.1570642522467674	0.1570642522467674	0.6858714955064652	
RNF145	0.171833221735935	0.171833221735935	0.6563335565281301	
PTK2	0.06207558396036913	0.9124259967859684	0.02549841925366252	
NSUN6	0.650267329615439	0.1748663351922805	0.1748663351922805	
NEDD8	0.044290400754640316	0.8224714767859542	0.13323812245940536	
CCDC66	0.16471085700417162	0.16471085700417162	0.6705782859916568	
PSMD5	0.6259046131708365	0.18704769341458174	0.18704769341458174	
KCTD11	0.13999154907633707	0.13999154907633707	0.7200169018473258	
AC073896.2	0.16580201209917522	0.16580201209917522	0.6683959758016494	
BRAP	0.04665853167776857	0.8078949241212867	0.14544654420094472	
LIPH	0.7175511164525502	0.14122444177372495	0.14122444177372495	
ZFPM1	0.133113549236031	0.133113549236031	0.733772901527938	
KMO	0.06341255594099927	0.927405214215285	0.009182229843715693	
ANKEF1	0.05986194834187665	0.708312605286966	0.2318254463711574	
NDUFS5	0.1258151208401488	0.41226014667576577	0.4619247324840854	
RANBP2	0.17493947146942665	0.17493947146942665	0.6501210570611468	
RAB11FIP5	0.04804193832077791	0.9393826947530624	0.01257536692615977	
C6orf99	0.011807855713745216	0.9030754436512896	0.08511670063496526	
ZSCAN16	0.16981040705450712	0.16981040705450712	0.6603791858909858	
CNOT3	0.07288602408475896	0.8985145866190873	0.028599389296153646	
DCAF6	0.04895177948554124	0.8096651274745315	0.14138309303992722	
SGPL1	0.5747124350900471	0.21264378245497642	0.21264378245497642	
FAM83B	0.010143697910876914	0.9479485543220582	0.04190774776706492	
NAT2	0.035328679865346255	0.9552137581725492	0.009457561962104448	
DHFR	0.10320268993108452	0.8726107274026523	0.024186582666263126	
PRKAG2-AS1	0.6243210862502349	0.18783945687488254	0.18783945687488254	
RYBP	0.02188107924610902	0.8932837695029817	0.0848351512509092	
GMPS	0.23728530689330965	0.6938077283793578	0.0689069647273325	
CCP110	0.040460801768229034	0.8041876027609952	0.1553515954707757	
SRSF7	0.19358983174726516	0.7386610629029495	0.0677491053497852	
BCAS1	0.13310050888693203	0.13310050888693203	0.7337989822261359	
TMA7	0.5823956770630698	0.20880216146846503	0.20880216146846503	
ZNF507	0.0187120661296647	0.9146411367211705	0.06664679714916487	
FBXO3	0.056760734122575617	0.9208766313797431	0.022362634497681236	
GMPPA	0.031705648952805504	0.8611452475986436	0.10714910344855086	
C16orf46	0.017524835670863135	0.8540488667653333	0.1284262975638036	
SHCBP1	0.10795480544088837	0.8755094841976627	0.016535710361448852	
ENKD1	0.6167701806182276	0.19161490969088615	0.19161490969088615	
THOC2	0.5629273014969537	0.21853634925152313	0.21853634925152313	
HACE1	0.1496009828320631	0.1496009828320631	0.7007980343358737	
CST3	0.6491636191241974	0.1754181904379013	0.1754181904379013	
ZFP36	0.7520074704550582	0.12399626477247097	0.12399626477247097	
ARV1	0.09505238484513803	0.5817651775935696	0.3231824375612924	
EMC9	0.6472420436813183	0.1763789781593408	0.1763789781593408	
TMEM135	0.16527897451302964	0.16527897451302964	0.6694420509739408	
ZNF839	0.1315716021791317	0.8308959232033201	0.0375324746175481	
DCAF8	0.1942880746273646	0.1942880746273646	0.6114238507452707	
C10orf95	0.06366549108545382	0.9192641541666252	0.017070354747920923	
RDH10	0.18134316368556494	0.18134316368556494	0.6373136726288701	
HIST1H1D	0.12400196597531937	0.12400196597531937	0.7519960680493613	
ZNF143	0.02769786644276075	0.8787104748590956	0.09359165869814368	
NOP14-AS1	0.035144369407838834	0.8303588086674358	0.13449682192472534	
USE1	0.18201725417506706	0.18201725417506706	0.6359654916498658	
KIDINS220	0.5737904219858161	0.21310478900709193	0.21310478900709193	
APBB2	0.16474085500200134	0.16474085500200134	0.6705182899959974	
ICOSLG	0.12196602240473214	0.12196602240473214	0.7560679551905357	
LAD1	0.04378534526300318	0.9401771683272655	0.016037486409731336	
ABTB1	0.14950982311350955	0.14950982311350955	0.7009803537729808	
SNHG12	0.650662744041089	0.17466862797945545	0.17466862797945545	
FOXN3-AS1	0.14090227382146717	0.14090227382146717	0.7181954523570656	
SLC44A1	0.19495060136400177	0.19495060136400177	0.6100987972719963	
SSRP1	0.03321579596689294	0.8362931963275955	0.13049100770551145	
C3orf52	0.020794258269801687	0.8573050964292196	0.12190064530097869	
ZFYVE19	0.08819874531101929	0.8812702055575967	0.030531049131384002	
C1orf35	0.042011228375039705	0.8045660447154085	0.1534227269095518	
ASS1	0.1574753421692582	0.8031875312876255	0.03933712654311625	
ST3GAL3	0.1621923094273667	0.1621923094273667	0.6756153811452665	
MCM5	0.3560322762112211	0.5563705668217928	0.08759715696698614	
CDC42EP5	0.17488213130814828	0.17488213130814828	0.6502357373837035	
RPN1	0.048278905672041884	0.807147857293945	0.14457323703401317	
ATP7B	0.02123927075410092	0.8840137359805461	0.094746993265353	
NCAPG2	0.016267891290184005	0.8814065415928092	0.10232556711700684	
NEU3	0.6736532179869601	0.16317339100651992	0.16317339100651992	
UBE2O	0.13985977189597915	0.29513524942458896	0.565004978679432	
ST6GALNAC1	0.16130410774586149	0.16130410774586149	0.677391784508277	
ZNF100	0.20812596586466306	0.742997743331893	0.048876290803443925	
ZNF593	0.019957643969477575	0.8954209468592788	0.08462140917124363	
AL590705.1	0.7252983169492868	0.13735084152535662	0.13735084152535662	
NOL8	0.62543521093642	0.18728239453178996	0.18728239453178996	
G3BP2	0.1914800545006863	0.1914800545006863	0.6170398909986274	
TRIR	0.030205452815652175	0.8757498527061561	0.09404469447819176	
DDX27	0.25580907694194505	0.6505097969885323	0.09368112606952281	
PLBD1-AS1	0.0816154385153003	0.900211680826191	0.01817288065850859	
ODR4	0.14676298824182402	0.7965636651452234	0.05667334661295249	
POLR2I	0.07596642598276662	0.6766804213057884	0.24735315271144492	
APH1A	0.2705388500933109	0.628354374455998	0.10110677545069113	
HECA	0.16780893396999222	0.16780893396999222	0.6643821320600155	
MBLAC2	0.64271253182877	0.17864373408561499	0.17864373408561499	
NFKBIA	0.12599177229596395	0.12599177229596395	0.7480164554080722	
SET	0.18665626154599654	0.771740291526192	0.04160344692781143	
TMEM62	0.08344687390644263	0.636938989498537	0.2796141365950204	
FAM110A	0.01168567478608198	0.944910039442357	0.04340428577156099	
FAM98C	0.5856875888608399	0.20715620556957998	0.20715620556957998	
ULK4	0.1686533491271715	0.1686533491271715	0.6626933017456571	
SLC22A4	0.7451274439599052	0.12743627802004745	0.12743627802004745	
AC245060.6	0.10113495842358051	0.10113495842358051	0.7977300831528389	
EMB	0.7391819598892412	0.13040902005537944	0.13040902005537944	
PGD	0.632450568787864	0.18377471560606795	0.18377471560606795	
RAD51D	0.14317782005486085	0.14317782005486085	0.7136443598902783	
SLC38A7	0.6541999269543021	0.17290003652284894	0.17290003652284894	
FAM117B	0.6043682066189541	0.19781589669052294	0.19781589669052294	
RCC1L	0.13652411376793436	0.8188385852895521	0.04463730094251349	
AC091057.6	0.09553391677457805	0.8897987464527165	0.01466733677270537	
ARCN1	0.20610709500775984	0.20610709500775984	0.5877858099844803	
ZNF718	0.25114345485245626	0.7016815867938984	0.047174958353645324	
KLHL2	0.17959379123284488	0.17959379123284488	0.6408124175343103	
NIT1	0.197161437603064	0.7356002338932501	0.06723832850368591	
TRIM38	0.5982178140614929	0.20089109296925356	0.20089109296925356	
DST	0.13482324890519493	0.13482324890519493	0.7303535021896101	
HDHD5	0.6199390021362658	0.19003049893186702	0.19003049893186702	
MKI67	0.0734093732626488	0.9143723138360136	0.01221831290133758	
SNX14	0.10418216148304452	0.6029584401073519	0.2928593984096036	
LGALS3	0.15082577691367235	0.15082577691367235	0.6983484461726553	
TENT5A	0.011137433732047902	0.9141355708573002	0.07472699541065184	
DCTN3	0.569815169614003	0.21509241519299843	0.21509241519299843	
IER3IP1	0.14384893050588823	0.814561886771486	0.04158918272262568	
AL020996.1	0.021324159030268228	0.8692450407927824	0.10943080017694931	
CHRAC1	0.14391889113162168	0.4256333721245866	0.4304477367437917	
CUL4A	0.12870736613036055	0.8223248933357621	0.04896774053387728	
MTMR1	0.013292817597494932	0.9301561715953817	0.05655101080712344	
CADPS2	0.6342429210058808	0.18287853949705962	0.18287853949705962	
ADRB1	0.10820578460083048	0.10820578460083048	0.7835884307983391	
AADAT	0.6941742893477343	0.15291285532613288	0.15291285532613288	
AGO3	0.5760889807266264	0.21195550963668675	0.21195550963668675	
CBLN3	0.135328031055861	0.135328031055861	0.7293439378882779	
SPTBN1	0.18551388630073362	0.18551388630073362	0.6289722273985328	
USP5	0.06593719268900236	0.6976144198563959	0.23644838745460164	
TSEN2	0.18745094656488256	0.18745094656488256	0.6250981068702349	
TTC34	0.7333257436574924	0.13333712817125384	0.13333712817125384	
MIR210HG	0.15606429668875335	0.8159054012213279	0.028030302089918736	
LRBA	0.07047267299089963	0.6939395804062432	0.23558774660285736	
MCFD2	0.07739690203501151	0.7004850706495273	0.22211802731546132	
HABP4	0.13880322315897356	0.13880322315897356	0.7223935536820528	
GABPB2	0.5838061402094101	0.20809692989529488	0.20809692989529488	
AL354733.3	0.03961899123056739	0.5546273735177991	0.4057536352516334	
TFF3	0.7473624281872879	0.12631878590635603	0.12631878590635603	
TSC22D4	0.5989882033798318	0.20050589831008406	0.20050589831008406	
XPO5	0.16146020090076457	0.16146020090076457	0.677079598198471	
SMUG1	0.05222026372316398	0.9269121627010984	0.020867573575737534	
BTBD7	0.03016034160471738	0.8641310625740631	0.10570859582121947	
DEK	0.11454749279046496	0.8470702841991364	0.03838222301039863	
TSIX	0.8236943896705603	0.08815280516471986	0.08815280516471986	
LRP3	0.6673529081040154	0.16632354594799226	0.16632354594799226	
C1orf131	0.10870699475872127	0.8501031318255291	0.04118987341574969	
CUL2	0.033757165036766	0.8606890790055588	0.10555375595767513	
MLF2	0.10065688125472616	0.8626547821167189	0.036688336628555036	
CPXM2	0.09366552141608075	0.8918159061109326	0.014518572472986596	
FP565260.1	0.7335638457817408	0.13321807710912967	0.13321807710912967	
AC005726.5	0.0433914200526111	0.4640248827090744	0.4925836972383145	
EXD2	0.5769996031921242	0.2115001984039379	0.2115001984039379	
TMEM220	0.1373951945515962	0.1373951945515962	0.7252096108968076	
ARL6IP1	0.1111451954219558	0.8588951988365765	0.02995960574146771	
TERF1	0.5629713155626084	0.21851434221869578	0.21851434221869578	
BLVRB	0.5992920375517812	0.20035398122410936	0.20035398122410936	
ZNF175	0.08741380220864883	0.8876318413282295	0.02495435646312157	
AP002360.1	0.06178974557292168	0.916831037478053	0.02137921694902534	
G3BP1	0.6020359023881766	0.19898204880591164	0.19898204880591164	
TIMM10	0.1413985275332895	0.1413985275332895	0.717202944933421	
SDSL	0.5908263646416685	0.20458681767916573	0.20458681767916573	
MYL5	0.5903305005546773	0.2048347497226613	0.2048347497226613	
ERMP1	0.5823533401850869	0.2088233299074565	0.2088233299074565	
CDKN1A	0.10757991466841567	0.10757991466841567	0.7848401706631686	
ZNF891	0.17303228515882277	0.17303228515882277	0.6539354296823544	
MARCKS	0.6163768587136914	0.19181157064315427	0.19181157064315427	
AC016727.1	0.13953521191984197	0.13953521191984197	0.720929576160316	
RAB37	0.7061008106504779	0.146949594674761	0.146949594674761	
CASC3	0.5507557357296146	0.22462213213519266	0.22462213213519266	
OGFOD3	0.03820524935489579	0.8469560208757041	0.11483872976940017	
LINC00649	0.1393983631632318	0.1393983631632318	0.7212032736735363	
RABGEF1	0.15629325716286932	0.15629325716286932	0.6874134856742614	
SNX18	0.6376042475260802	0.18119787623695985	0.18119787623695985	
FBXO46	0.04385991249977081	0.9419460084941341	0.014194079006095083	
USP3-AS1	0.24923220628001444	0.6813223981533911	0.0694453955665945	
AL023284.4	0.014351789947666886	0.9105730833639254	0.07507512668840763	
CCT2	0.21553152365689998	0.7137002579285279	0.07076821841457212	
PLP2	0.1752500138883916	0.1752500138883916	0.6494999722232169	
DDX11	0.16540454734137716	0.7788981760730165	0.05569727658560632	
C8orf58	0.07398489595562523	0.9065138122585221	0.0195012917858527	
STIL	0.09208847575701894	0.8823256324324319	0.02558589181054924	
ADO	0.6403575902803983	0.17982120485980085	0.17982120485980085	
AP001816.1	0.06894910685730107	0.6378985171851441	0.2931523759575548	
RNF24	0.6124078439471885	0.19379607802640572	0.19379607802640572	
LMF1	0.6422527101067385	0.17887364494663074	0.17887364494663074	
SOX4	0.09611854479517587	0.8797437729235733	0.02413768228125082	
TPR	0.12002855514938642	0.8371198807977484	0.04285156405286516	
DCBLD2	0.14638898509786424	0.14638898509786424	0.7072220298042714	
ARF6	0.5825200785814854	0.2087399607092573	0.2087399607092573	
ATXN7L2	0.6815396263156526	0.1592301868421737	0.1592301868421737	
WDR53	0.2254246435292132	0.7037303077499458	0.0708450487208409	
RASD1	0.11380238349002189	0.11380238349002189	0.7723952330199562	
CYB5R2	0.016764520333403577	0.9021538158923775	0.081081663774219	
GET4	0.044895386647534584	0.9389049452169848	0.016199668135480665	
ATXN3	0.5466930809075661	0.22665345954621696	0.22665345954621696	
CDC34	0.08225064498109205	0.8843034341418999	0.033445920877007915	
PIKFYVE	0.5886725032485587	0.2056637483757206	0.2056637483757206	
ABI1	0.5394682868055147	0.2302658565972426	0.2302658565972426	
TFCP2	0.5759315149899036	0.21203424250504818	0.21203424250504818	
GYPC	0.7846420993010154	0.10767895034949237	0.10767895034949237	
TRIM28	0.03355432637504157	0.8571590294308168	0.10928664419414152	
LGI4	0.7420411632098426	0.12897941839507873	0.12897941839507873	
PMP22	0.655802149697795	0.17209892515110245	0.17209892515110245	
MTMR8	0.270068739110246	0.658174864276679	0.07175639661307484	
LMBRD2	0.5512185740950676	0.22439071295246618	0.22439071295246618	
RAD51	0.06586940074586133	0.920927518470745	0.013203080783393509	
CTH	0.6579676655279392	0.1710161672360304	0.1710161672360304	
GTF3C3	0.2141478259290269	0.7073109940715935	0.0785411799993797	
CCNC	0.0667265457380713	0.904710477209624	0.02856297705230459	
INTS5	0.6093291111923913	0.19533544440380432	0.19533544440380432	
H6PD	0.14529886869013922	0.14529886869013922	0.7094022626197216	
TMED8	0.15680955902167967	0.15680955902167967	0.6863808819566406	
USP40	0.037006502435288136	0.8609069449656638	0.10208655259904799	
AC116407.2	0.13876373316140303	0.13876373316140303	0.722472533677194	
SF3B5	0.1939190290994533	0.1939190290994533	0.6121619418010934	
TULP4	0.02176877528368067	0.9107638570876927	0.06746736762862658	
ZNF367	0.014300018067732656	0.8773242507435971	0.10837573118867026	
AC133919.1	0.730061569203963	0.1349692153980186	0.1349692153980186	
ZFYVE1	0.14469452795935514	0.14469452795935514	0.7106109440812898	
JUP	0.02515449100124457	0.878300726263344	0.09654478273541142	
SLFN12	0.08515025859911216	0.08515025859911216	0.8296994828017756	
PKNOX1	0.07739904579798398	0.6966108311618199	0.22599012304019606	
DIO3	0.7824465881379143	0.1087767059310429	0.1087767059310429	
ZNF181	0.16249146949312987	0.16249146949312987	0.6750170610137401	
ZNF500	0.18534782103010664	0.18534782103010664	0.6293043579397868	
PPP2CA	0.07384419515393223	0.8982226733135019	0.02793313153256581	
CDKN2AIP	0.19006067755622585	0.19006067755622585	0.6198786448875484	
NKIRAS1	0.06989412041670713	0.909923280140258	0.02018259944303482	
TELO2	0.04400068331743889	0.8188837689038129	0.13711554777874815	
TEX2	0.20480767358285143	0.20480767358285143	0.5903846528342971	
NRGN	0.13112470326433373	0.13112470326433373	0.7377505934713325	
TRMT2A	0.19775482209254747	0.19775482209254747	0.6044903558149051	
RSBN1L	0.5519778887150472	0.22401105564247642	0.22401105564247642	
BAIAP2L2	0.19394752219177797	0.19394752219177797	0.612104955616444	
DDX5	0.1726879016187931	0.1726879016187931	0.6546241967624139	
LGALS8	0.028403935025597807	0.8835973739799631	0.08799869099443915	
WDR82	0.20758855942944293	0.20758855942944293	0.5848228811411141	
AC009126.1	0.05769480502429802	0.9283816469523395	0.013923548023362453	
NEK5	0.6734534292020372	0.16327328539898137	0.16327328539898137	
CDAN1	0.1126233989195412	0.4314159587767463	0.4559606423037125	
DDX10	0.6108023647152874	0.1945988176423563	0.1945988176423563	
WDR3	0.14945030021339967	0.14945030021339967	0.7010993995732008	
ANAPC5	0.10196282868002356	0.6099411285438886	0.28809604277608797	
CCDC167	0.19309658023235332	0.74666463978881	0.06023877997883647	
CEP112	0.6860867444935591	0.15695662775322042	0.15695662775322042	
PGAP1	0.020288466817270936	0.8919499947174049	0.08776153846532421	
DNA2	0.015307997053097174	0.896265194852398	0.08842680809450484	
TMEM14B	0.0788036190042874	0.6989108359919826	0.22228554500373016	
CHD2	0.0432032562363648	0.823311793044941	0.1334849507186942	
BAZ2B	0.5589809721569216	0.22050951392153922	0.22050951392153922	
PHF23	0.5762479056222037	0.21187604718889808	0.21187604718889808	
HDAC6	0.5267220274866742	0.23663898625666288	0.23663898625666288	
RNASEH2C	0.5602867424870367	0.21985662875648165	0.21985662875648165	
MIR181A2HG	0.009376472233201353	0.9470236955533367	0.04359983221346199	
RAD23A	0.03483683138464422	0.8578947236893444	0.10726844492601144	
C1orf115	0.03190540112502394	0.958603475356594	0.009491123518382119	
MGST3	0.06276378231984706	0.9159586592747622	0.021277558405390803	
FAM149B1	0.054667198282346854	0.7746379642527498	0.1706948374649033	
SRC	0.5939167925933746	0.20304160370331267	0.20304160370331267	
OTUD4	0.028960274701083914	0.8785619297752403	0.09247779552367578	
GPATCH8	0.48469397597522845	0.30658117151011405	0.20872485251465756	
MYO10	0.20197426756037193	0.20197426756037193	0.5960514648792561	
LARP7	0.5729406324287055	0.21352968378564718	0.21352968378564718	
ADIPOR1	0.11247128910235443	0.847184649719408	0.04034406117823748	
AC006064.4	0.059124673347803504	0.5355673092324386	0.40530801741975797	
TNFSF15	0.6476882065584709	0.1761558967207645	0.1761558967207645	
TMEM150B	0.7720475867712686	0.11397620661436574	0.11397620661436574	
RAB11B	0.08223764990971576	0.8892449926877278	0.02851735740255637	
CHAF1B	0.014063381133515566	0.897903051876221	0.08803356699026342	
TESK2	0.012038969950996176	0.9355483115286276	0.05241271852037629	
HSD17B4	0.194871476828034	0.194871476828034	0.610257046343932	
C2orf76	0.04518022274156161	0.8112799328235764	0.14353984443486212	
WDCP	0.17222669768016918	0.17222669768016918	0.6555466046396615	
MYORG	0.06005875455394269	0.9160776472928729	0.023863598153184326	
TOX4	0.03910260682331182	0.8636581645812516	0.09723922859543664	
PSMA2	0.031038792507281424	0.8262545638641319	0.14270664362858676	
LINC00240	0.6913499948617582	0.15432500256912093	0.15432500256912093	
NEPRO	0.1851359841380606	0.1851359841380606	0.6297280317238787	
WDR20	0.06469822961453096	0.9101946807924958	0.025107089592973187	
LINC00342	0.1692790456454153	0.1692790456454153	0.6614419087091694	
AUNIP	0.009149767127966474	0.9241264799246139	0.0667237529474197	
FIBP	0.19022693596671514	0.19022693596671514	0.6195461280665696	
KRI1	0.19823153871355415	0.19823153871355415	0.6035369225728916	
AC092718.1	0.03345039013598546	0.7464369686911699	0.2201126411728446	
SENP2	0.0802128800974316	0.678736893751438	0.2410502261511304	
SNX7	0.19224918244589	0.19224918244589	0.6155016351082199	
ZNF770	0.16554670626925713	0.16554670626925713	0.6689065874614858	
MYDGF	0.07033726252467289	0.6946585976225175	0.23500413985280977	
ERCC1	0.5368597309456515	0.23157013452717418	0.23157013452717418	
TMEM14C	0.5780081758071349	0.2109959120964325	0.2109959120964325	
BABAM2	0.5598674763881533	0.2200662618059233	0.2200662618059233	
ZBTB11	0.1304851930738249	0.39610593550968154	0.47340887141649357	
TEDC2	0.08054625400917485	0.9046062112184069	0.014847534772418238	
POLR3E	0.19543518695122097	0.7253861223531338	0.07917869069564512	
EPB41L2	0.6467632796302848	0.17661836018485755	0.17661836018485755	
CU638689.4	0.19272649671097672	0.774985701198755	0.03228780209026817	
ZNF652	0.07063637540330209	0.6909645042425617	0.23839912035413635	
BTN2A2	0.6581514926310824	0.17092425368445877	0.17092425368445877	
TFE3	0.6257844389614048	0.1871077805192976	0.1871077805192976	
GALNT3	0.022672911986379263	0.9160007116958785	0.06132637631774216	
BBS1	0.6561832023666818	0.17190839881665904	0.17190839881665904	
MRPS24	0.6628785157174358	0.16856074214128206	0.16856074214128206	
EPRS	0.06349338328040571	0.7062056562211512	0.23030096049844315	
FBXW8	0.10301593810210226	0.8635716129811466	0.03341244891675112	
POLR2D	0.1302948223893702	0.818143949188233	0.05156122842239675	
STAU2	0.21462656512876052	0.21462656512876052	0.5707468697424789	
COQ6	0.07187341946582465	0.7065027068110157	0.22162387372315973	
B9D2	0.6411772360997224	0.17941138195013875	0.17941138195013875	
NRBP1	0.024025623603388523	0.8857455758980152	0.09022880049859631	
ZNF384	0.07363205481655158	0.7362512912429934	0.19011665394045518	
MLH3	0.56693215613508	0.21653392193246	0.21653392193246	
PGAM1	0.08458245346295826	0.6365432335939625	0.27887431294307935	
CNOT2	0.5266385394204398	0.23668073028978004	0.23668073028978004	
DDAH1	0.1917019379627793	0.1917019379627793	0.6165961240744413	
SLC4A2	0.1797944409448571	0.1797944409448571	0.6404111181102857	
NUDT6	0.6288147783601561	0.18559261081992193	0.18559261081992193	
NAA25	0.19824197026435939	0.7417382304894727	0.06001979924616768	
SHLD3	0.24207906918928032	0.6800720339098559	0.07784889690086363	
GTF2H4	0.4641644111814902	0.42258898124915323	0.11324660756935662	
AL591895.1	0.15166305520592688	0.15166305520592688	0.6966738895881464	
SLIT2	0.10651160196405834	0.10651160196405834	0.7869767960718833	
NAGLU	0.17141285920972127	0.17141285920972127	0.6571742815805575	
PPP4R3A	0.04098912432580322	0.8355547934026571	0.12345608227153956	
SNX32	0.6386591505837079	0.180670424708146	0.180670424708146	
MEMO1	0.5766315862640642	0.21168420686796785	0.21168420686796785	
WFDC1	0.15220144722440282	0.15220144722440282	0.6955971055511944	
BBS7	0.5761753160286849	0.21191234198565756	0.21191234198565756	
ZNF439	0.01930045254856005	0.89588549438276	0.08481405306867995	
RAP2C	0.07392317312568987	0.8989454523934746	0.02713137448083546	
FAM32A	0.10891137294898037	0.8493392451332142	0.04174938191780543	
C21orf91	0.011130871256529107	0.9478136858565088	0.04105544288696201	
SPON2	0.5831187678196034	0.20844061609019826	0.20844061609019826	
ACE	0.62092418569422	0.18953790715288996	0.18953790715288996	
TSC22D3	0.6146521293286963	0.1926739353356518	0.1926739353356518	
KTI12	0.10076827069077322	0.8623017753405755	0.036929953968651216	
TSC22D2	0.022794713106715665	0.8667416256602222	0.1104636612330621	
ISY1	0.0585989931405832	0.7433383567315125	0.19806265012790422	
AC008443.5	0.6280462623983069	0.18597686880084655	0.18597686880084655	
IFNLR1	0.037526540923334226	0.7698395544597458	0.19263390461691982	
COQ8B	0.2010357511784627	0.2010357511784627	0.5979284976430745	
TXNDC5	0.1494088683408407	0.1494088683408407	0.7011822633183186	
TAPT1	0.07117236550951371	0.7253579510361154	0.2034696834543709	
PFAS	0.17542047486892048	0.7797856558769685	0.04479386925411101	
NKAPD1	0.1960434695365971	0.1960434695365971	0.6079130609268059	
CCDC149	0.6096410851818308	0.19517945740908457	0.19517945740908457	
NXF1	0.050881420895568075	0.7667332993480244	0.18238527975640756	
VPS26A	0.04038751000158338	0.8523559237856068	0.10725656621280981	
MOSPD3	0.19210889518706653	0.19210889518706653	0.6157822096258668	
AK2	0.13530336346467606	0.8140531449824724	0.05064349155285149	
ZC3H11B	0.03077923304078556	0.7910905731004325	0.17813019385878187	
BCL11B	0.6325298668029375	0.18373506659853123	0.18373506659853123	
TXNRD3	0.12054495743271158	0.8484051668066593	0.031049875760629078	
VPS54	0.19047571433798877	0.19047571433798877	0.6190485713240226	
PDCD4-AS1	0.6340418705506988	0.18297906472465053	0.18297906472465053	
ATP8B4	0.12529733739874527	0.12529733739874527	0.7494053252025095	
AAMP	0.09736308516598192	0.8628169209631003	0.039819993870917864	
CSNK2A2	0.01954126198391508	0.9162380144907283	0.06422072352535665	
ZNF558	0.5874635707752779	0.206268214612361	0.206268214612361	
SLC7A6OS	0.5396214457084343	0.23018927714578283	0.23018927714578283	
GIMAP2	0.16524899742930169	0.16524899742930169	0.6695020051413967	
FZD1	0.18814118938566718	0.18814118938566718	0.6237176212286656	
B3GNT2	0.16656294796998938	0.16656294796998938	0.6668741040600212	
TRMO	0.5994491633874555	0.2002754183062722	0.2002754183062722	
NUDC	0.05506252283462834	0.7449500683153242	0.19998740885004748	
CDC16	0.27001965755469043	0.6064845615884006	0.12349578085690908	
C9orf85	0.07724540764271039	0.6967303611164377	0.2260242312408519	
CORO2A	0.543829076664567	0.22808546166771643	0.22808546166771643	
DERA	0.599524766085321	0.20023761695733946	0.20023761695733946	
CSTB	0.5690615918554085	0.2154692040722957	0.2154692040722957	
ZNF687	0.02987496684273035	0.8602734184936391	0.10985161466363058	
CEP55	0.07357191278146932	0.9127671893197388	0.013660897898791815	
ZNF862	0.6281361434572853	0.18593192827135732	0.18593192827135732	
NET1	0.011791031164524768	0.9449912970525028	0.04321767178297239	
ZBTB37	0.07340545636798264	0.6663135250784896	0.26028101855352775	
PLCB1	0.13537532392164378	0.13537532392164378	0.7292493521567125	
EMC1	0.17599239558244278	0.7559943118310166	0.06801329258654065	
TRAPPC12	0.20501437610298232	0.20501437610298232	0.5899712477940354	
LRRC8D	0.5453122786732792	0.22734386066336038	0.22734386066336038	
INAFM1	0.607681402240072	0.19615929887996392	0.19615929887996392	
FHDC1	0.009406746360550732	0.9500813824156239	0.040511871223825296	
AC091271.1	0.162393665175115	0.162393665175115	0.6752126696497699	
PID1	0.17980455311141916	0.17980455311141916	0.6403908937771616	
PLIN3	0.02209566366774474	0.8833539328357266	0.09455040349652861	
SERINC5	0.5265360530102107	0.23673197349489464	0.23673197349489464	
ZNF709	0.705514785024152	0.147242607487924	0.147242607487924	
MADCAM1	0.6973703905056127	0.15131480474719367	0.15131480474719367	
PRAG1	0.046950181919650016	0.7595200655417299	0.19352975253862	
NXT2	0.014408665175556404	0.9423309785632665	0.04326035626117708	
TLR5	0.7286710757399362	0.13566446213003197	0.13566446213003197	
HIST1H2BC	0.04569893317686336	0.9434265186762069	0.01087454814692967	
AP001318.2	0.18675215810843662	0.7639056396318317	0.04934220225973168	
NOMO2	0.07308071985931465	0.6627734624965499	0.2641458176441355	
AL359232.1	0.1260633884408116	0.1260633884408116	0.7478732231183768	
LPIN2	0.031023534286619758	0.8446871412042661	0.12428932450911409	
MAP2K7	0.0856027417322703	0.8778051869181381	0.036592071349591526	
HOXB3	0.1573919452477883	0.1573919452477883	0.6852161095044235	
SNAP23	0.0250342481569822	0.8857067838728068	0.08925896797021099	
NAP1L4	0.08180574326422654	0.883084402269594	0.03510985446617948	
IL10RA	0.1319532200229142	0.1319532200229142	0.7360935599541716	
DNTTIP1	0.1966885609077651	0.1966885609077651	0.6066228781844698	
CXCL1	0.12486926989138339	0.12486926989138339	0.7502614602172333	
SNX4	0.05291207341359815	0.8166961444768138	0.13039178210958793	
TAF1	0.5595343807488138	0.22023280962559313	0.22023280962559313	
KTN1-AS1	0.5917438167610459	0.204128091619477	0.204128091619477	
FANCB	0.08366771947465017	0.9001095570081739	0.01622272351717601	
PSCA	0.08404068959760894	0.904988016487061	0.010971293915330148	
C1QTNF12	0.0638496594307789	0.9217198148118643	0.014430525757356897	
WAC	0.12862213314735416	0.8120713073816586	0.05930655947098728	
SP100	0.17851563760159303	0.17851563760159303	0.642968724796814	
ZNF821	0.16241390469961903	0.16241390469961903	0.6751721906007621	
B3GAT3	0.5298553703401429	0.23507231482992855	0.23507231482992855	
ZBED3	0.6307845946821856	0.18460770265890716	0.18460770265890716	
SCLT1	0.561822887345064	0.21908855632746796	0.21908855632746796	
BSCL2	0.03903105956416512	0.8365593644852077	0.12440957595062715	
TUBA1C	0.023823919971274407	0.8981926082592772	0.0779834717694483	
CCR10	0.11132160882093718	0.11132160882093718	0.7773567823581256	
MAN1A2	0.02674673200041136	0.9623628270976741	0.010890440901914522	
THRAP3	0.04512178934688952	0.8244661462796473	0.13041206437346312	
IK	0.1723526445060147	0.7498743645217919	0.07777299097219335	
UCK2	0.016628771054405724	0.9394609406501792	0.04391028829541507	
LARS2	0.6016244354876746	0.19918778225616263	0.19918778225616263	
ZBTB3	0.06411405014032925	0.9155205165591256	0.020365433300545042	
EXOC7	0.20957457669321444	0.20957457669321444	0.5808508466135712	
GPC2	0.020365223026222557	0.8850409519497199	0.09459382502405764	
CLCN6	0.20281487344704793	0.20281487344704793	0.5943702531059042	
TSPAN14	0.5117441063244103	0.24412794683779485	0.24412794683779485	
MCL1	0.699210353754698	0.150394823122651	0.150394823122651	
ZNF585B	0.6031802835676741	0.19840985821616292	0.19840985821616292	
CNTLN	0.13205058948894913	0.13205058948894913	0.7358988210221017	
EBF4	0.13073447445556075	0.13073447445556075	0.7385310510888784	
AP1S2	0.5711881708753122	0.2144059145623439	0.2144059145623439	
USP6NL	0.023221576101966707	0.9093381842546181	0.06744023964341517	
HNRNPA2B1	0.08523305843472165	0.8796123069529734	0.03515463461230496	
TFB1M	0.5800014620704053	0.20999926896479731	0.20999926896479731	
TEFM	0.37719988188258585	0.45550806665370863	0.16729205146370543	
PIGX	0.21410674129832602	0.21410674129832602	0.571786517403348	
KNOP1	0.1942260332403502	0.1942260332403502	0.6115479335192996	
SRR	0.6039455604818729	0.19802721975906357	0.19802721975906357	
OGT	0.20598103012028995	0.20598103012028995	0.5880379397594202	
PDCD6	0.02466046558724438	0.9058658886880222	0.06947364572473347	
VRK3	0.19871851620249967	0.7170834164303571	0.0841980673671433	
E2F8	0.12288574495299899	0.12288574495299899	0.7542285100940019	
CSDE1	0.04566300526813717	0.8434787815800033	0.11085821315185944	
TMCC1	0.12608642039009768	0.81833261906389	0.05558096054601223	
POP7	0.02100606483500838	0.920737989142823	0.05825594602216865	
PKMYT1	0.012792589092830615	0.9138533221221486	0.0733540887850208	
HIPK3	0.2032613503741397	0.2032613503741397	0.5934772992517205	
NIPBL	0.21890110164415058	0.21890110164415058	0.5621977967116989	
HID1	0.02878371452779077	0.8326772486022349	0.13853903686997424	
PPP2R1B	0.5371779216269684	0.23141103918651576	0.23141103918651576	
RAB8A	0.025697963102734363	0.9044108845999663	0.06989115229729917	
DERL3	0.044961995374784056	0.9456748869328119	0.00936311769240408	
PPFIBP1	0.5353473737484367	0.23232631312578164	0.23232631312578164	
GBP4	0.14770401801838462	0.14770401801838462	0.7045919639632309	
TMEM222	0.09308384339835211	0.6616527812518862	0.24526337534976167	
ZNF483	0.7533936632778139	0.12330316836109312	0.12330316836109312	
DYNLL1	0.19543827590570223	0.19543827590570223	0.6091234481885955	
RINT1	0.07146527083983316	0.7289539496771377	0.19958077948302927	
CEP97	0.16495901042462632	0.16495901042462632	0.6700819791507474	
MEPCE	0.1395285653686199	0.1395285653686199	0.7209428692627601	
MAK16	0.06635547721722033	0.6771033025662427	0.25654122021653697	
CCDC92	0.5807409229632028	0.20962953851839855	0.20962953851839855	
LRRC57	0.22726965412107336	0.22726965412107336	0.5454606917578533	
HNRNPU	0.08439675007533333	0.6879074422720314	0.22769580765263536	
AL355488.1	0.14934718518467674	0.14934718518467674	0.7013056296306465	
IFITM2	0.6407587435219432	0.1796206282390284	0.1796206282390284	
ZNF320	0.08516357976602419	0.895570906224247	0.019265514009728837	
ELL2	0.5999931837628106	0.20000340811859466	0.20000340811859466	
SNCA	0.8068567151203174	0.09657164243984134	0.09657164243984134	
RBM4B	0.09578005406930712	0.8628177623744548	0.04140218355623805	
SNX1	0.5216992183797533	0.23915039081012335	0.23915039081012335	
ZNF207	0.10769630978827179	0.8424661496358792	0.04983754057584899	
RIPOR1	0.1607342361816907	0.1607342361816907	0.6785315276366185	
CCDC15	0.6517886169029601	0.17410569154851993	0.17410569154851993	
NDUFV2-AS1	0.597362471166365	0.2013187644168175	0.2013187644168175	
ANXA2	0.03588969761979528	0.8600744755748174	0.10403582680538723	
MMP24OS	0.1858243008843889	0.1858243008843889	0.6283513982312222	
KIAA1217	0.3434924209844985	0.53650215195165	0.12000542706385156	
LYPD3	0.012979954111644768	0.9253246762621148	0.061695369626240476	
EPHB2	0.014418039142228438	0.9281885308668139	0.057393429990957666	
SPCS2	0.5465337732340025	0.2267331133829987	0.2267331133829987	
TRMT44	0.5511970270693878	0.22440148646530608	0.22440148646530608	
CIAPIN1	0.15437377753052225	0.785414909909038	0.06021131256043986	
DBT	0.13402195567094558	0.4458205118888184	0.420157532440236	
CCDC25	0.14995766593983723	0.44873626185971793	0.4013060722004448	
PLAU	0.15028645562531034	0.15028645562531034	0.6994270887493794	
ANKRD17	0.22286469080716512	0.2488413331758132	0.5282939760170217	
DUSP3	0.5639711315919356	0.2180144342040322	0.2180144342040322	
AC099778.1	0.16837783176635202	0.16837783176635202	0.663244336467296	
SPIN1	0.07543220165666482	0.8881096365259903	0.03645816181734493	
EIF2B4	0.1240529858500431	0.5732684178950391	0.3026785962549178	
ZNF551	0.08889896328187881	0.8849037299353385	0.02619730678278277	
ZNF213-AS1	0.19164108948393624	0.19164108948393624	0.6167178210321276	
STXBP5-AS1	0.6650256945379268	0.16748715273103656	0.16748715273103656	
RB1CC1	0.5399857453612242	0.23000712731938786	0.23000712731938786	
SFPQ	0.04226866181378778	0.8408156105261003	0.1169157276601119	
GRWD1	0.21162367474365543	0.7059441554071257	0.08243216984921897	
GTF2IRD2B	0.6340482271829511	0.18297588640852444	0.18297588640852444	
STARD3	0.20769984751206422	0.20769984751206422	0.5846003049758717	
LMCD1	0.1767693948090782	0.1767693948090782	0.6464612103818437	
MSL2	0.6015019316271093	0.19924903418644532	0.19924903418644532	
AF001548.2	0.11916562219909012	0.11916562219909012	0.7616687556018197	
MSH3	0.13325511207337706	0.509673201206382	0.3570716867202409	
AC092803.2	0.17489381583144123	0.17489381583144123	0.6502123683371176	
ZNF75A	0.21110662685207468	0.21110662685207468	0.5777867462958506	
SLC25A30	0.5700509496502303	0.2149745251748848	0.2149745251748848	
FURIN	0.011918946241672041	0.9456983794359629	0.04238267432236498	
OPTN	0.08934432661325693	0.5443426620532473	0.3663130113334957	
IGSF9	0.05601108825893234	0.9288264226939329	0.01516248904713477	
ACP6	0.03268152611841329	0.8585307058150586	0.10878776806652798	
RANGRF	0.02961065332757721	0.8839567716784289	0.08643257499399382	
AC073529.1	0.04660359919800396	0.9392775219394022	0.014118878862593815	
TMEM170A	0.09892988490453834	0.8553904386338257	0.045679676461635926	
PPA1	0.22041570160730956	0.22041570160730956	0.559168596785381	
U2AF2	0.051456313033862944	0.9213633728470532	0.027180314119083938	
SMARCAD1	0.18957096244498153	0.18957096244498153	0.6208580751100369	
ATG13	0.07909557597656666	0.8851068055876792	0.03579761843575402	
TPD52	0.029818261584789594	0.8926312751688666	0.0775504632463438	
ELOVL5	0.1550845013745855	0.1550845013745855	0.6898309972508291	
FGFRL1	0.20842581469560112	0.20842581469560112	0.5831483706087977	
TUBG2	0.17294251061574611	0.17294251061574611	0.6541149787685079	
RANBP1	0.09868569923569362	0.8694312041956961	0.031883096568610346	
EEF2KMT	0.21170879844425317	0.21170879844425317	0.5765824031114936	
ZGRF1	0.02493288927295421	0.8578014446349183	0.11726566609212756	
NMRK1	0.04390239947380583	0.8253860601283608	0.13071154039783328	
LYSMD2	0.5738211903840632	0.21308940480796837	0.21308940480796837	
CPEB3	0.19379782696495162	0.19379782696495162	0.6124043460700969	
PRDM1	0.11593892540901136	0.11593892540901136	0.7681221491819772	
AKR7A2	0.06351541492145124	0.7522370818390868	0.1842475032394619	
CYP1B1-AS1	0.1397565918885998	0.1397565918885998	0.7204868162228005	
TK1	0.017092420035092527	0.9046871094074893	0.07822047055741814	
PIGO	0.05334522695386752	0.9221211017343793	0.024533671311753154	
MED14	0.5301917740743839	0.23490411296280803	0.23490411296280803	
LYRM2	0.10291753557537622	0.8469926789925827	0.05008978543204104	
ITPKA	0.5705420636994004	0.21472896815029974	0.21472896815029974	
NMRAL1	0.06425232852316931	0.9112634864069917	0.024484185069838935	
RARS	0.08690062269743988	0.8744969586391934	0.038602418663366764	
GNL3	0.11424565709826774	0.8414123559468815	0.04434198695485074	
FBXW9	0.11180411204116152	0.8442985006476663	0.04389738731117215	
PACRGL	0.5524702861474619	0.22376485692626902	0.22376485692626902	
ZC3H12A	0.11963910410649052	0.11963910410649052	0.7607217917870189	
CDC45	0.062032226005967514	0.9249964935292975	0.012971280464734988	
ZHX3	0.6098132806081842	0.19509335969590788	0.19509335969590788	
ZNF605	0.20010563181035323	0.20010563181035323	0.5997887363792936	
ZNF777	0.048230992746106496	0.9370260391193576	0.01474296813453599	
PIGB	0.5390395731950446	0.2304802134024777	0.2304802134024777	
KIN	0.06701187835570643	0.7680071573191762	0.16498096432511744	
MRPL20	0.046447835876830684	0.8236824725076607	0.12986969161550857	
STK32C	0.18511655146391393	0.18511655146391393	0.6297668970721721	
FXYD3	0.04787709873097095	0.9385400176674843	0.013582883601544742	
HEATR6	0.1904968211859958	0.1904968211859958	0.6190063576280083	
RHOA	0.06767356132432045	0.7530706168609892	0.17925582181469038	
COQ3	0.19951484345450005	0.19951484345450005	0.600970313091	
IPO9	0.2267148187568795	0.6854734664945191	0.08781171474860146	
FAM76B	0.04526339478711152	0.8195683799990682	0.1351682252138203	
CLEC2D	0.6210389663713565	0.18948051681432174	0.18948051681432174	
HGH1	0.5717830850736368	0.21410845746318152	0.21410845746318152	
ZMYND15	0.12171958700071948	0.12171958700071948	0.7565608259985611	
PPP1R3F	0.6160877364182438	0.1919561317908781	0.1919561317908781	
STOML2	0.09376734181867764	0.864733803903191	0.0414988542781314	
BCLAF1	0.05661210740980766	0.7931088607396233	0.15027903185056907	
CAMK4	0.6864440987986978	0.15677795060065108	0.15677795060065108	
DMTN	0.564745729155181	0.21762713542240947	0.21762713542240947	
DENND2C	0.12456311737421548	0.12456311737421548	0.750873765251569	
ETAA1	0.18751533281316787	0.18751533281316787	0.6249693343736643	
GYS1	0.07343798547194576	0.7451718987462324	0.18139011578182188	
AL138724.1	0.5744703675256659	0.212764816237167	0.212764816237167	
NEK8	0.021360883762273214	0.914015290555406	0.06462382568232085	
BMP2	0.15327556419693986	0.15327556419693986	0.6934488716061202	
NCOA5	0.04304241928244273	0.8400295855790334	0.1169279951385238	
CHCHD1	0.07237881030033118	0.8940402482833638	0.033580941416304945	
OS9	0.07284941050501266	0.7365234995234359	0.19062708997155137	
PEX11G	0.18288843297443352	0.18288843297443352	0.634223134051133	
HIST1H4I	0.021615460406170666	0.9042496370819049	0.07413490251192452	
ASAH2B	0.6331124246148528	0.18344378769257358	0.18344378769257358	
UBA52	0.23040311124776977	0.23040311124776977	0.5391937775044605	
TMEM176B	0.17906828307091327	0.17906828307091327	0.6418634338581735	
RNF111	0.119421004879021	0.6101958103958182	0.2703831847251608	
HELB	0.19320763912813305	0.19320763912813305	0.6135847217437339	
HPF1	0.20760810857777934	0.20760810857777934	0.5847837828444412	
DNPEP	0.34538290108837655	0.4971053027617393	0.15751179614988423	
CIZ1	0.5218479071881921	0.23907604640590396	0.23907604640590396	
KAZALD1	0.6380822301680138	0.18095888491599307	0.18095888491599307	
HLX	0.12837432351926562	0.12837432351926562	0.7432513529614688	
ORC1	0.013718139658655358	0.9204936766943395	0.0657881836470052	
SCLY	0.17973223120953294	0.17973223120953294	0.6405355375809341	
ZNF217	0.022212566532344487	0.9108663675063302	0.06692106596132522	
MRPL15	0.024234919446631767	0.8981762315287005	0.07758884902466764	
KATNA1	0.2169764439074229	0.2169764439074229	0.5660471121851541	
ALMS1	0.21051980051808364	0.21051980051808364	0.5789603989638328	
COX15	0.07119402784389069	0.7675421099474538	0.16126386220865546	
AC009041.2	0.1318048834844559	0.1318048834844559	0.7363902330310881	
MYBL1	0.14318984961787948	0.14318984961787948	0.713620300764241	
TOPORS	0.4989402388621437	0.2505298805689281	0.2505298805689281	
U2AF1	0.7357548636815366	0.13212256815923173	0.13212256815923173	
SOX13	0.0724158521648553	0.9023488254282035	0.02523532240694119	
CTNNBIP1	0.5105166895023656	0.24474165524881714	0.24474165524881714	
MKRN2OS	0.5908648458093783	0.20456757709531084	0.20456757709531084	
XRCC2	0.00925473721715552	0.9347284589327075	0.056016803850137006	
ARHGAP17	0.17911712871596372	0.7480168268817149	0.07286604440232132	
COG1	0.07660091041019793	0.8865492072731838	0.03684988231661827	
DHRS1	0.5708996227190427	0.21455018864047865	0.21455018864047865	
TSPYL2	0.14693235599104623	0.14693235599104623	0.7061352880179076	
MCAT	0.2117893866815508	0.2117893866815508	0.5764212266368984	
LRP1	0.21112125421265276	0.21112125421265276	0.5777574915746944	
EXO1	0.009241614979208949	0.9334031129001038	0.057355272120687216	
SMPD4	0.08941191393273584	0.8693535940033744	0.04123449206388976	
SPICE1	0.5588403916628173	0.22057980416859133	0.22057980416859133	
AMER1	0.6013851624897533	0.19930741875512334	0.19930741875512334	
TUBGCP4	0.09067935326714083	0.8693193839633063	0.04000126276955279	
TMEM199	0.2642400083471356	0.6036418473613148	0.1321181442915497	
CCSAP	0.009429514710580768	0.9523809857686576	0.03818949952076166	
BBC3	0.1455872658080921	0.1455872658080921	0.7088254683838159	
SLC2A11	0.021758932512828906	0.9686504687863164	0.009590598700854618	
MMS19	0.37096678640849645	0.4562261720233385	0.17280704156816504	
CHD7	0.22706201923673527	0.22706201923673527	0.5458759615265295	
ENKUR	0.011512561407527508	0.9231436186614453	0.06534381993102714	
NBPF15	0.21716696006277017	0.21716696006277017	0.5656660798744596	
SRRM1	0.19682959303299488	0.2940969644678127	0.5090734424991925	
CLDN4	0.015027840408409394	0.920766502477287	0.06420565711430361	
FAM53C	0.5859402976465352	0.20702985117673234	0.20702985117673234	
PLCH2	0.6880717427444152	0.15596412862779244	0.15596412862779244	
NAMPT	0.5537875177360492	0.22310624113197539	0.22310624113197539	
INTS13	0.20518060187592635	0.20518060187592635	0.5896387962481474	
AC144652.1	0.053765979678089014	0.9302942997919157	0.015939720529995392	
CASK	0.5494552174346581	0.22527239128267093	0.22527239128267093	
PPP1R15A	0.6843615023209718	0.15781924883951415	0.15781924883951415	
TMED10	0.10384437498983394	0.8413835837628801	0.0547720412472859	
SRSF5	0.022407295226621788	0.9101673103829064	0.0674253943904718	
TTC32	0.5687660154770298	0.2156169922614851	0.2156169922614851	
OGA	0.2323060261493646	0.2323060261493646	0.5353879477012708	
DHX15	0.0348029798505215	0.8864317237472881	0.07876529640219036	
FBXO33	0.18129789987230216	0.18129789987230216	0.6374042002553956	
GNA12	0.026726566351229327	0.8942519278773812	0.07902150577138954	
NFXL1	0.02120371416617091	0.9177368729629254	0.061059412870903676	
ATAT1	0.061036173418983264	0.7938068110457387	0.14515701553527793	
POLD2	0.5635882212134622	0.21820588939326888	0.21820588939326888	
MTPAP	0.5822419999335102	0.20887900003324483	0.20887900003324483	
RAB21	0.531899761996376	0.23405011900181202	0.23405011900181202	
HIST2H2BF	0.5953634521218081	0.20231827393909596	0.20231827393909596	
ADA	0.5926624174851771	0.2036687912574114	0.2036687912574114	
CANX	0.04960864404140101	0.8140870153173965	0.13630434064120242	
TRIM4	0.501496862282254	0.24925156885887298	0.24925156885887298	
ATP5F1E	0.2246670948725228	0.2246670948725228	0.5506658102549545	
ZBTB45	0.21009660269640035	0.21009660269640035	0.5798067946071994	
GPATCH2	0.16509651397236616	0.4457381691379113	0.3891653168897225	
METTL22	0.20685750730595595	0.20685750730595595	0.5862849853880882	
ZNF77	0.06680155207223135	0.9064500883518215	0.026748359575947057	
DNAJC8	0.26239790066128593	0.6178530409930792	0.11974905834563496	
HOPX	0.6507072525266331	0.17464637373668343	0.17464637373668343	
QPCTL	0.19309940748825996	0.19309940748825996	0.6138011850234801	
POP5	0.21207576878960388	0.21207576878960388	0.5758484624207924	
MOCS2	0.5338185282949836	0.2330907358525082	0.2330907358525082	
PSEN1	0.15340287747659237	0.7674537005920297	0.07914342193137788	
EIF2B2	0.026512240507752183	0.9053785573443506	0.06810920214789709	
ABCE1	0.18693010892693943	0.18693010892693943	0.6261397821461211	
TRIB2	0.14400402821107422	0.14400402821107422	0.7119919435778514	
PDCD5	0.20734016669960462	0.20734016669960462	0.5853196666007907	
CTDSP2	0.1965947536771749	0.1965947536771749	0.6068104926456501	
PSMA4	0.06335890860717006	0.7739795896793827	0.16266150171344718	
AC022613.2	0.6687507535164557	0.16562462324177207	0.16562462324177207	
AP4M1	0.5105603291467136	0.24471983542664322	0.24471983542664322	
THAP7	0.5170884375087911	0.24145578124560443	0.24145578124560443	
DDTL	0.029759943336912717	0.8014167236642448	0.16882333299884253	
TTLL1	0.6239273338902056	0.18803633305489714	0.18803633305489714	
PDHX	0.12656678518874517	0.8057235658839866	0.06770964892726805	
POLR2H	0.06638589412401315	0.897009299937059	0.03660480593892788	
SETD6	0.026267381664046595	0.8962560897589806	0.07747652857697265	
SMDT1	0.2158100062490333	0.2158100062490333	0.5683799875019333	
ZDHHC6	0.04921845677718297	0.8420031112243227	0.10877843199849417	
MAP10	0.6548120584127096	0.17259397079364514	0.17259397079364514	
SPATA2	0.07619135858173431	0.8963320400138911	0.02747660140437459	
ASCC3	0.09339134446411795	0.6345387327473718	0.2720699227885103	
DHX36	0.43453441633135137	0.3551633508266285	0.2103022328420201	
POMP	0.11836279625194562	0.822113557919078	0.059523645828976304	
KAT2A	0.5344780124157003	0.23276099379214985	0.23276099379214985	
ZNF266	0.2147878857799636	0.2147878857799636	0.5704242284400729	
MRM1	0.548325597304833	0.22583720134758348	0.22583720134758348	
HFE	0.20891174619848976	0.20891174619848976	0.5821765076030204	
RAPGEF6	0.2254934401413186	0.2254934401413186	0.5490131197173629	
AGBL2	0.5591500308990532	0.22042498455047332	0.22042498455047332	
ATG3	0.22933924990203908	0.22933924990203908	0.5413215001959218	
PLEKHF1	0.019414768864923083	0.9018385195303649	0.07874671160471211	
DPM2	0.069310954415308	0.896483130085626	0.034205915499066056	
GATD3A	0.6556629338512076	0.1721685330743962	0.1721685330743962	
LSM1	0.07355696263639394	0.8921521228107427	0.03429091455286325	
RCSD1	0.1373778051083487	0.1373778051083487	0.7252443897833026	
ARMC9	0.578123257116658	0.21093837144167094	0.21093837144167094	
NDUFC1	0.2440458153955139	0.2440458153955139	0.5119083692089721	
CRADD	0.21054029851060743	0.21054029851060743	0.5789194029787852	
DYRK3	0.6778125435802705	0.1610937282098647	0.1610937282098647	
WDR43	0.055355188510190355	0.771581652787509	0.17306315870230046	
ELP1	0.5060431487019673	0.2469784256490163	0.2469784256490163	
CCNJL	0.6163143216760256	0.19184283916198716	0.19184283916198716	
ZNF337-AS1	0.18861278837275808	0.18861278837275808	0.622774423254484	
DNAL1	0.2236768609325756	0.2236768609325756	0.5526462781348487	
TMSB15B	0.1445832704726154	0.1445832704726154	0.7108334590547691	
P2RX4	0.051201797289228745	0.9287875874011888	0.02001061530958235	
AC092171.3	0.07981437401152461	0.8908487635712158	0.029336862417259617	
SOS1	0.23060116297119965	0.23060116297119965	0.5387976740576006	
GLIPR1	0.03495510753391007	0.7824163288526418	0.18262856361344806	
POLR2E	0.0864052647760637	0.7056006871327638	0.20799404809117256	
DHRS3	0.5525139505776133	0.2237430247111933	0.2237430247111933	
PWWP2A	0.4951312747993416	0.25243436260032914	0.25243436260032914	
NFYA	0.041292665784086226	0.8364088513827549	0.12229848283315885	
IARS2	0.07737011680780803	0.8856876424761803	0.036942240716011716	
ADSS	0.12524922309239472	0.8125974110548553	0.06215336585274998	
NEDD4L	0.12688581270776997	0.8233892798133359	0.04972490747889412	
SNRPB	0.11059753068648705	0.8374132794479661	0.05198918986554681	
CEP164	0.511328302683814	0.24433584865809294	0.24433584865809294	
GBE1	0.5139343307710831	0.24303283461445846	0.24303283461445846	
AC004803.1	0.17496323054753724	0.17496323054753724	0.6500735389049256	
AC124016.1	0.07559326458254742	0.9007112483796567	0.02369548703779581	
EIF3CL	0.6697371192763911	0.1651314403618044	0.1651314403618044	
DUS2	0.01771372220793645	0.9316793348497755	0.05060694294228803	
MEIS2	0.6917576541559346	0.15412117292203273	0.15412117292203273	
GEMIN7	0.2604921600873407	0.6167225762294425	0.1227852636832168	
CHM	0.5053124983767829	0.2473437508116085	0.2473437508116085	
GSTZ1	0.021873727519552206	0.9262760058418726	0.051850266638575185	
TOLLIP-AS1	0.17347505288608253	0.17347505288608253	0.6530498942278349	
ZNF283	0.2087265411295773	0.2087265411295773	0.5825469177408453	
ZBTB20	0.22102853337384856	0.22102853337384856	0.5579429332523028	
GGH	0.03274584912748323	0.955403962886097	0.011850187986419746	
POLE2	0.035556835137537365	0.8222631526538215	0.14218001220864096	
NDUFA7	0.2230589730209395	0.695174527572869	0.08176649940619155	
OTUD6B	0.14090047570230313	0.4451286016851078	0.4139709226125891	
RFFL	0.23335368706989193	0.23335368706989193	0.5332926258602161	
AL162274.2	0.6778617196232208	0.16106914018838958	0.16106914018838958	
ECHDC2	0.18686726870242448	0.7224488644081143	0.09068386688946127	
ARAP3	0.597573485569648	0.201213257215176	0.201213257215176	
LINC01703	0.15392488887067543	0.15392488887067543	0.6921502222586491	
AL021368.2	0.2009983604860925	0.2009983604860925	0.598003279027815	
HOXB-AS1	0.46727152306055114	0.45610121077864335	0.07662726616080552	
SERF2	0.16856802571954252	0.46798136815029234	0.3634506061301651	
IRGQ	0.17324001743596418	0.17324001743596418	0.6535199651280716	
FAM86C1	0.5531275590001532	0.22343622049992343	0.22343622049992343	
EIF2AK3	0.18247375696917242	0.18247375696917242	0.6350524860616551	
NCKAP1L	0.6451785522696091	0.17741072386519544	0.17741072386519544	
CAMTA1-DT	0.5982012051030209	0.2008993974484895	0.2008993974484895	
SPOUT1	0.05275502734038337	0.835345325345964	0.11189964731365261	
TMEM201	0.18325380976234953	0.18325380976234953	0.633492380475301	
KATNB1	0.037274433806132386	0.8792749561329345	0.08345061006093309	
TMF1	0.141475473200187	0.7828328226115359	0.07569170418827711	
PQBP1	0.49403720580620486	0.25298139709689754	0.25298139709689754	
DGUOK	0.05516895463272696	0.8236535504982817	0.1211774948689912	
ZNF763	0.11542073667315797	0.8461423003315057	0.03843696299533616	
RABL2A	0.19405840002586747	0.19405840002586747	0.611883199948265	
DOCK6	0.5446251682791893	0.2276874158604053	0.2276874158604053	
ARHGAP11B	0.01690261211825993	0.9070971359785723	0.07600025190316775	
ESYT1	0.4815941322947528	0.2592029338526236	0.2592029338526236	
AL391121.1	0.17537238967577756	0.17537238967577756	0.6492552206484449	
PPCS	0.027098887078674937	0.9077529252799328	0.06514818764139224	
SAAL1	0.1393953325106273	0.7923501465460822	0.06825452094329049	
TBX6	0.21258969955062462	0.21258969955062462	0.5748206008987506	
UNC93B1	0.21094254550616523	0.21094254550616523	0.5781149089876696	
EML6	0.17235812450793891	0.17235812450793891	0.6552837509841221	
WHAMM	0.49304843560504114	0.2534757821974794	0.2534757821974794	
ASB8	0.4784164443695439	0.260791777815228	0.260791777815228	
HIST1H2AC	0.06316224581568942	0.9107300492378593	0.026107704946451392	
PITX1	0.7005783695489025	0.1497108152255487	0.1497108152255487	
SETD9	0.07411759821653724	0.8900844482689411	0.035797953514521745	
BCL2L11	0.19412172198596733	0.19412172198596733	0.6117565560280652	
HOMER1	0.09027718036770588	0.8814872536655192	0.028235565966774824	
PCBD2	0.21456449455131454	0.6693465839451495	0.11608892150353618	
ZNF79	0.5611278662371962	0.21943606688140183	0.21943606688140183	
UAP1L1	0.5932763833705538	0.20336180831472309	0.20336180831472309	
PBRM1	0.20910287391714466	0.29657534429402943	0.49432178178882596	
RPL36AL	0.48517359855729836	0.25741320072135077	0.25741320072135077	
ATRX	0.22285715111683682	0.22285715111683682	0.5542856977663264	
DNAJB6	0.04490649377755667	0.8164170018571048	0.13867650436533857	
GCFC2	0.17365258512404874	0.7549743197753528	0.07137309510059836	
FARP1	0.5535841199541918	0.2232079400229041	0.2232079400229041	
PDCL3	0.04882741372150834	0.8428149975240599	0.1083575887544317	
SERPINH1	0.12484518155785536	0.12484518155785536	0.7503096368842892	
EIF4E2	0.09015648228603355	0.8611308297339034	0.04871268798006296	
EXOC3-AS1	0.19730495240294293	0.19730495240294293	0.605390095194114	
SYT17	0.05622048760160379	0.7901555184170301	0.15362399398136597	
STON2	0.18533315279091198	0.18533315279091198	0.629333694418176	
AC015802.6	0.12358695546424725	0.8354501353105414	0.04096290922521136	
DAPL1	0.5653050791865845	0.21734746040670774	0.21734746040670774	
HAUS2	0.29191037028495315	0.5637813467194457	0.14430828299560117	
FAM172A	0.23507557317605776	0.23507557317605776	0.5298488536478846	
BARD1	0.07288087650155654	0.9007749131107975	0.02634421038764592	
NUDT1	0.5391294892432452	0.23043525537837733	0.23043525537837733	
CAT	0.5112939236457104	0.2443530381771448	0.2443530381771448	
OGFOD1	0.5106051179297941	0.2446974410351029	0.2446974410351029	
C15orf39	0.07361370213198849	0.7207039590699482	0.20568233879806344	
GPKOW	0.13294284851708657	0.7938702862734955	0.07318686520941788	
SKP1	0.03284630435773039	0.9000118378653146	0.06714185777695511	
FOXJ1	0.1909822698983049	0.1909822698983049	0.6180354602033903	
ZBED6	0.08617764568837646	0.8828539607133846	0.03096839359823883	
AGO4	0.22512192112901674	0.22512192112901674	0.5497561577419665	
TNNT2	0.14100156364598154	0.14100156364598154	0.7179968727080369	
MPDU1	0.07479929781156447	0.8850168002663295	0.040183901922106045	
ILVBL	0.029458114828721314	0.9571857607335218	0.013356124437756842	
PPP5D1	0.19730842082626276	0.19730842082626276	0.6053831583474744	
SLC2A5	0.6763063559684219	0.16184682201578898	0.16184682201578898	
DEFB1	0.14976838475864732	0.14976838475864732	0.7004632304827053	
PIH1D2	0.18594091075190028	0.18594091075190028	0.6281181784961993	
AGRN	0.5051375368622543	0.24743123156887284	0.24743123156887284	
TGFBR1	0.22008275487831203	0.22008275487831203	0.5598344902433761	
HSBP1	0.07943825549404068	0.8782405208489292	0.04232122365703015	
EYA3	0.24261045529672012	0.24261045529672012	0.5147790894065598	
GIGYF1	0.2234213982834838	0.2234213982834838	0.5531572034330324	
COX7C	0.47258750785311504	0.26370624607344245	0.26370624607344245	
AC009309.1	0.20689955025181817	0.20689955025181817	0.5862008994963638	
IDNK	0.5463813418966654	0.22680932905166726	0.22680932905166726	
GCNT2	0.041874414483559635	0.8556270707111894	0.10249851480525099	
SRSF3	0.06838311611996487	0.8957463303820732	0.03587055349796179	
LRIG2	0.14174448960613453	0.5579689724102804	0.30028653798358496	
KLF6	0.1497560257621815	0.1497560257621815	0.700487948475637	
ZNF519	0.1790657554843167	0.1790657554843167	0.6418684890313666	
AMPD2	0.5263358742772025	0.2368320628613987	0.2368320628613987	
IQCK	0.2203294615827508	0.2203294615827508	0.5593410768344984	
MOK	0.5046794746915558	0.24766026265422203	0.24766026265422203	
RTL8A	0.21026720330050652	0.6878830925748902	0.10184970412460327	
NFKBIZ	0.5488137751861751	0.2255931124069124	0.2255931124069124	
ZNF333	0.5524022606598765	0.2237988696700617	0.2237988696700617	
GGACT	0.21587978993364104	0.21587978993364104	0.5682404201327178	
ELMOD2	0.2541690351416504	0.2541690351416504	0.4916619297166993	
MDM4	0.5441363333159329	0.2279318333420335	0.2279318333420335	
ATF5	0.24688420173331255	0.24688420173331255	0.506231596533375	
NOC4L	0.04466682769070876	0.8619433790607005	0.09338979324859067	
CHD9	0.2447780672560067	0.2447780672560067	0.5104438654879865	
TOMM70	0.30781629521347664	0.5451095276890955	0.14707417709742793	
UBE2V1	0.6021223460836771	0.1989388269581614	0.1989388269581614	
TES	0.07182794055759735	0.7579247179728674	0.1702473414695352	
LONP1	0.028751019969000067	0.9073759437344575	0.06387303629654247	
COL6A3	0.5940879828447893	0.20295600857760535	0.20295600857760535	
UTRN	0.2177332188645681	0.2177332188645681	0.5645335622708637	
ATPAF1	0.11674543316680039	0.8252464770407764	0.058008089792423105	
NLE1	0.5468702024676385	0.22656489876618072	0.22656489876618072	
TMEM147-AS1	0.18263142012106529	0.18263142012106529	0.6347371597578695	
NCKAP5L	0.09424012066558565	0.5899216875833284	0.315838191751086	
PLA2G6	0.266770160058272	0.6114393715467508	0.12179046839497734	
AL360012.1	0.10827852053394711	0.10827852053394711	0.7834429589321057	
USP1	0.05922796133017601	0.9139305320314017	0.02684150663842234	
FCHSD1	0.20820787563807283	0.20820787563807283	0.5835842487238543	
TMEM132A	0.012799265476280233	0.9430888913632948	0.04411184316042503	
SNHG9	0.5730872596058517	0.21345637019707414	0.21345637019707414	
FAM177A1	0.481322779740775	0.25933861012961246	0.25933861012961246	
MSH5	0.185821935283597	0.185821935283597	0.6283561294328059	
METTL1	0.5311280482261518	0.2513380146040494	0.21753393716979877	
UBXN1	0.46735069940017887	0.26632465029991054	0.26632465029991054	
TBX19	0.20851462126268067	0.20851462126268067	0.5829707574746387	
EXT1	0.2549526374150823	0.2549526374150823	0.4900947251698356	
PPM1K	0.19313039257053205	0.19313039257053205	0.6137392148589358	
LINC01252	0.1461559868716799	0.1461559868716799	0.7076880262566401	
IL16	0.1693277742206664	0.1693277742206664	0.6613444515586673	
FAM167A	0.6272814346709885	0.18635928266450572	0.18635928266450572	
EBPL	0.2330235461632437	0.2330235461632437	0.5339529076735126	
AL355353.1	0.03099407084861424	0.8941623017174551	0.07484362743393051	
ATF7IP	0.22103423801362398	0.22103423801362398	0.5579315239727521	
PRKAG1	0.46012405570714554	0.26993797214642723	0.26993797214642723	
TPI1	0.052471981187492536	0.8349814031739793	0.11254661563852807	
NUP62	0.10601128332149884	0.6726322974162291	0.2213564192622722	
SEC61G	0.48944290576386057	0.2552785471180697	0.2552785471180697	
ARFIP2	0.030939883058402114	0.9507157408431314	0.018344376098466498	
APBA1	0.1810219997136471	0.1810219997136471	0.6379560005727057	
SRRM2-AS1	0.5723139836472232	0.21384300817638835	0.21384300817638835	
STAG1	0.04044812902195272	0.8811240093756575	0.07842786160238975	
GINS4	0.06381097327304086	0.9128691041347134	0.023319922592245582	
CYTH3	0.010511250459111386	0.965259835872655	0.024228913668233647	
PTPN12	0.06034573846678832	0.7982524211975831	0.14140184033562844	
HAUS3	0.46827808546013094	0.26586095726993453	0.26586095726993453	
RNF40	0.44638551226677853	0.2768072438666107	0.2768072438666107	
OSER1-DT	0.554332025011196	0.22283398749440192	0.22283398749440192	
LINC01814	0.5196485436243908	0.24017572818780455	0.24017572818780455	
FAM83D	0.010830176446417155	0.9550263652780859	0.034143458275496946	
DLGAP4	0.0642666702625892	0.8057114225151322	0.13002190722227855	
DUSP5	0.017330043237933704	0.8947168201694111	0.08795313659265508	
AC005261.1	0.21042828186858703	0.21042828186858703	0.579143436262826	
SNHG25	0.15005048132592	0.15005048132592	0.6998990373481601	
EXOSC2	0.08365132741530368	0.7078147446310091	0.2085339279536873	
CCDC12	0.12127109108304734	0.8038292208445937	0.07489968807235878	
NEDD1	0.5135349811913884	0.24323250940430574	0.24323250940430574	
SH3PXD2B	0.060433167515156115	0.7173987599040224	0.22216807258082158	
TTBK2	0.5009922060452102	0.24950389697739486	0.24950389697739486	
ADGRG6	0.010207000276948786	0.9601582740583512	0.029634725664700084	
MRPL30	0.3763359666159494	0.45626375535491315	0.16740027802913737	
ORC2	0.03184842936916883	0.897538629525182	0.07061294110564897	
AP005329.1	0.07079042725910936	0.9021223708712806	0.027087201869610115	
TIGD1	0.5179267905588937	0.24103660472055313	0.24103660472055313	
RAB28	0.4703811174722837	0.2648094412638581	0.2648094412638581	
USP6	0.1832001280138046	0.1832001280138046	0.6335997439723907	
LPAR1	0.4839713389149459	0.25801433054252704	0.25801433054252704	
MTIF3	0.47269085767842806	0.263654571160786	0.263654571160786	
MFAP3	0.5094891354018455	0.2452554322990772	0.2452554322990772	
STK33	0.160834458059098	0.160834458059098	0.6783310838818041	
UBA3	0.05327598030230612	0.9172744058670084	0.02944961383068551	
GINS2	0.04722276926344508	0.9368081831144941	0.015969047622060677	
SMIM13	0.018213035749718134	0.9323108438835315	0.04947612036675044	
SDHC	0.49405190593458326	0.2529740470327083	0.2529740470327083	
INTS6-AS1	0.21732512846353236	0.21732512846353236	0.5653497430729352	
H2AFZ	0.021994923894185506	0.9280183654203259	0.04998671068548861	
RND3	0.6012353803538685	0.19938230982306576	0.19938230982306576	
UBIAD1	0.49794022290403767	0.25102988854798114	0.25102988854798114	
ANKHD1	0.07392005469786962	0.7258472711240479	0.20023267417808255	
MRPL32	0.1590768101321026	0.7513535919199152	0.0895695979479822	
CYB5RL	0.19903715791619478	0.19903715791619478	0.6019256841676105	
CAMSAP2	0.02205216154202171	0.9177372901517729	0.06021054830620545	
NAPA	0.488748631984113	0.25562568400794344	0.25562568400794344	
PDZD11	0.48246497272607686	0.25876751363696154	0.25876751363696154	
ATF3	0.01971094138219278	0.8807076752117972	0.09958138340601001	
TOP1	0.053594212470400644	0.9182734146116233	0.028132372917976035	
RNF208	0.21919943632296787	0.21919943632296787	0.5616011273540642	
PRPF8	0.4499925511816965	0.2750037244091518	0.2750037244091518	
LRRC58	0.23464404302997868	0.23464404302997868	0.5307119139400427	
RMRP	0.6534418265662653	0.17327908671686731	0.17327908671686731	
EXOC4	0.44863391849590367	0.27568304075204814	0.27568304075204814	
SCAF11	0.4478120883375937	0.27609395583120316	0.27609395583120316	
NRF1	0.054147177999840146	0.8371774002639023	0.10867542173625758	
NR2C2	0.07724803339230506	0.7691364684446239	0.1536154981630711	
RBBP9	0.5203260704840035	0.2398369647579982	0.2398369647579982	
SLC35B4	0.05889489005998898	0.8071931373208592	0.13391197261915183	
PAK3	0.17766403568235054	0.17766403568235054	0.644671928635299	
CCL3	0.7100249948561584	0.14498750257192072	0.14498750257192072	
SOCS2	0.5081106674370033	0.2459446662814983	0.2459446662814983	
TMEM11	0.05134552120186384	0.9180889942545222	0.03056548454361386	
NCK2	0.47049734458689096	0.26475132770655446	0.26475132770655446	
MCM7	0.05095585277215174	0.9245943108568543	0.024449836370993874	
PAOX	0.2239664347275417	0.2239664347275417	0.5520671305449165	
PMVK	0.10188943996270175	0.7011428729514191	0.19696768708587925	
PTPN9	0.25035938413566494	0.25035938413566494	0.49928123172867017	
ITGB6	0.029716340622932342	0.9550970840965759	0.01518657528049173	
FRZB	0.6605069513750425	0.16974652431247872	0.16974652431247872	
PHF21A	0.4780613341753532	0.2609693329123234	0.2609693329123234	
DNAJA3	0.03096154822544817	0.9030454409544214	0.06599301082013037	
PRPF6	0.2511763340918397	0.5902359202781802	0.15858774562998024	
DNAJC3-DT	0.20395220377448836	0.3535941146729298	0.4424536815525819	
TBC1D32	0.13212791446918568	0.8010817155647021	0.06679036996611229	
USP48	0.04023698569165241	0.8771236651072386	0.08263934920110895	
AC093249.6	0.018632297537004808	0.9341604813962737	0.04720722106672148	
SLX4IP	0.25100317679436734	0.25100317679436734	0.49799364641126526	
B4GALT2	0.5336244821242561	0.23318775893787191	0.23318775893787191	
TCOF1	0.05766505164729314	0.7911730518662798	0.15116189648642708	
EIF2B1	0.12368317426683664	0.8039138565951578	0.07240296913800555	
REX1BD	0.26074370970994193	0.26074370970994193	0.47851258058011614	
CLK3	0.13802319637013039	0.790224748559343	0.07175205507052648	
LRIG1	0.2306951435075683	0.2306951435075683	0.5386097129848633	
PMM1	0.0968889475024631	0.8570504741177066	0.046060578379830214	
SENP1	0.22061834190570956	0.22061834190570956	0.558763316188581	
MPZL2	0.5069711555432224	0.2465144222283888	0.2465144222283888	
NXPE3	0.1594928550684585	0.1594928550684585	0.6810142898630829	
ZNF34	0.5172233455664456	0.24138832721677725	0.24138832721677725	
SWSAP1	0.4947047796242248	0.25264761018788756	0.25264761018788756	
DIS3L	0.23751919825572784	0.23751919825572784	0.5249616034885444	
KLHDC9	0.134882060382932	0.5357097536307383	0.3294081859863296	
ATP6V0E2	0.5624255504812873	0.21878722475935633	0.21878722475935633	
NEMF	0.26415036571143313	0.26415036571143313	0.4716992685771337	
FAM168B	0.04975477881242021	0.9273435387661244	0.02290168242145537	
UTP23	0.26062170051658157	0.26062170051658157	0.47875659896683687	
FOXO1	0.4819644995593823	0.2590177502203088	0.2590177502203088	
CDK2AP1	0.5282928472748365	0.23585357636258178	0.23585357636258178	
SOCS1	0.18271132697842346	0.18271132697842346	0.6345773460431532	
PGBD2	0.03422501971877358	0.9488457784902362	0.01692920179099022	
CTCF	0.06386506164475611	0.8995428985482503	0.03659203980699352	
TRIP10	0.4624605294188925	0.26876973529055376	0.26876973529055376	
WNT5A	0.625057187040975	0.18747140647951244	0.18747140647951244	
AC023355.1	0.5701523867622725	0.2149238066188637	0.2149238066188637	
HMGN3-AS1	0.010619453237426552	0.959689567837953	0.02969097892462052	
LCORL	0.48422550783003093	0.2578872460849845	0.2578872460849845	
RPRD1A	0.4473638971959784	0.2763180514020107	0.2763180514020107	
EDC4	0.1098167240812636	0.6412214098953153	0.24896186602342107	
GPR85	0.16277807238190856	0.16277807238190856	0.674443855236183	
ZNF512B	0.16965473762732555	0.768316004702376	0.06202925767029845	
PRPF3	0.04927576217335646	0.9216262331232996	0.029098004703343956	
ATP5IF1	0.44807333434070085	0.2759633328296495	0.2759633328296495	
ZNF250	0.4731883164297181	0.2634058417851409	0.2634058417851409	
PSMD14	0.07642191054618325	0.8807361216204771	0.04284196783333967	
RBMXL1	0.047359915221966975	0.9256292971856304	0.027010787592402653	
PLA2G2A	0.18928331968035705	0.18928331968035705	0.6214333606392858	
ERGIC3	0.035484151448373726	0.9445272064817752	0.019988642069851008	
DYNLT3	0.2691668778659634	0.2691668778659634	0.46166624426807323	
MTBP	0.03221754121414411	0.8483030809341583	0.11947937785169743	
DNAJC25	0.0624322976856941	0.8012981930700992	0.1362695092442066	
SEC23IP	0.4592288681848363	0.27038556590758184	0.27038556590758184	
SORBS3	0.2482121924113269	0.2482121924113269	0.5035756151773462	
UQCC2	0.4879335129192771	0.2560332435403614	0.2560332435403614	
CLDN12	0.25445642639050653	0.25445642639050653	0.491087147218987	
DELE1	0.26503044616849514	0.26503044616849514	0.4699391076630098	
ILF3-DT	0.45522719492845365	0.2723864025357731	0.2723864025357731	
SLC7A5	0.012320084579924296	0.9446111602898503	0.0430687551302254	
ECT2	0.024789257133860605	0.9054566443844836	0.06975409848165584	
GTPBP3	0.06151616806004975	0.8156733926052075	0.1228104393347426	
REP15	0.6444613310606789	0.1777693344696605	0.1777693344696605	
ACRBP	0.2215731078647694	0.2215731078647694	0.5568537842704612	
SEMA3B	0.5360461755091779	0.23197691224541106	0.23197691224541106	
SYTL5	0.1810191006760697	0.1810191006760697	0.6379617986478605	
RHOH	0.6346269744626256	0.18268651276868716	0.18268651276868716	
PYGO2	0.033547563410496244	0.9062064345618374	0.06024600202766637	
TSN	0.454718110941743	0.27264094452912846	0.27264094452912846	
ALG2	0.26220771371976526	0.26220771371976526	0.47558457256046943	
CORO1C	0.49260928631216894	0.2536953568439155	0.2536953568439155	
HAGHL	0.20309269629546814	0.20309269629546814	0.5938146074090637	
ITM2B	0.03222297248448173	0.9487495365671866	0.019027490948331605	
GEMIN5	0.49503525573668156	0.2524823721316592	0.2524823721316592	
CPNE8	0.20771958645033556	0.20771958645033556	0.584560827099329	
KDM4A-AS1	0.5295096444957704	0.24651246228595222	0.22397789321827732	
COQ2	0.2517019974681546	0.2517019974681546	0.4965960050636908	
NIFK	0.48692197502669454	0.2565390124866527	0.2565390124866527	
LANCL2	0.07492435979212494	0.8842023019233057	0.04087333828456934	
CYHR1	0.4331886154283231	0.28340569228583845	0.28340569228583845	
C16orf72	0.23557245821613376	0.23557245821613376	0.5288550835677324	
ZNF410	0.08152949014375496	0.883752679304082	0.03471783055216301	
TOMM34	0.04155883193107168	0.9365010585449428	0.02194010952398557	
RANBP6	0.09358466893607054	0.8589713206555832	0.047444010408346116	
KCTD21-AS1	0.5636209809319499	0.218189509534025	0.218189509534025	
CHORDC1	0.07591997721936077	0.70160668441439	0.2224733383662492	
VEZT	0.19059145541291295	0.6884643296176808	0.12094421496940629	
SEC61A1	0.15508323485445755	0.582387566314147	0.26252919883139525	
ZBTB24	0.034597513605165116	0.8929112740279541	0.07249121236688065	
POLH	0.24941972919913377	0.24941972919913377	0.5011605416017325	
PML	0.47227760340162034	0.2638611982991898	0.2638611982991898	
ZFP30	0.21485729414047106	0.21485729414047106	0.5702854117190579	
NPAT	0.06330982858442881	0.9008084973606043	0.03588167405496689	
AL356488.2	0.5459492061456265	0.2270253969271867	0.2270253969271867	
PDK3	0.036047368117204576	0.8625001830266018	0.10145244885619362	
ZSWIM9	0.47083331679274365	0.2645833416036282	0.2645833416036282	
ENPP3	0.5308771050871391	0.23456144745643043	0.23456144745643043	
FAM189A2	0.21765249186739247	0.21765249186739247	0.5646950162652151	
BX284668.6	0.5031201995872531	0.24843990020637344	0.24843990020637344	
HIST1H2AE	0.3968446794255517	0.4222557825681852	0.180899538006263	
USP39	0.03377847447916572	0.9055088815934241	0.060712643927410194	
FOSL2	0.23671214411702637	0.23671214411702637	0.5265757117659473	
ZNF26	0.46964021425170505	0.26517989287414745	0.26517989287414745	
MIB1	0.2576359590601667	0.2576359590601667	0.4847280818796666	
SMYD2	0.014781242034317861	0.9567698084683899	0.02844894949729221	
SRP72	0.06594839794434154	0.8957110827369709	0.03834051931868751	
Z93241.1	0.5563378767884856	0.22183106160575716	0.22183106160575716	
LYSMD3	0.052244926555788725	0.8414060846455241	0.10634898879868708	
ZNF517	0.23282383642551713	0.23282383642551713	0.5343523271489656	
ANKRD10	0.10726327162716962	0.7162809522102728	0.17645577616255767	
GNG5	0.09122864798863149	0.8538552922508359	0.05491605976053255	
FKTN	0.23704810702575047	0.23704810702575047	0.5259037859484991	
CSTF3	0.06380878634732681	0.8056243883873817	0.13056682526529148	
AKAP9	0.03603901371729611	0.8956190520484033	0.06834193423430059	
KHDRBS1	0.11897006299668117	0.8052992143459103	0.07573072265740846	
CBLL1	0.4485690004691058	0.27571549976544707	0.27571549976544707	
CEP44	0.45009558772702435	0.2749522061364878	0.2749522061364878	
CCT6A	0.05749192928340831	0.8269529093443759	0.11555516137221575	
SLC2A13	0.24363355574911222	0.24363355574911222	0.5127328885017757	
PAK6	0.02382665412310265	0.9657436102624102	0.010429735614487217	
UBXN8	0.25922026229275025	0.25922026229275025	0.4815594754144994	
TSGA10	0.04003304875180396	0.935252367665645	0.024714583582550936	
TRAF1	0.22724160103691907	0.22724160103691907	0.5455167979261619	
MACROD1	0.015706764617072037	0.9481885838503998	0.036104651532527995	
ENTPD7	0.07344676281905901	0.889809435691786	0.03674380148915477	
NBEA	0.5449676265128023	0.22751618674359883	0.22751618674359883	
CDK5RAP1	0.16806457515878506	0.7302755405461212	0.10165988429509377	
AC008393.1	0.5669517633053422	0.21652411834732882	0.21652411834732882	
AC108471.2	0.08032538313939035	0.8881340883995366	0.031540528461073074	
SPAG4	0.06300103384621857	0.9082762158299587	0.02872275032382281	
AC006449.2	0.054856093826821634	0.8230838228302513	0.12206008334292706	
MUC20	0.22107339911345722	0.22107339911345722	0.5578532017730856	
NDUFB2-AS1	0.04566530969529427	0.8228677455015003	0.1314669448032053	
SAMSN1	0.1920665083898223	0.1920665083898223	0.6158669832203555	
PLPP1	0.22140957526179075	0.22140957526179075	0.5571808494764184	
FAM3B	0.029699018838536487	0.9607882264441941	0.00951275471726925	
ROBO1	0.622071858862197	0.18896407056890147	0.18896407056890147	
ERCC3	0.4376599774175838	0.28117001129120806	0.28117001129120806	
NBPF3	0.018194371832355807	0.9217998508635489	0.060005777304095426	
PKM	0.12572241339477028	0.8028409595460049	0.07143662705922485	
XPNPEP1	0.2633992840342159	0.2633992840342159	0.4732014319315682	
FKBP3	0.22159808553137578	0.6444293446562279	0.13397256981239633	
DDB1	0.02147714691992062	0.9649077202519822	0.01361513282809723	
HSPD1	0.05274924918493055	0.8187353998324108	0.12851535098265857	
ELOVL7	0.24694345394692774	0.24694345394692774	0.5061130921061444	
CLP1	0.03664678360226013	0.8918668135278579	0.071486402869882	
DYNLRB1	0.1341700953798019	0.6150042939164382	0.25082561070375986	
MBD5	0.4522922783823849	0.2738538608088075	0.2738538608088075	
REEP5	0.02892433247977952	0.9181855900534676	0.05289007746675289	
STRIP1	0.19444155598201227	0.46527994166024683	0.3402785023577409	
AC011416.3	0.2415018971482713	0.2415018971482713	0.5169962057034574	
KMT5B	0.10291832955008134	0.7292484005976239	0.16783326985229477	
RBM43	0.5212081631156573	0.23939591844217128	0.23939591844217128	
TRMT13	0.25309985927766776	0.25309985927766776	0.49380028144466437	
KDM5A	0.4198881876694281	0.2900559061652859	0.2900559061652859	
TIPIN	0.5080333543485327	0.24598332282573368	0.24598332282573368	
XYLT2	0.4967822793207618	0.25160886033961904	0.25160886033961904	
RBM26	0.44945309169643327	0.27527345415178334	0.27527345415178334	
INTS6	0.037518015386711734	0.8842739997839765	0.07820798482931166	
PAQR3	0.23631794124740427	0.23631794124740427	0.5273641175051914	
LRRCC1	0.49792297341110564	0.25103851329444715	0.25103851329444715	
VARS2	0.2609785338846906	0.2609785338846906	0.4780429322306189	
ENY2	0.14247433547058386	0.7624673441905008	0.09505832033891536	
SAMM50	0.26784415962335906	0.26784415962335906	0.46431168075328183	
PDLIM5	0.03049030386475103	0.9151035848677128	0.054406111267536146	
PAXBP1-AS1	0.21231186552033346	0.21231186552033346	0.575376268959333	
LIN37	0.03331222241535286	0.9488044057916458	0.017883371793001358	
UIMC1	0.44283084875480944	0.2785845756225952	0.2785845756225952	
SPATA6	0.47376342411828765	0.2631182879408561	0.2631182879408561	
ENO1	0.09158638226641469	0.8535775337133988	0.05483608402018639	
CFDP1	0.10724070203293469	0.8381460273459025	0.054613270621162724	
INVS	0.15763472830991368	0.5591237761540399	0.28324149553604655	
FAM222B	0.271492463059668	0.271492463059668	0.45701507388066387	
SH3BP5	0.10949310666137216	0.846400460686521	0.04410643265210681	
POMGNT2	0.2457497011175273	0.2457497011175273	0.5085005977649455	
IST1	0.35847869379689606	0.4130081170326192	0.22851318917048463	
CELF1	0.257996318437903	0.257996318437903	0.48400736312419407	
BCKDK	0.4201237453265384	0.2899381273367308	0.2899381273367308	
MTMR3	0.037430622500400176	0.8978302980458995	0.06473907945370028	
TACC2	0.009645564391935719	0.9742020035855076	0.016152432022556708	
ABL1	0.2549866364438085	0.2549866364438085	0.4900267271123831	
CLASP1	0.43507385718084945	0.2824630714095752	0.2824630714095752	
C2orf69	0.4348911814477833	0.28255440927610836	0.28255440927610836	
VPS26C	0.4348100283266601	0.2825949858366699	0.2825949858366699	
NHLRC2	0.44604506579231973	0.2769774671038401	0.2769774671038401	
PHB2	0.05219665516784679	0.8515838861303118	0.0962194587018415	
MAST4	0.019786547856145628	0.9688392042054944	0.01137424793835987	
NCL	0.08931256451049703	0.7267148744047853	0.18397256108471766	
TRPC4AP	0.06406093772626435	0.8922164315720912	0.04372263070164447	
ECH1	0.031071568718173823	0.9507096878693196	0.01821874341250648	
XRN1	0.25184334467842645	0.25184334467842645	0.49631331064314715	
RBM15	0.10417713690639097	0.8309001523705496	0.0649227107230595	
TMED3	0.026867114411266074	0.956108484884335	0.017024400704398913	
DNAJC4	0.43664192540898056	0.28167903729550975	0.28167903729550975	
FANCI	0.04756305836865937	0.9314662879046246	0.02097065372671603	
PPP5C	0.15283919013260788	0.5923803886006906	0.2547804212667015	
TIMM21	0.04554541422866925	0.8798448805620721	0.07460970520925854	
NAGA	0.12657498625542715	0.791556326341532	0.081868687403041	
GGCX	0.09729276293953548	0.7506904181191193	0.15201681894134522	
FBXL3	0.4498871406181133	0.2750564296909433	0.2750564296909433	
IFT80	0.4439029385623627	0.27804853071881863	0.27804853071881863	
RNF25	0.45174423000641456	0.27412788499679264	0.27412788499679264	
ZNF628	0.23840648339176818	0.23840648339176818	0.5231870332164635	
TMEM116	0.055891671144196166	0.9104621853946846	0.03364614346111915	
DLEU2	0.24916010899104846	0.24916010899104846	0.5016797820179031	
NOL4L	0.45904741300119356	0.27047629349940316	0.27047629349940316	
MTHFD1	0.25560516620576773	0.25560516620576773	0.48878966758846454	
IL27RA	0.49797890471452727	0.25101054764273634	0.25101054764273634	
ELAC1	0.03045306245024632	0.9178475190565695	0.051699418493184185	
VPS52	0.07124507336557102	0.8143963506008001	0.11435857603362902	
STRADA	0.269269409586507	0.269269409586507	0.461461180826986	
MCM3	0.047739060657541015	0.9288006192760837	0.023460320066375256	
FLNA	0.5103454179292103	0.2448272910353948	0.2448272910353948	
SPCS1	0.12747305915864837	0.7888672460719486	0.0836596947694031	
LRRC47	0.03607529145367139	0.9046138078727937	0.059310900673534964	
NLRP2	0.020724185058461745	0.9695219534790703	0.009753861462467853	
LTBP3	0.27825859777509754	0.27825859777509754	0.443482804449805	
C21orf58	0.04159144162046853	0.9388041621253141	0.01960439625421741	
ZNF554	0.015870905939140555	0.9498477968741711	0.03428129718668842	
KAZN	0.19462101929794087	0.6781488753680731	0.12723010533398624	
MAGT1	0.1384411620847756	0.7683609103720663	0.09319792754315814	
SUPT16H	0.0505512944120045	0.841066533412452	0.10838217217554359	
SRPX2	0.4726676670076833	0.2636661664961583	0.2636661664961583	
PKD2	0.2270065206346267	0.2270065206346267	0.5459869587307467	
MTX1	0.04944837847230029	0.9174959724072307	0.033055649120468884	
USF2	0.2757411805446031	0.2757411805446031	0.4485176389107936	
ACAD9	0.03835935434784228	0.8976323776583301	0.06400826799382754	
HIVEP2	0.4669119198512338	0.2665440400743831	0.2665440400743831	
NPEPL1	0.4379576773114407	0.2810211613442796	0.2810211613442796	
COG4	0.03564139229047286	0.9090362305797867	0.05532237712974034	
PTEN	0.42413962386140214	0.2879301880692989	0.2879301880692989	
MED8	0.04583476157235845	0.9240384686578669	0.030126769769774575	
BRAT1	0.4262629008798847	0.28686854956005764	0.28686854956005764	
ADAT2	0.24587376793894442	0.24587376793894442	0.5082524641221112	
SMNDC1	0.13320016508869223	0.7794427960148973	0.08735703889641057	
AL080317.1	0.027817932168691085	0.9590313613332676	0.013150706498041306	
ZFPL1	0.03315548430773034	0.9432471443922261	0.02359737130004354	
ADNP-AS1	0.5462408107968603	0.2268795946015698	0.2268795946015698	
SELENOK	0.47616444122081003	0.26191777938959493	0.26191777938959493	
ERCC6L	0.12233026282948373	0.5086850052329143	0.36898473193760206	
UBE2H	0.03514793609482609	0.9033388528121837	0.06151321109299012	
PPP4R3B	0.09754805104370952	0.7588127944650065	0.14363915449128406	
CMIP	0.022462971084321867	0.9389101700050052	0.03862685891067289	
AL354707.1	0.012583560700622878	0.9604427380224454	0.026973701276931706	
PRKAA2	0.2392464244409125	0.2392464244409125	0.5215071511181751	
AP000787.1	0.47207695725129956	0.2639615213743502	0.2639615213743502	
CRIM1	0.03819126152340623	0.9379873262756085	0.023821412200985277	
PABPC1	0.27643794416561296	0.27643794416561296	0.4471241116687741	
MLST8	0.04339838164594304	0.9266155831870648	0.02998603516699198	
UQCRHL	0.1459808188251434	0.777341692864377	0.0766774883104795	
ABHD13	0.2874799925131016	0.2874799925131016	0.4250400149737969	
PHACTR1	0.19882123678376837	0.19882123678376837	0.6023575264324633	
DRC3	0.4886437230427503	0.2556781384786248	0.2556781384786248	
ARPC3	0.4317887533209814	0.28410562333950923	0.28410562333950923	
PSAP	0.42731272255481556	0.2863436387225922	0.2863436387225922	
ALG1L2	0.21850088342367244	0.21850088342367244	0.5629982331526551	
SHF	0.2614455219506649	0.2614455219506649	0.47710895609867016	
AARSD1	0.2589278119795158	0.2589278119795158	0.4821443760409683	
P4HA2	0.26955882554236615	0.26955882554236615	0.4608823489152675	
MEGF9	0.25632596713325756	0.25632596713325756	0.4873480657334848	
SUPV3L1	0.10664057172628603	0.7292531043286885	0.1641063239450254	
ZMAT2	0.03939916703969416	0.9020575887391357	0.058543244221170194	
CYREN	0.0852330620415346	0.8579335399105361	0.05683339804792924	
CEP63	0.08505992129293906	0.7893450143258767	0.12559506438118437	
PDCD4	0.02621358444753638	0.929098227582801	0.04468818796966263	
CCNL1	0.25484023699738045	0.25484023699738045	0.4903195260052392	
API5	0.10288456854185744	0.8226854584379931	0.07442997302014952	
GLIS3	0.10185937033465135	0.6997041474929456	0.19843648217240303	
ALG13	0.27542387214548725	0.27542387214548725	0.4491522557090256	
SOAT1	0.2810017326381475	0.2810017326381475	0.43799653472370514	
KNTC1	0.05601855173396247	0.827897487247311	0.11608396101872641	
BRD9	0.41858063865006184	0.29070968067496905	0.29070968067496905	
SKI	0.43789181999231885	0.2810540900038406	0.2810540900038406	
RAB2B	0.4268817777307677	0.2865591111346162	0.2865591111346162	
ADAMTS9	0.5337508555447472	0.23312457222762636	0.23312457222762636	
PTRHD1	0.028246425406873353	0.9267053115159868	0.04504826307713993	
MRPL46	0.0439688780291686	0.8844520213232586	0.07157910064757275	
DUSP19	0.4830394322618034	0.2584802838690982	0.2584802838690982	
ARMH1	0.5132359624625703	0.2433820187687148	0.2433820187687148	
PRKAG2	0.023109143812106967	0.9599459013113834	0.0169449548765098	
MTMR11	0.03065890072901922	0.9501860250730545	0.019155074197926333	
CDC40	0.4148565094509367	0.2925717452745316	0.2925717452745316	
SETD4	0.05820521767615421	0.8519054989883681	0.08988928333547762	
C7orf50	0.271897851629872	0.271897851629872	0.4562042967402559	
EGLN1	0.4202682017762448	0.28986589911187755	0.28986589911187755	
MRPL11	0.11504537131123506	0.8071977925350212	0.07775683615374371	
TSFM	0.18924222649216874	0.6710366858533848	0.13972108765444644	
GYG2	0.24396037910129686	0.24396037910129686	0.5120792417974063	
BLVRA	0.5279901848354106	0.23600490758229467	0.23600490758229467	
PCNX4	0.2846322932990115	0.2846322932990115	0.43073541340197696	
TRAPPC2	0.41671809797553555	0.2916409510122322	0.2916409510122322	
AC124242.1	0.23206894715797194	0.23206894715797194	0.5358621056840562	
BDNF-AS	0.4636001593977202	0.2681999203011399	0.2681999203011399	
FAM110C	0.44342438268844436	0.2782878086557778	0.2782878086557778	
IL3RA	0.20009119195605377	0.20009119195605377	0.5998176160878925	
NUP107	0.035185912831448715	0.9413626632422719	0.023451423926279327	
ZNF107	0.12373014283171939	0.6259592093862749	0.2503106477820058	
EMC6	0.02786232793285841	0.9298737960526948	0.04226387601444674	
PRRT1	0.4836043554401895	0.2581978222799052	0.2581978222799052	
STK16	0.2848738402593657	0.2848738402593657	0.43025231948126874	
PSMB4	0.05183467133779613	0.909101734454126	0.03906359420807785	
ZNF749	0.4543460621197542	0.2728269689401229	0.2728269689401229	
MCM10	0.026175565765093448	0.9618162433923277	0.012008190842578821	
NECTIN1	0.07881979228761522	0.8700263658392084	0.051153841873176245	
NME6	0.030027462024885584	0.924132524166362	0.0458400138087524	
RNASEH1-AS1	0.280591583581345	0.280591583581345	0.4388168328373098	
IRAK1BP1	0.49278112949377384	0.2536094352531131	0.2536094352531131	
POLR3F	0.1188817535231033	0.6817439785721834	0.19937426790471321	
PPIA	0.057660156158178294	0.8513233160520078	0.09101652778981385	
CLIC4	0.015593829847893387	0.954927652708295	0.029478517443811577	
AC124016.2	0.23817978767932327	0.23817978767932327	0.5236404246413535	
F11R	0.01547505019474151	0.95738514140477	0.027139808400488526	
RBM47	0.029444578170233736	0.9256686639234599	0.04488675790630636	
SMARCE1	0.0855641750459621	0.8570526517353549	0.05738317321868291	
ELAC2	0.21274173374184321	0.4650205412638025	0.32223772499435427	
TLCD1	0.014938689908233802	0.9612731302018864	0.023788179889879628	
GLIPR2	0.27896881353290764	0.27896881353290764	0.4420623729341848	
DCLRE1B	0.4601860407557622	0.26990697962211885	0.26990697962211885	
GADD45GIP1	0.28059866565674624	0.28059866565674624	0.4388026686865077	
BBIP1	0.40488828231773133	0.29755585884113434	0.29755585884113434	
NAGK	0.04303836553371429	0.8907327848019264	0.06622884966435934	
SPRED3	0.0348008496950996	0.9462365453943864	0.01896260491051393	
GTF2E1	0.27853192354915407	0.27853192354915407	0.44293615290169175	
KMT2E	0.40311271632783413	0.29844364183608296	0.29844364183608296	
STARD9	0.2353022963684409	0.2353022963684409	0.5293954072631182	
MRRF	0.16338459716996082	0.606200828241172	0.23041457458886705	
RCAN1	0.4808634186161579	0.259568290691921	0.259568290691921	
AP1G2	0.020133734085850355	0.9526141036593793	0.027252162254770358	
ZDHHC2	0.44049966427219617	0.27975016786390194	0.27975016786390194	
FAM49B	0.3901120523247492	0.3049439738376254	0.3049439738376254	
TSR3	0.28873437208176933	0.28873437208176933	0.42253125583646145	
ZNF23	0.44785409459137104	0.2760729527043144	0.2760729527043144	
ZSCAN30	0.4065550766755041	0.29672246166224786	0.29672246166224786	
SIK2	0.39626830533912905	0.3018658473304354	0.3018658473304354	
C11orf80	0.27913521375497996	0.27913521375497996	0.44172957249004013	
EPSTI1	0.2660369395673463	0.2660369395673463	0.4679261208653073	
UBOX5	0.06078614386618937	0.8981594966735639	0.041054359460246694	
NOL7	0.06733875525445987	0.8833813097294302	0.04927993501610985	
ZMYND11	0.4132783187073553	0.29336084064632234	0.29336084064632234	
ZFP69	0.2630489372867135	0.2630489372867135	0.473902125426573	
ZW10	0.07501065339147263	0.8721833460427879	0.05280600056573943	
NUDT3	0.2780487934630116	0.2780487934630116	0.4439024130739769	
LINC00476	0.28149211753895076	0.28149211753895076	0.43701576492209854	
CASP3	0.07080505228838989	0.8752809642961465	0.05391398341546344	
PRRC2C	0.05066026323551407	0.9117177130134374	0.037622023751048526	
CEP68	0.42148294268094205	0.289258528659529	0.289258528659529	
ETS2	0.2764588656986127	0.2764588656986127	0.4470822686027744	
SERINC3	0.2962142286185927	0.2962142286185927	0.4075715427628146	
BIVM	0.2804516551205121	0.2804516551205121	0.4390966897589758	
ADI1	0.06117646529837363	0.8932357644815153	0.045587770220111026	
CAMKK1	0.26236769683387257	0.26236769683387257	0.47526460633225476	
HIF1AN	0.04591717656396162	0.8900918707414208	0.06399095269461749	
AC068888.1	0.41916464928229963	0.29041767535885016	0.29041767535885016	
HSPA2	0.2367248598655897	0.2367248598655897	0.5265502802688207	
SLC16A14	0.2445404771514681	0.2445404771514681	0.5109190456970639	
KCTD20	0.4043435384031378	0.29782823079843107	0.29782823079843107	
NHP2	0.042541301634390585	0.8925406215048043	0.06491807686080509	
TMEM223	0.42042020802327607	0.28978989598836197	0.28978989598836197	
PARD6G-AS1	0.21153954266455358	0.21153954266455358	0.5769209146708928	
P3H4	0.40920762304317987	0.29539618847841004	0.29539618847841004	
TCERG1	0.10261682126607763	0.8269646649932527	0.07041851374066956	
THOC5	0.2910370181421019	0.2910370181421019	0.41792596371579604	
GMDS-DT	0.27990976085094726	0.27990976085094726	0.4401804782981055	
EHMT2	0.23533911661022783	0.5872893312284089	0.17737155216136322	
AC011447.3	0.030983275303802054	0.9077691656321869	0.061247559064011074	
OFD1	0.2788466919952899	0.2788466919952899	0.4423066160094201	
L3MBTL3	0.04250251810370451	0.9285891188520757	0.02890836304421973	
ROGDI	0.02452979230703331	0.9574096490736617	0.01806055861930493	
CROCC	0.2792245754292062	0.2792245754292062	0.44155084914158765	
AL121603.2	0.27654473505469374	0.27654473505469374	0.4469105298906125	
PRICKLE2	0.47005977153416956	0.2649701142329152	0.2649701142329152	
EPHA1	0.01949411212210691	0.9486973025550257	0.031808585322867365	
FKBP14	0.2854097254267227	0.2854097254267227	0.42918054914655457	
RPL13A	0.15301608316793502	0.6332766478445112	0.2137072689875538	
PMAIP1	0.0684673136331359	0.8952776874083365	0.03625499895852754	
RNH1	0.29727902704596526	0.29727902704596526	0.4054419459080696	
TRIM29	0.02753130688427746	0.9556764489790334	0.016792244136689186	
UBC	0.45613717415249155	0.2719314129237542	0.2719314129237542	
C1R	0.25732922789074436	0.25732922789074436	0.48534154421851117	
TGS1	0.08835672238709723	0.8427928429412263	0.0688504346716764	
AP001453.1	0.029206593338403565	0.9208795432621987	0.04991386339939779	
MTHFSD	0.22171031437162295	0.6100807142359175	0.16820897139245955	
OVOL1	0.009773828618994009	0.9728502168621301	0.017375954518876077	
C17orf49	0.047870141312536196	0.8729179380271214	0.0792119206603424	
HDAC8	0.29590020621041374	0.29590020621041374	0.4081995875791725	
PIK3C3	0.39538332319198993	0.302308338404005	0.302308338404005	
CENPM	0.0383011229433643	0.9371953656534338	0.024503511403201925	
SPON1	0.4249375013373668	0.28753124933131663	0.28753124933131663	
RBM33	0.12172498650175317	0.7212207030611834	0.15705431043706364	
METTL25	0.2944251100130153	0.2944251100130153	0.41114977997396945	
PCCB	0.04190789744166071	0.8966779022795478	0.06141420027879146	
TNKS2	0.015035635159215873	0.9638524139116186	0.021111950929165568	
FIGNL1	0.019383125513157524	0.9433076639649026	0.037309210521939695	
RCAN3	0.4033940513344052	0.29830297433279734	0.29830297433279734	
RPP38	0.0694251725388463	0.8385538466285537	0.09202098083259998	
CABLES1	0.47441704127407847	0.26279147936296077	0.26279147936296077	
RASA2	0.2952928825173805	0.2952928825173805	0.40941423496523904	
SPRYD4	0.0942462428603041	0.7771589115198224	0.12859484561987344	
ALG9	0.06798324418203365	0.8816622326194878	0.05035452319847849	
STARD7	0.2999356012986208	0.2999356012986208	0.40012879740275836	
ERVK3-1	0.3991476678465088	0.30042616607674555	0.30042616607674555	
ATXN1	0.2954881358424417	0.2954881358424417	0.40902372831511663	
PWP2	0.2250966794199609	0.2250966794199609	0.5498066411600782	
RPS11	0.06948710575437321	0.8387846632469222	0.09172823099870447	
HNRNPD	0.02589090840640078	0.933548272818771	0.040560818774828235	
MHENCR	0.2892579517912509	0.2892579517912509	0.421484096417498	
SDC4	0.02455420102928888	0.9401608496775197	0.035284949293191405	
NRP1	0.4811090420364314	0.25944547898178427	0.25944547898178427	
ACTR5	0.40092273581055926	0.2995386320947203	0.2995386320947203	
ARHGEF28	0.40678239670809924	0.2966088016459504	0.2966088016459504	
SARM1	0.4172966550946528	0.29135167245267357	0.29135167245267357	
MPG	0.2992662259417616	0.2992662259417616	0.40146754811647695	
NDE1	0.3869596706398597	0.3065201646800701	0.3065201646800701	
SNRNP70	0.03431657742016231	0.9206789147189386	0.045004507860899	
AP3S1	0.025932626338875556	0.9535598612172045	0.02050751244391991	
ADGRF3	0.4698455510568356	0.26507722447158216	0.26507722447158216	
MRPL24	0.3945448146001401	0.3027275926999299	0.3027275926999299	
KCNG1	0.009652276254759793	0.974879901730739	0.015467822014501167	
DCHS1	0.2596244186292122	0.2596244186292122	0.4807511627415755	
C19orf33	0.30606101189608775	0.5035513032882967	0.19038768481561552	
EIF2AK2	0.16640754086595114	0.6002780803787267	0.2333143787553222	
OSBPL3	0.2766430142678096	0.2766430142678096	0.4467139714643808	
GTF3C6	0.3863579915645588	0.3068210042177205	0.3068210042177205	
DEGS2	0.394948015594461	0.3025259922027695	0.3025259922027695	
CKAP4	0.04942860557155537	0.912546940816825	0.03802445361161977	
AC022916.1	0.2557891324758851	0.2557891324758851	0.48842173504822994	
MRPS15	0.0264433748555146	0.9383748678154212	0.03518175732906413	
EIF2D	0.30163328121296956	0.30163328121296956	0.39673343757406077	
HOXA11-AS	0.28834363563129406	0.28834363563129406	0.42331272873741194	
ZNF799	0.07769533921683147	0.8630115788159622	0.05929308196720625	
TRAF3IP2-AS1	0.27798996625623135	0.27798996625623135	0.4440200674875373	
RNF149	0.3793346823784764	0.31033265881076183	0.31033265881076183	
RAB40B	0.3842760151175851	0.3078619924412075	0.3078619924412075	
HNRNPUL1	0.37189935062446156	0.31405032468776917	0.31405032468776917	
NR1D2	0.40151971704791684	0.29924014147604155	0.29924014147604155	
DYRK2	0.2983525008032494	0.2983525008032494	0.40329499839350125	
SRGN	0.4695908677285542	0.26520456613572285	0.26520456613572285	
NAT10	0.40802614110147356	0.29598692944926325	0.29598692944926325	
ZNF583	0.41813414061255877	0.2909329296937206	0.2909329296937206	
MTHFD1L	0.2752525344840482	0.2752525344840482	0.4494949310319036	
AC011603.2	0.06522849747741118	0.8882873013542562	0.04648420116833263	
ZNF165	0.019045630168124095	0.9700116954511653	0.01094267438071063	
RAF1	0.03676720498673218	0.9187378847793086	0.04449491023395932	
HM13	0.2660571290127396	0.5178426892394371	0.21610018174782336	
WRAP53	0.04529424253738886	0.8951231553239295	0.05958260213868159	
POM121	0.11803073974315893	0.7175280147505426	0.16444124550629843	
ZFX	0.09586725150477034	0.828737498000381	0.07539525049484874	
HEY1	0.409558543143791	0.29522072842810454	0.29522072842810454	
DYRK1A	0.14056012625688633	0.7458902063680485	0.11354966737506525	
CYTH2	0.0329946488730049	0.9232608299360533	0.043744521190941674	
PPP3R1	0.38636910486463083	0.3068154475676846	0.3068154475676846	
SYDE2	0.018681540367190667	0.954459393576059	0.026859066056750272	
AC008124.1	0.309266808528249	0.309266808528249	0.38146638294350205	
TC2N	0.38985249797997923	0.30507375101001033	0.30507375101001033	
INO80D	0.30441808945956983	0.30441808945956983	0.39116382108086045	
PRMT3	0.05464740657803539	0.9019088535673535	0.043443739854611016	
TAS2R14	0.4299159662297002	0.28504201688514985	0.28504201688514985	
SPRY4	0.019335037385106637	0.9517199972132895	0.02894496540160404	
FOSL1	0.47421208190338343	0.26289395904830826	0.26289395904830826	
PGLS	0.3745913921886135	0.3127043039056932	0.3127043039056932	
KLC4	0.05879315509308277	0.8937823614254354	0.04742448348148167	
CMYA5	0.011267757228049614	0.9682510215846641	0.020481221187286257	
TTC31	0.3082028928831233	0.3082028928831233	0.38359421423375345	
AC064807.1	0.08594442437513974	0.8491137505355582	0.06494182508930205	
CRTC2	0.303972596056502	0.303972596056502	0.3920548078869961	
CGGBP1	0.06725711052731481	0.8754538661620076	0.057289023310677555	
IDUA	0.3893012076489451	0.3053493961755275	0.3053493961755275	
ARSD	0.2265414604788959	0.44873084837127863	0.3247276911498255	
SERP1	0.09065617826686101	0.83125009379252	0.07809372794061897	
AC079305.1	0.4872365841686497	0.25638170791567516	0.25638170791567516	
TMUB1	0.025986234183144812	0.9525416243182749	0.021472141498580146	
PREPL	0.37980671969724145	0.31009664015137933	0.31009664015137933	
GGT1	0.4203488227537149	0.28982558862314256	0.28982558862314256	
ZNF740	0.2967227253911752	0.2967227253911752	0.4065545492176495	
FAM104B	0.1389830216360065	0.7462051223909848	0.11481185597300882	
GRIK2	0.27209971583295756	0.27209971583295756	0.4558005683340848	
UQCRB	0.3067559891229208	0.3067559891229208	0.3864880217541583	
CCDC86	0.30174060661598145	0.30174060661598145	0.396518786768037	
MIPOL1	0.29884261891061903	0.29884261891061903	0.40231476217876194	
D2HGDH	0.03800181014568758	0.929964743289667	0.0320334465646453	
RHOF	0.27211915744480836	0.27211915744480836	0.4557616851103833	
MC1R	0.022395226775936864	0.9622760605609146	0.015328712663148496	
ABCF3	0.053923410926826155	0.8996681689589323	0.04640842011424153	
SERPINE1	0.03063177702174235	0.917043828665846	0.052324394312411496	
KIAA1211	0.38785890587131955	0.30607054706434017	0.30607054706434017	
MTUS1	0.3068063326847064	0.3068063326847064	0.3863873346305871	
MAN1B1	0.09957147623228721	0.8168602578932987	0.08356826587441407	
AL024507.2	0.019796510007663977	0.9664262819634604	0.013777208028875613	
VRK1	0.033894769433954336	0.916915205320109	0.04919002524593668	
DDIAS	0.03273862967112564	0.9450135186226866	0.02224785170618774	
TOMM22	0.06165833020829868	0.8867601969738629	0.05158147281783838	
MET	0.03517806340768095	0.9207413746842028	0.044080561908116246	
SYNJ2BP	0.21215126788730423	0.5127440809346977	0.275104651177998	
ZBTB6	0.30529626551060507	0.30529626551060507	0.38940746897878986	
NDUFB1	0.3787794924217651	0.31061025378911744	0.31061025378911744	
CSNK2B	0.05468802995726052	0.9022943186491688	0.04301765139357069	
C16orf95	0.0323625588116112	0.9252432920650508	0.042394149123337964	
HARBI1	0.0265424597582642	0.9519849283378007	0.021472611903934992	
TMEM260	0.24724474669187324	0.5407038698666733	0.21205138344145352	
GDI1	0.37578800040674326	0.3121059997966283	0.3121059997966283	
TRIM27	0.1114357171469793	0.7546716653655579	0.13389261748746284	
IPMK	0.05577493306120041	0.8968199514578432	0.04740511548095636	
FOCAD	0.3688782264121013	0.3155608867939494	0.3155608867939494	
CNTROB	0.36615350297470906	0.3169232485126455	0.3169232485126455	
ZBTB1	0.30724188300331573	0.30724188300331573	0.38551623399336843	
RETREG2	0.3689139216192366	0.3155430391903817	0.3155430391903817	
RPS10	0.03445584639019465	0.9187480948011785	0.04679605880862674	
ZNF275	0.29287162879204837	0.29287162879204837	0.4142567424159032	
INO80C	0.015720208837539648	0.9660889115376926	0.01819087962476771	
ID4	0.396290443758827	0.30185477812058653	0.30185477812058653	
AC093673.1	0.40585940004601845	0.2970702999769908	0.2970702999769908	
COPA	0.08928139326130173	0.8299972381182207	0.08072136862047768	
SNRPG	0.034805344228769686	0.924519339613881	0.04067531615734922	
AL137003.2	0.2957487057304141	0.2957487057304141	0.40850258853917165	
CAPS	0.053193927955799435	0.8837532779961539	0.0630527940480466	
GMEB1	0.026259383005440184	0.9504767231356069	0.023263893858952788	
TFDP1	0.034855688631054815	0.9350594815713773	0.03008482979756791	
DENND1A	0.026570852819830727	0.9502405097656854	0.02318863741448381	
C2orf72	0.009690611848522426	0.9787517967007651	0.011557591450712485	
CCDC115	0.3648510334533708	0.3175744832733146	0.3175744832733146	
PRRC1	0.039001842217114564	0.9165376007533672	0.044460557029518254	
TRIP6	0.3792053522782527	0.31039732386087365	0.31039732386087365	
NUP155	0.025548632046718818	0.9408183517634843	0.03363301618979695	
MAP1LC3B	0.10283095698899446	0.7657279954924741	0.13144104751853156	
RAB31	0.2996955624226191	0.2996955624226191	0.40060887515476185	
PRRT3	0.31250598908208815	0.31250598908208815	0.3749880218358237	
SRP14	0.31874404194087175	0.31874404194087175	0.3625119161182564	
LGR4	0.05154845079215123	0.8898973721044644	0.05855417710338427	
ADGRG5	0.2947525896083427	0.2947525896083427	0.4104948207833145	
HSPA14	0.03826000643540646	0.9283121171118922	0.0334278764527012	
GZMB	0.4038079590635734	0.29809602046821326	0.29809602046821326	
RAB22A	0.32147002266819935	0.32147002266819935	0.3570599546636013	
TTC14	0.32093558736588484	0.32093558736588484	0.3581288252682303	
CBX6	0.3018027389225029	0.3018027389225029	0.39639452215499416	
PRELP	0.2857791696199077	0.2857791696199077	0.4284416607601847	
UBE2D1	0.3533061608694195	0.32334691956529027	0.32334691956529027	
COPS7B	0.07139551088622288	0.8631685492086932	0.06543593990508388	
PPP1R35	0.045698184622245064	0.9127795794141497	0.04152223596360522	
GNA14	0.3731235574608769	0.31343822126956156	0.31343822126956156	
SLC35D2	0.12190933557666833	0.7414122428874614	0.1366784215358703	
TMC3-AS1	0.31103727098131045	0.31103727098131045	0.3779254580373791	
AC233280.1	0.08720812456853556	0.839302463316836	0.07348941211462827	
NALT1	0.30197401384311723	0.30197401384311723	0.3960519723137655	
TM9SF3	0.031178115029296648	0.9326103717259369	0.03621151324476653	
RGS12	0.31720373583172673	0.31720373583172673	0.36559252833654654	
PSMG4	0.31958384936249706	0.31958384936249706	0.36083230127500576	
RPL6	0.07452623914249809	0.8570803939394301	0.06839336691807178	
DCAF1	0.029327332663788733	0.9372902574061283	0.03338240993008304	
TNRC6C	0.35541201802976047	0.32229399098511974	0.32229399098511974	
ATP6V1C2	0.010462239021507181	0.9762971075173631	0.01324065346112973	
AMD1	0.03582070709436491	0.9318838025738576	0.03229549033177746	
KNL1	0.014281651891265908	0.9740077598580114	0.011710588250722775	
SLC9A3R2	0.31776712707382165	0.31776712707382165	0.3644657458523567	
LINC00265	0.30859515706912044	0.30859515706912044	0.38280968586175906	
ZNF408	0.03161800728879762	0.933417967595917	0.034964025115285326	
RASSF8	0.020430959599399546	0.9518189979923574	0.027750042408242987	
ECI2	0.3502432032026556	0.3248783983986722	0.3248783983986722	
PDCL	0.06939980136480065	0.8548278197672249	0.0757723788679744	
DLG5	0.015252300593145052	0.9681337903862456	0.016613909020609347	
PGGHG	0.36252715213091935	0.3187364239345403	0.3187364239345403	
EFNA5	0.3572470017739678	0.3213764991130161	0.3213764991130161	
POLK	0.3232125794784479	0.3232125794784479	0.35357484104310427	
GAS7	0.3729958006474831	0.31350209967625836	0.31350209967625836	
DNAJB4	0.2195600554969437	0.5985205863691501	0.18191935813390617	
DTNBP1	0.3461599592343544	0.3269200203828228	0.3269200203828228	
BPTF	0.34608595892711064	0.32695702053644465	0.32695702053644465	
C1orf210	0.01939400722845839	0.9626536538621178	0.01795233890942391	
SMAD7	0.36383356014712526	0.3180832199264374	0.3180832199264374	
XRCC5	0.050134482727862764	0.8952096055445105	0.054655911727626676	
CEP57L1	0.26951299161376446	0.4826180453341815	0.24786896305205394	
GTF2F1	0.34419969544562984	0.327900152277185	0.327900152277185	
IFI35	0.325056420137943	0.325056420137943	0.34988715972411405	
ADGRV1	0.0948118543987199	0.7944517838449673	0.11073636175631292	
ZNF174	0.35061214710848193	0.32469392644575906	0.32469392644575906	
DUSP8	0.36411629871417445	0.3179418506429128	0.3179418506429128	
NUP153	0.021085519242837976	0.958959170437972	0.019955310319190133	
HOXB6	0.324401542766119	0.324401542766119	0.3511969144677621	
B4GALT7	0.028292953630668038	0.9414470137884933	0.030260032580838613	
ELF3	0.04674232861945711	0.9025275754012678	0.05073009597927505	
PEAR1	0.36655809765161923	0.3167209511741904	0.3167209511741904	
DOCK9	0.05480952093226805	0.8928308875101383	0.05235959155759364	
TIMM44	0.3410286707954533	0.3294856646022733	0.3294856646022733	
IRF2BP1	0.34567049972060776	0.32716475013969615	0.32716475013969615	
BZW2	0.010040798218798943	0.9802537194107971	0.009705482370403931	
AL035530.2	0.32051393115157495	0.32051393115157495	0.35897213769685005	
CXCL2	0.3180661054360783	0.3180661054360783	0.3638677891278435	
GSE1	0.025285683806864946	0.9506272259785465	0.024087090214588592	
GPRC5C	0.3437597299887464	0.32812013500562687	0.32812013500562687	
RCL1	0.3423012024262607	0.3288493987868696	0.3288493987868696	
AL391684.1	0.36102709876337225	0.31948645061831393	0.31948645061831393	
AP000894.4	0.010579548310328089	0.979510058107054	0.009910393582617921	
ZNF567	0.022001490747993097	0.9549936925708905	0.023004816681116386	
SFT2D1	0.11666990654546362	0.7631700689557315	0.12016002449880489	
GADD45A	0.32425168820135725	0.32425168820135725	0.35149662359728545	
DHRS4	0.32763574983017885	0.32763574983017885	0.34472850033964225	
ILKAP	0.13612479178473064	0.7238093707942221	0.14006583742104725	
GNB1L	0.037401108947085863	0.9266314518130246	0.0359674392398894	
MT2A	0.35047663730677286	0.32476168134661354	0.32476168134661354	
STAT3	0.33901265418148085	0.3304936729092595	0.3304936729092595	
CAMK1	0.32782881996490687	0.32782881996490687	0.34434236007018626	
GRHL2	0.010364073623325693	0.9789051751735515	0.01073075120312286	
RHOU	0.02378029788901364	0.9514651101222783	0.024754591988707983	
PDLIM2	0.34387908657086763	0.32806045671456613	0.32806045671456613	
YJU2	0.0236540660704167	0.9531575741163846	0.023188359813198695	
RBM25	0.0484891982239089	0.9017015123265758	0.04980928944951524	
SMYD4	0.33027557005569136	0.33027557005569136	0.33944885988861734	
CGRRF1	0.33093376571376826	0.33093376571376826	0.33813246857246343	
CLEC2B	0.33409727873190115	0.3329513606340494	0.3329513606340494	
RASGRF2	0.02021243904766439	0.9594373681556826	0.02035019279665298	
RPL26L1	0.33124337134303794	0.33124337134303794	0.33751325731392406	
POU6F1	0.3480040713126885	0.3259979643436557	0.3259979643436557	
ZSCAN32	0.3372928601838153	0.33135356990809234	0.33135356990809234	
CNOT6	0.02451794427505953	0.9513102847260653	0.024171770998875224	
TGFB1	0.03738675641479492	0.9237736479542361	0.038839595630968976	
SH3BGR	0.3347482093614506	0.33262589531927467	0.33262589531927467	
YTHDF3-AS1	0.3353137593992473	0.3323431203003764	0.3323431203003764	
RERE	0.3345129517359221	0.332743524132039	0.332743524132039	
ARHGDIB	0.04056677368393702	0.919068672341445	0.04036455397461802	
YBEY	0.33261280583578917	0.33261280583578917	0.3347743883284216	
PNPO	0.333241101753972	0.333241101753972	0.333517796492056	
PGAP3	0.020759131073693992	0.9584845963943464	0.020756272531959736	
