	Fetal	Placenta	Adult	marker
A1BG-AS1	0.8536213948098631	0.017804702360349086	0.1285739028297877	
A2M	0.02964080430389201	0.02964080430389201	0.9407183913922159	
A2M-AS1	0.019316281956359392	0.019316281956359392	0.9613674360872811	
A2ML1	0.48512317662023613	0.2391203272225643	0.2757564961571995	
AAAS	0.02174728431782243	0.20312527810711395	0.7751274375750636	
AACS	0.6592470794444203	0.020760308595063948	0.3199926119605157	
AADAC	0.16136292107814662	0.008862095607634565	0.8297749833142188	
AADACL2	0.2836925643727717	0.01517390092935843	0.70113353469787	
AADACL2-AS1	0.42951556577565625	0.5639294786762795	0.0065549555480643035	
AADACL4	0.9271468705919391	0.036426564704030426	0.036426564704030426	
AADAT	0.6348922647683596	0.010617729051557777	0.35449000618008264	
AAGAB	0.6035158357994876	0.04982499214965382	0.34665917205085856	
AAK1	0.6733526400079737	0.31707338611695973	0.009573973875066559	
AAMDC	0.41601498800730047	0.04704355839746517	0.5369414535952345	
AAMP	0.013057189351278206	0.24496547252278048	0.7419773381259414	
AAR2	0.025300556568437323	0.03418104625080059	0.940518397180762	
AARD	0.13306052045248423	0.009637694057128087	0.8573017854903877	
AARS2	0.7991206181097146	0.023639570920029693	0.17723981097025565	
AASDH	0.7293461035689034	0.25410808852898004	0.016545807902116613	
AASDHPPT	0.5321544816231866	0.07098879166459536	0.39685672671221817	
AASS	0.9053401382789419	0.013566454067207863	0.08109340765385027	
AATF	0.43115738197307346	0.5504129929102003	0.018429625116726262	
AATK	0.8887930798700151	0.015043736600457993	0.09616318352952694	
ABAT	0.8778917484856326	0.01396794828142085	0.1081403032329466	
ABCA1	0.9574685560524359	0.021265721973782074	0.021265721973782074	
ABCA12	0.3725943253286898	0.5623345640174843	0.065071110653826	
ABCA2	0.4036906489825066	0.01280377550141511	0.5835055755160783	
ABCA3	0.6262756585081157	0.021322280297383228	0.352402061194501	
ABCA4	0.9713597849488325	0.014320107525583735	0.014320107525583735	
ABCA5	0.6640933805327202	0.3242176095520525	0.011689009915227474	
ABCA6	0.9760129036123663	0.01199354819381684	0.01199354819381684	
ABCA7	0.4518393269864666	0.2723954540124856	0.2757652190010478	
ABCA8	0.6241099202240025	0.011839389227140134	0.36405069054885736	
ABCA9	0.9238505574881216	0.011918226350107346	0.06423121616177095	
ABCA9-AS1	0.9591644051594373	0.020417797420281294	0.020417797420281294	
ABCB1	0.790573867735961	0.010567887387739689	0.19885824487629933	
ABCB10	0.951704437745788	0.02414778112710601	0.02414778112710601	
ABCB4	0.5898384387777228	0.23937609523308653	0.17078546598919056	
ABCB7	0.9500104867996083	0.024994756600195806	0.024994756600195806	
ABCB8	0.628026134884969	0.14638185119194103	0.22559201392308995	
ABCB9	0.6521339252202474	0.33758262963809343	0.010283445141659209	
ABCC1	0.9745596386007016	0.012720180699649189	0.012720180699649189	
ABCC10	0.9439775709730057	0.028011214513497126	0.028011214513497126	
ABCC3	0.5133368564588431	0.00812873336325644	0.4785344101779005	
ABCC4	0.9737534596722879	0.01312327016385606	0.01312327016385606	
ABCC5	0.8966472079147952	0.02173821880871124	0.08161457327649355	
ABCC6	0.9641012916972233	0.017949354151388333	0.017949354151388333	
ABCC8	0.9659965461047179	0.017001726947641065	0.017001726947641065	
ABCC9	0.827237533951951	0.010726928756142019	0.16203553729190698	
ABCD1	0.2270704396057883	0.4479090166218072	0.3250205437724044	
ABCD2	0.9654005030564616	0.01729974847176918	0.01729974847176918	
ABCD3	0.6612364614173972	0.3235351400951461	0.015228398487456586	
ABCD4	0.8060844782310164	0.017787319073070153	0.17612820269591342	
ABCE1	0.6683045963350789	0.059928581591221	0.2717668220737003	
ABCF1	0.38853630291956176	0.45238541375059943	0.159078283329839	
ABCF3	0.01784047560480866	0.29971799233122615	0.6824415320639651	
ABCG1	0.9436529883051853	0.028173505847407337	0.028173505847407337	
ABCG2	0.5465815036279277	0.44669689721284067	0.006721599159231515	
ABCG8	0.7693505454970828	0.025360812535204058	0.2052886419677131	
ABHD10	0.15577933710848355	0.027160703174170277	0.8170599597173462	
ABHD11	0.00734235267411854	0.3920578081150042	0.6005998392108772	
ABHD12	0.31891274556673066	0.5147082682520133	0.1663789861812561	
ABHD13	0.891096247379259	0.04113034073092461	0.06777341188981643	
ABHD14A	0.009876029588992105	0.009876029588992105	0.9802479408220158	
ABHD14B	0.010027736950013305	0.010027736950013305	0.9799445260999734	
ABHD15	0.017124151384865987	0.017124151384865987	0.965751697230268	
ABHD17A	0.09549835018279713	0.013275632943804226	0.8912260168733986	
ABHD17B	0.938979193278309	0.030510403360845446	0.030510403360845446	
ABHD17C	0.3140381057875478	0.6100779631085719	0.07588393110388038	
ABHD18	0.97027653419911	0.014861732900444978	0.014861732900444978	
ABHD2	0.701518342157636	0.027887419965220477	0.27059423787714343	
ABHD3	0.7714855181164686	0.0171164949804062	0.2113979869031252	
ABHD4	0.018768576149716384	0.018768576149716384	0.9624628477005672	
ABHD5	0.49511996000004255	0.34123820615970685	0.16364183384025055	
ABHD6	0.6997997286070936	0.018516446653587423	0.28168382473931897	
ABHD8	0.2848784727165068	0.3924024949737761	0.32271903230971716	
ABI1	0.9197832320427155	0.040108383978642206	0.040108383978642206	
ABI2	0.9660607434074134	0.01696962829629328	0.01696962829629328	
ABI3	0.06561760578989513	0.015115716023257125	0.9192666781868478	
ABI3BP	0.9612825671958501	0.0193587164020749	0.0193587164020749	
ABL1	0.9198934271434163	0.026061039135062365	0.054045533721521384	
ABL2	0.97409863527897	0.012950682360514986	0.012950682360514986	
ABLIM1	0.5905508826722764	0.020831544592389124	0.3886175727353344	
ABLIM2	0.9765666641308111	0.011716667934594485	0.011716667934594485	
ABLIM3	0.8769421983137149	0.013714727238624162	0.10934307444766095	
ABO	0.9650311182964586	0.017484440851770703	0.017484440851770703	
ABR	0.9727967389205902	0.013601630539704939	0.013601630539704939	
ABRACL	0.01014899025719686	0.2681636756013687	0.7216873341414345	
ABRAXAS1	0.9644400765508563	0.01777996172457182	0.01777996172457182	
ABRAXAS2	0.5619338239844531	0.4114779797033961	0.026588196312150723	
ABT1	0.010648285162351976	0.30956977732959895	0.679781937508049	
ABTB1	0.015775437770474885	0.015775437770474885	0.9684491244590502	
ABTB2	0.9771134411980037	0.011443279400998126	0.011443279400998126	
ACAA1	0.023969157837978965	0.03298414668667539	0.9430466954753457	
ACAA2	0.016249020314732143	0.016249020314732143	0.9675019593705357	
ACACA	0.9349009400616338	0.05344298101421955	0.01165607892414665	
ACACB	0.9656517788653559	0.017174110567322008	0.017174110567322008	
ACAD10	0.7756794576154765	0.20563739410273807	0.018683148281785546	
ACAD8	0.22568073222834167	0.016236453254030565	0.7580828145176278	
ACAD9	0.6448330711074407	0.33845314534913684	0.01671378354342243	
ACADL	0.4338193518586021	0.4181134362326482	0.14806721190874977	
ACADM	0.7292270989615537	0.02186555723098332	0.2489073438074629	
ACADS	0.09366444083848838	0.10576918044543411	0.8005663787160776	
ACADSB	0.6991252123732354	0.019262422492943746	0.28161236513382093	
ACADVL	0.015534326890417017	0.716468637613569	0.2679970354960139	
ACAN	0.6032259975604621	0.3901052182069528	0.006668784232585004	
ACAP1	0.18083481240841115	0.012283676245693532	0.8068815113458953	
ACAP2	0.9584794658823661	0.020760267058816933	0.020760267058816933	
ACAP3	0.7118895723340398	0.013649340745586496	0.27446108692037363	
ACAT1	0.02913956157540463	0.02913956157540463	0.9417208768491907	
ACAT2	0.11142740027904943	0.03638263918493247	0.852189960536018	
ACBD3	0.3830892012554675	0.599459366495187	0.01745143224934541	
ACBD4	0.35202716983624505	0.018694679152197396	0.6292781510115575	
ACBD5	0.7176945121628389	0.025281907180070933	0.2570235806570902	
ACBD6	0.5241342247278272	0.4623336936048493	0.013532081667323373	
ACCS	0.5831560385513683	0.01648965761331514	0.40035430383531656	
ACD	0.015502935755682509	0.1423930356828363	0.8421040285614813	
ACE	0.31842144911842907	0.01860425648249051	0.6629742943990805	
ACE2	0.649868456443052	0.22279083699638708	0.12734070656056093	
ACER2	0.2910030212369208	0.5526424541584594	0.15635452460461974	
ACER3	0.9754027560789451	0.012298621960527426	0.012298621960527426	
ACHE	0.6001920118800665	0.020682232390199756	0.37912575572973367	
ACIN1	0.2694083604393031	0.6781428616497766	0.052448777910920265	
ACKR1	0.009708737864077669	0.009708737864077669	0.9805825242718447	
ACKR2	0.05284610594128431	0.6904960507518566	0.25665784330685915	
ACKR3	0.1788593217468503	0.013918008559253844	0.8072226696938959	
ACKR4	0.3760598696008317	0.015488400327513353	0.608451730071655	
ACLY	0.2851986824584206	0.042937838248065394	0.671863479293514	
ACO1	0.5899646860203699	0.22822939766328107	0.18180591631634913	
ACO2	0.29946382630827184	0.33338717810266033	0.3671489955890679	
ACOT1	0.01125184815945917	0.13707217189600193	0.8516759799445389	
ACOT11	0.9768544817469494	0.011572759126525249	0.011572759126525249	
ACOT13	0.9494995765749268	0.025250211712536597	0.025250211712536597	
ACOT2	0.018498316829543848	0.013125226338213674	0.9683764568322425	
ACOT7	0.25069041378763923	0.5884805617618108	0.1608290244505499	
ACOT8	0.035231182934142874	0.025619355993176343	0.9391494610726808	
ACOT9	0.93682142419043	0.018637752547470337	0.044540823262099696	
ACOX1	0.4882846112029808	0.48774773888932393	0.023967649907695343	
ACOX2	0.529924949755524	0.01668988183170004	0.453385168412776	
ACOX3	0.5530024178153634	0.43655855322902726	0.01043902895560931	
ACOXL	0.9766681209504572	0.01166593952477141	0.01166593952477141	
ACP1	0.01667999391773169	0.4520340988423224	0.5312859072399458	
ACP2	0.01602736785431164	0.01602736785431164	0.9679452642913767	
ACP5	0.012315409276283195	0.012315409276283195	0.9753691814474336	
ACP6	0.6136898207949709	0.37002076023428937	0.016289418970739714	
ACRBP	0.32420741352555	0.014916546394627226	0.6608760400798228	
ACSF2	0.45234996407088296	0.40282239551655247	0.14482764041256446	
ACSF3	0.9474078177948883	0.026296091102555836	0.026296091102555836	
ACSL1	0.46944725271318927	0.015213432202486702	0.5153393150843241	
ACSL3	0.9535869733906233	0.02320651330468833	0.02320651330468833	
ACSL4	0.5789810074876269	0.40074738270403865	0.020271609808334493	
ACSL5	0.22212283902797436	0.018345250547936166	0.7595319104240895	
ACSM1	0.828165255057149	0.012726109159294376	0.15910863578355663	
ACSM3	0.8789847397871621	0.009898529572176237	0.11111673064066162	
ACSM5	0.28525432731645245	0.013307969967959675	0.7014377027155878	
ACSS1	0.46836160643794844	0.39619402419979555	0.1354443693622561	
ACSS2	0.805504068555783	0.012452376392588062	0.18204355505162895	
ACSS3	0.9747768879760975	0.011657034042572546	0.013566077981329947	
ACTA2	0.016549970249856796	0.016549970249856796	0.9669000595002863	
ACTB	0.021420984391528404	0.021420984391528404	0.9571580312169432	
ACTG1	0.01615146482289859	0.01615146482289859	0.9676970703542028	
ACTG2	0.16952511927994784	0.01037558373186922	0.820099296988183	
ACTL6A	0.025738680029572126	0.3518096900403858	0.622451629930042	
ACTN1	0.3014896307693437	0.054853512130363075	0.6436568571002933	
ACTN2	0.8428585638916761	0.00834513429595719	0.14879630181236675	
ACTN4	0.5070737961380238	0.3543799045596711	0.13854629930230514	
ACTR10	0.8759699729228972	0.015432644051769022	0.10859738302533373	
ACTR1A	0.0298182149770821	0.0298182149770821	0.9403635700458357	
ACTR1B	0.018113805277283585	0.018113805277283585	0.9637723894454328	
ACTR2	0.04515563109511	0.04515563109511	0.9096887378097801	
ACTR3	0.24890012846402046	0.0771822670147548	0.6739176045212248	
ACTR3B	0.5893328264476896	0.39983318486340375	0.01083398868890657	
ACTR3C	0.5295479119379256	0.4615884584137127	0.008863629648361604	
ACTR5	0.8051884039156882	0.022720177090817372	0.1720914189934944	
ACTR6	0.2577254209320554	0.5640498954693719	0.17822468359857274	
ACTR8	0.9241763882274294	0.03791180588628529	0.03791180588628529	
ACVR1	0.965460566225663	0.01726971688716846	0.01726971688716846	
ACVR1B	0.6765683893066821	0.01676874880207607	0.30666286189124187	
ACVR1C	0.9672479898190326	0.016376005090483713	0.016376005090483713	
ACVR2A	0.9726503419385665	0.013674829030716724	0.013674829030716724	
ACVR2B	0.6292187771203046	0.36171018508058594	0.009071037799109534	
ACVRL1	0.1776479175566753	0.2093646987125383	0.6129873837307864	
ACYP1	0.3539492385056766	0.2529974852075191	0.39305327628680437	
ACYP2	0.9666710928260377	0.016664453586981143	0.016664453586981143	
ADA	0.3433243690453599	0.01718484307375862	0.6394907878808814	
ADA2	0.5377680276649611	0.020909473954870757	0.44132249838016807	
ADAL	0.9557974505369152	0.02210127473154237	0.02210127473154237	
ADAM10	0.9048064208901793	0.07718186643186754	0.018011712677953106	
ADAM12	0.49753694581280794	0.49753694581280794	0.004926108374384237	
ADAM15	0.06987799161532476	0.022032277856134038	0.9080897305285413	
ADAM17	0.8566975397398775	0.12995761419822152	0.013344846061900898	
ADAM19	0.514174409435916	0.4789587669862848	0.006866823577799289	
ADAM22	0.9803431970993509	0.009828401450324587	0.009828401450324587	
ADAM23	0.9761872132990717	0.011906393350464162	0.011906393350464162	
ADAM28	0.4958865114522417	0.011910222450574876	0.49220326609718346	
ADAM32	0.976952479829392	0.011523760085303973	0.011523760085303973	
ADAM33	0.5160869887174749	0.006930758670815908	0.47698225261170907	
ADAM8	0.22465907775994728	0.014060630073119713	0.7612802921669329	
ADAM9	0.9652333706964569	0.017383314651771526	0.017383314651771526	
ADAMTS1	0.08287184045659016	0.014803155057259256	0.9023250044861505	
ADAMTS10	0.8119037712646664	0.009936648073418434	0.17815958066191515	
ADAMTS12	0.9803900518997929	0.00980497405010358	0.00980497405010358	
ADAMTS13	0.7842989965960404	0.015541644489231609	0.20015935891472794	
ADAMTS14	0.976524625865205	0.011737687067397437	0.011737687067397437	
ADAMTS15	0.6522580669260197	0.013767059020657273	0.33397487405332293	
ADAMTS16	0.9724137064904496	0.01379314675477523	0.01379314675477523	
ADAMTS17	0.977871968417834	0.01106401579108299	0.01106401579108299	
ADAMTS18	0.9803518049014773	0.009824097549261319	0.009824097549261319	
ADAMTS19	0.809879867795356	0.18210151965221472	0.008018612552429267	
ADAMTS2	0.9776917365369753	0.011154131731512347	0.011154131731512347	
ADAMTS3	0.9773207387487106	0.011339630625644687	0.011339630625644687	
ADAMTS4	0.3295540964027442	0.009598395145579888	0.6608475084516758	
ADAMTS5	0.9701135099951431	0.014943245002428435	0.014943245002428435	
ADAMTS6	0.5882508507553112	0.4057255986907891	0.006023550553899736	
ADAMTS7	0.9683756821241019	0.015812158937949065	0.015812158937949065	
ADAMTS8	0.4775241039186513	0.013261110408242061	0.5092147856731066	
ADAMTS9	0.9797103118422751	0.010144844078862436	0.010144844078862436	
ADAMTS9-AS2	0.9805825242718447	0.009708737864077669	0.009708737864077669	
ADAMTSL1	0.9805825242718447	0.009708737864077669	0.009708737864077669	
ADAMTSL2	0.4202999203060252	0.006728536629130003	0.5729715430648447	
ADAMTSL3	0.9796652543593556	0.01016737282032219	0.01016737282032219	
ADAMTSL4	0.45013742166127174	0.3887042560635181	0.16115832227521013	
ADAMTSL5	0.38869686488050664	0.020790279548881657	0.5905128555706117	
ADAP1	0.012816597893004043	0.012816597893004043	0.9743668042139919	
ADAP2	0.9588555878401729	0.020572206079913516	0.020572206079913516	
ADAR	0.0799406797572692	0.0799406797572692	0.8401186404854616	
ADARB1	0.9702214581255794	0.0148892709372103	0.0148892709372103	
ADAT1	0.2687122035382658	0.2279446031616922	0.503343193300042	
ADAT2	0.9685781210024696	0.015710939498765144	0.015710939498765144	
ADCK1	0.769560032806566	0.21476462036793764	0.01567534682549625	
ADCK2	0.010492775165956019	0.41182074485151193	0.577686479982532	
ADCK5	0.7885979303920604	0.013506808101077043	0.19789526150686257	
ADCY1	0.8205560750955604	0.00858517777529929	0.1708587471291404	
ADCY10	0.4424500310670843	0.5499458579027392	0.00760411103017644	
ADCY2	0.6582200096278326	0.335121297339907	0.006658693032260449	
ADCY3	0.7206045193351214	0.023106911482782582	0.256288569182096	
ADCY4	0.5273558554990727	0.010653945481203617	0.4619901990197238	
ADCY5	0.9758604859272244	0.01206975703638778	0.01206975703638778	
ADCY6	0.7161165894199608	0.26162068029654373	0.022262730283495433	
ADCY7	0.9643900213928951	0.017804989303552447	0.017804989303552447	
ADCY9	0.9774821633318707	0.011258918334064658	0.011258918334064658	
ADD1	0.44190357936848224	0.10540178999057315	0.4526946306409446	
ADD2	0.9805000138454434	0.009749993077278314	0.009749993077278314	
ADD3	0.9022261654577466	0.048886917271126665	0.048886917271126665	
ADGRA2	0.7547802368670231	0.014212633967462699	0.2310071291655142	
ADGRA3	0.6843902726874731	0.3057524284138354	0.009857298898691498	
ADGRB2	0.8181039014843823	0.0176248903382483	0.16427120817736937	
ADGRB3	0.9805825242718447	0.009708737864077669	0.009708737864077669	
ADGRD1	0.9758628195242058	0.012068590237897091	0.012068590237897091	
ADGRE1	0.4490862712783725	0.01972020367092709	0.5311935250507004	
ADGRE2	0.6955304486805883	0.013745287277590593	0.29072426404182106	
ADGRE5	0.11247976470091005	0.021794332658811214	0.8657259026402788	
ADGRF1	0.6162778850287562	0.01306535603893365	0.3706567589323101	
ADGRF3	0.9664257884460613	0.016787105776969343	0.016787105776969343	
ADGRF4	0.10992190630780291	0.548131966818236	0.34194612687396103	
ADGRF5	0.7732164292857987	0.015158893421179008	0.21162467729302223	
ADGRG1	0.015214172363272032	0.49919078463618494	0.485595043000543	
ADGRG2	0.9715625694266794	0.014218715286660294	0.014218715286660294	
ADGRG3	0.21522762887475827	0.00981427126838512	0.7749580998568566	
ADGRG5	0.9682272020545715	0.015886398972714242	0.015886398972714242	
ADGRG6	0.42173380631312196	0.5712123092352646	0.007053884451613425	
ADGRL1	0.9694982925762214	0.01525085371188928	0.01525085371188928	
ADGRL2	0.9665889394000524	0.0167055302999738	0.0167055302999738	
ADGRL3	0.770051318982537	0.22232441053248736	0.007624270484975614	
ADGRL4	0.9681734631633541	0.015913268418322975	0.015913268418322975	
ADGRV1	0.8427804002660091	0.06867293535773925	0.08854666437625162	
ADH1B	0.01038684111688349	0.01038684111688349	0.979226317766233	
ADH5	0.026686884572333897	0.026686884572333897	0.9466262308553322	
ADI1	0.015389630961005764	0.2612932540894688	0.7233171149495254	
ADIPOR1	0.014776291304273596	0.26872330024598534	0.7165004084497412	
ADIPOR2	0.7429661225896708	0.21176952583079212	0.04526435157953716	
ADIRF	0.006736714156887177	0.31285515599750796	0.6804081298456048	
ADK	0.46441391945917027	0.5255766813094719	0.010009399231357905	
ADM	0.0059259488935715175	0.453372352389025	0.5407016987174034	
ADNP	0.4905487040247015	0.4856884938509614	0.02376280212433697	
ADNP-AS1	0.38422291234437556	0.02555154979773219	0.5902255378578923	
ADNP2	0.5345148089402042	0.42205174761730585	0.04343344344248979	
ADO	0.014590363877440645	0.014590363877440645	0.9708192722451187	
ADORA1	0.9568156426056479	0.02159217869717604	0.02159217869717604	
ADORA2A-AS1	0.9680012375456348	0.015999381227182568	0.015999381227182568	
ADORA2B	0.48498231854438945	0.15956629231005107	0.35545138914555935	
ADPGK	0.3367901212187567	0.028502944077443446	0.6347069347037999	
ADPRH	0.013779736629438268	0.27377858913398445	0.7124416742365773	
ADPRHL1	0.9708896900120495	0.014555154993975226	0.014555154993975226	
ADPRM	0.35618791281705237	0.018511761566355547	0.625300325616592	
ADRA2A	0.14417824770120255	0.011985300560420594	0.8438364517383768	
ADRB1	0.8203776325348429	0.08981118373257863	0.08981118373257863	
ADRB2	0.01024491317330224	0.01024491317330224	0.9795101736533955	
ADRM1	0.010772103504231122	0.22598748086427378	0.763240415631495	
ADTRP	0.50821217958211	0.00995578574787724	0.4818320346700129	
AEBP1	0.009708737864077669	0.009708737864077669	0.9805825242718447	
AEBP2	0.4636226516126841	0.5224265660523965	0.013950782334919292	
AEN	0.01165683406944741	0.15722006955603016	0.8311230963745224	
AFAP1	0.7785320234241425	0.2116049960541432	0.009862980521714188	
AFAP1L1	0.9312939279513717	0.05526547745758587	0.013440594591042458	
AFAP1L2	0.8809371325511189	0.019382052027187503	0.09968081542169349	
AFDN	0.8493896057396175	0.13734404838528627	0.013266345875096088	
AFDN-DT	0.6738323554216389	0.027195974804746184	0.29897166977361495	
AFF1	0.935723865222701	0.03213806738864945	0.03213806738864945	
AFF2	0.9791512219568868	0.010424389021556617	0.010424389021556617	
AFF3	0.9805825242718447	0.009708737864077669	0.009708737864077669	
AFF4	0.9446019807493176	0.02769900962534121	0.02769900962534121	
AFG1L	0.9737848532032642	0.01508667120929895	0.01112847558743679	
AFG3L2	0.7114087429593217	0.26645393758758923	0.02213731945308908	
AFMID	0.6612773217204065	0.02425353536664118	0.3144691429129522	
AFTPH	0.8685081376813457	0.05952677657973644	0.07196508573891788	
AGA	0.014125552073074386	0.2902836837973418	0.6955907641295838	
AGAP1	0.7520082081173156	0.2404865346496872	0.007505257232997248	
AGAP2	0.7589287682970001	0.023082211204091898	0.21798902049890795	
AGAP3	0.8538779010344031	0.016524982277383186	0.12959711668821378	
AGAP4	0.8159983064742894	0.16552240329003043	0.018479290235680255	
AGAP9	0.4711007340949739	0.016037904806543168	0.5128613610984828	
AGBL2	0.9622910027154437	0.018854498642278176	0.018854498642278176	
AGBL3	0.9738770346757993	0.013061482662100306	0.013061482662100306	
AGBL5	0.09750053509402314	0.23856501587495554	0.6639344490310213	
AGER	0.426197534470375	0.009070437733378142	0.5647320277962468	
AGFG1	0.46688800954445697	0.5057489430463264	0.02736304740921652	
AGFG2	0.5341390230872923	0.011240490136513868	0.4546204867761937	
AGGF1	0.018262964528278358	0.018262964528278358	0.9634740709434433	
AGK	0.9578090821883151	0.021095458905842458	0.021095458905842458	
AGL	0.6207527983085588	0.3665937908999379	0.012653410791503382	
AGMAT	0.3737600243910309	0.016203202258770963	0.6100367733501982	
AGO1	0.9540387663443116	0.022980616827844146	0.022980616827844146	
AGO2	0.8167643289015274	0.16999074096480488	0.013244930133667643	
AGO3	0.9762644427424885	0.011867778628755748	0.011867778628755748	
AGO4	0.9605771638631804	0.019711418068409873	0.019711418068409873	
AGPAT1	0.014792260871600363	0.08666857936606845	0.8985391597623312	
AGPAT2	0.02569243640501766	0.012571696970655091	0.9617358666243272	
AGPAT3	0.9474468662165032	0.02627656689174837	0.02627656689174837	
AGPAT4	0.9773188089681258	0.01134059551593708	0.01134059551593708	
AGPAT5	0.9694656422502506	0.015267178874874724	0.015267178874874724	
AGPS	0.9655978526958661	0.01720107365206693	0.01720107365206693	
AGR2	0.283771303486386	0.00862620067281403	0.7076024958407999	
AGR3	0.2605662590934695	0.009818054586568203	0.7296156863199623	
AGRN	0.4626366315850265	0.010667136567353597	0.5266962318476198	
AGTPBP1	0.9661197684957576	0.016940115752121173	0.016940115752121173	
AGTR1	0.5143336609527097	0.015671501155894184	0.46999483789139596	
AGTRAP	0.01813503978074631	0.01813503978074631	0.9637299204385074	
AHCTF1	0.8255569471871581	0.15525389078949053	0.019189162023351344	
AHCY	0.017097100681369982	0.017097100681369982	0.96580579863726	
AHCYL1	0.03593776566242424	0.26160734290724286	0.702454891430333	
AHCYL2	0.6724378219650524	0.3153065395634466	0.012255638471500971	
AHDC1	0.9703626705881526	0.014818664705923653	0.014818664705923653	
AHI1	0.9761251629288398	0.011937418535580096	0.011937418535580096	
AHNAK	0.44888454634274466	0.22902687553868403	0.32208857811857144	
AHNAK2	0.6008065185003677	0.013558224941390152	0.3856352565582421	
AHR	0.5306598722955197	0.019290771997952674	0.45004935570652754	
AHSA1	0.02098799132432665	0.12568238851559543	0.8533296201600779	
AIDA	0.04059937919890685	0.04059937919890685	0.9188012416021863	
AIF1	0.01169950244810928	0.01169950244810928	0.9766009951037814	
AIF1L	0.24491529018242922	0.37952543271804334	0.37555927709952747	
AIFM1	0.3748128163335738	0.13031621663743717	0.49487096702898903	
AIFM2	0.6164552786536104	0.01930504145451546	0.3642396798918741	
AIFM3	0.264578561065645	0.4453181196000193	0.2901033193343358	
AIG1	0.9614505396455849	0.019274730177207523	0.019274730177207523	
AIM2	0.6814816083718859	0.011274485349370386	0.3072439062787438	
AIMP1	0.03585447295299867	0.22746423743197336	0.7366812896150279	
AIMP2	0.02779041455020348	0.13862076931616377	0.8335888161336327	
AIP	0.013258988378998342	0.013258988378998342	0.9734820232420033	
AJAP1	0.9700975758772221	0.014951212061388905	0.014951212061388905	
AJM1	0.24559870632673392	0.013136369810819537	0.7412649238624466	
AJUBA	0.01101311375491954	0.09070107992595786	0.8982858063191227	
AK1	0.05318496858344185	0.00939584423228184	0.9374191871842763	
AK2	0.029346522028491917	0.40950106075166054	0.5611524172198474	
AK3	0.3710194449738175	0.07781996405764922	0.5511605909685332	
AK4	0.8184545802008735	0.015558956274230155	0.16598646352489638	
AK5	0.9757624790589836	0.012118760470508203	0.012118760470508203	
AK6	0.04536016176626218	0.31129844736951917	0.6433413908642187	
AK7	0.9712157242448621	0.014392137877568933	0.014392137877568933	
AK8	0.9744264559567161	0.012786772021641976	0.012786772021641976	
AK9	0.9701013871776147	0.014949306411192593	0.014949306411192593	
AKAP1	0.2624747319666138	0.09371691713471163	0.6438083508986746	
AKAP10	0.95174998669506	0.024125006652469985	0.024125006652469985	
AKAP11	0.9462127524508367	0.02689362377458163	0.02689362377458163	
AKAP12	0.9698996661721929	0.015050166913903536	0.015050166913903536	
AKAP13	0.9391874826864413	0.03040625865677937	0.03040625865677937	
AKAP3	0.47972126947589566	0.506553859423384	0.01372487110072017	
AKAP5	0.9033633726043148	0.04831831369784257	0.04831831369784257	
AKAP6	0.9800690220886626	0.00996548895566874	0.00996548895566874	
AKAP7	0.8833416981576775	0.1031693156870542	0.013488986155268263	
AKAP8	0.7038883070784971	0.2859480969065913	0.010163596014911585	
AKAP8L	0.748828080408015	0.14066490650533842	0.1105070130866466	
AKAP9	0.7226889163278075	0.2649843131900101	0.012326770482182395	
AKIP1	0.2829456505894435	0.020294601853649948	0.6967597475569066	
AKIRIN1	0.014132678090035216	0.5866490233856743	0.3992182985242905	
AKIRIN2	0.0509088297341759	0.0509088297341759	0.8981823405316482	
AKNA	0.8467798754525404	0.01867008250180306	0.13455004204565651	
AKNAD1	0.6698053026524682	0.31722979920198147	0.01296489814555032	
AKR1A1	0.029776768960299762	0.029776768960299762	0.9404464620794004	
AKR1B1	0.008547634564375593	0.24030306706390317	0.7511492983717212	
AKR1C1	0.3364583497712254	0.011858537200352768	0.6516831130284219	
AKR1C2	0.34774915649691185	0.009126545719201658	0.6431242977838865	
AKR1C3	0.14637016739436712	0.010477547230728208	0.8431522853749047	
AKR1E2	0.9636677381451719	0.018166130927414013	0.018166130927414013	
AKR7A2	0.014968862112672112	0.15445239156914894	0.830578746318179	
AKT1	0.01375520473969217	0.3445468893298139	0.6416979059304939	
AKT2	0.6469137994443137	0.07271236353367218	0.28037383702201407	
AKT3	0.8457031208085687	0.14152430651306191	0.012772572678369424	
AKTIP	0.10772704069565152	0.5788543358811535	0.31341862342319493	
ALAD	0.019685130283931134	0.2570523586807384	0.7232625110353306	
ALAS1	0.17487760013994158	0.3888093487922036	0.43631305106785484	
ALAS2	0.9270099478821486	0.009178316315664839	0.06381173580218653	
ALCAM	0.9541636333583369	0.02291818332083157	0.02291818332083157	
ALDH16A1	0.16213904012672384	0.17526721644604273	0.6625937434272334	
ALDH18A1	0.053606158212539626	0.6258694885520617	0.32052435323539863	
ALDH1A1	0.026190464566640165	0.026190464566640165	0.9476190708667196	
ALDH1A2	0.9769951846709861	0.011502407664506933	0.011502407664506933	
ALDH1A3	0.3092883631607911	0.010258987930878352	0.6804526489083305	
ALDH1B1	0.009982823249677773	0.009982823249677773	0.9800343535006445	
ALDH1L2	0.9725341137594337	0.01373294312028314	0.01373294312028314	
ALDH2	0.02517092852003022	0.02517092852003022	0.9496581429599396	
ALDH3A2	0.07408956733482903	0.03602763545389773	0.8898827972112733	
ALDH3B1	0.1603795226387263	0.01070270284825797	0.8289177745130157	
ALDH3B2	0.16290865685337264	0.5995834696367678	0.23750787350985966	
ALDH4A1	0.009692269416109333	0.5142708355343705	0.4760368950495203	
ALDH5A1	0.4991085925419357	0.08827380813551572	0.41261759932254854	
ALDH6A1	0.5293574400901117	0.01900640419753424	0.4516361557123541	
ALDH7A1	0.5147250527553744	0.3540571946208016	0.13121775262382407	
ALDH8A1	0.6636351979635009	0.015027788082929547	0.32133701395356945	
ALDH9A1	0.021496354800402122	0.021496354800402122	0.9570072903991957	
ALG1	0.9549949717078238	0.02250251414608809	0.02250251414608809	
ALG10	0.39664475663520266	0.4050361078807792	0.19831913548401814	
ALG10B	0.30307919350978146	0.4156150774417743	0.28130572904844425	
ALG11	0.851970072619683	0.12744669872776987	0.020583228652547077	
ALG12	0.28846037408715464	0.2824867432747952	0.4290528826380502	
ALG13	0.9421360682724156	0.0289319658637922	0.0289319658637922	
ALG14	0.8843911280790312	0.10397328262156427	0.011635589299404486	
ALG1L2	0.9706091708659376	0.01469541456703119	0.01469541456703119	
ALG2	0.012612771693527192	0.012612771693527192	0.9747744566129456	
ALG3	0.010077633853659836	0.34569679420289356	0.6442255719434465	
ALG5	0.6830632994171174	0.021683164968364182	0.29525353561451845	
ALG6	0.7781945734972363	0.21151007960304885	0.01029534689971487	
ALG8	0.5639096287546909	0.3701224144880297	0.06596795675727946	
ALG9	0.01551391930675732	0.2356110506170048	0.7488750300762379	
ALKAL2	0.014223654342945525	0.012345494218518726	0.9734308514385358	
ALKBH1	0.9628410780069234	0.0185794609965383	0.0185794609965383	
ALKBH2	0.021126145566495072	0.021126145566495072	0.9577477088670098	
ALKBH3	0.7153145738523231	0.06557558855420115	0.21910983759347588	
ALKBH4	0.28953273052317985	0.1652315042939036	0.5452357651829165	
ALKBH5	0.026054479498279215	0.026054479498279215	0.9478910410034416	
ALKBH7	0.009708737864077669	0.009708737864077669	0.9805825242718447	
ALKBH8	0.9556332764587923	0.022183361770603878	0.022183361770603878	
ALMS1	0.9743903536553445	0.012804823172327721	0.012804823172327721	
ALOX5	0.5676230629712218	0.01037589676520064	0.4220010402635776	
ALOX5AP	0.011851236485799095	0.011851236485799095	0.9762975270284018	
ALPK1	0.9708976097106217	0.014551195144689128	0.014551195144689128	
ALPK2	0.9757499226405475	0.01212503867972623	0.01212503867972623	
ALPK3	0.9759249852583731	0.012037507370813418	0.012037507370813418	
ALPL	0.24089437909707068	0.11003351590105666	0.6490721050018727	
ALS2	0.9743945749896213	0.01280271250518934	0.01280271250518934	
ALS2CL	0.30124774854077274	0.23603105199925298	0.4627211994599743	
ALYREF	0.00881115705602404	0.21058980374384048	0.7805990392001354	
AMACR	0.01716411548306504	0.01716411548306504	0.9656717690338699	
AMBRA1	0.9687514657824892	0.015624267108755386	0.015624267108755386	
AMD1	0.1370434476451782	0.6741826795488899	0.18877387280593183	
AMDHD1	0.8421367773491822	0.011039798309954761	0.14682342434086296	
AMDHD2	0.04505515865278115	0.015073499825705359	0.9398713415215134	
AMER1	0.9566812685660142	0.021659365716992902	0.021659365716992902	
AMFR	0.32068018400478965	0.04285794919422994	0.6364618668009805	
AMIGO1	0.019336286533039596	0.019336286533039596	0.9613274269339209	
AMIGO2	0.01667434544229029	0.01667434544229029	0.9666513091154194	
AMMECR1	0.5956058722137102	0.39499041541881336	0.009403712367476552	
AMMECR1L	0.7875471118396951	0.0265977421574933	0.18585514600281167	
AMN	0.20758694876794	0.41685553792664376	0.3755575133054163	
AMN1	0.9549061815198644	0.02254690924006781	0.02254690924006781	
AMOT	0.4571280955554933	0.535316877158994	0.007555027285512762	
AMOTL1	0.41111900303254356	0.5790384996545772	0.009842497312879166	
AMOTL2	0.35563227218979854	0.18324805110409972	0.4611196767061016	
AMPD2	0.5135024087125405	0.016712432435514884	0.46978515885194455	
AMPD3	0.9554805470012634	0.022259726499368308	0.022259726499368308	
AMPH	0.9756816518522748	0.012159174073862591	0.012159174073862591	
AMY2B	0.1294380092417356	0.019404601160897258	0.8511573895973671	
AMZ1	0.6788048885516005	0.3118712536888643	0.009323857759535254	
AMZ2	0.07759693531399046	0.2142484306498449	0.7081546340361646	
ANAPC1	0.9435442253499882	0.040656418188296795	0.015799356461715094	
ANAPC10	0.020127785517077862	0.020127785517077862	0.9597444289658442	
ANAPC11	0.010878677652399069	0.29993415543897933	0.6891871669086216	
ANAPC13	0.010647412010769757	0.24582705681176625	0.743525531177464	
ANAPC15	0.009014023793669269	0.18910921040810544	0.8018767657982252	
ANAPC16	0.4171270648144423	0.03842775135742753	0.5444451838281303	
ANAPC2	0.16714982299234887	0.14143336514769236	0.6914168118599588	
ANAPC4	0.8642096875446048	0.02992910234141849	0.10586121011397673	
ANAPC5	0.31057914824252036	0.33435194868886375	0.3550689030686159	
ANAPC7	0.0521290377004708	0.0521290377004708	0.8957419245990584	
ANGEL1	0.9369351860444958	0.029548500480212927	0.03351631347529133	
ANGEL2	0.9401889148900887	0.029905542554955637	0.029905542554955637	
ANGPT1	0.9760102248358308	0.011994887582084628	0.011994887582084628	
ANGPT2	0.9720136340772806	0.01399318296135971	0.01399318296135971	
ANGPT4	0.2697451510990153	0.7220812415757033	0.008173607325281372	
ANGPTL1	0.36081238046793096	0.01192308001511845	0.6272645395169505	
ANGPTL2	0.1579269690166943	0.010777444640844767	0.8312955863424608	
ANGPTL4	0.11859283160798917	0.417093634732282	0.46431353365972877	
ANGPTL5	0.9631359694975795	0.018432015251210226	0.018432015251210226	
ANK1	0.9805825242718447	0.009708737864077669	0.009708737864077669	
ANK2	0.9759727674637503	0.012013616268124841	0.012013616268124841	
ANK3	0.4948626312867203	0.49747406779583564	0.007663300917444133	
ANKAR	0.9787430763641022	0.01062846181794892	0.01062846181794892	
ANKDD1A	0.7618798257859587	0.07456846057163985	0.1635517136424014	
ANKDD1B	0.9744815278971641	0.012759236051417938	0.012759236051417938	
ANKEF1	0.7695348048765395	0.21008598990347788	0.020379205219982533	
ANKFN1	0.6321937368040746	0.3606019462129959	0.007204316982929426	
ANKFY1	0.9357865047256603	0.032106747637169815	0.032106747637169815	
ANKH	0.9528094566082094	0.02359527169589527	0.02359527169589527	
ANKHD1	0.009208499198359104	0.07899882425196725	0.9117926765496737	
ANKIB1	0.7884470396523147	0.19252147555449353	0.019031484793191788	
ANKLE1	0.4703660848627438	0.2405291976094873	0.2891047175277688	
ANKLE2	0.46562887005426895	0.5047417084220951	0.029629421523635884	
ANKMY1	0.9641992758259426	0.017900362087028696	0.017900362087028696	
ANKMY2	0.4544980918078913	0.5229150680460848	0.02258684014602399	
ANKRA2	0.46837781235472914	0.40484177053353076	0.12678041711174007	
ANKRD1	0.8517392753100599	0.010654124330620277	0.1376066003593198	
ANKRD10	0.3270982109383636	0.24029798355039597	0.43260380551124045	
ANKRD11	0.9536217129395378	0.02318914353023106	0.02318914353023106	
ANKRD12	0.9563524853151885	0.021823757342405763	0.021823757342405763	
ANKRD13A	0.15568561287351013	0.6788035807040137	0.1655108064224762	
ANKRD13C	0.9628771104504815	0.018561444774759225	0.018561444774759225	
ANKRD13D	0.43474179247785644	0.014563082910937447	0.5506951246112061	
ANKRD16	0.9590062537488363	0.020496873125581835	0.020496873125581835	
ANKRD17	0.9468708207081912	0.02783154468083981	0.025297634610968896	
ANKRD18A	0.6559561558209561	0.33598528583741016	0.008058558341633798	
ANKRD22	0.33980609460732925	0.011396737920229764	0.648797167472441	
ANKRD23	0.9523513996249344	0.01320615679890227	0.034442443576163294	
ANKRD24	0.4608619179168144	0.5320523068510913	0.007085775232094179	
ANKRD26	0.9778643467914211	0.011067826604289429	0.011067826604289429	
ANKRD27	0.5782943767303755	0.4057638213401754	0.01594180192944903	
ANKRD28	0.9624882342395444	0.018755882880227757	0.018755882880227757	
ANKRD29	0.965081921246335	0.017459039376832512	0.017459039376832512	
ANKRD30A	0.9390171122099817	0.030491443895009105	0.030491443895009105	
ANKRD31	0.9678616867204868	0.016334547134945348	0.01580376614456798	
ANKRD33B	0.971527135893464	0.014236432053267991	0.014236432053267991	
ANKRD35	0.48696600466051015	0.010460140711463412	0.5025738546280264	
ANKRD36	0.9792942933464388	0.01035285332678057	0.01035285332678057	
ANKRD36B	0.9803050091858919	0.009847495407054043	0.009847495407054043	
ANKRD36C	0.9784924028975224	0.01075379855123879	0.01075379855123879	
ANKRD37	0.10901799280075225	0.034740231632901984	0.8562417755663458	
ANKRD40	0.033630846946556235	0.033630846946556235	0.9327383061068875	
ANKRD42	0.9476405207356478	0.02617973963217611	0.02617973963217611	
ANKRD44	0.9742611898049096	0.01286940509754519	0.01286940509754519	
ANKRD46	0.6077414072210957	0.025697850219571994	0.36656074255933235	
ANKRD49	0.18375968632021428	0.11341752633653583	0.7028227873432499	
ANKRD50	0.9703661166444126	0.014816941677793656	0.014816941677793656	
ANKRD52	0.6681004778557172	0.3055371764553697	0.02636234568891295	
ANKRD53	0.2926122151058509	0.0707123836279003	0.6366754012662489	
ANKRD54	0.019361317923814556	0.3839257478154469	0.5967129342607383	
ANKRD55	0.9675482396661649	0.01622588016691755	0.01622588016691755	
ANKRD6	0.6437431853201655	0.3470819797335291	0.009174834946305313	
ANKRD65	0.010731966612232342	0.34971185376436403	0.6395561796234036	
ANKRD9	0.17754134905459854	0.4242612748457036	0.39819737609969785	
ANKS1A	0.9685600122181468	0.015719993890926588	0.015719993890926588	
ANKS1B	0.9805825242718447	0.009708737864077669	0.009708737864077669	
ANKS3	0.9720491626258861	0.013975418687056894	0.013975418687056894	
ANKS6	0.9684816835407205	0.015759158229639737	0.015759158229639737	
ANKZF1	0.33690099792441097	0.16681544787309177	0.4962835542024972	
ANLN	0.5007579133642738	0.4938778040761755	0.00536428255955069	
ANO1	0.790795369881294	0.010812164779457437	0.19839246533924865	
ANO10	0.838984881708678	0.14576871411030173	0.015246404181020239	
ANO2	0.9169875210117964	0.07366160696497868	0.009350872023224955	
ANO4	0.9757995739185114	0.012100213040744287	0.012100213040744287	
ANO6	0.6206406060813405	0.36274144557973004	0.016617948338929434	
ANO7	0.40730076366950657	0.16214681292085256	0.4305524234096408	
ANO8	0.30920780358169925	0.335606224548868	0.35518597186943285	
ANO9	0.3695111006545637	0.009819557879431541	0.6206693414660048	
ANOS1	0.977983517333094	0.011008241333453002	0.011008241333453002	
ANP32A	0.18973488623155932	0.2814833023637682	0.5287818114046727	
ANP32B	0.017539414448923114	0.484543584880579	0.4979170006704977	
ANP32E	0.02814011564531652	0.1374112087469338	0.8344486756077497	
ANPEP	0.2251461884019059	0.016279436078685403	0.7585743755194088	
ANTXR1	0.8781864744819711	0.017975481292185184	0.10383804422584365	
ANTXR2	0.822875549847322	0.017691048504890765	0.15943340164778727	
ANXA1	0.0073897396094541445	0.3184767273468623	0.6741335330436836	
ANXA11	0.022294655914853648	0.4166205411561866	0.5610848029289597	
ANXA13	0.6437858327332775	0.013936106731072241	0.3422780605356502	
ANXA2	0.01855173631852127	0.38465945617333286	0.5967888075081458	
ANXA3	0.04449109771755022	0.3108080437366852	0.6447008585457645	
ANXA4	0.257986766133077	0.5953045200017674	0.14670871386515574	
ANXA5	0.01828072386910964	0.45180735128437	0.5299119248465204	
ANXA6	0.08339965575727482	0.0247106733860278	0.8918896708566973	
ANXA7	0.029877278850337002	0.16556735529513808	0.8045553658545249	
ANXA8	0.0650360936460009	0.5093312970109359	0.42563260934306313	
ANXA9	0.11578541125220777	0.010127367628846636	0.8740872211189455	
AOAH	0.9746882912259895	0.012655854387005215	0.012655854387005215	
AOC1	0.25963645819760706	0.48474568845067584	0.25561785335171716	
AOC3	0.01042237045474571	0.01042237045474571	0.9791552590905086	
AOX1	0.4216871738228329	0.008997027582187012	0.56931579859498	
AP1AR	0.9017171419042741	0.04914142904786288	0.04914142904786288	
AP1B1	0.0374726005944259	0.0374726005944259	0.9250547988111483	
AP1G1	0.6661865026140026	0.3001003517551337	0.03371314563086365	
AP1G2	0.014394534961086421	0.5872994421012222	0.3983060229376914	
AP1M1	0.17427896473438914	0.03690737244328397	0.7888136628223268	
AP1M2	0.2385019359972466	0.38531236608238584	0.3761856979203675	
AP1S1	0.009379726105969282	0.24477049683771634	0.7458497770563145	
AP1S2	0.46439095511099904	0.023059872579747932	0.5125491723092529	
AP1S3	0.5603649683692606	0.31255030147894436	0.12708473015179503	
AP2A1	0.3616622150048163	0.18407930944898443	0.45425847554619914	
AP2A2	0.9805429950739148	0.009728502463042582	0.009728502463042582	
AP2B1	0.7184677590170103	0.06209087318282899	0.21944136780016077	
AP2M1	0.020848006462892015	0.020848006462892015	0.9583039870742159	
AP2S1	0.017144942622484827	0.017144942622484827	0.9657101147550303	
AP3B1	0.8992867977199223	0.082357071844808	0.01835613043526964	
AP3B2	0.964816306300058	0.017591846849971015	0.017591846849971015	
AP3D1	0.2973294077369449	0.41592279234599716	0.28674779991705796	
AP3M1	0.18207185600191622	0.46891029489615627	0.34901784910192746	
AP3M2	0.8530837699487417	0.030194470205907136	0.11672175984535123	
AP3S1	0.0176724342694452	0.7086420264266078	0.273685539303947	
AP3S2	0.011319643631239487	0.12026100084999093	0.8684193555187696	
AP4B1	0.6328052094875366	0.038875088929690764	0.3283197015827727	
AP4E1	0.629142549188679	0.360129966707766	0.01072748410355494	
AP4M1	0.7765644473577269	0.034172505984096664	0.18926304665817648	
AP4S1	0.9677438045812977	0.016128097709351138	0.016128097709351138	
AP5B1	0.18535750356774863	0.4193846756580743	0.39525782077417715	
AP5M1	0.8426498378634312	0.05266616160263081	0.10468400053393799	
AP5S1	0.020257473655156812	0.2874454787548479	0.6922970475899952	
AP5Z1	0.6633099669183707	0.009937163899230744	0.32675286918239854	
APAF1	0.9641910709007293	0.01790446454963533	0.01790446454963533	
APBA1	0.977639484627943	0.011180257686028457	0.011180257686028457	
APBA2	0.977060228373008	0.011469885813495976	0.011469885813495976	
APBA3	0.48053609840376554	0.06843730351050954	0.451026598085725	
APBB1	0.030626959898841705	0.030626959898841705	0.9387460802023165	
APBB1IP	0.9587181600369206	0.020640919981539694	0.020640919981539694	
APBB2	0.9630016630765417	0.01849916846172915	0.01849916846172915	
APBB3	0.377492866172647	0.009544105598235375	0.6129630282291177	
APC	0.9677697319946803	0.01611513400265984	0.01611513400265984	
APCDD1	0.3353750404725413	0.010123742126318194	0.6545012174011405	
APEH	0.013454976801896817	0.16551930078598265	0.8210257224121206	
APEX1	0.0160516593451712	0.0160516593451712	0.9678966813096576	
APEX2	0.0171769056608865	0.05713419866101263	0.9256888956781008	
APH1A	0.010215186726293216	0.055992488880569256	0.9337923243931375	
APH1B	0.7153175099002094	0.026965110294487032	0.2577173798053037	
API5	0.13243724425401002	0.40349251703713096	0.46407023870885894	
APIP	0.8228698514579189	0.03297481872635849	0.14415532981572263	
APLF	0.9765226635835192	0.011738668208240367	0.011738668208240367	
APLN	0.6680443071798136	0.03319430500421786	0.2987613878159686	
APLNR	0.016254668413642818	0.015064421059964344	0.9686809105263927	
APLP2	0.05950452422022495	0.05950452422022495	0.8809909515595502	
APMAP	0.021780871965480772	0.0951848543563346	0.8830342736781847	
APOA1	0.15281821668131132	0.02926874973272861	0.81791303358596	
APOBEC2	0.38400794863646437	0.1909998341142275	0.42499221724930814	
APOBEC3A	0.34375195066090714	0.011571804263737596	0.6446762450753553	
APOBEC3C	0.00974331838886095	0.00974331838886095	0.9805133632222781	
APOBEC3F	0.9510530013952007	0.02447349930239965	0.02447349930239965	
APOBEC3G	0.12047939145076914	0.015111103392124521	0.8644095051571062	
APOBEC3H	0.030381419918188282	0.030381419918188282	0.9392371601636234	
APOBR	0.011519871648884497	0.011519871648884497	0.976960256702231	
APOC1	0.01254402138449941	0.01254402138449941	0.9749119572310011	
APOD	0.009708737864077669	0.009708737864077669	0.9805825242718447	
APOE	0.010727121457699837	0.010727121457699837	0.9785457570846003	
APOL1	0.010773467230464205	0.010773467230464205	0.9784530655390715	
APOL2	0.025833654510908338	0.025833654510908338	0.9483326909781833	
APOL3	0.016221342385123797	0.016221342385123797	0.9675573152297524	
APOL4	0.4782093526805715	0.026421667473478738	0.49536897984594974	
APOL6	0.31050383637517454	0.01674532100405889	0.6727508426207667	
APOLD1	0.9150318230121529	0.018297942111667076	0.06667023487617994	
APOM	0.19454150235797735	0.015592579268146356	0.7898659183738763	
APOO	0.9491943443300379	0.025402827834981007	0.025402827834981007	
APOOL	0.8055280527426986	0.18119242933669316	0.013279517920608226	
APP	0.08475723910415343	0.054155265936352295	0.8610874949594943	
APPBP2	0.9607139432657766	0.019643028367111664	0.019643028367111664	
APPL1	0.9310244136027016	0.03448779319864916	0.03448779319864916	
APPL2	0.9226190671110399	0.03869046644448003	0.03869046644448003	
APRT	0.009708737864077669	0.009708737864077669	0.9805825242718447	
APTR	0.9596736100006246	0.020163194999687675	0.020163194999687675	
APTX	0.8338385888713366	0.14882141428183504	0.017339996846828323	
AQP1	0.009708737864077669	0.009708737864077669	0.9805825242718447	
AQP11	0.26812957960997225	0.4252572106462814	0.30661320974374634	
AQP3	0.010041487342080177	0.010041487342080177	0.9799170253158396	
AQP9	0.0985285435505975	0.009589296682069605	0.8918821597673329	
AQR	0.967762142326235	0.01611892883688248	0.01611892883688248	
AR	0.8091279322465043	0.011032750151844265	0.1798393176016515	
ARAF	0.020732777240629895	0.020732777240629895	0.9585344455187401	
ARAP1	0.6651513649710837	0.06242745422559704	0.27242118080331934	
ARAP2	0.9640448720720385	0.017977563963980748	0.017977563963980748	
ARAP3	0.735702312941884	0.011082128782088387	0.25321555827602754	
ARCN1	0.04747536364843726	0.04747536364843726	0.9050492727031255	
AREG	0.009708737864077669	0.009708737864077669	0.9805825242718447	
AREL1	0.9258037569582173	0.037098121520891314	0.037098121520891314	
ARF1	0.01814925968997328	0.29730456046879594	0.6845461798412307	
ARF3	0.009576346647959021	0.023212641908179937	0.9672110114438611	
ARF4	0.019259986085953383	0.4186292248959041	0.5621107890181424	
ARF5	0.009649985563780461	0.1277113633236527	0.8626386511125668	
ARF6	0.01482122474377436	0.01482122474377436	0.9703575505124512	
ARFGAP1	0.18885215710252387	0.4757524415525066	0.3353954013449694	
ARFGAP2	0.01994776159534475	0.3892558246491171	0.590796413755538	
ARFGAP3	0.13887941460366218	0.04594471915133345	0.8151758662450044	
ARFGEF1	0.8121529244069003	0.16854082330856315	0.019306252284536436	
ARFGEF2	0.6982812005690258	0.2865882719559787	0.015130527474995631	
ARFGEF3	0.7862783332723365	0.202875760344415	0.01084590638324842	
ARFIP1	0.6074561595159083	0.3772360130168118	0.015307827467279881	
ARFIP2	0.012629474516568503	0.5642504804159486	0.42312004506748285	
ARFRP1	0.0556194857404872	0.02775863191917193	0.9166218823403409	
ARG1	0.4001860907400906	0.009820167575718998	0.5899937416841904	
ARG2	0.39815570244909215	0.013081860327967468	0.5887624372229403	
ARGLU1	0.9470817766323021	0.014218610084168703	0.03869961328352924	
ARHGAP1	0.028651849685627503	0.028651849685627503	0.942696300628745	
ARHGAP10	0.675278505975562	0.3117178758430549	0.013003618181383016	
ARHGAP12	0.9695028494692088	0.01524857526539558	0.01524857526539558	
ARHGAP15	0.9776835213900869	0.011158239304956562	0.011158239304956562	
ARHGAP17	0.8132895786067402	0.16796894994306388	0.01874147145019592	
ARHGAP18	0.9697403742107061	0.015129812894646901	0.015129812894646901	
ARHGAP20	0.9764716408279586	0.011764179586020702	0.011764179586020702	
ARHGAP21	0.7675119933004171	0.21699705227021832	0.015490954429364608	
ARHGAP22	0.9712541494249481	0.014372925287525892	0.014372925287525892	
ARHGAP23	0.9085073788059448	0.015157491950946183	0.07633512924310912	
ARHGAP24	0.8419489262416558	0.14880321081049652	0.009247862947847484	
ARHGAP25	0.9448114687386348	0.027594265630682603	0.027594265630682603	
ARHGAP26	0.9729464342674984	0.013526782866250815	0.013526782866250815	
ARHGAP27	0.6124897739834504	0.05197943135955452	0.3355307946569952	
ARHGAP28	0.9790341937515706	0.01048290312421467	0.01048290312421467	
ARHGAP29	0.9745737046506416	0.012713147674679152	0.012713147674679152	
ARHGAP30	0.021982836181589978	0.01963590425884836	0.9583812595595617	
ARHGAP31	0.9680848093538568	0.01595759532307159	0.01595759532307159	
ARHGAP32	0.7503049105227758	0.23992703892216596	0.009768050555058234	
ARHGAP33	0.0660958399178652	0.0269079462317651	0.9069962138503698	
ARHGAP35	0.9637248968253237	0.01813755158733813	0.01813755158733813	
ARHGAP39	0.9764765614775406	0.011761719261229724	0.011761719261229724	
ARHGAP4	0.07258049583908245	0.02064213317435172	0.9067773709865659	
ARHGAP42	0.9748111778827744	0.012594411058612774	0.012594411058612774	
ARHGAP44	0.9743686746652268	0.012815662667386592	0.012815662667386592	
ARHGAP45	0.07021959958017805	0.31195912722247165	0.6178212731973504	
ARHGAP5	0.9381704863789345	0.03091475681053269	0.03091475681053269	
ARHGAP5-AS1	0.02821791159046061	0.02821791159046061	0.9435641768190788	
ARHGAP6	0.9803078261161602	0.009846086941919928	0.009846086941919928	
ARHGAP9	0.037774847031361976	0.01625503354193264	0.9459701194267054	
ARHGDIA	0.014757939089381136	0.014757939089381136	0.9704841218212377	
ARHGDIB	0.009820066624585445	0.1935273910844236	0.7966525422909909	
ARHGEF1	0.12264867426222986	0.032134989227535674	0.8452163365102345	
ARHGEF10L	0.9166256805981561	0.011976726165475286	0.07139759323636863	
ARHGEF11	0.9728634764431566	0.013568261778421653	0.013568261778421653	
ARHGEF12	0.952247730665198	0.02387613466740098	0.02387613466740098	
ARHGEF15	0.3413180912822518	0.01339645026289658	0.6452854584548516	
ARHGEF16	0.14060099236535947	0.5564537152086362	0.3029452924260044	
ARHGEF17	0.7348822569840534	0.011648381611295205	0.25346936140465137	
ARHGEF19	0.2974997661908763	0.010368146118967855	0.6921320876901558	
ARHGEF2	0.7446398765947246	0.031295738307086186	0.22406438509818916	
ARHGEF25	0.28231031279133356	0.008453088295707602	0.709236598912959	
ARHGEF26	0.9737364795290434	0.013131760235478289	0.013131760235478289	
ARHGEF28	0.9702465406347539	0.014876729682623033	0.014876729682623033	
ARHGEF3	0.7481677282950124	0.23484389712364712	0.016988374581340376	
ARHGEF33	0.9599543233813143	0.02002283830934285	0.02002283830934285	
ARHGEF35	0.007506281880706152	0.4220357837698271	0.5704579343494668	
ARHGEF37	0.44335632800525654	0.297295106517961	0.2593485654767825	
ARHGEF39	0.41719234631600643	0.5370630993640169	0.04574455431997672	
ARHGEF4	0.7346807372438625	0.22479308727563205	0.04052617548050546	
ARHGEF40	0.6543084750888205	0.011708009636752933	0.3339835152744266	
ARHGEF5	0.13221723160456408	0.5357967469146887	0.33198602148074724	
ARHGEF6	0.6803735923232717	0.02316517889928317	0.2964612287774452	
ARHGEF7	0.7718829264422739	0.20339835591039296	0.02471871764733314	
ARHGEF9	0.965151706053633	0.017424146973183504	0.017424146973183504	
ARID1A	0.9323155109813411	0.036307678916341186	0.031376810102317715	
ARID1B	0.9687549622890886	0.01562251885545566	0.01562251885545566	
ARID2	0.9180827134029387	0.0669464821153835	0.014970804481677778	
ARID3A	0.6351913923805214	0.35618238876977876	0.008626218849699819	
ARID3B	0.7453299859522752	0.24102278486323966	0.013647229184485122	
ARID4A	0.9632708484217382	0.0183645757891309	0.0183645757891309	
ARID4B	0.9541630143924561	0.022918492803771954	0.022918492803771954	
ARID5A	0.2638451086411546	0.01111974677149713	0.7250351445873482	
ARID5B	0.9619466008134828	0.019026699593258548	0.019026699593258548	
ARIH1	0.8539050366081026	0.1354102110063269	0.01068475238557048	
ARIH2	0.47737505662191415	0.4976837004097843	0.024941242968301584	
ARIH2OS	0.10263172846689939	0.02753259523488879	0.8698356762982118	
ARL1	0.017280617679978325	0.24777838056648183	0.7349410017535399	
ARL10	0.9667106080151148	0.016644695992442598	0.016644695992442598	
ARL11	0.49592743039974907	0.018753120184416716	0.4853194494158342	
ARL13B	0.9724097746623295	0.01379511266883526	0.01379511266883526	
ARL14EP	0.3712648536668986	0.0380476877638557	0.5906874585692458	
ARL15	0.9072880341468247	0.07751199318855759	0.01519997266461775	
ARL16	0.015579486410104397	0.061931790162895295	0.9224887234270003	
ARL17A	0.5723190857866183	0.040371482622094064	0.38730943159128767	
ARL17B	0.9762824814162363	0.011858759291881835	0.011858759291881835	
ARL2BP	0.018859327498819342	0.018859327498819342	0.9622813450023613	
ARL3	0.9074299234432045	0.02059919522433543	0.07197088133246006	
ARL4A	0.009783766501847733	0.41998887500237597	0.5702273584957763	
ARL4C	0.013315717940835062	0.013315717940835062	0.9733685641183298	
ARL4D	0.025726901341427327	0.010197930732012353	0.9640751679265603	
ARL5A	0.17456194198721334	0.2739068469859353	0.5515312110268513	
ARL5B	0.5198944313740812	0.42997057654387294	0.050134992082045846	
ARL6	0.9607719679198385	0.019614016040080787	0.019614016040080787	
ARL6IP5	0.014606520015174219	0.2818510550106016	0.7035424249742243	
ARL6IP6	0.5845862154430976	0.4023279034982443	0.013085881058658098	
ARL8A	0.0192827197693479	0.0192827197693479	0.9614345604613043	
ARL8B	0.15799169217767473	0.6097837182081847	0.23222458961414053	
ARL9	0.9587832253132401	0.020608387343379952	0.020608387343379952	
ARMC1	0.3561855492304869	0.6208644939568404	0.022949956812672742	
ARMC10	0.4971862296486234	0.04343680235995879	0.4593769679914178	
ARMC2	0.9684114448847201	0.015794277557639954	0.015794277557639954	
ARMC5	0.3965257629205691	0.014648553387663524	0.5888256836917672	
ARMC6	0.03118629424001258	0.1491980769763236	0.8196156287836639	
ARMC7	0.32498596833262333	0.22826109068083486	0.44675294098654184	
ARMC8	0.6950600829025566	0.2864825979530811	0.01845731914436231	
ARMC9	0.9781510437353831	0.010924478132308464	0.010924478132308464	
ARMCX1	0.02646765233648957	0.01801761142314013	0.9555147362403703	
ARMCX2	0.13085344524602563	0.01267699034152246	0.856469564412452	
ARMCX3	0.13271405788656415	0.025872072779749164	0.8414138693336867	
ARMCX4	0.9781102017119704	0.010944899144014813	0.010944899144014813	
ARMCX6	0.24795334316217585	0.04447630602992156	0.7075703508079025	
ARMH1	0.9718797989645847	0.014060100517707678	0.014060100517707678	
ARMH3	0.8112198355198944	0.1704500632074286	0.018330101272676935	
ARMH4	0.979064009990992	0.010467995004503993	0.010467995004503993	
ARMT1	0.18234419604881177	0.02340962558705707	0.7942461783641311	
ARNT	0.4764515502807784	0.49914565104765357	0.024402798671568034	
ARNT2	0.8871379078316308	0.09986241744862596	0.012999674719743292	
ARPC1B	0.008209146481201012	0.1653716987558407	0.8264191547629582	
ARPC2	0.023676053314377173	0.5437635356197824	0.43256041106584026	
ARPC3	0.014746164435534288	0.014746164435534288	0.9705076711289314	
ARPC4	0.009708737864077669	0.009708737864077669	0.9805825242718447	
ARPC5	0.01540598451555851	0.23785145197042912	0.7467425635140122	
ARPC5L	0.014005801923576828	0.3109518311489642	0.675042366927459	
ARPP19	0.03668559773812114	0.07479275971608132	0.8885216425457975	
ARRB1	0.9653349974721501	0.017332501263924938	0.017332501263924938	
ARRB2	0.025260621302068624	0.025260621302068624	0.9494787573958627	
ARRDC1-AS1	0.1597985560455396	0.025172019435835705	0.8150294245186248	
ARRDC2	0.014745441220400043	0.014745441220400043	0.9705091175591999	
ARRDC3	0.09246977150531643	0.06033933102872813	0.8471908974659553	
ARRDC3-AS1	0.9778398684488321	0.011080065775583932	0.011080065775583932	
ARRDC4	0.1882895108627503	0.017589693491119805	0.7941207956461299	
ARRDC5	0.9760882054710109	0.011955897264494515	0.011955897264494515	
ARSA	0.01532810299370886	0.01532810299370886	0.9693437940125823	
ARSB	0.9760136014339886	0.011993199283005684	0.011993199283005684	
ARSD	0.6075641879878719	0.029825763145069944	0.36261004886705805	
ARSG	0.9726405718939473	0.013679714053026346	0.013679714053026346	
ARSI	0.95246166782302	0.023769166088489963	0.023769166088489963	
ARSJ	0.974209166000626	0.012895416999686963	0.012895416999686963	
ARSK	0.6002631573822659	0.3865489211025598	0.01318792151517436	
ART4	0.18129499324050474	0.40881135506682	0.4098936516926753	
ARV1	0.030194588923722527	0.16305891803219455	0.8067464930440829	
ARVCF	0.6564625607302017	0.14689200825341936	0.1966454310163789	
ASAH1	0.03527008244711398	0.03527008244711398	0.929459835105772	
ASAH2B	0.9583446015397895	0.020827699230105235	0.020827699230105235	
ASAP1	0.8316573297588659	0.14851738800775274	0.019825282233381543	
ASAP2	0.9776956078951404	0.011152196052429763	0.011152196052429763	
ASAP3	0.5047565160669517	0.4831474190296692	0.012096064903378993	
ASB1	0.689729237685848	0.04840724274826291	0.26186351956588905	
ASB13	0.33906100530167227	0.013622876580878516	0.6473161181174493	
ASB16-AS1	0.923721215868115	0.038139392065942516	0.038139392065942516	
ASB2	0.7668230254969929	0.01266023904460991	0.22051673545839723	
ASB3	0.9663590145181163	0.01682049274094184	0.01682049274094184	
ASB6	0.014111951209009864	0.12638279403850028	0.8595052547524898	
ASB7	0.9528864012023144	0.023556799398842792	0.023556799398842792	
ASB8	0.028544642726068534	0.028544642726068534	0.9429107145478629	
ASB9	0.6601363691266466	0.01947365976494588	0.32038997110840745	
ASCC1	0.9430147919477768	0.028492604026111593	0.028492604026111593	
ASCC2	0.1252506176623977	0.5414421542183987	0.3333072281192037	
ASCC3	0.8965662164250318	0.08861395152317786	0.014819832051790311	
ASF1A	0.05408340401372781	0.3815078973427187	0.5644086986435536	
ASF1B	0.3787706758102943	0.48771109362369797	0.13351823056600776	
ASGR1	0.9164625540811728	0.027667090168355474	0.05587035575047169	
ASH1L	0.9620391707327717	0.01898041463361415	0.01898041463361415	
ASH1L-AS1	0.031549175887782895	0.031549175887782895	0.9369016482244341	
ASH2L	0.5461775437750565	0.43340879911359637	0.02041365711134722	
ASIC1	0.9607102980992802	0.01964485095035992	0.01964485095035992	
ASIC3	0.05651074697202107	0.016610188088948232	0.9268790649390308	
ASIP	0.9631386046596172	0.018430697670191367	0.018430697670191367	
ASL	0.32511223539017203	0.019055193560459722	0.6558325710493682	
ASNSD1	0.011337005027690214	0.19746080785731457	0.7912021871149952	
ASPA	0.6660094249128854	0.012797727849521375	0.3211928472375932	
ASPG	0.41008948607542745	0.019024046928828222	0.5708864669957443	
ASPH	0.9395857540468775	0.030207122976561227	0.030207122976561227	
ASPHD1	0.37233966500720733	0.013690232710179882	0.6139701022826128	
ASPHD2	0.15821867398520933	0.4808704191809644	0.3609109068338262	
ASPM	0.5637919329484786	0.4305790235496242	0.005629043501897055	
ASPN	0.32413045983482935	0.010103489996391074	0.6657660501687795	
ASPSCR1	0.3700793071506493	0.5886910433256732	0.04122964952367747	
ASRGL1	0.7071073252499617	0.015282371850479669	0.2776103028995587	
ASS1	0.04226228404407707	0.18809757752832837	0.7696401384275945	
ASTE1	0.7448267957817621	0.2257579052850892	0.02941529893314868	
ASTN1	0.976166294475422	0.011916852762288951	0.011916852762288951	
ASTN2	0.9788454692915676	0.010577265354216223	0.010577265354216223	
ASXL1	0.9245086789084447	0.037745660545777694	0.037745660545777694	
ASXL2	0.968289727891986	0.015855136054007016	0.015855136054007016	
ASXL3	0.9790121103840015	0.010493944807999256	0.010493944807999256	
ATAD1	0.7159838572905731	0.2611027306296063	0.022913412079820485	
ATAD2	0.6772892760429937	0.31087076766576976	0.011839956291236468	
ATAD2B	0.9699808106174742	0.016486022964764833	0.013533166417760973	
ATAD3A	0.2575323295762745	0.4590225191472857	0.2834451512764397	
ATAD3B	0.5956928968412414	0.3739650388814153	0.030342064277343213	
ATAD3C	0.5299874019987596	0.01734815838105401	0.4526644396201864	
ATAD5	0.6211204863837807	0.3714644839945938	0.007415029621625575	
ATAT1	0.8645185408905197	0.12448184243022835	0.010999616679251907	
ATE1	0.966877260269154	0.01656136986542298	0.01656136986542298	
ATF1	0.41276269587311454	0.5740071131905539	0.013230190936331704	
ATF2	0.9532381011262128	0.02338094943689357	0.02338094943689357	
ATF3	0.013542423959989334	0.5218892041517785	0.46456837188823213	
ATF4	0.015088581950162312	0.3976859637306791	0.5872254543191585	
ATF5	0.015511715529324373	0.015511715529324373	0.9689765689413512	
ATF6	0.9650827866725059	0.017458606663747024	0.017458606663747024	
ATF6B	0.03776048130390213	0.028265485505169746	0.9339740331909282	
ATF7	0.013402805047684518	0.013402805047684518	0.9731943899046309	
ATF7IP	0.9569473140693591	0.021526342965320442	0.021526342965320442	
ATF7IP2	0.5668629099172692	0.4245904757440937	0.008546614338637074	
ATG10	0.7080657449881511	0.2827074957614304	0.009226759250418484	
ATG101	0.011066908208046487	0.17697077132009137	0.8119623204718621	
ATG12	0.4524632432894184	0.5342484491632302	0.013288307547351346	
ATG13	0.22468677551941105	0.5215073102574197	0.2538059142231693	
ATG14	0.9658937896934352	0.017053105153282407	0.017053105153282407	
ATG16L1	0.9352318357447578	0.015186464783953267	0.049581699471289	
ATG16L2	0.4691696359638148	0.017665317011676184	0.513165047024509	
ATG2A	0.4663962273676585	0.015622311027642048	0.5179814616046995	
ATG2B	0.9661624065184982	0.016918796740750884	0.016918796740750884	
ATG3	0.04147620432784482	0.04147620432784482	0.9170475913443104	
ATG4A	0.47692276862471233	0.026254112514497784	0.4968231188607899	
ATG4B	0.6254660442147826	0.02460459232323413	0.34992936346198333	
ATG4C	0.7263649211861118	0.2611886688026383	0.012446410011249884	
ATG4D	0.09392679896289667	0.0560481433280036	0.8500250577090998	
ATG5	0.8617212439827201	0.12157477495868158	0.016703981058598338	
ATG7	0.9605614578550746	0.019719271072462737	0.019719271072462737	
ATG9A	0.010329227354341254	0.33666218950521837	0.6530085831404404	
ATG9B	0.17492561170179083	0.48020638563945756	0.34486800265875167	
ATIC	0.01433928766405569	0.6393445092210206	0.3463162031149236	
ATL1	0.972660466444201	0.013669766777899462	0.013669766777899462	
ATL2	0.6995841968238118	0.2675416096115906	0.03287419356459759	
ATL3	0.5709693437887711	0.017837392030069493	0.41119326418115937	
ATM	0.9697063633717569	0.015146818314121551	0.015146818314121551	
ATMIN	0.012804431181128052	0.4431544717813286	0.5440410970375434	
ATN1	0.27762128670273084	0.02088106852001521	0.7014976447772541	
ATOH8	0.631581947020422	0.009927262145687583	0.3584907908338904	
ATOX1	0.01660972893660151	0.01660972893660151	0.966780542126797	
ATP10A	0.9764982031045668	0.011750898447716578	0.011750898447716578	
ATP10D	0.4850869129969574	0.5067219922929748	0.008191094710067966	
ATP11A	0.9527738272980024	0.03173012869273692	0.015496044009260617	
ATP11B	0.9478786383984474	0.026060680800776247	0.026060680800776247	
ATP11C	0.9643780148999677	0.017810992550016135	0.017810992550016135	
ATP13A1	0.027424378370745833	0.017635970678572033	0.9549396509506821	
ATP13A2	0.040767282696882345	0.1772270323599136	0.782005684943204	
ATP13A3	0.9516896312420811	0.024155184378959426	0.024155184378959426	
ATP13A4	0.8630467384213734	0.013353762752206684	0.12359949882641989	
ATP1A1	0.031061045473145563	0.031061045473145563	0.9378779090537088	
ATP1A4	0.2188944784564771	0.7733541433328422	0.00775137821068058	
ATP1B1	0.33110813953290674	0.032770543511361515	0.6361213169557317	
ATP1B3	0.21756523110955137	0.02926174510456051	0.7531730237858881	
ATP23	0.6674087079418637	0.32232847677921944	0.010262815278916893	
ATP2A1	0.6220963926173789	0.37008768632249256	0.007815921060128463	
ATP2A2	0.8867138571430779	0.056643071428461006	0.056643071428461006	
ATP2A3	0.021919856588168772	0.021919856588168772	0.9561602868236624	
ATP2B1	0.9543725365442891	0.02281373172785544	0.02281373172785544	
ATP2B1-AS1	0.9579257533504694	0.021037123324765324	0.021037123324765324	
ATP2B3	0.6024167604623396	0.013677548677481801	0.3839056908601786	
ATP2B4	0.9267005235772315	0.036649738211384196	0.036649738211384196	
ATP2C1	0.9344335880094767	0.03278320599526161	0.03278320599526161	
ATP2C2	0.8052610471674251	0.01623035888983854	0.17850859394273644	
ATP5F1A	0.032538032211161416	0.06198295435318931	0.9054790134356493	
ATP5F1B	0.027734849043897437	0.10667124984108871	0.8655939011150139	
ATP5F1C	0.026622482273563747	0.4293907801974793	0.543986737528957	
ATP5F1D	0.013354896036637707	0.013354896036637707	0.9732902079267246	
ATP5F1E	0.015051457600082132	0.015051457600082132	0.9698970847998357	
ATP5IF1	0.01648066521584328	0.01648066521584328	0.9670386695683134	
ATP5MC1	0.009804798526287021	0.15983847447725702	0.830356726996456	
ATP5MC2	0.026960219639844657	0.026960219639844657	0.9460795607203106	
ATP5MC3	0.011169244205042651	0.2630018580336944	0.7258288977612629	
ATP5ME	0.01630188543045737	0.01630188543045737	0.9673962291390852	
ATP5PB	0.09746085708895062	0.2842684659121635	0.6182706769988858	
ATP5PD	0.013976718959267307	0.0600542083275102	0.9259690727132225	
ATP5PF	0.012224923800243533	0.4193440695284701	0.5684310066712863	
ATP6AP1	0.013389140820365472	0.10244446693975555	0.8841663922398789	
ATP6AP2	0.02198483379739324	0.02198483379739324	0.9560303324052135	
ATP6V0A1	0.951809860240984	0.024095069879507953	0.024095069879507953	
ATP6V0A2	0.9587636619929315	0.02061816900353421	0.02061816900353421	
ATP6V0A4	0.3631554736783992	0.5903684768911018	0.04647604943049897	
ATP6V0B	0.011840162365348145	0.011840162365348145	0.9763196752693037	
ATP6V0D1	0.023408440605315873	0.023408440605315873	0.9531831187893682	
ATP6V0D2	0.9678379973496056	0.016081001325197193	0.016081001325197193	
ATP6V0E1	0.02274440394010924	0.26002801618976146	0.7172275798701293	
ATP6V0E2	0.013224151043643264	0.013224151043643264	0.9735516979127135	
ATP6V0E2-AS1	0.875673165811366	0.02059813480331239	0.10372869938532155	
ATP6V1A	0.8768744600209362	0.06156276998953185	0.06156276998953185	
ATP6V1B2	0.034117805717190086	0.034117805717190086	0.9317643885656197	
ATP6V1C1	0.9175336539645662	0.04123317301771683	0.04123317301771683	
ATP6V1C2	0.2879736025263867	0.45963251261150145	0.25239388486211173	
ATP6V1D	0.023703678091922333	0.3514848315946681	0.6248114903134095	
ATP6V1E1	0.018771006864390684	0.40405654525077317	0.5771724478848361	
ATP6V1E2	0.9119217997950871	0.0685226355442025	0.01955556466071046	
ATP6V1F	0.009708737864077669	0.009708737864077669	0.9805825242718447	
ATP6V1FNB	0.8972026399722096	0.05139868001389512	0.05139868001389512	
ATP6V1G1	0.02379765133459383	0.02379765133459383	0.9524046973308123	
ATP6V1G2	0.36324399047678274	0.018211030096770546	0.6185449794264467	
ATP6V1H	0.8822646800270606	0.08979636344017868	0.027938956532760656	
ATP7A	0.01568928824240927	0.01568928824240927	0.9686214235151814	
ATP7B	0.6581498460056003	0.33258797560390085	0.009262178390498827	
ATP8A1	0.9679611744200857	0.016019412789957166	0.016019412789957166	
ATP8A2	0.9785555419366226	0.010722229031688653	0.010722229031688653	
ATP8B1	0.9774843812501015	0.011257809374949256	0.011257809374949256	
ATP8B2	0.551519679614456	0.024576149449964675	0.42390417093557936	
ATP8B3	0.905374753502739	0.019280615817772778	0.07534463067948823	
ATP8B4	0.9759894682444976	0.012005265877751194	0.012005265877751194	
ATP9A	0.9655685607925466	0.017215719603726694	0.017215719603726694	
ATP9B	0.9678618232604014	0.016069088369799322	0.016069088369799322	
ATPAF1	0.08414623090767892	0.2788733921968793	0.6369803768954418	
ATPAF2	0.9253538372354436	0.037323081382278155	0.037323081382278155	
ATR	0.9730296449032007	0.013485177548399686	0.013485177548399686	
ATRAID	0.01325829850325178	0.051995797168780875	0.9347459043279673	
ATRIP	0.5764033887027574	0.19761086102596642	0.2259857502712762	
ATRN	0.9649800057825024	0.017509997108748798	0.017509997108748798	
ATRNL1	0.9805825242718447	0.009708737864077669	0.009708737864077669	
ATRX	0.9614043490024741	0.019297825498762952	0.019297825498762952	
ATXN1	0.9784959445470837	0.010752027726458167	0.010752027726458167	
ATXN10	0.8949114828169605	0.052544258591519684	0.052544258591519684	
ATXN1L	0.8117885499785188	0.04769635656459104	0.14051509345689017	
ATXN2	0.6343693124111093	0.35271840530611004	0.01291228228278067	
ATXN2L	0.03790066057717341	0.10914722975390857	0.8529521096689181	
ATXN3	0.9669101057122627	0.016544947143868657	0.016544947143868657	
ATXN7	0.615384924764752	0.37477941648189367	0.00983565875335424	
ATXN7L1	0.973646286254897	0.013176856872551462	0.013176856872551462	
ATXN7L2	0.7548203765282381	0.01524932197757432	0.22993030149418764	
ATXN7L3	0.016874442559885294	0.183223559157354	0.7999019982827607	
ATXN7L3B	0.013882120428336567	0.3941584659558962	0.5919594136157672	
AUH	0.7584232274004296	0.22769783860299997	0.01387893399657038	
AUNIP	0.387955916066871	0.6060436517377061	0.006000432195422833	
AUP1	0.013549856193651727	0.3028039670614745	0.6836461767448737	
AURKA	0.4480070162350007	0.4087354720050198	0.14325751175997953	
AURKAIP1	0.007677194882594159	0.21692612197539585	0.77539668314201	
AURKB	0.3134234738159838	0.36701619197132823	0.3195603342126879	
AURKC	0.025174832273478387	0.025174832273478387	0.9496503354530432	
AUTS2	0.9734999001315829	0.013250049934208523	0.013250049934208523	
AVEN	0.611733424333936	0.37733213651965686	0.010934439146407205	
AVIL	0.9705942235456517	0.014702888227174108	0.014702888227174108	
AVL9	0.8501377448252194	0.13460192288552764	0.01526033228925298	
AVPI1	0.10123344769443289	0.11358381433376537	0.7851827379718017	
AVPR1A	0.1779158687947147	0.00840100476810774	0.8136831264371776	
AXIN1	0.6825400463330077	0.1580690086970315	0.15939094496996065	
AXIN2	0.03084016442313246	0.39574985449542305	0.5734099810814445	
AXL	0.6090681243775103	0.014448213698341608	0.376483661924148	
AZI2	0.9313489956768851	0.03432550216155739	0.03432550216155739	
AZIN1	0.011308425631630108	0.7695275607285549	0.21916401363981497	
AZIN2	0.9625998454156429	0.018700077292178548	0.018700077292178548	
B2M	0.016869368709120668	0.016869368709120668	0.9662612625817586	
B3GALNT1	0.6457030990197222	0.012362479091950833	0.3419344218883269	
B3GALNT2	0.9537438216357005	0.03235036374685744	0.013905814617442041	
B3GALT2	0.9307692196164927	0.03461539019175359	0.03461539019175359	
B3GALT4	0.38855322840097983	0.16319400237983572	0.4482527692191845	
B3GALT5	0.9235768594852283	0.016298456019897784	0.060124684494873896	
B3GALT6	0.013295574030586487	0.013295574030586487	0.973408851938827	
B3GAT2	0.9651875846667552	0.01740620766662235	0.01740620766662235	
B3GAT3	0.01805295009396591	0.01805295009396591	0.9638940998120682	
B3GLCT	0.9671824025621767	0.016408798718911623	0.016408798718911623	
B3GNT2	0.22698839801952458	0.032695977606819894	0.7403156243736555	
B3GNT3	0.1502319626223846	0.3635365057408962	0.48623153163671917	
B3GNT5	0.6725162979743405	0.2686442420299547	0.058839459995704856	
B3GNT7	0.042036070879180286	0.3973880621669506	0.5605758669538691	
B3GNT9	0.011696452275251405	0.011696452275251405	0.9766070954494972	
B3GNTL1	0.9740922440164896	0.012953877991755187	0.012953877991755187	
B4GALNT2	0.707511344767748	0.016357166891080185	0.2761314883411718	
B4GALNT3	0.9378744164169839	0.013354468363824756	0.048771115219191405	
B4GALT1	0.2011454612521014	0.5265715951957021	0.27228294355219657	
B4GALT1-AS1	0.5781761443707899	0.40490322332297185	0.016920632306238238	
B4GALT2	0.11514769368888625	0.021881817061735684	0.8629704892493781	
B4GALT3	0.010034866810488428	0.23601675018187684	0.7539483830076347	
B4GALT4	0.2955063155571389	0.4277940287919859	0.27669965565087506	
B4GALT5	0.7148098141533209	0.2713738517132862	0.013816334133392925	
B4GALT6	0.9607835747347178	0.016345154061501038	0.022871271203781154	
B4GALT7	0.010596751431854862	0.3045024777201438	0.6849007708480013	
B4GAT1	0.010637014722547853	0.010637014722547853	0.9787259705549043	
B9D1	0.7398603429197301	0.01768869350204818	0.24245096357822168	
B9D2	0.09573011575955397	0.020543551105167524	0.8837263331352785	
BAALC	0.9061351052673275	0.016691403316451914	0.07717349141622055	
BAALC-AS1	0.9724174129257008	0.013791293537149548	0.013791293537149548	
BABAM2	0.9086057587451281	0.0316249928249065	0.059769248429965414	
BACE1	0.9467789861733464	0.026610506913326747	0.026610506913326747	
BACE1-AS	0.026077735919226918	0.026077735919226918	0.9478445281615461	
BACE2	0.6235942948291335	0.36922827274900094	0.007177432421865509	
BACH1	0.95404056851785	0.02297971574107496	0.02297971574107496	
BACH1-AS1	0.8308348261072794	0.08458258694636031	0.08458258694636031	
BACH2	0.9805092249758935	0.009745387512053233	0.009745387512053233	
BAD	0.00944028437636469	0.42989506954464374	0.5606646460789915	
BAG1	0.0175946537245496	0.0175946537245496	0.9648106925509008	
BAG2	0.7699440445524307	0.012661173449050567	0.2173947819985186	
BAG3	0.4285590753871051	0.01973500286115186	0.551705921751743	
BAG4	0.8532538545953366	0.12467548365546158	0.02207066174920182	
BAG5	0.01753326720090955	0.2595037732104718	0.7229629595886187	
BAG6	0.016378390124473553	0.3702757101808454	0.6133458996946811	
BAHCC1	0.9688708090827145	0.015564595458642753	0.015564595458642753	
BAHD1	0.17950803199929882	0.5743980437255338	0.24609392427516727	
BAIAP2	0.3548301488898171	0.23099330829019818	0.4141765428199848	
BAIAP2-DT	0.016558034092300177	0.016558034092300177	0.9668839318153997	
BAIAP2L1	0.5030047285425666	0.4778146279300212	0.019180643527412115	
BAIAP2L2	0.44335314163400147	0.014394745941338298	0.5422521124246602	
BAIAP3	0.31099603158776423	0.014418841852018919	0.6745851265602169	
BAK1	0.012591925581961283	0.012591925581961283	0.9748161488360774	
BAMBI	0.1381408783295597	0.013002851170961838	0.8488562704994784	
BANF1	0.00946493306184284	0.03457682769203026	0.9559582392461268	
BANK1	0.9768324429642089	0.011583778517895561	0.011583778517895561	
BANP	0.5697694673221991	0.4209089162968255	0.0093216163809754	
BAP1	0.01514905988621498	0.1781895376244003	0.8066614024893848	
BARD1	0.6954041853048178	0.2946169042754113	0.009978910419770745	
BARX2	0.5346328793803757	0.27976029592104124	0.18560682469858306	
BASP1	0.6162550959497793	0.10489228281863862	0.278852621231582	
BASP1-AS1	0.9740163312388671	0.012991834380566432	0.012991834380566432	
BATF	0.014760576239080192	0.014760576239080192	0.9704788475218395	
BATF2	0.014023424939993746	0.014023424939993746	0.9719531501200125	
BATF3	0.3111911539845768	0.01601946112144364	0.6727893848939795	
BAX	0.016161917752348164	0.016161917752348164	0.9676761644953037	
BAZ1A	0.9453726811027503	0.027972851908455127	0.02665446698879456	
BAZ1B	0.4960185524377293	0.4796974207416865	0.024284026820584243	
BAZ2A	0.4520436303978814	0.4742311059874013	0.07372526361471717	
BAZ2B	0.9554405956685941	0.02227970216570295	0.02227970216570295	
BBC3	0.23256106447969496	0.017243770567923304	0.7501951649523818	
BBIP1	0.6986175977868765	0.026576411215494953	0.2748059909976286	
BBOF1	0.9687391743991268	0.015630412800436564	0.015630412800436564	
BBOX1-AS1	0.7381958736521844	0.25292077253639883	0.008883353811416736	
BBS10	0.017189000384715224	0.017189000384715224	0.9656219992305696	
BBS12	0.3030952464748797	0.023620957374169145	0.6732837961509511	
BBS2	0.7307455932271184	0.02324254508105579	0.24601186169182584	
BBS4	0.953929300845727	0.023035349577136446	0.023035349577136446	
BBS7	0.9467133646597141	0.026643317670142937	0.026643317670142937	
BBS9	0.9748120996837479	0.012593950158126036	0.012593950158126036	
BBX	0.6716886064975813	0.3159533957500721	0.01235799775234665	
BCAM	0.1794970150744495	0.017112995850447735	0.8033899890751027	
BCAP29	0.011053518628579286	0.011053518628579286	0.9778929627428414	
BCAP31	0.013836778494260148	0.2944554294020063	0.6917077921037335	
BCAR1	0.6486362866165956	0.1997124694292242	0.15165124395418017	
BCAR3	0.505733160239756	0.48715156384480035	0.0071152759154436114	
BCAR4	0.24056722180916326	0.7519873587968089	0.007445419394027811	
BCAS1	0.8307696675353503	0.012038140465770649	0.15719219199887904	
BCAS2	0.02549917420215764	0.02549917420215764	0.9490016515956847	
BCAS3	0.9689979796112592	0.015501010194370382	0.015501010194370382	
BCAS4	0.889007863087524	0.02097792694805735	0.09001420996441864	
BCAT1	0.9778616664463005	0.011069166776849751	0.011069166776849751	
BCAT2	0.17017544682007682	0.28905246907095583	0.5407720841089673	
BCCIP	0.05576217216503282	0.05576217216503282	0.8884756556699345	
BCDIN3D	0.24100488730173764	0.4432373108320528	0.31575780186620955	
BCDIN3D-AS1	0.9351774294869251	0.03241128525653743	0.03241128525653743	
BCKDHB	0.8683300992071415	0.11670481053079501	0.014965090262063399	
BCKDK	0.014748472969366681	0.014748472969366681	0.9705030540612666	
BCL10	0.24641061794422595	0.03000887070455579	0.7235805113512184	
BCL11A	0.9786643930861758	0.010667803456912083	0.010667803456912083	
BCL11B	0.9691193242320072	0.015440337883996399	0.015440337883996399	
BCL2	0.9769057813999409	0.011547109300029541	0.011547109300029541	
BCL2A1	0.18920471108971926	0.013578761130116038	0.7972165277801647	
BCL2L1	0.11480833296735855	0.03677269343052271	0.8484189736021187	
BCL2L11	0.944345253990918	0.027827373004541016	0.027827373004541016	
BCL2L12	0.013488999191419118	0.5811818935810322	0.40532910722754867	
BCL2L13	0.6949312686599843	0.29066433554117993	0.01440439579883571	
BCL2L14	0.9750282758146912	0.012485862092654374	0.012485862092654374	
BCL2L15	0.24633001655505363	0.0179505314442482	0.7357194520006982	
BCL2L2	0.01117902532010972	0.01117902532010972	0.9776419493597805	
BCL3	0.06658597453046722	0.011185197689970613	0.9222288277795622	
BCL6	0.11749805403585122	0.02213897549589338	0.8603629704682555	
BCL6B	0.37798695707317304	0.013353179664343776	0.6086598632624831	
BCL7A	0.9607740553091786	0.019612972345410668	0.019612972345410668	
BCL7B	0.013667083001094439	0.23339305223142306	0.7529398647674824	
BCL7C	0.7481882331248716	0.05887856494726076	0.1929332019278676	
BCL9	0.9594394332321432	0.020280283383928357	0.020280283383928357	
BCL9L	0.4309259558782181	0.4878609070418507	0.0812131370799311	
BCLAF1	0.5437367859690518	0.42164464054291245	0.03461857348803571	
BCLAF3	0.9724550579869917	0.013772471006504123	0.013772471006504123	
BCO1	0.9601734623358547	0.01991326883207272	0.01991326883207272	
BCO2	0.4664242878882636	0.008708798541723798	0.5248669135700127	
BCOR	0.9634352340954799	0.018282382952260035	0.018282382952260035	
BCORL1	0.5008978073002401	0.4915833215633462	0.0075188711364135245	
BCR	0.4986717416656253	0.4867340945031721	0.014594163831202572	
BCS1L	0.01904647942588984	0.01904647942588984	0.9619070411482202	
BDH1	0.9641703864804463	0.017914806759776847	0.017914806759776847	
BDH2	0.43314149754997544	0.018942925861886444	0.5479155765881383	
BDKRB1	0.024869678854762482	0.024869678854762482	0.950260642290475	
BDNF	0.9628602221955601	0.018569888902219923	0.018569888902219923	
BDNF-AS	0.9773173200678452	0.011341339966077377	0.011341339966077377	
BDP1	0.9165799181496865	0.07324949790836029	0.01017058394195322	
BEAN1	0.5044167231134848	0.48609182493819353	0.00949145194832162	
BECN1	0.032087134495978754	0.032087134495978754	0.9358257310080424	
BEND3	0.5675628056151294	0.4233766761252879	0.009060518259582765	
BEND6	0.9717783779039982	0.014110811048000898	0.014110811048000898	
BEND7	0.7037982547218425	0.28458204445059976	0.011619700827557797	
BEST1	0.36616808098332854	0.014746238091762592	0.6190856809249089	
BEST4	0.28006656603809016	0.612685725100606	0.10724770886130379	
BET1	0.165270998396246	0.6655831202865413	0.16914588131721278	
BET1L	0.016546269454887092	0.09918946559938721	0.8842642649457256	
BEX2	0.007191355865144307	0.47156156023085716	0.5212470839039985	
BEX3	0.016129123854724363	0.18658612575890746	0.7972847503863681	
BEX4	0.007287782337069976	0.49105645893652283	0.5016557587264071	
BEX5	0.02614260219348258	0.011476935739982414	0.962380462066535	
BFAR	0.2975771769117697	0.27610198189784774	0.4263208411903825	
BFSP1	0.9630431177707118	0.018478441114644095	0.018478441114644095	
BGN	0.006742241030384078	0.4080126022687471	0.5852451567008689	
BHLHE40	0.016002285141369015	0.016002285141369015	0.9679954297172619	
BHLHE40-AS1	0.9692174188401496	0.015391290579925226	0.015391290579925226	
BHLHE41	0.014667940764477912	0.014667940764477912	0.9706641184710442	
BHMT2	0.2964576714030046	0.010126060788719023	0.6934162678082764	
BICC1	0.9793034847403996	0.010348257629800177	0.010348257629800177	
BICD1	0.9796902452950638	0.01015487735246811	0.01015487735246811	
BICD2	0.39286865495164175	0.023210805622457958	0.5839205394259003	
BICDL1	0.6427882932518585	0.010873435994655874	0.3463382707534856	
BICDL2	0.1462953986422431	0.17672609907798867	0.6769785022797682	
BICRAL	0.9619283162062485	0.019035841896875696	0.019035841896875696	
BID	0.5337129105288111	0.05284898194546463	0.4134381075257243	
BIK	0.3166298851014953	0.16704458034110586	0.5163255345573989	
BIN1	0.41544494600934095	0.018683145832486956	0.5658719081581721	
BIN2	0.4409784947705031	0.42633856284416405	0.13268294238533287	
BIN3	0.5832789556958015	0.38908449537237355	0.027636548931825017	
BIRC2	0.5867024569741385	0.0857815810192701	0.32751596200659144	
BIRC3	0.01312341637181426	0.01312341637181426	0.9737531672563715	
BIRC5	0.36818321669200105	0.4015017029165691	0.23031508039142976	
BIRC6	0.8291394866314655	0.15315030853849176	0.01771020483004273	
BIRC7	0.6236379297856358	0.3080037092129914	0.06835836100137269	
BLCAP	0.08054643554556205	0.048797713454359536	0.8706558510000785	
BLM	0.7091082473589845	0.28326730633103564	0.007624446309979964	
BLMH	0.17578696982260755	0.05238409583168867	0.7718289343457037	
BLNK	0.8394587782110973	0.021890949012063527	0.1386502727768391	
BLOC1S2	0.028075795074289978	0.028075795074289978	0.94384840985142	
BLOC1S4	0.008585817271102613	0.32601416880273376	0.6654000139261637	
BLVRA	0.0221574107387615	0.0221574107387615	0.9556851785224769	
BLVRB	0.08598307802941878	0.02064835323576087	0.8933685687348203	
BLZF1	0.9201005266890748	0.03994973665546254	0.03994973665546254	
BMF	0.3581694737887843	0.023038842591454205	0.6187916836197614	
BMI1	0.013055173446707759	0.04937951078177452	0.9375653157715177	
BMP1	0.623896939266613	0.00967741968206627	0.36642564105132064	
BMP2	0.2224641276143848	0.016113278328856197	0.7614225940567589	
BMP2K	0.9707403109452265	0.014629844527386738	0.014629844527386738	
BMP4	0.07267042509004404	0.01340135456434993	0.913928220345606	
BMP5	0.8805011998817904	0.010519278416114062	0.10897952170209545	
BMP6	0.9703498584378681	0.014825070781065916	0.014825070781065916	
BMP7	0.4444395841464256	0.5478113902775842	0.007749025575990244	
BMP8B	0.2590642377963366	0.030263113257028063	0.7106726489466354	
BMPER	0.9797206970273872	0.010139651486306384	0.010139651486306384	
BMPR1A	0.9760502405277146	0.011974879736142712	0.011974879736142712	
BMPR1B	0.9786380766390026	0.010680961680498714	0.010680961680498714	
BMPR2	0.9715376923848872	0.014231153807556374	0.014231153807556374	
BMS1	0.8848232395807887	0.09180178381554409	0.023374976603667278	
BMS1P14	0.9452021100369035	0.02739894498154825	0.02739894498154825	
BMT2	0.6765510223621012	0.3126667849690848	0.010782192668813995	
BMX	0.9580236215020416	0.02098818924897922	0.02098818924897922	
BNC2	0.9804862071170467	0.009756896441476622	0.009756896441476622	
BNC2-AS1	0.7345814197938035	0.13270929010309826	0.13270929010309826	
BNIP1	0.3806191140722363	0.2737993786764159	0.3455815072513478	
BNIP2	0.20462867783191926	0.444423121663731	0.3509482005043497	
BNIP3	0.032696314945530366	0.032696314945530366	0.9346073701089392	
BNIP3L	0.40471250089753597	0.050245685142905935	0.5450418139595581	
BNIPL	0.3484547150144321	0.2547077233908261	0.39683756159474187	
BOC	0.8912956537307043	0.01436604350289273	0.09433830276640301	
BOD1	0.020545148980829663	0.22164270747827203	0.7578121435408983	
BOD1L1	0.9605116172854605	0.019744191357269774	0.019744191357269774	
BOK	0.3427300663330473	0.010124268200171848	0.6471456654667809	
BOK-AS1	0.4717872461140946	0.5096622128002348	0.018550541085670422	
BOLA1	0.04698026644313722	0.18224068814581035	0.7707790454110525	
BOLA3	0.015346669137239598	0.015346669137239598	0.9693066617255208	
BOP1	0.2971514594279609	0.014468077444916901	0.6883804631271221	
BORA	0.5477999265103076	0.44003152357711284	0.012168549912579549	
BORCS5	0.9738028220043239	0.013098588997838024	0.013098588997838024	
BORCS6	0.01114849307811396	0.01114849307811396	0.977703013843772	
BORCS8	0.012455636717151332	0.12729798952879479	0.8602463737540539	
BPGM	0.21936894310799662	0.5640012317467884	0.216629825145215	
BPHL	0.9100072398133366	0.023162458374350936	0.06683030181231235	
BPNT1	0.2211110104162304	0.22483693808094893	0.5540520515028207	
BPTF	0.9555666906867067	0.022216654656646583	0.022216654656646583	
BRAF	0.8266466153120285	0.16121360368859086	0.012139780999380668	
BRAP	0.6693750751084657	0.30998708058607294	0.020637844305461395	
BRAT1	0.4499451349565954	0.01427362669796973	0.5357812383454349	
BRCA1	0.6767706695558208	0.31362601890025216	0.009603311543927056	
BRCA2	0.5790000370118624	0.4146395046887295	0.006360458299408039	
BRCC3	0.7148472349135487	0.25353433331520897	0.03161843177124227	
BRD1	0.8537554425520489	0.12395484129353317	0.02228971615441787	
BRD2	0.3308868432302933	0.315595228689458	0.35351792808024857	
BRD3	0.9394617169694095	0.030269141515295226	0.030269141515295226	
BRD3OS	0.019571660298888436	0.019571660298888436	0.9608566794022232	
BRD4	0.5175459567937338	0.46855433937291024	0.013899703833355918	
BRD7	0.1965833712178239	0.5258586285512836	0.2775580002308925	
BRD8	0.46218458253201294	0.3506194192930124	0.18719599817497462	
BRD9	0.9161112789015421	0.024576766412945945	0.0593119546855119	
BRDT	0.6459326213232724	0.34381965076357235	0.010247727913155298	
BRF1	0.6214060039838842	0.3656567958764941	0.012937200139621706	
BRF2	0.026441760481817157	0.026441760481817157	0.9471164790363656	
BRI3	0.2364228893821429	0.43756405489832906	0.3260130557195281	
BRI3BP	0.7502514964709854	0.23034036825536144	0.019408135273653145	
BRICD5	0.008773189129973033	0.25820609545949436	0.7330207154105327	
BRINP1	0.9713597849488325	0.014320107525583735	0.014320107525583735	
BRINP2	0.9719661158909264	0.014016942054536765	0.014016942054536765	
BRIP1	0.6547038399373578	0.33872032662112644	0.006575833441515788	
BRIX1	0.017034984270783832	0.5246974554325597	0.45826756029665644	
BRK1	0.017143173396169182	0.017143173396169182	0.9657136532076616	
BRMS1	0.011125052754486012	0.17081938931561136	0.8180555579299026	
BRMS1L	0.6198156934776158	0.3686423140060248	0.01154199251635938	
BROX	0.36411119561307725	0.1599872692156445	0.47590153517127826	
BRPF1	0.0339196478933332	0.0339196478933332	0.9321607042133335	
BRPF3	0.6502748420682459	0.22753058235624468	0.12219457557550933	
BRSK1	0.8259260939040786	0.015409349912468649	0.15866455618345282	
BRWD1	0.496069242774662	0.4942669093903329	0.009663847835005153	
BRWD3	0.9723672895269587	0.013816355236520628	0.013816355236520628	
BSDC1	0.37073816706761503	0.4162885261965261	0.2129733067358588	
BSG	0.014052822465782044	0.21215402990498208	0.7737931476292359	
BSPRY	0.13829918002119992	0.16969924707930664	0.6920015728994934	
BST1	0.5549965248778219	0.027788305858456323	0.41721516926372165	
BST2	0.010051726032133014	0.010051726032133014	0.979896547935734	
BTAF1	0.7246611650558656	0.25346102649957786	0.02187780844455646	
BTBD1	0.5859942137965761	0.10884861268958115	0.3051571735138427	
BTBD10	0.3456386136378401	0.6400833821922309	0.014278004169928847	
BTBD19	0.62288286332892	0.01421037012055355	0.3629067665505264	
BTBD2	0.24604792823036606	0.32769788494795293	0.4262541868216809	
BTBD3	0.9513522489708705	0.024323875514564768	0.024323875514564768	
BTBD6	0.009708737864077669	0.009708737864077669	0.9805825242718447	
BTBD7	0.7855880447668385	0.2060891752101042	0.008322780023057239	
BTBD8	0.8500039576653248	0.13918110052841307	0.010814941806262154	
BTBD9	0.9632535891407531	0.02502065553290751	0.0117257553263394	
BTC	0.6026736320031719	0.014026780306205964	0.3832995876906221	
BTD	0.7118279776339765	0.02123109908248959	0.26694092328353386	
BTF3	0.017211866784587006	0.16249963328910533	0.8202884999263077	
BTF3L4	0.4482777036247687	0.05489831866215252	0.49682397771307873	
BTG1	0.02273615982303351	0.02273615982303351	0.954527680353933	
BTG2	0.019653297560596025	0.019653297560596025	0.9606934048788079	
BTG3	0.027417568168444876	0.6144447068000295	0.35813772503152563	
BTK	0.6142006761640778	0.020495462709620098	0.3653038611263021	
BTN2A1	0.3951065928615664	0.016944574863789676	0.5879488322746439	
BTN2A2	0.2758191510868991	0.02641432377009954	0.6977665251430013	
BTN3A1	0.023625956556683377	0.023625956556683377	0.9527480868866331	
BTN3A2	0.02013161301812562	0.02013161301812562	0.9597367739637487	
BTN3A3	0.01941080470499678	0.01941080470499678	0.9611783905900064	
BTRC	0.8613055664147434	0.1256331821775141	0.013061251407742508	
BUB1	0.6171019043026231	0.3108994445686302	0.07199865112874669	
BUB1B	0.5427648684218898	0.45163311680624163	0.0056020147718685185	
BUB3	0.030626778730208845	0.030626778730208845	0.9387464425395823	
BUD13	0.028865345923622606	0.2127921156622529	0.7583425384141245	
BUD23	0.017550179174446647	0.24283327926506743	0.739616541560486	
BUD31	0.01752927477265271	0.08901918451315337	0.8934515407141939	
BVES	0.8222637640593268	0.018190604995492087	0.15954563094518104	
BVES-AS1	0.9690005049226353	0.015499747538682308	0.015499747538682308	
BYSL	0.023149071143660244	0.09704395683654322	0.8798069720197966	
BZW1	0.020299637257363428	0.21747663812512433	0.7622237246175122	
BZW2	0.07984336076192439	0.8243464723792456	0.09581016685882994	
C10orf143	0.9542779726150572	0.02286101369247137	0.02286101369247137	
C10orf88	0.9493586341573632	0.02532068292131839	0.02532068292131839	
C10orf90	0.48494105197224385	0.5093315802017465	0.005727367826009602	
C10orf95	0.10412800692859595	0.5914557828120491	0.30441621025935495	
C11orf1	0.011347366314046297	0.011347366314046297	0.9773052673719074	
C11orf21	0.23380628826847671	0.023208588206663737	0.7429851235248597	
C11orf24	0.014518566838206105	0.16955860780531745	0.8159228253564764	
C11orf58	0.0415357396563752	0.3924980906557681	0.5659661696878566	
C11orf65	0.9738235262126801	0.013088236893659939	0.013088236893659939	
C11orf68	0.010152171286753622	0.010152171286753622	0.9796956574264928	
C11orf71	0.014871196657796135	0.014871196657796135	0.9702576066844077	
C11orf80	0.9752771396863622	0.012361430156818889	0.012361430156818889	
C12orf29	0.546898117327674	0.02713065968171594	0.4259712229906101	
C12orf4	0.9608464376513026	0.019576781174348724	0.019576781174348724	
C12orf42	0.8562889948948738	0.13329253861526316	0.010418466489863117	
C12orf43	0.2989128935031069	0.03144878062643409	0.669638325870459	
C12orf56	0.6225254840718394	0.3691138729794276	0.008360642948732922	
C12orf57	0.011390963187405496	0.011390963187405496	0.977218073625189	
C12orf60	0.9674376395895732	0.016281180205213373	0.016281180205213373	
C12orf73	0.7328984062471555	0.026622378559751893	0.24047921519309254	
C12orf75	0.37331731482636604	0.40124032743400695	0.22544235773962698	
C12orf76	0.792921612224673	0.026528514509098582	0.18054987326622846	
C14orf119	0.013263536159064948	0.013263536159064948	0.9734729276818701	
C14orf132	0.493777900223198	0.013973520011507494	0.4922485797652944	
C14orf28	0.4945574094570501	0.031724804822263475	0.4737177857206864	
C14orf93	0.638596182029711	0.02361218666054751	0.3377916313097415	
C15orf39	0.02189582660982656	0.1872964265237211	0.7908077468664523	
C15orf40	0.676928587694803	0.05640540169377736	0.26666601061141965	
C15orf48	0.15594952822199906	0.2669822102229299	0.5770682615550711	
C15orf61	0.7183357463825769	0.039495324131712785	0.2421689294857102	
C16orf54	0.019625946402961544	0.019625946402961544	0.960748107194077	
C16orf74	0.38435522635386477	0.6096090405711732	0.006035733074962111	
C16orf86	0.015579104851748182	0.015579104851748182	0.9688417902965036	
C16orf87	0.6666845857436557	0.3214948177627208	0.011820596493623492	
C16orf89	0.14058658035307656	0.013947345704366476	0.8454660739425569	
C16orf91	0.015267284515610536	0.20709594525008188	0.7776367702343077	
C16orf95	0.7331808246747766	0.2564408926982338	0.010378282626989581	
C17orf100	0.6422718415187042	0.015146784416751687	0.34258137406454403	
C17orf58	0.023224358432009925	0.023224358432009925	0.9535512831359801	
C17orf67	0.9682543629622516	0.01587281851887416	0.01587281851887416	
C17orf75	0.3949313490474087	0.2846506882738219	0.3204179626787695	
C17orf80	0.6570421859320592	0.15543731823799448	0.1875204958299463	
C17orf97	0.9573524197907464	0.021323790104626813	0.021323790104626813	
C17orf99	0.9805825242718447	0.009708737864077669	0.009708737864077669	
C18orf21	0.014843050741833152	0.23119637183961222	0.7539605774185546	
C18orf25	0.6933718592949288	0.2937178348417944	0.012910305863276761	
C18orf32	0.013303388473449085	0.013303388473449085	0.9733932230531018	
C18orf54	0.384861733666154	0.6090899856319422	0.0060482807019038515	
C19orf12	0.3217483654515303	0.2271087093391842	0.45114292520928545	
C19orf18	0.9576516940101619	0.021174152994918993	0.021174152994918993	
C19orf25	0.37286236121534316	0.31085078890680634	0.3162868498778505	
C19orf38	0.5780881539837281	0.013400504970209979	0.4085113410460619	
C19orf44	0.9179205339477975	0.059737453625935646	0.02234201242626679	
C19orf47	0.3094629715371269	0.5927728256793663	0.09776420278350689	
C19orf53	0.01070897429187773	0.01070897429187773	0.9785820514162445	
C19orf54	0.6169764339082983	0.2656005773673283	0.11742298872437343	
C1D	0.7223999603275526	0.028721741442695632	0.24887829822975177	
C1GALT1	0.4614965284402748	0.5274683454465536	0.01103512611317155	
C1GALT1C1	0.011278830569384503	0.011278830569384503	0.977442338861231	
C1QB	0.009922422468012912	0.009922422468012912	0.9801551550639742	
C1QBP	0.012523601268421525	0.03126217388228864	0.9562142248492899	
C1QC	0.009708737864077669	0.009708737864077669	0.9805825242718447	
C1QTNF1	0.03372340246957785	0.011055113239249847	0.9552214842911723	
C1QTNF1-AS1	0.16524608466241028	0.5485037590151075	0.28625015632248213	
C1QTNF12	0.009943766605088673	0.5472032443746676	0.44285298902024367	
C1QTNF2	0.8137718686666224	0.013493307529349984	0.17273482380402752	
C1QTNF4	0.0524300049830067	0.01793269483927385	0.9296373001777195	
C1QTNF6	0.5297725798250535	0.45878633830225857	0.011441081872687792	
C1QTNF7	0.9722210290977018	0.013889485451149097	0.013889485451149097	
C1R	0.009708737864077669	0.009708737864077669	0.9805825242718447	
C1RL	0.48060386645823794	0.013993733889391631	0.5054023996523704	
C1RL-AS1	0.9631237219326635	0.01843813903366824	0.01843813903366824	
C1S	0.02489151735731301	0.02489151735731301	0.9502169652853739	
C1orf105	0.6823463203211271	0.30370051293315614	0.013953166745716856	
C1orf109	0.3156018495618429	0.454779334033142	0.2296188164050151	
C1orf112	0.7395905536120636	0.25048673712206426	0.00992270926587211	
C1orf115	0.0052942112593955875	0.5025509647229992	0.4921548240176052	
C1orf122	0.010032045497787462	0.010032045497787462	0.9799359090044251	
C1orf127	0.8578684287395163	0.02385040522891037	0.11828116603157328	
C1orf131	0.5257542136926742	0.3819918668038528	0.0922539195034731	
C1orf159	0.8021706514961061	0.18597198504860077	0.011857363455293143	
C1orf162	0.014796841484917528	0.014796841484917528	0.9704063170301649	
C1orf167	0.9398194335891251	0.03009028320543741	0.03009028320543741	
C1orf174	0.027089662357199302	0.5049371597859742	0.4679731778568267	
C1orf198	0.12527608723338987	0.01916142431585735	0.8555624884507529	
C1orf21	0.934716647293706	0.05537057955737859	0.009912773148915477	
C1orf210	0.007257179305852456	0.33543624087141216	0.6573065798227353	
C1orf216	0.013770930350810586	0.013770930350810586	0.9724581392983788	
C1orf226	0.01253656215628496	0.01253656215628496	0.9749268756874301	
C1orf35	0.2736497117652221	0.3812041802343429	0.345146108000435	
C1orf43	0.02784108802929091	0.02784108802929091	0.9443178239414182	
C1orf52	0.7555693484177624	0.21809835983910028	0.026332291743137344	
C1orf53	0.009478256062019455	0.36668963395929394	0.6238321099786868	
C1orf54	0.33529566151807605	0.01591564189195068	0.6487886965899733	
C1orf56	0.09584536479250996	0.013589905733136341	0.8905647294743536	
C2	0.45362653013186127	0.014092406846259287	0.5322810630218794	
C20orf204	0.9537113397051622	0.02314433014741887	0.02314433014741887	
C20orf27	0.02517315131904436	0.016443607695164144	0.9583832409857914	
C20orf96	0.39166675127666	0.018187041424454185	0.5901462072988859	
C21orf58	0.6828668297016203	0.3096346315195881	0.007498538778791667	
C21orf91	0.2916953524037633	0.6987736316661968	0.009531015930039972	
C22orf39	0.011407322254235573	0.11775043576202832	0.870842241983736	
C2CD2	0.595322291935161	0.3409876321689106	0.0636900758959285	
C2CD2L	0.18692101824625318	0.02312315034426497	0.7899558314094819	
C2CD3	0.8054727933931667	0.18216339385014924	0.012363812756684061	
C2CD4A	0.4718329959819894	0.043339535931894234	0.4848274680861164	
C2CD4B	0.011327143848430738	0.011327143848430738	0.9773457123031385	
C2CD5	0.933893096609865	0.033053451695067515	0.033053451695067515	
C2CD6	0.9791400262925997	0.010429986853700158	0.010429986853700158	
C2orf42	0.9295271597552254	0.043651563058364325	0.02682127718641033	
C2orf49	0.6606611140608831	0.3119810406360885	0.027357845303028313	
C2orf68	0.18464402209325928	0.3466686445308889	0.46868733337585167	
C2orf69	0.9364661226482978	0.03176693867585108	0.03176693867585108	
C2orf72	0.006981959436851511	0.7051779031220026	0.2878401374411459	
C2orf76	0.40491111649357914	0.3655585893271764	0.22953029417924448	
C2orf88	0.9751653049880377	0.012417347505981153	0.012417347505981153	
C2orf92	0.9753175032042204	0.012341248397889805	0.012341248397889805	
C3	0.2961910376751562	0.009215581359699857	0.694593380965144	
C3AR1	0.013285199684656268	0.013285199684656268	0.9734296006306874	
C3orf14	0.16033444083613546	0.016059117002020055	0.8236064421618444	
C3orf18	0.3143371515906288	0.01349934547193111	0.6721635029374401	
C3orf38	0.6851363145428432	0.037414416520483086	0.2774492689366737	
C3orf52	0.48370418537515664	0.25344130963151557	0.2628545049933278	
C3orf62	0.5017081598272498	0.025608425799783396	0.4726834143729668	
C3orf70	0.7683089284354053	0.21997650234101274	0.011714569223581946	
C4BPA	0.23457963009148705	0.009348569766272569	0.7560718001422404	
C4BPB	0.2045176211269119	0.023512998676621096	0.771969380196467	
C4orf19	0.41321041716599893	0.5805347513283278	0.006254831505673336	
C4orf3	0.013902984223896239	0.013902984223896239	0.9721940315522075	
C4orf33	0.5627514665757912	0.02615964062529126	0.41108889279891747	
C4orf46	0.2788269612815731	0.023825419480197958	0.697347619238229	
C4orf47	0.9613311861880566	0.019334406905971713	0.019334406905971713	
C4orf48	0.5967055906149196	0.013202396483839843	0.3900920129012406	
C5	0.9743959139684467	0.012802043015776633	0.012802043015776633	
C5AR1	0.5139300257686031	0.015081393518659244	0.47098858071273775	
C5AR2	0.3685611283918047	0.017329695090575806	0.6141091765176194	
C5orf15	0.02396984630897128	0.02396984630897128	0.9520603073820574	
C5orf22	0.5994548144918481	0.38090000778441097	0.01964517772374095	
C5orf24	0.020672166043746543	0.020672166043746543	0.9586556679125069	
C5orf34	0.7176403996763695	0.268718605029689	0.013640995293941617	
C5orf49	0.8567756856053876	0.09202702955693373	0.05119728483767851	
C5orf58	0.19691030138430696	0.028413717647632872	0.7746759809680602	
C5orf63	0.5117095637728067	0.47555414699096726	0.012736289236226031	
C6orf120	0.012407016841625363	0.19707281282307018	0.7905201703353045	
C6orf132	0.6137647603117374	0.013171877570766034	0.3730633621174966	
C6orf136	0.45798181156926426	0.011319487089226594	0.5306987013415091	
C6orf141	0.128108882986833	0.36881737099700795	0.5030737460161591	
C6orf226	0.010587437065017549	0.010587437065017549	0.9788251258699648	
C6orf47	0.3137664800168144	0.010049683640397275	0.6761838363427883	
C6orf52	0.8881488236692006	0.08876208429855077	0.02308909203224867	
C6orf62	0.050471383969217395	0.050471383969217395	0.8990572320615653	
C6orf89	0.12724819263805123	0.045335281519071666	0.8274165258428771	
C7	0.01586589862066507	0.01586589862066507	0.9682682027586699	
C7orf31	0.9506511228593211	0.029408394730447526	0.019940482410231296	
C7orf50	0.8507343484441892	0.02291021538876501	0.1263554361670458	
C7orf57	0.9270855629440196	0.036457218527990214	0.036457218527990214	
C8orf33	0.021578463653879228	0.021578463653879228	0.9568430726922416	
C8orf34	0.977905791492579	0.011047104253710504	0.011047104253710504	
C8orf58	0.010553100942911932	0.42304554322488147	0.5664013558322066	
C8orf76	0.01730084934177907	0.18161312848048955	0.8010860221777314	
C8orf82	0.009357098492619351	0.23978857861250558	0.7508543228948751	
C8orf88	0.46122272233126155	0.025348014411996578	0.5134292632567419	
C8orf89	0.9521014720925536	0.023949263953723203	0.023949263953723203	
C9orf152	0.21510803435548548	0.013025354385591173	0.7718666112589234	
C9orf24	0.94947425869965	0.02526287065017498	0.02526287065017498	
C9orf40	0.27708429269617957	0.45659183817522003	0.2663238691286005	
C9orf43	0.9478749300840061	0.02606253495799689	0.02606253495799689	
C9orf64	0.4036384766454932	0.259229544554151	0.3371319788003557	
C9orf72	0.9454839178982511	0.02725804105087438	0.02725804105087438	
C9orf78	0.01606680204889682	0.01606680204889682	0.9678663959022064	
C9orf85	0.8528743843865875	0.13057925394379144	0.01654636166962104	
CA11	0.016834317798223995	0.016834317798223995	0.9663313644035519	
CA12	0.5462223858259155	0.00795746052203084	0.44582015365205363	
CA13	0.9680354910763159	0.01598225446184201	0.01598225446184201	
CA2	0.007865439914731227	0.35722107396182806	0.6349134861234406	
CA5A	0.7913580493184798	0.19709266429426436	0.011549286387255879	
CA5B	0.9708782190413695	0.01456089047931522	0.01456089047931522	
CA8	0.9805825242718447	0.009708737864077669	0.009708737864077669	
CAAP1	0.9369171791271983	0.03154141043640085	0.03154141043640085	
CAB39	0.8482687274507997	0.07586563627460012	0.07586563627460012	
CAB39L	0.7580327576333037	0.01573205360559385	0.22623518876110257	
CABCOCO1	0.969280716875077	0.015359641562461461	0.015359641562461461	
CABIN1	0.9364878622271309	0.03175606888643454	0.03175606888643454	
CABLES1	0.9649656350482511	0.01751718247587447	0.01751718247587447	
CABLES2	0.21329997916473156	0.035298290434869734	0.7514017304003986	
CABP1	0.9624659345718041	0.01876703271409796	0.01876703271409796	
CABP4	0.6442194011496738	0.022827553385763564	0.33295304546456267	
CABYR	0.9530901993390343	0.023454900330482836	0.023454900330482836	
CACFD1	0.24737579654475922	0.011676073125814635	0.7409481303294262	
CACHD1	0.97212173768383	0.013939131158084976	0.013939131158084976	
CACNA1A	0.977621947706723	0.011189026146638522	0.011189026146638522	
CACNA1C	0.9805825242718447	0.009708737864077669	0.009708737864077669	
CACNA1D	0.9802192752602278	0.009890362369886073	0.009890362369886073	
CACNA1G	0.9730558320974796	0.013472083951260216	0.013472083951260216	
CACNA1H	0.6949881172612539	0.014233727567508559	0.29077815517123756	
CACNA2D1	0.9773247368686545	0.01133763156567276	0.01133763156567276	
CACNA2D2	0.9684218467532423	0.01578907662337883	0.01578907662337883	
CACNA2D3	0.7284141205474196	0.26417145311490975	0.007414426337670682	
CACNA2D4	0.9701135099951431	0.014943245002428435	0.014943245002428435	
CACNB1	0.5322832016875213	0.012878867428691113	0.45483793088378754	
CACNB2	0.9797081259282705	0.01014593703586472	0.01014593703586472	
CACNB3	0.18675195070259767	0.021830574313739998	0.7914174749836623	
CACNB4	0.9775055480777424	0.01124722596112883	0.01124722596112883	
CACTIN	0.08623704336853125	0.017437956424303926	0.8963250002071649	
CACUL1	0.8329527215491912	0.15428475376653344	0.01276252468427531	
CACYBP	0.021157769475983218	0.40357017837298814	0.5752720521510286	
CAD	0.6466546460709061	0.030336176729751342	0.3230091771993425	
CADM1	0.9663867328632423	0.016806633568378818	0.016806633568378818	
CADM3	0.18491568511941123	0.018611051259948462	0.7964732636206403	
CADM4	0.01450034651808267	0.01450034651808267	0.9709993069638346	
CADPS2	0.9713002977212177	0.014349851139391115	0.014349851139391115	
CAGE1	0.6331906212792219	0.34133455635186793	0.025474822368910136	
CAHM	0.8519979571975438	0.0740010214012281	0.0740010214012281	
CALCB	0.7220894936776727	0.010011873604940418	0.26789863271738684	
CALCOCO1	0.3042921378771993	0.03997186157836521	0.6557360005444356	
CALCOCO2	0.04716138052374916	0.04716138052374916	0.9056772389525017	
CALCRL	0.9241114498877041	0.015143639851124956	0.06074491026117087	
CALD1	0.7236069645624722	0.035361070393257955	0.24103196504426985	
CALHM2	0.010311432546076577	0.010311432546076577	0.9793771349078468	
CALHM4	0.8778428828748819	0.061078558562559025	0.061078558562559025	
CALHM5	0.28047557253007116	0.039690358991758705	0.6798340684781701	
CALM1	0.016321229586887323	0.4010123627275622	0.5826664076855506	
CALM2	0.009708737864077669	0.009708737864077669	0.9805825242718447	
CALM3	0.017628412740006632	0.017628412740006632	0.9647431745199867	
CALR	0.01566023653000599	0.30748009610620747	0.6768596673637866	
CALU	0.2435769627372221	0.4440014094640804	0.3124216277986974	
CAMK1	0.11134981196784957	0.01152490440489148	0.8771252836272591	
CAMK1D	0.9696230204284852	0.015188489785757377	0.015188489785757377	
CAMK2A	0.9723626579215221	0.013818671039238964	0.013818671039238964	
CAMK2D	0.9636983740322725	0.01815081298386372	0.01815081298386372	
CAMK2G	0.29596667373127167	0.6874376744547109	0.016595651814017287	
CAMK2N1	0.027289911689944372	0.009725596861396341	0.9629844914486594	
CAMK4	0.9785977124091985	0.01070114379540077	0.01070114379540077	
CAMKK1	0.8255810271536634	0.02171579686813364	0.15270317597820285	
CAMKK2	0.8921829149780267	0.032709100523028896	0.07510798449894444	
CAMKMT	0.9761318710686403	0.011934064465679847	0.011934064465679847	
CAMLG	0.02113560744410218	0.02113560744410218	0.9577287851117956	
CAMSAP1	0.8686709924272173	0.11416068313031874	0.017168324442463828	
CAMSAP2	0.6356396383909156	0.35448713577063395	0.009873225838450309	
CAMSAP3	0.18393756263637104	0.35752956100829153	0.4585328763553374	
CAMTA1	0.7567184414308725	0.20864306863774504	0.03463848993138238	
CAMTA1-DT	0.3344649876854571	0.33276750615727146	0.33276750615727146	
CAMTA2	0.49015694831809037	0.018335723726199325	0.4915073279557103	
CAND1	0.6109910503472299	0.3655236992420735	0.023485250410696667	
CAND2	0.9645223605762615	0.017738819711869247	0.017738819711869247	
CANT1	0.03400038497161287	0.509116097476284	0.4568835175521031	
CANX	0.6612351107369991	0.19783257318518102	0.14093231607781986	
CAP1	0.025032894857271466	0.18173437274520302	0.7932327323975256	
CAP2	0.45893513221576715	0.5350085555745877	0.006056312209645154	
CAPG	0.015074022916427114	0.015074022916427114	0.9698519541671458	
CAPN1	0.01362600522228177	0.34890484954604617	0.637469145231672	
CAPN10	0.35700110108321015	0.018370631996782318	0.6246282669200074	
CAPN10-DT	0.02616298012421589	0.02616298012421589	0.9476740397515682	
CAPN12	0.8747335030391086	0.10690694054620889	0.018359556414682555	
CAPN15	0.7972269509152583	0.012972405263444672	0.18980064382129708	
CAPN2	0.2595996764620017	0.026881831295942682	0.7135184922420557	
CAPN5	0.49268480579474155	0.013105724395294168	0.49420946980996416	
CAPN6	0.2872201245480895	0.6068106162729199	0.1059692591789907	
CAPN7	0.94186787209835	0.02906606395082496	0.02906606395082496	
CAPNS1	0.01618003536788987	0.01618003536788987	0.9676399292642203	
CAPRIN1	0.8339703217536698	0.05660276100947513	0.10942691723685502	
CAPRIN2	0.9732248227312695	0.013387588634365205	0.013387588634365205	
CAPS	0.011959052192285232	0.17242205165729663	0.815618896150418	
CAPS2	0.9739646529917194	0.01301767350414028	0.01301767350414028	
CAPZA1	0.10151333870333143	0.07375231173494577	0.8247343495617228	
CAPZA2	0.9416457375859366	0.02917713120703166	0.02917713120703166	
CAPZB	0.1517549207016125	0.1517549207016125	0.6964901585967749	
CARD10	0.44829613525834283	0.010433758949249788	0.5412701057924074	
CARD11	0.9692479079569192	0.0153760460215404	0.0153760460215404	
CARD14	0.37362806419005656	0.30196036889462435	0.3244115669153191	
CARD16	0.015411763649866227	0.015411763649866227	0.9691764727002675	
CARD18	0.3984341809485913	0.5532942657134458	0.04827155333796285	
CARD19	0.35565116006635356	0.012645508590876355	0.6317033313427701	
CARD6	0.6319770816099254	0.01760178523759409	0.35042113315248047	
CARD8	0.9648914393507516	0.01755428032462418	0.01755428032462418	
CARD8-AS1	0.012706094249592884	0.012706094249592884	0.9745878115008142	
CARF	0.7917712863120263	0.19216792378523456	0.016060789902739115	
CARHSP1	0.022619993704373648	0.40140218848646375	0.5759778178091626	
CARM1	0.4404405345409977	0.3809228842874747	0.17863658117152767	
CARMIL1	0.9703236346507238	0.014838182674638099	0.014838182674638099	
CARMN	0.7277386239055292	0.012008007772882252	0.2602533683215885	
CARNMT1	0.9604874616125573	0.019756269193721372	0.019756269193721372	
CARS2	0.9484187195429011	0.02579064022854943	0.02579064022854943	
CASC15	0.9805825242718447	0.009708737864077669	0.009708737864077669	
CASC2	0.9779955082283116	0.011002245885844185	0.011002245885844185	
CASC3	0.17296092858392864	0.047333804701284295	0.7797052667147871	
CASC8	0.9677152511766203	0.016142374411689822	0.016142374411689822	
CASC9	0.9717452189129957	0.01412739054350213	0.01412739054350213	
CASD1	0.7198340905978042	0.2656571091738672	0.014508800228328607	
CASK	0.9663656425266883	0.016817178736655794	0.016817178736655794	
CASKIN2	0.45910135849444283	0.014121056686480504	0.5267775848190765	
CASP1	0.01410548224228658	0.01410548224228658	0.9717890355154268	
CASP10	0.9167542161594459	0.024070188997629822	0.05917559484292436	
CASP2	0.19627561923892792	0.6412977585255046	0.16242662223556742	
CASP3	0.055784391976738346	0.33924458612435987	0.6049710218989017	
CASP4	0.013920382297502238	0.17024501140783913	0.8158346062946588	
CASP6	0.4265388118591159	0.033494955062824044	0.5399662330780599	
CASP7	0.2563998442135321	0.028066285598373424	0.7155338701880944	
CASP8	0.8704908985956415	0.03523144150928147	0.0942776598950771	
CASP8AP2	0.8073145721258178	0.18412136765707135	0.00856406021711091	
CASP9	0.668210262101974	0.30751589977889243	0.02427383811913355	
CASQ1	0.38263576767075946	0.5080718846895113	0.1092923476397293	
CASS4	0.9653641176165236	0.017317941191738167	0.017317941191738167	
CAST	0.35377080290925683	0.4918419995863284	0.15438719750441482	
CASTOR2	0.5977574138473444	0.39435332113775123	0.00788926501490437	
CASZ1	0.9756205845026408	0.012189707748679598	0.012189707748679598	
CAT	0.0318732009183651	0.0318732009183651	0.9362535981632697	
CATIP	0.27315086448124215	0.7193872469772064	0.0074618885415516445	
CATSPER1	0.91486132139325	0.042569339303374955	0.042569339303374955	
CATSPER2	0.8998944642712923	0.0848927332985916	0.015212802430116178	
CATSPERE	0.9774930887344537	0.011253455632773107	0.011253455632773107	
CATSPERG	0.9726166793712124	0.013691660314393776	0.013691660314393776	
CAV1	0.01976399458406791	0.01976399458406791	0.9604720108318642	
CAV2	0.2639445781067297	0.015772051485487375	0.7202833704077829	
CAVIN1	0.12216714557179602	0.010643024928867446	0.8671898294993365	
CAVIN2	0.23121236033684575	0.014529252718525665	0.7542583869446287	
CAVIN3	0.1795336085517633	0.009487286378618703	0.8109791050696179	
CAVIN4	0.5462875984329066	0.446025313334263	0.007687088232830361	
CBFA2T2	0.836480324034005	0.14902079907518379	0.014498876890811233	
CBFA2T3	0.9589970967834984	0.020501451608250777	0.020501451608250777	
CBFB	0.8502684516965139	0.023224615244078952	0.12650693305940713	
CBL	0.8395392756197015	0.14425708536386556	0.01620363901643296	
CBLB	0.7249488295555794	0.26560604423989875	0.009445126204521852	
CBLC	0.3166045402008567	0.3528648635605129	0.3305305962386305	
CBLL1	0.6793387223617361	0.038885621403380234	0.2817756562348836	
CBLN3	0.09537933333249453	0.02034378935316551	0.8842768773143399	
CBR1	0.007929998072729313	0.1911401965816101	0.8009298053456605	
CBR3	0.5362334172256853	0.01158640230313917	0.4521801804711754	
CBR4	0.9616307495964718	0.01918462520176409	0.01918462520176409	
CBX1	0.023035764731150054	0.44379261149827454	0.5331716237705754	
CBX2	0.9493262566891123	0.025336871655443835	0.025336871655443835	
CBX3	0.01906306087290781	0.5443220535142483	0.43661488561284395	
CBX4	0.01696585406780014	0.01696585406780014	0.9660682918643997	
CBX5	0.6768629970508498	0.30145561635076806	0.021681386598382025	
CBX6	0.2341800886803873	0.017839208757787543	0.7479807025618251	
CBX7	0.06098096558560124	0.018159341166981674	0.920859693247417	
CBX8	0.6609489235242254	0.027551128407591476	0.311499948068183	
CBY1	0.24021916723395298	0.2604231799266572	0.4993576528393899	
CC2D1A	0.5094467790603013	0.18221096185829455	0.3083422590814042	
CC2D1B	0.49179342487492794	0.1332366878791796	0.3749698872458924	
CC2D2A	0.9747836783337019	0.012608160833149046	0.012608160833149046	
CC2D2B	0.6636242928035154	0.3280844870031611	0.008291220193323429	
CCAR1	0.5114640882790037	0.46509940256334276	0.02343650915765347	
CCAR2	0.018446457122241716	0.3488653905237422	0.632688152354016	
CCBE1	0.9805825242718447	0.009708737864077669	0.009708737864077669	
CCDC102A	0.6795108671945049	0.012912532876161538	0.3075765999293335	
CCDC102B	0.9805825242718447	0.009708737864077669	0.009708737864077669	
CCDC106	0.0133985606901805	0.0133985606901805	0.973202878619639	
CCDC107	0.014476999290163441	0.014476999290163441	0.9710460014196731	
CCDC112	0.9507567050811181	0.02462164745944095	0.02462164745944095	
CCDC113	0.6346722761127239	0.3518116593793466	0.01351606450792943	
CCDC115	0.015707933259961556	0.015707933259961556	0.9685841334800769	
CCDC117	0.10127176185797425	0.5517536488710395	0.34697458927098623	
CCDC12	0.06743944204373577	0.3710236585103515	0.5615368994459128	
CCDC120	0.24072372444016588	0.3949533908013331	0.364322884758501	
CCDC121	0.03747374476082963	0.03747374476082963	0.9250525104783407	
CCDC122	0.6683646865763576	0.321245816368402	0.010389497055240362	
CCDC124	0.012905807089710428	0.12375801048813613	0.8633361824221535	
CCDC125	0.6353441491661592	0.3557242635749482	0.008931587258892466	
CCDC126	0.957076077463656	0.02146196126817198	0.02146196126817198	
CCDC127	0.5377341165575017	0.019048413912720732	0.4432174695297775	
CCDC134	0.631898786776989	0.3565191310704312	0.011582082152579847	
CCDC136	0.968935012798308	0.015532493600846029	0.015532493600846029	
CCDC137	0.29610309200346563	0.300243788304856	0.4036531196916785	
CCDC138	0.9303749853617622	0.05887986881748177	0.010745145820755978	
CCDC14	0.9605074067875361	0.01974629660623191	0.01974629660623191	
CCDC141	0.9782457611036902	0.0108771194481549	0.0108771194481549	
CCDC142	0.9633778165362606	0.018311091731869684	0.018311091731869684	
CCDC144NL-AS1	0.5400430312525707	0.4513737472532206	0.008583221494208785	
CCDC146	0.9735886560470441	0.013205671976477928	0.013205671976477928	
CCDC148	0.9755137504182901	0.012243124790854917	0.012243124790854917	
CCDC149	0.9670029284794773	0.016498535760261328	0.016498535760261328	
CCDC15	0.9729095951006257	0.013545202449687144	0.013545202449687144	
CCDC150	0.5713255921209872	0.4212274575654724	0.007446950313540306	
CCDC152	0.8066991386447921	0.014343343755586938	0.17895751759962092	
CCDC153	0.3423475183860725	0.6449527383633906	0.01269974325053685	
CCDC154	0.572366327901229	0.022762480033673392	0.4048711920650976	
CCDC157	0.7982740345175966	0.024528142784563	0.17719782269784043	
CCDC159	0.06933897689064075	0.02828234478800455	0.9023786783213547	
CCDC163	0.14277930331393882	0.20607504934798257	0.6511456473380787	
CCDC167	0.015256158315408306	0.1646498260056157	0.8200940156789761	
CCDC168	0.9371635162556173	0.03141824187219133	0.03141824187219133	
CCDC17	0.22299030362187433	0.017756074519762893	0.7592536218583628	
CCDC170	0.971800379202539	0.014099810398730477	0.014099810398730477	
CCDC171	0.685452383080081	0.3076970700042822	0.006850546915636754	
CCDC174	0.8938992458153443	0.02986163767191832	0.07623911651273736	
CCDC178	0.9770739316132846	0.011463034193357704	0.011463034193357704	
CCDC18	0.9771817177223453	0.011409141138827333	0.011409141138827333	
CCDC180	0.02110085805657538	0.02110085805657538	0.9577982838868492	
CCDC181	0.9486336317657782	0.02568318411711087	0.02568318411711087	
CCDC186	0.4930219308310008	0.4948102804254382	0.01216778874356101	
CCDC191	0.9688280869611967	0.015585956519401617	0.015585956519401617	
CCDC192	0.9711898975342786	0.014405051232860646	0.014405051232860646	
CCDC22	0.019988771079069732	0.019988771079069732	0.9600224578418605	
CCDC24	0.20747555612534194	0.0341299007946597	0.7583945430799983	
CCDC25	0.3297760219166239	0.07049284298697163	0.5997311350964045	
CCDC28A	0.012581680884803341	0.3463092957955455	0.6411090233196511	
CCDC28B	0.23164624328412206	0.01490138376429644	0.7534523729515815	
CCDC3	0.5219119078825533	0.02280438359638408	0.45528370852106265	
CCDC30	0.978131799345725	0.010934100327137467	0.010934100327137467	
CCDC32	0.46702161860876723	0.49474863568901306	0.03822974570221965	
CCDC33	0.9688567822248316	0.015571608887584187	0.015571608887584187	
CCDC34	0.7674514865825375	0.0919173031681934	0.14063121024926906	
CCDC40	0.9713489924066969	0.014325503796651505	0.014325503796651505	
CCDC43	0.029436439844209957	0.4409248924134754	0.5296386677423146	
CCDC47	0.016161212494780093	0.4760940957977944	0.5077446917074254	
CCDC50	0.8871262403540215	0.03884030137687021	0.07403345826910815	
CCDC51	0.01309507928296402	0.19020933014774516	0.7966955905692908	
CCDC57	0.754738362126484	0.23387733531864385	0.011384302554872092	
CCDC59	0.35481600194907437	0.23032121946153047	0.4148627785893952	
CCDC6	0.9435186512092416	0.033730384244650594	0.02275096454610784	
CCDC61	0.14672418976217438	0.04329828164053151	0.8099775285972941	
CCDC62	0.5815951132129092	0.409486884718232	0.00891800206885868	
CCDC65	0.9505339723478713	0.02473301382606432	0.02473301382606432	
CCDC66	0.9719562053592772	0.014021897320361376	0.014021897320361376	
CCDC68	0.9647017159553898	0.01764914202230509	0.01764914202230509	
CCDC69	0.02303702113872919	0.02303702113872919	0.9539259577225416	
CCDC7	0.9805825242718447	0.009708737864077669	0.009708737864077669	
CCDC71	0.012464356062347004	0.012464356062347004	0.975071287875306	
CCDC73	0.9751578855577738	0.01242105722111309	0.01242105722111309	
CCDC74A	0.0938836826995019	0.02694323172714918	0.879173085573349	
CCDC77	0.6913725377239158	0.28833659610964774	0.020290866166436373	
CCDC8	0.3062778773883417	0.015613275951337949	0.6781088466603205	
CCDC80	0.21355485143762162	0.022582659516399768	0.7638624890459786	
CCDC81	0.9608517714774123	0.02417903101234255	0.014969197510245162	
CCDC82	0.9248423716441767	0.03757881417791164	0.03757881417791164	
CCDC85B	0.012344334898827533	0.009682898677462476	0.97797276642371	
CCDC85C	0.8312715034495408	0.15216656979426652	0.01656192675619255	
CCDC86	0.013038103240883754	0.013038103240883754	0.9739237935182324	
CCDC88A	0.9744881625573674	0.012755918721316309	0.012755918721316309	
CCDC88B	0.33035794386215767	0.02580781371967723	0.6438342424181651	
CCDC88C	0.9627814490812634	0.01860927545936831	0.01860927545936831	
CCDC9	0.3738235088615712	0.13977132680775795	0.4864051643306708	
CCDC90B	0.9318158134104536	0.03409209329477315	0.03409209329477315	
CCDC91	0.9611154457380847	0.019442277130957704	0.019442277130957704	
CCDC92	0.9438957735187982	0.014592365269680163	0.04151186121152172	
CCDC93	0.9590902075311762	0.020454896234411865	0.020454896234411865	
CCDC97	0.03224510814370895	0.03224510814370895	0.9355097837125821	
CCDC9B	0.3623810437259062	0.008792426116324489	0.6288265301577692	
CCHCR1	0.8257298224363632	0.015410089712508986	0.15886008785112782	
CCK	0.09177933030958271	0.8952330118527225	0.012987657837694629	
CCL18	0.017295076372684112	0.017295076372684112	0.9654098472546317	
CCL2	0.01002738217250793	0.01002738217250793	0.9799452356549841	
CCL21	0.009708737864077669	0.009708737864077669	0.9805825242718447	
CCL28	0.14838370378165763	0.2515543654901708	0.6000619307281715	
CCL3	0.23664591207333224	0.008168509108413633	0.7551855788182541	
CCL3L1	0.8479008429921921	0.07604957850390397	0.07604957850390397	
CCL4	0.19930318253978285	0.012988123134069005	0.7877086943261481	
CCL4L2	0.5293607342088202	0.02063604177535021	0.4500032240158295	
CCL5	0.009708737864077669	0.009708737864077669	0.9805825242718447	
CCL8	0.194651677851966	0.04060875710868811	0.7647395650393459	
CCM2	0.9273610936684284	0.03631945316578573	0.03631945316578573	
CCM2L	0.5669045681530935	0.011733302186478774	0.42136212966042774	
CCNA2	0.3170659073348979	0.29919471554067006	0.383739377124432	
CCNB1	0.3592727545916508	0.461231402945392	0.17949584246295716	
CCNB1IP1	0.02884662666933117	0.02884662666933117	0.9423067466613376	
CCNB2	0.3480854560882769	0.34560201538191754	0.30631252852980567	
CCNC	0.05626374724928163	0.6130161722564931	0.3307200804942252	
CCND1	0.1913320255146498	0.019942002629365248	0.788725971855985	
CCND2	0.010074620181707775	0.010074620181707775	0.9798507596365844	
CCND3	0.25868060691386685	0.037629594460835865	0.7036897986252972	
CCNDBP1	0.42796419264131635	0.22161364607090567	0.3504221612877781	
CCNE1	0.3396119094269843	0.5730806428203287	0.087307447752687	
CCNE2	0.47356998264716355	0.4146675547589595	0.11176246259387705	
CCNF	0.6002096528211487	0.3924983306279111	0.0072920165509401174	
CCNG1	0.015072389767619005	0.20309463922160445	0.7818329710107765	
CCNG2	0.4459705802382553	0.06674057557767264	0.487288844184072	
CCNH	0.954117153484026	0.022941423257986954	0.022941423257986954	
CCNI	0.04917064030697455	0.04917064030697455	0.9016587193860509	
CCNJ	0.8201837952375384	0.02410503132152584	0.15571117344093574	
CCNJL	0.9771704832545581	0.011414758372720908	0.011414758372720908	
CCNK	0.5953811990306923	0.37345382865647325	0.0311649723128345	
CCNL1	0.8107059676273489	0.027352395238388227	0.16194163713426285	
CCNL2	0.4128517740138595	0.4352709000156777	0.15187732597046288	
CCNO	0.0083348395942851	0.29891147084832226	0.6927536895573926	
CCNQ	0.007964100200615462	0.3353112080276306	0.656724691771754	
CCNT1	0.5929253829157368	0.38203579974031426	0.02503881734394883	
CCNT2	0.9643827650642717	0.017808617467864152	0.017808617467864152	
CCNT2-AS1	0.9733315383834679	0.013334230808266078	0.013334230808266078	
CCNY	0.9364829176064011	0.03175854119679939	0.03175854119679939	
CCNYL1	0.6874454805289294	0.29875522870824983	0.013799290762820798	
CCP110	0.7327382523044776	0.2525938240410927	0.014667923654429722	
CCPG1	0.017206016932708963	0.017206016932708963	0.9655879661345821	
CCR1	0.08487833529088191	0.012322111352405527	0.9027995533567126	
CCR10	0.5695841020765227	0.020659498939768515	0.40975639898370886	
CCR3	0.35835624165789803	0.6351284471035042	0.006515311238597638	
CCR7	0.024489124119582224	0.024489124119582224	0.9510217517608355	
CCRL2	0.03957966669485166	0.023727471467520928	0.9366928618376275	
CCS	0.21592039258498769	0.02487574358951689	0.7592038638254954	
CCSAP	0.0978340986307401	0.7600511146829797	0.14211478668628033	
CCSER1	0.7114161192484734	0.2815401567985715	0.007043723952955182	
CCSER2	0.9610655255954467	0.019467237202276708	0.019467237202276708	
CCT2	0.03172200732293993	0.2793826531870322	0.6888953394900278	
CCT3	0.029226672312912493	0.20822788067345221	0.7625454470136352	
CCT4	0.029292041935579157	0.33257176345435413	0.6381361946100669	
CCT5	0.026572341186428317	0.20436598037727147	0.7690616784363002	
CCT6A	0.025097146266317205	0.3137484970695744	0.6611543566641084	
CCT6B	0.9617300236470657	0.019134988176467096	0.019134988176467096	
CCT7	0.018349680482182655	0.11464197478414458	0.8670083447336727	
CCT8	0.030602613758452933	0.3020523707554398	0.6673450154861074	
CCZ1	0.6756376433571012	0.0639141717939791	0.26044818484891985	
CCZ1B	0.03915567702115123	0.03915567702115123	0.9216886459576976	
CD109	0.9759952686729368	0.012002365663531587	0.012002365663531587	
CD14	0.009708737864077669	0.009708737864077669	0.9805825242718447	
CD151	0.012477546367587513	0.11098195784874884	0.8765404957836637	
CD160	0.3137743535726148	0.01644655580659992	0.6697790906207852	
CD163	0.014063849875268661	0.014063849875268661	0.9718723002494627	
CD163L1	0.9742439714589997	0.01287801427050018	0.01287801427050018	
CD164	0.019965730759409883	0.4482653775686747	0.5317688916719154	
CD180	0.17746378078620814	0.01990316953535466	0.8026330496784372	
CD1D	0.10185950230478334	0.012705066181990854	0.8854354315132258	
CD2	0.010263424126208776	0.010263424126208776	0.9794731517475824	
CD200	0.44374466820312397	0.4751212881173939	0.08113404367948215	
CD200R1	0.9626921546312758	0.01865392268436207	0.01865392268436207	
CD209	0.06576743666401781	0.06576743666401781	0.8684651266719644	
CD22	0.5892678878277963	0.013420251741249566	0.3973118604309541	
CD226	0.968588222596311	0.015705888701844483	0.015705888701844483	
CD24	0.011815024698644268	0.10218054183971219	0.8860044334616436	
CD244	0.6318720750282941	0.021593612983973776	0.346534311987732	
CD247	0.9111594335418063	0.019129102675109	0.06971146378308475	
CD248	0.009708737864077669	0.009708737864077669	0.9805825242718447	
CD27	0.012739139027742034	0.012739139027742034	0.9745217219445159	
CD274	0.13464849057219289	0.65417729347632	0.2111742159514872	
CD276	0.5709413751063309	0.1451285493084001	0.28393007558526906	
CD28	0.6883237291699257	0.016448214217036555	0.29522805661303775	
CD2AP	0.9527433938759184	0.02362830306204074	0.02362830306204074	
CD2BP2	0.012565645755103369	0.012565645755103369	0.9748687084897932	
CD300A	0.061968504197625965	0.022974546249722387	0.9150569495526517	
CD300LF	0.1766960821539735	0.01504234173448401	0.8082615761115425	
CD302	0.011150882841900552	0.011150882841900552	0.9776982343161988	
CD320	0.00962201113018431	0.1909270127174109	0.7994509761524048	
CD33	0.02356653508977551	0.02356653508977551	0.952866929820449	
CD34	0.223181622572761	0.020549999064162577	0.7562683783630765	
CD36	0.9269519434708237	0.02379505709132975	0.04925299943784657	
CD37	0.015416652936532556	0.015416652936532556	0.9691666941269349	
CD38	0.9516502890603352	0.02417485546983236	0.02417485546983236	
CD3D	0.02151540512649739	0.02151540512649739	0.9569691897470052	
CD3E	0.01293096925040451	0.01293096925040451	0.9741380614991909	
CD3G	0.29706871409046465	0.019949263782111006	0.6829820221274242	
CD4	0.020728553427958814	0.020728553427958814	0.9585428931440824	
CD40	0.013980972942264868	0.013980972942264868	0.9720380541154703	
CD40LG	0.4743503656521299	0.02014648054249454	0.5055031538053756	
CD44	0.09474632992376907	0.02360860771900949	0.8816450623572214	
CD46	0.1561597392980155	0.741198290369701	0.10264197033228366	
CD47	0.15120295595063532	0.044931128266733907	0.8038659157826308	
CD48	0.01244880180672255	0.01244880180672255	0.9751023963865548	
CD5	0.444705630880779	0.009546406898914343	0.5457479622203065	
CD52	0.010536912681291272	0.010536912681291272	0.9789261746374175	
CD53	0.011647105306534962	0.011647105306534962	0.9767057893869301	
CD55	0.5058520500226696	0.028687208959245338	0.46546074101808493	
CD58	0.9490817470012014	0.02545912649939926	0.02545912649939926	
CD59	0.013038493525295358	0.013038493525295358	0.9739230129494093	
CD6	0.376840929484877	0.012742035859133733	0.6104170346559892	
CD63	0.01407479886309793	0.01407479886309793	0.9718504022738041	
CD69	0.011272509348309914	0.011272509348309914	0.9774549813033802	
CD7	0.013073125857983483	0.013073125857983483	0.973853748284033	
CD70	0.8135660206696284	0.03592913126558324	0.15050484806478842	
CD72	0.5921196986390482	0.016451988204945422	0.39142831315600635	
CD74	0.011204542793541107	0.011204542793541107	0.9775909144129178	
CD79B	0.009984909419803432	0.009984909419803432	0.9800301811603931	
CD80	0.9548011142283676	0.022599442885816178	0.022599442885816178	
CD81	0.01275066164683885	0.01275066164683885	0.9744986767063223	
CD81-AS1	0.9715643628743074	0.014217818562846296	0.014217818562846296	
CD82	0.023847358169687458	0.023847358169687458	0.9523052836606251	
CD83	0.7276516596071939	0.01503935154463996	0.2573089888481661	
CD84	0.6344557155291408	0.027235727428959362	0.3383085570418997	
CD86	0.611868900547311	0.017570965945402126	0.3705601335072867	
CD8A	0.2354516812712638	0.012361520874978557	0.7521867978537576	
CD8B	0.5878970223191174	0.018537217617398072	0.3935657600634845	
CD9	0.015620709742599413	0.05758322155390266	0.926796068703498	
CD93	0.011076034282523422	0.011076034282523422	0.9778479314349532	
CD96	0.9760911757116169	0.011954412144191554	0.011954412144191554	
CD99L2	0.5062780382128091	0.31509605673251384	0.17862590505467707	
CDA	0.0934799601883002	0.011007031926623369	0.8955130078850765	
CDADC1	0.9577913866301084	0.02110430668494576	0.02110430668494576	
CDAN1	0.6895748037125208	0.07058569102822275	0.23983950525925643	
CDC123	0.06025741664970179	0.06025741664970179	0.8794851667005965	
CDC14A	0.9745453605778647	0.012727319711067654	0.012727319711067654	
CDC14B	0.9734493727859014	0.013275313607049304	0.013275313607049304	
CDC16	0.38091594368780446	0.2602525860118297	0.35883147030036583	
CDC20	0.24581394628528996	0.2963456478951756	0.45784040581953456	
CDC23	0.3902937213103542	0.5691066503485869	0.040599628341058826	
CDC25A	0.6911589615149061	0.2990401446061329	0.00980089387896109	
CDC25B	0.02081273014850429	0.02081273014850429	0.9583745397029914	
CDC25C	0.5869391947408644	0.406333079618659	0.006727725640476437	
CDC26	0.017037728862735683	0.017037728862735683	0.9659245422745286	
CDC27	0.9444044976113227	0.02779775119433859	0.02779775119433859	
CDC34	0.010204151472069852	0.23328388172651357	0.7565119668014165	
CDC37	0.03374891482188062	0.03374891482188062	0.9325021703562387	
CDC37L1	0.6265217548606367	0.10983794612145421	0.26364029901790914	
CDC37L1-DT	0.08799554899565595	0.04669700439328485	0.8653074466110592	
CDC40	0.9319083048574327	0.0340458475712836	0.0340458475712836	
CDC42	0.012675780317056955	0.17269810018014087	0.8146261195028023	
CDC42BPA	0.9777362520601746	0.0111318739699127	0.0111318739699127	
CDC42BPB	0.9678075433809472	0.01609622830952639	0.01609622830952639	
CDC42BPG	0.15110960398939796	0.5467238216211606	0.3021665743894414	
CDC42EP1	0.03634783198271828	0.30713069047580116	0.6565214775414806	
CDC42EP3	0.6156678823755601	0.024397851282326435	0.35993426634211345	
CDC42EP4	0.01848108489291174	0.3523669642458646	0.6291519508612237	
CDC42EP5	0.45437945659333834	0.009670212131746979	0.5359503312749145	
CDC42SE1	0.022852788335427206	0.022852788335427206	0.9542944233291456	
CDC42SE2	0.9456631282247543	0.027168435887622827	0.027168435887622827	
CDC45	0.51123615263223	0.42389208263993305	0.06487176472783682	
CDC5L	0.662533966337732	0.3144360529673634	0.0230299806949046	
CDC6	0.47633689479063	0.44092189805814497	0.08274120715122481	
CDC7	0.961660458710968	0.019169770644516002	0.019169770644516002	
CDC73	0.9657275939680315	0.01713620301598422	0.01713620301598422	
CDCA2	0.5242051880527597	0.4698626944871837	0.00593211746005654	
CDCA3	0.22071578035488193	0.45649971133147355	0.32278450831364447	
CDCA4	0.2201581066353693	0.5111808044466132	0.2686610889180176	
CDCA5	0.31674767293207695	0.396067701993086	0.2871846250748371	
CDCA7	0.5280226833535124	0.37256462514699584	0.09941269149949161	
CDCA7L	0.7324376681864931	0.021009892490605364	0.24655243932290152	
CDCA8	0.3842363055105644	0.4327461113532948	0.1830175831361407	
CDCP1	0.6776528679890383	0.014133724534799939	0.3082134074761616	
CDH1	0.45438614307633396	0.40610201719785816	0.13951183972580788	
CDH11	0.9725923681103331	0.013703815944833456	0.013703815944833456	
CDH13	0.980329465618572	0.009835267190713957	0.009835267190713957	
CDH18	0.8029543551142948	0.18894318676845806	0.00810245811724701	
CDH2	0.9773287811589275	0.011335609420536213	0.011335609420536213	
CDH20	0.9785630776298206	0.01071846118508968	0.01071846118508968	
CDH23	0.7200433641922666	0.2710398360490212	0.008916799758712173	
CDH24	0.11376751264690435	0.5488418208748758	0.33739066647821975	
CDH26	0.9706666734748903	0.01466666326255483	0.01466666326255483	
CDH3	0.6467954774277388	0.33486778592512223	0.018336736647138894	
CDH5	0.430776756023666	0.014220753946874831	0.5550024900294591	
CDH6	0.9765526247382652	0.011723687630867362	0.011723687630867362	
CDH8	0.6530897081175189	0.33984017993079535	0.007070111951685774	
CDHR1	0.168715223629448	0.010513365553841072	0.820771410816711	
CDHR3	0.980349250154844	0.009825374922578017	0.009825374922578017	
CDHR4	0.9410455082672087	0.029477245866395663	0.029477245866395663	
CDIP1	0.4660461506161231	0.022277713039849607	0.5116761363440273	
CDIPT	0.00945446960892366	0.20362065270549715	0.7869248776855793	
CDK1	0.3534676288757679	0.4107517488139167	0.23578062231031544	
CDK10	0.42772030800624145	0.0456609904640091	0.5266187015297495	
CDK11B	0.6039344339923185	0.23844295513626743	0.15762261087141405	
CDK12	0.6878899125483464	0.29601158291204727	0.016098504539606238	
CDK13	0.9630148375717319	0.01849258121413405	0.01849258121413405	
CDK14	0.9744979798747271	0.01275101006263647	0.01275101006263647	
CDK16	0.024984777665199305	0.18250769069205774	0.792507531642743	
CDK17	0.9530392474886024	0.023480376255698786	0.023480376255698786	
CDK18	0.6357889090821868	0.010490226796384127	0.3537208641214291	
CDK19	0.7562312093741783	0.23262982556624742	0.011138965059574263	
CDK2	0.010256124382297116	0.48449352769627685	0.5052503479214261	
CDK20	0.09848661242300741	0.017119249083092355	0.8843941384939001	
CDK2AP1	0.016136709172289987	0.016136709172289987	0.96772658165542	
CDK2AP2	0.009042198913180217	0.10959041394738304	0.8813673871394366	
CDK4	0.017948306503001672	0.017948306503001672	0.9641033869939967	
CDK5	0.012944144515739322	0.012944144515739322	0.9741117109685213	
CDK5R1	0.09942329746360196	0.011863897454565913	0.8887128050818321	
CDK5RAP1	0.5995038277283381	0.14928767991880046	0.25120849235286147	
CDK5RAP2	0.7101324629467873	0.27558061116132093	0.014286925891891674	
CDK5RAP3	0.00940452994440969	0.040737945670211696	0.9498575243853786	
CDK6	0.9714327815063794	0.014283609246810334	0.014283609246810334	
CDK7	0.3908551097666286	0.5143178495207976	0.09482704071257378	
CDK8	0.9766726926358086	0.011663653682095716	0.011663653682095716	
CDK9	0.018192612261131516	0.018192612261131516	0.9636147754777369	
CDKAL1	0.9738561489579763	0.01307192552101182	0.01307192552101182	
CDKL1	0.9736247110039018	0.013187644498049109	0.013187644498049109	
CDKL2	0.9629740259491966	0.018512987025401696	0.018512987025401696	
CDKL4	0.9660947761955225	0.01695261190223874	0.01695261190223874	
CDKL5	0.7398265230397079	0.25147361780406635	0.00869985915622582	
CDKN1A	0.009708737864077669	0.009708737864077669	0.9805825242718447	
CDKN1B	0.027758538652406246	0.027758538652406246	0.9444829226951874	
CDKN1C	0.18122948796295227	0.27493894339235286	0.543831568644695	
CDKN2A	0.9621617781592479	0.018919110920376066	0.018919110920376066	
CDKN2AIP	0.020015516664055398	0.020015516664055398	0.9599689666718891	
CDKN2AIPNL	0.01122745448223064	0.19202957858041075	0.7967429669373586	
CDKN2B	0.015698974923616927	0.015629308025177285	0.9686717170512058	
CDKN2B-AS1	0.9605030295287585	0.019748485235620776	0.019748485235620776	
CDKN2C	0.012674067542852654	0.012674067542852654	0.9746518649142947	
CDKN2D	0.0755517404210149	0.0099692868433889	0.9144789727355962	
CDKN3	0.3740862252434783	0.32574531393452244	0.3001684608219993	
CDNF	0.6089078625362659	0.3776549060905755	0.01343723137315854	
CDO1	0.1761549924858319	0.5603744275741039	0.2634705799400641	
CDON	0.977894394169938	0.011052802915030987	0.011052802915030987	
CDPF1	0.017178815288284	0.017178815288284	0.965642369423432	
CDR2	0.937779831094013	0.03111008445299349	0.03111008445299349	
CDR2L	0.27051220805497994	0.009408433255658754	0.7200793586893612	
CDS1	0.4244114881257524	0.4011535508198635	0.17443496105438408	
CDS2	0.9530388490336161	0.02348057548319192	0.02348057548319192	
CDT1	0.5159200468540461	0.20158154706284	0.28249840608311383	
CDV3	0.024489194429234692	0.024489194429234692	0.9510216111415306	
CDYL	0.47316900616773677	0.5181886630708789	0.008642330761384327	
CDYL2	0.6776689681320881	0.31296157683082393	0.009369455037087951	
CEACAM1	0.5557913583063799	0.014252257745396048	0.42995638394822394	
CEACAM19	0.6043112018777919	0.015994305116137912	0.3796944930060702	
CEACAM21	0.7163256332178557	0.01732991380983578	0.2663444529723086	
CEBPA	0.02673982506914016	0.40777495473337305	0.5654852201974868	
CEBPA-DT	0.06383829011248304	0.6475854639797043	0.2885762459078126	
CEBPB	0.009708737864077669	0.009708737864077669	0.9805825242718447	
CEBPB-AS1	0.5414583583537671	0.034050329648805604	0.42449131199742735	
CEBPD	0.009708737864077669	0.009708737864077669	0.9805825242718447	
CEBPG	0.01199119244608993	0.5157488279692081	0.472259979584702	
CEBPZ	0.8978491302183346	0.051075434890832674	0.051075434890832674	
CEBPZOS	0.06492040768826417	0.5173225416412379	0.4177570506704978	
CECR2	0.6385601665752576	0.3550189026135887	0.006420930811153622	
CELF1	0.9261729102660006	0.03691354486699966	0.03691354486699966	
CELF2	0.9629839820524801	0.018508008973759885	0.018508008973759885	
CELF4	0.9779297421825216	0.011035128908739176	0.011035128908739176	
CELSR1	0.9753183595473867	0.012340820226306684	0.012340820226306684	
CELSR2	0.2624248802394322	0.4347850969394352	0.3027900228211326	
CELSR3	0.8907794468914321	0.08604839525128215	0.023172157857285814	
CEMIP	0.9717154648377654	0.014142267581117286	0.014142267581117286	
CEMIP2	0.6825541591620532	0.30083106738227594	0.01661477345567095	
CENPA	0.6464765988510495	0.14610509712575917	0.20741830402319136	
CENPB	0.009708737864077669	0.009708737864077669	0.9805825242718447	
CENPC	0.9780202405316927	0.01098987973415364	0.01098987973415364	
CENPE	0.6240036952438304	0.3698180503478149	0.006178254408354756	
CENPF	0.6400578597689581	0.353604933698676	0.006337206532365922	
CENPH	0.38155100942262615	0.5080279888699698	0.11042100170740414	
CENPI	0.6493885030736626	0.34366995811880374	0.006941538807533751	
CENPJ	0.743420569147319	0.24452410430498353	0.012055326547697498	
CENPK	0.6394702012692846	0.3522525917327733	0.008277206997942155	
CENPL	0.5143977438430528	0.47679826115962637	0.008803994997320827	
CENPM	0.5200992201624793	0.27056558726149343	0.20933519257602712	
CENPN	0.36452717499697185	0.4541251014302155	0.18134772357281267	
CENPO	0.5954678570468243	0.38937366707099214	0.015158475882183664	
CENPP	0.9794474808642604	0.010276259567869794	0.010276259567869794	
CENPQ	0.5241285214675966	0.4622627039737823	0.0136087745586212	
CENPT	0.4625017145205679	0.20451232752660622	0.332985957952826	
CENPU	0.5397517393185032	0.45217807354403455	0.008070187137462225	
CENPV	0.027877073537711385	0.027877073537711385	0.9442458529245772	
CENPW	0.030325851734870825	0.04875690771487543	0.9209172405502538	
CENPX	0.00733304633171914	0.42894703910621673	0.5637199145620642	
CEP104	0.80276306676128	0.17985330873384178	0.017383624504878237	
CEP112	0.9785309285322517	0.010734535733874185	0.010734535733874185	
CEP120	0.9648309063042355	0.01758454684788224	0.01758454684788224	
CEP126	0.9695498938951372	0.01522505305243137	0.01522505305243137	
CEP128	0.7062379470172894	0.2857837429688645	0.007978310013846152	
CEP131	0.6898961874198244	0.01717061083071369	0.29293320174946197	
CEP135	0.9500637474609662	0.036349725199124765	0.013586527339908998	
CEP152	0.5490607673383217	0.44380756661022996	0.007131666051448384	
CEP162	0.9713721615306599	0.014313919234670043	0.014313919234670043	
CEP164	0.9582785569065733	0.020860721546713343	0.020860721546713343	
CEP170	0.9710337322075163	0.01448313389624182	0.01448313389624182	
CEP170B	0.2799089462256084	0.2868989192088511	0.4331921345655406	
CEP19	0.1715669043196587	0.02636746711230429	0.8020656285680371	
CEP192	0.9684530876715123	0.015773456164243856	0.015773456164243856	
CEP250	0.967712350883985	0.016143824558007464	0.016143824558007464	
CEP290	0.9737074959213889	0.01314625203930551	0.01314625203930551	
CEP295	0.9727483656541304	0.013625817172934802	0.013625817172934802	
CEP350	0.9691439983940231	0.015428000802988461	0.015428000802988461	
CEP41	0.9686214859731904	0.01568925701340478	0.01568925701340478	
CEP44	0.9573360718555978	0.021331964072201084	0.021331964072201084	
CEP55	0.326608235032505	0.4758208443705332	0.19757092059696174	
CEP57	0.7545383076838275	0.21799901127701504	0.02746268103915748	
CEP57L1	0.9521467295496233	0.030847015696351288	0.017006254754025327	
CEP68	0.9457881267320382	0.02710593663398089	0.02710593663398089	
CEP70	0.9654515169509443	0.01727424152452784	0.01727424152452784	
CEP72	0.5623688269918158	0.4286524514583042	0.008978721549879913	
CEP76	0.9650692577001004	0.01746537114994978	0.01746537114994978	
CEP78	0.725442693689247	0.2633257606887274	0.011231545622025597	
CEP83	0.9711520948411401	0.01442395257942993	0.01442395257942993	
CEP85	0.38560984706691126	0.6060991792220133	0.008290973711075485	
CEP85L	0.9769892220458539	0.011505388977073016	0.011505388977073016	
CEP89	0.9655537816696483	0.017223109165175814	0.017223109165175814	
CEP95	0.9426229564686429	0.02868852176567849	0.02868852176567849	
CEP97	0.9676723920597508	0.016163803970124627	0.016163803970124627	
CEPT1	0.9280948530265695	0.03595257348671521	0.03595257348671521	
CERCAM	0.5027792859980267	0.485194803079312	0.012025910922661205	
CERK	0.395515190653029	0.03696751376718271	0.5675172955797884	
CERNA1	0.9401940323613075	0.024442104704567674	0.03536386293412486	
CERS2	0.01962157736021537	0.01962157736021537	0.9607568452795692	
CERS4	0.9006811133908499	0.0233154636399555	0.07600342296919461	
CERS5	0.5625180631049655	0.4006098114194187	0.03687212547561576	
CERS6	0.9702835394219474	0.014858230289026237	0.014858230289026237	
CES1	0.009717570184037558	0.009717570184037558	0.9805648596319249	
CES2	0.013915943511858746	0.013915943511858746	0.9721681129762825	
CES4A	0.4073470095209512	0.01431669141832124	0.5783362990607276	
CETN2	0.01049163196187327	0.01049163196187327	0.9790167360762534	
CETN3	0.32862776328738746	0.22820664424882978	0.44316559246378273	
CETP	0.3872592532257695	0.013204389191928631	0.5995363575823018	
CFAP157	0.9618306856814764	0.01908465715926174	0.01908465715926174	
CFAP20	0.017453057298136586	0.32956734143099603	0.6529796012708674	
CFAP221	0.9713955195523012	0.014302240223849391	0.014302240223849391	
CFAP300	0.9641778795188246	0.017911060240587657	0.017911060240587657	
CFAP36	0.31550525811594266	0.024782691721803796	0.6597120501622534	
CFAP43	0.9744951720281012	0.01275241398594939	0.01275241398594939	
CFAP44	0.9731296276586733	0.01343518617066334	0.01343518617066334	
CFAP45	0.48886125693569393	0.5009972706374322	0.010141472426873884	
CFAP52	0.6240003100601428	0.36306776708043426	0.012931922859422856	
CFAP53	0.9578497615777474	0.0182283124669407	0.023921925955312034	
CFAP54	0.9778022788093824	0.011098860595308756	0.011098860595308756	
CFAP57	0.9046280818624655	0.07838786988573015	0.016984048251804353	
CFAP69	0.9626368337832029	0.01868158310839857	0.01868158310839857	
CFAP70	0.9717373640416657	0.014131317979167128	0.014131317979167128	
CFAP74	0.6847486554547437	0.3029538475129408	0.012297497032315571	
CFAP97	0.6195773751596833	0.023794437306083334	0.3566281875342335	
CFD	0.012463640635412334	0.012463640635412334	0.9750727187291753	
CFDP1	0.5323127847113568	0.4350480492376757	0.03263916605096745	
CFI	0.010522293940678861	0.010522293940678861	0.9789554121186422	
CFL1	0.015720987540498662	0.015720987540498662	0.9685580249190027	
CFL2	0.19651528097799173	0.013218749032810366	0.7902659699891978	
CFLAR	0.8562472855272752	0.07187635723636229	0.07187635723636229	
CFLAR-AS1	0.9322570461372506	0.03387147693137471	0.03387147693137471	
CFP	0.011473064419776812	0.011473064419776812	0.9770538711604464	
CGA	0.3996437971075083	0.5944703577660948	0.005885845126396979	CGA
CGAS	0.97024049821757	0.014879750891215009	0.014879750891215009	
CGGBP1	0.20211546407149558	0.39669989629980307	0.40118463962870143	
CGN	0.4331097854878583	0.008964133080821621	0.5579260814313202	
CGNL1	0.9750425817806783	0.012478709109660868	0.012478709109660868	
CGRRF1	0.7150482797974824	0.02696396915198832	0.2579877510505293	
CHAC2	0.24988761588477765	0.02302764538071614	0.7270847387345062	
CHADL	0.25613898230417725	0.19857561274534088	0.5452854049504818	
CHAF1A	0.4995682759851571	0.49202309052135734	0.008408633493485494	
CHAF1B	0.4589364929523567	0.5314029354471459	0.009660571600497388	
CHAMP1	0.23674421363786852	0.5743983745727868	0.1888574117893448	
CHCHD1	0.009436775840904361	0.21722964613375723	0.7733335780253385	
CHCHD10	0.009867100664401074	0.009867100664401074	0.9802657986711978	
CHCHD2	0.01356142008377756	0.0627761137106941	0.9236624662055283	
CHCHD3	0.9435307915121278	0.02823460424393608	0.02823460424393608	
CHCHD4	0.014038328740958322	0.11470916205071721	0.8712525092083244	
CHCHD5	0.016033461309555953	0.016033461309555953	0.9679330773808881	
CHCHD6	0.9668392020523207	0.016580398973839682	0.016580398973839682	
CHCHD7	0.017174147534129047	0.017174147534129047	0.9656517049317419	
CHD1	0.9654666581277876	0.017266670936106187	0.017266670936106187	
CHD2	0.6795190463817175	0.30218554103050566	0.018295412587776793	
CHD3	0.3223579905402981	0.037457176121141064	0.6401848333385607	
CHD4	0.015823345822703096	0.015823345822703096	0.9683533083545938	
CHD6	0.9648634974211728	0.017568251289413587	0.017568251289413587	
CHD7	0.9798917708907865	0.010054114554606725	0.010054114554606725	
CHD8	0.9548810270940448	0.02255948645297759	0.02255948645297759	
CHD9	0.9677592009898055	0.016120399505097232	0.016120399505097232	
CHDH	0.6308908522692549	0.016984920606922086	0.352124227123823	
CHEK1	0.6504208940758636	0.30131632250636026	0.04826278341777607	
CHEK2	0.9623642226144562	0.018817888692771883	0.018817888692771883	
CHFR	0.9618240736938684	0.01908796315306578	0.01908796315306578	
CHI3L1	0.015212026177871815	0.015212026177871815	0.9695759476442564	
CHI3L2	0.4431422048132121	0.016095116730069924	0.5407626784567181	
CHIC1	0.9737448861493988	0.013127556925300597	0.013127556925300597	
CHIC2	0.9562813646002437	0.021859317699878113	0.021859317699878113	
CHID1	0.11846390250344559	0.03192822039778789	0.8496078770987666	
CHIT1	0.9538926901936194	0.023053654903190255	0.023053654903190255	
CHKA	0.9665342971606935	0.016732851419653215	0.016732851419653215	
CHKB	0.010372644585356368	0.010372644585356368	0.9792547108292873	
CHKB-DT	0.7191878659207723	0.26759628947045355	0.0132158446087742	
CHM	0.9691879596391717	0.015406020180414128	0.015406020180414128	
CHMP1A	0.019456925048378752	0.295832026735517	0.6847110482161043	
CHMP2A	0.01141511869785149	0.14844130818088358	0.840143573121265	
CHMP2B	0.014653837071078257	0.6323679510091471	0.35297821191977474	
CHMP3	0.010251634656660248	0.010251634656660248	0.9794967306866795	
CHMP4B	0.0312948437893603	0.0312948437893603	0.9374103124212794	
CHMP4C	0.0847221119802453	0.40509992790777294	0.5101779601119819	
CHMP5	0.025574271008050115	0.13290670039474864	0.8415190285972012	
CHMP6	0.08513904542056489	0.18448636770459603	0.7303745868748391	
CHMP7	0.02710531924724235	0.02710531924724235	0.9457893615055153	
CHN1	0.973125916426639	0.01343704178668046	0.01343704178668046	
CHODL	0.9775701809955396	0.011214909502230202	0.011214909502230202	
CHORDC1	0.8255082232922815	0.15527935179938296	0.019212424908335465	
CHP1	0.17345170927682288	0.027015573108837728	0.7995327176143394	
CHPF	0.007163232544736075	0.31240513614564774	0.6804316313096161	
CHPF2	0.020481167616531296	0.020481167616531296	0.9590376647669374	
CHPT1	0.9120955509863933	0.029151871489613804	0.05875257752399295	
CHRAC1	0.016004551067870083	0.04292636992931234	0.9410690790028177	
CHRD	0.14578382997904232	0.010559254894212734	0.843656915126745	
CHRDL1	0.11515529795948844	0.016140675961219843	0.8687040260792918	
CHRM3	0.8386000491126759	0.15293187359533947	0.008468077291984547	
CHRM3-AS2	0.8979879877569817	0.021174100966630593	0.08083791127638766	
CHRM5	0.6083637150666896	0.3824722998293906	0.009163985103919817	
CHRNA10	0.22600689521197478	0.29431094146869613	0.479682163319329	
CHRNA5	0.3703083215804203	0.6178310058547782	0.011860672564801354	
CHRNB1	0.12804046976250488	0.2960356594393377	0.5759238707981575	
CHRNE	0.5747718739920853	0.41561340913802797	0.009614716869886727	
CHST1	0.3380075299124007	0.010125763147499621	0.6518667069400996	
CHST10	0.5667915884986394	0.02114928773211765	0.4120591237692429	
CHST11	0.9739778491550075	0.013011075422496242	0.013011075422496242	
CHST12	0.9729148289884113	0.013542585505794322	0.013542585505794322	
CHST15	0.7797725580246742	0.018840549052452717	0.20138689292287304	
CHST2	0.12792129909982922	0.01573056290642992	0.8563481379937409	
CHST3	0.657990328516707	0.013143681806773933	0.328865989676519	
CHST6	0.5489654329448197	0.17804630139364536	0.272988265661535	
CHST7	0.6430990676498585	0.014179667665847303	0.3427212646842942	
CHST9	0.978396059477551	0.010801970261224467	0.010801970261224467	
CHSY1	0.951923287828037	0.024038356085981444	0.024038356085981444	
CHSY3	0.9805748286386649	0.009712585680667558	0.009712585680667558	
CHTF18	0.44920972542030774	0.37192588587923664	0.17886438870045554	
CHTOP	0.02185542941609045	0.6457466078093735	0.33239796277453604	
CHUK	0.934251198908861	0.032874400545569456	0.032874400545569456	
CHURC1	0.012841435952649274	0.012841435952649274	0.9743171280947014	
CIAO1	0.028081713758042776	0.23703245492296274	0.7348858313189945	
CIAPIN1	0.020934673349791304	0.2376140501501534	0.7414512765000553	
CIB1	0.012506744595227765	0.012506744595227765	0.9749865108095445	
CIB2	0.19193111073726335	0.5055906302693217	0.3024782589934149	
CIB4	0.9567095107322079	0.02164524463389602	0.02164524463389602	
CIC	0.21570027462606392	0.031174760417216882	0.7531249649567192	
CIDEB	0.45217744253270364	0.009480944158590998	0.5383416133087053	
CIITA	0.5689914676002185	0.020115467147364115	0.4108930652524173	
CILP	0.18966204955252552	0.01562722155462265	0.7947107288928518	
CINP	0.13892172944823614	0.03991390786451293	0.821164362687251	
CIP2A	0.7330489953336949	0.25783366329757273	0.009117341368732369	
CIR1	0.5275422793125897	0.06649965773942397	0.4059580629479863	
CIRBP	0.039724365803170826	0.039724365803170826	0.9205512683936583	
CISD1	0.8250612099941119	0.027391292164649163	0.14754749784123886	
CISD2	0.9474854147283408	0.026257292635829557	0.026257292635829557	
CISD3	0.19670719712786933	0.009120019802375668	0.7941727830697549	
CISH	0.01047353341534148	0.01047353341534148	0.9790529331693171	
CIT	0.6652223809552112	0.32813170722803964	0.006645911816749198	
CITED2	0.017600545145158894	0.017600545145158894	0.9647989097096822	
CITED4	0.010432081693381034	0.010432081693381034	0.9791358366132379	
CIZ1	0.0444429553904473	0.0444429553904473	0.9111140892191054	
CKAP2	0.570850338292183	0.416857186845102	0.012292474862715006	
CKAP2L	0.5229123900268586	0.4706638499991962	0.006423759973945167	
CKAP4	0.18937779826634143	0.22644765448751203	0.5841745472461466	
CKAP5	0.8597609032596701	0.1107431900324415	0.029495906707888406	
CKB	0.014983823866666312	0.011719466088087667	0.9732967100452461	
CKM	0.5036877561706053	0.008151050657730054	0.4881611931716647	
CKMT1A	0.007138650708311233	0.5005672390541872	0.4922941102375016	
CKMT1B	0.00638319300133884	0.5217702834872479	0.4718465235114133	
CKMT2	0.621380460083196	0.01308880324428079	0.3655307366725231	
CKMT2-AS1	0.9768834683471708	0.011558265826414582	0.011558265826414582	
CKS1B	0.007196268825767857	0.3683155628643481	0.6244881683098842	
CKS2	0.010324472735983184	0.3168520744122865	0.6728234528517304	
CLASP1	0.9585773649491174	0.020711317525441295	0.020711317525441295	
CLASP2	0.9545195930289314	0.02274020348553425	0.02274020348553425	
CLASRP	0.6893699768132856	0.1838270891413906	0.1268029340453238	
CLBA1	0.5061314672905031	0.015778716507226384	0.47808981620227053	
CLCF1	0.13465357997856903	0.008819797743612589	0.8565266222778184	
CLCN2	0.9387668640298382	0.03061656798508086	0.03061656798508086	
CLCN3	0.710483127761986	0.2687502916232927	0.020766580614721343	
CLCN4	0.9681208837302826	0.015939558134858707	0.015939558134858707	
CLCN5	0.9791223345337469	0.01043883273312656	0.01043883273312656	
CLCN6	0.9611347697729026	0.019432615113548678	0.019432615113548678	
CLCN7	0.29258306061112527	0.022233300501232574	0.6851836388876421	
CLDN1	0.2775000946426225	0.18013763209932782	0.5423622732580496	
CLDN10	0.5980694111460974	0.009810091855420514	0.3921204969984821	
CLDN12	0.017549736981867684	0.017549736981867684	0.9649005260362646	
CLDN14	0.42364931183088633	0.569403626189777	0.006947061979336767	
CLDN15	0.0518033467629979	0.02689083033282999	0.9213058229041721	
CLDN16	0.4481743013203592	0.4352399168552015	0.11658578182443928	
CLDN19	0.11253719200746	0.8787621922279073	0.008700615764632746	
CLDN23	0.011899738906576826	0.42224029859165496	0.5658599625017682	
CLDN3	0.009744848126817734	0.009744848126817734	0.9805103037463645	
CLDN4	0.28344290954898577	0.3198185393666075	0.3967385510844068	
CLDN5	0.17260016371172504	0.009478098100403197	0.8179217381878718	
CLDN7	0.006329095929927049	0.354432215147441	0.6392386889226319	
CLDND1	0.018043476622199177	0.3172160627153181	0.6647404606624827	
CLDND2	0.08917201882757085	0.08917201882757085	0.8216559623448583	
CLEC11A	0.14098173749585355	0.010768594990467697	0.8482496675136787	
CLEC12A	0.44634795779421005	0.015527921394882726	0.5381241208109073	
CLEC14A	0.009817007787663277	0.009817007787663277	0.9803659844246735	
CLEC16A	0.9661302351081433	0.016934882445928317	0.016934882445928317	
CLEC1A	0.4232538009367074	0.019130823489376884	0.5576153755739157	
CLEC2B	0.013107462000038641	0.013107462000038641	0.9737850759999227	
CLEC2D	0.9730943347068697	0.013452832646565148	0.013452832646565148	
CLEC4M	0.3614343005805715	0.00927038099644127	0.6292953184229871	
CLEC5A	0.7228409801404786	0.015157934975893577	0.2620010848836278	
CLEC7A	0.013589091045320374	0.013589091045320374	0.9728218179093592	
CLEC9A	0.9170776955590327	0.041461152220483605	0.041461152220483605	
CLHC1	0.9707528113274557	0.014623594336272147	0.014623594336272147	
CLIC1	0.015192500876335892	0.015192500876335892	0.9696149982473282	
CLIC2	0.4219579899125986	0.013381983714892492	0.564660026372509	
CLIC3	0.0055296887171808334	0.4744704753479399	0.5199998359348792	
CLIC4	0.09255573960166348	0.6435433620124926	0.2639008983858438	
CLIC5	0.5239780614026708	0.46962402771993306	0.006397910877396175	
CLINT1	0.2694338915688121	0.6680948134312849	0.06247129499990315	
CLIP1	0.4300849177351797	0.5591682614538459	0.010746820810974285	
CLIP2	0.9709410438389923	0.014529478080503857	0.014529478080503857	
CLIP3	0.1672189739318152	0.016594450719855602	0.8161865753483292	
CLIP4	0.9606409775214396	0.01967951123928017	0.01967951123928017	
CLK1	0.5057792919312027	0.09554789534009955	0.39867281272869776	
CLK2	0.15121601874969554	0.3106696754344498	0.5381143058158546	
CLK3	0.5864946675657102	0.18999522016310127	0.22351011227118844	
CLK4	0.9405606873333144	0.029719656333342743	0.029719656333342743	
CLMN	0.9722269701460946	0.013886514926952687	0.013886514926952687	
CLMP	0.9767387591743326	0.011630620412833682	0.011630620412833682	
CLN3	0.008033798924520769	0.35724875295744	0.6347174481180392	
CLN5	0.008966714368242572	0.28092846581295117	0.7101048198188062	
CLN6	0.11807405455543031	0.019412056104084134	0.8625138893404856	
CLN8	0.16368553026167687	0.016582933933003398	0.8197315358053198	
CLNK	0.9223666735641958	0.06734011953993956	0.010293206895864722	
CLNS1A	0.08126990832994638	0.08126990832994638	0.8374601833401072	
CLOCK	0.9752597032311464	0.012370148384426786	0.012370148384426786	
CLP1	0.012640974899345642	0.2661492282094506	0.7212097968912038	
CLPB	0.7177975486375527	0.27054824233045155	0.011654209031995719	
CLPP	0.016923832168362636	0.016923832168362636	0.9661523356632747	
CLPTM1	0.05214748230873796	0.22604547973765995	0.721807037953602	
CLPTM1L	0.12523862262909954	0.15719089080760223	0.7175704865632982	
CLPX	0.6380431929743277	0.3446914848671166	0.01726532215855571	
CLSPN	0.6204009457980533	0.3728069194941271	0.006792134707819652	
CLSTN1	0.46019373321348844	0.04050936801430668	0.49929689877220496	
CLSTN2	0.9788468717795498	0.010576564110225124	0.010576564110225124	
CLSTN3	0.5301340818693819	0.018230749700050564	0.45163516843056756	
CLTA	0.02422579947281227	0.4815664700955304	0.4942077304316573	
CLTB	0.010019367562241116	0.4312887654328018	0.5586918670049571	
CLTC	0.6761172782036835	0.07942928125141059	0.24445344054490598	
CLTCL1	0.9746829862879522	0.01265850685602385	0.01265850685602385	
CLU	0.011333828776375272	0.011333828776375272	0.9773323424472494	
CLUAP1	0.7328136093653032	0.024260330579229748	0.24292606005546716	
CLUH	0.35735007335394986	0.013830924042550895	0.6288190026034993	
CLYBL	0.9676716231155904	0.016164188442204776	0.016164188442204776	
CMAS	0.017219120149619783	0.5226038158529327	0.4601770639974475	
CMBL	0.5243474321007315	0.011923383626083762	0.46372918427318477	
CMC1	0.9717195880401868	0.014140205979906607	0.014140205979906607	
CMC2	0.010766066977995996	0.10867944530876007	0.880554487713244	
CMIP	0.5775666459869393	0.4110346677737293	0.011398686239331365	
CMKLR1	0.640171104902297	0.016887105089524023	0.34294179000817904	
CMPK1	0.03028225942198268	0.41790818561901555	0.5518095549590017	
CMPK2	0.6405726625128599	0.014052842511362079	0.34537449497577793	
CMSS1	0.9595753668054007	0.020212316597299638	0.020212316597299638	
CMTM2	0.23029589986738871	0.011351839132851895	0.7583522609997594	
CMTM3	0.016721951929408865	0.016721951929408865	0.9665560961411822	
CMTM4	0.5235460931890192	0.42884792712463704	0.047605979686343586	
CMTM6	0.018216487319285476	0.018216487319285476	0.963567025361429	
CMTM7	0.7895061589497357	0.021789775946548295	0.18870406510371587	
CMTM8	0.8192489506153092	0.16775134065211328	0.012999708732577489	
CMTR1	0.24809687792421067	0.46389162690231783	0.2880114951734716	
CMTR2	0.37095589472969615	0.41450007047779536	0.21454403479250841	
CMYA5	0.566819508906959	0.4274036318666811	0.0057768592263598316	
CNBD2	0.9476267860698897	0.026186606965055124	0.026186606965055124	
CNBP	0.032041613485317734	0.032041613485317734	0.9359167730293645	
CNDP2	0.02784383410276774	0.02784383410276774	0.9443123317944645	
CNEP1R1	0.350732525249791	0.0512901037170267	0.5979773710331824	
CNGA1	0.9618788762910608	0.019060561854469582	0.019060561854469582	
CNGB1	0.44201974724591564	0.5504746991231572	0.0075055536309271914	
CNIH1	0.02136155419668094	0.02136155419668094	0.9572768916066381	
CNIH2	0.22985914602520938	0.5078007770735083	0.26234007690128225	
CNIH3	0.9782434117406539	0.010878294129673024	0.010878294129673024	
CNIH4	0.48177556172862035	0.18299170266111486	0.33523273561026473	
CNKSR1	0.12614055735812107	0.5564666135985123	0.3173928290433664	
CNKSR2	0.9780925679838651	0.010953716008067405	0.010953716008067405	
CNKSR3	0.05441109333578697	0.02280303934923834	0.9227858673149747	
CNN1	0.20239938716493033	0.009543706586846815	0.7880569062482228	
CNN2	0.014670471053144247	0.014670471053144247	0.9706590578937114	
CNN3	0.041016766881122275	0.041016766881122275	0.9179664662377555	
CNNM2	0.7101558359680455	0.2815627832374656	0.008281380794488747	
CNNM3	0.25597401956555565	0.029409185177551048	0.7146167952568933	
CNNM4	0.7140765415884935	0.27346119176920636	0.012462266642300164	
CNOT1	0.5761853783681317	0.3990669953646822	0.02474762626718608	
CNOT10	0.7786669485289526	0.20132436889961133	0.020008682571436093	
CNOT11	0.018076423019855868	0.4372297362708844	0.5446938407092597	
CNOT2	0.9150512362306829	0.042474381884658546	0.042474381884658546	
CNOT3	0.18725598124378656	0.47715976886888395	0.33558424988732943	
CNOT4	0.9652977421328979	0.01735112893355106	0.01735112893355106	
CNOT6	0.5612124178331274	0.42623695351611796	0.012550628650754767	
CNOT6L	0.961287810089678	0.01935609495516106	0.01935609495516106	
CNOT7	0.019497289618004357	0.4860502696631276	0.494452440718868	
CNOT8	0.042893843558966714	0.042893843558966714	0.9142123128820666	
CNOT9	0.5465881641017017	0.40205895283941057	0.05135288305888757	
CNP	0.01740458399693843	0.01740458399693843	0.9651908320061231	
CNPPD1	0.011699694232509548	0.011699694232509548	0.9766006115349809	
CNPY3	0.014661963712734236	0.014661963712734236	0.9706760725745315	
CNPY4	0.023453276512145363	0.023453276512145363	0.9530934469757092	
CNR1	0.3412164320629744	0.016128266091198672	0.6426553018458269	
CNR2	0.9719821244969907	0.014008937751504642	0.014008937751504642	
CNRIP1	0.5986813628221126	0.01554744104857029	0.38577119612931704	
CNST	0.9509593822640388	0.024520308867980605	0.024520308867980605	
CNTD1	0.41982011259002555	0.026283851565836038	0.5538960358441385	
CNTFR	0.4267828160136721	0.012561611813030405	0.5606555721732975	
CNTLN	0.9788768746829538	0.010561562658523082	0.010561562658523082	
CNTN1	0.9783054771518891	0.010847261424055428	0.010847261424055428	
CNTN2	0.949203527259572	0.025398236370213968	0.025398236370213968	
CNTN4	0.9805825242718447	0.009708737864077669	0.009708737864077669	
CNTN5	0.9805825242718447	0.009708737864077669	0.009708737864077669	
CNTN6	0.9772817169284038	0.011359141535798062	0.011359141535798062	
CNTNAP1	0.6788363195236206	0.014126239740496187	0.3070374407358832	
CNTNAP2	0.9805825242718447	0.009708737864077669	0.009708737864077669	
CNTNAP3	0.5488072994766737	0.4446017046532679	0.006590995870058341	
CNTNAP3B	0.9778136221146697	0.011093188942665129	0.011093188942665129	
CNTRL	0.9701259011065858	0.014937049446707101	0.014937049446707101	
CNTROB	0.25801240604206443	0.04174715459128038	0.7002404393666551	
COA1	0.9653888237337049	0.017305588133147518	0.017305588133147518	
COA3	0.009387688296067122	0.07396285321175866	0.9166494584921742	
COA4	0.013922325545980978	0.21683227108754094	0.7692454033664781	
COA5	0.020985669108392266	0.020985669108392266	0.9580286617832154	
COA6	0.018800714003619254	0.10205600033620621	0.8791432856601745	
COA7	0.3601748265140265	0.1659730149052274	0.4738521585807461	
COASY	0.00832859882778491	0.4675035479150195	0.5241678532571955	
COBL	0.6435605356652156	0.3488933443549758	0.0075461199798085975	
COBLL1	0.4051857998396495	0.5882708155624109	0.006543384597939697	
COCH	0.9515367865620199	0.024231606718990058	0.024231606718990058	
COG1	0.020574341381420242	0.42825925760516	0.5511664010134198	
COG2	0.9342776420258853	0.03286117898705732	0.03286117898705732	
COG3	0.46813428312173117	0.5187230251254339	0.013142691752834914	
COG4	0.46319277153876054	0.38304223509061025	0.1537649933706293	
COG5	0.9716752921509751	0.014162353924512422	0.014162353924512422	
COG6	0.5924188602023722	0.39533103318667945	0.012250106610948304	
COG7	0.9540656871751817	0.02296715641240914	0.02296715641240914	
COG8	0.022032862287937383	0.022032862287937383	0.9559342754241252	
COIL	0.15458948742358328	0.5947424240992067	0.25066808847721006	
COL11A1	0.9798434167989861	0.010078291600506916	0.010078291600506916	
COL12A1	0.9159584432678153	0.013337169910335844	0.07070438682184875	
COL14A1	0.969928745848972	0.015035627075513976	0.015035627075513976	
COL15A1	0.7024623860077925	0.011414400356415787	0.2861232136357917	
COL16A1	0.5443313756829636	0.011393247104220154	0.4442753772128162	
COL17A1	0.2661215133399273	0.49485484542436553	0.23902364123570724	
COL18A1	0.6711470597728323	0.015127688434264323	0.31372525179290345	
COL1A1	0.4272077365935231	0.011708143546879171	0.5610841198595976	
COL1A2	0.2708274865233659	0.014871820519244527	0.7143006929573895	
COL21A1	0.7296334192848544	0.262598016839278	0.007768563875867677	
COL23A1	0.9805825242718447	0.009708737864077669	0.009708737864077669	
COL24A1	0.9805825242718447	0.009708737864077669	0.009708737864077669	
COL26A1	0.9758047817332409	0.012097609133379506	0.012097609133379506	
COL27A1	0.6956844791164254	0.29285143582779327	0.011464085055781318	
COL28A1	0.6240084793475313	0.3672653337571125	0.008726186895356206	
COL3A1	0.2598368776204354	0.01737473272632893	0.7227883896532357	
COL4A1	0.7196054449772599	0.01492017656973429	0.26547437845300587	
COL4A2	0.8047636269498881	0.013210106110829714	0.18202626693928217	
COL4A3	0.7730056781933649	0.01185767053153644	0.2151366512750988	
COL4A4	0.8285850089166595	0.013138904927486601	0.1582760861558539	
COL4A5	0.9764465754736283	0.011776712263185793	0.011776712263185793	
COL4A6	0.9727529040946375	0.013623547952681232	0.013623547952681232	
COL5A1	0.8803159119893694	0.009781538473517976	0.10990254953711266	
COL5A2	0.9723546444197579	0.013822677790120993	0.013822677790120993	
COL5A3	0.5711306084547499	0.01334514780010575	0.41552424374514435	
COL6A1	0.12801358603282834	0.01731695876683536	0.8546694552003363	
COL6A2	0.030230749042825446	0.016441575335001277	0.9533276756221732	
COL6A3	0.37979079892909856	0.016844544079232523	0.603364656991669	
COL6A6	0.9805825242718447	0.009708737864077669	0.009708737864077669	
COL7A1	0.7376640027042634	0.013624859585813517	0.24871113770992315	
COL8A1	0.9697377608993338	0.015131119550333073	0.015131119550333073	
COL8A2	0.10797179705609229	0.012493569521577244	0.8795346334223305	
COL9A2	0.4945184789484273	0.014942199437322076	0.49053932161425057	
COL9A3	0.47204660222947364	0.2303432934487517	0.2976101043217747	
COLCA1	0.5163167066438155	0.018528268491361844	0.4651550248648226	
COLEC10	0.6250494046662423	0.012789247484179363	0.36216134784957843	
COLEC11	0.3607441714223455	0.010935496093666633	0.6283203324839879	
COLEC12	0.9790254280087645	0.010487285995617735	0.010487285995617735	
COLGALT1	0.5008822524318696	0.01487726611760759	0.4842404814505228	
COLGALT2	0.9754840614881763	0.012257969255911817	0.012257969255911817	
COLQ	0.9735541054837634	0.013222947258118284	0.013222947258118284	
COMMD1	0.5407158016688216	0.42954761353599785	0.029736584795180463	
COMMD10	0.8931483532147255	0.08895948193851483	0.017892164846759734	
COMMD2	0.33615236984895364	0.025082361300978954	0.6387652688500675	
COMMD4	0.01646310204194362	0.01646310204194362	0.9670737959161128	
COMMD5	0.01710927653317904	0.01710927653317904	0.9657814469336419	
COMMD6	0.01777762872907981	0.01777762872907981	0.9644447425418403	
COMMD8	0.012980472417275131	0.23988290126844738	0.7471366263142775	
COMMD9	0.018522258165907753	0.018522258165907753	0.9629554836681845	
COMP	0.11215319008326342	0.011210749417835189	0.8766360604989014	
COMT	0.3335319476754369	0.08840860291197744	0.5780594494125857	
COMTD1	0.11003940499463655	0.40715936498731403	0.4828012300180494	
COP1	0.9548593572803364	0.022570321359831787	0.022570321359831787	
COPA	0.48763590838218274	0.3970820302135423	0.11528206140427494	
COPB1	0.038992497724108656	0.5206758248426568	0.44033167743323465	
COPB2	0.08264772178665869	0.5099563484120456	0.40739592980129574	
COPE	0.012884875983390743	0.15069588902072334	0.836419234995886	
COPG1	0.01980942193104355	0.43686407703615054	0.5433265010328059	
COPG2	0.7773934734658373	0.2016212537550402	0.020985272779122516	
COPRS	0.011740726550795316	0.011740726550795316	0.9765185468984093	
COPS2	0.056658701910081086	0.056658701910081086	0.8866825961798379	
COPS3	0.1953013164732262	0.3848161450854528	0.41988253844132095	
COPS4	0.202722805567608	0.359022790095757	0.4382544043366351	
COPS5	0.016925469829523063	0.31658934981215164	0.6664851803583253	
COPS6	0.021048874617995986	0.021048874617995986	0.957902250764008	
COPS7A	0.02069852493584333	0.02069852493584333	0.9586029501283133	
COPS7B	0.07340217939075501	0.3696013862255174	0.5569964343837276	
COPS8	0.024537677792908268	0.024537677792908268	0.9509246444141835	
COPS9	0.009708737864077669	0.009708737864077669	0.9805825242718447	
COPZ1	0.011825289517897518	0.18893965151458522	0.7992350589675172	
COPZ2	0.1487632067305547	0.009762465426257937	0.8414743278431874	
COQ10A	0.01388997298756274	0.01388997298756274	0.9722200540248745	
COQ10B	0.020024326914370824	0.31524685305321876	0.6647288200324104	
COQ2	0.7361731188269856	0.02516770704598242	0.238659174127032	
COQ3	0.12373004418004287	0.021996315097533303	0.854273640722424	
COQ4	0.04184111684754129	0.04184111684754129	0.9163177663049175	
COQ5	0.05641840079437953	0.43050064578757935	0.5130809534180412	
COQ6	0.3212679742237844	0.1327978550556616	0.545934170720554	
COQ7	0.4787117432855636	0.03622749509688606	0.48506076161755035	
COQ8B	0.939401093703413	0.03029945314829347	0.03029945314829347	
COQ9	0.015995308411613948	0.3593163343178196	0.6246883572705664	
CORIN	0.9672451105504605	0.01637744472476976	0.01637744472476976	
CORO1A	0.01048893299084038	0.01048893299084038	0.9790221340183192	
CORO1B	0.011040815333490673	0.20609065485132386	0.7828685298151854	
CORO1C	0.7028095463625987	0.053664377918101684	0.24352607571929952	
CORO2A	0.78604824070034	0.017916341879180023	0.19603541742048006	
CORO2B	0.9741812469946914	0.012909376502654274	0.012909376502654274	
CORO6	0.17682883822759238	0.48848763459774586	0.33468352717466177	
CORO7	0.010611115821610183	0.010611115821610183	0.9787777683567797	
COTL1	0.013765223491530976	0.5277009198380416	0.4585338566704274	
COX10	0.868418529190442	0.11761698248974481	0.01396448831981306	
COX11	0.7938065963702504	0.01835893488445852	0.187834468745291	
COX17	0.015825136902982092	0.1251160744579978	0.8590587886390201	
COX18	0.9314484503725421	0.01637308986113191	0.05217845976632608	
COX19	0.8091694072795852	0.17699768308626715	0.013832909634147579	
COX20	0.023775627944574596	0.426550780331522	0.5496735917239034	
COX4I1	0.014770358124765114	0.029538905822902098	0.9556907360523328	
COX4I2	0.2655208686511242	0.010133238015794951	0.7243458933330807	
COX5A	0.012129970116557556	0.3465995775887591	0.6412704522946835	
COX5B	0.011472611112694328	0.07409250272934302	0.9144348861579626	
COX6A1	0.007679267154544722	0.2167147502364384	0.7756059826090169	
COX6B1	0.013371634891591867	0.013371634891591867	0.9732567302168162	
COX6C	0.026204388776597667	0.026204388776597667	0.9475912224468046	
COX7A1	0.009708737864077669	0.009708737864077669	0.9805825242718447	
COX7A2	0.01534161593662868	0.05861939671034496	0.9260389873530263	
COX7A2L	0.029102083508308316	0.1288311945015903	0.8420667219901014	
COX7B	0.01813457847223037	0.01813457847223037	0.9637308430555392	
COX7C	0.013638522171670898	0.013638522171670898	0.9727229556566582	
CP	0.5121782913454437	0.011919073690447118	0.4759026349641092	
CPA4	0.4942568763421729	0.010828080462165034	0.494915043195662	
CPA5	0.6655809223814514	0.3201103174828874	0.014308760135661304	
CPAMD8	0.7189019044365729	0.18403121563691063	0.0970668799265166	
CPB1	0.3790762695775367	0.008699503757759946	0.6122242266647033	
CPB2-AS1	0.971005757586004	0.014497121206997964	0.014497121206997964	
CPD	0.6586330563497836	0.017309463307955526	0.3240574803422609	
CPE	0.250499345730996	0.01792875976028354	0.7315718945087204	
CPEB1	0.9553182171544456	0.02234089142277714	0.02234089142277714	
CPEB2	0.8549262507083352	0.01563750438553505	0.12943624490612982	
CPEB3	0.9789397960961754	0.01053010195191228	0.01053010195191228	
CPEB4	0.9575270650739501	0.02123646746302494	0.02123646746302494	
CPED1	0.97576223663844	0.012118881680780007	0.012118881680780007	
CPLANE1	0.9739306562300309	0.013034671884984493	0.013034671884984493	
CPLANE2	0.019057951793701976	0.019057951793701976	0.961884096412596	
CPLX1	0.5260200306438145	0.01197364720028367	0.4620063221559018	
CPM	0.4575430107027833	0.41078379398251824	0.13167319531469834	
CPNE1	0.01845811662511379	0.3637261142247871	0.6178157691500991	
CPNE2	0.6304834270026293	0.02451771407256014	0.34499885892481064	
CPNE3	0.037293249602989076	0.22827513524054752	0.7344316151564635	
CPNE5	0.970431667845582	0.014784166077208965	0.014784166077208965	
CPNE7	0.6544338553230239	0.014224718245218598	0.33134142643175746	
CPNE8	0.9717917742091245	0.014104112895437698	0.014104112895437698	
CPNE9	0.9543455996594487	0.022827200170275674	0.022827200170275674	
CPOX	0.174195523051004	0.4401496961136924	0.3856547808353036	
CPPED1	0.4878638893793752	0.49967932256724273	0.012456788053382002	
CPQ	0.964435258291968	0.017782370854015992	0.017782370854015992	
CPS1	0.8808404855588572	0.10336617269532405	0.01579334174581876	
CPSF1	0.3241994339057793	0.018976064937681558	0.656824501156539	
CPSF2	0.7024593313928763	0.27224752694317167	0.025293141663952013	
CPSF3	0.402163658370022	0.31097743251408033	0.2868589091158976	
CPSF4	0.015286239334276086	0.5006596301400614	0.4840541305256624	
CPSF6	0.9162487921727807	0.041875603913609644	0.041875603913609644	
CPSF7	0.06500174822993303	0.06500174822993303	0.869996503540134	
CPT1A	0.6857932018420343	0.027555023297676024	0.2866517748602898	
CPT1C	0.7325000624189852	0.018542674154671243	0.24895726342634358	
CPT2	0.011982270972308947	0.442614952354953	0.5454027766727381	
CPTP	0.008830445958928793	0.23935325475880323	0.751816299282268	
CPVL	0.07595359113133038	0.02932854385993867	0.894717865008731	
CPXM1	0.7905646496118021	0.014178475299630018	0.19525687508856793	
CPXM2	0.35569304428402554	0.42422741945104464	0.22007953626492985	
CR1	0.969001506320076	0.015499246839962018	0.015499246839962018	
CR1L	0.9805825242718447	0.009708737864077669	0.009708737864077669	
CRABP2	0.009976765673312992	0.33707566181155285	0.6529475725151342	
CRACR2A	0.9734046275483732	0.013297686225813413	0.013297686225813413	
CRACR2B	0.20964123557734754	0.009575302704184186	0.7807834617184684	
CRADD	0.968929065175518	0.015535467412240957	0.015535467412240957	
CRAMP1	0.27365475847655857	0.2247828659643757	0.5015623755590658	
CRAT	0.18459371331874638	0.3823644667913735	0.4330418198898803	
CRB2	0.960709122297823	0.01964543885108846	0.01964543885108846	
CRB3	0.007758941132806224	0.3821853485554138	0.6100557103117799	
CRBN	0.9115363869089412	0.044231806545529356	0.044231806545529356	
CRCP	0.018225493928633464	0.018225493928633464	0.963549012142733	
CREB1	0.9578904526058516	0.0210547736970742	0.0210547736970742	
CREB3	0.010782561745737874	0.2602243085572332	0.7289931296970289	
CREB3L1	0.8009087155004324	0.011971750650621386	0.1871195338489462	
CREB3L2	0.43122903904992027	0.559222871751638	0.0095480891984418	
CREB3L4	0.015335745605061998	0.4038387803953558	0.5808254739995823	
CREB5	0.8632641823438418	0.12767252211367114	0.009063295542486987	
CREBBP	0.9487810527195367	0.02560947364023164	0.02560947364023164	
CREBL2	0.04714211493281823	0.04714211493281823	0.9057157701343636	
CREBRF	0.949002868581176	0.025498565709411974	0.025498565709411974	
CREBZF	0.5968386777719016	0.023958441258966987	0.37920288096913135	
CREG1	0.015687680338853597	0.015687680338853597	0.9686246393222928	
CRELD2	0.01639312741185617	0.01639312741185617	0.9672137451762877	
CREM	0.9234611488950075	0.018786301112105445	0.05775254999288707	
CRH	0.012064492952218465	0.9759257403662435	0.012009766681538045	
CRHBP	0.39573599172214413	0.012757515118274717	0.5915064931595811	
CRIM1	0.590913513598357	0.3953555233951201	0.013730963006522974	
CRIP1	0.009763855413547703	0.009763855413547703	0.9804722891729046	
CRIP2	0.01136688215599026	0.01136688215599026	0.9772662356880195	
CRIPT	0.7869207490677869	0.2007609489638832	0.012318301968329923	
CRISPLD1	0.6384873971218695	0.35274785340857256	0.008764749469557964	
CRISPLD2	0.1981215486622445	0.014562411880797004	0.7873160394569585	
CRK	0.47852784761200046	0.3285741366962765	0.192898015691723	
CRKL	0.03375071646375956	0.6715246562930451	0.2947246272431953	
CRLF1	0.42510565465724215	0.0089798682127185	0.5659144771300393	
CRLF3	0.7700676837261122	0.2145219892939576	0.01541032697993008	
CRLS1	0.008660973256424157	0.11726366324389391	0.874075363499682	
CRMP1	0.9669414941285872	0.016529252935706406	0.016529252935706406	
CRNDE	0.6270016434877506	0.3619952631966165	0.011003093315632909	
CRNKL1	0.8198075491907115	0.06116476372431422	0.11902768708497408	
CROCC	0.9719224374803337	0.014038781259833155	0.014038781259833155	
CROT	0.4581809422197406	0.3848500257499269	0.15696903203033252	
CRTAM	0.5920180360722632	0.03020735271302657	0.3777746112147101	
CRTAP	0.015803919484531876	0.015803919484531876	0.9683921610309362	
CRTC1	0.9733133512376746	0.013343324381162697	0.013343324381162697	
CRTC2	0.01633842047865073	0.01633842047865073	0.9673231590426985	
CRTC3	0.6859233575107339	0.2954462447228776	0.018630397766388557	
CRTC3-AS1	0.770990788095931	0.21894338427189572	0.010065827632173247	
CRX	0.8704129230948303	0.06479353845258477	0.06479353845258477	
CRY1	0.4597662064751787	0.5240389263901919	0.016194867134629386	
CRY2	0.4581916016173897	0.025394204726990912	0.5164141936556195	
CRYAB	0.009708737864077669	0.009708737864077669	0.9805825242718447	
CRYBA1	0.10518711239470652	0.8819413037437667	0.012871583861526719	
CRYBB1	0.9272348204686894	0.03638258976565527	0.03638258976565527	
CRYBB2	0.7263316415633375	0.02927143892580133	0.24439691951086115	
CRYBG1	0.44109638120724776	0.5232409248213765	0.03566269397137573	
CRYBG2	0.2904564859081232	0.5289094814652349	0.18063403262664193	
CRYBG3	0.9756110971485595	0.012194451425720227	0.012194451425720227	
CRYGN	0.3814797407182648	0.016501034768783396	0.6020192245129518	
CRYGS	0.2995515839220009	0.021313440266622092	0.6791349758113769	
CRYL1	0.6257933110775328	0.019443468027908195	0.35476322089455914	
CRYM	0.9689142547098532	0.015542872645073402	0.015542872645073402	
CRYZ	0.021840971999209646	0.021840971999209646	0.9563180560015807	
CS	0.022314077758647837	0.022314077758647837	0.9553718444827043	
CSAD	0.7926446926414056	0.023769330543589883	0.18358597681500444	
CSDC2	0.36856611648675863	0.011439380632369385	0.619994502880872	
CSDE1	0.036458484792891085	0.5838603571151828	0.37968115809192604	
CSE1L	0.251447621489152	0.7190461656448849	0.029506212865963114	
CSF1	0.010923379865960267	0.010923379865960267	0.9781532402680795	
CSF1R	0.1303441852573894	0.029132151176246807	0.8405236635663638	
CSF2RB	0.006728584369113852	0.6462541924048493	0.3470172232260369	
CSF3R	0.23639958461371482	0.4688474118501452	0.29475300353613987	
CSGALNACT1	0.9179208185149466	0.0676198088399677	0.01445937264508572	
CSGALNACT2	0.6526374661312131	0.021568248231802124	0.32579428563698465	
CSH1	0.39454659417870924	0.5995175881171605	0.005935817704130301	CSH1
CSH2	0.32581666146744065	0.6672832682702217	0.006900070262337779	CSH2
CSHL1	0.31650525548166913	0.6767938156505042	0.006700928867826774	
CSK	0.022363527495067988	0.022363527495067988	0.955272945009864	
CSKMT	0.5526156209587406	0.02328887863088606	0.4240955004103734	
CSMD1	0.9805825242718447	0.009708737864077669	0.009708737864077669	
CSNK1A1	0.17646158192807773	0.7272918173261618	0.09624660074576052	
CSNK1D	0.39122639986658514	0.16775196052562963	0.4410216396077853	
CSNK1E	0.010798117574326164	0.12421671829043548	0.8649851641352384	
CSNK1G1	0.9387689705424153	0.03061551472879233	0.03061551472879233	
CSNK1G2	0.2977235416429199	0.1656503979785662	0.5366260603785139	
CSNK1G3	0.9555326384520173	0.02223368077399133	0.02223368077399133	
CSNK2A1	0.6626057241739616	0.30494586500032417	0.032448410825714306	
CSNK2A2	0.17928715122584477	0.537977739126096	0.28273510964805915	
CSNK2B	0.008321857751804267	0.1511705093159648	0.840507632932231	
CSPG4	0.5803115525494725	0.010080185703559598	0.4096082617469678	
CSPP1	0.773958734455671	0.21625119722442204	0.009790068319906963	
CSRNP1	0.01387660867781822	0.01387660867781822	0.9722467826443635	
CSRNP2	0.40156460557367785	0.11050906239428755	0.48792633203203456	
CSRNP3	0.9805825242718447	0.009708737864077669	0.009708737864077669	
CSRP1	0.008465675317207511	0.2650155607191875	0.7265187639636048	
CSRP2	0.009196028647770431	0.36372968144250084	0.6270742899097287	
CST3	0.009708737864077669	0.009708737864077669	0.9805825242718447	
CST6	0.005750622857909325	0.41343646849324883	0.5808129086488417	
CST7	0.030116791043132876	0.009699212855571475	0.9601839961012957	
CSTA	0.011606093195262693	0.05697308811457322	0.931420818690164	
CSTB	0.010347069528723437	0.010347069528723437	0.9793058609425531	
CSTF1	0.21035048709375342	0.5071158560156311	0.2825336568906155	
CSTF2	0.26975706156978624	0.04531368345097495	0.6849292549792388	
CSTF2T	0.01439418006054408	0.01439418006054408	0.9712116398789118	
CSTF3	0.6438404325476559	0.3264559622241634	0.029703605228180708	
CTBP1	0.3334731564602752	0.048942431508830604	0.6175844120308942	
CTBP1-AS	0.15892374593681072	0.033770123383090545	0.8073061306800986	
CTBP1-DT	0.9432187837585034	0.02839060812074827	0.02839060812074827	
CTBP2	0.8981920453479211	0.08422203233613408	0.01758592231594485	
CTBS	0.9416444192032564	0.015043906378638361	0.04331167441810536	
CTC1	0.49163638745590427	0.31207894603814873	0.19628466650594698	
CTCF	0.5653068661085299	0.4151704411507221	0.019522692740748075	
CTDNEP1	0.008751369401214596	0.10736032107611107	0.8838883095226743	
CTDP1	0.7722766620030331	0.015703755883028237	0.21201958211393868	
CTDSP1	0.013417291322605917	0.42819497838152315	0.558387730295871	
CTDSP2	0.03973889972226228	0.03973889972226228	0.9205222005554754	
CTDSPL	0.9500918081054245	0.03191629400232475	0.01799189789225076	
CTDSPL2	0.7684873893280997	0.2173041062353448	0.01420850443655545	
CTF1	0.25506710112485953	0.01378807859819941	0.731144820276941	
CTH	0.7890644262089073	0.020314013673756792	0.19062156011733603	
CTHRC1	0.21300467550236213	0.01882829930478543	0.7681670251928524	
CTIF	0.9794982947038946	0.010250852648052701	0.010250852648052701	
CTLA4	0.9750177925020005	0.012491103748999718	0.012491103748999718	
CTNNA1	0.4133565320221469	0.5624466490978004	0.024196818880052692	
CTNNA3	0.9805825242718447	0.009708737864077669	0.009708737864077669	
CTNNAL1	0.4595516214623215	0.23743727072386062	0.30301110781381796	
CTNNB1	0.6140303780580972	0.12413614554403857	0.2618334763978642	
CTNNBIP1	0.5602668239890721	0.01852542384160268	0.4212077521693252	
CTNNBL1	0.45403442467788524	0.5245144487975235	0.02145112652459133	
CTNND1	0.009284784858570504	0.07368627809002737	0.9170289370514021	
CTNND2	0.6038234681712809	0.38984168876315756	0.006334843065561498	
CTNS	0.3915758052673514	0.020455711449158205	0.5879684832834903	
CTPS1	0.5635332786740825	0.2814439598666236	0.15502276145929372	
CTPS2	0.9656921214777499	0.01715393926112506	0.01715393926112506	
CTR9	0.3971798779131789	0.5282639332410599	0.07455618884576108	
CTSA	0.021446728446085236	0.021446728446085236	0.9571065431078295	
CTSB	0.028064018164944176	0.028064018164944176	0.9438719636701116	
CTSC	0.03192913276551145	0.03192913276551145	0.9361417344689771	
CTSF	0.011949081790167482	0.011949081790167482	0.976101836419665	
CTSH	0.019678698385903692	0.019678698385903692	0.9606426032281927	
CTSK	0.02316253220903452	0.02316253220903452	0.953674935581931	
CTSL	0.010689029553918906	0.2053084261251193	0.7840025443209618	
CTSO	0.15633090908162414	0.017165906651004263	0.8265031842673717	
CTSS	0.09537589334320037	0.018319309411613836	0.8863047972451857	
CTSV	0.4472564343670076	0.36081663424711047	0.1919269313858819	
CTSW	0.010434309292991705	0.010434309292991705	0.9791313814140166	
CTSZ	0.023165308250265634	0.023165308250265634	0.9536693834994687	
CTTN	0.6866006116158802	0.1415602367839815	0.1718391516001384	
CTTNBP2	0.9765124936915232	0.011743753154238397	0.011743753154238397	
CTTNBP2NL	0.8679659732224221	0.11803625421276566	0.013997772564812173	
CTU1	0.609087914033748	0.022223081457585028	0.36868900450866704	
CTU2	0.016033558308240513	0.016033558308240513	0.9679328833835189	
CTXND2	0.2950743000652951	0.6957124390578595	0.009213260876845378	
CUBN	0.9804546519730126	0.009772674013493703	0.009772674013493703	
CUEDC1	0.9003258609897223	0.015457118158514279	0.08421702085176343	
CUEDC2	0.01859373253735646	0.01859373253735646	0.9628125349252871	
CUL1	0.38166717806269507	0.5938870259403224	0.024445795996982586	
CUL2	0.641357809172997	0.34308357094710196	0.015558619879901012	
CUL3	0.5441793999452773	0.4263757868926453	0.029444813162077397	
CUL4A	0.5359741315832376	0.4342268798390968	0.029798988577665726	
CUL4B	0.8142234791746205	0.15040603579326903	0.03537048503211042	
CUL5	0.8610617550449761	0.1192966495978766	0.019641595357147473	
CUL7	0.6438411073036272	0.021962283352518625	0.33419660934385415	
CUL9	0.8308867246448137	0.019291117971732535	0.14982215738345378	
CUTA	0.011167565612026207	0.011167565612026207	0.9776648687759476	
CUTC	0.23657050911522437	0.04058566701161113	0.7228438238731645	
CUX1	0.796270363512002	0.18268396412072244	0.02104567236727552	
CWC15	0.03440194595537201	0.03440194595537201	0.9311961080892559	
CWC22	0.9244970974309471	0.037751451284526436	0.037751451284526436	
CWC25	0.4588346736403867	0.17767664379017517	0.36348868256943817	
CWC27	0.9600774508028976	0.01996127459855123	0.01996127459855123	
CWF19L1	0.9277930997049113	0.0361034501475443	0.0361034501475443	
CWF19L2	0.9587684753799585	0.02061576231002074	0.02061576231002074	
CX3CL1	0.014300326570825627	0.014300326570825627	0.9713993468583487	
CX3CR1	0.1837970972942273	0.01648644290148488	0.7997164598042877	
CXADR	0.7139904965130396	0.013492997801353565	0.2725165056856069	
CXCL1	0.42061877519734947	0.016552557056870885	0.5628286677457797	
CXCL10	0.011487233417070964	0.011487233417070964	0.977025533165858	
CXCL12	0.01242958971095377	0.01242958971095377	0.9751408205780925	
CXCL13	0.5923803492058984	0.008606659300950795	0.39901299149315067	
CXCL14	0.009985229527596676	0.009985229527596676	0.9800295409448068	
CXCL16	0.010238269627667674	0.010238269627667674	0.9795234607446647	
CXCL2	0.010029883199800653	0.010029883199800653	0.9799402336003987	
CXCL3	0.11616605639036405	0.009327567618755627	0.8745063759908803	
CXCL8	0.0800249765904621	0.0218328112596175	0.8981422121499204	
CXCL9	0.011041733299575885	0.011041733299575885	0.9779165334008482	
CXCR4	0.009708737864077669	0.009708737864077669	0.9805825242718447	
CXCR5	0.4042234928048357	0.020085474659038517	0.5756910325361257	
CXCR6	0.12557407274494775	0.45064039842118553	0.42378552883386666	
CXXC1	0.012174627986692704	0.42621653938961407	0.5616088326236932	
CXXC5	0.2511404337209326	0.04814644754649506	0.7007131187325724	
CXorf38	0.7851887362668118	0.03855629123043367	0.17625497250275454	
CYB561	0.13032873968309705	0.19614285892806893	0.6735284013888341	
CYB561A3	0.01322998218540427	0.23553533799549642	0.7512346798190993	
CYB561D1	0.24648181287384907	0.023099942370987284	0.7304182447551636	
CYB5A	0.02960191007302994	0.02960191007302994	0.94079617985394	
CYB5B	0.31233588049877453	0.19720297115116353	0.4904611483500619	
CYB5D1	0.017502047186749522	0.017502047186749522	0.964995905626501	
CYB5D2	0.38423824992389216	0.13542561551018376	0.48033613456592406	
CYB5R1	0.0080317399865982	0.44668537980650996	0.5452828802068919	
CYB5R2	0.030694813349486462	0.42898534765524	0.5403198389952736	
CYB5R3	0.028397717699564427	0.028397717699564427	0.9432045646008711	
CYB5R4	0.9668546940179708	0.0165726529910146	0.0165726529910146	
CYBA	0.014178660078480638	0.014178660078480638	0.9716426798430386	
CYBC1	0.02473910891615933	0.02473910891615933	0.9505217821676812	
CYBRD1	0.018628506770667606	0.018628506770667606	0.9627429864586647	
CYC1	0.008940893530048212	0.12218063482770783	0.868878471642244	
CYCS	0.015489860140458849	0.015489860140458849	0.9690202797190822	
CYFIP1	0.9571776202046218	0.02141118989768905	0.02141118989768905	
CYFIP2	0.702195928640795	0.28518573268788083	0.012618338671324138	
CYGB	0.0527845216053569	0.011783002699110215	0.9354324756955329	
CYLD	0.8692171703214542	0.061666433005486285	0.06911639667305947	
CYP11A1	0.4973697232905258	0.4973697232905258	0.0052605534189484405	
CYP19A1	0.4943582961949191	0.4943582961949191	0.011283407610161701	
CYP1B1	0.01629677442832764	0.01629677442832764	0.9674064511433447	
CYP1B1-AS1	0.9781576238063174	0.010921188096841283	0.010921188096841283	
CYP20A1	0.9771961944630554	0.01140190276847229	0.01140190276847229	
CYP24A1	0.9264917871311474	0.03675410643442623	0.03675410643442623	
CYP26B1	0.2514307624744094	0.01826846227849711	0.7303007752470935	
CYP27A1	0.025688753363311924	0.025688753363311924	0.9486224932733761	
CYP27C1	0.9729864110712789	0.01350679446436051	0.01350679446436051	
CYP2C9	0.39975163973304695	0.008531267154789761	0.5917170931121634	
CYP2D6	0.24716780796964838	0.007913629090392948	0.7449185629399587	
CYP2E1	0.14094973578893064	0.008856965244778815	0.8501932989662906	
CYP2J2	0.4561171299572878	0.4247190708749953	0.11916379916771684	
CYP2R1	0.7609541409918522	0.017853116423177006	0.22119274258497074	
CYP2S1	0.012757954423894302	0.012757954423894302	0.9744840911522114	
CYP2U1	0.319107913735465	0.019442090549354845	0.66144999571518	
CYP39A1	0.7881922816756116	0.03514082427345492	0.17666689405093344	
CYP3A5	0.5242170258930756	0.012202286641947441	0.463580687464977	
CYP46A1	0.97346937229962	0.013265313850189961	0.013265313850189961	
CYP4B1	0.3202011774574156	0.01262911464733219	0.6671697078952522	
CYP4F12	0.27834870728979755	0.014900718786518705	0.7067505739236837	
CYP4V2	0.6247195967602545	0.02077989422437166	0.35450050901537394	
CYP4X1	0.3274643503846747	0.010384474993129188	0.6621511746221962	
CYP51A1	0.08793104867537965	0.0132043033447234	0.8988646479798971	
CYP51A1-AS1	0.9669553810043579	0.016522309497821054	0.016522309497821054	
CYP7B1	0.9737320508556739	0.013133974572163027	0.013133974572163027	
CYREN	0.5701915896053694	0.27263249204128315	0.15717591835334732	
CYS1	0.6098932223027416	0.01650776906469906	0.37359900863255924	
CYSLTR1	0.9523522807519419	0.023823859624029015	0.023823859624029015	
CYSLTR2	0.669767097024928	0.015771178150920585	0.3144617248241515	
CYSTM1	0.030126723627178654	0.030126723627178654	0.9397465527456427	
CYTH1	0.909517296025773	0.04524135198711344	0.04524135198711344	
CYTH2	0.16484360250889793	0.30783219545301876	0.5273242020380834	
CYTH3	0.44010655437307566	0.5528996399256104	0.00699380570131392	
CYTH4	0.23456355768952394	0.014998088167597783	0.7504383541428783	
CYTIP	0.3954795276541108	0.014668672687247091	0.5898517996586421	
CYTL1	0.1867073769073697	0.019834545695730954	0.7934580773968992	
CYYR1	0.9603669719620167	0.019816514018991708	0.019816514018991708	
D2HGDH	0.5417664961613962	0.2958670874922364	0.16236641634636745	
DAAM1	0.9734701764755959	0.013264911762202061	0.013264911762202061	
DAAM2	0.9687657494638112	0.015617125268094358	0.015617125268094358	
DAB2	0.015816581385222066	0.015816581385222066	0.9683668372295559	
DAB2IP	0.49091045991006815	0.5002854121816016	0.008804127908330163	
DACH1	0.9801923391057634	0.009903830447118343	0.009903830447118343	
DACT1	0.24922808153143092	0.01094619227955838	0.7398257261890108	
DACT2	0.18158764046275858	0.7836610402184824	0.03475131931875904	
DACT3	0.5938178517027631	0.013733816412895157	0.39244833188434164	
DAD1	0.020674490393572484	0.020674490393572484	0.958651019212855	
DAG1	0.34153577619862346	0.5321787846508635	0.126285439150513	
DAGLA	0.9664257884460613	0.016787105776969343	0.016787105776969343	
DAGLB	0.3931152210567541	0.41835634923727893	0.18852842970596692	
DALRD3	0.016103528388450333	0.07965203323259779	0.9042444383789519	
DANT2	0.9805825242718447	0.009708737864077669	0.009708737864077669	
DAP	0.051561671323835004	0.6107626891085699	0.33767563956759516	
DAP3	0.09132096516312158	0.4394803501852987	0.4691986846515798	
DAPK1	0.8095267014507745	0.17806427211989143	0.012409026429334096	
DAPK2	0.9758964249781246	0.012051787510937703	0.012051787510937703	
DAPK3	0.10306396864535637	0.4065304294206429	0.49040560193400073	
DAPL1	0.40213694029061703	0.008383519791400236	0.5894795399179829	
DAPP1	0.26963801878225246	0.4593297217057943	0.27103225951195326	
DARS2	0.603916670321631	0.3738448071901326	0.022238522488236448	
DAW1	0.25325820378483654	0.739420798213054	0.007320998002109445	
DAXX	0.014314524007714095	0.014314524007714095	0.9713709519845718	
DAZAP1	0.15004321006583424	0.6190486730686717	0.23090811686549406	
DAZAP2	0.0158453275780895	0.0158453275780895	0.9683093448438209	
DBF4	0.7415688423029897	0.24841788213988114	0.010013275557129163	
DBF4B	0.7397095530135386	0.24899401625130985	0.011296430735151611	
DBI	0.009680510233456542	0.05504906820147353	0.9352704215650699	
DBN1	0.11950733969696285	0.02185752677267965	0.8586351335303575	
DBNDD1	0.3135249761170023	0.015619968962356292	0.6708550549206415	
DBNL	0.04239699925463213	0.04239699925463213	0.9152060014907357	
DBP	0.014198968182884453	0.014198968182884453	0.9716020636342311	
DBR1	0.28429976907428034	0.07461215585443146	0.6410880750712882	
DBT	0.8613967769307701	0.058608554025827056	0.07999466904340281	
DCAF1	0.5163845139676912	0.46670887527258303	0.016906610759725667	
DCAF10	0.9711862004803103	0.014406899759844835	0.014406899759844835	
DCAF11	0.016358616619767244	0.12284725611237496	0.8607941272678578	
DCAF12	0.6635358940297689	0.054945581863023646	0.28151852410720735	
DCAF13	0.32287694729535915	0.2341603923463027	0.44296266035833815	
DCAF15	0.01806843427831551	0.0606236832810598	0.9213078824406247	
DCAF16	0.931212194304365	0.03439390284781747	0.03439390284781747	
DCAF17	0.9183670157664304	0.059702133572278535	0.021930850661291013	
DCAF4	0.5895748516510549	0.38153389841895047	0.028891249929994516	
DCAF4L1	0.7680650707710385	0.11596746461448083	0.11596746461448083	
DCAF5	0.9272280394593745	0.03638598027031272	0.03638598027031272	
DCAF6	0.6408614425951704	0.3357485058860801	0.02339005151874957	
DCAF7	0.010477304975552439	0.010477304975552439	0.9790453900488951	
DCAF8	0.011699178707740829	0.011699178707740829	0.9766016425845183	
DCAKD	0.7746351826149093	0.20517532990828824	0.020189487476802513	
DCBLD1	0.9713637809386712	0.01431810953066439	0.01431810953066439	
DCBLD2	0.9699167334196146	0.01504163329019271	0.01504163329019271	
DCDC2	0.9707681349746448	0.01461593251267759	0.01461593251267759	
DCHS1	0.8070182784894498	0.02029506403841364	0.17268665747213646	
DCK	0.11299780861456268	0.017089575784188946	0.8699126156012484	
DCLK1	0.9774739482834692	0.0112630258582654	0.0112630258582654	
DCLK2	0.9784492734926951	0.010775363253652444	0.010775363253652444	
DCLRE1A	0.21932871492413508	0.26299037729397934	0.5176809077818856	
DCLRE1B	0.4481261572916527	0.029503571296742033	0.5223702714116051	
DCLRE1C	0.883347215197547	0.10069223898294154	0.01596054581951152	
DCN	0.12216733278171758	0.014338048982807808	0.8634946182354747	
DCP1A	0.6928388618440613	0.28844996445659343	0.018711173699345312	
DCP1B	0.9583580331250926	0.02082098343745368	0.02082098343745368	
DCP2	0.4896156746295621	0.5012827577507094	0.009101567619728333	
DCPS	0.6023509839274795	0.06021360615030234	0.33743540992221804	
DCST2	0.22031735618197468	0.5398190224559675	0.23986362136205797	
DCTD	0.028173199178586943	0.028173199178586943	0.9436536016428261	
DCTN1	0.040316959210398094	0.040316959210398094	0.9193660815792039	
DCTN2	0.029762248409631018	0.029762248409631018	0.9404755031807379	
DCTN3	0.011431546187320842	0.011431546187320842	0.9771369076253583	
DCTN4	0.9278378356114522	0.036081082194273875	0.036081082194273875	
DCTN5	0.5972665423284123	0.2705410675388022	0.1321923901327855	
DCTN6	0.015346489867376916	0.07837776070636945	0.9062757494262536	
DCTPP1	0.0127193384502174	0.02142263748633421	0.9658580240634485	
DCUN1D1	0.936144427007626	0.03192778649618698	0.03192778649618698	
DCUN1D2	0.9240000567251992	0.05600995068908325	0.01998999258571763	
DCUN1D4	0.9634929597961587	0.01825352010192067	0.01825352010192067	
DCUN1D5	0.9646640673060506	0.017667966346974692	0.017667966346974692	
DCXR	0.007143672435857817	0.2957090181179531	0.6971473094461891	
DDA1	0.2723816353162166	0.378248245091632	0.3493701195921514	
DDAH1	0.7770252503600708	0.009609546714431913	0.2133652029254974	
DDAH2	0.05746029233016922	0.015359071444497252	0.9271806362253336	
DDB1	0.019760815623102307	0.7669431687173723	0.21329601565952538	
DDB2	0.24369255126367312	0.033742444186296974	0.7225650045500299	
DDHD1	0.9670405949019361	0.016479702549031944	0.016479702549031944	
DDHD2	0.9238241755633211	0.038087912218339424	0.038087912218339424	
DDI2	0.6144484032592223	0.3731299911107693	0.01242160563000838	
DDIAS	0.6240342033323933	0.365978098558081	0.009987698109525763	
DDIT3	0.014105145711131204	0.014105145711131204	0.9717897085777376	
DDIT4	0.010131713429960484	0.010131713429960484	0.979736573140079	
DDIT4L	0.9147285105378096	0.03119177605811252	0.05407971340407796	
DDN-AS1	0.9627210181750091	0.01863949091249541	0.01863949091249541	
DDO	0.327309371922121	0.016226325190248185	0.6564643028876308	
DDOST	0.012077524764756774	0.3120330869133918	0.6758893883218514	
DDR1	0.11758913323988258	0.3807595995918548	0.5016512671682626	
DDR2	0.8708785433357419	0.015050984941732308	0.11407047172252584	
DDRGK1	0.020633627378172634	0.020633627378172634	0.9587327452436547	
DDTL	0.1932516705547087	0.19982832323658573	0.6069200062087056	
DDX1	0.19748345201164932	0.5714929310679999	0.2310236169203506	
DDX10	0.9722650751315512	0.013867462434224346	0.013867462434224346	
DDX11	0.6220066556415826	0.34926653851972106	0.02872680583869633	
DDX11-AS1	0.8772169329046517	0.1091390672584554	0.01364399983689278	
DDX17	0.5306620575663867	0.20153533266274215	0.26780260977087095	
DDX18	0.1518555505916649	0.05196779364680246	0.7961766557615326	
DDX19A	0.011472988217377243	0.1180790720921281	0.8704479396904946	
DDX19B	0.011496122780508555	0.011496122780508555	0.9770077544389829	
DDX20	0.8319080361050021	0.025896279847049303	0.14219568404794858	
DDX21	0.06685838275381181	0.06685838275381181	0.8662832344923764	
DDX23	0.02152455609099991	0.33294128410084145	0.6455341598081586	
DDX24	0.7951225865776855	0.009666470714174537	0.19521094270814002	
DDX27	0.152403848223475	0.2686995342186976	0.5788966175578274	
DDX28	0.008904685392921673	0.4342533043939105	0.5568420102131678	
DDX31	0.9661319804132171	0.01693400979339144	0.01693400979339144	
DDX39A	0.022526625276449167	0.24146077887088896	0.7360125958526619	
DDX3X	0.08131749387162075	0.08131749387162075	0.8373650122567585	
DDX41	0.01402892446130387	0.12360927857755676	0.8623617969611395	
DDX42	0.4855206391057608	0.06824269800961083	0.4462366628846284	
DDX43	0.37619437219430873	0.4926543754091717	0.13115125239651945	
DDX46	0.6078120612400935	0.3690062875167173	0.023181651243189168	
DDX49	0.014105893743073254	0.209061786764976	0.7768323194919508	
DDX5	0.19179817862123302	0.19179817862123302	0.6164036427575339	
DDX50	0.5863512758996127	0.06324667726322807	0.3504020468371592	
DDX51	0.6649466289791192	0.012699905060668256	0.32235346596021264	
DDX52	0.9765686071373757	0.011715696431312149	0.011715696431312149	
DDX54	0.044191517770814426	0.48885915044704337	0.46694933178214215	
DDX55	0.8002465580983033	0.17357548858149907	0.026177953320197563	
DDX56	0.017619959266838996	0.3464839260347535	0.6358961146984075	
DDX59	0.2777987489433899	0.7101047896450581	0.012096461411551967	
DDX6	0.872807689263237	0.06359615536838141	0.06359615536838141	
DDX60	0.6389152361088202	0.13607457302161063	0.22501019086956933	
DDX60L	0.7749570121299993	0.21306390496218136	0.011979082907819278	
DEAF1	0.9782137120057283	0.010876146473732924	0.010910141520538824	
DECR1	0.7766294238406142	0.018833779703209014	0.2045367964561768	
DECR2	0.011369558017953122	0.10803119232816451	0.8805992496538825	
DEDD	0.014838023833833475	0.5209734631331153	0.4641885130330512	
DEDD2	0.17014467810607972	0.31821306201807065	0.5116422598758495	
DEF6	0.16086789095895043	0.01726892709249329	0.8218631819485562	
DEF8	0.29738777774032676	0.023341111151221627	0.6792711111084516	
DEFB1	0.009708737864077669	0.009708737864077669	0.9805825242718447	
DEFB124	0.6589547208724885	0.023672740227282274	0.3173725389002291	
DEGS1	0.019770135155303997	0.019770135155303997	0.960459729689392	
DEGS2	0.22986918980504617	0.010209092684764658	0.7599217175101891	
DEK	0.29541883497213556	0.5678749305962874	0.1367062344315772	
DELE1	0.04340245010069078	0.04340245010069078	0.9131950997986185	
DENND1A	0.6781171637843598	0.3130291169898198	0.00885371922582029	
DENND1B	0.971636577931578	0.014181711034211016	0.014181711034211016	
DENND1C	0.21988115201535485	0.016697143951861965	0.7634217040327832	
DENND2A	0.7312075511202593	0.2609211016436456	0.007871347236095035	
DENND2C	0.9741596443745634	0.012920177812718306	0.012920177812718306	
DENND2D	0.042981485422464064	0.042981485422464064	0.9140370291550719	
DENND3	0.9428984705678314	0.022490550493252076	0.03461097893891658	
DENND4A	0.9687894607161789	0.015605269641910531	0.015605269641910531	
DENND4B	0.439198118879	0.024883078546231042	0.535918802574769	
DENND4C	0.605810602654895	0.3805048788619273	0.0136845184831777	
DENND5A	0.590139090138449	0.3923961535925887	0.017464756268962232	
DENND5B	0.9779283958955179	0.011035802052241023	0.011035802052241023	
DENND6A	0.9535267161230873	0.023236641938456367	0.023236641938456367	
DENND6B	0.6697351690978607	0.01362640992701857	0.31663842097512074	
DENR	0.032726614906055225	0.6582612267856645	0.3090121583082803	
DEPDC1	0.4480932486668453	0.5458684260448928	0.006038325288261953	
DEPDC1B	0.432609587241769	0.561827761652758	0.005562651105472853	
DEPDC4	0.6481357145116412	0.3419411335733875	0.009923151914971423	
DEPDC5	0.2903238286679082	0.3629239144879956	0.34675225684409633	
DEPDC7	0.21780132580637113	0.5723642343881864	0.20983443980544245	
DEPP1	0.010798361052867961	0.010798361052867961	0.9784032778942641	
DEPTOR	0.9581632591163814	0.014702140582991708	0.027134600300626838	
DERA	0.9283328543798112	0.035833572810094375	0.035833572810094375	
DERL1	0.026769342309346727	0.026769342309346727	0.9464613153813065	
DERL2	0.09122552941359187	0.029211004631070736	0.8795634659553373	
DERL3	0.02760531479715409	0.49224050489034155	0.4801541803125044	
DES	0.5084556544951719	0.007263973113417896	0.48428037239141003	
DESI1	0.42590658993424363	0.02532756803796472	0.5487658420277916	
DESI2	0.49486670476407185	0.4843676869503014	0.020765608285626732	
DET1	0.024789025979336153	0.024789025979336153	0.9504219480413276	
DEXI	0.02636267863605422	0.02636267863605422	0.9472746427278915	
DFFA	0.5574359292594342	0.40367149331320457	0.038892577427361116	
DFFB	0.9342986183745421	0.017298641671843595	0.04840273995361421	
DGAT1	0.3026502282149575	0.012296423911435428	0.685053347873607	
DGCR2	0.4557712279280336	0.24302802670898374	0.3012007453629826	
DGCR6L	0.013037669623067846	0.013037669623067846	0.9739246607538643	
DGCR8	0.45061992836050363	0.5375633924692582	0.01181667917023807	
DGKA	0.26042857943889175	0.4211216941067488	0.31844972645435937	
DGKD	0.9799960441249745	0.01000197793751274	0.01000197793751274	
DGKE	0.963199634050854	0.01840018297457298	0.01840018297457298	
DGKG	0.9763183645894609	0.011840817705269544	0.011840817705269544	
DGKH	0.9777676938431853	0.011116153078407368	0.011116153078407368	
DGKI	0.9782848757507994	0.010857562124600307	0.010857562124600307	
DGKQ	0.2292560651713769	0.0158982394467246	0.7548456953818985	
DGKZ	0.10371976557223758	0.7298942943408558	0.16638594008690652	
DGLUCY	0.8139179345837783	0.15634788823628396	0.029734177179937715	
DGUOK	0.03626730017932302	0.47040267243715406	0.4933300273835229	
DGUOK-AS1	0.797035290009909	0.18422816907283243	0.018736540917258477	
DHCR24	0.28989981899705075	0.25749313824014297	0.45260704276280633	
DHCR7	0.21180275517312508	0.01437212011239655	0.7738251247144784	
DHDDS	0.697371045196007	0.2717996857176014	0.030829269086391654	
DHFR	0.2798441123382046	0.40125558959425256	0.31890029806754283	
DHFR2	0.4618151496377661	0.03086219414640629	0.5073226562158275	
DHODH	0.37376685757283606	0.01492579246607317	0.6113073499610908	
DHRS1	0.0960343252815362	0.013812888446970551	0.8901527862714932	
DHRS11	0.03492898756968336	0.1343137003296082	0.8307573121007085	
DHRS13	0.1557964807185272	0.5267059903651246	0.3174975289163482	
DHRS2	0.058027738190477386	0.5432393275119138	0.39873293429760887	
DHRS3	0.654084024946973	0.019594215321827865	0.32632175973119903	
DHRS4	0.16088934424968448	0.023540409336245006	0.8155702464140705	
DHRS4-AS1	0.9516006831655994	0.024199658417200287	0.024199658417200287	
DHRS7	0.01522912526446977	0.01522912526446977	0.9695417494710604	
DHRS7B	0.8799887064932533	0.09967782180523248	0.020333471701514165	
DHRS9	0.2978490050819491	0.016425733541327397	0.6857252613767235	
DHTKD1	0.8852122782495736	0.024141440147027602	0.09064628160339888	
DHX15	0.33288645021670943	0.6381442120202341	0.028969337763056446	
DHX16	0.16284655719903735	0.2524003188390166	0.584753123961946	
DHX29	0.8138475408331781	0.16619434445720832	0.019958114709613513	
DHX30	0.7042669337567489	0.051363339332578355	0.2443697269106727	
DHX32	0.4135841093278812	0.5612986905996123	0.025117200072506504	
DHX33	0.6211889750967589	0.1820657567798841	0.19674526812335705	
DHX34	0.9017977485478935	0.017882469858007552	0.08031978159409878	
DHX35	0.8831457664121481	0.01960608120561899	0.09724815238223289	
DHX36	0.9262614999054727	0.04528934306872118	0.02844915702580613	
DHX37	0.9009401302141479	0.019066203802303797	0.07999366598354828	
DHX38	0.0279769483721645	0.1967196233662124	0.7753034282616231	
DHX40	0.4146194472265101	0.03815281213838878	0.5472277406351012	
DHX57	0.8190711109870785	0.16491182157120776	0.016017067441713672	
DHX58	0.016411797631558082	0.016411797631558082	0.9671764047368838	
DHX8	0.9382064326852355	0.030896783657382233	0.030896783657382233	
DHX9	0.30413557462207247	0.5989449773684856	0.09691944800944197	
DIAPH1	0.18622146626212452	0.6791777103517981	0.13460082338607743	
DIAPH2	0.6226816035750531	0.36882918595836933	0.008489210466577536	
DIAPH3	0.5491896328490288	0.44537284603365423	0.005437521117317116	
DICER1	0.9631692632358716	0.018415368382064166	0.018415368382064166	
DICER1-AS1	0.5407443409551312	0.44480914916297287	0.014446509881895934	
DIDO1	0.8784641470429758	0.08999305338759735	0.03154279956942682	
DIMT1	0.8477382163887317	0.13035034317504732	0.021911440436220966	
DIO2	0.4216959411440329	0.5370412263801787	0.04126283247578849	
DIO3OS	0.3807535238177711	0.020921568029193684	0.5983249081530352	
DIP2A	0.970237172208245	0.014881413895877505	0.014881413895877505	
DIP2B	0.6442779358184579	0.34381013227455803	0.011911931906984018	
DIP2C	0.753736501068022	0.2382373653245305	0.00802613360744743	
DIRAS2	0.9497215083661438	0.025139245816928085	0.025139245816928085	
DIRAS3	0.28336341123856246	0.010068478953810817	0.7065681098076266	
DIRC3	0.9790568453972728	0.010471577301363623	0.010471577301363623	
DIS3	0.6466285961068958	0.32994247906878055	0.023428924824323648	
DIS3L	0.9549242023639971	0.022537898818001438	0.022537898818001438	
DIS3L2	0.9056203797689762	0.07855366453299273	0.015825955698031018	
DISC1	0.9797607353185899	0.01011963234070505	0.01011963234070505	
DISP1	0.9788140195726115	0.010592990213694232	0.010592990213694232	
DISP2	0.9595889721906531	0.020205513904673417	0.020205513904673417	
DIXDC1	0.971620453672888	0.014189773163556013	0.014189773163556013	
DKC1	0.023443506581471714	0.470343239448828	0.5062132539697002	
DKK1	0.023068158578353128	0.023068158578353128	0.9538636828432937	
DKK2	0.977855952318857	0.01107202384057148	0.01107202384057148	
DKK3	0.13738312939384298	0.012169346644528423	0.8504475239616286	
DLAT	0.4722122151340848	0.5037272583213404	0.02406052654457491	
DLC1	0.979025328900176	0.010487335549911997	0.010487335549911997	
DLD	0.3486626696125241	0.04887994089140988	0.602457389496066	
DLEC1	0.9699660288676812	0.015016985566159345	0.015016985566159345	
DLEU2	0.9805825242718447	0.009708737864077669	0.009708737864077669	
DLEU7	0.9801633061769306	0.009918346911534672	0.009918346911534672	
DLG1	0.5903517713688815	0.39653955331858226	0.013108675312536266	
DLG2	0.9805825242718447	0.009708737864077669	0.009708737864077669	
DLG3	0.48852303637810923	0.4976274091724299	0.013849554449460781	
DLG4	0.9629111802526382	0.018544409873680882	0.018544409873680882	
DLG5	0.6194930638396765	0.37367403773305047	0.006832898427273004	
DLGAP1	0.9805825242718447	0.009708737864077669	0.009708737864077669	
DLGAP1-AS1	0.676583822207192	0.01990197727744571	0.30351420051536215	
DLGAP1-AS2	0.9019554155615543	0.029731989329245735	0.06831259510919983	
DLGAP4	0.7410619048964273	0.23720472765063466	0.021733367452938017	
DLGAP4-AS1	0.9764104407405174	0.01179477962974127	0.01179477962974127	
DLGAP5	0.5349690434517033	0.37427894523282146	0.09075201131547539	
DLK1	0.8492733744073092	0.01007108394828129	0.14065554164440958	
DLK2	0.099942181187053	0.5106163151944483	0.3894415036184987	
DLL1	0.6386784000450585	0.010976371935642026	0.35034522801929946	
DLL4	0.18578400778777873	0.014586152701827625	0.7996298395103937	
DLST	0.02786884456913276	0.1785201072193244	0.7936110482115428	
DLX3	0.039529602368170776	0.531759514619583	0.4287108830122462	
DLX4	0.06505534436163439	0.7828617299353865	0.152082925702979	
DLX5	0.11241740698145074	0.3379861245656687	0.5495964684528805	
DLX6	0.20698253109577988	0.7777919979410146	0.015225470963205506	
DLX6-AS1	0.43627922402923863	0.5563898131051589	0.007330962865602489	
DMAC1	0.020597886583706856	0.020597886583706856	0.9588042268325863	
DMAC2	0.013652087475409493	0.08718040819177969	0.8991675043328109	
DMAP1	0.032384129478143675	0.3342948454185249	0.6333210251033314	
DMC1	0.5217259597920219	0.47133593686556713	0.006938103342411005	
DMD	0.9429320384849453	0.04730770651987976	0.009760254995174864	
DMGDH	0.9386896309612248	0.010722257136774245	0.05058811190200089	
DMKN	0.37888503585803474	0.014879877690531	0.6062350864514343	
DMPK	0.6029281030185502	0.010988161690725471	0.3860837352907244	
DMTF1	0.9355180577311428	0.03224097113442856	0.03224097113442856	
DMTN	0.3591685533228375	0.009769884030456165	0.6310615626467063	
DMWD	0.019793482381283586	0.019793482381283586	0.9604130352374328	
DMXL1	0.9666419673737954	0.0166790163131023	0.0166790163131023	
DMXL2	0.9728016996450622	0.013599150177468886	0.013599150177468886	
DNA2	0.5564895223032081	0.4348910114929665	0.008619466203825223	
DNAAF1	0.9700584173770405	0.014970791311479742	0.014970791311479742	
DNAAF2	0.668317217391158	0.3038873852549366	0.027795397353905422	
DNAAF4	0.191476478255037	0.03462684700176553	0.7738966747431976	
DNAAF5	0.8255484487132804	0.15482548154184722	0.019626069744872507	
DNAH1	0.974439988543606	0.012780005728196995	0.012780005728196995	
DNAH10	0.9709989136087177	0.014500543195641114	0.014500543195641114	
DNAH11	0.6084723072370946	0.38513216433000697	0.00639552843289837	
DNAH14	0.7080556743175117	0.2848425610208945	0.007101764661593834	
DNAH5	0.9742955938377816	0.012852203081109174	0.012852203081109174	
DNAH6	0.9777091792906162	0.011145410354691888	0.011145410354691888	
DNAH7	0.9783443034907946	0.010827848254602708	0.010827848254602708	
DNAH9	0.9778697059028897	0.011065147048555162	0.011065147048555162	
DNAJA1	0.0211423623146261	0.3415874023485959	0.637270235336778	
DNAJA2	0.021180609682956448	0.301010030807041	0.6778093595100027	
DNAJA3	0.3273505549651611	0.3715163926719655	0.3011330523628734	
DNAJA4	0.4975658174862513	0.013253670208152126	0.48918051230559656	
DNAJB1	0.15588658319854534	0.024693261616604813	0.8194201551848498	
DNAJB11	0.01793715295695039	0.1245743174803115	0.8574885295627381	
DNAJB12	0.17353309552448223	0.17882141786028427	0.6476454866152335	
DNAJB13	0.9463176783377906	0.026841160831104695	0.026841160831104695	
DNAJB14	0.9520977957971382	0.02464041535403206	0.023261788848829807	
DNAJB2	0.016336237047096153	0.13975147253164047	0.8439122904212634	
DNAJB4	0.011298287424365863	0.03353260393576932	0.9551691086398649	
DNAJB5	0.16793256983594684	0.012460612652515989	0.8196068175115371	
DNAJB6	0.38139255871403016	0.4293802433743062	0.18922719791166367	
DNAJB9	0.012189444807069402	0.08134991265811792	0.9064606425348126	
DNAJC1	0.9544912909117478	0.022754354544126103	0.022754354544126103	
DNAJC10	0.8625253136803877	0.017721068115836746	0.11975361820377563	
DNAJC11	0.6461440678843656	0.33618741836066296	0.01766851375497142	
DNAJC12	0.5993851725384676	0.013833433448730038	0.38678139401280237	
DNAJC13	0.956715243908397	0.02164237804580148	0.02164237804580148	
DNAJC14	0.011982750163393724	0.07917583054930463	0.9088414192873017	
DNAJC15	0.8668748491286526	0.11736328614214793	0.015761864729199288	
DNAJC16	0.8927065346885315	0.09109773893108619	0.016195726380382292	
DNAJC17	0.9395153519869665	0.030242324006516774	0.030242324006516774	
DNAJC18	0.9670145425851165	0.01649272870744171	0.01649272870744171	
DNAJC19	0.1876270285675706	0.09714681544860292	0.7152261559838266	
DNAJC2	0.7354403165694426	0.24291074010127484	0.021648943329282494	
DNAJC21	0.37448137517364477	0.6065388329921415	0.018979791834213767	
DNAJC22	0.5053028432826268	0.02063068874420816	0.4740664679731651	
DNAJC24	0.9622203964834757	0.018889801758262152	0.018889801758262152	
DNAJC27	0.9628337448856165	0.01858312755719174	0.01858312755719174	
DNAJC27-AS1	0.9734005879174986	0.01329970604125068	0.01329970604125068	
DNAJC28	0.3984767258952185	0.4699661152642946	0.13155715884048702	
DNAJC3	0.9077040121149347	0.02236476778871767	0.06993122009634757	
DNAJC3-DT	0.8508739320004728	0.030181456556051166	0.11894461144347604	
DNAJC30	0.01395014575019666	0.01395014575019666	0.9720997084996067	
DNAJC4	0.011146167055442172	0.011146167055442172	0.9777076658891156	
DNAJC5	0.949619943615631	0.01754521018958996	0.03283484619477908	
DNAJC5B	0.9539279830293385	0.023036008485330745	0.023036008485330745	
DNAJC6	0.683866110239825	0.30927601025244733	0.006857879507727672	
DNAJC7	0.5790178939807864	0.3594552263113063	0.061526879707907184	
DNAJC8	0.03186376682131494	0.1457613624624692	0.8223748707162158	
DNAJC9	0.675755899826531	0.2095028989707019	0.11474120120276725	
DNAJC9-AS1	0.7781446894584109	0.20459282010398228	0.01726249043760687	
DNAL1	0.9677520108696901	0.01612399456515493	0.01612399456515493	
DNALI1	0.3666886903667719	0.016093280972817793	0.6172180286604103	
DNASE1	0.877595599356747	0.1076969558033168	0.014707444839936145	
DNASE1L1	0.031487717291394546	0.026135807258425472	0.94237647545018	
DNASE1L3	0.017465640907733136	0.017465640907733136	0.9650687181845337	
DNASE2	0.010687148729559944	0.010687148729559944	0.9786257025408801	
DND1	0.6545847765376461	0.1727076117311769	0.1727076117311769	
DNER	0.9802242422382758	0.009887878880862169	0.009887878880862169	
DNHD1	0.9731932664431797	0.01340336677841012	0.01340336677841012	
DNLZ	0.018143020917447517	0.018143020917447517	0.963713958165105	
DNM1	0.9773966618479727	0.011301669076013647	0.011301669076013647	
DNM1L	0.5564047134693896	0.4206007221173852	0.022994564413225164	
DNM2	0.27124064803669723	0.5029890005264327	0.22577035143687	
DNM3	0.980309580342188	0.009845209828906003	0.009845209828906003	
DNM3OS	0.5370552047349819	0.00724054004346066	0.45570425522155733	
DNMBP	0.9610214152126464	0.019489292393676815	0.019489292393676815	
DNMBP-AS1	0.9385561941855787	0.03072190290721063	0.03072190290721063	
DNMT1	0.44986610896653034	0.5368377502814689	0.013296140752000809	
DNMT3A	0.6174824801436272	0.3731252039404694	0.009392315915903443	
DNMT3B	0.6205203952661577	0.36717321238008443	0.012306392353757896	
DNPEP	0.03602725563587745	0.10277660066041157	0.861196143703711	
DNPH1	0.009708737864077669	0.009708737864077669	0.9805825242718447	
DNTTIP1	0.02179856024742941	0.02179856024742941	0.9564028795051411	
DNTTIP2	0.7557517342326522	0.02173104499701577	0.22251722077033206	
DOC2A	0.9198826695267557	0.019148780707286043	0.06096854976595822	
DOC2B	0.8396731407209067	0.019584985644280746	0.14074187363481264	
DOCK1	0.704784151289819	0.2834038180414909	0.01181203066869009	
DOCK10	0.9691747026965716	0.015412648651714194	0.015412648651714194	
DOCK11	0.9649901156835351	0.017504942158232447	0.017504942158232447	
DOCK2	0.9705942728424046	0.014702863578797682	0.014702863578797682	
DOCK4	0.9799016399201588	0.01004918003992062	0.01004918003992062	
DOCK5	0.6190660293447356	0.3738540040245935	0.007079966630670882	
DOCK6	0.8661946109358377	0.010655721793589904	0.12314966727057242	
DOCK7	0.7889793310749557	0.19921184652816726	0.011808822396877024	
DOCK8	0.9710289935990223	0.01448550320048882	0.01448550320048882	
DOCK9	0.7541329425548646	0.23030012591781593	0.01556693152731935	
DOHH	0.15403449478994474	0.08899804306965153	0.7569674621404037	
DOK1	0.07822528399812044	0.01980016487510513	0.9019745511267744	
DOK2	0.022522039631837097	0.017617263397833476	0.9598606969703295	
DOK3	0.25108227979208475	0.015674858401336172	0.7332428618065792	
DOK4	0.22341424566328347	0.014561600598308843	0.7620241537384077	
DOK5	0.9797022224553472	0.010148888772326373	0.010148888772326373	
DOK6	0.9805825242718447	0.009708737864077669	0.009708737864077669	
DOLK	0.009810635075667392	0.22970100220184822	0.7604883627224843	
DOLPP1	0.00851714268810091	0.3652695791430127	0.6262132781688864	
DONSON	0.045065815001084066	0.603170318604786	0.35176386639412993	
DOT1L	0.5428099789655069	0.44744764521660696	0.009742375817886222	
DPAGT1	0.05493848751323065	0.1466905653106496	0.7983709471761198	
DPCD	0.2728988513481097	0.019712616823349117	0.7073885318285411	
DPEP2	0.27923117553224075	0.02095642829100755	0.6998123961767517	
DPF1	0.8731475661480531	0.10464162347322974	0.022210810378717152	
DPF2	0.08653476563618864	0.038816149307748606	0.8746490850560626	
DPF3	0.9805825242718447	0.009708737864077669	0.009708737864077669	
DPH1	0.3898647341569651	0.06355190986793097	0.5465833559751039	
DPH2	0.013030123549254228	0.013030123549254228	0.9739397529014915	
DPH3	0.016331776657081375	0.016331776657081375	0.9673364466858372	
DPH5	0.7319075229755738	0.042090833794156735	0.2260016432302694	
DPH6	0.8967268267658433	0.08921708663860896	0.014056086595547796	
DPH6-DT	0.9791879790396271	0.010406010480186466	0.010406010480186466	
DPH7	0.5692508699625894	0.17431827893925583	0.2564308510981546	
DPM1	0.029994477470344727	0.5631473562477658	0.4068581662818895	
DPM2	0.00859645815112621	0.19482008421167055	0.7965834576372033	
DPM3	0.009708737864077669	0.009708737864077669	0.9805825242718447	
DPP10	0.6442557065656889	0.3493655240623736	0.006378769371937514	
DPP10-AS1	0.40125139484749595	0.5923834865681148	0.006365118584389229	
DPP3	0.024672138341058813	0.024672138341058813	0.9506557233178823	
DPP4	0.7722332883049116	0.016627734954391328	0.21113897674069707	
DPP6	0.9801267368883957	0.009936631555802143	0.009936631555802143	
DPP7	0.012614653124930894	0.012614653124930894	0.9747706937501381	
DPP8	0.9516193646848274	0.02419031765758625	0.02419031765758625	
DPP9	0.5582684061116973	0.39188478790980025	0.049846805978502565	
DPPA2	0.20486097353158733	0.7845136530864235	0.010625373381989153	
DPPA4	0.26245395403583666	0.6408223952060461	0.09672365075811727	
DPT	0.011724569383206223	0.011724569383206223	0.9765508612335876	
DPY19L1	0.9636287290349553	0.018185635482522316	0.018185635482522316	
DPY19L2	0.968558804443488	0.015720597778255997	0.015720597778255997	
DPY19L3	0.836681002955498	0.14909279636925088	0.014226200675251101	
DPY19L4	0.8171199436979535	0.16808850298664305	0.01479155331540354	
DPY30	0.02135719217082131	0.44476792354310424	0.5338748842860744	
DPYD	0.9680478673868227	0.01597606630658866	0.01597606630658866	
DPYD-AS1	0.970844424223373	0.014577787888313494	0.014577787888313494	
DPYSL2	0.5129706969487206	0.024721746395910606	0.4623075566553687	
DPYSL3	0.5794209660695658	0.012610213162680897	0.40796882076775337	
DR1	0.018151140822479237	0.4942385745834886	0.4876102845940323	
DRAIC	0.9755431040145076	0.012228447992746203	0.012228447992746203	
DRAM1	0.7410689082361955	0.02451304015806487	0.23441805160573959	
DRAM2	0.12375363482570338	0.04882256338124612	0.8274238017930505	
DRAP1	0.010534464474191537	0.010534464474191537	0.9789310710516169	
DRAXIN	0.9530195904175893	0.0234902047912053	0.0234902047912053	
DRC3	0.7888969029176323	0.017817021813407205	0.1932860752689605	
DRD4	0.5512085099822591	0.11839607388302084	0.33039541613471995	
DRG1	0.03268935211515787	0.481375209986562	0.48593543789828003	
DRG2	0.015639784639431522	0.3918579087938278	0.5925023065667406	
DROSHA	0.7256784777379078	0.24831382724014636	0.026007695021945793	
DSC2	0.28009379353699626	0.4135116471537957	0.3063945593092081	
DSC3	0.3156591769687647	0.6071739884832575	0.07716683454797775	
DSCAM	0.6240309812952777	0.3697904941374423	0.006178524567279978	
DSCC1	0.7206581867384972	0.26290873433993134	0.016433078921571313	
DSCR8	0.2595176047693087	0.7332227639049003	0.007259631325791092	
DSE	0.9632684035991437	0.01836579820042814	0.01836579820042814	
DSEL	0.9672563826708894	0.016371808664555253	0.016371808664555253	
DSG2	0.34057120306791355	0.49695115304206666	0.16247764389001987	
DSN1	0.15908046070186957	0.7278286054583166	0.11309093383981392	
DSP	0.4238065301471295	0.4974372339223027	0.07875623593056774	
DST	0.9590469184837883	0.02047654075810585	0.02047654075810585	
DSTN	0.01872707125541345	0.34019338384098585	0.6410795449036008	
DSTYK	0.9620950830867736	0.018952458456613173	0.018952458456613173	
DTD1	0.10694309927660325	0.03009712914951202	0.8629597715738847	
DTHD1	0.9706501572705042	0.014674921364747904	0.014674921364747904	
DTL	0.5939983900062139	0.39931228546925474	0.006689324524531316	
DTNA	0.9793117783152618	0.010344110842369069	0.010344110842369069	
DTNB	0.9742913231523803	0.012854338423809855	0.012854338423809855	
DTNBP1	0.9421659352637637	0.028917032368118115	0.028917032368118115	
DTWD1	0.9520736258915835	0.023963187054208232	0.023963187054208232	
DTWD2	0.9733444181143508	0.013327790942824573	0.013327790942824573	
DTX1	0.7312193314108161	0.011754831486391129	0.25702583710279286	
DTX2	0.5306564241790153	0.0178228182892333	0.4515207575317515	
DTX3	0.010724652789663837	0.010724652789663837	0.9785506944206723	
DTX3L	0.18939937223600833	0.021353056612534414	0.7892475711514573	
DTX4	0.34960136132590225	0.4285641993662716	0.22183443930782626	
DTYMK	0.017185352116921997	0.4054181111401471	0.577396536742931	
DUBR	0.6309653046655166	0.36161105975148194	0.007423635583001502	
DUOX1	0.4241231213598836	0.011115900495698345	0.5647609781444181	
DUOXA1	0.20804302867680002	0.24293126611057608	0.5490257052126238	
DUS1L	0.023286366515315106	0.023286366515315106	0.9534272669693697	
DUS2	0.4651505239632558	0.5233074670181128	0.011542009018631361	
DUS3L	0.01383698762237621	0.2602573616828992	0.7259056506947245	
DUS4L	0.020081945975577196	0.30066554433957987	0.6792525096848429	
DUSP1	0.025073854736858622	0.025073854736858622	0.9498522905262827	
DUSP10	0.896435045212994	0.024939300460497978	0.07862565432650799	
DUSP11	0.8743724893726518	0.058715559958191534	0.06691195066915674	
DUSP12	0.12026451340370069	0.0367823914470978	0.8429530951492016	
DUSP14	0.20912506920508533	0.2886866759784134	0.5021882548165012	
DUSP15	0.7073980018757396	0.01756129977071243	0.2750406983535478	
DUSP16	0.5259605758091835	0.46089940713459704	0.013140017056219394	
DUSP18	0.950147477476802	0.02492626126159903	0.02492626126159903	
DUSP19	0.9437731536371239	0.02811342318143805	0.02811342318143805	
DUSP2	0.011370371654218404	0.011370371654218404	0.9772592566915632	
DUSP22	0.47919747888503506	0.03317759495596575	0.48762492615899916	
DUSP23	0.009708737864077669	0.009708737864077669	0.9805825242718447	
DUSP28	0.5370989315182008	0.023238326161262313	0.4396627423205369	
DUSP3	0.03202981298726821	0.01656505941996367	0.9514051275927682	
DUSP4	0.2715754604096509	0.37228979196057427	0.35613474762977476	
DUSP5	0.009333596758053902	0.4154121063651277	0.5752542968768184	
DUSP6	0.014034773454493919	0.014034773454493919	0.9719304530910121	
DUSP7	0.01261446433505079	0.01261446433505079	0.9747710713298984	
DUSP8	0.4604203835820591	0.012338375116962582	0.5272412413009783	
DUSP9	0.5889854730689951	0.4031603910034428	0.007854135927562102	
DUT	0.019572635182121878	0.2527009397422308	0.7277264250756473	
DVL1	0.0318909969402614	0.4518479480965842	0.5162610549631544	
DVL2	0.028316695190794647	0.028316695190794647	0.9433666096184107	
DVL3	0.09082156844096202	0.6266798259743617	0.2824986055846763	
DXO	0.05704298134488842	0.01740487503349002	0.9255521436216215	
DYM	0.9466068619398721	0.03203716238952276	0.021355975670605185	
DYNC1H1	0.9799154685574838	0.010042265721258069	0.010042265721258069	
DYNC1I1	0.9744125231044393	0.01279373844778038	0.01279373844778038	
DYNC1I2	0.8191885209808091	0.09040573950959553	0.09040573950959553	
DYNC1LI1	0.4463179347339845	0.17907682083438653	0.3746052444316291	
DYNC1LI2	0.369819601605441	0.44990142985942544	0.18027896853513353	
DYNC2H1	0.9787063321280498	0.01064683393597507	0.01064683393597507	
DYNC2LI1	0.8686388745165846	0.031090299336060803	0.1002708261473545	
DYNLL1	0.0203662785243893	0.0203662785243893	0.9592674429512213	
DYNLL2	0.013613768685550197	0.42905450363318937	0.5573317276812605	
DYNLRB2	0.5703696753526375	0.3046454787965207	0.12498484585084176	
DYNLT1	0.011385428787961935	0.20030199825649828	0.7883125729555398	
DYNLT3	0.012754594690763099	0.012754594690763099	0.9744908106184738	
DYRK1A	0.8522121981082224	0.1260081198246025	0.021779682067175087	
DYRK1B	0.5369449030945983	0.015900318654904766	0.4471547782504969	
DYRK2	0.6742135386645728	0.024146888406710067	0.301639572928717	
DYRK3	0.8919840540116745	0.018363331695906298	0.08965261429241927	
DYRK4	0.3213431655072635	0.01720746421259719	0.6614493702801393	
DYSF	0.6506878867048593	0.33959006688139615	0.009722046413744639	
DZANK1	0.9701415685338084	0.014929215733095804	0.014929215733095804	
DZIP1	0.9745195066531331	0.012740246673433396	0.012740246673433396	
DZIP1L	0.9676272871970613	0.016186356401469332	0.016186356401469332	
DZIP3	0.967868763858511	0.016065618070744515	0.016065618070744515	
E2F1	0.3249925024415312	0.4048795763105741	0.2701279212478947	
E2F2	0.5793582988747477	0.41438096937221963	0.0062607317530327024	
E2F3	0.9657161817409765	0.01714190912951172	0.01714190912951172	
E2F4	0.011164729924966121	0.2885866255379629	0.700248644537071	
E2F5	0.9599697880127034	0.020015105993648263	0.020015105993648263	
E2F6	0.7975386007985251	0.13407178719024385	0.06838961201123116	
E2F7	0.5047835220410453	0.4890599253368378	0.006156552622116838	
E2F8	0.9763162362183788	0.011841881890810571	0.011841881890810571	
E4F1	0.27107218108729125	0.24845793808247194	0.48046988083023673	
EAF1	0.03688055638442654	0.03688055638442654	0.9262388872311469	
EAF1-AS1	0.9476596311268685	0.02617018443656572	0.02617018443656572	
EAF2	0.9375680625967386	0.013405801017886234	0.049026136385375	
EAPP	0.037085175627580166	0.47802059258527674	0.48489423178714314	
EARS2	0.7571297556336679	0.22992051574875322	0.012949728617578794	
EBAG9	0.026716351417510744	0.16379006403185603	0.8094935845506332	
EBF1	0.9780541931367828	0.010972903431608625	0.010972903431608625	
EBF4	0.9261204071479857	0.011783401969571642	0.06209619088244265	
EBI3	0.10557354402295074	0.5306982848347517	0.3637281711422976	
EBLN3P	0.11263193463833476	0.04322901451766232	0.844139050844003	
EBNA1BP2	0.02015416955175067	0.28453483585560324	0.6953109945926461	
EBPL	0.5123659918395024	0.021572595133818137	0.46606141302667947	
ECD	0.8179254437823051	0.14603193901141615	0.03604261720627863	
ECE1	0.8051683056911504	0.03599584985786399	0.1588358444509855	
ECH1	0.007174120817059426	0.32272138826702024	0.6701044909159204	
ECHDC1	0.6065450799805471	0.037006667567952664	0.35644825245150036	
ECHDC2	0.8168099495217671	0.07735093874717296	0.10583911173106007	
ECHDC3	0.23409354672088803	0.30507789524003054	0.4608285580390815	
ECHS1	0.01478431836402683	0.09224992015497155	0.8929657614810017	
ECI1	0.02516200138451893	0.43013437431252455	0.5447036243029565	
ECI2	0.02685259073804795	0.02685259073804795	0.9462948185239041	
ECM1	0.024018502868394583	0.014004950381660547	0.9619765467499449	
ECM2	0.6356744323461724	0.011575052112057078	0.3527505155417705	
ECPAS	0.8282912012440855	0.14973429203647765	0.02197450671943678	
ECSIT	0.2182539434266037	0.06824186736585539	0.7135041892075409	
ECT2	0.6584530138666513	0.3310473386624966	0.010499647470852077	
EDA	0.9798503293355431	0.010074835332228456	0.010074835332228456	
EDA2R	0.19569170815209586	0.5261361668939072	0.2781721249539969	
EDARADD	0.5362156010439892	0.4566961745479296	0.007088224408081054	
EDC3	0.7710703400573127	0.20237589887270266	0.026553761069984538	
EDC4	0.020037163409502255	0.10335973578536496	0.8766031008051328	
EDDM13	0.6877176166665302	0.024624973611091998	0.2876574097223778	
EDEM1	0.03854882525861039	0.7013642824629222	0.26008689227846743	
EDEM2	0.10368839257651867	0.4235304829352819	0.4727811244881993	
EDEM3	0.9542318817203594	0.02288405913982024	0.02288405913982024	
EDF1	0.01786348545063172	0.09502360890820041	0.887112905641168	
EDIL3	0.976856343021969	0.011571828489015466	0.011571828489015466	
EDN1	0.17470663984288046	0.011145237061929944	0.8141481230951896	
EDNRA	0.8018329579449459	0.01376319721946894	0.18440384483558517	
EDNRB	0.2968237280184501	0.013951192853558673	0.6892250791279912	
EDRF1	0.9563594173700845	0.021820291314957732	0.021820291314957732	
EEA1	0.9085015111725621	0.07944341698655598	0.012055071840882005	
EED	0.5611479734547299	0.4210814376426728	0.017770588902597185	
EEF1A1	0.029365519488023996	0.1882995041815473	0.7823349763304287	
EEF1AKMT1	0.9453285039606045	0.02733574801969769	0.02733574801969769	
EEF1AKMT2	0.4670557327068646	0.26732025307846746	0.26562401421466775	
EEF1AKMT3	0.014568406567201165	0.014568406567201165	0.9708631868655977	
EEF1B2	0.015518617422599797	0.06052688505473755	0.9239544975226627	
EEF1D	0.04376928746607795	0.04376928746607795	0.9124614250678441	
EEF2	0.023918428652845512	0.023918428652845512	0.9521631426943089	
EEF2K	0.9321636160057641	0.009888469272457364	0.05794791472177852	
EEF2KMT	0.05156420152627808	0.027345856460648136	0.9210899420130738	
EEFSEC	0.8121822891267066	0.17926330463810972	0.008554406235183647	
EEPD1	0.9606504442692682	0.019674777865365964	0.019674777865365964	
EFCAB11	0.0263841438021722	0.4410884080522091	0.5325274481456187	
EFCAB13	0.9715115992483524	0.014244200375823806	0.014244200375823806	
EFCAB14	0.10434950859154113	0.31328956463363966	0.5823609267748193	
EFCAB2	0.5884112415946682	0.40271868342380357	0.008870074981528312	
EFCAB3	0.9624374093770031	0.018781295311498476	0.018781295311498476	
EFCAB5	0.667069947998819	0.3238576290375647	0.009072422963616348	
EFCAB7	0.9670638131132444	0.01646809344337778	0.01646809344337778	
EFCC1	0.7391201718000753	0.01142821580881153	0.24945161239111321	
EFEMP1	0.011685973679482868	0.011685973679482868	0.9766280526410342	
EFEMP2	0.09882556103938754	0.011544697660248331	0.8896297413003641	
EFHB	0.9562869857775739	0.02185650711121307	0.02185650711121307	
EFHC1	0.9732016550266295	0.013399172486685273	0.013399172486685273	
EFHC2	0.9752365748173686	0.012381712591315723	0.012381712591315723	
EFHD1	0.2858883748861339	0.5217622686519808	0.19234935646188533	
EFHD2	0.012166018871312058	0.1431563743512806	0.8446776067774073	
EFL1	0.821574167803939	0.16029503614221913	0.018130796053841856	
EFNA1	0.008468661115162562	0.3734932616774569	0.6180380772073805	
EFNA5	0.9805825242718447	0.009708737864077669	0.009708737864077669	
EFNB1	0.009057856578535679	0.34742532358559247	0.6435168198358718	
EFNB2	0.7157695637973563	0.010419227692791301	0.27381120850985236	
EFR3A	0.914294178525947	0.042852910737026496	0.042852910737026496	
EFR3B	0.9764272778552688	0.01178636107236559	0.01178636107236559	
EFS	0.2122350641934689	0.25607314272927356	0.5316917930772576	
EFTUD2	0.4607682776276106	0.3032433164461408	0.23598840592624856	
EGFL6	0.9695124103885706	0.015243794805714658	0.015243794805714658	
EGFL7	0.49648693898575996	0.013456286757519836	0.4900567742567202	
EGFLAM	0.9721652193965055	0.013917390301747254	0.013917390301747254	
EGFR	0.4965956769162428	0.49525695215325594	0.008147370930501283	
EGFR-AS1	0.1910510520347298	0.7641296687297517	0.044819279235518435	
EGLN3	0.6203992748394126	0.28903032424439024	0.09057040091619702	
EGOT	0.9107611045923185	0.044619447703840714	0.044619447703840714	
EGR1	0.012475901421864034	0.012475901421864034	0.9750481971562719	
EGR2	0.009951714196146037	0.009951714196146037	0.980096571607708	
EGR3	0.012055208104259588	0.012055208104259588	0.9758895837914808	
EHBP1	0.9683619871558049	0.01581900642209753	0.01581900642209753	
EHBP1L1	0.7131054993670783	0.020111575377256906	0.2667829252556647	
EHD1	0.01665030752016258	0.42398151467881373	0.5593681778010237	
EHD2	0.1275441446512893	0.009796469042718518	0.8626593863059921	
EHD3	0.2569089718881728	0.6258661847844698	0.1172248433273574	
EHD4	0.7673900684337317	0.013935485834969502	0.2186744457312987	
EHF	0.31396792097671755	0.01108195215265227	0.67495012687063	
EHHADH	0.7928976132642171	0.015518596266396853	0.19158379046938606	
EHMT1	0.7084593641340433	0.2756547203331204	0.015885915532836227	
EHMT2	0.7868732990674944	0.0316285993662717	0.18149810156623397	
EI24	0.01335568630883517	0.2126212110442782	0.7740231026468867	
EID1	0.01212770059242845	0.01212770059242845	0.9757445988151431	
EID2	0.008778760622856152	0.42154636162252673	0.5696748777546171	
EID2B	0.08220169197990912	0.018209220770213877	0.899589087249877	
EIF1	0.01877202769878512	0.01877202769878512	0.9624559446024298	
EIF1AD	0.01579903856035985	0.2558754709453458	0.7283254904942944	
EIF1AX	0.03081262796134033	0.03081262796134033	0.9383747440773192	
EIF1B	0.01358953326665209	0.01358953326665209	0.9728209334666958	
EIF2A	0.03316034217383856	0.23779517782309872	0.7290444800030628	
EIF2AK1	0.18025327105800257	0.5239852717397885	0.2957614572022089	
EIF2AK2	0.9272940356567254	0.05556059811606072	0.017145366227213892	
EIF2AK3	0.9756442089297818	0.012177895535109094	0.012177895535109094	
EIF2AK4	0.9377106345799217	0.031144682710039163	0.031144682710039163	
EIF2B1	0.030117459795444713	0.2916057775537902	0.6782767626507651	
EIF2B2	0.26114284629979456	0.3216726158975078	0.4171845378026976	
EIF2B3	0.9501278668050516	0.024936066597474202	0.024936066597474202	
EIF2B4	0.02902550976535959	0.1147243782583254	0.8562501119763151	
EIF2B5	0.046842051438386684	0.2732319461839551	0.6799260023776582	
EIF2D	0.03678759804881591	0.03678759804881591	0.9264248039023681	
EIF2S1	0.030019945478962137	0.4590719754687488	0.510908079052289	
EIF2S2	0.020915593091177305	0.4684642565399776	0.5106201503688451	
EIF2S3	0.046250194175919176	0.046250194175919176	0.9074996116481617	
EIF3A	0.24300715549500274	0.6065564472728523	0.15043639723214491	
EIF3B	0.030009385588988084	0.3503880414408717	0.6196025729701402	
EIF3C	0.01273132623553412	0.09131354907429164	0.8959551246901742	
EIF3CL	0.4107778303524254	0.021058347792766673	0.568163821854808	
EIF3D	0.025386272957424117	0.025386272957424117	0.9492274540851517	
EIF3E	0.08563057151970067	0.08563057151970067	0.8287388569605986	
EIF3F	0.33250119107896137	0.28928957288428603	0.3782092360367526	
EIF3G	0.013951042784220689	0.2749385951129017	0.7111103621028776	
EIF3H	0.03672603642904625	0.44577095201109357	0.51750301155986	
EIF3I	0.017076767320894404	0.11435458736579239	0.8685686453133133	
EIF3J	0.2404041247647966	0.4686420134807082	0.2909538617544951	
EIF3J-DT	0.6677829601148632	0.0343097302169582	0.2979073096681786	
EIF3K	0.02994849886782467	0.02994849886782467	0.9401030022643506	
EIF3L	0.018887088514061665	0.5476002753167177	0.43351263616922053	
EIF3M	0.03718123705353186	0.03718123705353186	0.9256375258929362	
EIF4A2	0.05903200392692072	0.05903200392692072	0.8819359921461586	
EIF4A3	0.021563152318849102	0.08105176448007483	0.8973850832010761	
EIF4B	0.023727077824710736	0.6103187128623769	0.3659542093129122	
EIF4E	0.35902970697831854	0.2770527475527579	0.36391754546892346	
EIF4E2	0.11114615517581242	0.40340734331542893	0.48544650150875873	
EIF4EBP1	0.12584605052924513	0.015502022004021667	0.8586519274667332	
EIF4EBP2	0.023201278742130772	0.3371262070455011	0.639672514212368	
EIF4ENIF1	0.9178866156623317	0.04991152624222772	0.032201858095440586	
EIF4G1	0.02955872955531566	0.5213765554704195	0.44906471497426487	
EIF4G2	0.02351890646744079	0.6996935469706401	0.276787546561919	
EIF4G3	0.9552432445787515	0.022378377710624196	0.022378377710624196	
EIF4H	0.012572857339119366	0.5679771897460376	0.4194499529148431	
EIF5	0.026541352926118034	0.5340428820125842	0.4394157650612978	
EIF5A	0.011549320974057644	0.12585805892478066	0.8625926201011617	
EIF5A2	0.7236546213798718	0.025860647645686508	0.25048473097444157	
EIF5B	0.5025594659828218	0.367779019924807	0.12966151409237126	
EIF6	0.01052903242279575	0.2080177802478743	0.78145318732933	
EIPR1	0.9595422268945928	0.020228886552703586	0.020228886552703586	
ELAC2	0.0335752612482204	0.06779029791232283	0.8986344408394568	
ELANE	0.027938967708293322	0.027938967708293322	0.9441220645834133	
ELAVL1	0.3643418686130321	0.4665478063814937	0.16911032500547427	
ELAVL4	0.9749719650574834	0.012514017471258278	0.012514017471258278	
ELF1	0.9178311502359195	0.04108442488204018	0.04108442488204018	
ELF2	0.8280603874729141	0.15044441059482608	0.021495201932259837	
ELF3	0.11766495545118924	0.14904388646713929	0.7332911580816716	
ELF3-AS1	0.14147355990629082	0.6843033873053541	0.17422305278835504	
ELF4	0.2727175059738686	0.4625672337092246	0.2647152603169068	
ELF5	0.3758002226780878	0.6148716076159589	0.009328169705953168	
ELFN1	0.975028892626426	0.012485553686787011	0.012485553686787011	
ELK1	0.025042989832577373	0.025042989832577373	0.9499140203348452	
ELK3	0.708906898813966	0.023622260582773783	0.26747084060326015	
ELK4	0.9262340836374549	0.03688295818127252	0.03688295818127252	
ELL	0.6310811715182217	0.35664842799599084	0.01227040048578739	
ELL2	0.7861993334376546	0.01753207810830688	0.1962685884540385	
ELMO1	0.9698108026911998	0.01509459865440011	0.01509459865440011	
ELMO2	0.7875766876297963	0.05153197306254354	0.1608913393076601	
ELMO3	0.0858035102749477	0.3620632092209828	0.5521332805040695	
ELMOD1	0.6066748736125586	0.013152097392259306	0.3801730289951821	
ELMOD2	0.9443944413975612	0.02780277930121938	0.02780277930121938	
ELMOD3	0.9605505899210142	0.019724705039492977	0.019724705039492977	
ELN	0.46002910293176574	0.00930456163473333	0.530666335433501	
ELN-AS1	0.031013129660922917	0.031013129660922917	0.9379737406781541	
ELOA	0.30862560026668595	0.22480797307253744	0.4665664266607765	
ELOA-AS1	0.921845460575193	0.06671374616700236	0.01144079325780464	
ELOB	0.01049274981605588	0.01049274981605588	0.9790145003678882	
ELOC	0.020382814637019603	0.41023127504130213	0.5693859103216783	
ELOF1	0.011671316157020885	0.011671316157020885	0.9766573676859582	
ELOVL1	0.009087881612138062	0.1850344813871095	0.8058776370007524	
ELOVL2	0.9714363332359673	0.014281833382016294	0.014281833382016294	
ELOVL4	0.5899816981781995	0.008548212466208696	0.4014700893555919	
ELOVL5	0.5057031427351513	0.0452066773283379	0.4490901799365109	
ELOVL6	0.9750585111493537	0.012470744425323147	0.012470744425323147	
ELOVL7	0.6407554928930499	0.010661329492292334	0.34858317761465774	
ELP1	0.955107519142125	0.02244624042893751	0.02244624042893751	
ELP2	0.8150656805662699	0.15261099816835608	0.03232332126537383	
ELP3	0.9368959132534477	0.031552043373276155	0.031552043373276155	
ELP4	0.9700729957755455	0.014963502112227212	0.014963502112227212	
ELP5	0.023461998542024874	0.023461998542024874	0.9530760029159502	
ELP6	0.05007587253279207	0.05007587253279207	0.8998482549344159	
EMB	0.05803047064434561	0.021094201710677732	0.9208753276449766	
EMC1	0.6948541665254109	0.27660792797572115	0.028537905498868022	
EMC10	0.4745199148507076	0.25795404811956185	0.26752603702973043	
EMC2	0.96608955576579	0.01695522211710498	0.01695522211710498	
EMC3	0.059992422664664286	0.040620333889308316	0.8993872434460274	
EMC4	0.014591319680166137	0.014591319680166137	0.9708173606396677	
EMC6	0.007814321370834756	0.22521227990830048	0.7669733987208648	
EMC7	0.016494337154036188	0.016494337154036188	0.9670113256919276	
EMC8	0.40669174676619924	0.26193548068670724	0.3313727725470936	
EMC9	0.011061313185439887	0.011061313185439887	0.9778773736291202	
EMCN	0.9744805158697468	0.0127597420651266	0.0127597420651266	
EMD	0.012367333185039915	0.012367333185039915	0.9752653336299202	
EME1	0.33996368077630384	0.617707623784928	0.04232869543876807	
EME2	0.6179172357581234	0.012789118417239105	0.36929364582463753	
EMID1	0.7215246746933941	0.015062639636172315	0.2634126856704334	
EMILIN1	0.22639827604628737	0.00795597608310636	0.7656457478706064	
EMILIN2	0.9639423481820519	0.01802882590897402	0.01802882590897402	
EML1	0.9739049552801211	0.013047522359939457	0.013047522359939457	
EML2	0.22772818818706786	0.5232256841205228	0.24904612769240922	
EML3	0.019507171827342448	0.019507171827342448	0.9609856563453151	
EML4	0.7637229234690925	0.21736677460813608	0.018910301922771457	
EML5	0.9143226499658583	0.0762903667162141	0.009386983317927573	
EML6	0.9771284412034328	0.011435779398283592	0.011435779398283592	
EMP1	0.07358220382108399	0.009739400945865595	0.9166783952330505	
EMP2	0.38624774460807965	0.2815225563916939	0.3322296990002265	
EMP3	0.012048094866036325	0.012048094866036325	0.9759038102679273	
EMSY	0.6196954339045346	0.3701378273966752	0.010166738698790163	
EMX2	0.9291054174273332	0.03544729128633337	0.03544729128633337	
EMX2OS	0.9646530156245987	0.017673492187700614	0.017673492187700614	
ENAH	0.970609469399659	0.014695265300170525	0.014695265300170525	
ENC1	0.749903305924989	0.2239765327938529	0.026120161281158096	
ENDOD1	0.4817088598197084	0.013634472882206553	0.5046566672980851	
ENDOG	0.007431433779112242	0.4187513957326358	0.573817170488252	
ENDOU	0.11245781838696683	0.4903569327449311	0.3971852488681021	
ENDOV	0.9359514104421862	0.032024294778906864	0.032024294778906864	
ENG	0.14332677670382102	0.11857869039626281	0.7380945328999161	
ENGASE	0.3928285832375995	0.011609887015743123	0.5955615297466574	
ENKD1	0.013151328046172438	0.013151328046172438	0.973697343907655	
ENKUR	0.4693367081887392	0.523087604799295	0.007575687011965767	
ENO1	0.018989827427264398	0.2566904618644983	0.7243197107082373	
ENO2	0.01355092571364364	0.01355092571364364	0.9728981485727127	
ENO3	0.46055550412662255	0.35467430116360454	0.18477019470977293	
ENO4	0.7500670588696094	0.23610466987182416	0.013828271258566486	
ENOPH1	0.020949136246651522	0.5832258594585238	0.39582500429482464	
ENOSF1	0.8101781133256063	0.17984075925387863	0.009981127420515183	
ENOX1	0.9805825242718447	0.009708737864077669	0.009708737864077669	
ENOX2	0.9671689526475714	0.016415523676214294	0.016415523676214294	
ENPEP	0.9781371372311348	0.010931431384432568	0.010931431384432568	
ENPP1	0.9365872296852524	0.013079791592604475	0.050332978722143075	
ENPP2	0.5626850241579391	0.02433289552445164	0.41298208031760925	
ENPP3	0.9760357435096487	0.011982128245175649	0.011982128245175649	
ENPP4	0.08046775548736979	0.01829773001564397	0.9012345144969862	
ENPP5	0.11397538229544357	0.33983875929913193	0.5461858584054246	
ENSA	0.020827810561262716	0.660726932552179	0.3184452568865583	
ENTPD1	0.9125318697051537	0.02175009806839638	0.06571803222644994	
ENTPD1-AS1	0.8223495350821687	0.1693094523486708	0.008341012569160441	
ENTPD3	0.9533595330169489	0.023320233491525563	0.023320233491525563	
ENTPD4	0.3734847602335645	0.33099339535119543	0.29552184441524	
ENTPD5	0.8265408123681717	0.01583893419416237	0.15762025343766595	
ENTPD6	0.3666008763391806	0.09349183685475516	0.5399072868060641	
ENTPD7	0.6730668389603514	0.31203949086890176	0.014893670170746972	
ENTR1	0.44750591210125307	0.02282252996196629	0.5296715579367807	
ENY2	0.021344959316849904	0.15013041038862338	0.8285246302945267	
EOGT	0.2796628742882239	0.024839063094801328	0.6954980626169748	
EOMES	0.11020565418674216	0.0166676897963355	0.8731266560169224	
EP300	0.5235895563931589	0.45913505702855684	0.017275386578284296	
EP400	0.9219530649665162	0.058329421941696644	0.01971751309178727	
EPAS1	0.21657509615133475	0.5077747020008525	0.2756502018478127	
EPB41	0.9545854700607717	0.02270726496961415	0.02270726496961415	
EPB41L1	0.9573324657282127	0.02133376713589359	0.02133376713589359	
EPB41L2	0.957086392225664	0.02145680388716797	0.02145680388716797	
EPB41L3	0.7619775307277374	0.2250247876377146	0.0129976816345479	
EPB41L4A	0.9749129102665072	0.012543544866746406	0.012543544866746406	
EPB41L4A-AS1	0.016269788869608455	0.13594769315503508	0.8477825179753565	
EPB41L4B	0.5639117035645472	0.3279179627682106	0.10817033366724199	
EPB41L5	0.7482608680921996	0.24104666915137513	0.010692462756425311	
EPC1	0.9613260751419808	0.019336962429009633	0.019336962429009633	
EPC2	0.6909081087585169	0.2926102290646391	0.016481662176843867	
EPCAM	0.563264369104009	0.014204214181437894	0.422531416714553	
EPDR1	0.012992454615932701	0.012992454615932701	0.9740150907681345	
EPG5	0.9697877950189148	0.015106102490542613	0.015106102490542613	
EPHA1	0.3139837590937164	0.29159291015994987	0.3944233307463337	
EPHA1-AS1	0.976347498061062	0.011826250969468956	0.011826250969468956	
EPHA2	0.3604419501208551	0.011920438953078937	0.627637610926066	
EPHA3	0.9792606258415858	0.010369687079207102	0.010369687079207102	
EPHA4	0.9748689154750141	0.012565542262492962	0.012565542262492962	
EPHA6	0.9796314057843253	0.010184297107837362	0.010184297107837362	
EPHB1	0.9762859006626192	0.011857049668690387	0.011857049668690387	
EPHB2	0.6298017667994061	0.36364174248577996	0.006556490714813819	
EPHB3	0.31559277115258366	0.40396372131176456	0.2804435075356518	
EPHB4	0.39183266496607716	0.3908796081176992	0.21728772691622364	
EPHB6	0.3536561081676896	0.012085619829737992	0.6342582720025725	
EPHX1	0.02360030654421623	0.02360030654421623	0.9527993869115675	
EPHX2	0.5534078131775598	0.08522123780934462	0.36137094901309563	
EPHX4	0.9579986283380636	0.021000685830968202	0.021000685830968202	
EPM2A	0.9697165623473049	0.015141718826347548	0.015141718826347548	
EPM2AIP1	0.3915501342157792	0.038206204779894996	0.5702436610043258	
EPN1	0.4093773499471566	0.02124346306389968	0.5693791869889437	
EPN2	0.7062322327022321	0.2830474761696657	0.010720291128102131	
EPN3	0.05940306276440749	0.4628890653566093	0.4777078718789832	
EPOR	0.24782201274794918	0.015208711881977182	0.7369692753700736	
EPPK1	0.5646197683469267	0.3176491739673125	0.11773105768576084	
EPS15	0.9293411037152547	0.03532944814237261	0.03532944814237261	
EPS15L1	0.9608869318592878	0.0195565340703561	0.0195565340703561	
EPS8	0.9714896771551425	0.014255161422428771	0.014255161422428771	
EPS8L1	0.11920984656057061	0.5021491367092802	0.37864101673014916	
EPS8L2	0.16194287935789042	0.40885710946170256	0.42920001118040707	
EPSTI1	0.8744850906843854	0.014570644815614917	0.11094426449999965	
EPYC	0.9354224484707744	0.0322887757646128	0.0322887757646128	
ERAL1	0.011584787808642614	0.1705878749774398	0.8178273372139176	
ERAP1	0.039787450671196385	0.039787450671196385	0.9204250986576071	
ERAP2	0.19964755647074678	0.03030546139255723	0.770046982136696	
ERBB2	0.2545013391193409	0.5898613840459052	0.15563727683475398	
ERBB3	0.38741992785387236	0.43779709466913247	0.17478297747699514	
ERBIN	0.9562950206855678	0.021852489657216083	0.021852489657216083	
ERC1	0.7339482713720905	0.2545874333929643	0.011464295234945177	
ERCC1	0.124058008883022	0.042447039851510736	0.8334949512654672	
ERCC2	0.6505723422683496	0.053416605715719254	0.2960110520159311	
ERCC3	0.5276000611354974	0.048501612022628905	0.4238983268418738	
ERCC4	0.9640099067933581	0.017995046603320963	0.017995046603320963	
ERCC6	0.970933855429291	0.014533072285354484	0.014533072285354484	
ERCC6L	0.9126437652059763	0.06882529678972352	0.01853093800430021	
ERCC6L2	0.9754024912637643	0.012298754368117814	0.012298754368117814	
ERCC8	0.9756280001155818	0.012185999942209058	0.012185999942209058	
ERFE	0.3472973040479487	0.008844856142987446	0.6438578398090639	
ERG	0.9710526398322024	0.014473680083898832	0.014473680083898832	
ERG28	0.012604771651323683	0.3471649051856118	0.6402303231630645	
ERGIC1	0.8991826087006638	0.04701910891150507	0.05379828238783116	
ERGIC2	0.3494866425297635	0.4406361301873339	0.2098772272829025	
ERGIC3	0.013555034996227625	0.552335594471005	0.4341093705327673	
ERH	0.01699690716581855	0.1776059863398463	0.805397106494335	
ERI1	0.5218238877337465	0.46871900607012285	0.009457106196130705	
ERI2	0.9480513177279652	0.02597434113601736	0.02597434113601736	
ERI3	0.4494233642072039	0.5292492184517829	0.02132741734101324	
ERICH1	0.640299773986591	0.3475758514318753	0.012124374581533627	
ERICH2	0.4440200487800336	0.011006539508930662	0.5449734117110357	
ERICH3	0.9739054556590137	0.013047272170493169	0.013047272170493169	
ERICH5	0.23935883978284248	0.5058949981375991	0.2547461620795585	
ERICH6-AS1	0.9652552520191006	0.017372373990449712	0.017372373990449712	
ERLEC1	0.4622359092075442	0.11903426532951872	0.418729825462937	
ERLIN1	0.21444562023754088	0.4972465627337387	0.2883078170287204	
ERLIN2	0.02179874172735015	0.2034924961566766	0.7747087621159732	
ERMAP	0.9452652659938776	0.027367367003061156	0.027367367003061156	
ERMARD	0.5627200503497146	0.330786001301467	0.10649394834881837	
ERMP1	0.9751218438679397	0.012439078066030156	0.012439078066030156	
ERN1	0.9614091894230583	0.019295405288470832	0.019295405288470832	
ERO1A	0.8005758888531085	0.0246937046285444	0.1747304065183471	
ERO1B	0.6770739795529281	0.013017489865353444	0.3099085305817184	
ERP27	0.36613034858574245	0.011609595893226438	0.6222600555210311	
ERP29	0.010320547192601146	0.31270609541490113	0.6769733573924976	
ERP44	0.8590775083262431	0.11417755853949672	0.026744933134260095	
ERRFI1	0.013693967364639618	0.45110484879248697	0.5352011838428735	
ERVE-1	0.0057652972383648885	0.5822950210748538	0.4119396816867814	
ERVFRD-1	0.09173484447171205	0.8948376593675483	0.013427496160739592	ERVFRD-1
ERVH48-1	0.14306597019982664	0.8485327157825246	0.00840131401764876	
ERVK3-1	0.011619296360751355	0.011619296360751355	0.9767614072784973	
ERVMER34-1	0.2817455733460391	0.7099407259712491	0.008313700682711813	
ERVW-1	0.3222680230641745	0.6710875457893958	0.006644431146429662	ERVW-1
ESAM	0.11126206808568784	0.33335735045145176	0.5553805814628604	
ESCO1	0.7567106303189489	0.23061264582386642	0.012676723857184597	
ESCO2	0.5602268686626157	0.4323033965637829	0.007469734773601288	
ESD	0.029675081784869228	0.029675081784869228	0.9406498364302615	
ESF1	0.9529081916053622	0.023545904197318893	0.023545904197318893	
ESPL1	0.7640145135972944	0.22717065722757887	0.008814829175126755	
ESPN	0.32541826984613903	0.2856737553843737	0.3889079747694873	
ESR1	0.9774178117818658	0.0112910941090671	0.0112910941090671	
ESR2	0.7811116987485619	0.20949365428025452	0.009394646971183574	
ESRP1	0.37881169640445245	0.4518408447414231	0.16934745885412447	
ESRP2	0.18294763714382312	0.4062350971272987	0.4108172657288782	
ESRRA	0.20906703519034825	0.3947741953099687	0.39615876949968304	
ESRRG	0.5952956329718039	0.3988103508601585	0.005894016168037662	
ESS2	0.5612321903465743	0.013285489066067491	0.4254823205873581	
ESYT1	0.02338366397322722	0.02338366397322722	0.9532326720535456	
ESYT2	0.3781856244587201	0.6058753137637367	0.015939061777543246	
ESYT3	0.9397980732576161	0.030100963371191898	0.030100963371191898	
ETAA1	0.950690823059221	0.024654588470389458	0.024654588470389458	
ETF1	0.018962547279879442	0.5323036853872846	0.44873376733283593	
ETFA	0.2653110156659932	0.6568741754319457	0.0778148089020611	
ETFB	0.010703919040131772	0.15817789741864804	0.8311181835412201	
ETFBKMT	0.9514349202684282	0.02428253986578587	0.02428253986578587	
ETFDH	0.5510261020791165	0.2543669022424754	0.1946069956784081	
ETFRF1	0.02762443897821695	0.02762443897821695	0.944751122043566	
ETHE1	0.01849033208133596	0.3068750876288222	0.6746345802898419	
ETNK1	0.9444340835351505	0.027782958232424736	0.027782958232424736	
ETNK2	0.012444333047636924	0.22980276182064907	0.7577529051317139	
ETS1	0.624368784750424	0.025632816109289296	0.34999839914028663	
ETS2	0.020194645575894326	0.020194645575894326	0.9596107088482113	
ETV1	0.9697670422440786	0.01511647887796067	0.01511647887796067	
ETV3	0.4013127125279355	0.20270872761067418	0.3959785598613903	
ETV4	0.35328638455057176	0.6400285741385175	0.0066850413109107235	
ETV5	0.4709935907855522	0.5155640512966334	0.013442357917814323	
ETV6	0.9596405880003573	0.020179705999821326	0.020179705999821326	
ETV7	0.11612539823561294	0.4470779392762865	0.4367966624881006	
EVA1A	0.35753937522440316	0.5473972984704993	0.09506332630509749	
EVA1B	0.14386461214233492	0.41172271475703015	0.44441267310063487	
EVA1C	0.8274259776212407	0.01204157121653889	0.16053245116222048	
EVC	0.9702537610620836	0.01487311946895817	0.01487311946895817	
EVC2	0.9754910123641567	0.012254493817921628	0.012254493817921628	
EVI2A	0.010566521082813056	0.010566521082813056	0.9788669578343738	
EVI2B	0.009708737864077669	0.009708737864077669	0.9805825242718447	
EVI5	0.811772098785338	0.17989492443012506	0.0083329767845369	
EVI5L	0.384272003970914	0.45802219664707194	0.15770579938201404	
EVL	0.875695336878485	0.062152331560757446	0.062152331560757446	
EVPL	0.3688365547623783	0.20574434959957105	0.4254190956380506	
EWSR1	0.0400945631656867	0.7150286402542184	0.24487679658009484	
EXD2	0.9377513834121736	0.031124308293913217	0.031124308293913217	
EXD3	0.977110425493291	0.011444787253354507	0.011444787253354507	
EXO1	0.4559170061519265	0.5385224378530146	0.005560555995058941	
EXO5	0.3021032314080173	0.1774832817046113	0.5204134868873714	
EXOC1	0.680789070625878	0.298955984743918	0.020254944630204	
EXOC2	0.6776182007564111	0.30382115533086285	0.018560643912726053	
EXOC3	0.3203462090081654	0.1624713214300076	0.517182469561827	
EXOC3-AS1	0.021859414132784617	0.021859414132784617	0.9562811717344307	
EXOC3L1	0.24536773408839518	0.012389457429106372	0.7422428084824984	
EXOC3L2	0.47913544333223157	0.010378623178573859	0.5104859334891946	
EXOC3L4	0.8198456824940941	0.019006821041703353	0.1611474964642027	
EXOC4	0.9548207567251004	0.022589621637449812	0.022589621637449812	
EXOC5	0.9593801596250711	0.02030992018746448	0.02030992018746448	
EXOC6	0.9719535385626039	0.014023230718698014	0.014023230718698014	
EXOC6B	0.555048194354651	0.43776907542797355	0.007182730217375526	
EXOC7	0.07708447702760783	0.07708447702760783	0.8458310459447843	
EXOC8	0.024752579779712052	0.024752579779712052	0.9504948404405759	
EXOG	0.9672301514440815	0.016384924277959217	0.016384924277959217	
EXOSC1	0.02430268338251442	0.17868993346192638	0.7970073831555593	
EXOSC10	0.2611684438062052	0.45063203256976747	0.2881995236240274	
EXOSC2	0.6828065976168324	0.279486249423624	0.037707152959543584	
EXOSC4	0.012682753876976061	0.012682753876976061	0.9746344922460478	
EXOSC5	0.013706351526608493	0.1355107741734559	0.8507828742999356	
EXOSC6	0.41659263372449035	0.020954531177179218	0.5624528350983303	
EXOSC7	0.05526831773233215	0.05526831773233215	0.8894633645353358	
EXOSC8	0.2766829235370818	0.4641526513942988	0.2591644250686194	
EXOSC9	0.432458232533949	0.3703109863796005	0.19723078108645045	
EXPH5	0.41013651664797146	0.5839122842882148	0.005951199063813766	
EXT1	0.9789746196749397	0.010512690162530147	0.010512690162530147	
EXT2	0.9384025294868238	0.0307987352565881	0.0307987352565881	
EXTL1	0.8270273208496781	0.018979629860555798	0.15399304928976615	
EXTL2	0.5276037471521241	0.4596648697892621	0.012731383058613667	
EXTL3	0.42371649540695455	0.566892113164264	0.009391391428781454	
EYA1	0.7007434599567136	0.2913414565536388	0.007915083489647525	
EYA2	0.9777960538187791	0.011101973090610439	0.011101973090610439	
EYA3	0.9612501666395958	0.019374916680202043	0.019374916680202043	
EYS	0.9801624291468057	0.0099187854265972	0.0099187854265972	
EZH1	0.6407844580212092	0.03650179535050002	0.3227137466282906	
EZH2	0.5504285699889203	0.4421549834929372	0.007416446518142461	
EZR	0.0119539149925058	0.7090249485564325	0.2790211364510617	
F10	0.43393134879169487	0.015362993958459983	0.5507056572498451	
F11R	0.007144365394010029	0.3808335902806916	0.6120220443252984	
F13A1	0.4513389671078374	0.016734864555557318	0.5319261683366053	
F2R	0.08033070534688048	0.014301087509035106	0.9053682071440844	
F2RL1	0.2055229239484514	0.010381755477499182	0.7840953205740495	
F2RL2	0.3726900334953881	0.027233501586631185	0.6000764649179807	
F2RL3	0.21103318749534766	0.018106147871136888	0.7708606646335155	
F3	0.011587010269242592	0.011587010269242592	0.9768259794615148	
F5	0.33875142344626336	0.605956258706678	0.05529231784705859	
F8	0.9642696981887503	0.017865150905624835	0.017865150905624835	
FA2H	0.4583435286805041	0.3836166162528885	0.15803985506660748	
FAAH	0.03839974534376005	0.49324249682075305	0.468357757835487	
FAAH2	0.9763798029007681	0.011810098549615972	0.011810098549615972	
FAAP100	0.05411573059846611	0.02089802975447738	0.9249862396470565	
FAAP20	0.8200897924634084	0.016024255070141803	0.1638859524664498	
FAAP24	0.1927022051320308	0.6472067402146329	0.16009105465333642	
FABP3	0.08194532298506968	0.010859504546766307	0.9071951724681641	
FABP4	0.010951909495644587	0.010951909495644587	0.9780961810087108	
FABP5	0.014308227214354544	0.014308227214354544	0.9713835455712909	
FADD	0.012965278205948793	0.15532066285145368	0.8317140589425976	
FADS1	0.584890011308105	0.014783479307963228	0.40032650938393166	
FADS2	0.5403189401097721	0.01842275509113865	0.44125830479908923	
FADS3	0.32641441810894684	0.01182162440324091	0.6617639574878124	
FAF1	0.7765715259370495	0.21347173679422637	0.009956737268724128	
FAF2	0.44886081028716773	0.5259379922465065	0.025201197466325823	
FAH	0.28983480342313583	0.02039697464543227	0.6897682219314318	
FAHD1	0.015510782024850931	0.015510782024850931	0.9689784359502981	
FAHD2A	0.02485186195040262	0.02485186195040262	0.9502962760991948	
FAHD2B	0.023470534683552674	0.023470534683552674	0.9530589306328946	
FAIM	0.3455524452692001	0.11817392928237802	0.5362736254484218	
FALEC	0.9182410768397017	0.04087946158014912	0.04087946158014912	
FAM102A	0.38780840708174313	0.030624518915947776	0.581567074002309	
FAM102B	0.9702417775152378	0.014879111242381119	0.014879111242381119	
FAM104A	0.5413338668402969	0.3375552482823468	0.12111088487735626	
FAM104B	0.018781215301033577	0.10753899580151481	0.8736797888974516	
FAM107A	0.05493945381975303	0.013609340092445174	0.9314512060878017	
FAM107B	0.32557097835224313	0.5907764784743689	0.08365254317338795	
FAM110A	0.13380186272560007	0.47458504489134995	0.3916130923830499	
FAM110B	0.978850523781034	0.010574738109482985	0.010574738109482985	
FAM110C	0.20029040614279925	0.011114472265645693	0.7885951215915551	
FAM110D	0.18531611848861426	0.022676846105139967	0.7920070354062458	
FAM111A	0.5726328121213127	0.029930402802206404	0.39743678507648084	
FAM111A-DT	0.5758179368151178	0.037090491700371195	0.38709157148451084	
FAM111B	0.8085915065496242	0.018999299020975212	0.1724091944294007	
FAM114A1	0.9527319790553364	0.01689165739465194	0.0303763635500118	
FAM114A2	0.9210220761295064	0.036441252426019866	0.04253667144447366	
FAM117A	0.8949053150735887	0.023103005696093505	0.08199167923031775	
FAM117B	0.969738312260363	0.015130843869818502	0.015130843869818502	
FAM118A	0.7936480855313496	0.019406699192496723	0.1869452152761537	
FAM118B	0.9363279672285458	0.03183601638572705	0.03183601638572705	
FAM120A	0.2371581267258853	0.7308452567496675	0.0319966165244471	
FAM120AOS	0.036309620700373864	0.713654893204186	0.25003548609544013	
FAM120B	0.9682851899406828	0.015857405029658597	0.015857405029658597	
FAM120C	0.969166445161743	0.015416777419128475	0.015416777419128475	
FAM124A	0.9566633916930792	0.016178861706503886	0.027157746600416907	
FAM124B	0.9518296563959444	0.024085171802027752	0.024085171802027752	
FAM131A	0.6725522303302753	0.02165193646017324	0.30579583320955145	
FAM133B	0.9442020943184062	0.02789895284079688	0.02789895284079688	
FAM135A	0.9754120221694222	0.012293988915288889	0.012293988915288889	
FAM136A	0.013454028207613362	0.194360740918485	0.7921852308739016	
FAM13A	0.4928855496174461	0.5000801261807112	0.007034324201842723	
FAM13A-AS1	0.9374543378422892	0.0312728310788554	0.0312728310788554	
FAM13B	0.9550039253479987	0.022498037326000617	0.022498037326000617	
FAM13C	0.9700883898267808	0.01495580508660959	0.01495580508660959	
FAM149A	0.7316358492778543	0.014800215597098262	0.25356393512504743	
FAM149B1	0.7670267533950459	0.21547972149876005	0.017493525106193966	
FAM151B	0.6893307026923257	0.3015997174169663	0.009069579890708047	
FAM153A	0.7077489293130154	0.017219581945455514	0.2750314887415292	
FAM156A	0.3295318896370072	0.48693714274772476	0.18353096761526794	
FAM157C	0.968617980609518	0.015691009695240978	0.015691009695240978	
FAM161A	0.7133110838662003	0.2756460560856129	0.011042860048186765	
FAM161B	0.38117355013187926	0.022328677939323586	0.5964977719287972	
FAM162A	0.023178399812919668	0.023178399812919668	0.9536432003741606	
FAM162B	0.3832923127036523	0.016020539376193056	0.6006871479201547	
FAM167A	0.7009187687795093	0.013919838720552863	0.2851613924999379	
FAM167B	0.013826363732914501	0.013826363732914501	0.972347272534171	
FAM168A	0.9566853442388049	0.021657327880597536	0.021657327880597536	
FAM168B	0.07941550583903578	0.6548837543699132	0.2657007397910509	
FAM169A	0.7228898931808263	0.26706021578873995	0.010049891030433682	
FAM171A1	0.9717375781918012	0.014131210904099419	0.014131210904099419	
FAM171A2	0.9506168337112598	0.024691583144370078	0.024691583144370078	
FAM171B	0.5170051285090556	0.47432683912845375	0.00866803236249075	
FAM172A	0.9733409106005192	0.013329544699740415	0.013329544699740415	
FAM174A	0.5810467291028822	0.01685264980232437	0.40210062109479333	
FAM174B	0.5647418259835404	0.31423272618000614	0.12102544783645347	
FAM177A1	0.5681086235952614	0.032736641826306846	0.3991547345784317	
FAM178B	0.8015481652514387	0.1890052467957628	0.009446587952798464	
FAM183A	0.18430860777824917	0.5331118329969632	0.28257955922478756	
FAM184A	0.4593852543807182	0.5348206469867723	0.005794098632509325	
FAM184B	0.9691133788297752	0.015443310585112398	0.015443310585112398	
FAM185A	0.9750508216541641	0.01247458917291793	0.01247458917291793	
FAM193A	0.958174768692441	0.020912615653779453	0.020912615653779453	
FAM193B	0.22638321452546803	0.46590837175149497	0.307708413723037	
FAM199X	0.7093855703044933	0.03395400028291822	0.2566604294125884	
FAM200A	0.44547272696805845	0.4072010529784827	0.14732622005345883	
FAM204A	0.9084925789944488	0.04575371050277556	0.04575371050277556	
FAM209A	0.5862514926201857	0.029301527894818255	0.38444697948499607	
FAM20A	0.8272549055983138	0.010809914024618337	0.16193518037706783	
FAM20B	0.6388459725845266	0.052500873150384736	0.3086531542650886	
FAM20C	0.7626060790938733	0.009382715682361438	0.22801120522376528	
FAM210A	0.8976862194223572	0.08612632198130898	0.01618745859633389	
FAM210B	0.013704417464673057	0.013704417464673057	0.9725911650706539	
FAM216A	0.7652874079767622	0.02507143921105625	0.20964115281218146	
FAM217B	0.8095985583031046	0.04107875133620026	0.14932269036069523	
FAM218A	0.8478191636119226	0.05328331162628061	0.09889752476179682	
FAM219A	0.5393543371928791	0.41645542396754204	0.044190238839578753	
FAM219B	0.029642724744338145	0.029642724744338145	0.9407145505113237	
FAM221A	0.9407626677865859	0.029618666106707013	0.029618666106707013	
FAM222A	0.6679285820020143	0.2048040602189762	0.12726735777900955	
FAM222B	0.9707628712225596	0.014618564388720202	0.014618564388720202	
FAM227A	0.9733916481186697	0.013304175940665144	0.013304175940665144	
FAM227B	0.9707082545113579	0.014645872744321059	0.014645872744321059	
FAM228B	0.9662151162863326	0.016892441856833664	0.016892441856833664	
FAM229A	0.19206212651030413	0.011682426342458105	0.7962554471472377	
FAM229B	0.3706078920611356	0.01321775673886559	0.6161743511999987	
FAM234A	0.35681805334382133	0.03729849321897414	0.6058834534372044	
FAM234B	0.5271133689173162	0.46258321733398877	0.01030341374869504	
FAM241A	0.9685830858396214	0.01570845708018931	0.01570845708018931	
FAM241B	0.019650529747584952	0.019650529747584952	0.9606989405048301	
FAM27C	0.9616406807481458	0.01917965962592711	0.01917965962592711	
FAM32A	0.010479876860355945	0.18468724605910777	0.8048328770805363	
FAM3A	0.012118139827253065	0.3578031706963294	0.6300786894764174	
FAM3B	0.29192908638014675	0.5218375081566483	0.18623340546320502	
FAM3C	0.1397857319112486	0.5111948162912658	0.3490194517974855	
FAM41C	0.941383203722142	0.02930839813892896	0.02930839813892896	
FAM43A	0.16328773164955931	0.3272679761704782	0.5094442921799623	
FAM47E	0.21944077983585453	0.46185241987514963	0.3187068002889958	
FAM50A	0.021527458458125887	0.021527458458125887	0.9569450830837481	
FAM53A	0.9681069186785358	0.015946540660732093	0.015946540660732093	
FAM53C	0.11024838809065779	0.028669653886418088	0.8610819580229241	
FAM66C	0.9736036016167957	0.013198199191602115	0.013198199191602115	
FAM72A	0.6876733521282979	0.018860478741311505	0.2934661691303907	
FAM72B	0.4551101894419948	0.19121744142194305	0.3536723691360621	
FAM72D	0.0899977460284916	0.5909972843654777	0.31900496960603064	
FAM76A	0.8263703270054248	0.06805406986667727	0.10557560312789785	
FAM76B	0.5774101039272637	0.3972859904980286	0.02530390557470781	
FAM78A	0.7328072322305712	0.023271084407798782	0.24392168336163003	
FAM78B	0.9742289206460825	0.012885539676958763	0.012885539676958763	
FAM81A	0.8232344830403598	0.16519119210649297	0.011574324853147081	
FAM83B	0.38364192249703066	0.5460407734974533	0.07031730400551611	
FAM83D	0.2901596337545891	0.387112523341926	0.3227278429034849	
FAM83F	0.6712948514785894	0.012520181669045831	0.31618496685236475	
FAM83G	0.1113360202158697	0.42031696427425286	0.46834701550987745	
FAM83H	0.14244757745779446	0.41995094560686264	0.43760147693534285	
FAM85B	0.9737024762206296	0.013148761889685204	0.013148761889685204	
FAM86B1	0.7784867556024526	0.04226266639310693	0.17925057800444044	
FAM89A	0.3183135207328531	0.14196270411288997	0.5397237751542568	
FAM89B	0.011286110289841897	0.011286110289841897	0.9774277794203162	
FAM8A1	0.017696115207768325	0.09626438478076393	0.8860395000114678	
FAM91A1	0.9297780031459011	0.0351109984270494	0.0351109984270494	
FAM98A	0.2010563524186815	0.5701099668832721	0.2288336806980464	
FAM98B	0.3615387576817423	0.45966207871762776	0.17879916360062992	
FAM98C	0.22111260266441274	0.01601360751858098	0.7628737898170063	
FAM9B	0.9672033927672395	0.016398303616380196	0.016398303616380196	
FAN1	0.9666921627452942	0.016653918627352847	0.016653918627352847	
FANCA	0.5046651887437245	0.4893331862279732	0.006001625028302354	
FANCB	0.6231321823461452	0.36914846811279717	0.00771934954105753	
FANCC	0.9777700678490744	0.011114966075462822	0.011114966075462822	
FANCD2	0.5717847728416915	0.4191642907988595	0.009050936359448977	
FANCE	0.1503787333219178	0.6163498839346694	0.2332713827434129	
FANCF	0.019123915285356206	0.019123915285356206	0.9617521694292875	
FANCG	0.020329744135556674	0.20440921019792807	0.7752610456665153	
FANCI	0.652755809770796	0.3384109044915056	0.008833285737698366	
FANCL	0.9728444932096202	0.013577753395189879	0.013577753395189879	
FANCM	0.885638956322822	0.10410309010623184	0.010257953570946146	
FANK1	0.7496524055020332	0.2395701101626139	0.010777484335352883	
FAP	0.9752337475231452	0.01238312623842739	0.01238312623842739	
FAR1	0.9547617603910099	0.022619119804495054	0.022619119804495054	
FAR2	0.8182196123081646	0.17084467969361977	0.010935707998215645	
FARP1	0.9757565437398014	0.012121728130099301	0.012121728130099301	
FARP2	0.916563239335433	0.06551203334568138	0.017924727318885596	
FARS2	0.968090839314602	0.01595458034269896	0.01595458034269896	
FARSA	0.01654077497726932	0.2634588176910876	0.720000407331643	
FARSB	0.9602925344523959	0.019853732773802087	0.019853732773802087	
FAS	0.7283227700189979	0.013850038916746339	0.2578271910642557	
FASLG	0.24479726244661135	0.017730887519904356	0.7374718500334843	
FASN	0.05932381266436972	0.5023972548109045	0.4382789325247257	
FASTK	0.016599432305138995	0.016599432305138995	0.966801135389722	
FASTKD1	0.953781488289358	0.023109255855320962	0.023109255855320962	
FASTKD2	0.9325121503510971	0.033743924824451425	0.033743924824451425	
FASTKD3	0.27583233623151143	0.027164156396480555	0.697003507372008	
FAT1	0.9785737606446796	0.010713119677660215	0.010713119677660215	
FAT2	0.2980793802126512	0.5814431943065048	0.12047742548084414	
FAT4	0.9780713717064327	0.010964314146783638	0.010964314146783638	
FAU	0.010627852885619985	0.010627852885619985	0.97874429422876	
FAXC	0.8892941965793039	0.09598782341452176	0.014717980006174436	
FAXDC2	0.686949489600361	0.019320378061600103	0.2937301323380388	
FBF1	0.4853721129986005	0.15503565474708939	0.35959223225431014	
FBH1	0.9230033387651988	0.03849833061740056	0.03849833061740056	
FBL	0.017317552701908517	0.08776668476372906	0.8949157625343624	
FBLIM1	0.305995790096845	0.27778452657985375	0.41621968332330117	
FBLN1	0.1814827380287431	0.37392998564029767	0.44458727633095924	
FBLN2	0.316868296984559	0.01310526346915717	0.6700264395462838	
FBLN5	0.23546700896811343	0.01380611892469195	0.7507268721071946	
FBLN7	0.5047951330441703	0.48361820194339916	0.0115866650124305	
FBN1	0.7217058506396763	0.2695138127166497	0.008780336643674044	
FBN2	0.5688845934958343	0.4254828857764842	0.005632520727681528	
FBP1	0.21813645561559353	0.011354470940793147	0.7705090734436133	
FBRS	0.10208660737862173	0.028447387822774107	0.8694660047986041	
FBRSL1	0.7165967689505359	0.27078918320461337	0.012614047844850623	
FBXL12	0.03057163462451126	0.03057163462451126	0.9388567307509774	
FBXL13	0.9772124530720251	0.011393773463987431	0.011393773463987431	
FBXL14	0.5328709853856403	0.03191892755251728	0.4352100870618424	
FBXL15	0.13902641652405057	0.010930369976663147	0.8500432134992862	
FBXL16	0.12104441581572614	0.011516283215793366	0.8674393009684805	
FBXL17	0.9700235615534589	0.014988219223270533	0.014988219223270533	
FBXL18	0.7064061994622737	0.28440626926263063	0.009187531275095723	
FBXL19	0.4538938073709826	0.4805912304833114	0.06551496214570593	
FBXL19-AS1	0.4537850711622001	0.533435705633887	0.012779223203912844	
FBXL2	0.9762663601781014	0.011866819910949254	0.011866819910949254	
FBXL20	0.844305952488816	0.1424094827261494	0.013284564785034612	
FBXL22	0.9170568972933507	0.041471551353324615	0.041471551353324615	
FBXL3	0.04923616943175952	0.04923616943175952	0.901527661136481	
FBXL4	0.965703316165643	0.0171483419171785	0.0171483419171785	
FBXL5	0.7383519134847232	0.09100804467865474	0.1706400418366221	
FBXL6	0.06608559698923641	0.012635800176012688	0.9212786028347509	
FBXL7	0.9787927602445052	0.010603619877747394	0.010603619877747394	
FBXL8	0.3563553243302443	0.09883143716505263	0.5448132385047031	
FBXO10	0.11334473111290798	0.012434695562024192	0.8742205733250678	
FBXO11	0.9467297996536113	0.026635100173194332	0.026635100173194332	
FBXO15	0.9678599907470111	0.016070004626494428	0.016070004626494428	
FBXO16	0.9716908441400142	0.014154577929992912	0.014154577929992912	
FBXO17	0.9746160890326839	0.012691955483658039	0.012691955483658039	
FBXO2	0.011333393136160913	0.11399686559910022	0.8746697412647388	
FBXO21	0.7911242997913825	0.18163117729308245	0.027244522915535037	
FBXO22	0.5651191344479013	0.42441913375770896	0.010461731794389771	
FBXO24	0.96083597797603	0.01958201101198497	0.01958201101198497	
FBXO25	0.8225588009696859	0.15624235589456414	0.02119884313574999	
FBXO27	0.35227816763574626	0.014215605076571184	0.6335062272876827	
FBXO28	0.8317094093887083	0.14670612283938186	0.021584467771909806	
FBXO3	0.11825828206336449	0.5827832408732645	0.298958477063371	
FBXO30	0.9590973308334796	0.020451334583260213	0.020451334583260213	
FBXO31	0.6182434005329374	0.27041486651420005	0.11134173295286263	
FBXO32	0.5710970754249839	0.02232929555671508	0.4065736290183011	
FBXO33	0.9416550479442807	0.02917247602785961	0.02917247602785961	
FBXO34	0.9610455400455495	0.01947722997722525	0.01947722997722525	
FBXO36	0.9732616071814344	0.013369196409282764	0.013369196409282764	
FBXO38	0.935067552569962	0.032466223715019	0.032466223715019	
FBXO4	0.26300209331265517	0.26943355985823403	0.4675643468291108	
FBXO41	0.5592662743713488	0.016029218176106818	0.4247045074525444	
FBXO42	0.9289700826998891	0.052752555138095465	0.018277362162015337	
FBXO43	0.9561882989353176	0.02190585053234113	0.02190585053234113	
FBXO44	0.014306148630721197	0.014306148630721197	0.9713877027385576	
FBXO45	0.1820775446793602	0.21628178546949828	0.6016406698511415	
FBXO46	0.24147123733877127	0.6400530482857735	0.11847571437545529	
FBXO48	0.9130467932627468	0.04347660336862656	0.04347660336862656	
FBXO5	0.21798209993394765	0.5213011698709876	0.2607167301950648	
FBXO6	0.01317949515826563	0.01317949515826563	0.9736410096834687	
FBXO7	0.11590447324449168	0.038785523183184206	0.8453100035723241	
FBXO8	0.24655540499441364	0.03282715136648613	0.7206174436391003	
FBXO9	0.17691279049246708	0.7352677164125367	0.08781949309499616	
FBXW11	0.943667260130555	0.028166369934722456	0.028166369934722456	
FBXW2	0.9220882320795583	0.03895588396022091	0.03895588396022091	
FBXW4	0.6018561111458269	0.37742561553425297	0.020718273319920016	
FBXW5	0.011793757706757117	0.19378495565502704	0.7944212866382158	
FBXW7	0.9634122411678273	0.01829387941608633	0.01829387941608633	
FBXW8	0.7174023563212331	0.27049559055397393	0.012102053124793012	
FBXW9	0.11691801679479474	0.22846590312015533	0.6546160800850499	
FCER1G	0.009708737864077669	0.009708737864077669	0.9805825242718447	
FCF1	0.05051612794688292	0.03418831418846013	0.915295557864657	
FCGBP	0.6978025415236626	0.011199032697163979	0.29099842577917345	
FCGR2A	0.01146199379874997	0.01146199379874997	0.9770760124025001	
FCGR2B	0.011660028311778498	0.011660028311778498	0.9766799433764429	
FCGR3A	0.010415202617918187	0.010415202617918187	0.9791695947641637	
FCGRT	0.024591844971145433	0.024591844971145433	0.9508163100577091	
FCHO1	0.5375328521704356	0.013070275664470889	0.44939687216509355	
FCHO2	0.9713788056902648	0.014310597154867571	0.014310597154867571	
FCHSD1	0.023283712235390483	0.023283712235390483	0.953432575529219	
FCHSD2	0.9583305076643324	0.020834746167833783	0.020834746167833783	
FCMR	0.3102410305834009	0.01247773276268717	0.6772812366539119	
FCN1	0.32347299169205734	0.013602345263016517	0.6629246630449261	
FCRL5	0.6318879526069396	0.020762860757461452	0.34734918663559883	
FCRL6	0.3157001061699419	0.014054366242872228	0.6702455275871858	
FDFT1	0.5496319962687731	0.310334310450493	0.1400336932807339	
FDPS	0.044885081072885386	0.044885081072885386	0.9102298378542293	
FDX1	0.2240961053275592	0.6685986377894488	0.10730525688299199	
FDXACB1	0.02394764807965506	0.02394764807965506	0.9521047038406898	
FDXR	0.3278084506410933	0.031759724458668676	0.6404318249002381	
FECH	0.9557074614371264	0.0221462692814368	0.0221462692814368	
FEM1A	0.39419914266722167	0.5906778963869612	0.015122960945817167	
FEM1B	0.26728351556650115	0.030400673575611967	0.7023158108578869	
FEM1C	0.8516793752189996	0.026312668222908023	0.12200795655809234	
FER	0.9777368060596195	0.011131596970190222	0.011131596970190222	
FERMT1	0.41957839630237315	0.5713867727357043	0.009034830961922535	
FERMT2	0.9374891918309416	0.01764078134112828	0.04487002682793016	
FERMT3	0.022885113222175017	0.01929824589134651	0.9578166408864784	
FES	0.39312739539299785	0.015566084472722426	0.5913065201342798	
FEZ1	0.8103140988967158	0.012652262761011812	0.17703363834227243	
FEZ2	0.5559403709595462	0.3722549097119873	0.07180471932846666	
FFAR4	0.9588451272512493	0.02057743637437533	0.02057743637437533	
FGD1	0.9703210821071503	0.01483945894642484	0.01483945894642484	
FGD2	0.5931674472129678	0.015819094671606977	0.3910134581154253	
FGD3	0.8422393087713421	0.022800840499094335	0.13495985072956354	
FGD4	0.9793151481267522	0.010342425936623859	0.010342425936623859	
FGD5	0.9751602537084395	0.012419873145780243	0.012419873145780243	
FGD5-AS1	0.026909992708502153	0.026909992708502153	0.9461800145829956	
FGD6	0.7817138531806654	0.208353697885955	0.009932448933379466	
FGF1	0.5104887069896068	0.4813718081401714	0.00813948487022175	
FGF10	0.9766233075005021	0.011688346249748932	0.011688346249748932	
FGF12	0.9800914291447818	0.009954285427609108	0.009954285427609108	
FGF13	0.9804613226540086	0.00976933867299569	0.00976933867299569	
FGF14-AS2	0.014017852087007062	0.014017852087007062	0.9719642958259859	
FGF18	0.7463864249343551	0.012589664657637011	0.24102391040800797	
FGF2	0.9536624191582576	0.015588226940622632	0.030749353901119787	
FGF22	0.2755056625626371	0.6907811366538519	0.033713200783510866	
FGF7	0.8327820609362193	0.010985703422753243	0.15623223564102742	
FGFBP3	0.15733879589979385	0.026661780163855866	0.8159994239363503	
FGFR1	0.7689851761478783	0.11408307303955033	0.11693175081257143	
FGFR1OP2	0.5653668918560685	0.04902994281136552	0.38560316533256594	
FGFR2	0.9729864110712789	0.01350679446436051	0.01350679446436051	
FGFR3	0.49104638019120783	0.013290927350178575	0.4956626924586136	
FGFR4	0.5690574602365027	0.014405250732135324	0.41653728903136206	
FGFRL1	0.4081603106049441	0.00939096814380709	0.5824487212512489	
FGG	0.7538547947091019	0.045049687813413175	0.2010955174774849	
FGGY	0.9761449239992229	0.011927538000388552	0.011927538000388552	
FGL1	0.9176552755801838	0.020082146420343953	0.06226257799947224	
FGL2	0.015633343511560108	0.015633343511560108	0.9687333129768798	
FGR	0.12062987066315846	0.011659406993123332	0.8677107223437183	
FH	0.015122571019364883	0.32872764840172736	0.6561497805789077	
FHAD1	0.9726354657196872	0.013682267140156416	0.013682267140156416	
FHDC1	0.5137756548537247	0.48095687141529936	0.005267473730975873	
FHIT	0.9323327605463901	0.05574438731674325	0.011922852136866524	
FHL1	0.06432627043708451	0.017624318391790978	0.9180494111711246	
FHL2	0.2259354764962201	0.5434975028506814	0.2305670206530985	
FHL3	0.3514124184761927	0.010058077399563568	0.6385295041242437	
FHL5	0.4448869094599393	0.015077674944653448	0.5400354155954071	
FHOD1	0.46461032726955975	0.01291013569266447	0.5224795370377757	
FHOD3	0.4566889593973538	0.5379844617732085	0.005326578829437708	
FIBCD1	0.349933588079564	0.12126581277705382	0.5288005991433822	
FIBIN	0.011147570800168554	0.011147570800168554	0.9777048583996629	
FIBP	0.012078125293504107	0.012078125293504107	0.9758437494129918	
FICD	0.2556039709426714	0.014824164828536497	0.729571864228792	
FIG4	0.9635660475706458	0.01821697621467707	0.01821697621467707	
FIGN	0.5085719263566503	0.48558585218624783	0.0058422214571019	
FIGNL1	0.37217816678423504	0.5743832386799063	0.053438594535858724	
FIGNL2	0.9699888325290743	0.015005583735462838	0.015005583735462838	
FILIP1	0.9792505479998309	0.01037472600008452	0.01037472600008452	
FILIP1L	0.9372984770012371	0.020459977708053065	0.04224154529070973	
FILNC1	0.3734015416826708	0.6204553361769631	0.0061431221403659714	
FIP1L1	0.016987801653265713	0.17200152923242337	0.8110106691143109	
FIRRE	0.7586546876134553	0.2331705247793278	0.008174787607216972	
FIS1	0.013900102485204041	0.27105762093934355	0.7150422765754524	
FITM2	0.47387010132692253	0.013364119378652456	0.5127657792944251	
FIZ1	0.15764022598605473	0.03908535154853703	0.8032744224654081	
FJX1	0.016310359312447745	0.016310359312447745	0.9673792813751044	
FKBP10	0.40276386008743154	0.011984364394455847	0.5852517755181125	
FKBP14	0.8521401674037172	0.01943704742224993	0.12842278517403277	
FKBP15	0.9699801849251765	0.015009907537411736	0.015009907537411736	
FKBP3	0.03464010059734723	0.14806065418646863	0.8172992452161841	
FKBP4	0.012799872518549122	0.2761267180924914	0.7110734093889595	
FKBP5	0.06196095139746807	0.03185824679749565	0.9061808018050364	
FKBP7	0.55566057815573	0.02852650595108746	0.41581291589318253	
FKBP8	0.013760502710877873	0.20839417153509016	0.777845325754032	
FKBP9	0.3607917583148168	0.016665496948444814	0.6225427447367384	
FKBPL	0.008173007163574851	0.4440526322918687	0.5477743605445563	
FKRP	0.6030995863376609	0.09729969437837716	0.2996007192839619	
FKTN	0.971769720635294	0.014115139682352984	0.014115139682352984	
FLAD1	0.015361966386921947	0.4740912398280514	0.5105467937850267	
FLI1	0.961889877501072	0.019055061249463958	0.019055061249463958	
FLII	0.0788306224760354	0.02090019061420586	0.9002691869097588	
FLNA	0.020201262422006677	0.020201262422006677	0.9595974751559866	
FLNB	0.4962075696182232	0.4815473702700216	0.02224506011175519	
FLNC	0.7274018777592075	0.008707524430765081	0.2638905978100274	
FLOT1	0.04886905732822392	0.0316130072360456	0.9195179354357305	
FLOT2	0.016302373492324995	0.2606549182320173	0.7230427082756576	
FLRT2	0.9799185443771348	0.01004072781143263	0.01004072781143263	
FLRT3	0.8566597960483697	0.02417798454621093	0.11916221940541927	
FLT1	0.5530452015867953	0.4348905722721111	0.012064226141093601	
FLT3	0.9661443614437877	0.01692781927810614	0.01692781927810614	
FLT4	0.3112601730831933	0.48813829837669	0.20060152854011673	
FLVCR1	0.970046047066318	0.014976976466840963	0.014976976466840963	
FLVCR1-DT	0.930297836331466	0.03485108183426698	0.03485108183426698	
FLVCR2	0.4894916556824339	0.38274053020294935	0.12776781411461663	
FLYWCH1	0.6873125565465366	0.019849504635653072	0.2928379388178103	
FLYWCH2	0.01960021997604994	0.01960021997604994	0.9607995600479001	
FMC1	0.011883356870297398	0.011883356870297398	0.9762332862594052	
FMN1	0.8070466927882473	0.18407632325228404	0.008876983959468588	
FMN2	0.9793900766381779	0.010304961680911016	0.010304961680911016	
FMNL1	0.020384548164659518	0.020384548164659518	0.959230903670681	
FMNL2	0.6403764689828187	0.34610811971584565	0.013515411301335564	
FMNL3	0.9651190813012451	0.017440459349377414	0.017440459349377414	
FMO1	0.6456945992213122	0.01165731809572762	0.34264808268296015	
FMO4	0.5109200428495597	0.014615789064883634	0.47446416808555675	
FMO5	0.5105579997907267	0.011456174739197184	0.4779858254700762	
FMOD	0.010239919842709602	0.010239919842709602	0.9795201603145808	
FMR1	0.345188663427704	0.6437145773809527	0.011096759191343224	
FN1	0.20823841511452326	0.6653396871417924	0.12642189774368426	
FN3K	0.6288641962374996	0.017975395058857167	0.3531604087036433	
FN3KRP	0.03624007832389501	0.03624007832389501	0.9275198433522099	
FNBP1	0.9448440458661634	0.02757797706691828	0.02757797706691828	
FNBP1L	0.7124860960140985	0.2772401874681289	0.01027371651777251	
FNBP4	0.9559118021709206	0.022044098914539657	0.022044098914539657	
FNDC1	0.9805825242718447	0.009708737864077669	0.009708737864077669	
FNDC3A	0.9543621061139969	0.022818946943001576	0.022818946943001576	
FNDC3B	0.6424929493758387	0.3480790167735027	0.00942803385065851	
FNDC4	0.010840464764926054	0.010840464764926054	0.9783190704701479	
FNIP2	0.964799094161345	0.017600452919327502	0.017600452919327502	
FNTA	0.022238819184781343	0.35843079532872457	0.619330385486494	
FNTB	0.011414249747636555	0.3434425101806324	0.645143240071731	
FOCAD	0.9678293112704814	0.01608534436475927	0.01608534436475927	
FOLH1	0.9805825242718447	0.009708737864077669	0.009708737864077669	
FOLR2	0.011849830610991511	0.011849830610991511	0.9763003387780169	
FOS	0.020181355464727147	0.020181355464727147	0.9596372890705457	
FOSB	0.010970324924973547	0.010970324924973547	0.9780593501500529	
FOSL1	0.18562776643552126	0.011263365632469246	0.8031088679320095	
FOSL2	0.031175493513827993	0.0254925200872154	0.9433319863989567	
FOXB1	0.9550607787670677	0.022469610616466087	0.022469610616466087	
FOXC1	0.018065507569988454	0.04689150141026905	0.9350429910197424	
FOXF1	0.019743122406523476	0.019743122406523476	0.9605137551869531	
FOXI3	0.1532134425573531	0.8384847284481111	0.008301828994535753	
FOXJ1	0.3754744326566105	0.026685317347626362	0.5978402499957631	
FOXJ2	0.1977299017079944	0.034135637242406404	0.768134461049599	
FOXJ3	0.38138890576019174	0.6075843287227637	0.011026765517044495	
FOXK1	0.9738297680668273	0.01308511596658633	0.01308511596658633	
FOXK2	0.8963997771290153	0.08163239354969477	0.021967829321289926	
FOXM1	0.42716063920815583	0.4066979310894822	0.16614142970236181	
FOXN2	0.5790537018615962	0.40965013423360014	0.011296163904803638	
FOXN3	0.9596731787078119	0.020163410646094053	0.020163410646094053	
FOXN3-AS1	0.01996981729610159	0.01996981729610159	0.9600603654077968	
FOXO1	0.9585085058439072	0.020745747078046363	0.020745747078046363	
FOXO3	0.9499317417607547	0.025034129119622626	0.025034129119622626	
FOXO4	0.008523002565659648	0.4615556945119104	0.5299213029224299	
FOXO6	0.4460449995845745	0.515104962632681	0.03885003778274442	
FOXP1	0.5450694483308134	0.02360972240866752	0.43132082926051907	
FOXP2	0.9800200786976285	0.009989960651185768	0.009989960651185768	
FOXP4	0.8168081118513871	0.022224483860748215	0.16096740428786463	
FOXRED1	0.3454458606386607	0.3976003496731021	0.25695378968823723	
FOXRED2	0.5030615390074898	0.022218521821866018	0.47471993917064415	
FPGS	0.3201440413989361	0.023654053226366857	0.656201905374697	
FPR1	0.394817350812684	0.010786866158792234	0.5943957830285238	
FPR3	0.25957251268049175	0.0199558444646915	0.7204716428548168	
FRA10AC1	0.9625122118009461	0.018743894099526932	0.018743894099526932	
FRAS1	0.7385483900332301	0.2541392496694112	0.007312360297358714	
FRAT1	0.08412867236800925	0.012991265237298382	0.9028800623946923	
FRAT2	0.007593755139338111	0.27533764262985444	0.7170686022308075	
FREM1	0.9788440884578239	0.010577955771088055	0.010577955771088055	
FREM2	0.9701864037676564	0.02020779025444595	0.00960580597789759	
FRG1	0.30195067376865226	0.02802424562335217	0.6700250806079955	
FRMD3	0.9783693309255274	0.010815334537236284	0.010815334537236284	
FRMD4A	0.9737049810788542	0.013147509460572897	0.013147509460572897	
FRMD4B	0.9706803941654014	0.014659802917299293	0.014659802917299293	
FRMD6	0.43686887786024203	0.5520819988251087	0.011049123314649315	
FRMD6-AS2	0.4522423843419356	0.5423874429555344	0.005370172702530043	
FRMD8	0.38833718396710903	0.018705626206323128	0.5929571898265678	
FRMPD1	0.3710875179747223	0.6227466733779711	0.006165808647306644	
FRRS1	0.9632404839015775	0.018379758049211246	0.018379758049211246	
FRRS1L	0.968856706808189	0.015942095234762223	0.015201197957048858	
FRS2	0.8182615391179715	0.1672101043255395	0.01452835655648897	
FRS3	0.47886164765655026	0.018555362579512538	0.5025829897639372	
FRY	0.9766591478008417	0.011670426099579127	0.011670426099579127	
FRYL	0.8880594290201027	0.09638203492828087	0.015558536051616419	
FRZB	0.26409687740533117	0.009399003712245772	0.726504118882423	
FSCN1	0.3078381061037016	0.014312318344515294	0.677849575551783	
FSD1	0.8335035413549656	0.016516680215678644	0.14997977842935561	
FSD1L	0.9789084171901798	0.010545791404910071	0.010545791404910071	
FSIP1	0.9717594458653847	0.014120277067307658	0.014120277067307658	
FSIP2	0.9717542803980745	0.0141228598009627	0.0141228598009627	
FST	0.3069063844811323	0.01946343696232165	0.6736301785565459	
FSTL1	0.05527305500898196	0.35620525274876946	0.5885216922422485	
FSTL3	0.028148665381986755	0.4899394003208493	0.48191193429716395	
FTCDNL1	0.9700850172383538	0.014957491380823069	0.014957491380823069	
FTH1	0.02102982689207862	0.02102982689207862	0.9579403462158427	
FTL	0.016186616630683975	0.016186616630683975	0.967626766738632	
FTO	0.9572793749313395	0.021360312534330236	0.021360312534330236	
FTSJ1	0.02246535751198339	0.02246535751198339	0.9550692849760332	
FTSJ3	0.026507376182640825	0.12805302759589776	0.8454395962214615	
FTX	0.9706684338865694	0.014665783056715294	0.014665783056715294	
FUBP1	0.6064936394199834	0.35626449145717365	0.03724186912284301	
FUBP3	0.4604477298050649	0.5173615122941907	0.02219075790074446	
FUCA1	0.013449752694614361	0.063650816717442	0.9228994305879437	
FUCA2	0.4220590120647786	0.020440458070601398	0.55750052986462	
FUNDC1	0.01681594529301003	0.01681594529301003	0.9663681094139799	
FUNDC2	0.5772423461620066	0.012905225546347689	0.4098524282916457	
FUOM	0.014641584910616227	0.014641584910616227	0.9707168301787675	
FURIN	0.007178281035302482	0.4904556233220238	0.5023660956426736	
FUS	0.3966817264637492	0.5637794940558642	0.03953877948038651	
FUT10	0.7865907083932675	0.2026035577562869	0.010805733850445557	
FUT11	0.5637845984219321	0.021601869588733145	0.4146135319893348	
FUT2	0.16702117109252776	0.014971758343581667	0.8180070705638905	
FUT8	0.564101706847392	0.42678149622735584	0.009116796925252149	
FUT8-AS1	0.014336247976784603	0.6339629658886344	0.351700786134581	
FUT9	0.968142160254238	0.01592891987288098	0.01592891987288098	
FUZ	0.12735045835884642	0.01590877674123756	0.856740764899916	
FXR1	0.768841001238404	0.1982147913727832	0.032944207388812714	
FXR2	0.020668433762729553	0.3939899052212105	0.5853416610160599	
FXYD2	0.022006253226712416	0.009920740149845257	0.9680730066234423	
FXYD5	0.012933649828714144	0.012933649828714144	0.9741327003425717	
FXYD7	0.23471873885834485	0.028722168165907523	0.7365590929757476	
FYB1	0.8941307713953819	0.016129332886167788	0.08973989571845019	
FYB2	0.9728879866954259	0.013556006652287032	0.013556006652287032	
FYCO1	0.9526297582266823	0.023685120886658823	0.023685120886658823	
FYN	0.9444440463204252	0.02777797683978739	0.02777797683978739	
FYTTD1	0.6171600694837097	0.05925747527555721	0.3235824552407331	
FZD1	0.022187876414174287	0.014425492647321398	0.9633866309385044	
FZD10	0.008113800964534118	0.4378216818441021	0.5540645171913638	
FZD2	0.3575652760103497	0.022139521364119355	0.6202952026255308	
FZD3	0.9685573084853013	0.015721345757349337	0.015721345757349337	
FZD4	0.4205118675071206	0.01993750007765807	0.5595506324152214	
FZD5	0.14093086008018413	0.2354438032291596	0.6236253366906563	
FZD6	0.47980282211864717	0.031634554571254775	0.4885626233100981	
FZD7	0.30312411574276155	0.014572836749274497	0.6823030475079639	
FZD8	0.07123373669906059	0.015327079713990452	0.9134391835869489	
FZR1	0.3922399573543689	0.34359685100372217	0.26416319164190893	
G0S2	0.009708737864077669	0.009708737864077669	0.9805825242718447	
G2E3	0.7198820749734139	0.2685917659704698	0.011526159056116297	
G2E3-AS1	0.6846258343133943	0.30412563657053887	0.011248529116066773	
G3BP1	0.5299920861796306	0.11882816236478827	0.3511797514555811	
G3BP2	0.4519600096231955	0.05894797224635887	0.48909201813044567	
G6PC3	0.013281813297283	0.013281813297283	0.973436373405434	
G6PD	0.02210054320930933	0.02210054320930933	0.9557989135813812	
GAA	0.012040152508024406	0.47058942494382905	0.5173704225481465	
GAB1	0.5939413272082511	0.3975078026919579	0.008550870099791085	
GAB2	0.9606987785268645	0.01965061073656782	0.01965061073656782	
GAB3	0.964966663250697	0.017516668374651476	0.017516668374651476	
GABARAPL1	0.014614117672614356	0.29924209862152346	0.6861437837058623	
GABARAPL2	0.017964800356943887	0.017964800356943887	0.9640703992861122	
GABBR1	0.667901590453203	0.008286498183152287	0.32381191136364473	
GABBR2	0.5859510305934065	0.4073088857670715	0.006740083639522068	
GABPA	0.42244712744730023	0.55597016666458	0.021582705888119835	
GABPB1	0.6187052746167011	0.3659438248862173	0.015350900497081729	
GABPB1-AS1	0.9633671393856328	0.01831643030718357	0.01831643030718357	
GABPB2	0.960959099904368	0.019520450047815986	0.019520450047815986	
GABRA2	0.9785227391378116	0.010738630431094165	0.010738630431094165	
GABRA3	0.9697406350690887	0.015129682465455645	0.015129682465455645	
GABRB3	0.9758490979631004	0.012075451018449793	0.012075451018449793	
GABRE	0.3217830408744502	0.41889895896639606	0.2593180001591537	
GABRP	0.010893916252576926	0.010893916252576926	0.9782121674948461	
GABRQ	0.8951732998078838	0.052413350096058034	0.052413350096058034	
GADD45A	0.010968063102160853	0.010968063102160853	0.9780638737956783	
GADD45B	0.011370337792542838	0.011370337792542838	0.9772593244149143	
GADD45G	0.009758278808778404	0.009758278808778404	0.9804834423824432	
GADD45GIP1	0.01033028487734562	0.01033028487734562	0.9793394302453088	
GAK	0.9294607415031039	0.035269629248448016	0.035269629248448016	
GAL	0.0141715237913932	0.01409960026950649	0.9717288759391003	
GAL3ST1	0.6255768783139574	0.03108883401772553	0.343334287668317	
GAL3ST4	0.1884540303830355	0.014439846525230147	0.7971061230917343	
GALC	0.9418327456319653	0.029083627184017326	0.029083627184017326	
GALE	0.08728043512424598	0.4506412518650143	0.4620783130107398	
GALK1	0.011155106660230044	0.3074195168432855	0.6814253764964845	
GALK2	0.964290775363667	0.017854612318166475	0.017854612318166475	
GALM	0.6478928158679096	0.01861333603823202	0.3334938480938584	
GALNS	0.9636109121515773	0.018194543924211295	0.018194543924211295	
GALNT1	0.8958248899277307	0.07312974811769503	0.03104536195457424	
GALNT10	0.9640167883483992	0.017991605825800398	0.017991605825800398	
GALNT11	0.9174941358971683	0.041252932051415815	0.041252932051415815	
GALNT12	0.4119345202581943	0.016275984166438585	0.5717894955753671	
GALNT13	0.9784536038473417	0.010773198076329137	0.010773198076329137	
GALNT15	0.4498892471811676	0.013772391192785997	0.5363383616260464	
GALNT17	0.9776151503592753	0.011192424820362364	0.011192424820362364	
GALNT18	0.9705126602714482	0.014743669864275876	0.014743669864275876	
GALNT2	0.6221244608266394	0.3593421557899082	0.0185333833834524	
GALNT3	0.42268772493440376	0.34411989268218296	0.23319238238341344	
GALNT6	0.4146860182489075	0.3440544934809775	0.24125948827011506	
GALNT7	0.963368779827843	0.01831561008607849	0.01831561008607849	
GALNT9	0.7946554408546829	0.012507412223444146	0.19283714692187298	
GALT	0.00785052526921638	0.25506908925301724	0.7370803854777663	
GAMT	0.011502842892308122	0.10622176941142157	0.8822753876962703	
GAN	0.8138027655142954	0.17679959087059294	0.009397643615111693	
GANAB	0.02039703515719746	0.40212339071521874	0.5774795741275838	
GANC	0.9547330271405654	0.02263348642971726	0.02263348642971726	
GAPDH	0.014397863581228807	0.2519261674019159	0.7336759690168552	
GAPDHS	0.060568056596499324	0.014329700769126227	0.9251022426343745	
GAPLINC	0.9231184895176326	0.03844075524118367	0.03844075524118367	
GAPT	0.020020577208915945	0.020020577208915945	0.959958845582168	
GAPVD1	0.7102281902173082	0.2751147462163322	0.014657063566359553	
GAR1	0.016414768019382325	0.4243608599456059	0.5592243720350119	
GAREM1	0.8763908248949334	0.11330904151856638	0.010300133586500254	
GAREM2	0.5292840340991052	0.02043493634514756	0.4502810295557473	
GARNL3	0.9777801165900212	0.011109941704989428	0.011109941704989428	
GART	0.6652754202790733	0.2689772424856728	0.06574733723525394	
GAS1	0.012422859856389912	0.012422859856389912	0.9751542802872202	
GAS1RR	0.9683231681114831	0.015838415944258454	0.015838415944258454	
GAS2L1	0.12555027937140723	0.1172652364032657	0.757184484225327	
GAS2L3	0.8080976700630965	0.1818007473613862	0.010101582575517253	
GAS6	0.012327720490126438	0.012327720490126438	0.9753445590197471	
GAS6-AS1	0.6273953617146919	0.018379349100195046	0.35422528918511303	
GAS7	0.9664660591905437	0.0167669704047281	0.0167669704047281	
GAS8	0.961667353805218	0.019166323097391	0.019166323097391	
GASAL1	0.3853212124779939	0.6005383391231578	0.014140448398848454	
GATA2	0.1824101469270166	0.5760396552026263	0.24155019787035695	
GATA2-AS1	0.5490816554420065	0.4399015253280672	0.01101681922992627	
GATA3	0.21091613520148952	0.6792394885237275	0.10984437627478305	
GATA3-AS1	0.2042312340272136	0.78697619727582	0.008792568696966308	
GATA4	0.8796948626019281	0.013207644391909261	0.10709749300616273	
GATA6	0.6206448404796948	0.012030885248153197	0.36732427427215203	
GATA6-AS1	0.3915412420978147	0.0129904479949284	0.5954683099072569	
GATAD1	0.4717025399908904	0.11037295390841485	0.4179245061006948	
GATAD2A	0.533804435467635	0.4502540057781787	0.015941558754186253	
GATAD2B	0.963871437607128	0.018064281196435973	0.018064281196435973	
GATB	0.5434579719396018	0.18338304490177484	0.27315898315862336	
GATC	0.018712316266353182	0.018712316266353182	0.9625753674672936	
GATD1	0.32460210788258653	0.01936694684378461	0.6560309452736289	
GATM	0.1073648400735118	0.013652145407349308	0.8789830145191388	
GBA2	0.03410680856662349	0.1720837967056325	0.793809394727744	
GBE1	0.9550982504410526	0.022450874779473683	0.022450874779473683	
GBF1	0.6268329077236646	0.36023184968555316	0.012935242590782192	
GBP1	0.11453014638667462	0.013108815722305982	0.8723610378910194	
GBP2	0.27665203154710233	0.01270108408666512	0.7106468843662326	
GBP3	0.14941093302190894	0.012333217015883052	0.838255849962208	
GBP4	0.02202461295459129	0.02202461295459129	0.9559507740908174	
GBP5	0.3579762771517167	0.01248916363917381	0.6295345592091095	
GCA	0.3845331079941393	0.02279687539482205	0.5926700166110386	
GCAT	0.08269705067857672	0.45003451001065303	0.4672684393107703	
GCC1	0.014828642278664473	0.23437237259699895	0.7507989851243366	
GCC2	0.9635286785696026	0.0182356607151987	0.0182356607151987	
GCC2-AS1	0.9699495407581946	0.01502522962090267	0.01502522962090267	
GCDH	0.6967116095557583	0.03320233412847022	0.2700860563157715	
GCFC2	0.8328470065270206	0.15081465256937382	0.016338340903605534	
GCH1	0.8710724525237369	0.01686804110647874	0.11205950636978432	
GCHFR	0.009990619490978117	0.06968705326210255	0.9203223272469194	
GCLC	0.732693472407954	0.03579828572690783	0.23150824186513808	
GCLM	0.5435672019408002	0.42344799787601645	0.03298480018318331	
GCM1	0.2531091972724293	0.7395683438773004	0.007322458850270301	
GCN1	0.33313838619830843	0.6319145473690435	0.03494706643264792	
GCNA	0.973516668537651	0.013241665731174532	0.013241665731174532	
GCNT1	0.9780077834553604	0.010996108272319784	0.010996108272319784	
GCNT2	0.8164393677144322	0.17374448977641244	0.009816142509155539	
GCNT3	0.4837187829536461	0.010668208334070587	0.5056130087122833	
GCNT4	0.493526296580278	0.4424239801247992	0.06404972329492274	
GCSAM	0.012896848982339684	0.012896848982339684	0.9742063020353207	
GCSH	0.007197188222707398	0.2658868012838454	0.7269160104934471	
GDA	0.43682085143201715	0.413649951246589	0.149529197321394	
GDAP1	0.9761337023236398	0.011933148838180054	0.011933148838180054	
GDAP2	0.8799173661215796	0.10682644997962173	0.013256183898798698	
GDE1	0.014900451119599525	0.24587319305535585	0.7392263558250447	
GDF11	0.9576372752169643	0.02118136239151784	0.02118136239151784	
GDF15	0.12682192024520703	0.44854066598401116	0.42463741377078174	
GDF6	0.8909191287437894	0.031082603787835908	0.07799826746837461	
GDF7	0.7390339829659598	0.020236315807847734	0.24072970122619253	
GDI1	0.02706828824882386	0.02706828824882386	0.9458634235023522	
GDI2	0.046307036894525734	0.3368599517815857	0.6168330113238886	
GDPD1	0.5248971999089554	0.4679033214607673	0.007199478630277348	
GDPD3	0.18613849498702847	0.42772399193398164	0.38613751307898997	
GDPD5	0.49776344421853774	0.4153204491894476	0.08691610659201456	
GEM	0.012207121678023113	0.012207121678023113	0.9755857566439537	
GEMIN2	0.908256554304286	0.04587172284785699	0.04587172284785699	
GEMIN4	0.020428217614245972	0.020428217614245972	0.959143564771508	
GEMIN5	0.9514387413405252	0.024280629329737378	0.024280629329737378	
GEMIN6	0.7346249353960521	0.03975293334295452	0.22562213126099342	
GEMIN8	0.7310272250257016	0.036875918592644344	0.23209685638165398	
GEN1	0.8284139216518283	0.15799073234904604	0.013595345999125645	
GFER	0.010357635391401544	0.23661014523293178	0.7530322193756667	
GFI1	0.3262648361825149	0.018278991493078225	0.6554561723244069	
GFI1B	0.9770727025133839	0.01146364874330805	0.01146364874330805	
GFM1	0.8325037003745691	0.03290597662401225	0.1345903230014186	
GFM2	0.396835004185521	0.5852672793941326	0.017897716420346384	
GFOD1	0.9755483552531069	0.012225822373446563	0.012225822373446563	
GFOD2	0.4431127166094312	0.5444672569548518	0.012420026435717066	
GFPT1	0.4773716201308876	0.42518455530427995	0.09744382456483254	
GFPT2	0.5935095147797518	0.008863178846087292	0.39762730637416105	
GFRA1	0.9619615590775913	0.019019220461204328	0.019019220461204328	
GFRA2	0.9746732084552416	0.012663395772379158	0.012663395772379158	
GGA1	0.06280599157186478	0.04547914730413737	0.8917148611239978	
GGA2	0.7107491254549712	0.07592773270825315	0.2133231418367759	
GGA3	0.664589415611418	0.05935790740997943	0.2760526769786026	
GGACT	0.019517059298701123	0.019517059298701123	0.9609658814025979	
GGCT	0.008377560041141551	0.16495604153219387	0.8266663984266646	
GGCX	0.4538467940656207	0.13894184815126961	0.40721135778310974	
GGH	0.09990371484507087	0.5885245170138832	0.31157176814104587	
GGNBP2	0.8520637746750933	0.07396811266245336	0.07396811266245336	
GGPS1	0.012777559910628471	0.07113327599585273	0.9160891640935187	
GGT5	0.01531843469107382	0.01531843469107382	0.9693631306178523	
GGT7	0.26520604971044137	0.14889749535945587	0.5858964549301027	
GH2	0.08060062217451891	0.9099782420885986	0.009421135736882465	
GHDC	0.013660751670224836	0.013660751670224836	0.9726784966595503	
GHITM	0.016322352418851847	0.17080087673535568	0.8128767708457925	
GHR	0.8658506987872376	0.12387193941513053	0.010277361797631756	
GHRL	0.14859687592088391	0.015749360160102553	0.8356537639190136	
GHRLOS	0.9531304041358575	0.023434797932071264	0.023434797932071264	
GID4	0.4325475255888193	0.39093965218588267	0.17651282222529788	
GID8	0.015278132330523784	0.45769048909996357	0.5270313785695125	
GIGYF1	0.5517289243062111	0.025255252834596346	0.42301582285919254	
GIGYF2	0.7357520804677582	0.24744432495271423	0.01680359457952766	
GIMAP2	0.015888716806374128	0.015888716806374128	0.9682225663872517	
GIMAP4	0.011723000683495981	0.011723000683495981	0.9765539986330081	
GIMAP5	0.010380441426712165	0.010380441426712165	0.9792391171465756	
GIMAP6	0.012000550046215051	0.012000550046215051	0.9759988999075698	
GIMAP7	0.01030256787074683	0.01030256787074683	0.9793948642585063	
GIMAP8	0.3865246810946588	0.019020403955768553	0.5944549149495727	
GIN1	0.9619639886814315	0.019018005659284243	0.019018005659284243	
GINM1	0.1714984601215658	0.02824646416566447	0.8002550757127698	
GINS1	0.5957252774612338	0.396736052950816	0.00753866958795032	
GINS2	0.4298367277130503	0.5591036287500404	0.011059643536909356	
GINS3	0.628796875886642	0.3575321451646248	0.013670978948733196	
GINS4	0.612014131208093	0.3768305217962476	0.011155346995659366	
GIPC1	0.06282854645793967	0.37728677164726976	0.5598846818947907	
GIPC2	0.9742829139560716	0.012858543021964174	0.012858543021964174	
GIPR	0.4787893980530816	0.01533523268818218	0.5058753692587362	
GIT1	0.02234658384620137	0.02234658384620137	0.9553068323075973	
GIT2	0.9388200967759717	0.03058995161201412	0.03058995161201412	
GJA1	0.12110733665177953	0.01244376034385232	0.8664489030043682	
GJA4	0.010359202425956792	0.010359202425956792	0.9792815951480864	
GJA5	0.19806644031214424	0.3325602067385701	0.46937335294928556	
GJB1	0.33474337259353054	0.008857416866175014	0.6563992105402945	
GJB7	0.27916762678509227	0.7131149658040484	0.007717407410859327	
GJC1	0.9738000866713981	0.01309995666430098	0.01309995666430098	
GJC2	0.4937346146693712	0.013386114913898866	0.49287927041672985	
GK	0.9546224993325008	0.01932569728047418	0.026051803387025	
GK5	0.9739233325471157	0.013038333726442116	0.013038333726442116	
GKAP1	0.96219618881263	0.018901905593684945	0.018901905593684945	
GKN1	0.12144823206313327	0.8658908686303749	0.012660899306491823	
GLA	0.022538229491972792	0.022538229491972792	0.9549235410160544	
GLB1	0.47829065896279593	0.03210931445593918	0.48960002658126495	
GLB1L	0.2810525480391137	0.019994356800412606	0.6989530951604735	
GLB1L2	0.3970591561252521	0.017801106585402172	0.5851397372893458	
GLB1L3	0.28247719339090754	0.6881197798177018	0.029403026791390664	
GLCCI1	0.6204227699074845	0.37070004450214195	0.008877185590373541	
GLCE	0.7058357825431858	0.2818066445145308	0.01235757294228339	
GLDC	0.35177221194589603	0.6414920884243025	0.006735699629801512	
GLDN	0.31781472481230566	0.6754971842544817	0.006688090933212689	
GLE1	0.921899262377326	0.039050368811336986	0.039050368811336986	
GLG1	0.9420680704957898	0.028965964752105094	0.028965964752105094	
GLI2	0.9789778587098645	0.010511070645067722	0.010511070645067722	
GLI3	0.6550594583208431	0.3382578021289703	0.006682739550186646	
GLI4	0.011728390715956183	0.011728390715956183	0.9765432185680876	
GLIDR	0.9613314228077348	0.019334288596132683	0.019334288596132683	
GLIPR1	0.040229146929990314	0.2486449886927333	0.7111258643772763	
GLIPR1L2	0.9602090090400393	0.0198954954799804	0.0198954954799804	
GLIPR2	0.32439077699791136	0.022721095952661755	0.6528881270494268	
GLIS2	0.4947274701888181	0.010239442815902623	0.49503308699527937	
GLIS2-AS1	0.8412266749851167	0.06764492554609984	0.09112839946878346	
GLIS3	0.9348061569206432	0.05593833657519216	0.009255506504164783	
GLMN	0.9633141172395026	0.01834294138024868	0.01834294138024868	
GLMP	0.014588418646105782	0.014588418646105782	0.9708231627077885	
GLO1	0.026488286080903006	0.09177161156294569	0.8817401023561514	
GLOD4	0.018305959549819367	0.3357294679893467	0.6459645724608339	
GLRB	0.8504348203445946	0.015176289640915566	0.1343888900144899	
GLRX	0.012128974046138575	0.41027727934826075	0.5775937466056006	
GLRX2	0.20621549359486324	0.02703189854614308	0.7667526078589937	
GLRX3	0.4338361210799743	0.5228028179343396	0.04336106098568611	
GLRX5	0.008221683048883077	0.4467295957681159	0.5450487211830011	
GLS	0.7801703991077551	0.03166232053604583	0.18816728035619906	
GLT1D1	0.8541528685134686	0.013639579274776714	0.13220755221175468	
GLT8D1	0.030007415809035154	0.05202504513476948	0.9179675390561953	
GLT8D2	0.7292294018008422	0.013362304378064719	0.2574082938210931	
GLTP	0.01491089651916576	0.3399235027476368	0.6451656007331974	
GLUD1	0.051649762546551445	0.051649762546551445	0.8967004749068972	
GLUD2	0.18918224817678253	0.38238580785361	0.4284319439696075	
GLUL	0.026251915546290975	0.026251915546290975	0.947496168907418	
GLYCTK	0.6061886971222947	0.0137740282550478	0.3800372746226574	
GLYR1	0.3932583958588531	0.1881529096666016	0.4185886944745452	
GM2A	0.010134328025699335	0.4915415645761919	0.49832410739810873	
GMCL1	0.4354152736436391	0.5527339779238714	0.011850748432489447	
GMDS	0.9639684032184559	0.01801579839077201	0.01801579839077201	
GMDS-DT	0.9805825242718447	0.009708737864077669	0.009708737864077669	
GMEB1	0.5689764424812179	0.4191334072338135	0.01189015028496857	
GMEB2	0.5145748428208631	0.4032055097805976	0.08221964739853924	
GMFB	0.17252327783733087	0.30652686429279596	0.5209498578698731	
GMFG	0.0135039110727057	0.0135039110727057	0.9729921778545886	
GMIP	0.01928759102093638	0.01928759102093638	0.9614248179581272	
GMNN	0.3147280411343681	0.16983389673185298	0.5154380621337789	
GMPPA	0.015769553730299837	0.3702865456418422	0.613943900627858	
GMPPB	0.013214365975890194	0.013214365975890194	0.9735712680482196	
GMPR	0.49018608695403065	0.010492864898890052	0.49932104814707934	
GMPR2	0.013916232937198581	0.19082922373374117	0.7952545433290603	
GMPS	0.7334190173502783	0.2393600356622196	0.027220946987502114	
GNA11	0.2023943812372647	0.3726183170070866	0.42498730175564875	
GNA12	0.6698631089823504	0.31909325393704013	0.011043637080609391	
GNA13	0.7825664409063883	0.054628047723566546	0.162805511370045	
GNA14	0.9776093567270363	0.011195321636481834	0.011195321636481834	
GNA15	0.13251830527088315	0.013533597901288804	0.853948096827828	
GNAI1	0.9173708731113848	0.07254733498571259	0.010081791902902704	
GNAI2	0.026012797898475257	0.026012797898475257	0.9479744042030495	
GNAI3	0.9390843646079287	0.030457817696035668	0.030457817696035668	
GNAL	0.8896023589566446	0.09526616438109112	0.015131476662264151	
GNAO1	0.9742451202792541	0.012877439860372932	0.012877439860372932	
GNAQ	0.9532733379288257	0.02336333103558709	0.02336333103558709	
GNAS	0.04103362139429783	0.626959868570086	0.33200651003561615	
GNAS-AS1	0.6049446347034546	0.3867411601130386	0.008314205183506743	
GNAZ	0.4660514202728358	0.013275863045199949	0.5206727166819642	
GNB1	0.7959976649380489	0.10200116753097559	0.10200116753097559	
GNB1L	0.7283337747063573	0.2599967703042292	0.011669454989413538	
GNB2	0.013064212244147229	0.013064212244147229	0.9738715755117056	
GNB4	0.954275139333103	0.022862430333448452	0.022862430333448452	
GNB5	0.8293291786850705	0.01842091891849442	0.15224990239643496	
GNE	0.3494638115644689	0.5235906049922149	0.12694558344331638	
GNG11	0.010732898835640612	0.010732898835640612	0.9785342023287188	
GNG12	0.3076138449937554	0.6308727750449219	0.06151337996132273	
GNG12-AS1	0.8804703781908841	0.10986019419141167	0.009669427617704087	
GNG2	0.9653141311508765	0.01734293442456172	0.01734293442456172	
GNG4	0.9782077096866307	0.010896145156684627	0.010896145156684627	
GNG7	0.9759183060139953	0.012040846993002325	0.012040846993002325	
GNGT1	0.5282440370407652	0.46471248435514817	0.007043478604086597	
GNL1	0.5442144954584273	0.25643370096642376	0.19935180357514903	
GNL2	0.5487367728903269	0.11125539569664265	0.3400078314130305	
GNL3	0.07692231927525302	0.5835910582623396	0.3394866224624076	
GNL3L	0.8685043049389347	0.11579848811027953	0.015697206950785674	
GNLY	0.0120686449089653	0.0120686449089653	0.9758627101820694	
GNPAT	0.46119307201868814	0.06603195051066436	0.4727749774706476	
GNPDA1	0.019156649504544116	0.019156649504544116	0.9616867009909117	
GNPDA2	0.7379667615004277	0.03576399523966437	0.22626924325990785	
GNPNAT1	0.47566988239991237	0.0184874141151847	0.5058427034849029	
GNPTAB	0.9097127196186101	0.030720174062139186	0.059567106319250676	
GNPTG	0.03703390856845571	0.03703390856845571	0.9259321828630885	
GNRH1	0.3364615467080361	0.015950283015565326	0.6475881702763986	
GNS	0.11869116434958235	0.034628626544131465	0.8466802091062862	
GOLGA1	0.9712830005821101	0.014358499708944905	0.014358499708944905	
GOLGA2	0.4353520986993525	0.4370440011709802	0.12760390012966732	
GOLGA3	0.5645595535042721	0.41812014791312063	0.017320298582607224	
GOLGA4	0.572372878478428	0.41347972126496824	0.01414740025660381	
GOLGA5	0.239523997617113	0.6486655760398956	0.11181042634299135	
GOLGA6L10	0.9666712514436835	0.01666437427815826	0.01666437427815826	
GOLGA6L4	0.3572608961429125	0.3213695519285438	0.3213695519285438	
GOLGA6L9	0.6465239672226482	0.01691503575982327	0.3365609970175285	
GOLGA7	0.027896497609051572	0.027896497609051572	0.9442070047818968	
GOLGA8A	0.7524223956240628	0.010071940600892629	0.23750566377504456	
GOLGA8B	0.7937222918602689	0.01207027826918821	0.1942074298705429	
GOLGA8M	0.9536525021418859	0.023173748929057048	0.023173748929057048	
GOLGA8N	0.5624059729157684	0.017358902502012937	0.4202351245822187	
GOLGA8R	0.515729902464445	0.019472353299811028	0.4647977442357438	
GOLGB1	0.6311022880105295	0.35656689246883533	0.012330819520635193	
GOLIM4	0.9623218509813103	0.01883907450934482	0.01883907450934482	
GOLM1	0.5434645816371722	0.0244377924153212	0.43209762594750656	
GOLPH3	0.0545889860091595	0.686914723897355	0.25849629009348557	
GOLPH3L	0.8947351195187067	0.0706391907029927	0.0346256897783005	
GOLT1A	0.13514948048096453	0.5337978615384331	0.33105265798060224	
GOLT1B	0.2199068055412192	0.2919038083748123	0.48818938608396845	
GON4L	0.9575632447263791	0.021218377636810434	0.021218377636810434	
GON7	0.11873717228407028	0.015341987637717772	0.8659208400782119	
GOPC	0.5557782172894261	0.2701432861735307	0.17407849653704321	
GORAB	0.8569584902685746	0.12902472107294108	0.014016788658484327	
GORASP1	0.22729064591850368	0.21620679307606097	0.5565025610054354	
GORASP2	0.019182162275171923	0.6348301278777196	0.34598770984710836	
GOSR1	0.6304963422847484	0.3500205759438023	0.019483081771449348	
GOT1	0.017883219436057515	0.3169639699095094	0.665152810654433	
GOT2	0.024157390312038507	0.024157390312038507	0.951685219375923	
GP6	0.6988632902612286	0.2890159279656762	0.012120781773095118	
GPAA1	0.010291951221213975	0.23387275284246828	0.7558352959363177	
GPALPP1	0.9711610221078828	0.014419488946058564	0.014419488946058564	
GPAM	0.7867164421276931	0.1972827657810491	0.01600079209125785	
GPANK1	0.23252239579725376	0.1988384125582489	0.5686391916444973	
GPAT2	0.3347881796138043	0.024263088209275155	0.6409487321769206	
GPAT3	0.7537639655537481	0.00967501037135683	0.23656102407489493	
GPAT4	0.48397910520755033	0.1559849015202907	0.360035993272159	
GPATCH1	0.7973738213740438	0.18646818401856685	0.016157994607389405	
GPATCH11	0.6701636826810632	0.3000070857205652	0.029829231598371586	
GPATCH2	0.9544569323608819	0.03238328454516137	0.013159783093956686	
GPATCH2L	0.9593857560059733	0.020307121997013327	0.020307121997013327	
GPATCH3	0.015548028637996687	0.4128783511135159	0.5715736202484875	
GPATCH4	0.020976036576234588	0.020976036576234588	0.9580479268475308	
GPATCH8	0.9294708092621466	0.041177347006390044	0.029351843731463267	
GPBAR1	0.015541456476239461	0.015541456476239461	0.968917087047521	
GPBP1	0.7451623575231016	0.19695942320438276	0.05787821927251565	
GPBP1L1	0.6974638620719341	0.2622397393358615	0.04029639859220435	
GPC1	0.05842603188089981	0.4662065217104476	0.47536744640865264	
GPC2	0.36725441706177936	0.4834586008144277	0.1492869821237929	
GPC3	0.8474687278876643	0.02311610913269322	0.12941516297964256	
GPC4	0.7412772537747161	0.10591638134304249	0.15280636488224142	
GPC6	0.980015248227293	0.009992375886353532	0.009992375886353532	
GPCPD1	0.9561194535343135	0.021940273232843224	0.021940273232843224	
GPD1L	0.4945077538717028	0.16487700403877042	0.34061524208952676	
GPD2	0.9663537789476506	0.016823110526174682	0.016823110526174682	
GPER1	0.32216746290655435	0.0095145962248116	0.6683179408686339	
GPHN	0.9729827380424322	0.013508630978783881	0.013508630978783881	
GPI	0.17310658079398777	0.047255358873149085	0.7796380603328632	
GPKOW	0.018621176020023732	0.17619643338444912	0.8051823905955271	
GPLD1	0.9714896381504037	0.014255180924798137	0.014255180924798137	
GPM6A	0.9787059876785349	0.010647006160732522	0.010647006160732522	
GPM6B	0.9745195066531331	0.012740246673433396	0.012740246673433396	
GPN1	0.018957113457939715	0.15716537434380085	0.8238775121982594	
GPN2	0.022742959681808655	0.49757391127244616	0.4796831290457452	
GPN3	0.01766924040932042	0.24361980365899483	0.7387109559316848	
GPNMB	0.01839186443072921	0.01839186443072921	0.9632162711385416	
GPR107	0.6474066559279242	0.33445781734307706	0.01813552672899858	
GPR108	0.015613285572123773	0.015613285572123773	0.9687734288557525	
GPR132	0.6049776770578813	0.01179064712909088	0.3832316758130278	
GPR135	0.9709527102945921	0.014523644852703972	0.014523644852703972	
GPR137	0.1687918132295856	0.5951121895211438	0.23609599724927066	
GPR137B	0.888241650985149	0.02513371397452051	0.08662463504033051	
GPR137C	0.9778335240452317	0.011083237977384105	0.011083237977384105	
GPR143	0.5221068697490729	0.4653547825940918	0.012538347656835203	
GPR146	0.3187225531177613	0.47636733083353855	0.20491011604870016	
GPR153	0.4841529789202679	0.013296340151384744	0.5025506809283473	
GPR155	0.8827505792940882	0.014579916561426261	0.10266950414448558	
GPR157	0.26373007021192346	0.4019576672334974	0.334312262554579	
GPR158	0.4651020594299315	0.5287924339610178	0.006105506609050724	
GPR160	0.6955997341217535	0.017301703502404005	0.28709856237584247	
GPR161	0.9696319603317202	0.015184019834139893	0.015184019834139893	
GPR162	0.2695272534160485	0.012750571720335523	0.7177221748636159	
GPR171	0.013240250648333512	0.013240250648333512	0.973519498703333	
GPR173	0.9730778392267162	0.013461080386641873	0.013461080386641873	
GPR174	0.4973642010497981	0.025820759865605003	0.4768150390845968	
GPR176	0.9622566560426312	0.01887167197868436	0.01887167197868436	
GPR18	0.1923127951514655	0.01782552650686382	0.7898616783416708	
GPR180	0.9693129409206321	0.015343529539683924	0.015343529539683924	
GPR183	0.01069364083698589	0.01069364083698589	0.9786127183260283	
GPR22	0.8633470694714083	0.0683264652642958	0.0683264652642958	
GPR34	0.06877666631866981	0.011967088955363395	0.9192562447259668	
GPR35	0.48361548942086185	0.016085661772503066	0.5002988488066351	
GPR37	0.2835355029656127	0.4513261594526656	0.2651383375817217	
GPR63	0.971323325769914	0.014338337115042982	0.014338337115042982	
GPR65	0.26719715285357026	0.02476657846399964	0.7080362686824301	
GPR68	0.4107662997296572	0.014445374402719133	0.5747883258676236	
GPR78	0.28961990964858614	0.7034155796616941	0.006964510689719743	
GPR82	0.9116791995668789	0.04416040021656049	0.04416040021656049	
GPR85	0.949203527259572	0.025398236370213968	0.025398236370213968	
GPR87	0.07443725577035962	0.6161324963893977	0.3094302478402428	
GPR89A	0.9481533909096946	0.025923304545152643	0.025923304545152643	
GPR89B	0.9138650732007827	0.07211220748630098	0.014022719312916264	
GPRC5A	0.4718321513824305	0.011448030745985395	0.516719817871584	
GPRC5B	0.4542119323145157	0.009103034819382391	0.536685032866102	
GPRC5C	0.3355729018430609	0.013775028176160463	0.6506520699807786	
GPRC5D-AS1	0.5543000832624104	0.4368333620834176	0.008866554654171962	
GPRIN1	0.9204271515073372	0.03978642424633137	0.03978642424633137	
GPRIN3	0.9712914511501555	0.014354274424922273	0.014354274424922273	
GPS1	0.013036921438848327	0.033769994300800535	0.9531930842603511	
GPS2	0.008970696448284576	0.08498896227497313	0.9060403412767423	
GPSM1	0.7584178402713745	0.013745247907001875	0.2278369118216237	
GPSM2	0.579953454418876	0.41341982884721257	0.006626716733911334	
GPSM3	0.01095674592002118	0.01095674592002118	0.9780865081599576	
GPT	0.09855873542789828	0.2433911180926395	0.6580501464794623	
GPT2	0.2746708604069686	0.4209704434304652	0.3043586961625663	
GPX3	0.008964834333319432	0.08558689800141794	0.9054482676652627	
GPX4	0.009888719408591736	0.2275509210429684	0.7625603595484399	
GPX7	0.026719205439391058	0.019303343488283074	0.9539774510723259	
GPX8	0.2704114227177794	0.1292674739201783	0.6003211033620424	
GRAMD1A	0.49708756656482933	0.028147082878483415	0.4747653505566872	
GRAMD1B	0.5383523960400879	0.45525509851668416	0.006392505443227963	
GRAMD1C	0.9658712787820879	0.017064360608956046	0.017064360608956046	
GRAMD2A	0.21688445318258265	0.5386452940456606	0.2444702527717567	
GRAMD2B	0.5056719977077957	0.48223997717636186	0.01208802511584246	
GRAMD4	0.4829309232139844	0.03144806872675504	0.48562100805926056	
GRAP	0.44946745942146465	0.021901642022470365	0.5286308985560649	
GRAP2	0.9545328089423777	0.02273359552881114	0.02273359552881114	
GRB10	0.9735263370038921	0.013236831498053901	0.013236831498053901	
GRB14	0.6763498963565574	0.012254112363571096	0.3113959912798714	
GRB2	0.42425056070965417	0.08933690536962965	0.4864125339207161	
GRB7	0.20324918616296794	0.3797394510679754	0.41701136276905665	
GREB1	0.9793184052721009	0.010340797363949533	0.010340797363949533	
GREB1L	0.7686831289333002	0.22305201377167808	0.008264857295021672	
GREM1	0.489086216726589	0.01175911424120381	0.4991546690322073	
GREM2	0.46678511778134	0.5259524465515448	0.007262435667115089	
GRHL1	0.2916127578888066	0.5883612904499217	0.12002595166127168	
GRHL2	0.4755920099967216	0.5180366773091332	0.00637131269414523	
GRHL3	0.40232223738734485	0.40958942743042565	0.18808833518222942	
GRHPR	0.02783232371477246	0.06186032581393948	0.9103073504712881	
GRIA1	0.9771230262643504	0.011438486867824746	0.011438486867824746	
GRIA3	0.9790685694829971	0.010465715258501415	0.010465715258501415	
GRIA4	0.9801493859555469	0.009925307022226614	0.009925307022226614	
GRIK2	0.9805825242718447	0.009708737864077669	0.009708737864077669	
GRIN2C	0.6809322056951898	0.013338200005943398	0.3057295942988669	
GRIN2D	0.6506742474316071	0.3371009501552566	0.012224802413136233	
GRINA	0.012739828341824612	0.012739828341824612	0.9745203433163507	
GRIP1	0.529856934587114	0.46483455893885955	0.005308506474026305	
GRIP2	0.9664532345609469	0.016773382719526535	0.016773382719526535	
GRIPAP1	0.9282094062026509	0.03589529689867451	0.03589529689867451	
GRK2	0.02030316662621874	0.02030316662621874	0.9593936667475624	
GRK3	0.9720456090256668	0.013977195487166558	0.013977195487166558	
GRK4	0.9716195651296345	0.014190217435182733	0.014190217435182733	
GRK5	0.961493942819193	0.024559677758736062	0.013946379422070986	
GRK6	0.04041338069230223	0.04041338069230223	0.9191732386153956	
GRM7	0.980172575172274	0.009913712413863083	0.009913712413863083	
GRN	0.011103402738464194	0.011103402738464194	0.9777931945230716	
GRPEL1	0.0655485749793251	0.18889554584153442	0.7455558791791405	
GRPEL2	0.2574130297960047	0.01803204012406486	0.7245549300799304	
GRSF1	0.12644270918953437	0.367763284692839	0.5057940061176266	
GRTP1	0.3904003994404941	0.5451957253395566	0.06440387521994942	
GRWD1	0.01893586710294774	0.14202020820115394	0.8390439246958984	
GSAP	0.9626271673532615	0.01868641632336926	0.01868641632336926	
GSDMA	0.36494576612287066	0.00887708813962567	0.6261771457375037	
GSDMB	0.38753749375112706	0.2940380439898143	0.3184244622590586	
GSDMD	0.009002349307595931	0.2634552400956268	0.7275424105967772	
GSDME	0.4099233796603953	0.5799415097973089	0.010135110542295805	
GSE1	0.5436305028330757	0.4433511734082852	0.013018323758639158	
GSEC	0.4748498956197633	0.5166170617484319	0.008533042631804775	
GSG1L	0.9755893513003501	0.012205324349824973	0.012205324349824973	
GSK3A	0.009201109497917017	0.1454195836714429	0.84537930683064	
GSK3B	0.6484801761256619	0.33841234907330253	0.013107474801035593	
GSKIP	0.028488628911999443	0.10722620276141567	0.8642851683265849	
GSN	0.031879126617544454	0.031879126617544454	0.936241746764911	
GSN-AS1	0.5203355052992498	0.05115479153733666	0.4285097031634136	
GSPT1	0.3398811359059332	0.49662387772462896	0.1634949863694379	
GSPT2	0.017780444899526984	0.017780444899526984	0.964439110200946	
GSR	0.09431843110385701	0.3424304255647848	0.5632511433313582	
GSS	0.026612499386469608	0.34614977945321496	0.6272377211603154	
GSTA3	0.11513681627959882	0.5036370378787844	0.3812261458416168	
GSTA4	0.16916767974436772	0.6399106598429013	0.190921660412731	
GSTCD	0.9028414289016785	0.0836552458299698	0.013503325268351565	
GSTK1	0.02766986021510909	0.02766986021510909	0.9446602795697818	
GSTM2	0.011571252712911978	0.011571252712911978	0.976857494574176	
GSTM3	0.16218084872041194	0.013482261080886848	0.8243368901987013	
GSTM4	0.02253806770791646	0.02253806770791646	0.954923864584167	
GSTM5	0.014757163096109246	0.014757163096109246	0.9704856738077815	
GSTO1	0.02158967578818673	0.02158967578818673	0.9568206484236265	
GSTO2	0.6028588290863808	0.38526830383151006	0.01187286708210912	
GSTP1	0.008160386325971639	0.271801842812857	0.7200377708611713	
GSTT2B	0.07634301967757197	0.009449859249047947	0.9142071210733801	
GSTZ1	0.010158296715491967	0.3710935294327842	0.6187481738517239	
GTDC1	0.97330457994498	0.013347710027509996	0.013347710027509996	
GTF2A1	0.6091091465167213	0.3682223665508401	0.022668486932438597	
GTF2A2	0.013171791387400374	0.2244216004772602	0.7624066081353394	
GTF2B	0.39098937025951	0.24300776489615172	0.36600286484433825	
GTF2E1	0.9035880358791192	0.048205982060440355	0.048205982060440355	
GTF2E2	0.8444677967917279	0.10710610487167813	0.04842609833659393	
GTF2F1	0.021050072384401517	0.021050072384401517	0.9578998552311969	
GTF2F2	0.9614570877135286	0.019271456143235714	0.019271456143235714	
GTF2H1	0.7428120831449148	0.239304911457049	0.01788300539803622	
GTF2H2	0.9643611248123328	0.017819437593833573	0.017819437593833573	
GTF2H2C	0.9689526830141061	0.01552365849294692	0.01552365849294692	
GTF2H3	0.6982107126076939	0.26321046927211506	0.03857881812019111	
GTF2H5	0.02189459463719624	0.02189459463719624	0.9562108107256074	
GTF2I	0.339398469417637	0.6346339957784854	0.02596753480387746	
GTF2IRD1	0.9751755079993466	0.012412246000326681	0.012412246000326681	
GTF2IRD2B	0.9598931762343004	0.020053411882849804	0.020053411882849804	
GTF3A	0.021655994621077927	0.021655994621077927	0.9566880107578442	
GTF3C1	0.9282554532082153	0.0358722733958923	0.0358722733958923	
GTF3C2	0.25029906419376596	0.5386129843878694	0.2110879514183646	
GTF3C3	0.7803609743611465	0.1949038137667478	0.024735211872105776	
GTF3C4	0.6388270711433833	0.16702171706104002	0.19415121179557673	
GTF3C5	0.02424769236815281	0.4259299276028558	0.5498223800289913	
GTF3C6	0.01302783769300522	0.01302783769300522	0.9739443246139895	
GTPBP1	0.3668398844894145	0.030800268917235297	0.6023598465933502	
GTPBP10	0.958056450867193	0.020971774566403444	0.020971774566403444	
GTPBP2	0.17844471113705687	0.029037578652019447	0.7925177102109238	
GTPBP3	0.3010670018375217	0.1464151926669326	0.5525178054955457	
GTPBP4	0.6027778710632721	0.37781247463041395	0.019409654306313785	
GTPBP8	0.6562297949255511	0.3199659216915993	0.02380428338284947	
GTSE1	0.4915448749253326	0.5027823140265382	0.005672811048129141	
GTSF1	0.11460019678776169	0.6154016211608453	0.2699981820513929	
GUCD1	0.015766817689051537	0.015766817689051537	0.968466364621897	
GUCY1A1	0.9691760107754357	0.015411994612282142	0.015411994612282142	
GUCY1A2	0.9798677170777532	0.01006614146112339	0.01006614146112339	
GUCY1B1	0.7762518868650268	0.01851698348012155	0.2052311296548516	
GUF1	0.9658062827236203	0.017096858638189803	0.017096858638189803	
GUK1	0.024812857392484188	0.024812857392484188	0.9503742852150315	
GULP1	0.6184529655738131	0.37433679053860797	0.007210243887578871	
GUSB	0.02725010493809861	0.02725010493809861	0.9454997901238027	
GVQW3	0.9696944019461947	0.015152799026902631	0.015152799026902631	
GXYLT1	0.6300016592584293	0.35709364568393326	0.012904695057637286	
GXYLT2	0.9771909727652387	0.011404513617380617	0.011404513617380617	
GYG1	0.01738254708577193	0.01738254708577193	0.9652349058284561	
GYG2	0.8516908020749551	0.018967295320070354	0.1293419026049745	
GYPC	0.3521304178762525	0.021633090022279533	0.6262364921014679	
GYPE	0.9752076018983564	0.012396199050821776	0.012396199050821776	
GYS1	0.6811264682295336	0.187117199716931	0.13175633205353532	
GZF1	0.2426173259492839	0.03126392694768278	0.7261187471030334	
GZMA	0.009952216870356443	0.009952216870356443	0.9800955662592871	
GZMB	0.011440990253935253	0.011440990253935253	0.9771180194921295	
GZMH	0.03796248312850144	0.03796248312850144	0.924075033742997	
GZMM	0.013581413866011508	0.013581413866011508	0.972837172267977	
H6PD	0.431090550695385	0.02270094814461838	0.5462085011599966	
HAAO	0.5128814071449384	0.016954248058871486	0.47016434479619024	
HABP4	0.7894793091576059	0.017382245528458105	0.1931384453139359	
HACD1	0.9488549259810404	0.017502674686833253	0.033642399332126406	
HACD2	0.6010086520845644	0.24531999984357847	0.15367134807185706	
HACD3	0.27560696152694647	0.42098430777981605	0.3034087306932375	
HACD4	0.7550229835273409	0.028235794768434273	0.21674122170422475	
HACE1	0.971489752585955	0.014255123707022482	0.014255123707022482	
HACL1	0.4733906687312881	0.14777543531696533	0.37883389595174655	
HADH	0.406898031562463	0.031048569609323617	0.5620533988282133	
HADHA	0.050566067908295924	0.050566067908295924	0.8988678641834082	
HADHB	0.05005825731229095	0.36023955068299557	0.5897021920047134	
HAGH	0.021269815055042243	0.021269815055042243	0.9574603698899155	
HAGHL	0.260302917849548	0.015097732137186024	0.724599350013266	
HAL	0.25407415185024745	0.012972250141421006	0.7329535980083316	
HAMP	0.0277659671807051	0.0277659671807051	0.9444680656385898	
HAND2	0.3076533236186773	0.01587329107696392	0.6764733853043587	
HAND2-AS1	0.9751372839380221	0.012431358030988953	0.012431358030988953	
HAP1	0.2603560499218802	0.013848614857021536	0.7257953352210982	
HAPLN1	0.9657101529041339	0.01714492354793304	0.01714492354793304	
HAPLN3	0.2717862918901866	0.12041210795198538	0.607801600157828	
HARBI1	0.467824165523847	0.4700689513298328	0.06210688314632023	
HARS2	0.025802815261178613	0.2669337823995941	0.7072634023392272	
HAS2	0.7351002802412677	0.01096823296560136	0.25393148679313093	
HAS3	0.12213009051069688	0.03304232976589075	0.8448275797234124	
HAT1	0.4398422768808848	0.23217448958224587	0.3279832335368694	
HAUS1	0.6262746237120658	0.020927797822153045	0.3527975784657811	
HAUS2	0.8521143433911812	0.11500714101557993	0.03287851559323892	
HAUS5	0.5631912084218327	0.27805477537299206	0.15875401620517532	
HAUS6	0.6948833284592264	0.29014266333594585	0.014974008204827713	
HAUS7	0.009079223110782809	0.5033873861191377	0.4875333907700794	
HAUS8	0.4667701423829136	0.5227924495438154	0.010437408073271074	
HAVCR2	0.9074811141076841	0.021131693432086644	0.07138719246022923	
HAX1	0.012068976534647743	0.012068976534647743	0.9758620469307044	
HBA1	0.12510890383035028	0.008577363687937743	0.866313732481712	
HBA2	0.017801108278733744	0.010336491327573478	0.9718624003936928	
HBB	0.009708737864077669	0.009708737864077669	0.9805825242718447	
HBEGF	0.062187621319591796	0.015082434575564053	0.9227299441048442	
HBM	0.8646693169540742	0.00903333747705195	0.1262973455688739	
HBP1	0.8938474876079346	0.05307625619603265	0.05307625619603265	
HBS1L	0.5146343793426297	0.45568536943046506	0.029680251226905333	
HBZ	0.44164742834177984	0.5481088650179562	0.010243706640263951	
HCAR1	0.09714559827234705	0.6623949423587624	0.24045945936889065	
HCCS	0.014928463538692016	0.13895480892201445	0.8461167275392935	
HCFC1	0.0454650602195558	0.40707027146911035	0.5474646683113339	
HCFC1R1	0.009708737864077669	0.009708737864077669	0.9805825242718447	
HCFC2	0.9624367955314974	0.018781602234251276	0.018781602234251276	
HCG11	0.2884739625272924	0.025384121775022854	0.6861419156976847	
HCG18	0.5868465457698407	0.01833577093612109	0.3948176832940382	
HCG25	0.8659637503390412	0.02960732455945402	0.10442892510150482	
HCK	0.2043290394480821	0.026002687672380266	0.7696682728795377	
HCLS1	0.017428691343861775	0.017428691343861775	0.9651426173122765	
HCN2	0.7487476849440489	0.02195811808359623	0.2292941969723548	
HCN3	0.41399554542802586	0.024783475237447936	0.5612209793345262	
HCST	0.009708737864077669	0.009708737864077669	0.9805825242718447	
HDAC1	0.03286714393756567	0.3223317452806716	0.6448011107817628	
HDAC10	0.16814819920699214	0.03129775919094746	0.8005540416020605	
HDAC11	0.42758338881873864	0.020818860458714932	0.5515977507225464	
HDAC2	0.16539174336899728	0.7094416971597988	0.1251665594712038	
HDAC2-AS2	0.9629184280011228	0.027008788095032106	0.01007278390384507	
HDAC3	0.02065820421971286	0.31461652695556885	0.6647252688247183	
HDAC4	0.9731317932062387	0.013434103396880672	0.013434103396880672	
HDAC5	0.3383372364011962	0.5321903203927881	0.1294724432060158	
HDAC6	0.5948577141943805	0.023631091989566186	0.38151119381605325	
HDAC7	0.13619346130368473	0.02829661558589841	0.8355099231104169	
HDAC9	0.9785675054255722	0.010716247287213888	0.010716247287213888	
HDDC2	0.025162756268753278	0.06266976282554354	0.9121674809057032	
HDDC3	0.01778697192036824	0.17679547800944687	0.8054175500701849	
HDGF	0.011695078117991609	0.3984891281525866	0.5898157937294217	
HDGFL2	0.10052214726528029	0.042714169857679264	0.8567636828770404	
HDGFL3	0.9718460009437139	0.014076999528143034	0.014076999528143034	
HDHD2	0.010206693236873409	0.010206693236873409	0.9795866135262532	
HDHD3	0.010309931913760059	0.3556595982666343	0.6340304698196056	
HDHD5	0.3264773636184609	0.028110002289133032	0.645412634092406	
HDHD5-AS1	0.9346843968117274	0.03265780159413626	0.03265780159413626	
HDLBP	0.10007251257434525	0.733729682246765	0.16619780517888968	
HDX	0.9778557838327844	0.011072108083607802	0.011072108083607802	
HEATR1	0.9569345314016424	0.02153273429917877	0.02153273429917877	
HEATR3	0.9729579967927959	0.01352100160360203	0.01352100160360203	
HEATR5A	0.7639940940343775	0.22216205921669965	0.013843846748923012	
HEATR5B	0.9372667022892355	0.03136664885538226	0.03136664885538226	
HEATR6	0.962252037772518	0.018873981113741	0.018873981113741	
HEBP1	0.02232336804201764	0.02232336804201764	0.9553532639159646	
HEBP2	0.11264800566667785	0.4596287785856895	0.4277232157476326	
HECA	0.23722240926183172	0.0338338240064072	0.7289437667317611	
HECTD1	0.8424602697501685	0.13961543932740855	0.01792429092242286	
HECTD2	0.9714105547206413	0.014294722639679347	0.014294722639679347	
HECTD3	0.019944006843734863	0.019944006843734863	0.9601119863125304	
HECTD4	0.9715825076396382	0.014208746180180898	0.014208746180180898	
HECW1	0.9783921924314808	0.010803903784259576	0.010803903784259576	
HECW2	0.979395876713317	0.010302061643341534	0.010302061643341534	
HEG1	0.9506570801311378	0.018096653286819052	0.03124626658204317	
HELB	0.9769490839645253	0.011525458017737338	0.011525458017737338	
HELLS	0.6273139134549333	0.3651450208154048	0.0075410657296620534	
HELQ	0.9489654477237871	0.025517276138106403	0.025517276138106403	
HELZ	0.965151554821203	0.017424222589398495	0.017424222589398495	
HELZ2	0.5113023188995078	0.016812005764383492	0.47188567533610876	
HEMK1	0.6800225188687256	0.07685096850812168	0.24312651262315274	
HENMT1	0.29822725696217006	0.020567707794662365	0.6812050352431676	
HEPH	0.7713694165678013	0.014254100181510502	0.21437648325068812	
HERC1	0.957854184498018	0.023441370904250435	0.01870444459773153	
HERC2	0.9741749570693238	0.01291252146533811	0.01291252146533811	
HERC3	0.02421605013569935	0.02421605013569935	0.9515678997286012	
HERC4	0.7622789738376733	0.22121973996816605	0.0165012861941607	
HERC5	0.3874058056468768	0.026456696005777956	0.5861374983473453	
HERC6	0.8452659348477672	0.028054690872315737	0.12667937427991702	
HERPUD1	0.025281051285918992	0.025281051285918992	0.949437897428162	
HERPUD2	0.920802462035573	0.03959876898221343	0.03959876898221343	
HES1	0.015217663266089112	0.015217663266089112	0.9695646734678217	
HES2	0.11704688070111664	0.603068945307397	0.27988417399148646	
HES4	0.20826959146697652	0.012099722454906706	0.7796306860781168	
HES6	0.01287196815779133	0.01287196815779133	0.9742560636844173	
HESX1	0.9470109069877154	0.026494546506142257	0.026494546506142257	
HEXA-AS1	0.8936445546502637	0.053177722674868096	0.053177722674868096	
HEXB	0.01026488246766412	0.5986040544268605	0.3911310631054754	
HEXIM1	0.008600448295161437	0.4873016191104994	0.5040979325943392	
HEXIM2	0.5443842766069213	0.03420015192685115	0.4214155714662274	
HEY1	0.2940943498623462	0.021021291594024067	0.6848843585436297	
HEY2	0.6168295000266188	0.01787427345711002	0.365296226516271	
HEYL	0.26442464086884676	0.007458162991347873	0.7281171961398053	
HFE	0.40474499856080026	0.017516608180665437	0.5777383932585344	
HFM1	0.9773356522558507	0.011332173872074646	0.011332173872074646	
HGD	0.38503504283825374	0.010365960466802743	0.6045989966949434	
HGF	0.6165705954643387	0.009079717634381665	0.3743496869012796	
HGH1	0.12818354850392633	0.010957015211790497	0.8608594362842832	
HGS	0.020360578477000804	0.44219268951473034	0.5374467320082688	
HGSNAT	0.9488025466677568	0.02559872666612162	0.02559872666612162	
HHAT	0.7437473699703372	0.24837807232275552	0.007874557706907268	
HHEX	0.016784828687279617	0.016784828687279617	0.9664303426254407	
HHIP	0.9742067368426198	0.012896631578690095	0.012896631578690095	
HHIPL1	0.958348838849978	0.02082558057501096	0.02082558057501096	
HIBADH	0.33980905413016377	0.6103817190588513	0.049809226810984895	
HIBCH	0.948604797473264	0.025697601263368005	0.025697601263368005	
HIC1	0.38546924077822564	0.014581069024274605	0.5999496901974997	
HIC2	0.4754304159234838	0.5152508963026664	0.009318687773849825	
HID1	0.1682084450960613	0.22658596585524543	0.6052055890486931	
HIF1A	0.19373978067127257	0.05184870252809741	0.7544115168006301	
HIF1AN	0.6717013305719948	0.3098537779667166	0.018444891461288714	
HIF3A	0.9790997696337064	0.010450115183146803	0.010450115183146803	
HIGD1B	0.12082303477126784	0.023140917124511873	0.8560360481042203	
HIKESHI	0.30685209289774906	0.3542162005423533	0.3389317065598976	
HINFP	0.6533165232449903	0.031603988845197155	0.3150794879098125	
HINT1	0.015880504234226576	0.2689676181735893	0.7151518775921841	
HINT3	0.0820292399226705	0.03774848171504131	0.8802222783622881	
HIP1	0.976381474153172	0.011809262923413968	0.011809262923413968	
HIP1R	0.41400320673215957	0.017676709977169993	0.5683200832906704	
HIPK1	0.6382578576862596	0.040022863037589014	0.3217192792761513	
HIPK1-AS1	0.9306109336645892	0.03469453316770534	0.03469453316770534	
HIPK2	0.9692924442192118	0.015353777890394086	0.015353777890394086	
HIPK3	0.9147446897393131	0.04262765513034341	0.04262765513034341	
HIRA	0.07998510274560716	0.04172520075294648	0.8782896965014464	
HIRIP3	0.01402099253747372	0.18750541441367843	0.7984735930488479	
HIVEP1	0.9734028877209364	0.013298556139531802	0.013298556139531802	
HIVEP2	0.9674069082604081	0.01629654586979593	0.01629654586979593	
HIVEP3	0.979269581209389	0.010365209395305473	0.010365209395305473	
HJURP	0.4801107840732075	0.3742563947323303	0.14563282119446228	
HK1	0.572257731812055	0.02936641088115126	0.39837585730679365	
HK2	0.6547977485398262	0.09307547240672041	0.2521267790534535	
HK3	0.09290271342536327	0.010758825776178852	0.8963384607984579	
HKDC1	0.9627303605489022	0.018634819725548882	0.018634819725548882	
HLA-A	0.01305898274714695	0.01305898274714695	0.9738820345057061	
HLA-B	0.4903906282017121	0.0068801188468181635	0.5027292529514698	
HLA-C	0.36323893274298596	0.007578732254814502	0.6291823350021996	
HLA-DMA	0.3611599371751022	0.008395623612778333	0.6304444392121196	
HLA-DMB	0.010090793231289535	0.010090793231289535	0.9798184135374209	
HLA-DOA	0.011556318087886543	0.011556318087886543	0.9768873638242269	
HLA-DOB	0.024391736954704805	0.024391736954704805	0.9512165260905904	
HLA-DPA1	0.009708737864077669	0.009708737864077669	0.9805825242718447	
HLA-DPB1	0.24075112973990065	0.011658418611470218	0.747590451648629	
HLA-DQA1	0.009708737864077669	0.009708737864077669	0.9805825242718447	
HLA-DQA2	0.3143317704019518	0.009136051615306433	0.6765321779827417	
HLA-DQB1	0.009708737864077669	0.009708737864077669	0.9805825242718447	
HLA-DRA	0.009708737864077669	0.009708737864077669	0.9805825242718447	
HLA-DRB1	0.009910095233673567	0.009910095233673567	0.9801798095326529	
HLA-DRB5	0.009708737864077669	0.009708737864077669	0.9805825242718447	
HLA-E	0.012973589069353513	0.012973589069353513	0.9740528218612929	
HLA-F	0.33619088419298176	0.007387194551977272	0.6564219212550411	
HLA-G	0.085541233330843	0.6200422802840301	0.2944164863851269	
HLCS	0.7598977281828331	0.23014592221125596	0.009956349605910924	
HLF	0.3940994590494988	0.010469750320857703	0.5954307906296435	
HLTF	0.9080262288135722	0.07687948370095059	0.015094287485477175	
HM13	0.34849224955327557	0.09969934285913978	0.5518084075875846	
HMBOX1	0.9735021886502231	0.01324890567488844	0.01324890567488844	
HMBS	0.3714330078071024	0.16949571646895334	0.45907127572394424	
HMCES	0.027267154838140312	0.10947474174377435	0.8632581034180854	
HMCN1	0.9787785324918779	0.01061073375406108	0.01061073375406108	
HMCN2	0.9768246361289589	0.011587681935520544	0.011587681935520544	
HMG20A	0.9397831356034463	0.030108432198276837	0.030108432198276837	
HMG20B	0.010255335459087097	0.5113856467355218	0.47835901780539114	
HMGA1	0.008852911183805382	0.31329166483291926	0.6778554239832755	
HMGA1P4	0.9764108804391785	0.011794559780410751	0.011794559780410751	
HMGA2	0.9805825242718447	0.009708737864077669	0.009708737864077669	
HMGB1	0.1194607367969691	0.1194607367969691	0.7610785264060618	
HMGB2	0.07564924843798983	0.21506740245275965	0.7092833491092505	
HMGB3	0.005812454026878224	0.542598139477925	0.4515894064951968	
HMGCL	0.03276667068626329	0.029542364858132376	0.9376909644556043	
HMGCR	0.47928736989529536	0.028339872680493507	0.4923727574242112	
HMGCS1	0.5445176700301857	0.06280300728973053	0.3926793226800838	
HMGN1	0.017423075607938304	0.505767080227735	0.47680984416432687	
HMGN2	0.023699300707031124	0.23541990942833452	0.7408807898646343	
HMGN3	0.011706447980599801	0.7028514671982581	0.28544208482114214	
HMGN3-AS1	0.28753322648154883	0.7034254073949763	0.009041366123474871	
HMGN4	0.011390557991078725	0.39386030849163645	0.5947491335172849	
HMGN5	0.22723102490709218	0.025794112751369745	0.7469748623415381	
HMGXB3	0.7802277512611245	0.033118213599983896	0.18665403513889142	
HMGXB4	0.549049136122519	0.4367771491027824	0.014173714774698512	
HMMR	0.4574591515969412	0.4711538508035495	0.07138699759950926	
HMOX1	0.011204627396751593	0.07818730851980035	0.9106080640834481	
HMOX2	0.03086674503215223	0.03086674503215223	0.9382665099356955	
HNF1B	0.776323961441961	0.018154965560204663	0.2055210729978342	
HNMT	0.5312169971457712	0.016632497911128856	0.45215050494310005	
HNRNPA0	0.015620108948483301	0.2677878542051389	0.7165920368463778	
HNRNPA2B1	0.15709848007133473	0.8056751964640773	0.037226323464588006	
HNRNPA3	0.036339819656491024	0.6371073660404998	0.32655281430300914	
HNRNPAB	0.01518298937986963	0.22893734847999164	0.7558796621401386	
HNRNPC	0.19000288208979663	0.7449321578440561	0.06506496006614733	
HNRNPD	0.026156282896690055	0.8141453775307668	0.15969833957254315	
HNRNPDL	0.0940071036914922	0.778159395909448	0.12783350039905986	
HNRNPF	0.02710174021856808	0.4096819992119864	0.5632162605694455	
HNRNPH1	0.10746340531381902	0.8123900586683159	0.08014653601786502	
HNRNPH2	0.0094599319145024	0.03718984635350519	0.9533502217319924	
HNRNPH3	0.04748176660731357	0.5123281108948949	0.44019012249779155	
HNRNPK	0.02984505719606967	0.6102025136911753	0.35995242911275493	
HNRNPL	0.018056017373543308	0.42538487081987275	0.5565591118065839	
HNRNPLL	0.9299385841755567	0.042904749377070756	0.0271566664473724	
HNRNPM	0.14236822611691402	0.6432918998182416	0.21433987406484445	
HNRNPR	0.3837684578672024	0.5957985423474028	0.02043299978539482	
HNRNPU	0.44631721305741184	0.48570535811562715	0.06797742882696095	
HNRNPUL1	0.13086650128175276	0.062070525432757394	0.8070629732854899	
HNRNPUL2	0.00952841317571197	0.05404698476640975	0.9364246020578784	
HOMER1	0.7601336972562257	0.23129006175395672	0.008576240989817581	
HOMER2	0.881344877343225	0.012766231208400855	0.10588889144837423	
HOMER3	0.013904882881521342	0.013904882881521342	0.9721902342369573	
HOMEZ	0.5311909227685455	0.0357792934420947	0.4330297837893597	
HOOK1	0.6235122786252196	0.18553927016928093	0.19094845120549941	
HOOK2	0.46284175666863914	0.41818853599672084	0.1189697073346401	
HOOK3	0.9714834214451241	0.014258289277437932	0.014258289277437932	
HOPX	0.020134442433639706	0.020134442433639706	0.9597311151327206	
HORMAD1	0.608505151444223	0.01712901296694653	0.37436583558883046	
HOTAIRM1	0.16652853360624384	0.018276316918301675	0.8151951494754545	
HOXA-AS2	0.9478203719269184	0.02608981403654079	0.02608981403654079	
HOXA10-AS	0.8277081571454151	0.08614592142729251	0.08614592142729251	
HOXA11	0.07428244117954891	0.07396482238003087	0.8517527364404202	
HOXA11-AS	0.8669221926646148	0.06653890366769255	0.06653890366769255	
HOXA13	0.8621743234678907	0.06891283826605461	0.06891283826605461	
HOXA3	0.9663793305451132	0.016810334727443428	0.016810334727443428	
HOXA7	0.05913656116001542	0.03036826345652337	0.9104951753834613	
HOXA9	0.016733424413893864	0.016733424413893864	0.9665331511722123	
HOXB-AS1	0.7671076251409285	0.09974741343855	0.1331449614205216	
HOXB-AS3	0.8854043386084588	0.013437538201175782	0.1011581231903654	
HOXB2	0.10105157260452263	0.38053370500898387	0.5184147223864936	
HOXB3	0.8303633457183973	0.01186036629050819	0.15777628799109442	
HOXB6	0.7888498267766799	0.10557508661166011	0.10557508661166011	
HOXB7	0.16179808302206558	0.011498146398112695	0.8267037705798217	
HOXC4	0.7571286665088048	0.019704938500849683	0.22316639499034552	
HOXD-AS2	0.9614245497226486	0.019287725138675733	0.019287725138675733	
HOXD10	0.9079623598877672	0.04601882005611638	0.04601882005611638	
HOXD11	0.7230371890396339	0.13848140548018303	0.13848140548018303	
HOXD3	0.9764792211478223	0.011760389426088884	0.011760389426088884	
HOXD8	0.015145016574347418	0.015145016574347418	0.9697099668513052	
HOXD9	0.24209973840451685	0.02962536963686286	0.7282748919586203	
HP1BP3	0.8720520355308509	0.06397398223457454	0.06397398223457454	
HPCAL1	0.3955672223084548	0.5415616640686164	0.06287111362292881	
HPD	0.4764921576909652	0.3917791015808327	0.131728740728202	
HPDL	0.019590771327870606	0.8426155026340141	0.13779372603811518	
HPF1	0.05784327674567799	0.03457020167519078	0.9075865215791311	
HPGD	0.31961631129716733	0.40476294262118134	0.2756207460816514	
HPGDS	0.9648695682995861	0.017565215850206903	0.017565215850206903	
HPN	0.5554699319924962	0.01349769991033346	0.43103236809717044	
HPRT1	0.19346821365760883	0.04930942235878807	0.757222363983603	
HPS3	0.9428990979617919	0.02855045101910399	0.02855045101910399	
HPS4	0.9364537544711435	0.031773122764428174	0.031773122764428174	
HPS5	0.706434773180636	0.2789565449789164	0.014608681840447581	
HPS6	0.012671480468694043	0.06158930185673183	0.9257392176745741	
HPSE	0.7799605338681991	0.025422443030124985	0.19461702310167586	
HPSE2	0.9772506765306406	0.011374661734679676	0.011374661734679676	
HRAS	0.010173527638185811	0.22925213469650693	0.7605743376653072	
HRCT1	0.01247655146608667	0.5134457754645791	0.4740776730693341	
HRH1	0.9758139007932107	0.01209304960339461	0.01209304960339461	
HRH2	0.5665026704161944	0.013596573511735098	0.41990075607207056	
HS1BP3	0.5213187571630882	0.02003519980305244	0.4586460430338593	
HS2ST1	0.9593052332972886	0.02034738335135572	0.02034738335135572	
HS3ST1	0.698545687371959	0.011723391996421197	0.28973092063161976	
HS3ST2	0.8084435256493531	0.01941469567405008	0.17214177867659677	
HS3ST3B1	0.354094784228954	0.6395348249786243	0.006370390792421626	
HS3ST6	0.12682338367396134	0.00918593258904236	0.8639906837369963	
HS6ST1	0.39410522806342246	0.42675956934660014	0.17913520258997748	
HS6ST2	0.5840600003172528	0.4094277073473463	0.006512292335400935	
HSBP1	0.011710750696243366	0.21048512921732132	0.7778041200864353	
HSBP1L1	0.14125322278426758	0.2726748157672441	0.5860719614484883	
HSCB	0.8223951526471792	0.017306727501398535	0.1602981198514222	
HSD11B1	0.3414009102080783	0.009267557344390245	0.6493315324475315	
HSD11B2	0.07589079811803394	0.5245803178956302	0.39952888398633574	
HSD17B10	0.009436383719770944	0.03748886058336367	0.9530747556968653	
HSD17B11	0.035395331037539	0.035395331037539	0.9292093379249219	
HSD17B12	0.022806983634983014	0.022806983634983014	0.954386032730034	
HSD17B13	0.08902417942874757	0.009395111938088348	0.9015807086331641	
HSD17B14	0.22990939917131795	0.023492984979770374	0.7465976158489117	
HSD17B2	0.7493276744677201	0.016769941068864615	0.23390238446341538	
HSD17B4	0.4626208653230271	0.0629145874853869	0.47446454719158593	
HSD17B6	0.40577630131584397	0.009669768644714537	0.5845539300394414	
HSD17B7	0.7647577784492529	0.04539353062126634	0.18984869092948073	
HSD17B8	0.012210948556153914	0.012210948556153914	0.9755781028876922	
HSD3B1	0.38296872785077274	0.6109819459516859	0.006049326197541444	
HSD3B7	0.011234117118142742	0.011234117118142742	0.9775317657637145	
HSDL1	0.7257957547672735	0.04783755219678789	0.22636669303593854	
HSDL2	0.881231426467597	0.0387495403642878	0.08001903316811511	
HSF1	0.39262410505409245	0.06713405982881777	0.5402418351170899	
HSF2	0.9074583580683363	0.04627082096583181	0.04627082096583181	
HSF2BP	0.6225083107436081	0.3675858821137626	0.009905807142629296	
HSF4	0.08781728305738702	0.010746064775721237	0.9014366521668917	
HSH2D	0.6247323894677498	0.011971146253862862	0.36329646427838724	
HSP90AA1	0.04359202683018567	0.639881423610137	0.3165265495596773	
HSP90AB1	0.03585485085288922	0.03585485085288922	0.9282902982942215	
HSP90B1	0.049687154731346966	0.5982605873131381	0.35205225795551487	
HSPA12A	0.9717662133904451	0.014116893304777424	0.014116893304777424	
HSPA12B	0.673091779613024	0.014324900033538304	0.31258332035343767	
HSPA13	0.13410083941706782	0.02417126879212106	0.8417278917908112	
HSPA14	0.2675917521549407	0.49391255720572874	0.23849569063933057	
HSPA1A	0.2035408505263096	0.008056639104950969	0.7884025103687394	
HSPA1B	0.21699804565856395	0.008481394358075796	0.7745205599833602	
HSPA1L	0.45766570196120765	0.02024517641158464	0.5220891216272077	
HSPA2	0.014431679970744642	0.014431679970744642	0.9711366400585106	
HSPA4	0.3387285953657662	0.5004585626732222	0.1608128419610115	
HSPA4L	0.6595867882665244	0.3302771287768752	0.010136082956600416	
HSPA5	0.016277275948426876	0.17696745341147824	0.8067552706400949	
HSPA8	0.022831714606364725	0.386068115921633	0.5911001694720024	
HSPA9	0.033036982246394245	0.4270171632643083	0.5399458544892975	
HSPB1	0.012645026373451395	0.012645026373451395	0.9747099472530972	
HSPB11	0.09120451405471293	0.3795106495739781	0.529284836371309	
HSPB6	0.009964355543472142	0.009964355543472142	0.9800712889130557	
HSPB7	0.12925269665833244	0.009361889929602577	0.861385413412065	
HSPB8	0.0082033945292095	0.5167079852844342	0.4750886201863563	
HSPBAP1	0.49230174340694993	0.49644723393062107	0.011251022662429054	
HSPBP1	0.019733706795900478	0.019733706795900478	0.960532586408199	
HSPD1	0.05128230394235	0.4915976722795834	0.4571200237780666	
HSPE1	0.008536062185419309	0.12932165708723045	0.8621422807273502	
HSPG2	0.5787682298508177	0.41159423012044566	0.00963754002873657	
HSPH1	0.9231065314489327	0.038446734275533655	0.038446734275533655	
HTATIP2	0.007561696009867115	0.33730105027103263	0.6551372537191003	
HTATSF1	0.011077967122678658	0.3884170458708968	0.6005049870064245	
HTR2A	0.9586388709141775	0.020680564542911235	0.020680564542911235	
HTR2B	0.3432408916109902	0.012159861138460315	0.6445992472505495	
HTR7	0.9691269698229567	0.01543651508852166	0.01543651508852166	
HTRA1	0.007205189005538509	0.3936718096628093	0.5991230013316522	
HTRA2	0.016842027968340004	0.016842027968340004	0.96631594406332	
HTRA3	0.37156512874789765	0.01310480868657295	0.6153300625655295	
HTRA4	0.20871392286849555	0.7832176956068987	0.00806838152460575	
HTT	0.9595834458375682	0.02020827708121588	0.02020827708121588	
HUNK	0.5691285099754243	0.4241941235066224	0.006677366517953293	
HUS1	0.8553527043913046	0.12143763196925375	0.023209663639441533	
HUWE1	0.5985662593368282	0.3784396259329042	0.02299411473026765	
HVCN1	0.9087106004596114	0.02044962606591665	0.07083977347447191	
HYAL1	0.3853096821216566	0.011425162768764993	0.6032651551095783	
HYAL2	0.009755563211349365	0.009755563211349365	0.9804888735773013	
HYAL4	0.25220075911490414	0.7404678757783792	0.007331365106716625	
HYDIN	0.9771890081632432	0.0114054959183784	0.0114054959183784	
HYI	0.01755659066976167	0.12165006815262736	0.860793341177611	
HYKK	0.9543313036508574	0.02283434817457128	0.02283434817457128	
HYLS1	0.30857875495302817	0.6197238530443493	0.07169739200262264	
HYOU1	0.02088545322527674	0.02088545322527674	0.9582290935494465	
IAH1	0.2216268168231934	0.03178790208223798	0.7465852810945687	
IARS2	0.0247475615998703	0.5133505831556399	0.46190185524448985	
IBA57	0.7342634678835288	0.25174993291711556	0.013986599199355675	
IBTK	0.9655325895769501	0.017233705211524918	0.017233705211524918	
ICA1	0.9640805938792253	0.017959703060387338	0.017959703060387338	
ICA1L	0.9579020694187305	0.030078260710733988	0.012019669870535574	
ICAM1	0.014447211184293936	0.014447211184293936	0.9711055776314121	
ICAM2	0.017534976165647673	0.017534976165647673	0.9649300476687046	
ICAM3	0.012660000193525053	0.012660000193525053	0.9746799996129498	
ICE1	0.9200685451918449	0.05648873993085409	0.023442714877301016	
ICE2	0.9654410030393599	0.017279498480320066	0.017279498480320066	
ICMT	0.011104879954458408	0.3218110427865267	0.6670840772590149	
ICOS	0.32884001971778354	0.017515238589025196	0.6536447416931913	
ICOSLG	0.01896834974730057	0.01896834974730057	0.9620633005053988	
ID1	0.011447686929843888	0.011447686929843888	0.9771046261403122	
ID2	0.01856448234817061	0.01856448234817061	0.9628710353036587	
ID3	0.010056189930841711	0.12209243245608735	0.867851377613071	
ID4	0.2617176184743497	0.009572076575912974	0.7287103049497373	
IDE	0.9757973889866248	0.012101305506687551	0.012101305506687551	
IDH1	0.0287208205737492	0.0287208205737492	0.9425583588525016	
IDH2	0.012950480933030185	0.6214664236194491	0.36558309544752066	
IDH3A	0.404156183560215	0.47092351103695623	0.12492030540282878	
IDH3B	0.015023812833841618	0.04943225158664931	0.9355439355795091	
IDH3G	0.01898236005139601	0.01898236005139601	0.9620352798972079	
IDI1	0.23936081813644286	0.0218229776438061	0.7388162042197511	
IDNK	0.2422264837969011	0.01749672921012118	0.7402767869929777	
IDO1	0.25829096537069435	0.017129701628064153	0.7245793330012416	
IDUA	0.48757045880723404	0.013950418757805526	0.4984791224349604	
IER2	0.01475440314971445	0.01475440314971445	0.9704911937005711	
IER3	0.1549021765760922	0.008285272778665762	0.836812550645242	
IER5	0.011315679244219461	0.011315679244219461	0.9773686415115611	
IER5L	0.1948981838181944	0.014116652043311624	0.7909851641384938	
IFFO1	0.5141771965475908	0.013268628526726597	0.47255417492568264	
IFFO2	0.3979363511379369	0.18797662776226104	0.41408702109980206	
IFI16	0.026395454647530188	0.026395454647530188	0.9472090907049395	
IFI27	0.010001523226897886	0.010001523226897886	0.9799969535462042	
IFI27L1	0.433636972737946	0.021832014894237986	0.544531012367816	
IFI27L2	0.009708737864077669	0.009708737864077669	0.9805825242718447	
IFI35	0.012086650722502337	0.012086650722502337	0.9758266985549953	
IFI44	0.23377523969503963	0.011158794772784378	0.7550659655321761	
IFI44L	0.531761610897556	0.017365975880562958	0.45087241322188104	
IFI6	0.0077011930645138355	0.21447830741958876	0.7778204995158974	
IFIH1	0.7887928755573653	0.03058284882222233	0.18062427562041228	
IFIT1	0.01500505338218239	0.01500505338218239	0.9699898932356352	
IFIT2	0.12843889380916676	0.020471152013750934	0.8510899541770823	
IFIT3	0.30053084892465964	0.016854654083207805	0.6826144969921326	
IFIT5	0.021223533157517474	0.021223533157517474	0.957552933684965	
IFITM2	0.009708737864077669	0.009708737864077669	0.9805825242718447	
IFITM3	0.009708737864077669	0.009708737864077669	0.9805825242718447	
IFNAR1	0.9409023945512045	0.02954880272439773	0.02954880272439773	
IFNAR2	0.017627310450582002	0.017627310450582002	0.964745379098836	
IFNGR1	0.02743257093211113	0.02743257093211113	0.9451348581357777	
IFNGR2	0.736196773325903	0.016619913263117514	0.24718331341097943	
IFNLR1	0.6563254327808752	0.27842592083834067	0.0652486463807841	
IFRD1	0.09943566158201465	0.0107399189483668	0.8898244194696185	
IFRD2	0.017245635161764264	0.017245635161764264	0.9655087296764714	
IFT122	0.9631821047169108	0.018408947641544604	0.018408947641544604	
IFT140	0.93613823235433	0.014468431167127756	0.04939333647854217	
IFT172	0.9712578277828656	0.014371086108567159	0.014371086108567159	
IFT20	0.08009450181832176	0.34140164763927444	0.5785038505424039	
IFT22	0.014428110569553615	0.014428110569553615	0.9711437788608928	
IFT27	0.40024333533745154	0.03014523586888189	0.5696114287936664	
IFT43	0.948513126110606	0.02574343694469695	0.02574343694469695	
IFT46	0.038714701596820875	0.038714701596820875	0.9225705968063583	
IFT52	0.7853025211442533	0.0368482137015989	0.17784926515414787	
IFT57	0.4429447478482961	0.018357627137578252	0.5386976250141255	
IFT74	0.9650738331048281	0.01746308344758595	0.01746308344758595	
IFT81	0.9645006940894769	0.01774965295526152	0.01774965295526152	
IFT88	0.9721171631609297	0.013941418419535142	0.013941418419535142	
IGBP1	0.031031714144717084	0.1560597400985001	0.8129085457567828	
IGDCC3	0.7212036481615053	0.26840975012459967	0.01038660171389508	
IGDCC4	0.9743030691904517	0.012848465404774105	0.012848465404774105	
IGF1	0.4858583782063579	0.009968489939894016	0.504173131853748	
IGF1R	0.9726502186055584	0.013674890697220785	0.013674890697220785	
IGF2-AS	0.959544695710207	0.020227652144896524	0.020227652144896524	
IGF2BP1	0.9797070498133403	0.010146475093329813	0.010146475093329813	
IGF2BP2	0.6998230975396986	0.29264694838355315	0.007529954076748213	
IGF2BP3	0.49753694581280794	0.49753694581280794	0.004926108374384237	
IGF2R	0.9507412126870174	0.02462939365649127	0.02462939365649127	
IGFBP1	0.8077975580770229	0.025771168841324636	0.16643127308165243	
IGFBP2	0.01739535102685363	0.01739535102685363	0.9652092979462927	
IGFBP3	0.01824905815641403	0.01824905815641403	0.9635018836871719	
IGFBP4	0.01406506668017381	0.01406506668017381	0.9718698666396524	
IGFBP5	0.016266445872038335	0.016266445872038335	0.9674671082559233	
IGFBP6	0.009708737864077669	0.009708737864077669	0.9805825242718447	
IGFBP7	0.02909519168197252	0.02909519168197252	0.9418096166360549	
IGFLR1	0.019739028828499042	0.019739028828499042	0.9605219423430019	
IGHA1	0.009708737864077669	0.009708737864077669	0.9805825242718447	
IGHG1	0.009708737864077669	0.009708737864077669	0.9805825242718447	
IGHG3	0.009708737864077669	0.009708737864077669	0.9805825242718447	
IGHM	0.009708737864077669	0.009708737864077669	0.9805825242718447	
IGHMBP2	0.9616212382978802	0.019189380851059902	0.019189380851059902	
IGIP	0.01432335486992051	0.07675264753638872	0.9089239975936908	
IGSF10	0.5446896423369326	0.20585897465203265	0.24945138301103467	
IGSF21	0.9693116093371701	0.015344195331414921	0.015344195331414921	
IGSF22	0.9512251701011899	0.024387414949405016	0.024387414949405016	
IGSF3	0.5046750906393898	0.487337160515628	0.007987748844982302	
IGSF5	0.31520901591121986	0.6780773469898705	0.006713637098909609	
IGSF6	0.14479480657972277	0.012685052542021638	0.8425201408782557	
IGSF8	0.010749904664611303	0.20757890213470845	0.7816711932006802	
IGSF9	0.22920075620645114	0.3206472057561816	0.4501520380373673	
IK	0.019858730252481232	0.16733664633355266	0.812804623413966	
IKBIP	0.9681837234121627	0.015908138293918617	0.015908138293918617	
IKBKB	0.9455400011580929	0.020609457880955792	0.03385054096095128	
IKBKE	0.4774238424848818	0.027485654280504573	0.4950905032346136	
IKBKG	0.02595839430629222	0.02595839430629222	0.9480832113874155	
IKZF1	0.8225993169493072	0.01743569750289529	0.15996498554779756	
IKZF2	0.6324476809411149	0.3591626569115813	0.008389662147303871	
IKZF3	0.9171087540734338	0.019288502959996026	0.06360274296657006	
IKZF4	0.8439764351580071	0.023428009034109642	0.13259555580788318	
IKZF5	0.9100287891671484	0.0449856054164258	0.0449856054164258	
IL10	0.033018311770922876	0.033018311770922876	0.9339633764581542	
IL10RA	0.09661115319778252	0.02123852884172021	0.8821503179604973	
IL10RB	0.009999499369697799	0.15719269807583855	0.8328078025544636	
IL12RB1	0.7751613203811378	0.020963200829453233	0.2038754787894089	
IL12RB2	0.9762285531710467	0.01188572341447663	0.01188572341447663	
IL13RA1	0.307643105943638	0.02260284856526462	0.6697540454910974	
IL13RA2	0.01875363917031643	0.018673451870797383	0.9625729089588863	
IL15	0.966240506649282	0.01687974667535898	0.01687974667535898	
IL15RA	0.34262470770000053	0.01689315270800116	0.6404821395919984	
IL16	0.5761627399320107	0.023126485451567872	0.40071077461642135	
IL17B	0.861996635024418	0.02102676133753196	0.11697660363804997	
IL17D	0.4544512464995807	0.5370097802646069	0.008538973235812366	
IL17RA	0.6173538396991469	0.027373424616077707	0.35527273568477535	
IL17RB	0.32412459936258503	0.023476638408019144	0.6523987622293959	
IL17RD	0.9742829139560716	0.012858543021964174	0.012858543021964174	
IL17RE	0.5551010123205186	0.08775236097104566	0.3571466267084358	
IL18	0.1797313987034127	0.011036071986425615	0.8092325293101618	
IL18BP	0.35895240355667496	0.018982562338925736	0.6220650341043993	
IL18R1	0.6571697710596837	0.012372101673851109	0.33045812726646523	
IL1A	0.8247262568860465	0.03894272761289043	0.13633101550106308	
IL1B	0.07873512012352946	0.012148457956988008	0.9091164219194825	
IL1R1	0.22016972348018962	0.023192486921175107	0.7566377895986354	
IL1R2	0.07313003161950188	0.36133704145550355	0.5655329269249946	
IL1RAP	0.43847057844455106	0.5545881169445915	0.006941304610857371	
IL1RAPL2	0.49753694581280794	0.49753694581280794	0.004926108374384237	
IL1RL2	0.9347004587280215	0.021893297666519117	0.04340624360545931	
IL1RN	0.013900994439884537	0.013900994439884537	0.9721980111202309	
IL20RA	0.4936798014566562	0.01159619200719313	0.4947240065361507	
IL20RB	0.3897750978730171	0.1549832661903835	0.45524163593659944	
IL21R	0.954135356080743	0.022932321959628514	0.022932321959628514	
IL23A	0.11719905605338521	0.022823264224842692	0.8599776797217721	
IL27	0.10412007863187395	0.6021142628825079	0.29376565848561803	
IL27RA	0.6031035503713014	0.023867552652006643	0.37302889697669195	
IL2RA	0.8793734501894852	0.025831183578242402	0.09479536623227244	
IL2RB	0.17938843746164934	0.47606359776622736	0.34454796477212324	
IL32	0.011928140260306325	0.011928140260306325	0.9761437194793874	
IL33	0.2449309911042473	0.01630035107048837	0.7387686578252642	
IL34	0.5603754551431759	0.010863619909211596	0.4287609249476126	
IL4I1	0.6232230551395042	0.035123519285668744	0.34165342557482714	
IL4R	0.10316731631143468	0.021902783264008668	0.8749299004245568	
IL6	0.010151703157293988	0.010151703157293988	0.979696593685412	
IL6R	0.6307838617488709	0.025464372930522762	0.3437517653206064	
IL6R-AS1	0.8465563879027413	0.07672180604862938	0.07672180604862938	
IL6ST	0.7238673944723542	0.03527887875019589	0.2408537267774498	
IL7	0.9761127725806841	0.011943613709657961	0.011943613709657961	
IL7R	0.010506314392409443	0.010506314392409443	0.9789873712151811	
ILDR1	0.8212556240408309	0.15286296663766077	0.02588140932150844	
ILDR2	0.9043870920788089	0.07958154457281572	0.016031363348375464	
ILF2	0.015238124223933246	0.39540320632349985	0.5893586694525669	
ILF3	0.1626362794699224	0.7410929930570482	0.09627072747302931	
ILF3-DT	0.014737600399967049	0.014737600399967049	0.9705247992000658	
ILK	0.025618759439490747	0.025618759439490747	0.9487624811210185	
ILKAP	0.61769364849543	0.14285082969202706	0.23945552181254298	
ILVBL	0.008575605752673908	0.5293474479710226	0.4620769462763035	
IMMP1L	0.6425872850832482	0.34529578658461746	0.012116928332134272	
IMMP2L	0.7433933130980757	0.24456276778817662	0.012043919113747763	
IMMT	0.09764776185777163	0.48629852778274346	0.4160537103594849	
IMP3	0.012459624970379994	0.012459624970379994	0.97508075005924	
IMP4	0.05870285274094338	0.1323883838034976	0.808908763455559	
IMPA1	0.9013136792204596	0.023593342054511055	0.07509297872502935	
IMPA2	0.3023328667585082	0.43112077408753613	0.26654635915395564	
IMPACT	0.09176744093966663	0.030271401150353826	0.8779611579099795	
IMPDH1	0.01502564921024085	0.01502564921024085	0.9699487015795183	
IMPDH2	0.013428740891198521	0.21875926985459915	0.7678119892542022	
INAFM1	0.010049949787880213	0.010049949787880213	0.9799001004242396	
INAFM2	0.010769625287634985	0.010769625287634985	0.97846074942473	
INAVA	0.19937152083355603	0.46078972183500855	0.3398387573314355	
INCA1	0.1658019267808172	0.01902075644508852	0.8151773167740942	
INCENP	0.5494808659057755	0.44011481025466437	0.010404323839560154	
INF2	0.5222274611052308	0.2761505512257666	0.20162198766900258	
ING1	0.2696282759902632	0.041888755777834456	0.6884829682319025	
ING2	0.014869763892051887	0.5886471329648576	0.39648310314309043	
ING3	0.8891596012235241	0.08978886256769134	0.021051536208784492	
ING4	0.03353216236058959	0.03353216236058959	0.9329356752788207	
ING5	0.6589377888132284	0.322232963242981	0.01882924794379069	
INHA	0.23015824487770836	0.49397737800744335	0.2758643771148483	
INHBA	0.32365393395132713	0.5363958990647779	0.13995016698389498	
INHBB	0.1563853747942096	0.010279299013136588	0.8333353261926537	
INIP	0.9023695396285688	0.04881523018571554	0.04881523018571554	
INKA1	0.012224699241893927	0.012224699241893927	0.9755506015162121	
INMT	0.20857350929187762	0.008070665882233286	0.783355824825889	
INO80	0.7070673800011529	0.27921445246027293	0.013718167538574157	
INO80D	0.9788391067076946	0.010580446646152711	0.010580446646152711	
INO80E	0.01970148717525994	0.5346431348335126	0.44565537799122745	
INPP1	0.03030169036750925	0.03030169036750925	0.9393966192649814	
INPP4A	0.9673195986210175	0.01634020068949123	0.01634020068949123	
INPP4B	0.9759968275213757	0.01200158623931214	0.01200158623931214	
INPP5A	0.9691366169402766	0.015431691529861664	0.015431691529861664	
INPP5B	0.5424836369906517	0.44725317795344555	0.010263185055902714	
INPP5D	0.953873602821068	0.023063198589465973	0.023063198589465973	
INPP5E	0.2284962786118121	0.02297656177236546	0.7485271596158225	
INPP5F	0.7217707210853056	0.2640309970494367	0.014198281865257598	
INPP5K	0.02151691065154116	0.02151691065154116	0.9569661786969177	
INPPL1	0.09332750909649118	0.5463028753603272	0.3603696155431817	
INSIG1	0.008965144703860872	0.47753621859581274	0.5134986367003265	
INSIG2	0.9573238248510686	0.02133808757446567	0.02133808757446567	
INSR	0.9774008725604152	0.011299563719792396	0.011299563719792396	
INTS1	0.23633493746308484	0.36675174031110336	0.3969133222258117	
INTS10	0.3890730907147123	0.06380012469755399	0.5471267845877337	
INTS11	0.025461621937370275	0.3999421155592968	0.5745962625033328	
INTS12	0.9147711376858194	0.04261443115709024	0.04261443115709024	
INTS13	0.8955428035634764	0.05222859821826179	0.05222859821826179	
INTS14	0.027768820643506824	0.5868836493562525	0.38534753000024075	
INTS2	0.9523686060743785	0.030894175052970454	0.01673721887265121	
INTS3	0.8903282758634952	0.01411835346470002	0.09555337067180476	
INTS4	0.7947529246913919	0.190197765374368	0.01504930993424003	
INTS5	0.014452586245965283	0.014452586245965283	0.9710948275080694	
INTS6	0.6183648050499078	0.36379753873140525	0.017837656218686982	
INTS6-AS1	0.9706886337375906	0.014655683131204654	0.014655683131204654	
INTS6L	0.9614597036084089	0.019270148195795547	0.019270148195795547	
INTS7	0.8049077016073829	0.1804677577152634	0.01462454067735372	
INTS8	0.9349883335352274	0.03250583323238628	0.03250583323238628	
INTS9	0.9446537758017928	0.027673112099103614	0.027673112099103614	
INTU	0.9748028294552087	0.012598585272395666	0.012598585272395666	
INVS	0.94480475700747	0.04201814638287888	0.013177096609651157	
IP6K1	0.5978431061286233	0.380396261175192	0.021760632696184515	
IP6K2	0.1607153740678101	0.6047131689137775	0.23457145701841248	
IP6K3	0.6843496455286919	0.01732378348610282	0.2983265709852052	
IPCEF1	0.05912424861945539	0.012289077224372124	0.9285866741561725	
IPMK	0.8029608974024539	0.18571371105295342	0.011325391544592577	
IPO11	0.9502276497542609	0.024886175122869524	0.024886175122869524	
IPO13	0.023358310139198434	0.023358310139198434	0.953283379721603	
IPO4	0.01080896645617176	0.058644149714442186	0.930546883829386	
IPO5	0.4993446189373851	0.043063084832327916	0.457592296230287	
IPO7	0.38206595849051395	0.5510340436257168	0.06689999788376917	
IPO8	0.7347048800678097	0.06298481167905388	0.20231030825313642	
IPO9	0.8058528939873609	0.16941145414123854	0.024735651871400498	
IPO9-AS1	0.9747603074417241	0.01261984627913791	0.01261984627913791	
IPP	0.6202898310186011	0.36703724114922076	0.012672927832178087	
IPPK	0.5930047575133859	0.23620614454791136	0.1707890979387027	
IQANK1	0.3045579915429915	0.4859858685793698	0.20945613987763878	
IQCA1	0.9744280175204999	0.012785991239750027	0.012785991239750027	
IQCB1	0.7891292490566559	0.18651698873905645	0.024353762204287574	
IQCC	0.03822776546289083	0.3047051810220651	0.6570670535150441	
IQCD	0.9556277678043802	0.022186116097809887	0.022186116097809887	
IQCE	0.720656059790096	0.265242056343564	0.014101883866340086	
IQCG	0.9650677904490992	0.01746610477545042	0.01746610477545042	
IQCH	0.9755034647834085	0.012248267608295692	0.012248267608295692	
IQCH-AS1	0.9357310428974271	0.05226999462175428	0.011998962480818554	
IQCJ-SCHIP1	0.9211964064568173	0.06768289203698656	0.011120701506196061	
IQCK	0.9717344385314809	0.014132780734259554	0.014132780734259554	
IQCN	0.9644746042418814	0.017762697879059326	0.017762697879059326	
IQGAP1	0.34765748652399375	0.395881609164822	0.25646090431118423	
IQGAP2	0.9700951082917525	0.014952445854123739	0.014952445854123739	
IQGAP3	0.4570743783734343	0.5364876200517086	0.006438001574857068	
IQSEC1	0.6102028107715286	0.3730486396307428	0.016748549597728497	
IQSEC2	0.8170725906785687	0.017642675073241614	0.16528473424818965	
IQSEC3	0.969500716957831	0.015249641521084458	0.015249641521084458	
IQUB	0.969284717416069	0.01535764129196545	0.01535764129196545	
IRAK1	0.016916233487261543	0.016916233487261543	0.9661675330254769	
IRAK1BP1	0.9753538158203084	0.012323092089845769	0.012323092089845769	
IRAK2	0.962708457852321	0.018645771073839496	0.018645771073839496	
IRAK3	0.9498715619136839	0.01394367044811545	0.036184767638200666	
IRAK4	0.946786035299226	0.026606982350386995	0.026606982350386995	
IREB2	0.940070508237475	0.02996474588126249	0.02996474588126249	
IRF1	0.022720866390410974	0.022720866390410974	0.954558267219178	
IRF2	0.8999100915480919	0.050044954225954	0.050044954225954	
IRF2BP1	0.01153052647080312	0.01153052647080312	0.9769389470583938	
IRF2BP2	0.026038695185802867	0.026038695185802867	0.9479226096283943	
IRF2BPL	0.008934098543057293	0.34584198008589656	0.6452239213710461	
IRF3	0.016215211010552406	0.465538596045873	0.5182461929435745	
IRF4	0.2313105943795867	0.01516465312436965	0.7535247524960437	
IRF5	0.014788685950245706	0.014788685950245706	0.9704226280995085	
IRF7	0.20356191230310866	0.009727072465274964	0.7867110152316164	
IRF8	0.49132553058091744	0.029431976670465407	0.47924249274861713	
IRF9	0.011632092089495647	0.011632092089495647	0.9767358158210087	
IRGQ	0.01710330123036754	0.01710330123036754	0.9657933975392649	
IRS1	0.9686271631171398	0.015686418441430098	0.015686418441430098	
IRS2	0.8188229736188647	0.015077543441037945	0.1660994829400974	
IRX2	0.08150762935719125	0.6231622807014229	0.2953300899413859	
IRX3	0.14353929285132935	0.012054795633356671	0.8444059115153139	
IRX6	0.2694138882779297	0.01699929683616415	0.7135868148859061	
ISCA1	0.02020460639458768	0.3804028078515818	0.5993925857538305	
ISCA2	0.044764415897380394	0.019167539546236623	0.936068044556383	
ISCU	0.01470150305420274	0.08378444364580974	0.9015140532999876	
ISG15	0.011837118791954319	0.011837118791954319	0.9763257624160914	
ISG20	0.014583713682679243	0.014583713682679243	0.9708325726346415	
ISG20L2	0.02133863864418146	0.4990903873391729	0.4795709740166456	
ISL1	0.4113575666055319	0.5800817346683919	0.008560698726076217	
ISLR	0.009708737864077669	0.009708737864077669	0.9805825242718447	
ISM1	0.49238153737930285	0.012338645336286633	0.4952798172844105	
ISM2	0.21275206490809845	0.7795298180811966	0.007718117010704917	
ISOC1	0.01788627607540307	0.3077146864022165	0.6743990375223804	
ISOC2	0.01492007896703337	0.01492007896703337	0.9701598420659332	
IST1	0.18355543729586818	0.19212013323995175	0.62432442946418	
ISYNA1	0.19405267325250133	0.3559510534784906	0.4499962732690081	
ITFG1	0.8163930829685667	0.16493408032644558	0.01867283670498757	
ITFG2	0.907823645984602	0.0550415021064365	0.03713485190896158	
ITFG2-AS1	0.7707562153600764	0.218613610634177	0.010630174005746592	
ITGA1	0.9790705222212251	0.010464738889387417	0.010464738889387417	
ITGA10	0.5913942629453217	0.0136317414943074	0.39497399556037094	
ITGA11	0.9735194772674582	0.013240261366270855	0.013240261366270855	
ITGA2	0.9626066893582672	0.01869665532086637	0.01869665532086637	
ITGA2B	0.8831594421772675	0.012336475083504881	0.10450408273922758	
ITGA3	0.36451674911443804	0.009419475545492774	0.6260637753400691	
ITGA4	0.974453525761459	0.01277323711927044	0.01277323711927044	
ITGA5	0.14306874357607854	0.4005482745182809	0.45638298190564064	
ITGA6	0.6221683215547136	0.06046595741437152	0.3173657210309149	
ITGA7	0.4972973447606933	0.008311781248883324	0.49439087399042325	
ITGA8	0.9133246601862306	0.009563272978321448	0.07711206683544804	
ITGA9	0.9783212465004636	0.010839376749768183	0.010839376749768183	
ITGAD	0.6674370522422256	0.01787366937144465	0.31468927838632976	
ITGAE	0.9734627223918946	0.0132686388040527	0.0132686388040527	
ITGAL	0.8052903600562121	0.01824317621931909	0.17646646372446884	
ITGAM	0.42241031316453026	0.01770690118347253	0.5598827856519972	
ITGAV	0.51939627904738	0.35756423986723684	0.1230394810853831	
ITGAX	0.48680165189014696	0.009872391950479367	0.5033259561593737	
ITGB1	0.035944691609989435	0.6864350058704001	0.27762030251961045	
ITGB1-DT	0.694230706714608	0.2948670794996376	0.01090221378575437	
ITGB1BP1	0.3847201179085381	0.030105204395180427	0.5851746776962814	
ITGB2	0.013047758845644554	0.013047758845644554	0.9739044823087109	
ITGB2-AS1	0.01170948271069203	0.01170948271069203	0.9765810345786159	
ITGB3BP	0.776889887330177	0.20772736140886314	0.015382751260959702	
ITGB4	0.19629244415097138	0.45023010040729455	0.35347745544173403	
ITGB5	0.5789228019159615	0.0196925764238379	0.40138462166020056	
ITGB6	0.44548913087553865	0.39415803570859426	0.16035283341586706	
ITGB7	0.020267716965369154	0.020267716965369154	0.9594645660692617	
ITGB8	0.9039948895680533	0.012881871693492116	0.08312323873845463	
ITGBL1	0.9606838945359062	0.0152944154086546	0.02402169005543913	
ITIH4	0.1359294817661328	0.009927475122959243	0.854143043110908	
ITIH5	0.3486412134232352	0.5861866231586679	0.06517216341809702	
ITK	0.7438438647327283	0.014006814680320787	0.2421493205869509	
ITM2A	0.013212626590274725	0.013212626590274725	0.9735747468194506	
ITM2B	0.015290587893593206	0.6573353724053393	0.3273740397010674	
ITM2C	0.00884622688858361	0.14058244687046162	0.8505713262409548	
ITPA	0.02881499273068234	0.02881499273068234	0.9423700145386352	
ITPK1	0.9299024018772012	0.017976143094361307	0.052121455028437416	
ITPK1-AS1	0.9161120395964637	0.041943980201768115	0.041943980201768115	
ITPKA	0.4407363648301339	0.011632532831635671	0.5476311023382304	
ITPKB	0.7706867539748969	0.029542970116236696	0.1997702759088663	
ITPKC	0.2805164180964659	0.017764338761807587	0.7017192431417264	
ITPR1	0.9701962318904132	0.014901884054793414	0.014901884054793414	
ITPR1-DT	0.6552445123999586	0.02815136688974021	0.31660412071030114	
ITPR2	0.971428062145403	0.014285968927298496	0.014285968927298496	
ITPR3	0.4778733404520159	0.01503516477553193	0.5070914947724521	
ITPRIP	0.1271882534859156	0.4145465587383553	0.45826518777572917	
ITPRIPL1	0.4153185066356443	0.01897194335733207	0.5657095500070237	
ITSN1	0.9737602445842853	0.013119877707857336	0.013119877707857336	
ITSN2	0.9303175945303984	0.03484120273480074	0.03484120273480074	
IVD	0.5273814207971068	0.01624339886978362	0.45637518033310964	
IVNS1ABP	0.9109806131313	0.04450969343434999	0.04450969343434999	
IWS1	0.3010572244878609	0.6842067888552527	0.014735986656886406	
IZUMO4	0.1982966119959839	0.2012886135533482	0.6004147744506679	
JADE1	0.7805361476203668	0.1934009817411661	0.026062870638467094	
JADE2	0.45439950526747425	0.0381674858663429	0.5074330088661829	
JADE3	0.44250375924813073	0.5485317273425755	0.008964513409293821	
JAG1	0.5183360943837961	0.015128750737664103	0.46653515487853975	
JAG2	0.5685301389024843	0.011367875173033963	0.42010198592448167	
JAGN1	0.010119952961825513	0.010119952961825513	0.979760094076349	
JAK1	0.9080825810711346	0.045958709464432645	0.045958709464432645	
JAK2	0.9670321230815176	0.01648393845924117	0.01648393845924117	
JAK3	0.5948559616518784	0.0068491342691439985	0.39829490407897766	
JAKMIP2	0.9805825242718447	0.009708737864077669	0.009708737864077669	
JAM2	0.6804049737778187	0.011376468487605804	0.3082185577345755	
JAM3	0.9454969347890771	0.027251532605461377	0.027251532605461377	
JAML	0.09238484544772553	0.025384969160335075	0.8822301853919394	
JARID2	0.9602316656484998	0.02361646705503434	0.016151867296465852	
JAZF1	0.9651926286748224	0.017403685662588785	0.017403685662588785	
JAZF1-AS1	0.9640598784852543	0.017970060757372817	0.017970060757372817	
JCAD	0.9413240933295075	0.013405076685019167	0.045270829985473306	
JDP2	0.47240229003830314	0.013835536720286453	0.5137621732414104	
JHY	0.9710139288682346	0.014493035565882731	0.014493035565882731	
JKAMP	0.1413766004346083	0.058523441315930486	0.8000999582494612	
JMJD1C	0.9586667865413798	0.020666606729310075	0.020666606729310075	
JMJD1C-AS1	0.7070668944398139	0.14646655278009307	0.14646655278009307	
JMJD4	0.015902133990875006	0.015902133990875006	0.9681957320182499	
JMJD6	0.3038065815028405	0.024358320152633624	0.6718350983445258	
JMJD8	0.00966004048214814	0.22021688986997026	0.7701230696478816	
JMY	0.9657898495604407	0.017105075219779626	0.017105075219779626	
JOSD1	0.029740193821519295	0.029740193821519295	0.9405196123569614	
JOSD2	0.011853777259195999	0.011853777259195999	0.976292445481608	
JPH1	0.9758112960489947	0.012094351975502597	0.012094351975502597	
JPH2	0.9739919324122569	0.01300403379387155	0.01300403379387155	
JPH4	0.5974664701415301	0.02145216099298805	0.38108136886548183	
JPT1	0.07778178938250288	0.49519986361571594	0.42701834700178126	
JPT2	0.014645894398083047	0.5565801438197413	0.42877396178217564	
JPX	0.9805825242718447	0.009708737864077669	0.009708737864077669	
JRK	0.822458366112152	0.15233845174864094	0.025203182139207126	
JRKL	0.8282059639145076	0.03847456179624315	0.13331947428924917	
JSRP1	0.9602014990339811	0.019899250483009476	0.019899250483009476	
JUN	0.02271321276551182	0.02271321276551182	0.9545735744689763	
JUNB	0.015569519214022668	0.015569519214022668	0.9688609615719547	
JUND	0.016684445589589134	0.016684445589589134	0.9666311088208217	
JUP	0.15968314714589568	0.4617744779848089	0.3785423748692954	
KALRN	0.9800981958030596	0.009950902098470224	0.009950902098470224	
KANK1	0.6922483584445045	0.29840559359724633	0.009346047958249304	
KANK2	0.4997476223741905	0.021167268527356998	0.4790851090984525	
KANK3	0.6432874143578964	0.011830891571442227	0.34488169407066144	
KANK4	0.4317745276728988	0.5626546343631099	0.005570837963991188	
KANSL1	0.9598479958298184	0.020076002085090788	0.020076002085090788	
KANSL1-AS1	0.04316544002180162	0.09997357388555335	0.856860986092645	
KANSL1L	0.9687651244437259	0.015617437778137054	0.015617437778137054	
KANSL2	0.4132546963541314	0.5676311919581336	0.019114111687734952	
KANSL3	0.698300668575111	0.28094870762523216	0.020750623799656923	
KANTR	0.9317515326796123	0.05850352795950843	0.009744939360879206	
KAT14	0.22289362586425196	0.7658002353636575	0.011306138772090439	
KAT2A	0.34668692474171314	0.013532565490705752	0.6397805097675812	
KAT2B	0.9454328120729341	0.02728359396353294	0.02728359396353294	
KAT5	0.017907752297913807	0.38264153646712146	0.5994507112349647	
KAT6A	0.9291232461443607	0.05468788529491511	0.016188868560724212	
KAT6B	0.9719330383345454	0.014033480832727294	0.014033480832727294	
KAT7	0.6413861912802228	0.34268185666168544	0.0159319520580917	
KAT8	0.043056053126788264	0.043056053126788264	0.9138878937464235	
KATNA1	0.9139099064310343	0.043045046784482795	0.043045046784482795	
KATNAL1	0.9706976488484002	0.014651175575799903	0.014651175575799903	
KATNAL2	0.976692843337941	0.011653578331029476	0.011653578331029476	
KATNB1	0.014532482301376423	0.29663739042400467	0.6888301272746189	
KATNBL1	0.3665720204707618	0.624228261870209	0.009199717659029187	
KAZALD1	0.4724142974258724	0.018262407878328762	0.5093232946957988	
KAZN	0.9431972600804716	0.04687403899972757	0.009928700919800864	
KBTBD11	0.7255005056961316	0.01314462346267772	0.26135487084119063	
KBTBD2	0.6822414547734664	0.04600010655473877	0.2717584386717948	
KBTBD3	0.9585959087086923	0.020702045645653866	0.020702045645653866	
KBTBD4	0.024885332476386916	0.024885332476386916	0.9502293350472262	
KBTBD6	0.17804673680358468	0.030171571714189445	0.7917816914822259	
KBTBD7	0.297068187128558	0.3859563891997662	0.3169754236716759	
KBTBD8	0.4131745489627147	0.1893959800787086	0.39742947095857667	
KCMF1	0.48331321549863915	0.49609926451474085	0.020587519986619948	
KCNAB1	0.46404746773574534	0.011055033595573686	0.5248974986686809	
KCNAB2	0.938180269702535	0.0309098651487325	0.0309098651487325	
KCNAB3	0.41569133876654557	0.014767736723510349	0.5695409245099441	
KCNB1	0.9757584934508803	0.012120753274559847	0.012120753274559847	
KCNC1	0.9657153296088835	0.017142335195558234	0.017142335195558234	
KCNC3	0.6518230181184049	0.030118443592088866	0.31805853828950625	
KCNC4	0.9640157913728953	0.017992104313552366	0.017992104313552366	
KCND1	0.3133738286650435	0.022008955975942362	0.6646172153590141	
KCND2	0.9793790062692577	0.010310496865371171	0.010310496865371171	
KCND3	0.9703210821071503	0.01483945894642484	0.01483945894642484	
KCNE1	0.9552259215899309	0.022387039205034542	0.022387039205034542	
KCNE3	0.38031524435590447	0.010988253394675171	0.6086965022494203	
KCNE4	0.7427002514143161	0.011330910206028116	0.24596883837965575	
KCNG1	0.23633986864991868	0.755213678198183	0.00844645315189835	
KCNG2	0.9624374093770031	0.018781295311498476	0.018781295311498476	
KCNH1	0.9709033911825266	0.014548304408736716	0.014548304408736716	
KCNH2	0.6585868004395106	0.010219146993942232	0.3311940525665472	
KCNH5	0.5574621872538987	0.43583767008799396	0.006700142658107374	
KCNIP2	0.9556689458370664	0.02216552708146678	0.02216552708146678	
KCNIP3	0.6785980167470249	0.017325011063175636	0.30407697218979945	
KCNIP4	0.9805825242718447	0.009708737864077669	0.009708737864077669	
KCNJ14	0.9610414516979927	0.019479274151003683	0.019479274151003683	
KCNJ15	0.28052508275195087	0.4050927443254008	0.3143821729226485	
KCNJ2	0.5061563658698824	0.017012448834484648	0.476831185295633	
KCNJ2-AS1	0.19247908277885067	0.19247908277885067	0.6150418344422988	
KCNJ5	0.5371378686853421	0.01104722736874885	0.4518149039459092	
KCNJ6	0.9764555771766582	0.011772211411670862	0.011772211411670862	
KCNJ8	0.1751777695797972	0.01086033140132858	0.8139618990188742	
KCNK1	0.6291695078553406	0.012307050215176741	0.35852344192948254	
KCNK12	0.3369683299388839	0.6549394071262357	0.008092262934880447	
KCNK13	0.9709176425139956	0.014541178743002184	0.014541178743002184	
KCNK3	0.7790005775714662	0.018387606221315536	0.2026118162072183	
KCNK5	0.2942663858539027	0.41468053718572195	0.29105307696037536	
KCNK6	0.43220577360313217	0.013611875272423784	0.5541823511244439	
KCNMA1	0.9798905293939881	0.010054735303005916	0.010054735303005916	
KCNMB1	0.23281195001859947	0.017251424960219874	0.7499366250211806	
KCNMB2-AS1	0.7156587300829492	0.275937357792099	0.008403912124951734	
KCNMB3	0.9700925892216173	0.01495370538919132	0.01495370538919132	
KCNMB4	0.9764874356109563	0.011756282194521836	0.011756282194521836	
KCNN1	0.9634877007998054	0.018256149600097266	0.018256149600097266	
KCNN3	0.9778097870132206	0.011095106493389685	0.011095106493389685	
KCNN4	0.13607984078760899	0.5159531553613743	0.3479670038510166	
KCNQ1	0.9292267140884014	0.01117314755799323	0.05960013835360541	
KCNQ1OT1	0.9805825242718447	0.009708737864077669	0.009708737864077669	
KCNQ3	0.9788905312505979	0.010554734374701068	0.010554734374701068	
KCNQ5	0.9805825242718447	0.009708737864077669	0.009708737864077669	
KCNS3	0.9382113595953441	0.013373449904479853	0.048415190500176085	
KCP	0.9741700454159972	0.012914977292001386	0.012914977292001386	
KCTD1	0.5785307818650214	0.3781767096871368	0.043292508447841944	
KCTD10	0.025217233947447192	0.025217233947447192	0.9495655321051055	
KCTD11	0.010670566394759579	0.010670566394759579	0.9786588672104808	
KCTD12	0.011542893629976264	0.011542893629976264	0.9769142127400474	
KCTD13	0.9246929607536765	0.0376535196231618	0.0376535196231618	
KCTD15	0.5862890196401007	0.01489977829814629	0.39881120206175297	
KCTD17	0.015362032057589075	0.015362032057589075	0.9692759358848219	
KCTD18	0.04469511902972259	0.04469511902972259	0.9106097619405549	
KCTD2	0.6187779688775089	0.010722641906575752	0.3704993892159153	
KCTD20	0.8992193855476684	0.05039030722616575	0.05039030722616575	
KCTD21	0.26795112888906186	0.026311310276411523	0.7057375608345267	
KCTD21-AS1	0.9643411362161799	0.017829431891910018	0.017829431891910018	
KCTD3	0.5980241924573028	0.3210941652652119	0.08088164227748522	
KCTD5	0.023433977679244843	0.023433977679244843	0.9531320446415102	
KCTD6	0.11675865537748921	0.03338086799690081	0.8498604766256099	
KCTD8	0.9798709561727372	0.010064521913631365	0.010064521913631365	
KCTD9	0.9218160478179107	0.03387150500328004	0.044312447178809215	
KDELR1	0.01046161244215016	0.3737251722333382	0.6158132153245116	
KDELR3	0.23414585856246709	0.28812304130076327	0.47773110013676956	
KDF1	0.06000264045578542	0.4669983538483108	0.47299900569590386	
KDM1A	0.8096581601441026	0.14856799278149987	0.04177384707439754	
KDM1B	0.9539201201685025	0.023039939915748733	0.023039939915748733	
KDM2A	0.9333392925235695	0.033330353738215225	0.033330353738215225	
KDM2B	0.960659300259943	0.019670349870028497	0.019670349870028497	
KDM3A	0.9483281533805439	0.02583592330972804	0.02583592330972804	
KDM3B	0.9089208902910348	0.04553955485448255	0.04553955485448255	
KDM4A-AS1	0.9594330597760511	0.021123985938406763	0.019442954285542168	
KDM4B	0.5935802781110286	0.39597194847047706	0.010447773418494266	
KDM4C	0.9650729336874901	0.01746353315625491	0.01746353315625491	
KDM4D	0.7684168838011313	0.21141316742686966	0.020169948771998986	
KDM5A	0.9602021058757374	0.019898947062131304	0.019898947062131304	
KDM5B	0.7095087207155982	0.28117864132112524	0.00931263796327645	
KDM5C	0.6344163740603437	0.1014443045829161	0.26413932135674034	
KDM6A	0.963486305990498	0.018256847004750956	0.018256847004750956	
KDM6B	0.4738364263571107	0.019773394596179168	0.50639017904671	
KDM7A	0.9680654627154702	0.015967268642264866	0.015967268642264866	
KDM8	0.32736822798876886	0.013824097699868282	0.6588076743113629	
KDR	0.7908582773363906	0.009707840434703179	0.1994338822289062	
KDSR	0.3781731736465998	0.40061331258751126	0.22121351376588896	
KEAP1	0.020069647028559	0.020069647028559	0.959860705942882	
KHDC1	0.9691490827760781	0.015425458611960922	0.015425458611960922	
KHDC4	0.3580896044569474	0.4860427004665195	0.15586769507653317	
KHDRBS1	0.15431111763422536	0.5126698550111246	0.33301902735465	
KHDRBS3	0.9727432047048543	0.013628397647572822	0.013628397647572822	
KHNYN	0.024418615405422835	0.3561374445590091	0.619443940035568	
KHSRP	0.020648745993140847	0.3594758222487016	0.6198754317581575	
KIAA0040	0.059367079633850905	0.024196334795777742	0.9164365855703713	
KIAA0232	0.6021328481858338	0.3847786648070823	0.013088487007083866	
KIAA0319L	0.8263705580341587	0.15540842154926146	0.018221020416579876	
KIAA0513	0.9634433517466173	0.018278324126691333	0.018278324126691333	
KIAA0586	0.9732448222041975	0.013377588897901261	0.013377588897901261	
KIAA0753	0.9712511088399676	0.014374445580016196	0.014374445580016196	
KIAA0825	0.9805825242718447	0.009708737864077669	0.009708737864077669	
KIAA0930	0.25493808318199085	0.0348823266298737	0.7101795901881354	
KIAA1143	0.3753068028809002	0.21971444473834573	0.4049787523807541	
KIAA1191	0.021789056774662835	0.021789056774662835	0.9564218864506743	
KIAA1217	0.9290876218594045	0.056680085292315316	0.014232292848280106	
KIAA1328	0.8466093549089788	0.14288423649679236	0.010506408594228876	
KIAA1522	0.41567838776026617	0.33092118090678857	0.2534004313329452	
KIAA1549	0.6432052443807579	0.34935423770772933	0.007440517911512807	
KIAA1586	0.6867535480615733	0.3019434269621826	0.011303024976244021	
KIAA1614	0.9689355050161026	0.015532247491948701	0.015532247491948701	
KIAA1671	0.9744084670178472	0.012795766491076352	0.012795766491076352	
KIAA1755	0.8159340168764817	0.014321184396275144	0.16974479872724316	
KIAA1958	0.9782213834606974	0.010889308269651269	0.010889308269651269	
KIAA2013	0.010318301944223077	0.22607167883716522	0.7636100192186117	
KIAA2026	0.972397971154252	0.013801014422874026	0.013801014422874026	
KIDINS220	0.955115816191155	0.02244209190442244	0.02244209190442244	
KIF11	0.6257792569047845	0.36791424664611483	0.0063064964491007045	
KIF12	0.3165243787014179	0.09813994998638488	0.5853356713121972	
KIF13A	0.9679053516346348	0.016047324182682596	0.016047324182682596	
KIF13B	0.9718475623091718	0.01407621884541411	0.01407621884541411	
KIF14	0.5163199943097763	0.47816289575977894	0.005517109930444883	
KIF15	0.6515311884048371	0.3419300626073653	0.006538748987797624	
KIF16B	0.970850233182126	0.014574883408936957	0.014574883408936957	
KIF17	0.6975794313896301	0.01655329944518012	0.28586726916518995	
KIF18A	0.5320938215615724	0.4618593285254392	0.006046849912988347	
KIF18B	0.5498910444478203	0.44413462234031326	0.005974333211866417	
KIF1B	0.9737881317465543	0.013105934126722842	0.013105934126722842	
KIF1C	0.4750238857997485	0.01803714990211197	0.5069389642981394	
KIF20A	0.39861525020191646	0.40174480553508535	0.19963994426299828	
KIF20B	0.7533586551279768	0.23704927354361433	0.009592071328408813	
KIF21A	0.4463318851540898	0.546614184779047	0.007053930066863207	
KIF21B	0.7336978067504631	0.01623554320222155	0.2500666500473154	
KIF22	0.29933238069412305	0.46933511840239117	0.23133250090348573	
KIF23	0.45790348498351713	0.5363867473913936	0.005709767625089208	
KIF24	0.7586607609973646	0.23229703939381666	0.009042199608818921	
KIF26A	0.9532247258438141	0.023387637078092903	0.023387637078092903	
KIF26B	0.8548599441273116	0.13662693665968687	0.0085131192130015	
KIF27	0.7546350057528493	0.2346983220774589	0.01066667216969193	
KIF2C	0.5384458293469785	0.3047825716655063	0.15677159898751528	
KIF3A	0.9620430122368746	0.018978493881562697	0.018978493881562697	
KIF3B	0.8594383368854559	0.02146859554667213	0.11909306756787193	
KIF3C	0.8794957427017659	0.10377059210254656	0.016733665195687548	
KIF4A	0.5893746661413864	0.4043843088225499	0.006241025036063653	
KIF5A	0.7926866517322035	0.015936696845684387	0.19137665142211205	
KIF5B	0.8401535482759632	0.07992322586201843	0.07992322586201843	
KIF5C	0.9707448723031057	0.014627563848447165	0.014627563848447165	
KIF6	0.8852982116800807	0.10593645949140362	0.008765328828515651	
KIF7	0.9691087416852358	0.015445629157382127	0.015445629157382127	
KIF9	0.6440574955090105	0.014486250526835205	0.3414562539641543	
KIF9-AS1	0.9788092486804626	0.010595375659768718	0.010595375659768718	
KIFAP3	0.9530700675161151	0.023464966241942435	0.023464966241942435	
KIFC1	0.47926214536566253	0.3776666386832376	0.1430712159510999	
KIFC2	0.10440873534232847	0.1390817937840849	0.7565094708735866	
KIFC3	0.49710862992902294	0.2149173023455128	0.28797406772546424	
KIN	0.8606353446978422	0.12668297147845806	0.012681683823699684	
KIRREL1	0.9104498845361798	0.013183611672228885	0.07636650379159138	
KISS1	0.28704398757264105	0.6381616076822068	0.07479440474515213	
KIT	0.9618107487022766	0.01642454094182064	0.021764710355902762	
KITLG	0.9670864907271024	0.016456754636448776	0.016456754636448776	
KIZ	0.9438886116103911	0.02805569419480443	0.02805569419480443	
KIZ-AS1	0.9604060131061793	0.019796993446910386	0.019796993446910386	
KL	0.9672152904270519	0.01639235478647404	0.01639235478647404	
KLB	0.6478402475206968	0.33813587936019224	0.014023873119110982	
KLC1	0.42299454486659926	0.042214542718200375	0.5347909124152005	
KLC2	0.08882593802603443	0.38067741767028085	0.5304966443036848	
KLC4	0.35947749080394426	0.323739727070477	0.3167827821255788	
KLF10	0.016068170681165152	0.05441605345668034	0.9295157758621545	
KLF11	0.17443170717988324	0.01969381521243953	0.8058744776076772	
KLF12	0.9785580121244192	0.010720993937790406	0.010720993937790406	
KLF13	0.4499220544761906	0.03675534806147037	0.5133225974623391	
KLF15	0.17390576322901083	0.0099862839473704	0.8161079528236188	
KLF16	0.27123134850179814	0.015622908159907202	0.7131457433382947	
KLF2	0.011381564135654604	0.011381564135654604	0.9772368717286908	
KLF3	0.742608525650693	0.027837951777624236	0.22955352257168277	
KLF4	0.011058693383751334	0.011058693383751334	0.9778826132324973	
KLF5	0.22137913218772395	0.40450761405649405	0.374113253755782	
KLF6	0.03512737295366078	0.03512737295366078	0.9297452540926784	
KLF7	0.9624498902374307	0.01877505488128467	0.01877505488128467	
KLF8	0.41784588555718044	0.39727768230103866	0.18487643214178098	
KLF9	0.013272246473872472	0.013272246473872472	0.973455507052255	
KLHDC1	0.9729773615456503	0.013511319227174832	0.013511319227174832	
KLHDC10	0.9543836841706939	0.022808157914653026	0.022808157914653026	
KLHDC2	0.5017999980306342	0.15023480445106369	0.3479651975183019	
KLHDC3	0.015433069386358262	0.3050834139321728	0.679483516681469	
KLHDC4	0.9515818036139537	0.024209098193023096	0.024209098193023096	
KLHDC8B	0.012941883710638542	0.012941883710638542	0.9741162325787229	
KLHDC9	0.011894026254384737	0.04226802387917369	0.9458379498664415	
KLHL11	0.6220662538398931	0.35678361363713224	0.021150132522974603	
KLHL12	0.30471301320712635	0.05526665859151448	0.6400203282013592	
KLHL13	0.9795840236876393	0.010207988156180322	0.010207988156180322	
KLHL15	0.9541865992737038	0.02290670036314813	0.02290670036314813	
KLHL17	0.05612797168371342	0.15363540948199622	0.7902366188342904	
KLHL18	0.9614755874620203	0.01926220626898982	0.01926220626898982	
KLHL2	0.9616873000654428	0.019156349967278608	0.019156349967278608	
KLHL20	0.9511663467723375	0.024416826613831252	0.024416826613831252	
KLHL21	0.3687816064363552	0.019659984859454666	0.6115584087041902	
KLHL22	0.7183567077185575	0.26690147034898876	0.014741821932453695	
KLHL23	0.972872740614528	0.013563629692736005	0.013563629692736005	
KLHL24	0.9360027786547394	0.03199861067263029	0.03199861067263029	
KLHL25	0.9217207142011036	0.01463579703687704	0.0636434887620194	
KLHL26	0.7388452737090649	0.017685844158741294	0.24346888213219373	
KLHL28	0.9638469377521439	0.01807653112392803	0.01807653112392803	
KLHL29	0.7291989790779118	0.2630317249695118	0.0077692959525764525	
KLHL3	0.9695228499359745	0.015238575032012761	0.015238575032012761	
KLHL31	0.39775215644833883	0.5947619814172886	0.007485862134372556	
KLHL35	0.9178691140158127	0.04106544299209363	0.04106544299209363	
KLHL36	0.6202994829159273	0.0170478570266931	0.3626526600573796	
KLHL4	0.9778980960826182	0.011050951958690878	0.011050951958690878	
KLHL42	0.5831253592350305	0.21556964276271126	0.201304998002258	
KLHL5	0.4561703073963751	0.5354958090361318	0.00833388356749307	
KLHL6	0.9630672258323633	0.018466387083818356	0.018466387083818356	
KLHL7	0.9570436719076181	0.02147816404619093	0.02147816404619093	
KLHL8	0.9651214290928791	0.01743928545356042	0.01743928545356042	
KLHL9	0.24662763468544627	0.04077046495575237	0.7126019003588013	
KLLN	0.6582131040705883	0.3138314468475027	0.027955449081909015	
KLRB1	0.09931676685521182	0.011136296643603055	0.8895469365011851	
KLRC1	0.4606365484873038	0.033383691208142836	0.5059797603045533	
KLRC2	0.32546984495822556	0.031613698655875204	0.6429164563858993	
KLRD1	0.9727474517800726	0.013626274109963678	0.013626274109963678	
KLRF1	0.08815494215718588	0.017902330822979196	0.893942727019835	
KLRF2	0.23687005030819702	0.0140437009292593	0.7490862487625437	
KLRG1	0.9682392741937654	0.015880362903117257	0.015880362903117257	
KLRG2	0.2249298024420576	0.6662358514725646	0.10883434608537784	
KMO	0.35335161686380984	0.596767592060775	0.049880791075415196	
KMT2A	0.9591033535278966	0.0204483232360517	0.0204483232360517	
KMT2B	0.4694056858974084	0.023392748290421282	0.5072015658121704	
KMT2C	0.5530820626271368	0.43760086575567636	0.009317071617186864	
KMT2D	0.9368679412426923	0.0315660293786538	0.0315660293786538	
KMT2E	0.9595069921580912	0.020246503920954378	0.020246503920954378	
KMT2E-AS1	0.5734557632278869	0.016573112029532714	0.40997112474258035	
KMT5A	0.22302906953458101	0.09265811320596548	0.6843128172594535	
KMT5B	0.8290354805138559	0.14731712304832145	0.023647396437822626	
KMT5C	0.47816922852358174	0.33788741210671297	0.18394335936970538	
KNDC1	0.9723081685804207	0.013845915709789653	0.013845915709789653	
KNL1	0.5785415785354482	0.41565444810175656	0.005803973362795199	
KNOP1	0.9561141964977886	0.0219429017511057	0.0219429017511057	
KNSTRN	0.12493672282052369	0.5230551008410478	0.3520081763384286	
KNTC1	0.8013841671016453	0.18426597137493067	0.014349861523423997	
KPNA1	0.7826926998903424	0.1974150185326293	0.019892281577028312	
KPNA2	0.15912047751904887	0.29767937199641875	0.5432001504845325	
KPNA3	0.9329373117178822	0.03353134414105886	0.03353134414105886	
KPNA4	0.8977477902697087	0.08351897108844875	0.01873323864184255	
KPNA5	0.9695549258414534	0.015222537079273287	0.015222537079273287	
KPNA6	0.5497865018556048	0.4360326097686101	0.014180888375785013	
KPNB1	0.19706081377138884	0.47115848658393633	0.3317806996446748	
KPTN	0.01576694961888151	0.5722764696723439	0.4119565807087747	
KRAS	0.9373115543772131	0.03134422281139341	0.03134422281139341	
KRBA1	0.5553528678526264	0.023164921936481973	0.42148221021089166	
KRBA2	0.9572588717347442	0.021370564132627883	0.021370564132627883	
KRBOX4	0.9364559702745933	0.03177201486270337	0.03177201486270337	
KRCC1	0.3371047904887872	0.06391707346994452	0.5989781360412684	
KREMEN1	0.894223787569956	0.014567527158107352	0.09120868527193668	
KRI1	0.06402465659502121	0.030957964705942507	0.9050173786990363	
KRR1	0.5191629613034476	0.45543999461225004	0.025397044084302225	
KRT10	0.01052302925563497	0.07492560245754765	0.9145513682868174	
KRT15	0.34312166900850566	0.44478131165330953	0.21209701933818478	
KRT17	0.09051459625810904	0.330587193746549	0.5788982099953419	
KRT18	0.006878735080300606	0.4675631315031336	0.5255581334165659	
KRT19	0.1479430330427214	0.3424327150133389	0.5096242519439397	
KRT23	0.1365585927961974	0.5933717251046609	0.27006968209914173	
KRT7	0.10850474695735507	0.4436479186239465	0.4478473344186984	KRT7
KRT8	0.13283377546353134	0.475060804868444	0.3921054196680247	
KRT80	0.2651962656655053	0.17558206899310516	0.5592216653413896	
KRT86	0.9446637009217085	0.027668149539145717	0.027668149539145717	
KRTCAP3	0.011065006000079411	0.19909705908582978	0.7898379349140908	
KSR1	0.9592611726470354	0.02036941367648232	0.02036941367648232	
KTN1	0.6655525566140202	0.21590094854440486	0.11854649484157485	
KTN1-AS1	0.9733944130705673	0.013302793464716363	0.013302793464716363	
KXD1	0.015159347665766073	0.15993819169420334	0.8249024606400306	
KYAT1	0.016798488987045335	0.240841840707332	0.7423596703056227	
KYAT3	0.22648639591146463	0.5773497584077053	0.19616384568082995	
KYNU	0.9542255039808119	0.032277317482894134	0.013497178536294046	
L1TD1	0.4185510931851656	0.5754029405664698	0.0060459662483645865	
L2HGDH	0.8283875981944843	0.1593332624265168	0.012279139378998948	
L3HYPDH	0.6793243702457107	0.02160190585149947	0.29907372390278975	
L3MBTL2	0.14416596975573992	0.4240352732852928	0.43179875695896724	
L3MBTL3	0.6501303920936696	0.3376979012631138	0.012171706643216628	
L3MBTL4	0.9762241969597709	0.011887901520114529	0.011887901520114529	
LACC1	0.019935950232470537	0.019935950232470537	0.9601280995350588	
LACTB	0.3009673569175892	0.022139398635210923	0.6768932444471998	
LACTB2	0.019518690064346037	0.019518690064346037	0.9609626198713079	
LACTB2-AS1	0.9634308518580597	0.01828457407097014	0.01828457407097014	
LAD1	0.0766211368228463	0.4248095429912025	0.4985693201859512	
LAG3	0.12036784003758723	0.010653306830561452	0.8689788531318513	
LAGE3	0.010558214381739935	0.010558214381739935	0.9788835712365201	
LAIR1	0.5471841948011029	0.009033962754422432	0.44378184244447466	
LAIR2	0.1578607241969299	0.8307052805182704	0.011433995284799615	
LAMA1	0.8361134490783982	0.15137671773646466	0.012509833185137095	
LAMA2	0.9734810900500003	0.013259454974999828	0.013259454974999828	
LAMA3	0.9779154438037506	0.011042278098124704	0.011042278098124704	
LAMA4	0.977650108426366	0.011174945786816982	0.011174945786816982	
LAMA5	0.4691658385990972	0.2462191025313535	0.2846150588695493	
LAMB1	0.8350007822010976	0.11879244255206935	0.0462067752468331	
LAMB2	0.4319851975672334	0.013882379864949205	0.5541324225678174	
LAMB3	0.3647540009978454	0.008629369027850976	0.6266166299743037	
LAMB4	0.45332291043992373	0.4700926689020708	0.07658442065800541	
LAMC1	0.8773069304602791	0.022549379898256547	0.10014368964146438	
LAMC2	0.7900523929811407	0.07509224082032626	0.134855366198533	
LAMC3	0.6312463177842751	0.009832211070819254	0.35892147114490563	
LAMP1	0.022398731450704264	0.022398731450704264	0.9552025370985915	
LAMP2	0.02646874034137943	0.2514375251512967	0.722093734507324	
LAMP3	0.2859574083353373	0.026124461841262714	0.6879181298234001	
LAMTOR1	0.018647316884571552	0.018647316884571552	0.9627053662308569	
LAMTOR2	0.010398437188522713	0.010398437188522713	0.9792031256229545	
LAMTOR3	0.025955222614945636	0.08882778391740248	0.8852169934676518	
LAMTOR4	0.016572127796929837	0.016572127796929837	0.9668557444061403	
LAMTOR5	0.013766800383812809	0.12137079121603563	0.8648624084001515	
LANCL1	0.24294453229702875	0.05155519433727304	0.7055002733656982	
LANCL2	0.734670144152185	0.2518823071474583	0.013447548700356684	
LAP3	0.02445604524330575	0.02445604524330575	0.9510879095133885	
LAPTM4A	0.02305048836805652	0.04880920006368416	0.9281403115682594	
LAPTM4B	0.5788235606229979	0.01697273147954575	0.4042037078974564	
LAPTM5	0.0111812393419708	0.0111812393419708	0.9776375213160584	
LARGE1	0.9788944158717079	0.010552792064146043	0.010552792064146043	
LARGE2	0.029039703299667093	0.5340556654733918	0.4369046312269411	
LARP1	0.9086123145215318	0.04569384273923404	0.04569384273923404	
LARP1B	0.6460596737155869	0.3439491996743335	0.009991126610079613	
LARP4	0.6936517156082663	0.28818172116295643	0.018166563228777344	
LARP4B	0.5850952392638376	0.4016656733221161	0.013239087414046283	
LARP6	0.2789759121383418	0.01135177401266454	0.7096723138489937	
LARP7	0.8814583319181672	0.05927083404091633	0.05927083404091633	
LARS2	0.9692208187733579	0.01538959061332106	0.01538959061332106	
LAS1L	0.849123153573011	0.036095894600382684	0.11478095182660611	
LASP1	0.051335339453793115	0.051335339453793115	0.8973293210924138	
LAT2	0.5957273984744846	0.019261686785415715	0.38501091474009974	
LATS1	0.867176555084787	0.11336938987881275	0.019454055036400228	
LATS2	0.796547174670513	0.19181685530835865	0.011635970021128442	
LATS2-AS1	0.584424053856724	0.3981831423241689	0.017392803819107155	
LAX1	0.5372539544248454	0.023969996286116346	0.43877604928903824	
LAYN	0.2321335088889788	0.011225271515705173	0.7566412195953159	
LBH	0.027899917015929154	0.027899917015929154	0.9442001659681416	
LBHD1	0.49988629379212823	0.02940964581158645	0.4707040603962852	
LBR	0.680700662036839	0.024288047022930817	0.29501129094023015	
LBX2	0.49403164858595433	0.02808042870258554	0.4778879227114601	
LBX2-AS1	0.012270499347032799	0.012270499347032799	0.9754590013059343	
LCA5	0.668839810036888	0.32054148273700067	0.010618707226111444	
LCA5L	0.9610760989934124	0.01946195050329378	0.01946195050329378	
LCAT	0.007836650654708243	0.4524241426591424	0.5397392066861494	
LCK	0.3349694747861194	0.014411782042530269	0.6506187431713503	
LCLAT1	0.9711723368259803	0.014413831587009856	0.014413831587009856	
LCMT1	0.5365182263414205	0.43829307967843617	0.025188693980143208	
LCMT1-AS2	0.3792645835802475	0.6146497750823039	0.006085641337448554	
LCMT2	0.027050321005674487	0.027050321005674487	0.945899357988651	
LCN12	0.4466387585100131	0.01242447450362513	0.5409367669863617	
LCN2	0.0097382544844334	0.0097382544844334	0.9805234910311332	
LCOR	0.7480062226593425	0.2431079823592116	0.00888579498144592	
LCORL	0.9760658675872995	0.011967066206350213	0.011967066206350213	
LCP1	0.016927114919309063	0.016927114919309063	0.9661457701613818	
LCP2	0.48666032165310186	0.020377536784583473	0.4929621415623147	
LDAH	0.7684635652776219	0.2160028979744052	0.01553353674797285	
LDB1	0.02537022713109769	0.02537022713109769	0.9492595457378046	
LDB2	0.9686715367022205	0.01566423164888974	0.01566423164888974	
LDHA	0.021687217106105282	0.021687217106105282	0.9566255657877893	
LDHB	0.010356680141891311	0.12159732689019769	0.868045992967911	
LDHD	0.015054479143102779	0.011134333418239155	0.973811187438658	
LDLR	0.9527069106024847	0.015681632296862823	0.03161145710065237	
LDLRAD2	0.133228734015817	0.4746419304450768	0.39212933553910634	
LDLRAD3	0.9748471734043456	0.012576413297827205	0.012576413297827205	
LDLRAD4	0.9803549659111804	0.009822517044409857	0.009822517044409857	
LDLRAP1	0.06236188731675317	0.4578643043276013	0.47977380835564554	
LDOC1	0.9771584185155162	0.01142079074224188	0.01142079074224188	
LEAP2	0.01793690217369933	0.026676288124515314	0.9553868097017852	
LEF1	0.9746782625680078	0.012660868715996056	0.012660868715996056	
LEKR1	0.9750870597959682	0.012456470102015874	0.012456470102015874	
LEMD2	0.0221706779126661	0.36116431466611065	0.6166650074212232	
LEMD3	0.946294501396904	0.026852749301547987	0.026852749301547987	
LENG1	0.4069412382159639	0.009491715194894581	0.5835670465891416	
LENG8	0.31100481921042034	0.04135632885776007	0.6476388519318196	
LENG8-AS1	0.9558316691853076	0.022084165407346187	0.022084165407346187	
LENG9	0.2735506209814227	0.012149099433215843	0.7143002795853615	
LEO1	0.5852621122125138	0.06961949542870148	0.34511839235878483	
LEP	0.12527073574385017	0.8661534871555993	0.008575777100550488	
LEPR	0.9733115573753381	0.013344221312330906	0.013344221312330906	
LEPROTL1	0.46717915853373027	0.03192504900055781	0.5008957924657118	
LETM1	0.5076201657084458	0.026559213102324827	0.46582062118922934	
LETM2	0.7367701642212094	0.24804483135845887	0.015185004420331648	
LETMD1	0.11712338248006106	0.04383834400743603	0.8390382735125029	
LFNG	0.18047185483427758	0.013613689673975051	0.8059144554917473	
LGALS1	0.009708737864077669	0.009708737864077669	0.9805825242718447	
LGALS13	0.03850678614950798	0.9520668097931343	0.009426404057357765	
LGALS14	0.06579087623716545	0.9250502107847676	0.009158912978067006	
LGALS2	0.09134975700257285	0.011681854769250575	0.8969683882281766	
LGALS3	0.011501599649452767	0.011501599649452767	0.9769968007010944	
LGALS3BP	0.008667787372163045	0.19798352439889394	0.7933486882289429	
LGALS4	0.1629597466206877	0.38464245796849855	0.4523977954108137	
LGALS8	0.20977199606958216	0.5668662714110935	0.22336173251932434	
LGALS8-AS1	0.14314656517641333	0.8463647340354327	0.01048870078815403	
LGALS9	0.012994862619541218	0.012994862619541218	0.9740102747609175	
LGALSL	0.013919376212674386	0.013919376212674386	0.9721612475746512	
LGI2	0.4428384768710967	0.017263149149327563	0.5398983739795757	
LGI4	0.553853311267428	0.011787238468001286	0.4343594502645708	
LGMN	0.0298913784377524	0.0298913784377524	0.9402172431244952	
LGR4	0.8035194164163989	0.18418199617693776	0.012298587406663355	
LGR5	0.6032230790856106	0.38959295992470255	0.00718396098968692	
LGR6	0.751223865064334	0.23840952980112756	0.01036660513453839	
LGSN	0.2421677111308881	0.7504025605468657	0.007429728322246195	
LHFPL2	0.9707703961187371	0.014614801940631448	0.014614801940631448	
LHFPL3	0.9786978999486478	0.010651050025676123	0.010651050025676123	
LHFPL4	0.9623887895530421	0.018805605223478968	0.018805605223478968	
LHFPL5	0.4023532530780272	0.40295250121023357	0.19469424571173927	
LHFPL6	0.7620893134735297	0.020994231926720428	0.2169164545997498	
LHPP	0.6862570357705904	0.29392808214988053	0.01981488207952911	
LHX2	0.9462605987749181	0.03285362195304386	0.020885779272038087	
LHX4	0.3320343943146777	0.5155140918300675	0.1524515138552548	
LHX6	0.580175488743141	0.020766954842354565	0.39905755641450447	
LIAS	0.9572636499015534	0.021368175049223292	0.021368175049223292	
LIF	0.22656457648459716	0.0168213273947489	0.756614096120654	
LIFR	0.38357355000328286	0.6067510525714999	0.009675397425217417	
LIFR-AS1	0.4260735008329661	0.5674475085961076	0.006478990570926331	
LIG1	0.3752192529907726	0.6100816846668458	0.01469906234238158	
LIG3	0.3084037986014957	0.6740979721420644	0.017498229256440078	
LIG4	0.6199582955000151	0.023742054945943877	0.35629964955404086	
LILRA6	0.08407843711812836	0.010288547994844969	0.9056330148870266	
LILRB1	0.5225746024588055	0.014885972987876495	0.462539424553318	
LILRB2	0.2670062583032379	0.012602625804722463	0.7203911158920396	
LILRB3	0.15035450896255945	0.01253466923762035	0.8371108217998202	
LILRB4	0.43704590415920747	0.024561980748585538	0.5383921150922071	
LILRB5	0.46001813197932956	0.012355064930580669	0.5276268030900898	
LIMA1	0.20539522639859767	0.6246086729359382	0.16999610066546406	
LIMCH1	0.47221041062949964	0.5205751046963405	0.007214484674159908	
LIMD1	0.6153297119610843	0.3738980032146014	0.010772284824314244	
LIMK1	0.5927960036845787	0.024992711406539588	0.3822112849088817	
LIMK2	0.3126572976326954	0.48083223162955163	0.20651047073775297	
LIMS1	0.9499994182132895	0.02500029089335526	0.02500029089335526	
LIMS2	0.01958883052289935	0.01958883052289935	0.9608223389542012	
LIN28B	0.43125670083854384	0.5631673844637949	0.005575914697661335	LIN28B
LIN28B-AS1	0.5018744616841602	0.48738012643819334	0.01074541187764653	
LIN52	0.8886709851449134	0.09308543303468447	0.018243581820402234	
LIN54	0.8837399461752183	0.101735740106956	0.014524313717825721	
LIN7A	0.9758071808367096	0.01209640958164519	0.01209640958164519	
LIN7B	0.33815198962422	0.01478144379970935	0.6470665665760706	
LIN7C	0.5530752607912736	0.35049643563518385	0.09642830357354253	
LIN9	0.5625225877994783	0.4309873216259868	0.006490090574534955	
LINC00115	0.9610563837648302	0.019471808117584876	0.019471808117584876	
LINC00221	0.24877435950363455	0.7366728485745887	0.0145527919217767	
LINC00240	0.9640382059508225	0.01798089702458875	0.01798089702458875	
LINC00243	0.9713237218210146	0.014338139089492729	0.014338139089492729	
LINC00265	0.9455636073368364	0.027218196331581748	0.027218196331581748	
LINC00299	0.979333181284803	0.01033340935759851	0.01033340935759851	
LINC00324	0.03184196332545813	0.03184196332545813	0.9363160733490837	
LINC00342	0.9645211427104006	0.017739428644799698	0.017739428644799698	
LINC00426	0.9578029645685038	0.02109851771574807	0.02109851771574807	
LINC00467	0.8471545876041172	0.13825478376128422	0.014590628634598557	
LINC00470	0.49753694581280794	0.49753694581280794	0.004926108374384237	
LINC00471	0.9556307062282069	0.022184646885896508	0.022184646885896508	
LINC00472	0.6666540714526163	0.019219613347891067	0.31412631519949263	
LINC00482	0.14758475990345776	0.6726971859706805	0.17971805412586186	
LINC00491	0.4677304234539244	0.5224309326200909	0.009838643925984825	
LINC00504	0.976176899373783	0.011911550313108477	0.011911550313108477	
LINC00511	0.7403640619043157	0.25228039971373534	0.007355538381948998	
LINC00513	0.9805825242718447	0.009708737864077669	0.009708737864077669	
LINC00539	0.9534753464978922	0.02326232675105388	0.02326232675105388	
LINC00592	0.4172710537058574	0.5736829320680534	0.009046014226089244	
LINC00598	0.9773983339613573	0.011300833019321329	0.011300833019321329	
LINC00605	0.19925446440826125	0.7711378238150496	0.02960771177668914	
LINC00607	0.6307925543502578	0.3607161970650734	0.008491248584668877	
LINC00621	0.9679689104826691	0.01601554475866544	0.01601554475866544	
LINC00623	0.9667541661890937	0.01662291690545315	0.01662291690545315	
LINC00624	0.9687783227000408	0.015610838649979595	0.015610838649979595	
LINC00630	0.7544087210444566	0.2371762861264821	0.00841499282906126	
LINC00632	0.9791990620697285	0.010400468965135726	0.010400468965135726	
LINC00648	0.9654030996317926	0.01729845018410368	0.01729845018410368	
LINC00649	0.9693765885010518	0.01531170574947407	0.01531170574947407	
LINC00654	0.9640395630114729	0.017980218494263563	0.017980218494263563	
LINC00662	0.9781075327848815	0.010946233607559254	0.010946233607559254	
LINC00663	0.47188857799423345	0.11097643772995319	0.41713498427581325	
LINC00664	0.8091156287924488	0.09544218560377564	0.09544218560377564	
LINC00665	0.8572894517623608	0.12893086782411464	0.013779680413524608	
LINC00667	0.6580928699985418	0.04724716959589228	0.29465996040556597	
LINC00671	0.655826078849052	0.021788077311277805	0.3223858438396702	
LINC00672	0.7123418078373134	0.04050043423065401	0.24715775793203257	
LINC00683	0.9723221305864206	0.013838934706789716	0.013838934706789716	
LINC00702	0.952313548792295	0.02384322560385248	0.02384322560385248	
LINC00839	0.7511679594968577	0.01914660141563976	0.2296854390875026	
LINC00847	0.35426912262788024	0.046302825308198035	0.5994280520639218	
LINC00857	0.1590766700035149	0.7999103995060486	0.04101293049043653	
LINC00861	0.9731197001484934	0.013440149925753294	0.013440149925753294	
LINC00865	0.5755934633216396	0.02038261842538271	0.40402391825297757	
LINC00877	0.9778852526556746	0.011057373672162682	0.011057373672162682	
LINC00882	0.5752730533284756	0.41895207989281147	0.005774866778712939	
LINC00885	0.2965520303641392	0.6965514209139406	0.006896548721920204	
LINC00887	0.7461988088858242	0.014882730581414141	0.2389184605327617	
LINC00910	0.8947606055111934	0.09165326267203071	0.01358613181677593	
LINC00920	0.8548363615652285	0.07258181921738574	0.07258181921738574	
LINC00923	0.9790888866878871	0.010455556656056448	0.010455556656056448	
LINC00924	0.976620388923864	0.011689805538067945	0.011689805538067945	
LINC00926	0.29223083647209025	0.013347454528484173	0.6944217089994255	
LINC00937	0.9701084166007894	0.014945791699605313	0.014945791699605313	
LINC00954	0.9655731038527936	0.017213448073603168	0.017213448073603168	
LINC00957	0.017802785156797393	0.017802785156797393	0.9643944296864052	
LINC00958	0.41628145353553053	0.5714921560659101	0.012226390398559356	
LINC00960	0.9627701734297894	0.01861491328510526	0.01861491328510526	
LINC00996	0.7173763491992935	0.023790527681917948	0.25883312311878864	
LINC00997	0.02555552278161011	0.02555552278161011	0.9488889544367798	
LINC01001	0.8576120421295282	0.07119397893523582	0.07119397893523582	
LINC01003	0.010277747354613861	0.5090901996378417	0.48063205300754447	
LINC01010	0.9704913975311823	0.014754301234408844	0.014754301234408844	
LINC01023	0.9035710579706066	0.048214471014696704	0.048214471014696704	
LINC01068	0.13550409513477685	0.8540078088452885	0.0104880960199347	
LINC01088	0.9760243079322699	0.011987846033865013	0.011987846033865013	
LINC01091	0.534242175847937	0.4604468888919979	0.005310935260065206	
LINC01094	0.9662209699421546	0.01688951502892272	0.01688951502892272	
LINC01106	0.09824720708793398	0.09824720708793398	0.803505585824132	
LINC01116	0.9675184412314815	0.016240779384259257	0.016240779384259257	
LINC01117	0.9791178263798349	0.01044108681008251	0.01044108681008251	
LINC01127	0.36493502029393443	0.017347329017268535	0.617717650688797	
LINC01133	0.897987040814338	0.021678935290360482	0.08033402389530152	
LINC01134	0.95548966944858	0.022255165275709952	0.022255165275709952	
LINC01139	0.9242954695228753	0.037852265238562284	0.037852265238562284	
LINC01194	0.38536667211406644	0.6086075109458754	0.006025816940058173	
LINC01205	0.3783369229402577	0.615568341010137	0.006094736049605316	
LINC01220	0.9123918664887918	0.04380406675560405	0.04380406675560405	
LINC01252	0.9745974120016557	0.012701293999172109	0.012701293999172109	
LINC01270	0.6550543086167827	0.02001885746550733	0.3249268339177099	
LINC01273	0.9339514454026872	0.03302427729865641	0.03302427729865641	
LINC01284	0.3734696963087515	0.6186517344577367	0.00787856923351188	
LINC01285	0.9661182107907281	0.01694089460463594	0.01694089460463594	
LINC01301	0.9758398501853505	0.012080074907324732	0.012080074907324732	
LINC01303	0.9208964260358989	0.03955178698205051	0.03955178698205051	
LINC01311	0.017514345782836803	0.5434172888753682	0.43906836534179483	
LINC01320	0.9793029975023813	0.010348501248809346	0.010348501248809346	
LINC01353	0.9595705536277497	0.020214723186125143	0.020214723186125143	
LINC01355	0.4636552998221324	0.46045460676153094	0.07589009341633672	
LINC01356	0.3178391097266215	0.6754730384079531	0.006687851865425279	
LINC01376	0.770800828069701	0.2206199541140536	0.008579217816245346	
LINC01410	0.929437779734831	0.017992581781101843	0.052569638484067115	
LINC01426	0.9361756969066893	0.031912151546655276	0.031912151546655276	
LINC01446	0.6785619155688096	0.3107978668519175	0.010640217579272837	
LINC01473	0.9805825242718447	0.009708737864077669	0.009708737864077669	
LINC01483	0.42542650179869734	0.5689404246895252	0.005633073511777478	
LINC01502	0.9474908353305473	0.02625458233472632	0.02625458233472632	
LINC01503	0.9537601477241713	0.023119926137914366	0.023119926137914366	
LINC01504	0.9669825740773972	0.016508712961301387	0.016508712961301387	
LINC01508	0.9689077682397422	0.01554611588012887	0.01554611588012887	
LINC01515	0.9805825242718447	0.009708737864077669	0.009708737864077669	
LINC01521	0.8002029057400976	0.06149410661579546	0.13830298764410706	
LINC01524	0.4540790116101978	0.540568821836961	0.0053521665528411975	
LINC01535	0.9600677713619311	0.019966114319034434	0.019966114319034434	
LINC01541	0.9372819563719488	0.03135902181402556	0.03135902181402556	
LINC01547	0.5728368162225362	0.03197921076296577	0.3951839730144979	
LINC01550	0.9722118928077537	0.013894053596123154	0.013894053596123154	
LINC01554	0.35142915415083453	0.009176388615103196	0.6393944572340623	
LINC01560	0.022976181651251728	0.022976181651251728	0.9540476366974965	
LINC01563	0.9422208363603705	0.02888958181981477	0.02888958181981477	
LINC01569	0.6846583675336192	0.025314355447876333	0.29002727701850445	
LINC01572	0.7614570501812189	0.2309978978276413	0.007545051991139932	
LINC01579	0.9730813020854271	0.013459348957286468	0.013459348957286468	
LINC01588	0.9616885264484496	0.026974214680090706	0.011337258871459612	
LINC01602	0.38489165745033516	0.6080660409584105	0.007042301591254355	
LINC01607	0.34806669203025914	0.64127730326461	0.01065600470513092	
LINC01612	0.5171711201342065	0.47214401587324795	0.01068486399254558	
LINC01637	0.32116643041901355	0.030269300679307515	0.6485642689016788	
LINC01684	0.9690053302971413	0.015497334851429345	0.015497334851429345	
LINC01695	0.9777771714140792	0.011111414292960399	0.011111414292960399	
LINC01703	0.9100814220817917	0.04495928895910416	0.04495928895910416	
LINC01725	0.6682715951147843	0.3251118544385347	0.006616550446681033	
LINC01762	0.5390157878896091	0.44877855542742995	0.012205656682960805	
LINC01772	0.46591076873314613	0.033020276742445516	0.5010689545244085	
LINC01781	0.7936769510279725	0.016507556800426013	0.1898154921716014	
LINC01806	0.03650534980452538	0.690471986222968	0.2730226639725066	
LINC01816	0.8358133970499316	0.14625952308383416	0.01792707986623427	
LINC01819	0.22215530052229274	0.6009760455207284	0.17686865395697887	
LINC01840	0.19571713241127822	0.7927500702436208	0.011532797345101002	
LINC01852	0.7512941596889354	0.030573457568883567	0.21813238274218102	
LINC01873	0.09853782263961741	0.8875820559580087	0.01388012140237389	
LINC01909	0.6264190312402628	0.3579802770662742	0.015600691693463042	
LINC01913	0.9520078138813942	0.02399609305930287	0.02399609305930287	
LINC01934	0.9799738035848411	0.010013098207579446	0.010013098207579446	
LINC01943	0.4828838533094492	0.03841610998116386	0.4787000367093869	
LINC01949	0.4369698285625024	0.5575102677959535	0.0055199036415440935	
LINC01963	0.02726713370975887	0.02726713370975887	0.9454657325804822	
LINC01970	0.8561899687340739	0.07190501563296305	0.07190501563296305	
LINC01980	0.9606381622397199	0.01968091888014011	0.01968091888014011	
LINC01983	0.1552473615648903	0.8364707498230007	0.008281888612108919	
LINC01990	0.24057563696345058	0.7510647942961438	0.008359568740405611	
LINC01993	0.9666089191834916	0.016695540408254182	0.016695540408254182	
LINC02018	0.9792532906026019	0.010373354698699024	0.010373354698699024	
LINC02021	0.9733184876482353	0.013340756175882372	0.013340756175882372	
LINC02035	0.009768789154812824	0.4617721910983794	0.5284590197468078	
LINC02043	0.9260691796116264	0.03696541019418677	0.03696541019418677	
LINC02055	0.5141372279789751	0.4804990515146899	0.005363720506335041	
LINC02109	0.9737457001753099	0.013127149912345022	0.013127149912345022	
LINC02175	0.5479063959822151	0.4446307502599608	0.007462853757824069	
LINC02202	0.9675915344755467	0.01620423276222665	0.01620423276222665	
LINC02211	0.9655152830922994	0.017242358453850266	0.017242358453850266	
LINC02228	0.9655843345998449	0.017207832700077506	0.017207832700077506	
LINC02253	0.5855043445091395	0.4054179255763746	0.009077729914485914	
LINC02265	0.9440440212566731	0.027977989371663407	0.027977989371663407	
LINC02267	0.8436490048884459	0.14557841973220453	0.01077257537934962	
LINC02268	0.9709630265171437	0.014518486741428152	0.014518486741428152	
LINC02298	0.23765120148569058	0.7418160767481651	0.020532721766144277	
LINC02315	0.9747980952493699	0.012600952375315042	0.012600952375315042	
LINC02327	0.3294816954952796	0.6639445956370271	0.006573708867693338	
LINC02328	0.9731068110325723	0.013446594483713796	0.013446594483713796	
LINC02334	0.6876455061329494	0.2994635380906129	0.012890955776437665	
LINC02341	0.7301139108702184	0.25768446712708415	0.012201622002697499	
LINC02345	0.9553704641604226	0.022314767919788703	0.022314767919788703	
LINC02349	0.9362511507880354	0.03187442460598227	0.03187442460598227	
LINC02352	0.8381514858636704	0.02362777007681796	0.13822074405951165	
LINC02356	0.9660012875783724	0.016999356210813735	0.016999356210813735	
LINC02381	0.33359274557081575	0.013761006066220337	0.6526462483629639	
LINC02384	0.9675947430581405	0.016202628470929733	0.016202628470929733	
LINC02428	0.4774576893937882	0.5160368397169879	0.006505470889223951	
LINC02432	0.9484762414932815	0.025761879253359224	0.025761879253359224	
LINC02447	0.9291054174273332	0.03544729128633337	0.03544729128633337	
LINC02449	0.7800998452694544	0.02035561342365836	0.19954454130688717	
LINC02453	0.9548362672498051	0.02258186637509742	0.02258186637509742	
LINC02482	0.9649184052324207	0.017540797383789657	0.017540797383789657	
LINC02484	0.5013409319886312	0.49052264832962267	0.008136419681746138	
LINC02532	0.9687649977585089	0.01561750112074556	0.01561750112074556	
LINC02542	0.667585376827015	0.32410233074002776	0.008312292432957342	
LINC02550	0.9625747397996316	0.01871263010018418	0.01871263010018418	
LINGO1	0.9805825242718447	0.009708737864077669	0.009708737864077669	
LINGO2	0.9805825242718447	0.009708737864077669	0.009708737864077669	
LINS1	0.9545961085367419	0.022701945731629	0.022701945731629	
LIPA	0.41211344877785033	0.03130213045948457	0.5565844207626651	
LIPC	0.9738000866713981	0.01309995666430098	0.01309995666430098	
LIPE	0.9388372337897707	0.030581383105114646	0.030581383105114646	
LIPE-AS1	0.9805825242718447	0.009708737864077669	0.009708737864077669	
LIPG	0.747292335851846	0.0139437167365065	0.2387639474116475	
LIPH	0.5785890021795645	0.010870623244754771	0.41054037457568066	
LIPT2	0.011019945053609396	0.7146707826117055	0.27430927233468505	
LITAF	0.023582625865798904	0.023582625865798904	0.9528347482684022	
LIX1L	0.02983324620236282	0.02983324620236282	0.9403335075952743	
LIX1L-AS1	0.6629080995915898	0.10009018051669379	0.23700171989171645	
LLGL1	0.40071572838577485	0.013884818347331556	0.5853994532668937	
LLGL2	0.48571072844479524	0.16926061973910553	0.34502865181609915	
LLPH	0.016312324956424838	0.0890095129223679	0.8946781621212072	
LMAN1	0.17316433462902459	0.5258289983884644	0.30100666698251094	
LMAN2	0.019352058850257158	0.3986164489661112	0.5820314921836316	
LMAN2L	0.7059162130102807	0.19912729414838024	0.09495649284133918	
LMBR1	0.8220599274744813	0.16600381064950506	0.011936261876013552	
LMBR1L	0.5676948988621805	0.02246627114121103	0.4098388299966085	
LMBRD1	0.7997227450234438	0.18465542016278033	0.015621834813775909	
LMBRD2	0.9563814471427229	0.021809276428638537	0.021809276428638537	
LMCD1	0.9559292245380814	0.01675517960102452	0.02731559586089417	
LMCD1-AS1	0.9805825242718447	0.009708737864077669	0.009708737864077669	
LMF1	0.9736552567128339	0.013172371643583036	0.013172371643583036	
LMF2	0.013039613902480006	0.10985578724934672	0.8771045988481734	
LMLN	0.9671773473859272	0.01641132630703638	0.01641132630703638	
LMNA	0.3505342193885371	0.2945414466216681	0.3549243339897947	
LMNB1	0.5772542286438817	0.41182698860010075	0.010918782756017516	
LMNB2	0.09718296508536235	0.6446919816150377	0.25812505329959995	
LMNTD2	0.1652703176337498	0.2503244310631061	0.5844052513031442	
LMO1	0.5855751586827626	0.4010800176143951	0.013344823702842281	
LMO2	0.45289646096055575	0.012860675979939689	0.5342428630595046	
LMO3	0.7604461287962798	0.012593751370231141	0.22696011983348904	
LMO4	0.0222179098078301	0.3903620522893441	0.5874200379028258	
LMO7	0.7525298527328753	0.2106814643735687	0.036788682893556024	
LMO7-AS1	0.45844824706756104	0.5292178848086004	0.012333868123838448	
LMOD1	0.44042990851860636	0.009066134511450122	0.5505039569699435	
LMOD3	0.9761311452282172	0.01193442738589139	0.01193442738589139	
LMTK2	0.789789382079616	0.19779495545728285	0.012415662463101128	
LMTK3	0.34195748706618206	0.6455472229457596	0.01249528998805832	
LNP1	0.9629317091718727	0.018534145414063667	0.018534145414063667	
LNPEP	0.9621689110535279	0.018915544473236047	0.018915544473236047	
LNPK	0.9604291898543788	0.019785405072810604	0.019785405072810604	
LNX1	0.5493539266589818	0.4426368507102905	0.008009222630727683	
LNX2	0.5159140999662934	0.47273931902313665	0.011346581010569933	
LOH12CR2	0.033288542023325894	0.033288542023325894	0.9334229159533481	
LONP1	0.14978877081163636	0.46115914574761374	0.38905208344074993	
LONP2	0.9422303320481085	0.028884833975945736	0.028884833975945736	
LONRF1	0.6393962323227615	0.016420743293429692	0.34418302438380877	
LONRF2	0.9570034633532107	0.02149826832339462	0.02149826832339462	
LONRF3	0.8083023469342483	0.020461550526236962	0.17123610253951474	
LOX	0.25337708336269216	0.01355241287065715	0.7330705037666507	
LOXL1	0.4893776524663799	0.047058722268229644	0.46356362526539036	
LOXL1-AS1	0.6190725697934274	0.023001332596954152	0.35792609760961835	
LOXL2	0.9672430061749413	0.01637849691252936	0.01637849691252936	
LOXL3	0.9496981588207406	0.017769915362326725	0.03253192581693264	
LOXL4	0.4223859264206779	0.015825867738708733	0.5617882058406134	
LPAR1	0.9660676448495286	0.01696617757523573	0.01696617757523573	
LPAR2	0.04359529111736076	0.37667718586433235	0.5797275230183068	
LPAR3	0.9662433345674889	0.016878332716255533	0.016878332716255533	
LPAR5	0.557074464245282	0.014940031644090593	0.4279855041106274	
LPAR6	0.021274508862843933	0.021274508862843933	0.9574509822743121	
LPCAT1	0.5984092589226487	0.3056135323648077	0.09597720871254356	
LPCAT2	0.8574900152169118	0.016549945841051922	0.1259600389420362	
LPCAT3	0.3209721107541801	0.4746143478728258	0.20441354137299414	
LPCAT4	0.2732101920816129	0.014578517998004211	0.7122112899203829	
LPGAT1	0.9591360348979487	0.02043198255102561	0.02043198255102561	
LPIN1	0.9311517146522166	0.03442414267389169	0.03442414267389169	
LPIN2	0.6773449561322673	0.30950606123057217	0.013148982637160484	
LPIN3	0.41773132180865946	0.014286657489210531	0.56798202070213	
LPL	0.34078228853873077	0.01431413222429425	0.6449035792369749	
LPP	0.9708504948068709	0.014574752596564539	0.014574752596564539	
LPP-AS2	0.3714372433436395	0.047463251124365564	0.5810995055319951	
LPXN	0.5164251207380974	0.03057862096084138	0.4529962583010612	
LRBA	0.8453297704921474	0.1385631112266232	0.016107118281229335	
LRCH1	0.6428650405359497	0.3472042276523475	0.009930731811702708	
LRCH2	0.9758472278950189	0.012076386052490545	0.012076386052490545	
LRCH3	0.9634761337452198	0.018261933127390103	0.018261933127390103	
LRCH4	0.014685022756236996	0.014685022756236996	0.970629954487526	
LRFN3	0.3809901783135131	0.0198091709885725	0.5992006506979143	
LRFN4	0.1265581023938272	0.01540024354791164	0.8580416540582612	
LRFN5	0.9805365744426806	0.00973171277865971	0.00973171277865971	
LRIF1	0.15718105852398503	0.6816701052654868	0.16114883621052808	
LRIG1	0.972724910529471	0.01363754473526451	0.01363754473526451	
LRIG2	0.9447805602468291	0.043012008592266136	0.01220743116090475	
LRIG3	0.9679851098978955	0.016007445051052224	0.016007445051052224	
LRMDA	0.9777824393217939	0.011108780339103041	0.011108780339103041	
LRP1	0.8796521414837594	0.014062424318828195	0.10628543419741243	
LRP10	0.010859790862053322	0.07280773136774098	0.9163324777702058	
LRP12	0.970642356365951	0.014678821817024483	0.014678821817024483	
LRP2	0.436623628593597	0.557192957750152	0.006183413656251012	
LRP2BP	0.9624998724807595	0.018750063759620218	0.018750063759620218	
LRP3	0.3054180183126	0.011002761174407561	0.6835792205129924	
LRP4	0.9361718313764782	0.013470611018892577	0.05035755760462919	
LRP4-AS1	0.4265204627903289	0.020937044074506833	0.5525424931351643	
LRP5	0.6212594478472455	0.27848043556334984	0.10026011658940466	
LRP6	0.9793617144059354	0.01031914279703224	0.01031914279703224	
LRP8	0.46757866275982174	0.39165183281755195	0.14076950442262628	
LRPAP1	0.7828737522509673	0.038452528203264294	0.1786737195457684	
LRPPRC	0.9249774963103442	0.0568889021546776	0.018133601534978075	
LRR1	0.21530129254955793	0.4606384558071727	0.3240602516432692	
LRRC1	0.5008622535929065	0.49187064937502495	0.007267097032068513	
LRRC14	0.014370478196813807	0.014370478196813807	0.9712590436063724	
LRRC15	0.38262996699422397	0.05270025198386955	0.5646697810219065	
LRRC17	0.9677732039665335	0.01611339801673321	0.01611339801673321	
LRRC2	0.9705881681047146	0.014705915947642699	0.014705915947642699	
LRRC20	0.7932323782676445	0.020349952852219494	0.1864176688801359	
LRRC23	0.9646740349113458	0.01766298254432706	0.01766298254432706	
LRRC24	0.9293162849273223	0.03534185753633878	0.03534185753633878	
LRRC25	0.012359616144496564	0.012359616144496564	0.9752807677110068	
LRRC27	0.9671317171535692	0.016434141423215382	0.016434141423215382	
LRRC28	0.9701138618934332	0.014943069053283402	0.014943069053283402	
LRRC3	0.017635281562398707	0.017635281562398707	0.9647294368752025	
LRRC32	0.19804813706840954	0.009605882239305592	0.7923459806922848	
LRRC34	0.9682094096837341	0.01589529515813289	0.01589529515813289	
LRRC37A	0.9558589346557748	0.022070532672112578	0.022070532672112578	
LRRC37A2	0.9701135099951431	0.014943245002428435	0.014943245002428435	
LRRC37A3	0.9648123560126969	0.01759382199365156	0.01759382199365156	
LRRC37B	0.9664992193526297	0.016750390323685138	0.016750390323685138	
LRRC39	0.8949590535249557	0.013746448611825187	0.09129449786321897	
LRRC4	0.15793659655638126	0.018290233550582763	0.823773169893036	
LRRC40	0.9524795741648845	0.023760212917557724	0.023760212917557724	
LRRC41	0.5129546890840173	0.24674860667103163	0.24029670424495111	
LRRC42	0.01849101936868838	0.3091150033871111	0.6723939772442005	
LRRC45	0.12263924774992412	0.407540878345581	0.4698198739044949	
LRRC47	0.27816010281391046	0.3077023483594892	0.4141375488266003	
LRRC49	0.975756810975928	0.012121594512035972	0.012121594512035972	
LRRC4B	0.9704674340445714	0.014766282977714294	0.014766282977714294	
LRRC4C	0.9805825242718447	0.009708737864077669	0.009708737864077669	
LRRC56	0.6740887393971648	0.018187571957818553	0.30772368864501654	
LRRC58	0.901958604947547	0.049020697526226495	0.049020697526226495	
LRRC59	0.012247613672399097	0.3268487550514779	0.6609036312761231	
LRRC61	0.03344217333057154	0.532938998710721	0.43361882795870754	
LRRC69	0.9742801095744511	0.012859945212774422	0.012859945212774422	
LRRC7	0.9805825242718447	0.009708737864077669	0.009708737864077669	
LRRC74B	0.5878623435550334	0.3890556391776291	0.02308201726733749	
LRRC75A	0.8635392507015776	0.013046842596621495	0.12341390670180105	
LRRC75B	0.26057956304165275	0.014862694177352023	0.7245577427809953	
LRRC8A	0.2638505507468531	0.020880358131162093	0.7152690911219849	
LRRC8B	0.9634878375359618	0.018256081232019102	0.018256081232019102	
LRRC8C-DT	0.9666908625807378	0.016654568709631095	0.016654568709631095	
LRRC8D	0.013395096627308525	0.013395096627308525	0.9732098067453829	
LRRC8E	0.19484176179234938	0.5353801169428939	0.2697781212647567	
LRRCC1	0.9565134674432272	0.021743266278386394	0.021743266278386394	
LRRFIP1	0.9250725943583756	0.037463702820812156	0.037463702820812156	
LRRFIP2	0.8016900966271167	0.1717900432750129	0.026519860097870433	
LRRIQ1	0.9757314404887335	0.012134279755633257	0.012134279755633257	
LRRIQ3	0.9664311931493356	0.01678440342533222	0.01678440342533222	
LRRK1	0.9731738111020116	0.013413094448994193	0.013413094448994193	
LRRK2	0.9737964641185982	0.013101767940700875	0.013101767940700875	
LRRN1	0.970565178109855	0.014717410945072472	0.014717410945072472	
LRRN2	0.9675691645415156	0.016215417729242152	0.016215417729242152	
LRRN3	0.9597353722592677	0.02013231387036612	0.02013231387036612	
LRRN4CL	0.059423388328638686	0.009968455675358458	0.9306081559960029	
LRRTM2	0.7755619485981265	0.06503604732616583	0.15940200407570762	
LRSAM1	0.9685099859579789	0.015745007021010532	0.015745007021010532	
LRTM1	0.42945575989899376	0.4819172456097533	0.08862699449125275	
LRTOMT	0.3740010433600196	0.6081249117004405	0.01787404493953983	
LRWD1	0.014643319511945165	0.014643319511945165	0.9707133609761096	
LSAMP	0.9805825242718447	0.009708737864077669	0.009708737864077669	
LSG1	0.2738854384651156	0.5068988372200212	0.21921572431486322	
LSM1	0.014360034836278002	0.32307877201837826	0.6625611931453438	
LSM10	0.011987877809963172	0.011987877809963172	0.9760242443800736	
LSM11	0.9323523913363898	0.033823804331805055	0.033823804331805055	
LSM12	0.28898249727655945	0.6901344036649815	0.020883099058459084	
LSM14A	0.21715718333784592	0.7602546793082854	0.02258813735386862	
LSM14B	0.030303638204872314	0.030303638204872314	0.9393927235902553	
LSM2	0.012373159317973162	0.16261071014518524	0.8250161305368416	
LSM3	0.2792114695799099	0.5026207231393787	0.21816780728071142	
LSM4	0.011513628204576808	0.28107332102138927	0.7074130507740339	
LSM5	0.016361297664507446	0.170979238089022	0.8126594642464705	
LSM6	0.5912901735043811	0.3870301231264563	0.021679703369162622	
LSM7	0.012168686034538983	0.382970268273177	0.604861045692284	
LSM8	0.6910632581081233	0.16635499547287586	0.1425817464190009	
LSP1	0.0336277809196563	0.010296273521654025	0.9560759455586897	
LSR	0.07176679092124016	0.3490506072881009	0.5791826017906591	
LSS	0.6435929236003056	0.025684492770019447	0.33072258362967494	
LST1	0.019051356973537804	0.019051356973537804	0.9618972860529243	
LTA4H	0.04262397190825069	0.04262397190825069	0.9147520561834986	
LTB	0.017490115869768792	0.017490115869768792	0.9650197682604624	
LTB4R	0.24714195866983213	0.011288265194564233	0.7415697761356036	
LTB4R2	0.012168362566543706	0.012168362566543706	0.9756632748669125	
LTBP1	0.6458799453951081	0.34342277358367934	0.010697281021212576	
LTBP2	0.6450705387756028	0.011697440129974162	0.343232021094423	
LTBP3	0.58191244704915	0.016661148216198345	0.4014264047346517	
LTBP4	0.2827769803606661	0.01499944636544523	0.7022235732738886	
LTBR	0.018871134994815502	0.018871134994815502	0.962257730010369	
LTC4S	0.1146670085867178	0.016493107584499338	0.8688398838287827	
LTF	0.08452099212380637	0.010520316335640153	0.9049586915405535	
LTN1	0.6496377954292879	0.33471168723098366	0.01565051733972847	
LTV1	0.018417151857874205	0.018417151857874205	0.9631656962842515	
LUC7L	0.8997095744715473	0.02997882422551353	0.07031160130293912	
LUC7L2	0.009513643340047112	0.21995514717574016	0.7705312094842127	
LUC7L3	0.7818726384877626	0.10906368075611876	0.10906368075611876	
LUCAT1	0.976436140321653	0.011781929839173451	0.011781929839173451	
LUM	0.009708737864077669	0.009708737864077669	0.9805825242718447	
LURAP1	0.8905549509717755	0.08504713468897275	0.02439791433925168	
LURAP1L	0.8905229553304664	0.013298631316077772	0.09617841335345577	
LUZP1	0.9585368426221359	0.02073157868893205	0.02073157868893205	
LVRN	0.29984958102482495	0.6932861991813009	0.006864219793874266	
LXN	0.020646118226538685	0.020646118226538685	0.9587077635469226	
LY6D	0.004926108374384236	0.49753694581280783	0.49753694581280783	
LY6E	0.010176559506649405	0.035377657161277734	0.9544457833320729	
LY6E-DT	0.9704539783542229	0.014773010822888556	0.014773010822888556	
LY6G6C	0.005204850594991039	0.469105239310914	0.5256899100940949	
LY86	0.5621065957153276	0.017567273114977373	0.42032613116969497	
LY86-AS1	0.9764765614775406	0.011761719261229724	0.011761719261229724	
LY9	0.6728038912771126	0.018685867361023723	0.3085102413618638	
LY96	0.200621370460102	0.01926944925743911	0.7801091802824589	
LYAR	0.4098296224230734	0.027045426912261843	0.5631249506646647	
LYG1	0.6984424227064332	0.020666415107923625	0.28089116218564314	
LYG2	0.8122460933813112	0.09387695330934445	0.09387695330934445	
LYL1	0.18039994340223778	0.014953449977714073	0.8046466066200482	
LYN	0.9607156531827868	0.019642173408606536	0.019642173408606536	
LYPD3	0.007084140599084764	0.43498436361613657	0.5579314957847785	
LYPD5	0.16367668157291754	0.38140006199183996	0.45492325643524256	
LYPD6	0.9784461677576785	0.01077691612116075	0.01077691612116075	
LYPD6B	0.8383331581570467	0.011692846888772894	0.14997399495418037	
LYPLA1	0.1101829744441976	0.7660796854880422	0.12373734006776023	
LYPLA2	0.00940547037795212	0.22439041516465047	0.7662041144573974	
LYPLAL1	0.9676261967688875	0.016186901615556214	0.016186901615556214	
LYRM1	0.3265442794799975	0.0352846596366814	0.6381710608833211	
LYRM2	0.4924917288856912	0.22989404051352516	0.2776142306007836	
LYRM4	0.9512941592161838	0.024352920391908114	0.024352920391908114	
LYRM7	0.9449889603614441	0.027505519819277933	0.027505519819277933	
LYRM9	0.022628514288080596	0.022628514288080596	0.9547429714238388	
LYSMD1	0.10062487685644428	0.38276712940762125	0.5166079937359345	
LYSMD2	0.017275580439143727	0.017275580439143727	0.9654488391217125	
LYSMD3	0.5474183792783585	0.22274501315284997	0.22983660756879162	
LYSMD4	0.955245105528489	0.022377447235755476	0.022377447235755476	
LYST	0.9675060400533722	0.016246979973313896	0.016246979973313896	
LYVE1	0.5230309417094685	0.011688636749197647	0.46528042154133387	
LYZ	0.009708737864077669	0.009708737864077669	0.9805825242718447	
LZIC	0.08532786056930872	0.12214661103433415	0.7925255283963573	
LZTFL1	0.9693728697273556	0.015313565136322186	0.015313565136322186	
LZTR1	0.010966900631937011	0.010966900631937011	0.978066198736126	
LZTS1	0.7042517502006477	0.08456832043503906	0.2111799293643133	
LZTS2	0.2824025736832499	0.023673886909730095	0.69392353940702	
LZTS3	0.288692289444002	0.015413188620284991	0.695894521935713	
M1AP	0.5633992668883968	0.42541233627507785	0.011188396836525411	
M6PR	0.01932037552641232	0.01932037552641232	0.9613592489471753	
MAB21L3	0.1460550208488718	0.5642233340660168	0.2897216450851114	
MACC1	0.9689201533923071	0.015539923303846468	0.015539923303846468	
MACC1-AS1	0.8089658445580964	0.09551707772095187	0.09551707772095187	
MACF1	0.8749875543643002	0.09387784406149745	0.031134601574202305	
MACO1	0.9556152727028452	0.022192363648577407	0.022192363648577407	
MACROD1	0.5977523325224726	0.3542702313321767	0.04797743614535063	
MACROD2	0.9795779750707999	0.010211012464600044	0.010211012464600044	
MAD2L1	0.3599308229132331	0.41699083737722364	0.2230783397095432	
MAD2L1BP	0.015616422682101208	0.03572771249614995	0.9486558648217489	
MAD2L2	0.022324611754742603	0.022324611754742603	0.9553507764905148	
MADCAM1	0.9537345396557093	0.02313273017214533	0.02313273017214533	
MADD	0.9015602817025962	0.04921985914870188	0.04921985914870188	
MAEA	0.3893756830920986	0.48425059022100836	0.12637372668689312	
MAEL	0.9428790511845564	0.028560474407721796	0.028560474407721796	
MAF	0.2361014914579262	0.028072576361685996	0.7358259321803878	
MAF1	0.010616872677443953	0.010616872677443953	0.978766254645112	
MAFB	0.012757926593629582	0.012757926593629582	0.9744841468127409	
MAFF	0.057610123009495535	0.3603261862585388	0.5820636907319657	
MAFG	0.030045529562811493	0.1362719531714769	0.8336825172657116	
MAFK	0.01003431719833747	0.48013381775154707	0.5098318650501154	
MAFTRR	0.967037482981345	0.016481258509327502	0.016481258509327502	
MAG	0.22289752766386045	0.7684614128164776	0.008641059519661912	
MAGEA11	0.24861084012905718	0.7440225994800512	0.007366560390891596	
MAGED1	0.6233638646678934	0.2843570195681676	0.09227911576393906	
MAGED2	0.11318787309884258	0.03746246537860258	0.8493496615225548	
MAGEF1	0.009801166729346921	0.2500853363671498	0.7401134969035033	
MAGEH1	0.011147526440772024	0.011147526440772024	0.9777049471184559	
MAGI1	0.9783355579579756	0.010832221021012228	0.010832221021012228	
MAGI2	0.9805825242718447	0.009708737864077669	0.009708737864077669	
MAGI3	0.9781146820367362	0.01094265898163186	0.01094265898163186	
MAGIX	0.3657076556239787	0.015836934918579782	0.6184554094574415	
MAGOH	0.016563959853700905	0.3446228599124213	0.6388131802338778	
MAGOHB	0.6342847075106146	0.35170439044689195	0.014010902042493546	
MAGT1	0.42251345588205746	0.19396047283199125	0.38352607128595134	
MAIP1	0.2496782419487489	0.2963928424930924	0.4539289155581587	
MAK	0.9706262158445382	0.014686892077730886	0.014686892077730886	
MAK16	0.20037720624555586	0.20996700689448203	0.5896557868599621	
MAL	0.43491978279553745	0.014727088056619207	0.5503531291478434	
MAL2	0.38420562106094225	0.24971507594596593	0.36607930299309177	
MALAT1	0.9805825242718447	0.009708737864077669	0.009708737864077669	
MALINC1	0.9347229582507279	0.032638520874636014	0.032638520874636014	
MALL	0.031133994394550182	0.015756797070617595	0.9531092085348323	
MALRD1	0.9791451640940387	0.010427417952980626	0.010427417952980626	
MALSU1	0.6978888733500769	0.16504592774249133	0.13706519890743185	
MALT1	0.9665491010236974	0.01672544948815131	0.01672544948815131	
MAMDC2	0.6796416821863273	0.009137854784231474	0.31122046302944123	
MAMDC2-AS1	0.9750790641504374	0.012460467924781263	0.012460467924781263	
MAMDC4	0.29776138162709903	0.26014133402073014	0.44209728435217066	
MAML1	0.9469167401124995	0.033760839141025935	0.019322420746474674	
MAML2	0.9660052620044461	0.02070962251316872	0.013285115482385144	
MAML3	0.9730993005231156	0.01345034973844219	0.01345034973844219	
MAMLD1	0.9762285531710467	0.01188572341447663	0.01188572341447663	
MAMSTR	0.9712332022358693	0.014383398882065357	0.014383398882065357	
MAN1A1	0.9285565706152914	0.035721714692354294	0.035721714692354294	
MAN1A2	0.379550164993264	0.6124003356942483	0.008049499312487595	
MAN1B1	0.35056214544466113	0.1910686054280663	0.4583692491272726	
MAN1B1-DT	0.03509642872625677	0.03509642872625677	0.9298071425474864	
MAN1C1	0.6647334787314254	0.32126614068574877	0.014000380582825806	
MAN2A1	0.5833566239159633	0.4018225176637681	0.014820858420268566	
MAN2A2	0.19755689819021202	0.34735682873552387	0.45508627307426414	
MAN2B1	0.026122091924808646	0.026122091924808646	0.9477558161503826	
MAN2B2	0.3381873753810762	0.022138450031603408	0.6396741745873205	
MAN2C1	0.2863539875117035	0.025235832752233463	0.6884101797360631	
MANBA	0.9787917617813059	0.01060411910934705	0.01060411910934705	
MANBAL	0.014778311927510033	0.2978743565083392	0.6873473315641508	
MANCR	0.9713228002789983	0.014338599860500824	0.014338599860500824	
MANEA	0.5951108794510116	0.02184536940984705	0.38304375113914135	
MANEA-DT	0.7384923030888917	0.04219320723379885	0.21931448967730946	
MANEAL	0.012853898936835329	0.36327633657678005	0.6238697644863846	
MANF	0.014390752252361088	0.014390752252361088	0.9712184954952778	
MANSC1	0.465693068662495	0.01653979529903574	0.5177671360384691	
MANSC4	0.3117189333386395	0.6796233779722327	0.008657688689127778	
MAOA	0.21259243234960729	0.47133555464564936	0.31607201300474336	
MAOB	0.3911585696068134	0.015453962026314603	0.593387468366872	
MAP10	0.5681413342503404	0.025616309090040475	0.40624235665961905	
MAP1A	0.8142295783516731	0.014989626065635012	0.17078079558269185	
MAP1B	0.8497279090437938	0.011150433146544366	0.13912165780966185	
MAP1LC3A	0.013151790998558175	0.013151790998558175	0.9736964180028836	
MAP1LC3B	0.018035208603894095	0.11794611640600411	0.8640186749901018	
MAP1LC3B2	0.970694028747282	0.014652985626359008	0.014652985626359008	
MAP1S	0.25026173716399325	0.02276299650653869	0.7269752663294681	
MAP2	0.9770949507900591	0.011452524604970414	0.011452524604970414	
MAP2K1	0.9166445429902117	0.0416777285048941	0.0416777285048941	
MAP2K2	0.03048357464171079	0.03048357464171079	0.9390328507165784	
MAP2K3	0.015802340737297783	0.41273759524268755	0.5714600640200146	
MAP2K4	0.6838562764410152	0.2967470837729071	0.019396639786077606	
MAP2K5	0.9624834191264349	0.018758290436782565	0.018758290436782565	
MAP2K6	0.9764354700000492	0.011782264999975395	0.011782264999975395	
MAP2K7	0.2922463947164178	0.3139471408155951	0.39380646446798717	
MAP3K1	0.9674705286692674	0.01626473566536627	0.01626473566536627	
MAP3K10	0.8746451912306112	0.014201838114502567	0.11115297065488607	
MAP3K11	0.02751200757859908	0.02751200757859908	0.9449759848428018	
MAP3K12	0.5703604235077936	0.01810553303983098	0.4115340434523754	
MAP3K13	0.4499037013486842	0.5390814611097253	0.011014837541590541	
MAP3K14	0.8975335744348428	0.02176569876932951	0.08070072679582761	
MAP3K2	0.9572374587038904	0.02138127064805479	0.02138127064805479	
MAP3K20	0.9568218025172944	0.021589098741352744	0.021589098741352744	
MAP3K21	0.6780984787130344	0.018863157527624658	0.303038363759341	
MAP3K3	0.8772222466942085	0.028482453106076062	0.0942953001997154	
MAP3K4	0.6460992414025117	0.34108403965909734	0.012816718938390904	
MAP3K5	0.964579242679551	0.017710378660224523	0.017710378660224523	
MAP3K6	0.16369234628635515	0.012230388400914236	0.8240772653127305	
MAP3K7	0.7031756486649184	0.2761041854355579	0.020720165899523576	
MAP3K7CL	0.9647278238424385	0.017636088078780743	0.017636088078780743	
MAP3K8	0.5216091836640555	0.019181586635222	0.4592092297007224	
MAP3K9	0.47011596982517495	0.5224890282607779	0.007395001914047129	
MAP4	0.8988909040036202	0.05055454799818987	0.05055454799818987	
MAP4K1	0.3758555822933051	0.01823008214871386	0.605914335557981	
MAP4K2	0.7002621562191628	0.01940714027860554	0.2803307035022318	
MAP4K3	0.8916200391010186	0.09343552733446311	0.014944433564518184	
MAP4K4	0.9599990877292088	0.020000456135395566	0.020000456135395566	
MAP4K5	0.9569862539612358	0.021506873019382092	0.021506873019382092	
MAP6	0.7328725521599537	0.01653852048802173	0.25058892735202454	
MAP7	0.6801465288154221	0.31024592721607197	0.009607543968505891	
MAP7D1	0.01583428857622499	0.16006571258654947	0.8240999988372255	
MAP7D2	0.39124570119049346	0.5016555669957042	0.1070987318138022	
MAP7D3	0.46782885161620746	0.5234235765878643	0.008747571795928208	
MAP9	0.9706068857304255	0.014696557134787245	0.014696557134787245	
MAPK1	0.8757674531653381	0.0621162734173309	0.0621162734173309	
MAPK10	0.9763315049599253	0.011834247520037368	0.011834247520037368	
MAPK11	0.046161406274141024	0.0136379416066099	0.9402006521192491	
MAPK12	0.6105660318461933	0.014286799573067522	0.37514716858073904	
MAPK13	0.2336518773094849	0.18338177276658874	0.5829663499239264	
MAPK14	0.9082275135669344	0.04588624321653273	0.04588624321653273	
MAPK1IP1L	0.28982681883720934	0.5065603829999747	0.2036127981628158	
MAPK3	0.012912890805217925	0.23681139750274713	0.7502757116920349	
MAPK4	0.4224570916491408	0.5718807229748705	0.005662185375988817	
MAPK6	0.798363095490176	0.1827074598752111	0.01892944463461289	
MAPK7	0.14092467298862804	0.014235197114041963	0.84484012989733	
MAPK8	0.7025622271953444	0.28509294393246637	0.012344828872189215	
MAPK8IP1	0.2593071308893233	0.016997423244257945	0.7236954458664188	
MAPK8IP2	0.09949315635629553	0.7094058550926743	0.19110098855103017	
MAPK8IP3	0.7859137756745752	0.1383667398402724	0.07571948448515245	
MAPK9	0.3906889196050696	0.577940854864819	0.0313702255301115	
MAPKAP1	0.9065241371207378	0.046737931439631064	0.046737931439631064	
MAPKAPK2	0.04307271860361014	0.04307271860361014	0.9138545627927798	
MAPKAPK3	0.02567393350828956	0.02567393350828956	0.9486521329834209	
MAPKAPK5	0.6094355096524208	0.36623256202072985	0.024331928326849363	
MAPKAPK5-AS1	0.01677676875887267	0.01677676875887267	0.9664464624822546	
MAPKBP1	0.7166276325168963	0.2701201834205086	0.01325218406259516	
MAPRE1	0.017685612667887544	0.33391273218730433	0.6484016551448082	
MAPRE2	0.9102385475942134	0.04488072620289325	0.04488072620289325	
MAPRE3	0.28699542417305385	0.018341196697889143	0.6946633791290571	
MAPT	0.976379971390616	0.011810014304691974	0.011810014304691974	
MARCKS	0.021072089985765066	0.021072089985765066	0.9578558200284698	
MARCKSL1	0.010882087492114275	0.010882087492114275	0.9782358250157714	
MARCO	0.21392498134855736	0.008448304930730207	0.7776267137207125	
MARF1	0.9520953942012998	0.023952302899350075	0.023952302899350075	
MARK1	0.7427094196065305	0.24845105682355492	0.008839523569914628	
MARK2	0.445133959618554	0.5388515686876858	0.01601447169376028	
MARK3	0.9473191912612845	0.026340404369357737	0.026340404369357737	
MARK4	0.9558735710701559	0.022063214464922012	0.022063214464922012	
MARVELD1	0.01009613753638712	0.1314989867390158	0.8584048757245971	
MARVELD2	0.4820671081306899	0.4863851336364852	0.031547758232824935	
MARVELD3	0.3203950440051428	0.6270337725418897	0.052571183452967435	
MASP1	0.9623870860718069	0.01880645696409655	0.01880645696409655	
MAST1	0.8829202888883941	0.10014588982547043	0.0169338212861354	
MAST2	0.969099087184342	0.015450456407828963	0.015450456407828963	
MAST3	0.8902999232811063	0.016889023838677065	0.09281105288021661	
MAST4	0.47500970746197607	0.5179281373924216	0.007062155145602306	
MASTL	0.49533020569325364	0.49314370778003097	0.011526086526715459	
MAT2A	0.043430399041463334	0.043430399041463334	0.9131392019170734	
MAT2B	0.024882243864599137	0.024882243864599137	0.9502355122708017	
MATK	0.5687636817585534	0.022520299566681085	0.4087160186747656	
MATN1-AS1	0.7169646612539798	0.05099339371820072	0.23204194502781939	
MATN2	0.8347737485481673	0.015254747304075214	0.1499715041477574	
MATN3	0.3114643949222312	0.027089741002223514	0.6614458640755453	
MAU2	0.8574101890971135	0.09080268627717118	0.05178712462571512	
MAVS	0.8337198618613503	0.12455846597679072	0.04172167216185895	
MAX	0.6236500696691655	0.0711522602148614	0.30519767011597315	
MAZ	0.010017895410265286	0.022635923856763895	0.9673461807329707	
MB21D2	0.5307377607349543	0.4626354688824412	0.006626770382604495	
MBD1	0.050161661742804876	0.5934153321427944	0.3564230061144007	
MBD2	0.32243389269277334	0.6645802990772607	0.012985808229966046	
MBD3	0.007452520065970032	0.49607634976191134	0.49647113017211864	
MBD4	0.03578818848816752	0.03578818848816752	0.9284236230236649	
MBD5	0.9795135405542895	0.010243229722855234	0.010243229722855234	
MBD6	0.024534480888878885	0.024534480888878885	0.9509310382222422	
MBIP	0.2753135254438377	0.05435921980676486	0.6703272547493974	
MBLAC1	0.07128384360482289	0.02169876583111429	0.9070173905640628	
MBLAC2	0.9423328933826034	0.028833553308698284	0.028833553308698284	
MBNL1	0.8965277162214788	0.05173614188926056	0.05173614188926056	
MBNL1-AS1	0.5259912055952553	0.014755000761451248	0.4592537936432935	
MBNL2	0.39861840458663417	0.5868366779396131	0.014544917473752696	
MBNL3	0.47929554389038365	0.5111337869123245	0.009570669197291846	
MBOAT1	0.71866180542433	0.012534961447546192	0.26880323312812376	
MBOAT2	0.9767039948646423	0.011648002567678846	0.011648002567678846	
MBOAT7	0.5517261482484592	0.12673059323457989	0.32154325851696086	
MBP	0.9533430787375049	0.023328460631247536	0.023328460631247536	
MBTD1	0.6492298526669322	0.33912554691012325	0.011644600422944427	
MBTPS1	0.5981737654105104	0.06531860668147554	0.33650762790801403	
MBTPS2	0.9589404022902224	0.020529798854888773	0.020529798854888773	
MC1R	0.010981111323107579	0.5939373800443025	0.3950815086325899	
MCAM	0.012726068222972514	0.012726068222972514	0.974547863554055	
MCAT	0.17157189418185476	0.02133166870536346	0.8070964371127818	
MCC	0.9752812687524193	0.012359365623790336	0.012359365623790336	
MCCC1	0.9363430646049522	0.03182846769752387	0.03182846769752387	
MCCC2	0.4631705618034528	0.33120449150579234	0.2056249466907547	
MCEE	0.32280843060045133	0.4734676743171834	0.20372389508236513	
MCF2L	0.9728375217193643	0.013581239140317797	0.013581239140317797	
MCF2L2	0.979561614490971	0.01021919275451451	0.01021919275451451	
MCFD2	0.021108282887922963	0.16714039512701404	0.8117513219850631	
MCL1	0.03252385692465826	0.03252385692465826	0.9349522861506834	
MCM10	0.5445366842904996	0.44895406047917696	0.006509255230323402	
MCM2	0.27989465745176584	0.38090206720310427	0.3392032753451298	
MCM3	0.07078156248462993	0.491460832395072	0.43775760512029804	
MCM3AP	0.8903596670205842	0.07596663669617515	0.0336736962832407	
MCM3AP-AS1	0.9647903689806064	0.017604815509696742	0.017604815509696742	
MCM4	0.34464157504394394	0.5093355536591957	0.14602287129686034	
MCM5	0.3059847375279997	0.130546137897195	0.5634691245748054	
MCM6	0.4404947446765903	0.26747481618709035	0.29203043913631954	
MCM7	0.014353285325648288	0.46845915440425734	0.5171875602700944	
MCM8	0.08492503785893893	0.45237946014154157	0.4626955019995195	
MCM9	0.6473119859683149	0.3414371582140974	0.011250855817587677	
MCMBP	0.3033336216651071	0.6149401960660144	0.08172618226887866	
MCMDC2	0.9618788762910608	0.019060561854469582	0.019060561854469582	
MCOLN1	0.2969285732369935	0.01345017991540621	0.6896212468476002	
MCOLN2	0.7289182290662745	0.011828734478217705	0.25925303645550785	
MCOLN3	0.17878986851625522	0.3600436678319659	0.4611664636517789	
MCPH1	0.9752870795616481	0.012356460219175965	0.012356460219175965	
MCPH1-AS1	0.9777527740248214	0.011123612987589274	0.011123612987589274	
MCRIP1	0.021885782575725134	0.021885782575725134	0.9562284348485497	
MCRIP2	0.17462383775427906	0.3590396450244535	0.4663365172212674	
MCRS1	0.012402614853539991	0.2353813264576467	0.7522160586888132	
MCTP1	0.974055127209061	0.012972436395469522	0.012972436395469522	
MCTP2	0.9755822355024515	0.012208882248774271	0.012208882248774271	
MCTS1	0.744884942035105	0.23321117915645717	0.021903878808437742	
MCU	0.9716135509459048	0.014193224527047537	0.014193224527047537	
MCUB	0.698914393719053	0.28308981725702653	0.01799578902392058	
MCUR1	0.9461864008488153	0.026906799575592322	0.026906799575592322	
MDC1	0.3491202005925883	0.05449116877178188	0.5963886306356297	
MDFI	0.29098726197245905	0.4617165144662748	0.24729622356126607	
MDFIC	0.957447608163088	0.021276195918455972	0.021276195918455972	
MDGA1	0.9659836693967995	0.017008165301600275	0.017008165301600275	
MDH1	0.02438372455532086	0.02438372455532086	0.9512325508893582	
MDH2	0.01267051168564945	0.33986282338758683	0.6474666649267637	
MDK	0.13788556255517442	0.014143822374586853	0.8479706150702387	
MDM1	0.9650250135546479	0.01748749322267607	0.01748749322267607	
MDM2	0.4976440755515393	0.4867893215738857	0.015566602874574998	
MDM4	0.9535700366775158	0.023214981661242074	0.023214981661242074	
MDN1	0.9793938328037468	0.01030308359812657	0.01030308359812657	
MDS2	0.6289614037118689	0.3613900199789915	0.009648576309139541	
ME1	0.806599839289991	0.017093908768749125	0.17630625194125996	
ME2	0.954669141781024	0.022665429109487965	0.022665429109487965	
ME3	0.8458102203449734	0.012723920726550129	0.14146585892847635	
MEA1	0.011618872705557906	0.011618872705557906	0.9767622545888842	
MEAF6	0.38061294011194313	0.032324223544352576	0.5870628363437043	
MECOM	0.9784726457598804	0.010763677120059817	0.010763677120059817	
MECP2	0.9490805757827718	0.02545971210861404	0.02545971210861404	
MECR	0.6430173208214609	0.34771784146176377	0.009264837716775267	
MED1	0.7296374157585405	0.25210696949589106	0.01825561474556843	
MED10	0.021299056727352387	0.021299056727352387	0.9574018865452952	
MED11	0.014223094766765093	0.014223094766765093	0.9715538104664698	
MED12	0.4009068748411172	0.5828619015961573	0.016231223562725466	
MED12L	0.525652088407321	0.4688326484515979	0.005515263141080997	
MED13	0.9199426131753444	0.0604889534005383	0.019568433424117283	
MED13L	0.9629549851432613	0.01852250742836934	0.01852250742836934	
MED14	0.95234654617709	0.023826726911454956	0.023826726911454956	
MED15	0.3641284557469061	0.5781227887158508	0.057748755537243	
MED16	0.08870195944889193	0.34570039440890277	0.5655976461422053	
MED17	0.0138945959821812	0.24673277119210174	0.739372632825717	
MED18	0.027884832643711475	0.31912677296038977	0.6529883943958987	
MED19	0.07804228628335916	0.3269860807322535	0.5949716329843874	
MED21	0.30245198384567057	0.03760556882960686	0.6599424473247226	
MED22	0.4024339456294351	0.021379890792611152	0.5761861635779537	
MED23	0.9318924364548902	0.034053781772554886	0.034053781772554886	
MED24	0.3081966878391532	0.3045194278953671	0.3872838842654796	
MED25	0.47124283857950033	0.0419215149914884	0.4868356464290112	
MED27	0.8155563259823643	0.16771434676852842	0.016729327249107268	
MED28	0.7935477658226675	0.1776875192116561	0.02876471496567644	
MED29	0.018829226261214898	0.018829226261214898	0.9623415474775702	
MED30	0.02592377395450887	0.02592377395450887	0.9481524520909822	
MED31	0.023881810109715393	0.023881810109715393	0.9522363797805692	
MED4	0.06924457492725278	0.702116425355834	0.22863899971691334	
MED6	0.3298005285196948	0.4436426283578615	0.22655684312244376	
MED7	0.016899187679558454	0.125760414345153	0.8573403979752886	
MED8	0.013917786921381504	0.3687979872086177	0.6172842258700009	
MED9	0.6712442601041209	0.30226697658814594	0.0264887633077331	
MEDAG	0.27223788874579563	0.008586207301404207	0.7191759039528002	
MEF2A	0.9315158130221882	0.034242093488905875	0.034242093488905875	
MEF2C	0.9739543886702103	0.013022805664894837	0.013022805664894837	
MEF2C-AS1	0.9805825242718447	0.009708737864077669	0.009708737864077669	
MEF2D	0.41151795493893245	0.03224813958166855	0.556233905479399	
MEG3	0.9657710801255296	0.01711445993723517	0.01711445993723517	
MEG8	0.9805825242718447	0.009708737864077669	0.009708737864077669	
MEG9	0.9804541095976245	0.009772945201187764	0.009772945201187764	
MEGF6	0.5989774881382147	0.009798462367165769	0.39122404949461953	
MEGF8	0.9622694513390546	0.01886527433047269	0.01886527433047269	
MEGF9	0.8314716370984215	0.016944721026694125	0.15158364187488435	
MEI1	0.9630114401755774	0.01849427991221128	0.01849427991221128	
MEIG1	0.6163835557497742	0.36216608608155226	0.02145035816867352	
MEIOC	0.9456730133675879	0.027163493316206037	0.027163493316206037	
MEIS1	0.9726845152352466	0.013657742382376714	0.013657742382376714	
MEIS1-AS2	0.9215475076523039	0.039226246173848074	0.039226246173848074	
MEIS2	0.9724645122000135	0.013767743899993214	0.013767743899993214	
MEIS3	0.6738841336176227	0.014743915741669935	0.3113719506407073	
MELK	0.5137660166331118	0.4808487671429803	0.00538521622390782	
MELTF	0.7202445348966819	0.015914470089734675	0.2638409950135833	
MELTF-AS1	0.015877943267774926	0.015877943267774926	0.9682441134644502	
MEMO1	0.018485841031671633	0.018485841031671633	0.9630283179366567	
MEN1	0.013342307705140829	0.30077416745659713	0.6858835248382621	
MEOX1	0.8475036840685206	0.02134403530658787	0.13115228062489157	
MEOX2	0.9150527539863699	0.011747098007504285	0.07320014800612587	
MERTK	0.9549969700131854	0.022501514993407273	0.022501514993407273	
MESD	0.4818846591579775	0.38927214297772067	0.12884319786430173	
MEST	0.632950318294909	0.009716803799360005	0.35733287790573104	
MET	0.6741314456767828	0.3120798592634613	0.013788695059755822	
METAP1	0.6269720881980199	0.25657326862368807	0.11645464317829203	
METAP1D	0.9726585657724375	0.013670717113781237	0.013670717113781237	
METAP2	0.45115702628395377	0.057943979053675515	0.49089899466237075	
METRN	0.05788585868109759	0.013582322225277308	0.9285318190936251	
METRNL	0.20269398028689592	0.01088358359565581	0.7864224361174483	
METTL1	0.02125599349118735	0.02409452036231721	0.9546494861464955	
METTL14	0.9367403589767689	0.031629820511615524	0.031629820511615524	
METTL15	0.9748380952164932	0.012580952391753396	0.012580952391753396	
METTL16	0.9594404624161456	0.020279768791927204	0.020279768791927204	
METTL17	0.028672087416296857	0.2080821443318717	0.7632457682518314	
METTL18	0.01454431755583425	0.09109566589578569	0.89436001654838	
METTL21A	0.9636868731614017	0.01815656341929915	0.01815656341929915	
METTL21C	0.12519721610711843	0.8651781597047722	0.009624624188109446	
METTL22	0.9656133713114099	0.017193314344295045	0.017193314344295045	
METTL23	0.01674502093555081	0.01674502093555081	0.9665099581288984	
METTL25	0.9705770559337717	0.014711472033114134	0.014711472033114134	
METTL26	0.013509084409145986	0.144490108687251	0.842000806903603	
METTL27	0.2961331967123501	0.022612997523091257	0.6812538057645585	
METTL2A	0.8245524418866724	0.1617896050397607	0.013657953073566776	
METTL2B	0.8219056404000751	0.16012977920478913	0.017964580395135772	
METTL3	0.10682852801729735	0.3058040357729829	0.5873674362097198	
METTL4	0.9517250965562933	0.024137451721853307	0.024137451721853307	
METTL5	0.0193935296171332	0.3691508094864628	0.611455660896404	
METTL6	0.7885459498135668	0.19724440842490076	0.014209641761532365	
METTL7A	0.009789874972154309	0.009789874972154309	0.9804202500556913	
METTL7B	0.11970053937322071	0.00867001852261865	0.8716294421041606	
METTL8	0.9738019497689303	0.013099025115534832	0.013099025115534832	
METTL9	0.07409315304278977	0.07409315304278977	0.8518136939144204	
MEX3A	0.9697406350690887	0.015129682465455645	0.015129682465455645	
MEX3B	0.6312358624789562	0.1452194284183833	0.2235447091026604	
MEX3C	0.40550808908114316	0.02303992329185966	0.5714519876269972	
MEX3D	0.13929636899604594	0.5706631190706013	0.2900405119333528	
MFAP1	0.018654197701046846	0.3067800578552666	0.6745657444436867	
MFAP2	0.11028748211430026	0.4907747857598378	0.398937732125862	
MFAP3	0.9509372774851035	0.024531361257448234	0.024531361257448234	
MFAP3L	0.4440088561595006	0.36214361896124736	0.193847524879252	
MFAP4	0.009708737864077669	0.009708737864077669	0.9805825242718447	
MFAP5	0.2561534614847176	0.45912679146461616	0.2847197470506662	
MFF	0.057685291610097625	0.21451833799535186	0.7277963703945505	
MFGE8	0.014931037849168015	0.014931037849168015	0.9701379243016639	
MFHAS1	0.9623106833125828	0.01884465834370854	0.01884465834370854	
MFN1	0.8932693171480091	0.08743708288183602	0.01929359997015492	
MFN2	0.0273951395091609	0.4289997346331698	0.5436051258576693	
MFNG	0.019115377693534892	0.019115377693534892	0.9617692446129302	
MFSD1	0.19472961237278616	0.023990718920902553	0.7812796687063113	
MFSD10	0.010527766225341744	0.177567096361984	0.8119051374126742	
MFSD11	0.5180832275507353	0.4670667930819374	0.014849979367327312	
MFSD12	0.1967369432202841	0.46823462498209817	0.33502843179761777	
MFSD13A	0.49789330368882373	0.10883845082778786	0.39326824548338846	
MFSD14B	0.08301249486303307	0.405895136242447	0.5110923688945199	
MFSD2A	0.16605649158704064	0.32919104508577296	0.5047524633271864	
MFSD2B	0.9795644750797247	0.010217762460137647	0.010217762460137647	
MFSD3	0.008988278490504343	0.1705105951070239	0.8205011264024717	
MFSD4A	0.6131387964042431	0.015105600888752548	0.3717556027070043	
MFSD4B	0.7614898079226899	0.23010599018609207	0.008404201891218054	
MFSD5	0.008735683593596888	0.23352162277824226	0.7577426936281608	
MFSD6	0.3342809371265837	0.03166450389117446	0.634054558982242	
MFSD8	0.7178027544067258	0.2685625537750165	0.013634691818257652	
MFSD9	0.7267675077781072	0.15216590434540317	0.12106658787648973	
MGA	0.8013269313371215	0.18621078087114984	0.012462287791728583	
MGAT1	0.018638881052195924	0.36418473806169616	0.6171763808861079	
MGAT2	0.012772243017296488	0.012772243017296488	0.974455513965407	
MGAT3	0.6779879781719046	0.3044908207809441	0.017521201047151203	
MGAT4A	0.9614136275118275	0.019293186244086297	0.019293186244086297	
MGAT4B	0.0128308997196272	0.06733107618828728	0.9198380240920856	
MGAT4C	0.9799021240336201	0.010048937983189933	0.010048937983189933	
MGAT5	0.5129352751364101	0.4770475726949582	0.010017152168631652	
MGAT5B	0.4075345137056559	0.585569942383227	0.006895543911117063	
MGLL	0.8514067720070245	0.13117179597444167	0.01742143201853375	
MGME1	0.502315686763925	0.32838777305564476	0.16929654018043017	
MGMT	0.9611896646575367	0.01940516767123158	0.01940516767123158	
MGP	0.009708737864077669	0.009708737864077669	0.9805825242718447	
MGRN1	0.9512698893711823	0.02436505531440881	0.02436505531440881	
MGST1	0.6447429637279491	0.01185937808205586	0.34339765818999496	
MGST2	0.036478276556585365	0.036478276556585365	0.9270434468868292	
MGST3	0.014456722209662484	0.5368358813755761	0.4487073964147615	
MHENCR	0.014079863381373826	0.014079863381373826	0.9718402732372523	
MIA2	0.9580435189645646	0.020978240517717676	0.020978240517717676	
MIA3	0.9189608150643183	0.04051959246784081	0.04051959246784081	
MIAT	0.6439132323027017	0.014051833741402935	0.3420349339558954	
MIATNB	0.977631681478622	0.011184159260688982	0.011184159260688982	
MIB1	0.9675310138113896	0.01623449309430518	0.01623449309430518	
MIB2	0.6702095064069105	0.010599466449523212	0.3191910271435663	
MICA	0.011094039916291747	0.011094039916291747	0.9778119201674165	
MICAL1	0.1422336878329662	0.01489133847774107	0.8428749736892927	
MICAL2	0.9720039470252388	0.013998026487380575	0.013998026487380575	
MICAL3	0.5474345167216179	0.44413680051303106	0.008428682765351015	
MICALL1	0.30230814935867906	0.5166620825235646	0.18102976811775626	
MICALL2	0.6231990089750035	0.010677229947126898	0.36612376107786965	
MICB	0.4696070988537519	0.013868942225225979	0.5165239589210222	
MICU1	0.9206853458161551	0.03965732709192242	0.03965732709192242	
MICU2	0.7202101123748512	0.24691523118060943	0.032874656444539435	
MICU3	0.974477922800686	0.012761038599656958	0.012761038599656958	
MID1	0.7028372771331592	0.2896837687560322	0.0074789541108085285	
MID1IP1	0.013425408110256476	0.013425408110256476	0.973149183779487	
MID2	0.9656483318627114	0.017175834068644324	0.017175834068644324	
MIDN	0.021232023281320705	0.021232023281320705	0.9575359534373585	
MIEF1	0.2717530856686404	0.2595337944401814	0.46871311989117825	
MIEF2	0.05987199054959912	0.4482137732501172	0.4919142362002836	
MIEN1	0.010920716056549078	0.010920716056549078	0.9781585678869018	
MIER1	0.9438886058694219	0.028055697065289043	0.028055697065289043	
MIER2	0.668161515554234	0.0162632006097653	0.31557528383600075	
MIER3	0.9116300202251644	0.05845610980112401	0.029913869973711545	
MIF-AS1	0.424906803564439	0.03128014508297339	0.5438130513525875	
MIF4GD	0.012280677516899886	0.012280677516899886	0.9754386449662003	
MIGA1	0.8530249318104939	0.13443488585006094	0.01254018233944521	
MIGA2	0.7044644712081098	0.014240482610654316	0.281295046181236	
MIIP	0.06016793655600362	0.3586062984687678	0.5812257649752286	
MILR1	0.42689694696000574	0.022683075208083627	0.5504199778319107	
MIMT1	0.2746867915352449	0.7161424557000093	0.009170752764745773	
MINCR	0.016533988203435473	0.016533988203435473	0.966932023593129	
MINDY1	0.5316653046577371	0.020046503554995054	0.44828819178726775	
MINDY2	0.5938290726829055	0.3960824249768869	0.01008850234020758	
MINDY3	0.8765034054790316	0.10688602739613408	0.01661056712483432	
MINK1	0.488080406995666	0.3533500093479809	0.15856958365635307	
MINPP1	0.8643817693570756	0.03441721505414853	0.10120101558877578	
MIOS	0.6472380540477466	0.33215399014070474	0.020607955811548617	
MIPEP	0.9635577973613837	0.01822110131930816	0.01822110131930816	
MIPOL1	0.9793859870714067	0.010307006464296673	0.010307006464296673	
MIR155HG	0.5482421784494428	0.01396625012923959	0.4377915714213176	
MIR181A1HG	0.9805825242718447	0.009708737864077669	0.009708737864077669	
MIR181A2HG	0.5030055646262268	0.4913804296379872	0.005614005735786005	
MIR193BHG	0.5195729177192906	0.4738682467884625	0.0065588354922469574	
MIR200CHG	0.009197765746893932	0.5763390880519773	0.41446314620112873	
MIR210HG	0.017936235030685022	0.22515095116248687	0.7569128138068281	
MIR222HG	0.9396576080768059	0.01711283040683156	0.04322956151636253	
MIR22HG	0.010503210468045648	0.19377711590934585	0.7957196736226085	
MIR29B2CHG	0.9754492443934688	0.012275377803265588	0.012275377803265588	
MIR34AHG	0.9611695712572019	0.019415214371399	0.019415214371399	
MIR4435-2HG	0.9794022310214916	0.010298884489254196	0.010298884489254196	
MIR4458HG	0.949198459116353	0.025400770441823442	0.025400770441823442	
MIR503HG	0.9783411102003647	0.010829444899817646	0.010829444899817646	
MIR646HG	0.9801713274937058	0.009914336253147124	0.009914336253147124	
MIR762HG	0.7664318569901932	0.21235265552109828	0.021215487488708523	
MIR9-3HG	0.33134822376442646	0.6620963666646366	0.0065554095709369955	
MIR99AHG	0.9805825242718447	0.009708737864077669	0.009708737864077669	
MIRLET7BHG	0.9782247118827548	0.010887644058622586	0.010887644058622586	
MIS12	0.025274187011284633	0.025274187011284633	0.9494516259774307	
MIS18A	0.032552435428214656	0.04206807938371995	0.9253794851880653	
MIS18BP1	0.9676765667274032	0.0161617166362984	0.0161617166362984	
MISP	0.09760273406520198	0.29695913886801895	0.605438127066779	
MISP3	0.13524587621572443	0.009795981355122024	0.8549581424291535	
MITD1	0.48017969950059325	0.03381232605490274	0.486007974444504	
MITF	0.9771528041358649	0.011423597932067542	0.011423597932067542	
MKI67	0.6067849140321614	0.3872073145417776	0.006007771426061004	
MKKS	0.17197662690022023	0.2877575453017906	0.5402658277979893	
MKLN1	0.9680159441971027	0.01599202790144862	0.01599202790144862	
MKNK1	0.6200119466026282	0.036963738666902834	0.3430243147304689	
MKNK2	0.011914670204483745	0.33911873302215845	0.6489665967733578	
MKRN1	0.14198011509723155	0.44389408145457443	0.4141258034481941	
MKRN2	0.44183705556123265	0.43101531507582147	0.12714762936294585	
MKRN2OS	0.9602176996068402	0.019891150196579846	0.019891150196579846	
MKRN3	0.5148311998719087	0.4777456735390705	0.007423126589020754	
MKS1	0.9358900723116538	0.03205496384417311	0.03205496384417311	
MLC1	0.9478528417253946	0.026073579137302686	0.026073579137302686	
MLEC	0.03303712328550943	0.03303712328550943	0.9339257534289811	
MLF1	0.9507113391082233	0.024644330445888374	0.024644330445888374	
MLF2	0.012503414846083988	0.25440157044244044	0.7330950147114755	
MLH1	0.7287999031500703	0.2443556053214619	0.026844491528467854	
MLH3	0.9587846817100117	0.02060765914499409	0.02060765914499409	
MLKL	0.3950278717606815	0.015486180973042296	0.5894859472662761	
MLLT1	0.28648377297468486	0.40500425994788336	0.3085119670774319	
MLLT10	0.6225333110071166	0.3637017839833404	0.013764905009543044	
MLLT11	0.31319306970162064	0.014169611357445286	0.672637318940934	
MLLT3	0.970258798368648	0.014870600815675957	0.014870600815675957	
MLLT6	0.8391319337359139	0.008671437077100982	0.15219662918698512	
MLPH	0.44681365710108456	0.013195781773534756	0.5399905611253808	
MLST8	0.009592223108111742	0.2560728592485147	0.7343349176433736	
MLX	0.01682479853328889	0.01682479853328889	0.9663504029334222	
MLXIP	0.8598540420614553	0.02389238198886929	0.11625357594967538	
MLXIPL	0.3990201789272898	0.006931100174352914	0.5940487208983573	
MLYCD	0.9650311182964586	0.017484440851770703	0.017484440851770703	
MMAA	0.756524339748769	0.018763869898177733	0.22471179035305316	
MMAB	0.5802436442340018	0.16636769785339642	0.2533886579126018	
MMACHC	0.6408442669860329	0.01783175690640592	0.34132397610756116	
MMADHC	0.020222286671045333	0.1995967963549378	0.7801809169740169	
MMD	0.1818124054488308	0.30275595842385644	0.5154316361273128	
MME	0.5285873083113871	0.30664093488721267	0.16477175680140013	
MMGT1	0.0176290233508425	0.0176290233508425	0.9647419532983149	
MMP11	0.173857339189875	0.792178567416218	0.03396409339390712	
MMP12	0.3692857455513785	0.2598368175485603	0.37087743690006114	
MMP14	0.014289400464960899	0.06946451713428599	0.9162460824007531	
MMP15	0.13207479647620995	0.45702452783045305	0.410900675693337	
MMP16	0.9805825242718447	0.009708737864077669	0.009708737864077669	
MMP17	0.7356233550397367	0.017634511555018644	0.24674213340524462	
MMP19	0.2723120746953887	0.011669953063012549	0.7160179722415987	
MMP2	0.01780810110732458	0.01780810110732458	0.9643837977853508	
MMP2-AS1	0.9408770136073515	0.0295614931963242	0.0295614931963242	
MMP23B	0.7420957589055552	0.06878506243218832	0.18911917866225644	
MMP24	0.9591882723267616	0.02040586383661916	0.02040586383661916	
MMP24OS	0.7562901206198019	0.02691665365182614	0.216793225728372	
MMP25	0.2958259741172115	0.00917616178256567	0.6949978641002228	
MMP25-AS1	0.4948802143394859	0.018814065574864983	0.486305720085649	
MMP28	0.6075137850362322	0.011172968036525831	0.38131324692724206	
MMP9	0.09859078569464735	0.010267136503185585	0.8911420778021671	
MMRN1	0.6030397685331985	0.01040833447418305	0.38655189699261844	
MMRN2	0.11164412217079989	0.014932782409440157	0.8734230954197599	
MMS19	0.3141446977205271	0.10478736512745648	0.5810679371520164	
MMS22L	0.9184794376407779	0.07166683348131822	0.00985372887790392	
MN1	0.9709410438553403	0.014529478072329814	0.014529478072329814	
MNAT1	0.7831062258744432	0.20231044720971403	0.014583326915842765	
MNDA	0.01059813917210511	0.01059813917210511	0.9788037216557898	
MNS1	0.9743741546776268	0.012812922661186572	0.012812922661186572	
MNT	0.8348272920498199	0.02084632223049854	0.14432638571968154	
MOAP1	0.010315007454869626	0.010315007454869626	0.9793699850902607	
MOB1A	0.041550981617218256	0.041550981617218256	0.9168980367655636	
MOB1B	0.9620495495905681	0.01897522520471596	0.01897522520471596	
MOB2	0.5462884156045605	0.01977590777548558	0.43393567661995397	
MOB3A	0.22955374272399268	0.037362444335904556	0.7330838129401027	
MOB3B	0.6911485459284562	0.300460811937642	0.008390642133901796	
MOB4	0.011455499221131576	0.3413791002261783	0.6471654005526902	
MOCOS	0.9758108757475036	0.012094562126248213	0.012094562126248213	
MOCS1	0.3544490303870104	0.01474139764499989	0.6308095719679896	
MOCS2	0.019143465705845065	0.019143465705845065	0.9617130685883098	
MOCS3	0.016315421991198873	0.4667322112465525	0.5169523667622488	
MOGS	0.010970551134537756	0.2776578170774195	0.7113716317880427	
MOK	0.9714036860190864	0.014298156990456752	0.014298156990456752	
MON1A	0.9327039019617316	0.03364804901913415	0.03364804901913415	
MON1B	0.01868870807754718	0.01868870807754718	0.9626225838449056	
MON2	0.9623745218240485	0.018812739087975726	0.018812739087975726	
MORC2	0.5823420531743195	0.4041454877380254	0.013512459087654954	
MORC2-AS1	0.5939954093715201	0.379018838980159	0.026985751648320972	
MORC3	0.6234403260468323	0.3577112774298108	0.018848396523356792	
MORC4	0.375191000670415	0.5575528818264422	0.06725611750314266	
MORF4L1	0.028661416249309075	0.6962250460131676	0.27511353773752334	
MORF4L2	0.015421940746812733	0.5864602970167073	0.39811776223648	
MORF4L2-AS1	0.5450282121856653	0.4214186386250005	0.033553149189334136	
MORN1	0.9694384541513154	0.01528077292434233	0.01528077292434233	
MORN2	0.011966831375184537	0.011966831375184537	0.9760663372496309	
MORN3	0.5716619112831849	0.4176643554901811	0.01067373322663395	
MORN4	0.9533620800047347	0.022013311629893346	0.024624608365371958	
MOSMO	0.9597961607775166	0.020101919611241664	0.020101919611241664	
MOSPD1	0.6685157710124284	0.286674732810814	0.044809496176757536	
MOSPD2	0.9485218799669095	0.025739060016545197	0.025739060016545197	
MOSPD3	0.012446151440530628	0.012446151440530628	0.9751076971189387	
MOV10	0.7298528325194745	0.05711597771199653	0.21303118976852894	
MOV10L1	0.9644907403763477	0.017754629811826135	0.017754629811826135	
MOXD1	0.47658782482177453	0.01086484793215596	0.5125473272460696	
MPC1	0.02270315308276921	0.02270315308276921	0.9545936938344616	
MPC2	0.01368846728098581	0.30997474719711526	0.6763367855218989	
MPDU1	0.010726413195390198	0.20452150270397293	0.7847520841006368	
MPDZ	0.9721713887088831	0.013914305645558425	0.013914305645558425	
MPEG1	0.014237145992801296	0.014237145992801296	0.9715257080143974	
MPG	0.0149791906889209	0.0149791906889209	0.9700416186221582	
MPHOSPH10	0.23086300297054976	0.4599281583022783	0.309208838727172	
MPHOSPH6	0.5473245381530265	0.053769670124865526	0.398905791722108	
MPHOSPH8	0.8894347433619417	0.06748789289700971	0.043077363741048584	
MPHOSPH9	0.9697688361838829	0.015115581908058555	0.015115581908058555	
MPI	0.02675696024896665	0.02675696024896665	0.9464860795020666	
MPLKIP	0.8221136989467042	0.16055966028065274	0.01732664077264303	
MPND	0.026872447216857026	0.026872447216857026	0.9462551055662859	
MPP1	0.3373995531671662	0.017179053142353816	0.64542139369048	
MPP2	0.7013727262352177	0.19578108262487956	0.10284619113990258	
MPP3	0.5233137223266173	0.010130429568767977	0.46655584810461476	
MPP7	0.5180129654991916	0.47497462185600425	0.007012412644804132	
MPPE1	0.35664729371984405	0.030388784141140608	0.6129639221390153	
MPPED2	0.9790362966131385	0.010481851693430758	0.010481851693430758	
MPRIP	0.1940923159078249	0.7055246549621905	0.10038302912998454	
MPST	0.015387320819565268	0.02359265619995275	0.961020022980482	
MPV17	0.03223174228662562	0.03223174228662562	0.9355365154267488	
MPV17L2	0.008941009727291048	0.1510385309770262	0.8400204592956827	
MPZ	0.20353399607298317	0.0154426023481625	0.7810234015788543	
MPZL1	0.2875023243858829	0.5297318416709796	0.18276583394313747	
MPZL2	0.013888458480153531	0.013888458480153531	0.972223083039693	
MPZL3	0.3418308588634188	0.011681736800831882	0.6464874043357492	
MR1	0.21964413097161328	0.029998408674890235	0.7503574603534965	
MRAP	0.7251203280933208	0.011176152362693188	0.263703519543986	
MRAS	0.6364737604316008	0.015803934022208862	0.34772230554619044	
MRC1	0.8644810959455811	0.020161356103352682	0.11535754795106619	
MRC2	0.9694889202333313	0.015255539883334335	0.015255539883334335	
MRE11	0.6214645649536507	0.3642295258780271	0.01430590916832225	
MREG	0.3116584690014308	0.46493628923891894	0.22340524175965024	
MRFAP1	0.011455183845747821	0.17248518868499724	0.816059627469255	
MRFAP1L1	0.011749896628898412	0.2796774577642056	0.7085726456068959	
MRGBP	0.02071019440138942	0.02071019440138942	0.9585796111972211	
MRGPRF	0.1493883352660171	0.011687281430503755	0.8389243833034791	
MRI1	0.5479645418541171	0.01939349093450235	0.4326419672113805	
MRM1	0.36745111707115286	0.016951875730083953	0.6155970071987632	
MRM3	0.01693055647972573	0.19964414538583158	0.7834252981344426	
MRNIP	0.7890738927083922	0.013487758355611747	0.19743834893599607	
MRO	0.6653551689195627	0.022677159730135163	0.3119676713503021	
MROH1	0.5519875354471677	0.419974235747966	0.028038228804866325	
MROH6	0.1916649359741723	0.031405753429978485	0.7769293105958492	
MROH8	0.9721805968239238	0.013909701588038108	0.013909701588038108	
MRPL1	0.6352699982621723	0.342284856183754	0.022445145554073623	
MRPL10	0.010305591764821395	0.20291724726644517	0.7867771609687335	
MRPL11	0.0152345915729399	0.13804973294020306	0.846715675486857	
MRPL13	0.21205856012348148	0.2935294131390092	0.4944120267375093	
MRPL14	0.017456699533640124	0.1885518105322282	0.7939914899341317	
MRPL15	0.01165132440717533	0.37271642850594755	0.615632247086877	
MRPL16	0.0134165968249704	0.0134165968249704	0.9731668063500591	
MRPL17	0.009940243589706027	0.12120566287459202	0.868854093535702	
MRPL18	0.017741711804888136	0.04388541563054165	0.9383728725645702	
MRPL19	0.043810578806831625	0.2514160732219447	0.7047733479712236	
MRPL2	0.011524405534440616	0.062069241235403666	0.9264063532301557	
MRPL20	0.01976573084115739	0.30399517990007363	0.676239089258769	
MRPL21	0.01764768455494598	0.27188080885530985	0.7104715065897441	
MRPL22	0.03429102995342832	0.3646441178570278	0.6010648521895438	
MRPL23	0.008519164951718249	0.23533833988517636	0.7561424951631054	
MRPL24	0.01217855521409925	0.01217855521409925	0.9756428895718015	
MRPL27	0.011342955835172766	0.27671140543773803	0.7119456387270893	
MRPL28	0.011452356938652746	0.06413491426633829	0.9244127287950089	
MRPL3	0.03749865294681427	0.3209010879908566	0.6416002590623292	
MRPL32	0.01704257393011309	0.12525081925641696	0.85770660681347	
MRPL33	0.038370257431119936	0.038370257431119936	0.92325948513776	
MRPL34	0.011540207243732876	0.22716764141827467	0.7612921513379924	
MRPL35	0.019072439084090828	0.0785889256401736	0.9023386352757357	
MRPL36	0.010504874159133473	0.010504874159133473	0.978990251681733	
MRPL37	0.023016145850518248	0.11012294188897662	0.8668609122605052	
MRPL39	0.02518693426134301	0.24878744250083104	0.726025623237826	
MRPL4	0.012391009223095972	0.19484534711890503	0.792763643657999	
MRPL40	0.0107030758256113	0.0107030758256113	0.9785938483487774	
MRPL41	0.009782974490957934	0.009782974490957934	0.9804340510180841	
MRPL42	0.7595341033230903	0.22438474542331052	0.01608115125359916	
MRPL43	0.012483146464946613	0.19945645078283322	0.7880604027522201	
MRPL44	0.012258959227516237	0.20482781690467436	0.7829132238678094	
MRPL45	0.4482595120997944	0.2264105777791268	0.32532991012107876	
MRPL47	0.02415116446008905	0.02415116446008905	0.9516976710798218	
MRPL48	0.5105869893944718	0.4733272052246121	0.01608580538091599	
MRPL49	0.008919413150635389	0.2829666079141634	0.7081139789352012	
MRPL50	0.09679069320405799	0.028349806675410493	0.8748595001205316	
MRPL51	0.010450347624864437	0.036146510755252076	0.9534031416198835	
MRPL52	0.01605685636527631	0.2321417950658588	0.7518013485688649	
MRPL54	0.011886641554887317	0.011886641554887317	0.9762267168902253	
MRPL55	0.012048621600145385	0.17543617891640348	0.8125151994834511	
MRPL57	0.012832785196543546	0.012832785196543546	0.9743344296069129	
MRPL58	0.010445182479482227	0.21934612709203158	0.7702086904284862	
MRPL9	0.011948692927703826	0.2128116322350338	0.7752396748372623	
MRPS10	0.02072490849223721	0.2553723291039588	0.723902762403804	
MRPS11	0.5735649795365958	0.2687089203744285	0.15772610008897583	
MRPS12	0.008043397169701745	0.1845679533836512	0.807388649446647	
MRPS14	0.02856785231919352	0.14298906632575056	0.8284430813550558	
MRPS15	0.012162853238822668	0.37261725453410594	0.6152198922270714	
MRPS16	0.017067072529614206	0.18266743140244696	0.800265496067939	
MRPS18A	0.025372422609878986	0.025372422609878986	0.949255154780242	
MRPS18B	0.012670661679252588	0.1431743810506134	0.844154957270134	
MRPS18C	0.02702940275070941	0.21462582813416925	0.7583447691151214	
MRPS2	0.011482582849552142	0.011482582849552142	0.9770348343008957	
MRPS21	0.02684921199474475	0.02684921199474475	0.9463015760105105	
MRPS22	0.4266235230928526	0.08121475340784792	0.4921617234992995	
MRPS23	0.01911471799109009	0.10280956622291315	0.8780757157859967	
MRPS25	0.7537104264076975	0.016574114683054746	0.22971545890924766	
MRPS26	0.010404174622773781	0.15156972935653587	0.8380260960206903	
MRPS27	0.8950489449816109	0.0524755275091945	0.0524755275091945	
MRPS28	0.009896701345697308	0.09041581351818355	0.8996874851361193	
MRPS30	0.46124306916313884	0.04651793529672777	0.49223899554013334	
MRPS30-DT	0.9724933049000158	0.013753347549992058	0.013753347549992058	
MRPS31	0.7199480744614113	0.2549346983632167	0.025117227175371973	
MRPS33	0.011830219201646208	0.21617086843692476	0.771998912361429	
MRPS34	0.03541388940396006	0.09854175755863903	0.8660443530374009	
MRPS35	0.02404392959107323	0.25844507618357904	0.7175109942253478	
MRPS36	0.10189679324405995	0.529543919109676	0.36855928764626394	
MRPS7	0.013746990999561365	0.15322567182753669	0.833027337172902	
MRPS9	0.4651971788128753	0.06133235110075203	0.4734704700863728	
MRRF	0.8640508950698523	0.104545315209553	0.03140378972059464	
MRS2	0.4660745764920312	0.5164300065637714	0.017495416944197432	
MRTO4	0.0264499121625082	0.0264499121625082	0.9471001756749835	
MS4A1	0.15904945860706923	0.011121982908648277	0.8298285584842825	
MS4A14	0.21964059798038243	0.019847107036894844	0.7605122949827227	
MS4A15	0.1744283318032094	0.7639727831063512	0.06159888509043943	
MS4A4A	0.5200910110149881	0.014871411205806137	0.46503757777920574	
MS4A6A	0.013137240903351256	0.013137240903351256	0.9737255181932974	
MSANTD2	0.889063968991032	0.022453532621818883	0.08848249838714914	
MSANTD3	0.11919065672105494	0.5090544311654228	0.37175491211352224	
MSANTD4	0.9397273554443613	0.030136322277819372	0.030136322277819372	
MSC-AS1	0.9793708481598733	0.01031457592006335	0.01031457592006335	
MSH2	0.8132787801166947	0.17364624862990558	0.013074971253399648	
MSH3	0.9331009410314893	0.05178910513217138	0.015109953836339288	
MSH5	0.3343224087521619	0.33283879562391905	0.33283879562391905	
MSH6	0.5311240525641443	0.45264941955565996	0.01622652788019575	
MSI1	0.9718699053124225	0.014065047343788743	0.014065047343788743	
MSI2	0.6431813244690554	0.34485136771187913	0.01196730781906537	
MSL1	0.04932941582486726	0.04932941582486726	0.9013411683502656	
MSL2	0.9383753088215612	0.02359137179801788	0.03803331938042097	
MSL3	0.4832451663943646	0.027293492028574153	0.4894613415770613	
MSMO1	0.3875810007712675	0.11830999724200719	0.4941090019867253	
MSN	0.039487303002727674	0.039487303002727674	0.9210253939945446	
MSR1	0.9735427066379471	0.01322864668102645	0.01322864668102645	
MSRA	0.9785849723749971	0.010707513812501453	0.010707513812501453	
MSRB1	0.007288656111260996	0.29374037895436056	0.6989709649343784	
MSRB2	0.18678004787261085	0.016164087312228795	0.7970558648151603	
MSRB3	0.9396831650669126	0.01613554491303863	0.04418129002004882	
MSS51	0.9147264374214076	0.017907645102742467	0.06736591747584993	
MST1	0.26232958431615183	0.37570929686887283	0.3619611188149753	
MST1R	0.238876395697651	0.011461975106142145	0.7496616291962068	
MSTO1	0.7711592134297245	0.20852096375217696	0.02031982281809858	
MSX1	0.16764984022739224	0.014945484136290897	0.8174046756363169	
MSX2	0.06364654025779001	0.712810557744728	0.223542901997482	
MT-ATP6	0.015167508918578166	0.015167508918578166	0.9696649821628437	
MT-ATP8	0.011125837559983453	0.011125837559983453	0.977748324880033	
MT-CO1	0.022161191468240044	0.022161191468240044	0.9556776170635198	
MT-CO2	0.012601828772470885	0.04498274837523689	0.9424154228522923	
MT-CO3	0.015860715612834343	0.015860715612834343	0.9682785687743313	
MT-CYB	0.01638216340719456	0.01638216340719456	0.9672356731856109	
MT-ND1	0.015679687083131014	0.015679687083131014	0.9686406258337379	
MT-ND2	0.01405658953999654	0.01405658953999654	0.9718868209200069	
MT-ND3	0.012802807030578537	0.012802807030578537	0.9743943859388429	
MT-ND4	0.02274295844280699	0.02274295844280699	0.954514083114386	
MT-ND4L	0.012159302654939924	0.012159302654939924	0.9756813946901202	
MT-ND5	0.018964251942377497	0.018964251942377497	0.962071496115245	
MT-ND6	0.0138956410595816	0.10106438229919137	0.8850399766412271	
MT1E	0.009708737864077669	0.009708737864077669	0.9805825242718447	
MT1F	0.007865146195455343	0.25206022057162947	0.7400746332329151	
MT1G	0.007839225111495438	0.20039903862746533	0.7917617362610392	
MT1H	0.07686870934543025	0.3415837730505179	0.5815475176040519	
MT1M	0.009561210500774506	0.08658379580627114	0.9038549936929543	
MT2A	0.009708737864077669	0.009708737864077669	0.9805825242718447	
MTA1	0.38819029283895207	0.02273575844018821	0.5890739487208597	
MTA2	0.01701866830525479	0.13135013731584458	0.8516311943789006	
MTA3	0.6210329652179368	0.3681684024771484	0.010798632304914763	
MTBP	0.7575490044140971	0.23225014096916258	0.01020085461674035	
MTCH1	0.03213513968262817	0.03213513968262817	0.9357297206347436	
MTCH2	0.5063546933646799	0.10392632461246815	0.3897189820228521	
MTCL1	0.9542863215531658	0.011660272243818479	0.03405340620301562	
MTCP1	0.9753211706660668	0.012339414666966553	0.012339414666966553	
MTDH	0.9027152268704971	0.04864238656475143	0.04864238656475143	
MTERF1	0.9110398656437542	0.07297977697865746	0.015980357377588312	
MTERF2	0.7262194687919372	0.028530411361032963	0.2452501198470297	
MTERF3	0.03694605316836284	0.4329573435246853	0.530096603306952	
MTERF4	0.553286948452566	0.037919081488172586	0.4087939700592614	
MTF1	0.9500093689648621	0.024995315517568922	0.024995315517568922	
MTF2	0.8003024540414607	0.18360104231471827	0.016096503643821078	
MTFMT	0.9726126127567257	0.013693693621637129	0.013693693621637129	
MTFR1	0.6431276008618695	0.34563880643050904	0.011233592707621424	
MTFR1L	0.013797859796228915	0.3072250211260416	0.6789771190777295	
MTFR2	0.4187215101592535	0.5718023815137687	0.009476108326977588	
MTG1	0.011291668804186377	0.11639154251273431	0.8723167886830794	
MTG2	0.6840524026075698	0.26045584268848565	0.055491754703944456	
MTHFD1	0.585608489660793	0.024436669893196688	0.38995484044601025	
MTHFD1L	0.9724321493539629	0.013783925323018526	0.013783925323018526	
MTHFD2	0.018136669431054606	0.018136669431054606	0.9637266611378907	
MTHFD2L	0.9779226640227743	0.011038667988612872	0.011038667988612872	
MTHFR	0.8963004823686606	0.02354262047248593	0.08015689715885355	
MTHFS	0.010251726506220764	0.29288846190875917	0.6968598115850201	
MTHFSD	0.8400975094706994	0.1223441423419634	0.037558348187337214	
MTIF2	0.6000176750006814	0.058221403183020146	0.3417609218162985	
MTIF3	0.035816198304259	0.035816198304259	0.9283676033914819	
MTM1	0.9598122085488687	0.02009389572556559	0.02009389572556559	
MTMR1	0.3128481862235622	0.6759372247026783	0.01121458907375954	
MTMR10	0.4123638194548254	0.5733799083508655	0.014256272194309038	
MTMR11	0.18516339881789226	0.33519480523342987	0.47964179594867773	
MTMR12	0.9476029543264243	0.02619852283678784	0.02619852283678784	
MTMR14	0.5148359449093072	0.23018746695225137	0.25497658813844143	
MTMR2	0.9604249004700327	0.019787549764983682	0.019787549764983682	
MTMR3	0.631871200704226	0.35120601322973877	0.01692278606603523	
MTMR4	0.18938706520605877	0.8004914828923018	0.010121451901639447	
MTMR6	0.7804685186888104	0.04167271492865062	0.177858766382539	
MTMR7	0.577803160547146	0.4137302547831938	0.008466584669660259	
MTMR8	0.9029205748874822	0.08632019985862945	0.010759225253888312	
MTMR9	0.9668037690870716	0.016598115456464228	0.016598115456464228	
MTO1	0.9587435115895552	0.020628244205222378	0.020628244205222378	
MTOR	0.8725790307527004	0.10871903763339516	0.018701931613904346	
MTPAP	0.947204395848379	0.02639780207581049	0.02639780207581049	
MTPN	0.036596701023847364	0.036596701023847364	0.9268065979523052	
MTR	0.9624385282105186	0.01878073589474073	0.01878073589474073	
MTREX	0.9395151174598875	0.030242441270056215	0.030242441270056215	
MTRF1	0.6843142642359289	0.29191604574242735	0.023769690021643673	
MTRF1L	0.9511982105923752	0.024400894703812365	0.024400894703812365	
MTRR	0.946417571918904	0.026791214040547996	0.026791214040547996	
MTSS1	0.9581263773187246	0.02093681134063765	0.02093681134063765	
MTURN	0.5901356707362263	0.016854446991659104	0.3930098822721146	
MTUS1	0.9276920355241889	0.03615398223790551	0.03615398223790551	
MTX1	0.011198461666528913	0.2686827575377738	0.7201187807956974	
MTX2	0.725881236889054	0.23875127425973913	0.035367488851206885	
MTX3	0.8200699212291779	0.020187121345715903	0.15974295742510616	
MUC1	0.009708737864077669	0.009708737864077669	0.9805825242718447	
MUC12	0.939375589048313	0.03031220547584351	0.03031220547584351	
MUC15	0.12071999446627393	0.3981378047689685	0.4811422007647576	
MUC16	0.977571011519083	0.011214494240458488	0.011214494240458488	
MUC20	0.02237505274213279	0.02237505274213279	0.9552498945157344	
MUC4	0.6440274490894505	0.27378578277778487	0.08218676813276476	
MUL1	0.012273825314954117	0.18753599193244128	0.8001901827526046	
MUS81	0.024105363579955446	0.024105363579955446	0.9517892728400891	
MVB12A	0.020449200685789107	0.020449200685789107	0.9591015986284217	
MVB12B	0.9264407028315834	0.056345765429417084	0.017213531738999453	
MVD	0.19111386149322307	0.019291455644102826	0.789594682862674	
MVK	0.4472947804650772	0.24780077559736544	0.30490444393755733	
MVP	0.022022155143386273	0.022022155143386273	0.9559556897132274	
MX1	0.17464287630821834	0.02031658460836307	0.8050405390834185	
MX2	0.4128610167174868	0.021899311597124344	0.5652396716853888	
MXD1	0.41513484926586663	0.2330117349997566	0.3518534157343766	
MXD3	0.01420171487257896	0.48690315193249156	0.4988951331949295	
MXD4	0.020210642128540852	0.020210642128540852	0.9595787157429183	
MXI1	0.7168647807656641	0.03478867934062839	0.24834653989370745	
MXRA5	0.36338083995717513	0.01368477195655295	0.6229343880862719	
MXRA7	0.02721864153081353	0.02721864153081353	0.9455627169383729	
MXRA8	0.26125034508305783	0.00836763480563205	0.73038202011131	
MYADM	0.014049343895905652	0.014049343895905652	0.9719013122081887	
MYB	0.9461193490431826	0.011153778715230349	0.04272687224158703	
MYBBP1A	0.4797417651828317	0.01767877217462827	0.5025794626425402	
MYBL1	0.968474767472797	0.01576261626360147	0.01576261626360147	
MYBL2	0.5657254232306361	0.36577320226312254	0.06850137450624132	
MYC	0.017939109092965543	0.017939109092965543	0.9641217818140689	
MYCBP2	0.963787595763788	0.01810620211810595	0.01810620211810595	
MYCBPAP	0.9695885784345343	0.015205710782732845	0.015205710782732845	
MYCL	0.006003910228642653	0.45840276854534473	0.5355933212260126	
MYCN	0.27804767771186806	0.6317068430212722	0.0902454792668596	
MYCNOS	0.18835433946784808	0.8036883501347778	0.007957310397374039	
MYCNUT	0.10062980556392231	0.8905528395886652	0.008817354847412527	
MYCT1	0.39701828557661034	0.013960374048960191	0.5890213403744293	
MYD88	0.011867619137114366	0.011867619137114366	0.9762647617257713	
MYDGF	0.018418645761128973	0.15891011158311968	0.8226712426557512	
MYEF2	0.9591499738386503	0.020425013080674854	0.020425013080674854	
MYEOV	0.11305464197841933	0.013834321258859228	0.8731110367627214	
MYH10	0.6423387605760047	0.3489905508702778	0.008670688553717505	
MYH11	0.6758512161266269	0.009938035316693036	0.31421074855667996	
MYH14	0.7510128417979328	0.009763994439516433	0.23922316376255076	
MYH3	0.9595840163209317	0.029617004831741522	0.010798978847326753	
MYH7B	0.9703256926151682	0.014837153692415877	0.014837153692415877	
MYH9	0.33757952624698295	0.08405692440137515	0.5783635493516419	
MYL10	0.2562660384245394	0.7337129987370307	0.010020962838429985	
MYL12A	0.015398998554262766	0.015398998554262766	0.9692020028914744	
MYL12B	0.013468895180275534	0.30642752963289593	0.6801035751868285	
MYL3	0.9670973207017862	0.01645133964910689	0.01645133964910689	
MYL4	0.8553148374792291	0.13514793265723035	0.009537229863540594	
MYL5	0.03157733312425769	0.03157733312425769	0.9368453337514846	
MYL6	0.022911729298591674	0.022911729298591674	0.9541765414028166	
MYL6B	0.017465720548679432	0.017465720548679432	0.9650685589026411	
MYL9	0.011265235132239112	0.011265235132239112	0.9774695297355217	
MYLIP	0.10941093731824199	0.6344113673277355	0.2561776953540225	
MYLK	0.5827167068683221	0.010215199198786556	0.40706809393289123	
MYLK-AS1	0.9397628499630474	0.048686244419324565	0.01155090561762803	
MYLK3	0.9732930871617324	0.013353456419133821	0.013353456419133821	
MYLK4	0.9263762918158367	0.0590666282652903	0.014557079918873096	
MYNN	0.7404515929461427	0.23794035462403673	0.0216080524298205	
MYO10	0.9748544370395396	0.012572781480230215	0.012572781480230215	
MYO15A	0.9657074761939636	0.017146261903018184	0.017146261903018184	
MYO15B	0.8512398463208823	0.01989238042600208	0.1288677732531156	
MYO16	0.9789918021740882	0.01050409891295586	0.01050409891295586	
MYO18A	0.9751526575201845	0.012423671239907704	0.012423671239907704	
MYO19	0.5839837976062896	0.4051732060288367	0.010842996364873604	
MYO1B	0.9647059136238246	0.017647043188087665	0.017647043188087665	
MYO1C	0.21881226311061364	0.2412296555955268	0.5399580812938596	
MYO1D	0.6844882630496082	0.30380719646050597	0.011704540489885729	
MYO1E	0.9676354467761227	0.016182276611938627	0.016182276611938627	
MYO1F	0.7770376147667016	0.016724513278131327	0.20623787195516702	
MYO1G	0.017356063003135448	0.017356063003135448	0.9652878739937291	
MYO5A	0.9682002737468717	0.01589986312656413	0.01589986312656413	
MYO5B	0.5310927504382782	0.46122890023326696	0.007678349328454889	
MYO5C	0.9741906120472584	0.012904693976370766	0.012904693976370766	
MYO6	0.6957386905016154	0.2931354284667612	0.011125881031623309	
MYO7A	0.6955830032839573	0.0787879044682899	0.22562909224775282	
MYO7B	0.25114067335837087	0.6372803492490309	0.11157897739259828	
MYO9A	0.974298629612714	0.012850685193643008	0.012850685193643008	
MYO9B	0.9000252835020397	0.0499873582489801	0.0499873582489801	
MYOCD	0.971451587626303	0.014274206186848494	0.014274206186848494	
MYOF	0.8594286876256362	0.0958387185161666	0.04473259385819722	
MYOM1	0.9786634584458251	0.010668270777087407	0.010668270777087407	
MYOM2	0.9790182004144209	0.010490899792789535	0.010490899792789535	
MYORG	0.08799346979202459	0.3004937768672847	0.6115127533406908	
MYOZ1	0.28818543536238883	0.4018366920978955	0.3099778725397157	
MYPOP	0.4870312028872389	0.21956083413288074	0.29340796297988037	
MYRF	0.5805138605397551	0.010676404335720657	0.4088097351245243	
MYRIP	0.9784036328212655	0.010798183589367226	0.010798183589367226	
MYSM1	0.9722897026615857	0.013855148669207154	0.013855148669207154	
MYT1L	0.9789997699950485	0.010500115002475758	0.010500115002475758	
MZB1	0.19219868993113687	0.008439517952983559	0.7993617921158795	
MZF1	0.6410982089951185	0.013500790889597566	0.3454010001152839	
MZF1-AS1	0.948343983811939	0.025828008094030526	0.025828008094030526	
MZT1	0.1234577024845626	0.571495429459084	0.3050468680563534	
MZT2A	0.43036923998255006	0.012727755938984151	0.5569030040784657	
MZT2B	0.01564175684481807	0.01564175684481807	0.9687164863103639	
N4BP1	0.9582296337549818	0.02088518312250908	0.02088518312250908	
N4BP2	0.6606627126485094	0.3310632495827006	0.008274037768789915	
N4BP2L1	0.427701801089286	0.029569881514092407	0.5427283173966215	
N4BP2L2	0.9217568478146577	0.03912157609267115	0.03912157609267115	
N4BP3	0.2981418034517849	0.5524695575580227	0.14938863899019242	
N6AMT1	0.7940087423449994	0.019873717470921377	0.1861175401840791	
NAA11	0.3244504511853133	0.6689049627838869	0.006644586030799834	
NAA15	0.8412689450088945	0.140102123427557	0.018628931563548556	
NAA16	0.9701129956461386	0.014943502176930655	0.014943502176930655	
NAA20	0.02842671591867101	0.02842671591867101	0.943146568162658	
NAA25	0.8417724307485898	0.14477362080529343	0.01345394844611685	
NAA30	0.7010899009643806	0.27278410834336897	0.026125990692250422	
NAA35	0.7133355385778166	0.27415413336263944	0.012510328059543989	
NAA38	0.02975355980432755	0.02975355980432755	0.9404928803913448	
NAA40	0.3043591259914134	0.42006185942937413	0.27557901457921247	
NAA50	0.13465109553627058	0.45435622521329505	0.4109926792504344	
NAAA	0.02675710031370154	0.02675710031370154	0.9464857993725969	
NAALAD2	0.9755895930003673	0.012205203499816322	0.012205203499816322	
NAALADL1	0.024999176159906145	0.024999176159906145	0.9500016476801877	
NAALADL2	0.6926653196809436	0.3004766078469679	0.006858072472088551	
NAB1	0.7480835962968965	0.03871992133539869	0.21319648236770472	
NAB2	0.019391005254281102	0.019391005254281102	0.9612179894914379	
NABP1	0.8174589937762684	0.1670906844951019	0.01545032172862976	
NABP2	0.015854899809669157	0.015854899809669157	0.9682902003806616	
NACA	0.016745159375794058	0.08229949155638333	0.9009553490678226	
NACC1	0.24591875229821905	0.36477795836970006	0.3893032893320809	
NACC2	0.9044571879788769	0.011649824275923945	0.08389298774519914	
NADK	0.26279588101921547	0.028552720000081043	0.7086513989807035	
NADK2	0.8587055462693138	0.026238567717823378	0.11505588601286279	
NADSYN1	0.6106233617013077	0.03906970277746787	0.3503069355212245	
NAE1	0.2802275647816519	0.42966299877836306	0.29010943643998505	
NAF1	0.9463571805959499	0.026821409702025057	0.026821409702025057	
NAGA	0.015067590557317084	0.1273114930017356	0.8576209164409473	
NAGK	0.022145546211547743	0.3969799838540901	0.5808744699343621	
NAGPA	0.28123756741805633	0.016563987133917386	0.7021984454480263	
NAGS	0.22762647591455581	0.16318923162075136	0.6091842924646927	
NAIF1	0.43792297915068634	0.01912069716280043	0.5429563236865131	
NAIP	0.9570564745279498	0.02147176273602504	0.02147176273602504	
NALCN	0.9793445877086387	0.01032770614568059	0.01032770614568059	
NALT1	0.1259648350683583	0.018624554870685595	0.8554106100609561	
NAMPT	0.32640956518458625	0.02257529631953758	0.6510151384958761	
NANOG	0.3345166760983912	0.3327416619508044	0.3327416619508044	
NANOS3	0.9532340974478195	0.02338295127609024	0.02338295127609024	
NANP	0.8535988270364487	0.04249291238144951	0.10390826058210169	
NANS	0.017874288670104623	0.20510701375871	0.7770186975711855	
NAP1L1	0.0962607770191584	0.0962607770191584	0.8074784459616832	
NAP1L3	0.02217028335996564	0.02217028335996564	0.9556594332800686	
NAP1L4	0.25468083067034486	0.7125651260229836	0.03275404330667152	
NAP1L5	0.01403892891380653	0.01403892891380653	0.9719221421723869	
NAPA	0.0327757109236963	0.0327757109236963	0.9344485781526074	
NAPA-AS1	0.9508301536838819	0.024584923158059036	0.024584923158059036	
NAPB	0.7986297384657582	0.1859890667506964	0.015381194783545432	
NAPEPLD	0.9704219090521828	0.014789045473908554	0.014789045473908554	
NAPG	0.9106815547855206	0.050355280270945886	0.0389631649435335	
NAPRT	0.013748053712984619	0.06926719560338658	0.9169847506836287	
NAPSA	0.24676957638705213	0.02319275490275664	0.7300376687101913	
NARF	0.9445482848969282	0.027725857551535883	0.027725857551535883	
NARS2	0.8167924267607868	0.1706360367683867	0.012571536470826502	
NASP	0.28790063343608924	0.6389955808411486	0.07310378572276215	
NAT1	0.8453986225787741	0.0317270861371597	0.12287429128406611	
NAT10	0.7421946790953579	0.046762679748141016	0.21104264115650107	
NAT14	0.012592248141442131	0.012592248141442131	0.9748155037171157	
NAT9	0.0222810069529988	0.08046762512212939	0.8972513679248718	
NATD1	0.2768780922153021	0.1158790275994331	0.607242880185265	
NAV1	0.5839291759585435	0.40932150520958355	0.006749318831872865	
NAV2	0.9785136297621745	0.010743185118912747	0.010743185118912747	
NAV2-AS2	0.010949656278118326	0.9781534939156117	0.010896849806270023	
NAV2-AS3	0.9532403742047729	0.023379812897613518	0.023379812897613518	
NAV3	0.9805825242718447	0.009708737864077669	0.009708737864077669	
NAXD	0.09492423287954625	0.4994253491954269	0.4056504179250269	
NAXE	0.011350424877042449	0.011350424877042449	0.9772991502459151	
NBAS	0.8862476160229122	0.09955265358518345	0.014199730391904322	
NBDY	0.29815622073883546	0.6612717938648928	0.040571985396271694	
NBEA	0.9802950357561834	0.009852482121908316	0.009852482121908316	
NBEAL1	0.7904513332889221	0.20071096735862842	0.008837699352449371	
NBEAL2	0.40972234285984205	0.014095277581214717	0.5761823795589432	
NBL1	0.009708737864077669	0.009708737864077669	0.9805825242718447	
NBN	0.9568005916567688	0.02159970417161557	0.02159970417161557	
NBPF1	0.9752931777061538	0.012353411146923104	0.012353411146923104	
NBPF10	0.7293653799694264	0.25769950050807616	0.012935119522497388	
NBPF11	0.5999378017662144	0.3882883431669066	0.011773855066879039	
NBPF12	0.8642466018709838	0.01636167384262262	0.11939172428639358	
NBPF14	0.32651639466314103	0.022391225682840132	0.6510923796540188	
NBPF15	0.9666571853979002	0.016671407301049886	0.016671407301049886	
NBPF20	0.970752221618023	0.01462388919098849	0.01462388919098849	
NBPF26	0.6352060957862609	0.017176066539795833	0.34761783767394333	
NBPF3	0.5783039396345564	0.41225764945784293	0.009438410907600675	
NBPF9	0.026536986935676892	0.026536986935676892	0.9469260261286462	
NBR1	0.09489152279771473	0.06421130610252457	0.8408971710997607	
NCALD	0.9726476297788145	0.013676185110592735	0.013676185110592735	
NCAM1	0.97999526628404	0.010002366857979988	0.010002366857979988	
NCAM2	0.9805825242718447	0.009708737864077669	0.009708737864077669	
NCAPD2	0.47458084358528435	0.436820714210408	0.08859844220430771	
NCAPD3	0.7146003110656831	0.27420637596606323	0.011193312968253658	
NCAPG	0.5892096222970745	0.40465114290023885	0.006139234802686528	
NCAPG2	0.6074439544506895	0.3843265004294053	0.008229545119905108	
NCAPH	0.5367277211382798	0.3659195199076327	0.09735275895408747	
NCAPH2	0.012656908390432969	0.4502773512874193	0.5370657403221476	
NCBP1	0.567467549219887	0.40956246798524276	0.022969982794870347	
NCBP2	0.02280048522358189	0.02280048522358189	0.9543990295528362	
NCBP3	0.6907191050191747	0.2907592573292006	0.018521637651624616	
NCCRP1	0.03819109577658984	0.9238001266185156	0.038008777604894475	
NCDN	0.014331666078081735	0.014331666078081735	0.9713366678438365	
NCEH1	0.961239534846654	0.019380232576673005	0.019380232576673005	
NCF1	0.03246414176230201	0.013273248283814872	0.9542626099538831	
NCF2	0.01878863862605054	0.01878863862605054	0.9624227227478989	
NCF4	0.015547477104636557	0.015547477104636557	0.9689050457907269	
NCK1	0.9176752950136461	0.041162352493176894	0.041162352493176894	
NCK1-DT	0.9699820105169398	0.015008994741530111	0.015008994741530111	
NCK2	0.8416679081110341	0.025094411100455676	0.13323768078851023	
NCKAP1	0.5176192831616877	0.4656445043943275	0.016736212443984756	
NCKAP1L	0.9015862489114055	0.03718251769050986	0.06123123339808457	
NCKAP5	0.9805825242718447	0.009708737864077669	0.009708737864077669	
NCKAP5L	0.7479930929277699	0.08570335621251891	0.16630355085971107	
NCKIPSD	0.3319280076678591	0.1510319908722642	0.5170400014598767	
NCL	0.03999519942812457	0.2852844258997184	0.6747203746721572	
NCLN	0.4484695428363012	0.07324336291775009	0.4782870942459488	
NCMAP	0.33906306287212634	0.6367143090045743	0.024222628123299287	
NCOA1	0.9485334319511766	0.025733284024411673	0.025733284024411673	
NCOA2	0.6693658190219831	0.3170422021848846	0.013591978793132344	
NCOA3	0.49330186104975626	0.49545446485981554	0.011243674090428177	
NCOA4	0.026305897517606657	0.03659095219059773	0.9371031502917956	
NCOA5	0.030055712588816615	0.5083015705424166	0.4616427168687667	
NCOA6	0.653567074698	0.33275675463004817	0.013676170671951897	
NCOA7	0.9509592291906479	0.024520385404676003	0.024520385404676003	
NCOR1	0.9491683287362246	0.02541583563188768	0.02541583563188768	
NCOR2	0.9332288088214582	0.03338559558927088	0.03338559558927088	
NCR1	0.9147714836911016	0.02794122426359396	0.05728729204530434	
NCR3LG1	0.9524554706887783	0.02377226465561082	0.02377226465561082	
NCS1	0.7290242516949738	0.010831619641988366	0.2601441286630379	
NCSTN	0.016501555124522	0.2770339292835795	0.7064645155918985	
NDC1	0.7987154712979335	0.1762454012450106	0.025039127457055922	
NDC80	0.5884431992763437	0.350416615994651	0.06114018472900518	
NDE1	0.9679601198251627	0.016019940087418638	0.016019940087418638	
NDEL1	0.34052937201134525	0.6024398270555098	0.05703080093314485	
NDFIP1	0.20526535095918108	0.32740697771984245	0.4673276713209766	
NDFIP2	0.2986424110413713	0.5968055295464997	0.10455205941212897	
NDN	0.009866608762093125	0.009866608762093125	0.9802667824758138	
NDNF	0.9668743915717699	0.016488723451380312	0.01663688497684966	
NDOR1	0.4803469757745361	0.19695953804661864	0.3226934861788453	
NDP	0.8062938176930355	0.021769071070150747	0.1719371112368137	
NDRG1	0.298652833219982	0.02055990888092453	0.6807872578990934	
NDRG2	0.01885912540072132	0.01885912540072132	0.9622817491985574	
NDRG3	0.4207727551542631	0.03385268124656169	0.5453745635991752	
NDRG4	0.5902779203640702	0.01227658047243315	0.3974454991634965	
NDST1	0.7463456211643358	0.24142598232126308	0.0122283965144012	
NDUFA1	0.011347813087300124	0.011347813087300124	0.9773043738253997	
NDUFA10	0.389495741442899	0.4098894578821422	0.20061480067495888	
NDUFA12	0.01753602544029642	0.3492103260686253	0.6332536484910783	
NDUFA13	0.010865082952357401	0.21779471690132343	0.7713402001463191	
NDUFA2	0.012311872337246517	0.012311872337246517	0.975376255325507	
NDUFA3	0.32347819109331005	0.012222215113562264	0.6642995937931276	
NDUFA4	0.015112975438102484	0.015112975438102484	0.9697740491237951	
NDUFA4L2	0.012074900010622433	0.012074900010622433	0.9758501999787551	
NDUFA5	0.021572934147812296	0.25572788214153014	0.7226991837106576	
NDUFA6	0.1386425617954398	0.31131476477016956	0.5500426734343906	
NDUFA8	0.01553546484371002	0.01553546484371002	0.9689290703125799	
NDUFAB1	0.013886019959057265	0.29606491814688884	0.6900490618940538	
NDUFAF1	0.32456226143887795	0.025269411368900374	0.6501683271922216	
NDUFAF2	0.9482660215071982	0.02586698924640091	0.02586698924640091	
NDUFAF3	0.009950034460557066	0.009950034460557066	0.9800999310788859	
NDUFAF4	0.27411095279071057	0.021430666406017047	0.7044583808032724	
NDUFAF5	0.9705713911715717	0.014714304414214143	0.014714304414214143	
NDUFAF6	0.7849655274642167	0.20569941045970078	0.009335062076082505	
NDUFAF7	0.9368586874074304	0.0315706562962848	0.0315706562962848	
NDUFAF8	0.015738848082659337	0.015738848082659337	0.9685223038346813	
NDUFB1	0.023220852286618923	0.023220852286618923	0.9535582954267621	
NDUFB10	0.009156325949246874	0.12047883505462198	0.870364838996131	
NDUFB11	0.009720410728473995	0.0977202237111638	0.8925593655603622	
NDUFB2	0.019144921713086727	0.019144921713086727	0.9617101565738265	
NDUFB2-AS1	0.31258525873300563	0.5514601747311322	0.13595456653586202	
NDUFB3	0.012242970739402823	0.012242970739402823	0.9755140585211943	
NDUFB4	0.014765554861185564	0.12546536930527122	0.8597690758335431	
NDUFB6	0.02524361755095191	0.051121875451220614	0.9236345069978276	
NDUFB7	0.010803092592127951	0.14283250529187552	0.8463644021159965	
NDUFB9	0.018696310112991537	0.018696310112991537	0.9626073797740169	
NDUFC1	0.3219862337079154	0.016799305518344278	0.6612144607737404	
NDUFS1	0.864400215511901	0.11199026625686052	0.02360951823123847	
NDUFS2	0.025181549054062564	0.025181549054062564	0.9496369018918748	
NDUFS3	0.01581190783289873	0.01581190783289873	0.9683761843342025	
NDUFS4	0.33157470679256046	0.07688047143056477	0.5915448217768748	
NDUFS5	0.017425869618682557	0.0515194365375132	0.9310546938438042	
NDUFS6	0.018731374335841114	0.04555404052258771	0.9357145851415711	
NDUFS7	0.019127911962577744	0.019127911962577744	0.9617441760748445	
NDUFS8	0.016508061857480154	0.016508061857480154	0.9669838762850397	
NDUFV1	0.018528895283375885	0.2618145819467358	0.7196565227698883	
NDUFV2-AS1	0.9312910668248253	0.03435446658758731	0.03435446658758731	
NDUFV3	0.9740130897837453	0.012993455108127307	0.012993455108127307	
NEAT1	0.6561304870287217	0.17193475648563913	0.17193475648563913	
NEB	0.8325316724588456	0.15922543969502714	0.008242887846127185	
NEBL	0.531759360566919	0.4627319653254498	0.005508674107631173	
NECAB3	0.4179485867445753	0.26551102439008145	0.31654038886534314	
NECAP1	0.011580606103493893	0.011580606103493893	0.9768387877930121	
NECAP2	0.030819557425834383	0.030819557425834383	0.9383608851483312	
NECTIN1	0.5148198049337827	0.18165053083877397	0.30352966422744343	
NECTIN2	0.7393407729896834	0.016487127920572567	0.24417209908974413	
NECTIN3	0.5356462720773839	0.45819556405757494	0.006158163865041188	
NECTIN4	0.22570052907864963	0.48879363782799745	0.2855058330933529	
NEDD1	0.9526032027488325	0.023698398625583747	0.023698398625583747	
NEDD4	0.6739112365835576	0.31634441010194714	0.009744353314495297	
NEDD4L	0.8247811009823627	0.16381922277563302	0.011399676242004319	
NEDD9	0.9488297730189574	0.02558511349052125	0.02558511349052125	
NEFH	0.24417249564818083	0.012629889306434482	0.7431976150453846	
NEGR1	0.9797799941722467	0.01011000291387662	0.01011000291387662	
NEIL1	0.6346362158846881	0.01173294059436902	0.353630843520943	
NEIL2	0.1835993683404374	0.014068932215387934	0.8023316994441746	
NEIL3	0.47897733034194817	0.5153359047443106	0.005686764913741234	
NEK1	0.9748733659825506	0.012563317008724704	0.012563317008724704	
NEK10	0.9794964974083136	0.010251751295843204	0.010251751295843204	
NEK11	0.976379971390616	0.011810014304691974	0.011810014304691974	
NEK2	0.345650632149253	0.43187526739614396	0.22247410045460309	
NEK3	0.9614619477592108	0.019269026120394606	0.019269026120394606	
NEK4	0.9525492050023847	0.023725397498807633	0.023725397498807633	
NEK5	0.9674981216796942	0.016250939160152904	0.016250939160152904	
NEK6	0.9656825253040329	0.017158737347983552	0.017158737347983552	
NEK7	0.6013342038720142	0.37637921183775025	0.022286584290235566	
NEK8	0.4005429553273625	0.37519913551943496	0.2242579091532026	
NEK9	0.48489901290134213	0.41858543588975095	0.0965155512089069	
NELFA	0.7195588816884427	0.07863192603807007	0.2018091922734872	
NELFB	0.023647420530935295	0.09116377992973687	0.8851887995393277	
NELFCD	0.20662949007575865	0.6434443037421769	0.14992620618206454	
NELFE	0.018162789129719886	0.21064410582986118	0.771193105040419	
NELL2	0.9744974786080849	0.012751260695957549	0.012751260695957549	
NEMF	0.9609447765568239	0.019527611721588126	0.019527611721588126	
NEMP1	0.5722335344660419	0.4104765319477484	0.01728993358620975	
NEMP2	0.954909507137748	0.02254524643112598	0.02254524643112598	
NENF	0.01320759504784554	0.01320759504784554	0.9735848099043088	
NEO1	0.9665259526826371	0.016737023658681457	0.016737023658681457	
NEPRO	0.6746274993403195	0.022022689940752998	0.3033498107189275	
NES	0.4639390820663716	0.007808818651650264	0.5282520992819781	
NET1	0.21774611139401326	0.6325390484648147	0.14971484014117215	
NETO2	0.9738360261981143	0.013081986900942862	0.013081986900942862	
NEU1	0.3041331603624535	0.010479194213202135	0.6853876454243443	
NEU3	0.9207431209467457	0.03962843952662712	0.03962843952662712	
NEURL1	0.37257563330310295	0.6212731474155548	0.006151219281342127	
NEURL1B	0.6925291993512713	0.010676625620549045	0.29679417502817956	
NEURL2	0.01873207032017839	0.01873207032017839	0.9625358593596431	
NEURL4	0.30916736221859936	0.17138097946007125	0.5194516583213294	
NEXN	0.8434378109486884	0.01060758420442238	0.1459546048468892	
NEXN-AS1	0.9478749300840061	0.02606253495799689	0.02606253495799689	
NF1	0.6913745914671611	0.2970880503021981	0.011537358230640851	
NF2	0.954452960129697	0.022773519935151434	0.022773519935151434	
NFAM1	0.5625714832907008	0.014945519998650668	0.42248299671064854	
NFASC	0.9606325516714709	0.015725771364194376	0.02364167696433477	
NFAT5	0.7509784903038157	0.24093412342935402	0.008087386266830296	
NFATC1	0.9620931451148931	0.018953427442553426	0.018953427442553426	
NFATC2	0.9702714978292443	0.014864251085377833	0.014864251085377833	
NFATC2IP	0.3341594847360513	0.32017550730778577	0.345665007956163	
NFATC3	0.9640110196815505	0.01799449015922478	0.01799449015922478	
NFATC4	0.4467246803360507	0.00880612502699714	0.5444691946369522	
NFE2	0.5241453849628833	0.007907275102507364	0.46794733993460924	
NFE2L1	0.029240977867448045	0.029240977867448045	0.9415180442651039	
NFE2L2	0.11459644151408657	0.06411799602838458	0.8212855624575289	
NFE2L3	0.4155255390172472	0.442076849870655	0.1423976111120978	
NFIA	0.9693412689075223	0.015329365546238843	0.015329365546238843	
NFIB	0.9707523271543301	0.014623836422834912	0.014623836422834912	
NFIC	0.828952050676488	0.014611630094083056	0.15643631922942888	
NFIL3	0.015833551835916993	0.015833551835916993	0.968332896328166	
NFIX	0.7186757563762652	0.01839924864130271	0.2629249949824321	
NFKB1	0.9033223674596083	0.04833881627019581	0.04833881627019581	
NFKB2	0.2768987656395679	0.01643364378917349	0.7066675905712586	
NFKBIA	0.018234548418057484	0.018234548418057484	0.963530903163885	
NFKBIB	0.25222140783049013	0.1638711213476838	0.583907470821826	
NFKBID	0.5242156792937421	0.014448816512808648	0.4613355041934493	
NFKBIE	0.015785291076960566	0.015785291076960566	0.9684294178460788	
NFKBIL1	0.4088108285429824	0.010338810133342044	0.5808503613236756	
NFKBIZ	0.28605675005627845	0.02305481745542239	0.6908884324882992	
NFRKB	0.461449484857766	0.43155882463781836	0.10699169050441569	
NFS1	0.10758827416334345	0.3002239492420115	0.592187776594645	
NFU1	0.2600322124463978	0.2507681923656024	0.489199595188	
NFX1	0.9400967812806889	0.029951609359655542	0.029951609359655542	
NFXL1	0.604019761379919	0.38565074106851244	0.01032949755156855	
NFYA	0.40554906639805166	0.31830393740071733	0.2761469962012311	
NFYB	0.013104935071156018	0.48854210539365406	0.49835295953519	
NFYC	0.41711252348518196	0.5625656488744225	0.02032182764039562	
NFYC-AS1	0.49572832380331744	0.021756245025154334	0.4825154311715282	
NGDN	0.1052763569401936	0.38406093434668515	0.5106627087131214	
NGEF	0.7553735767558142	0.011180019157684778	0.233446404086501	
NGF	0.9733559398903051	0.013322030054847415	0.013322030054847415	
NGFR	0.2632156291158308	0.008734362916486528	0.7280500079676826	
NGLY1	0.7943999866631531	0.18034553343145043	0.02525447990539635	
NHLRC2	0.9708233701101137	0.014588314944943136	0.014588314944943136	
NHLRC3	0.7681182942256141	0.02242764297405823	0.20945406280032766	
NHP2	0.009967572363476208	0.18111356532823797	0.8089188623082857	
NHS	0.8229465092744709	0.16761377000857974	0.009439720716949323	
NHSL1	0.5719120081454168	0.42207399483608	0.006013997018503256	
NHSL2	0.978850523781034	0.010574738109482985	0.010574738109482985	
NID1	0.7379852262559696	0.013585520683260468	0.2484292530607698	
NID2	0.972442819175432	0.01377859041228402	0.01377859041228402	
NIF3L1	0.013620258959043455	0.45173136723563784	0.5346483738053187	
NIFK	0.027872559798816532	0.027872559798816532	0.9442548804023669	
NIFK-AS1	0.9722962655743058	0.013851867212847107	0.013851867212847107	
NIM1K	0.3716929327322884	0.6217670981644765	0.006539969103235099	
NIN	0.9709530531192964	0.014523473440351799	0.014523473440351799	
NINJ1	0.010388826367834073	0.010388826367834073	0.9792223472643319	
NINJ2	0.9637391758260164	0.018130412086991763	0.018130412086991763	
NINL	0.9733558574599961	0.013322071270001942	0.013322071270001942	
NIP7	0.020419900292217755	0.020419900292217755	0.9591601994155644	
NIPA1	0.9560594677494869	0.02197026612525652	0.02197026612525652	
NIPA2	0.13954769837091352	0.434244768721932	0.4262075329071544	
NIPAL1	0.41889603177114537	0.49257528634020337	0.08852868188865133	
NIPAL2	0.8589899871829882	0.014839895113133572	0.12617011770387823	
NIPAL3	0.958386754132167	0.020806622933916493	0.020806622933916493	
NIPBL	0.960360292120318	0.019819853939841005	0.019819853939841005	
NIPSNAP1	0.028961212964821036	0.20151538613074968	0.7695234009044294	
NIPSNAP2	0.5512896168608236	0.039094402968882724	0.4096159801702937	
NIPSNAP3A	0.024273025134919093	0.024273025134919093	0.9514539497301617	
NIPSNAP3B	0.7578854809946268	0.018650753504884685	0.2234637655004886	
NISCH	0.42781110730247607	0.04577387171001717	0.5264150209875067	
NIT1	0.019860437167966465	0.18951014560523496	0.7906294172267986	
NIT2	0.733609973045908	0.094904622989844	0.17148540396424808	
NKAIN1	0.9738653921345297	0.013067303932735148	0.013067303932735148	
NKAIN3	0.9805825242718447	0.009708737864077669	0.009708737864077669	
NKAIN4	0.6316604196106924	0.3589537958728012	0.009385784516506393	
NKAP	0.5315805575842387	0.44504208989183064	0.023377352523930653	
NKAPD1	0.04073488153547272	0.04073488153547272	0.9185302369290546	
NKAPL	0.20766394492886503	0.01865134642174175	0.7736847086493933	
NKD1	0.9764093111136493	0.011795344443175383	0.011795344443175383	
NKD2	0.5376208629209115	0.008993259089779201	0.45338587798930935	
NKIRAS1	0.529444367422022	0.4499738333002955	0.020581799277682403	
NKIRAS2	0.016846421003285685	0.15325437047297208	0.8298992085237422	
NKRF	0.19780836470980168	0.5812176949564982	0.22097394033370005	
NKTR	0.9540003460606262	0.022999826969686867	0.022999826969686867	
NKX3-1	0.011722240278528947	0.5894005394266111	0.39887722029485995	
NLE1	0.13881139020398597	0.03340347792158603	0.8277851318744279	
NLGN1	0.9805825242718447	0.009708737864077669	0.009708737864077669	
NLGN2	0.3909730178794917	0.009897180417796464	0.5991298017027117	
NLGN3	0.5934354936531433	0.3912937319229221	0.015270774423934475	
NLGN4X	0.9789779357826426	0.010511032108678675	0.010511032108678675	
NLK	0.9657422090802161	0.017128895459891904	0.017128895459891904	
NLN	0.9748860394939528	0.012556980253023587	0.012556980253023587	
NLRC3	0.6367458315427059	0.017369274740923642	0.3458848937163704	
NLRC4	0.7364302113880643	0.021433200095179947	0.24213658851675565	
NLRC5	0.8518440238387347	0.02013940138730873	0.12801657477395653	
NLRP1	0.6946960065444203	0.01900312146320229	0.28630087199237736	
NLRP12	0.9594457791445548	0.0202771104277226	0.0202771104277226	
NLRP2	0.3525471219596534	0.6399729658124543	0.0074799122278922745	
NLRP7	0.5760245883941837	0.41201446305554956	0.011960948550266706	
NLRX1	0.3852132601258069	0.016115899350953457	0.5986708405232396	
NMB	0.015264776071273982	0.015264776071273982	0.969470447857452	
NMD3	0.845556690940717	0.03053648856005926	0.1239068204992238	
NME3	0.01079032753119382	0.01079032753119382	0.9784193449376123	
NME4	0.013966715297157206	0.013966715297157206	0.9720665694056856	
NME5	0.9580236215020416	0.02098818924897922	0.02098818924897922	
NME6	0.03907071199358093	0.6023784310754167	0.35855085693100236	
NME7	0.9668562126539254	0.01657189367303727	0.01657189367303727	
NMI	0.020035787446424116	0.2844920724837954	0.6954721400697804	
NMNAT1	0.9645073350550828	0.01774633247245859	0.01774633247245859	
NMNAT2	0.45605944433400986	0.5373386977427661	0.006601857923224043	
NMNAT3	0.9697804822083302	0.015109758895834866	0.015109758895834866	
NMRAL1	0.01662293054313006	0.5339998111699318	0.44937725828693814	
NMRK1	0.2758826651731398	0.3165260103776068	0.40759132444925344	
NMT1	0.4377168823773787	0.5264840419094716	0.03579907571314969	
NMT2	0.9672904476079349	0.01635477619603251	0.01635477619603251	
NMU	0.3016424737363946	0.1995632560428329	0.4987942702207726	
NMUR1	0.18851437540105165	0.01908227392719485	0.7924033506717536	
NNAT	0.011484061708135434	0.011484061708135434	0.9770318765837291	
NNMT	0.2907903906061934	0.00862590062617679	0.7005837087676299	
NNT	0.8668256827443728	0.020062805950854863	0.1131115113047723	
NNT-AS1	0.95988850557226	0.020055747213869973	0.020055747213869973	
NOA1	0.015859942553745822	0.30863148800215257	0.6755085694441015	
NOB1	0.018397578225405373	0.10479223726142217	0.8768101845131725	
NOC2L	0.0284582415522367	0.0284582415522367	0.9430835168955265	
NOC3L	0.9494957591620805	0.025252120418959745	0.025252120418959745	
NOC4L	0.10889342356948603	0.19517583629561322	0.6959307401349007	
NOCT	0.5217313756051392	0.4684041028760731	0.009864521518787717	
NOD1	0.9671494464827808	0.016425276758609577	0.016425276758609577	
NOD2	0.5186623094149749	0.014168728152877914	0.4671689624321472	
NOL10	0.860001124615954	0.12877560467876356	0.011223270705282453	
NOL11	0.281345389034346	0.5454267834312237	0.17322782753443033	
NOL12	0.011080210058330705	0.11368555110991554	0.8752342388317537	
NOL3	0.36696261271233094	0.010703131103022208	0.6223342561846469	
NOL4L	0.9613369557763272	0.01933152211183642	0.01933152211183642	
NOL6	0.01836646582974588	0.1121415403035403	0.8694919938667138	
NOL7	0.18474600497405616	0.29247768796434215	0.5227763070616017	
NOL8	0.9425390457454821	0.028730477127258913	0.028730477127258913	
NOL9	0.7813523405143636	0.20550557981698198	0.013142079668654388	
NOLC1	0.020000715714939048	0.2570627952576173	0.7229364890274437	
NOM1	0.8741012144126542	0.11022596778647366	0.015672817800872135	
NOMO1	0.7671229275070075	0.011816458316073501	0.2210606141769189	
NOMO2	0.016839158989677867	0.1336042165138911	0.849556624496431	
NOMO3	0.9611718566607965	0.019414071669601768	0.019414071669601768	
NONO	0.040703198687435424	0.33737742316797964	0.6219193781445849	
NOP10	0.010022887703343489	0.010022887703343489	0.979954224593313	
NOP14	0.3661988931561617	0.3894397130444472	0.24436139379939112	
NOP14-AS1	0.43680752258338434	0.5369297526714537	0.026262724745161933	
NOP16	0.016936442557826312	0.11118758775160009	0.8718759696905736	
NOP53	0.017971381060657553	0.017971381060657553	0.9640572378786849	
NOP56	0.1102673508646727	0.05516902769516075	0.8345636214401666	
NOP58	0.4727125084557932	0.49887811853843866	0.028409373005767995	
NOP9	0.02071640889996278	0.029688435650200514	0.9495951554498366	
NORAD	0.03327574522374263	0.03327574522374263	0.9334485095525147	
NOS1AP	0.9797581289117205	0.010120935544139738	0.010120935544139738	
NOS2	0.24211269886011186	0.7504570334816539	0.007430267658234197	
NOS3	0.6707228598043761	0.011967559790034738	0.31730958040558915	
NOSIP	0.03370475422588627	0.07001124387585654	0.8962840018982572	
NOSTRIN	0.8347408710172892	0.016061226155018794	0.14919790282769205	
NOTCH1	0.8606823364376555	0.012304471057701535	0.12701319250464302	
NOTCH2	0.9448919193991735	0.02755404030041322	0.02755404030041322	
NOTCH3	0.33660724780623813	0.015257570031867295	0.6481351821618945	
NOTCH4	0.7217297657764727	0.010900348537518713	0.26736988568600856	
NOTUM	0.14795170848609296	0.6197592516193633	0.23228903989454372	
NOVA1	0.9783004988114888	0.010849750594255558	0.010849750594255558	
NOVA2	0.9655440226839703	0.017227988658014844	0.017227988658014844	
NOX4	0.9751104349523083	0.012444782523845822	0.012444782523845822	
NOX5	0.22254330109811285	0.5712086681256627	0.2062480307762244	
NOXA1	0.27946517980388336	0.014325947235533848	0.7062088729605829	
NOXO1	0.20603556093854686	0.7849422658827884	0.00902217317866478	
NPAS1	0.7511270311789077	0.01772739942980651	0.23114556939128575	
NPAS2	0.8945812791686414	0.009641211944844064	0.09577750888651441	
NPAS3	0.9805825242718447	0.009708737864077669	0.009708737864077669	
NPAT	0.7183160269980152	0.2692829543075651	0.012401018694419693	
NPB	0.34196527314860004	0.6429970468116597	0.015037680039740264	
NPC1	0.9321489993848926	0.047986192520484874	0.01986480809462254	
NPC2	0.014939235857055899	0.014939235857055899	0.9701215282858882	
NPDC1	0.04772505100168236	0.009845413865533616	0.9424295351327839	
NPEPL1	0.009752893443658454	0.009752893443658454	0.980494213112683	
NPEPPS	0.5369638458428991	0.44331531728330986	0.019720836873791017	
NPFFR2	0.3852993709033008	0.6086741523408492	0.006026476755849992	
NPHP1	0.9737371702584969	0.01313141487075154	0.01313141487075154	
NPHP4	0.970442663223966	0.01477866838801697	0.01477866838801697	
NPIPA1	0.12196950221741568	0.03286877406425108	0.8451617237183332	
NPIPA5	0.016788716542417127	0.016788716542417127	0.9664225669151657	
NPIPB11	0.9445123026114393	0.017528191536845664	0.03795950585171507	
NPIPB13	0.06421894820424502	0.012668732664492503	0.9231123191312626	
NPIPB15	0.2079845208928444	0.28997326016189584	0.5020422189452599	
NPIPB2	0.8933892763167477	0.018335731607015186	0.08827499207623714	
NPIPB4	0.9721685491467732	0.013915725426613366	0.013915725426613366	
NPIPB5	0.06751868156214341	0.022026056222842517	0.910455262215014	
NPL	0.9537710082445477	0.023114495877726085	0.023114495877726085	
NPLOC4	0.3276926344099921	0.620415352916968	0.051892012673039854	
NPM1	0.02543537189770097	0.4047091152338559	0.5698555128684432	
NPM2	0.3325609678994824	0.013198697313424053	0.6542403347870934	
NPM3	0.009706508214217377	0.2318836750083154	0.7584098167774673	
NPNT	0.4424248161686376	0.1042809789076433	0.4532942049237192	
NPR1	0.3886558170706651	0.010209501843220885	0.6011346810861139	
NPR2	0.6472467658849923	0.012616540615632074	0.3401366934993757	
NPR3	0.9746202362209412	0.01268988188952942	0.01268988188952942	
NPRL2	0.02145785985227429	0.055941456339515194	0.9226006838082105	
NPRL3	0.9430358073931722	0.026030863830730645	0.030933328776097228	
NPTN	0.227901102260114	0.07751151738727068	0.6945873803526151	
NPTXR	0.44844092635366967	0.014696292687701853	0.5368627809586285	
NPW	0.4191355502270146	0.018197692182642746	0.5626667575903427	
NPY1R	0.2476776303277374	0.010240203311424183	0.7420821663608385	
NQO1	0.011813859087884399	0.011813859087884399	0.9763722818242312	
NQO2	0.029461655772701566	0.029461655772701566	0.9410766884545968	
NR1D1	0.02835243568518857	0.010761901839926948	0.9608856624748845	
NR1D2	0.7879232263233418	0.02984705559673001	0.1822297180799281	
NR1H2	0.018405386850585435	0.1336172437419092	0.8479773694075053	
NR1H3	0.3192527040417775	0.026800503638418585	0.6539467923198038	
NR2C1	0.9689163610287729	0.01554181948561355	0.01554181948561355	
NR2C2	0.875125560604118	0.11199672509742102	0.012877714298461053	
NR2C2AP	0.010593725118749675	0.30650130058037084	0.6829049743008796	
NR2F1	0.45492021986191883	0.011613923058697878	0.5334658570793833	
NR2F1-AS1	0.9793441120832551	0.010327943958372445	0.010327943958372445	
NR2F2	0.4068036414751629	0.015311349555419606	0.5778850089694175	
NR2F2-AS1	0.9805825242718447	0.009708737864077669	0.009708737864077669	
NR2F6	0.11310172656568315	0.3819611391810173	0.5049371342532996	
NR3C1	0.9491249265206684	0.025437536739665787	0.025437536739665787	
NR3C2	0.9758361327640879	0.01208193361795608	0.01208193361795608	
NR4A1	0.027395619555082327	0.027395619555082327	0.9452087608898353	
NR4A2	0.3902558882231557	0.018525996434634852	0.5912181153422094	
NR4A3	0.5639867054656156	0.009864803321758122	0.4261484912126262	
NR5A2	0.9770978940802275	0.011451052959886214	0.011451052959886214	
NR6A1	0.6737953670456448	0.31953339169647754	0.006671241257877672	
NRARP	0.011300292109702502	0.011300292109702502	0.977399415780595	
NRAS	0.019698471351203176	0.28076269401807435	0.6995388346307225	
NRAV	0.38826221939030664	0.03478638183992705	0.5769513987697662	
NRBF2	0.013699156379942358	0.4840109534092613	0.5022898902107963	
NRBP1	0.01753496772754639	0.557997988850949	0.42446704342150465	
NRBP2	0.4472571722215992	0.01369181588181993	0.5390510118965808	
NRCAM	0.5819472215403765	0.41159930365718295	0.0064534748024405834	
NRDC	0.371155581391122	0.5857094521255867	0.043134966483291196	
NRDE2	0.8839581612708363	0.10501031687277324	0.011031521856390399	
NREP	0.8495139124084206	0.031229988226323408	0.11925609936525607	
NRF1	0.7739900947722557	0.21034433055719182	0.015665574670552386	
NRG1	0.9804089365516264	0.009795531724186799	0.009795531724186799	
NRG2	0.9767387591743326	0.011630620412833682	0.011630620412833682	
NRG4	0.5272103825850645	0.46606852964403045	0.0067210877709051415	
NRGN	0.31868368630376126	0.016098143389656382	0.6652181703065824	
NRIP1	0.5431798405397085	0.44579948704675826	0.011020672413533142	
NRIP2	0.016228323942051013	0.016228323942051013	0.9675433521158979	
NRIP3	0.968281261034163	0.015859369482918485	0.015859369482918485	
NRK	0.49753694581280794	0.49753694581280794	0.004926108374384237	
NRL	0.9690187064511941	0.01549064677440294	0.01549064677440294	
NRM	0.012723830008780199	0.13675183459642515	0.8505243353947947	
NRN1	0.058784316760964024	0.017500407300596994	0.9237152759384389	
NRP1	0.9433728841077867	0.02831355794610662	0.02831355794610662	
NRP2	0.9712098204707257	0.014395089764637142	0.014395089764637142	
NRSN2	0.17918493327147464	0.014437940803582006	0.8063771259249434	
NRSN2-AS1	0.9745568957149994	0.012721552142500281	0.012721552142500281	
NRXN1	0.9805825242718447	0.009708737864077669	0.009708737864077669	
NRXN2	0.9710580366382184	0.014470981680890761	0.014470981680890761	
NRXN3	0.9805825242718447	0.009708737864077669	0.009708737864077669	
NSA2	0.02426727471638302	0.02426727471638302	0.951465450567234	
NSD1	0.9638765472205083	0.01806172638974582	0.01806172638974582	
NSD2	0.9694637235007983	0.015268138249600839	0.015268138249600839	
NSD3	0.5530736399056527	0.4324375241921533	0.014488835902193992	
NSDHL	0.03374884082624715	0.03374884082624715	0.9325023183475056	
NSF	0.9597337848731443	0.02013310756342785	0.02013310756342785	
NSFL1C	0.020510630834912433	0.5492113746462192	0.4302779945188684	
NSG1	0.1964317838530727	0.44374953830628266	0.35981867784064475	
NSL1	0.9566240674572137	0.02168796627139311	0.02168796627139311	
NSMAF	0.892773112014615	0.05361344399269249	0.05361344399269249	
NSMCE1	0.02887754394006745	0.02887754394006745	0.942244912119865	
NSMCE2	0.9546626073842891	0.02266869630785544	0.02266869630785544	
NSMCE4A	0.08576951106126818	0.383411513762623	0.5308189751761088	
NSMF	0.1901708263921353	0.014256968792859391	0.7955722048150052	
NSRP1	0.9407033005198407	0.029648349740079606	0.029648349740079606	
NSUN2	0.39095810359713906	0.4460253978291624	0.16301649857369863	
NSUN3	0.9691518678064128	0.01542406609679359	0.01542406609679359	
NSUN4	0.8125862936140086	0.16792091136657414	0.019492795019417305	
NSUN5	0.014222437377418535	0.2696147637842915	0.7161627988382899	
NSUN6	0.9607817678677415	0.019609116066129317	0.019609116066129317	
NSUN7	0.8864397252667466	0.10103435001831937	0.012525924714933925	
NT5C	0.01316533046099566	0.01316533046099566	0.9736693390780087	
NT5C2	0.8286705986854014	0.15406597311938422	0.017263428195214377	
NT5C3A	0.9158189862703223	0.04209050686483878	0.04209050686483878	
NT5C3B	0.3816714334464534	0.07652130615590241	0.5418072603976442	
NT5DC1	0.9469369282522287	0.028056126744054683	0.02500694500371658	
NT5DC2	0.01459173187966432	0.01459173187966432	0.9708165362406713	
NT5DC3	0.6384590497540407	0.3136752806596851	0.0478656695862742	
NT5E	0.26465663340591444	0.012966855234476835	0.7223765113596087	
NT5M	0.969865017778735	0.01506749111063249	0.01506749111063249	
NTAN1	0.5676197123412566	0.009421395416862651	0.42295889224188066	
NTF3	0.9367111115226522	0.01509087448415747	0.04819801399319029	
NTHL1	0.02454130494974446	0.02454130494974446	0.950917390100511	
NTM	0.9794037647730726	0.010298117613463699	0.010298117613463699	
NTMT1	0.01606800653874416	0.2651210380870199	0.718810955374236	
NTN1	0.8940866876435267	0.09565966851398774	0.010253643842485527	
NTN4	0.6769742642801485	0.1269216845216927	0.19610405119815888	
NTNG2	0.9648392982248963	0.017580350887551822	0.017580350887551822	
NTPCR	0.9139509848797981	0.06868385872743815	0.017365156392763648	
NTRK1	0.8143108356985106	0.01635099567318626	0.1693381686283031	
NTRK2	0.9732777506672757	0.013361124666362106	0.013361124666362106	
NTRK3	0.9799661117422201	0.010016944128889928	0.010016944128889928	
NUAK1	0.9698310867344988	0.0150844566327506	0.0150844566327506	
NUAK2	0.13993788194656542	0.2294428817184054	0.6306192363350291	
NUB1	0.1760922284224501	0.09826738000847604	0.7256403915690739	
NUBP1	0.16759603738720602	0.17836296868124188	0.6540409939315521	
NUBP2	0.013641049991589504	0.2753226974432565	0.711036252565154	
NUBPL	0.9715264481756918	0.014236775912154102	0.014236775912154102	
NUCB1	0.029415327174511362	0.029415327174511362	0.9411693456509772	
NUCB2	0.2804585697135655	0.474735306747113	0.24480612353932144	
NUCKS1	0.3587978661343531	0.08140896295779158	0.5597931709078553	
NUDC	0.027787472988187914	0.32697314147502443	0.6452393855367876	
NUDCD1	0.9571669504783376	0.021416524760831206	0.021416524760831206	
NUDCD2	0.25343470342591307	0.03588460697755034	0.7106806895965367	
NUDCD3	0.9767686378424214	0.01161568107878926	0.01161568107878926	
NUDT1	0.0140099353688036	0.0140099353688036	0.9719801292623927	
NUDT12	0.45791282293174085	0.021049405629257105	0.5210377714390021	
NUDT13	0.7266592742590425	0.02153380587384114	0.2518069198671163	
NUDT15	0.00927667217297831	0.37925452512699936	0.6114688027000222	
NUDT16	0.019530438488967922	0.019530438488967922	0.9609391230220641	
NUDT16L1	0.011556619869911994	0.011556619869911994	0.976886760260176	
NUDT17	0.32399646191872117	0.02011254253593767	0.6558909955453412	
NUDT18	0.017224872859594134	0.017224872859594134	0.9655502542808116	
NUDT19	0.7710770577835608	0.016505625960327897	0.21241731625611132	
NUDT2	0.024873231511441815	0.024873231511441815	0.9502535369771163	
NUDT21	0.009139340809415175	0.10572483198013655	0.8851358272104481	
NUDT22	0.14424410653232062	0.24754673894566212	0.6082091545220173	
NUDT3	0.027639074025544268	0.027639074025544268	0.9447218519489115	
NUDT4	0.343731778372903	0.45627714348897536	0.1999910781381217	
NUDT5	0.03938232957284326	0.03938232957284326	0.9212353408543135	
NUDT6	0.6659759425280604	0.01982726154266793	0.31419679592927163	
NUDT7	0.021870233650253465	0.021870233650253465	0.956259532699493	
NUDT8	0.00836380797420364	0.22154669437381697	0.7700894976519794	
NUDT9	0.5635704277524324	0.033420917413160146	0.40300865483440734	
NUF2	0.5983073605215938	0.324094763339123	0.0775978761392833	
NUFIP1	0.9570329232518282	0.02148353837408588	0.02148353837408588	
NUFIP2	0.42664794118550536	0.559171388551649	0.01418067026284551	
NUMA1	0.8451939765211427	0.046132776574422454	0.10867324690443478	
NUMB	0.9093891971657229	0.04530540141713854	0.04530540141713854	
NUMBL	0.6010357023375626	0.011234136810668191	0.38773016085176915	
NUP107	0.48883965176124505	0.496816312473807	0.014344035764947853	
NUP133	0.6172865660988524	0.3553975969795203	0.027315836921627406	
NUP153	0.3957940635832613	0.5899682051357796	0.014237731280959018	
NUP155	0.606564407856697	0.38143542321154317	0.012000168931759838	
NUP160	0.5405554079776812	0.4443506578731079	0.01509393414921098	
NUP188	0.7979219068110435	0.05937778890172727	0.14270030428722916	
NUP205	0.6179849498641985	0.357779869739046	0.024235180396755467	
NUP210	0.8631342676753486	0.03042562708808473	0.10644010523656669	
NUP214	0.9469056203594098	0.026547189820295032	0.026547189820295032	
NUP35	0.7768877835690751	0.19894350060906102	0.024168715821864	
NUP37	0.4097013119288163	0.2719937313027795	0.31830495676840426	
NUP43	0.5662353585705214	0.40805862447093005	0.02570601695854842	
NUP50	0.37527081251924055	0.4734400845190692	0.15128910296169024	
NUP50-DT	0.9556407053908803	0.02217964730455981	0.02217964730455981	
NUP54	0.5897058116173036	0.3918182984310953	0.01847588995160097	
NUP58	0.5329053339579042	0.4533536615064207	0.01374100453567515	
NUP62CL	0.652630666954266	0.01186296504153358	0.3355063680042005	
NUP85	0.43925341395453715	0.5135740996758037	0.04717248636965905	
NUP88	0.7742353444108708	0.20382964327419484	0.021935012314934253	
NUP93	0.7921839352156654	0.019186227619523755	0.18862983716481072	
NUP98	0.7391312954774326	0.23701769252822458	0.023851011994342752	
NUPR1	0.01054369107891157	0.01054369107891157	0.9789126178421769	
NUS1	0.4489975929967577	0.3657719831520689	0.1852304238511734	
NUTF2	0.01142300256023794	0.506987046015095	0.4815899514246671	
NUTM2A-AS1	0.9765378514391081	0.01173107428044592	0.01173107428044592	
NUTM2B-AS1	0.9791073251672014	0.010446337416399247	0.010446337416399247	
NVL	0.5618587005695747	0.4249415203840323	0.013199779046393047	
NXF1	0.023564759179511972	0.3084674019834197	0.6679678388370683	
NXN	0.9669849404572697	0.016507529771365163	0.016507529771365163	
NXNL2	0.96043484930656	0.019782575346719997	0.019782575346719997	
NXPE3	0.965692781624102	0.017153609187948962	0.017153609187948962	
NXPH3	0.01016246654697992	0.4175833266021752	0.5722542068508448	
NXT1	0.010442937509819334	0.0460304572122383	0.9435266052779423	
NXT2	0.008788061748176056	0.49513983348390966	0.49607210476791436	
NYNRIN	0.7146001073339476	0.025120245344701107	0.2602796473213513	
OAF	0.4167804923399643	0.01783575123585852	0.5653837564241772	
OARD1	0.020725270066761985	0.45906380254866613	0.5202109273845718	
OAS1	0.014551743461227555	0.014551743461227555	0.9708965130775449	
OAS2	0.19605390034943293	0.016377367213593272	0.7875687324369738	
OAS3	0.6116900802211181	0.027983072465303564	0.3603268473135782	
OASL	0.08126986192737026	0.012611507438930407	0.9061186306336994	
OAT	0.02156466198460953	0.02156466198460953	0.9568706760307809	
OAZ2	0.026428926564114788	0.026428926564114788	0.9471421468717703	
OAZ3	0.704767544782231	0.027244629200158816	0.26798782601761006	
OBSCN	0.9737091862380866	0.013145406880956695	0.013145406880956695	
OBSL1	0.25213802470578944	0.437176908720082	0.3106850665741286	
OCA2	0.976633002916332	0.011683498541833995	0.011683498541833995	
OCEL1	0.008944416865030556	0.30229886442216625	0.6887567187128032	
OCIAD1	0.06453828077518638	0.21962799237740335	0.7158337268474102	
OCIAD2	0.019231949568045713	0.019231949568045713	0.9615361008639085	
OCLN	0.5385087250362321	0.22571161290917702	0.2357796620545908	
OCRL	0.7242654307413894	0.23219648308944227	0.04353808616916834	
ODAPH	0.2253853449324341	0.7670203937433742	0.007594261324191823	
ODC1	0.017311101714854848	0.017311101714854848	0.9653777965702903	
ODF2	0.4841132273506725	0.49631837436913095	0.01956839828019641	
ODF2L	0.9686119428590083	0.015694028570495833	0.015694028570495833	
ODF3B	0.012959265578789538	0.012959265578789538	0.9740814688424209	
ODR4	0.7973668996794735	0.18730428821373862	0.015328812106787854	
OFD1	0.9646880917242403	0.017655954137879844	0.017655954137879844	
OGA	0.8696735167433467	0.06516324162832658	0.06516324162832658	
OGDH	0.3441472920007998	0.5001873342368023	0.15566537376239786	
OGFOD1	0.9195540567132999	0.04022297164334999	0.04022297164334999	
OGFOD2	0.009379855082581453	0.28960229927648773	0.7010178456409307	
OGFOD3	0.4642967008075923	0.29077677380331257	0.2449265253890951	
OGFR	0.025197968108439158	0.025197968108439158	0.9496040637831217	
OGFRL1	0.2757323885559954	0.027431230992669843	0.6968363804513348	
OGG1	0.9281466137471115	0.035926693126444226	0.035926693126444226	
OGN	0.4090771292456807	0.008632013474374004	0.5822908572799452	
OGT	0.8094506826632103	0.06754671727168664	0.12300260006510301	
OIP5	0.6362401646735873	0.3553033822950054	0.008456453031407135	
OLA1	0.8791812520885812	0.06946266813829086	0.051356079773127804	
OLAH	0.23394000687743133	0.6510131068621755	0.11504688626039317	
OLFM1	0.01320958786968532	0.01320958786968532	0.9735808242606293	
OLFM2	0.6326902001864017	0.012075752213827524	0.35523404759977084	
OLFML1	0.2797706988545516	0.012975936288449052	0.7072533648569993	
OLFML2A	0.634812685745721	0.01574605663752845	0.3494412576167504	
OLFML2B	0.6013400588607489	0.016491888271655968	0.3821680528675951	
OLFML3	0.11442878028559149	0.012639294812571013	0.8729319249018375	
OLMALINC	0.7004076523441107	0.28837117033207055	0.01122117732381872	
OLR1	0.3358149065429275	0.22629562655051116	0.4378894669065614	
OMD	0.23688026026602793	0.013689013892693367	0.7494307258412788	
OMG	0.6033139926893696	0.38159170159858374	0.015094305712046808	
OOEP	0.4113541732524755	0.580308121126412	0.008337705621112464	
OPA1	0.801916012787625	0.17869049726748176	0.019393489944893216	
OPA3	0.6213899976605879	0.3672108632319247	0.011399139107487487	
OPHN1	0.5595059087564028	0.4346587466159356	0.005835344627661581	
OPLAH	0.18389091102986943	0.011400511835874714	0.8047085771342558	
OPN3	0.4981431584697201	0.494289361973202	0.007567479557077856	
OPRK1	0.1618666641831569	0.8299163423284426	0.008216993488400421	
OPRL1	0.9349637897970541	0.03251810510147291	0.03251810510147291	
OPTN	0.08989232234395585	0.20778841005401386	0.7023192676020303	
OR2F1	0.2971825805385981	0.6947656191996525	0.008051800261749453	
ORAI1	0.3469596519020133	0.011549732184063057	0.6414906159139236	
ORAI2	0.6854755213481657	0.015346653135750121	0.2991778255160841	
ORC1	0.5581897559340188	0.4342968951354734	0.0075133489305079446	
ORC2	0.6497217888629583	0.3364651344245132	0.013813076712528556	
ORC3	0.7985057429832105	0.17948045436807883	0.02201380264871061	
ORC4	0.7679984083795774	0.21631237648207607	0.01568921513834646	
ORC5	0.9409647565972599	0.029517621701370046	0.029517621701370046	
ORC6	0.5718363753046521	0.41806696799825466	0.010096656697093153	
ORMDL1	0.019499736706878056	0.4317837658209679	0.5487164974721541	
ORMDL2	0.011503587804328263	0.011503587804328263	0.9769928243913435	
ORMDL3	0.010420301854430908	0.23646402292325433	0.7531156752223147	
OS9	0.02390057633571776	0.2110147680860025	0.7650846555782798	
OSBP	0.24102432910416716	0.476979580900068	0.281996089995765	
OSBP2	0.9767540965630658	0.011622951718467093	0.011622951718467093	
OSBPL10	0.9754821604849282	0.012258919757535909	0.012258919757535909	
OSBPL10-AS1	0.9043125659606469	0.04784371701967649	0.04784371701967649	
OSBPL11	0.9034043531585714	0.07111782138038669	0.025477825461041954	
OSBPL1A	0.958481779263448	0.020759110368275987	0.020759110368275987	
OSBPL2	0.3826915881528417	0.5228301689881111	0.09447824285904714	
OSBPL3	0.9665963280000927	0.016701835999953635	0.016701835999953635	
OSBPL5	0.9282692758422254	0.03586536207888724	0.03586536207888724	
OSBPL6	0.9774018359215239	0.011299082039238035	0.011299082039238035	
OSBPL7	0.5123557805695609	0.014234859269927779	0.47340936016051144	
OSBPL8	0.9474979219492908	0.026251039025354583	0.026251039025354583	
OSBPL9	0.7475664331285999	0.22410190483244377	0.02833166203895638	
OSCAR	0.18140090815983234	0.010224261952515554	0.8083748298876521	
OSCP1	0.6135507001244938	0.25514446347749403	0.1313048363980123	
OSER1	0.01682355406965947	0.21782732803658295	0.7653491178937576	
OSER1-DT	0.9401838734002262	0.029908063299886836	0.029908063299886836	
OSGEP	0.6314089107689402	0.05218569943000782	0.31640538980105193	
OSGEPL1	0.8803440888669017	0.03400215675363084	0.08565375437946743	
OSGEPL1-AS1	0.8688494288517277	0.03659099924628589	0.09455957190198645	
OSGIN1	0.2437734797450977	0.013851259949451479	0.7423752603054508	
OSGIN2	0.3785794783193179	0.029840160568430665	0.5915803611122514	
OSMR	0.397063569883734	0.016777935957221674	0.5861584941590442	
OSR2	0.42076525207686327	0.022505525527773185	0.5567292223953636	
OST4	0.012316854655994955	0.012316854655994955	0.9753662906880101	
OSTC	0.026841123064458034	0.026841123064458034	0.9463177538710839	
OSTF1	0.04256732918997292	0.04992967546659018	0.9075029953434369	
OSTM1	0.9737672578359998	0.013116371082000084	0.013116371082000084	
OTOA	0.967489676890914	0.016255161554542978	0.016255161554542978	
OTUB1	0.015570485606026634	0.3134408439021226	0.6709886704918507	
OTUB2	0.26480664414977945	0.5657067828624462	0.16948657298777423	
OTUD3	0.5481792674163372	0.44157006048635544	0.010250672097307383	
OTUD4	0.5548514151745451	0.4287891693427101	0.016359415482744714	
OTUD5	0.04415567265629866	0.04415567265629866	0.9116886546874027	
OTUD6B	0.9236700460245962	0.056532175097409	0.019797778877994728	
OTUD6B-AS1	0.6557290208867537	0.027772550287829066	0.3164984288254173	
OTUD7A	0.9772763035101855	0.011361848244907281	0.011361848244907281	
OTUD7B	0.7128615677223475	0.2762056922637253	0.010932740013927208	
OTULIN	0.9620171093746557	0.018991445312672137	0.018991445312672137	
OTULINL	0.9614934821944189	0.01925325890279054	0.01925325890279054	
OVCH1-AS1	0.9647013043609098	0.01764934781954504	0.01764934781954504	
OVGP1	0.1418587700715072	0.4149489153713241	0.44319231455716857	
OVOL1	0.013207541648776576	0.49474168469073265	0.49205077366049077	
OVOL2	0.7766621623874949	0.15195980362795333	0.07137803398455178	
OXA1L	0.018884226362928722	0.018884226362928722	0.9622315472741425	
OXCT1	0.8765988887614382	0.03137590755811671	0.09202520368044503	
OXLD1	0.1298083316651193	0.00939133276588504	0.8608003355689956	
OXNAD1	0.9675251308811288	0.016237434559435597	0.016237434559435597	
OXR1	0.6945244742624334	0.28367555070942635	0.021799975028140305	
OXSM	0.09613114507900723	0.26056029233615374	0.6433085625848391	
OXSR1	0.662004303305402	0.30486311433789165	0.03313258235670625	
OXTR	0.933292217188802	0.03335389140559898	0.03335389140559898	
P2RX1	0.699350643392458	0.014315595602937043	0.28633376100460506	
P2RX4	0.3231942394796718	0.40866745050719133	0.268138310013137	
P2RX6	0.6481082555926869	0.01238500687802792	0.3395067375292851	
P2RX7	0.9669679363436515	0.016516031828174196	0.016516031828174196	
P2RY1	0.3855764659524271	0.01263404147297117	0.6017894925746017	
P2RY10	0.25238081722825323	0.014349196659205496	0.7332699861125413	
P2RY11	0.16010775398968222	0.010835451029382548	0.8290567949809352	
P2RY13	0.1445706636587486	0.008816057484662819	0.8466132788565885	
P2RY14	0.5392273629861475	0.010853013932222924	0.44991962308162964	
P2RY2	0.23865269606400533	0.6431100310945927	0.11823727284140188	
P2RY6	0.41357980975115705	0.5335612938686269	0.052858896380216104	
P3H1	0.4496828699781287	0.25766609436644805	0.2926510356554233	
P3H2	0.90753100914842	0.013465626889803866	0.07900336396177615	
P3H2-AS1	0.9603761011095632	0.0198119494452184	0.0198119494452184	
P3H3	0.3553002521971508	0.011379976381617899	0.6333197714212313	
P3H4	0.5988978009808839	0.012180502534579382	0.38892169648453684	
P4HA1	0.9516725506004049	0.024163724699797544	0.024163724699797544	
P4HA2	0.5804392304132882	0.020323828253007072	0.3992369413337048	
P4HA3	0.9630014318893938	0.01849928405530306	0.01849928405530306	
P4HB	0.019035377642136975	0.46337859789769426	0.5175860244601688	
P4HTM	0.3784255470937046	0.016136932375856058	0.6054375205304393	
PA2G4	0.01433432665548176	0.17132001790940862	0.8143456554351096	
PAAF1	0.9364861052232898	0.031756947388355064	0.031756947388355064	
PABPC1	0.0687661761257554	0.0687661761257554	0.8624676477484893	
PABPC1L	0.4854436416104893	0.3366646871738569	0.1778916712156537	
PABPC4	0.06940736549904115	0.41537405472753564	0.5152185797734233	
PABPC5	0.5935904303050947	0.030133003143097463	0.3762765665518077	
PACRG	0.9772558099338702	0.011372095033064876	0.011372095033064876	
PACRGL	0.9643843193098316	0.017807840345084168	0.017807840345084168	
PACS1	0.9283107983717334	0.03584460081413329	0.03584460081413329	
PACS2	0.9764744416141137	0.011762779192943145	0.011762779192943145	
PACSIN1	0.9643144302046611	0.017842784897669432	0.017842784897669432	
PACSIN2	0.4411132028121072	0.5351950475673529	0.023691749620539892	
PACSIN3	0.23305827503572474	0.3374758550155587	0.4294658699487166	
PADI1	0.41592705187221435	0.4748206385155116	0.10925230961227396	
PADI2	0.840939690048313	0.011105404827267965	0.14795490512441895	
PADI4	0.6514511583212169	0.011287959690773421	0.3372608819880097	
PAF1	0.011858955485009615	0.21455641058956001	0.7735846339254304	
PAFAH1B1	0.7048377117452226	0.25599832850811344	0.039163959746664	
PAFAH1B2	0.29413566174973926	0.6772537047069048	0.028610633543355905	
PAFAH1B3	0.017096075307036433	0.017096075307036433	0.9658078493859271	
PAFAH2	0.36601332213552884	0.3202837694922431	0.3137029083722281	
PAG1	0.9684887492063978	0.015755625396801084	0.015755625396801084	
PAGE4	0.18933837873330178	0.7966542080495798	0.014007413217118512	
PAICS	0.08006852992638966	0.45602884535851035	0.46390262471510013	
PAIP1	0.029442968505157097	0.19650149046159324	0.7740555410332496	
PAIP2	0.04130345511631593	0.3638607991304075	0.5948357457532766	
PAIP2B	0.6959597943312744	0.016549100531050135	0.2874911051376755	
PAK1	0.3012784937202923	0.6873237177320051	0.011397788547702495	
PAK1IP1	0.4623624526725163	0.024285485888285205	0.5133520614391985	
PAK2	0.7353674919382779	0.22790657156446073	0.0367259364972614	
PAK3	0.9780955384170972	0.010952230791451387	0.010952230791451387	
PAK4	0.5592308172625884	0.42828834768759566	0.012480835049815885	
PAK6	0.0900934021948404	0.5161917781411306	0.393714819664029	
PALB2	0.9594715849639686	0.020264207518015675	0.020264207518015675	
PALD1	0.9722705405391839	0.013864729730408046	0.013864729730408046	
PALLD	0.5570225728384732	0.03267174053370956	0.4103056866278171	
PALM	0.7644981900074043	0.01232968225572831	0.2231721277368675	
PALM3	0.08738722050076285	0.41203262102945054	0.5005801584697867	
PALMD	0.45227203044366127	0.013666935728812385	0.5340610338275263	
PAM	0.9321184178873128	0.031076356373380302	0.03680522573930684	
PAM16	0.011616686840599933	0.15317766508264094	0.8352056480767591	
PAMR1	0.6601213870281313	0.012616904620897562	0.3272617083509711	
PAN2	0.37266033516928154	0.02617551115693059	0.6011641536737878	
PAN3	0.9542260821145675	0.02288695894271623	0.02288695894271623	
PAN3-AS1	0.021837822204135864	0.021837822204135864	0.9563243555917282	
PANK1	0.9388605276031797	0.012439842775283793	0.04869962962153637	
PANK2	0.9516027543091431	0.02419862284542846	0.02419862284542846	
PANK3	0.6672474290214224	0.30384799082888464	0.02890458014969289	
PANK4	0.6927289230927898	0.013822784412699182	0.293448292494511	
PANO1	0.3189565152800925	0.03903021426429655	0.642013270455611	
PANX1	0.6413532481167475	0.2381467888274929	0.12049996305575963	
PANX2	0.1544771738914147	0.011188921670473096	0.8343339044381123	
PAPLN	0.6328640439453566	0.012295696411743925	0.3548402596428995	
PAPOLA	0.25791654701032807	0.714192216801345	0.027891236188326878	
PAPOLG	0.9707331169816656	0.01463344150916719	0.01463344150916719	
PAPPA	0.5685790983583263	0.4251910746544691	0.006229826987204547	
PAPPA2	0.49088155279582807	0.504127089878641	0.004991357325531099	
PAPSS1	0.6561926022725932	0.05298940164000393	0.29081799608740294	
PAPSS2	0.8557924073608452	0.014519635095517068	0.1296879575436377	
PAQR3	0.9611022222765964	0.01944888886170181	0.01944888886170181	
PAQR4	0.016841443587410302	0.016841443587410302	0.9663171128251794	
PAQR5	0.9622797000652715	0.018860149967364206	0.018860149967364206	
PAQR6	0.18916750517889913	0.015232953780822322	0.7955995410402785	
PAQR7	0.2661879418526801	0.4533592073887417	0.28045285075857823	
PARD3	0.6533711546159732	0.33715928282156965	0.009469562562457193	
PARD3B	0.9804112582343277	0.0097943708828361	0.0097943708828361	
PARD6B	0.5410203756956279	0.45036639531458805	0.008613228989784052	
PARD6G	0.8892531899868833	0.01628290908012738	0.09446390093298929	
PARD6G-AS1	0.9663631032548714	0.016818448372564306	0.016818448372564306	
PARG	0.9572844670974751	0.021357766451262472	0.021357766451262472	
PARK7	0.024867928037716088	0.024867928037716088	0.9502641439245678	
PARM1	0.3019003332907704	0.017153365847970933	0.6809463008612587	
PARN	0.6815071419982459	0.30123625816029687	0.017256599841457165	
PARP1	0.035424098236028025	0.035424098236028025	0.9291518035279439	
PARP10	0.017226547729606842	0.017226547729606842	0.9655469045407863	
PARP11	0.9727440433022003	0.013627978348899825	0.013627978348899825	
PARP12	0.6759371252412459	0.01872204279240191	0.30534083196635214	
PARP14	0.9492819082297057	0.025359045885147098	0.025359045885147098	
PARP15	0.8913127990078475	0.016309196150099785	0.0923780048420527	
PARP16	0.6346592306939516	0.34813847586910857	0.017202293436939898	
PARP2	0.16298627874930227	0.5092938338972595	0.32771988735343816	
PARP3	0.010271984773860108	0.010271984773860108	0.9794560304522798	
PARP4	0.9368293652119162	0.03158531739404186	0.03158531739404186	
PARP6	0.19527553277751128	0.02369522984382991	0.7810292373786588	
PARP8	0.9549216575935864	0.022539171203206802	0.022539171203206802	
PARP9	0.7319655787901299	0.038666322349981776	0.22936809885988826	
PARPBP	0.9766535382331066	0.012961004936715802	0.01038545683017756	
PARS2	0.056574352153293345	0.29152011578649306	0.6519055320602135	
PART1	0.9632554438828654	0.018372278058567258	0.018372278058567258	
PARVA	0.9038868140816753	0.07677472627465304	0.01933845964367173	
PARVB	0.8397553315009367	0.018934023116517703	0.14131064538254554	
PARVG	0.3325511804725152	0.017276041441321086	0.6501727780861638	
PASK	0.936299681351402	0.031850159324299	0.031850159324299	
PATJ	0.9756488308021485	0.012175584598925777	0.012175584598925777	
PATL1	0.5610077335863382	0.055879245775252766	0.3831130206384091	
PATL2	0.9602700836151039	0.01986495819244801	0.01986495819244801	
PATZ1	0.140606096740702	0.03385913497386161	0.8255347682854364	
PAWR	0.612313434040749	0.3783782023146997	0.009308363644551378	
PAX2	0.9642364657543182	0.017881767122840883	0.017881767122840883	
PAX8	0.9562248207513686	0.021887589624315678	0.021887589624315678	
PAXBP1	0.5920668228425434	0.39601148259072927	0.0119216945667273	
PAXBP1-AS1	0.9392035426815402	0.0303982286592299	0.0303982286592299	
PAXIP1	0.6132383060728757	0.37584934779227436	0.010912346134849904	
PAXIP1-AS2	0.9520518790917325	0.023974060454133705	0.023974060454133705	
PAXX	0.008122842585946897	0.27994192809369634	0.7119352293203567	
PBDC1	0.0165768187705589	0.0165768187705589	0.9668463624588822	
PBK	0.4113550153453763	0.39716609774381056	0.1914788869108132	
PBLD	0.6439470485314464	0.013730701854343934	0.34232224961420976	
PBRM1	0.9464411088013119	0.03085949350265002	0.02269939769603806	
PBX1	0.9667515323436915	0.016624233828154256	0.016624233828154256	
PBX2	0.018184766628930656	0.19719994160802462	0.7846152917630448	
PBX3	0.9523067404268992	0.023846629786550364	0.023846629786550364	
PBX4	0.8579178918480229	0.03411909177276622	0.10796301637921082	
PBXIP1	0.02313642322705361	0.02313642322705361	0.9537271535458928	
PC	0.8666976851082402	0.014218547602885018	0.11908376728887471	
PCA3	0.9682094096837341	0.01589529515813289	0.01589529515813289	
PCAT1	0.9800097217829191	0.009995139108540451	0.009995139108540451	
PCAT19	0.9669891962864856	0.016505401856757206	0.016505401856757206	
PCAT7	0.6849318032189459	0.017966578213603764	0.2971016185674504	
PCBD1	0.00996955364032651	0.00996955364032651	0.9800608927193469	
PCBD2	0.9052940416892037	0.07916891195407129	0.015537046356724907	
PCBP1	0.010930314896176192	0.07115350081924514	0.9179161842845787	
PCBP2	0.04355543635393501	0.04355543635393501	0.91288912729213	
PCBP3	0.979148964033248	0.010425517983375987	0.010425517983375987	
PCBP4	0.012271303119866309	0.012271303119866309	0.9754573937602674	
PCCA	0.9648130676118745	0.01759346619406278	0.01759346619406278	
PCCB	0.4520444354018048	0.301707214022077	0.24624835057611824	
PCDH1	0.3284887127875243	0.32258981314541646	0.3489214740670591	
PCDH10	0.7270700593555096	0.017689628035625283	0.255240312608865	
PCDH11X	0.474080568614079	0.5207633585291963	0.005156072856724716	
PCDH11Y	0.41839303854680493	0.5759049324193403	0.005702029033854854	
PCDH12	0.46028137181903933	0.010835576719554362	0.5288830514614064	
PCDH17	0.9731807551127911	0.013409622443604425	0.013409622443604425	
PCDH18	0.5713735454339792	0.01193542495024039	0.41669102961578036	
PCDH19	0.9736536997778783	0.013173150111060853	0.013173150111060853	
PCDH7	0.9804944490904417	0.009752775454779131	0.009752775454779131	
PCDH9	0.9805825242718447	0.009708737864077669	0.009708737864077669	
PCDHB13	0.637406145039015	0.02834169361578621	0.33425216134519875	
PCDHB15	0.27756474033691014	0.023139859497100394	0.6992954001659895	
PCDHB2	0.9035149554403846	0.04824252227980766	0.04824252227980766	
PCDHB4	0.2543387989658314	0.029395711164179383	0.7162654898699892	
PCED1A	0.022411034866938205	0.022411034866938205	0.9551779302661235	
PCED1B	0.9661180141444863	0.016940992927756818	0.016940992927756818	
PCF11	0.885008659854392	0.05749567007280393	0.05749567007280393	
PCGF1	0.011457458171163929	0.1279796115974578	0.8605629302313783	
PCGF2	0.5418633114747283	0.01050374529094314	0.4476329432343285	
PCGF3	0.7491119737765155	0.2253198772252753	0.025568148998209098	
PCGF5	0.9296493418027215	0.03517532909863919	0.03517532909863919	
PCGF6	0.7090894452748909	0.2774006511203341	0.013509903604774956	
PCID2	0.8921955120984122	0.053902243950793856	0.053902243950793856	
PCIF1	0.023712069212407722	0.023712069212407722	0.9525758615751845	
PCK2	0.2612529088548033	0.015086535612587245	0.7236605555326094	
PCLAF	0.007441367557846904	0.2859852077777555	0.7065734246643975	
PCLO	0.9787150372801873	0.010642481359906338	0.010642481359906338	
PCM1	0.9335736254391009	0.033213187280449495	0.033213187280449495	
PCMT1	0.09126237497967268	0.5159085263811171	0.39282909863921023	
PCMTD1	0.7755744883671691	0.18757555199354486	0.03684995963928586	
PCMTD2	0.6957810332137422	0.043369723109532445	0.2608492436767254	
PCNA	0.008066443138881867	0.38330967590612486	0.6086238809549932	
PCNP	0.025132575232100333	0.6010852425330897	0.3737821822348099	
PCNT	0.9457225087762429	0.03970886445046133	0.014568626773295684	
PCNX1	0.9609864521094625	0.01950677394526874	0.01950677394526874	
PCNX2	0.9750820126811753	0.012458993659412321	0.012458993659412321	
PCNX3	0.3919163097060204	0.2019096936091479	0.4061739966848318	
PCNX4	0.9683310518339973	0.015834474083001353	0.015834474083001353	
PCOLCE	0.038903483695629605	0.011236219949086851	0.9498602963552836	
PCOLCE-AS1	0.9568291002197725	0.0215854498901137	0.0215854498901137	
PCOLCE2	0.5302688874415545	0.27481117024265356	0.19491994231579185	
PCP4	0.09095528622258248	0.5383184179563064	0.37072629582111116	
PCP4L1	0.2093736759121473	0.5522290602429194	0.23839726384493326	
PCSK1	0.7463492952584263	0.01677583030942636	0.2368748744321472	
PCSK1N	0.007820779230507974	0.31973221114491424	0.6724470096245777	
PCSK4	0.49501615892858986	0.015854962562764367	0.4891288785086458	
PCSK5	0.9779231556138845	0.011038422193057717	0.011038422193057717	
PCSK6	0.630994956302749	0.36212204646155344	0.0068829972356975536	
PCSK7	0.6150673507932924	0.023652582196412978	0.3612800670102945	
PCTP	0.41243937041610756	0.3269045824156146	0.26065604716827784	
PCYOX1	0.061027350770380816	0.017923400713067184	0.921049248516552	
PCYOX1L	0.4115776751339336	0.020916762924467567	0.5675055619415987	
PCYT1A	0.10973497941870229	0.028832288004540255	0.8614327325767575	
PCYT2	0.007888417709265112	0.4510959156752985	0.5410156666154363	
PDAP1	0.01631952189550346	0.31756280077122145	0.6661176773332751	
PDCD10	0.3950731277960185	0.3990685933898564	0.20585827881412508	
PDCD11	0.8456697104507949	0.13083609591769285	0.023494193631512235	
PDCD1LG2	0.6521600441494337	0.19316396718490234	0.15467598866566384	
PDCD2	0.020482972533550425	0.020482972533550425	0.9590340549328992	
PDCD2L	0.4847604296698074	0.020249994026047435	0.4949895763041451	
PDCD4	0.26096286099556554	0.6312311740302671	0.1078059649741674	
PDCD4-AS1	0.025730566957019235	0.025730566957019235	0.9485388660859615	
PDCD5	0.019965606344353293	0.019965606344353293	0.9600687873112934	
PDCD6IP	0.8963334411507782	0.04903565516768535	0.05463090368153646	
PDCD7	0.20376953337906178	0.41514556680890696	0.38108489981203125	
PDCL	0.38486592617366805	0.2930841190012377	0.3220499548250942	
PDCL3	0.014038480416504703	0.21021165680581042	0.7757498627776849	
PDE10A	0.9805825242718447	0.009708737864077669	0.009708737864077669	
PDE12	0.36248632125788927	0.4338019054466795	0.20371177329543125	
PDE1A	0.9752394405325738	0.012380279733713086	0.012380279733713086	
PDE1B	0.5785196450608815	0.011725969517726467	0.40975438542139214	
PDE2A	0.694827479128828	0.014212012049412437	0.2909605088217595	
PDE3A	0.9802184031722977	0.009890798413851204	0.009890798413851204	
PDE3B	0.9782672397393863	0.010866380130306798	0.010866380130306798	
PDE4A	0.7669973208467257	0.014664545458247072	0.21833813369502716	
PDE4B	0.9687784797940322	0.015610760102983885	0.015610760102983885	
PDE4D	0.9770739210696826	0.013087987792400153	0.00983809113791731	
PDE4DIP	0.30379691060123803	0.44925775515303124	0.2469453342457308	
PDE5A	0.9680972273129131	0.0159513863435434	0.0159513863435434	
PDE6A	0.6887957123796248	0.29891998107502743	0.012284306545347788	
PDE6B	0.5530341158309078	0.01955555244075255	0.42741033172833975	
PDE6D	0.811424915384333	0.15035066445752818	0.038224420158138636	
PDE6G	0.17506233571223895	0.014694196156494704	0.8102434681312664	
PDE7A	0.9722436013795808	0.013878199310209623	0.013878199310209623	
PDE7B	0.9796259630965294	0.010187018451735275	0.010187018451735275	
PDE8A	0.9732814417371458	0.013359279131427065	0.013359279131427065	
PDE8B	0.6528979006409223	0.014802056120979979	0.3323000432380978	
PDE9A	0.9625204700975084	0.018739764951245755	0.018739764951245755	
PDGFA	0.29932376739931627	0.011042337937842088	0.6896338946628416	
PDGFB	0.5179076909215438	0.013251272356116603	0.4688410367223396	
PDGFC	0.9773082802164661	0.011345859891766957	0.011345859891766957	
PDGFD	0.7781046807640345	0.012588399171319407	0.2093069200646461	
PDGFRA	0.012068666818530466	0.012068666818530466	0.9758626663629391	
PDGFRB	0.47154025917555237	0.009945950274046975	0.5185137905504008	
PDGFRL	0.4428646363610128	0.42639096275345767	0.1307444008855294	
PDHA1	0.016669845918204893	0.5632884150951839	0.4200417389866111	
PDHB	0.021654119284902903	0.021654119284902903	0.9566917614301942	
PDHX	0.7287057130824626	0.24742668451963112	0.023867602397906355	
PDIA3	0.02471405576100276	0.4333040076312285	0.5419819366077688	
PDIA4	0.014465409987383444	0.2509125228500626	0.734622067162554	
PDIA5	0.7106672464598683	0.277050791390564	0.012281962149567605	
PDIA6	0.03295488804031136	0.2619299492266241	0.7051151627330645	
PDIK1L	0.7220655668109149	0.027335941942105313	0.25059849124697975	
PDK1	0.8959271844992462	0.09170500862687982	0.012367806873873887	
PDK2	0.018015709580007644	0.018015709580007644	0.9639685808399847	
PDK3	0.7333161274811343	0.2543955212921353	0.012288351226730432	
PDK4	0.01572462826591184	0.01572462826591184	0.9685507434681763	
PDLIM1	0.01614144843781502	0.01614144843781502	0.96771710312437	
PDLIM2	0.013139886079546335	0.013139886079546335	0.9737202278409073	
PDLIM3	0.45776204790970465	0.007772307444540807	0.5344656446457545	
PDLIM4	0.0179673490307793	0.0179673490307793	0.9640653019384414	
PDLIM5	0.6370814202685127	0.349443331187297	0.013475248544190245	
PDLIM7	0.5320631221068257	0.017409848054082872	0.4505270298390914	
PDP1	0.551195083987938	0.01555092861903085	0.43325398739303106	
PDP2	0.5579740460313358	0.42493599083157646	0.017089963137087733	
PDPK1	0.39234102975839613	0.5862872365105151	0.021371733731088752	
PDPN	0.4833777725770881	0.01191438558401212	0.5047078418388997	
PDPR	0.9164529977257246	0.04177350113713765	0.04177350113713765	
PDRG1	0.013265848742716206	0.17659146428804548	0.8101426869692383	
PDS5A	0.5107170931420545	0.47048739506452136	0.01879551179342416	
PDS5B	0.965384905538436	0.017307547230781976	0.017307547230781976	
PDSS1	0.9569119868424453	0.02154400657877735	0.02154400657877735	
PDSS2	0.8592180155504902	0.12657934006852198	0.014202644380987919	
PDXDC1	0.566954181626808	0.4195558277894869	0.013489990583705059	
PDXK	0.41482029482065813	0.5683845727519581	0.0167951324273838	
PDZD11	0.013055552308190162	0.013055552308190162	0.9738888953836197	
PDZD2	0.7043345733440701	0.2886918170188598	0.006973609637070001	
PDZD7	0.4039902150676475	0.5852009433773524	0.010808841555000089	
PDZD8	0.9666779932087	0.016661003395650017	0.016661003395650017	
PDZK1	0.718748523338124	0.025727074681329877	0.2555244019805461	
PDZK1IP1	0.009708737864077669	0.009708737864077669	0.9805825242718447	
PDZRN3	0.9771696946942988	0.011415152652850593	0.011415152652850593	
PDZRN4	0.9794196581190723	0.010290170940463845	0.010290170940463845	
PEA15	0.01109685453480359	0.12236051598290083	0.8665426294822955	
PEAK1	0.9746018149626373	0.01269909251868135	0.01269909251868135	
PEAK3	0.2762500281937898	0.020009039841051124	0.7037409319651591	
PEAR1	0.6387911951194892	0.010497526290090518	0.35071127859042034	
PEBP1	0.01094482787868777	0.2316560035773381	0.757399168543974	
PEBP4	0.8342737377933476	0.010686130782903893	0.1550401314237485	
PECAM1	0.15504031271763255	0.039673891623667246	0.8052857956587001	
PECR	0.8904928975817197	0.01843658819143028	0.09107051422684993	
PEF1	0.010942477195920997	0.33166209962238025	0.6573954231816987	
PEG10	0.5608207704131033	0.37664038450341725	0.06253884508347955	
PELI1	0.6094309925430511	0.022149493493855026	0.3684195139630938	
PELI2	0.9628847928186552	0.01855760359067234	0.01855760359067234	
PELI3	0.13044944085614313	0.013932306290378093	0.8556182528534788	
PELP1	0.5449359652667023	0.03182478794831522	0.4232392467849824	
PEMT	0.6215160444277478	0.01637233003420402	0.36211162553804815	
PEPD	0.04299153592089914	0.04299153592089914	0.9140169281582018	
PER1	0.08035443404860844	0.01535908536523273	0.9042864805861588	
PER2	0.8789208834300021	0.01781006288486163	0.10326905368513634	
PER3	0.9634467558594441	0.01827662207027795	0.01827662207027795	
PERP	0.008457077165498037	0.46486760404101074	0.526675318793491	
PES1	0.0312358195131789	0.0312358195131789	0.9375283609736421	
PEX1	0.8085965776884863	0.16938602396697894	0.022017398344534842	
PEX10	0.2546219071374712	0.3003256563202601	0.44505243654226884	
PEX11A	0.1585580232787943	0.04279281255790209	0.7986491641633036	
PEX11B	0.017171235630425594	0.017171235630425594	0.9656575287391488	
PEX11G	0.5191728808165773	0.014628528653049493	0.4661985905303732	
PEX12	0.014552400684295993	0.1381154765993515	0.8473321227163524	
PEX13	0.6575049648432585	0.32791345003865374	0.014581585118087749	
PEX14	0.6990547840632193	0.286632519702345	0.014312696234435665	
PEX16	0.01744909274647918	0.01744909274647918	0.9651018145070416	
PEX19	0.009738958282813523	0.15518996754580594	0.8350710741713806	
PEX2	0.03394715954628997	0.03394715954628997	0.93210568090742	
PEX3	0.48435292859711326	0.5019105534682743	0.013736517934612546	
PEX5	0.037620594674361116	0.037620594674361116	0.9247588106512779	
PEX6	0.2634456967531305	0.02166786155468292	0.7148864416921865	
PEX7	0.7099273575618995	0.2766132033230302	0.013459439115070384	
PFAS	0.3241982870620099	0.3171282170707614	0.35867349586722874	
PFDN1	0.0447367516505693	0.1716728940659818	0.7835903542834488	
PFDN2	0.01364270123088614	0.23837262112520058	0.7479846776439133	
PFDN4	0.44082036446115497	0.1981815649187342	0.3609980706201109	
PFDN6	0.013216692674067812	0.36098711446889026	0.6257961928570419	
PFKFB2	0.6074734415820822	0.021201221618675926	0.37132533679924196	
PFKFB3	0.6968343129894795	0.0211455347374919	0.28202015227302857	
PFKFB4	0.4736562278391952	0.5188650036178434	0.007478768542961316	
PFKL	0.016671557119493162	0.3952144203284863	0.5881140225520206	
PFKM	0.49231846067521123	0.02156615305783596	0.48611538626695283	
PFKP	0.36719216968914825	0.027963264666795218	0.6048445656440565	
PFN1	0.010781497616491791	0.21449995987644196	0.7747185425070663	
PFN2	0.016442355190396413	0.016442355190396413	0.9671152896192071	
PFN4	0.5646797674815881	0.021279164311245727	0.4140410682071662	
PGAM1	0.011868775978863816	0.0784272578897251	0.9097039661314111	
PGAM5	0.013384722382049038	0.24250905543210835	0.7441062221858427	
PGAP1	0.688060818601413	0.30392441369621265	0.008014767702374423	
PGAP2	0.40864265257038956	0.12747006642268743	0.463887281006923	
PGAP3	0.2366859517854417	0.3978589109642063	0.3654551372503522	
PGBD1	0.9572743803862706	0.021362809806864707	0.021362809806864707	
PGBD2	0.19372906084582503	0.5654636337389869	0.24080730541518808	
PGBD4	0.8234520365232116	0.02881856943852282	0.14772939403826543	
PGBD5	0.9727205346991014	0.013639732650449288	0.013639732650449288	
PGD	0.023114722053122837	0.023114722053122837	0.9537705558937543	
PGF	0.08145035619608956	0.604731072600477	0.31381857120343337	
PGGHG	0.01153757390594533	0.01153757390594533	0.9769248521881093	
PGGT1B	0.9614865983735322	0.0192567008132339	0.0192567008132339	
PGK1	0.034853878946552466	0.034853878946552466	0.930292242106895	
PGLS	0.016585894798255982	0.016585894798255982	0.966828210403488	
PGLYRP2	0.2921072413210638	0.009499258939100358	0.6983934997398358	
PGM1	0.1566468595184539	0.6028688635681403	0.24048427691340588	
PGM2	0.26696214161465587	0.5259630928261767	0.2070747655591675	
PGM2L1	0.9704290289633083	0.01478548551834583	0.01478548551834583	
PGM3	0.9399208951625495	0.043605827201377324	0.01647327763607311	
PGM5	0.8573817975710697	0.013098425593152455	0.12951977683577787	
PGP	0.17726853998270442	0.22881958144981315	0.5939118785674825	
PGPEP1	0.4012621042966491	0.4394591192974306	0.1592787764059202	
PGR	0.9659062575997277	0.017046871200136114	0.017046871200136114	
PGRMC1	0.00923554645823335	0.3296883447465207	0.6610761087952459	
PGRMC2	0.012500178592569806	0.5852550738885666	0.4022447475188636	
PGS1	0.7192830463290089	0.024314060781892178	0.256402892889099	
PHACTR1	0.9799949927391584	0.010002503630420828	0.010002503630420828	
PHACTR2	0.977500656835154	0.011249671582422995	0.011249671582422995	
PHACTR3	0.8123840678392416	0.008977481422397167	0.17863845073836135	
PHACTR4	0.9599105906332176	0.02004470468339119	0.02004470468339119	
PHAX	0.5636394146494184	0.2437797792309751	0.1925808061196066	
PHB2	0.013635047976381869	0.193083921852266	0.7932810301713521	
PHC1	0.35038809161542944	0.39316524960973326	0.25644665877483724	
PHC2	0.10097345216127003	0.05193202786478312	0.8470945199739468	
PHC3	0.9640893232615938	0.017955338369203096	0.017955338369203096	
PHETA1	0.1044638029283635	0.01516073810997542	0.8803754589616611	
PHETA2	0.1023451974787692	0.36476304256969383	0.5328917599515369	
PHEX	0.9778097870132206	0.011095106493389685	0.011095106493389685	
PHF1	0.30679685561740033	0.014224436821414456	0.6789787075611853	
PHF10	0.24377574357476775	0.250778730603729	0.5054455258215033	
PHF11	0.11448516485217608	0.06088174405056269	0.8246330910972612	
PHF12	0.940286663376371	0.029856668311814487	0.029856668311814487	
PHF13	0.04309994372551621	0.5443791489718284	0.4125209073026554	
PHF14	0.9663244945962292	0.01683775270188539	0.01683775270188539	
PHF19	0.4337292089195176	0.024240657115520033	0.5420301339649622	
PHF2	0.7821777341429902	0.09271197604961803	0.12511028980739186	
PHF20	0.9616108545139318	0.019194572743034096	0.019194572743034096	
PHF20L1	0.9603354553476453	0.01983227232617733	0.01983227232617733	
PHF21A	0.9556186387125494	0.02219068064372532	0.02219068064372532	
PHF23	0.01829678006266453	0.01829678006266453	0.9634064398746709	
PHF3	0.9531624492447541	0.023418775377622898	0.023418775377622898	
PHF5A	0.011253451686212446	0.33853921077094135	0.6502073375428461	
PHF6	0.9492121515064421	0.025393924246778894	0.025393924246778894	
PHF7	0.9526444290613807	0.023677785469309657	0.023677785469309657	
PHF8	0.7270073766011862	0.252071666577449	0.020920956821364793	
PHGDH	0.4932898020732232	0.2402164796837477	0.26649371824302903	
PHIP	0.7595071046368318	0.22758595130666784	0.012906944056500301	
PHKA1	0.9510740766667278	0.024462961666636036	0.024462961666636036	
PHKA2	0.42473344953574776	0.5624146846220873	0.01285186584216486	
PHKB	0.9463545930589802	0.02682270347050989	0.02682270347050989	
PHKG1	0.9680354910763159	0.01598225446184201	0.01598225446184201	
PHKG2	0.01637289240554162	0.45492556930756267	0.5287015382868956	
PHLDA1	0.13871121979215473	0.011787850958188404	0.8495009292496568	
PHLDA2	0.00850221967347355	0.6655138590293301	0.3259839212971964	
PHLDA3	0.008655179152008549	0.3683645417294896	0.6229802791185017	
PHLDB1	0.6249479466311036	0.009402948172195825	0.3656491051967004	
PHLDB2	0.5274241250479172	0.46424660239172716	0.008329272560355483	
PHLDB3	0.4776737866531185	0.22285877840953508	0.2994674349373464	
PHLPP1	0.5930111135647117	0.39903784441159	0.007951042023698288	
PHLPP2	0.9737672578359998	0.013116371082000084	0.013116371082000084	
PHOSPHO1	0.40301343963622677	0.3511600113417634	0.24582654902200984	
PHPT1	0.011371594840612828	0.2584833736597373	0.7301450314996499	
PHRF1	0.8189142455641364	0.1723828483302685	0.00870290610559514	
PHTF1	0.969481632275796	0.01525918386210201	0.01525918386210201	
PHTF2	0.9689942455653958	0.015502877217302102	0.015502877217302102	
PHYH	0.37726450181878146	0.06581557145257028	0.5569199267286483	
PHYHD1	0.42998052120571273	0.016159774368575602	0.5538597044257116	
PHYHIP	0.1042577809618634	0.01063585549085788	0.8851063635472788	
PHYHIPL	0.48487899761337877	0.40623966664891553	0.10888133573770564	
PHYKPL	0.8687390462307568	0.02794079157912668	0.10332016219011642	
PI15	0.5186002292403241	0.010344916596993225	0.47105485416268267	
PI4K2A	0.011601926670601068	0.011601926670601068	0.9767961466587979	
PI4K2B	0.6626323102583483	0.31354719919915813	0.0238204905424935	
PI4KA	0.41343873624079075	0.5667500483721588	0.019811215387050492	
PI4KB	0.07297357849832553	0.06337277027140613	0.8636536512302684	
PIAS1	0.9538746363920271	0.02306268180398645	0.02306268180398645	
PIAS2	0.9726144593318558	0.013692770334072114	0.013692770334072114	
PIAS3	0.022249760887769664	0.022249760887769664	0.9555004782244606	
PIAS4	0.5214161143414895	0.4357814511557133	0.04280243450279701	
PIBF1	0.9675829094605547	0.01620854526972262	0.01620854526972262	
PICALM	0.21635463809792985	0.7489714258467562	0.03467393605531382	
PICK1	0.14150797198025472	0.4786449456981791	0.3798470823215662	
PID1	0.9736320336982339	0.013183983150883012	0.013183983150883012	
PIDD1	0.29961156074774176	0.3758293727091492	0.32455906654310906	
PIEZO1	0.7110228428091407	0.01320072586811807	0.27577643132274116	
PIEZO2	0.9805825242718447	0.009708737864077669	0.009708737864077669	
PIF1	0.7258958535215575	0.01697260090035072	0.2571315455780918	
PIFO	0.16875938885864514	0.28831592747886553	0.5429246836624894	
PIGA	0.31695328984950827	0.32209711262260937	0.36094959752788247	
PIGB	0.9490026929178667	0.025498653541066667	0.025498653541066667	
PIGC	0.6385671912761796	0.037403809903329324	0.324028998820491	
PIGF	0.7740053133617103	0.022076034344626527	0.2039186522936631	
PIGG	0.8411039965395224	0.13585382570947108	0.023042177751006532	
PIGH	0.014693439423406158	0.3389277835768204	0.6463787769997734	
PIGK	0.9031047130575405	0.022165244436912968	0.07473004250554645	
PIGL	0.9510366978209494	0.0333655324692372	0.015597769709813374	
PIGN	0.852319007218632	0.13169038158718596	0.01599061119418201	
PIGO	0.2083837224054304	0.41169038339215985	0.37992589420240985	
PIGP	0.02011251697261493	0.02011251697261493	0.9597749660547701	
PIGQ	0.3282316662952097	0.013423291410843894	0.6583450422939463	
PIGR	0.14504415187046332	0.00838192007970134	0.8465739280498353	
PIGT	0.02098642781510128	0.02098642781510128	0.9580271443697974	
PIGU	0.935339146064537	0.03233042696773147	0.03233042696773147	
PIGV	0.12858513453034473	0.36689821122593025	0.504516654243725	
PIGW	0.013384799663968468	0.278454670194609	0.7081605301414226	
PIGX	0.9449170581161993	0.027541470941900324	0.027541470941900324	
PIGZ	0.7096650696432542	0.015088266737006747	0.27524666361973904	
PIH1D1	0.014475474494104884	0.3885476785474117	0.5969768469584833	
PIH1D2	0.9100687526843098	0.02490028620528514	0.0650309611104051	
PIK3AP1	0.8633065893930494	0.019088160445984225	0.11760525016096636	
PIK3C2A	0.830357255366576	0.15445468378186783	0.015188060851556058	
PIK3C2B	0.398577261890876	0.5898478155304052	0.011574922578718708	
PIK3C2G	0.6111531624971666	0.38129544884504823	0.007551388657785219	
PIK3C3	0.9588410475068144	0.020579476246592784	0.020579476246592784	
PIK3CA	0.9628716358897597	0.01856418205512014	0.01856418205512014	
PIK3CB	0.4376427669200693	0.5537347113380308	0.00862252174189985	
PIK3CD	0.8642705765495576	0.02512948086952479	0.11059994258091749	
PIK3CD-AS2	0.6634805315759796	0.01898450695853804	0.3175349614654822	
PIK3CG	0.815485128722766	0.021359178298938283	0.16315569297829563	
PIK3IP1	0.015175148314134803	0.015175148314134803	0.9696497033717304	
PIK3R1	0.9194655571723497	0.04026722141382511	0.04026722141382511	
PIK3R3	0.013314288081964614	0.013314288081964614	0.9733714238360708	
PIK3R4	0.9382556669494336	0.030872166525283157	0.030872166525283157	
PIK3R5	0.9434420460528788	0.023031788049791804	0.03352616589732927	
PIK3R6	0.9671220114711777	0.016438994264411116	0.016438994264411116	
PIKFYVE	0.9597054685529088	0.02014726572354557	0.02014726572354557	
PILRA	0.5491420331478128	0.018101912505797756	0.43275605434638936	
PIM1	0.014380316753209861	0.014380316753209861	0.9712393664935802	
PIM2	0.010790068268784595	0.010790068268784595	0.9784198634624308	
PIM3	0.007990504143882202	0.2364430101070927	0.7555664857490251	
PIN1	0.015960806676782943	0.015960806676782943	0.9680783866464341	
PIN4	0.9527188392640817	0.023640580367959095	0.023640580367959095	
PINK1	0.03075447576708521	0.31144900961484434	0.6577965146180703	
PINK1-AS	0.2736668368043448	0.0316325794701862	0.6947005837254691	
PINLYP	0.6157694832473685	0.02421984337421503	0.3600106733784164	
PIP4K2A	0.954905975289486	0.022547012355257003	0.022547012355257003	
PIP4K2B	0.3197695550283232	0.03912890075485925	0.6411015442168175	
PIP4K2C	0.010532480086603504	0.5038144864706342	0.4856530334427622	
PIP4P1	0.011636576189088305	0.26773655662927737	0.7206268671816343	
PIP4P2	0.9189682077695909	0.03279974958569903	0.048232042644710114	
PIP5K1A	0.33423496798004987	0.6516856569437949	0.014079375076155183	
PIP5K1B	0.6101465848305726	0.3830706913643355	0.006782723805091845	
PIP5K1C	0.7954874901067481	0.015076639272352244	0.18943587062089964	
PIP5KL1	0.2218679394983231	0.748906425478895	0.02922563502278194	
PIPOX	0.4675487434677891	0.3490362125980922	0.18341504393411867	
PIR	0.7428681216248908	0.13215163088524312	0.12498024748986614	
PISD	0.3884573338704072	0.5173707989235502	0.09417186720604254	
PITHD1	0.013724991601946221	0.29619663179143957	0.6900783766066142	
PITPNA	0.11227838976113232	0.5600724136862496	0.3276491965526179	
PITPNA-AS1	0.01168226946145489	0.2365201531420169	0.7517975773965282	
PITPNB	0.584939173138624	0.09424871008377209	0.3208121167776041	
PITPNC1	0.9743307018774607	0.012834649061269628	0.012834649061269628	
PITPNM1	0.015211531270507691	0.015211531270507691	0.9695769374589845	
PITPNM2	0.5652931230771825	0.31834450804909054	0.11636236887372696	
PITPNM3	0.8340447012874745	0.012222205115063936	0.15373309359746148	
PITRM1	0.34559188835516724	0.3379524133043358	0.3164556983404969	
PITX1	0.5180396809928685	0.01890111060113402	0.46305920840599746	
PITX2	0.9748651558742898	0.012567422062855087	0.012567422062855087	
PIWIL2	0.968196822371939	0.015901588814030452	0.015901588814030452	
PIWIL4	0.8109238607653737	0.013219072968089322	0.1758570662665369	
PJA1	0.008130993124596106	0.3649155193892066	0.6269534874861974	
PJA2	0.6408876019438975	0.07641194782688744	0.28270045022921503	
PJVK	0.9191844619432061	0.019127762763578703	0.061687775293215154	
PKD1	0.9108009845503309	0.01317669487684414	0.07602232057282493	
PKD2	0.9087023132520766	0.01790545617177896	0.0733922305761444	
PKD2L2	0.967161288421301	0.016419355789349475	0.016419355789349475	
PKDCC	0.5006987398539314	0.015887660841572167	0.48341359930449634	
PKHD1	0.9786337568565066	0.010683121571746688	0.010683121571746688	
PKIA	0.582802574455372	0.4077604153181643	0.009437010226463705	
PKIB	0.3246450766683016	0.5402775340462835	0.13507738928541477	
PKIG	0.45017968517805984	0.0225831695434372	0.527237145278503	
PKM	0.015751426214886673	0.15433954664129132	0.8299090271438221	
PKMYT1	0.37998349574201445	0.534529043161677	0.08548746109630856	
PKN1	0.030448201704013016	0.030448201704013016	0.939103596591974	
PKN2	0.9482352130478084	0.02588239347609574	0.02588239347609574	
PKN2-AS1	0.9736826820342971	0.016676895371303853	0.00964042259439898	
PKN3	0.46500546501925905	0.013130823943403983	0.521863711037337	
PKNOX1	0.8828580021062565	0.10394290986012804	0.013199088033615417	
PKNOX2	0.9759459051363101	0.012027047431844962	0.012027047431844962	
PKP2	0.3930470539088148	0.5999379221753837	0.007015023915801594	
PKP3	0.05559994315094612	0.499273322542479	0.4451267343065749	
PKP4	0.9644457808810647	0.017777109559467662	0.017777109559467662	
PLA1A	0.36864783510258475	0.01474951745035559	0.6166026474470596	
PLA2G10	0.12962520132247518	0.34522474311819334	0.5251500555593314	
PLA2G12A	0.06725962251943422	0.4298995506849548	0.502840826795611	
PLA2G15	0.03482909755871341	0.017868477379343533	0.947302425061943	
PLA2G2A	0.0508955836589611	0.009304945258245479	0.9397994710827934	
PLA2G4A	0.9216915397689198	0.014296585359496457	0.06401187487158375	
PLA2G4C	0.9667000461601004	0.016649976919949766	0.016649976919949766	
PLA2G4F	0.044847908394379174	0.42315421838765677	0.5319978732179641	
PLA2G5	0.6146624176224008	0.012702123375151775	0.3726354590024474	
PLA2G6	0.5626025792333544	0.08725190878103817	0.35014551198560734	
PLA2G7	0.6533862843191551	0.016791466202509896	0.329822249478335	
PLA2R1	0.9756453323940576	0.012177333802971207	0.012177333802971207	
PLAA	0.4775018361069743	0.49267175581038214	0.029826408082643474	
PLAC1	0.9781291328344134	0.010935433582793317	0.010935433582793317	
PLAC4	0.46135358758188283	0.5333655652375475	0.005280847180569777	
PLAC8	0.265019207041483	0.48882301289216773	0.24615778006634925	
PLAC9	0.21609534542037345	0.00915373365422315	0.7747509209254033	
PLAG1	0.6065180438722446	0.3862691306177013	0.007212825510054157	
PLAGL1	0.9690649515292451	0.015467524235377441	0.015467524235377441	
PLAGL2	0.35322518090216587	0.035025361743469076	0.611749457354365	
PLAT	0.42448537798786967	0.012157990864755233	0.5633566311473751	
PLAU	0.013309256081869583	0.013309256081869583	0.9733814878362608	
PLAUR	0.5482750649890207	0.01942689642149882	0.4322980385894804	
PLB1	0.9742765957623343	0.012861702118832873	0.012861702118832873	
PLBD1	0.18999467205486556	0.2684185037463989	0.5415868241987356	
PLBD1-AS1	0.5044521162073672	0.48421054168765193	0.011337342104980889	
PLBD2	0.49446385656425784	0.019496232264970242	0.4860399111707719	
PLCB1	0.9801843644816584	0.009907817759170818	0.009907817759170818	
PLCB2	0.3265408877172483	0.013920040750774222	0.6595390715319774	
PLCB3	0.2272702171628352	0.23178240201630765	0.5409473808208571	
PLCB4	0.9795187805406602	0.010240609729669886	0.010240609729669886	
PLCD1	0.12685840906092696	0.01600959163667778	0.8571319993023953	
PLCD3	0.37936398267815463	0.2781948827395483	0.34244113458229714	
PLCD4	0.5872141911826945	0.4019861766932586	0.010799632124046898	
PLCE1	0.9802913914852166	0.00985430425739169	0.00985430425739169	
PLCE1-AS1	0.06181261158080505	0.9287275833692734	0.009459805049921428	
PLCG1	0.2556830584997145	0.04893385099184613	0.6953830905084394	
PLCG2	0.02052546118292802	0.02052546118292802	0.9589490776341439	
PLCH1	0.9769573705381845	0.011521314730907714	0.011521314730907714	
PLCH2	0.5098812809467752	0.011438276143241046	0.4786804429099837	
PLCL1	0.9802108832659764	0.009894558367011799	0.009894558367011799	
PLCL2	0.4601342499309502	0.5337672509647184	0.006098499104331383	
PLCXD2	0.9642416459791746	0.01787917701041268	0.01787917701041268	
PLCXD3	0.7665793023266076	0.013081542854588811	0.2203391548188036	
PLD1	0.9728591483904175	0.013570425804791229	0.013570425804791229	
PLD2	0.08023276891664954	0.2571073657891148	0.6626598652942356	
PLD3	0.0521511869584932	0.0521511869584932	0.8956976260830136	
PLD6	0.01683208902684095	0.16214483628592438	0.8210230746872347	
PLEC	0.660008942471951	0.06651522098825134	0.27347583653979773	
PLEK	0.3071150164597668	0.017708242833447737	0.6751767407067855	
PLEK2	0.36304490395038325	0.01078071064245787	0.6261743854071589	
PLEKHA1	0.4159727743937438	0.49044519851261187	0.09358202709364422	
PLEKHA2	0.9355545898553905	0.0322227050723047	0.0322227050723047	
PLEKHA3	0.9683906227542594	0.015804688622870287	0.015804688622870287	
PLEKHA4	0.5747414307067144	0.01009906501298865	0.415159504280297	
PLEKHA5	0.9773569967250704	0.011321501637464806	0.011321501637464806	
PLEKHA6	0.4396721955442146	0.5548343946081796	0.0054934098476057385	
PLEKHA7	0.6813084065880831	0.3111427231397705	0.007548870272146402	
PLEKHA8	0.6551735545203053	0.3354041120189587	0.009422333460735862	
PLEKHB1	0.012980077731113919	0.012980077731113919	0.9740398445377721	
PLEKHB2	0.02641422965886797	0.30637697669808356	0.6672087936430485	
PLEKHF1	0.02274665564655477	0.36185954667406617	0.615393797679379	
PLEKHF2	0.32650392176235177	0.31120402098998357	0.3622920572476646	
PLEKHG1	0.9762321139615007	0.011883943019249648	0.011883943019249648	
PLEKHG2	0.6159686246391515	0.015131490861054529	0.368899884499794	
PLEKHG3	0.9661221826627239	0.016938908668638075	0.016938908668638075	
PLEKHG4	0.08775445464997726	0.030848605985009377	0.8813969393650134	
PLEKHG4B	0.5176723496843583	0.47678026727857503	0.005547383037066664	
PLEKHG5	0.6615449109673291	0.010986984307996312	0.3274681047246745	
PLEKHG6	0.19219910650636063	0.6615871781870492	0.14621371530659025	
PLEKHH1	0.40133410388606633	0.5293754498900474	0.06929044622388623	
PLEKHH2	0.9762285531710467	0.01188572341447663	0.01188572341447663	
PLEKHH3	0.5608587688754819	0.06211088186678059	0.3770303492577375	
PLEKHJ1	0.014314121786908524	0.07074241190767501	0.9149434663054165	
PLEKHM1	0.9724234166707045	0.013788291664647725	0.013788291664647725	
PLEKHM2	0.4768396304724136	0.024768204001156632	0.49839216552642984	
PLEKHM3	0.9772217960590346	0.011389101970482674	0.011389101970482674	
PLEKHN1	0.2855344140555488	0.2233045391986016	0.49116104674584965	
PLEKHO1	0.11485065016159185	0.01738646230889186	0.8677628875295162	
PLGLB1	0.016387185940750823	0.016387185940750823	0.9672256281184983	
PLGRKT	0.1902083764323473	0.6619804934656234	0.1478111301020294	
PLIN2	0.012695084778225793	0.5918850222853052	0.39541989293646906	
PLIN3	0.014795253669427593	0.510380425552113	0.4748243207784594	
PLIN5	0.3418523841833007	0.009504158934046226	0.6486434568826531	
PLK1	0.2653059033621963	0.37757127446484984	0.3571228221729538	
PLK2	0.23830879399523303	0.36170544769664537	0.39998575830812166	
PLK3	0.10581664028044253	0.011048409817772711	0.8831349499017848	
PLK4	0.6042842046065562	0.3878822251085949	0.00783357028484889	
PLLP	0.4471553823628605	0.009405029815821267	0.5434395878213182	
PLN	0.22078853268392568	0.009586019971494355	0.7696254473445799	
PLOD1	0.5259092963954701	0.016466807235767943	0.45762389636876194	
PLOD2	0.8425600232952594	0.14160822195453143	0.015831754750209155	
PLOD3	0.304499061181027	0.2663460571982402	0.4291548816207328	
PLP2	0.010272867141368573	0.010272867141368573	0.9794542657172628	
PLPBP	0.028245516143013405	0.028245516143013405	0.9435089677139732	
PLPP1	0.8749850146210977	0.023311259975022928	0.10170372540387945	
PLPP2	0.006307032099211787	0.35668272588039773	0.6370102420203905	
PLPP3	0.6425657441674003	0.04555381998014969	0.3118804358524499	
PLPP4	0.9725758848042446	0.013712057597877698	0.013712057597877698	
PLPP5	0.11073368926797066	0.12502901795043245	0.7642372927815969	
PLPP6	0.008162243743308047	0.35974578858645945	0.6320919676702325	
PLPP7	0.4108328927980847	0.5380853024721943	0.05108180472972085	
PLPPR2	0.07289634385068153	0.0117191551058399	0.9153845010434785	
PLPPR3	0.5009161275379639	0.4654382080371584	0.03364566442487765	
PLPPR4	0.9634411484224007	0.018279425788799663	0.018279425788799663	
PLRG1	0.0362988884126584	0.2590399440085469	0.7046611675787946	
PLS1	0.8051100087271532	0.011686303318620169	0.18320368795422656	
PLS3	0.23538521693363412	0.05247093002009975	0.712143853046266	
PLSCR1	0.4913648631965016	0.023587249064390275	0.4850478877391082	
PLSCR4	0.6624962997624894	0.014532105434655825	0.3229715948028547	
PLTP	0.013874792331311088	0.013874792331311088	0.9722504153373778	
PLVAP	0.0167386032303993	0.0167386032303993	0.9665227935392013	
PLXDC1	0.9180782927799308	0.018996304342544627	0.0629254028775246	
PLXDC2	0.9785622749498637	0.010718862525068127	0.010718862525068127	
PLXNA1	0.7252466268260557	0.0196889143417603	0.25506445883218404	
PLXNA2	0.9786794768599735	0.010660261570013242	0.010660261570013242	
PLXNA3	0.6509557325502818	0.01421546366073181	0.33482880378898633	
PLXNA4	0.9785942402435547	0.010702879878222675	0.010702879878222675	
PLXNB1	0.3620963045608757	0.20712417909486106	0.4307795163442632	
PLXNB2	0.43209842945881866	0.01173519171775179	0.5561663788234296	
PLXNC1	0.9670761898702592	0.016461905064870372	0.016461905064870372	
PLXND1	0.41814245923308885	0.023541929046431254	0.5583156117204799	
PM20D2	0.9100709707125744	0.044964514643712775	0.044964514643712775	
PMAIP1	0.11107108006397748	0.23325569985373276	0.6556732200822898	
PMEL	0.31817917511688154	0.3313590071194687	0.3504618177636498	
PMEPA1	0.4923906102949914	0.007707785353441581	0.499901604351567	
PMFBP1	0.9664349925866498	0.016782503706675084	0.016782503706675084	
PML	0.43746046237208847	0.02626504722458462	0.5362744904033269	
PMM1	0.01283829391461786	0.20708913328345185	0.7800725728019302	
PMM2	0.7438870683751323	0.24014737203694178	0.01596555958792593	
PMP22	0.22216341468378709	0.022956600879065148	0.7548799844371478	
PMPCA	0.03422575514102	0.4014521463919091	0.5643220984670709	
PMPCB	0.45459128927033293	0.17527605290715953	0.3701326578225076	
PMS1	0.9627219675396651	0.018639016230167425	0.018639016230167425	
PMS2	0.9613757170898805	0.019312141455059766	0.019312141455059766	
PMVK	0.013713592189586779	0.08302458501261657	0.9032618227977967	
PNCK	0.3376261808338801	0.42545468941846987	0.2369191297476501	
PNISR	0.8622964401592516	0.06885177992037415	0.06885177992037415	
PNKD	0.017958206524981132	0.3645320244622404	0.6175097690127785	
PNKP	0.4960487049301295	0.1613360408461478	0.3426152542237227	
PNMA1	0.010975108753466247	0.010975108753466247	0.9780497824930675	
PNMA2	0.1494448475002876	0.01572873271589433	0.8348264197838181	
PNN	0.36291861904928896	0.06664209187387977	0.5704392890768313	
PNO1	0.3263354883613449	0.22901467198378458	0.4446498396548704	
PNP	0.0114133110074833	0.27518017901561764	0.713406509976899	
PNPLA2	0.017206338613823393	0.017206338613823393	0.9655873227723532	
PNPLA4	0.01548393105948346	0.01548393105948346	0.969032137881033	
PNPLA6	0.32536573831501425	0.022635153871187936	0.6519991078137979	
PNPLA7	0.9765873979383388	0.011706301030830557	0.011706301030830557	
PNPLA8	0.4523344411166126	0.524573715189249	0.023091843694138338	
PNPO	0.014434934547695896	0.014434934547695896	0.9711301309046082	
PNPT1	0.9721667752261274	0.01391661238693628	0.01391661238693628	
PNRC1	0.025050611797947764	0.025050611797947764	0.9498987764041045	
PNRC2	0.015251036974438414	0.16328414518621212	0.8214648178393494	
POC1A	0.3847635242597119	0.6051568083853395	0.010079667354948606	
POC1B	0.9558737019306052	0.022063149034697405	0.022063149034697405	
POC1B-AS1	0.9709684648481822	0.01451576757590887	0.01451576757590887	
POC5	0.7626108539543924	0.20973932500480466	0.027649821040802894	
PODN	0.2275725265701853	0.009958340958150208	0.7624691324716645	
PODNL1	0.641765850162463	0.024340877950441032	0.33389327188709594	
PODXL	0.4922528783064479	0.010494559968505509	0.49725256172504656	
PODXL2	0.3718121563846744	0.049591477722007324	0.5785963658933182	
POF1B	0.15498944601199355	0.5981951156179984	0.2468154383700079	
POFUT1	0.5613646393100292	0.03170136968086646	0.4069339910091044	
POFUT2	0.6445737894940012	0.01836587438209591	0.33706033612390274	
POGK	0.3727655946451272	0.03634995225381225	0.5908844531010605	
POGLUT1	0.9373928760307121	0.03130356198464391	0.03130356198464391	
POGZ	0.9211842969615935	0.03940785151920328	0.03940785151920328	
POLA1	0.7893910833293903	0.2010924772390128	0.009516439431596782	
POLB	0.4565522174938181	0.03613075448085222	0.5073170280253296	
POLD1	0.45497201214543787	0.15591788629905834	0.3891101015555038	
POLD2	0.02322565912926994	0.02322565912926994	0.9535486817414601	
POLD3	0.6163039188471354	0.36979059371479117	0.013905487438073363	
POLD4	0.02245930616054899	0.02245930616054899	0.9550813876789019	
POLDIP2	0.012992512170590076	0.23643428620550525	0.7505732016239046	
POLE	0.8587665148426864	0.11561702777287201	0.025616457384441592	
POLE2	0.7679770056478603	0.22098130960521026	0.011041684746929415	
POLE3	0.01233363271330445	0.14119928657437092	0.8464670807123247	
POLE4	0.15326850940878217	0.21155322694163503	0.6351782636495827	
POLG	0.5798710662736063	0.15124499157167967	0.2688839421547141	
POLG2	0.9620729075892883	0.018963546205355845	0.018963546205355845	
POLH	0.9606831035434775	0.01965844822826124	0.01965844822826124	
POLI	0.5422964654057199	0.4436660813818839	0.014037453212396347	
POLK	0.9763486378967765	0.011825681051611721	0.011825681051611721	
POLL	0.3386239785973838	0.07293070377737382	0.5884453176252424	
POLM	0.3754172868367515	0.09414837527075777	0.5304343378924907	
POLN	0.858439575081637	0.0659931470943574	0.0755672778240056	
POLQ	0.5350697766165213	0.45956593333923956	0.005364290044239139	
POLR1A	0.9652382140700777	0.017380892964961123	0.017380892964961123	
POLR1B	0.9475030951342961	0.026248452432851923	0.026248452432851923	
POLR1C	0.7454503157069099	0.05377489443943497	0.2007747898536551	
POLR1D	0.028285211737903455	0.40822916923535624	0.5634856190267404	
POLR1E	0.02806118298045746	0.02806118298045746	0.943877634039085	
POLR2A	0.8404300006023376	0.009095995283182012	0.15047400411448036	
POLR2B	0.40667374865759703	0.13061523091301047	0.4627110204293924	
POLR2C	0.013350544027307336	0.2463092352759136	0.740340220696779	
POLR2D	0.2872155993177756	0.2742844883862184	0.438499912296006	
POLR2E	0.014187433736098074	0.10155714723725053	0.8842554190266514	
POLR2F	0.049869697851974724	0.450347571357579	0.4997827307904462	
POLR2G	0.013687191975315488	0.013687191975315488	0.972625616049369	
POLR2H	0.015037530842880639	0.3187835719751227	0.6661788971819966	
POLR2I	0.009301999464954299	0.07251288867191882	0.9181851118631269	
POLR2J	0.011414910325270311	0.10965291252063915	0.8789321771540906	
POLR2K	0.011409433821386643	0.011409433821386643	0.9771811323572267	
POLR2L	0.01023573915259204	0.01023573915259204	0.9795285216948159	
POLR2M	0.022289765247427106	0.022289765247427106	0.9554204695051457	
POLR3A	0.9651530992913588	0.01742345035432057	0.01742345035432057	
POLR3B	0.588225067157956	0.40163655180954655	0.01013838103249735	
POLR3C	0.9410309266270007	0.029484536686499606	0.029484536686499606	
POLR3D	0.9530385257237947	0.023480737138102642	0.023480737138102642	
POLR3E	0.7646042209713391	0.15345961694947174	0.0819361620791892	
POLR3F	0.7390798502392922	0.15725319619000294	0.10366695357070485	
POLR3G	0.9622910027154437	0.018854498642278176	0.018854498642278176	
POLR3GL	0.010168180304118316	0.010168180304118316	0.9796636393917634	
POLR3H	0.3445857517838094	0.3373958054052975	0.31801844281089303	
POLR3K	0.01864438491033963	0.18436241414452204	0.7969932009451383	
POLRMT	0.2646132313449205	0.019749366988150732	0.7156374016669288	
POM121	0.8547150534976028	0.12245853044843054	0.02282641605396669	
POM121C	0.9232149496189953	0.0383925251905023	0.0383925251905023	
POMC	0.06311519033158376	0.020466581544735466	0.9164182281236808	
POMGNT1	0.023142005463370932	0.1706159383466648	0.8062420561899643	
POMGNT2	0.16245289628365764	0.018140622923650263	0.8194064807926921	
POMK	0.9364491050598481	0.04380331160990594	0.019747583330245868	
POMP	0.01749827678530985	0.21014709432025158	0.7723546288944386	
POMT1	0.7969122819351069	0.01949267479729259	0.18359504326760046	
POMT2	0.708531411047605	0.27896396221838315	0.012504626734011943	
POMZP3	0.5675530550684141	0.1374155613416112	0.2950313835899746	
PON2	0.6219676459511653	0.030742522940589823	0.34728983110824485	
PON3	0.711340284213974	0.014627524653246833	0.2740321911327791	
POP1	0.9665679315905075	0.01671603420474628	0.01671603420474628	
POP4	0.050523139242209254	0.016697498017495833	0.9327793627402948	
POP5	0.014756701228972787	0.014756701228972787	0.9704865975420544	
POP7	0.007697170408104888	0.2910118412969982	0.7012909882948969	
POPDC2	0.31863613315908007	0.010463804169126947	0.6709000626717929	
POPDC3	0.7432286556239	0.01595616023556215	0.24081518414053785	
POR	0.03861123386767467	0.7290604500372685	0.23232831609505686	
PORCN	0.09727903162633571	0.012891548263757418	0.889829420109907	
POSTN	0.9278830286716897	0.00962036147471023	0.06249660985360015	
POT1	0.966755857648083	0.016622071175958496	0.016622071175958496	
POT1-AS1	0.9787895894347569	0.010605205282621523	0.010605205282621523	
POU2F1	0.7064375209514332	0.28469531157208106	0.00886716747648567	
POU2F2	0.9626151432216913	0.018692428389154362	0.018692428389154362	
POU2F3	0.27029131600666106	0.6059231720456448	0.12378551194769406	
POU5F1	0.22481377150747198	0.013066906596778378	0.7621193218957497	
POU6F1	0.7339126418940494	0.01172514045598566	0.254362217649965	
POU6F2	0.9766418829005086	0.011679058549745722	0.011679058549745722	
PPA1	0.02383241173090069	0.02383241173090069	0.9523351765381985	
PPA2	0.9670644090308476	0.016467795484576178	0.016467795484576178	
PPARA	0.971325579529719	0.01433721023514051	0.01433721023514051	
PPARD	0.4708639626393831	0.47927174012863216	0.04986429723198483	
PPARG	0.5056110290985291	0.48774147874694757	0.006647492154523277	
PPARGC1A	0.9758298155808249	0.012085092209587514	0.012085092209587514	
PPARGC1B	0.9778961471403695	0.011051926429815201	0.011051926429815201	
PPAT	0.4926090097779987	0.4950940773068279	0.01229691291517333	
PPCDC	0.9617255317375812	0.019137234131209376	0.019137234131209376	
PPCS	0.012529554018909528	0.3624417036708147	0.6250287423102758	
PPDPF	0.012622091982439475	0.012622091982439475	0.9747558160351211	
PPFIA1	0.9520286931392327	0.023985653430383676	0.023985653430383676	
PPFIA2	0.9792523695838466	0.01037381520807666	0.01037381520807666	
PPFIA3	0.5573957431745771	0.012696177505900864	0.42990807931952213	
PPFIA4	0.9751199941522666	0.012440002923866714	0.012440002923866714	
PPFIBP1	0.9430179403488865	0.028491029825556735	0.028491029825556735	
PPFIBP2	0.9671047916482586	0.016447604175870715	0.016447604175870715	
PPHLN1	0.8434254753705961	0.12075693033676703	0.035817594292636805	
PPIA	0.016674554172439314	0.21390963953804962	0.7694158062895111	
PPIB	0.018707536975913062	0.018707536975913062	0.9625849260481738	
PPIC	0.016693338038622604	0.016693338038622604	0.9666133239227548	
PPID	0.04133206960211674	0.3297052167962976	0.6289627136015857	
PPIE	0.03343338914362516	0.03321374069735683	0.9333528701590179	
PPIF	0.012318033587696684	0.10983256793162324	0.8778493984806801	
PPIG	0.6699275613378635	0.2934321271099922	0.036640311552144415	
PPIH	0.07875919983665992	0.4037080282979961	0.517532771865344	
PPIL1	0.01696980929267695	0.01696980929267695	0.9660603814146461	
PPIL2	0.26931286942089194	0.5250158296452615	0.2056713009338465	
PPIL3	0.4530165219121449	0.06187079909979153	0.4851126789880636	
PPIL4	0.6215622458190866	0.3451913762417395	0.03324637793917394	
PPIL6	0.9682845629360062	0.015857718531996887	0.015857718531996887	
PPIP5K1	0.452774022953149	0.42396707849108456	0.12325889855576638	
PPIP5K2	0.941603142215469	0.029198428892265458	0.029198428892265458	
PPL	0.681097239195312	0.011169695770890555	0.30773306503379755	
PPM1A	0.8942381254011164	0.052880937299441766	0.052880937299441766	
PPM1B	0.011475428108645635	0.011475428108645635	0.9770491437827087	
PPM1D	0.9170346017345309	0.06960708499144173	0.013358313274027324	
PPM1F	0.6554107559047102	0.020196310023608666	0.3243929340716812	
PPM1G	0.01875774356570371	0.4086874697271272	0.5725547867071691	
PPM1H	0.9775018804736142	0.01124905976319289	0.01124905976319289	
PPM1J	0.026345950784712104	0.5885231900498761	0.38513085916541173	
PPM1K	0.9688999927950243	0.015550003602487837	0.015550003602487837	
PPM1L	0.9761542127322583	0.01192289363387084	0.01192289363387084	
PPM1M	0.011636834344200953	0.011636834344200953	0.976726331311598	
PPM1N	0.5581065990367742	0.029691425502723214	0.4122019754605025	
PPME1	0.3681218242860801	0.5820854444697149	0.049792731244205045	
PPOX	0.3671775264172499	0.016913826777131713	0.6159086468056184	
PPP1CA	0.014180845625178276	0.26180344114997256	0.7240157132248493	
PPP1CB	0.0230858673593221	0.6592731462482548	0.31764098639242294	
PPP1CC	0.02304465577904642	0.3163947799864125	0.6605605642345409	
PPP1R10	0.9028921812845874	0.021182972199646825	0.0759248465157658	
PPP1R11	0.02816800502109351	0.09918651394328694	0.8726454810356196	
PPP1R12A	0.937183343236433	0.031408328381783444	0.031408328381783444	
PPP1R12B	0.643052359137511	0.3464345658251698	0.010513075037319195	
PPP1R12C	0.08921804007735439	0.03828189834838887	0.8725000615742569	
PPP1R13B	0.9765007140887152	0.011749642955642375	0.011749642955642375	
PPP1R13L	0.3293298971469731	0.4845925929241894	0.18607750992883745	
PPP1R14A	0.09661349758715848	0.009348808772247861	0.8940376936405937	
PPP1R14B	0.0063665849632020995	0.3506083337533858	0.6430250812834121	
PPP1R14C	0.6332928075410201	0.009540716378767258	0.3571664760802125	
PPP1R15A	0.017202649135363502	0.017202649135363502	0.965594701729273	
PPP1R15B	0.015141522921570357	0.5276899330152195	0.45716854406321	
PPP1R16A	0.3398679053222813	0.07370180626824811	0.5864302884094705	
PPP1R16B	0.9654388215990038	0.01728058920049805	0.01728058920049805	
PPP1R18	0.014213754174024203	0.014213754174024203	0.9715724916519516	
PPP1R1C	0.4770661771361176	0.5175491985205296	0.005384624343352758	
PPP1R2	0.16982192460594972	0.03423947809523151	0.7959385972988188	
PPP1R21	0.9508134588943343	0.02459327055283279	0.02459327055283279	
PPP1R26	0.40108504966412883	0.015898640254589598	0.5830163100812815	
PPP1R26-AS1	0.9707094008487763	0.014645299575611805	0.014645299575611805	
PPP1R32	0.21743390449616168	0.019896020746717653	0.7626700747571207	
PPP1R35	0.14228927944141817	0.24386161198526865	0.6138491085733131	
PPP1R36	0.6070642342179216	0.1395192852466959	0.2534164805353825	
PPP1R3B	0.3038318285949596	0.24409015856092428	0.4520780128441161	
PPP1R3C	0.43215501424844904	0.008582625485192173	0.5592623602663588	
PPP1R3D	0.014260879472224555	0.26485867319259393	0.7208804473351815	
PPP1R3E	0.16355230087746664	0.020284782928242623	0.8161629161942907	
PPP1R3F	0.9630022049238065	0.01849889753809675	0.01849889753809675	
PPP1R3G	0.037195791689907345	0.02743080510956549	0.9353734032005272	
PPP1R7	0.02281764470534953	0.02281764470534953	0.954364710589301	
PPP1R8	0.02124964074565635	0.36664052522414975	0.6121098340301939	
PPP1R9A	0.8654772066748786	0.12595371207091474	0.00856908125420672	
PPP1R9B	0.0184286635676802	0.0184286635676802	0.9631426728646396	
PPP2CB	0.05726739465081015	0.05726739465081015	0.8854652106983798	
PPP2R1A	0.03521815036625896	0.20234252543262152	0.7624393242011195	
PPP2R1B	0.9343783917162302	0.02532735360054556	0.04029425468322425	
PPP2R2A	0.7124858906727671	0.2685034900176934	0.019010619309539425	
PPP2R2B	0.8659321554716868	0.12546061999620112	0.008607224532111997	
PPP2R2D	0.9788607461318616	0.010569626934069211	0.010569626934069211	
PPP2R3A	0.6592180451759859	0.33366027688093647	0.007121677943077629	
PPP2R3C	0.9613788152868402	0.019310592356579878	0.019310592356579878	
PPP2R5A	0.6821087681710771	0.03742202686886607	0.28046920496005684	
PPP2R5B	0.240620206463968	0.01548395665741185	0.74389583687862	
PPP2R5C	0.7949478780636732	0.10252606096816345	0.10252606096816345	
PPP2R5D	0.09037348731884266	0.030601553858942164	0.8790249588222151	
PPP2R5E	0.9433599481210673	0.03335588511196899	0.0232841667669637	
PPP3CA	0.9597072755306738	0.02014636223466309	0.02014636223466309	
PPP3CB	0.913679838141306	0.04316008092934693	0.04316008092934693	
PPP3CC	0.9401755270505701	0.029912236474714932	0.029912236474714932	
PPP4C	0.014485232306267727	0.3012225036096891	0.6842922640840431	
PPP4R1	0.4711110971653587	0.49264760745344216	0.03624129538119913	
PPP4R2	0.4917184083372059	0.49024651510526873	0.01803507655752544	
PPP4R3A	0.5403486024585145	0.4350161742260421	0.024635223315443426	
PPP4R3B	0.6491456672789206	0.30601905276326924	0.04483527995781015	
PPP5C	0.5094466557289623	0.1146133843967653	0.3759399598742724	
PPP6C	0.3353572569838905	0.4158212155002594	0.24882152751585007	
PPP6R1	0.03194622389654883	0.03194622389654883	0.9361075522069022	
PPP6R2	0.7174845072161453	0.25487879645616285	0.027636696327691716	
PPP6R3	0.47380653006101126	0.5013166231633668	0.024876846775621925	
PPRC1	0.45388455537235295	0.031065257151017246	0.5150501874766299	
PPT1	0.017512638369086165	0.017512638369086165	0.9649747232618276	
PPT2	0.010384451938109027	0.010384451938109027	0.9792310961237819	
PPTC7	0.4851404284823727	0.024432430151152283	0.4904271413664751	
PPWD1	0.5645712810615157	0.19767017325785202	0.2377585456806323	
PQBP1	0.018738146104468886	0.018738146104468886	0.9625237077910622	
PRADC1	0.010300215711883552	0.010300215711883552	0.9793995685762329	
PRAG1	0.7402364733425936	0.16343207887556682	0.09633144778183957	
PRAM1	0.6443362644823326	0.01175533724742395	0.3439083982702434	
PRC1	0.012516870915030584	0.8115212211341362	0.17596190795083316	
PRCC	0.024861460628101347	0.5514007289183206	0.42373781045357817	
PRCD	0.9551115765498095	0.022444211725095226	0.022444211725095226	
PRCP	0.044409654295785674	0.044409654295785674	0.9111806914084287	
PRDM1	0.7102976265186932	0.019939456579070376	0.26976291690223647	
PRDM10	0.7555951640217035	0.23025719958298665	0.014147636395309833	
PRDM11	0.9716610593143602	0.014169470342819864	0.014169470342819864	
PRDM15	0.9701630760786395	0.014918461960680248	0.014918461960680248	
PRDM2	0.9439254832108446	0.028037258394577682	0.028037258394577682	
PRDM4	0.8365895983140678	0.04130539707301987	0.12210500461291234	
PRDM5	0.9780344059578492	0.010982797021075404	0.010982797021075404	
PRDM6	0.9762979738775497	0.011851013061225166	0.011851013061225166	
PRDM8	0.6098039621170214	0.016187121394552608	0.37400891648842605	
PRDX1	0.010898216464030708	0.3474257126732999	0.6416760708626693	
PRDX3	0.015001579592255778	0.2686184859836133	0.716379934424131	
PRDX4	0.010718348992254607	0.3955664588725235	0.593715192135222	
PRDX5	0.008622721392805314	0.2661410142305568	0.7252362643766378	
PRDX6	0.010910333621473709	0.5166047270328376	0.47248493934568875	
PREB	0.010587800124053165	0.17462972950208044	0.8147824703738664	
PRELID1	0.008773299905815475	0.17269657323795326	0.8185301268562314	
PRELID2	0.9804386956492436	0.009780652175378211	0.009780652175378211	
PRELID3A	0.9562443712431992	0.021877814378400383	0.021877814378400383	
PRELID3B	0.010372414853396364	0.42845578649304317	0.5611717986535605	
PRELP	0.053571360122341476	0.009278712155663319	0.9371499277219951	
PREP	0.9552732975648264	0.02236335121758682	0.02236335121758682	
PREPL	0.7949860651693809	0.0407652237182024	0.16424871111241668	
PREX1	0.9609931186361057	0.019503440681947135	0.019503440681947135	
PREX2	0.9767760830532023	0.011611958473398852	0.011611958473398852	
PRF1	0.009708737864077669	0.009708737864077669	0.9805825242718447	
PRG4	0.5468952973354222	0.009503131990680338	0.44360157067389744	
PRH1	0.9717245016568334	0.014137749171583268	0.014137749171583268	
PRICKLE1	0.9786639994711083	0.010668000264445875	0.010668000264445875	
PRICKLE2	0.9777801165900212	0.011109941704989428	0.011109941704989428	
PRICKLE3	0.23958535352324045	0.40115653460002115	0.3592581118767383	
PRIM1	0.7131440385378146	0.08964618226010934	0.19720977920207602	
PRIM2	0.7434073545988056	0.24617881465123218	0.010413830749962239	
PRIMA1	0.7100259712363857	0.019609118450230497	0.27036491031338394	
PRIMPOL	0.9599414314356435	0.020029284282178227	0.020029284282178227	
PRKAA1	0.6401339282986243	0.05167748956888764	0.308188582132488	
PRKAA2	0.9737364795290434	0.013131760235478289	0.013131760235478289	
PRKAB1	0.02243278591952619	0.02243278591952619	0.9551344281609476	
PRKAB2	0.29903437139658906	0.28397121320669894	0.4169944153967121	
PRKACA	0.30251855165057456	0.028000150603622247	0.6694812977458032	
PRKACB	0.9718408757017319	0.014079562149134025	0.014079562149134025	
PRKAG2	0.518831121202778	0.47151140798122626	0.009657470815995784	
PRKAR1A	0.032813091273053506	0.032813091273053506	0.9343738174538929	
PRKAR1B	0.9627602847522596	0.018619857623870174	0.018619857623870174	
PRKAR2A	0.9700781622176333	0.014960918891183332	0.014960918891183332	
PRKAR2B	0.9673808522206023	0.016309573889698795	0.016309573889698795	
PRKCA	0.9773589081426104	0.011320545928694796	0.011320545928694796	
PRKCB	0.9729883825705847	0.013505808714707633	0.013505808714707633	
PRKCD	0.024653487977151712	0.024653487977151712	0.9506930240456966	
PRKCE	0.977311051601102	0.011344474199448971	0.011344474199448971	
PRKCH	0.9691554474974664	0.015422276251266766	0.015422276251266766	
PRKCI	0.8755597481241278	0.1026797626885859	0.021760489187286236	
PRKCQ	0.9695114238496374	0.015244288075181285	0.015244288075181285	
PRKCSH	0.014119257139795643	0.3531527136941904	0.632728029166014	
PRKCZ	0.386963903957203	0.6062670234234738	0.006769072619323203	
PRKCZ-AS1	0.0281926211733094	0.10752996961816388	0.8642774092085268	
PRKD1	0.980225377723388	0.009887311138305988	0.009887311138305988	
PRKD2	0.5446330975429714	0.03184022836696404	0.42352667409006456	
PRKD3	0.9409565724357565	0.02952171378212171	0.02952171378212171	
PRKDC	0.6364943828173748	0.34713647444295487	0.016369142739670377	
PRKG1	0.9805825242718447	0.009708737864077669	0.009708737864077669	
PRKG1-AS1	0.9561830611087704	0.021908469445614767	0.021908469445614767	
PRKN	0.9805825242718447	0.009708737864077669	0.009708737864077669	
PRKRA	0.9025396369229931	0.04873018153850342	0.04873018153850342	
PRKRIP1	0.7508111852139105	0.23185642598865863	0.017332388797430782	
PRKX	0.7793008178830946	0.012925760003398852	0.20777342211350655	
PRL	0.5610315070087316	0.024333981640112107	0.41463451135115625	
PRLR	0.9684019352111268	0.013467365330541206	0.018130699458331963	
PRMT1	0.020223516088842007	0.30149626132790663	0.6782802225832513	
PRMT2	0.6889331671739037	0.05616145526264899	0.2549053775634472	
PRMT3	0.7023964510784546	0.28192458072011806	0.01567896820142728	
PRMT5	0.014962183696667186	0.3437282416784346	0.6413095746248981	
PRMT5-AS1	0.8928812192640068	0.053559390367996576	0.053559390367996576	
PRMT6	0.014717687365438464	0.4225010403690816	0.56278127226548	
PRMT7	0.9552845165238218	0.022357741738089063	0.022357741738089063	
PRMT9	0.9651637523263383	0.017418123836830827	0.017418123836830827	
PRNP	0.013619930602327428	0.013619930602327428	0.9727601387953452	
PROCA1	0.8912213170874037	0.021103466182517988	0.08767521673007835	
PROCR	0.5445039771555207	0.1561078208147647	0.29938820202971456	
PROM1	0.9274363641289959	0.014175705474966011	0.058387930396038186	
PROM2	0.09104516873738278	0.44398753848180994	0.46496729278080723	
PROS1	0.8105936901857111	0.012746941510062662	0.17665936830422618	
PROSER1	0.23052391166137629	0.5930772360029728	0.17639885233565084	
PROSER2	0.688490043579703	0.3002681046368138	0.011241851783483142	
PROSER2-AS1	0.49277295417762257	0.4994746409211067	0.007752404901270698	
PROSER3	0.9408159115561827	0.02959204422190862	0.02959204422190862	
PROX1	0.9750729325899536	0.012463533705023146	0.012463533705023146	
PRPF18	0.8922189404820944	0.08034817994617327	0.027432879571732356	
PRPF19	0.02114361669840569	0.02114361669840569	0.9577127666031886	
PRPF3	0.33889191246543104	0.6107413951208284	0.0503666924137407	
PRPF31	0.018431181928135934	0.17835254069240275	0.8032162773794612	
PRPF38A	0.21849669937813845	0.2599333802092993	0.5215699204125621	
PRPF38B	0.542367227294889	0.05830504379950066	0.3993277289056103	
PRPF39	0.8637932874175599	0.12632655389980818	0.009880158682631776	
PRPF4	0.3513827330425048	0.4817647588818921	0.16685250807560326	
PRPF40A	0.6103444192472762	0.35884487044578434	0.03081071030693939	
PRPF40B	0.8688836418850219	0.11890943825110237	0.012206919863875728	
PRPF4B	0.8691377479105694	0.11935851036631172	0.011503741723118868	
PRPF6	0.10053743605270331	0.15672719100583613	0.7427353729414605	
PRPF8	0.07115923477884667	0.07115923477884667	0.8576815304423068	
PRPH2	0.9646647011694087	0.017667649415295632	0.017667649415295632	
PRPS1	0.016878793601676483	0.016878793601676483	0.966242412796647	
PRPS2	0.013864551859576454	0.013864551859576454	0.9722708962808471	
PRPSAP1	0.6055942590518102	0.21424501677622093	0.18016072417196888	
PRPSAP2	0.9294514091506662	0.035274295424666896	0.035274295424666896	
PRR11	0.6244564131993	0.32059901579757744	0.05494457100312254	
PRR12	0.9648108678673706	0.01587650647356709	0.0193126256590623	
PRR14	0.014605657623063057	0.014605657623063057	0.9707886847538738	
PRR14L	0.6794313842375045	0.3091555864125453	0.011413029349950149	
PRR15	0.009742719929148451	0.009742719929148451	0.9805145601417031	
PRR16	0.9764765614775406	0.011761719261229724	0.011761719261229724	
PRR22	0.011597589140033053	0.30722789554316915	0.6811745153167977	
PRR3	0.6087940055834687	0.047210949240652555	0.34399504517587864	
PRR34	0.6901825578809695	0.08427996145143886	0.22553748066759166	
PRR5	0.6007455590078017	0.0160414632468411	0.3832129777453571	
PRR5L	0.9755769551235494	0.012211522438225306	0.012211522438225306	
PRR7	0.6518996107154158	0.017862735687672025	0.3302376535969121	
PRR7-AS1	0.9373224861994182	0.03133875690029092	0.03133875690029092	
PRRC1	0.4368629918531041	0.5202283748097796	0.04290863333711636	
PRRC2A	0.764158744841768	0.011616709815120203	0.22422454534311176	
PRRC2B	0.5577485117036102	0.4200181170228171	0.022233371273572725	
PRRC2C	0.54063536509952	0.43845189880633645	0.020912736094143493	
PRRG2	0.14342611812982584	0.4602223017390428	0.3963515801311314	
PRRG4	0.19011328249121628	0.5937861304137182	0.2161005870950655	
PRRT1	0.014012664236992428	0.014012664236992428	0.9719746715260151	
PRRT3	0.6013437856512814	0.01898131411782073	0.37967490023089784	
PRRT3-AS1	0.961145472805434	0.019427263597283008	0.019427263597283008	
PRRX1	0.9646893795372966	0.013056962437129073	0.022253658025574344	
PRRX2	0.7312251607473613	0.01222149639703253	0.25655334285560605	
PRSS12	0.37036840834751367	0.6106752867207591	0.018956304931727258	
PRSS16	0.37772128435271524	0.3151919511708216	0.30708676447646316	
PRSS22	0.009573298805176855	0.5580047173789988	0.4324219838158244	
PRSS23	0.5781298721105347	0.03161955106834784	0.3902505768211174	
PRSS27	0.32551037145902606	0.30799401938738874	0.3664956091535852	
PRSS3	0.48699965296246933	0.0094283299807711	0.5035720170567597	
PRSS36	0.5855709349239948	0.027435641804962392	0.3869934232710428	
PRSS8	0.005431224906176542	0.44601505956999277	0.5485537155238307	
PRTFDC1	0.9716368937921284	0.014181553103935802	0.014181553103935802	
PRTG	0.9372635241747268	0.05231437012820064	0.010422105697072496	
PRUNE1	0.2711857104078351	0.03723432481861368	0.6915799647735513	
PRUNE2	0.9419454971578054	0.011955594834864594	0.04609890800733004	
PRX	0.8129734882563711	0.016478096160435055	0.17054841558319395	
PSAP	0.04500675329194215	0.04500675329194215	0.9099864934161157	
PSAT1	0.012516041743790006	0.1850164622952911	0.8024674959609189	
PSCA	0.09172345441475821	0.493148046308869	0.41512849927637285	
PSD	0.44913734482602713	0.014463766096153593	0.5363988890778192	
PSD3	0.9786997286131194	0.010650135693440308	0.010650135693440308	
PSD4	0.46196931356971527	0.461118168021223	0.07691251840906167	
PSEN1	0.7722242642157064	0.20373292581717847	0.024042809967115046	
PSG1	0.2783662496655419	0.7145589096449045	0.00707484068955351	PSG1
PSG11	0.27941775078679054	0.713517717358178	0.0070645318550314655	
PSG2	0.3541696243715536	0.6394987052791479	0.006331670349298494	
PSG3	0.39800739928732504	0.5960907124703938	0.0059018882422811276	PSG3
PSG4	0.3244432974100151	0.668933597662632	0.006623104927352793	
PSG5	0.36133175762466313	0.632406789018716	0.006261453356620951	
PSG6	0.36334119774473816	0.630417049291975	0.0062417529632868805	
PSG8	0.3486031252360254	0.6450106308937397	0.006386243870235046	
PSG9	0.47733476989688506	0.5156328514777152	0.007032378625399682	
PSIP1	0.5960395632074963	0.03263895925434231	0.3713214775381613	
PSKH1	0.45563967203363165	0.022860001125178143	0.5215003268411903	
PSMA1	0.028106669520266452	0.018614853042943632	0.95327847743679	
PSMA3	0.019288451839345293	0.3658015877088672	0.6149099604517874	
PSMA4	0.019095388061431604	0.20314214844680276	0.7777624634917656	
PSMA5	0.6718412656254678	0.3137334758975907	0.014425258476941582	
PSMA7	0.015292511898400588	0.12983811264476322	0.8548693754568363	
PSMA8	0.5336579339793042	0.45551960751780574	0.010822458502890082	
PSMB1	0.014879333001954162	0.3705435152017746	0.6145771517962711	
PSMB10	0.010155824820456016	0.010155824820456016	0.979688350359088	
PSMB2	0.05632075552372898	0.43318443435983134	0.5104948101164397	
PSMB3	0.01260366725141198	0.2111053220316443	0.7762910107169437	
PSMB4	0.01067446197085336	0.21498069655530558	0.7743448414738411	
PSMB5	0.01645744968022903	0.33329803201000785	0.650244518309763	
PSMB6	0.00831329852539714	0.15204355040949177	0.839643151065111	
PSMB7	0.026380119947471307	0.36466526845777186	0.6089546115947568	
PSMB8	0.009708737864077669	0.009708737864077669	0.9805825242718447	
PSMB9	0.03198070428686743	0.01668383711049579	0.9513354586026368	
PSMC1	0.017378733158649302	0.37386217599213634	0.6087590908492144	
PSMC2	0.03761236978584394	0.2809029960101305	0.6814846342040256	
PSMC3	0.011589760516809005	0.3292582061465251	0.6591520333366658	
PSMC3IP	0.2589968050067356	0.4203179923224278	0.3206852026708368	
PSMC4	0.018920271645984404	0.21652524534924739	0.7645544830047681	
PSMC5	0.014803308210346445	0.30463873038947137	0.6805579614001822	
PSMC6	0.03009895673649285	0.6283495619922413	0.3415514812712659	
PSMD1	0.4543266365910702	0.5206475431616027	0.025025820247327104	
PSMD10	0.012554277360122483	0.012554277360122483	0.974891445279755	
PSMD11	0.14861105643500902	0.6075622778238529	0.24382666574113818	
PSMD12	0.7653362545390193	0.21027091495975933	0.024392830501221385	
PSMD13	0.018407142133244216	0.3596411054674324	0.6219517523993233	
PSMD14	0.2014772909687475	0.5869439247849677	0.21157878424628485	
PSMD2	0.0157028526255306	0.31112371626553254	0.6731734311089369	
PSMD3	0.0170828579195448	0.2175752136410815	0.7653419284393738	
PSMD4	0.014574426687136799	0.33385375271984336	0.6515718205930199	
PSMD5	0.84204414444491	0.04315563847368858	0.11480021708140133	
PSMD6	0.016928358844572177	0.31713914178210595	0.6659324993733219	
PSMD6-AS1	0.5070934623791407	0.026918105822270888	0.4659884317985884	
PSMD6-AS2	0.9463930211873728	0.03648698675780786	0.017119992054819403	
PSMD7	0.015103530035523676	0.45722491324467324	0.527671556719803	
PSMD8	0.013747163262011591	0.3122442655166396	0.6740085712213487	
PSME1	0.012444103594200551	0.012444103594200551	0.9751117928115989	
PSME2	0.021137357873880734	0.021137357873880734	0.9577252842522385	
PSME3	0.016081839568553247	0.26821791636262454	0.7157002440688223	
PSME4	0.9617880354119278	0.01910598229403609	0.01910598229403609	
PSMF1	0.46247474722890214	0.06264927099507786	0.47487598177602003	
PSMG1	0.3000297199404808	0.3873751755931901	0.3125951044663292	
PSMG2	0.04662583818399779	0.04662583818399779	0.9067483236320044	
PSMG3	0.009913848849547133	0.2808243447037323	0.7092618064467207	
PSMG3-AS1	0.7135293675573898	0.024689318356748775	0.2617813140858613	
PSMG4	0.9432334034901239	0.028383298254938037	0.028383298254938037	
PSORS1C1	0.6033030619357356	0.022690860908006438	0.374006077156258	
PSPC1	0.37537700964098425	0.6118657572519168	0.012757233107098849	
PSPH	0.5566270631223211	0.4281008497129468	0.015272087164732004	
PSRC1	0.01249199162286354	0.5109205678011918	0.47658744057594465	
PSTK	0.9539967488795248	0.023001625560237562	0.023001625560237562	
PSTPIP1	0.5249574288587652	0.012488122292453486	0.46255444884878133	
PSTPIP2	0.6800599604304548	0.21629037507428714	0.10364966449525802	
PTAFR	0.6499268122489802	0.01849372566548718	0.33157946208553263	
PTAR1	0.9548464442015123	0.022576777899243842	0.022576777899243842	
PTBP1	0.019338053931890913	0.49792047436085723	0.4827414717072518	
PTBP2	0.9724505140422208	0.013774742978889573	0.013774742978889573	
PTBP3	0.6293925688422024	0.3545144880292248	0.0160929431285727	
PTCD1	0.013221124360053654	0.19455365283466627	0.79222522280528	
PTCD2	0.9302433186869765	0.05355129512263437	0.016205386190389134	
PTCD3	0.8418703128558885	0.13929692337110863	0.01883276377300274	
PTCH1	0.9722706839665956	0.013864658016702194	0.013864658016702194	
PTCH2	0.973129358880543	0.013435320559728502	0.013435320559728502	
PTCRA	0.5702308457765297	0.02231430884467762	0.4074548453787925	
PTDSS1	0.8045558663428533	0.014212397644643557	0.18123173601250306	
PTDSS2	0.7109570933304168	0.12845227223873634	0.16059063443084692	
PTEN	0.9346017844164048	0.03269910779179756	0.03269910779179756	
PTER	0.5581994837364708	0.4253111128304392	0.016489403433089963	
PTGDR	0.38593970229190694	0.014379501149711702	0.5996807965583815	
PTGER2	0.15803678339575425	0.018015948703255062	0.8239472679009908	
PTGER3	0.535559756230714	0.45676054249694187	0.007679701272344215	
PTGER4	0.16851804169163845	0.013245213577690063	0.8182367447306714	
PTGES	0.005953453389739851	0.5593375717968301	0.4347089748134301	
PTGES2	0.010110981083319114	0.32153441180522147	0.6683546071114594	
PTGES3	0.02564131485361173	0.622047209044879	0.3523114761015093	
PTGFR	0.9678952286923383	0.016052385653830808	0.016052385653830808	
PTGFRN	0.8048349740111301	0.017086604393377582	0.1780784215954923	
PTGIR	0.41587113589288077	0.009277409109371143	0.5748514549977481	
PTGIS	0.6129337945557259	0.009310342407149749	0.37775586303712433	
PTGR1	0.5636312833797158	0.016212862082012485	0.42015585453827176	
PTGR2	0.014721997978928193	0.014721997978928193	0.9705560040421436	
PTGS1	0.266024614817598	0.009663114900044938	0.7243122702823571	
PTGS2	0.3619394054210582	0.011075229503442923	0.626985365075499	
PTH1R	0.5236573950520126	0.03221257673275548	0.44413002821523195	
PTH2R	0.9785506252062104	0.010724687396894786	0.010724687396894786	
PTHLH	0.6241908098615162	0.018556085114431648	0.3572531050240521	
PTK2	0.6142047653420065	0.37369803130271095	0.012097203355282523	
PTK2B	0.4697229417899883	0.038676670496535635	0.4916003877134759	
PTK6	0.30327135484445417	0.007675998377063781	0.6890526467784821	
PTK7	0.9548689791524195	0.0225655104237902	0.0225655104237902	
PTMA	0.0202905117086595	0.0202905117086595	0.9594189765826809	
PTMS	0.009708737864077669	0.009708737864077669	0.9805825242718447	
PTN	0.2276790644845282	0.5934895354297514	0.17883140008572052	
PTOV1	0.019590148964232893	0.52057536507391	0.45983448596185716	
PTOV1-AS1	0.6516501834127967	0.3389826027760644	0.00936721381113898	
PTP4A1	0.008545043505725158	0.5141506362306553	0.47730432026361946	
PTP4A2	0.029346297805365112	0.029346297805365112	0.9413074043892697	
PTP4A3	0.5851440571815141	0.00811503254712732	0.40674091027135867	
PTPA	0.01854889499343905	0.1230346620780579	0.858416442928503	
PTPDC1	0.9697289977832907	0.015135501108354644	0.015135501108354644	
PTPN1	0.6208792061028552	0.059834908268088606	0.3192858856290562	
PTPN11	0.6525323329886378	0.053384320483462366	0.2940833465278999	
PTPN12	0.5535296447144865	0.406833395864979	0.039636959420534454	
PTPN13	0.9681658126621804	0.01591709366890979	0.01591709366890979	
PTPN14	0.9055217653530667	0.08331206485750689	0.011166169789426347	
PTPN18	0.17975011388072143	0.019088270616759766	0.8011616155025189	
PTPN2	0.946243306586424	0.026878346706788	0.026878346706788	
PTPN20	0.9569581993176652	0.021520900341167385	0.021520900341167385	
PTPN21	0.5878582056029235	0.4039440183961652	0.008197776000911323	
PTPN22	0.8296603056248838	0.02108630085649684	0.14925339351861924	
PTPN23	0.4516850101273187	0.2121630232736912	0.3361519665989902	
PTPN3	0.5011825952555687	0.4665108442152028	0.03230656052922856	
PTPN4	0.9727019957054936	0.013649002147253191	0.013649002147253191	
PTPN6	0.022946594060089903	0.022946594060089903	0.9541068118798202	
PTPN7	0.5357643504763197	0.014955576681647072	0.44928007284203325	
PTPN9	0.9542893762443035	0.02285531187784818	0.02285531187784818	
PTPRA	0.8901815371827297	0.05490923140863511	0.05490923140863511	
PTPRB	0.972133965029692	0.013933017485154	0.013933017485154	
PTPRC	0.5060375750499813	0.013724342067421277	0.48023808288259745	
PTPRD	0.9805825242718447	0.009708737864077669	0.009708737864077669	
PTPRE	0.9628955289508865	0.018552235524556763	0.018552235524556763	
PTPRF	0.3430959441858111	0.5878936822531295	0.06901037356105957	
PTPRG	0.9790732635406878	0.010463368229656081	0.010463368229656081	
PTPRH	0.5672005564161308	0.008015312215717465	0.4247841313681518	
PTPRJ	0.9708272493339023	0.014586375333048839	0.014586375333048839	
PTPRK	0.9718670277016791	0.014066486149160461	0.014066486149160461	
PTPRM	0.9527706330227228	0.023614683488638585	0.023614683488638585	
PTPRN2	0.9776553711190414	0.011172314440479263	0.011172314440479263	
PTPRO	0.973994149935208	0.013002925032395966	0.013002925032395966	
PTPRR	0.9730431493480258	0.013478425325987052	0.013478425325987052	
PTPRS	0.9090917456246455	0.0776001049914473	0.013308149383907173	
PTPRT	0.9805825242718447	0.009708737864077669	0.009708737864077669	
PTPRU	0.5595188182156181	0.1876777075544099	0.25280347422997196	
PTPRZ1	0.9714368553154076	0.014281572342296177	0.014281572342296177	
PTRH1	0.6573526734458571	0.030306895393869767	0.31234043116027316	
PTRH2	0.28454856814001683	0.04150415038420342	0.6739472814757799	
PTRHD1	0.010143063776452951	0.2873942435694677	0.7024626926540793	
PTS	0.5241021585917435	0.27851005931097444	0.19738778209728203	
PTTG1	0.16802852611890598	0.3472747987223189	0.4846966751587752	
PTTG1IP	0.0263875746571397	0.4187977938007256	0.5548146315421347	
PTX3	0.16441437086737018	0.012444496570160163	0.8231411325624697	
PUDP	0.6898538469747058	0.2995726422783144	0.010573510746979757	
PUF60	0.01784558476789833	0.1903622555802513	0.7917921596518502	
PUM1	0.5537086655282124	0.42371238604056244	0.022578948431225113	
PUM2	0.49351982207407075	0.4808124390292128	0.02566773889671642	
PUM3	0.9423827883294361	0.028808605835281942	0.028808605835281942	
PURA	0.879792217871842	0.09298529749806281	0.02722248463009521	
PURB	0.6200014519008274	0.029281894345089498	0.35071665375408295	
PURG	0.9717789361983491	0.014110531900825464	0.014110531900825464	
PUS1	0.564965154537341	0.04039112255737553	0.39464372290528354	
PUS10	0.9637874484739563	0.018106275763021856	0.018106275763021856	
PUS3	0.019029545178819083	0.0895848674618532	0.8913855873593276	
PUS7	0.9696167395820109	0.015191630208994538	0.015191630208994538	
PUS7L	0.9288676304851492	0.05480927201677865	0.01632309749807218	
PUSL1	0.008217912959812468	0.32761148540182783	0.6641706016383596	
PVR	0.6322704764320008	0.25243920960286137	0.11529031396513775	
PVT1	0.9805825242718447	0.009708737864077669	0.009708737864077669	
PWP1	0.05009104482473314	0.33697057444062634	0.6129383807346406	
PWP2	0.021901205875146507	0.021901205875146507	0.9561975882497069	
PWWP2A	0.9552549437591993	0.022372528120400314	0.022372528120400314	
PWWP2B	0.2719938245568936	0.44698007891287883	0.28102609653022753	
PXDC1	0.1814811510097894	0.429609212949839	0.38890963604037165	
PXDN	0.9753134736209823	0.012343263189508815	0.012343263189508815	
PXK	0.9506313912618772	0.024684304369061348	0.024684304369061348	
PXMP2	0.010516442830357157	0.010516442830357157	0.9789671143392856	
PXMP4	0.3819169935322187	0.26997700100941735	0.348106005458364	
PXN	0.2836464083305538	0.5059426477017732	0.21041094396767304	
PXN-AS1	0.6709948948499602	0.30603436583945437	0.022970739310585336	
PXYLP1	0.9466846481625506	0.014979153886444276	0.03833619795100521	
PYCARD	0.010013064511612057	0.010013064511612057	0.9799738709767759	
PYCR1	0.06488978861116215	0.49436987194085513	0.44074033944798274	
PYCR3	0.30717096106823233	0.01586331128758858	0.6769657276441791	
PYGB	0.15838232788746104	0.02092314972134258	0.8206945223911964	
PYGL	0.47672202212087805	0.011975067809164791	0.5113029100699571	
PYGM	0.5803705890349036	0.009543774959347934	0.41008563600574854	
PYGO1	0.9758966186097161	0.012051690695141958	0.012051690695141958	
PYGO2	0.010022367857482306	0.23406125059500457	0.7559163815475131	
PYHIN1	0.8422225281282744	0.018564361806083386	0.13921311006564227	
PYM1	0.018154306207858777	0.5155669641821745	0.4662787296099667	
PYROXD1	0.8827722945678853	0.0896713489021978	0.0275563565299169	
PYROXD2	0.549186105793142	0.019852077389288333	0.4309618168175695	
QDPR	0.21027686724532085	0.02123012287838296	0.7684930098762962	
QKI	0.9540047662411683	0.022997616879415837	0.022997616879415837	
QPCT	0.10447367640608386	0.01189769566765128	0.8836286279262648	
QPCTL	0.6779444241723469	0.017128272991362378	0.3049273028362906	
QPRT	0.23018587970760387	0.5100742244929569	0.25973989579943924	
QRICH1	0.34985622609044825	0.6251811505714966	0.02496262333805511	
QRICH2	0.7499403651113745	0.23841011265208703	0.011649522236538451	
QRSL1	0.7503797422753089	0.23042835452903487	0.019191903195656137	
QSER1	0.9670716242637605	0.01646418786811975	0.01646418786811975	
QSOX1	0.062189870724670096	0.5119940300913459	0.42581609918398383	
QSOX2	0.7923115588104338	0.017946488493151218	0.18974195269641486	
QTRT1	0.3077314916285147	0.01700296940373375	0.6752655389677515	
QTRT2	0.9440562018875349	0.0279718990562325	0.0279718990562325	
R3HCC1	0.0179731694537526	0.0179731694537526	0.9640536610924948	
R3HCC1L	0.6495135416226491	0.3353987884385379	0.015087669938813008	
R3HDM1	0.9618519952393795	0.019074002380310238	0.019074002380310238	
R3HDM2	0.9219020556991201	0.03904897215043996	0.03904897215043996	
R3HDM4	0.013337604810465987	0.17051950408727967	0.8161428911022542	
RAB10	0.868313122899032	0.065843438550484	0.065843438550484	
RAB11A	0.03495758743635996	0.03495758743635996	0.93008482512728	
RAB11B	0.012701635305486512	0.34214869909131673	0.6451496656031968	
RAB11B-AS1	0.5282738945870925	0.34358205394215513	0.1281440514707523	
RAB11FIP1	0.7558324531644013	0.029480701524456445	0.21468684531114218	
RAB11FIP2	0.9604788995038437	0.01976055024807822	0.01976055024807822	
RAB11FIP3	0.9762651741316296	0.011867412934185157	0.011867412934185157	
RAB11FIP4	0.5301912055320449	0.3923588298777573	0.07744996459019785	
RAB11FIP5	0.40139093216080357	0.44251615259358523	0.15609291524561122	
RAB12	0.5903747004293817	0.024566367791588425	0.38505893177903	
RAB14	0.04298335977734831	0.30224151913924674	0.654775121083405	
RAB15	0.1854529863657827	0.5119920710831358	0.30255494255108156	
RAB17	0.3518601475044398	0.32649314331922763	0.32164670917633253	
RAB18	0.35709867068069995	0.10227553833223009	0.5406257909870701	
RAB1A	0.22674055116097303	0.6379369335026471	0.13532251533637982	
RAB1B	0.012150139148137203	0.20727177553235826	0.7805780853195046	
RAB20	0.6026439992615038	0.012329380951535887	0.3850266197869602	
RAB21	0.9667977084009031	0.01660114579954847	0.01660114579954847	
RAB22A	0.9635790232340018	0.0182104883829991	0.0182104883829991	
RAB23	0.6996734141319516	0.015011523007510625	0.28531506286053776	
RAB25	0.07231224042458814	0.4068903273088314	0.5207974322665805	
RAB27A	0.702648896012697	0.024972155469239567	0.27237894851806355	
RAB27B	0.8279237533210647	0.1398236718924365	0.032252574786498726	
RAB28	0.9382685665807874	0.03086571670960629	0.03086571670960629	
RAB29	0.015278633694943977	0.015278633694943977	0.969442732610112	
RAB2A	0.900229730671705	0.049885134664147485	0.049885134664147485	
RAB2B	0.8564786544359195	0.042065686652059925	0.10145565891202062	
RAB30	0.9536991864430785	0.023150406778460742	0.023150406778460742	
RAB31	0.6955220698838095	0.018471199742344745	0.2860067303738458	
RAB32	0.01476111119647016	0.01476111119647016	0.9704777776070597	
RAB33A	0.22773339434351253	0.025312948240574035	0.7469536574159135	
RAB33B	0.5391516391123395	0.02907010312564853	0.4317782577620119	
RAB34	0.01075579005544195	0.01075579005544195	0.9784884198891161	
RAB35	0.02172297251842667	0.34388959224435434	0.6343874352372189	
RAB36	0.22588597910766323	0.5289226621247864	0.24519135876755035	
RAB37	0.6656839299768382	0.018169897779079448	0.31614617224408226	
RAB38	0.6698043116477522	0.014408027403272546	0.31578766094897526	
RAB39A	0.9627532146357811	0.01862339268210945	0.01862339268210945	
RAB3B	0.3516143814060161	0.6420288968430625	0.006356721750921412	
RAB3C	0.9766683446979468	0.011665827651026589	0.011665827651026589	
RAB3D	0.42061163664390855	0.01426604189655914	0.5651223214595322	
RAB3GAP1	0.9473019315994029	0.026349034200298504	0.026349034200298504	
RAB3GAP2	0.9629225980579174	0.01853870097104131	0.01853870097104131	
RAB3IL1	0.015647100888098252	0.015647100888098252	0.9687057982238034	
RAB3IP	0.5081256784210171	0.4760778192207206	0.01579650235826232	
RAB40A	0.9557745984993096	0.022112700750345212	0.022112700750345212	
RAB40B	0.9641284457862045	0.01793577710689773	0.01793577710689773	
RAB40C	0.4588000177500237	0.3292293564567078	0.21197062579326847	
RAB42	0.01506095216344204	0.014993722466768921	0.9699453253697891	
RAB4A	0.40876880505913143	0.29976796716977044	0.29146322777109807	
RAB5A	0.3287223118784149	0.6156939174614767	0.05558377066010831	
RAB5B	0.016490946178220767	0.46681851398383795	0.5166905398379412	
RAB5IF	0.010624271517197942	0.010624271517197942	0.9787514569656041	
RAB6A	0.15996396536838947	0.7426808327588889	0.09735520187272166	
RAB6B	0.7155383324510332	0.015524553279882959	0.2689371142690839	
RAB7A	0.3276451749439612	0.3124189632363452	0.3599358618196936	
RAB7B	0.5940314066602959	0.01530824535200885	0.39066034798769533	
RAB8A	0.016868771743300242	0.512548670161107	0.47058255809559274	
RAB8B	0.913952290867905	0.06293021933922224	0.02311748979287276	
RAB9A	0.169241537791272	0.23920075192880613	0.5915577102799219	
RABAC1	0.009708737864077669	0.009708737864077669	0.9805825242718447	
RABEP1	0.9400204233329034	0.029989788333548293	0.029989788333548293	
RABEP2	0.7017472097012294	0.18056394504261844	0.11768884525615211	
RABEPK	0.5261352861741878	0.026878789558218978	0.4469859242675932	
RABGAP1	0.64000405949143	0.3395823812568112	0.020413559251758764	
RABGAP1L	0.9702415307970967	0.0148792346014516	0.0148792346014516	
RABGEF1	0.012459263371842683	0.012459263371842683	0.9750814732563146	
RABGGTA	0.010720651517400736	0.2516363281217385	0.7376430203608608	
RABGGTB	0.05541060601399527	0.05541060601399527	0.8891787879720096	
RABIF	0.016028057521526192	0.6204944283365059	0.3634775141419679	
RABL2A	0.8875376763840889	0.0191353457257094	0.09332697789020176	
RABL2B	0.15158339155867384	0.04160167823671108	0.8068149302046151	
RABL3	0.6627371629873714	0.3161120467968177	0.021150790215810844	
RABL6	0.017329223148727896	0.4088309192525142	0.5738398575987579	
RAC1	0.02363254054404343	0.47466792960037757	0.501699529855579	
RAC2	0.012136888255895177	0.012136888255895177	0.9757262234882096	
RAC3	0.006962496951634247	0.45793467739793264	0.535102825650433	
RACGAP1	0.5728793001459507	0.320397854585381	0.10672284526866845	
RACK1	0.01978751242017317	0.3043255116526529	0.675886975927174	
RAD1	0.29007408069556007	0.6381358955540406	0.07179002375039938	
RAD17	0.5973507226678725	0.3769494083857884	0.025699868946339077	
RAD18	0.7225447890520182	0.2657469587492823	0.011708252198699486	
RAD21	0.06666470113931386	0.6890884985047862	0.24424680035589993	
RAD23A	0.015126900568337001	0.32224910990659467	0.6626239895250683	
RAD23B	0.12447168552740465	0.7122940183002058	0.1632342961723896	
RAD50	0.013750234870650246	0.2663445950203947	0.719905170108955	
RAD51	0.5712937404286311	0.4216876148833628	0.0070186446880061235	
RAD51AP1	0.6379695202598199	0.2945449945121494	0.06748548522803073	
RAD51B	0.8353072467867836	0.15584035935383136	0.008852393859385169	
RAD51C	0.502881954156545	0.48460205793166594	0.012515987911789	
RAD52	0.8442326996282715	0.13914353399275367	0.016623766378974798	
RAD54B	0.7628242218997332	0.2256059420823599	0.011569836017906803	
RAD54L	0.6852869853917671	0.3063932243123116	0.008319790295921246	
RAD54L2	0.7587828763700809	0.2286789623970325	0.012538161232886513	
RAD9A	0.7510077331897408	0.2353135568430162	0.013678709967243022	
RAD9B	0.9520437139879923	0.02397814300600385	0.02397814300600385	
RADIL	0.9712196814723412	0.014390159263829406	0.014390159263829406	
RAE1	0.12068458566854352	0.5076343822336646	0.37168103209779174	
RAF1	0.46358979349998125	0.5126899750863282	0.02372023141369058	
RAI1	0.9683675357442088	0.01581623212789563	0.01581623212789563	
RAI14	0.5764418038049123	0.41412598271783324	0.009432213477254512	
RAI2	0.25169223380094957	0.010196284135301378	0.738111482063749	
RALA	0.923196241676922	0.038401879161538977	0.038401879161538977	
RALB	0.03091769072239241	0.24536206071807995	0.7237202485595277	
RALBP1	0.2516601951676652	0.5925447565232626	0.1557950483090723	
RALGAPA1	0.9659931317992865	0.017003434100356728	0.017003434100356728	
RALGAPA2	0.9684221414709504	0.015788929264524777	0.015788929264524777	
RALGAPB	0.9304658915386479	0.034767054230676026	0.034767054230676026	
RALGDS	0.011795073099979491	0.011795073099979491	0.976409853800041	
RALGPS1	0.6790951156707326	0.3116659261989806	0.009238958130286858	
RALGPS2	0.966935177010823	0.016532411494588478	0.016532411494588478	
RALY	0.3761197783166079	0.4241852977384367	0.1996949239449554	
RAMP1	0.5505520773488021	0.010325584667601344	0.43912233798359657	
RAMP2	0.009708737864077669	0.009708737864077669	0.9805825242718447	
RAMP2-AS1	0.6424211044074712	0.02026532619478315	0.33731356939774565	
RAMP3	0.011402797225988396	0.011402797225988396	0.9771944055480232	
RAN	0.012623807279149291	0.22679479056978435	0.7605814021510664	
RANBP1	0.014248203370593333	0.3358947599285157	0.649857036700891	
RANBP10	0.872182733362462	0.1080700966599257	0.01974716997761238	
RANBP17	0.9081610245392225	0.08284728214850803	0.00899169331226953	
RANBP2	0.9295573867884641	0.035221306605767916	0.035221306605767916	
RANBP3	0.6723217904154151	0.28558239072596076	0.04209581885862415	
RANBP3L	0.9675147845311896	0.016242607734405234	0.016242607734405234	
RANBP6	0.024446762705676205	0.3837926163327885	0.5917606209615353	
RANBP9	0.5487147236869153	0.42768474931779404	0.023600526995290666	
RANGAP1	0.01534584855534013	0.48813186916206447	0.4965222822825954	
RANGRF	0.008883937947811919	0.22915675761042256	0.7619593044417655	
RAP1A	0.8104958822035138	0.09475205889824317	0.09475205889824317	
RAP1B	0.3364919109188625	0.11945218471220043	0.544055904368937	
RAP1GAP	0.3416941579055849	0.41955523867935773	0.23875060341505738	
RAP1GAP2	0.538794374524919	0.4538765103879055	0.007329115087175534	
RAP1GDS1	0.9468563138374466	0.026571843081276695	0.026571843081276695	
RAP2A	0.9419198303470842	0.02703483418092041	0.031045335471995384	
RAP2B	0.24634127231775607	0.02098308262285961	0.7326756450593843	
RAP2C	0.019589809224895224	0.5605332042461847	0.4198769865289199	
RAP2C-AS1	0.9782813876250177	0.010859306187491119	0.010859306187491119	
RAPGEF1	0.43997922496380387	0.5411972474081593	0.018823527628036792	
RAPGEF2	0.6529771990691338	0.33668786114559135	0.010334939785274926	
RAPGEF3	0.7235602744197794	0.013255829837610655	0.2631838957426099	
RAPGEF4	0.9789470733059353	0.0105264633470323	0.0105264633470323	
RAPGEF5	0.9668189644407722	0.0165905177796139	0.0165905177796139	
RAPGEF6	0.17126708939554763	0.016477080607512334	0.8122558299969401	
RAPGEFL1	0.3442289632328271	0.01242564659563004	0.6433453901715428	
RAPH1	0.975737764588869	0.012131117705565509	0.012131117705565509	
RAPSN	0.797030406677509	0.016258335825855102	0.18671125749663584	
RARA	0.5106297127033691	0.019910824025570588	0.4694594632710603	
RARA-AS1	0.01882418088409976	0.01882418088409976	0.9623516382318005	
RARB	0.9805825242718447	0.009708737864077669	0.009708737864077669	
RARG	0.3119592060426389	0.011777920444106653	0.6762628735132544	
RARRES1	0.4822524594808329	0.010655483959083927	0.5070920565600833	
RARRES2	0.01444673037244506	0.01444673037244506	0.9711065392551098	
RARS2	0.8396586915449922	0.14539573190555277	0.014945576549455108	
RASA1	0.2699141888535169	0.7216026451966525	0.008483165949830602	
RASA2	0.9645007134104029	0.017749643294798514	0.017749643294798514	
RASA3	0.9658544577839103	0.0170727711080448	0.0170727711080448	
RASAL1	0.5995486982904833	0.011142586756162292	0.3893087149533545	
RASAL2	0.7537518290319676	0.2377468546178101	0.008501316350222478	
RASAL2-AS1	0.20687632409862358	0.7046322983380859	0.0884913775632905	
RASAL3	0.07251131634522032	0.014382658259612763	0.9131060253951668	
RASD1	0.009708737864077669	0.009708737864077669	0.9805825242718447	
RASEF	0.4147001042217047	0.2177434061088719	0.3675564896694234	
RASGEF1A	0.8482356305318123	0.017609592114506176	0.13415477735368156	
RASGEF1B	0.9761523379314634	0.011923831034268285	0.011923831034268285	
RASGEF1C	0.5907889636543724	0.40129399832760493	0.007917038018022694	
RASGRF1	0.5051069802297974	0.48880664672471735	0.006086373045485224	
RASGRF2	0.6230279191251608	0.36798198714072716	0.008990093734111998	
RASGRP1	0.870316287622071	0.017869891329660135	0.11181382104826873	
RASGRP2	0.02479865406636976	0.02479865406636976	0.9504026918672605	
RASGRP3	0.974996657274419	0.012501671362790508	0.012501671362790508	
RASGRP4	0.2917169380947022	0.011407296900957074	0.6968757650043407	
RASIP1	0.675145930670238	0.010936641686592835	0.3139174276431691	
RASL10A	0.17309101852102496	0.03751741829521779	0.7893915631837572	
RASL10B	0.3577166265336121	0.017414534928743026	0.6248688385376449	
RASL11A	0.015151594439432607	0.015151594439432607	0.9696968111211347	
RASL12	0.3223148362741923	0.009518948613704989	0.6681662151121026	
RASSF1	0.08189699981675416	0.026967126817614616	0.8911358733656313	
RASSF2	0.5757487738818663	0.012123933728542048	0.41212729238959167	
RASSF3	0.9559253947096145	0.022037302645192755	0.022037302645192755	
RASSF4	0.4659312632012793	0.012583232658070794	0.5214855041406499	
RASSF5	0.20218192579980923	0.030542177332030466	0.7672758968681603	
RASSF6	0.5511132756142211	0.42795835273663146	0.02092837164914743	
RASSF7	0.007908508418705409	0.38507998516914493	0.6070115064121496	
RASSF8	0.6279840212976772	0.3629810301506831	0.009034948551639724	
RASSF8-AS1	0.9719049871875733	0.014047506406213325	0.014047506406213325	
RASSF9	0.967098449530225	0.016450775234887503	0.016450775234887503	
RAVER1	0.15113737591860704	0.2190261690018451	0.6298364550795478	
RAVER2	0.9581155795600093	0.02094221021999535	0.02094221021999535	
RB1	0.9471360332845211	0.0264319833577394	0.0264319833577394	
RB1-DT	0.9270938630163849	0.036453068491807544	0.036453068491807544	
RB1CC1	0.9509197249365995	0.02454013753170024	0.02454013753170024	
RBBP4	0.6946162001726206	0.2708090763727842	0.0345747234545952	
RBBP5	0.9197048419826123	0.040147579008693854	0.040147579008693854	
RBBP6	0.9019071613380998	0.04904641933095006	0.04904641933095006	
RBBP7	0.023251564567484333	0.6592601299353182	0.31748830549719737	
RBBP8	0.9670877961505038	0.01645610192474809	0.01645610192474809	
RBBP9	0.01899799497600317	0.01899799497600317	0.9620040100479936	
RBCK1	0.02994703697023777	0.3314157017574535	0.6386372612723087	
RBFOX1	0.9805825242718447	0.009708737864077669	0.009708737864077669	
RBFOX2	0.6845803545408621	0.30292243087301673	0.012497214586121092	
RBKS	0.9350919957012097	0.019708345971560726	0.04519965832722955	
RBL1	0.6498265010802592	0.34127408687001354	0.008899412049727265	
RBL2	0.6056053528118852	0.07758514667092326	0.31680950051719164	
RBM10	0.33660141144768596	0.30588968707037456	0.35750890148193937	
RBM11	0.5329439847387375	0.0302425001369477	0.4368135151243147	
RBM12B	0.9631440358336539	0.018427982083173037	0.018427982083173037	
RBM15	0.8184501819345144	0.16659372598282962	0.014956092082655893	
RBM15B	0.013946307434084097	0.013946307434084097	0.9721073851318318	
RBM17	0.11117739410086384	0.3705541535019987	0.5182684523971376	
RBM18	0.5103816820258759	0.3516379658848596	0.13798035208926446	
RBM19	0.9531829919019066	0.023408504049046708	0.023408504049046708	
RBM20	0.8402281987327164	0.1499312237870382	0.00984057748024536	
RBM22	0.01677705240986927	0.5342781574929807	0.44894479009715016	
RBM23	0.24407682999908642	0.09676842797453081	0.6591547420263828	
RBM24	0.6737890162097806	0.15856849688239397	0.16764248690782532	
RBM25	0.5143879680643944	0.4572485652101307	0.02836346672547492	
RBM26	0.9257577281489299	0.03712113592553507	0.03712113592553507	
RBM26-AS1	0.9609277540655811	0.019536122967209458	0.019536122967209458	
RBM28	0.9545712689559513	0.02271436552202432	0.02271436552202432	
RBM3	0.014971042679281068	0.436668396935732	0.5483605603849869	
RBM33	0.8573956778330528	0.11972281015439244	0.02288151201255481	
RBM38	0.18503493045998037	0.019055298495348965	0.7959097710446706	
RBM39	0.5030405935308023	0.45701107048671047	0.0399483359824872	
RBM4	0.028818384112359353	0.4462561110179578	0.5249255048696827	
RBM41	0.9694761892637762	0.01526190536811189	0.01526190536811189	
RBM42	0.011964931238581803	0.16928798501359002	0.8187470837478281	
RBM43	0.2474330685266907	0.03368761728354658	0.7188793141897627	
RBM44	0.9449029160429396	0.027548541978530156	0.027548541978530156	
RBM45	0.9428152100321152	0.02859239498394236	0.02859239498394236	
RBM47	0.7137037822744922	0.2761282104599927	0.010168007265515012	
RBM48	0.9391237050063308	0.0304381474968346	0.0304381474968346	
RBM4B	0.2114893923310328	0.5166653938216236	0.2718452138473436	
RBM5	0.40053798269440644	0.08731963099064638	0.5121423863149471	
RBM5-AS1	0.19988736372439955	0.026944646217433168	0.7731679900581673	
RBM6	0.8740424822513819	0.06297875887430897	0.06297875887430897	
RBM7	0.009725715894948967	0.33367709074275353	0.6565971933622975	
RBM8A	0.011390346011594311	0.2684764975400824	0.7201331564483233	
RBMS1	0.9452265160259098	0.02738674198704507	0.02738674198704507	
RBMS2	0.7304765077833735	0.25936915150364875	0.010154340712977725	
RBMS3	0.9753591948475107	0.012320402576244636	0.012320402576244636	
RBMS3-AS3	0.9742809619486026	0.012859519025698714	0.012859519025698714	
RBMX	0.6220998247492077	0.09382545540079625	0.2840747198499961	
RBMX2	0.03224663169711609	0.03224663169711609	0.9355067366057678	
RBP1	0.018177502684888158	0.018177502684888158	0.9636449946302237	
RBP4	0.03394297557583448	0.010319212725961417	0.9557378116982042	
RBP5	0.019987632830682233	0.019987632830682233	0.9600247343386356	
RBP7	0.01428671454627582	0.01428671454627582	0.9714265709074483	
RBPJ	0.9365378817916518	0.03173105910417408	0.03173105910417408	
RBPMS	0.9436722593156387	0.02816387034218064	0.02816387034218064	
RBPMS-AS1	0.3125912199012467	0.02625220730740339	0.6611565727913499	
RBPMS2	0.5068642372002067	0.012440077245108856	0.4806956855546844	
RBX1	0.016441802989062525	0.6176916366310211	0.36586656037991633	
RC3H1	0.9727448493838474	0.013627575308076267	0.013627575308076267	
RC3H2	0.8862406262634569	0.09444108372398133	0.01931829001256179	
RCAN2	0.6752654588171361	0.013136162821666356	0.3115983783611975	
RCAN3	0.6335653297440641	0.029310397863761266	0.3371242723921746	
RCBTB1	0.5473091591287959	0.02424736035556183	0.4284434805156423	
RCBTB2	0.700437835699817	0.0179430800879258	0.2816190842122571	
RCC1	0.3441578216085919	0.5065230571474264	0.14931912124398158	
RCC1L	0.36199585358872044	0.26125966323697675	0.3767444831743029	
RCC2	0.12311419299780901	0.5344124536444421	0.342473353357749	
RCCD1	0.2488241151033809	0.27753440758317915	0.47364147731344003	
RCE1	0.010109933371971715	0.2537812785722734	0.7361087880557549	
RCHY1	0.9454232776166832	0.02728836119165835	0.02728836119165835	
RCL1	0.9551208673137318	0.022439566343134106	0.022439566343134106	
RCN1	0.009725147688272848	0.009725147688272848	0.9805497046234543	
RCN2	0.2322899893931764	0.5724115166555928	0.1952984939512308	
RCN3	0.452880251816089	0.011648716447599752	0.5354710317363113	
RCOR1	0.4928111103882406	0.4956816947671373	0.011507194844622044	
RCOR2	0.5253165137414486	0.44309466502290895	0.0315888212356423	
RCOR3	0.8484149657531103	0.12211877655746183	0.0294662576894279	
RCSD1	0.9477543830308814	0.01860333416473923	0.03364228280437944	
RDH10	0.601530139591878	0.018649155536553275	0.37982070487156877	
RDH11	0.01770704022374501	0.01770704022374501	0.9645859195525099	
RDH13	0.21939609320419823	0.5472442574602858	0.23335964933551606	
RDH14	0.01089041038626438	0.14019967318299495	0.8489099164307407	
RDM1	0.2601504540595982	0.7294082579681677	0.010441287972234148	
RDX	0.5266525475918831	0.4597676124486499	0.013579839959466987	
REC8	0.17204188129243836	0.012771106342460354	0.8151870123651013	
RECK	0.9653466138685834	0.017326693065708255	0.017326693065708255	
RECQL	0.4263728656482329	0.03727609245069134	0.5363510419010759	
RECQL4	0.2903541035098572	0.5262342387688246	0.18341165772131812	
RECQL5	0.3407113071100125	0.33079894922271164	0.3284897436672759	
REEP1	0.5249382190560543	0.4681990733701839	0.0068627075737616745	
REEP3	0.5884229680762133	0.4007110763502597	0.010865955573526936	
REEP4	0.009255881602440279	0.27786093360722663	0.712883184790333	
REEP5	0.018250026299931943	0.5004187713588284	0.48133120234123955	
REEP6	0.01081959467342434	0.010771580863163543	0.9784088244634122	
REL	0.9690502039519358	0.015474898024032133	0.015474898024032133	
RELA	0.020516098074790136	0.020516098074790136	0.9589678038504197	
RELB	0.5981210207702882	0.016516503482380186	0.3853624757473317	
RELL1	0.8834235063857877	0.07321468113310858	0.04336181248110385	
RELL2	0.06211574511366228	0.54290389597161	0.3949803589147277	
RELN	0.9788806650753693	0.01055966746231534	0.01055966746231534	
RELT	0.769167536513777	0.019014043836479803	0.2118184196497432	
REM1	0.7168086405065647	0.016188928029392546	0.2670024314640427	
REN	0.9518371271837853	0.02408143640810733	0.02408143640810733	
RENBP	0.244189107380062	0.016569461565532045	0.739241431054406	
REP15	0.13892308819585666	0.009743055505146356	0.8513338562989968	
REPIN1	0.009708737864077669	0.009708737864077669	0.9805825242718447	
REPS1	0.5574985886259001	0.4269404993955753	0.015560911978524508	
REPS2	0.6212356952871898	0.37102593373560266	0.007738370977207454	
RER1	0.01355389661739192	0.5129803847886558	0.4734657185939523	
RERE	0.9521446215049281	0.023927689247535928	0.023927689247535928	
RERG	0.6948716496461175	0.13654416373742778	0.1685841866164547	
RERGL	0.9034609910819523	0.016716882524652497	0.07982212639339509	
REST	0.7307677311714339	0.2505948064584966	0.018637462370069417	
RET	0.6990087219724045	0.010776600418259723	0.2902146776093357	
RETREG1	0.7662652901517504	0.010095187528550927	0.2236395223196987	
RETREG2	0.013868291792034106	0.013868291792034106	0.9722634164159317	
RETREG3	0.31609736653103204	0.3629372958876262	0.3209653375813419	
RETSAT	0.016988506583961713	0.016988506583961713	0.9660229868320765	
REV1	0.7764979801474224	0.207582584795959	0.015919435056618587	
REV3L	0.9726455726646327	0.013677213667683655	0.013677213667683655	
REX1BD	0.2894946706886904	0.011089682407960297	0.6994156469033493	
REXO1	0.4333008675285062	0.3553066225950624	0.21139250987643146	
REXO2	0.0216752487900635	0.0216752487900635	0.956649502419873	
REXO4	0.4029497835971874	0.2261353001578823	0.37091491624493034	
REXO5	0.9718012483729688	0.014099375813515625	0.014099375813515625	
RFC1	0.8892984297722091	0.07823685262212662	0.032464717605664245	
RFC2	0.043662026147903675	0.6765527702676092	0.27978520358448705	
RFC3	0.49550596498829025	0.49593459405056656	0.008559440961143156	
RFC4	0.34823507331553827	0.35902832783512095	0.2927365988493407	
RFC5	0.25012580170218757	0.48722378843002073	0.26265040986779165	
RFESD	0.5451442790094614	0.44826287890710453	0.0065928420834341795	
RFFL	0.014870174807048478	0.014870174807048478	0.970259650385903	
RFK	0.00828285370155286	0.4055772239910038	0.5861399223074434	
RFLNA	0.8647048442763838	0.010397386860753142	0.1248977688628631	
RFLNB	0.014751109967979067	0.014751109967979067	0.9704977800640419	
RFNG	0.013329308887890004	0.013329308887890004	0.97334138222422	
RFPL1S	0.9659156982816374	0.01704215085918132	0.01704215085918132	
RFPL3S	0.9231836228635	0.03840818856824998	0.03840818856824998	
RFT1	0.5418779171464526	0.20166557103207305	0.2564565118214744	
RFTN1	0.9119656380974214	0.027417730860382055	0.06061663104219664	
RFTN2	0.9776024791935896	0.01119876040320521	0.01119876040320521	
RFWD3	0.4479158513479218	0.5396347206260441	0.012449428026034118	
RFX1	0.8608699171280413	0.12776447890508172	0.011365603966877004	
RFX2	0.9743594583794648	0.012820270810267596	0.012820270810267596	
RFX3	0.9776184667802894	0.011190766609855261	0.011190766609855261	
RFX5	0.060005237899326706	0.014421008190845486	0.9255737539098279	
RFX7	0.9731557619188759	0.013422119040562057	0.013422119040562057	
RFX8	0.9702151299229735	0.01489243503851323	0.01489243503851323	
RFXANK	0.01831202816113534	0.01831202816113534	0.9633759436777293	
RFXAP	0.9261285280229795	0.036935735988510215	0.036935735988510215	
RGCC	0.15567991870856948	0.01374571742212026	0.8305743638693103	
RGL1	0.9647265183330307	0.017636740833484665	0.017636740833484665	
RGL2	0.452488467954531	0.2781849940428781	0.2693265380025908	
RGL3	0.6191893718958159	0.16991107028070693	0.21089955782347702	
RGL4	0.179809235676435	0.014287497073973743	0.8059032672495912	
RGMA	0.7844177825220736	0.011721978280343824	0.2038602391975825	
RGMB	0.7634910303154968	0.223499910651654	0.013009059032849303	
RGN	0.48833480368536797	0.021373896972042252	0.49029129934258986	
RGP1	0.21062929537433542	0.06645484667353616	0.7229158579521284	
RGPD2	0.32220669414101005	0.6694307566327707	0.008362549226219283	
RGPD8	0.9646460623870345	0.017676968806482736	0.017676968806482736	
RGS1	0.012703872521455616	0.012703872521455616	0.9745922549570888	
RGS10	0.0723819535954224	0.01744100004264301	0.9101770463619346	
RGS11	0.20072755049202679	0.015538610029565839	0.7837338394784074	
RGS12	0.9748643757311728	0.012567812134413594	0.012567812134413594	
RGS13	0.752976848991142	0.042267731061944	0.20475541994691387	
RGS14	0.050416877207500696	0.015102522835138374	0.9344805999573609	
RGS16	0.014087726259079895	0.014087726259079895	0.9718245474818402	
RGS17	0.9750488943169987	0.012475552841500611	0.012475552841500611	
RGS18	0.3657670324507065	0.016541812705935677	0.6176911548433578	
RGS19	0.012580581907983559	0.012580581907983559	0.9748388361840329	
RGS2	0.010840552062472596	0.010840552062472596	0.9783188958750548	
RGS20	0.9752468480150506	0.012376575992474732	0.012376575992474732	
RGS22	0.973609110194153	0.013195444902923499	0.013195444902923499	
RGS3	0.9591313544457235	0.020434322777138223	0.020434322777138223	
RGS4	0.026773312444844613	0.013278442397456017	0.9599482451576994	
RGS5	0.02446498555937927	0.02446498555937927	0.9510700288812414	
RGS6	0.9805825242718447	0.009708737864077669	0.009708737864077669	
RGS9	0.9681539704707849	0.015923014764607567	0.015923014764607567	
RHBDD1	0.9607582121438797	0.019620893928060202	0.019620893928060202	
RHBDD2	0.019153067724736073	0.019153067724736073	0.9616938645505279	
RHBDD3	0.4340545934557052	0.2593780623955895	0.30656734414870523	
RHBDF1	0.23358355149409465	0.3366992297127944	0.4297172187931108	
RHBDF2	0.47827201522522994	0.014979701068083997	0.506748283706686	
RHBDL1	0.2128285913126443	0.02069955809898036	0.7664718505883753	
RHBDL2	0.7725231795360775	0.014115344617397945	0.2133614758465245	
RHCE	0.9794913733350219	0.010254313332489032	0.010254313332489032	
RHEB	0.019771879692636926	0.625476060411632	0.35475205989573116	
RHEBL1	0.3724639087049074	0.027051743946263692	0.6004843473488287	
RHEX	0.6070032908778221	0.011531773621013161	0.3814649355011647	
RHNO1	0.009984784863837626	0.2892469870900279	0.7007682280461345	
RHOA	0.032682057908162386	0.31712956472549514	0.6501883773663424	
RHOB	0.01440603692653426	0.01440603692653426	0.9711879261469315	
RHOBTB1	0.3970447475717803	0.5968374856887873	0.00611776673943238	
RHOBTB2	0.41642909198225375	0.29943276610490643	0.2841381419128399	
RHOBTB3	0.37830656970977394	0.6144048548404556	0.0072885754497703445	
RHOC	0.008591582334932488	0.1284168033211916	0.8629916143438758	
RHOD	0.17119477412864603	0.4468264858620306	0.3819787400093234	
RHOF	0.296451398287764	0.012016273324348655	0.6915323283878873	
RHOG	0.01497436085076828	0.01497436085076828	0.9700512782984634	
RHOH	0.6515317710229555	0.01646588181628971	0.3320023471607549	
RHOJ	0.9695149140043076	0.01524254299784621	0.01524254299784621	
RHOQ	0.5231659105777673	0.015250014065682275	0.46158407535655044	
RHOT1	0.950439673338087	0.024780163330956506	0.024780163330956506	
RHOT2	0.015112939166294142	0.31994897654199844	0.6649380842917075	
RHOU	0.15882506627281512	0.3492365348761949	0.49193839885099	
RHOV	0.10527397074056537	0.3763792016279633	0.5183468276314713	
RHPN1	0.34451469143958385	0.012469041762368193	0.6430162667980479	
RHPN2	0.6260590642898812	0.2732263248214794	0.10071461088863928	
RIBC1	0.6051952980522396	0.03345651055663751	0.361348191391123	
RIBC2	0.7926223163512074	0.19351514247786533	0.013862541170927216	
RIC1	0.9582657726710979	0.020867113664451015	0.020867113664451015	
RIC3	0.957006284708766	0.02149685764561696	0.02149685764561696	
RIC8A	0.016882701816472813	0.016882701816472813	0.9662345963670543	
RIC8B	0.9697841036604431	0.01510794816977846	0.01510794816977846	
RICTOR	0.938252393451	0.045116779898808614	0.016630826650191482	
RIDA	0.027941966677485188	0.027941966677485188	0.9441160666450296	
RIF1	0.68573325626566	0.30351499299161644	0.010751750742723694	
RILP	0.10168189816454921	0.009457361398443748	0.8888607404370071	
RILPL1	0.8085853762411261	0.18170068241811643	0.00971394134075749	
RILPL2	0.373654257047314	0.022562822732291873	0.603782920220394	
RIMKLA	0.2904314683022522	0.6995234762530874	0.010045055444660443	
RIMKLB	0.948159034401269	0.03053472604828008	0.02130623955045092	
RIMS2	0.9805825242718447	0.009708737864077669	0.009708737864077669	
RIMS3	0.9136277527463799	0.04214678283198901	0.04422546442163109	
RIN1	0.1301753801570406	0.01592935944576601	0.8538952603971933	
RIN2	0.9754850331811044	0.012257483409447803	0.012257483409447803	
RIN3	0.9632289872905142	0.018385506354742856	0.018385506354742856	
RING1	0.025354959021843725	0.025354959021843725	0.9492900819563125	
RINL	0.3833763398501	0.28356949470626774	0.33305416544363226	
RINT1	0.7878745680879036	0.19071183319072252	0.021413598721373887	
RIOK1	0.38478706810969193	0.24866714711874213	0.36654578477156596	
RIOK2	0.6164685614464491	0.35222522806975987	0.031306210483791015	
RIOK3	0.43577757683174223	0.31141064603083546	0.2528117771374223	
RIOX1	0.015649872208602447	0.24166398791799626	0.7426861398734012	
RIOX2	0.3232204418582495	0.48015341365407294	0.19662614448767765	
RIPK1	0.9333701989626629	0.03425677195198509	0.032373029085352036	
RIPK2	0.8431314041549026	0.07026910064807926	0.08659949519701811	
RIPK3	0.012681133228317596	0.012681133228317596	0.9746377335433648	
RIPK4	0.40734046553803316	0.25249042887559603	0.3401691055863707	
RIPOR1	0.4662551591125071	0.017663329097477597	0.5160815117900153	
RIPOR2	0.9683068986337691	0.015846550683115444	0.015846550683115444	
RIPOR3	0.9136305895945205	0.014267147969924227	0.07210226243555536	
RIT1	0.3179824247308221	0.03629372745199676	0.6457238478171811	
RITA1	0.015591661478716367	0.16344196120552446	0.8209663773157592	
RLF	0.9643366406977478	0.017831679651126083	0.017831679651126083	
RLIM	0.6793592643627616	0.29433858019594733	0.026302155441291105	
RMC1	0.23007831167321882	0.03432638403758668	0.7355953042891946	
RMDN1	0.5500395499669537	0.05182284365032185	0.3981376063827245	
RMDN2	0.9715606056254152	0.014219697187292367	0.014219697187292367	
RMDN3	0.3472216931692217	0.14277278602406704	0.5100055208067114	
RMI1	0.3740783488982325	0.614713967068884	0.01120768403288352	
RMI2	0.667722836405708	0.28511069586561893	0.0471664677286731	
RMND1	0.6070725165543186	0.37835679280718654	0.01457069063849476	
RMND5A	0.6537564849985804	0.0585950218927578	0.2876484931086617	
RMND5B	0.1787254660199305	0.593731061986589	0.22754347199348054	
RN7SL832P	0.3212711561504736	0.5605344508006654	0.11819439304886092	
RNASE1	0.009708737864077669	0.009708737864077669	0.9805825242718447	
RNASE6	0.009708737864077669	0.009708737864077669	0.9805825242718447	
RNASEH2B	0.8841978989141427	0.02790690418463364	0.08789519690122372	
RNASEH2C	0.016746176012235086	0.016746176012235086	0.9665076479755298	
RNASEL	0.5301370117649035	0.040971179576880304	0.4288918086582163	
RNASET2	0.010450076679563734	0.010450076679563734	0.9790998466408725	
RND1	0.195290708764654	0.012712451421351734	0.7919968398139943	
RND2	0.018421640740618396	0.01834287300864463	0.9632354862507371	
RND3	0.5744892734076807	0.022705159406424435	0.40280556718589494	
RNF10	0.14281263535711017	0.4689626160615751	0.3882247485813148	
RNF11	0.09229949446409381	0.09632273514332942	0.8113777703925767	
RNF111	0.8995119201684743	0.0823218812213716	0.018166198610154095	
RNF113A	0.009945020981014067	0.10631266765171853	0.8837423113672673	
RNF114	0.035926795924718015	0.17407240321643225	0.7900008008588497	
RNF115	0.9725867950552805	0.013706602472359742	0.013706602472359742	
RNF121	0.6524904514653262	0.33406522318629017	0.013444325348383598	
RNF122	0.4303649718832138	0.015859986539516823	0.5537750415772693	
RNF123	0.5808599235756741	0.037015571542695865	0.3821245048816301	
RNF126	0.1712249500230862	0.2790272761521385	0.5497477738247752	
RNF128	0.31575020158534056	0.5562955677724736	0.12795423064218597	
RNF13	0.7962032071368722	0.06089630902598804	0.14290048383713966	
RNF130	0.8488180188519521	0.023155690482605476	0.12802629066544235	
RNF135	0.3048680917144853	0.022276267025893297	0.6728556412596214	
RNF138	0.7499021808816323	0.024892888499025264	0.22520493061934246	
RNF139	0.01630754747136661	0.29312069660962503	0.6905717559190084	
RNF14	0.030164716876419067	0.31367836410786243	0.6561569190157185	
RNF141	0.04020650474472482	0.04020650474472482	0.9195869905105504	
RNF144A	0.9650759554370445	0.017462022281477717	0.017462022281477717	
RNF144B	0.859382109529251	0.013676612592125978	0.126941277878623	
RNF145	0.8262403237792117	0.044777129891204207	0.12898254632958403	
RNF146	0.32902684430856527	0.03927432349575167	0.6316988321956831	
RNF149	0.9556994040846882	0.022150297957655857	0.022150297957655857	
RNF150	0.9789628105608702	0.010518594719564863	0.010518594719564863	
RNF152	0.9771150454202517	0.011442477289874109	0.011442477289874109	
RNF157	0.9741257138880889	0.012937143055955542	0.012937143055955542	
RNF165	0.9785019343840474	0.01074903280797628	0.01074903280797628	
RNF166	0.019871050814016463	0.019871050814016463	0.9602578983719672	
RNF167	0.012650596005981998	0.215827507518055	0.7715218964759629	
RNF168	0.9593704737146234	0.020314763142688312	0.020314763142688312	
RNF169	0.970222275611813	0.014888862194093503	0.014888862194093503	
RNF17	0.9636378549609346	0.018181072519532698	0.018181072519532698	
RNF170	0.7531304705372368	0.23128313817730306	0.015586391285460152	
RNF180	0.9711697033796933	0.014415148310153319	0.014415148310153319	
RNF181	0.009708949449286292	0.09938792859908552	0.8909031219516282	
RNF182	0.9576918135110373	0.021154093244481347	0.021154093244481347	
RNF185	0.13956370514214742	0.4814639202092266	0.37897237464862593	
RNF187	0.08370432531429924	0.01334585965555366	0.902949815030147	
RNF19A	0.9212133350029768	0.039393332498511666	0.039393332498511666	
RNF19B	0.24236100935325083	0.02171954365039801	0.7359194469963511	
RNF2	0.7271026819217288	0.25494401037917025	0.01795330769910106	
RNF20	0.6317543621185969	0.04378154950226575	0.3244640883791373	
RNF207	0.42141191894920166	0.3910819748835224	0.18750610616727584	
RNF208	0.012895086790302867	0.012895086790302867	0.9742098264193942	
RNF212	0.9649552819678756	0.01752235901606218	0.01752235901606218	
RNF213	0.9483198194472136	0.0258400902763932	0.0258400902763932	
RNF214	0.7811934857594774	0.19149678644723078	0.027309727793291733	
RNF215	0.9671584186314635	0.016420790684268282	0.016420790684268282	
RNF216	0.9571986358340272	0.02140068208298637	0.02140068208298637	
RNF217	0.7869945435070248	0.203824253948179	0.009181202544796267	
RNF217-AS1	0.955987310078839	0.03357067583004413	0.010442014091116846	
RNF220	0.9613570454598829	0.019321477270058538	0.019321477270058538	
RNF223	0.008122669783777943	0.7128446176697211	0.27903271254650097	
RNF227	0.010886176930140434	0.01044515777148047	0.9786686652983791	
RNF24	0.9697126834267936	0.015143658286603153	0.015143658286603153	
RNF25	0.01626900435087991	0.01626900435087991	0.9674619912982402	
RNF26	0.009823691054888313	0.20212617273968056	0.7880501362054311	
RNF31	0.009436375531901128	0.12008036043779056	0.8704832640303083	
RNF32	0.949616681338935	0.02519165933053252	0.02519165933053252	
RNF34	0.7367421342313845	0.0616699010356743	0.20158796473294113	
RNF38	0.7463429346814094	0.23314926681321332	0.02050779850537717	
RNF39	0.011201448985898366	0.011201448985898366	0.9775971020282033	
RNF4	0.8320848041627597	0.11173715815772434	0.056178037679515964	
RNF40	0.4417460151167364	0.03846323823931021	0.5197907466439535	
RNF41	0.08947894655181686	0.033023383818106315	0.8774976696300768	
RNF44	0.022457382033401658	0.022457382033401658	0.9550852359331966	
RNF5	0.011440135513868275	0.04440101890274937	0.9441588455833824	
RNF6	0.018752480999207635	0.6294336044007957	0.3518139145999968	
RNF7	0.00978510133564543	0.04707813837517174	0.9431367602891828	
RNF8	0.9547059296934658	0.022647035153267107	0.022647035153267107	
RNFT1	0.6194654633433024	0.022745336853517654	0.3577891998031799	
RNFT1-DT	0.7141011597303111	0.06619023524321051	0.21970860502647854	
RNFT2	0.8611480259449287	0.12825192196979346	0.010600052085277818	
RNGTT	0.6944055805743241	0.2939174323433692	0.011676987082306673	
RNH1	0.01914627542900632	0.01914627542900632	0.9617074491419874	
RNLS	0.9720570362787613	0.013971481860619361	0.013971481860619361	
RNMT	0.6958773453358253	0.2806636224430507	0.02345903222112389	
RNPC3	0.8274642704769277	0.035516480491133075	0.13701924903193918	
RNPEP	0.01730558968417529	0.4047143019414948	0.5779801083743299	
RNPEPL1	0.01426222657330411	0.01426222657330411	0.9714755468533918	
RNPS1	0.022120018309692922	0.36305665411856375	0.6148233275717433	
ROBO1	0.9709972271146687	0.014501386442665633	0.014501386442665633	
ROBO2	0.9805825242718447	0.009708737864077669	0.009708737864077669	
ROBO3	0.4142689176728282	0.013268694490369404	0.5724623878368025	
ROBO4	0.5130838377396321	0.01231039503853725	0.4746057672218307	
ROCK1	0.9735005767675673	0.013249711616216336	0.013249711616216336	
ROCK2	0.9678799502774497	0.016060024861275165	0.016060024861275165	
ROGDI	0.007579522408695981	0.3463512939941733	0.6460691835971307	
ROM1	0.013904194449946514	0.013904194449946514	0.972191611100107	
ROMO1	0.008595613280074224	0.15762582520174862	0.8337785615181772	
ROPN1L	0.9548510823731433	0.022574458813428348	0.022574458813428348	
ROR1	0.9795084057166612	0.010245797141669389	0.010245797141669389	
ROR2	0.9762951080954002	0.01185244595229989	0.01185244595229989	
RORA	0.9758461723623125	0.012076913818843715	0.012076913818843715	
RORA-AS1	0.9767448589802954	0.0116275705098523	0.0116275705098523	
RORB	0.9758628195242058	0.012068590237897091	0.012068590237897091	
RORC	0.42953924981299146	0.008951416218752678	0.5615093339682559	
RP1	0.9776233542934263	0.01118832285328686	0.01118832285328686	
RP2	0.5548094449516638	0.39329346582010083	0.05189708922823545	
RP9	0.7022106933846844	0.036870689727161066	0.26091861688815443	
RPA1	0.40918076318371943	0.39752314376657183	0.19329609304970874	
RPA2	0.028360748407066465	0.028360748407066465	0.943278503185867	
RPA3	0.02188472667532671	0.2106883471567447	0.7674269261679286	
RPAIN	0.4086152289765029	0.038024093998645654	0.5533606770248515	
RPAP1	0.9327867767832723	0.03360661160836383	0.03360661160836383	
RPAP2	0.9498619554756461	0.03881066045323203	0.011327384071121894	
RPAP3	0.8555118249309935	0.11789156642010315	0.026596608648903303	
RPE	0.6187144187212053	0.06854906605193066	0.31273651522686413	
RPF1	0.03579492062601807	0.03579492062601807	0.9284101587479638	
RPF2	0.9525426990547822	0.023728650472608918	0.023728650472608918	
RPGR	0.9625011480380488	0.0187494259809756	0.0187494259809756	
RPGRIP1	0.7761861880373979	0.20846750346104165	0.015346308501560418	
RPGRIP1L	0.9771581651302398	0.011420917434880119	0.011420917434880119	
RPH3AL	0.9748413838389757	0.012579308080512167	0.012579308080512167	
RPIA	0.2578851332013601	0.3866754971060101	0.35543936969262974	
RPL10	0.022950133507571593	0.022950133507571593	0.9540997329848567	
RPL10A	0.01581450009029023	0.22565354075332206	0.7585319591563876	
RPL11	0.027812446905448353	0.027812446905448353	0.9443751061891033	
RPL12	0.019022355429514224	0.019022355429514224	0.9619552891409715	
RPL13	0.02272419214713864	0.02272419214713864	0.9545516157057227	
RPL13A	0.02857317695826115	0.10564008068777717	0.8657867423539617	
RPL14	0.018824467387596897	0.2292727718270069	0.7519027607853962	
RPL15	0.013187392704335815	0.17611565046056935	0.8106969568350948	
RPL18	0.011523593860046916	0.18706828902813052	0.8014081171118226	
RPL18A	0.009391502671674951	0.1839421218442897	0.8066663754840353	
RPL19	0.0172176991403028	0.0172176991403028	0.9655646017193944	
RPL21	0.01763285198594589	0.01763285198594589	0.9647342960281082	
RPL22	0.012037185464688753	0.21149991338643417	0.7764629011488771	
RPL22L1	0.015496906155493168	0.015496906155493168	0.9690061876890136	
RPL23	0.022218380331407713	0.022218380331407713	0.9555632393371846	
RPL23A	0.02163654899727326	0.2411623256888358	0.7372011253138909	
RPL24	0.018625798379878065	0.14065249584767933	0.8407217057724427	
RPL26L1	0.01551277938229048	0.01551277938229048	0.968974441235419	
RPL27	0.014240909212957382	0.07082799531907212	0.9149310954679706	
RPL27A	0.013614880782298227	0.3064383536318237	0.6799467655858781	
RPL28	0.01889516299676904	0.01889516299676904	0.9622096740064618	
RPL29	0.013171832070609313	0.013171832070609313	0.9736563358587813	
RPL3	0.026074400045354648	0.026074400045354648	0.9478511999092907	
RPL30	0.025583146943180354	0.025583146943180354	0.9488337061136393	
RPL31	0.031009475442126774	0.23673029588806047	0.7322602286698128	
RPL32	0.01976989804254522	0.01976989804254522	0.9604602039149096	
RPL34	0.021381739192281334	0.021381739192281334	0.9572365216154373	
RPL35	0.015395606481236354	0.015395606481236354	0.9692087870375272	
RPL35A	0.01780749337123334	0.01780749337123334	0.9643850132575333	
RPL36	0.016667341032205425	0.016667341032205425	0.9666653179355891	
RPL36AL	0.01028587816733023	0.01028587816733023	0.9794282436653395	
RPL37	0.026924377971046704	0.21107310908822388	0.7620025129407295	
RPL37A	0.03585076742087678	0.03585076742087678	0.9282984651582464	
RPL38	0.017402471544858692	0.017402471544858692	0.9651950569102826	
RPL39	0.009636435920946824	0.07988415472015982	0.9104794093588933	
RPL39L	0.2693417863302287	0.29004811768626865	0.44061009598350265	
RPL4	0.01792992626231459	0.3856205723253688	0.5964495014123167	
RPL41	0.014387288835132586	0.014387288835132586	0.9712254223297349	
RPL5	0.03081508278902454	0.15820688644564707	0.8109780307653284	
RPL6	0.018604945133965437	0.20297425952670387	0.7784207953393308	
RPL7	0.01711473099561702	0.06545551281453242	0.9174297561898506	
RPL7A	0.01845494484778589	0.06867582576307961	0.9128692293891345	
RPL7L1	0.044618693023473516	0.044618693023473516	0.910762613953053	
RPL8	0.0123489917219595	0.15767088893895082	0.8299801193390897	
RPL9	0.015402298963065903	0.18387211278560603	0.8007255882513281	
RPLP0	0.011347929368689343	0.3573998778191285	0.6312521928121821	
RPLP1	0.014783722273418575	0.14799188730405988	0.8372243904225215	
RPLP2	0.013616123619147984	0.2020590365395157	0.7843248398413364	
RPN1	0.022455238531367244	0.32577211398336847	0.6517726474852642	
RPN2	0.021629849911210416	0.5063855564692586	0.4719845936195309	
RPP14	0.026090550321216082	0.23794291834547668	0.7359665313333073	
RPP25	0.01126810333208191	0.01126810333208191	0.9774637933358361	
RPP25L	0.009854966500907817	0.07644808986835983	0.9136969436307324	
RPP30	0.5954089455250859	0.3198267865335134	0.08476426794140071	
RPP38	0.6316296282321845	0.3363946665806215	0.03197570518719394	
RPP40	0.16228489640843527	0.020067272408627962	0.8176478311829368	
RPRD1A	0.9271696891587983	0.036415155420600816	0.036415155420600816	
RPRD1B	0.6087898893053892	0.31513807931515553	0.07607203137945504	
RPRD2	0.9649993940456056	0.017500302977197166	0.017500302977197166	
RPS11	0.015688672720540815	0.16494950802541616	0.8193618192540432	
RPS12	0.014017920402669259	0.3141049174984173	0.6718771620989135	
RPS13	0.01159833416509146	0.209390753912507	0.7790109119224016	
RPS14	0.01760458795126047	0.18983372013332903	0.7925616919154105	
RPS15	0.010451136458435591	0.010451136458435591	0.9790977270831288	
RPS15A	0.014096660861281498	0.014096660861281498	0.9718066782774369	
RPS16	0.011358725248953101	0.2948698764383615	0.6937713983126854	
RPS18	0.01821654130874103	0.01821654130874103	0.9635669173825179	
RPS19	0.02162956652298106	0.10673810717928724	0.8716323262977318	
RPS19BP1	0.00928297994634112	0.1808236749865631	0.8098933450670958	
RPS2	0.013343610590602635	0.13228892566344339	0.854367463745954	
RPS20	0.016160437359586367	0.1940684351281727	0.789771127512241	
RPS21	0.009010524458082422	0.14073928789966983	0.8502501876422477	
RPS23	0.017556879310790405	0.017556879310790405	0.9648862413784192	
RPS24	0.03408426777498883	0.03408426777498883	0.9318314644500223	
RPS25	0.019556507421083953	0.11772304414550869	0.8627204484334073	
RPS26	0.010101324502989081	0.1530288088492147	0.8368698666477963	
RPS27	0.013095144559391361	0.013095144559391361	0.9738097108812173	
RPS27A	0.01613526896298004	0.12284793614502706	0.861016794891993	
RPS27L	0.01321747297049042	0.4097318940819954	0.5770506329475141	
RPS28	0.010615668955934448	0.010615668955934448	0.9787686620881311	
RPS29	0.019160527330214935	0.23359707254012066	0.7472424001296644	
RPS3	0.02020679330741315	0.3487868116453686	0.6310063950472182	
RPS3A	0.017410139090195564	0.20948633861350727	0.7731035222962972	
RPS4X	0.01787631324303622	0.01787631324303622	0.9642473735139275	
RPS5	0.01372247928372492	0.10081966107872746	0.8854578596375476	
RPS6	0.019829264655410246	0.30060072977842245	0.6795700055661674	
RPS6KA1	0.3828019575200297	0.017752089574816773	0.5994459529051533	
RPS6KA2	0.9706374380067407	0.01468128099662962	0.01468128099662962	
RPS6KA3	0.9376682234077329	0.031165888296133485	0.031165888296133485	
RPS6KA4	0.1926917800784199	0.11481628428544946	0.6924919356361307	
RPS6KA5	0.5849713798034881	0.4082451263312945	0.006783493865217445	
RPS6KA6	0.6074903578416645	0.3848030282446061	0.0077066139137293285	
RPS6KB1	0.7796184451866637	0.19427349848652486	0.026108056326811527	
RPS6KB2	0.012352170098912655	0.34170834096458486	0.6459394889365025	
RPS6KC1	0.9707275321784133	0.014636233910793304	0.014636233910793304	
RPS6KL1	0.717865968774959	0.017315732874153514	0.26481829835088755	
RPS7	0.016708055371266885	0.12637034163401706	0.8569216029947161	
RPS8	0.02840310676897745	0.11672602558730542	0.8548708676437171	
RPS9	0.022952026302380992	0.022952026302380992	0.954095947395238	
RPSA	0.014526515390286172	0.36893871412403356	0.6165347704856802	
RPTOR	0.8937883642249157	0.09493735814798732	0.011274277627097009	
RPUSD1	0.011703482684983852	0.03357247817531218	0.954724039139704	
RPUSD2	0.022763245700541074	0.21459494270905047	0.7626418115904084	
RPUSD3	0.026517630406768727	0.026517630406768727	0.9469647391864625	
RPUSD4	0.020488839525121504	0.16795258833668789	0.8115585721381906	
RRAD	0.00791252375149719	0.2537542422606763	0.7383332339878265	
RRAGA	0.009708737864077669	0.009708737864077669	0.9805825242718447	
RRAGB	0.9451844816129058	0.02740775919354705	0.02740775919354705	
RRAGC	0.008599063878412486	0.19540721108938966	0.7959937250321979	
RRAGD	0.7762007953921015	0.01675466084962889	0.2070445437582697	
RRAS	0.009708737864077669	0.009708737864077669	0.9805825242718447	
RRAS2	0.5313160387657548	0.4552510317087621	0.01343292952548307	
RRBP1	0.4721613298465788	0.4615956562472108	0.06624301390621047	
RREB1	0.8139251135667733	0.17218480935912506	0.013890077074101479	
RRM1	0.3053700958315244	0.45886917354217566	0.23576073062629993	
RRM2	0.6360638971747966	0.356298256928144	0.007637845897059372	
RRM2B	0.2280475169237824	0.07292218553260385	0.6990302975436137	
RRN3	0.3368135774707391	0.051331089492303965	0.6118553330369569	
RRP1	0.40251954482968333	0.22087675240214877	0.3766037027681678	
RRP12	0.9586033223699566	0.020698338815021686	0.020698338815021686	
RRP15	0.9690821335792575	0.015458933210371228	0.015458933210371228	
RRP1B	0.9222540987632767	0.03887295061836166	0.03887295061836166	
RRP36	0.02029591174826397	0.39897821300154573	0.5807258752501904	
RRP7A	0.1647226589971016	0.5740419221953603	0.2612354188075381	
RRP8	0.9102982245735102	0.0448508877132449	0.0448508877132449	
RRP9	0.015932322856977314	0.015932322856977314	0.9681353542860454	
RRS1	0.010499497243407652	0.1339848964662852	0.8555156062903072	
RSAD1	0.02221983055922128	0.02221983055922128	0.9555603388815574	
RSAD2	0.9520379189531606	0.02136466596336978	0.026597415083469612	
RSBN1	0.9508760077335205	0.024561996133239717	0.024561996133239717	
RSBN1L	0.9622667838068966	0.01886660809655173	0.01886660809655173	
RSF1	0.9631935724578082	0.018403213771095855	0.018403213771095855	
RSL1D1	0.031451688303752987	0.17659219679259253	0.7919561149036545	
RSL24D1	0.019743432492226546	0.019743432492226546	0.960513135015547	
RSPH1	0.5018988009547433	0.018080102145582807	0.48002109689967376	
RSPH3	0.7066919251676865	0.2815300160918767	0.01177805874043667	
RSPH9	0.9599495424790943	0.02002522876045283	0.02002522876045283	
RSPO1	0.3552660957637884	0.011378882379003094	0.6333550218572086	
RSPO2	0.9694688449239725	0.015265577538013771	0.015265577538013771	
RSPO3	0.7438590976884898	0.010773504114080774	0.24536739819742942	
RSPO4	0.7899786682897437	0.022596039389875658	0.1874252923203806	
RSPRY1	0.7370882114925306	0.24132516345233768	0.021586625055131675	
RSRC1	0.9097601138997804	0.07484661835836776	0.015393267741851784	
RSRC2	0.7308820697367281	0.2516253273380641	0.01749260292520769	
RSRP1	0.7924954934733393	0.032703176946159665	0.1748013295805011	
RSU1	0.5905225701372583	0.39047835844264067	0.018999071420101047	
RTCA	0.5100801725889832	0.04967790869100175	0.4402419187200151	
RTCA-AS1	0.9679477120295829	0.016026143985208546	0.016026143985208546	
RTCB	0.024150783328162898	0.192738837311154	0.7831103793606832	
RTF1	0.7052343135020175	0.2460952252285546	0.048670461269427895	
RTF2	0.03416804525985101	0.13945920099398082	0.8263727537461683	
RTKN	0.5938960597493501	0.16326253337095656	0.24284140687969324	
RTKN2	0.6600855536287823	0.33182483480956565	0.008089611561652008	
RTL5	0.10739005025301142	0.014320634214706952	0.8782893155322816	
RTL6	0.013263172234367663	0.013263172234367663	0.9734736555312646	
RTL8A	0.009264010418217639	0.05507093734180096	0.9356650522399815	
RTL8B	0.007876090205848145	0.3332779420611127	0.6588459677330392	
RTL8C	0.01148790840960255	0.01148790840960255	0.9770241831807949	
RTN1	0.9422151775821591	0.012077022464561766	0.04570779995327917	
RTN2	0.5183962395495196	0.21157882114438153	0.2700249393060989	
RTN3	0.23230447784364813	0.061390927628570374	0.7063045945277815	
RTN4	0.16626348317410544	0.06156868290518333	0.7721678339207113	
RTN4IP1	0.8373085804179392	0.14687215154370398	0.015819268038356885	
RTN4R	0.6324225780872179	0.21951277517734946	0.14806464673543263	
RTN4RL2	0.2238253651260022	0.3340370236621323	0.44213761121186557	
RTP4	0.025276300687383634	0.025276300687383634	0.9494473986252326	
RTRAF	0.0194750247736903	0.23184413403201606	0.7486808411942937	
RTTN	0.7590596001827408	0.23108524474372402	0.009855155073535078	
RUBCN	0.9649478943451927	0.01752605282740366	0.01752605282740366	
RUBCNL	0.9657620892341976	0.017118955382901205	0.017118955382901205	
RUFY1	0.947381331105192	0.02630933444740401	0.02630933444740401	
RUFY2	0.9706991995214711	0.014650400239264427	0.014650400239264427	
RUFY3	0.9334856341864416	0.033257182906779176	0.033257182906779176	
RUNDC1	0.8623783119831444	0.022125638452798156	0.11549604956405737	
RUNDC3A-AS1	0.4521621794632641	0.5398603730895715	0.007977447447164583	
RUNDC3B	0.9738987397962373	0.01305063010188131	0.01305063010188131	
RUNX1	0.9725227076666366	0.013738646166681662	0.013738646166681662	
RUNX1T1	0.9799693673333012	0.010015316333349393	0.010015316333349393	
RUNX2	0.9705183928360595	0.014740803581970248	0.014740803581970248	
RUNX3	0.5317364871394313	0.01628617103263659	0.4519773418279319	
RUSC1	0.01468341095785397	0.4030328445689305	0.5822837444732155	
RUSC1-AS1	0.02359802770490096	0.02359802770490096	0.952803944590198	
RUSC2	0.9197039474579408	0.013233654029656181	0.06706239851240292	
RUVBL1	0.7184521893570768	0.04117916125803442	0.2403686493848888	
RUVBL2	0.02259655787716155	0.14377454063271608	0.8336289014901224	
RWDD1	0.024899759077454574	0.024899759077454574	0.9502004818450908	
RWDD2A	0.29621433269842945	0.01938215743734224	0.6844035098642283	
RWDD2B	0.46516881478792393	0.32480054285718163	0.21003064235489446	
RWDD4	0.13989891425190135	0.028241454040062668	0.831859631708036	
RXFP1	0.9729677861161273	0.013516106941936301	0.013516106941936301	
RXRA	0.41244261209215305	0.36384917204161255	0.22370821586623446	
RXRB	0.4089727109838722	0.05154978274385261	0.5394775062722752	
RXYLT1	0.8203885640983916	0.16672436116529915	0.012887074736309324	
RYBP	0.7222847082034454	0.27004849675681064	0.007666795039743844	
RYK	0.49387308761870574	0.48351678867038544	0.022610123710908807	
RYR1	0.9805825242718447	0.009708737864077669	0.009708737864077669	
RYR2	0.9801983239048381	0.009900838047581026	0.009900838047581026	
RYR3	0.9805825242718447	0.009708737864077669	0.009708737864077669	
S100A1	0.009865541808882546	0.009865541808882546	0.9802689163822349	
S100A10	0.009336962353344998	0.09264871315309503	0.89801432449356	
S100A11	0.006956880540380424	0.29039818488119673	0.7026449345784228	
S100A13	0.013015932800794657	0.013015932800794657	0.9739681343984107	
S100A14	0.00997982506846635	0.00997982506846635	0.9800403498630673	
S100A16	0.009725910676115147	0.009725910676115147	0.9805481786477697	
S100A2	0.08516160246613091	0.010894973887240268	0.9039434236466289	
S100A4	0.010530557068113061	0.010530557068113061	0.9789388858637739	
S100A6	0.009708737864077669	0.009708737864077669	0.9805825242718447	
S100A8	0.009953474860393392	0.009953474860393392	0.9800930502792133	
S100A9	0.009708737864077669	0.009708737864077669	0.9805825242718447	
S100P	0.0056186147606331945	0.5030598400984796	0.4913215451408871	
S100PBP	0.9571697937912562	0.0214151031043719	0.0214151031043719	
S100Z	0.9733828099271657	0.013308595036417101	0.013308595036417101	
S1PR1	0.017164171554674448	0.017164171554674448	0.965671656890651	
S1PR3	0.396621103519067	0.013781044177252715	0.5895978523036803	
S1PR4	0.009708737864077669	0.009708737864077669	0.9805825242718447	
SAAL1	0.697802544864044	0.27501317148788434	0.02718428364807159	
SAC3D1	0.013059161626110437	0.24472350978974816	0.7422173285841414	
SACM1L	0.924481678225382	0.037759160887309004	0.037759160887309004	
SACS	0.9763080149649082	0.011845992517545891	0.011845992517545891	
SAE1	0.24887250638929814	0.5148182434550512	0.23630925015565066	
SAFB	0.38802638118738314	0.4916796003476106	0.12029401846500622	
SAFB2	0.7410784035966481	0.03213058057345232	0.22679101582989947	
SALL1	0.17224361785299974	0.015936186950077678	0.8118201951969226	
SAMD1	0.015116590723839593	0.015116590723839593	0.9697668185523208	
SAMD10	0.020367858260570623	0.020367858260570623	0.9592642834788587	
SAMD11	0.5989177173087705	0.012124148515326663	0.3889581341759028	
SAMD12	0.9795439918801168	0.010228004059941617	0.010228004059941617	
SAMD13	0.965237789042165	0.01738110547891751	0.01738110547891751	
SAMD14	0.9537246926472566	0.023137653676371675	0.023137653676371675	
SAMD15	0.9410258595329409	0.029487070233529512	0.029487070233529512	
SAMD3	0.9766855341037396	0.011657232948130187	0.011657232948130187	
SAMD4A	0.9801696211129349	0.009915189443532535	0.009915189443532535	
SAMD4B	0.7682331842402036	0.03573019566988399	0.19603662008991235	
SAMD5	0.9798360434215877	0.01008197828920616	0.01008197828920616	
SAMD8	0.9671684410299037	0.016415779485048125	0.016415779485048125	
SAMD9	0.7522826592564231	0.01918527462335545	0.2285320661202214	
SAMD9L	0.7302680495916639	0.014921081743964951	0.254810868664371	
SAMHD1	0.2821633405733938	0.035326236469102955	0.6825104229575032	
SAMM50	0.031711718219616575	0.031711718219616575	0.9365765635607668	
SAMMSON	0.9763437782341828	0.011828110882908584	0.011828110882908584	
SAMSN1	0.8374691607868139	0.014635684787096993	0.14789515442608914	
SAP130	0.43133026232567495	0.5550099107333119	0.013659826941013132	
SAP18	0.012509921935022546	0.29188356306849655	0.6956065149964809	
SAP30	0.022283545192800215	0.022283545192800215	0.9554329096143995	
SAP30BP	0.417014371221914	0.4344834936020758	0.14850213517601016	
SAP30L	0.024199895364692286	0.024199895364692286	0.9516002092706154	
SAR1A	0.029662075955589808	0.5391340411985999	0.4312038828458102	
SAR1B	0.4156204073886881	0.030659726830024464	0.5537198657812874	
SARAF	0.025865722656001452	0.025865722656001452	0.9482685546879971	
SARDH	0.8694891404148577	0.014762663304409125	0.11574819628073318	
SARM1	0.9591666130255213	0.02041669348723934	0.02041669348723934	
SARNP	0.010700201912471546	0.05762465907224346	0.931675139015285	
SARS2	0.008891177295239657	0.201970656449444	0.7891381662553164	
SART1	0.22506462859076404	0.15894056609862575	0.6159948053106101	
SART3	0.5289659679464375	0.4350628191883626	0.03597121286519991	
SASH1	0.8331105345605816	0.15536066215680547	0.011528803282612935	
SASH3	0.2359268421929671	0.01318548836872479	0.7508876694383081	
SASS6	0.6566092142469501	0.332302837929928	0.011087947823121908	
SAT1	0.028563167452781178	0.028563167452781178	0.9428736650944376	
SAT2	0.140149590642376	0.014955460459435427	0.8448949488981886	
SATB1	0.010406279583859144	0.010406279583859144	0.9791874408322817	
SATB2	0.9755437408378721	0.012228129581063939	0.012228129581063939	
SAV1	0.2299847136317954	0.5696175033755919	0.2003977829926126	
SAXO2	0.9591810824967327	0.020409458751633636	0.020409458751633636	
SAYSD1	0.1210030387764577	0.36868483115836626	0.510312130065176	
SBDS	0.015235142779193401	0.015235142779193401	0.9695297144416132	
SBF1	0.019578643320292216	0.4304260536160193	0.5499953030636885	
SBF2	0.9722945673509321	0.013852716324533932	0.013852716324533932	
SBF2-AS1	0.6362563503919154	0.3542343298918203	0.009509319716264158	
SBNO1	0.7353622657313668	0.25073068559179046	0.013907048676842743	
SBNO2	0.762342815172702	0.009703288274699316	0.22795389655259884	
SBSPON	0.9015666732902247	0.015081302156985055	0.08335202455279027	
SC5D	0.02833635494923393	0.027216804162947646	0.9444468408878184	
SCAF1	0.018603017415891956	0.23687258450960286	0.7445243980745052	
SCAF11	0.9250322153713273	0.037483892314336374	0.037483892314336374	
SCAF4	0.7476862385267641	0.22568990408910136	0.02662385738413457	
SCAF8	0.9467126339749703	0.026643683012514807	0.026643683012514807	
SCAI	0.9764694515237555	0.011765274238122242	0.011765274238122242	
SCAMP1	0.8966776475731034	0.029770647947630218	0.07355170447926637	
SCAMP1-AS1	0.29411322557907355	0.021490690413731015	0.6843960840071953	
SCAMP2	0.014998011357283807	0.3514250501537397	0.6335769384889764	
SCAMP3	0.17754403759593865	0.17005574443332358	0.6524002179707378	
SCAMP4	0.1529324252528591	0.3769424500229145	0.47012512472422635	
SCAMP5	0.6916990885462865	0.016501050196867845	0.2917998612568456	
SCAND1	0.009708737864077669	0.009708737864077669	0.9805825242718447	
SCAP	0.3397779814013436	0.30690214456588705	0.35331987403276943	
SCAPER	0.5540411037464404	0.43780388038029444	0.00815501587326504	
SCARA3	0.2631262463177252	0.4486564669645657	0.2882172867177091	
SCARA5	0.6228757413267486	0.012622094465088423	0.364502164208163	
SCARB1	0.7670789084947497	0.1694744644230792	0.0634466270821711	
SCARB2	0.5327969907926832	0.03579320962111722	0.4314097995861997	
SCARF1	0.5817307723210876	0.010048635453493736	0.4082205922254186	
SCARF2	0.3816514456870149	0.008901842541351011	0.609446711771634	
SCART1	0.9096530046065343	0.016729700946937917	0.07361729444652777	
SCCPDH	0.3289667853834812	0.043758398158559544	0.6272748164579592	
SCD	0.28362839094520315	0.015774393598882067	0.7005972154559147	
SCD5	0.7366115361381012	0.01175757211762633	0.2516308917442725	
SCFD1	0.6977794474069207	0.2769201356994682	0.025300416893611174	
SCFD2	0.9711523778033097	0.014423811098345157	0.014423811098345157	
SCGB2A1	0.11732324838739708	0.11732324838739708	0.7653535032252058	
SCIMP	0.04634224722594551	0.02216820781434601	0.9314895449597084	
SCIN	0.49029877508479	0.4297710705481944	0.07993015436701552	
SCLT1	0.9764999736955161	0.011750013152241948	0.011750013152241948	
SCMH1	0.9512832605386471	0.02435836973067641	0.02435836973067641	
SCML1	0.9508267206764124	0.024586639661793773	0.024586639661793773	
SCML2	0.972209748921637	0.013895125539181458	0.013895125539181458	
SCML4	0.9683522512321168	0.015823874383941616	0.015823874383941616	
SCN11A	0.975144802448131	0.012427598775934516	0.012427598775934516	
SCN1B	0.12127705389400435	0.01859734403543347	0.8601256020705621	
SCN2A	0.9705704028969624	0.01750065641614661	0.011928940686890939	
SCN3B	0.792427096729835	0.016061642954746453	0.19151126031541857	
SCN5A	0.9696218104528546	0.015189094773572725	0.015189094773572725	
SCN7A	0.7200294033786613	0.009225010213440063	0.2707455864078986	
SCN9A	0.9781320734811337	0.010933963259433108	0.010933963259433108	
SCNM1	0.026205946411735178	0.026205946411735178	0.9475881071765296	
SCNN1A	0.3488669956197477	0.010142404078166906	0.6409906003020853	
SCNN1B	0.3273218532465609	0.43369626629011315	0.2389818804633259	
SCNN1D	0.5906156113290487	0.017442695842615576	0.39194169282833574	
SCO1	0.3894853248487517	0.4046142070145858	0.20590046813666252	
SCOC	0.015428159046282456	0.3384197727877704	0.6461520681659472	
SCOC-AS1	0.9682935755904327	0.01585321220478364	0.01585321220478364	
SCP2	0.04834360261604601	0.04834360261604601	0.903312794767908	
SCPEP1	0.016847638130556168	0.016847638130556168	0.9663047237388876	
SCRG1	0.7085793520178495	0.015067873554031832	0.27635277442811856	
SCRIB	0.39074568259068576	0.3085429794675479	0.30071133794176635	
SCRN1	0.43457117996605765	0.019135511528161824	0.5462933085057805	
SCRN2	0.013615790231440744	0.013615790231440744	0.9727684195371185	
SCRN3	0.546180738217779	0.03354000070980393	0.420279261072417	
SCUBE1	0.5603276475066651	0.1952179301197439	0.24445442237359105	
SCUBE2	0.9625070966096198	0.018746451695190135	0.018746451695190135	
SCUBE3	0.6637194672424793	0.012064150371563965	0.3242163823859567	
SCX	0.08819939520712812	0.17446552267649912	0.7373350821163727	
SCYL1	0.013107202126378979	0.398584876120791	0.58830792175283	
SCYL2	0.5124654559054796	0.46774074143497496	0.019793802659545334	
SCYL3	0.6627123067848744	0.3183605786369223	0.01892711457820326	
SDAD1	0.9030401118335604	0.044902211134135325	0.05205767703230426	
SDC1	0.0063305171447803465	0.5659683846928926	0.42770109816232704	
SDC2	0.6366105955768635	0.012683039214004713	0.35070636520913184	
SDC3	0.41457401405744615	0.019643592939524286	0.5657823930030295	
SDC4	0.009785953205005726	0.32337132759503934	0.6668427191999549	
SDCBP	0.029354521999268902	0.11446548965807848	0.8561799883426526	
SDCBP2	0.010042257298534954	0.010042257298534954	0.97991548540293	
SDCBP2-AS1	0.972070523840339	0.013964738079830518	0.013964738079830518	
SDCCAG8	0.9768626098554349	0.011568695072282547	0.011568695072282547	
SDE2	0.5764820189660397	0.03181974050352602	0.3916982405304342	
SDF2	0.01595578339423728	0.40425651898806697	0.5797876976176958	
SDF2L1	0.0076741320492611145	0.21723853097536622	0.7750873369753726	
SDF4	0.017073637359197563	0.16123955643674645	0.8216868062040561	
SDHAF1	0.008561307848477896	0.21507445962860203	0.7763642325229201	
SDHAF3	0.3961475678241248	0.03934523639192275	0.5645071957839524	
SDHAF4	0.7730147944046387	0.02542406014205844	0.20156114545330286	
SDHB	0.030178615803823066	0.19617648598458243	0.7736448982115945	
SDHC	0.03160390555379611	0.03160390555379611	0.9367921888924077	
SDK1	0.9805560922488396	0.009721953875580213	0.009721953875580213	
SDK2	0.5519733326006493	0.44209840563135505	0.0059282617679956295	
SDR39U1	0.020618455302375403	0.11578361749549318	0.8635979272021315	
SDR42E1	0.3124336504417466	0.02392485954101274	0.6636414900172407	
SDR42E2	0.9567095107322079	0.02164524463389602	0.02164524463389602	
SDS	0.5052945337084922	0.010896628021327716	0.48380883827018006	
SDSL	0.18421788362286706	0.017157006098229722	0.7986251102789031	
SEC11A	0.026653799400434802	0.42214966067661	0.5511965399229553	
SEC11C	0.015973269904472925	0.015973269904472925	0.9680534601910541	
SEC13	0.021579150054510974	0.3605629401484093	0.6178579097970797	
SEC14L1	0.9316901282767033	0.03415493586164833	0.03415493586164833	
SEC14L2	0.3991926785197439	0.013299161044782392	0.5875081604354737	
SEC14L6	0.8434939161368519	0.033268401621153375	0.12323768224199477	
SEC16A	0.8471130510710552	0.12267004148041652	0.03021690744852827	
SEC16B	0.013046035204695265	0.013046035204695265	0.9739079295906095	
SEC22A	0.744081298928573	0.23987631589782143	0.016042385173605567	
SEC22B	0.26363345334724736	0.35797211711553334	0.37839442953721925	
SEC22C	0.5055344501359603	0.03109193637633483	0.46337361348770467	
SEC23A	0.9490030142914705	0.025498492854264726	0.025498492854264726	
SEC23B	0.2135593824036822	0.04076971358416916	0.7456709040121486	
SEC23IP	0.9248439773767362	0.037578011311631854	0.037578011311631854	
SEC24A	0.5183820443245198	0.46992516676372953	0.011692788911750584	
SEC24B	0.7957950401496802	0.17210984361560028	0.03209511623471956	
SEC24B-AS1	0.9767904988699064	0.011604750565046788	0.011604750565046788	
SEC24C	0.20325349977128487	0.3562243809834162	0.440522119245299	
SEC24D	0.6617015054978981	0.3244556408401989	0.013842853661903097	
SEC31A	0.2734675936008649	0.513121739176351	0.21341066722278407	
SEC31B	0.7717078347191145	0.012936558511822	0.21535560676906346	
SEC61A1	0.03196632565826754	0.10765566199176457	0.8603780123499678	
SEC61A2	0.9525122390666757	0.02374388046666211	0.02374388046666211	
SEC61B	0.01843022848744976	0.01843022848744976	0.9631395430251004	
SEC61G	0.015385591384913258	0.015385591384913258	0.9692288172301735	
SEC62	0.3425221557782426	0.05032294866517458	0.6071548955565829	
SEC63	0.7919874134373407	0.17671996161998701	0.031292624942672355	
SECISBP2	0.5340078465978556	0.43727067760981103	0.02872147579233345	
SECISBP2L	0.496042765260596	0.4883754745004017	0.015581760239002198	
SECTM1	0.013079420773513584	0.013079420773513584	0.9738411584529728	
SEH1L	0.905896165879669	0.04705191706016542	0.04705191706016542	
SEL1L	0.7236787842728809	0.0360866145652925	0.24023460116182663	
SEL1L3	0.6675457415832486	0.03357131310819346	0.298882945308558	
SELENBP1	0.04969569361147301	0.013190021901996108	0.9371142844865309	
SELENOF	0.046526247107128015	0.046526247107128015	0.906947505785744	
SELENOI	0.632394701076235	0.3546719087637406	0.012933390160024313	
SELENOK	0.015052774876472698	0.015052774876472698	0.9698944502470546	
SELENOM	0.010003313716158806	0.010003313716158806	0.9799933725676824	
SELENON	0.01266626649950067	0.01266626649950067	0.9746674670009986	
SELENOO	0.7788979861144808	0.013900797175149492	0.2072012167103697	
SELENOP	0.025225905263448558	0.025225905263448558	0.9495481894731028	
SELENOS	0.019144766725971308	0.019144766725971308	0.9617104665480574	
SELENOT	0.02187793418197025	0.35504314683011284	0.6230789189879168	
SELENOW	0.0120952966167244	0.0120952966167244	0.9758094067665511	
SELL	0.22246406090239096	0.014406086353776439	0.7631298527438325	
SELP	0.43506820778488986	0.017128906742642672	0.5478028854724675	
SELPLG	0.016664937751882603	0.016664937751882603	0.9666701244962348	
SEM1	0.016602259283127755	0.6975034226606467	0.28589431805622556	
SEMA3A	0.9805825242718447	0.009708737864077669	0.009708737864077669	
SEMA3B	0.43176945495828223	0.007822802139423057	0.5604077429022947	
SEMA3C	0.9784806007128858	0.010759699643557094	0.010759699643557094	
SEMA3D	0.9724688447979595	0.010386528815739161	0.01714462638630138	
SEMA3E	0.8831836381936806	0.10725473828171335	0.009561623524606058	
SEMA3F	0.37126214098996285	0.0402249715647972	0.58851288744524	
SEMA3G	0.020853146888112368	0.015662914402001987	0.9634839387098856	
SEMA4A	0.47883539981654927	0.014410251471710636	0.5067543487117401	
SEMA4B	0.24608104498789027	0.41972199669936133	0.3341969583127484	
SEMA4C	0.07684954486363157	0.4620159460514678	0.4611345090849006	
SEMA4D	0.9459632941793814	0.027018352910309285	0.027018352910309285	
SEMA4F	0.9480536667072655	0.02597316664636723	0.02597316664636723	
SEMA4G	0.31869755083082474	0.07696679161399897	0.6043356575551763	
SEMA5A	0.9791602859195464	0.010419857040226773	0.010419857040226773	
SEMA5B	0.9794903246821003	0.010254837658949842	0.010254837658949842	
SEMA6A	0.5054070155613205	0.4878103622874775	0.00678262215120191	
SEMA6A-AS1	0.6760924491262593	0.3137748474258448	0.010132703447895778	
SEMA6B	0.6499629032474333	0.011436153155348771	0.3386009435972179	
SEMA6C	0.9670885466356138	0.016455726682193056	0.016455726682193056	
SEMA6D	0.5180670509346833	0.4761211711084301	0.005811777956886628	
SEMA7A	0.253360556648641	0.5440159682197558	0.2026234751316032	
SENCR	0.12404335877116936	0.025782626429992152	0.8501740147988385	
SENP1	0.9643436427794051	0.017828178610297424	0.017828178610297424	
SENP2	0.8517857516714556	0.13059528265437922	0.017618965674165123	
SENP3	0.009706298612221317	0.1514585082398737	0.8388351931479049	
SENP5	0.9596157410144173	0.020192129492791373	0.020192129492791373	
SENP6	0.9300644537869536	0.03496777310652318	0.03496777310652318	
SENP7	0.9600896274625563	0.01995518626872188	0.01995518626872188	
SENP8	0.7263410145948926	0.25833298307418034	0.015326002330926979	
SEPHS1	0.02595616314703397	0.24049731372970806	0.733546523123258	
SEPHS2	0.009774967025055072	0.009774967025055072	0.9804500659498898	
SEPSECS	0.950714960756816	0.024642519621591977	0.024642519621591977	
SERAC1	0.9675873097677702	0.016206345116114917	0.016206345116114917	
SERBP1	0.055283083389475046	0.18260704557923124	0.7621098710312937	
SERF1A	0.14951087662573864	0.023441342817129632	0.8270477805571317	
SERF2	0.024999343832465964	0.06315808969803491	0.9118425664694991	
SERGEF	0.9501169495495129	0.024941525225243528	0.024941525225243528	
SERHL2	0.43345486341594763	0.2476315571608944	0.3189135794231581	
SERINC1	0.03245153702957409	0.03245153702957409	0.9350969259408518	
SERINC2	0.10202255188076527	0.4966239936796776	0.40135345443955717	
SERINC3	0.03234585032783156	0.03234585032783156	0.9353082993443368	
SERINC5	0.9693691808890387	0.015315409555480672	0.015315409555480672	
SERP1	0.027807247834984363	0.258267767853477	0.7139249843115387	
SERP2	0.9598858061469956	0.020057096926502205	0.020057096926502205	
SERPINA1	0.010085357591403936	0.010085357591403936	0.9798292848171921	
SERPINB1	0.014560323626235376	0.07557258387761431	0.9098670924961504	
SERPINB2	0.23491461475349196	0.25305776899123467	0.5120276162552734	
SERPINB6	0.04444846238796776	0.04444846238796776	0.9111030752240645	
SERPINB7	0.09679056659631728	0.4798945454503685	0.4233148879533141	
SERPINB8	0.016225292319078433	0.016225292319078433	0.9675494153618431	
SERPINB9	0.15936656532691687	0.2563628859746958	0.5842705486983873	
SERPINB9P1	0.956090504448243	0.021954747775878514	0.021954747775878514	
SERPIND1	0.22325365306131228	0.016752712186131457	0.7599936347525562	
SERPINE1	0.008861001147266035	0.2292123872394701	0.7619266116132639	
SERPINE2	0.1784230520240718	0.5351266366504999	0.2864503113254284	
SERPINF1	0.011348847660375161	0.011348847660375161	0.9773023046792496	
SERPINF2	0.29179052604782557	0.015225452210204127	0.6929840217419703	
SERPING1	0.012464898771810699	0.012464898771810699	0.9750702024563785	
SERPINH1	0.019138471691660556	0.019138471691660556	0.9617230566166789	
SERPINI1	0.52834451236162	0.13696930231985407	0.33468618531852595	
SERTAD1	0.010938979909768916	0.010938979909768916	0.9781220401804621	
SERTAD2	0.5700307365906806	0.416882126405581	0.013087137003738467	
SERTAD3	0.008557006765134507	0.34779336578153663	0.6436496274533289	
SERTAD4	0.20016533177986198	0.7918802762204874	0.007954391999650593	
SERTAD4-AS1	0.043056568951389346	0.49522774768513	0.4617156833634806	
SERTM2	0.80338262699889	0.09830868650055506	0.09830868650055506	
SESN1	0.9201300783077301	0.03993496084613495	0.03993496084613495	
SESN2	0.27365682408436565	0.35071408294950307	0.3756290929661313	
SESN3	0.9576661717293348	0.021166914135332605	0.021166914135332605	
SESTD1	0.974712612030499	0.012643693984750487	0.012643693984750487	
SET	0.01723643284381905	0.27718766230584413	0.7055759048503367	
SETBP1	0.9752392759649307	0.012380362017534674	0.012380362017534674	
SETD1A	0.554501162317515	0.06602379167654933	0.37947504600593573	
SETD1B	0.4613316507800122	0.2598936145647079	0.2787747346552798	
SETD2	0.9516583937159585	0.02417080314202075	0.02417080314202075	
SETD3	0.62761778308168	0.34556017304587455	0.02682204387244543	
SETD4	0.5884489047218299	0.38155091528960583	0.0300001799885644	
SETD5	0.6799815500946066	0.2959745143316179	0.024043935573775436	
SETD6	0.3360880049996197	0.338385938157194	0.32552605684318625	
SETD7	0.5863625234411588	0.01962587551268427	0.394011601046157	
SETD9	0.335156769630768	0.33007059605841116	0.33477263431082094	
SETDB1	0.7400440989551065	0.23041927469561727	0.02953662634927626	
SETDB2	0.964191698225258	0.017904150887371014	0.017904150887371014	
SETMAR	0.5552650446759009	0.17104655451441883	0.2736884008096804	
SETX	0.949120160489354	0.025439919755322966	0.025439919755322966	
SEZ6	0.9533479293321121	0.02332603533394395	0.02332603533394395	
SEZ6L2	0.6706674575172967	0.011800451567550996	0.31753209091515233	
SF1	0.07272221884680517	0.07272221884680517	0.8545555623063897	
SF3A1	0.018386781626146993	0.2721413270399292	0.7094718913339236	
SF3A2	0.013479615860858874	0.36370586603993593	0.6228145180992052	
SF3A3	0.04062729400939409	0.35352369351069435	0.6058490124799115	
SF3B1	0.31057399582474937	0.5940886775901093	0.09533732658514138	
SF3B2	0.02114820484332201	0.4380862905189833	0.5407655046376947	
SF3B3	0.7772093942606851	0.19299509156982897	0.029795514169485844	
SF3B4	0.010407702744862097	0.2753179586607653	0.7142743385943727	
SF3B5	0.009708737864077669	0.009708737864077669	0.9805825242718447	
SF3B6	0.012997574130688996	0.15450122348899936	0.8325012023803117	
SFI1	0.9589353030642656	0.0205323484678672	0.0205323484678672	
SFMBT1	0.6291879834235299	0.3570366269097851	0.013775389666684956	
SFMBT2	0.9755383902036966	0.012230804898151686	0.012230804898151686	
SFN	0.008711641352539776	0.17808410712966039	0.8132042515177997	
SFPQ	0.2365274365275883	0.7216039689739835	0.041868594498428155	
SFR1	0.12140727448681317	0.021790378640160153	0.8568023468730267	
SFRP1	0.16987344979754312	0.41204023890317276	0.41808631129928403	
SFRP4	0.6964360877108758	0.012107929303116	0.29145598298600817	
SFSWAP	0.7213146273396004	0.26268029397334325	0.016005078687056414	
SFT2D1	0.12449644090659955	0.2076480719577847	0.6678554871356158	
SFT2D2	0.9500720964046415	0.023843294852734228	0.02608460874262429	
SFT2D3	0.4929245413607007	0.02221308435427182	0.48486237428502754	
SFTA2	0.26685107011397197	0.009481834470142399	0.7236670954158856	
SFTPD	0.6606054422016168	0.02284813809175034	0.31654641970663294	
SFXN1	0.581863259909777	0.36962291500914474	0.048513825081078266	
SFXN2	0.9694091274881778	0.015295436255911116	0.015295436255911116	
SFXN3	0.0665836083844986	0.020490263344569572	0.9129261282709319	
SFXN4	0.5099732450176262	0.04926047247794044	0.4407662825044334	
SFXN5	0.9692665443967863	0.015366727801606845	0.015366727801606845	
SGCB	0.2341787923231375	0.010237225434441931	0.7555839822424206	
SGCD	0.9805825242718447	0.009708737864077669	0.009708737864077669	
SGCE	0.9013249533617506	0.08591292192465154	0.012762124713597962	
SGF29	0.33347652930147115	0.026309913256443728	0.640213557442085	
SGIP1	0.9793397816074599	0.010330109196270039	0.010330109196270039	
SGK1	0.19837210600031746	0.0195585485466988	0.7820693454529837	
SGK2	0.30041030137064	0.3925628970528689	0.30702680157649115	
SGK3	0.013626002521523092	0.013626002521523092	0.9727479949569537	
SGMS1	0.9611086553104122	0.019445672344793892	0.019445672344793892	
SGMS1-AS1	0.9626616860954053	0.01866915695229735	0.01866915695229735	
SGMS2	0.8874859283596276	0.015615391200371047	0.09689868044000136	
SGO1	0.5091273825082634	0.48450939096708917	0.006363226524647419	
SGO2	0.6158599111766284	0.37675301706328546	0.007387071760085981	
SGPP1	0.45882598327451374	0.5210055774788508	0.02016843924663544	
SGPP2	0.683293697879871	0.014281968975992343	0.30242433314413664	
SGSH	0.2260998197966465	0.015551848166609875	0.7583483320367436	
SGSM1	0.9725981820310307	0.013700908984484637	0.013700908984484637	
SGSM2	0.46016365320930336	0.032185976792060374	0.5076503699986363	
SGSM3	0.008283742553934525	0.15505825949867832	0.8366579979473872	
SGTA	0.014612167207344092	0.5567540129647475	0.4286338198279084	
SGTB	0.956235685831045	0.02188215708447745	0.02188215708447745	
SH2B1	0.11627391622275506	0.05767466651142311	0.8260514172658219	
SH2B2	0.4743310329812665	0.47065114447602535	0.0550178225427081	
SH2B3	0.9489862685586268	0.025506865720686604	0.025506865720686604	
SH2D1B	0.41201502086122055	0.01954143969555984	0.5684435394432196	
SH2D2A	0.1723245656402077	0.015550221080033273	0.8121252132797591	
SH2D3A	0.1979439227084038	0.41903094551362474	0.3830251317779714	
SH2D3C	0.7252857335857182	0.018483431731125693	0.25623083468315594	
SH2D4A	0.6633889164807979	0.32458237387334266	0.012028709645859519	
SH3BGRL	0.06548653177208041	0.06548653177208041	0.8690269364558393	
SH3BGRL2	0.5352195133605726	0.34587102033451544	0.11890946630491193	
SH3BGRL3	0.009708737864077669	0.009708737864077669	0.9805825242718447	
SH3BP1	0.010956353680857523	0.05296933623048517	0.9360743100886574	
SH3BP2	0.6556212926904833	0.020451119939391263	0.32392758737012534	
SH3BP4	0.48776415142964924	0.49964464297485484	0.012591205595496025	
SH3BP5	0.5825063541357152	0.3938148201620741	0.023678825702210766	
SH3BP5-AS1	0.018699377209022282	0.2845414890155917	0.696759133775386	
SH3BP5L	0.022720135520707112	0.2421428009321772	0.7351370635471157	
SH3D19	0.7574125607000126	0.2320242185299232	0.010563220770064169	
SH3D21	0.5362671166964871	0.33331796492495647	0.1304149183785563	
SH3GL1	0.2602776012147385	0.3973349783154101	0.3423874204698515	
SH3GL3	0.979122655652868	0.010438672173565944	0.010438672173565944	
SH3GLB1	0.3713152779355553	0.37681609276715416	0.2518686292972906	
SH3GLB2	0.00814694855476892	0.5804332304301794	0.4114198210150517	
SH3KBP1	0.9555526823595423	0.02222365882022887	0.02222365882022887	
SH3PXD2A	0.7696932034754181	0.2183117996219795	0.011994996902602367	
SH3PXD2B	0.8617500268698333	0.12606069645514437	0.01218927667502232	
SH3RF1	0.7703965794169836	0.2205257812655506	0.009077639317465781	
SH3RF3	0.9762193961455331	0.011890301927233459	0.011890301927233459	
SH3TC1	0.7181253376373142	0.028508080693801164	0.25336658166888454	
SH3TC2	0.427012866511348	0.5673696125720965	0.005617520916555411	
SH3TC2-DT	0.3874397804344997	0.6065547272168188	0.006005492348681375	
SH3YL1	0.36416370029428247	0.5058170029410343	0.13001929676468318	
SHANK2	0.5867008934126027	0.4070881802685045	0.006210926318892815	
SHANK3	0.9071007705095536	0.012178415788574747	0.08072081370187158	
SHARPIN	0.019062364986832947	0.019062364986832947	0.9618752700263341	
SHB	0.0709446963242422	0.21899199407399086	0.7100633096017669	
SHBG	0.5104259396962691	0.01168439329740271	0.4778896670063282	
SHC1	0.019452251178794434	0.019452251178794434	0.9610954976424111	
SHC2	0.6945078216952736	0.010461602450885168	0.2950305758538413	
SHC3	0.9775027735570084	0.011248613221495798	0.011248613221495798	
SHC4	0.9740478921210456	0.012976053939477174	0.012976053939477174	
SHCBP1	0.5978190665961117	0.3935578885883736	0.008623044815514657	
SHE	0.7399902056854721	0.014622657498730976	0.24538713681579677	
SHF	0.46293490846326035	0.011414406869202925	0.5256506846675367	
SHISA4	0.009708737864077669	0.009708737864077669	0.9805825242718447	
SHISA5	0.014257897579103066	0.3123835946022219	0.673358507818675	
SHISA6	0.9799570160963127	0.01002149195184362	0.01002149195184362	
SHISAL1	0.9553732967729172	0.022313351613541404	0.022313351613541404	
SHISAL2A	0.9656331655888046	0.017183417205597695	0.017183417205597695	
SHKBP1	0.018227431160688035	0.018227431160688035	0.9635451376786239	
SHLD1	0.968271699756674	0.015864150121662993	0.015864150121662993	
SHLD2	0.9571469480888173	0.021426525955591334	0.021426525955591334	
SHMT1	0.0954989875807354	0.6247514384667778	0.27974957395248684	
SHMT2	0.010255110997891378	0.06259717626782292	0.9271477127342858	
SHOC2	0.9444285069471805	0.027785746526409704	0.027785746526409704	
SHOX2	0.4118189162588903	0.5799486219212616	0.008232461819848005	
SHPRH	0.9742713546901254	0.012864322654937274	0.012864322654937274	
SHQ1	0.9604402325419485	0.019779883729025723	0.019779883729025723	
SHROOM1	0.41534178221323714	0.018446416216398878	0.5662118015703639	
SHROOM2	0.9772989624096371	0.011350518795181468	0.011350518795181468	
SHROOM3	0.9781288756413532	0.010935562179323365	0.010935562179323365	
SHROOM4	0.9201081600027023	0.06924206155685682	0.010649778440440877	
SHTN1	0.7809360031052764	0.2084320714691377	0.010631925425585826	
SIAE	0.41091996413298376	0.010563870247134325	0.5785161656198818	
SIAH1	0.2906081754776783	0.6984790836023731	0.010912740919948568	
SIAH2	0.1513864035501858	0.40930528257426996	0.4393083138755442	
SIDT1	0.966409956748171	0.016795021625914505	0.016795021625914505	
SIDT2	0.13591199485848693	0.3569695322627817	0.5071184728787314	
SIGIRR	0.015028864193820683	0.015028864193820683	0.9699422716123586	
SIGLEC1	0.42180469922872993	0.013220441108425074	0.564974859662845	
SIGLEC10	0.013381094402642724	0.013381094402642724	0.9732378111947145	
SIGLEC15	0.9213092666742204	0.03934536666288984	0.03934536666288984	
SIGLEC6	0.10787651040448953	0.8527727608347279	0.03935072876078272	
SIGLEC7	0.018462805954751686	0.018462805954751686	0.9630743880904966	
SIGLEC9	0.12591217615220152	0.015459968246052799	0.8586278556017457	
SIGMAR1	0.008425197448672414	0.17501337625363986	0.8165614262976877	
SIK1	0.011342128380357743	0.011342128380357743	0.9773157432392845	
SIK2	0.9714236609569548	0.014288169521522615	0.014288169521522615	
SIK3	0.9399450470217103	0.041345716695219026	0.018709236283070592	
SIKE1	0.5723668197014493	0.14776461604873445	0.2798685642498164	
SIL1	0.7259776796774534	0.2610236419052562	0.012998678417290407	
SIMC1	0.9670347226266344	0.016482638686682774	0.016482638686682774	
SIN3A	0.675479436018597	0.30597729907720095	0.01854326490420211	
SIN3B	0.31903045606451724	0.6417377544212358	0.03923178951424699	
SINHCAF	0.6433089722265033	0.3302159887370872	0.02647503903640961	
SIPA1	0.020841744572103506	0.020841744572103506	0.958316510855793	
SIPA1L1	0.6838023070097573	0.3030442930407042	0.013153399949538515	
SIPA1L2	0.9773026504541713	0.011348674772914312	0.011348674772914312	
SIPA1L3	0.9758428378554174	0.012078581072291308	0.012078581072291308	
SIRPA	0.36443462629912105	0.014167237149824369	0.6213981365510545	
SIRPB2	0.30936115546053866	0.01332103949370225	0.6773178050457591	
SIRPG	0.29928442535285577	0.018721694545727585	0.6819938801014167	
SIRT1	0.9287987176241443	0.03560064118792778	0.03560064118792778	
SIRT2	0.51211924410275	0.020694995768292507	0.46718576012895746	
SIRT3	0.4613226306997999	0.024187844183902855	0.5144895251162972	
SIRT4	0.6397837177100669	0.2982828316566309	0.06193345063330209	
SIRT5	0.5846833670163314	0.3998490727251937	0.015467560258474788	
SIRT6	0.15200116563545032	0.2019654651647388	0.6460333691998109	
SIRT7	0.13066975843813322	0.38161492490617066	0.4877153166556961	
SIVA1	0.012734165604036169	0.30572004920499374	0.6815457851909701	
SIX4	0.3939701836526081	0.5948776679252541	0.01115214842213781	
SIX5	0.06273363721319955	0.4227886020349066	0.514477760751894	
SKA1	0.5638040122367718	0.42613425878353345	0.010061728979694722	
SKA2	0.4325897899933644	0.4578585233319741	0.10955168667466159	
SKA3	0.4729393374940779	0.5203863269828723	0.006674335523049794	
SKAP1	0.9739975100512002	0.013001244974399917	0.013001244974399917	
SKAP2	0.9582805010928144	0.02085974945359278	0.02085974945359278	
SKI	0.9639886216970477	0.01800568915147615	0.01800568915147615	
SKIDA1	0.9272648545354346	0.052917101475343224	0.019818043989222302	
SKIL	0.9548398888016342	0.022580055599182917	0.022580055599182917	
SKP1	0.012665806882280601	0.30002023305319064	0.6873139600645287	
SKP2	0.5634959308941851	0.4258402007844538	0.010663868321361035	
SLA	0.4968333425851827	0.018797082679426785	0.48436957473539044	
SLA2	0.9608588428298664	0.01957057858506674	0.01957057858506674	
SLAIN1	0.9371508210019388	0.027018880623972133	0.035830298374089006	
SLAIN2	0.4995902032926422	0.48343285892636273	0.016976937780994936	
SLAMF1	0.3730150093624668	0.01204392538709511	0.6149410652504381	
SLAMF6	0.28435894786577465	0.012408161507003237	0.703232890627222	
SLAMF7	0.010407378755917742	0.010407378755917742	0.9791852424881645	
SLAMF8	0.014554813100557257	0.014554813100557257	0.9708903737988854	
SLBP	0.03191875248177859	0.12335595361978775	0.8447252938984336	
SLC10A3	0.008981443430625555	0.15718918502196633	0.8338293715474082	
SLC10A6	0.25973661100178286	0.01301126361034442	0.7272521253878726	
SLC10A7	0.8802336964585078	0.10861498813775067	0.011151315403741478	
SLC11A1	0.2353558333346338	0.010105442670682335	0.7545387239946838	
SLC11A2	0.7794275246229156	0.032875157803440316	0.1876973175736439	
SLC12A2	0.9718522077142145	0.01407389614289271	0.01407389614289271	
SLC12A4	0.21026921141031826	0.4109161503780824	0.37881463821159955	
SLC12A6	0.9599835931157916	0.020008203442104185	0.020008203442104185	
SLC12A7	0.5289889753089507	0.010260268331571586	0.4607507563594777	
SLC12A8	0.6880025626565277	0.30232825174524025	0.009669185598232008	
SLC12A9	0.512669125323826	0.1905831598897408	0.2967477147864332	
SLC12A9-AS1	0.6204054846648221	0.3663116398312087	0.013282875503969036	
SLC13A3	0.5105979577198166	0.4462482903924734	0.04315375188771004	
SLC13A4	0.4607242955554445	0.5292249086398948	0.010050795804660766	
SLC14A1	0.8042835451493557	0.012258158129711694	0.1834582967209325	
SLC14A2	0.9753347242078433	0.012332637896078321	0.012332637896078321	
SLC15A1	0.5550253811670982	0.012077714956474023	0.4328969038764278	
SLC15A2	0.9722706928426171	0.013864653578691401	0.013864653578691401	
SLC15A3	0.020918984281306872	0.020918984281306872	0.9581620314373862	
SLC15A4	0.8041667060012899	0.035837376770397944	0.15999591722831222	
SLC16A1	0.34941322378150097	0.47968048221869997	0.17090629399979898	
SLC16A1-AS1	0.9799666843035619	0.010016657848219007	0.010016657848219007	
SLC16A10	0.977184691383345	0.011407654308327514	0.011407654308327514	
SLC16A12	0.5352990594933245	0.4579759676226086	0.006724972884066909	
SLC16A13	0.1785079189148854	0.1529423602779141	0.6685497208072004	
SLC16A14	0.9634673736162291	0.018266313191885396	0.018266313191885396	
SLC16A2	0.727190700803844	0.01445789365761369	0.2583514055385422	
SLC16A3	0.49778126411147	0.22510226209130832	0.27711647379722165	
SLC16A4	0.3676337069788952	0.5060552705521318	0.126311022468973	
SLC16A5	0.3207010049714194	0.4303099943714426	0.24898900065713808	
SLC16A6	0.8756266450794079	0.01753686891367244	0.10683648600691979	
SLC16A7	0.9737084110661185	0.013145794466940718	0.013145794466940718	
SLC16A8	0.05349693659066752	0.05349693659066752	0.893006126818665	
SLC16A9	0.92175086237812	0.01358919884586526	0.06465993877601474	
SLC17A5	0.6744884754336509	0.012850023426957811	0.31266150113939134	
SLC17A8	0.3151407955387151	0.6781448985351939	0.006714305926091028	
SLC17A9	0.47278156947326516	0.01312802305015388	0.5140904074765809	
SLC18A2	0.6817849468606978	0.010936877591461653	0.30727817554784054	
SLC18B1	0.6495637239530099	0.2973384938613155	0.05309778218567466	
SLC19A1	0.6757086912874375	0.3136594413826848	0.010631867329877741	
SLC19A2	0.3222902597692812	0.48576087414363456	0.19194886608708428	
SLC19A3	0.29074235215881067	0.7023041414898051	0.00695350635138421	
SLC1A1	0.5325188909351353	0.00946540003145383	0.45801570903341093	
SLC1A2	0.9801530913373808	0.009923454331309655	0.009923454331309655	
SLC1A3	0.8016250472186702	0.032901514757694844	0.1654734380236349	
SLC1A4	0.34565714127019825	0.023683625052236014	0.6306592336775657	
SLC1A5	0.011331534204803366	0.31305514316657274	0.675613322628624	
SLC1A6	0.4449118272490386	0.5464829298330384	0.008605242917923077	
SLC20A1	0.07849367053652609	0.6124535552985667	0.30905277416490723	
SLC20A2	0.9597492827346423	0.02219244576570735	0.01805827149965021	
SLC22A11	0.20444777789258667	0.787752690518125	0.0077995315892883665	
SLC22A15	0.7224232475235216	0.2653524674206145	0.01222428505586375	
SLC22A16	0.9787454746827232	0.010627262658638404	0.010627262658638404	
SLC22A17	0.06517499067167024	0.011779814676553799	0.9230451946517759	
SLC22A18	0.4016480373430917	0.20409931364717465	0.3942526490097338	
SLC22A18AS	0.37981681323023025	0.5136612721004048	0.10652191466936502	
SLC22A23	0.9712260416364958	0.014386979181752095	0.014386979181752095	
SLC22A3	0.9739514664609191	0.013024266769540417	0.013024266769540417	
SLC22A4	0.964806234738637	0.01254897066472023	0.022644794596642794	
SLC22A5	0.4065564044163636	0.28940140724358876	0.30404218834004776	
SLC23A2	0.4383106025404636	0.5535445285289703	0.008144868930566112	
SLC24A1	0.9580509873958956	0.020974506302052217	0.020974506302052217	
SLC24A2	0.9770949979564117	0.011452501021794126	0.011452501021794126	
SLC24A3	0.9785159383000765	0.010742030849961743	0.010742030849961743	
SLC24A4	0.9721981489820432	0.013900925508978423	0.013900925508978423	
SLC25A1	0.009950187535297784	0.1588229700479059	0.8312268424167962	
SLC25A10	0.008646556439026924	0.11805124321925362	0.8733022003417193	
SLC25A11	0.010466003122310275	0.15226907465994835	0.8372649222177414	
SLC25A12	0.9699982661181162	0.01500086694094187	0.01500086694094187	
SLC25A13	0.9724253916089004	0.013787304195549792	0.013787304195549792	
SLC25A14	0.6938628720343515	0.20066320589582173	0.1054739220698268	
SLC25A15	0.35348434190972683	0.49590853466196577	0.1506071234283074	
SLC25A16	0.6804538078436932	0.31113217016833705	0.008414021987969648	
SLC25A17	0.599214137543044	0.386132073349185	0.014653789107771095	
SLC25A18	0.577846826100697	0.017065594335737632	0.4050875795635653	
SLC25A19	0.38236811909648405	0.02603951223305273	0.5915923686704632	
SLC25A20	0.025715492636114824	0.021015289916233405	0.9532692174476517	
SLC25A21	0.9791289721184661	0.01043551394076694	0.01043551394076694	
SLC25A21-AS1	0.02511528823814892	0.02511528823814892	0.9497694235237021	
SLC25A22	0.014135024305530857	0.014135024305530857	0.9717299513889383	
SLC25A23	0.37249664182066916	0.01530168462731282	0.6122016735520179	
SLC25A24	0.965198305866064	0.01740084706696797	0.01740084706696797	
SLC25A25	0.6071796399823017	0.022514258286215914	0.3703061017314824	
SLC25A25-AS1	0.32765104713446874	0.028037655630113522	0.6443112972354177	
SLC25A26	0.7452138574298264	0.24195064996910493	0.012835492601068702	
SLC25A27	0.756636377833519	0.010959283842394151	0.2324043383240868	
SLC25A28	0.01917175219265062	0.25981598388584226	0.7210122639215072	
SLC25A29	0.3802061595542703	0.014857343949688531	0.6049364964960411	
SLC25A3	0.020390301226558515	0.24507706940186458	0.7345326293715769	
SLC25A30	0.8827635383520227	0.026113717815601824	0.09112274383237542	
SLC25A33	0.9686900502557219	0.015654974872139082	0.015654974872139082	
SLC25A34	0.2057552398099875	0.019575753237494223	0.7746690069525184	
SLC25A35	0.014233260032105604	0.1373772771039879	0.8483894628639064	
SLC25A36	0.6773132727501939	0.2636154032756151	0.059071323974191056	
SLC25A37	0.698810523264058	0.22331232452852015	0.07787715220742181	
SLC25A38	0.012622153320907185	0.3516556641381955	0.6357221825408973	
SLC25A39	0.01215111527319146	0.2503923932754075	0.737456491451401	
SLC25A4	0.22714036441270144	0.2944587620688903	0.4784008735184084	
SLC25A40	0.9492397081325843	0.025380145933707857	0.025380145933707857	
SLC25A42	0.7623962812223505	0.01820800423876661	0.2193957145388828	
SLC25A43	0.8700134417577716	0.11461421777151252	0.015372340470715814	
SLC25A44	0.05062136521329125	0.05062136521329125	0.8987572695734176	
SLC25A45	0.36798645284953446	0.020936616025464715	0.6110769311250008	
SLC25A46	0.8576196526263702	0.04755007880427335	0.09483026856935647	
SLC25A48	0.9778408015680873	0.011079599215956326	0.011079599215956326	
SLC25A5	0.007804774392540144	0.20391301196090525	0.7882822136465545	
SLC25A53	0.9735822649159096	0.013208867542045167	0.013208867542045167	
SLC26A11	0.6754092927179599	0.1830702667803239	0.14152044050171622	
SLC26A2	0.5386359920294982	0.4464621687123886	0.014901839258113324	
SLC26A4	0.9026547753717274	0.020175736240275965	0.07716948838799657	
SLC26A6	0.18177612056339648	0.3462801310946225	0.47194374834198083	
SLC26A7	0.9805054662884563	0.00974726685577186	0.00974726685577186	
SLC26A8	0.9651322541090424	0.017433872945478816	0.017433872945478816	
SLC27A1	0.7986960643359764	0.08181951811929243	0.11948441754473114	
SLC27A2	0.33754348745343477	0.48681965605687577	0.1756368564896896	
SLC27A3	0.18051395080955768	0.012988790798033535	0.8064972583924087	
SLC27A4	0.3667218606492054	0.0150748751725046	0.6182032641782899	
SLC27A5	0.47883679222311015	0.01582505259240704	0.5053381551844828	
SLC27A6	0.4439197445775179	0.5506284882124577	0.005451767210024334	
SLC28A1	0.4430693030931465	0.010198689864513782	0.5467320070423398	
SLC28A2	0.32616194763070383	0.6547950784366433	0.01904297393265286	
SLC28A3	0.6647258788089897	0.013199886944849946	0.32207423424616033	
SLC29A1	0.014561307689741804	0.24179688128958177	0.7436418110206764	
SLC29A2	0.2903951337259348	0.47552441481310237	0.23408045146096287	
SLC29A3	0.5383850381879066	0.44856968894749216	0.01304527286460122	
SLC29A4	0.6564652297257125	0.01509339761644434	0.3284413726578431	
SLC2A1	0.4298996733437447	0.2870360517827294	0.2830642748735259	
SLC2A10	0.5201198836623911	0.013071161450931392	0.46680895488667756	
SLC2A11	0.06064933167574963	0.591338847582717	0.34801182074153336	
SLC2A12	0.5434479820505248	0.33628184239411524	0.12027017555535989	
SLC2A13	0.9776908271292205	0.011154586435389732	0.011154586435389732	
SLC2A14	0.8133857509671182	0.17847455535002693	0.008139693682854837	
SLC2A3	0.19075693976681066	0.025496476984760638	0.7837465832484287	
SLC2A4RG	0.2772237348293637	0.013396346530214813	0.7093799186404215	
SLC2A5	0.8577919921012652	0.021366349328574438	0.1208416585701603	
SLC2A6	0.34188958961848387	0.012952379952047998	0.6451580304294682	
SLC2A8	0.27358740884880833	0.014907361615934528	0.7115052295352572	
SLC2A9	0.9746261926087167	0.012686903695641608	0.012686903695641608	
SLC30A1	0.014508539677104528	0.014508539677104528	0.970982920645791	
SLC30A2	0.03556837253703133	0.6035050636413308	0.3609265638216378	
SLC30A4	0.9633582496275942	0.01832087518620287	0.01832087518620287	
SLC30A5	0.2330192287349716	0.575056677999091	0.19192409326593726	
SLC30A6	0.6012512021865997	0.3841245199196884	0.014624277893711908	
SLC30A7	0.7863454013461857	0.19886740115790483	0.014787197495909442	
SLC30A9	0.904031934622756	0.07847525155324643	0.01749281382399753	
SLC31A1	0.6256496858847604	0.017972208917337584	0.3563781051979019	
SLC31A2	0.014842499906043673	0.014842499906043673	0.9703150001879126	
SLC34A2	0.3446911867345638	0.010858710330963684	0.6444501029344726	
SLC35A1	0.01008047667845299	0.01008047667845299	0.979839046643094	
SLC35A2	0.009779164584804389	0.23242258004077063	0.757798255374425	
SLC35A3	0.00789065141701732	0.3371527478679039	0.6549566007150789	
SLC35A4	0.01086329062383779	0.01086329062383779	0.9782734187523244	
SLC35A5	0.3086748767391032	0.2645722870509861	0.42675283620991067	
SLC35B1	0.013010256587015979	0.2083019898954297	0.7786877535175543	
SLC35B2	0.010270687007832183	0.014141769018576429	0.9755875439735914	
SLC35B3	0.8183971958174306	0.1285965676908459	0.05300623649172336	
SLC35B4	0.7516884737177073	0.2290902735225963	0.019221252759696265	
SLC35C1	0.011110115497958137	0.011110115497958137	0.9777797690040837	
SLC35C2	0.28492247395104603	0.5395725239461007	0.17550500210285347	
SLC35D1	0.9124780272998677	0.022409341882551823	0.06511263081758044	
SLC35D2	0.2986234846539993	0.11114190476641908	0.5902346105795817	
SLC35E2B	0.7055551370455356	0.041619978148014825	0.25282488480644955	
SLC35E3	0.9783817815540222	0.010809109222988857	0.010809109222988857	
SLC35E4	0.9580549099117752	0.020972545044112386	0.020972545044112386	
SLC35F2	0.4304327792557047	0.43626287754874526	0.13330434319555007	
SLC35F5	0.81979435800403	0.16603742009746383	0.014168221898506172	
SLC35G1	0.9689003363142508	0.015549831842874588	0.015549831842874588	
SLC35G2	0.959894278952731	0.020052860523634485	0.020052860523634485	
SLC36A1	0.9556451669450048	0.022177416527497586	0.022177416527497586	
SLC36A4	0.8154525582567744	0.1693694091869257	0.01517803255629983	
SLC37A1	0.6972798065264629	0.28788400680382875	0.014836186669708271	
SLC37A2	0.18849860431773446	0.011019138342366995	0.8004822573398985	
SLC37A3	0.9443761441313748	0.02781192793431256	0.02781192793431256	
SLC37A4	0.27764389673729895	0.11636143285053481	0.6059946704121661	
SLC38A1	0.24107871374209264	0.6431373806285725	0.11578390562933492	
SLC38A10	0.4314867758285267	0.3420724287916454	0.22644079537982795	
SLC38A11	0.36068101872431974	0.47879528114824116	0.160523700127439	
SLC38A2	0.05716798028463293	0.05716798028463293	0.8856640394307342	
SLC38A4	0.8541056227516918	0.1337028219773195	0.01219155527098874	
SLC38A5	0.4517400729756724	0.009938310171837673	0.5383216168524899	
SLC38A6	0.9741984461257177	0.012900776937141107	0.012900776937141107	
SLC38A7	0.7434437404668099	0.02038877315925623	0.23616748637393375	
SLC38A9	0.6294178124502684	0.3599096478748168	0.010672539674914773	
SLC39A10	0.9311196268920877	0.0176282128115793	0.05125216029633295	
SLC39A11	0.9726409584466194	0.01367952077669033	0.01367952077669033	
SLC39A13	0.014405654662427655	0.014405654662427655	0.9711886906751447	
SLC39A14	0.5853694749187351	0.01906077194536955	0.3955697531358953	
SLC39A4	0.09604432328913709	0.17076627383341977	0.7331894028774432	
SLC39A6	0.016399876049918913	0.016399876049918913	0.9672002479001621	
SLC39A7	0.22310022603838278	0.25913654256486185	0.5177632313967553	
SLC39A8	0.4318769073141629	0.5601803448477986	0.007942747838038656	
SLC39A9	0.41649882730231735	0.4754083785462094	0.1080927941514733	
SLC3A2	0.015876492420475757	0.4901807254427957	0.49394278213672854	
SLC40A1	0.28018481784626525	0.017217417338298992	0.7025977648154357	
SLC41A1	0.5521002903282645	0.01569968166508002	0.4322000280066556	
SLC41A2	0.4098940313891497	0.3663518117243059	0.22375415688654435	
SLC41A3	0.037494469908871036	0.037494469908871036	0.925011060182258	
SLC43A1	0.5008562467940774	0.011539531597918208	0.48760422160800443	
SLC43A2	0.45855488394513094	0.5348131759962558	0.0066319400586133	
SLC43A3	0.010430598419082558	0.010430598419082558	0.9791388031618349	
SLC44A1	0.7936393382703001	0.026519513793756548	0.17984114793594333	
SLC44A2	0.057083524830867385	0.5746849464680853	0.3682315287010473	
SLC44A3	0.9514188714246534	0.015599835083423353	0.03298129349192335	
SLC44A4	0.14171361828745138	0.010264445773536648	0.848021935939012	
SLC44A5	0.4917182067676504	0.5029862982156135	0.005295495016736107	
SLC45A1	0.6174385620244733	0.01790727088297683	0.3646541670925499	
SLC45A3	0.4682915216195878	0.014998994295072308	0.5167094840853398	
SLC45A4	0.9735555933986775	0.013222203300661246	0.013222203300661246	
SLC46A1	0.2068156908055297	0.013872609047745442	0.7793117001467248	
SLC46A2	0.2112950439990086	0.009213419958747242	0.7794915360422441	
SLC46A3	0.05016995184285351	0.015628709814375436	0.9342013383427711	
SLC47A1	0.5496831699875788	0.010876241519752874	0.43944058849266837	
SLC48A1	0.24731152614504662	0.013667731255289018	0.7390207425996643	
SLC49A3	0.22700418937543937	0.013736817856148324	0.7592589927684122	
SLC4A1	0.9805825242718447	0.009708737864077669	0.009708737864077669	
SLC4A10	0.9754951206317806	0.012252439684109715	0.012252439684109715	
SLC4A1AP	0.6529571043152697	0.3042210877195212	0.04282180796520904	
SLC4A2	0.09528229930274626	0.0240191363233431	0.8806985643739107	
SLC4A3	0.20480472267208785	0.37857173587220766	0.4166235414557044	
SLC4A4	0.9797066411664764	0.010146679416761778	0.010146679416761778	
SLC4A7	0.7274093447042531	0.2609231336377843	0.01166752165796253	
SLC4A8	0.9750508216541641	0.01247458917291793	0.01247458917291793	
SLC50A1	0.010075696118176498	0.3127368157408591	0.6771874881409643	
SLC51A	0.6919923328573266	0.02134423616240398	0.28666343098026925	
SLC52A1	0.3773813712807217	0.347453282063596	0.27516534665568226	
SLC52A2	0.033021691411846826	0.16646642424126923	0.800511884346884	
SLC52A3	0.06556375346111364	0.6274738168762616	0.3069624296626249	
SLC5A2	0.8890068812396383	0.05549655938018076	0.05549655938018076	
SLC5A5	0.13718442221082694	0.39692275032067686	0.46589282746849614	
SLC5A6	0.007309592072379919	0.5410867216344802	0.45160368629313996	
SLC6A11	0.4518348046780634	0.542791026740349	0.0053741685815876135	
SLC6A12	0.3597228116604356	0.015599640978715388	0.624677547360849	
SLC6A15	0.957736483825957	0.02113175808702146	0.02113175808702146	
SLC6A16	0.961104071118572	0.019447964440714054	0.019447964440714054	
SLC6A17	0.35439675535303916	0.20837475162001634	0.4372284930269446	
SLC6A2	0.26837257143221066	0.6488491701370768	0.08277825843071258	
SLC6A4	0.3810106797770159	0.6129207974756999	0.006068522747284158	
SLC6A6	0.7346297099327003	0.017520546388013543	0.24784974367928622	
SLC6A8	0.009229300280884168	0.3230736920550818	0.667697007664034	
SLC6A9	0.47090953035433136	0.27925508273968774	0.24983538690598087	
SLC7A1	0.5474026781177029	0.443555516317846	0.009041805564450969	
SLC7A11	0.9746793562312652	0.012660321884367389	0.012660321884367389	
SLC7A2	0.6255028709826299	0.24950233246717976	0.1249947965501904	
SLC7A4	0.014726574638898673	0.9143443888089117	0.07092903655218974	
SLC7A5	0.3032632610951421	0.4201484733273112	0.27658826557754673	
SLC7A6	0.6042238306776142	0.022958339244402624	0.3728178300779831	
SLC7A6OS	0.9431883672734793	0.028405816363260332	0.028405816363260332	
SLC7A7	0.4547920509141545	0.016272920577071633	0.5289350285087739	
SLC7A8	0.45206402924397526	0.014286303586021386	0.5336496671700034	
SLC7A9	0.955471340180464	0.022264329909767996	0.022264329909767996	
SLC8A1	0.9805825242718447	0.009708737864077669	0.009708737864077669	
SLC8A1-AS1	0.9800930721733088	0.009953463913345586	0.009953463913345586	
SLC8B1	0.7098932680633161	0.03158583912671213	0.25852089280997187	
SLC9A1	0.3084513236331702	0.4695599160364962	0.22198876033033363	
SLC9A3R1	0.009158970347833665	0.2735222910186112	0.7173187386335551	
SLC9A3R2	0.13432075192436035	0.01581158454374406	0.8498676635318956	
SLC9A5	0.5466678575763121	0.012336493618191224	0.4409956488054967	
SLC9A6	0.9560860803239689	0.021956959838015516	0.021956959838015516	
SLC9A7	0.9690922667166179	0.015453866641691044	0.015453866641691044	
SLC9A8	0.962470878019704	0.01876456099014799	0.01876456099014799	
SLC9A9	0.9649924823782874	0.017503758810856303	0.017503758810856303	
SLC9B1	0.973948748628584	0.013025625685707979	0.013025625685707979	
SLC9B2	0.9629701598663659	0.018514920066817007	0.018514920066817007	
SLCO2A1	0.2602445061980851	0.49142134520313857	0.24833414859877642	
SLCO2B1	0.5347774334214721	0.019340334815855835	0.44588223176267205	
SLCO3A1	0.9766592833809812	0.011670358309509375	0.011670358309509375	
SLCO4A1	0.3359674716094018	0.33064877371391777	0.3333837546766805	
SLCO4C1	0.9565317799515455	0.02173411002422722	0.02173411002422722	
SLCO5A1	0.9760639222061132	0.011968038896943412	0.011968038896943412	
SLF1	0.9744671329786235	0.012766433510688202	0.012766433510688202	
SLF2	0.9586038452460413	0.02069807737697936	0.02069807737697936	
SLFN11	0.3274401666454275	0.013510673541305048	0.6590491598132675	
SLFN12	0.918491739169917	0.01830522459554398	0.06320303623453898	
SLFN12L	0.9274341112113959	0.01139659697964533	0.06116929180895882	
SLFN13	0.9167904204420518	0.030497661554496267	0.052711918003451784	
SLFN5	0.34281109330377046	0.016005863841254134	0.6411830428549754	
SLIRP	0.025721479223707735	0.14366534181117602	0.8306131789651162	
SLIT1	0.9775922544612416	0.011203872769379158	0.011203872769379158	
SLIT2	0.9785114222957672	0.010744288852116434	0.010744288852116434	
SLIT3	0.9590123130674754	0.020493843466262318	0.020493843466262318	
SLITRK4	0.3186769376168148	0.013085739984007696	0.6682373223991774	
SLK	0.7759514831038578	0.1980555578557128	0.025992959040429437	
SLMAP	0.9596559760974677	0.020172011951266142	0.020172011951266142	
SLPI	0.009708737864077669	0.009708737864077669	0.9805825242718447	
SLTM	0.27627240729264985	0.7011486299891792	0.022578962718170958	
SLU7	0.13215815317116258	0.03648391341859335	0.8313579334102441	
SLX4	0.9612759310525646	0.019362034473717708	0.019362034473717708	
SLX4IP	0.9762928437220003	0.011853578138999852	0.011853578138999852	
SMAD1	0.9566770974033161	0.021661451298341936	0.021661451298341936	
SMAD2	0.9116628766681281	0.04416856166593592	0.04416856166593592	
SMAD3	0.9573031416602588	0.021348429169870623	0.021348429169870623	
SMAD4	0.7068079320889061	0.2753358138857012	0.017856254025392607	
SMAD5	0.9456061386769457	0.027196930661527126	0.027196930661527126	
SMAD6	0.9747060378995548	0.01264698105022262	0.01264698105022262	
SMAD7	0.6186575147292422	0.016013090739009292	0.36532939453174845	
SMAD9	0.8741614091918469	0.011689813902455727	0.11414877690569736	
SMAGP	0.24951814336782535	0.5094617406399967	0.24102011599217787	
SMAP1	0.9456543889905247	0.02717280550473765	0.02717280550473765	
SMAP2	0.05482545391148373	0.05482545391148373	0.8903490921770326	
SMARCA1	0.8068164146629754	0.17629269276292053	0.01689089257410407	
SMARCA2	0.43329191289709573	0.5363991118347647	0.030308975268139523	
SMARCA4	0.6538549949964826	0.32800499518990345	0.018140009813613963	
SMARCA5	0.6136348213923891	0.3617041253403154	0.02466105326729548	
SMARCAD1	0.9519648262855938	0.024017586857203097	0.024017586857203097	
SMARCAL1	0.9485663515073376	0.025716824246331208	0.025716824246331208	
SMARCB1	0.5191493060049197	0.4284158770219512	0.052434816973129225	
SMARCC1	0.6958268943459291	0.28731739316667504	0.01685571248739568	
SMARCD1	0.022157496173754766	0.2745654711668582	0.703277032659387	
SMARCD2	0.009479135980983652	0.44314355094433855	0.5473773130746777	
SMARCD3	0.6422588705009286	0.011119548724410032	0.3466215807746615	
SMC1A	0.4548237013417223	0.5077163758335116	0.03745992282476621	
SMC1B	0.6681033101326755	0.3190394466030675	0.012857243264257027	
SMC2	0.7225555749290221	0.2655884919177005	0.011855933153277263	
SMC3	0.44344115896776326	0.5377526893211675	0.018806151711069297	
SMC4	0.7536594254195931	0.23301724678712785	0.013323327793279046	
SMC5	0.5899145000532242	0.3971518639815211	0.01293363596525475	
SMC6	0.9604606508965587	0.019769674551720674	0.019769674551720674	
SMCHD1	0.9652459724888591	0.01737701375557044	0.01737701375557044	
SMCO3	0.8077449598412476	0.02580115645277114	0.16645388370598121	
SMCO4	0.30057497670700334	0.027418158506607757	0.6720068647863888	
SMCR5	0.8795469904933684	0.06022650475331578	0.06022650475331578	
SMCR8	0.4857228970278851	0.021999367466061102	0.49227773550605375	
SMDT1	0.013898679306514963	0.013898679306514963	0.9722026413869701	
SMG1	0.9566614041420245	0.021669297928987714	0.021669297928987714	
SMG5	0.09027239783224404	0.5751581634619374	0.3345694387058187	
SMG6	0.969195502717984	0.01540224864100796	0.01540224864100796	
SMG7	0.5225330336089767	0.44953169000860765	0.027935276382415563	
SMG9	0.32370118189553987	0.6583837623061106	0.017915055798349556	
SMIM1	0.12404216328576859	0.4618217032575509	0.4141361334566806	
SMIM10	0.013254522245319018	0.013254522245319018	0.9734909555093619	
SMIM10L1	0.4056434472635943	0.018636659680274066	0.5757198930561317	
SMIM12	0.33080877823468674	0.03774664922410452	0.6314445725412087	
SMIM13	0.5378634148511318	0.451896474909563	0.0102401102393052	
SMIM14	0.8298735942291712	0.028997843247362334	0.14112856252346645	
SMIM15	0.014266342553973226	0.06026382953599079	0.925469827910036	
SMIM19	0.020856576384393262	0.020856576384393262	0.9582868472312135	
SMIM2-AS1	0.40017660031851715	0.5931358549696192	0.006687544711863642	
SMIM20	0.08769127710278729	0.02128889154846464	0.8910198313487481	
SMIM22	0.00987993026375283	0.00987993026375283	0.9802401394724943	
SMIM26	0.009708737864077669	0.009708737864077669	0.9805825242718447	
SMIM27	0.016719094158357158	0.016719094158357158	0.9665618116832857	
SMIM29	0.010234831673841163	0.010234831673841163	0.9795303366523177	
SMIM3	0.012923600758804924	0.012923600758804924	0.9741527984823901	
SMIM30	0.010686082738288446	0.010686082738288446	0.9786278345234231	
SMIM4	0.6124343998535641	0.017949723234818336	0.3696158769116175	
SMIM5	0.30962770992032385	0.39140237792081833	0.2989699121588578	
SMIM7	0.010994599701042069	0.1722641206934933	0.8167412796054646	
SMIM8	0.9703868136943598	0.014806593152820116	0.014806593152820116	
SMKR1	0.7680650707710385	0.11596746461448083	0.11596746461448083	
SMN1	0.6434300854846469	0.16186442221298938	0.19470549230236384	
SMN2	0.8026529422555877	0.08694037865641066	0.1104066790880018	
SMNDC1	0.21664749009501974	0.3514155558563241	0.4319369540486562	
SMO	0.8357011488454539	0.018429172286612783	0.14586967886793342	
SMOC1	0.586674034325569	0.279422746023916	0.13390321965051508	
SMOC2	0.6030562804024197	0.009363882078527886	0.3875798375190523	
SMOX	0.45123452358169325	0.01338283884812709	0.5353826375701797	
SMPD1	0.011275267636146405	0.011275267636146405	0.9774494647277072	
SMPD2	0.009134159025669481	0.3744697228138575	0.6163961181604729	
SMPD3	0.7094063990071209	0.014244959000982675	0.2763486419918965	
SMPD4	0.335345852087087	0.4680665216622894	0.1965876262506236	
SMPDL3A	0.3102922846620909	0.014151793332395964	0.6755559220055131	
SMPDL3B	0.295966134643978	0.013702874448405672	0.6903309909076163	
SMS	0.0505576112775312	0.6066010645258612	0.34284132419660773	
SMTN	0.7406736117532552	0.012400636409198203	0.24692575183754661	
SMTNL2	0.9650311182964586	0.017484440851770703	0.017484440851770703	
SMU1	0.9186281454041326	0.040685927297933674	0.040685927297933674	
SMUG1	0.14892172275486618	0.4683457178842551	0.38273255936087874	
SMURF1	0.9687135854227599	0.021506258424762465	0.009780156152477612	
SMURF2	0.9685707287865063	0.01571463560674683	0.01571463560674683	
SMYD2	0.3297132403283614	0.65847869035394	0.011808069317698525	
SMYD3	0.9737762229060922	0.013111888546953894	0.013111888546953894	
SMYD4	0.9631563078598561	0.018421846070071968	0.018421846070071968	
SMYD5	0.06998201847187059	0.025687564862570466	0.9043304166655589	
SNAI1	0.043863039807817444	0.5194185595687132	0.4367184006234693	
SNAI2	0.02113535821267417	0.02113535821267417	0.9577292835746516	
SNAI3	0.4664497447546456	0.01464995846853677	0.5189002967768175	
SNAI3-AS1	0.9684592727878846	0.01577036360605769	0.01577036360605769	
SNAP23	0.16921156006702162	0.6226102780706015	0.20817816186237673	
SNAP25	0.9770057257370832	0.011497137131458402	0.011497137131458402	
SNAP29	0.037728175655974944	0.7245987442018297	0.2376730801421955	
SNAP47	0.30345824242348973	0.022333573014802897	0.6742081845617073	
SNAP91	0.973750308070968	0.013124845964516027	0.013124845964516027	
SNAPC1	0.9276373923942763	0.0361813038028618	0.0361813038028618	
SNAPC2	0.010887803595540996	0.010887803595540996	0.978224392808918	
SNAPC3	0.9716181019645951	0.01419094901770244	0.01419094901770244	
SNAPC4	0.968435785976104	0.01578210701194799	0.01578210701194799	
SNAPC5	0.01509303690174682	0.01509303690174682	0.9698139261965063	
SNAPIN	0.0105320349509829	0.0105320349509829	0.9789359300980341	
SNCA	0.9791154541842044	0.010442272907897792	0.010442272907897792	
SNCAIP	0.9766766231684749	0.011661688415762513	0.011661688415762513	
SNCG	0.009794883059579	0.009794883059579	0.980410233880842	
SND1	0.30592568673394654	0.6643555300760983	0.029718783189955116	
SNED1	0.9747091714615242	0.012645414269237876	0.012645414269237876	
SNF8	0.02905965309131863	0.0857695807393161	0.8851707661693653	
SNHG10	0.915426883772245	0.06057468758891419	0.023998428638840746	
SNHG12	0.3145426611918961	0.040317944860701414	0.6451393939474024	
SNHG15	0.02017020719388367	0.02017020719388367	0.9596595856122326	
SNHG18	0.49687756206352796	0.014692269334617604	0.4884301686018545	
SNHG19	0.01319410135742154	0.01319410135742154	0.9736117972851569	
SNHG21	0.024155393856352736	0.02027334051284742	0.9555712656307999	
SNHG22	0.9767831869391241	0.011608406530437902	0.011608406530437902	
SNHG25	0.9783337753904995	0.01083311230475027	0.01083311230475027	
SNHG27	0.24666618663718937	0.743071498071313	0.010262315291497669	
SNHG7	0.018595236618780944	0.018595236618780944	0.962809526762438	
SNHG8	0.017403562045801742	0.017403562045801742	0.9651928759083965	
SNHG9	0.013772155330196842	0.013772155330196842	0.9724556893396062	
SNIP1	0.8604265024991407	0.02576759223189925	0.11380590526896017	
SNN	0.011670326818065254	0.011670326818065254	0.9766593463638694	
SNORC	0.8030363477683397	0.018400881014835585	0.17856277121682484	
SNPH	0.17276678547189708	0.02114120368038385	0.8060920108477191	
SNRK	0.9529863564988026	0.02350682175059869	0.02350682175059869	
SNRNP200	0.027378085438613167	0.4697466180320763	0.5028752965293105	
SNRNP25	0.011836766952190771	0.011836766952190771	0.9763264660956185	
SNRNP27	0.07390371221349153	0.01735371030640182	0.9087425774801067	
SNRNP35	0.11680334121548813	0.4262569395354997	0.4569397192490122	
SNRNP40	0.5727854412416662	0.03281370024663911	0.3944008585116947	
SNRNP48	0.922575236067341	0.05315274293280354	0.024272020999855343	
SNRNP70	0.24372545081935196	0.6111185034055083	0.14515604577513969	
SNRPA	0.01465826943807784	0.45272696266412815	0.5326147678977939	
SNRPA1	0.018813991278068626	0.44637632163078406	0.5348096870911473	
SNRPB	0.012655065428824825	0.17695034889356734	0.8103945856776079	
SNRPB2	0.01785204495051953	0.22775071215073725	0.7543972428987432	
SNRPC	0.017215566695866224	0.1399037307259155	0.8428807025782182	
SNRPD1	0.017703447786340396	0.3219782588485448	0.6603182933651148	
SNRPD2	0.0129417134671304	0.10258748220616687	0.8844708043267027	
SNRPE	0.014033605942108925	0.2751675535001484	0.7107988405577427	
SNRPF	0.015374090795735866	0.18405965886554618	0.800566250338718	
SNRPG	0.013145603697898174	0.30191725616839427	0.6849371401337075	
SNRPN	0.01897508309913828	0.01897508309913828	0.9620498338017234	
SNTA1	0.3733403992265369	0.010438430352327372	0.6162211704211357	
SNTB1	0.9750109824904027	0.01249450875479861	0.01249450875479861	
SNTB2	0.9674820162705023	0.016258991864748835	0.016258991864748835	
SNU13	0.01823637591639828	0.20396855990268706	0.7777950641809147	
SNUPN	0.40942182872543675	0.2125017710270227	0.37807640024754047	
SNW1	0.04029985562792436	0.37647904806716154	0.5832210963049141	
SNX1	0.5984438621755223	0.05983434208166733	0.34172179574281036	
SNX10	0.8782378285549646	0.01466154303484665	0.10710062841018873	
SNX11	0.029301274491230937	0.029301274491230937	0.941397451017538	
SNX12	0.012811104047753612	0.2711782819519679	0.7160106140002784	
SNX13	0.8445080211377833	0.14056487004179483	0.014927108820421926	
SNX16	0.9381469607622537	0.030926519618873136	0.030926519618873136	
SNX17	0.01375648254411492	0.17088410834648196	0.8153594091094031	
SNX18	0.8766356368802772	0.026220794391135973	0.09714356872858673	
SNX19	0.9424064019683321	0.02879679901583389	0.02879679901583389	
SNX2	0.9562712478196017	0.021864376090199117	0.021864376090199117	
SNX20	0.01555769287698406	0.01555769287698406	0.9688846142460319	
SNX21	0.5535262360826252	0.011780277575790648	0.4346934863415841	
SNX22	0.31000462633597814	0.00824533083662065	0.6817500428274013	
SNX24	0.8488026393787396	0.1389176051318924	0.01227975548936791	
SNX25	0.8731942453650036	0.11508378591403015	0.011721968720966258	
SNX27	0.6136755236448557	0.37389287434017326	0.012431602014971094	
SNX29	0.9730864956017069	0.013456752199146554	0.013456752199146554	
SNX3	0.032545394495672994	0.19527487491976098	0.772179730584566	
SNX30	0.9709914299733139	0.01450428501334306	0.01450428501334306	
SNX32	0.9715959674727381	0.014202016263630924	0.014202016263630924	
SNX33	0.02140707528120601	0.02140707528120601	0.9571858494375879	
SNX4	0.6820859525512465	0.2958438464510605	0.022070200997693058	
SNX5	0.2704661355333771	0.3481425215870326	0.3813913428795903	
SNX6	0.7753165553539719	0.1778304563422647	0.046852988303763325	
SNX7	0.9430517237857653	0.02407256271401775	0.032875713500216924	
SNX8	0.9603356788033438	0.019832160598328062	0.019832160598328062	
SNX9	0.950082609366509	0.024958695316745477	0.024958695316745477	
SOAT1	0.9606333888425799	0.019683305578710085	0.019683305578710085	
SOAT2	0.8122122159153546	0.014491086978368343	0.17329669710627696	
SOBP	0.9772692930821217	0.011365353458939098	0.011365353458939098	
SOCS1	0.09455063105095217	0.011804283540874008	0.8936450854081739	
SOCS2	0.2793065844615188	0.015833956130441994	0.7048594594080392	
SOCS3	0.009708737864077669	0.009708737864077669	0.9805825242718447	
SOCS4	0.7862568838732448	0.029083446837624517	0.1846596692891307	
SOCS6	0.5878307736509512	0.39989485458318774	0.012274371765861195	
SOCS7	0.6096959636846653	0.37659892516734345	0.013705111147991238	
SOD1	0.01050467865595906	0.37161723755337167	0.6178780837906693	
SOD2	0.0845098718981524	0.052275649562406816	0.8632144785394408	
SOD3	0.008355264056498253	0.2012341233269227	0.790410612616579	
SOGA1	0.8450382308171256	0.14422123343922813	0.010740535743646305	
SON	0.8177054674470492	0.09114726627647547	0.09114726627647547	
SORBS1	0.8599573247371418	0.12877953333848466	0.011263141924373438	
SORBS2	0.9658405598926202	0.017079720053689903	0.017079720053689903	
SORBS3	0.3521075438514078	0.011722756577320586	0.6361696995712716	
SORCS1	0.9795707241903335	0.01021463790483323	0.01021463790483323	
SORD	0.7105209251460598	0.020644970706094782	0.2688341041478455	
SORL1	0.9609359295914117	0.01953203520429412	0.01953203520429412	
SORT1	0.8199856917616557	0.020400118795385325	0.15961418944295896	
SOS1	0.9631451309999225	0.018427434500038743	0.018427434500038743	
SOS2	0.7682670570123084	0.21076134075596972	0.02097160223172197	
SOWAHC	0.009663170755040015	0.42365373138039486	0.5666830978645652	
SOWAHD	0.00602011897442259	0.6080320164166816	0.38594786460889585	
SOX12	0.24478523128254903	0.014883985946869089	0.740330782770582	
SOX13	0.6298586368056677	0.32139023165149705	0.04875113154283531	
SOX17	0.12386118771162613	0.01515670150575148	0.8609821107826223	
SOX18	0.07489453558968627	0.009164728203540431	0.9159407362067734	
SOX4	0.39891763816051534	0.35099165340711275	0.2500907084323719	
SOX5	0.9805825242718447	0.009708737864077669	0.009708737864077669	
SOX6	0.9805825242718447	0.009708737864077669	0.009708737864077669	
SOX7	0.16437460671435714	0.012923265312284087	0.8227021279733587	
SP1	0.06455867777484015	0.6823637241151732	0.2530775981099867	
SP100	0.8343716704968117	0.0828141647515942	0.0828141647515942	
SP110	0.9532435481907401	0.023378225904629957	0.023378225904629957	
SP140	0.9623840284765914	0.018807985761704272	0.018807985761704272	
SP140L	0.9567467202114679	0.021626639894266057	0.021626639894266057	
SP2	0.17382668485150302	0.37424774306666414	0.45192557208183287	
SP2-AS1	0.9684054914475604	0.015797254276219804	0.015797254276219804	
SP3	0.36315427104988646	0.616241086330539	0.0206046426195745	
SP4	0.9672677363912108	0.016366131804394616	0.016366131804394616	
SP5	0.03137677947308629	0.03137677947308629	0.9372464410538274	
SP6	0.07233421296215668	0.46935472789069776	0.4583110591471455	
SPA17	0.828990079256962	0.12226792405045084	0.048741996692587185	
SPAAR	0.9533185241723798	0.023340737913810066	0.023340737913810066	
SPACA6	0.7071151566550946	0.2832677892347563	0.009617054110148895	
SPACA9	0.010354022442333776	0.38279404822201113	0.6068519293356551	
SPAG1	0.9660501143996837	0.016974942800158137	0.016974942800158137	
SPAG16	0.9668261960139166	0.016586901993041695	0.016586901993041695	
SPAG17	0.7220518051351305	0.2695967471196745	0.00835144774519506	
SPAG4	0.07394045489494562	0.32589091726200503	0.6001686278430493	
SPAG7	0.019598229944984266	0.25684913018062216	0.7235526398743937	
SPAG8	0.33596326374387453	0.018094836660627354	0.6459418995954981	
SPAG9	0.7873787590432845	0.18799597002182009	0.024625270934895412	
SPARC	0.017310469435863205	0.017310469435863205	0.9653790611282735	
SPARCL1	0.014977638686527383	0.014977638686527383	0.9700447226269452	
SPART	0.7722093584969287	0.19760178920676438	0.03018885229630681	
SPART-AS1	0.8262263026433031	0.16038161157547995	0.013392085781216891	
SPAST	0.6990157768219106	0.2876002392839841	0.01338398389410528	
SPATA1	0.9680148562149158	0.015992571892542117	0.015992571892542117	
SPATA17	0.9762310969873916	0.011884451506304192	0.011884451506304192	
SPATA18	0.4862702637838372	0.01448196382167055	0.49924777239449236	
SPATA2	0.13797308616731818	0.3272608176622925	0.5347660961703893	
SPATA20	0.3657047595502137	0.012163802027440891	0.6221314384223455	
SPATA21	0.7745898483748113	0.21415597953636717	0.011254172088821566	
SPATA22	0.7585809546552867	0.22729598297599665	0.014123062368716577	
SPATA24	0.40568234311346596	0.024429171938569555	0.5698884849479644	
SPATA2L	0.4819633372957937	0.011938807200795903	0.5060978555034104	
SPATA33	0.9573323953038819	0.021333802348059015	0.021333802348059015	
SPATA41	0.7843710853624627	0.047460666558824985	0.16816824807871222	
SPATA5	0.9805825242718447	0.009708737864077669	0.009708737864077669	
SPATA5L1	0.9642533722454856	0.01787331387725721	0.01787331387725721	
SPATA6	0.9741721961831291	0.01291390190843543	0.01291390190843543	
SPATA6L	0.9731073522335305	0.013446323883234707	0.013446323883234707	
SPATA7	0.9662640687366519	0.016867965631674003	0.016867965631674003	
SPATA9	0.377520051510412	0.6151990314329845	0.007280917056603505	
SPATC1L	0.7056535005561925	0.022851998167922893	0.27149450127588465	
SPATS2	0.962897483121767	0.018551258439116442	0.018551258439116442	
SPATS2L	0.8854275297281305	0.05728623513593465	0.05728623513593465	
SPC24	0.6938898725760142	0.29632166302386825	0.00978846440011766	
SPC25	0.9677850679423027	0.020276585329757395	0.011938346727939876	
SPCS1	0.011114251047601983	0.09162436002737828	0.8972613889250197	
SPCS2	0.03030902632518883	0.03030902632518883	0.9393819473496223	
SPCS3	0.03113167280584842	0.03113167280584842	0.9377366543883031	
SPDL1	0.5390239793012253	0.2860551329828759	0.17492088771589873	
SPDYA	0.9679500232972411	0.016024988351379457	0.016024988351379457	
SPDYE16	0.26464190621094064	0.647838707593001	0.08751938619605844	
SPDYE3	0.9033633726043148	0.04831831369784257	0.04831831369784257	
SPECC1	0.9770910809216393	0.011454459539180306	0.011454459539180306	
SPECC1L	0.009502782030894922	0.11955141857317024	0.8709457993959347	
SPEF2	0.9777495253563421	0.01112523732182894	0.01112523732182894	
SPEG	0.7408749200665005	0.010273634675840951	0.24885144525765857	
SPEN	0.9334330893973692	0.042460062856280484	0.024106847746350284	
SPESP1	0.6645056785140859	0.32631995353254467	0.009174367953369475	
SPG11	0.9495761883253732	0.025211905837313413	0.025211905837313413	
SPG21	0.019346301228791347	0.4354606086638964	0.5451930901073122	
SPG7	0.9601653498490448	0.01991732507547762	0.01991732507547762	
SPHK1	0.016000244544837165	0.016000244544837165	0.9679995109103257	
SPHK2	0.6841962068551269	0.020773879111674515	0.2950299140331986	
SPI1	0.02122168866691696	0.02122168866691696	0.957556622666166	
SPIB	0.11686376644545898	0.012333145605014723	0.8708030879495263	
SPIDR	0.9617532144528408	0.019123392773579592	0.019123392773579592	
SPIN1	0.5153345589698899	0.4627091734050385	0.021956267625071673	
SPIN2A	0.920378799034101	0.039810600482949494	0.039810600482949494	
SPIN2B	0.1274349275856294	0.03881072076661985	0.8337543516477507	
SPIN3	0.8381230325232826	0.14980100866594637	0.012075958810771052	
SPINDOC	0.29349572617804814	0.043283117171369456	0.6632211566505825	
SPINK2	0.05160963808137255	0.05160963808137255	0.8967807238372549	
SPINK5	0.40094673204566667	0.3936411168410027	0.2054121511133306	
SPINT1	0.08170878936289885	0.3205682619026852	0.5977229487344159	
SPINT1-AS1	0.009577110478305385	0.5836527655189885	0.4067701240027062	
SPINT2	0.011309910983728712	0.40916823693144566	0.5795218520848257	
SPIRE1	0.9747195343245729	0.012640232837713542	0.012640232837713542	
SPIRE2	0.4215815831692014	0.5720679931408749	0.0063504236899236954	
SPNS1	0.009287987701853647	0.07828776085657989	0.9124242514415664	
SPNS2	0.47631131442168057	0.010411202405217175	0.5132774831731022	
SPNS3	0.9577771413429157	0.021111429328542132	0.021111429328542132	
SPOCD1	0.9568156426056479	0.02159217869717604	0.02159217869717604	
SPOCK1	0.9158258188143564	0.017195585720755573	0.06697859546488799	
SPOCK2	0.25190565954314215	0.011082273279703894	0.737012067177154	
SPON1	0.7105174464132773	0.009184469710361081	0.2802980838763617	
SPON2	0.5527652882540722	0.008337492953991426	0.43889721879193627	
SPOP	0.8911935804168493	0.05440320979157532	0.05440320979157532	
SPOPL	0.8001441664004844	0.18666746097710613	0.013188372622409454	
SPP1	0.4286436217896098	0.005601533119709708	0.5657548450906805	
SPPL2A	0.42180238910109186	0.5303944234993434	0.04780318739956472	
SPPL2B	0.1634552312063437	0.4492661866482583	0.387278582145398	
SPPL3	0.6243385286147739	0.35516612478359705	0.020495346601629005	
SPR	0.009708737864077669	0.009708737864077669	0.9805825242718447	
SPRED1	0.9717325391175965	0.014133730441201713	0.014133730441201713	
SPRED2	0.7945624059156127	0.19091234015514938	0.014525253929237973	
SPRED3	0.32481381353530675	0.6598488114753611	0.015337374989332223	
SPRTN	0.9223076142436095	0.03884619287819527	0.03884619287819527	
SPRY1	0.016872929185637264	0.016872929185637264	0.9662541416287255	
SPRY2	0.016874535271348575	0.016874535271348575	0.9662509294573028	
SPRY3	0.9749531575142031	0.012523421242898474	0.012523421242898474	
SPRY4	0.34769637505451495	0.32256461621885824	0.32973900872662676	
SPRYD3	0.011231969669349714	0.011231969669349714	0.9775360606613005	
SPRYD4	0.45201276127594436	0.07755309145842228	0.4704341472656333	
SPRYD7	0.51485611282236	0.4413067007700883	0.04383718640755169	
SPSB1	0.6924619859566583	0.018703993368136797	0.2888340206752049	
SPSB2	0.027553311081156637	0.027553311081156637	0.9448933778376867	
SPSB3	0.2146179912470483	0.377861385102825	0.4075206236501267	
SPTAN1	0.7972152615397033	0.07862019790193402	0.12416454055836267	
SPTB	0.9802698272558562	0.009865086372071907	0.009865086372071907	
SPTBN1	0.9220776199955317	0.0389611900022341	0.0389611900022341	
SPTBN2	0.671457007385355	0.019329659690123912	0.30921333292452113	
SPTBN4	0.9753433583248848	0.012328320837557548	0.012328320837557548	
SPTBN5	0.8281458004070213	0.019735770462965808	0.15211842913001278	
SPTLC1	0.45944907898683135	0.4554422595080255	0.08510866150514312	
SPTLC2	0.9587173770091446	0.020641311495427656	0.020641311495427656	
SPTLC3	0.4339218659421545	0.5597277557762417	0.006350378281603928	
SPTSSB	0.2669526211050809	0.009935283094033824	0.7231120958008853	
SPTY2D1	0.688228461480123	0.28055421146244713	0.03121732705742986	
SPTY2D1OS	0.9723428191097034	0.013828590445148276	0.013828590445148276	
SPX	0.4369792105728377	0.011164277174695729	0.5518565122524666	
SQLE	0.42216639579472415	0.02117551059771511	0.5566580936075607	
SQOR	0.013173062125155574	0.013173062125155574	0.9736538757496889	
SQSTM1	0.01960198167530682	0.604642844749092	0.37575517357560123	
SRA1	0.017976871362507904	0.25971001986645265	0.7223131087710395	
SRBD1	0.9686286787423891	0.0156856606288054	0.0156856606288054	
SRC	0.6651697187343892	0.01472374099996896	0.3201065402656417	
SRCAP	0.014089771390823895	0.21030092186965166	0.7756093067395244	
SRCIN1	0.821913947972694	0.013931587057177426	0.1641544649701286	
SRD5A1	0.7113755778187646	0.01149541244183609	0.27712900973939936	
SREBF1	0.42254288145601837	0.018610680380547855	0.5588464381634337	
SREBF2	0.7263135467164593	0.21321873811996558	0.06046771516357504	
SREK1	0.8891906883305697	0.09794097722530727	0.012868334444123063	
SREK1IP1	0.9546280619996451	0.022685969000177435	0.022685969000177435	
SRF	0.017566713388397263	0.07993621546648819	0.9024970711451146	
SRFBP1	0.9647579143178474	0.017621042841076278	0.017621042841076278	
SRGAP1	0.9800981958030596	0.009950902098470224	0.009950902098470224	
SRGAP2	0.9076420537063555	0.07188749830960459	0.020470447984039866	
SRGAP2B	0.8130061441187446	0.17466489051542325	0.012328965365832091	
SRGAP2C	0.9698796530875857	0.015060173456207145	0.015060173456207145	
SRGAP3	0.9787427668403446	0.010628616579827707	0.010628616579827707	
SRGN	0.01211167338415198	0.01211167338415198	0.975776653231696	
SRI	0.010822959511624878	0.4916737853627744	0.49750325512560073	
SRM	0.017965334580874272	0.017965334580874272	0.9640693308382514	
SRP14	0.015601659941850123	0.015601659941850123	0.9687966801162997	
SRP19	0.020938026377708176	0.30556804939044574	0.6734939242318461	
SRP54	0.36785574817527034	0.4839691595246541	0.1481750923000755	
SRP68	0.02205103501931664	0.5328705420301995	0.44507842295048383	
SRP72	0.07302032041412881	0.6031845364340831	0.32379514315178815	
SRP9	0.021667757980306488	0.23514391574784496	0.7431883262718485	
SRPK1	0.4663721809132833	0.5239165370973569	0.00971128198935991	
SRPK2	0.9597603075451644	0.02011984622741777	0.02011984622741777	
SRPRA	0.01674141260202605	0.044955360367296394	0.9383032270306776	
SRPRB	0.3208574496967042	0.042628291306518386	0.6365142589967775	
SRPX	0.38056139166760045	0.010405426694192439	0.6090331816382071	
SRPX2	0.6522321646224525	0.014288971376201323	0.33347886400134613	
SRR	0.9059944400890487	0.04700277995547562	0.04700277995547562	
SRRD	0.022225360174868578	0.28701940875961623	0.6907552310655152	
SRRM1	0.8609693727689095	0.08169048513485376	0.0573401420962367	
SRRM2	0.6520971381196441	0.10366403612200606	0.24423882575835	
SRRM2-AS1	0.9667014851591857	0.016649257420407126	0.016649257420407126	
SRRM3	0.8574627566022253	0.12766408449729694	0.014873158900477733	
SRRM4	0.4951759820148573	0.4984916312557951	0.006332386729347587	
SRRT	0.021436461103672606	0.5555676869999948	0.42299585189633254	
SRSF1	0.00793500701107436	0.19062928487041522	0.8014357081185104	
SRSF10	0.41963883526897944	0.5354645072928238	0.044896657438196735	
SRSF11	0.4570599426467709	0.5051749951249346	0.03776506222829454	
SRSF12	0.9627763082224757	0.0186118458887621	0.0186118458887621	
SRSF2	0.01766645471276907	0.415907312663287	0.5664262326239439	
SRSF3	0.026867933292329185	0.580347295688888	0.3927847710187828	
SRSF4	0.14784550990886428	0.6843790024623828	0.16777548762875286	
SRSF5	0.023538002189254042	0.8249305082447498	0.15153148956599616	
SRSF6	0.008112562602606564	0.2160038333994231	0.7758836039979703	
SRSF7	0.030531319251317225	0.29035400759793384	0.679114673150749	
SRSF8	0.016615586927181434	0.016615586927181434	0.9667688261456371	
SRSF9	0.013907664771924875	0.4273713946097861	0.5587209406182889	
SS18	0.3406356763154437	0.6231671787924182	0.03619714489213805	
SS18L1	0.9432886883807294	0.03740175795305194	0.019309553666218622	
SS18L2	0.03225233209743966	0.03225233209743966	0.9354953358051206	
SSB	0.03863615551264154	0.03863615551264154	0.9227276889747169	
SSBP1	0.03530526895659882	0.4030052799686247	0.5616894510747766	
SSBP2	0.9676892547710068	0.01615537261449658	0.01615537261449658	
SSBP3	0.9171746669607048	0.041412666519647576	0.041412666519647576	
SSBP4	0.505550446646974	0.014995426757322562	0.4794541265957033	
SSC4D	0.864690407455471	0.11449305185912685	0.020816540685402108	
SSC5D	0.6533590986613385	0.012811766066063868	0.33382913527259767	
SSH1	0.9729931185534828	0.013503440723258596	0.013503440723258596	
SSH2	0.6937765350133469	0.29559519236180287	0.010628272624850176	
SSH3	0.09844162095458188	0.4712383428021327	0.4303200362432854	
SSNA1	0.008267354320544047	0.15672985930450725	0.8350027863749487	
SSPN	0.7125285019414911	0.09549773739051284	0.19197376066799623	
SSR1	0.031393709992170324	0.031393709992170324	0.9372125800156593	
SSR2	0.018693325681264864	0.018693325681264864	0.9626133486374703	
SSR3	0.023337428148387795	0.023337428148387795	0.9533251437032244	
SSR4	0.009708737864077669	0.009708737864077669	0.9805825242718447	
SSRP1	0.013749195174914	0.29941585129531667	0.6868349535297692	
SST	0.011856723091097225	0.011856723091097225	0.9762865538178055	
SSU72	0.017723082145552654	0.5101692608296774	0.47210765702476987	
SSX2IP	0.9554300277034787	0.022284986148260588	0.022284986148260588	
ST13	0.03220370078387203	0.26291554285334084	0.7048807563627871	
ST14	0.052765188332380086	0.01624441819642439	0.9309903934711955	
ST18	0.973462756174868	0.013268621912566008	0.013268621912566008	
ST20-AS1	0.34216712515430026	0.017494626368234067	0.6403382484774658	
ST3GAL1	0.9583343035432955	0.020832848228352206	0.020832848228352206	
ST3GAL2	0.9745382635188496	0.012730868240575156	0.012730868240575156	
ST3GAL3	0.020484653777184305	0.020484653777184305	0.9590306924456313	
ST3GAL4	0.34249567478603843	0.6485573710882317	0.008946954125729831	
ST3GAL5	0.9264334215662204	0.01362505505120211	0.059941523382577425	
ST3GAL6	0.46437124591666373	0.5278634445558885	0.00776530952744779	
ST3GAL6-AS1	0.37436201267479285	0.6176140324170599	0.008023954908147238	
ST6GAL1	0.8583558821233929	0.018439796869203745	0.12320432100740343	
ST6GAL2	0.9780229460658205	0.010988526967089731	0.010988526967089731	
ST6GALNAC1	0.5294193575373861	0.012845265132632748	0.4577353773299811	
ST6GALNAC2	0.27823715182009534	0.3322219550247996	0.38954089315510515	
ST6GALNAC3	0.9805825242718447	0.009708737864077669	0.009708737864077669	
ST6GALNAC4	0.0254871601383882	0.014235962824884036	0.9602768770367278	
ST6GALNAC5	0.9805825242718447	0.009708737864077669	0.009708737864077669	
ST7	0.4488604305716472	0.49671553060604057	0.05442403882231231	
ST7-AS1	0.02888146440133365	0.02888146440133365	0.9422370711973327	
ST7L	0.973755288516741	0.01312235574162949	0.01312235574162949	
ST8SIA1	0.628610911830685	0.3643351526232366	0.007053935546078373	
ST8SIA4	0.9763598132336998	0.011820093383150085	0.011820093383150085	
ST8SIA6-AS1	0.3662330103688013	0.6275535877720693	0.006213401859129398	
STAB1	0.49731195423029867	0.012925743062576376	0.48976230270712495	
STAB2	0.5368996585309236	0.45699393790232	0.006106403566756465	
STAC2	0.2476205249169069	0.009825694966395442	0.7425537801166977	
STAC3	0.9421954607006615	0.018634696008625926	0.039169843290712554	
STAG1	0.7384429241530076	0.2483875288667418	0.013169546980250638	
STAG2	0.9463626131212152	0.02681869343939237	0.02681869343939237	
STAG3	0.855894656188623	0.03681213583091402	0.10729320798046293	
STAM	0.9614168868091298	0.019291556595435057	0.019291556595435057	
STAM2	0.960637615137281	0.019681192431359535	0.019681192431359535	
STAMBP	0.8238476285026554	0.15635669377883066	0.01979567771851404	
STAMBPL1	0.9655304745694706	0.01723476271526469	0.01723476271526469	
STAP1	0.7791187162947689	0.022147677348781047	0.19873360635645002	
STAP2	0.3229724133522161	0.18867021314882892	0.488357373498955	
STAR	0.7488081630567395	0.007413942208482569	0.24377789473477796	
STARD13	0.9793273238849665	0.010336338057516738	0.010336338057516738	
STARD3	0.4861801395346058	0.02354230096411404	0.4902775595012802	
STARD3NL	0.6137545655875782	0.020420310709587875	0.3658251237028338	
STARD4	0.5207077115670555	0.2850937736665562	0.19419851476638825	
STARD4-AS1	0.9737526368814302	0.01312368155928487	0.01312368155928487	
STARD5	0.4572199101592022	0.011925799736479914	0.530854290104318	
STARD7	0.0328996270985196	0.0328996270985196	0.9342007458029608	
STARD8	0.8894991483390053	0.01503126747147604	0.09546958418951859	
STARD9	0.9754170665593264	0.012291466720336822	0.012291466720336822	
STAT1	0.3121048183493249	0.04460250302575463	0.6432926786249205	
STAT2	0.5656957032975978	0.02926199404412627	0.40504230265827607	
STAT3	0.5851594924613339	0.06756232400511765	0.3472781835335485	
STAT4	0.9745700516396729	0.012714974180163553	0.012714974180163553	
STAT5A	0.021466194290580227	0.019039930168014398	0.9594938755414054	
STAT5B	0.8963801706098576	0.05180991469507116	0.05180991469507116	
STAT6	0.047172934550094164	0.047172934550094164	0.9056541308998117	
STAU1	0.5697917082933446	0.3643826571970417	0.06582563450961382	
STAU2	0.9386192516722736	0.03069037416386321	0.03069037416386321	
STC1	0.23900926757839064	0.012374540231276774	0.7486161921903326	
STC2	0.43754932642056943	0.012164719429179589	0.5502859541502509	
STEAP1	0.228198073375247	0.014533062356968027	0.757268864267785	
STEAP2	0.85819145854545	0.022879024457976117	0.11892951699657389	
STEAP3	0.3469706375088398	0.21745203217332074	0.4355773303178396	
STEAP4	0.010843937247558446	0.010843937247558446	0.9783121255048831	
STIL	0.7168872621448592	0.27391334937140044	0.009199388483740472	
STIM1	0.9221425041096519	0.03892874794517399	0.03892874794517399	
STIM2	0.95798790207807	0.02100604896096496	0.02100604896096496	
STIP1	0.016578292090148373	0.5014403983694253	0.48198130954042634	
STK10	0.9506571173079845	0.02467144134600774	0.02467144134600774	
STK11	0.45576866147442135	0.027178456436290025	0.5170528820892887	
STK11IP	0.04676685198421879	0.04676685198421879	0.9064662960315625	
STK16	0.011908145319059942	0.011908145319059942	0.9761837093618801	
STK17A	0.7122428491310897	0.27335179595734754	0.014405354911562702	
STK17B	0.8950979392520433	0.022387754628410517	0.08251430611954619	
STK19	0.5170208727021913	0.015035865254508132	0.4679432620433006	
STK24	0.5592861139837569	0.3381880775852755	0.10252580843096737	
STK25	0.024273406780210744	0.2793259038382733	0.6964006893815159	
STK26	0.3067040050754932	0.5903644637225024	0.10293153120200432	
STK3	0.5782898075780575	0.4139642423156394	0.007745950106303072	
STK31	0.8825157634655441	0.1006441597130133	0.01684007682144275	
STK32B	0.9785718103821005	0.010714094808949762	0.010714094808949762	
STK32C	0.9472670446230942	0.02636647768845288	0.02636647768845288	
STK33	0.9743532432739395	0.01282337836303026	0.01282337836303026	
STK35	0.735778559304865	0.24855531336017392	0.015666127334961085	
STK36	0.6935802333381699	0.018285625128309984	0.28813414153352007	
STK38	0.7570493761759204	0.03833969425774917	0.2046109295663304	
STK38L	0.9332070254515825	0.0333964872742087	0.0333964872742087	
STK39	0.9596974845946266	0.02015125770268668	0.02015125770268668	
STK4	0.9627421763394897	0.018628911830255158	0.018628911830255158	
STK40	0.3637456830977469	0.02153694879057428	0.6147173681116789	
STKLD1	0.616671505341083	0.3706970663556581	0.012631428303258986	
STMN1	0.010120380883285636	0.45854611402862233	0.531333505088092	
STMN3	0.01817790351283249	0.01817790351283249	0.963644192974335	
STMP1	0.3084132106521804	0.5650649289041351	0.12652186044368455	
STOM	0.022994187949374842	0.022994187949374842	0.9540116241012503	
STOML1	0.197352622447773	0.024044934386212875	0.7786024431660142	
STOML2	0.00885617329569693	0.15983058049079388	0.8313132462135091	
STON2	0.9765310799387864	0.011734460030606767	0.011734460030606767	
STOX1	0.974934107751342	0.01253294612432897	0.01253294612432897	
STOX2	0.9760816466342244	0.011959176682887809	0.011959176682887809	
STPG1	0.861734676270083	0.1219944996185415	0.016270824111375527	
STRA6	0.9699496071814251	0.015025196409287424	0.015025196409287424	
STRA8	0.3110491673687313	0.6738245620844434	0.015126270546825261	
STRADA	0.013093442037029843	0.013093442037029843	0.9738131159259403	
STRADB	0.7542010083456779	0.021978925476257002	0.22382006617806502	
STRAP	0.02325845194806419	0.13265517560246193	0.8440863724494739	
STRBP	0.8994711890255026	0.08586257081059227	0.014666240163905131	
STRIP1	0.5122258293614093	0.07951723169532991	0.4082569389432608	
STRIP2	0.4232440115932318	0.5711015179321921	0.00565447047457616	
STRN	0.7908297243755285	0.19486091414228499	0.014309361482186572	
STRN3	0.9652537454899432	0.017373127255028337	0.017373127255028337	
STRN4	0.1782615390404471	0.16537885382831408	0.6563596071312388	
STS	0.4745945538416366	0.5185803319175447	0.006825114240818688	
STT3A	0.020292809878763144	0.38114553788384425	0.5985616522373927	
STT3B	0.15549324038453088	0.8081375018971919	0.03636925771827712	
STUB1	0.013604117586816318	0.013604117586816318	0.9727917648263673	
STUM	0.9763621137947774	0.01181894310261125	0.01181894310261125	
STX10	0.012165334590091127	0.012165334590091127	0.9756693308198178	
STX11	0.4476964640893317	0.017390156490514955	0.5349133794201534	
STX12	0.624720096524357	0.024758093782456463	0.3505218096931865	
STX16	0.013641241001912871	0.013641241001912871	0.9727175179961742	
STX17	0.614553769992436	0.3676679566945345	0.017778273313029298	
STX18	0.960763351784122	0.01961832410793907	0.01961832410793907	
STX18-AS1	0.9796855089794098	0.010157245510295117	0.010157245510295117	
STX1A	0.6433026442925482	0.014859423620018004	0.3418379320874338	
STX1B	0.9444072375974163	0.027796381201291808	0.027796381201291808	
STX2	0.961064454523254	0.015813911686939092	0.02312163378980693	
STX3	0.3620728346954696	0.46313911477391695	0.1747880505306135	
STX4	0.03179755890169423	0.03179755890169423	0.9364048821966114	
STX5	0.08996028242052244	0.6254769206975028	0.28456279688197467	
STX6	0.948378804461493	0.025810597769253485	0.025810597769253485	
STX7	0.9458428509989286	0.027078574500535645	0.027078574500535645	
STX8	0.9116504989144384	0.044174750542780764	0.044174750542780764	
STXBP1	0.9646517652587158	0.017674117370642086	0.017674117370642086	
STXBP2	0.007604051838216928	0.22441886246569445	0.7679770856960886	
STXBP3	0.33827534835031475	0.633893890902597	0.027830760747088255	
STXBP4	0.9786908429404697	0.010654578529765113	0.010654578529765113	
STXBP5	0.9027410575856141	0.08694212653571542	0.010316815878670524	
STXBP5-AS1	0.9771448337431978	0.011427583128401069	0.011427583128401069	
STXBP6	0.9750300960001617	0.012484951999919133	0.012484951999919133	
STYK1	0.8003212764239437	0.03635211506215934	0.16332660851389694	
STYX	0.7578041505959525	0.2168393070569546	0.025356542347092847	
STYXL1	0.463778777468908	0.5211519895797665	0.015069232951325524	
SUB1	0.027414586869242842	0.32870975131138963	0.6438756618193675	
SUCLA2	0.6340865586558976	0.3036820732911821	0.06223136805292043	
SUCLG1	0.028275878730433156	0.2502142816458073	0.7215098396237596	
SUCLG2	0.9232887494153023	0.03835562529234887	0.03835562529234887	
SUCNR1	0.06956726920477188	0.014674144938015068	0.915758585857213	
SUCO	0.6425220088231414	0.3399560240946686	0.017521967082190087	
SUDS3	0.32189459395518644	0.655445427152313	0.022659978892500505	
SUFU	0.9639717451926948	0.01801412740365258	0.01801412740365258	
SUGCT	0.7139202778846031	0.2785431023847866	0.007536619730610402	
SUGP1	0.7514439015240117	0.23495193477269558	0.013604163703292673	
SUGP2	0.7854684371306213	0.03261009027231141	0.18192147259706729	
SUGT1	0.789022331171755	0.16040362528255955	0.050574043545685426	
SULF1	0.9768689203380226	0.011565539830988665	0.011565539830988665	
SULF2	0.5600296086299857	0.026133144120307657	0.4138372472497066	
SULT1B1	0.5918255128253002	0.008581127260246747	0.39959335991445305	
SULT1C2	0.9196736255197313	0.011314027853459089	0.06901234662680956	
SULT1C4	0.916877511670509	0.015580027355905177	0.06754246097358567	
SULT2B1	0.2810612306773186	0.35265455429365605	0.3662842150290255	
SUMF1	0.9632143701851018	0.018392814907449075	0.018392814907449075	
SUMF2	0.029488809971273216	0.029488809971273216	0.9410223800574535	
SUMO1	0.035577225584532135	0.08061833455135659	0.8838044398641114	
SUMO2	0.02227164986111712	0.11078664118346417	0.8669417089554188	
SUMO3	0.013348905989254591	0.013348905989254591	0.9733021880214908	
SUN1	0.647745772589749	0.23982814300123753	0.11242608440901347	
SUN2	0.026122515319965532	0.026122515319965532	0.9477549693600689	
SUN3	0.32002001640877764	0.6727017344610144	0.007278249130207914	
SUOX	0.17864065887267527	0.019922084021959205	0.8014372571053655	
SUPT16H	0.1077487865328025	0.5465754945340869	0.3456757189331106	
SUPT20H	0.7050591984117179	0.2716222117822377	0.02331858980604428	
SUPT3H	0.9777710915951134	0.011114454202443275	0.011114454202443275	
SUPT5H	0.023395111457530805	0.5112786806681563	0.46532620787431295	
SUPT6H	0.2734745780752227	0.5031201359188786	0.22340528600589868	
SUPT7L	0.019012084200513035	0.2476327419156245	0.7333551738838624	
SUPV3L1	0.6311518110025047	0.17252972883524773	0.1963184601622474	
SURF1	0.010171975606614037	0.020510328646386248	0.9693176957469997	
SURF2	0.011898795830782124	0.06618896585936543	0.9219122383098525	
SURF4	0.011989913143938042	0.4390615720307491	0.5489485148253128	
SURF6	0.7321613636391382	0.019220332430479454	0.24861830393038228	
SUSD1	0.7098551352997745	0.2796138245709831	0.010531040129242336	
SUSD2	0.08359478174379116	0.04924710911193689	0.8671581091442718	
SUSD3	0.1599477299602373	0.017430580037866534	0.8226216900018961	
SUSD4	0.9698948130113529	0.015052593494323528	0.015052593494323528	
SUSD5	0.9538292625990235	0.02308536870048824	0.02308536870048824	
SUSD6	0.8553687349579138	0.03687600438545622	0.10775526065662987	
SUV39H1	0.012480090268138537	0.5390746793094389	0.4484452304224225	
SUV39H2	0.4838419617567865	0.5054542802868603	0.010703757956353066	
SUZ12	0.42477513469946887	0.5608158207635285	0.014409044537002648	
SV2A	0.3882012687995347	0.018809179686653476	0.5929895515138118	
SVBP	0.14018893800088145	0.02331421834987952	0.836496843649239	
SVEP1	0.974540241158706	0.012729879420646998	0.012729879420646998	
SVIL	0.7920641520697881	0.19521006105985478	0.012725786870357083	
SVIP	0.5335034285390106	0.019029532453029383	0.44746703900796003	
SVOP	0.8406639823760678	0.1452052224012961	0.014130795222636043	
SVOPL	0.8776090968204084	0.10663085824022832	0.01576004493936315	
SWAP70	0.4419335117851119	0.4224405242338771	0.13562596398101087	
SWI5	0.4494309125640896	0.1808380601744916	0.36973102726141877	
SWSAP1	0.024495000346591835	0.024495000346591835	0.9510099993068163	
SWT1	0.6179424146295345	0.37205393966312716	0.010003645707338306	
SYAP1	0.9496634574230093	0.025168271288495317	0.025168271288495317	
SYBU	0.6491222342501716	0.17386882332096656	0.1770089424288619	
SYCE1	0.8278274817571795	0.08608625912141032	0.08608625912141032	
SYCE1L	0.30101682133871915	0.025513505182388575	0.6734696734788923	
SYCE2	0.9377435633794298	0.031128218310285106	0.031128218310285106	
SYCP2	0.9693930432711629	0.015303478364418505	0.015303478364418505	
SYCP2L	0.46082982895620916	0.5323687013830148	0.006801469660775971	
SYCP3	0.8589343589385671	0.07053282053071641	0.07053282053071641	
SYDE1	0.0596385267176296	0.5271055705877752	0.4132559026945952	
SYDE2	0.6388506850290704	0.35313191391493315	0.008017401055996541	
SYF2	0.015435587448960997	0.07294049788639195	0.911623914664647	
SYK	0.8857969272948018	0.027427008659497452	0.0867760640457008	
SYMPK	0.3344702009469416	0.6472148315199795	0.018314967533078905	
SYN1	0.03362756279411554	0.03362756279411554	0.9327448744117689	
SYN2	0.9721830140091917	0.013908492995404108	0.013908492995404108	
SYN3	0.9798383074804998	0.01008084625975006	0.01008084625975006	
SYNC	0.7277582231338936	0.01693906452189278	0.2553027123442135	
SYNDIG1	0.9791704851007903	0.010414757449604843	0.010414757449604843	
SYNE1	0.9638792263450229	0.018060386827488572	0.018060386827488572	
SYNE2	0.6394223749761171	0.3518110194741441	0.008766605549738763	
SYNE3	0.8052714916615684	0.18341135766172614	0.011317150676705464	
SYNE4	0.19414857240816624	0.4521486155487721	0.3537028120430617	
SYNGAP1	0.9619694553263944	0.01901527233680278	0.01901527233680278	
SYNGAP1-AS1	0.9544899926681016	0.022755003665949153	0.022755003665949153	
SYNGR1	0.6389077833297688	0.013698320829640157	0.3473938958405909	
SYNGR2	0.008657743684940915	0.19754312517312642	0.7937991311419326	
SYNGR3	0.2541120683562235	0.30271472953443873	0.4431732021093378	
SYNJ1	0.6479456102809152	0.3398659581692334	0.012188431549851384	
SYNJ2	0.5813125817464001	0.4085266329082577	0.01016078534534222	
SYNM	0.5462959537583728	0.011100068146768614	0.4426039780948587	
SYNPO	0.2729957390967167	0.3826961072593772	0.3443081536439061	
SYNPO2	0.9619383872383334	0.019030806380833282	0.019030806380833282	
SYNPO2L	0.7399203014467932	0.24902418949966382	0.011055509053542982	
SYNRG	0.9507355506905157	0.02463222465474211	0.02463222465474211	
SYP	0.632805565819977	0.01691266320506067	0.35028177097496227	
SYPL1	0.017825524651254206	0.32957770621489657	0.6525967691338492	
SYPL2	0.5750080406418764	0.010259741420084342	0.41473221793803927	
SYS1	0.013355769960308952	0.16171839622222203	0.824925833817469	
SYT1	0.9792510354259305	0.01037448228703473	0.01037448228703473	
SYT11	0.32638231683153013	0.01425475550279002	0.6593629276656797	
SYT12	0.32130643937334746	0.5972233323047887	0.08147022832186379	
SYT15	0.026207197933035	0.02608831832379333	0.9477044837431716	
SYT16	0.5420832597609111	0.45029413065959284	0.007622609579496162	
SYT17	0.8296471839143345	0.1574653050317067	0.012887511053958944	
SYT2	0.8841160690888362	0.10320607895965059	0.012677851951513221	
SYT7	0.2055343533848407	0.5869863488335785	0.20747929778158083	
SYT8	0.05365626739599369	0.5398522493182383	0.40649148328576795	
SYTL1	0.12760406614806857	0.31417105609442525	0.5582248777575062	
SYTL2	0.9040675722827636	0.015515572265729588	0.08041685545150677	
SYTL3	0.962351947345807	0.0188240263270965	0.0188240263270965	
SYTL4	0.9655440226839703	0.017227988658014844	0.017227988658014844	
SYVN1	0.015568758172597529	0.19145494967883447	0.7929762921485679	
SZRD1	0.027246677783738196	0.2723788706734264	0.7003744515428354	
SZT2	0.7940640245510571	0.19445333176374074	0.01148264368520223	
TAB1	0.6621915997788717	0.13871876944468875	0.19908963077643957	
TAB2	0.8883056800717588	0.05584715996412053	0.05584715996412053	
TAB3	0.5437225295285186	0.4448984949578184	0.011378975513662995	
TAC3	0.09879749737843295	0.4657657980571567	0.4354367045644104	
TACC1	0.920244132571014	0.03987793371449298	0.03987793371449298	
TACC2	0.46281629530237706	0.5314103326417906	0.005773372055832355	
TACC3	0.8753012697196534	0.07853204383475415	0.04616668644559241	
TACR1	0.9689261002309558	0.01576610662967822	0.015307793139365908	
TACR3	0.37099617032468485	0.6226996053574798	0.006304224317835357	
TACSTD2	0.009708737864077669	0.009708737864077669	0.9805825242718447	
TADA1	0.13953386654834196	0.7705692903244096	0.08989684312724854	
TADA2A	0.900581603234666	0.08796292950178466	0.011455467263549424	
TADA2B	0.03523074671671877	0.03523074671671877	0.9295385065665625	
TADA3	0.02366181285917711	0.02366181285917711	0.9526763742816458	
TAF1	0.9525682042014015	0.02371589789929924	0.02371589789929924	
TAF10	0.011382744583696133	0.011382744583696133	0.9772345108326077	
TAF11	0.20712320032105214	0.3110296781309714	0.4818471215479765	
TAF12	0.3642762401844695	0.04046328027538424	0.5952604795401463	
TAF13	0.014005840024708885	0.39289922759004126	0.5930949323852499	
TAF15	0.3009829758238453	0.6287941386021799	0.07022288557397459	
TAF1A	0.8951024352052978	0.08789523311475025	0.017002331679951976	
TAF1A-AS1	0.26621605434404416	0.05126342166538942	0.6825205239905663	
TAF1B	0.5699184453284096	0.4191267652308154	0.010954789440775029	
TAF1C	0.32556164107671	0.015659927374245	0.658778431549045	
TAF1D	0.6930858369024722	0.29196599852373684	0.014948164573790975	
TAF2	0.8725347914560293	0.11270832688387088	0.014756881660099775	
TAF3	0.8311818840190122	0.15633769688253463	0.012480419098453153	
TAF4	0.8379372709430959	0.15175973039543283	0.01030299866147128	
TAF4B	0.550397644499648	0.4425074168297896	0.007094938670562311	
TAF5	0.5368444774268891	0.44767593725859556	0.015479585314515253	
TAF5L	0.30142939663267465	0.648539768803754	0.05003083456357149	
TAF6	0.01182139310113363	0.4588096251936063	0.52936898170526	
TAF6L	0.4866201798017947	0.23798041632739883	0.27539940387080647	
TAF7	0.027303371630390337	0.027303371630390337	0.9453932567392193	
TAF7L	0.6398461135041934	0.3343678469491374	0.025786039546669144	
TAF8	0.9445028200698908	0.02774858996505455	0.02774858996505455	
TAF9B	0.01772604132906954	0.01772604132906954	0.9645479173418608	
TAGAP	0.26536072248577597	0.013321280430131652	0.7213179970840925	
TAGLN	0.013001636000407081	0.013001636000407081	0.9739967279991858	
TAGLN2	0.007603072424863877	0.22860861633290408	0.7637883112422321	
TAL1	0.6683158631155501	0.012072758687190033	0.3196113781972598	
TALDO1	0.01046821773578979	0.3477146731011622	0.641817109163048	
TAMM41	0.9631238265619408	0.018438086719029544	0.018438086719029544	
TANC1	0.9749499778187177	0.01252501109064112	0.01252501109064112	
TANC2	0.7562997699286598	0.2346428776991431	0.009057352372197021	
TANGO2	0.8691354571874165	0.01775972283034507	0.11310481998223837	
TANGO6	0.9718699129846246	0.014065043507687716	0.014065043507687716	
TANK	0.8558648251340314	0.09038086680187934	0.05375430806408925	
TAOK1	0.9565975885055417	0.021701205747229172	0.021701205747229172	
TAOK2	0.4420354089752216	0.028632127324449273	0.5293324637003292	
TAOK3	0.9512281238557604	0.024385938072119778	0.024385938072119778	
TAP1	0.011646586222331027	0.011646586222331027	0.9767068275553379	
TAPBP	0.4438083168524535	0.03178853351048139	0.5244031496370651	
TAPBPL	0.16154748574765707	0.019902675693366605	0.8185498385589763	
TAPT1	0.7807714666263145	0.1970814706560455	0.022147062717639995	
TAPT1-AS1	0.9753183629631222	0.012340818518438877	0.012340818518438877	
TARBP1	0.6245269631817352	0.3644469573038765	0.01102607951438828	
TARBP2	0.011690079328430355	0.43182683818105366	0.556483082490516	
TARDBP	0.030568903847755013	0.6424459513964915	0.32698514475575347	
TARID	0.9781531632211349	0.010923418389432537	0.010923418389432537	
TARS2	0.2075864342345791	0.08231298228168542	0.7101005834837355	
TASP1	0.9653637882572595	0.017318105871370216	0.017318105871370216	
TATDN1	0.9311071947507952	0.03444640262460238	0.03444640262460238	
TATDN2	0.011163359120825547	0.011163359120825547	0.9776732817583489	
TATDN3	0.9416117913530412	0.029194104323479367	0.029194104323479367	
TAX1BP1	0.3110194641362945	0.5983063989629719	0.09067413690073352	
TBC1D1	0.8380600401807774	0.14479744495149424	0.017142514867728314	
TBC1D10A	0.11433199439591904	0.5935259682578263	0.29214203734625466	
TBC1D10B	0.13467583451382073	0.027558760539729738	0.8377654049464495	
TBC1D10C	0.010982703586794814	0.010982703586794814	0.9780345928264104	
TBC1D12	0.9048184914573284	0.08513430780560477	0.010047200737066796	
TBC1D13	0.3919234602992155	0.021361230070894712	0.5867153096298898	
TBC1D14	0.8371199035479104	0.019339188042471547	0.143540908409618	
TBC1D15	0.9353059663341343	0.03234701683293281	0.03234701683293281	
TBC1D16	0.9694036943463016	0.015298152826849182	0.015298152826849182	
TBC1D17	0.23619225869296148	0.2842165086038556	0.479591232703183	
TBC1D19	0.9755141996046954	0.012242900197652267	0.012242900197652267	
TBC1D2	0.5593140254453475	0.06819308131591038	0.3724928932387422	
TBC1D20	0.6210955051127198	0.02772884772584837	0.3511756471614317	
TBC1D22A	0.9563675883314363	0.021816205834281798	0.021816205834281798	
TBC1D22B	0.723322995817378	0.2565756943261902	0.02010130985643171	
TBC1D23	0.7802896754263788	0.19556131151196948	0.02414901306165164	
TBC1D24	0.6664731188185378	0.018296903738635076	0.31522997744282705	
TBC1D25	0.3792728677938964	0.02534363642052578	0.5953834957855778	
TBC1D2B	0.8021287783486557	0.035408894735051925	0.16246232691629228	
TBC1D31	0.969594874830764	0.015202562584617982	0.015202562584617982	
TBC1D32	0.8944026295304931	0.09637300471871894	0.009224365750787921	
TBC1D4	0.9597657038030526	0.0201171480984737	0.0201171480984737	
TBC1D5	0.9583521157524018	0.020823942123799084	0.020823942123799084	
TBC1D7	0.8332583733790098	0.14472387258432973	0.022017754036660574	
TBC1D8	0.9686506238232665	0.015674688088366716	0.015674688088366716	
TBC1D8-AS1	0.9254421550956107	0.03727892245219461	0.03727892245219461	
TBC1D8B	0.9716020444179292	0.014198977791035383	0.014198977791035383	
TBC1D9	0.9674562494253943	0.0162718752873028	0.0162718752873028	
TBC1D9B	0.6824428094441107	0.02024722196717627	0.29730996858871295	
TBCA	0.05019526033781971	0.50007247168315	0.44973226797903026	
TBCB	0.01861964958112283	0.01861964958112283	0.9627607008377543	
TBCC	0.011251791857487398	0.011251791857487398	0.9774964162850251	
TBCCD1	0.9025965206504207	0.04870173967478957	0.04870173967478957	
TBCD	0.8685975507781839	0.11052510865269574	0.02087734056912035	
TBCE	0.5593339428589459	0.014686809124281466	0.4259792480167726	
TBCK	0.9746011594855755	0.012699420257212284	0.012699420257212284	
TBK1	0.5332242008621682	0.4554447339161484	0.01133106522168349	
TBKBP1	0.5113069833753594	0.016100704982015802	0.4725923116426247	
TBL1X	0.8658206339822642	0.1182174771712058	0.015961888846530006	
TBL1XR1	0.9349577186460651	0.0325211406769674	0.0325211406769674	
TBL2	0.5019644377970972	0.3471219519091137	0.15091361029378914	
TBL3	0.3542413688204179	0.12642462389284553	0.5193340072867365	
TBP	0.33888273452740797	0.5754944508907777	0.08562281458181435	
TBPL1	0.016843574516047097	0.486214200029535	0.49694222545441796	
TBRG1	0.6534504902868189	0.013505765593825927	0.33304374411935506	
TBRG4	0.0176489886844125	0.22154968466224906	0.7608013266533383	
TBX1	0.5195792589499632	0.010071780242168937	0.47034896080786787	
TBX19	0.9627947521203771	0.018602623939811398	0.018602623939811398	
TBX2	0.37526239842547854	0.008221173319120506	0.6165164282554009	
TBX2-AS1	0.49133028622835057	0.018745265550123708	0.4899244482215258	
TBX3	0.38185841945913074	0.43560878299476724	0.18253279754610197	
TBX6	0.1940905210017509	0.03176732679352212	0.7741421522047269	
TBXA2R	0.8053007435800774	0.019784704924994904	0.1749145514949276	
TBXAS1	0.9736010773468208	0.013199461326589595	0.013199461326589595	
TC2N	0.4745894799682522	0.015176197703146606	0.5102343223286012	
TCAF1	0.5746790366660742	0.4035096713342153	0.02181129199971046	
TCAF2	0.2245127144651999	0.40124175520038696	0.37424553033441316	
TCAIM	0.9622954174807048	0.018852291259647602	0.018852291259647602	
TCAP	0.5466697451085087	0.013263810089172412	0.4400664448023189	
TCEA1	0.035202032610070134	0.322999125369222	0.6417988420207078	
TCEA2	0.09694633504618082	0.023365449482239176	0.8796882154715799	
TCEA3	0.6538389798710639	0.26405979017227565	0.08210122995666046	
TCEAL1	0.012820935771454751	0.012820935771454751	0.9743581284570905	
TCEAL3	0.013367955144942963	0.013367955144942963	0.973264089710114	
TCEAL4	0.018849224341412018	0.018849224341412018	0.962301551317176	
TCEAL7	0.19467114131030014	0.015603162205836825	0.789725696483863	
TCEAL8	0.009821648135019206	0.21389232817002823	0.7762860236949526	
TCEAL9	0.010286412897079725	0.3816263211253047	0.6080872659776155	
TCEANC	0.957626577226026	0.021186711386987005	0.021186711386987005	
TCEANC2	0.8732969085652816	0.11119989836883862	0.015503193065879715	
TCERG1	0.7308912117065577	0.2451506841333546	0.023958104160087684	
TCF12	0.9441640581676282	0.02791797091618588	0.02791797091618588	
TCF19	0.6362861768570834	0.014595950648900962	0.3491178724940156	
TCF20	0.9235517218281525	0.06558714548275381	0.010861132689093705	
TCF21	0.4021855044006819	0.010290739068545352	0.5875237565307727	
TCF25	0.153366896708097	0.8231921778299984	0.023440925461904526	
TCF3	0.7703384741546411	0.03664149241071156	0.19302003343464733	
TCF4	0.9720219370196007	0.013989031490199642	0.013989031490199642	
TCF7	0.6770128664440878	0.025792153111011788	0.29719498044490045	
TCF7L1	0.9720778028274123	0.013961098586293817	0.013961098586293817	
TCF7L2	0.6557190732322192	0.3355977935622118	0.008683133205568959	
TCFL5	0.5625079907356079	0.031102124979948746	0.4063898842844432	
TCHH	0.42765875949842735	0.46958819803601576	0.10275304246555683	
TCHP	0.9399425560799535	0.030028721960023222	0.030028721960023222	
TCIM	0.1398057074079226	0.01089381541413658	0.8493004771779408	
TCIRG1	0.020068255574837306	0.020068255574837306	0.9598634888503254	
TCN2	0.035755407412479796	0.01849184847280163	0.9457527441147187	
TCOF1	0.2694624094195307	0.3661126582176767	0.3644249323627926	
TCP1	0.02049954496994337	0.3266841814423062	0.6528162735877504	
TCP11L1	0.78908426766436	0.19494194799701142	0.015973784338628446	
TCP11L2	0.9691436817719773	0.015428159114011322	0.015428159114011322	
TCTA	0.014747851009277899	0.014747851009277899	0.9705042979814442	
TCTN1	0.9708568775602974	0.014571561219851311	0.014571561219851311	
TCTN2	0.688185118063535	0.018887061958592785	0.29292781997787215	
TCTN3	0.26014056517812384	0.027682117819902905	0.7121773170019733	
TDG	0.40331195546553295	0.5542037594023921	0.04248428513207496	
TDO2	0.6751327855633147	0.017870848354842424	0.30699636608184283	
TDP1	0.8217322928758338	0.16235442034918796	0.015913286774978226	
TDP2	0.03883595097499432	0.03883595097499432	0.9223280980500113	
TDRD12	0.6657801689386739	0.3243082577437664	0.009911573317559732	
TDRD3	0.9630962088216458	0.018451895589177064	0.018451895589177064	
TDRD6	0.5427920715191747	0.02723898484320059	0.4299689436376246	
TDRD7	0.917053119570009	0.04147344021499548	0.04147344021499548	
TDRD9	0.8602608194100914	0.014966164215736887	0.12477301637417171	
TDRKH	0.8603640651681453	0.02722140025007638	0.11241453458177832	
TDRKH-AS1	0.4038225773460107	0.2012239856381015	0.39495343701588786	
TDRP	0.3922437888463547	0.5702004597958402	0.037555751357805166	
TEAD1	0.6781754218047366	0.31308673932589837	0.008737838869365012	
TEAD2	0.5468934750227287	0.012860045682948303	0.44024647929432303	
TEAD3	0.21601639874810427	0.4922405840274371	0.2917430172244586	
TEAD4	0.9152265187170704	0.013659307020070318	0.07111417426285918	
TEC	0.9725995626453297	0.013700218677335157	0.013700218677335157	
TECPR1	0.7925292297452913	0.11738380722625778	0.09008696302845093	
TECPR2	0.9622040866969355	0.022776696366809165	0.015019216936255431	
TECR	0.010090658428113934	0.5844862121461032	0.40542312942578296	
TEDC1	0.01287549639822179	0.5364813469269418	0.45064315667483645	
TEDC2	0.32050138066493833	0.5765678998641908	0.10293071947087086	
TEF	0.25412177272069647	0.019207698539613814	0.7266705287396896	
TEFM	0.9256297377084637	0.05300264947477203	0.02136761281676437	
TEK	0.9711956968332385	0.014402151583380747	0.014402151583380747	
TEKT3	0.9459462112662247	0.027026894366887617	0.027026894366887617	
TELO2	0.34352563723256385	0.19054139535567619	0.46593296741175994	
TENM3	0.5025761150653587	0.4924478837953803	0.004976001139260978	
TENM4	0.9805825242718447	0.009708737864077669	0.009708737864077669	
TENT2	0.9425096215147543	0.028745189242622843	0.028745189242622843	
TENT4A	0.944769694246045	0.02761515287697752	0.02761515287697752	
TENT4B	0.9771862574146714	0.011406871292664312	0.011406871292664312	
TENT5A	0.4948669805466716	0.4980853809559894	0.007047638497338897	
TENT5B	0.07819309938388845	0.009037322555059917	0.9127695780610516	
TENT5C	0.3425283431268207	0.018653327301068886	0.6388183295721105	
TEP1	0.9495696818728271	0.025215159063586453	0.025215159063586453	
TEPSIN	0.01933750499096191	0.0698882084471447	0.9107742865618934	
TERF1	0.9565041965088265	0.02174790174558674	0.02174790174558674	
TERF2	0.930661867275168	0.034669066362416005	0.034669066362416005	
TERF2IP	0.03784532917106764	0.03784532917106764	0.9243093416578647	
TES	0.11972301650508069	0.13467960408093543	0.7455973794139839	
TESC	0.4968210149793078	0.017190355569992804	0.48598862945069937	
TESK1	0.012815661863843952	0.012815661863843952	0.974368676272312	
TESMIN	0.9538826394522696	0.023058680273865168	0.023058680273865168	
TESPA1	0.5832188681858832	0.02249184146833348	0.3942892903457832	
TET1	0.9805187228204879	0.00974063858975606	0.00974063858975606	
TET2	0.974515912058957	0.012742043970521446	0.012742043970521446	
TET3	0.9061311087079306	0.0803856795046511	0.013483211787418249	
TEX10	0.45941503195241923	0.5294243844657374	0.011160583581843363	
TEX14	0.9363290288105378	0.04990387650856273	0.013767094680899507	
TEX2	0.9570912259417449	0.021454387029127525	0.021454387029127525	
TEX22	0.9711697033796933	0.014415148310153319	0.014415148310153319	
TEX264	0.013409330600734924	0.17394181525714092	0.8126488541421242	
TEX29	0.949933631726376	0.025033184136811968	0.025033184136811968	
TEX30	0.09314683487041313	0.5921395149084928	0.3147136502210941	
TEX41	0.9805825242718447	0.009708737864077669	0.009708737864077669	
TEX9	0.9739953855321464	0.013002307233926823	0.013002307233926823	
TF	0.955368945230667	0.02231552738466648	0.02231552738466648	
TFAM	0.2234662851381289	0.35219773608647237	0.42433597877539864	
TFAP2A	0.2544217770883584	0.6241854655748538	0.12139275733678791	
TFAP2A-AS1	0.19921407309582295	0.7929350844835479	0.007850842420629186	
TFAP2B	0.2817847014153463	0.7111739721279414	0.007041326456712292	
TFAP2C	0.14651003347915909	0.5599762252865859	0.293513741234255	
TFAP2E	0.6535896447390087	0.015893564610407897	0.3305167906505833	
TFAP4	0.452087700856329	0.3330058063617076	0.21490649278196344	
TFB1M	0.969522669642825	0.015238665178587501	0.015238665178587501	
TFB2M	0.35046154812250135	0.32757494821259064	0.32196350366490806	
TFCP2	0.937262135036914	0.03136893248154293	0.03136893248154293	
TFCP2L1	0.4561825780221354	0.14458759689111345	0.39922982508675126	
TFDP1	0.4030958530649157	0.48362751303497387	0.11327663390011045	
TFDP2	0.5706105779413689	0.4192838125917871	0.01010560946684393	
TFE3	0.12261955201894126	0.017918569483999447	0.8594618784970594	
TFEB	0.6316236300748874	0.08180859249662063	0.286567777428492	
TFEC	0.9685153865459082	0.01574230672704589	0.01574230672704589	
TFF3	0.013129376534547066	0.013129376534547066	0.9737412469309058	
TFG	0.1299780391340421	0.699511883493247	0.1705100773727109	
TFIP11	0.09644637712818249	0.3319745691027142	0.5715790537691032	
TFPI	0.48575439757029665	0.5001005405254204	0.014145061904282885	
TFPI2	0.21341094037160527	0.32663176546104744	0.45995729416734743	
TFPT	0.01954781594258519	0.01954781594258519	0.9609043681148296	
TFR2	0.6725211699849372	0.01482876579232839	0.31265006422273445	
TFRC	0.5960146710874384	0.3867811855305225	0.017204143382039103	
TG	0.9766855014464171	0.011598900089775488	0.011715598463807387	
TGDS	0.7832540495426183	0.18341694915279347	0.03332900130458808	
TGFA	0.7877142261926644	0.013526505628736155	0.19875926817859937	
TGFB1	0.27610505677319314	0.2809487214424295	0.44294622178437737	
TGFB1I1	0.32677707688072755	0.009538588510580811	0.6636843346086917	
TGFB2	0.9743355230788248	0.012832238460587583	0.012832238460587583	
TGFB3	0.3841942044066748	0.012489859366550438	0.6033159362267747	
TGFBI	0.01947533766954373	0.01947533766954373	0.9610493246609126	
TGFBR1	0.7717614660410347	0.01731488279924813	0.21092365115971712	
TGFBR2	0.4454669399664218	0.039581532334855056	0.5149515276987232	
TGFBR3	0.7696427917113327	0.21742877747555556	0.012928430813111796	
TGFBR3L	0.6984346226266877	0.028032074942883897	0.2735333024304284	
TGFBRAP1	0.5978856420375955	0.22952156613139985	0.17259279183100454	
TGIF1	0.012694716079171262	0.5967762238173121	0.39052906010351673	
TGIF2	0.014728681721955874	0.014728681721955874	0.9705426365560882	
TGM1	0.2738612205070991	0.1607161884277591	0.5654225910651419	
TGM2	0.2756468375329513	0.010339903668478477	0.7140132587985702	
TGOLN2	0.03941513547155281	0.03941513547155281	0.9211697290568943	
TGS1	0.7837554455355514	0.1976985099727351	0.01854604449171352	
THADA	0.970652417533879	0.014673791233060477	0.014673791233060477	
THAP1	0.06482348433238365	0.026587304384037565	0.9085892112835788	
THAP10	0.2794632094443544	0.032367629553297736	0.6881691610023478	
THAP11	0.010315010240090822	0.010315010240090822	0.9793699795198183	
THAP12	0.09849696260777183	0.04466015313873695	0.8568428842534912	
THAP2	0.26178673092657606	0.015850703972140754	0.7223625651012832	
THAP3	0.03588528815441942	0.03588528815441942	0.9282294236911611	
THAP4	0.03656941725652212	0.03656941725652212	0.9268611654869557	
THAP5	0.015625521206280406	0.015625521206280406	0.9687489575874392	
THAP6	0.943023283452465	0.028488358273767472	0.028488358273767472	
THAP7	0.0117858355518723	0.0117858355518723	0.9764283288962554	
THAP7-AS1	0.8710881904829206	0.04340843704648214	0.08550337247059715	
THAP8	0.631417486374963	0.02278859153059765	0.3457939220944394	
THAP9	0.5563776104407133	0.4316401815712679	0.011982207988018875	
THBD	0.010286218002804482	0.010286218002804482	0.979427563994391	
THBS1	0.2116280530574392	0.013127785160745333	0.7752441617818154	
THBS2	0.8393233870533936	0.012260907976141062	0.14841570497046538	
THBS3	0.7778736631389086	0.01715394046664954	0.20497239639444184	
THBS4	0.7505043610048109	0.01258219702108836	0.23691344197410083	
THEM4	0.9625393265261845	0.018730336736907736	0.018730336736907736	
THEM6	0.011491256189909555	0.011491256189909555	0.9770174876201809	
THEMIS	0.9751740066620587	0.012412996668970666	0.012412996668970666	
THEMIS2	0.017383127269795573	0.017383127269795573	0.9652337454604089	
THG1L	0.13391795015836336	0.02070529721942708	0.8453767526222096	
THNSL2	0.258862133534834	0.33354549727231336	0.40759236919285263	
THOC1	0.871924704826219	0.10681033985600012	0.021264955317780866	
THOC2	0.9442209615239413	0.027889519238029313	0.027889519238029313	
THOC3	0.020070182669782447	0.16823094186494084	0.8116988754652767	
THOC5	0.8334617830365084	0.029311267727730322	0.13722694923576123	
THOC6	0.007736410311994252	0.2863826342285646	0.7058809554594411	
THOC7	0.014310514079921517	0.5697182280633266	0.4159712578567519	
THOP1	0.10141189049457607	0.7915854670868241	0.10700264241859979	
THRA	0.37043380764300915	0.017115751391647577	0.6124504409653433	
THRAP3	0.34628229666199384	0.6149045621113386	0.03881314122666747	
THRB	0.5544525507345348	0.43793380025090767	0.007613649014557528	
THSD1	0.9630543349538903	0.018472832523054834	0.018472832523054834	
THSD4	0.9800142541001012	0.009992872949949449	0.009992872949949449	
THSD7A	0.9805825242718447	0.009708737864077669	0.009708737864077669	
THUMPD1	0.20380427378824484	0.1002960442041615	0.6958996820075938	
THUMPD2	0.8760766230535127	0.1127399381617215	0.011183438784765786	
THUMPD3	0.08370845144610138	0.05321181984247515	0.8630797287114235	
THUMPD3-AS1	0.9614728886509342	0.01926355567453292	0.01926355567453292	
THY1	0.13901362919392318	0.011011534019145196	0.8499748367869316	
THYN1	0.01348370057138127	0.01348370057138127	0.9730325988572375	
TIAL1	0.4557024984621066	0.5186285168350271	0.025668984702866302	
TIAM1	0.5886193755847046	0.4044203284309446	0.006960295984350897	
TIAM2	0.9805657675959072	0.009717116202046407	0.009717116202046407	
TICAM1	0.47711030895262274	0.013285688104257481	0.5096040029431198	
TICRR	0.4753480254611718	0.5187072152758481	0.005944759262980167	
TIE1	0.5138268460084751	0.011865347984418864	0.4743078060071061	
TIFA	0.01964245331923199	0.24961307781144976	0.7307444688693183	
TIGD1	0.8177252808128536	0.02880128128971027	0.15347343789743617	
TIGD2	0.008003815502696476	0.6495548183978723	0.3424413660994312	
TIGD5	0.25378524269184094	0.021748917405374567	0.7244658399027846	
TIGD6	0.07045238262640106	0.043169450057748554	0.8863781673158504	
TIGD7	0.9466946004278247	0.026652699786087596	0.026652699786087596	
TIGIT	0.25991375836045977	0.01856598801222368	0.7215202536273165	
TIMD4	0.5237611285645847	0.01690994657089479	0.45932892486452054	
TIMELESS	0.5113121814078956	0.46691126949539535	0.021776549096709077	
TIMM10	0.010278238371317834	0.010278238371317834	0.9794435232573643	
TIMM13	0.009360687073911215	0.19131004163962542	0.7993292712864634	
TIMM17A	0.019379108462968427	0.3627673640525083	0.6178535274845233	
TIMM17B	0.009459348495969425	0.1867184990162226	0.803822152487808	
TIMM21	0.44197410127217535	0.4023832051145171	0.15564269361330751	
TIMM22	0.07742541504122766	0.04486606240022378	0.8777085225585486	
TIMM23	0.030323046704008906	0.2312864304471795	0.7383905228488116	
TIMM29	0.1896635956557212	0.439295036956836	0.3710413673874428	
TIMM44	0.5484671321944208	0.017067314618503023	0.434465553187076	
TIMM50	0.019493306382521145	0.3705075458389656	0.6099991477785132	
TIMM8A	0.013798620515366324	0.3878903875362818	0.5983109919483519	
TIMM8B	0.012269168028634328	0.012269168028634328	0.9754616639427314	
TIMM9	0.030362207081289967	0.030362207081289967	0.93927558583742	
TIMMDC1	0.2813725723916903	0.3841751054187284	0.3344523221895813	
TIMP1	0.009708737864077669	0.009708737864077669	0.9805825242718447	
TIMP2	0.02335849789768389	0.02335849789768389	0.9532830042046322	
TIMP3	0.05703162743999938	0.05703162743999938	0.8859367451200013	
TIMP4	0.014825617199304888	0.014825617199304888	0.9703487656013902	
TINAGL1	0.007236215696881118	0.26190599891812594	0.7308577853849929	
TINCR	0.2023330623042677	0.4844899441162843	0.3131769935794479	
TINF2	0.012976130948328286	0.012976130948328286	0.9740477381033434	
TIPARP	0.30577775594226986	0.028611051163473185	0.665611192894257	
TIPARP-AS1	0.8561899687340739	0.07190501563296305	0.07190501563296305	
TIPIN	0.9606863318092439	0.019656834095378037	0.019656834095378037	
TIPRL	0.2303225707163622	0.06222188572376225	0.7074555435598756	
TIRAP	0.6461259132500774	0.33523460653895804	0.018639480210964534	
TJAP1	0.2983807382817454	0.5650590238852391	0.13656023783301566	
TJP1	0.9736154011176399	0.013192299441180045	0.013192299441180045	
TJP2	0.006817896811904748	0.39783913911297664	0.5953429640751187	
TJP3	0.41198444045819266	0.36272025207382147	0.2252953074679858	
TK1	0.20146423544832703	0.4485697966542964	0.3499659678973765	
TK2	0.288555220652008	0.024006860521000036	0.6874379188269919	
TKFC	0.041593396789022526	0.020020588994463247	0.9383860142165142	
TKT	0.015079750934599515	0.4079369754255159	0.5769832736398847	
TLCD1	0.049499695522141694	0.3969200500059382	0.5535802544719202	
TLCD2	0.3970596780256441	0.013809762990283855	0.589130558984072	
TLE1	0.6423143829350194	0.34663024124947467	0.01105537581550593	
TLE2	0.5864392790287654	0.011484259423598826	0.4020764615476359	
TLE3	0.3266520912163694	0.440877843398854	0.2324700653847765	
TLE4	0.9561876455956057	0.021906177202197154	0.021906177202197154	
TLE6	0.2747007521503297	0.6074492767759474	0.117849971073723	
TLK1	0.40752592923986386	0.5829148297938279	0.009559240966308257	
TLK2	0.9616650198874406	0.019167490056279716	0.019167490056279716	
TLL1	0.9787973154007614	0.01060134229961929	0.01060134229961929	
TLL2	0.611744761229095	0.37923031606384594	0.009024922707059034	
TLN1	0.053773622898208216	0.053773622898208216	0.8924527542035836	
TLN2	0.9773550575473836	0.01132247122630818	0.01132247122630818	
TLNRD1	0.08702266832555977	0.01459402153496245	0.8983833101394777	
TLR1	0.4687776002261417	0.017945509648461998	0.5132768901253962	
TLR10	0.23944330692926882	0.023846230812793235	0.736710462257938	
TLR2	0.36351369388956334	0.014436658904460963	0.6220496472059757	
TLR3	0.04676898425691802	0.5545408070079312	0.3986902087351508	
TLR5	0.9460253868241136	0.02698730658794314	0.02698730658794314	
TLR7	0.6760583482561034	0.03205626983185572	0.29188538191204066	
TLR8	0.01651473985898785	0.01651473985898785	0.9669705202820242	
TM2D1	0.8512403829546463	0.045644315580720775	0.1031153014646328	
TM2D2	0.015674816516252413	0.015674816516252413	0.9686503669674952	
TM2D3	0.026451399068968418	0.026451399068968418	0.9470972018620631	
TM4SF1	0.009950309368304272	0.009950309368304272	0.9800993812633916	
TM4SF18	0.2984683904663429	0.012296679234061539	0.6892349302995956	
TM4SF19-AS1	0.9464757365821761	0.026762131708911938	0.026762131708911938	
TM6SF1	0.693138080657695	0.020080285157438916	0.2867816341848661	
TM7SF2	0.010287234630062668	0.21290672152713394	0.7768060438428034	
TM7SF3	0.13348515990985	0.039806718398567524	0.8267081216915826	
TM9SF2	0.0620085722653776	0.4581032591938018	0.4798881685408207	
TM9SF3	0.15297600191665298	0.6708404737226925	0.17618352436065438	
TM9SF4	0.4817632260648493	0.29045339306886087	0.22778338086628988	
TMA16	0.8305065324173422	0.13534218449996352	0.03415128308269429	
TMA7	0.017092837661567196	0.017092837661567196	0.9658143246768656	
TMBIM1	0.011274263809589513	0.28698482370589623	0.7017409124845142	
TMBIM6	0.019901916867088292	0.3271872314068794	0.6529108517260324	
TMC1	0.4507243660198145	0.5438905787450856	0.005385055235099858	
TMC3-AS1	0.976642068349362	0.011678965825319005	0.011678965825319005	
TMC4	0.33349891730426345	0.26305841017077347	0.4034426725249632	
TMC5	0.6669650342063694	0.20041117983369555	0.132623785959935	
TMC6	0.6825328393411496	0.023065577889833107	0.29440158276901723	
TMC7	0.9707353411622716	0.014632329418864205	0.014632329418864205	
TMC8	0.5167478303720492	0.02733419323675593	0.45591797639119475	
TMCC1	0.8203233363329455	0.16665006806700433	0.013026595600050166	
TMCC2	0.9786940471146568	0.010652976442671599	0.010652976442671599	
TMCC3	0.9705055432745412	0.01474722836272939	0.01474722836272939	
TMCO1	0.03231003235167198	0.03231003235167198	0.935379935296656	
TMCO3	0.8608221742126161	0.02216105438680509	0.11701677140057881	
TMCO4	0.47771189767263683	0.512926963527186	0.00936113880017719	
TMCO6	0.01449894237265389	0.13372139041080125	0.8517796672165449	
TMED1	0.008266078422954378	0.3102221222172332	0.6815117993598123	
TMED10	0.025778624454695115	0.3439276972330237	0.6302936783122811	
TMED2	0.011460150112955746	0.41707211497961305	0.5714677349074312	
TMED3	0.22688390032900524	0.5124085227826511	0.26070757688834356	
TMED4	0.01382040696811085	0.45455180461623645	0.5316277884156526	
TMED5	0.714890923738126	0.10170902621416143	0.18340005004771265	
TMED7	0.008140730679373246	0.24557295103863092	0.7462863182819959	
TMED8	0.9473677154384367	0.026316142280781614	0.026316142280781614	
TMED9	0.008075304987378955	0.30035822454578004	0.6915664704668409	
TMEM100	0.17400735989064836	0.012271719830312682	0.8137209202790389	
TMEM101	0.018092624489593524	0.018092624489593524	0.9638147510208129	
TMEM104	0.8150243263331008	0.016787842699276488	0.16818783096762271	
TMEM106A	0.9650669826639566	0.017466508668021647	0.017466508668021647	
TMEM106B	0.3574433842795884	0.032326114198815606	0.6102305015215961	
TMEM106C	0.009465411582083657	0.2035380709601287	0.7869965174577876	
TMEM107	0.3222426635920658	0.020078931115401624	0.6576784052925326	
TMEM108	0.5694458191092251	0.42461444802749543	0.005939732863279435	
TMEM109	0.009203319638351989	0.10829940801698229	0.8824972723446657	
TMEM11	0.017142783469277705	0.4449020776575292	0.5379551388731932	
TMEM115	0.010560037532582682	0.04635476456257962	0.9430851979048377	
TMEM116	0.6336207505405728	0.3513603641464659	0.015018885312961435	
TMEM117	0.7830035015498648	0.2090720028461265	0.007924495604008732	
TMEM119	0.012355810348612746	0.012355810348612746	0.9752883793027745	
TMEM120A	0.014956605004533136	0.014956605004533136	0.9700867899909337	
TMEM120B	0.9778921158201873	0.011053942089906357	0.011053942089906357	
TMEM121	0.18941962933871506	0.023178986365779114	0.7874013842955059	
TMEM123	0.05165546660326427	0.05165546660326427	0.8966890667934715	
TMEM125	0.008208876070092805	0.2590757870116172	0.7327153369182899	
TMEM126A	0.01604641884848892	0.01604641884848892	0.9679071623030221	
TMEM126B	0.028786226713027597	0.028786226713027597	0.9424275465739448	
TMEM127	0.01950749928349289	0.01950749928349289	0.9609850014330141	
TMEM128	0.022784060919840515	0.022784060919840515	0.9544318781603189	
TMEM129	0.01105947433762416	0.01105947433762416	0.9778810513247517	
TMEM131	0.9458278226006698	0.027086088699665094	0.027086088699665094	
TMEM131L	0.9720575780727291	0.013971210963635423	0.013971210963635423	
TMEM132A	0.1667020296400812	0.47201600022175777	0.36128197013816105	
TMEM132B	0.9732567401460609	0.013371629926969547	0.013371629926969547	
TMEM132C	0.9775004464315635	0.011249776784218212	0.011249776784218212	
TMEM134	0.04101149705783589	0.46682404613037604	0.49216445681178805	
TMEM135	0.9705041635397552	0.01474791823012239	0.01474791823012239	
TMEM138	0.2544305992305336	0.4988194260944826	0.24674997467498386	
TMEM139	0.0937447514978656	0.5499698376161114	0.35628541088602295	
TMEM140	0.04285348566202764	0.018081644715223617	0.9390648696227487	
TMEM143	0.7849626862730444	0.020314568523878192	0.19472274520307734	
TMEM144	0.9530968903156204	0.023451554842189783	0.023451554842189783	
TMEM147	0.009708737864077669	0.009708737864077669	0.9805825242718447	
TMEM147-AS1	0.014561856285699098	0.014561856285699098	0.9708762874286018	
TMEM14A	0.01523368897071967	0.16607898294651322	0.8186873280827671	
TMEM14C	0.017088847696538546	0.017088847696538546	0.9658223046069229	
TMEM150A	0.009817333132519684	0.21440774057689715	0.7757749262905831	
TMEM150B	0.7120094659753098	0.018301751405256174	0.2696887826194339	
TMEM150C	0.3462206035729854	0.3230693182311564	0.33071007819585824	
TMEM154	0.5583855860080114	0.2035552853548474	0.2380591286371411	
TMEM156	0.9163096105267747	0.016214357938449667	0.06747603153477567	
TMEM160	0.01115968653150779	0.01115968653150779	0.9776806269369844	
TMEM161A	0.4729555119342309	0.015435444123209404	0.5116090439425597	
TMEM161B	0.7349870695231693	0.25184478113925624	0.01316814933757448	
TMEM163	0.976456258428045	0.01177187078597753	0.01177187078597753	
TMEM164	0.9504125406059507	0.02479372969702463	0.02479372969702463	
TMEM165	0.8877075290594069	0.04986574294950965	0.06242672799108343	
TMEM167A	0.026382271818532674	0.28870380585345035	0.684913922328017	
TMEM167B	0.01299703605990434	0.10128275973455311	0.8857202042055426	
TMEM168	0.5920784802940804	0.3898051827690748	0.018116336936844845	
TMEM169	0.950046958850134	0.02497652057493298	0.02497652057493298	
TMEM17	0.38049562101328205	0.019402982190689422	0.6001013967960286	
TMEM170B	0.9569935763768865	0.0215032118115567	0.0215032118115567	
TMEM175	0.2953834136787698	0.01669108668949428	0.687925499631736	
TMEM176A	0.010681695534022045	0.010681695534022045	0.9786366089319559	
TMEM176B	0.011587335032953151	0.011587335032953151	0.9768253299340937	
TMEM177	0.3761882669163846	0.021603131170945693	0.6022086019126698	
TMEM178A	0.6973872229781818	0.01975356603814594	0.2828592109836724	
TMEM179B	0.012161269041030936	0.15150511064478103	0.836333620314188	
TMEM18	0.4417714220379275	0.04347285159963213	0.5147557263624404	
TMEM181	0.9664059952368383	0.01679700238158083	0.01679700238158083	
TMEM182	0.7927041641761016	0.19777755463068153	0.009518281193216812	
TMEM183A	0.02565332355260131	0.21341565950244695	0.7609310169449518	
TMEM184A	0.2885411828172501	0.3899389148632222	0.32151990231952776	
TMEM184B	0.4742109375628612	0.2974840303205307	0.22830503211660808	
TMEM184C	0.6751726827245106	0.03258789281300399	0.29223942446248546	
TMEM185A	0.7024301742943542	0.04728724561100118	0.2502825800946446	
TMEM185B	0.015612483558363184	0.015612483558363184	0.9687750328832736	
TMEM186	0.012457536668229201	0.29615997693248786	0.691382486399283	
TMEM187	0.19195244629940203	0.019050663581867692	0.7889968901187303	
TMEM19	0.015161138069365025	0.015161138069365025	0.9696777238612699	
TMEM191B	0.1931643089402831	0.7848362389993859	0.021999452060330903	
TMEM191C	0.04736387204891572	0.94013950181936	0.012496626131724328	
TMEM192	0.8026814256960226	0.019742564799024503	0.17757600950495286	
TMEM198	0.14928246956750094	0.019413016806509194	0.83130451362599	
TMEM200A	0.9692414532150747	0.01537927339246262	0.01537927339246262	
TMEM200B	0.11001364322306255	0.01981258708503683	0.8701737696919007	
TMEM201	0.6788297838130055	0.02261418099846383	0.29855603518853063	
TMEM202-AS1	0.9695656874556838	0.01521715627215809	0.01521715627215809	
TMEM203	0.009928656486743005	0.009928656486743005	0.980142687026514	
TMEM204	0.08860784050649298	0.011325000955571068	0.9000671585379361	
TMEM208	0.010470265097557198	0.09888213837988091	0.8906475965225619	
TMEM209	0.938348557611573	0.03082572119421347	0.03082572119421347	
TMEM214	0.011318824946788488	0.3830820946700993	0.6055990803831123	
TMEM216	0.01588245904535846	0.01588245904535846	0.9682350819092831	
TMEM218	0.5053460243461484	0.021867561147468528	0.47278641450638315	
TMEM219	0.0171310636208102	0.0171310636208102	0.9657378727583795	
TMEM220	0.798607915702204	0.01458286169345662	0.18680922260433944	
TMEM222	0.01780466568906222	0.1112617397481583	0.8709335945627795	
TMEM223	0.38076177870670097	0.02254474595716739	0.5966934753361316	
TMEM225B	0.8466067178336822	0.0766966410831589	0.0766966410831589	
TMEM229B	0.9567644494804207	0.021617775259789623	0.021617775259789623	
TMEM230	0.03378288003112803	0.03378288003112803	0.9324342399377439	
TMEM232	0.9790061870806133	0.010496906459693384	0.010496906459693384	
TMEM234	0.5360531910108971	0.017413575558786684	0.44653323343031615	
TMEM236	0.9592305060438391	0.020384746978080417	0.020384746978080417	
TMEM237	0.8604326298373293	0.12022079014544326	0.019346580017227312	
TMEM238	0.1071443304535178	0.013111085600910448	0.8797445839455716	
TMEM240	0.27037348993655136	0.01775640827519968	0.7118701017882488	
TMEM241	0.8338656274906395	0.15668166942513284	0.009452703084227635	
TMEM242	0.9589003719231141	0.020549814038442932	0.020549814038442932	
TMEM243	0.0521399660977548	0.22616927771826356	0.7216907561839816	
TMEM245	0.9415868521983688	0.02920657390081559	0.02920657390081559	
TMEM248	0.09568595295919503	0.031902740840216354	0.8724113062005887	
TMEM25	0.09910110307608663	0.4617813205002835	0.43911757642363	
TMEM250	0.010355566429966215	0.20554624054684376	0.7840981930231901	
TMEM254	0.012623472533342105	0.3449051731695214	0.6424713542971364	
TMEM254-AS1	0.45955142861605314	0.5312349880997244	0.009213583284222409	
TMEM255A	0.9532403742047729	0.023379812897613518	0.023379812897613518	
TMEM255B	0.7997578315808141	0.015391610179765295	0.18485055823942056	
TMEM258	0.013399449076992184	0.013399449076992184	0.9732011018460156	
TMEM259	0.023998423824000234	0.023998423824000234	0.9520031523519995	
TMEM26	0.9770362062949558	0.0114818968525221	0.0114818968525221	
TMEM260	0.9468484247881596	0.037199151038666105	0.015952424173174336	
TMEM263	0.4829301607836711	0.3838397513598472	0.1332300878564817	
TMEM266	0.6226995005662718	0.3686440276838763	0.008656471749851959	
TMEM267	0.4504816801606548	0.249957733384454	0.2995605864548911	
TMEM268	0.6553447878149345	0.026892510613841708	0.3177627015712238	
TMEM273	0.22776300655082551	0.018735487568363754	0.7535015058808107	
TMEM30A	0.03454999098960673	0.03454999098960673	0.9309000180207865	
TMEM30B	0.007003647377672594	0.39360199058649126	0.5993943620358362	
TMEM33	0.2664858162860383	0.3304688257031264	0.4030453580108353	
TMEM35A	0.3931769554667773	0.011895775434697688	0.5949272690985249	
TMEM37	0.028756957700595852	0.013196398988226755	0.9580466433111774	
TMEM38A	0.7718330681786145	0.014595277071738256	0.21357165474964734	
TMEM38B	0.9651182907457084	0.01744085462714579	0.01744085462714579	
TMEM39A	0.5505638682682632	0.4322615928585176	0.017174538873219104	
TMEM39B	0.635127347525882	0.23894630323383537	0.12592634924028276	
TMEM40	0.2746520501099338	0.5089935326140742	0.216354417275992	
TMEM41A	0.37762997848880786	0.19453492836933042	0.4278350931418617	
TMEM41B	0.5360911174678346	0.45182989595126877	0.012078986580896796	
TMEM43	0.017208251393376107	0.03165281554785401	0.9511389330587698	
TMEM44	0.9681763240843599	0.01591183795782002	0.01591183795782002	
TMEM44-AS1	0.16014155044377942	0.2691844454528982	0.5706740041033224	
TMEM45A	0.5365505577534572	0.009333389269557669	0.4541160529769851	
TMEM45B	0.3329040258998223	0.012869274148660256	0.6542266999515174	
TMEM47	0.25662509987996374	0.01250059577539217	0.7308743043446441	
TMEM50A	0.028200899452024766	0.028200899452024766	0.9435982010959504	
TMEM50B	0.5421480389352411	0.02608701527359149	0.43176494579116736	
TMEM51	0.7616575268507161	0.012663311795360531	0.22567916135392346	
TMEM51-AS1	0.9559077060480412	0.02204614697597936	0.02204614697597936	
TMEM52B	0.28666093607349724	0.7024991977347285	0.010839866191774197	
TMEM53	0.6369416911757059	0.022730527308002405	0.3403277815162917	
TMEM54	0.005787881460007119	0.40963609107927396	0.584576027460719	
TMEM59	0.024621081584367963	0.17926096116127704	0.7961179572543551	
TMEM60	0.01270696278486228	0.01270696278486228	0.9745860744302755	
TMEM62	0.8539105270165906	0.1271166862603105	0.01897278672309893	
TMEM63A	0.9122618431288688	0.043869078435565534	0.043869078435565534	
TMEM63B	0.5867045773515056	0.0180786353285405	0.39521678731995386	
TMEM63C	0.5874820681490385	0.016686708102914546	0.39583122374804697	
TMEM64	0.7734453875165231	0.018977246312108342	0.20757736617136846	
TMEM65	0.9671646007220573	0.01641769963897131	0.01641769963897131	
TMEM67	0.9728489492129783	0.01357552539351088	0.01357552539351088	
TMEM68	0.6854870726799891	0.2988550251283073	0.015657902191703543	
TMEM69	0.014905320362804736	0.2624568899458328	0.7226377896913625	
TMEM70	0.016599235696531916	0.016599235696531916	0.9668015286069361	
TMEM71	0.8388799201888278	0.01532977671233483	0.1457903030988373	
TMEM74B	0.13573190428839355	0.6037617616623773	0.26050633404922924	
TMEM79	0.12810977124034026	0.06567113501202232	0.8062190937476373	
TMEM86A	0.132025826691979	0.012906671652390699	0.8550675016556303	
TMEM86B	0.08278616924892289	0.009768141079493326	0.9074456896715839	
TMEM87A	0.6578218563652846	0.22716209855645222	0.11501604507826332	
TMEM87B	0.7333517887720676	0.24974136459177518	0.016906846636157134	
TMEM88	0.012238301889760706	0.012238301889760706	0.9755233962204786	
TMEM8B	0.9520904433435472	0.02395477832822637	0.02395477832822637	
TMEM9	0.02097376348301591	0.02097376348301591	0.9580524730339681	
TMEM92	0.38407522997371146	0.009742048189325529	0.606182721836963	
TMEM94	0.3514220063101306	0.508541702482922	0.1400362912069475	
TMEM97	0.010498090769664062	0.18389163476939954	0.8056102744609365	
TMEM98	0.38108723758890145	0.014320142253278696	0.6045926201578199	
TMEM9B	0.013813576271347772	0.19254237931641432	0.793644044412238	
TMEM9B-AS1	0.9656749926699262	0.017162503665036903	0.017162503665036903	
TMF1	0.810223130704563	0.17085286842958503	0.01892400086585185	
TMIGD2	0.38000253707413256	0.01740111881174184	0.6025963441141255	
TMIGD3	0.7742812791070538	0.014313578531225748	0.21140514236172037	
TMLHE	0.9683225715613558	0.015838714219322075	0.015838714219322075	
TMOD1	0.7668400341799866	0.011648147570164672	0.22151181824984872	
TMOD2	0.9615115370958157	0.019244231452092107	0.019244231452092107	
TMOD3	0.9579978328404363	0.021001083579781827	0.021001083579781827	
TMPO	0.4331316704500135	0.46811571202373115	0.09875261752625532	
TMPO-AS1	0.562138812807143	0.021955307643710488	0.4159058795491465	
TMPRSS12	0.3168255096671218	0.6756462966257315	0.007528193707146829	
TMPRSS13	0.18566522582807346	0.43201886598189604	0.3823159081900305	
TMPRSS2	0.4546754521920624	0.011628984186735348	0.5336955636212023	
TMPRSS3	0.2531695674625195	0.009316553512606383	0.7375138790248741	
TMPRSS4	0.8011109919535223	0.016235614080471472	0.1826533939660062	
TMSB10	0.009082760333144209	0.142746377503342	0.8481708621635137	
TMSB15B	0.941760946312569	0.029119526843715472	0.029119526843715472	
TMSB4X	0.014668697946174748	0.014668697946174748	0.9706626041076505	
TMTC1	0.9718733319930732	0.014063334003463372	0.014063334003463372	
TMTC2	0.84643609521051	0.14479179062573597	0.008772114163754108	
TMTC3	0.9104998731763296	0.07224503559963791	0.017255091224032452	
TMTC4	0.9547052774071512	0.022647361296424393	0.022647361296424393	
TMUB1	0.00809587426383422	0.30977135967307495	0.6821327660630908	
TMUB2	0.02152389102623817	0.02152389102623817	0.9569522179475236	
TMX1	0.6310978406153358	0.0446608383256619	0.32424132105900216	
TMX3	0.9225843493338581	0.03870782533307093	0.03870782533307093	
TMX4	0.20911272195295652	0.033796136745693595	0.7570911413013498	
TNC	0.5662817516867626	0.030917362770737873	0.40280088554249943	
TNF	0.25939577161417066	0.014859313694657822	0.7257449146911716	
TNFAIP1	0.012763806165930714	0.3932812890364506	0.5939549047976186	
TNFAIP2	0.010327572978438032	0.010327572978438032	0.9793448540431239	
TNFAIP3	0.16054518619799266	0.013884197941877126	0.8255706158601301	
TNFAIP6	0.5346601916065918	0.02227156122012857	0.44306824717327975	
TNFAIP8	0.3924563248052996	0.5979450962499842	0.00959857894471621	
TNFAIP8L1	0.5200462781480173	0.013996890778330977	0.46595683107365166	
TNFAIP8L3	0.44873120666453237	0.0124755973751503	0.5387931959603174	
TNFRSF10A	0.4813102408268203	0.017013315086622658	0.5016764440865572	
TNFRSF10B	0.5534659554963869	0.019948407717865203	0.4265856367857478	
TNFRSF10D	0.6172486495382864	0.013013206013539213	0.3697381444481745	
TNFRSF11A	0.9712425670475833	0.014378716476208352	0.014378716476208352	
TNFRSF11B	0.34107270588078487	0.008463132508943203	0.650464161610272	
TNFRSF12A	0.006924956042306893	0.3194043390473283	0.6736707049103648	
TNFRSF14	0.40148198558982584	0.007252927786785128	0.5912650866233891	
TNFRSF14-AS1	0.7410180410620996	0.021798133092334124	0.23718382584556627	
TNFRSF18	0.047928372576392826	0.009902584850662484	0.9421690425729446	
TNFRSF19	0.96761495926085	0.016192520369574987	0.016192520369574987	
TNFRSF1A	0.024028768155506534	0.024028768155506534	0.9519424636889869	
TNFRSF1B	0.37698910586810963	0.018523173016505575	0.6044877211153847	
TNFRSF21	0.5415926741732524	0.025996718664312718	0.43241060716243485	
TNFRSF25	0.34025124337530555	0.009484199416008652	0.6502645572086858	
TNFRSF4	0.014541435545501828	0.014541435545501828	0.9709171289089963	
TNFRSF8	0.968117568873385	0.01594121556330748	0.01594121556330748	
TNFRSF9	0.9298777013209777	0.03506114933951114	0.03506114933951114	
TNFSF10	0.010261157926707768	0.3525321907275147	0.6372066513457776	
TNFSF13B	0.9660539062905353	0.016973046854732318	0.016973046854732318	
TNFSF14	0.2799855218735232	0.012792938044984926	0.7072215400814917	
TNFSF15	0.8020591405761951	0.021193636228983827	0.17674722319482106	
TNFSF4	0.9651974856222656	0.01740125718886717	0.01740125718886717	
TNFSF8	0.6145945862226435	0.016917402218117605	0.3684880115592389	
TNIK	0.9784649868045806	0.010767506597709697	0.010767506597709697	
TNIP1	0.03322500219521797	0.03322500219521797	0.933549995609564	
TNIP2	0.04643994197305513	0.2955930912201162	0.6579669668068286	
TNIP3	0.968713168850435	0.015643415574782504	0.015643415574782504	
TNK1	0.19173132588473307	0.014835924161054332	0.7934327499542125	
TNK2	0.43952426210397183	0.3484806304221311	0.21199510747389694	
TNKS	0.9651036859766686	0.017448157011665664	0.017448157011665664	
TNKS1BP1	0.16594845809721664	0.023333838502386756	0.8107177034003966	
TNKS2	0.265843601117207	0.7210998120687248	0.013056586814068247	
TNNC1	0.011852512404341724	0.12798582355766858	0.8601616640379897	
TNNC2	0.8391477747845824	0.012022347943744386	0.14882987727167327	
TNNI2	0.3721511514368638	0.40055365497980705	0.22729519358332922	
TNNT1	0.5542442610041076	0.006952373904996244	0.43880336509089607	
TNNT3	0.8966325145603666	0.011888140830731751	0.0914793446089016	
TNPO1	0.6463245790114162	0.336870588949188	0.016804832039395964	
TNPO2	0.2688720084193022	0.06576353759086856	0.6653644539898292	
TNPO3	0.6939180214607533	0.2783537307722686	0.027728247766978024	
TNRC18	0.9425943934130266	0.028702803293486626	0.028702803293486626	
TNRC6A	0.9678036202664904	0.016098189866754826	0.016098189866754826	
TNRC6B	0.9724549200968344	0.013772539951582782	0.013772539951582782	
TNRC6C	0.9681505541277905	0.015924722936104765	0.015924722936104765	
TNS1	0.9382230650037914	0.030888467498104307	0.030888467498104307	
TNS2	0.5707659074233253	0.014099093484485821	0.4151349990921888	
TNS3	0.517526569728211	0.4729564489766355	0.00951698129515359	
TNS4	0.305092951848818	0.45480933743013713	0.24009771072104483	
TNXB	0.7784989743308225	0.010498797251000194	0.2110022284181774	
TOB1	0.015225580979551711	0.015225580979551711	0.9695488380408965	
TOB2	0.2067976388333034	0.023198043856645253	0.7700043173100514	
TOE1	0.009579031319314887	0.32365974754177557	0.6667612211389096	
TOGARAM1	0.9678650227261653	0.016067488636917357	0.016067488636917357	
TOGARAM2	0.96827565788513	0.01586217105743497	0.01586217105743497	
TOLLIP	0.2375383237716031	0.021378830910879016	0.7410828453175179	
TOM1	0.28841233817023326	0.37171417678806756	0.3398734850416991	
TOM1L1	0.8333111892720803	0.01757860539171943	0.14911020533620037	
TOM1L2	0.8372397564024834	0.13920278879643008	0.023557454801086595	
TOMM20	0.017754970968517653	0.338771842449283	0.6434731865821994	
TOMM22	0.009642849222358828	0.14381444767356197	0.8465427031040791	
TOMM34	0.01332884769315452	0.4907877567849451	0.4958833955219004	
TOMM40	0.019890958457640717	0.21566519056826114	0.7644438509740981	
TOMM40L	0.01618584679822048	0.01618584679822048	0.967628306403559	
TOMM7	0.013756025938486242	0.013756025938486242	0.9724879481230275	
TOMM70	0.29514809099777506	0.2082383714459977	0.49661353755622734	
TONSL	0.7495670488208516	0.01696762199455297	0.23346532918459534	
TOP1	0.318367385775679	0.6582816748086184	0.02335093941570248	
TOP1MT	0.49379896614980906	0.028198934813471476	0.47800209903671953	
TOP2A	0.5377203392026239	0.43380601156694126	0.02847364923043495	
TOP2B	0.458333047163768	0.5095314930526731	0.03213545978355895	
TOP3A	0.8168892073097281	0.17049723619552545	0.012613556494746396	
TOP3B	0.9238191004396147	0.05251185687460502	0.023669042685780316	
TOPBP1	0.6135257239433364	0.37055603421187316	0.015918241844790435	
TOR1A	0.020055922012958013	0.28050335384491887	0.6994407241421232	
TOR1AIP1	0.14774799477524164	0.04573145927259444	0.8065205459521639	
TOR1AIP2	0.4569071237922399	0.5319363473766733	0.011156528831086813	
TOR1B	0.30514831528090036	0.06399015879401293	0.6308615259250868	
TOR2A	0.012138487288699472	0.123872524536624	0.8639889881746766	
TOR3A	0.01670546266670562	0.01670546266670562	0.9665890746665887	
TOR4A	0.011244256001791384	0.011244256001791384	0.9775114879964172	
TOX	0.9803853034194401	0.009807348290279981	0.009807348290279981	
TOX2	0.9685089146656488	0.01574554266717557	0.01574554266717557	
TOX3	0.970695193521732	0.014652403239134033	0.014652403239134033	
TOX4	0.04772067476998303	0.5046774478929913	0.44760187733702567	
TP53	0.3792144568236942	0.1450037718196722	0.4757817713566336	
TP53BP1	0.9587099879074283	0.020645006046285816	0.020645006046285816	
TP53BP2	0.9316164745973768	0.034191762701311565	0.034191762701311565	
TP53I11	0.15349192151190383	0.30524000489876735	0.5412680735893288	
TP53I3	0.2893127270702911	0.01209469735204635	0.6985925755776625	
TP53INP1	0.03073264045968882	0.03073264045968882	0.9385347190806224	
TP53INP2	0.05503623902228521	0.011417460114731793	0.933546300862983	
TP53RK	0.011095625488374714	0.30735960786910427	0.681544766642521	
TP53TG1	0.7972002629309101	0.1773573849904241	0.02544235207866576	
TP63	0.4686579641864455	0.5164181520781181	0.014923883735436337	
TP73	0.4867779588513006	0.5038805826046444	0.00934145854405508	
TPBG	0.008736494875217616	0.5603679806036272	0.4308955245211552	
TPCN1	0.8644954421435159	0.017871235019679643	0.1176333228368044	
TPCN2	0.7338248534200466	0.019194778989292324	0.24698036759066097	
TPD52	0.4016160904584428	0.4523658814034361	0.14601802813812118	
TPD52L1	0.4408153436272246	0.1774886975588612	0.38169595881391416	
TPD52L2	0.030606433725115054	0.030606433725115054	0.9387871325497699	
TPGS1	0.5038629827972625	0.00940783171837012	0.48672918548436733	
TPGS2	0.1773903374989283	0.3253831550140548	0.49722650748701697	
TPI1	0.013232257164970621	0.1828087229866539	0.8039590198483754	
TPK1	0.9420359254886435	0.04578433887496057	0.01217973563639588	
TPM1	0.42400964772571936	0.37489850455480545	0.20109184771947522	
TPM1-AS	0.33519467310362266	0.4283710380799442	0.2364342888164331	
TPM2	0.21326595848962882	0.015493309677239494	0.7712407318331317	
TPM3	0.03874702978789381	0.03874702978789381	0.9225059404242124	
TPM4	0.30642119855006356	0.03550917361869123	0.6580696278312452	
TPMT	0.22706842900290805	0.021315977062558843	0.7516155939345331	
TPP1	0.015608796163573545	0.015608796163573545	0.9687824076728528	
TPP2	0.6507384087099071	0.33511326942696806	0.014148321863124744	
TPPP	0.5097948262342737	0.014666869195407084	0.4755383045703192	
TPPP3	0.02708968512735465	0.011894218139828477	0.9610160967328168	
TPR	0.5415092131638769	0.43291724331690484	0.025573543519218155	
TPRA1	0.05973690654996934	0.22495647321002205	0.7153066202400086	
TPRG1	0.9772367287596887	0.011381635620155662	0.011381635620155662	
TPRG1L	0.010604801838772153	0.010604801838772153	0.9787903963224557	
TPRKB	0.02114867005756344	0.14992161012826694	0.8289297198141696	
TPRN	0.28228189906435613	0.16044141570497017	0.5572766852306738	
TPST1	0.9774821633318707	0.011258918334064658	0.011258918334064658	
TPST2	0.7418668938599785	0.021668815716472282	0.23646429042354927	
TPT1	0.029772006391743454	0.029772006391743454	0.940455987216513	
TPX2	0.47471929505411786	0.45285293461755416	0.07242777032832803	
TRA2A	0.7836576534492008	0.15548736201319457	0.06085498453760468	
TRA2B	0.4408031133929402	0.5140035284742052	0.045193358132854605	
TRABD	0.147096321960372	0.018526727237600047	0.8343769508020279	
TRABD2A	0.5556221206050831	0.43466745856575734	0.009710420829159676	
TRABD2B	0.9748028294552087	0.012598585272395666	0.012598585272395666	
TRAC	0.018928439281812755	0.018928439281812755	0.9621431214363745	
TRADD	0.016038108061981384	0.016038108061981384	0.9679237838760372	
TRAF1	0.4062839513886185	0.01988337226537952	0.5738326763460019	
TRAF2	0.3466613318774217	0.5550381666130485	0.0983005015095298	
TRAF3	0.7950135085549711	0.19184807462185122	0.013138416823177708	
TRAF3IP1	0.9635460469417337	0.01822697652913311	0.01822697652913311	
TRAF3IP2	0.5824849102210364	0.21299390343823313	0.20452118634073052	
TRAF3IP2-AS1	0.9783089633073999	0.010845518346300053	0.010845518346300053	
TRAF3IP3	0.29603770074795305	0.016870147388594055	0.6870921518634528	
TRAF4	0.01094986575942086	0.46824933112745	0.520800803113129	
TRAF5	0.9129700551137869	0.01849682483791969	0.0685331200482933	
TRAF6	0.9506819344858027	0.0246590327570986	0.0246590327570986	
TRAF7	0.018941754817193967	0.018941754817193967	0.9621164903656121	
TRAFD1	0.04202373900623353	0.04202373900623353	0.915952521987533	
TRAIP	0.5974826505386929	0.3911733818026395	0.01134396765866772	
TRAK1	0.6845555078376879	0.29873474055114246	0.016709751611169697	
TRAK2	0.9501484425362445	0.024925778731877728	0.024925778731877728	
TRAM1	0.03332609479138386	0.03332609479138386	0.9333478104172322	
TRAM2	0.6597094503723827	0.32806124373627166	0.012229305891345498	
TRAM2-AS1	0.966990160155734	0.016504919922132967	0.016504919922132967	
TRANK1	0.9648860945184681	0.017556952740765967	0.017556952740765967	
TRAP1	0.614968001606573	0.04060993016965078	0.3444220682237762	
TRAPPC1	0.008535555076596917	0.1293733821871146	0.8620910627362885	
TRAPPC10	0.9602767924965625	0.019861603751718717	0.019861603751718717	
TRAPPC11	0.9196797032845648	0.040160148357717564	0.040160148357717564	
TRAPPC12	0.9460379024217735	0.026981048789113223	0.026981048789113223	
TRAPPC13	0.9333272188824638	0.03333639055876803	0.03333639055876803	
TRAPPC2	0.5253938031448777	0.036309587934355285	0.4382966089207669	
TRAPPC2L	0.014386123661814448	0.014386123661814448	0.9712277526763711	
TRAPPC3	0.013972578986223262	0.4529099656722685	0.5331174553415082	
TRAPPC4	0.01684914678944922	0.01684914678944922	0.9663017064211016	
TRAPPC5	0.013394065463452917	0.013394065463452917	0.9732118690730941	
TRAPPC6A	0.013497566135635714	0.20823114572750584	0.7782712881368584	
TRAPPC6B	0.9318509068217512	0.03407454658912439	0.03407454658912439	
TRAPPC8	0.9458337230346268	0.02708313848268659	0.02708313848268659	
TRAPPC9	0.7766148948869327	0.21154833231162354	0.01183677280144372	
TRAT1	0.46961131308642573	0.02161375433244074	0.5087749325811335	
TRBC1	0.023960664589213962	0.023960664589213962	0.952078670821572	
TRBC2	0.020727996773544723	0.020727996773544723	0.9585440064529105	
TRDC	0.009995878292502765	0.009995878292502765	0.9800082434149946	
TRDMT1	0.9767143783328027	0.011642810833598615	0.011642810833598615	
TREM1	0.3209017514975865	0.014694769007861116	0.6644034794945524	
TREML2	0.1772988464528543	0.5652820815302405	0.25741907201690517	
TRERF1	0.9709172497597276	0.014541375120136184	0.014541375120136184	
TRG-AS1	0.9723966700617205	0.013801664969139723	0.013801664969139723	
TRGC1	0.049274119153101564	0.049274119153101564	0.9014517616937969	
TRGC2	0.012090021112173438	0.012090021112173438	0.9758199577756531	
TRHDE	0.9790189319751489	0.010490534012425525	0.010490534012425525	
TRIAP1	0.007710839915523776	0.24386532235647876	0.7484238377279976	
TRIB1	0.012208398737667138	0.012208398737667138	0.9755832025246657	
TRIB2	0.02538168883489832	0.02538168883489832	0.9492366223302033	
TRIB3	0.21413331174655348	0.06934636235799016	0.7165203258954564	
TRIL	0.20226322174506198	0.020722694019628965	0.777014084235309	
TRIM11	0.20772885819783782	0.6186389263895319	0.1736322154126303	
TRIM13	0.8911365948795393	0.05443170256023028	0.05443170256023028	
TRIM14	0.6488928408240153	0.026945073348544204	0.3241620858274405	
TRIM16	0.6185914508060663	0.01681750407169821	0.36459104512223545	
TRIM2	0.013962771847759015	0.013962771847759015	0.972074456304482	
TRIM21	0.012728770882865727	0.27592335877517105	0.7113478703419632	
TRIM22	0.020919862219223387	0.020919862219223387	0.9581602755615531	
TRIM23	0.9542597796929789	0.022870110153510537	0.022870110153510537	
TRIM24	0.7137082992210407	0.2741553986026681	0.01213630217629115	
TRIM25	0.477962298554991	0.033303213191042416	0.48873448825396654	
TRIM26	0.7027157800015637	0.09062007680786187	0.20666414319057436	
TRIM27	0.8913050219162526	0.06105184033401427	0.04764313774973311	
TRIM28	0.014075742510931877	0.3109763873938109	0.6749478700952573	
TRIM29	0.3904486035100586	0.3509999498853011	0.2585514466046404	
TRIM3	0.6642950005505782	0.0135021032294145	0.3222028962200073	
TRIM32	0.3543003078198922	0.05390394427892301	0.5917957479011849	
TRIM33	0.5667535644423785	0.4205730628851976	0.012673372672423949	
TRIM35	0.21783638053447374	0.019158349690538076	0.7630052697749882	
TRIM36	0.9639676343934123	0.018016182803293875	0.018016182803293875	
TRIM37	0.7305781389748712	0.2505675849162248	0.018854276108903903	
TRIM38	0.9262141686781116	0.021387914302808408	0.05239791701908001	
TRIM39	0.009433481048851966	0.23870290264037464	0.7518636163107733	
TRIM4	0.8726577609390823	0.06367111953045876	0.06367111953045876	
TRIM41	0.3105862889497952	0.22256868797754709	0.4668450230726578	
TRIM44	0.9572756901140468	0.021362154942976563	0.021362154942976563	
TRIM45	0.2948652123788667	0.5139471432069757	0.19118764441415767	
TRIM46	0.7636029273952156	0.023521137900381715	0.21287593470440266	
TRIM47	0.06360421245709034	0.00953547525428005	0.9268603122886296	
TRIM5	0.4475196219021261	0.498910620775562	0.05356975732231194	
TRIM52	0.2705777992202658	0.023450207298942583	0.7059719934807915	
TRIM55	0.5608964286031042	0.4318621615420816	0.0072414098548141395	
TRIM56	0.6144233167075376	0.029793927107327665	0.35578275618513483	
TRIM58	0.6319910542903899	0.3616312098616877	0.0063777358479224205	
TRIM59	0.2740791723624647	0.28800133404697253	0.43791949359056276	
TRIM60	0.23201547499012654	0.7604552649607571	0.0075292600491164065	
TRIM61	0.9409157513216071	0.02954212433919642	0.02954212433919642	
TRIM62	0.29502978418209963	0.5652502034669356	0.1397200123509647	
TRIM65	0.5190249570119722	0.01899652582495994	0.4619785171630678	
TRIM66	0.9320559456155885	0.05321980707782467	0.014724247306586903	
TRIM68	0.01789662190219468	0.3305239603183448	0.6515794177794605	
TRIM69	0.6895631693543488	0.012228960663362381	0.2982078699822888	
TRIM71	0.46857257299848065	0.5262173541877789	0.0052100728137403855	TRIM71
TRIM72	0.9715917121833705	0.01579148655762249	0.01261680125900705	
TRIM73	0.11753686226725028	0.018742019175674134	0.8637211185570756	
TRIM8	0.03644956661390221	0.025466607237966007	0.9380838261481318	
TRIM9	0.9718275825902671	0.014086208704866416	0.014086208704866416	
TRIML2	0.10079817571810071	0.8903861201222728	0.008815704159626464	
TRIO	0.7576138676899699	0.2328776679159848	0.009508464394045277	
TRIOBP	0.6030761704755881	0.03812178067790167	0.35880204884651	
TRIP10	0.36798201406639275	0.016427748787630134	0.615590237145977	
TRIP11	0.6900487968046386	0.29609109406499806	0.013860109130363387	
TRIP12	0.901582540730981	0.049208729634509486	0.049208729634509486	
TRIP13	0.5812861943847222	0.33459535991805245	0.08411844569722546	
TRIP4	0.7396286244747647	0.23351458903225827	0.026856786492976993	
TRIP6	0.011067228473457532	0.011067228473457532	0.9778655430530849	
TRIQK	0.9669588332336414	0.0165205833831793	0.0165205833831793	
TRIR	0.011647720846134604	0.29184347771158026	0.6965088014422851	
TRIT1	0.6373537893165637	0.34885234679699584	0.013793863886440433	
TRMO	0.18773175850640247	0.027313758129859048	0.7849544833637385	
TRMT1	0.15521060482953797	0.021438985902608135	0.823350409267854	
TRMT10A	0.41630236083226485	0.5635594537646962	0.02013818540303893	
TRMT10B	0.9578403493752435	0.02427885930426124	0.01788079132049511	
TRMT10C	0.013210274436136876	0.32701489034588843	0.6597748352179746	
TRMT11	0.968595057739322	0.015702471130339003	0.015702471130339003	
TRMT112	0.009595467582149107	0.021262306620791115	0.9691422257970597	
TRMT12	0.05365100336802515	0.05365100336802515	0.8926979932639497	
TRMT13	0.9473126287232283	0.026343685638385846	0.026343685638385846	
TRMT1L	0.9404855234435299	0.02975723827823503	0.02975723827823503	
TRMT2A	0.054019541040351705	0.018391689399409845	0.9275887695602384	
TRMT2B	0.8180263395286902	0.13756143289709716	0.04441222757421251	
TRMT44	0.9619941646795461	0.01900291766022693	0.01900291766022693	
TRMT5	0.6035471657404515	0.36874359487566066	0.02770923938388775	
TRMT6	0.026206891108827242	0.43466698175778185	0.5391261271333909	
TRMT61A	0.013935922642785379	0.013935922642785379	0.9721281547144293	
TRMT61B	0.8509430943798381	0.1211128840918935	0.02794402152826836	
TRMT9B	0.9715777941864819	0.014211102906759034	0.014211102906759034	
TRMU	0.862538718027805	0.1240018331266836	0.013459448845511365	
TRNAU1AP	0.5996054848369787	0.38490105054532064	0.015493464617700632	
TRNP1	0.2669820278317113	0.017644597364349507	0.7153733748039393	
TRNT1	0.6623996417388381	0.32030730077612146	0.017293057485040408	
TRO	0.8490732745939341	0.012747122669361339	0.1381796027367045	
TROAP	0.338077434652344	0.4398512998926348	0.2220712654550212	
TRPC1	0.9734274349559274	0.013286282522036251	0.013286282522036251	
TRPC4	0.971140908798581	0.0144295456007095	0.0144295456007095	
TRPC4AP	0.4078282210887205	0.533719801861812	0.0584519770494676	
TRPC6	0.978183112036681	0.010908443981659516	0.010908443981659516	
TRPM2	0.968505066578391	0.015747466710804497	0.015747466710804497	
TRPM3	0.9805460375854718	0.009726981207264115	0.009726981207264115	
TRPM4	0.7987838103450646	0.011856410938070303	0.1893597787168651	
TRPM6	0.97024153872164	0.014879230639179975	0.014879230639179975	
TRPM7	0.7242330004400829	0.26029693790693453	0.015470061652982637	
TRPS1	0.9773250524126117	0.011337473793694148	0.011337473793694148	
TRPT1	0.01000950860857299	0.2866675609312615	0.7033229304601655	
TRPV1	0.6193356615867253	0.10866908517816709	0.2719952532351076	
TRPV2	0.027539991335030118	0.027539991335030118	0.9449200173299397	
TRPV3	0.8391188893895958	0.014886182494225015	0.14599492811617926	
TRPV4	0.5469193399902422	0.44293121433472094	0.01014944567503674	
TRPV6	0.028760752727101088	0.48561962363644945	0.48561962363644945	
TRRAP	0.965655619209383	0.017172190395308456	0.017172190395308456	
TRUB1	0.8500689812660743	0.024280008673160592	0.12565101006076496	
TRUB2	0.48315000827886573	0.21540287966637395	0.30144711205476027	
TSACC	0.871444152773737	0.09686226653825382	0.03169358068800914	
TSC1	0.8220994037578168	0.16238976364064978	0.015510832601533324	
TSC2	0.8570629457679749	0.02424492011646682	0.11869213411555825	
TSC22D1	0.21422999486645616	0.7172765050600041	0.06849350007353973	
TSC22D1-AS1	0.9411341563694905	0.029432921815254712	0.029432921815254712	
TSC22D2	0.6179233881673528	0.370778039817941	0.011298572014706245	
TSC22D3	0.020104179332024498	0.020104179332024498	0.959791641335951	
TSC22D4	0.02966617808870443	0.02966617808870443	0.940667643822591	
TSEN15	0.4607972073676302	0.3075330475959724	0.23166974503639745	
TSEN2	0.9738098314681646	0.013095084265917675	0.013095084265917675	
TSEN34	0.24222886849133038	0.15701369194493056	0.6007574395637391	
TSEN54	0.4081721205162433	0.014974813640948942	0.5768530658428076	
TSFM	0.01045242500794937	0.04460922702494008	0.9449383479671105	
TSG101	0.09226740502284951	0.7272197286558773	0.18051286632127314	
TSGA10	0.7160787782250986	0.27548630811606	0.008434913658841452	
TSHR	0.9787819260537338	0.010609036973133076	0.010609036973133076	
TSHZ1	0.9571000919432091	0.02144995402839543	0.02144995402839543	
TSHZ2	0.9795592798847529	0.010220360057623574	0.010220360057623574	
TSHZ3	0.974963114741034	0.012518442629482986	0.012518442629482986	
TSIX	0.9704756330549781	0.01476218347251097	0.01476218347251097	
TSKS	0.31029262825799775	0.6805513093955653	0.00915606234643695	
TSKU	0.014226041521304224	0.014226041521304224	0.9715479169573915	
TSN	0.03251735384516297	0.03251735384516297	0.934965292309674	
TSNARE1	0.9643917723335785	0.01780411383321073	0.01780411383321073	
TSNAXIP1	0.913383567815516	0.0213899689475015	0.06522646323698249	
TSPAN1	0.17744203123195024	0.009297649242881081	0.8132603195251688	
TSPAN10	0.9446356782806573	0.02768216085967134	0.02768216085967134	
TSPAN11	0.9669552353121558	0.016522382343922115	0.016522382343922115	
TSPAN12	0.7363980932940706	0.014826014281405422	0.24877589242452397	
TSPAN13	0.010823839301338017	0.48608666263307065	0.5030894980655912	
TSPAN14	0.9466404130257395	0.026679793487130194	0.026679793487130194	
TSPAN15	0.545961424822829	0.011022627864008698	0.4430159473131623	
TSPAN17	0.1156461867060944	0.018826830468632635	0.865526982825273	
TSPAN18	0.972142912893238	0.013928543553380994	0.013928543553380994	
TSPAN2	0.6358340466267147	0.017517399193533834	0.3466485541797514	
TSPAN3	0.04504239412070894	0.04504239412070894	0.9099152117585821	
TSPAN31	0.01811561495464355	0.01811561495464355	0.9637687700907128	
TSPAN32	0.9680354910763159	0.01598225446184201	0.01598225446184201	
TSPAN33	0.2157439129062124	0.014726942101988688	0.7695291449917989	
TSPAN4	0.1411829207785864	0.014686810270662144	0.8441302689507515	
TSPAN5	0.9786721740008482	0.01066391299957593	0.01066391299957593	
TSPAN6	0.016448219665464708	0.016448219665464708	0.9671035606690705	
TSPAN7	0.009708737864077669	0.009708737864077669	0.9805825242718447	
TSPAN8	0.6976940948177955	0.009621022919727665	0.2926848822624767	
TSPAN9	0.5879455346920908	0.3914593521773775	0.02059511313053172	
TSPO	0.010187697127427545	0.010187697127427545	0.9796246057451449	
TSPOAP1	0.4602734810791791	0.03043741839811842	0.5092891005227024	
TSPOAP1-AS1	0.9681188002231124	0.015940599888443787	0.015940599888443787	
TSPYL1	0.016832923377358335	0.016832923377358335	0.9663341532452833	
TSPYL2	0.02088656431784999	0.02088656431784999	0.9582268713643	
TSPYL4	0.02487842767611873	0.02487842767611873	0.9502431446477625	
TSPYL5	0.018679169972949154	0.018679169972949154	0.9626416600541017	
TSR1	0.44868360689077247	0.2502759559274211	0.3010404371818064	
TSR2	0.01094026843454975	0.2271151263551679	0.7619446052102823	
TSR3	0.010407025336214563	0.010407025336214563	0.9791859493275709	
TSSC4	0.01069867181932678	0.01069867181932678	0.9786026563613465	
TST	0.010192974534771086	0.010192974534771086	0.9796140509304578	
TSTD2	0.8246800661271199	0.15349163298795665	0.02182830088492352	
TSTD3	0.9771845416656736	0.011407729167163217	0.011407729167163217	
TTBK2	0.971209848663892	0.014395075668053961	0.014395075668053961	
TTC1	0.1626754829103715	0.09235123497645506	0.7449732821131735	
TTC12	0.9554155880118332	0.022292205994083377	0.022292205994083377	
TTC13	0.9486945804961913	0.025652709751904323	0.025652709751904323	
TTC14	0.9127774361506936	0.043611281924653134	0.043611281924653134	
TTC17	0.9357254773405159	0.03213726132974204	0.03213726132974204	
TTC19	0.8716981355250416	0.11484051079859807	0.01346135367636024	
TTC21A	0.8756175618901779	0.10773272688009893	0.016649711229723228	
TTC21B	0.9732732665076028	0.013363366746198585	0.013363366746198585	
TTC22	0.16906974968412083	0.01338041071490292	0.8175498396009763	
TTC23	0.9696743755503119	0.015162812224844018	0.015162812224844018	
TTC26	0.9737373944788108	0.013131302760594578	0.013131302760594578	
TTC27	0.962991037441615	0.018504481279192523	0.018504481279192523	
TTC28	0.9782135328955331	0.010893233552233423	0.010893233552233423	
TTC3	0.9262202315628921	0.03688988421855393	0.03688988421855393	
TTC30A	0.17565779902411652	0.028506288135279646	0.795835912840604	
TTC30B	0.024908680283743784	0.024908680283743784	0.9501826394325124	
TTC31	0.41690692960667597	0.022470292880513765	0.5606227775128102	
TTC32	0.03464905284431683	0.03464905284431683	0.9307018943113663	
TTC33	0.9697344789742299	0.015132760512885028	0.015132760512885028	
TTC34	0.9603319264970235	0.019834036751488312	0.019834036751488312	
TTC38	0.5593664579903731	0.012487715828071852	0.42814582618155517	
TTC39A	0.6276865319520812	0.0134152817728663	0.35889818627505243	
TTC39B	0.969825793060837	0.015087103469581477	0.015087103469581477	
TTC39C	0.9660213566751376	0.016989321662431233	0.016989321662431233	
TTC39C-AS1	0.9528629571982417	0.023568521400879165	0.023568521400879165	
TTC5	0.9637550661181461	0.018122466940926955	0.018122466940926955	
TTC7A	0.6350855972194653	0.34301087930838187	0.02190352347215274	
TTC7B	0.5862660428346114	0.40578828993739435	0.007945667227994219	
TTC8	0.9464721703697402	0.026763914815129908	0.026763914815129908	
TTC9	0.377596144773135	0.4405399189677738	0.1818639362590912	
TTC9C	0.30754667271399	0.32736873292247914	0.36508459436353075	
TTF1	0.9291846078687946	0.03540769606560267	0.03540769606560267	
TTF2	0.9659137946762051	0.01704310266189746	0.01704310266189746	
TTI1	0.5446344334545075	0.43635719794044525	0.019008368605047232	
TTI2	0.9417437986644733	0.029128100667763293	0.029128100667763293	
TTK	0.4620856122078865	0.47440148898693096	0.06351289880518253	
TTL	0.9763393643265996	0.011830317836700152	0.011830317836700152	
TTLL1	0.9503145356519503	0.024842732174024794	0.024842732174024794	
TTLL10	0.9471666198415389	0.026416690079230514	0.026416690079230514	
TTLL11	0.9746424714631049	0.012678764268447563	0.012678764268447563	
TTLL12	0.07768608652540553	0.016932417526379827	0.9053814959482147	
TTLL3	0.013426046756926645	0.15319307146528274	0.8333808817777906	
TTLL4	0.6367048537251929	0.347310157228552	0.015984989046254977	
TTLL5	0.8322753083373673	0.15559162560522843	0.012133066057404315	
TTLL7	0.9765415115942931	0.011729244202853413	0.011729244202853413	
TTN	0.9805825242718447	0.009708737864077669	0.009708737864077669	
TTN-AS1	0.9801820522545734	0.009908973872713299	0.009908973872713299	
TTPA	0.23584763950013427	0.5769432223948934	0.1872091381049724	
TTPAL	0.34658937330554307	0.03228740629425875	0.6211232204001982	
TTTY14	0.6992806060136413	0.2937958236297881	0.006923570356570706	
TTYH1	0.9469953954528052	0.026502302273597404	0.026502302273597404	
TTYH2	0.9615639347676939	0.019218032616153045	0.019218032616153045	
TTYH3	0.34831984312226116	0.019549098254327744	0.6321310586234111	
TUB	0.49684067319064246	0.012386328824625262	0.49077299798473234	
TUBA1A	0.009708737864077669	0.009708737864077669	0.9805825242718447	
TUBA1B	0.010050182603052127	0.12989638113251653	0.8600534362644314	
TUBA1C	0.0122293575728001	0.39793372154186424	0.5898369208853356	
TUBA4A	0.013146758288235815	0.013146758288235815	0.9737064834235284	
TUBB	0.014776337953637642	0.14719211914503158	0.8380315429013308	
TUBB2A	0.008342308257138964	0.25801992665961326	0.7336377650832477	
TUBB2B	0.12530917709004086	0.03480659093458519	0.839884231975374	
TUBB4B	0.011261482447729176	0.0764335857067652	0.9123049318455057	
TUBB6	0.3445106686917714	0.02575112010813316	0.6297382112000953	
TUBD1	0.9495469842548996	0.0252265078725502	0.0252265078725502	
TUBE1	0.7122111799937191	0.016768430846769725	0.2710203891595112	
TUBG1	0.010746403333325974	0.16418977637338023	0.8250638202932937	
TUBG2	0.2713247314125021	0.016921100318923243	0.7117541682685745	
TUBGCP2	0.9326725584368677	0.03366372078156612	0.03366372078156612	
TUBGCP3	0.9600508965364359	0.019974551731782083	0.019974551731782083	
TUBGCP4	0.6519092772236807	0.33052482478817724	0.017565897988141982	
TUBGCP5	0.9554803688201958	0.022259815589902063	0.022259815589902063	
TUBGCP6	0.4335183796554584	0.023093016817262686	0.5433886035272789	
TUFM	0.012122522063985881	0.11915503963348714	0.8687224383025269	
TUFT1	0.2722984396060646	0.38641077517852906	0.34129078521540646	
TULP1	0.3403582562109602	0.6518931682305199	0.007748575558519825	
TULP3	0.957470703223951	0.021264648388024467	0.021264648388024467	
TULP4	0.6824199733752699	0.3090185712349272	0.008561455389802956	
TUSC2	0.010212153904112873	0.0776478430495599	0.9121400030463273	
TUSC3	0.43305515201833017	0.5599722549797207	0.006972593001949196	
TUT4	0.8586473574181273	0.12157351907724767	0.019779123504625056	
TUT7	0.8721999013420245	0.10751109957507897	0.020288999082896525	
TVP23A	0.9770186482110439	0.011490675894478022	0.011490675894478022	
TVP23B	0.016244619296043178	0.5008666879230694	0.4828886927808875	
TWF1	0.01256738497082722	0.2823011182151789	0.7051314968139939	
TWF2	0.01223198674824738	0.01223198674824738	0.9755360265035052	
TWIST1	0.7212766577778872	0.01206543180553762	0.2666579104165751	
TWIST2	0.8743722030783102	0.0134126020008908	0.11221519492079902	
TWNK	0.026211229147947088	0.026211229147947088	0.9475775417041058	
TWSG1	0.7498227880669686	0.020085099845602163	0.23009211208742922	
TXK	0.9632483444543115	0.01837582777284423	0.01837582777284423	
TXLNA	0.36612269630085637	0.02899735042664677	0.6048799532724968	
TXLNB	0.9704356342344768	0.0147821828827616	0.0147821828827616	
TXLNG	0.9481901198755451	0.025904940062227415	0.025904940062227415	
TXN	0.01629503493918562	0.018009453097948578	0.9656955119628658	
TXN2	0.012135282850438744	0.2796612531443282	0.708203464005233	
TXNDC11	0.5376663087033566	0.12460442107451808	0.3377292702221251	
TXNDC12	0.022113464388163657	0.14241709641655098	0.8354694391952854	
TXNDC15	0.18475170495729318	0.03308043454540279	0.782167860497304	
TXNDC16	0.9684471592826468	0.015776420358676584	0.015776420358676584	
TXNDC17	0.008705902485824982	0.2099774556734717	0.7813166418407034	
TXNDC9	0.03616135433010127	0.5351819746862718	0.4286566709836268	
TXNIP	0.025124482157158835	0.025124482157158835	0.9497510356856823	
TXNL1	0.0666667980697843	0.5104863325256815	0.42284686940453425	
TXNL4A	0.05728623286668797	0.38428206146332855	0.5584317056699835	
TXNL4B	0.8785241293957269	0.060737935302136475	0.060737935302136475	
TXNRD1	0.5634659543407375	0.23508011099059856	0.20145393466866382	
TXNRD2	0.6264944466292569	0.20756123887178107	0.16594431449896202	
TXNRD3	0.6843924967357554	0.30278910985957397	0.012818393404670603	
TYK2	0.5290524343442476	0.021291397463339704	0.44965616819241255	
TYMP	0.011375156913042441	0.011375156913042441	0.977249686173915	
TYMS	0.33270757370944487	0.4307582406128825	0.2365341856776726	
TYRO3	0.8004496843974744	0.015516310894429355	0.18403400470809617	
TYROBP	0.010772848204310018	0.010772848204310018	0.97845430359138	
TYSND1	0.3677404315340354	0.2011764377948327	0.4310831306711317	
TYW1	0.9441069222928301	0.03649849648529829	0.01939458122187151	
TYW1B	0.977483472117243	0.011258263941378526	0.011258263941378526	
TYW3	0.7449839963886855	0.028138848397115276	0.22687715521419913	
TYW5	0.8817072574350264	0.1055493139228095	0.012743428642163988	
U2AF1	0.009708737864077669	0.009708737864077669	0.9805825242718447	
U2AF2	0.019617964927778234	0.5742378717664292	0.4061441633057926	
U2SURP	0.9335106663172268	0.033244666841386585	0.033244666841386585	
UACA	0.9725036959245185	0.01374815203774075	0.01374815203774075	
UAP1	0.561071086568746	0.022524220239603963	0.41640469319165	
UAP1L1	0.02354818804784006	0.011501103157365885	0.964950708794794	
UBA1	0.050399147651960435	0.050399147651960435	0.8992017046960792	
UBA2	0.3886142497093299	0.5729330676988594	0.03845268259181063	
UBA3	0.025398089668819516	0.6833865089054789	0.29121540142570146	
UBA5	0.6527857064689592	0.1651211325155939	0.1820931610154468	
UBA52	0.013975560551617668	0.013975560551617668	0.9720488788967646	
UBA6	0.9603429217824906	0.019828539108754675	0.019828539108754675	
UBA7	0.013346071527267838	0.013346071527267838	0.9733078569454643	
UBAC1	0.3681118507980684	0.2540122493198725	0.3778758998820591	
UBAC2	0.4882723747289833	0.4914033196833953	0.020324305587621366	
UBAC2-AS1	0.4077480060926307	0.5799318877686378	0.012320106138731534	
UBALD1	0.03212113398913168	0.5155184696558538	0.45236039635501446	
UBALD2	0.014111377116356478	0.014111377116356478	0.971777245767287	
UBAP1	0.351034402884293	0.5265307692573264	0.12243482785838042	
UBAP1L	0.9693358560808104	0.015332071959594778	0.015332071959594778	
UBAP2	0.6342202949594001	0.35248226869432403	0.013297436346275865	
UBAP2L	0.4889350382072489	0.4504503254252897	0.060614636367461526	
UBASH3A	0.6331168216303511	0.012694284244827147	0.35418889412482174	
UBASH3B	0.7592994539865421	0.2315606160986838	0.009139929914774145	
UBB	0.01599349159928039	0.01599349159928039	0.9680130168014391	
UBC	0.028899969639092717	0.028899969639092717	0.9422000607218145	
UBE2A	0.011474411620752563	0.6795285123044901	0.3089970760747574	
UBE2B	0.23845814712499996	0.6167118974785887	0.14482995539641144	
UBE2C	0.16967427272616212	0.3901187908448452	0.44020693642899267	
UBE2D1	0.6863858664876666	0.02547970539946326	0.2881344281128701	
UBE2D2	0.8736125479836289	0.06319372600818554	0.06319372600818554	
UBE2D3	0.07813344732287268	0.5229531730003335	0.39891337967679397	
UBE2D4	0.576890422809598	0.016829677993250376	0.4062798991971517	
UBE2E1	0.786150361301988	0.10692481934900605	0.10692481934900605	
UBE2E2	0.9629319203609163	0.018534039819541798	0.018534039819541798	
UBE2E3	0.8161652158170147	0.09191739209149269	0.09191739209149269	
UBE2G1	0.5515606337409618	0.4285130200766197	0.0199263461824186	
UBE2G2	0.4867774591432236	0.15470697060284866	0.35851557025392766	
UBE2H	0.46516026922588644	0.5118129142055144	0.023026816568599034	
UBE2I	0.1772345995785481	0.46714211466608424	0.3556232857553677	
UBE2J1	0.09055461490135742	0.4175913321174453	0.4918540529811972	
UBE2J2	0.23511870545996597	0.5692693114922392	0.195611983047795	
UBE2K	0.4877409327000447	0.4954826784388884	0.016776388861066856	
UBE2L3	0.042140327949988274	0.6413974375438906	0.31646223450612115	
UBE2L6	0.01297755350319861	0.01297755350319861	0.9740448929936028	
UBE2M	0.010932084702435783	0.010932084702435783	0.9781358305951284	
UBE2N	0.07046745708761591	0.38795027201142385	0.5415822709009603	
UBE2O	0.9293493361243902	0.04673427126020949	0.023916392615400264	
UBE2Q1	0.01858180460620774	0.01858180460620774	0.9628363907875845	
UBE2Q2	0.37354631437782704	0.6115688332071201	0.014884852415052918	
UBE2R2	0.9138656065257655	0.04306719673711717	0.04306719673711717	
UBE2S	0.012195436629548138	0.2935747967617239	0.6942297666087279	
UBE2T	0.17871797724350102	0.43699417828268555	0.38428784447381337	
UBE2V2	0.6551766967152858	0.3227675695107061	0.02205573377400809	
UBE2Z	0.03921048044326495	0.14008680520698125	0.820702714349754	
UBE3A	0.74091882072411	0.22279370434266363	0.03628747493322649	
UBE3B	0.7196881102285075	0.25682081271889945	0.023491077052592957	
UBE3C	0.6651757247236839	0.31543016500680887	0.01939411026950731	
UBE3D	0.9787271325825037	0.01063643370874818	0.01063643370874818	
UBE4A	0.9138096850758829	0.04309515746205851	0.04309515746205851	
UBE4B	0.6779397635930074	0.3053854440964283	0.01667479231056422	
UBFD1	0.025229885787869128	0.4919155162016296	0.4828545980105013	
UBIAD1	0.38456089099420876	0.0705949819832917	0.5448441270224996	
UBL3	0.8772526849169702	0.03358182097862227	0.08916549410440762	
UBL4A	0.009770168546527137	0.09449895099327514	0.8957308804601977	
UBL5	0.010218464038074228	0.010218464038074228	0.9795630719238515	
UBL7	0.012032378218833385	0.3091147921476902	0.6788528296334764	
UBLCP1	0.03116156132190641	0.03116156132190641	0.9376768773561871	
UBN1	0.6862657373316143	0.28382761973991866	0.029906642928466974	
UBN2	0.9740487208170725	0.012975639591463766	0.012975639591463766	
UBOX5	0.7131185659942891	0.2724948537021545	0.014386580303556407	
UBP1	0.578582724510331	0.06559959834369275	0.3558176771459763	
UBQLN1	0.058545870685771044	0.695800175093868	0.245653954220361	
UBQLN2	0.016734276007876137	0.1390424068267916	0.8442233171653323	
UBQLN4	0.047263279318310765	0.06686253149943698	0.8858741891822522	
UBR1	0.9638228858311407	0.01808855708442962	0.01808855708442962	
UBR2	0.9066592384920112	0.07262138670398637	0.020719374804002395	
UBR3	0.8068442858061077	0.17856788096600976	0.014587833227882593	
UBR4	0.875027930325391	0.03420677966740926	0.0907652900071999	
UBR5	0.5705423610906588	0.41372818199252376	0.01572945691681727	
UBR7	0.020488326411303315	0.020488326411303315	0.9590233471773933	
UBTD1	0.7094726285574519	0.010082139545319908	0.2804452318972282	
UBTD2	0.7717081165264513	0.20984116681812548	0.01845071665542314	
UBTF	0.24978615349840977	0.03232615491473423	0.7178876915868561	
UBXN1	0.012291053279163033	0.012291053279163033	0.975417893441674	
UBXN10	0.17121604977677693	0.020951442557634307	0.8078325076655888	
UBXN11	0.469745900759612	0.11956949201836038	0.4106846072220276	
UBXN2A	0.7762079157335835	0.21237716453776143	0.011414919728655057	
UBXN2B	0.7630550350560634	0.2078530502235204	0.029091914720416046	
UBXN4	0.1403406534271238	0.7509285500908183	0.10873079648205791	
UBXN6	0.019368476112050354	0.019368476112050354	0.9612630477758993	
UBXN7	0.957808365670267	0.02109581716486652	0.02109581716486652	
UBXN8	0.027979908531396928	0.027979908531396928	0.944040182937206	
UCA1	0.17480502038555984	0.12731125406643184	0.6978837255480083	
UCHL1	0.07765449348512042	0.014155890595818094	0.9081896159190614	
UCHL3	0.007278225833523489	0.3511448074538561	0.6415769667126204	
UCHL5	0.4800510185944763	0.48518373897654243	0.034765242428981366	
UCK1	0.01203445491852603	0.09197135523949403	0.89599418984198	
UCK2	0.45171663965014597	0.537249398483244	0.011033961866609918	
UCKL1	0.05018306329742314	0.380448173379551	0.5693687633230259	
UCKL1-AS1	0.9249202930483432	0.03753985347582843	0.03753985347582843	
UCN	0.027789002059294226	0.027789002059294226	0.9444219958814115	
UCP2	0.019290123378424402	0.019290123378424402	0.9614197532431513	
UCP3	0.7564020523306685	0.03064167195658245	0.21295627571274917	
UEVLD	0.9501364233677736	0.024931788316113156	0.024931788316113156	
UFC1	0.009680889078192138	0.30040373680490395	0.689915374116904	
UFD1	0.02134773694738508	0.4085718466912171	0.5700804163613977	
UFL1	0.7371064174192156	0.21890086361178174	0.043992718969002656	
UFM1	0.01921185530606456	0.25697280803942796	0.7238153366545074	
UFSP1	0.03060081081426058	0.03060081081426058	0.9387983783714787	
UFSP2	0.3302056726734487	0.043920985320212776	0.6258733420063386	
UGCG	0.6067601079312398	0.028064796313205395	0.3651750957555547	
UGDH	0.481087762794579	0.02429154966989915	0.4946206875355218	
UGDH-AS1	0.9734840152673628	0.013257992366318576	0.013257992366318576	
UGGT1	0.9387189625470841	0.0397694674179744	0.021511570034941477	
UGGT2	0.9350570141201231	0.054925524087538424	0.010017461792338412	
UGP2	0.09956972900974512	0.5230996846607578	0.377330586329497	
UGT2B7	0.8079561690262878	0.009617483002010305	0.18242634797170199	
UGT8	0.7177990267492029	0.022150592630112022	0.2600503806206851	
UHMK1	0.3959508859010457	0.06272859371683497	0.5413205203821194	
UHRF1	0.9255984478989966	0.010523358922217603	0.06387819317878583	
UHRF2	0.9545179757159097	0.022741012142045155	0.022741012142045155	
UIMC1	0.9311333684080151	0.03443331579599241	0.03443331579599241	
ULK1	0.7127255357684418	0.013943378783346703	0.2733310854482115	
ULK2	0.9710526398322024	0.014473680083898832	0.014473680083898832	
ULK3	0.32869713705379566	0.014146228982046255	0.657156633964158	
ULK4	0.9773405827675002	0.011329708616249896	0.011329708616249896	
UMPS	0.6750320145636342	0.31354289415461767	0.011425091281748153	
UNC119B	0.01665046907173235	0.14996379967124956	0.8333857312570181	
UNC13B	0.9714713133720582	0.014264343313970917	0.014264343313970917	
UNC13D	0.036197787759600766	0.5010247203979807	0.4627774918424185	
UNC45A	0.06563949550670625	0.15622296090541257	0.7781375435878812	
UNC50	0.018695679440330047	0.433688723661632	0.5476155968980381	
UNC5B	0.8665660356848764	0.01265329475952673	0.12078066955559683	
UNC5C	0.978866234222528	0.01056688288873596	0.01056688288873596	
UNC5CL	0.15553384309307028	0.23999363168263207	0.6044725252242976	
UNC79	0.9780099490603515	0.010995025469824234	0.010995025469824234	
UNC93B1	0.18271895671561192	0.011295052664549615	0.8059859906198384	
UNG	0.032223467322427674	0.032223467322427674	0.9355530653551446	
UNK	0.6813346614347587	0.3048818848827779	0.0137834536824633	
UNKL	0.5965619060010814	0.3937207022297388	0.009717391769179684	
UPF1	0.4562967715450651	0.26736210623368656	0.27634112222124835	
UPF2	0.954284856350693	0.022857571824653443	0.022857571824653443	
UPF3A	0.8344245123903398	0.033095125727286616	0.13248036188237355	
UPF3B	0.7245927392508	0.17472669434235036	0.10068056640684964	
UPK1B	0.16833720365110694	0.2925877444769516	0.5390750518719416	
UPK2	0.8898663150271643	0.09611558685088992	0.01401809812194574	
UPP1	0.20380109090977458	0.37616306229027263	0.4200358467999528	
UPRT	0.9494162626078197	0.025291868696090118	0.025291868696090118	
UQCC1	0.7456052937149851	0.22663019618931862	0.027764510095696273	
UQCC2	0.02340606820659481	0.02340606820659481	0.9531878635868103	
UQCC3	0.29543052383862384	0.024221167451708853	0.6803483087096673	
UQCR10	0.009015457390593682	0.1629245185150234	0.8280600240943828	
UQCRB	0.014702515455629603	0.014702515455629603	0.9705949690887408	
UQCRC1	0.013924114134284057	0.3216992565086523	0.6643766293570637	
UQCRC2	0.036829299469619915	0.3152957433664895	0.6478749571638907	
UQCRFS1	0.00972211444297672	0.2293641710712946	0.7609137144857286	
UQCRH	0.01940873534668979	0.1994266108121814	0.7811646538411289	
UQCRHL	0.3178351891339754	0.1504944329690771	0.5316703778969475	
UQCRQ	0.011607633940691319	0.011607633940691319	0.9767847321186174	
URB1	0.971139999804894	0.01443000009755303	0.01443000009755303	
URB1-AS1	0.02280990796994634	0.02280990796994634	0.9543801840601073	
URB2	0.7272494496423992	0.2503035399663298	0.022447010391271015	
URGCP	0.3511772290084706	0.35224879588072927	0.29657397511080014	
URI1	0.5389720669124453	0.43572529524802744	0.025302637839527305	
URM1	0.02423083971671206	0.02423083971671206	0.9515383205665758	
UROD	0.011924954216055453	0.011924954216055453	0.9761500915678891	
UROS	0.5652307704961625	0.03140994854594677	0.40335928095789075	
USB1	0.01804335591555706	0.3466489330163988	0.6353077110680442	
USE1	0.02374379847411489	0.02374379847411489	0.9525124030517702	
USF1	0.01771243183895474	0.01771243183895474	0.9645751363220905	
USF2	0.023017645911546203	0.023017645911546203	0.9539647081769076	
USF3	0.9658247037425243	0.017087648128737854	0.017087648128737854	
USHBP1	0.7126014034371626	0.015314545940965053	0.2720840506218724	
USO1	0.45063022368643957	0.518779926050644	0.030589850262916274	
USP1	0.11815026912732818	0.5477193832131777	0.3341303476594942	
USP10	0.4117451674223452	0.5656604315580287	0.022594401019626082	
USP11	0.031693757690383254	0.031693757690383254	0.9366124846192334	
USP12	0.9506406347908118	0.024679682604594074	0.024679682604594074	
USP13	0.7742575500057517	0.19726998226551648	0.028472467728731785	
USP14	0.6177919220882696	0.3483512608340831	0.0338568170776473	
USP15	0.9635571738974713	0.01822141305126434	0.01822141305126434	
USP16	0.25907197677571286	0.5669349729898003	0.17399305023448672	
USP18	0.4176961597547292	0.02144525552452451	0.5608585847207463	
USP19	0.016481109728191685	0.20927902947278396	0.7742398607990243	
USP2	0.5396617424249592	0.010076244993014797	0.4502620125820259	
USP2-AS1	0.9739125698860001	0.013043715056999952	0.013043715056999952	
USP20	0.499461276917707	0.042755178843627964	0.45778354423866513	
USP21	0.017349370954938152	0.29756165887480424	0.6850889701702576	
USP22	0.37174015246682923	0.0930389483840424	0.5352208991491283	
USP24	0.9526439113569511	0.023678044321524417	0.023678044321524417	
USP25	0.5940790659500205	0.38890673875741105	0.017014195292568524	
USP27X	0.02842475560000506	0.7009821814420956	0.2705930629578995	
USP28	0.9556098091116516	0.022195095444174168	0.022195095444174168	
USP3	0.8175506748368049	0.1686774949364642	0.013771830226730883	
USP3-AS1	0.8692490299901943	0.1170907289097828	0.013660241100022973	
USP30	0.9408816897946023	0.029559155102698846	0.029559155102698846	
USP31	0.9474803663548947	0.038871836473705075	0.013647797171400088	
USP32	0.9549757986822976	0.022512100658851168	0.022512100658851168	
USP33	0.6054647964413219	0.36877559531291	0.025759608245768006	
USP34	0.9012662812498001	0.0692195434473811	0.029514175302818794	
USP35	0.521037533399511	0.019737005946699585	0.45922546065378955	
USP36	0.9507713434532107	0.02461432827339462	0.02461432827339462	
USP37	0.7732547887778163	0.21668733560464878	0.010057875617534864	
USP38	0.9608248739081598	0.0195875630459201	0.0195875630459201	
USP39	0.1527052045123608	0.5273739490307037	0.31992084645693547	
USP4	0.9200909811782978	0.03995450941085115	0.03995450941085115	
USP40	0.6815230205484777	0.3034063239992914	0.015070655452230845	
USP42	0.8363909585895619	0.1484444635745084	0.015164577835929584	
USP43	0.49943557788215087	0.491001898331705	0.009562523786144172	
USP44	0.9520942418416145	0.023952879079192708	0.023952879079192708	
USP45	0.9567838988486738	0.029212942803797357	0.014003158347528834	
USP46	0.9673600249367149	0.01631998753164254	0.01631998753164254	
USP47	0.8817698846171488	0.09227372932521577	0.025956386057635467	
USP48	0.5970528527093331	0.38267159486778635	0.020275552422880563	
USP49	0.024771297172202025	0.024771297172202025	0.9504574056555959	
USP5	0.01598936469763242	0.14762258605368647	0.8363880492486812	
USP51	0.8436800853650374	0.03812763851296538	0.11819227612199733	
USP53	0.7974421211690687	0.18992221730128817	0.012635661529643152	
USP54	0.9718566239244473	0.014071688037776324	0.014071688037776324	
USP6	0.9723865103032889	0.013806744848355541	0.013806744848355541	
USP6NL	0.6237757897992084	0.36541070286579486	0.010813507334996744	
USP7	0.8212208586320605	0.051630902906170645	0.12714823846176876	
USP8	0.660377770439146	0.32088936605562246	0.018732863505231533	
USP9X	0.6200011325549107	0.36013099974635454	0.019867867698734793	
USPL1	0.9541528071789843	0.022923596410507802	0.022923596410507802	
UST	0.9700499016052674	0.014975049197366318	0.014975049197366318	
UTP11	0.3762626273299308	0.1310313824728766	0.4927059901971925	
UTP14A	0.4340451234752595	0.5488790976814922	0.017075778843248294	
UTP15	0.5125155443345427	0.39984729730457985	0.08763715836087738	
UTP18	0.02617249541624459	0.5243644628567106	0.44946304172704477	
UTP20	0.9699183271048417	0.015040836447579146	0.015040836447579146	
UTP23	0.9385097568460241	0.030745121576987906	0.030745121576987906	
UTP25	0.9530980558611485	0.023450972069425757	0.023450972069425757	
UTP3	0.016227788660190156	0.016227788660190156	0.9675444226796197	
UTP4	0.8738646019710152	0.034680004129482155	0.09145539389950263	
UTP6	0.6311745954471812	0.3541681065904674	0.014657297962351374	
UTRN	0.9491464262929217	0.025426786853539145	0.025426786853539145	
UVRAG	0.9564535724115403	0.021773213794229848	0.021773213794229848	
UVSSA	0.9688906036701904	0.015554698164904792	0.015554698164904792	
UXS1	0.7584522359354047	0.02634963285070521	0.2151981312138901	
UXT	0.015326829267800463	0.015326829267800463	0.969346341464399	
VAC14	0.9412685477620577	0.029365726118971126	0.029365726118971126	
VAMP1	0.013965587253341183	0.013965587253341183	0.9720688254933176	
VAMP3	0.014065615478886444	0.26005760750405005	0.7258767770170635	
VAMP4	0.8353790343451905	0.023975441471291152	0.14064552418351836	
VAMP5	0.010582885943289714	0.010582885943289714	0.9788342281134206	
VAMP8	0.00846471533113342	0.4216707901314935	0.5698644945373732	
VANGL1	0.8595968384897785	0.017215849614673193	0.12318731189554828	
VANGL2	0.46598830835711114	0.01759799151540265	0.5164137001274862	
VAPA	0.7073041834408468	0.15690009006065664	0.13579572649849656	
VAPB	0.6625560360769808	0.3200870908542643	0.017356873068754813	
VASH1	0.7170127142518677	0.014030694909663797	0.2689565908384685	
VASH2	0.9751022064517636	0.012448896774118205	0.012448896774118205	
VASN	0.240133908398897	0.010014482182532383	0.7498516094185707	
VASP	0.015530547257563919	0.34521399725974716	0.6392554554826889	
VAT1	0.01215423847655593	0.01215423847655593	0.9756915230468881	
VAT1L	0.9478002475614364	0.011848596562818012	0.04035115587574548	
VAV1	0.8325998743080251	0.02655021158694692	0.14084991410502792	
VAV2	0.9673042200729308	0.01634788996353456	0.01634788996353456	
VAV3	0.6609210537492852	0.3303048710666722	0.008774075184042432	
VAX2	0.9378075855107703	0.031096207244614836	0.031096207244614836	
VBP1	0.024237095307434214	0.024237095307434214	0.9515258093851315	
VCAM1	0.4113009157897391	0.02100673060994065	0.5676923536003203	
VCAN	0.9760262425939199	0.011986878703040013	0.011986878703040013	
VCL	0.9527567662503925	0.0236216168748037	0.0236216168748037	
VCP	0.01970101827780592	0.42867868616498334	0.5516202955572108	
VCPIP1	0.9595535205626213	0.020223239718689317	0.020223239718689317	
VCPKMT	0.5036571416336412	0.23880711251300754	0.25753574585335126	
VDAC1	0.026252943956922015	0.22760569618903764	0.7461413598540403	
VDAC2	0.02040957041962477	0.39476798309175465	0.5848224464886205	
VDAC3	0.0330337467282658	0.0330337467282658	0.9339325065434684	
VDR	0.7074903304631073	0.013539897611056192	0.27896977192583655	
VEGFA	0.751686976717889	0.013850238842718776	0.23446278443939217	
VEGFB	0.19487942216117163	0.01398012231021302	0.7911404555286152	
VEGFC	0.7632517995869761	0.009979312406050092	0.22676888800697376	
VEGFD	0.7637187767967107	0.028776683003640398	0.20750454019964892	
VENTX	0.0174161406567736	0.0174161406567736	0.9651677186864528	
VEPH1	0.702460227859813	0.2885726300826166	0.008967142057570461	
VEZF1	0.18142994337223906	0.03491788804333862	0.7836521685844223	
VEZT	0.9155436852829661	0.07045590966121525	0.014000405055818513	
VGLL1	0.12013073724118234	0.5174575108531265	0.3624117519056911	
VGLL3	0.4414814830032291	0.5519187004095346	0.006599816587236328	
VGLL4	0.6453645873815868	0.33947818172832783	0.01515723089008541	
VHL	0.3509002554457865	0.4967292073643872	0.15237053718982635	
VIL1	0.749237041169657	0.2335967206481602	0.017166238182182835	
VILL	0.23370403874300683	0.0200442528950805	0.7462517083619127	
VIM	0.01517198028056179	0.01517198028056179	0.9696560394388763	
VIM-AS1	0.47456003119541845	0.01092445291533983	0.5145155158892417	
VIPAS39	0.5353467330880055	0.06477938188249012	0.3998738850295043	
VIPR1	0.3933818898373727	0.010813401215496532	0.5958047089471308	
VIPR2	0.9762975766921616	0.011851211653919187	0.011851211653919187	
VIRMA	0.5828325919803885	0.39847848844019845	0.018688919579413005	
VIT	0.4336135562725643	0.4632030185692782	0.10318342515815768	
VKORC1	0.009996244482361931	0.009996244482361931	0.9800075110352762	
VKORC1L1	0.9610393224954484	0.019480338752275846	0.019480338752275846	
VLDLR	0.6100279798293231	0.3288575421376106	0.06111447803306632	
VLDLR-AS1	0.846575102702904	0.14452293633326596	0.008901960963829975	
VMA21	0.023732328270955106	0.023732328270955106	0.9525353434580898	
VMO1	0.018478456308295123	0.018478456308295123	0.9630430873834097	
VMP1	0.8229559743335687	0.031498065502707624	0.14554596016372356	
VNN1	0.25867214000853717	0.01197620755530423	0.7293516524361586	
VNN2	0.2394452919580502	0.0106710335803712	0.7498836744615786	
VOPP1	0.940275618922529	0.029862190538735463	0.029862190538735463	
VPS11	0.02267320713779221	0.02267320713779221	0.9546535857244155	
VPS13A	0.9640697811641719	0.017965109417914037	0.017965109417914037	
VPS13B	0.9728751927018262	0.013562403649086863	0.013562403649086863	
VPS13C	0.9630471338429362	0.01847643307853189	0.01847643307853189	
VPS13D	0.9708742853289685	0.014562857335515772	0.014562857335515772	
VPS16	0.024348294184595082	0.024348294184595082	0.9513034116308098	
VPS18	0.021619635804272556	0.021619635804272556	0.9567607283914549	
VPS25	0.010409165529590179	0.17670284950497023	0.8128879849654396	
VPS26A	0.3181130641010151	0.6178906640671584	0.0639962718318264	
VPS26B	0.03512194765894164	0.03512194765894164	0.9297561046821167	
VPS26C	0.9038754281385031	0.0443227409284948	0.05180183093300203	
VPS28	0.4435490016018711	0.009413856368799723	0.5470371420293291	
VPS29	0.04812827632836949	0.04812827632836949	0.9037434473432611	
VPS35	0.9002940883229207	0.08527049565177776	0.01443541602530157	
VPS35L	0.9506921412543281	0.024653929372835923	0.024653929372835923	
VPS36	0.5966746736046712	0.2569185686375261	0.1464067577578027	
VPS37A	0.5758501185556871	0.4044107989719098	0.01973908247240315	
VPS37B	0.5954576098507696	0.20984642880469798	0.19469596134453243	
VPS37C	0.5263526171429922	0.08617630085328701	0.3874710820037207	
VPS39	0.34675775721084906	0.22728132209342441	0.42596092069572655	
VPS41	0.9380165140778147	0.030991742961092587	0.030991742961092587	
VPS45	0.953984414439097	0.023007792780451463	0.023007792780451463	
VPS4A	0.1170254778038261	0.059135130181428255	0.8238393920147457	
VPS4B	0.2224714221429079	0.6232280351280192	0.15430054272907287	
VPS50	0.972513585754484	0.013743207122758007	0.013743207122758007	
VPS51	0.02664756905892373	0.3029130449089925	0.6704393860320838	
VPS52	0.4384457220179663	0.15670410180389963	0.4048501761781342	
VPS53	0.9743550393777777	0.01282248031111117	0.01282248031111117	
VPS54	0.9558661770559967	0.0220669114720016	0.0220669114720016	
VPS72	0.012437618574491638	0.4563895592283917	0.5311728221971167	
VPS8	0.960339731212799	0.0198301343936005	0.0198301343936005	
VPS9D1	0.6045464533378306	0.014772149930998143	0.3806813967311713	
VPS9D1-AS1	0.38308605650382577	0.030809106353280467	0.5861048371428939	
VRK1	0.738970984115776	0.2503256674768736	0.010703348407350443	
VRK2	0.9513139098984692	0.024343045050765368	0.024343045050765368	
VRK3	0.32507815339784807	0.26212043337134255	0.4128014132308094	
VSIG10	0.6254218484622588	0.366881683434684	0.007696468103057164	
VSIG10L	0.1789938440358976	0.011096912979829137	0.8099092429842732	
VSIG2	0.2547319025638812	0.007547932916961423	0.7377201645191573	
VSIG4	0.01101640509446745	0.01101640509446745	0.9779671898110651	
VSIR	0.17140123194596865	0.3717455092055335	0.45685325884849776	
VSNL1	0.9224478514656012	0.013938767873066476	0.06361338066133239	
VSTM2L	0.3434581355760503	0.008145971624460473	0.6483958927994892	
VSTM4	0.8516120064059911	0.015118975363792059	0.13326901823021678	
VSTM5	0.3547535285403681	0.6372673388600486	0.007979132599583204	
VTA1	0.2715566245123555	0.5081116352193127	0.22033174026833177	
VTCN1	0.2761164871607322	0.34126012902980923	0.3826233838094585	
VTI1A	0.9727213586198573	0.013639320690071349	0.013639320690071349	
VTI1B	0.012111970059854182	0.32264794089401866	0.6652400890461271	
VTN	0.05578542366549191	0.009257005650338315	0.9349575706841698	
VWA1	0.009998288550243898	0.08066958568497788	0.9093321257647783	
VWA5A	0.07824075973221452	0.014039202607182402	0.907720037660603	
VWA8	0.9702842718530926	0.014857864073453688	0.014857864073453688	
VWC2	0.971323325769914	0.014338337115042982	0.014338337115042982	
VWCE	0.3848346914055414	0.60815896409454	0.007006344499918591	
VWDE	0.5583066850392647	0.43323697903985087	0.00845633592088436	
VWF	0.5688699773465304	0.01424791995578023	0.4168821026976894	
WAC	0.6072904627088739	0.362284677007608	0.030424860283518068	
WAC-AS1	0.9153802959633822	0.04230985201830887	0.04230985201830887	
WAPL	0.7890329386311474	0.1856470433807228	0.025320017988129735	
WARS2	0.7381330511566995	0.2492104599394016	0.012656488903898921	
WAS	0.03610362501335253	0.022020542400259625	0.9418758325863879	
WASF1	0.9596116311428616	0.020194184428569184	0.020194184428569184	
WASF2	0.8118295039458194	0.09408524802709035	0.09408524802709035	
WASF3	0.9687969124449733	0.015601543777513298	0.015601543777513298	
WASHC1	0.30637105892151717	0.30278395685551335	0.3908449842229694	
WASHC2A	0.5646452545025188	0.061443415046813596	0.37391133045066755	
WASHC2C	0.6967186504202137	0.041553239630317075	0.26172810994946905	
WASHC3	0.34912993075499865	0.0367726334377179	0.6140974358072835	
WASHC4	0.9421162548328962	0.02894187258355186	0.02894187258355186	
WASHC5	0.8978078457775095	0.05109607711124522	0.05109607711124522	
WASL	0.6119575242337052	0.37393730584112045	0.014105169925174408	
WBP11	0.33117460866014437	0.2942661618005979	0.37455922953925774	
WBP1L	0.565366417563459	0.3502479217997246	0.0843856606368164	
WBP2	0.022041760817266335	0.022041760817266335	0.9559164783654673	
WBP2NL	0.7208744961259667	0.2685812549611439	0.01054424891288938	
WBP4	0.5694352332643333	0.40251275578359247	0.028052010952074095	
WDCP	0.5666665810673519	0.03660381028968121	0.3967296086429668	
WDFY2	0.9732783200901872	0.013360839954906393	0.013360839954906393	
WDFY3	0.9775456955684556	0.011227152215772208	0.011227152215772208	
WDFY4	0.9697700954628611	0.01511495226856947	0.01511495226856947	
WDHD1	0.6732552428871295	0.31902936382390323	0.0077153932889673085	
WDPCP	0.9773112878668947	0.01134435606655266	0.01134435606655266	
WDR1	0.03060073740674556	0.15646781221785896	0.8129314503753955	
WDR11	0.9262527907304149	0.03687360463479251	0.03687360463479251	
WDR12	0.7245200473830495	0.26464934990752575	0.010830602709424738	
WDR13	0.02756394391204846	0.02756394391204846	0.9448721121759031	
WDR17	0.9717055206682726	0.01414723966586365	0.01414723966586365	
WDR18	0.0117605450216554	0.30863313685431726	0.6796063181240273	
WDR19	0.9593101993675794	0.020344900316210238	0.020344900316210238	
WDR20	0.6106346244679082	0.37730855299533506	0.012056822536756658	
WDR24	0.042035942914636755	0.019131434766815447	0.9388326223185477	
WDR25	0.9635879123259686	0.018206043837015642	0.018206043837015642	
WDR26	0.8493403825414562	0.029636748496812967	0.12102286896173081	
WDR3	0.9440952173820779	0.027952391308961044	0.027952391308961044	
WDR31	0.9672069315603463	0.016396534219826814	0.016396534219826814	
WDR33	0.7041729309685918	0.2755931036354566	0.020233965395951656	
WDR35	0.9658192180909716	0.017090390954514183	0.017090390954514183	
WDR36	0.9486638413961013	0.02566807930194932	0.02566807930194932	
WDR37	0.9672571550928785	0.016371422453560748	0.016371422453560748	
WDR4	0.9606405835673769	0.019679708216311525	0.019679708216311525	
WDR41	0.9457197844183614	0.027140107790819313	0.027140107790819313	
WDR43	0.7033277575277814	0.274058121368289	0.02261412110392956	
WDR44	0.9572937061520514	0.02135314692397424	0.02135314692397424	
WDR45	0.02310337999685047	0.02310337999685047	0.9537932400062991	
WDR45B	0.33399938362204673	0.2997129319712003	0.36628768440675297	
WDR46	0.36960612679628535	0.015489920986377793	0.6149039522173368	
WDR47	0.8797013262921567	0.021204131038931102	0.09909454266891221	
WDR48	0.9321234877459912	0.03393825612700435	0.03393825612700435	
WDR5	0.3263815947535237	0.23204035526366468	0.44157804998281175	
WDR53	0.17037215355845042	0.3231788383003943	0.5064490081411552	
WDR54	0.014834358031819764	0.014834358031819764	0.9703312839363605	
WDR55	0.09806581009977933	0.3268470657176054	0.5750871241826153	
WDR59	0.4917219512854305	0.4913465239897452	0.01693152472482438	
WDR5B	0.12832696759668943	0.021490101426347788	0.8501829309769628	
WDR6	0.04628724697983683	0.08526278470181552	0.8684499683183476	
WDR62	0.6221932454749445	0.3692062905920583	0.008600463932997264	
WDR64	0.504431711079122	0.48838163701324055	0.0071866519076375715	
WDR7	0.9695204102733763	0.015239794863311843	0.015239794863311843	
WDR70	0.9613939068748895	0.019303046562555305	0.019303046562555305	
WDR72	0.9687614887540864	0.015619255622956765	0.015619255622956765	
WDR73	0.966982992252384	0.016508503873807964	0.016508503873807964	
WDR74	0.43535884215944465	0.023060207183798368	0.5415809506567569	
WDR75	0.8712891162800199	0.06435544185999	0.06435544185999	
WDR76	0.6627271363836601	0.3281859312596254	0.009086932356714459	
WDR77	0.022255834235685213	0.022255834235685213	0.9554883315286296	
WDR81	0.596413509719505	0.017138212231701214	0.38644827804879367	
WDR82	0.045848359622377086	0.045848359622377086	0.9083032807552459	
WDR83	0.29502107821694334	0.020026198086837282	0.6849527236962193	
WDR86	0.8556317248060822	0.013806326991631703	0.13056194820228606	
WDR89	0.4615071821259478	0.525565901301496	0.012926916572556008	
WDR90	0.25603610154956746	0.39413027608649903	0.34983362236393356	
WDR91	0.8055832974879424	0.015986321579861518	0.17843038093219604	
WDR93	0.9562962036493853	0.021851898175307336	0.021851898175307336	
WDR97	0.4338811756658506	0.019269799229309704	0.5468490251048396	
WDSUB1	0.5646583635585907	0.4216189732395455	0.013722663201863966	
WDTC1	0.570176514357685	0.028618978972161598	0.40120450667015334	
WEE1	0.2077997000465385	0.6067728965492046	0.18542740340425684	
WEE2-AS1	0.9641373320731629	0.017931333963418554	0.017931333963418554	
WFDC1	0.32279017662448445	0.010338705259816755	0.6668711181156988	
WFDC2	0.15892835470359926	0.010860945579534249	0.8302106997168666	
WFDC3	0.6746208761327513	0.014625097975321156	0.3107540258919274	
WFIKKN1	0.034613405195868835	0.03443773474272458	0.9309488600614065	
WFS1	0.2620492881844796	0.26328781565566106	0.4746628961598595	
WHAMM	0.959079061817333	0.020460469091333453	0.020460469091333453	
WHRN	0.7327446989584494	0.02324623228227272	0.24400906875927786	
WIPF1	0.9703575814139634	0.01482120929301827	0.01482120929301827	
WIPF2	0.6842538603424623	0.30254176330538196	0.013204376352155711	
WIPF3	0.9662021949194856	0.016898902540257197	0.016898902540257197	
WIPI1	0.3646809202014531	0.30525627645543063	0.3300628033431162	
WIPI2	0.3469417761819417	0.2939251543147494	0.35913306950330875	
WIZ	0.4908359148302794	0.02115386385157084	0.4880102213181498	
WLS	0.6874563113038977	0.019758798054164164	0.2927848906419381	
WNK1	0.9344485931937385	0.03277570340313069	0.03277570340313069	
WNK2	0.4354606138028629	0.5576104295244334	0.006928956672703666	
WNK3	0.9753996362797783	0.012300181860110835	0.012300181860110835	
WNT11	0.732204183764014	0.0272749983554322	0.24052081788055382	
WNT2	0.963637150381721	0.018181424809139486	0.018181424809139486	
WNT2B	0.9723460128330405	0.013826993583479752	0.013826993583479752	
WNT3	0.6741718869219274	0.014748819643320235	0.31107929343475244	
WNT3A	0.9161120395964637	0.041943980201768115	0.041943980201768115	
WNT4	0.42070407950327093	0.01169899425161958	0.5675969262451096	
WNT5A	0.9630063618814975	0.01849681905925125	0.01849681905925125	
WNT5B	0.9725361916569936	0.013731904171503188	0.013731904171503188	
WNT6	0.1671678934978738	0.01721733185771441	0.8156147746444118	
WNT7A	0.2825770895205814	0.5512444447534489	0.1661784657259697	
WNT7B	0.26819807872278456	0.30366002151575866	0.4281418997614568	
WNT9A	0.8856165406617845	0.014623452484640862	0.09976000685357464	
WRAP53	0.3318649309509742	0.4100785405451584	0.2580565285038675	
WRAP73	0.02632376876959215	0.02632376876959215	0.9473524624608156	
WRN	0.9757653133647701	0.012117343317614954	0.012117343317614954	
WRNIP1	0.06762972933963086	0.3905929920804947	0.5417772785798745	
WSB1	0.5955724904338208	0.3445139704793143	0.059913539086864843	
WSB2	0.018631696629047203	0.3291273447402376	0.6522409586307152	
WSCD1	0.9683716761500044	0.01581416192499778	0.01581416192499778	
WT1	0.974963114741034	0.012518442629482986	0.012518442629482986	
WTAP	0.1358627432752	0.09606206158369493	0.768075195141105	
WTIP	0.9586942402891904	0.020652879855404774	0.020652879855404774	
WWC1	0.6074848017200988	0.38499879832174927	0.007516399958151884	
WWC2	0.9792842722983851	0.010357863850807433	0.010357863850807433	
WWC3	0.5621305896846597	0.4269426956457421	0.010926714669598188	
WWOX	0.9776716408575618	0.011164179571219105	0.011164179571219105	
WWP1	0.9289123342417404	0.03554383287912978	0.03554383287912978	
WWP2	0.9324927655812714	0.033753617209364296	0.033753617209364296	
WWTR1	0.8794410326833655	0.10751059161231755	0.013048375704316936	
WWTR1-AS1	0.15146929982258098	0.7169146023771105	0.13161609780030867	
XAB2	0.013571058906414524	0.27793687276777734	0.708492068325808	
XAF1	0.5458061141521168	0.03310433768291492	0.4210895481649684	
XAGE2	0.04488428123131916	0.9457518391729095	0.00936387959577138	
XAGE3	0.04329526862795897	0.9451822504930143	0.011522480879026693	
XBP1	0.018070863357241354	0.018070863357241354	0.9638582732855172	
XCR1	0.3040207778427815	0.6866796282379481	0.009299593919270285	
XDH	0.33023791791990936	0.5122148133877027	0.15754726869238783	
XG	0.6169207472509103	0.010227288400030121	0.3728519643490595	
XIAP	0.9615879289263911	0.019206035536804406	0.019206035536804406	
XIST	0.9805825242718447	0.009708737864077669	0.009708737864077669	
XKR6	0.9805825242718447	0.009708737864077669	0.009708737864077669	
XKR8	0.014307631708098931	0.10608169801075024	0.8796106702811508	
XPA	0.7442976029992703	0.0269962923702536	0.22870610463047605	
XPC	0.39177646315321124	0.4022474845793306	0.20597605226745813	
XPNPEP1	0.6145356345640497	0.05645612947542195	0.3290082359605285	
XPNPEP2	0.7181222139398491	0.015690232469681924	0.266187553590469	
XPNPEP3	0.7961382593104455	0.18895658309735838	0.014905157592196157	
XPO1	0.8349774256711456	0.12682521848812064	0.038197355840733686	
XPO4	0.9679590450884543	0.016020477455772807	0.016020477455772807	
XPO5	0.9418817699380004	0.029059115030999755	0.029059115030999755	
XPO6	0.8271910392458837	0.05811866995366524	0.11469029080045108	
XPO7	0.5802370468965307	0.4005040105346993	0.01925894256877005	
XPOT	0.2110866501284219	0.5129342301889352	0.27597911968264277	
XPR1	0.9568618430716067	0.027728991013667315	0.015409165914725907	
XRCC1	0.020679941687749042	0.14823955939148867	0.8310804989207623	
XRCC2	0.45069667200036684	0.5439158127887338	0.005387515210899304	
XRCC3	0.10613370027267868	0.38154920889436855	0.5123170908329528	
XRCC4	0.9215738921407843	0.06332225422817722	0.015103853631038354	
XRCC5	0.09807014753107095	0.7442496383763538	0.15768021409257527	
XRCC6	0.02394109341224825	0.5077637834898285	0.46829512309792315	
XRN1	0.9641807358886638	0.017909632055668062	0.017909632055668062	
XRN2	0.7536836924983127	0.09879213163836728	0.14752417586332006	
XRRA1	0.9768035783744549	0.011598210812772578	0.011598210812772578	
XXYLT1	0.8180177164893773	0.1696681318123716	0.012314151698251228	
XYLB	0.9759847336652824	0.012007633167358827	0.012007633167358827	
XYLT1	0.7460446187273277	0.24433258971462554	0.009622791558046786	
XYLT2	0.3925457246681073	0.0197641242250796	0.5876901511068132	
YAF2	0.9670041885093449	0.01649790574532752	0.01649790574532752	
YAP1	0.6755850732712969	0.3063998494897814	0.018015077238921668	
YARS2	0.6679814793742297	0.26329492412715644	0.06872359649861386	
YBEY	0.5795310500436542	0.03733249966782273	0.383136450288523	
YBX1	0.03510027378524623	0.03510027378524623	0.9297994524295075	
YBX3	0.03807795903165719	0.03807795903165719	0.9238440819366855	
YDJC	0.09929216654177349	0.33925877584970854	0.5614490576085179	
YEATS2	0.9630704081441699	0.018464795927915018	0.018464795927915018	
YEATS4	0.29448443331755175	0.3379667801065557	0.36754878657589257	
YES1	0.6683339746110794	0.31608326748650395	0.015582757902416823	
YIF1A	0.0077806101897360406	0.24682189605179428	0.7453974937584698	
YIF1B	0.017974957136809595	0.017974957136809595	0.9640500857263807	
YIPF1	0.22857294158075342	0.1949109426678264	0.5765161157514201	
YIPF2	0.009339499647270193	0.4400442060004761	0.5506162943522538	
YIPF3	0.010357876861937638	0.3914747190554967	0.5981674040825656	
YIPF4	0.7051454906651734	0.2813498050875473	0.01350470424727924	
YIPF5	0.017363356763982676	0.41519966358837923	0.567436979647638	
YIPF6	0.4916581550305265	0.49612219953565284	0.012219645433820635	
YJEFN3	0.2417282897741396	0.012546673697065075	0.7457250365287953	
YJU2	0.0844399265540067	0.4246377093024951	0.4909223641434982	
YKT6	0.012630998592994148	0.2890223032741882	0.6983466981328177	
YLPM1	0.9595105330889919	0.020244733455504038	0.020244733455504038	
YME1L1	0.6570207578446686	0.09256540599814157	0.2504138361571899	
YOD1	0.38707292989695946	0.01845657773638247	0.594470492366658	
YPEL1	0.9696135250028352	0.015193237498582417	0.015193237498582417	
YPEL2	0.9607901418076212	0.019604929096189404	0.019604929096189404	
YPEL3	0.009419023981369594	0.3994148737569167	0.5911661022617136	
YPEL4	0.8123292907427645	0.013413050882736534	0.17425765837449894	
YPEL5	0.01752098286034713	0.37636655141519265	0.6061124657244603	
YRDC	0.011516430614443043	0.12886405059622996	0.8596195187893271	
YTHDC1	0.426834586017912	0.5572988003439986	0.015866613638089368	
YTHDC2	0.959296868399558	0.020351565800220996	0.020351565800220996	
YTHDF1	0.017895658652955514	0.3577329186072588	0.6243714227397856	
YTHDF2	0.025819143393618484	0.7087608833578056	0.2654199732485758	
YTHDF3	0.9183024092345343	0.040848795382732825	0.040848795382732825	
YWHAB	0.02105694550101122	0.20936734225755643	0.7695757122414323	
YWHAE	0.03684530556935805	0.7402366957896936	0.22291799864094822	
YWHAG	0.06471492291340764	0.564907042000586	0.3703780350860065	
YWHAH	0.011498811745057616	0.011498811745057616	0.9770023765098848	
YWHAQ	0.0640146954891164	0.0640146954891164	0.8719706090217673	
YWHAZ	0.027232841790417378	0.5852276145509958	0.38753954365858684	
YY1	0.1586930503508016	0.6682894248026334	0.1730175248465649	
YY1AP1	0.6649746494698984	0.28288871896378287	0.05213663156631871	
ZAP70	0.18075318616303104	0.012440982256993202	0.8068058315799758	
ZBED3	0.6225605782373506	0.023570238617266568	0.3538691831453828	
ZBED4	0.9306910138602996	0.05066472589679287	0.01864426024290759	
ZBED5	0.07616917469398812	0.07616917469398812	0.8476616506120237	
ZBED5-AS1	0.8461713046496148	0.13061447703563142	0.023214218314753753	
ZBED8	0.9494978345601338	0.02525108271993306	0.02525108271993306	
ZBED9	0.4172157915266177	0.5762612987773281	0.0065229096960541496	
ZBP1	0.07568083308941162	0.01934172541595308	0.9049774414946353	
ZBTB1	0.916815272262386	0.04159236386880696	0.04159236386880696	
ZBTB10	0.5428957510122004	0.4465394548811585	0.010564794106640992	
ZBTB11	0.9281487308926227	0.05268747676654544	0.019163792340831917	
ZBTB11-AS1	0.2334517753239925	0.03158339672377595	0.7349648279522315	
ZBTB14	0.018885651941202463	0.018885651941202463	0.9622286961175951	
ZBTB16	0.9542705863237102	0.014408462322679942	0.031320951353609815	
ZBTB17	0.4329831086481406	0.02280643159448562	0.5442104597573737	
ZBTB18	0.03717996173970435	0.03717996173970435	0.9256400765205913	
ZBTB2	0.12851942603102395	0.45790585928147265	0.4135747146875034	
ZBTB20	0.980102165533157	0.009948917233421553	0.009948917233421553	
ZBTB20-AS2	0.68913772040894	0.15543113979553003	0.15543113979553003	
ZBTB21	0.6660374229646383	0.02348949740638268	0.3104730796289789	
ZBTB22	0.013329730472350709	0.013329730472350709	0.9733405390552986	
ZBTB24	0.5221550148950629	0.45735349441087253	0.020491490694064536	
ZBTB25	0.9565063928436218	0.021746803578189085	0.021746803578189085	
ZBTB26	0.7914168543119193	0.03324218356578765	0.17534096212229303	
ZBTB3	0.3065150393481702	0.5643243299134926	0.12916063073833714	
ZBTB33	0.014087668811968575	0.41737399298624644	0.5685383382017849	
ZBTB34	0.908376609964542	0.06903735854254921	0.022586031492908887	
ZBTB37	0.8702183436145497	0.11526648505582471	0.014515171329625591	
ZBTB38	0.92014114464199	0.03992942767900498	0.03992942767900498	
ZBTB39	0.17088268219107286	0.1670781181848279	0.6620391996240993	
ZBTB4	0.7434257700016751	0.019699856500987895	0.23687437349733698	
ZBTB40	0.6475801977182012	0.3342513315739378	0.01816847070786099	
ZBTB41	0.8351705243329383	0.1474432217586481	0.01738625390841356	
ZBTB42	0.01340155519138996	0.01340155519138996	0.9731968896172201	
ZBTB43	0.9581743272590336	0.020912836370483145	0.020912836370483145	
ZBTB44	0.8434682563299087	0.13274855166897495	0.0237831920011162	
ZBTB45	0.6428024226849667	0.016815638299748456	0.34038193901528485	
ZBTB46	0.9795878228114744	0.010206088594262811	0.010206088594262811	
ZBTB47	0.313543382299495	0.012858396727388522	0.6735982209731165	
ZBTB48	0.02530493897543295	0.02530493897543295	0.9493901220491341	
ZBTB49	0.961357497876745	0.0193212510616275	0.0193212510616275	
ZBTB5	0.3804683498754693	0.44631093794691185	0.17322071217761875	
ZBTB6	0.03139029696699135	0.03139029696699135	0.9372194060660173	
ZBTB7A	0.8108933375494192	0.01593296586728239	0.17317369658329837	
ZBTB7B	0.1023043677535899	0.21057496741254358	0.6871206648338665	
ZBTB7C	0.7354529290513452	0.2560106951981531	0.0085363757505016	
ZBTB8A	0.6003246355449842	0.02484474196005653	0.37483062249495924	
ZBTB8OS	0.7182363252106985	0.2547805880867707	0.026983086702530856	
ZC2HC1A	0.6179782191682985	0.3717194626665	0.010302318165201468	
ZC2HC1C	0.5820641314711139	0.4056978646693768	0.01223800385950918	
ZC3H11A	0.009373403564486923	0.2690720480136695	0.7215545484218434	
ZC3H11B	0.1368765302309971	0.8259642596289858	0.03715921014001712	
ZC3H12A	0.06732759431713457	0.011970762873316452	0.920701642809549	
ZC3H12B	0.9805825242718447	0.009708737864077669	0.009708737864077669	
ZC3H12C	0.9752297782311256	0.012385110884437188	0.012385110884437188	
ZC3H12D	0.965342716186755	0.017328641906622443	0.017328641906622443	
ZC3H13	0.7976996474212925	0.1814154376834513	0.020884914895256245	
ZC3H14	0.5602173414730967	0.42139416606289926	0.018388492464004137	
ZC3H15	0.053420423517438434	0.6982176504828846	0.24836192599967696	
ZC3H18	0.5571750769997978	0.3562650666348994	0.08655985636530283	
ZC3H3	0.7958859794419993	0.1287856303332256	0.075328390224775	
ZC3H4	0.9508125927537434	0.024593703623128255	0.024593703623128255	
ZC3H6	0.9703193675838401	0.014840316208079948	0.014840316208079948	
ZC3H7A	0.9257978056573287	0.03710109717133565	0.03710109717133565	
ZC3H7B	0.41208588900021864	0.032759436587021025	0.5551546744127603	
ZC3H8	0.9721886732650755	0.013905663367462209	0.013905663367462209	
ZC3HAV1	0.9427755577193473	0.02861222114032635	0.02861222114032635	
ZC3HAV1L	0.8994247903027006	0.02244849252570769	0.07812671717159163	
ZC3HC1	0.9532068002522406	0.023396599873879664	0.023396599873879664	
ZC4H2	0.971360200676213	0.014319899661893482	0.014319899661893482	
ZCCHC10	0.4032765681632976	0.5290521440927989	0.06767128774390335	
ZCCHC14	0.9710887807699771	0.014455609615011453	0.014455609615011453	
ZCCHC17	0.09375522540582426	0.5308752277003669	0.37536954689380886	
ZCCHC2	0.8634690115688788	0.12211111309709795	0.014419875334023316	
ZCCHC24	0.7564596012924206	0.01333117896659027	0.23020921974098896	
ZCCHC3	0.010162749038255862	0.31669740975461114	0.673139841207133	
ZCCHC4	0.9471219394798469	0.03433276248004805	0.01854529804010509	
ZCCHC7	0.9650851514666124	0.017457424266693774	0.017457424266693774	
ZCCHC8	0.7979225477615772	0.18185757939395808	0.020219872844464772	
ZCCHC9	0.21245570269191127	0.07112738147731498	0.7164169158307737	
ZCRB1	0.019934532422957327	0.019934532422957327	0.9601309351540853	
ZCWPW1	0.9309739814547349	0.018798985308193367	0.05022703323707174	
ZCWPW2	0.36190583862525777	0.27317632154888094	0.36491783982586135	
ZDBF2	0.5323970192512676	0.460252545214742	0.007350435533990284	
ZDHHC1	0.541605485082293	0.010498747457175703	0.4478957674605313	
ZDHHC11	0.9601581635579021	0.01992091822104898	0.01992091822104898	
ZDHHC12	0.00797599190502306	0.38562978990011926	0.6063942181948577	
ZDHHC13	0.7250711511294875	0.2593577059977584	0.01557114287275403	
ZDHHC14	0.9799567444042889	0.010021627797855537	0.010021627797855537	
ZDHHC15	0.9742030703271418	0.012898464836429088	0.012898464836429088	
ZDHHC16	0.11929546628703253	0.5025221863395096	0.37818234737345785	
ZDHHC17	0.7841387583546718	0.19669256112151176	0.019168680523816435	
ZDHHC18	0.028352598350265552	0.028352598350265552	0.9432948032994688	
ZDHHC19	0.5689425546150315	0.014328786940030333	0.41672865844493817	
ZDHHC2	0.9077158148412214	0.02017383382778451	0.07211035133099414	
ZDHHC20	0.48033963915658295	0.5076872187986665	0.011973142044750496	
ZDHHC21	0.9758835810507984	0.012058209474600762	0.012058209474600762	
ZDHHC23	0.3219314427716347	0.3325098760385046	0.3455586811898608	
ZDHHC24	0.5505116066503328	0.01432000304965536	0.4351683903000118	
ZDHHC3	0.46863726690928587	0.3580911282120419	0.17327160487867227	
ZDHHC4	0.01926570537875151	0.08423775794652821	0.8964965366747203	
ZDHHC5	0.026978222857041007	0.45084351618357354	0.5221782609593855	
ZDHHC6	0.5520372124315642	0.32521478165885215	0.12274800590958351	
ZDHHC7	0.49890266780701176	0.027628539007520943	0.4734687931854673	
ZDHHC8	0.01798678983673129	0.01798678983673129	0.9640264203265374	
ZDHHC9	0.4751973929271215	0.2677919072177453	0.25701069985513314	
ZEB1	0.9633216269081386	0.01833918654593069	0.01833918654593069	
ZEB1-AS1	0.9751795190983131	0.012410240450843402	0.012410240450843402	
ZEB2	0.9634540679342333	0.01827296603288335	0.01827296603288335	
ZEB2-AS1	0.9249063580219724	0.037546820989013775	0.037546820989013775	
ZER1	0.6556549180631378	0.030395842374701526	0.31394923956216075	
ZFAND1	0.1414683363024298	0.03712979531757804	0.8214018683799922	
ZFAND2A	0.01651569157096002	0.2587067510454734	0.7247775573835666	
ZFAND2B	0.014896630698748787	0.014896630698748787	0.9702067386025024	
ZFAND3	0.7452397438814591	0.21788342580700348	0.036876830311537455	
ZFAND4	0.9700726330068136	0.014963683496593196	0.014963683496593196	
ZFAND5	0.05919935423898772	0.05919935423898772	0.8816012915220246	
ZFAND6	0.27678911439673404	0.593906444001671	0.1293044416015949	
ZFAS1	0.8026243179355045	0.18075286362515222	0.01662281843934336	
ZFAT	0.41498131187166054	0.5792832107937479	0.005735477334591564	
ZFC3H1	0.9574327271178461	0.021283636441076916	0.021283636441076916	
ZFHX2	0.9726222740041722	0.013688862997913874	0.013688862997913874	
ZFHX3	0.9805825242718447	0.009708737864077669	0.009708737864077669	
ZFHX4	0.979774031993251	0.010112984003374523	0.010112984003374523	
ZFP1	0.9342421218228143	0.02974165156160349	0.036016226615582195	
ZFP14	0.9664374656567346	0.016781267171632683	0.016781267171632683	
ZFP2	0.44134668904823304	0.5506857445953285	0.007967566356438522	
ZFP28	0.843542676466047	0.02781116212323835	0.1286461614107147	
ZFP3	0.9497000499969424	0.02514997500152881	0.02514997500152881	
ZFP30	0.9711720504392167	0.014413974780391617	0.014413974780391617	
ZFP36	0.015936969989010192	0.015936969989010192	0.9681260600219795	
ZFP36L1	0.03465864719407262	0.03465864719407262	0.9306827056118547	
ZFP36L2	0.02315298115719219	0.02315298115719219	0.9536940376856156	
ZFP37	0.9691247926638162	0.015437603668091878	0.015437603668091878	
ZFP41	0.021278096615611617	0.021278096615611617	0.9574438067687767	
ZFP57	0.08424233633621037	0.904828453444127	0.010929210219662611	
ZFP62	0.2951033087132699	0.02873740145767173	0.6761592898290585	
ZFP64	0.9673281687755554	0.01633591561222231	0.01633591561222231	
ZFP69	0.6642508822274726	0.025162920481579438	0.310586197290948	
ZFP69B	0.9518103048699822	0.02409484756500886	0.02409484756500886	
ZFP82	0.9224867626336488	0.06530991337120524	0.012203323995146	
ZFP90	0.9502238926746077	0.024888053662696134	0.024888053662696134	
ZFP92	0.37393539796684766	0.023332901513818408	0.6027317005193339	
ZFPL1	0.009206044103083543	0.31752585210469375	0.6732681037922227	
ZFPM1	0.9758192151072773	0.012090392446361314	0.012090392446361314	
ZFPM2	0.9805825242718447	0.009708737864077669	0.009708737864077669	
ZFR	0.9006435769053771	0.04967821154731142	0.04967821154731142	
ZFX	0.8344578114326334	0.14990513527452615	0.01563705329284052	
ZFY	0.41600200222493294	0.49913195277148764	0.08486604500357951	
ZFYVE1	0.9532043297531135	0.023397835123443195	0.023397835123443195	
ZFYVE16	0.9709503292637774	0.014524835368111246	0.014524835368111246	
ZFYVE19	0.02701064622605996	0.44123775035990376	0.5317516034140364	
ZFYVE21	0.05122755994373997	0.06131224088018116	0.8874601991760789	
ZFYVE26	0.9607317393781386	0.019634130310930694	0.019634130310930694	
ZFYVE27	0.27888160284836994	0.025851329024489243	0.6952670681271409	
ZFYVE28	0.97001428984819	0.014992855075904964	0.014992855075904964	
ZFYVE9	0.7143585001501195	0.27461486479126357	0.01102663505861699	
ZGLP1	0.018128534760486658	0.018128534760486658	0.9637429304790267	
ZGPAT	0.009401220578212889	0.1828819188990472	0.8077168605227398	
ZGRF1	0.6955406023123818	0.2945441064785681	0.00991529120905011	
ZHX1	0.01086207457963579	0.01086207457963579	0.9782758508407284	
ZHX2	0.9564938235805113	0.02175308820974435	0.02175308820974435	
ZHX3	0.9663873488682893	0.01680632556585534	0.01680632556585534	
ZIK1	0.8114685619155801	0.030329754587523707	0.15820168349689614	
ZIM2	0.5494038086662544	0.4421765586346251	0.008419632699120575	
ZKSCAN1	0.9437489446538685	0.02812552767306571	0.02812552767306571	
ZKSCAN2	0.5703701391402825	0.4161051390704386	0.013524721789279022	
ZKSCAN3	0.7903227574300948	0.19414447320499137	0.015532769364913795	
ZKSCAN4	0.5908981383407949	0.03312107549264332	0.37598078616656194	
ZKSCAN5	0.9506251843237825	0.024687407838108737	0.024687407838108737	
ZKSCAN7	0.967272887724567	0.01636355613771651	0.01636355613771651	
ZKSCAN8	0.9157716778361691	0.04211416108191545	0.04211416108191545	
ZMAT1	0.8822792601551249	0.015257334287279257	0.10246340555759569	
ZMAT2	0.010571324018454672	0.20947863421921345	0.779950041762332	
ZMAT3	0.9494423789709127	0.025278810514543636	0.025278810514543636	
ZMAT4	0.9771605248479434	0.011419737576028315	0.011419737576028315	
ZMAT5	0.02304074119363282	0.02304074119363282	0.9539185176127343	
ZMIZ1	0.9540013040339734	0.022999347983013247	0.022999347983013247	
ZMIZ1-AS1	0.9743581711474705	0.012820914426264764	0.012820914426264764	
ZMIZ2	0.43518099159290363	0.022692979842473066	0.5421260285646233	
ZMPSTE24	0.39197727376263297	0.12488549481583636	0.4831372314215307	
ZMYM1	0.9686446594123896	0.015677670293805155	0.015677670293805155	
ZMYM2	0.9439655667893977	0.02801721660530114	0.02801721660530114	
ZMYM3	0.2614059096699004	0.03428730760982354	0.704306782720276	
ZMYM4	0.9551939339492457	0.022403033025377123	0.022403033025377123	
ZMYM5	0.9556276585250942	0.022186170737452847	0.022186170737452847	
ZMYM6	0.07466729227505714	0.021197200252509023	0.9041355074724339	
ZMYND10	0.37805205126890795	0.019161683566448182	0.6027862651646438	
ZMYND11	0.9169749468797919	0.04151252656010402	0.04151252656010402	
ZMYND12	0.8939499026284025	0.019519750111085185	0.08653034726051236	
ZMYND15	0.02000406991131203	0.01991529841421292	0.9600806316744751	
ZMYND19	0.011162498035265271	0.3403742705782307	0.648463231386504	
ZMYND8	0.8077333959743401	0.17670185329910146	0.015564750726558467	
ZNF10	0.07842990713871177	0.019091821563564003	0.9024782712977243	
ZNF100	0.8213415945001198	0.16608048426886743	0.012577921231012732	
ZNF101	0.5980186791414598	0.24493474348548194	0.15704657737305827	
ZNF106	0.9522564459638828	0.02387177701805856	0.02387177701805856	
ZNF107	0.9196463966207614	0.06571232721714419	0.014641276162094445	
ZNF112	0.22937784645085754	0.026474317431361426	0.744147836117781	
ZNF114	0.3596039718181964	0.6329675655376246	0.007428462644178964	
ZNF117	0.7835408329677729	0.16488883433308962	0.051570332699137515	
ZNF12	0.9263126218388431	0.03684368908057844	0.03684368908057844	
ZNF121	0.9172806620298165	0.06403262831165381	0.018686709658529616	
ZNF124	0.9704866830142631	0.014756658492868443	0.014756658492868443	
ZNF131	0.7425500948097264	0.24231564702783864	0.015134258162434943	
ZNF132	0.6722122644791099	0.019515769843717015	0.30827196567717324	
ZNF133	0.960611700454781	0.01969414977260952	0.01969414977260952	
ZNF134	0.45222211463342865	0.06605531423712545	0.48172257112944594	
ZNF135	0.9577032272491881	0.021148386375405948	0.021148386375405948	
ZNF136	0.9307377858409186	0.034631107079540646	0.034631107079540646	
ZNF138	0.9669982558761726	0.016500872061913696	0.016500872061913696	
ZNF14	0.7854509904406253	0.19774955540147732	0.01679945415789728	
ZNF140	0.9545547396391995	0.02272263018040028	0.02272263018040028	
ZNF141	0.9737590041671887	0.013120497916405639	0.013120497916405639	
ZNF142	0.947856655929273	0.026071672035363473	0.026071672035363473	
ZNF143	0.5649433746391874	0.4197395427355005	0.015317082625311996	
ZNF146	0.2611146233433502	0.6716879006154441	0.0671974760412057	
ZNF148	0.9690178471165961	0.015491076441701944	0.015491076441701944	
ZNF154	0.9754331838638136	0.012283408068093174	0.012283408068093174	
ZNF155	0.9557996815732802	0.022100159213359886	0.022100159213359886	
ZNF16	0.8405315610036149	0.03198595777432664	0.1274824812220584	
ZNF160	0.9480023588646923	0.02599882056765381	0.02599882056765381	
ZNF165	0.1931693003226531	0.7827503110307872	0.02408038864655971	
ZNF169	0.961186245443529	0.019406877278235535	0.019406877278235535	
ZNF175	0.49332117124097463	0.46834009883802546	0.038338729920999785	
ZNF18	0.24600135655679972	0.04555390349019352	0.7084447399530068	
ZNF180	0.7910093587068003	0.1965999662413084	0.012390675051891283	
ZNF181	0.6804410012383098	0.02733272807628207	0.29222627068540824	
ZNF182	0.3402676451127737	0.02751121195785655	0.6322211429293698	
ZNF184	0.8692315089905355	0.033624101081497326	0.0971443899279671	
ZNF185	0.5735949431737528	0.014807857814263664	0.41159719901198355	
ZNF189	0.7893124429577525	0.028971228605680625	0.1817163284365669	
ZNF19	0.9651072146278843	0.017446392686057827	0.017446392686057827	
ZNF195	0.9495385188600554	0.025230740569972303	0.025230740569972303	
ZNF197	0.9702944671245414	0.014852766437729321	0.014852766437729321	
ZNF2	0.9384082377461751	0.03079588112691245	0.03079588112691245	
ZNF20	0.7236809695724107	0.09448064150208324	0.18183838892550616	
ZNF200	0.3754864911065031	0.42454786310991044	0.19996564578358644	
ZNF202	0.8048757991886014	0.03242063460106858	0.16270356621033005	
ZNF205	0.2877403914998337	0.014297767045424138	0.697961841454742	
ZNF207	0.3543293621510136	0.5176173681124769	0.12805326973650946	
ZNF208	0.6936011463194238	0.29121477221544156	0.015184081465134723	
ZNF211	0.08460272289346185	0.5193387152857507	0.3960585618207874	
ZNF212	0.2543505918329255	0.6450028413827805	0.10064656678429405	
ZNF213	0.3519918328364584	0.014674192451380519	0.633333974712161	
ZNF213-AS1	0.9625113081546408	0.0187443459226796	0.0187443459226796	
ZNF214	0.9610885438668261	0.019455728066586964	0.019455728066586964	
ZNF215	0.6287733862093298	0.36274979854960443	0.008476815241065737	
ZNF217	0.3449661028456759	0.6370284703194258	0.018005426834898326	
ZNF219	0.12163024280787056	0.0186936356366845	0.8596761215554449	
ZNF22	0.015614587873190741	0.015614587873190741	0.9687708242536185	
ZNF221	0.9615166576311268	0.019241671184436593	0.019241671184436593	
ZNF224	0.47123198068390976	0.03712394905917709	0.491644070256913	
ZNF225	0.9377664762868304	0.031116761856584744	0.031116761856584744	
ZNF226	0.8906897618964088	0.03724490043148246	0.07206533767210865	
ZNF227	0.9353065585603032	0.03234672071984835	0.03234672071984835	
ZNF230	0.18500124187630257	0.026660275378460094	0.7883384827452374	
ZNF232	0.5334582561676217	0.0342329228299312	0.4323088210024472	
ZNF233	0.9647912427778553	0.017604378611072294	0.017604378611072294	
ZNF234	0.9555815980942097	0.022209200952895122	0.022209200952895122	
ZNF235	0.9744412144927268	0.01277939275363659	0.01277939275363659	
ZNF236	0.9042349488315812	0.0835872439724367	0.012177807195982066	
ZNF236-DT	0.9509290300771753	0.02453548496141229	0.02453548496141229	
ZNF239	0.8410858041715689	0.01673944494432982	0.1421747508841013	
ZNF24	0.23180098998000268	0.2682926007212261	0.49990640929877117	
ZNF248	0.9642598086219747	0.017870095689012655	0.017870095689012655	
ZNF25	0.811814900043643	0.018869019885415807	0.16931608007094126	
ZNF250	0.9563021180570515	0.021848940971474252	0.021848940971474252	
ZNF251	0.7998503369770963	0.022927301203609265	0.17722236181929443	
ZNF253	0.8731357345439833	0.11154252533529403	0.015321740120722661	
ZNF254	0.9652219460096321	0.017389026995183975	0.017389026995183975	
ZNF256	0.025758138913448577	0.21852431993851093	0.7557175411480406	
ZNF257	0.4593361597110073	0.5323270868019508	0.008336753487041984	
ZNF26	0.9768550260951581	0.011572486952420974	0.011572486952420974	
ZNF260	0.7951648480611834	0.1805799410477214	0.024255210891095128	
ZNF263	0.9105525337506272	0.0447237331246864	0.0447237331246864	
ZNF264	0.9519717800023105	0.024014109998844697	0.024014109998844697	
ZNF266	0.24333912049790768	0.041934602140681475	0.7147262773614108	
ZNF267	0.9433084039620226	0.02834579801898868	0.02834579801898868	
ZNF268	0.5898997884581667	0.20381608304567816	0.20628412849615516	
ZNF273	0.7891416421057091	0.010942179610882195	0.1999161782834087	
ZNF274	0.5767918136643697	0.025574738709108705	0.3976334476265216	
ZNF275	0.4806074142676955	0.017895018168249968	0.5014975675640545	
ZNF276	0.9220238291361006	0.019564518337227936	0.05841165252667136	
ZNF277	0.9637514020618216	0.018124298969089174	0.018124298969089174	
ZNF28	0.40097050862272365	0.5866836883576899	0.012345803019586437	
ZNF280B	0.9557334805953939	0.02213325970230302	0.02213325970230302	
ZNF280C	0.829324427947654	0.15818548786689698	0.012490084185448952	
ZNF280D	0.9574659628039821	0.02126701859800893	0.02126701859800893	
ZNF281	0.39385158541202864	0.2081153166664707	0.3980330979215006	
ZNF282	0.4061678127046409	0.4695744639026794	0.12425772339267972	
ZNF283	0.9672711166380191	0.016364441680990403	0.016364441680990403	
ZNF284	0.025619135977116736	0.025619135977116736	0.9487617280457665	
ZNF287	0.9427507973509045	0.028624601324547735	0.028624601324547735	
ZNF292	0.7491164516854885	0.23894028408857115	0.011943264225940262	
ZNF3	0.6258049756478243	0.0710042395185103	0.3031907848336655	
ZNF30	0.9581150825122119	0.02094245874389405	0.02094245874389405	
ZNF300	0.5852421949239581	0.014145295812186735	0.4006125092638551	
ZNF302	0.4486450785947364	0.026610097912080258	0.5247448234931833	
ZNF304	0.05014284144028932	0.05014284144028932	0.8997143171194214	
ZNF311	0.5422050267228372	0.02051566586356801	0.4372793074135947	
ZNF316	0.31767010468123014	0.028202776432723887	0.6541271188860459	
ZNF317	0.3899458626657275	0.03821282408499066	0.5718413132492818	
ZNF318	0.9513818629753319	0.02430906851233403	0.02430906851233403	
ZNF319	0.01971907994712097	0.01971907994712097	0.9605618401057581	
ZNF32	0.012088075060815676	0.012088075060815676	0.9758238498783687	
ZNF320	0.48394499701479804	0.5034952797299319	0.012559723255270085	
ZNF322	0.5848696237482983	0.024738893956794374	0.3903914822949073	
ZNF324	0.4164599976181378	0.041533157747810544	0.5420068446340517	
ZNF324B	0.6612808012907057	0.0474565288335291	0.2912626698757652	
ZNF326	0.7111074771616639	0.27777377706758605	0.011118745770749994	
ZNF329	0.9364996568662932	0.03175017156685335	0.03175017156685335	
ZNF330	0.029632132367976717	0.029632132367976717	0.9407357352640465	
ZNF331	0.9451663725530788	0.02741681372346057	0.02741681372346057	
ZNF333	0.9612623749124274	0.0193688125437863	0.0193688125437863	
ZNF334	0.970114696381437	0.014942651809281482	0.014942651809281482	
ZNF335	0.3540245248942637	0.4554039890147529	0.19057148609098346	
ZNF337	0.9548833192064816	0.022558340396759188	0.022558340396759188	
ZNF337-AS1	0.9764922790274863	0.011753860486256883	0.011753860486256883	
ZNF33A	0.6745810380070438	0.3066977704834254	0.01872119150953072	
ZNF33B	0.67350639230965	0.3116406758696167	0.014852931820733285	
ZNF34	0.7732595520421379	0.040688713463105736	0.18605173449475632	
ZNF341	0.6698198162669371	0.3193634940430459	0.010816689690016961	
ZNF341-AS1	0.9207435202118093	0.039628239894095335	0.039628239894095335	
ZNF343	0.019936564583910753	0.019936564583910753	0.9601268708321785	
ZNF345	0.9195899609412241	0.0656021575867396	0.014807881472036287	
ZNF346	0.9624227372455109	0.018788631377244548	0.018788631377244548	
ZNF347	0.9312668876414345	0.04920541902046212	0.019527693338103464	
ZNF35	0.7911337478207864	0.01924083772408954	0.18962541445512393	
ZNF350	0.5219200836235731	0.2555084595687645	0.22257145680766233	
ZNF350-AS1	0.9617033924460918	0.019148303776954072	0.019148303776954072	
ZNF354A	0.010755046410112736	0.44644748998215944	0.5427974636077278	
ZNF354B	0.3494911190442116	0.6397411772830797	0.010767703672708679	
ZNF354C	0.9640932011521182	0.01795339942394089	0.01795339942394089	
ZNF358	0.009708737864077669	0.009708737864077669	0.9805825242718447	
ZNF362	0.844761539894364	0.03200012869890874	0.12323833140672723	
ZNF366	0.967129667096445	0.01643516645177748	0.01643516645177748	
ZNF367	0.4939712037203934	0.49663402250300404	0.009394773776602548	
ZNF382	0.9709407782823227	0.014529610858838627	0.014529610858838627	
ZNF383	0.9585789258447204	0.020710537077639812	0.020710537077639812	
ZNF384	0.024234300074764997	0.21164618744647276	0.7641195124787623	
ZNF385A	0.019153336215313323	0.019153336215313323	0.9616933275693733	
ZNF385C	0.9680345881276473	0.01598270593617635	0.01598270593617635	
ZNF385D	0.9805825242718447	0.009708737864077669	0.009708737864077669	
ZNF391	0.6798857864310338	0.24448311654023525	0.07563109702873087	
ZNF394	0.9446031683214177	0.027698415839291165	0.027698415839291165	
ZNF395	0.012411613012827144	0.13265208194995573	0.8549363050372171	
ZNF396	0.37230441784725055	0.024539530607184893	0.6031560515455645	
ZNF397	0.9311868290399362	0.03440658548003186	0.03440658548003186	
ZNF398	0.7390693089749497	0.24795083089311654	0.012979860131933755	
ZNF404	0.5012061290363911	0.026563189424522023	0.4722306815390868	
ZNF407	0.8478922324586855	0.1417458761051248	0.010361891436189735	
ZNF408	0.010934221125077566	0.2789331775648988	0.7101326013100235	
ZNF41	0.9549673220386254	0.022516338980687275	0.022516338980687275	
ZNF414	0.11899801425116617	0.17375750101930607	0.7072444847295278	
ZNF415	0.6675308285484771	0.2584654754843962	0.07400369596712676	
ZNF416	0.24115497098485508	0.032796302692316745	0.7260487263228281	
ZNF418	0.8278106903109514	0.15505545516116503	0.017133854527883585	
ZNF420	0.7240185247963926	0.2627930748362496	0.0131884003673579	
ZNF423	0.980356826308775	0.009821586845612575	0.009821586845612575	
ZNF425	0.9627874796765097	0.018606260161745148	0.018606260161745148	
ZNF426	0.9380006684875019	0.03099966575624906	0.03099966575624906	
ZNF428	0.016132976577285046	0.016132976577285046	0.9677340468454299	
ZNF429	0.9116955028113032	0.07171987554114312	0.01658462164755373	
ZNF43	0.7998306876557443	0.18687415912290375	0.01329515322135188	
ZNF430	0.9679775811239417	0.016011209438029122	0.016011209438029122	
ZNF431	0.9361630296083068	0.0467677667920708	0.017069203599622388	
ZNF432	0.5365350233552181	0.4145491640910586	0.048915812553723355	
ZNF433	0.29285120783234436	0.15853518719882956	0.5486136049688259	
ZNF436	0.43221423112343893	0.22763707491495655	0.34014869396160463	
ZNF436-AS1	0.007818390729459827	0.5396288362512417	0.45255277301929847	
ZNF438	0.9662212362421708	0.016889381878914547	0.016889381878914547	
ZNF439	0.47222015771489323	0.4401979094210097	0.0875819328640971	
ZNF44	0.9684288961754446	0.01578555191227768	0.01578555191227768	
ZNF440	0.36540403140475847	0.6236968593228402	0.010899109272401166	
ZNF441	0.9493566059901446	0.025321697004927656	0.025321697004927656	
ZNF442	0.9614704050082109	0.019264797495894513	0.019264797495894513	
ZNF444	0.4520996043889787	0.035430349148884675	0.5124700464621365	
ZNF445	0.970763191599754	0.014618404200123013	0.014618404200123013	
ZNF446	0.01979028970246484	0.01979028970246484	0.9604194205950704	
ZNF449	0.8374391853893327	0.023172946637184593	0.1393878679734828	
ZNF45	0.9348054104203808	0.03259729478980957	0.03259729478980957	
ZNF451	0.6707672604679975	0.31583087380251584	0.013401865729486559	
ZNF451-AS1	0.952684051529859	0.030130119021525018	0.017185829448616043	
ZNF454	0.9740687814344572	0.012965609282771408	0.012965609282771408	
ZNF460	0.9717122603539307	0.014143869823034678	0.014143869823034678	
ZNF460-AS1	0.6571248483994259	0.32912358038234285	0.01375157121823126	
ZNF461	0.6947116868331186	0.29277682362756474	0.012511489539316653	
ZNF462	0.8950050797912787	0.09467344320757543	0.010321477001145822	
ZNF467	0.32709809013434055	0.014619513934799126	0.6582823959308605	
ZNF469	0.9694449526627715	0.015277523668614214	0.015277523668614214	
ZNF470	0.9600568333536315	0.019971583323184317	0.019971583323184317	
ZNF471	0.9598534289482541	0.020073285525872932	0.020073285525872932	
ZNF473	0.5752051534853724	0.39758912319793543	0.027205723316692174	
ZNF48	0.934812817024348	0.03259359148782595	0.03259359148782595	
ZNF480	0.9459506694613975	0.027024665269301244	0.027024665269301244	
ZNF483	0.9655304983135157	0.017234750843242122	0.017234750843242122	
ZNF484	0.9693877271020054	0.015306136448997289	0.015306136448997289	
ZNF485	0.5532621329630749	0.02546638652778917	0.42127148050913593	
ZNF486	0.4413501752607298	0.47660231601004704	0.08204750872922326	
ZNF487	0.976568286243445	0.011715856878277453	0.011715856878277453	
ZNF490	0.9716448839485272	0.014177558025736385	0.014177558025736385	
ZNF491	0.7151675139206471	0.27086807681397773	0.01396440926537515	
ZNF492	0.3930328672816755	0.5993276907059394	0.007639442012385005	
ZNF493	0.8582967349462716	0.027523865158496426	0.11417939989523203	
ZNF496	0.9478809593282836	0.026059520335858136	0.026059520335858136	
ZNF500	0.9186287405136554	0.017948820959704036	0.06342243852664048	
ZNF501	0.5784151308801314	0.023719829954544826	0.3978650391653239	
ZNF502	0.7714647826697055	0.019876871185801087	0.2086583461444934	
ZNF503	0.0101159602624407	0.0101159602624407	0.9797680794751186	
ZNF503-AS1	0.9739859367516752	0.01300703162416238	0.01300703162416238	
ZNF503-AS2	0.8583077915713486	0.022930895455358577	0.11876131297329283	
ZNF507	0.5251955897425069	0.4637996617866443	0.011004748470848768	
ZNF510	0.951666400144018	0.024166799927990947	0.024166799927990947	
ZNF511	0.01002889831641275	0.01002889831641275	0.9799422033671745	
ZNF512B	0.4699545436003136	0.19051484044588113	0.33953061595380524	
ZNF513	0.011575996160536636	0.011575996160536636	0.9768480076789267	
ZNF516	0.9740823737195736	0.012958813140213167	0.012958813140213167	
ZNF517	0.4602901884902107	0.017283927595466493	0.5224258839143228	
ZNF518A	0.7983203195663352	0.18912545108860204	0.012554229345062737	
ZNF518B	0.5541177996191191	0.4339747033759864	0.011907497004894399	
ZNF519	0.9770608306647416	0.0114695846676292	0.0114695846676292	
ZNF521	0.974454597794141	0.012772701102929466	0.012772701102929466	
ZNF524	0.009708737864077669	0.009708737864077669	0.9805825242718447	
ZNF525	0.4977430081136206	0.4923208580321162	0.009936133854263245	
ZNF526	0.451344167946949	0.4734303157977783	0.07522551625527266	
ZNF527	0.9613924580859194	0.01930377095704034	0.01930377095704034	
ZNF528	0.9412276718468859	0.02938616407655699	0.02938616407655699	
ZNF529	0.9605674974486085	0.019716251275695738	0.019716251275695738	
ZNF529-AS1	0.8420101034788937	0.14480861123937183	0.013181285281734451	
ZNF530	0.5498098887012577	0.2817136312359022	0.16847648006284008	
ZNF532	0.9563402882486272	0.02182985587568641	0.02182985587568641	
ZNF540	0.7943901849165934	0.01838785913958829	0.18722195594381827	
ZNF543	0.6447887514809881	0.3350187710462364	0.02019247747277544	
ZNF544	0.012905764688747098	0.18047051116369375	0.8066237241475591	
ZNF546	0.9690454748377505	0.015477262581124732	0.015477262581124732	
ZNF549	0.9605864120086587	0.019706793995670668	0.019706793995670668	
ZNF550	0.8081818226280177	0.17339583672026157	0.018422340651720662	
ZNF552	0.41481013370418446	0.42249816403493173	0.1626917022608838	
ZNF554	0.39087563419940924	0.4963852229681811	0.11273914283240964	
ZNF555	0.9607941556477542	0.01960292217612298	0.01960292217612298	
ZNF556	0.9725138659478406	0.01374306702607966	0.01374306702607966	
ZNF557	0.9684887745839249	0.015755612708037547	0.015755612708037547	
ZNF558	0.9201042401129836	0.03994787994350817	0.03994787994350817	
ZNF561	0.42113752337255606	0.053695331786997196	0.5251671448404468	
ZNF562	0.9612040459899874	0.02197977311688283	0.016816180893129765	
ZNF563	0.9462975604518133	0.026851219774093306	0.026851219774093306	
ZNF565	0.9667795148520945	0.016610242573952747	0.016610242573952747	
ZNF566	0.9681424871545179	0.015928756422741067	0.015928756422741067	
ZNF567	0.5697746475728386	0.4190336427147852	0.011191709712376234	
ZNF568	0.9702577736307021	0.01487111318464892	0.01487111318464892	
ZNF569	0.9677903784732558	0.016104810763372092	0.016104810763372092	
ZNF57	0.13447393051244058	0.6058206095333152	0.2597054599542444	
ZNF570	0.7939805598843673	0.1863467096203312	0.019672730495301417	
ZNF571	0.5914221109158788	0.013821268328498752	0.39475662075562246	
ZNF571-AS1	0.2158179267432426	0.7666285343404777	0.01755353891627965	
ZNF572	0.6458698314091339	0.2605228986299094	0.09360726996095671	
ZNF573	0.9759629617222533	0.012018519138873345	0.012018519138873345	
ZNF574	0.16208340353000553	0.19153715077418054	0.646379445695814	
ZNF575	0.5163723617932728	0.0197469224748013	0.4638807157319259	
ZNF577	0.9589487753545344	0.020525612322732804	0.020525612322732804	
ZNF578	0.7951696119001349	0.19071652501903508	0.01411386308082995	
ZNF579	0.016012611301901025	0.016012611301901025	0.967974777396198	
ZNF580	0.011558848128596597	0.011558848128596597	0.9768823037428068	
ZNF582	0.7944287076700859	0.028952803602757038	0.17661848872715716	
ZNF583	0.9730628633066077	0.013468568346696104	0.013468568346696104	
ZNF584	0.7417925165328668	0.03629952269978172	0.22190796076735136	
ZNF585B	0.023199741900974402	0.023199741900974402	0.9536005161980512	
ZNF586	0.7004775408631191	0.2893497883316124	0.010172670805268567	
ZNF587	0.62216199962841	0.3644769887022445	0.013361011669345437	
ZNF589	0.6669033247941638	0.019478999687159118	0.31361767551867714	
ZNF592	0.9468245107024849	0.02658774464875756	0.02658774464875756	
ZNF593	0.00861867358925628	0.3335103929993268	0.657870933411417	
ZNF594	0.9728179531258997	0.013591023437050128	0.013591023437050128	
ZNF595	0.6050668557924831	0.3745291385239611	0.020404005683555763	
ZNF596	0.9370270578850335	0.03148647105748321	0.03148647105748321	
ZNF597	0.32385895186391805	0.273484930490408	0.40265611764567394	
ZNF598	0.2737688556116622	0.07654481675040907	0.6496863276379288	
ZNF599	0.4834940242589276	0.03204037199223943	0.48446560374883285	
ZNF600	0.3130119773067568	0.6324911547533568	0.054496867939886326	
ZNF606	0.9531903908948085	0.02340480455259575	0.02340480455259575	
ZNF607	0.01753613948811313	0.47997728119846805	0.5024865793134189	
ZNF608	0.9740359724450182	0.01298201377749093	0.01298201377749093	
ZNF609	0.8345566783836449	0.15085305682474076	0.014590264791614325	
ZNF610	0.5715290979300692	0.41828214845767986	0.010188753612250944	
ZNF611	0.663132376850219	0.32659235696472755	0.010275266185053528	
ZNF613	0.6324843089798553	0.34527303396396536	0.022242657056179282	
ZNF614	0.5387558932932164	0.4419425374334995	0.019301569273284115	
ZNF615	0.9404948353955068	0.029752582302246536	0.029752582302246536	
ZNF616	0.9298952921298639	0.03505235393506804	0.03505235393506804	
ZNF618	0.9731269632993674	0.013436518350316264	0.013436518350316264	
ZNF620	0.96243070442184	0.018784647789080015	0.018784647789080015	
ZNF621	0.9521629438997952	0.02391852805010237	0.02391852805010237	
ZNF622	0.014364819565081842	0.22527314780615262	0.7603620326287654	
ZNF623	0.9689894405033742	0.015505279748312862	0.015505279748312862	
ZNF624	0.966273019729648	0.01686349013517598	0.01686349013517598	
ZNF627	0.9501730939822565	0.024913453008871725	0.024913453008871725	
ZNF628	0.3080023240977866	0.016488152798198864	0.6755095231040145	
ZNF629	0.4844838504168985	0.020262830440990014	0.49525331914211146	
ZNF630	0.9690018816544937	0.015499059172753097	0.015499059172753097	
ZNF638	0.8764736234625462	0.09433211300574003	0.0291942635317138	
ZNF639	0.028774198498814737	0.028774198498814737	0.9424516030023705	
ZNF641	0.5104645945936456	0.02414664284822811	0.4653887625581263	
ZNF644	0.9618561937461668	0.019071903126916562	0.019071903126916562	
ZNF646	0.048533874507486675	0.021022858816537014	0.9304432666759763	
ZNF649	0.6133569017821344	0.360461300375586	0.026181797842279506	
ZNF652	0.8888922771493322	0.09946950155963838	0.011638221291029508	
ZNF654	0.9687260625841555	0.015636968707922225	0.015636968707922225	
ZNF655	0.008260591499208176	0.20229690919685347	0.7894424993039383	
ZNF658	0.4932531106090528	0.4917177025422005	0.015029186848746627	
ZNF66	0.8908097234206748	0.09718712968464048	0.01200314689468473	
ZNF664	0.009708737864077669	0.009708737864077669	0.9805825242718447	
ZNF665	0.9687912609335876	0.015604369533206208	0.015604369533206208	
ZNF667	0.9641935052342062	0.017903247382896864	0.017903247382896864	
ZNF667-AS1	0.9465050875213807	0.02674745623930962	0.02674745623930962	
ZNF668	0.7823806679024454	0.18827461621287211	0.029344715884682425	
ZNF669	0.3474091232393825	0.03633636563506671	0.6162545111255507	
ZNF671	0.24920356021797993	0.021735888028123044	0.729060551753897	
ZNF672	0.013547664296818291	0.4085447580835158	0.5779075776196658	
ZNF674	0.9667483513433114	0.016625824328344276	0.016625824328344276	
ZNF674-AS1	0.02690653360059025	0.02690653360059025	0.9461869327988195	
ZNF675	0.9636297974888812	0.018185101255559354	0.018185101255559354	
ZNF676	0.9486505214744532	0.025674739262773406	0.025674739262773406	
ZNF677	0.6511699317405641	0.025204084807090743	0.32362598345234517	
ZNF678	0.9757172170593501	0.012141391470324945	0.012141391470324945	
ZNF680	0.745912397499833	0.24001723233811192	0.014070370162055071	
ZNF681	0.6768357356246	0.31119737419177856	0.011966890183621483	
ZNF682	0.7216281514986485	0.2656333277045277	0.012738520796823784	
ZNF683	0.589497515065117	0.022869843313034405	0.3876326416218485	
ZNF684	0.9522115537006137	0.02389422314969314	0.02389422314969314	
ZNF687	0.015829425882557382	0.3828433029213019	0.6013272711961407	
ZNF688	0.017176593919880915	0.017176593919880915	0.9656468121602382	
ZNF689	0.13500783209926862	0.026947723625429906	0.8380444442753014	
ZNF69	0.732632357040836	0.25790790998637936	0.009459732972784612	
ZNF691	0.02132977809242247	0.02132977809242247	0.957340443815155	
ZNF692	0.4018815165310475	0.29509609246482854	0.30302239100412404	
ZNF696	0.9552912706570589	0.02235436467147056	0.02235436467147056	
ZNF697	0.4911302204803029	0.4984668623035897	0.010402917216107326	
ZNF699	0.9487242117053635	0.02563789414731822	0.02563789414731822	
ZNF7	0.7290844346152845	0.2243112427585729	0.04660432262614251	
ZNF70	0.9632612729482083	0.018369363525895823	0.018369363525895823	
ZNF701	0.5740873038333727	0.416319192820427	0.009593503346200202	
ZNF703	0.014777636363333587	0.37665454527558356	0.6085678183610828	
ZNF704	0.7255544526512553	0.26561864586109385	0.008826901487650864	
ZNF706	0.01642095917338899	0.5927649686975147	0.3908140721290963	
ZNF707	0.5524096163271498	0.31505959801762495	0.13253078565522525	
ZNF708	0.9725339887459091	0.013733005627045452	0.013733005627045452	
ZNF710	0.9701974620383417	0.014901268980829174	0.014901268980829174	
ZNF710-AS1	0.026747562812681324	0.07853048204144047	0.8947219551458783	
ZNF711	0.9698088907627866	0.015095554618606646	0.015095554618606646	
ZNF714	0.8217624153051247	0.16703084767859752	0.011206737016277842	
ZNF717	0.9674345265139238	0.016282736743038106	0.016282736743038106	
ZNF718	0.8393528676408648	0.14910856994735347	0.01153856241178162	
ZNF721	0.9533260540558668	0.02333697297206661	0.02333697297206661	
ZNF724	0.40294354215915557	0.576679418680188	0.020377039160656307	
ZNF726	0.5277092597996296	0.46109404351567457	0.0111966966846958	
ZNF730	0.5203461996153238	0.4734213343310639	0.006232466053612206	
ZNF732	0.41691809403126945	0.5764776995676302	0.006604206401100423	
ZNF736	0.9678699196990043	0.01606504015049787	0.01606504015049787	
ZNF737	0.8855844628629822	0.02803814260605972	0.08637739453095801	
ZNF738	0.8329339036591149	0.1520344925419025	0.015031603798982454	
ZNF74	0.8643611860847629	0.026008981789589346	0.10962983212564778	
ZNF740	0.8668108398766069	0.044117328361127424	0.0890718317622656	
ZNF746	0.6540354058304784	0.31753773999383295	0.028426854175688784	
ZNF747	0.014331698684547646	0.014331698684547646	0.9713366026309047	
ZNF749	0.9480250679164905	0.02598746604175473	0.02598746604175473	
ZNF750	0.20096340066461676	0.3895786970293563	0.4094579023060269	
ZNF75A	0.941528726091115	0.029235636954442458	0.029235636954442458	
ZNF75D	0.9604447053425517	0.019777647328724206	0.019777647328724206	
ZNF76	0.23311007485962892	0.5181118229718101	0.24877810216856097	
ZNF761	0.3928055400705711	0.5967488788816483	0.010445581047780622	
ZNF763	0.014954262317457235	0.2850006768465879	0.7000450608359547	
ZNF764	0.29545173300532923	0.0261085126016314	0.6784397543930395	
ZNF765	0.601099643862097	0.3888298258645549	0.010070530273348045	
ZNF766	0.7100735448277102	0.27114080441754584	0.018785650754743824	
ZNF768	0.01105413465406334	0.01105413465406334	0.9778917306918733	
ZNF77	0.5329091078050748	0.45165615768119155	0.015434734513733584	
ZNF770	0.10641675859063554	0.030153519117764132	0.8634297222916003	
ZNF771	0.81306247942663	0.01730378990143576	0.1696337306719342	
ZNF774	0.6466098093847618	0.340495459023244	0.012894731591994212	
ZNF775	0.213833949491114	0.02320722673698876	0.7629588237718973	
ZNF776	0.3252501065255715	0.02134030909343052	0.6534095843809979	
ZNF777	0.3676963136365638	0.5139636116671619	0.11834007469627429	
ZNF778	0.9385229796740946	0.039485558648456535	0.021991461677448827	
ZNF780B	0.9738337549675312	0.013083122516234351	0.013083122516234351	
ZNF782	0.9762126038539632	0.01189369807301839	0.01189369807301839	
ZNF783	0.723313115840427	0.01487845867860203	0.2618084254809709	
ZNF784	0.011135686996111862	0.1585786067286036	0.8302857062752845	
ZNF785	0.9609767993803852	0.019511600309807423	0.019511600309807423	
ZNF786	0.8879249239749939	0.09694603622298777	0.015129039802018341	
ZNF787	0.8293501943755508	0.015687384620204813	0.1549624210042444	
ZNF789	0.9656517788653559	0.017174110567322008	0.017174110567322008	
ZNF79	0.9321207230197394	0.033939638490130285	0.033939638490130285	
ZNF790	0.9608592315411023	0.019570384229448894	0.019570384229448894	
ZNF791	0.963781296323606	0.018109351838197014	0.018109351838197014	
ZNF792	0.5321808967501936	0.0417647116192366	0.4260543916305698	
ZNF793	0.757322245274323	0.2310474377265925	0.01163031699908446	
ZNF793-AS1	0.2566221508692367	0.5868105771140533	0.15656727201671014	
ZNF800	0.9565963359304974	0.02170183203475128	0.02170183203475128	
ZNF804A	0.9805825242718447	0.009708737864077669	0.009708737864077669	
ZNF805	0.9611307172065976	0.019434641396701213	0.019434641396701213	
ZNF808	0.5890472514584181	0.39978119601340645	0.01117155252817558	
ZNF81	0.9711271998963742	0.014436400051812879	0.014436400051812879	
ZNF813	0.5167952404639655	0.4736656568576123	0.009539102678422185	
ZNF814	0.7166169204504552	0.27051520564023546	0.01286787390930926	
ZNF821	0.9639067422022973	0.01804662889885132	0.01804662889885132	
ZNF823	0.49089574109896195	0.495650826924742	0.01345343197629607	
ZNF827	0.9759456710074356	0.012027164496282208	0.012027164496282208	
ZNF829	0.5746913918382532	0.41301185056347806	0.012296757598268775	
ZNF83	0.5148432525766876	0.4762861301361151	0.008870617287197211	
ZNF830	0.020133051589488703	0.020133051589488703	0.9597338968210226	
ZNF831	0.9746904434027422	0.012654778298628844	0.012654778298628844	
ZNF835	0.7499906813066037	0.026198058592242	0.22381126010115432	
ZNF837	0.2941587121076498	0.01574706881306671	0.6900942190792835	
ZNF839	0.5990763866660874	0.328648951716269	0.07227466161764345	
ZNF84	0.9467295606266186	0.026635219686690668	0.026635219686690668	
ZNF843	0.9282334275150159	0.03588328624249201	0.03588328624249201	
ZNF845	0.42909557586821123	0.557997023459032	0.012907400672756702	
ZNF846	0.9652415470717847	0.017379226464107625	0.017379226464107625	
ZNF85	0.9663794058622307	0.016810297068884646	0.016810297068884646	
ZNF850	0.564351758248767	0.4279567753195337	0.00769146643169927	
ZNF852	0.9629872744929229	0.01850636275353856	0.01850636275353856	
ZNF853	0.015158240264342114	0.015158240264342114	0.9696835194713157	
ZNF860	0.37805912921575396	0.6109729976742669	0.010967873109978961	
ZNF862	0.5111215269550216	0.030796475701685973	0.4580819973432923	
ZNF865	0.5188948534965813	0.014384329639377963	0.46672081686404066	
ZNF879	0.47954869048868054	0.4997337967523975	0.02071751275892202	
ZNF880	0.629389637850446	0.022273482069906345	0.34833688007964764	
ZNF888	0.2735028050929737	0.5193136444132179	0.20718355049380827	
ZNF891	0.9734129624744309	0.013293518762784546	0.013293518762784546	
ZNF90	0.6852466883060232	0.3050802894487451	0.00967302224523177	
ZNF91	0.506509067856813	0.48627990740385907	0.007211024739327954	
ZNF92	0.95120231979857	0.02439884010071503	0.02439884010071503	
ZNF93	0.684218698142372	0.30519414766616065	0.010587154191467444	
ZNF98	0.977623739924589	0.011188130037705513	0.011188130037705513	
ZNF99	0.47374942066939113	0.5160971615800145	0.010153417750594347	
ZNFX1	0.9354280967743794	0.03228595161281027	0.03228595161281027	
ZNHIT1	0.01518307438487172	0.029340872071049087	0.9554760535440792	
ZNHIT2	0.010483449733149052	0.04719795675059512	0.9423185935162558	
ZNHIT3	0.017315592686662582	0.2240674938007381	0.7586169135125993	
ZNHIT6	0.9671839814113479	0.016408009294326075	0.016408009294326075	
ZNRF1	0.7140856596058259	0.2761130769161428	0.009801263478031244	
ZNRF2	0.7693624094202711	0.21386401118181034	0.016773579397918514	
ZNRF3	0.7093685458165445	0.2824802012749963	0.00815125290845921	
ZNRF3-AS1	0.12956574851618458	0.8449549638136524	0.025479287670162963	
ZP3	0.673376033879353	0.31426838934549917	0.01235557677514793	
ZPR1	0.030362665581519337	0.030362665581519337	0.9392746688369613	
ZRANB1	0.928372977932448	0.04249549631247392	0.02913152575507794	
ZRANB2	0.8533382216662619	0.0702316538775358	0.07643012445620234	
ZRANB3	0.928019585708313	0.06266599534883603	0.009314418942851078	
ZRSR2	0.9315785711528496	0.034210714423575185	0.034210714423575185	
ZSCAN1	0.6038454032233374	0.02267943627190651	0.37347516050475615	
ZSCAN12	0.9647511806223784	0.017624409688810752	0.017624409688810752	
ZSCAN16	0.02613571057130024	0.02613571057130024	0.9477285788573995	
ZSCAN16-AS1	0.9755457794690772	0.01222711026546142	0.01222711026546142	
ZSCAN18	0.4969678380199684	0.03185413628669382	0.47117802569333767	
ZSCAN2	0.9549085773510801	0.022545711324459924	0.022545711324459924	
ZSCAN20	0.7492806002039262	0.23747862770732442	0.013240772088749403	
ZSCAN21	0.7225719806159283	0.24933458009854562	0.02809343928552611	
ZSCAN22	0.5029208598817058	0.019447740743976916	0.47763139937431737	
ZSCAN25	0.4937339215654171	0.4834193967515458	0.022846681683037093	
ZSCAN29	0.3175899443633271	0.4068213264433924	0.27558872919328037	
ZSCAN30	0.9463869661930155	0.02680651690349218	0.02680651690349218	
ZSCAN31	0.5122869070136844	0.01674744727754962	0.470965645708766	
ZSCAN32	0.3918464854022001	0.03922980091410645	0.5689237136836935	
ZSCAN5A	0.9753568274669746	0.012321586266512688	0.012321586266512688	
ZSCAN9	0.5625065144037226	0.03060073888112889	0.4068927467151486	
ZSWIM1	0.01617710680950368	0.17807234285516682	0.8057505503353295	
ZSWIM3	0.9588084804615591	0.020595759769220415	0.020595759769220415	
ZSWIM4	0.852360120608291	0.134333143297363	0.013306736094345913	
ZSWIM5	0.9771803952201015	0.011409802389949259	0.011409802389949259	
ZSWIM6	0.9708229998171943	0.014588500091402834	0.014588500091402834	
ZSWIM7	0.7526432736201164	0.1600174586970639	0.08733926768281963	
ZSWIM8	0.04173367386920181	0.04173367386920181	0.9165326522615964	
ZSWIM9	0.9643332322430659	0.017833383878467026	0.017833383878467026	
ZUP1	0.8577500530417128	0.1183791082237211	0.02387083873456609	
ZW10	0.523561184162221	0.44536867718856576	0.03107013864921319	
ZWILCH	0.6173337163872075	0.36863318739462897	0.014033096218163541	
ZWINT	0.28604346736262526	0.3090326031176475	0.4049239295197273	
ZXDA	0.03511687700411665	0.03511687700411665	0.9297662459917666	
ZXDB	0.016834869616188172	0.016834869616188172	0.9663302607676236	
ZXDC	0.9576774838042965	0.0211612580978517	0.0211612580978517	
ZYG11A	0.3666828395506472	0.6265339124411526	0.006783248008200187	
ZYG11B	0.9103262129114938	0.0723093331783679	0.017364453910138192	
ZYX	0.014251422292027185	0.014251422292027185	0.9714971554159456	
ZZEF1	0.9504264153042575	0.024786792347871227	0.024786792347871227	
